{"type": "FeatureCollection", "features": [{"type": "Feature", "geometry": {"type": "MultiPolygon", "coordinates": [[[[130.8661, 33.9807], [130.8659, 33.9812], [130.8657, 33.9812], [130.8657, 33.9809], [130.8651, 33.9807], [130.8644, 33.9811], [130.8633, 33.981], [130.8623, 33.9806], [130.8622, 33.9803], [130.8612, 33.9795], [130.86, 33.9759], [130.8598, 33.9732], [130.8598, 33.9726], [130.8602, 33.9715], [130.8609, 33.9708], [130.8608, 33.9701], [130.8614, 33.9705], [130.862, 33.9706], [130.8662, 33.9703], [130.8671, 33.9712], [130.8676, 33.9727], [130.868, 33.9727], [130.8678, 33.972], [130.8681, 33.9729], [130.868, 33.9733], [130.868, 33.9728], [130.8672, 33.973], [130.867, 33.9738], [130.8665, 33.9744], [130.8674, 33.9749], [130.8669, 33.9747], [130.8664, 33.9754], [130.8665, 33.9758], [130.8671, 33.9757], [130.8677, 33.9751], [130.8679, 33.9753], [130.8676, 33.9756], [130.8684, 33.9761], [130.8687, 33.9758], [130.8689, 33.9749], [130.869, 33.9753], [130.8688, 33.9758], [130.8677, 33.9769], [130.8688, 33.978], [130.868, 33.9791], [130.8674, 33.9792], [130.8661, 33.9807]]], [[[131.0754, 34.0717], [131.0762, 34.0717], [131.0771, 34.0713], [131.0775, 34.0713], [131.0786, 34.0722], [131.0796, 34.0727], [131.0797, 34.0731], [131.0806, 34.0731], [131.0809, 34.0735], [131.0814, 34.0737], [131.0831, 34.0734], [131.0843, 34.0741], [131.0854, 34.0741], [131.0867, 34.0738], [131.0883, 34.0739], [131.0896, 34.0752], [131.0899, 34.075], [131.0903, 34.0738], [131.0907, 34.0737], [131.0916, 34.0731], [131.092, 34.0731], [131.093, 34.0722], [131.0936, 34.0721], [131.0951, 34.0715], [131.0954, 34.0711], [131.0961, 34.072], [131.0974, 34.075], [131.0979, 34.0744], [131.0989, 34.0737], [131.0993, 34.073], [131.1005, 34.0723], [131.101, 34.0714], [131.1016, 34.0713], [131.1025, 34.072], [131.1038, 34.0721], [131.104, 34.0723], [131.1047, 34.0717], [131.106, 34.0731], [131.1065, 34.0733], [131.1067, 34.0743], [131.1081, 34.0742], [131.1086, 34.0747], [131.1095, 34.0752], [131.1109, 34.075], [131.1119, 34.0755], [131.1112, 34.0767], [131.1104, 34.0774], [131.1104, 34.078], [131.1102, 34.0785], [131.1103, 34.0791], [131.1099, 34.0796], [131.1105, 34.0797], [131.1105, 34.0798], [131.1094, 34.0816], [131.1087, 34.0816], [131.1079, 34.0831], [131.1077, 34.0833], [131.1077, 34.0846], [131.1072, 34.0862], [131.1069, 34.0877], [131.1073, 34.089], [131.1068, 34.0895], [131.1058, 34.0898], [131.1056, 34.0901], [131.1059, 34.0917], [131.1067, 34.0924], [131.1075, 34.0927], [131.1083, 34.0922], [131.1088, 34.092], [131.1093, 34.0921], [131.1097, 34.0919], [131.1103, 34.092], [131.1107, 34.0922], [131.1121, 34.0924], [131.1109, 34.0935], [131.1107, 34.0942], [131.1107, 34.0946], [131.1116, 34.0959], [131.1105, 34.0978], [131.1099, 34.0994], [131.1102, 34.0997], [131.1102, 34.1005], [131.1105, 34.1014], [131.1119, 34.1024], [131.1126, 34.1038], [131.1125, 34.1051], [131.1121, 34.1056], [131.112, 34.1058], [131.1133, 34.1078], [131.1125, 34.1083], [131.1118, 34.1089], [131.1119, 34.1098], [131.1117, 34.1101], [131.1116, 34.1103], [131.1106, 34.1104], [131.1098, 34.1107], [131.1091, 34.1112], [131.109, 34.1116], [131.1092, 34.1129], [131.1087, 34.1134], [131.1071, 34.1132], [131.1069, 34.1138], [131.106, 34.1142], [131.1058, 34.1147], [131.1054, 34.1149], [131.1048, 34.1156], [131.1045, 34.1157], [131.1036, 34.1156], [131.1028, 34.116], [131.1028, 34.1163], [131.1006, 34.1177], [131.1001, 34.1179], [131.1001, 34.1191], [131.0999, 34.1197], [131.0997, 34.1208], [131.1013, 34.1232], [131.1002, 34.1231], [131.0994, 34.1232], [131.0991, 34.1237], [131.0991, 34.1242], [131.0984, 34.1243], [131.0981, 34.1248], [131.0977, 34.125], [131.0965, 34.1245], [131.0961, 34.1244], [131.0951, 34.1245], [131.0942, 34.1249], [131.0917, 34.1249], [131.0913, 34.1255], [131.0903, 34.1258], [131.0893, 34.1274], [131.0875, 34.1277], [131.0875, 34.1284], [131.0868, 34.1291], [131.0867, 34.1299], [131.0859, 34.1299], [131.0848, 34.1307], [131.084, 34.1308], [131.0829, 34.133], [131.083, 34.1332], [131.0842, 34.1339], [131.0837, 34.1346], [131.0832, 34.1347], [131.0831, 34.1352], [131.0834, 34.1357], [131.0843, 34.1364], [131.0844, 34.1393], [131.0854, 34.1413], [131.0848, 34.1416], [131.0839, 34.1418], [131.0836, 34.1424], [131.0831, 34.1428], [131.0833, 34.1444], [131.0826, 34.1452], [131.0825, 34.1468], [131.0829, 34.1469], [131.0837, 34.1467], [131.0844, 34.147], [131.0848, 34.1481], [131.0859, 34.1493], [131.0869, 34.1498], [131.0883, 34.1517], [131.089, 34.1523], [131.0897, 34.1526], [131.0899, 34.1531], [131.0903, 34.1535], [131.0895, 34.1546], [131.0897, 34.156], [131.0896, 34.1573], [131.0899, 34.1579], [131.0893, 34.1585], [131.0893, 34.1595], [131.089, 34.1603], [131.0892, 34.1616], [131.0896, 34.1624], [131.0896, 34.1645], [131.0885, 34.1657], [131.0886, 34.1664], [131.0909, 34.1683], [131.0914, 34.1683], [131.0925, 34.1678], [131.0932, 34.1666], [131.0958, 34.1671], [131.0963, 34.1665], [131.0971, 34.1662], [131.0971, 34.1645], [131.0977, 34.1634], [131.0987, 34.1635], [131.0987, 34.1619], [131.0994, 34.162], [131.1, 34.1631], [131.1003, 34.1631], [131.1009, 34.1628], [131.1017, 34.163], [131.1022, 34.1627], [131.1032, 34.1618], [131.1042, 34.1602], [131.1038, 34.1593], [131.1037, 34.1587], [131.1041, 34.1577], [131.1049, 34.1583], [131.1052, 34.1583], [131.1055, 34.1583], [131.1058, 34.1578], [131.1065, 34.1578], [131.1066, 34.1582], [131.1065, 34.1592], [131.107, 34.1596], [131.1082, 34.1594], [131.109, 34.16], [131.1098, 34.1598], [131.1109, 34.1599], [131.1109, 34.1603], [131.1112, 34.1606], [131.1124, 34.161], [131.1131, 34.1606], [131.1134, 34.1606], [131.1141, 34.1614], [131.116, 34.1612], [131.1165, 34.1622], [131.1166, 34.163], [131.1164, 34.1635], [131.1156, 34.1643], [131.1157, 34.1655], [131.115, 34.1668], [131.115, 34.1673], [131.1138, 34.1683], [131.1134, 34.1689], [131.1125, 34.1693], [131.1124, 34.17], [131.1127, 34.171], [131.1121, 34.1718], [131.112, 34.1723], [131.109, 34.1724], [131.1083, 34.1742], [131.1079, 34.1746], [131.1068, 34.1748], [131.1067, 34.1751], [131.107, 34.176], [131.1081, 34.1774], [131.1082, 34.178], [131.1077, 34.1791], [131.1048, 34.1792], [131.105, 34.1796], [131.106, 34.1806], [131.1061, 34.1813], [131.1052, 34.1813], [131.1049, 34.1811], [131.1044, 34.1802], [131.1039, 34.1801], [131.1036, 34.1804], [131.1038, 34.1817], [131.1036, 34.182], [131.1034, 34.1822], [131.1027, 34.1817], [131.0992, 34.1829], [131.0989, 34.1834], [131.0989, 34.1841], [131.0987, 34.1847], [131.0993, 34.1856], [131.0991, 34.1862], [131.0993, 34.187], [131.0987, 34.1874], [131.0986, 34.1878], [131.0994, 34.1901], [131.1009, 34.1911], [131.1012, 34.1918], [131.1016, 34.1918], [131.1031, 34.1917], [131.1034, 34.1923], [131.104, 34.1926], [131.1043, 34.1933], [131.1048, 34.1936], [131.1046, 34.1942], [131.1053, 34.1958], [131.1065, 34.1962], [131.1072, 34.1968], [131.1084, 34.1971], [131.1093, 34.1982], [131.1095, 34.201], [131.1085, 34.2016], [131.108, 34.2022], [131.1072, 34.2049], [131.1072, 34.2053], [131.1077, 34.2056], [131.1076, 34.2059], [131.1078, 34.2063], [131.1098, 34.2076], [131.1102, 34.2075], [131.1107, 34.2072], [131.1114, 34.2075], [131.1122, 34.2082], [131.1132, 34.2081], [131.1136, 34.2083], [131.1141, 34.2089], [131.1142, 34.21], [131.1148, 34.2105], [131.116, 34.211], [131.1164, 34.2111], [131.1175, 34.2107], [131.1174, 34.2112], [131.1176, 34.2114], [131.1187, 34.21], [131.1189, 34.2104], [131.1185, 34.2122], [131.119, 34.2124], [131.1206, 34.2125], [131.1214, 34.2131], [131.1215, 34.2134], [131.1209, 34.2141], [131.1216, 34.2147], [131.1217, 34.2157], [131.1226, 34.2159], [131.123, 34.2168], [131.1237, 34.217], [131.1239, 34.2176], [131.1244, 34.2181], [131.1255, 34.2186], [131.1261, 34.2193], [131.128, 34.2197], [131.1286, 34.2207], [131.129, 34.2207], [131.1299, 34.2201], [131.1304, 34.2201], [131.1311, 34.2206], [131.1313, 34.2215], [131.1319, 34.2221], [131.1341, 34.2217], [131.135, 34.2224], [131.1362, 34.2224], [131.1368, 34.2229], [131.1371, 34.2235], [131.1371, 34.2243], [131.1378, 34.2244], [131.1384, 34.225], [131.1393, 34.2251], [131.14, 34.2256], [131.141, 34.2254], [131.1413, 34.2257], [131.1418, 34.2258], [131.1437, 34.2252], [131.145, 34.2256], [131.1457, 34.2266], [131.1458, 34.2277], [131.1462, 34.2283], [131.1463, 34.2302], [131.1465, 34.2305], [131.1479, 34.2313], [131.1488, 34.2321], [131.1503, 34.2324], [131.1514, 34.233], [131.1529, 34.2332], [131.1533, 34.2331], [131.1543, 34.2326], [131.1551, 34.2327], [131.1555, 34.2325], [131.1562, 34.2315], [131.1569, 34.2308], [131.1578, 34.2308], [131.1588, 34.2311], [131.1596, 34.2309], [131.1601, 34.2311], [131.1606, 34.2322], [131.1612, 34.2325], [131.1619, 34.2341], [131.1616, 34.2351], [131.1606, 34.2361], [131.1611, 34.2368], [131.1598, 34.2382], [131.1599, 34.2383], [131.1606, 34.2385], [131.1611, 34.2393], [131.1607, 34.2403], [131.1607, 34.2418], [131.1617, 34.242], [131.1621, 34.2426], [131.1627, 34.2427], [131.1639, 34.2433], [131.1647, 34.2441], [131.1651, 34.2449], [131.1656, 34.2452], [131.1656, 34.2461], [131.1663, 34.2468], [131.166, 34.2477], [131.1661, 34.2482], [131.1669, 34.2485], [131.1675, 34.2491], [131.167, 34.2501], [131.1677, 34.2516], [131.1686, 34.2524], [131.1696, 34.2526], [131.17, 34.2529], [131.1706, 34.2539], [131.1708, 34.2547], [131.172, 34.2562], [131.172, 34.2569], [131.1716, 34.2585], [131.1717, 34.2593], [131.1712, 34.2603], [131.171, 34.261], [131.1716, 34.2623], [131.1725, 34.2632], [131.1723, 34.2641], [131.1717, 34.2641], [131.171, 34.2638], [131.1704, 34.2632], [131.1702, 34.2627], [131.1684, 34.2626], [131.1667, 34.2622], [131.1643, 34.2621], [131.1638, 34.2626], [131.1614, 34.2629], [131.1617, 34.2639], [131.1606, 34.2653], [131.1597, 34.2654], [131.1597, 34.2665], [131.1594, 34.267], [131.1595, 34.2678], [131.1592, 34.2686], [131.1551, 34.2709], [131.1543, 34.2709], [131.1536, 34.2703], [131.1527, 34.2703], [131.1513, 34.2696], [131.1501, 34.2696], [131.149, 34.2694], [131.1469, 34.2698], [131.1444, 34.2701], [131.1434, 34.2706], [131.143, 34.2714], [131.1425, 34.2719], [131.1408, 34.2718], [131.1396, 34.2723], [131.1394, 34.2716], [131.1387, 34.2711], [131.1368, 34.2705], [131.1359, 34.27], [131.1344, 34.2701], [131.1322, 34.2684], [131.131, 34.2681], [131.1296, 34.2672], [131.1291, 34.2671], [131.1285, 34.2674], [131.1268, 34.2671], [131.1249, 34.2672], [131.1244, 34.2667], [131.1234, 34.2664], [131.1234, 34.2658], [131.1229, 34.2643], [131.1226, 34.2645], [131.1227, 34.2652], [131.1219, 34.2655], [131.121, 34.2655], [131.1208, 34.2655], [131.1203, 34.2651], [131.1197, 34.2645], [131.1194, 34.2644], [131.1184, 34.2657], [131.1172, 34.2659], [131.1159, 34.2652], [131.1155, 34.2653], [131.1147, 34.265], [131.1129, 34.2637], [131.1118, 34.2638], [131.1103, 34.2643], [131.1097, 34.2644], [131.1089, 34.265], [131.1081, 34.2653], [131.1074, 34.267], [131.1058, 34.2675], [131.1053, 34.2667], [131.1053, 34.2663], [131.1049, 34.2657], [131.1047, 34.2648], [131.104, 34.2643], [131.1038, 34.2633], [131.1027, 34.2628], [131.1021, 34.2618], [131.1011, 34.2627], [131.1006, 34.2629], [131.0983, 34.2629], [131.0976, 34.2632], [131.0963, 34.2642], [131.0962, 34.2647], [131.0953, 34.2656], [131.0948, 34.2657], [131.0946, 34.2663], [131.0938, 34.2665], [131.0931, 34.2662], [131.0922, 34.2662], [131.0913, 34.2666], [131.09, 34.2675], [131.0891, 34.2672], [131.0871, 34.2674], [131.0865, 34.2682], [131.0866, 34.2688], [131.0864, 34.2692], [131.0862, 34.2706], [131.0857, 34.2715], [131.0856, 34.2723], [131.0846, 34.273], [131.0843, 34.2734], [131.0846, 34.2757], [131.0854, 34.2776], [131.0852, 34.2784], [131.0856, 34.2785], [131.0856, 34.2787], [131.0854, 34.2791], [131.0847, 34.2796], [131.0839, 34.2809], [131.0833, 34.2826], [131.0837, 34.2836], [131.0836, 34.2841], [131.0816, 34.2852], [131.0811, 34.2861], [131.0805, 34.2862], [131.0801, 34.2865], [131.0798, 34.2874], [131.0789, 34.2878], [131.0774, 34.2891], [131.077, 34.2895], [131.0767, 34.2907], [131.0761, 34.2909], [131.0755, 34.2913], [131.0745, 34.2932], [131.0741, 34.2932], [131.073, 34.2928], [131.0713, 34.2926], [131.0696, 34.292], [131.0673, 34.292], [131.067, 34.293], [131.0657, 34.2934], [131.0634, 34.2954], [131.0626, 34.2956], [131.062, 34.2955], [131.0625, 34.2965], [131.0619, 34.2968], [131.0615, 34.2977], [131.0609, 34.298], [131.0603, 34.2994], [131.0597, 34.3001], [131.0582, 34.3002], [131.0585, 34.3014], [131.0584, 34.3037], [131.0579, 34.304], [131.0579, 34.3053], [131.0572, 34.305], [131.0547, 34.3051], [131.0538, 34.3053], [131.0531, 34.3058], [131.0512, 34.3058], [131.0497, 34.3064], [131.0491, 34.3072], [131.0485, 34.3076], [131.0463, 34.3084], [131.046, 34.3088], [131.0441, 34.3098], [131.043, 34.311], [131.042, 34.3105], [131.0407, 34.3102], [131.0397, 34.3106], [131.0384, 34.3106], [131.0373, 34.3108], [131.0357, 34.3115], [131.0357, 34.3119], [131.036, 34.3134], [131.0354, 34.3146], [131.0352, 34.3161], [131.0351, 34.3166], [131.0338, 34.318], [131.0338, 34.3192], [131.0326, 34.3216], [131.0316, 34.3222], [131.0309, 34.3224], [131.0298, 34.3221], [131.0286, 34.3227], [131.0271, 34.3231], [131.0267, 34.3235], [131.0258, 34.3237], [131.0253, 34.3243], [131.0247, 34.3247], [131.0202, 34.3255], [131.0209, 34.3287], [131.0207, 34.3298], [131.02, 34.3308], [131.0199, 34.3313], [131.0182, 34.3323], [131.0176, 34.3331], [131.0175, 34.3337], [131.0165, 34.3341], [131.016, 34.3347], [131.0157, 34.3355], [131.015, 34.3358], [131.015, 34.3376], [131.0145, 34.3379], [131.0136, 34.3389], [131.0135, 34.3399], [131.0133, 34.3404], [131.0123, 34.341], [131.0115, 34.3418], [131.0105, 34.3424], [131.0077, 34.343], [131.007, 34.3435], [131.0062, 34.3445], [131.0044, 34.3447], [131.0027, 34.3455], [131.0023, 34.3464], [131.0023, 34.3477], [131.0019, 34.349], [131.0017, 34.3514], [131.0011, 34.3528], [130.9998, 34.3528], [130.9984, 34.3524], [130.9972, 34.3526], [130.9968, 34.3532], [130.9961, 34.3536], [130.9958, 34.3543], [130.995, 34.3546], [130.9943, 34.3553], [130.9943, 34.3563], [130.9939, 34.3571], [130.994, 34.3577], [130.9935, 34.3581], [130.9921, 34.3585], [130.9914, 34.3581], [130.9905, 34.3584], [130.9896, 34.3592], [130.988, 34.3599], [130.9862, 34.3598], [130.9841, 34.3609], [130.9835, 34.3615], [130.9826, 34.3615], [130.9817, 34.3619], [130.9809, 34.3627], [130.9803, 34.3623], [130.9803, 34.3631], [130.9803, 34.3636], [130.9794, 34.3633], [130.9792, 34.3631], [130.979, 34.3632], [130.9788, 34.363], [130.978, 34.3629], [130.9764, 34.3622], [130.9746, 34.3631], [130.9737, 34.3641], [130.9732, 34.3641], [130.9728, 34.3638], [130.972, 34.364], [130.9712, 34.3639], [130.9708, 34.3641], [130.9697, 34.3638], [130.9687, 34.3635], [130.9683, 34.3631], [130.9673, 34.3632], [130.9669, 34.3631], [130.9663, 34.3626], [130.9662, 34.3622], [130.9655, 34.3621], [130.9657, 34.362], [130.9657, 34.3617], [130.9654, 34.3613], [130.9656, 34.3612], [130.9656, 34.3608], [130.9653, 34.3605], [130.9646, 34.3605], [130.9647, 34.3602], [130.9649, 34.3601], [130.9649, 34.3598], [130.9645, 34.3597], [130.9641, 34.3599], [130.9641, 34.3596], [130.9644, 34.3595], [130.9634, 34.3585], [130.9632, 34.3586], [130.9632, 34.3582], [130.9628, 34.3583], [130.963, 34.3581], [130.9626, 34.358], [130.963, 34.3578], [130.9629, 34.3574], [130.962, 34.3574], [130.9622, 34.357], [130.9619, 34.3568], [130.9615, 34.3567], [130.9613, 34.3571], [130.9611, 34.3567], [130.961, 34.3567], [130.9609, 34.3568], [130.9604, 34.3567], [130.9604, 34.3566], [130.9599, 34.3566], [130.9602, 34.3564], [130.9601, 34.3558], [130.9603, 34.3557], [130.9603, 34.3555], [130.96, 34.3557], [130.9591, 34.3555], [130.9583, 34.3558], [130.9571, 34.3555], [130.9566, 34.3559], [130.9562, 34.3554], [130.9555, 34.3554], [130.9553, 34.3552], [130.9544, 34.3552], [130.9544, 34.355], [130.9538, 34.355], [130.9535, 34.3552], [130.9533, 34.355], [130.953, 34.3552], [130.9528, 34.3546], [130.9522, 34.3546], [130.9515, 34.3543], [130.9505, 34.3541], [130.9505, 34.3539], [130.9497, 34.3537], [130.9497, 34.3533], [130.9495, 34.353], [130.9493, 34.3531], [130.9494, 34.3529], [130.949, 34.3524], [130.9479, 34.3525], [130.947, 34.3522], [130.9466, 34.3523], [130.9467, 34.3526], [130.9464, 34.3525], [130.9463, 34.3523], [130.9458, 34.3523], [130.9452, 34.3528], [130.9452, 34.3532], [130.9458, 34.3536], [130.9458, 34.354], [130.946, 34.3541], [130.9461, 34.3544], [130.9459, 34.3544], [130.9459, 34.3547], [130.9455, 34.3546], [130.9455, 34.354], [130.9452, 34.354], [130.9451, 34.3538], [130.9447, 34.354], [130.9447, 34.3542], [130.9444, 34.3542], [130.9445, 34.3544], [130.9442, 34.3543], [130.9443, 34.3542], [130.944, 34.354], [130.9436, 34.3544], [130.9435, 34.3541], [130.9439, 34.3538], [130.9437, 34.3536], [130.9439, 34.3534], [130.9436, 34.3534], [130.9435, 34.3531], [130.9435, 34.3534], [130.9433, 34.3533], [130.9432, 34.353], [130.9435, 34.353], [130.9436, 34.3526], [130.9428, 34.3523], [130.9427, 34.3521], [130.9425, 34.3522], [130.9425, 34.3524], [130.9424, 34.352], [130.9417, 34.3519], [130.9417, 34.3517], [130.9414, 34.3518], [130.9408, 34.3515], [130.9405, 34.3518], [130.9403, 34.3516], [130.9406, 34.3515], [130.9402, 34.3512], [130.9399, 34.3515], [130.9398, 34.3515], [130.9398, 34.3513], [130.9394, 34.3512], [130.9393, 34.3514], [130.939, 34.3513], [130.9388, 34.3514], [130.9386, 34.3518], [130.9388, 34.3522], [130.9385, 34.3524], [130.9384, 34.3523], [130.9379, 34.3525], [130.9377, 34.3524], [130.9378, 34.3521], [130.9377, 34.352], [130.9373, 34.3521], [130.937, 34.3517], [130.9366, 34.3519], [130.9364, 34.3516], [130.9362, 34.3517], [130.9359, 34.3522], [130.9358, 34.3522], [130.9359, 34.3519], [130.9356, 34.3521], [130.935, 34.3522], [130.9345, 34.3513], [130.9348, 34.3513], [130.9346, 34.351], [130.935, 34.3505], [130.9349, 34.3503], [130.934, 34.3505], [130.9341, 34.3502], [130.9338, 34.3502], [130.9339, 34.35], [130.9338, 34.3499], [130.9341, 34.3498], [130.934, 34.3497], [130.9342, 34.3495], [130.9341, 34.3494], [130.9346, 34.3491], [130.9348, 34.3487], [130.935, 34.3486], [130.9349, 34.3481], [130.9346, 34.3479], [130.934, 34.3479], [130.9334, 34.3477], [130.9331, 34.3478], [130.933, 34.3482], [130.9325, 34.3484], [130.9325, 34.3482], [130.9327, 34.3482], [130.9324, 34.348], [130.9326, 34.3478], [130.9322, 34.3475], [130.9319, 34.3475], [130.9318, 34.3473], [130.9318, 34.3475], [130.9316, 34.3474], [130.9313, 34.347], [130.9314, 34.3468], [130.9316, 34.3469], [130.9314, 34.3463], [130.9311, 34.3464], [130.9308, 34.3462], [130.9311, 34.346], [130.9305, 34.3453], [130.9307, 34.345], [130.9304, 34.3451], [130.9303, 34.345], [130.9307, 34.3446], [130.9313, 34.3447], [130.9316, 34.3445], [130.9316, 34.3441], [130.9312, 34.3441], [130.9308, 34.3436], [130.9313, 34.3435], [130.932, 34.3428], [130.9317, 34.3429], [130.9312, 34.3421], [130.9302, 34.3415], [130.929, 34.341], [130.9283, 34.341], [130.9274, 34.341], [130.9266, 34.3413], [130.9251, 34.3424], [130.9253, 34.3434], [130.9256, 34.3435], [130.9254, 34.3435], [130.9256, 34.3448], [130.9261, 34.3452], [130.9257, 34.345], [130.9246, 34.3451], [130.9245, 34.3454], [130.9248, 34.3458], [130.9255, 34.3461], [130.9261, 34.346], [130.9265, 34.3455], [130.9262, 34.346], [130.9262, 34.3462], [130.9266, 34.3462], [130.9262, 34.3462], [130.9263, 34.3465], [130.926, 34.3465], [130.9262, 34.3467], [130.9259, 34.3469], [130.9263, 34.3472], [130.926, 34.3473], [130.9263, 34.3474], [130.9261, 34.348], [130.9256, 34.348], [130.9253, 34.3479], [130.9245, 34.3472], [130.9248, 34.347], [130.9247, 34.3469], [130.9242, 34.347], [130.9245, 34.3469], [130.9243, 34.3468], [130.9238, 34.3469], [130.9244, 34.3479], [130.9241, 34.3483], [130.9241, 34.3486], [130.9243, 34.3488], [130.9251, 34.3488], [130.9247, 34.3488], [130.9248, 34.349], [130.9246, 34.349], [130.9246, 34.3492], [130.9249, 34.3491], [130.9248, 34.3493], [130.9245, 34.3496], [130.9242, 34.3494], [130.9243, 34.3498], [130.9238, 34.3501], [130.9237, 34.3499], [130.9238, 34.3502], [130.9235, 34.35], [130.9235, 34.3504], [130.9231, 34.3504], [130.9229, 34.35], [130.9222, 34.3499], [130.9218, 34.3503], [130.922, 34.3505], [130.9218, 34.3509], [130.9209, 34.3511], [130.921, 34.3514], [130.9218, 34.3515], [130.9211, 34.3515], [130.9208, 34.3518], [130.9208, 34.3522], [130.9211, 34.3525], [130.9217, 34.3525], [130.9219, 34.3526], [130.9218, 34.3527], [130.9221, 34.3528], [130.9218, 34.3532], [130.9213, 34.3534], [130.9216, 34.3535], [130.9213, 34.3535], [130.9209, 34.3539], [130.9201, 34.3538], [130.9203, 34.3536], [130.92, 34.3537], [130.9201, 34.3535], [130.9198, 34.3531], [130.9193, 34.3533], [130.9192, 34.3535], [130.9193, 34.3536], [130.919, 34.3536], [130.9191, 34.3535], [130.9189, 34.3536], [130.9188, 34.3533], [130.9184, 34.3532], [130.9188, 34.3531], [130.9184, 34.3531], [130.9186, 34.3529], [130.9183, 34.3529], [130.9185, 34.3529], [130.9185, 34.3528], [130.9178, 34.3526], [130.9177, 34.3521], [130.917, 34.3516], [130.9167, 34.3519], [130.9156, 34.3517], [130.9152, 34.3518], [130.9147, 34.3517], [130.9145, 34.3515], [130.914, 34.3516], [130.9137, 34.3519], [130.9136, 34.3525], [130.9139, 34.3528], [130.9142, 34.3528], [130.9147, 34.3536], [130.9142, 34.3537], [130.9138, 34.3536], [130.9135, 34.3538], [130.9135, 34.3541], [130.913, 34.354], [130.913, 34.3543], [130.9128, 34.3544], [130.9129, 34.3546], [130.9121, 34.3541], [130.9116, 34.3543], [130.9117, 34.3545], [130.9115, 34.3547], [130.9116, 34.355], [130.9114, 34.3549], [130.9113, 34.3551], [130.9114, 34.3555], [130.9102, 34.3563], [130.91, 34.357], [130.9094, 34.358], [130.9087, 34.3588], [130.9066, 34.3616], [130.906, 34.3621], [130.9059, 34.3625], [130.9065, 34.3626], [130.906, 34.3628], [130.9059, 34.3632], [130.9062, 34.3632], [130.9063, 34.3634], [130.9056, 34.3636], [130.9052, 34.3636], [130.9055, 34.3632], [130.9054, 34.3622], [130.9047, 34.362], [130.9042, 34.3622], [130.9043, 34.3619], [130.9038, 34.3617], [130.9037, 34.3619], [130.9037, 34.3617], [130.9034, 34.3617], [130.9031, 34.3618], [130.9032, 34.362], [130.903, 34.3621], [130.9025, 34.3618], [130.9021, 34.3628], [130.9018, 34.3629], [130.9015, 34.363], [130.9015, 34.3631], [130.9011, 34.363], [130.9004, 34.362], [130.9002, 34.3609], [130.8995, 34.3607], [130.8998, 34.3599], [130.8998, 34.3579], [130.9004, 34.3561], [130.9003, 34.3556], [130.8994, 34.3554], [130.9004, 34.3555], [130.9008, 34.3548], [130.9007, 34.3543], [130.9008, 34.3546], [130.9019, 34.3547], [130.9018, 34.3543], [130.9013, 34.3543], [130.9014, 34.3539], [130.9019, 34.3539], [130.902, 34.3533], [130.9016, 34.3532], [130.901, 34.3533], [130.9008, 34.3538], [130.9008, 34.3534], [130.9003, 34.3532], [130.8997, 34.3533], [130.8995, 34.3545], [130.8996, 34.3534], [130.8989, 34.353], [130.8991, 34.3531], [130.8995, 34.3527], [130.8996, 34.3518], [130.899, 34.3506], [130.8985, 34.3503], [130.8981, 34.3504], [130.8976, 34.35], [130.8972, 34.3499], [130.8972, 34.3496], [130.8969, 34.3494], [130.897, 34.3493], [130.8967, 34.349], [130.8959, 34.3487], [130.8959, 34.349], [130.8958, 34.3487], [130.8957, 34.3488], [130.8954, 34.3487], [130.8944, 34.3477], [130.8913, 34.347], [130.8906, 34.3469], [130.8902, 34.3472], [130.8901, 34.3469], [130.8903, 34.3462], [130.8901, 34.346], [130.8901, 34.3452], [130.8899, 34.3449], [130.8895, 34.3448], [130.8894, 34.3446], [130.8892, 34.3447], [130.8888, 34.3443], [130.8889, 34.3441], [130.889, 34.3442], [130.8894, 34.3441], [130.8894, 34.3436], [130.8895, 34.3438], [130.89, 34.3437], [130.8905, 34.3429], [130.8911, 34.3417], [130.8908, 34.341], [130.891, 34.341], [130.891, 34.3407], [130.8914, 34.3403], [130.8916, 34.3395], [130.8915, 34.3379], [130.891, 34.3376], [130.8904, 34.3377], [130.89, 34.3367], [130.89, 34.3362], [130.8899, 34.3365], [130.8899, 34.3352], [130.8902, 34.3352], [130.8902, 34.3349], [130.8909, 34.3349], [130.891, 34.3345], [130.8906, 34.3346], [130.8903, 34.3345], [130.8904, 34.3339], [130.8902, 34.3341], [130.8901, 34.3339], [130.8902, 34.3339], [130.8907, 34.3332], [130.8903, 34.3329], [130.8895, 34.3332], [130.8893, 34.3327], [130.8895, 34.3325], [130.8893, 34.3325], [130.8893, 34.3324], [130.8896, 34.3319], [130.8906, 34.3327], [130.8912, 34.3328], [130.8914, 34.3325], [130.8921, 34.3324], [130.8926, 34.3328], [130.8925, 34.333], [130.8929, 34.3332], [130.8933, 34.333], [130.8935, 34.3324], [130.895, 34.3319], [130.8943, 34.332], [130.8937, 34.3313], [130.8932, 34.3309], [130.8926, 34.3311], [130.8924, 34.3313], [130.8922, 34.3311], [130.8918, 34.3314], [130.892, 34.3304], [130.8918, 34.3304], [130.8918, 34.33], [130.892, 34.3301], [130.892, 34.3297], [130.8925, 34.3297], [130.8926, 34.3295], [130.8923, 34.3294], [130.8923, 34.3291], [130.8929, 34.3283], [130.8926, 34.3281], [130.8926, 34.3283], [130.8921, 34.3286], [130.8921, 34.3284], [130.8917, 34.3286], [130.8919, 34.3279], [130.8922, 34.3275], [130.892, 34.327], [130.8922, 34.3267], [130.8922, 34.3269], [130.8924, 34.3266], [130.8923, 34.3257], [130.8919, 34.3256], [130.8915, 34.325], [130.8914, 34.3243], [130.8924, 34.3242], [130.8925, 34.3246], [130.8927, 34.3246], [130.8928, 34.3244], [130.8932, 34.3245], [130.8932, 34.3243], [130.8935, 34.3243], [130.8931, 34.3237], [130.8922, 34.3231], [130.8924, 34.323], [130.8922, 34.3228], [130.8926, 34.3225], [130.8939, 34.3234], [130.8944, 34.3232], [130.8943, 34.323], [130.8944, 34.3229], [130.8944, 34.323], [130.8962, 34.3249], [130.8965, 34.3256], [130.8977, 34.3255], [130.898, 34.3248], [130.8971, 34.3245], [130.8964, 34.3238], [130.896, 34.324], [130.8964, 34.3238], [130.8961, 34.3231], [130.8964, 34.323], [130.8965, 34.3229], [130.8959, 34.3227], [130.8957, 34.3222], [130.8955, 34.3222], [130.8957, 34.3221], [130.896, 34.3221], [130.8961, 34.3218], [130.8959, 34.3213], [130.8951, 34.3208], [130.8954, 34.3208], [130.8957, 34.3206], [130.8956, 34.3201], [130.8946, 34.3198], [130.8942, 34.3202], [130.8942, 34.3204], [130.8934, 34.3206], [130.8927, 34.3202], [130.8923, 34.3203], [130.892, 34.3202], [130.8918, 34.3196], [130.8913, 34.3192], [130.8915, 34.3192], [130.8914, 34.3191], [130.8916, 34.3188], [130.8925, 34.3191], [130.8928, 34.3187], [130.8925, 34.3184], [130.8929, 34.3183], [130.8949, 34.3182], [130.895, 34.3184], [130.8956, 34.3185], [130.8968, 34.318], [130.8976, 34.3173], [130.8968, 34.3166], [130.8962, 34.3169], [130.8957, 34.3167], [130.8958, 34.3166], [130.8955, 34.3163], [130.8948, 34.3165], [130.8939, 34.3161], [130.8928, 34.3167], [130.8921, 34.3169], [130.8918, 34.3168], [130.8912, 34.317], [130.8912, 34.3175], [130.8909, 34.3177], [130.8908, 34.3174], [130.8903, 34.3173], [130.8905, 34.3169], [130.8903, 34.3166], [130.8905, 34.3163], [130.8909, 34.3164], [130.8909, 34.3162], [130.8904, 34.3163], [130.8906, 34.3162], [130.8904, 34.316], [130.8908, 34.316], [130.8904, 34.3159], [130.8904, 34.3155], [130.8902, 34.3154], [130.8905, 34.315], [130.8909, 34.3153], [130.8916, 34.3144], [130.8915, 34.3144], [130.8916, 34.3141], [130.8914, 34.314], [130.8914, 34.3132], [130.8918, 34.3128], [130.8914, 34.3125], [130.8918, 34.3122], [130.8929, 34.3125], [130.8932, 34.3124], [130.8936, 34.3117], [130.8933, 34.3112], [130.8927, 34.3112], [130.8926, 34.3107], [130.8929, 34.3105], [130.8939, 34.3105], [130.8942, 34.3102], [130.8935, 34.3104], [130.8931, 34.3097], [130.892, 34.3094], [130.8909, 34.3093], [130.8897, 34.3096], [130.8896, 34.3101], [130.89, 34.3103], [130.89, 34.3108], [130.8902, 34.3112], [130.8897, 34.311], [130.8893, 34.3115], [130.8891, 34.3111], [130.8887, 34.3111], [130.8885, 34.3118], [130.8887, 34.3111], [130.8882, 34.311], [130.8867, 34.3116], [130.8864, 34.3119], [130.887, 34.3123], [130.8874, 34.3122], [130.8869, 34.3125], [130.8873, 34.3129], [130.8865, 34.3121], [130.8861, 34.3121], [130.8861, 34.3117], [130.8858, 34.3116], [130.8855, 34.3118], [130.8859, 34.311], [130.8857, 34.3108], [130.8854, 34.3108], [130.8855, 34.3107], [130.8853, 34.3106], [130.885, 34.3108], [130.8849, 34.3106], [130.8852, 34.3101], [130.885, 34.3098], [130.8853, 34.3094], [130.8852, 34.3093], [130.8854, 34.3089], [130.8856, 34.3089], [130.8857, 34.3088], [130.8857, 34.3083], [130.8855, 34.308], [130.8846, 34.3074], [130.8848, 34.3071], [130.8843, 34.3067], [130.8845, 34.3064], [130.8848, 34.3066], [130.8847, 34.3061], [130.8843, 34.3064], [130.8844, 34.3061], [130.8835, 34.3058], [130.8833, 34.3061], [130.8834, 34.3057], [130.8837, 34.3055], [130.8839, 34.3056], [130.8839, 34.3052], [130.8842, 34.3052], [130.8843, 34.3048], [130.8845, 34.3047], [130.8846, 34.305], [130.885, 34.305], [130.8855, 34.3047], [130.8857, 34.3043], [130.8857, 34.304], [130.8855, 34.3038], [130.8852, 34.3039], [130.885, 34.3037], [130.8854, 34.3035], [130.8854, 34.3033], [130.8856, 34.3034], [130.8855, 34.3031], [130.8859, 34.303], [130.886, 34.3023], [130.8848, 34.2988], [130.8841, 34.2978], [130.8824, 34.2959], [130.8811, 34.2948], [130.8805, 34.2946], [130.8794, 34.2952], [130.8791, 34.2951], [130.8785, 34.2953], [130.8784, 34.2952], [130.8775, 34.2953], [130.8768, 34.2949], [130.8758, 34.2949], [130.8752, 34.2954], [130.8751, 34.2953], [130.8739, 34.2957], [130.8731, 34.2956], [130.8728, 34.2957], [130.8727, 34.2952], [130.8715, 34.2947], [130.8706, 34.2941], [130.8702, 34.294], [130.8705, 34.2936], [130.8697, 34.2935], [130.8698, 34.2932], [130.8701, 34.2931], [130.87, 34.2924], [130.8698, 34.2923], [130.8702, 34.2923], [130.8699, 34.2915], [130.8697, 34.2913], [130.8693, 34.2913], [130.8689, 34.2911], [130.869, 34.2906], [130.8686, 34.2903], [130.8673, 34.2902], [130.8676, 34.2898], [130.8671, 34.2891], [130.8671, 34.2881], [130.8669, 34.2878], [130.8672, 34.2875], [130.8671, 34.2873], [130.8675, 34.2869], [130.8682, 34.2867], [130.8683, 34.2865], [130.868, 34.2865], [130.8689, 34.2857], [130.869, 34.2854], [130.8684, 34.2852], [130.8685, 34.2851], [130.87, 34.285], [130.8713, 34.284], [130.8718, 34.284], [130.8718, 34.2837], [130.8727, 34.2836], [130.873, 34.2834], [130.8737, 34.2825], [130.8737, 34.2822], [130.8733, 34.282], [130.8735, 34.2817], [130.874, 34.2817], [130.8737, 34.2813], [130.8741, 34.2814], [130.8741, 34.2809], [130.8743, 34.281], [130.8747, 34.2805], [130.8754, 34.2802], [130.8757, 34.2803], [130.8757, 34.2801], [130.8763, 34.2802], [130.8767, 34.2799], [130.877, 34.2799], [130.877, 34.2798], [130.8773, 34.2799], [130.8774, 34.2797], [130.8773, 34.2795], [130.8776, 34.2796], [130.8781, 34.2793], [130.8789, 34.2786], [130.8789, 34.2782], [130.8793, 34.2777], [130.8793, 34.2774], [130.8795, 34.2774], [130.8798, 34.2769], [130.88, 34.2768], [130.88, 34.2767], [130.8801, 34.2766], [130.8803, 34.2768], [130.8808, 34.2765], [130.8814, 34.2757], [130.8815, 34.2758], [130.8824, 34.2756], [130.8831, 34.2756], [130.8837, 34.2748], [130.8841, 34.275], [130.8844, 34.2749], [130.8847, 34.2743], [130.8856, 34.2737], [130.8862, 34.2737], [130.8861, 34.2735], [130.8864, 34.2734], [130.8862, 34.2734], [130.8865, 34.2731], [130.8869, 34.272], [130.887, 34.2722], [130.8869, 34.2722], [130.8867, 34.2727], [130.887, 34.2728], [130.8867, 34.2727], [130.8865, 34.2732], [130.8869, 34.2733], [130.8871, 34.2735], [130.8874, 34.2735], [130.8874, 34.2732], [130.8875, 34.2734], [130.888, 34.2734], [130.8879, 34.2729], [130.8875, 34.2729], [130.8879, 34.2729], [130.8878, 34.2727], [130.888, 34.2732], [130.889, 34.273], [130.8892, 34.2727], [130.8896, 34.2726], [130.8896, 34.2722], [130.8892, 34.2722], [130.8892, 34.2724], [130.8893, 34.2717], [130.8876, 34.2722], [130.8888, 34.2717], [130.8889, 34.2716], [130.8895, 34.2716], [130.8897, 34.2712], [130.8895, 34.27], [130.8898, 34.2699], [130.8908, 34.2684], [130.8915, 34.268], [130.8921, 34.2678], [130.8921, 34.2675], [130.8935, 34.2673], [130.8949, 34.2668], [130.8961, 34.2661], [130.8971, 34.2644], [130.8975, 34.2634], [130.898, 34.2627], [130.8986, 34.2615], [130.8985, 34.2613], [130.8989, 34.2607], [130.8993, 34.2594], [130.8995, 34.258], [130.8989, 34.2568], [130.8998, 34.2561], [130.9004, 34.2545], [130.9053, 34.2511], [130.9065, 34.2505], [130.908, 34.2496], [130.9081, 34.2493], [130.9079, 34.2484], [130.9083, 34.2495], [130.9085, 34.2496], [130.9087, 34.2495], [130.9083, 34.2488], [130.9086, 34.2493], [130.9094, 34.2489], [130.9099, 34.2485], [130.9108, 34.247], [130.9119, 34.2455], [130.914, 34.245], [130.9156, 34.2442], [130.9162, 34.2437], [130.9162, 34.2435], [130.9164, 34.2435], [130.917, 34.2427], [130.9186, 34.2421], [130.9192, 34.242], [130.9212, 34.2403], [130.9218, 34.2395], [130.9225, 34.2373], [130.9227, 34.236], [130.923, 34.2355], [130.9229, 34.2352], [130.9232, 34.2328], [130.9232, 34.2327], [130.923, 34.2326], [130.923, 34.2315], [130.9232, 34.2314], [130.9232, 34.2294], [130.9227, 34.2257], [130.9225, 34.2258], [130.922, 34.2249], [130.9212, 34.2241], [130.9206, 34.2239], [130.9205, 34.224], [130.9195, 34.2237], [130.9191, 34.2233], [130.9192, 34.2232], [130.919, 34.2231], [130.9193, 34.2224], [130.9194, 34.2218], [130.9194, 34.2204], [130.9193, 34.2198], [130.919, 34.2194], [130.9188, 34.2194], [130.9188, 34.2188], [130.9184, 34.2185], [130.9183, 34.2182], [130.9179, 34.2178], [130.9173, 34.2177], [130.9173, 34.2173], [130.9171, 34.2173], [130.9171, 34.2169], [130.9167, 34.2164], [130.9162, 34.2163], [130.9166, 34.2163], [130.9164, 34.2161], [130.9167, 34.2159], [130.9164, 34.2155], [130.9164, 34.2152], [130.9163, 34.2152], [130.9162, 34.215], [130.9165, 34.215], [130.9163, 34.2149], [130.9165, 34.2149], [130.9168, 34.2147], [130.9167, 34.2146], [130.9169, 34.2145], [130.9168, 34.2144], [130.9172, 34.2144], [130.9175, 34.2139], [130.9184, 34.2135], [130.9199, 34.2131], [130.9215, 34.213], [130.9216, 34.213], [130.9216, 34.2128], [130.9221, 34.213], [130.923, 34.2125], [130.9233, 34.2127], [130.9247, 34.2127], [130.9252, 34.2124], [130.9256, 34.2116], [130.9252, 34.2125], [130.9265, 34.2131], [130.9269, 34.2127], [130.9272, 34.213], [130.927, 34.2129], [130.9266, 34.2133], [130.927, 34.2136], [130.9272, 34.2134], [130.9273, 34.2135], [130.9279, 34.2133], [130.9285, 34.2127], [130.9282, 34.2124], [130.927, 34.2123], [130.9269, 34.2124], [130.927, 34.2123], [130.9267, 34.2122], [130.9282, 34.2123], [130.9288, 34.2129], [130.9299, 34.2116], [130.9307, 34.2099], [130.9312, 34.2067], [130.9312, 34.2051], [130.9314, 34.2052], [130.9314, 34.2061], [130.9318, 34.2068], [130.9321, 34.2068], [130.9318, 34.2068], [130.9314, 34.206], [130.9315, 34.2052], [130.9312, 34.2047], [130.9316, 34.2044], [130.9312, 34.2045], [130.9311, 34.2047], [130.9303, 34.204], [130.9297, 34.2045], [130.9293, 34.2045], [130.9294, 34.2042], [130.9296, 34.2042], [130.9295, 34.2041], [130.9301, 34.2037], [130.9301, 34.2035], [130.9306, 34.2031], [130.9307, 34.2032], [130.9308, 34.203], [130.9311, 34.2031], [130.9312, 34.2024], [130.9314, 34.2023], [130.9314, 34.2018], [130.9312, 34.2018], [130.9315, 34.2017], [130.9312, 34.2016], [130.9315, 34.2015], [130.9315, 34.2013], [130.931, 34.2011], [130.9314, 34.201], [130.931, 34.2009], [130.9314, 34.2009], [130.9315, 34.2005], [130.9311, 34.2004], [130.9312, 34.1999], [130.9308, 34.1999], [130.9311, 34.1997], [130.9312, 34.1992], [130.9313, 34.1995], [130.9315, 34.1987], [130.9317, 34.1988], [130.9317, 34.1986], [130.9318, 34.1988], [130.9319, 34.1986], [130.9322, 34.1984], [130.9323, 34.1981], [130.9318, 34.1976], [130.932, 34.1975], [130.9318, 34.1973], [130.932, 34.1973], [130.9321, 34.1971], [130.9319, 34.1969], [130.932, 34.1967], [130.9315, 34.1964], [130.9315, 34.1963], [130.9318, 34.1962], [130.9317, 34.1961], [130.9322, 34.1958], [130.9322, 34.1956], [130.9325, 34.1954], [130.9322, 34.1949], [130.9325, 34.1946], [130.9318, 34.1949], [130.9318, 34.1945], [130.9316, 34.1944], [130.932, 34.1944], [130.9321, 34.194], [130.9323, 34.1938], [130.9322, 34.1935], [130.9323, 34.1935], [130.9315, 34.1929], [130.9318, 34.1926], [130.9322, 34.1925], [130.9325, 34.1921], [130.9326, 34.1913], [130.9323, 34.1911], [130.9321, 34.1907], [130.9326, 34.1907], [130.9324, 34.1906], [130.9324, 34.1903], [130.932, 34.1902], [130.9328, 34.1901], [130.9327, 34.1899], [130.9329, 34.1899], [130.9328, 34.1898], [130.9332, 34.1898], [130.9335, 34.1891], [130.9333, 34.1884], [130.9335, 34.1883], [130.9333, 34.1884], [130.9331, 34.1878], [130.9323, 34.1874], [130.9325, 34.1873], [130.9323, 34.1873], [130.9324, 34.1871], [130.9329, 34.1869], [130.9328, 34.1863], [130.9323, 34.1855], [130.9323, 34.185], [130.9318, 34.1845], [130.9313, 34.1829], [130.9305, 34.1823], [130.929, 34.182], [130.9286, 34.1816], [130.9284, 34.1811], [130.9279, 34.1813], [130.9278, 34.1812], [130.9268, 34.1814], [130.9268, 34.181], [130.9263, 34.1811], [130.9262, 34.1805], [130.9265, 34.1801], [130.9262, 34.1802], [130.9259, 34.1801], [130.926, 34.1796], [130.9257, 34.1794], [130.9258, 34.1786], [130.9252, 34.1766], [130.9254, 34.1766], [130.9255, 34.177], [130.9257, 34.1782], [130.9267, 34.1781], [130.9266, 34.1778], [130.9267, 34.1781], [130.927, 34.1781], [130.927, 34.1774], [130.9271, 34.1779], [130.9285, 34.178], [130.9287, 34.1775], [130.9285, 34.1775], [130.9287, 34.1772], [130.928, 34.1771], [130.928, 34.1768], [130.9287, 34.1768], [130.9287, 34.1756], [130.927, 34.1761], [130.9265, 34.1766], [130.9267, 34.1771], [130.9264, 34.1766], [130.9261, 34.1768], [130.9271, 34.176], [130.9279, 34.1758], [130.9272, 34.1742], [130.9284, 34.1739], [130.928, 34.1738], [130.9279, 34.1735], [130.9277, 34.1734], [130.9276, 34.1728], [130.9278, 34.1727], [130.9271, 34.1729], [130.9269, 34.1727], [130.9267, 34.1718], [130.9262, 34.1715], [130.9261, 34.171], [130.9264, 34.1708], [130.9253, 34.1691], [130.9235, 34.1674], [130.923, 34.1672], [130.9227, 34.1667], [130.9221, 34.1663], [130.9218, 34.1663], [130.9205, 34.1644], [130.9177, 34.1617], [130.9159, 34.1596], [130.9161, 34.1593], [130.9157, 34.1595], [130.9133, 34.158], [130.9133, 34.1577], [130.9141, 34.1566], [130.9137, 34.1564], [130.9127, 34.1575], [130.9123, 34.1591], [130.9115, 34.1595], [130.9121, 34.1591], [130.9123, 34.1582], [130.911, 34.1579], [130.9107, 34.1583], [130.9114, 34.1586], [130.9107, 34.1583], [130.9104, 34.1586], [130.9109, 34.1587], [130.9108, 34.1589], [130.9104, 34.1586], [130.91, 34.1591], [130.9114, 34.1598], [130.9113, 34.1599], [130.9094, 34.1589], [130.9089, 34.1589], [130.9087, 34.1588], [130.9089, 34.1587], [130.9088, 34.1586], [130.9084, 34.1584], [130.9084, 34.1582], [130.908, 34.1582], [130.9082, 34.158], [130.9078, 34.1579], [130.9073, 34.1574], [130.9074, 34.1572], [130.9071, 34.1568], [130.9072, 34.1567], [130.9073, 34.1569], [130.9073, 34.1567], [130.907, 34.1561], [130.9069, 34.1562], [130.907, 34.1558], [130.9062, 34.1542], [130.9048, 34.153], [130.9038, 34.1527], [130.9027, 34.1527], [130.9023, 34.1529], [130.9022, 34.1533], [130.9013, 34.1535], [130.9014, 34.1537], [130.9005, 34.1539], [130.9005, 34.154], [130.9001, 34.1541], [130.8997, 34.1542], [130.8994, 34.154], [130.8992, 34.1545], [130.8989, 34.1544], [130.8988, 34.1546], [130.8982, 34.1543], [130.8983, 34.154], [130.8982, 34.1542], [130.8978, 34.1546], [130.8976, 34.1543], [130.8977, 34.1545], [130.8975, 34.1544], [130.8973, 34.1541], [130.8971, 34.154], [130.8972, 34.1538], [130.8959, 34.1531], [130.8964, 34.1529], [130.896, 34.1528], [130.896, 34.1525], [130.8967, 34.1526], [130.8967, 34.1523], [130.8973, 34.152], [130.8981, 34.1523], [130.898, 34.1527], [130.8983, 34.153], [130.8991, 34.1529], [130.8997, 34.1525], [130.8997, 34.1517], [130.8991, 34.1516], [130.8987, 34.1508], [130.8995, 34.1504], [130.8992, 34.1503], [130.8992, 34.1496], [130.8993, 34.1494], [130.8997, 34.1494], [130.9, 34.1491], [130.9, 34.1486], [130.9003, 34.148], [130.9003, 34.1474], [130.9005, 34.148], [130.9003, 34.1483], [130.9004, 34.1484], [130.9013, 34.1486], [130.9016, 34.1483], [130.9016, 34.1472], [130.9016, 34.148], [130.9041, 34.1486], [130.9036, 34.1485], [130.904, 34.1476], [130.9043, 34.1477], [130.9043, 34.1475], [130.905, 34.1473], [130.9037, 34.1475], [130.9046, 34.1473], [130.9046, 34.147], [130.9044, 34.147], [130.9045, 34.1465], [130.9032, 34.147], [130.9031, 34.1475], [130.9031, 34.1469], [130.9026, 34.1471], [130.904, 34.1465], [130.9041, 34.1455], [130.9043, 34.1453], [130.904, 34.143], [130.9045, 34.1428], [130.9066, 34.1402], [130.9077, 34.1396], [130.9072, 34.1396], [130.9067, 34.1399], [130.9046, 34.1421], [130.9039, 34.1425], [130.9034, 34.1416], [130.9015, 34.1394], [130.8987, 34.1373], [130.8973, 34.1365], [130.8954, 34.1356], [130.8929, 34.1347], [130.8918, 34.1346], [130.8916, 34.1344], [130.8917, 34.1339], [130.8913, 34.134], [130.8913, 34.135], [130.8913, 34.1348], [130.8902, 34.1347], [130.8892, 34.1348], [130.8886, 34.135], [130.8876, 34.1351], [130.8879, 34.136], [130.8873, 34.1374], [130.8868, 34.1374], [130.8872, 34.1374], [130.8878, 34.136], [130.8876, 34.1354], [130.8869, 34.1356], [130.8867, 34.1354], [130.8856, 34.1358], [130.8863, 34.1366], [130.8856, 34.1358], [130.885, 34.1362], [130.8845, 34.1369], [130.8844, 34.1369], [130.884, 34.1374], [130.8839, 34.1374], [130.8845, 34.1376], [130.8851, 34.1381], [130.885, 34.1382], [130.8856, 34.1388], [130.8853, 34.1391], [130.8856, 34.1395], [130.8869, 34.1384], [130.8856, 34.1395], [130.8859, 34.1397], [130.8877, 34.1384], [130.8859, 34.1399], [130.8857, 34.1404], [130.8859, 34.1404], [130.8856, 34.1407], [130.8857, 34.1412], [130.8862, 34.1414], [130.8864, 34.1412], [130.8868, 34.1413], [130.8866, 34.1416], [130.8862, 34.1417], [130.8863, 34.1419], [130.8859, 34.1421], [130.8858, 34.1419], [130.8852, 34.1419], [130.8843, 34.142], [130.8841, 34.1419], [130.8837, 34.1421], [130.8827, 34.142], [130.8826, 34.1421], [130.8817, 34.1421], [130.8803, 34.1415], [130.8797, 34.1407], [130.8796, 34.1398], [130.8794, 34.1397], [130.8789, 34.1388], [130.8793, 34.1379], [130.8798, 34.1376], [130.8796, 34.1374], [130.8798, 34.1372], [130.8788, 34.1363], [130.8776, 34.1361], [130.8768, 34.1373], [130.8762, 34.1375], [130.8756, 34.1381], [130.8747, 34.1382], [130.8742, 34.1385], [130.8721, 34.138], [130.8717, 34.1381], [130.8714, 34.1384], [130.8706, 34.1385], [130.8695, 34.1375], [130.8685, 34.1373], [130.8683, 34.1371], [130.868, 34.1372], [130.8668, 34.1368], [130.8667, 34.1365], [130.8665, 34.1363], [130.8666, 34.1362], [130.8666, 34.1359], [130.8663, 34.1355], [130.8661, 34.1347], [130.8656, 34.1342], [130.8658, 34.1334], [130.8656, 34.1334], [130.8654, 34.1335], [130.8653, 34.1334], [130.8657, 34.1332], [130.8656, 34.1329], [130.866, 34.1328], [130.8662, 34.1327], [130.8662, 34.1323], [130.8665, 34.1321], [130.8662, 34.1321], [130.8665, 34.1319], [130.8667, 34.1313], [130.8665, 34.13], [130.8662, 34.1294], [130.8663, 34.1285], [130.8659, 34.1278], [130.8661, 34.1273], [130.8659, 34.1272], [130.8663, 34.1271], [130.8663, 34.1267], [130.8661, 34.1264], [130.8662, 34.1262], [130.8659, 34.1244], [130.8661, 34.1238], [130.8658, 34.1237], [130.866, 34.1235], [130.8659, 34.1232], [130.8661, 34.1228], [130.866, 34.1226], [130.8661, 34.1218], [130.8656, 34.121], [130.8646, 34.1206], [130.8646, 34.1205], [130.8648, 34.1204], [130.8644, 34.1202], [130.8646, 34.1202], [130.8645, 34.12], [130.8648, 34.1194], [130.8651, 34.1192], [130.8657, 34.1182], [130.8653, 34.1173], [130.8649, 34.117], [130.8654, 34.1164], [130.8651, 34.1165], [130.8652, 34.1158], [130.8649, 34.1154], [130.8646, 34.1153], [130.8652, 34.1145], [130.865, 34.1136], [130.8645, 34.1132], [130.8647, 34.1131], [130.8644, 34.1128], [130.8641, 34.1128], [130.8637, 34.1129], [130.8634, 34.1126], [130.863, 34.1127], [130.8631, 34.1123], [130.8626, 34.1117], [130.8624, 34.1117], [130.8624, 34.1115], [130.861, 34.1112], [130.8607, 34.111], [130.8609, 34.1107], [130.8605, 34.1108], [130.8608, 34.1105], [130.8608, 34.1104], [130.8606, 34.1104], [130.8613, 34.1097], [130.861, 34.1097], [130.8618, 34.1051], [130.862, 34.105], [130.8618, 34.1047], [130.8619, 34.1042], [130.8636, 34.1036], [130.8639, 34.1031], [130.8643, 34.103], [130.8643, 34.1028], [130.8647, 34.1026], [130.8646, 34.1025], [130.8653, 34.1026], [130.8656, 34.1023], [130.8655, 34.1021], [130.8668, 34.1018], [130.8672, 34.1015], [130.8673, 34.1016], [130.8671, 34.1017], [130.8678, 34.1018], [130.8678, 34.1021], [130.869, 34.102], [130.87, 34.1012], [130.87, 34.1006], [130.8696, 34.1004], [130.8698, 34.1004], [130.8699, 34.1], [130.8702, 34.0999], [130.8702, 34.0997], [130.87, 34.0996], [130.8703, 34.0994], [130.8705, 34.0996], [130.8706, 34.0995], [130.8712, 34.0997], [130.8716, 34.0994], [130.8721, 34.0994], [130.8723, 34.0988], [130.8728, 34.0987], [130.8727, 34.0983], [130.8724, 34.0979], [130.873, 34.0977], [130.8734, 34.0966], [130.8732, 34.0959], [130.8726, 34.0959], [130.873, 34.0956], [130.8726, 34.0954], [130.8729, 34.0953], [130.8729, 34.0948], [130.8735, 34.0948], [130.8737, 34.0946], [130.8734, 34.0943], [130.8734, 34.094], [130.8738, 34.0941], [130.874, 34.0939], [130.8739, 34.0928], [130.8736, 34.0925], [130.8735, 34.0919], [130.8737, 34.0917], [130.8735, 34.0915], [130.8736, 34.0912], [130.8742, 34.0908], [130.8736, 34.0903], [130.873, 34.0908], [130.8728, 34.0907], [130.8725, 34.0908], [130.8725, 34.0906], [130.8723, 34.0904], [130.8724, 34.0901], [130.8719, 34.0893], [130.872, 34.0891], [130.8715, 34.0891], [130.8716, 34.0889], [130.8717, 34.0886], [130.8715, 34.0886], [130.8717, 34.088], [130.8714, 34.088], [130.8716, 34.0878], [130.8713, 34.0876], [130.8714, 34.0875], [130.8708, 34.0866], [130.871, 34.0866], [130.8712, 34.087], [130.8727, 34.086], [130.8742, 34.0874], [130.8745, 34.0874], [130.8739, 34.0876], [130.8727, 34.0884], [130.8737, 34.0895], [130.8736, 34.0896], [130.8741, 34.0899], [130.8744, 34.0899], [130.8744, 34.0897], [130.8757, 34.0892], [130.8754, 34.0883], [130.8746, 34.0879], [130.8755, 34.0884], [130.8758, 34.0893], [130.878, 34.0886], [130.8789, 34.0879], [130.8801, 34.0866], [130.8805, 34.0857], [130.8799, 34.0854], [130.8799, 34.0851], [130.8809, 34.085], [130.8813, 34.0847], [130.8815, 34.0839], [130.8813, 34.0834], [130.8803, 34.0831], [130.8797, 34.0827], [130.8787, 34.0825], [130.8789, 34.0823], [130.8787, 34.082], [130.8784, 34.0821], [130.8781, 34.082], [130.878, 34.0816], [130.8783, 34.0813], [130.8781, 34.0809], [130.8765, 34.0807], [130.8763, 34.0808], [130.8764, 34.081], [130.876, 34.0811], [130.8759, 34.0809], [130.8761, 34.0809], [130.876, 34.0807], [130.8755, 34.0807], [130.8759, 34.0806], [130.8757, 34.0805], [130.8759, 34.0804], [130.8758, 34.0803], [130.8767, 34.0801], [130.8768, 34.0802], [130.8769, 34.0798], [130.8772, 34.0801], [130.878, 34.0799], [130.8789, 34.0801], [130.8795, 34.0796], [130.8808, 34.0795], [130.8815, 34.0792], [130.882, 34.0787], [130.8822, 34.0782], [130.8827, 34.0758], [130.8826, 34.0754], [130.882, 34.0753], [130.8822, 34.0751], [130.8819, 34.0748], [130.8821, 34.0745], [130.8831, 34.0743], [130.8832, 34.0742], [130.8837, 34.0741], [130.8839, 34.0737], [130.8843, 34.0735], [130.8841, 34.0732], [130.8846, 34.0732], [130.8845, 34.0728], [130.8849, 34.0731], [130.8855, 34.0731], [130.888, 34.0722], [130.8884, 34.0708], [130.8884, 34.0696], [130.8878, 34.0688], [130.8874, 34.0684], [130.8871, 34.0684], [130.8871, 34.0681], [130.8873, 34.068], [130.8874, 34.0676], [130.8876, 34.0676], [130.8875, 34.067], [130.8878, 34.0665], [130.8884, 34.0658], [130.8882, 34.0658], [130.8884, 34.0656], [130.8882, 34.0655], [130.8883, 34.0652], [130.8886, 34.0654], [130.8888, 34.0651], [130.8892, 34.0652], [130.8892, 34.065], [130.8894, 34.065], [130.8894, 34.0649], [130.8896, 34.0648], [130.8903, 34.0651], [130.8912, 34.0647], [130.8919, 34.0636], [130.8914, 34.0647], [130.8933, 34.067], [130.8942, 34.0676], [130.8954, 34.0676], [130.8962, 34.0678], [130.8961, 34.0679], [130.8949, 34.0678], [130.8948, 34.0679], [130.895, 34.068], [130.894, 34.0685], [130.894, 34.069], [130.8943, 34.069], [130.894, 34.0692], [130.8941, 34.0694], [130.8947, 34.0693], [130.8947, 34.069], [130.8947, 34.0693], [130.8942, 34.0695], [130.8952, 34.0705], [130.8955, 34.0707], [130.8981, 34.0688], [130.9001, 34.0696], [130.901, 34.0703], [130.9011, 34.0703], [130.899, 34.0686], [130.8997, 34.0671], [130.9005, 34.0669], [130.8998, 34.0671], [130.8993, 34.0682], [130.9004, 34.0685], [130.9008, 34.0676], [130.9005, 34.0685], [130.901, 34.0689], [130.901, 34.0691], [130.9019, 34.0688], [130.9017, 34.0687], [130.9021, 34.0684], [130.9024, 34.0686], [130.9027, 34.0682], [130.9012, 34.0678], [130.9015, 34.0669], [130.9018, 34.067], [130.9017, 34.0668], [130.9019, 34.0667], [130.902, 34.0662], [130.9018, 34.0659], [130.9016, 34.0659], [130.9013, 34.0657], [130.9016, 34.0656], [130.9016, 34.0654], [130.9015, 34.0647], [130.9005, 34.0648], [130.9004, 34.0643], [130.9005, 34.0648], [130.9013, 34.0647], [130.9014, 34.0644], [130.901, 34.064], [130.9017, 34.0628], [130.9009, 34.0612], [130.9013, 34.0603], [130.901, 34.0612], [130.9017, 34.0627], [130.9026, 34.0624], [130.9028, 34.062], [130.9033, 34.0618], [130.9037, 34.0618], [130.9044, 34.0623], [130.905, 34.0618], [130.9045, 34.0623], [130.9046, 34.0627], [130.9055, 34.0636], [130.9062, 34.0639], [130.9069, 34.0639], [130.9078, 34.0636], [130.9086, 34.063], [130.909, 34.0627], [130.9089, 34.0624], [130.9092, 34.0624], [130.91, 34.0618], [130.9109, 34.0618], [130.912, 34.0597], [130.9121, 34.0592], [130.9119, 34.0587], [130.912, 34.0585], [130.9121, 34.0586], [130.9123, 34.058], [130.912, 34.0577], [130.912, 34.0574], [130.9117, 34.0573], [130.9118, 34.0571], [130.9118, 34.0567], [130.9116, 34.0563], [130.9118, 34.0558], [130.9117, 34.0554], [130.9121, 34.0551], [130.9122, 34.0542], [130.9126, 34.0534], [130.9129, 34.0529], [130.9131, 34.053], [130.9134, 34.0512], [130.9141, 34.0503], [130.9143, 34.0495], [130.9141, 34.0486], [130.9143, 34.0479], [130.9148, 34.0473], [130.9149, 34.0462], [130.9146, 34.0454], [130.9149, 34.0453], [130.9146, 34.0453], [130.914, 34.043], [130.9133, 34.0412], [130.9115, 34.0384], [130.9088, 34.0352], [130.9061, 34.0304], [130.9056, 34.0293], [130.9043, 34.028], [130.904, 34.0273], [130.9037, 34.0255], [130.9043, 34.0247], [130.9048, 34.0245], [130.9064, 34.0254], [130.9071, 34.0254], [130.9084, 34.0249], [130.9094, 34.0237], [130.9085, 34.025], [130.9081, 34.0252], [130.9084, 34.0254], [130.9086, 34.0253], [130.9098, 34.0262], [130.9105, 34.0259], [130.9101, 34.0255], [130.9106, 34.0252], [130.9109, 34.0255], [130.9114, 34.0252], [130.9116, 34.0255], [130.9121, 34.0251], [130.9115, 34.0244], [130.9109, 34.0245], [130.9097, 34.0242], [130.9109, 34.0244], [130.9115, 34.0244], [130.9129, 34.0237], [130.9126, 34.0232], [130.9133, 34.0242], [130.9136, 34.0242], [130.9137, 34.0241], [130.9131, 34.023], [130.9138, 34.0241], [130.9145, 34.0232], [130.9143, 34.0231], [130.9145, 34.0232], [130.9154, 34.0222], [130.9155, 34.0217], [130.915, 34.0215], [130.9155, 34.0217], [130.9158, 34.0212], [130.9162, 34.02], [130.9157, 34.0199], [130.9162, 34.02], [130.9164, 34.019], [130.9164, 34.0174], [130.9157, 34.0172], [130.9158, 34.0169], [130.9163, 34.017], [130.9164, 34.0166], [130.9164, 34.0138], [130.916, 34.0112], [130.9157, 34.011], [130.9146, 34.0112], [130.9148, 34.0104], [130.9157, 34.0102], [130.9158, 34.0095], [130.9144, 34.0058], [130.9129, 34.0029], [130.913, 34.0028], [130.9115, 34.0027], [130.9106, 34.0021], [130.9102, 34.0015], [130.9103, 34.0025], [130.8862, 34.0023], [130.871, 33.9511], [130.873, 33.9453], [130.8839, 33.9371], [130.8928, 33.9274], [130.9015, 33.9129], [130.9113, 33.9097], [130.9229, 33.912], [130.9264, 33.9145], [130.9383, 33.9458], [130.9589, 33.9644], [130.9962, 33.983], [131.0357, 33.9947], [131.0374, 33.9852], [131.0686, 33.9888], [131.0674, 34.0391], [131.0677, 34.039], [131.0684, 34.0424], [131.0682, 34.0425], [131.0682, 34.0428], [131.0685, 34.0432], [131.0688, 34.0432], [131.069, 34.0434], [131.0695, 34.0436], [131.0685, 34.0441], [131.0688, 34.0451], [131.0686, 34.0461], [131.0692, 34.0468], [131.0699, 34.0481], [131.0698, 34.0487], [131.07, 34.049], [131.0694, 34.0503], [131.0703, 34.0515], [131.0702, 34.0518], [131.0694, 34.0522], [131.0693, 34.0532], [131.0699, 34.0539], [131.07, 34.0544], [131.0707, 34.0546], [131.0709, 34.0556], [131.0715, 34.0562], [131.0715, 34.0566], [131.0732, 34.057], [131.0754, 34.0585], [131.076, 34.0587], [131.0763, 34.0596], [131.0772, 34.06], [131.0788, 34.0591], [131.0799, 34.0589], [131.0803, 34.06], [131.0812, 34.0608], [131.0811, 34.0611], [131.0821, 34.0625], [131.0824, 34.0634], [131.0835, 34.0636], [131.0841, 34.064], [131.0829, 34.0656], [131.0825, 34.0663], [131.0826, 34.0667], [131.0829, 34.0669], [131.0825, 34.067], [131.0823, 34.0672], [131.0824, 34.0678], [131.0822, 34.0687], [131.0815, 34.0685], [131.0806, 34.0677], [131.0793, 34.0674], [131.0787, 34.0675], [131.0777, 34.0683], [131.0765, 34.0686], [131.0764, 34.0691], [131.0752, 34.0694], [131.0741, 34.0703], [131.0741, 34.0707], [131.0749, 34.0715], [131.0754, 34.0717]]], [[[130.7751, 34.1126], [130.7754, 34.1122], [130.7754, 34.1121], [130.7758, 34.1111], [130.7754, 34.1104], [130.7754, 34.1098], [130.7752, 34.1092], [130.7754, 34.1089], [130.7753, 34.1086], [130.7756, 34.1083], [130.7758, 34.1072], [130.7757, 34.1069], [130.7753, 34.1067], [130.776, 34.1062], [130.7758, 34.1057], [130.776, 34.1055], [130.776, 34.1048], [130.7767, 34.1043], [130.7776, 34.1029], [130.7786, 34.1024], [130.7799, 34.1025], [130.7805, 34.102], [130.7811, 34.1021], [130.7815, 34.1016], [130.7819, 34.1], [130.782, 34.0991], [130.7818, 34.0988], [130.7821, 34.098], [130.7827, 34.0978], [130.7834, 34.0978], [130.7842, 34.0981], [130.7848, 34.0984], [130.7852, 34.0988], [130.7861, 34.0991], [130.7869, 34.0996], [130.7878, 34.0988], [130.7888, 34.0994], [130.7894, 34.0995], [130.7887, 34.0995], [130.7878, 34.0989], [130.7872, 34.0994], [130.7882, 34.1], [130.7885, 34.0999], [130.7895, 34.1], [130.7884, 34.1], [130.7882, 34.1], [130.7883, 34.1002], [130.7881, 34.1001], [130.7879, 34.1002], [130.7882, 34.1007], [130.7881, 34.1008], [130.7883, 34.101], [130.7884, 34.1008], [130.7895, 34.1008], [130.7894, 34.1004], [130.7895, 34.1008], [130.7906, 34.1004], [130.7912, 34.1005], [130.7916, 34.1002], [130.7916, 34.0999], [130.7914, 34.0995], [130.7918, 34.1001], [130.7927, 34.0997], [130.7928, 34.0989], [130.7935, 34.0984], [130.7942, 34.0974], [130.7942, 34.0964], [130.7945, 34.0961], [130.7942, 34.0954], [130.7945, 34.0948], [130.7944, 34.0939], [130.7951, 34.0928], [130.7972, 34.0923], [130.7979, 34.0923], [130.7985, 34.0925], [130.7987, 34.0932], [130.7997, 34.0936], [130.7986, 34.0945], [130.7988, 34.0952], [130.7984, 34.0953], [130.7977, 34.096], [130.7975, 34.0973], [130.7979, 34.0979], [130.7995, 34.0987], [130.8001, 34.1], [130.799, 34.1004], [130.7989, 34.1007], [130.7974, 34.101], [130.797, 34.1012], [130.797, 34.1024], [130.7968, 34.103], [130.7966, 34.1031], [130.7963, 34.1046], [130.7959, 34.1046], [130.7961, 34.1048], [130.7949, 34.1052], [130.7948, 34.1056], [130.7943, 34.106], [130.7938, 34.1059], [130.7936, 34.1056], [130.7934, 34.106], [130.793, 34.1063], [130.7917, 34.1059], [130.7908, 34.1066], [130.7912, 34.107], [130.7914, 34.1077], [130.7909, 34.1077], [130.7904, 34.1075], [130.7903, 34.1087], [130.7899, 34.1088], [130.7896, 34.1087], [130.7894, 34.109], [130.789, 34.1087], [130.7886, 34.1087], [130.7884, 34.1086], [130.7885, 34.1079], [130.7882, 34.1068], [130.787, 34.1069], [130.7857, 34.1063], [130.7855, 34.1065], [130.7854, 34.1068], [130.7852, 34.1064], [130.7847, 34.1062], [130.784, 34.1063], [130.7839, 34.1066], [130.7841, 34.1069], [130.784, 34.1071], [130.7837, 34.107], [130.7832, 34.1071], [130.7829, 34.1077], [130.7831, 34.1092], [130.7835, 34.1104], [130.7833, 34.1112], [130.783, 34.1115], [130.7832, 34.1118], [130.7832, 34.1122], [130.7828, 34.1126], [130.7831, 34.1127], [130.7828, 34.1129], [130.7828, 34.113], [130.7822, 34.1136], [130.7815, 34.1135], [130.7818, 34.1142], [130.7814, 34.1144], [130.7812, 34.1148], [130.7808, 34.1147], [130.7807, 34.1152], [130.7804, 34.1151], [130.7802, 34.1153], [130.78, 34.1152], [130.7795, 34.1157], [130.7791, 34.1155], [130.7788, 34.1158], [130.7781, 34.1153], [130.7774, 34.116], [130.7769, 34.1153], [130.7771, 34.1151], [130.7757, 34.1148], [130.7759, 34.1142], [130.7759, 34.1141], [130.7756, 34.1142], [130.7759, 34.1139], [130.7756, 34.1136], [130.7757, 34.1126], [130.7751, 34.1126]]], [[[130.8959, 34.1686], [130.8964, 34.1692], [130.8959, 34.1697], [130.8955, 34.169], [130.8959, 34.1686]]], [[[130.8934, 34.1829], [130.8926, 34.1829], [130.8923, 34.1826], [130.8922, 34.1825], [130.8927, 34.1823], [130.8925, 34.1821], [130.8926, 34.1819], [130.8931, 34.1818], [130.8936, 34.1821], [130.8939, 34.1827], [130.8934, 34.1829]]], [[[130.9018, 34.1799], [130.9014, 34.1801], [130.9008, 34.1799], [130.9007, 34.18], [130.9006, 34.1798], [130.901, 34.1797], [130.9007, 34.1796], [130.9005, 34.179], [130.9001, 34.1791], [130.8994, 34.1787], [130.8983, 34.1791], [130.8977, 34.1791], [130.8975, 34.1792], [130.8972, 34.1777], [130.897, 34.1775], [130.8974, 34.177], [130.8971, 34.1769], [130.8971, 34.1767], [130.8977, 34.1767], [130.898, 34.1764], [130.8984, 34.1767], [130.8987, 34.1767], [130.8997, 34.1775], [130.9009, 34.1776], [130.9017, 34.1786], [130.9017, 34.1791], [130.9015, 34.1792], [130.9016, 34.1796], [130.9014, 34.1797], [130.9018, 34.1799]]], [[[130.9017, 34.1763], [130.9011, 34.1766], [130.9006, 34.1765], [130.9006, 34.1763], [130.9001, 34.1755], [130.9003, 34.1748], [130.8994, 34.174], [130.8994, 34.1738], [130.8995, 34.1738], [130.8993, 34.1736], [130.8994, 34.1735], [130.8991, 34.1735], [130.8992, 34.1734], [130.899, 34.1732], [130.8992, 34.1728], [130.8991, 34.1725], [130.8982, 34.1721], [130.8982, 34.1719], [130.8979, 34.172], [130.8976, 34.1718], [130.8978, 34.1715], [130.8984, 34.1716], [130.8977, 34.1711], [130.8983, 34.171], [130.8987, 34.1706], [130.8989, 34.1704], [130.8985, 34.1703], [130.8986, 34.1701], [130.9005, 34.1703], [130.9011, 34.1706], [130.9016, 34.1705], [130.9021, 34.1708], [130.9025, 34.1708], [130.9035, 34.1709], [130.9039, 34.1709], [130.9041, 34.1705], [130.9046, 34.1704], [130.905, 34.1707], [130.905, 34.1714], [130.9059, 34.1724], [130.9056, 34.173], [130.9045, 34.1736], [130.9039, 34.1744], [130.9039, 34.1747], [130.9035, 34.1751], [130.9033, 34.1754], [130.9034, 34.1755], [130.9027, 34.1758], [130.9025, 34.1762], [130.9017, 34.1763]]], [[[130.8674, 34.3737], [130.8672, 34.3738], [130.8666, 34.3736], [130.8665, 34.3732], [130.8662, 34.3731], [130.866, 34.3727], [130.8661, 34.3727], [130.8664, 34.3729], [130.8665, 34.3725], [130.868, 34.3719], [130.8679, 34.3717], [130.8685, 34.3717], [130.8684, 34.3711], [130.8679, 34.3706], [130.868, 34.37], [130.8684, 34.3697], [130.8684, 34.3692], [130.8692, 34.3685], [130.8696, 34.3674], [130.8701, 34.3668], [130.8695, 34.3664], [130.8695, 34.3662], [130.8696, 34.3661], [130.8697, 34.3664], [130.8701, 34.3666], [130.8705, 34.3654], [130.87, 34.3642], [130.8676, 34.3623], [130.867, 34.3609], [130.8665, 34.3605], [130.8657, 34.3593], [130.8646, 34.3588], [130.8632, 34.3587], [130.8612, 34.358], [130.8601, 34.3574], [130.8596, 34.357], [130.8584, 34.3572], [130.8584, 34.357], [130.8594, 34.3569], [130.8595, 34.3563], [130.859, 34.3559], [130.858, 34.3554], [130.8575, 34.3547], [130.857, 34.3545], [130.8549, 34.3546], [130.8547, 34.3544], [130.8526, 34.3542], [130.852, 34.354], [130.8512, 34.3545], [130.851, 34.3544], [130.8511, 34.3548], [130.8505, 34.3545], [130.8503, 34.3545], [130.8505, 34.3547], [130.8502, 34.3549], [130.8502, 34.3546], [130.8498, 34.3546], [130.8489, 34.3538], [130.847, 34.3534], [130.8462, 34.3537], [130.8452, 34.3535], [130.8444, 34.3535], [130.8439, 34.3538], [130.8418, 34.3544], [130.841, 34.3551], [130.8403, 34.3552], [130.84, 34.355], [130.8399, 34.3533], [130.8389, 34.3521], [130.8386, 34.3519], [130.8386, 34.3517], [130.8382, 34.3513], [130.8384, 34.3509], [130.8389, 34.3507], [130.8388, 34.3501], [130.839, 34.3506], [130.8389, 34.3501], [130.8391, 34.3502], [130.8391, 34.3505], [130.8399, 34.3499], [130.8396, 34.3491], [130.8387, 34.3485], [130.8386, 34.3479], [130.839, 34.3476], [130.8389, 34.3472], [130.8397, 34.3468], [130.8398, 34.346], [130.8402, 34.3455], [130.8407, 34.3453], [130.8418, 34.3453], [130.8421, 34.3451], [130.8426, 34.3445], [130.8428, 34.3438], [130.8431, 34.3436], [130.8448, 34.3433], [130.8456, 34.3437], [130.8461, 34.3441], [130.8467, 34.3441], [130.8471, 34.3439], [130.8472, 34.3434], [130.8468, 34.3433], [130.8471, 34.3426], [130.847, 34.342], [130.8468, 34.3417], [130.8464, 34.3416], [130.8463, 34.3414], [130.8465, 34.3414], [130.8462, 34.3412], [130.8462, 34.341], [130.8474, 34.341], [130.8485, 34.3419], [130.85, 34.3424], [130.8503, 34.3428], [130.8506, 34.343], [130.8513, 34.3441], [130.8539, 34.3458], [130.8518, 34.3445], [130.8513, 34.3453], [130.8509, 34.347], [130.851, 34.3472], [130.8516, 34.3468], [130.8507, 34.3474], [130.8515, 34.3482], [130.8521, 34.3485], [130.8528, 34.3473], [130.8533, 34.3476], [130.853, 34.3475], [130.8524, 34.3485], [130.8525, 34.3487], [130.8527, 34.3489], [130.8532, 34.349], [130.8533, 34.3487], [130.8531, 34.3481], [130.8534, 34.3486], [130.854, 34.3489], [130.8541, 34.3486], [130.8538, 34.3469], [130.8541, 34.3486], [130.8554, 34.3491], [130.8561, 34.3479], [130.8549, 34.35], [130.8562, 34.3509], [130.8564, 34.3512], [130.857, 34.3517], [130.8576, 34.3523], [130.8584, 34.3528], [130.86, 34.3532], [130.8613, 34.3533], [130.8631, 34.353], [130.864, 34.3525], [130.8654, 34.3521], [130.8666, 34.3521], [130.8675, 34.3525], [130.8685, 34.3535], [130.8706, 34.3543], [130.8713, 34.3537], [130.8738, 34.3536], [130.8714, 34.3538], [130.8708, 34.3543], [130.8712, 34.3547], [130.872, 34.3545], [130.872, 34.3546], [130.8715, 34.3549], [130.872, 34.3553], [130.8727, 34.3554], [130.8744, 34.3552], [130.8743, 34.3547], [130.8744, 34.3549], [130.8748, 34.3548], [130.8749, 34.355], [130.8753, 34.3548], [130.8777, 34.3534], [130.8795, 34.3565], [130.8797, 34.3583], [130.8802, 34.3579], [130.8797, 34.3584], [130.8797, 34.3599], [130.8806, 34.3633], [130.8805, 34.364], [130.8791, 34.3651], [130.8778, 34.3671], [130.877, 34.3678], [130.875, 34.3678], [130.8744, 34.3676], [130.8741, 34.3672], [130.8741, 34.3664], [130.8734, 34.3662], [130.8729, 34.3662], [130.8718, 34.3666], [130.8717, 34.3667], [130.872, 34.3674], [130.8722, 34.3675], [130.8724, 34.3675], [130.8722, 34.3676], [130.8724, 34.3679], [130.8725, 34.368], [130.8731, 34.3677], [130.8723, 34.3683], [130.8715, 34.3684], [130.8711, 34.3688], [130.8711, 34.3716], [130.8714, 34.3722], [130.8709, 34.3723], [130.8708, 34.3721], [130.8703, 34.3732], [130.8699, 34.3737], [130.8696, 34.3736], [130.8694, 34.3727], [130.8691, 34.3726], [130.8689, 34.3729], [130.8677, 34.3734], [130.8674, 34.3737]]]]}, "properties": {"name": "山口県下関市"}}, {"type": "Feature", "geometry": {"type": "Polygon", "coordinates": [[[131.3453, 34.1077], [131.3457, 34.1077], [131.3464, 34.1075], [131.3468, 34.108], [131.3481, 34.1086], [131.3484, 34.1092], [131.3495, 34.1094], [131.3512, 34.1094], [131.3519, 34.1096], [131.3529, 34.1092], [131.3537, 34.1087], [131.3546, 34.1088], [131.3551, 34.1082], [131.3567, 34.1076], [131.3576, 34.1067], [131.3582, 34.1064], [131.3588, 34.1059], [131.3613, 34.1053], [131.3616, 34.1054], [131.3621, 34.1072], [131.3628, 34.1074], [131.3637, 34.1079], [131.3655, 34.1076], [131.3668, 34.1078], [131.3678, 34.1073], [131.3694, 34.1073], [131.3699, 34.1077], [131.3695, 34.1085], [131.3696, 34.1088], [131.369, 34.1094], [131.367, 34.1104], [131.3666, 34.1108], [131.3665, 34.1111], [131.3682, 34.1121], [131.3694, 34.1124], [131.3711, 34.1125], [131.3715, 34.1131], [131.372, 34.1132], [131.373, 34.1126], [131.3737, 34.1129], [131.3747, 34.1138], [131.375, 34.1146], [131.376, 34.1149], [131.376, 34.1164], [131.3764, 34.117], [131.3767, 34.1179], [131.3768, 34.119], [131.3775, 34.1196], [131.3778, 34.1203], [131.3789, 34.1207], [131.3793, 34.1213], [131.3788, 34.1228], [131.3784, 34.1231], [131.3784, 34.1238], [131.378, 34.1248], [131.3778, 34.1256], [131.3766, 34.1254], [131.3764, 34.1259], [131.3754, 34.126], [131.3749, 34.1265], [131.3751, 34.1269], [131.3756, 34.1291], [131.3759, 34.1293], [131.376, 34.1317], [131.3754, 34.1319], [131.3734, 34.132], [131.3731, 34.1323], [131.3725, 34.1323], [131.3722, 34.1326], [131.3716, 34.1328], [131.3715, 34.133], [131.3722, 34.1337], [131.3725, 34.1344], [131.3722, 34.1355], [131.3715, 34.1363], [131.3694, 34.1377], [131.3685, 34.1376], [131.368, 34.138], [131.3663, 34.1371], [131.3658, 34.1371], [131.3637, 34.1387], [131.3633, 34.1403], [131.3624, 34.1406], [131.3613, 34.1396], [131.3603, 34.1383], [131.3598, 34.1381], [131.3591, 34.1383], [131.3582, 34.1391], [131.3573, 34.1393], [131.3565, 34.1399], [131.3552, 34.1392], [131.3545, 34.1396], [131.3542, 34.1392], [131.3537, 34.1391], [131.3535, 34.1391], [131.3532, 34.1397], [131.3529, 34.1398], [131.3506, 34.1381], [131.35, 34.138], [131.3487, 34.1379], [131.3481, 34.1374], [131.3474, 34.1373], [131.3454, 34.1391], [131.3445, 34.1393], [131.3439, 34.1396], [131.3417, 34.1399], [131.3411, 34.1416], [131.3404, 34.1423], [131.3399, 34.1445], [131.3385, 34.1453], [131.3383, 34.146], [131.3378, 34.1458], [131.3361, 34.1458], [131.3352, 34.146], [131.3341, 34.1467], [131.3335, 34.1475], [131.3323, 34.1481], [131.332, 34.149], [131.3305, 34.1493], [131.329, 34.1505], [131.3281, 34.15], [131.3261, 34.1502], [131.3258, 34.1505], [131.3256, 34.1513], [131.3246, 34.1519], [131.3239, 34.152], [131.3228, 34.152], [131.3201, 34.1514], [131.3195, 34.1512], [131.3186, 34.1506], [131.3179, 34.1505], [131.3178, 34.1507], [131.3174, 34.1517], [131.3183, 34.1526], [131.3198, 34.1535], [131.3201, 34.1542], [131.3208, 34.1548], [131.3209, 34.1554], [131.3216, 34.156], [131.3217, 34.1563], [131.3213, 34.1567], [131.3213, 34.157], [131.3227, 34.1586], [131.3233, 34.1588], [131.3235, 34.1594], [131.3242, 34.1596], [131.3243, 34.1602], [131.3242, 34.1608], [131.3234, 34.1617], [131.3234, 34.1626], [131.3222, 34.1629], [131.3212, 34.1637], [131.3205, 34.1637], [131.3202, 34.1639], [131.319, 34.1641], [131.3188, 34.1646], [131.3188, 34.1654], [131.318, 34.1662], [131.3164, 34.1665], [131.3154, 34.1665], [131.316, 34.1654], [131.317, 34.1647], [131.317, 34.1643], [131.3164, 34.1634], [131.3108, 34.1612], [131.3098, 34.1617], [131.3095, 34.1621], [131.3083, 34.1625], [131.3082, 34.1627], [131.3061, 34.163], [131.3058, 34.1638], [131.305, 34.1643], [131.3044, 34.1652], [131.3039, 34.1655], [131.303, 34.1656], [131.3016, 34.1652], [131.3002, 34.1652], [131.2993, 34.1654], [131.2982, 34.1651], [131.2974, 34.1654], [131.2967, 34.1659], [131.2954, 34.1658], [131.2951, 34.1663], [131.2942, 34.1668], [131.2936, 34.1667], [131.292, 34.1652], [131.2907, 34.1649], [131.2906, 34.1644], [131.2892, 34.1629], [131.289, 34.1617], [131.2872, 34.1618], [131.2861, 34.1613], [131.2852, 34.1612], [131.2826, 34.1619], [131.2823, 34.1618], [131.2819, 34.1617], [131.2808, 34.1608], [131.2804, 34.1601], [131.2806, 34.1598], [131.2819, 34.1592], [131.2828, 34.1591], [131.2829, 34.1568], [131.2828, 34.156], [131.2826, 34.1555], [131.2819, 34.155], [131.2812, 34.1549], [131.2808, 34.155], [131.2788, 34.1514], [131.2786, 34.1505], [131.2786, 34.1484], [131.2797, 34.1461], [131.2798, 34.1456], [131.2776, 34.1444], [131.2758, 34.1412], [131.2755, 34.141], [131.2737, 34.1414], [131.2722, 34.141], [131.2718, 34.1413], [131.2707, 34.1414], [131.2699, 34.1416], [131.2695, 34.1414], [131.2688, 34.1417], [131.2683, 34.1416], [131.2673, 34.1411], [131.2666, 34.141], [131.2659, 34.1411], [131.2629, 34.14], [131.2607, 34.1414], [131.2598, 34.1416], [131.2592, 34.1424], [131.2584, 34.143], [131.2572, 34.1432], [131.2569, 34.144], [131.2563, 34.1447], [131.2555, 34.145], [131.2552, 34.145], [131.2532, 34.144], [131.2514, 34.1439], [131.2508, 34.1432], [131.2497, 34.1427], [131.2491, 34.1433], [131.2486, 34.1434], [131.2475, 34.1426], [131.2472, 34.1415], [131.2472, 34.1402], [131.2471, 34.14], [131.2463, 34.1397], [131.2438, 34.1406], [131.2414, 34.1411], [131.2405, 34.1394], [131.2391, 34.1384], [131.2389, 34.1377], [131.2389, 34.1371], [131.2377, 34.1366], [131.2375, 34.1363], [131.2378, 34.1345], [131.2373, 34.1334], [131.2375, 34.1326], [131.2367, 34.1309], [131.2371, 34.1298], [131.2371, 34.1283], [131.2375, 34.1273], [131.2362, 34.1268], [131.2339, 34.1267], [131.2333, 34.1257], [131.2323, 34.1254], [131.2313, 34.1248], [131.2306, 34.1234], [131.2291, 34.1231], [131.2272, 34.1223], [131.2262, 34.1221], [131.2246, 34.1227], [131.2234, 34.1228], [131.2215, 34.1211], [131.221, 34.1204], [131.2193, 34.1202], [131.2193, 34.1197], [131.219, 34.1194], [131.2149, 34.1199], [131.215, 34.1193], [131.2143, 34.1176], [131.2143, 34.1167], [131.2138, 34.1163], [131.2136, 34.1154], [131.2128, 34.1151], [131.2122, 34.1146], [131.2113, 34.1144], [131.2106, 34.1136], [131.2137, 34.1135], [131.2145, 34.1135], [131.2153, 34.1132], [131.2157, 34.1119], [131.2163, 34.1113], [131.217, 34.1111], [131.2176, 34.1106], [131.2183, 34.1097], [131.2184, 34.1091], [131.2182, 34.1075], [131.2166, 34.1061], [131.2165, 34.1049], [131.2155, 34.1029], [131.2154, 34.1021], [131.2151, 34.1016], [131.2144, 34.1009], [131.2143, 34.1005], [131.2144, 34.1002], [131.215, 34.0998], [131.2149, 34.0984], [131.2158, 34.0974], [131.2161, 34.0965], [131.2163, 34.0936], [131.215, 34.0932], [131.2148, 34.0927], [131.215, 34.0918], [131.2147, 34.0909], [131.2136, 34.0906], [131.2131, 34.0901], [131.212, 34.0855], [131.2119, 34.0846], [131.2121, 34.0842], [131.2109, 34.0834], [131.2107, 34.0825], [131.2126, 34.0789], [131.2133, 34.0783], [131.2144, 34.078], [131.215, 34.0775], [131.2155, 34.0768], [131.2155, 34.0762], [131.2163, 34.0756], [131.2155, 34.075], [131.2153, 34.0741], [131.2145, 34.0738], [131.214, 34.0734], [131.2127, 34.073], [131.212, 34.073], [131.2111, 34.0729], [131.211, 34.0727], [131.2111, 34.0722], [131.2108, 34.0721], [131.2092, 34.0721], [131.2076, 34.0718], [131.2069, 34.0703], [131.2051, 34.0689], [131.205, 34.0679], [131.2048, 34.0675], [131.2049, 34.0671], [131.2034, 34.0666], [131.2025, 34.0673], [131.2013, 34.0676], [131.2009, 34.0668], [131.199, 34.0668], [131.198, 34.0661], [131.1975, 34.0661], [131.1972, 34.0659], [131.1961, 34.065], [131.1961, 34.064], [131.1954, 34.0629], [131.1931, 34.0627], [131.1923, 34.0619], [131.1913, 34.0612], [131.1912, 34.061], [131.1915, 34.0597], [131.1909, 34.0594], [131.1907, 34.0586], [131.1898, 34.0574], [131.189, 34.0574], [131.1882, 34.0569], [131.188, 34.0567], [131.1881, 34.0559], [131.1876, 34.0556], [131.1874, 34.0549], [131.1871, 34.0548], [131.1864, 34.0551], [131.185, 34.0549], [131.1845, 34.0539], [131.1845, 34.0536], [131.1848, 34.0532], [131.1846, 34.0529], [131.1839, 34.0523], [131.1838, 34.0519], [131.1846, 34.0513], [131.1866, 34.0503], [131.1873, 34.0492], [131.1883, 34.0488], [131.1892, 34.0472], [131.1888, 34.0461], [131.1896, 34.046], [131.1899, 34.0458], [131.1907, 34.0447], [131.1909, 34.044], [131.1914, 34.0439], [131.1929, 34.0439], [131.1945, 34.0434], [131.195, 34.043], [131.1966, 34.0435], [131.1981, 34.0431], [131.1984, 34.0423], [131.198, 34.0418], [131.198, 34.0413], [131.1977, 34.0404], [131.1973, 34.0402], [131.198, 34.0401], [131.1982, 34.0395], [131.1991, 34.0382], [131.1991, 34.0378], [131.1993, 34.0381], [131.2003, 34.0373], [131.2014, 34.0378], [131.2016, 34.0368], [131.203, 34.0368], [131.2031, 34.0369], [131.2032, 34.0372], [131.2026, 34.0378], [131.203, 34.0386], [131.2052, 34.0381], [131.2057, 34.0386], [131.2059, 34.0393], [131.2087, 34.0379], [131.2083, 34.0359], [131.2089, 34.0351], [131.2104, 34.0346], [131.2107, 34.035], [131.2113, 34.0349], [131.2123, 34.0352], [131.2129, 34.0356], [131.213, 34.036], [131.2134, 34.036], [131.2135, 34.0363], [131.2137, 34.0362], [131.2136, 34.0358], [131.2146, 34.036], [131.2158, 34.0347], [131.2162, 34.0345], [131.2168, 34.0345], [131.2172, 34.034], [131.2176, 34.0337], [131.2178, 34.0333], [131.2178, 34.0329], [131.2184, 34.0328], [131.2187, 34.0324], [131.2194, 34.0322], [131.2197, 34.0319], [131.2198, 34.0315], [131.2203, 34.031], [131.221, 34.0309], [131.2216, 34.0306], [131.2227, 34.0307], [131.2242, 34.0298], [131.225, 34.0295], [131.2258, 34.0284], [131.2268, 34.0278], [131.2268, 34.0266], [131.2263, 34.0264], [131.2259, 34.0268], [131.2244, 34.0269], [131.2234, 34.0266], [131.2226, 34.0261], [131.2227, 34.0256], [131.2225, 34.025], [131.222, 34.0247], [131.2218, 34.0234], [131.2223, 34.0222], [131.2222, 34.0218], [131.2229, 34.0211], [131.2226, 34.0202], [131.2223, 34.0199], [131.2224, 34.0192], [131.2216, 34.0188], [131.2213, 34.0183], [131.2196, 34.018], [131.2188, 34.0176], [131.2191, 34.0172], [131.2188, 34.0169], [131.219, 34.0158], [131.2182, 34.0151], [131.2174, 34.0151], [131.2171, 34.0144], [131.2177, 34.0136], [131.2177, 34.0133], [131.216, 34.0129], [131.2159, 34.0125], [131.2155, 34.0123], [131.2148, 34.0122], [131.2146, 34.0117], [131.2138, 34.0118], [131.213, 34.0112], [131.2115, 34.011], [131.2111, 34.0107], [131.2111, 34.0101], [131.2108, 34.0098], [131.2103, 34.0103], [131.2096, 34.0106], [131.2091, 34.0114], [131.2092, 34.0116], [131.2082, 34.0116], [131.2075, 34.0112], [131.2069, 34.0106], [131.207, 34.0103], [131.2063, 34.0101], [131.2063, 34.0091], [131.2059, 34.0085], [131.2049, 34.0079], [131.2042, 34.0078], [131.2037, 34.0062], [131.2023, 34.0055], [131.2023, 34.0052], [131.2025, 34.0049], [131.2018, 34.004], [131.2021, 34.0027], [131.2008, 34.0021], [131.2015, 34.0005], [131.2013, 33.9997], [131.2011, 34], [131.2003, 34], [131.1997, 34.0005], [131.1983, 34.0006], [131.1978, 34.0002], [131.1976, 33.9996], [131.1971, 33.999], [131.1959, 33.9985], [131.1953, 33.9985], [131.1946, 33.998], [131.194, 33.9983], [131.1935, 33.9983], [131.1932, 33.9975], [131.1922, 33.9971], [131.1919, 33.9967], [131.192, 33.9959], [131.1918, 33.9953], [131.1925, 33.9945], [131.1928, 33.9945], [131.193, 33.9941], [131.1925, 33.9931], [131.1925, 33.9923], [131.1916, 33.9925], [131.1914, 33.9923], [131.1911, 33.9916], [131.1907, 33.9914], [131.1896, 33.9902], [131.1889, 33.9897], [131.187, 33.9899], [131.1865, 33.9896], [131.1863, 33.9882], [131.1868, 33.9865], [131.1865, 33.9859], [131.1868, 33.9857], [131.187, 33.9865], [131.1869, 33.987], [131.1873, 33.9867], [131.188, 33.9872], [131.1878, 33.9868], [131.1873, 33.9862], [131.1874, 33.9857], [131.1881, 33.9859], [131.1886, 33.9866], [131.1888, 33.9866], [131.1887, 33.9864], [131.1888, 33.9862], [131.1885, 33.9862], [131.1877, 33.9852], [131.1878, 33.9848], [131.1882, 33.9847], [131.1879, 33.9845], [131.188, 33.9838], [131.1884, 33.9836], [131.1893, 33.9838], [131.1904, 33.9844], [131.1907, 33.9839], [131.1899, 33.9833], [131.1897, 33.9828], [131.1891, 33.9826], [131.1885, 33.9819], [131.1885, 33.9808], [131.1893, 33.9803], [131.1889, 33.9793], [131.1892, 33.979], [131.189, 33.9783], [131.1887, 33.9778], [131.1883, 33.9777], [131.1864, 33.9793], [131.1876, 33.9774], [131.1881, 33.977], [131.1879, 33.9766], [131.1874, 33.9768], [131.1873, 33.9765], [131.1868, 33.9762], [131.1868, 33.9753], [131.1876, 33.9747], [131.1877, 33.9744], [131.1875, 33.9743], [131.1868, 33.9736], [131.1871, 33.9735], [131.187, 33.9733], [131.1883, 33.9727], [131.1889, 33.9718], [131.1889, 33.9693], [131.1886, 33.969], [131.1882, 33.9687], [131.188, 33.9683], [131.1877, 33.9684], [131.1876, 33.9682], [131.1879, 33.9676], [131.1882, 33.9676], [131.188, 33.9668], [131.1886, 33.966], [131.1881, 33.9633], [131.1884, 33.9624], [131.1881, 33.9621], [131.1875, 33.9619], [131.1872, 33.9616], [131.1873, 33.9612], [131.187, 33.9607], [131.1876, 33.9608], [131.1884, 33.9597], [131.1877, 33.9591], [131.1879, 33.959], [131.1889, 33.9599], [131.1892, 33.9596], [131.1876, 33.9581], [131.1877, 33.9577], [131.189, 33.9569], [131.1894, 33.9572], [131.1928, 33.9579], [131.2196, 33.8916], [131.2215, 33.8909], [131.2459, 33.8825], [131.2983, 33.9408], [131.2989, 33.9409], [131.3001, 33.9407], [131.3007, 33.9422], [131.3032, 33.9462], [131.3043, 33.9478], [131.3047, 33.9481], [131.3049, 33.948], [131.3046, 33.9482], [131.3047, 33.9483], [131.3049, 33.9482], [131.3055, 33.9489], [131.3062, 33.9485], [131.3086, 33.9486], [131.3079, 33.9487], [131.3065, 33.9486], [131.3065, 33.9494], [131.3083, 33.9497], [131.3083, 33.9493], [131.3083, 33.9497], [131.3092, 33.95], [131.3095, 33.9499], [131.3101, 33.9491], [131.3093, 33.9487], [131.309, 33.949], [131.3093, 33.9486], [131.3085, 33.948], [131.3102, 33.9491], [131.3103, 33.949], [131.3096, 33.9504], [131.31, 33.9504], [131.3098, 33.9503], [131.3099, 33.95], [131.3103, 33.9495], [131.3105, 33.9496], [131.3106, 33.9494], [131.3109, 33.9495], [131.3128, 33.9493], [131.3119, 33.9497], [131.311, 33.9507], [131.3113, 33.9512], [131.3121, 33.951], [131.3114, 33.9512], [131.3122, 33.952], [131.3126, 33.9518], [131.3125, 33.951], [131.3124, 33.951], [131.3125, 33.951], [131.3125, 33.9509], [131.3126, 33.9509], [131.3133, 33.9502], [131.3126, 33.951], [131.3127, 33.9516], [131.3126, 33.9521], [131.3136, 33.953], [131.3162, 33.9545], [131.3168, 33.9547], [131.3168, 33.9548], [131.3169, 33.9547], [131.3183, 33.955], [131.3185, 33.9552], [131.3185, 33.9557], [131.3186, 33.9552], [131.3187, 33.9551], [131.3216, 33.9547], [131.3231, 33.9539], [131.3239, 33.9538], [131.3243, 33.9535], [131.3244, 33.9525], [131.3265, 33.9528], [131.3272, 33.9527], [131.3277, 33.952], [131.3288, 33.9524], [131.3297, 33.9522], [131.3303, 33.9527], [131.3342, 33.9536], [131.3345, 33.9538], [131.3345, 33.9539], [131.3348, 33.9539], [131.3347, 33.9541], [131.3354, 33.9544], [131.3362, 33.9552], [131.3369, 33.9555], [131.3376, 33.9563], [131.3377, 33.9563], [131.3376, 33.9565], [131.3377, 33.9571], [131.3381, 33.9573], [131.338, 33.9577], [131.3387, 33.9585], [131.3421, 33.9599], [131.3423, 33.9603], [131.3426, 33.9604], [131.3424, 33.9604], [131.3428, 33.9609], [131.3426, 33.9612], [131.3428, 33.9615], [131.3432, 33.9616], [131.3435, 33.9615], [131.3442, 33.9617], [131.3443, 33.9623], [131.3448, 33.9627], [131.3444, 33.9632], [131.344, 33.9631], [131.3439, 33.9635], [131.3442, 33.9632], [131.3444, 33.9636], [131.3449, 33.9639], [131.3454, 33.9637], [131.3455, 33.9635], [131.3464, 33.9638], [131.347, 33.9638], [131.3474, 33.9645], [131.3474, 33.9649], [131.3476, 33.9647], [131.3473, 33.9651], [131.3475, 33.9653], [131.348, 33.9659], [131.349, 33.9663], [131.3495, 33.9664], [131.3498, 33.9663], [131.3497, 33.9661], [131.3502, 33.9657], [131.3509, 33.9654], [131.3513, 33.9655], [131.3519, 33.9653], [131.3522, 33.965], [131.3528, 33.9656], [131.3531, 33.9656], [131.3541, 33.9659], [131.3544, 33.9658], [131.3546, 33.966], [131.3549, 33.9659], [131.3558, 33.9664], [131.3554, 33.9676], [131.3561, 33.9694], [131.3561, 33.9698], [131.3555, 33.9681], [131.3553, 33.9681], [131.3552, 33.968], [131.3541, 33.9682], [131.3543, 33.9691], [131.354, 33.9683], [131.3535, 33.9686], [131.3525, 33.9696], [131.3513, 33.9692], [131.3507, 33.9684], [131.3503, 33.9683], [131.3505, 33.9684], [131.3503, 33.969], [131.3513, 33.9695], [131.3522, 33.9697], [131.352, 33.9704], [131.3523, 33.9704], [131.3526, 33.9707], [131.353, 33.9706], [131.3534, 33.9708], [131.355, 33.9699], [131.3535, 33.9708], [131.3535, 33.9714], [131.3537, 33.9715], [131.354, 33.9714], [131.3542, 33.9715], [131.3543, 33.9718], [131.3542, 33.972], [131.3537, 33.972], [131.3536, 33.9718], [131.3527, 33.9718], [131.3519, 33.9713], [131.3511, 33.9714], [131.3506, 33.9763], [131.3515, 33.9763], [131.3515, 33.9768], [131.35, 33.9782], [131.3494, 33.9785], [131.3493, 33.979], [131.35, 33.979], [131.3493, 33.979], [131.349, 33.9798], [131.3477, 33.9803], [131.3477, 33.9808], [131.348, 33.9816], [131.3485, 33.9816], [131.3481, 33.9817], [131.3478, 33.982], [131.3462, 33.9822], [131.3488, 33.9822], [131.3487, 33.9824], [131.3491, 33.9831], [131.3506, 33.985], [131.352, 33.9865], [131.353, 33.9871], [131.3539, 33.9865], [131.3542, 33.9868], [131.3545, 33.9863], [131.3543, 33.986], [131.3552, 33.9869], [131.3556, 33.9867], [131.3573, 33.9876], [131.3588, 33.9877], [131.3597, 33.9873], [131.3603, 33.9857], [131.361, 33.9865], [131.3615, 33.9869], [131.3609, 33.9873], [131.3609, 33.9877], [131.3618, 33.9894], [131.362, 33.9894], [131.3605, 33.9903], [131.3606, 33.9916], [131.3611, 33.9932], [131.3621, 33.9943], [131.3626, 33.9951], [131.3625, 33.9959], [131.3629, 33.9963], [131.3631, 33.997], [131.3622, 33.9973], [131.3621, 33.9976], [131.361, 33.9979], [131.3603, 33.998], [131.3599, 33.9983], [131.3576, 33.9979], [131.3573, 33.9972], [131.3564, 33.9971], [131.3564, 33.9974], [131.3554, 33.9972], [131.355, 33.9974], [131.3531, 33.9974], [131.354, 33.9987], [131.3534, 33.999], [131.3534, 33.9991], [131.353, 33.9995], [131.3526, 33.9992], [131.3525, 33.9993], [131.3518, 34.0005], [131.3512, 34.0008], [131.3508, 34.0022], [131.3505, 34.0025], [131.3488, 34.0028], [131.3485, 34.0013], [131.3475, 34.0013], [131.3474, 34.0015], [131.3471, 34.0016], [131.3471, 34.0014], [131.3466, 34.0016], [131.3461, 34.0013], [131.3459, 34.0017], [131.3456, 34.0017], [131.3456, 34.0015], [131.3444, 34.0016], [131.3444, 34.0019], [131.344, 34.0022], [131.3438, 34.0007], [131.3426, 34.0008], [131.3417, 34.0007], [131.341, 34.0001], [131.3402, 33.9997], [131.34, 34.001], [131.3382, 34.0006], [131.3368, 34], [131.3354, 33.9988], [131.3344, 33.9985], [131.3333, 33.9975], [131.333, 33.9974], [131.3308, 33.9974], [131.3306, 33.9975], [131.3295, 33.9978], [131.3249, 34.0003], [131.3245, 33.9991], [131.3241, 33.9991], [131.3241, 33.9994], [131.3238, 33.9991], [131.3239, 33.9986], [131.3245, 33.9984], [131.3242, 33.998], [131.3244, 33.9978], [131.3242, 33.9976], [131.3231, 33.9977], [131.323, 33.998], [131.3222, 33.9977], [131.3209, 33.9978], [131.3205, 33.9975], [131.3209, 33.997], [131.321, 33.9967], [131.3208, 33.9966], [131.3204, 33.9969], [131.3199, 33.9971], [131.3197, 33.9961], [131.3189, 33.9961], [131.3181, 33.9965], [131.3179, 33.9964], [131.317, 33.9966], [131.3165, 33.9964], [131.3161, 33.9968], [131.3153, 33.9965], [131.3146, 33.9968], [131.3148, 33.9963], [131.3143, 33.9965], [131.3142, 33.9964], [131.3144, 33.996], [131.3142, 33.9958], [131.3143, 33.9956], [131.3141, 33.9951], [131.3138, 33.9954], [131.3128, 33.9955], [131.3124, 33.9954], [131.3141, 33.9946], [131.3142, 33.9941], [131.3136, 33.9945], [131.3126, 33.9946], [131.3112, 33.9951], [131.3104, 33.9952], [131.3087, 33.9937], [131.3098, 33.9951], [131.3098, 33.9953], [131.3087, 33.9957], [131.3069, 33.9956], [131.3059, 33.9957], [131.3066, 33.9965], [131.3072, 33.997], [131.3078, 33.9972], [131.3081, 33.9977], [131.3079, 33.9983], [131.3081, 33.9984], [131.3081, 33.9985], [131.3078, 33.9985], [131.3077, 33.999], [131.3074, 33.999], [131.307, 33.9987], [131.3061, 33.9985], [131.3046, 33.9984], [131.3033, 33.9979], [131.3026, 33.9979], [131.3022, 33.9972], [131.3016, 33.997], [131.3014, 33.9967], [131.3009, 33.9964], [131.3002, 33.9966], [131.2997, 33.9964], [131.2987, 33.9964], [131.2981, 33.9968], [131.298, 33.9972], [131.2976, 33.9973], [131.2973, 33.9956], [131.2967, 33.9953], [131.2968, 33.9962], [131.296, 33.9974], [131.2958, 33.9981], [131.2959, 33.9987], [131.295, 33.9994], [131.2949, 34.0001], [131.2945, 34.0001], [131.2941, 33.9999], [131.2935, 34], [131.2924, 34.0007], [131.292, 34.0012], [131.2921, 34.0018], [131.293, 34.0023], [131.2931, 34.0035], [131.2935, 34.0038], [131.2935, 34.0042], [131.2937, 34.0045], [131.2944, 34.0049], [131.294, 34.0057], [131.2942, 34.0064], [131.2945, 34.0066], [131.2951, 34.0066], [131.2953, 34.0074], [131.2957, 34.0076], [131.2956, 34.0081], [131.2952, 34.0084], [131.2952, 34.0094], [131.2947, 34.0104], [131.2948, 34.0109], [131.2954, 34.011], [131.2955, 34.0114], [131.2965, 34.0113], [131.297, 34.0109], [131.2978, 34.0111], [131.2979, 34.0114], [131.2986, 34.0122], [131.2986, 34.0124], [131.3004, 34.0128], [131.3009, 34.0132], [131.3008, 34.0138], [131.3014, 34.0141], [131.3018, 34.0145], [131.3027, 34.0149], [131.3031, 34.0147], [131.3034, 34.0144], [131.3043, 34.0145], [131.3051, 34.0155], [131.306, 34.0178], [131.3055, 34.0181], [131.3044, 34.0177], [131.3038, 34.0182], [131.3031, 34.0181], [131.3024, 34.0182], [131.3016, 34.0189], [131.3015, 34.0194], [131.3023, 34.0199], [131.3024, 34.021], [131.3026, 34.0215], [131.3023, 34.0226], [131.3023, 34.0244], [131.3034, 34.0245], [131.3037, 34.0245], [131.3038, 34.0247], [131.3045, 34.0245], [131.3059, 34.0253], [131.3069, 34.0252], [131.3072, 34.0254], [131.3075, 34.0271], [131.3073, 34.0283], [131.3068, 34.0289], [131.3065, 34.0298], [131.3061, 34.0303], [131.3068, 34.0309], [131.3068, 34.0313], [131.3066, 34.0319], [131.3075, 34.0326], [131.3084, 34.0322], [131.3091, 34.0324], [131.3097, 34.0322], [131.3102, 34.0327], [131.3108, 34.033], [131.3104, 34.0332], [131.3104, 34.034], [131.3111, 34.0344], [131.3125, 34.0347], [131.3126, 34.0351], [131.3132, 34.0358], [131.3149, 34.0361], [131.315, 34.0365], [131.3144, 34.0366], [131.3143, 34.0379], [131.3151, 34.0386], [131.316, 34.039], [131.3165, 34.0397], [131.3169, 34.0398], [131.3169, 34.0407], [131.3155, 34.0405], [131.3144, 34.04], [131.3142, 34.0403], [131.3142, 34.041], [131.3151, 34.0417], [131.3167, 34.0419], [131.3164, 34.0432], [131.3165, 34.0436], [131.3169, 34.0441], [131.3182, 34.0454], [131.3186, 34.0467], [131.3208, 34.045], [131.3211, 34.0452], [131.3215, 34.046], [131.3221, 34.0464], [131.3234, 34.0458], [131.3239, 34.0463], [131.325, 34.0467], [131.3255, 34.0462], [131.3258, 34.0462], [131.326, 34.0467], [131.3259, 34.0472], [131.3262, 34.0477], [131.3276, 34.0484], [131.3296, 34.0481], [131.3303, 34.049], [131.3305, 34.0498], [131.3314, 34.0501], [131.3323, 34.0507], [131.333, 34.0515], [131.3327, 34.0518], [131.3328, 34.0523], [131.3331, 34.0528], [131.3331, 34.0531], [131.3335, 34.0533], [131.3338, 34.0539], [131.3347, 34.0541], [131.3351, 34.0546], [131.3356, 34.0542], [131.3362, 34.0544], [131.3361, 34.0572], [131.3362, 34.0575], [131.3369, 34.0577], [131.3373, 34.0582], [131.337, 34.0588], [131.3373, 34.0593], [131.3371, 34.06], [131.3375, 34.0605], [131.3374, 34.0611], [131.3376, 34.0615], [131.3388, 34.0625], [131.3387, 34.0641], [131.3384, 34.0649], [131.338, 34.0653], [131.3384, 34.0658], [131.3385, 34.0667], [131.3388, 34.0672], [131.3392, 34.0675], [131.3401, 34.0674], [131.3408, 34.0677], [131.341, 34.0684], [131.3416, 34.0687], [131.3417, 34.0691], [131.3422, 34.0695], [131.3428, 34.0696], [131.3431, 34.0698], [131.3437, 34.0707], [131.3447, 34.0708], [131.3451, 34.0714], [131.3464, 34.0711], [131.3475, 34.0716], [131.348, 34.0715], [131.3475, 34.0725], [131.3481, 34.0736], [131.3484, 34.0737], [131.3496, 34.075], [131.3494, 34.0764], [131.3497, 34.077], [131.3491, 34.0779], [131.3485, 34.0784], [131.3479, 34.0784], [131.3476, 34.0789], [131.3477, 34.0798], [131.3457, 34.0805], [131.346, 34.0821], [131.3458, 34.0829], [131.3484, 34.0841], [131.3488, 34.0844], [131.349, 34.0852], [131.3496, 34.0856], [131.3514, 34.0859], [131.352, 34.0863], [131.353, 34.0881], [131.3515, 34.0894], [131.3517, 34.0898], [131.3524, 34.0898], [131.3527, 34.09], [131.3527, 34.0905], [131.3521, 34.0914], [131.3522, 34.093], [131.3518, 34.0942], [131.3522, 34.0953], [131.3516, 34.096], [131.3517, 34.0989], [131.3502, 34.0997], [131.3493, 34.1007], [131.3479, 34.101], [131.3469, 34.1016], [131.3465, 34.1028], [131.3456, 34.1033], [131.346, 34.104], [131.3453, 34.1058], [131.3451, 34.1071], [131.3453, 34.1077]]]}, "properties": {"name": "山口県宇部市"}}, {"type": "Feature", "geometry": {"type": "MultiPolygon", "coordinates": [[[[131.3631, 33.997], [131.3633, 33.9974], [131.3645, 33.9984], [131.3671, 33.9994], [131.3663, 34.0002], [131.367, 33.9994], [131.3658, 33.999], [131.3638, 34.0013], [131.3647, 34.0018], [131.3656, 34.0009], [131.3647, 34.0018], [131.3638, 34.0013], [131.3631, 34.0019], [131.3629, 34.0025], [131.3639, 34.003], [131.3646, 34.0024], [131.3653, 34.0021], [131.3661, 34.0011], [131.3663, 34.0012], [131.3661, 34.0015], [131.3641, 34.0036], [131.3632, 34.003], [131.363, 34.0033], [131.3625, 34.0033], [131.3621, 34.0035], [131.3615, 34.0033], [131.3621, 34.0036], [131.3624, 34.0034], [131.363, 34.0033], [131.3632, 34.0031], [131.3639, 34.0035], [131.3639, 34.0036], [131.3632, 34.0037], [131.3625, 34.0036], [131.3631, 34.0051], [131.3639, 34.005], [131.3638, 34.0045], [131.3639, 34.0041], [131.3638, 34.0045], [131.3643, 34.0059], [131.3651, 34.0064], [131.3651, 34.0067], [131.364, 34.0083], [131.362, 34.0086], [131.3613, 34.0091], [131.3611, 34.0095], [131.3614, 34.0096], [131.3616, 34.0092], [131.3623, 34.009], [131.3631, 34.0088], [131.3642, 34.0089], [131.3655, 34.0077], [131.3658, 34.0073], [131.366, 34.0065], [131.3651, 34.0049], [131.3651, 34.0038], [131.3675, 34.0008], [131.3679, 34.0007], [131.3685, 34], [131.3692, 33.9997], [131.37, 33.9998], [131.3706, 34.0002], [131.3781, 34.0082], [131.3823, 34.0188], [131.3833, 34.0217], [131.3833, 34.0222], [131.3827, 34.0228], [131.3723, 34.0257], [131.3707, 34.0269], [131.3726, 34.0286], [131.3776, 34.0298], [131.3807, 34.0312], [131.3802, 34.0329], [131.3803, 34.0331], [131.3809, 34.0323], [131.3809, 34.0315], [131.3818, 34.0305], [131.3847, 34.0309], [131.3855, 34.0311], [131.3862, 34.0318], [131.3865, 34.0321], [131.3859, 34.0326], [131.3853, 34.0337], [131.3888, 34.0334], [131.3853, 34.0339], [131.3844, 34.0349], [131.3838, 34.035], [131.3837, 34.0348], [131.3843, 34.0347], [131.3837, 34.0346], [131.3836, 34.0349], [131.3837, 34.0352], [131.3834, 34.0352], [131.3829, 34.0356], [131.3831, 34.0365], [131.3834, 34.0367], [131.3842, 34.0366], [131.3841, 34.0371], [131.3838, 34.0373], [131.384, 34.0374], [131.3839, 34.0376], [131.3843, 34.0381], [131.3836, 34.0381], [131.3836, 34.0383], [131.3839, 34.0384], [131.3839, 34.0389], [131.3839, 34.0384], [131.3834, 34.0382], [131.383, 34.039], [131.3835, 34.0391], [131.3829, 34.039], [131.3826, 34.0394], [131.3832, 34.0393], [131.384, 34.0398], [131.3862, 34.047], [131.3859, 34.0478], [131.386, 34.0487], [131.3854, 34.05], [131.3851, 34.0511], [131.3856, 34.0512], [131.3857, 34.0509], [131.3856, 34.0512], [131.386, 34.0513], [131.3861, 34.0511], [131.3858, 34.0508], [131.386, 34.0509], [131.3862, 34.0507], [131.3859, 34.0504], [131.3864, 34.0507], [131.3876, 34.0501], [131.3892, 34.0504], [131.3901, 34.0503], [131.3909, 34.0506], [131.3923, 34.0508], [131.3928, 34.0507], [131.3931, 34.0511], [131.3937, 34.0512], [131.3944, 34.0511], [131.3944, 34.0509], [131.395, 34.0512], [131.3953, 34.0527], [131.3957, 34.0535], [131.3963, 34.0541], [131.3963, 34.0548], [131.3966, 34.0548], [131.3969, 34.055], [131.3969, 34.0566], [131.3966, 34.0569], [131.3968, 34.0573], [131.3964, 34.0584], [131.3967, 34.0592], [131.3969, 34.0593], [131.3974, 34.063], [131.3984, 34.063], [131.399, 34.0672], [131.4001, 34.071], [131.4017, 34.0699], [131.4004, 34.0588], [131.4004, 34.0544], [131.3973, 34.0449], [131.3973, 34.0441], [131.3967, 34.044], [131.3973, 34.044], [131.3977, 34.0434], [131.3985, 34.0429], [131.3997, 34.0429], [131.3997, 34.043], [131.3999, 34.0431], [131.3997, 34.0419], [131.3999, 34.0415], [131.4006, 34.0412], [131.3983, 34.0401], [131.3976, 34.0396], [131.3956, 34.0369], [131.3951, 34.0358], [131.3946, 34.0353], [131.3948, 34.0336], [131.3947, 34.0333], [131.3943, 34.033], [131.3892, 34.0335], [131.3892, 34.0334], [131.3947, 34.0327], [131.3947, 34.0326], [131.3944, 34.0326], [131.3944, 34.0325], [131.3948, 34.0324], [131.3944, 34.0261], [131.3947, 34.0258], [131.3944, 34.0256], [131.3947, 34.0254], [131.3945, 34.0256], [131.3947, 34.0258], [131.3952, 34.0253], [131.395, 34.0251], [131.3952, 34.0253], [131.3973, 34.0244], [131.3985, 34.0243], [131.3997, 34.0246], [131.401, 34.0253], [131.4016, 34.026], [131.4022, 34.0261], [131.4038, 34.0253], [131.403, 34.0254], [131.4031, 34.0252], [131.4027, 34.0251], [131.4024, 34.0247], [131.4021, 34.0247], [131.402, 34.0246], [131.4026, 34.0245], [131.4029, 34.0246], [131.4036, 34.0246], [131.4037, 34.025], [131.4043, 34.025], [131.4053, 34.0243], [131.4062, 34.0242], [131.4062, 34.0246], [131.4099, 34.0233], [131.4103, 34.0237], [131.411, 34.0234], [131.411, 34.023], [131.4139, 34.0219], [131.4129, 34.0205], [131.4124, 34.0205], [131.4121, 34.0203], [131.4115, 34.0196], [131.4116, 34.0195], [131.4115, 34.0195], [131.4107, 34.0186], [131.4108, 34.0185], [131.4106, 34.0185], [131.4095, 34.0171], [131.4094, 34.0171], [131.4074, 34.0147], [131.4075, 34.0144], [131.4093, 34.0137], [131.4092, 34.0136], [131.4087, 34.0138], [131.4083, 34.0134], [131.4079, 34.0133], [131.4072, 34.0137], [131.4073, 34.0141], [131.4072, 34.0137], [131.4069, 34.0137], [131.4068, 34.0138], [131.4065, 34.0136], [131.4056, 34.0136], [131.4055, 34.0141], [131.4052, 34.0135], [131.4049, 34.0134], [131.4051, 34.012], [131.4055, 34.0121], [131.4057, 34.012], [131.4058, 34.0112], [131.4052, 34.0101], [131.404, 34.0068], [131.4033, 34.0056], [131.403, 34.0045], [131.4026, 34.0043], [131.4028, 34.0041], [131.4026, 34.0025], [131.4013, 34.001], [131.4014, 34.0004], [131.402, 33.9995], [131.402, 33.9991], [131.4017, 33.9985], [131.4012, 33.9986], [131.4009, 33.9981], [131.4001, 33.9977], [131.3996, 33.998], [131.3998, 33.9978], [131.3996, 33.9976], [131.3983, 33.9971], [131.3978, 33.9972], [131.3963, 33.9979], [131.3949, 33.9979], [131.3942, 33.9975], [131.3942, 33.9972], [131.3946, 33.9961], [131.3966, 33.994], [131.3965, 33.9931], [131.3963, 33.9929], [131.3965, 33.9929], [131.3964, 33.9923], [131.3966, 33.9915], [131.3964, 33.9907], [131.3969, 33.989], [131.3968, 33.9885], [131.3957, 33.9871], [131.3918, 33.9848], [131.3912, 33.9843], [131.391, 33.9838], [131.3911, 33.9835], [131.393, 33.9834], [131.3958, 33.9841], [131.3969, 33.9847], [131.398, 33.9846], [131.3986, 33.9847], [131.3998, 33.9861], [131.3996, 33.9874], [131.3999, 33.9887], [131.3996, 33.9893], [131.3991, 33.9897], [131.3994, 33.9906], [131.3991, 33.9916], [131.3998, 33.9925], [131.3999, 33.9933], [131.4022, 33.9955], [131.4042, 33.9968], [131.4061, 33.9971], [131.4067, 33.9963], [131.4084, 33.9959], [131.4096, 33.9972], [131.4097, 33.9978], [131.4093, 33.9988], [131.4078, 34.0009], [131.4079, 34.0013], [131.4085, 34.0013], [131.4086, 34.0014], [131.4083, 34.0015], [131.4082, 34.0021], [131.4078, 34.0021], [131.4087, 34.0028], [131.409, 34.0036], [131.4093, 34.0042], [131.4095, 34.0058], [131.4109, 34.0055], [131.4116, 34.0068], [131.4128, 34.0064], [131.4134, 34.0075], [131.4142, 34.0076], [131.4133, 34.0075], [131.4128, 34.0065], [131.4116, 34.0069], [131.4123, 34.0083], [131.413, 34.0081], [131.4132, 34.0085], [131.4114, 34.0089], [131.4116, 34.0096], [131.4123, 34.0106], [131.4115, 34.0119], [131.4116, 34.0122], [131.4133, 34.0098], [131.4141, 34.01], [131.4141, 34.0095], [131.4138, 34.0091], [131.4144, 34.0084], [131.4162, 34.0095], [131.4144, 34.0085], [131.4139, 34.0092], [131.4141, 34.0094], [131.4142, 34.01], [131.414, 34.0101], [131.4134, 34.0098], [131.4129, 34.0105], [131.4148, 34.0117], [131.4163, 34.0097], [131.4187, 34.0112], [131.4162, 34.0143], [131.4173, 34.0147], [131.417, 34.0145], [131.4177, 34.0137], [131.4189, 34.0141], [131.4182, 34.015], [131.4185, 34.0153], [131.4192, 34.0155], [131.4208, 34.0157], [131.4234, 34.0156], [131.4258, 34.0151], [131.4266, 34.0148], [131.428, 34.0139], [131.4286, 34.0125], [131.4291, 34.0118], [131.4286, 34.0113], [131.4286, 34.0107], [131.428, 34.0099], [131.4283, 34.0093], [131.428, 34.0099], [131.4287, 34.0106], [131.4286, 34.0113], [131.4291, 34.0117], [131.4295, 34.0114], [131.429, 34.0111], [131.4295, 34.0114], [131.4303, 34.0105], [131.43, 34.0103], [131.4298, 34.0105], [131.4291, 34.0101], [131.4301, 34.0087], [131.4305, 34.0088], [131.431, 34.0081], [131.4311, 34.0082], [131.4311, 34.0079], [131.4293, 34.0081], [131.4274, 34.009], [131.4292, 34.008], [131.4292, 34.0069], [131.4318, 34.0067], [131.4319, 34.0064], [131.4305, 34.0018], [131.4296, 33.9994], [131.428, 33.9966], [131.4263, 33.997], [131.4261, 33.9969], [131.4263, 33.997], [131.4279, 33.9966], [131.4268, 33.9937], [131.427, 33.9935], [131.4269, 33.9934], [131.4265, 33.9935], [131.4265, 33.9946], [131.4268, 33.9946], [131.4265, 33.9946], [131.4264, 33.9948], [131.4267, 33.995], [131.4264, 33.9948], [131.4253, 33.9953], [131.425, 33.9961], [131.4253, 33.9966], [131.4249, 33.9961], [131.4252, 33.9952], [131.4256, 33.9951], [131.4256, 33.9934], [131.4237, 33.9913], [131.4236, 33.9905], [131.424, 33.9892], [131.4254, 33.9889], [131.4257, 33.9885], [131.4259, 33.9887], [131.4272, 33.9885], [131.4272, 33.9886], [131.4276, 33.9887], [131.4283, 33.9891], [131.4286, 33.9904], [131.4288, 33.9906], [131.4297, 33.9909], [131.4303, 33.9908], [131.4303, 33.9909], [131.4318, 33.9907], [131.4323, 33.9905], [131.4326, 33.9901], [131.4325, 33.9899], [131.432, 33.9898], [131.4325, 33.9898], [131.4328, 33.9903], [131.4335, 33.9901], [131.4346, 33.9894], [131.4359, 33.9883], [131.4363, 33.9869], [131.4363, 33.9866], [131.4359, 33.9861], [131.436, 33.9853], [131.4363, 33.9844], [131.436, 33.9839], [131.4365, 33.9831], [131.4371, 33.9829], [131.437, 33.9827], [131.4383, 33.9826], [131.4392, 33.983], [131.4404, 33.9827], [131.4404, 33.9826], [131.4414, 33.9829], [131.4418, 33.9828], [131.4424, 33.9839], [131.4427, 33.9851], [131.4428, 33.9852], [131.4427, 33.9864], [131.4422, 33.9872], [131.4417, 33.9875], [131.4415, 33.9879], [131.4418, 33.9885], [131.4416, 33.9886], [131.4418, 33.99], [131.4416, 33.9901], [131.4418, 33.9902], [131.4419, 33.9904], [131.4421, 33.9918], [131.4432, 33.9929], [131.4441, 33.9936], [131.4466, 33.9948], [131.4495, 33.9954], [131.4503, 33.9954], [131.4504, 33.9956], [131.4514, 33.9956], [131.4541, 33.995], [131.4547, 33.9946], [131.4548, 33.994], [131.4556, 33.9936], [131.4557, 33.9922], [131.456, 33.9914], [131.4557, 33.9901], [131.455, 33.9894], [131.4552, 33.9885], [131.455, 33.9884], [131.4562, 33.9878], [131.4567, 33.9873], [131.4573, 33.9871], [131.4598, 33.9874], [131.4613, 33.9881], [131.4615, 33.9888], [131.4615, 33.9903], [131.462, 33.9909], [131.4628, 33.9913], [131.463, 33.992], [131.4633, 33.9921], [131.4634, 33.9923], [131.4636, 33.9932], [131.4635, 33.9937], [131.4627, 33.9945], [131.462, 33.9948], [131.4619, 33.9954], [131.4613, 33.9961], [131.4609, 33.9973], [131.4603, 33.9977], [131.4593, 33.9979], [131.4586, 33.9989], [131.4575, 33.9988], [131.4571, 33.9993], [131.457, 33.9998], [131.4568, 33.9998], [131.4566, 33.9996], [131.4564, 33.9997], [131.4561, 34.0003], [131.4564, 34.0005], [131.4559, 34.0009], [131.4558, 34.0015], [131.4552, 34.0017], [131.4544, 34.0023], [131.4546, 34.0026], [131.4543, 34.0027], [131.4548, 34.0036], [131.4569, 34.0053], [131.4572, 34.0053], [131.4573, 34.0055], [131.4576, 34.0053], [131.4586, 34.0051], [131.4591, 34.0047], [131.4595, 34.004], [131.4588, 34.0037], [131.4595, 34.0039], [131.4598, 34.0037], [131.4599, 34.0039], [131.4604, 34.0041], [131.4622, 34.0037], [131.4624, 34.0041], [131.4628, 34.0042], [131.4631, 34.0041], [131.4641, 34.0052], [131.4661, 34.0068], [131.4668, 34.0071], [131.4675, 34.0072], [131.4675, 34.0074], [131.4683, 34.008], [131.4695, 34.0083], [131.4701, 34.0088], [131.4712, 34.0096], [131.4728, 34.0101], [131.4733, 34.0107], [131.4739, 34.011], [131.4746, 34.0108], [131.4749, 34.0105], [131.4751, 34.0105], [131.4774, 34.0118], [131.4779, 34.0118], [131.4782, 34.0114], [131.4785, 34.0112], [131.4791, 34.0113], [131.4797, 34.0119], [131.4796, 34.0131], [131.4785, 34.0146], [131.4783, 34.0152], [131.4784, 34.0154], [131.4783, 34.0163], [131.4786, 34.0171], [131.4785, 34.0173], [131.4792, 34.0182], [131.4784, 34.0174], [131.4776, 34.0173], [131.4774, 34.0175], [131.4758, 34.0178], [131.4752, 34.0187], [131.4753, 34.0188], [131.4752, 34.0188], [131.4749, 34.0192], [131.475, 34.0193], [131.4748, 34.0193], [131.4747, 34.0195], [131.4738, 34.0198], [131.4721, 34.02], [131.4718, 34.0213], [131.4721, 34.0199], [131.4715, 34.0189], [131.4706, 34.0187], [131.4665, 34.0186], [131.4698, 34.019], [131.4677, 34.0254], [131.4644, 34.0253], [131.4644, 34.0254], [131.4664, 34.0255], [131.4662, 34.0263], [131.4657, 34.0262], [131.4662, 34.0263], [131.466, 34.0268], [131.4654, 34.0276], [131.4654, 34.0281], [131.4664, 34.0287], [131.4664, 34.0304], [131.467, 34.0303], [131.4691, 34.0308], [131.467, 34.0304], [131.4659, 34.0304], [131.4659, 34.0307], [131.4662, 34.0307], [131.4662, 34.0315], [131.4671, 34.0328], [131.4676, 34.0323], [131.4683, 34.0319], [131.4679, 34.0315], [131.4683, 34.0319], [131.4676, 34.0324], [131.4668, 34.0332], [131.4679, 34.0339], [131.4692, 34.0332], [131.4705, 34.032], [131.47, 34.0305], [131.4706, 34.032], [131.4692, 34.0332], [131.4679, 34.034], [131.4681, 34.0342], [131.4683, 34.0341], [131.4681, 34.0343], [131.469, 34.0352], [131.4692, 34.035], [131.469, 34.0352], [131.47, 34.0358], [131.4701, 34.0356], [131.47, 34.0358], [131.4704, 34.036], [131.4707, 34.0357], [131.4704, 34.036], [131.4707, 34.0362], [131.4709, 34.0361], [131.4708, 34.0363], [131.4719, 34.037], [131.4721, 34.0369], [131.472, 34.037], [131.4722, 34.0372], [131.4727, 34.0374], [131.4728, 34.0373], [131.4728, 34.0374], [131.4734, 34.0377], [131.4735, 34.0375], [131.4735, 34.0377], [131.4738, 34.0378], [131.4742, 34.0379], [131.4742, 34.0377], [131.4743, 34.0379], [131.4749, 34.038], [131.4754, 34.038], [131.4756, 34.0376], [131.475, 34.0388], [131.4742, 34.0397], [131.474, 34.0402], [131.4734, 34.04], [131.4729, 34.0402], [131.4725, 34.0401], [131.4721, 34.0405], [131.4717, 34.0403], [131.4715, 34.0405], [131.4711, 34.0423], [131.4706, 34.0424], [131.4708, 34.0433], [131.4702, 34.0441], [131.4679, 34.0446], [131.4671, 34.0451], [131.4661, 34.046], [131.4639, 34.0459], [131.4629, 34.0452], [131.462, 34.045], [131.4616, 34.045], [131.4605, 34.0445], [131.4596, 34.0448], [131.4593, 34.0452], [131.4592, 34.0459], [131.4592, 34.0471], [131.4587, 34.0473], [131.4584, 34.0478], [131.4576, 34.0482], [131.4575, 34.0498], [131.4571, 34.0505], [131.4575, 34.0514], [131.4574, 34.052], [131.457, 34.0523], [131.457, 34.0526], [131.4578, 34.0538], [131.4574, 34.0544], [131.4565, 34.0547], [131.4566, 34.0557], [131.456, 34.0558], [131.4557, 34.0567], [131.4554, 34.057], [131.4558, 34.0573], [131.4559, 34.0576], [131.4566, 34.0579], [131.4566, 34.0583], [131.4564, 34.0586], [131.4565, 34.0593], [131.4563, 34.0602], [131.4561, 34.0607], [131.4555, 34.0611], [131.4557, 34.0614], [131.4554, 34.0619], [131.4576, 34.063], [131.458, 34.0634], [131.4581, 34.064], [131.4596, 34.0643], [131.4602, 34.065], [131.4603, 34.0654], [131.4612, 34.0658], [131.462, 34.0659], [131.4626, 34.0665], [131.463, 34.0677], [131.4635, 34.068], [131.4643, 34.0683], [131.4644, 34.0685], [131.4654, 34.0681], [131.466, 34.0692], [131.4659, 34.0703], [131.4673, 34.0702], [131.4699, 34.0716], [131.4713, 34.0715], [131.4735, 34.074], [131.4762, 34.0736], [131.4765, 34.0737], [131.4771, 34.0742], [131.4785, 34.0746], [131.4798, 34.0747], [131.4805, 34.075], [131.481, 34.0756], [131.4812, 34.0765], [131.4816, 34.0774], [131.4818, 34.0785], [131.4817, 34.0797], [131.482, 34.0799], [131.4832, 34.0802], [131.4836, 34.0806], [131.4841, 34.0821], [131.4839, 34.0826], [131.4847, 34.0832], [131.4845, 34.0838], [131.4846, 34.0847], [131.4859, 34.0864], [131.4864, 34.0873], [131.4863, 34.088], [131.4868, 34.0883], [131.4878, 34.0885], [131.4905, 34.09], [131.4905, 34.0914], [131.491, 34.0933], [131.4907, 34.0939], [131.4908, 34.0942], [131.4917, 34.0948], [131.4926, 34.095], [131.4938, 34.0956], [131.4949, 34.0956], [131.496, 34.0961], [131.4961, 34.0967], [131.4974, 34.0974], [131.4977, 34.0981], [131.4983, 34.0979], [131.4989, 34.0984], [131.4994, 34.0985], [131.4998, 34.0992], [131.5005, 34.0989], [131.5013, 34.0989], [131.5017, 34.0983], [131.5029, 34.0979], [131.5043, 34.0986], [131.5061, 34.0983], [131.5076, 34.0966], [131.5085, 34.0962], [131.5095, 34.0962], [131.51, 34.0964], [131.5105, 34.0959], [131.5117, 34.0956], [131.5118, 34.0942], [131.5132, 34.0928], [131.5142, 34.0925], [131.5147, 34.0921], [131.5148, 34.0914], [131.5161, 34.09], [131.5166, 34.0896], [131.5173, 34.0895], [131.5178, 34.0891], [131.5173, 34.088], [131.5182, 34.0877], [131.5184, 34.0868], [131.5187, 34.0866], [131.5194, 34.0865], [131.5207, 34.0866], [131.521, 34.0873], [131.5214, 34.0875], [131.5237, 34.0872], [131.5236, 34.0878], [131.5237, 34.0885], [131.5245, 34.0894], [131.5262, 34.0893], [131.5277, 34.0897], [131.5318, 34.0899], [131.5324, 34.0907], [131.5323, 34.0911], [131.5328, 34.0913], [131.5328, 34.0917], [131.533, 34.092], [131.5328, 34.0929], [131.5328, 34.0932], [131.5339, 34.0929], [131.5351, 34.0929], [131.5359, 34.0927], [131.5367, 34.0929], [131.5379, 34.0944], [131.5392, 34.0943], [131.5429, 34.0952], [131.5441, 34.0958], [131.5449, 34.0966], [131.5451, 34.0966], [131.546, 34.096], [131.5468, 34.0961], [131.5485, 34.0957], [131.5501, 34.0964], [131.5507, 34.0968], [131.5511, 34.0969], [131.5514, 34.0977], [131.551, 34.0989], [131.551, 34.0992], [131.5513, 34.0996], [131.5521, 34.1], [131.5521, 34.101], [131.553, 34.102], [131.5531, 34.1026], [131.5535, 34.103], [131.5535, 34.1037], [131.5537, 34.1044], [131.5543, 34.1046], [131.5544, 34.1052], [131.555, 34.1059], [131.5555, 34.1062], [131.5561, 34.1062], [131.5564, 34.1066], [131.5571, 34.1068], [131.5575, 34.1073], [131.558, 34.1073], [131.5583, 34.1075], [131.5583, 34.1078], [131.558, 34.1081], [131.5582, 34.1085], [131.5579, 34.1097], [131.5569, 34.1107], [131.5567, 34.1116], [131.5574, 34.1124], [131.5573, 34.1142], [131.558, 34.1144], [131.5583, 34.1148], [131.5597, 34.1155], [131.5595, 34.1172], [131.5599, 34.1181], [131.5606, 34.1189], [131.5617, 34.1195], [131.5624, 34.1205], [131.563, 34.1209], [131.563, 34.1222], [131.5638, 34.1225], [131.5656, 34.1213], [131.5662, 34.1212], [131.5686, 34.1219], [131.5691, 34.1215], [131.5698, 34.1203], [131.5706, 34.12], [131.5712, 34.1202], [131.5714, 34.1207], [131.5721, 34.1213], [131.5747, 34.1219], [131.5755, 34.1222], [131.5759, 34.1227], [131.5761, 34.1232], [131.5759, 34.1243], [131.5762, 34.125], [131.5749, 34.1253], [131.5731, 34.1253], [131.5721, 34.1283], [131.5728, 34.1297], [131.5723, 34.1312], [131.5728, 34.1332], [131.5728, 34.134], [131.5733, 34.135], [131.5744, 34.1354], [131.575, 34.1361], [131.5758, 34.1362], [131.5766, 34.1361], [131.5773, 34.1363], [131.5786, 34.136], [131.5801, 34.1366], [131.5807, 34.1376], [131.5809, 34.1387], [131.5807, 34.1398], [131.5811, 34.1404], [131.5823, 34.1409], [131.5832, 34.1411], [131.5841, 34.1421], [131.5844, 34.143], [131.5837, 34.1431], [131.5832, 34.1441], [131.5825, 34.1446], [131.5826, 34.146], [131.5823, 34.1463], [131.5816, 34.1467], [131.5815, 34.1473], [131.5811, 34.148], [131.5812, 34.1486], [131.5804, 34.1497], [131.5805, 34.1502], [131.5816, 34.1511], [131.582, 34.1518], [131.5825, 34.1516], [131.5859, 34.151], [131.587, 34.1517], [131.5875, 34.1525], [131.5887, 34.1522], [131.5893, 34.1517], [131.5897, 34.1518], [131.5908, 34.1504], [131.5926, 34.1502], [131.5932, 34.1504], [131.5931, 34.1498], [131.5942, 34.1494], [131.5941, 34.1488], [131.5943, 34.1483], [131.5957, 34.1478], [131.597, 34.1478], [131.5989, 34.1465], [131.6012, 34.1465], [131.6016, 34.1467], [131.6018, 34.1473], [131.6027, 34.1474], [131.6035, 34.1472], [131.6038, 34.1469], [131.6061, 34.1465], [131.6076, 34.1474], [131.6083, 34.147], [131.6093, 34.1466], [131.6107, 34.1455], [131.6116, 34.1453], [131.6125, 34.1441], [131.6129, 34.1433], [131.6138, 34.1434], [131.6155, 34.1432], [131.6166, 34.1429], [131.6188, 34.1431], [131.6191, 34.1407], [131.619, 34.1387], [131.6211, 34.1388], [131.6228, 34.1395], [131.6238, 34.1396], [131.6241, 34.1417], [131.6249, 34.1424], [131.6262, 34.1423], [131.6272, 34.1424], [131.6276, 34.1427], [131.6279, 34.1442], [131.6293, 34.1461], [131.6284, 34.1467], [131.6282, 34.1472], [131.6282, 34.1491], [131.6285, 34.1497], [131.6286, 34.1496], [131.6288, 34.1498], [131.6286, 34.1499], [131.6288, 34.15], [131.6298, 34.15], [131.6312, 34.1496], [131.6334, 34.1496], [131.6332, 34.1514], [131.6323, 34.1521], [131.6319, 34.1528], [131.6318, 34.1535], [131.6313, 34.1538], [131.6312, 34.1552], [131.6314, 34.1557], [131.6322, 34.157], [131.6351, 34.1588], [131.6358, 34.1598], [131.6363, 34.1598], [131.6367, 34.1596], [131.6373, 34.1596], [131.6387, 34.1601], [131.6393, 34.1598], [131.6401, 34.1597], [131.6409, 34.1604], [131.6425, 34.159], [131.6432, 34.1592], [131.6466, 34.1584], [131.6483, 34.1585], [131.65, 34.1584], [131.6528, 34.1576], [131.6534, 34.1567], [131.6549, 34.1572], [131.656, 34.1578], [131.6572, 34.1558], [131.6578, 34.1554], [131.6578, 34.155], [131.658, 34.1545], [131.6606, 34.152], [131.66, 34.1511], [131.6589, 34.1505], [131.6588, 34.1498], [131.659, 34.1492], [131.6589, 34.1483], [131.6585, 34.1478], [131.658, 34.1468], [131.6573, 34.1458], [131.6576, 34.1444], [131.6571, 34.143], [131.6575, 34.1425], [131.6574, 34.1417], [131.6566, 34.14], [131.6552, 34.1397], [131.6552, 34.1393], [131.6543, 34.1384], [131.6533, 34.1367], [131.6543, 34.1367], [131.6556, 34.1362], [131.6567, 34.1362], [131.659, 34.1363], [131.6601, 34.1368], [131.6609, 34.1367], [131.6616, 34.1363], [131.6622, 34.1365], [131.6641, 34.136], [131.6664, 34.1347], [131.6667, 34.1343], [131.6681, 34.1348], [131.6687, 34.1352], [131.6702, 34.135], [131.6709, 34.1351], [131.6716, 34.1349], [131.6731, 34.1348], [131.6745, 34.135], [131.6748, 34.1346], [131.6761, 34.1342], [131.6768, 34.1336], [131.6777, 34.1331], [131.6789, 34.1334], [131.6793, 34.1332], [131.6797, 34.1332], [131.6799, 34.1326], [131.6806, 34.1327], [131.681, 34.1322], [131.6815, 34.132], [131.6821, 34.132], [131.6835, 34.1323], [131.6842, 34.1321], [131.6859, 34.1325], [131.6857, 34.1332], [131.6861, 34.134], [131.6877, 34.1345], [131.6883, 34.1348], [131.6889, 34.1363], [131.689, 34.137], [131.6906, 34.14], [131.6917, 34.1408], [131.6926, 34.142], [131.6931, 34.1421], [131.6943, 34.1412], [131.6957, 34.141], [131.6964, 34.1411], [131.6971, 34.1415], [131.6985, 34.1419], [131.7001, 34.1409], [131.701, 34.14], [131.7053, 34.1374], [131.7058, 34.1368], [131.7062, 34.1359], [131.707, 34.1358], [131.7074, 34.134], [131.7079, 34.1331], [131.7105, 34.1329], [131.7114, 34.1332], [131.7124, 34.1327], [131.7132, 34.1328], [131.7143, 34.134], [131.7143, 34.1349], [131.7147, 34.1356], [131.7148, 34.1365], [131.7198, 34.1367], [131.7198, 34.137], [131.7202, 34.1371], [131.7205, 34.1381], [131.7214, 34.1391], [131.7218, 34.1391], [131.7227, 34.1402], [131.7222, 34.1404], [131.7221, 34.1405], [131.7229, 34.1404], [131.7233, 34.1407], [131.7241, 34.1406], [131.7251, 34.141], [131.7254, 34.1412], [131.7254, 34.1422], [131.7258, 34.1428], [131.7255, 34.1438], [131.7258, 34.1453], [131.7264, 34.1463], [131.7265, 34.1467], [131.7255, 34.1475], [131.7248, 34.1476], [131.7256, 34.1487], [131.7259, 34.1498], [131.7258, 34.1506], [131.7254, 34.1511], [131.7246, 34.1513], [131.7241, 34.1521], [131.7244, 34.1534], [131.7236, 34.1539], [131.7238, 34.1552], [131.7234, 34.1558], [131.7231, 34.1577], [131.7224, 34.1583], [131.7227, 34.159], [131.7229, 34.1608], [131.7233, 34.1615], [131.7234, 34.1617], [131.7243, 34.1619], [131.7252, 34.1625], [131.7255, 34.1633], [131.7262, 34.1637], [131.7269, 34.1638], [131.7282, 34.1634], [131.7296, 34.1625], [131.7298, 34.1621], [131.7316, 34.1625], [131.7323, 34.1632], [131.7323, 34.1637], [131.7315, 34.1639], [131.7307, 34.1646], [131.7307, 34.1649], [131.7319, 34.1655], [131.7327, 34.1658], [131.7332, 34.1657], [131.7341, 34.1651], [131.7343, 34.1665], [131.7346, 34.1669], [131.7352, 34.167], [131.7367, 34.1667], [131.7382, 34.168], [131.7381, 34.1683], [131.7376, 34.1685], [131.7389, 34.1705], [131.7385, 34.171], [131.739, 34.1713], [131.7395, 34.1721], [131.7395, 34.1738], [131.7385, 34.1752], [131.7377, 34.1755], [131.738, 34.1759], [131.7392, 34.1764], [131.7393, 34.1769], [131.7385, 34.1774], [131.738, 34.1774], [131.737, 34.1767], [131.7363, 34.1766], [131.7353, 34.1758], [131.7346, 34.1764], [131.7337, 34.176], [131.7332, 34.1761], [131.7328, 34.1764], [131.7326, 34.1769], [131.7328, 34.1783], [131.7323, 34.179], [131.7322, 34.1795], [131.7323, 34.18], [131.7327, 34.1805], [131.7321, 34.1811], [131.732, 34.1817], [131.7322, 34.182], [131.733, 34.1824], [131.733, 34.1835], [131.7332, 34.1838], [131.7348, 34.1847], [131.7355, 34.1861], [131.7355, 34.1864], [131.7349, 34.1871], [131.735, 34.1878], [131.7342, 34.1881], [131.7343, 34.1896], [131.7348, 34.1899], [131.7356, 34.1908], [131.7363, 34.1895], [131.7368, 34.1895], [131.738, 34.1904], [131.7384, 34.1914], [131.7388, 34.1912], [131.7406, 34.1911], [131.7409, 34.1908], [131.7415, 34.1909], [131.7422, 34.1906], [131.7428, 34.1907], [131.7432, 34.1903], [131.7441, 34.1908], [131.7457, 34.1906], [131.746, 34.1904], [131.7462, 34.1898], [131.7472, 34.1896], [131.7479, 34.1888], [131.7491, 34.1892], [131.7495, 34.1895], [131.7501, 34.1896], [131.7522, 34.1893], [131.7529, 34.1887], [131.753, 34.1885], [131.7562, 34.1895], [131.7574, 34.1896], [131.7585, 34.1893], [131.7594, 34.1904], [131.7601, 34.1916], [131.7612, 34.1921], [131.7612, 34.1925], [131.7617, 34.1933], [131.7624, 34.1933], [131.7637, 34.1937], [131.7639, 34.1947], [131.7636, 34.1958], [131.7635, 34.196], [131.7626, 34.1963], [131.7628, 34.1973], [131.7626, 34.1993], [131.7621, 34.1993], [131.7605, 34.1985], [131.7597, 34.1984], [131.7597, 34.199], [131.7599, 34.1997], [131.7595, 34.2005], [131.7596, 34.2012], [131.7599, 34.2016], [131.7605, 34.2019], [131.7594, 34.2025], [131.7598, 34.2039], [131.7594, 34.2044], [131.7577, 34.2044], [131.7574, 34.2064], [131.7571, 34.207], [131.7565, 34.2075], [131.7557, 34.2078], [131.7558, 34.2087], [131.7557, 34.2094], [131.7536, 34.2111], [131.7527, 34.2125], [131.752, 34.2127], [131.751, 34.2136], [131.7508, 34.2141], [131.7511, 34.2155], [131.7509, 34.2158], [131.751, 34.2165], [131.7503, 34.2169], [131.7503, 34.2179], [131.7507, 34.2184], [131.7504, 34.2195], [131.7509, 34.2203], [131.7507, 34.2215], [131.7516, 34.222], [131.7516, 34.2229], [131.7512, 34.2239], [131.7511, 34.2246], [131.7491, 34.2253], [131.7484, 34.2259], [131.7475, 34.2261], [131.747, 34.2268], [131.7461, 34.227], [131.7461, 34.2273], [131.7473, 34.2277], [131.7474, 34.2279], [131.7473, 34.2294], [131.7475, 34.2299], [131.7477, 34.2311], [131.7473, 34.2322], [131.7476, 34.2329], [131.7473, 34.2339], [131.7464, 34.2347], [131.7458, 34.2348], [131.7459, 34.2361], [131.7455, 34.2366], [131.7448, 34.2386], [131.7439, 34.2389], [131.7438, 34.2408], [131.7434, 34.2412], [131.7441, 34.2423], [131.7442, 34.2431], [131.7447, 34.2434], [131.7448, 34.2441], [131.7443, 34.2443], [131.7438, 34.245], [131.7435, 34.2451], [131.7426, 34.2446], [131.7417, 34.2447], [131.7412, 34.2452], [131.7413, 34.2469], [131.7412, 34.2471], [131.7405, 34.247], [131.7401, 34.2474], [131.7396, 34.2476], [131.7392, 34.248], [131.7392, 34.2486], [131.7396, 34.2499], [131.7404, 34.2505], [131.7403, 34.2517], [131.7406, 34.2522], [131.7409, 34.2532], [131.7409, 34.2547], [131.7417, 34.2553], [131.7413, 34.2558], [131.7429, 34.2571], [131.7426, 34.2582], [131.7434, 34.2583], [131.7439, 34.2585], [131.7439, 34.2592], [131.7443, 34.2594], [131.7444, 34.2597], [131.7452, 34.2601], [131.7455, 34.2607], [131.746, 34.2607], [131.7463, 34.26], [131.7469, 34.2605], [131.7477, 34.2603], [131.7483, 34.2608], [131.7497, 34.2606], [131.7509, 34.2615], [131.7522, 34.2619], [131.7532, 34.2631], [131.7533, 34.2648], [131.7538, 34.2656], [131.7551, 34.2667], [131.7553, 34.2672], [131.7547, 34.2686], [131.7544, 34.2705], [131.7541, 34.2712], [131.7542, 34.2714], [131.7545, 34.2719], [131.7553, 34.272], [131.7557, 34.2725], [131.7565, 34.2723], [131.7568, 34.2724], [131.757, 34.2721], [131.7573, 34.2722], [131.7578, 34.2728], [131.7593, 34.2735], [131.7589, 34.274], [131.7573, 34.2751], [131.7572, 34.2758], [131.7567, 34.2762], [131.756, 34.2769], [131.7552, 34.2788], [131.7547, 34.2791], [131.7541, 34.2799], [131.753, 34.2806], [131.7527, 34.2824], [131.7504, 34.2839], [131.7501, 34.2841], [131.7499, 34.2848], [131.749, 34.2854], [131.7479, 34.2856], [131.7476, 34.2865], [131.7468, 34.287], [131.7468, 34.2873], [131.7452, 34.2884], [131.7438, 34.2891], [131.7439, 34.2896], [131.7437, 34.2903], [131.743, 34.2913], [131.7431, 34.2919], [131.7422, 34.2928], [131.7423, 34.2935], [131.7426, 34.2941], [131.7424, 34.2946], [131.744, 34.2954], [131.7444, 34.2969], [131.7463, 34.2975], [131.7474, 34.2988], [131.7497, 34.2985], [131.7503, 34.2996], [131.75, 34.3013], [131.7492, 34.3016], [131.7484, 34.3029], [131.7489, 34.3043], [131.7495, 34.305], [131.7496, 34.3055], [131.749, 34.306], [131.7472, 34.3073], [131.7469, 34.3077], [131.747, 34.3089], [131.7467, 34.3092], [131.7463, 34.3099], [131.7452, 34.3102], [131.7454, 34.3109], [131.7448, 34.3116], [131.7448, 34.3124], [131.7438, 34.3138], [131.7442, 34.3145], [131.7441, 34.3152], [131.7455, 34.3163], [131.7462, 34.3165], [131.7469, 34.3165], [131.7471, 34.3168], [131.7469, 34.3173], [131.7462, 34.3178], [131.7461, 34.3188], [131.7459, 34.3191], [131.7465, 34.3196], [131.7464, 34.3207], [131.7463, 34.321], [131.7454, 34.3217], [131.7453, 34.3219], [131.7458, 34.3226], [131.7459, 34.3237], [131.7457, 34.3242], [131.7461, 34.3249], [131.7458, 34.3258], [131.7461, 34.3267], [131.7456, 34.3281], [131.7452, 34.3284], [131.7449, 34.3293], [131.7475, 34.3288], [131.7485, 34.3288], [131.7501, 34.3294], [131.7504, 34.3294], [131.7509, 34.33], [131.7515, 34.3303], [131.7524, 34.3304], [131.7541, 34.3299], [131.7547, 34.3299], [131.7554, 34.3303], [131.7568, 34.3312], [131.7555, 34.3327], [131.7556, 34.3339], [131.7548, 34.3348], [131.7542, 34.3362], [131.7547, 34.3371], [131.7552, 34.3375], [131.7552, 34.3381], [131.7568, 34.3403], [131.756, 34.3421], [131.7556, 34.3425], [131.7562, 34.3435], [131.7559, 34.3443], [131.7559, 34.3458], [131.7561, 34.3465], [131.7568, 34.347], [131.7575, 34.347], [131.758, 34.3475], [131.7589, 34.348], [131.7597, 34.3499], [131.7606, 34.3503], [131.7629, 34.3506], [131.7635, 34.3511], [131.7645, 34.3514], [131.7644, 34.3522], [131.7647, 34.3533], [131.7652, 34.3534], [131.7662, 34.3534], [131.7671, 34.3536], [131.7682, 34.3536], [131.7701, 34.3557], [131.7708, 34.3561], [131.7702, 34.3576], [131.7703, 34.3584], [131.7686, 34.3616], [131.7677, 34.3623], [131.767, 34.3633], [131.7654, 34.3636], [131.7672, 34.3672], [131.7671, 34.3678], [131.7661, 34.3696], [131.7663, 34.3704], [131.7659, 34.3717], [131.767, 34.3731], [131.7673, 34.3743], [131.7671, 34.375], [131.7662, 34.3754], [131.7656, 34.3759], [131.7636, 34.3769], [131.7636, 34.3777], [131.7639, 34.379], [131.7637, 34.3803], [131.7643, 34.3817], [131.7647, 34.3819], [131.7651, 34.3823], [131.7653, 34.3837], [131.7663, 34.3847], [131.767, 34.3851], [131.7675, 34.3849], [131.768, 34.3855], [131.7687, 34.3859], [131.7695, 34.3868], [131.7701, 34.3868], [131.7729, 34.3875], [131.7732, 34.3889], [131.7736, 34.3893], [131.7732, 34.3897], [131.7733, 34.3903], [131.7738, 34.3912], [131.7737, 34.3921], [131.7734, 34.3925], [131.7737, 34.393], [131.7738, 34.3937], [131.7741, 34.3939], [131.7748, 34.395], [131.7753, 34.3952], [131.7757, 34.3955], [131.7764, 34.3956], [131.7765, 34.3961], [131.7778, 34.3972], [131.7787, 34.3986], [131.7799, 34.399], [131.7805, 34.3987], [131.7819, 34.3994], [131.7845, 34.3997], [131.7848, 34.3999], [131.7846, 34.4009], [131.7851, 34.4017], [131.7852, 34.404], [131.7855, 34.4049], [131.7854, 34.4058], [131.7857, 34.4059], [131.7861, 34.4067], [131.7867, 34.4073], [131.7872, 34.4075], [131.788, 34.4084], [131.7875, 34.4088], [131.7876, 34.4092], [131.7872, 34.41], [131.7868, 34.4104], [131.7871, 34.4115], [131.7868, 34.4122], [131.7869, 34.4131], [131.7876, 34.4143], [131.7877, 34.4147], [131.7889, 34.4154], [131.7896, 34.4169], [131.7899, 34.4172], [131.7904, 34.4181], [131.7912, 34.4184], [131.7914, 34.419], [131.7912, 34.4195], [131.7917, 34.4206], [131.7924, 34.4213], [131.7925, 34.4221], [131.7933, 34.4227], [131.7929, 34.4238], [131.7931, 34.425], [131.7939, 34.4252], [131.7942, 34.4257], [131.7945, 34.4276], [131.7941, 34.4282], [131.7944, 34.4286], [131.7942, 34.429], [131.7947, 34.4295], [131.7951, 34.4306], [131.7947, 34.4311], [131.7947, 34.4317], [131.795, 34.4321], [131.7948, 34.4329], [131.7956, 34.4334], [131.7947, 34.4337], [131.7937, 34.435], [131.7938, 34.4364], [131.7908, 34.4359], [131.7892, 34.4353], [131.7889, 34.435], [131.7875, 34.4345], [131.7864, 34.4346], [131.78, 34.4359], [131.7781, 34.4354], [131.777, 34.4348], [131.7766, 34.4348], [131.7749, 34.4352], [131.7731, 34.435], [131.7729, 34.4351], [131.7728, 34.4365], [131.7726, 34.4367], [131.7706, 34.4372], [131.7701, 34.4364], [131.7684, 34.4359], [131.765, 34.4354], [131.7631, 34.4348], [131.7624, 34.4341], [131.7618, 34.4339], [131.7586, 34.4344], [131.7579, 34.4355], [131.7564, 34.4365], [131.7564, 34.4373], [131.7569, 34.438], [131.7574, 34.4395], [131.757, 34.4397], [131.756, 34.4399], [131.7553, 34.4405], [131.7545, 34.4395], [131.7538, 34.4391], [131.7519, 34.4392], [131.7508, 34.4376], [131.7495, 34.4368], [131.7486, 34.4361], [131.7475, 34.4358], [131.7466, 34.4354], [131.7452, 34.4354], [131.7439, 34.4332], [131.7435, 34.4319], [131.7419, 34.4304], [131.7416, 34.4294], [131.7413, 34.4293], [131.7393, 34.4291], [131.7387, 34.4286], [131.7383, 34.4284], [131.7379, 34.4285], [131.7374, 34.4291], [131.7364, 34.4298], [131.7358, 34.4298], [131.7348, 34.4303], [131.7335, 34.4303], [131.7325, 34.4316], [131.7316, 34.4314], [131.731, 34.4314], [131.7299, 34.4321], [131.7294, 34.4327], [131.7269, 34.4314], [131.7262, 34.4303], [131.7258, 34.43], [131.7249, 34.4296], [131.7234, 34.4297], [131.7231, 34.4294], [131.723, 34.4289], [131.7227, 34.4288], [131.7213, 34.4286], [131.7197, 34.4293], [131.7184, 34.4294], [131.7173, 34.43], [131.7165, 34.4296], [131.7156, 34.4297], [131.7149, 34.4288], [131.713, 34.4284], [131.7124, 34.4286], [131.7121, 34.4293], [131.7111, 34.43], [131.7108, 34.4307], [131.71, 34.432], [131.709, 34.4318], [131.7081, 34.4324], [131.7077, 34.4325], [131.7073, 34.4334], [131.706, 34.4331], [131.7059, 34.4337], [131.7056, 34.4342], [131.7023, 34.4361], [131.7008, 34.4354], [131.6988, 34.4351], [131.6978, 34.4352], [131.6967, 34.4357], [131.6966, 34.4361], [131.6967, 34.437], [131.6958, 34.4375], [131.6953, 34.4384], [131.6951, 34.4395], [131.6955, 34.4401], [131.6954, 34.4404], [131.694, 34.4431], [131.6938, 34.444], [131.6945, 34.4456], [131.6948, 34.4458], [131.6958, 34.4458], [131.6973, 34.4462], [131.6976, 34.4467], [131.6977, 34.4483], [131.6987, 34.4499], [131.6991, 34.4522], [131.6991, 34.4523], [131.6984, 34.4527], [131.6982, 34.4536], [131.6977, 34.454], [131.6975, 34.4541], [131.6963, 34.454], [131.6955, 34.4546], [131.6957, 34.4554], [131.6957, 34.4557], [131.6953, 34.456], [131.6953, 34.4562], [131.6964, 34.457], [131.6966, 34.4577], [131.6958, 34.459], [131.6958, 34.4599], [131.6953, 34.4601], [131.6955, 34.4612], [131.6941, 34.4623], [131.6944, 34.4634], [131.6942, 34.464], [131.6944, 34.4646], [131.694, 34.4651], [131.6939, 34.4657], [131.6945, 34.467], [131.6964, 34.468], [131.6976, 34.4689], [131.6988, 34.4702], [131.6993, 34.4713], [131.7, 34.4745], [131.7, 34.4748], [131.6994, 34.4757], [131.6994, 34.4765], [131.6991, 34.4772], [131.6976, 34.4777], [131.6976, 34.4785], [131.6972, 34.479], [131.6969, 34.4799], [131.6962, 34.4808], [131.6957, 34.481], [131.6945, 34.4812], [131.6934, 34.4817], [131.6931, 34.4816], [131.6915, 34.4801], [131.6898, 34.48], [131.6886, 34.479], [131.6864, 34.4793], [131.6851, 34.479], [131.6844, 34.4784], [131.6833, 34.4784], [131.6825, 34.4785], [131.6821, 34.4787], [131.6817, 34.4803], [131.6817, 34.4817], [131.6819, 34.4824], [131.6818, 34.4832], [131.6816, 34.4839], [131.6812, 34.4842], [131.6805, 34.4853], [131.6817, 34.4868], [131.6824, 34.4883], [131.6823, 34.4911], [131.682, 34.4919], [131.6823, 34.4931], [131.6799, 34.4933], [131.6796, 34.4935], [131.6787, 34.4946], [131.6783, 34.4958], [131.6774, 34.497], [131.6754, 34.5012], [131.6743, 34.5012], [131.6736, 34.5021], [131.6727, 34.5024], [131.6707, 34.5022], [131.67, 34.5023], [131.6693, 34.5027], [131.6685, 34.504], [131.6681, 34.5042], [131.6673, 34.5034], [131.6664, 34.5029], [131.6658, 34.5026], [131.6648, 34.5025], [131.664, 34.5025], [131.6638, 34.5027], [131.6626, 34.5041], [131.662, 34.5035], [131.6613, 34.5034], [131.6589, 34.5039], [131.6581, 34.5043], [131.6572, 34.5044], [131.6556, 34.5039], [131.6549, 34.5029], [131.654, 34.5022], [131.6537, 34.5012], [131.6541, 34.5001], [131.6536, 34.5001], [131.6529, 34.5003], [131.6519, 34.4998], [131.6499, 34.4997], [131.6457, 34.4988], [131.6454, 34.4978], [131.6458, 34.4973], [131.6461, 34.4962], [131.6464, 34.4959], [131.648, 34.4951], [131.6483, 34.4941], [131.6492, 34.4937], [131.6492, 34.4927], [131.6494, 34.4924], [131.6503, 34.4917], [131.6508, 34.4908], [131.6506, 34.4897], [131.6492, 34.4891], [131.6478, 34.489], [131.6473, 34.4889], [131.6462, 34.488], [131.6459, 34.4876], [131.6458, 34.487], [131.6466, 34.4864], [131.6466, 34.4855], [131.6473, 34.4851], [131.6478, 34.4844], [131.6493, 34.4834], [131.6494, 34.4821], [131.6495, 34.4819], [131.6507, 34.481], [131.6516, 34.4808], [131.6522, 34.48], [131.6532, 34.4795], [131.6529, 34.4788], [131.6518, 34.4779], [131.6507, 34.4779], [131.6501, 34.4776], [131.6498, 34.4774], [131.6493, 34.4766], [131.6497, 34.4752], [131.6505, 34.4747], [131.6501, 34.4742], [131.6502, 34.4731], [131.6499, 34.4725], [131.65, 34.4717], [131.6494, 34.4709], [131.6499, 34.4698], [131.6489, 34.4691], [131.6486, 34.4681], [131.6474, 34.4675], [131.6469, 34.4666], [131.6465, 34.4663], [131.646, 34.4662], [131.6453, 34.4662], [131.6429, 34.4669], [131.6425, 34.4663], [131.6416, 34.4655], [131.6404, 34.4653], [131.6394, 34.4654], [131.6384, 34.4643], [131.6381, 34.4635], [131.6382, 34.4631], [131.638, 34.4626], [131.6385, 34.4621], [131.6386, 34.4613], [131.6395, 34.4612], [131.6398, 34.461], [131.64, 34.4602], [131.6405, 34.4597], [131.6405, 34.4593], [131.6401, 34.4586], [131.6389, 34.4583], [131.6385, 34.458], [131.6386, 34.4575], [131.639, 34.4571], [131.6388, 34.4569], [131.6387, 34.4563], [131.6382, 34.4557], [131.638, 34.456], [131.6366, 34.4564], [131.6355, 34.4557], [131.6346, 34.4556], [131.6344, 34.4553], [131.6342, 34.4534], [131.6339, 34.453], [131.6342, 34.4506], [131.6341, 34.45], [131.6343, 34.4494], [131.6341, 34.4485], [131.6349, 34.447], [131.6343, 34.4464], [131.6343, 34.4454], [131.634, 34.4448], [131.6338, 34.4445], [131.6325, 34.444], [131.6318, 34.4443], [131.6302, 34.4439], [131.629, 34.4442], [131.6282, 34.4437], [131.6274, 34.4435], [131.6274, 34.4429], [131.6281, 34.4418], [131.6279, 34.4411], [131.6272, 34.4397], [131.6262, 34.4393], [131.6258, 34.4383], [131.6238, 34.4375], [131.6233, 34.437], [131.6228, 34.4359], [131.6227, 34.4347], [131.6223, 34.4342], [131.6227, 34.4331], [131.6217, 34.4326], [131.6206, 34.4317], [131.6191, 34.4322], [131.6177, 34.432], [131.6171, 34.4321], [131.6168, 34.4314], [131.6163, 34.4312], [131.6164, 34.4303], [131.6159, 34.43], [131.6162, 34.429], [131.6154, 34.4285], [131.6152, 34.4276], [131.6145, 34.4272], [131.6144, 34.4264], [131.6149, 34.4257], [131.6147, 34.4252], [131.6132, 34.4249], [131.6123, 34.4237], [131.6106, 34.4231], [131.6101, 34.4217], [131.609, 34.4212], [131.6086, 34.4195], [131.6075, 34.4189], [131.6072, 34.4184], [131.6067, 34.4182], [131.6057, 34.418], [131.6057, 34.4178], [131.6064, 34.4174], [131.6059, 34.4161], [131.6064, 34.4157], [131.6068, 34.4145], [131.6066, 34.4132], [131.6069, 34.4128], [131.6068, 34.4121], [131.6072, 34.4116], [131.6066, 34.4098], [131.605, 34.4093], [131.603, 34.4081], [131.6022, 34.4078], [131.6018, 34.4078], [131.6008, 34.4083], [131.5992, 34.4088], [131.5976, 34.4091], [131.5954, 34.4089], [131.5946, 34.4095], [131.5933, 34.4097], [131.5927, 34.4103], [131.5919, 34.4102], [131.5915, 34.41], [131.5899, 34.4086], [131.5895, 34.4087], [131.5893, 34.4085], [131.5876, 34.4075], [131.5867, 34.4073], [131.5849, 34.4073], [131.5812, 34.4079], [131.5799, 34.4078], [131.5784, 34.4074], [131.5773, 34.4077], [131.5765, 34.4077], [131.5761, 34.4079], [131.5752, 34.4091], [131.5747, 34.4106], [131.5728, 34.4104], [131.5693, 34.4132], [131.5653, 34.412], [131.5624, 34.4125], [131.5586, 34.4116], [131.5567, 34.4103], [131.5563, 34.4102], [131.5554, 34.4097], [131.5553, 34.4094], [131.5549, 34.4091], [131.5544, 34.409], [131.5536, 34.4092], [131.5514, 34.4085], [131.5511, 34.4085], [131.5504, 34.4091], [131.5484, 34.4093], [131.5467, 34.4099], [131.546, 34.41], [131.5446, 34.4098], [131.5436, 34.4089], [131.5431, 34.4088], [131.5426, 34.4091], [131.5425, 34.4098], [131.5422, 34.4133], [131.5416, 34.4137], [131.5408, 34.4147], [131.5401, 34.4122], [131.5393, 34.4112], [131.5387, 34.4107], [131.5375, 34.4108], [131.5367, 34.4106], [131.5374, 34.4093], [131.538, 34.4072], [131.5376, 34.4066], [131.5378, 34.4049], [131.5385, 34.4043], [131.5387, 34.4037], [131.5393, 34.4032], [131.5395, 34.4027], [131.5391, 34.4011], [131.5385, 34.4004], [131.5389, 34.4], [131.5389, 34.3994], [131.5398, 34.3989], [131.5398, 34.3981], [131.5404, 34.3977], [131.5405, 34.397], [131.5418, 34.3968], [131.5429, 34.3961], [131.5438, 34.395], [131.5439, 34.3942], [131.5455, 34.3945], [131.5467, 34.3941], [131.5467, 34.3932], [131.5471, 34.3931], [131.5473, 34.3929], [131.5473, 34.392], [131.547, 34.3913], [131.547, 34.3904], [131.5482, 34.3886], [131.5462, 34.3872], [131.5445, 34.3864], [131.5428, 34.386], [131.5422, 34.3856], [131.5414, 34.3854], [131.5407, 34.3845], [131.5403, 34.3841], [131.5395, 34.3826], [131.5383, 34.3825], [131.5367, 34.3813], [131.536, 34.3812], [131.5358, 34.3802], [131.5351, 34.3799], [131.5342, 34.3779], [131.5333, 34.3778], [131.5331, 34.3775], [131.5333, 34.3755], [131.5332, 34.3746], [131.5329, 34.374], [131.5337, 34.3728], [131.5339, 34.3719], [131.5333, 34.3704], [131.5338, 34.3692], [131.5362, 34.3668], [131.5388, 34.3656], [131.5397, 34.3657], [131.5407, 34.3664], [131.5412, 34.3664], [131.5422, 34.3657], [131.543, 34.3643], [131.5437, 34.3639], [131.5459, 34.3637], [131.548, 34.363], [131.5497, 34.3618], [131.5512, 34.3616], [131.5529, 34.362], [131.5536, 34.3619], [131.5538, 34.3617], [131.5543, 34.3603], [131.5545, 34.3587], [131.5566, 34.3556], [131.5579, 34.3546], [131.5579, 34.3543], [131.557, 34.3536], [131.5569, 34.3533], [131.5586, 34.3507], [131.5596, 34.3486], [131.5606, 34.3454], [131.5608, 34.3441], [131.5608, 34.3422], [131.5609, 34.3418], [131.5614, 34.3415], [131.5615, 34.3413], [131.5586, 34.3364], [131.5588, 34.3338], [131.5593, 34.3329], [131.561, 34.3308], [131.5625, 34.3314], [131.5634, 34.3313], [131.5658, 34.3293], [131.5663, 34.3283], [131.5666, 34.3262], [131.5652, 34.3233], [131.5638, 34.3223], [131.5631, 34.3216], [131.563, 34.321], [131.5632, 34.3204], [131.5625, 34.32], [131.5628, 34.3197], [131.5626, 34.3191], [131.5618, 34.3186], [131.5612, 34.318], [131.56, 34.3177], [131.5602, 34.3162], [131.5588, 34.3129], [131.5589, 34.3122], [131.5585, 34.3113], [131.558, 34.308], [131.5551, 34.3069], [131.5531, 34.3067], [131.5523, 34.3061], [131.5526, 34.3052], [131.5524, 34.3046], [131.5527, 34.3032], [131.5523, 34.3024], [131.5516, 34.3018], [131.5516, 34.3013], [131.5496, 34.299], [131.5488, 34.2994], [131.5478, 34.2992], [131.5467, 34.3002], [131.5459, 34.2997], [131.5455, 34.2997], [131.5447, 34.3008], [131.5445, 34.3018], [131.544, 34.3025], [131.5439, 34.3036], [131.5432, 34.3044], [131.5427, 34.3042], [131.5424, 34.3044], [131.5415, 34.3044], [131.5409, 34.3048], [131.5376, 34.3001], [131.5368, 34.3003], [131.5358, 34.2998], [131.5322, 34.2993], [131.5324, 34.2976], [131.5338, 34.2956], [131.533, 34.2948], [131.5326, 34.2946], [131.5324, 34.294], [131.5303, 34.2938], [131.5303, 34.2933], [131.5299, 34.2925], [131.5289, 34.2922], [131.5275, 34.2915], [131.5268, 34.2917], [131.5259, 34.2909], [131.5255, 34.2904], [131.5246, 34.2901], [131.5244, 34.2894], [131.5228, 34.289], [131.5218, 34.2891], [131.5215, 34.2885], [131.5215, 34.2879], [131.5221, 34.2872], [131.5224, 34.2871], [131.5228, 34.2863], [131.5231, 34.286], [131.523, 34.2856], [131.5237, 34.2853], [131.524, 34.2844], [131.5247, 34.2839], [131.5256, 34.2836], [131.5262, 34.2829], [131.5265, 34.2815], [131.5251, 34.2809], [131.5253, 34.2803], [131.5242, 34.2797], [131.524, 34.2794], [131.5229, 34.2795], [131.5225, 34.2793], [131.5221, 34.2796], [131.5203, 34.2791], [131.5203, 34.2795], [131.5197, 34.2797], [131.5186, 34.2795], [131.5183, 34.2794], [131.518, 34.2788], [131.517, 34.2785], [131.5168, 34.2786], [131.516, 34.2797], [131.5154, 34.2799], [131.5152, 34.2797], [131.5153, 34.2791], [131.5151, 34.2788], [131.5141, 34.2781], [131.5141, 34.2778], [131.5157, 34.2753], [131.5154, 34.2748], [131.5155, 34.2745], [131.5163, 34.2735], [131.516, 34.2733], [131.5156, 34.2733], [131.5153, 34.2729], [131.5149, 34.2729], [131.5146, 34.2727], [131.5136, 34.2714], [131.5135, 34.2707], [131.5131, 34.2704], [131.5123, 34.2701], [131.5104, 34.2687], [131.5101, 34.2681], [131.5108, 34.2663], [131.5104, 34.2657], [131.5103, 34.265], [131.5096, 34.265], [131.5094, 34.2649], [131.5089, 34.264], [131.5076, 34.263], [131.5074, 34.2625], [131.507, 34.2619], [131.5065, 34.2617], [131.5063, 34.2612], [131.5053, 34.26], [131.505, 34.2592], [131.504, 34.2585], [131.5055, 34.2569], [131.5059, 34.2555], [131.5069, 34.2547], [131.5067, 34.2534], [131.5068, 34.2519], [131.5071, 34.2514], [131.5062, 34.2507], [131.5052, 34.2503], [131.505, 34.2499], [131.5044, 34.2494], [131.5039, 34.2486], [131.5019, 34.249], [131.5016, 34.2483], [131.5009, 34.2477], [131.5004, 34.2479], [131.5006, 34.2469], [131.5004, 34.2462], [131.5007, 34.2458], [131.5006, 34.2454], [131.5017, 34.2448], [131.5024, 34.2446], [131.5026, 34.2443], [131.5024, 34.2432], [131.5017, 34.2421], [131.5012, 34.242], [131.5003, 34.2422], [131.4992, 34.2404], [131.4974, 34.2401], [131.4969, 34.2397], [131.496, 34.2401], [131.4957, 34.2409], [131.4962, 34.2418], [131.496, 34.242], [131.4954, 34.2423], [131.4951, 34.2423], [131.4942, 34.2427], [131.4936, 34.2427], [131.4934, 34.2426], [131.4926, 34.2416], [131.4919, 34.2413], [131.4918, 34.2409], [131.4882, 34.2402], [131.4875, 34.2397], [131.4866, 34.2403], [131.4862, 34.2411], [131.4857, 34.2415], [131.4855, 34.2427], [131.4857, 34.2435], [131.4853, 34.2439], [131.4848, 34.2442], [131.484, 34.2444], [131.4827, 34.2441], [131.4823, 34.2446], [131.4817, 34.2448], [131.4813, 34.2448], [131.4808, 34.2443], [131.4804, 34.2432], [131.479, 34.2429], [131.4784, 34.2432], [131.4777, 34.2431], [131.4749, 34.2415], [131.4736, 34.2412], [131.473, 34.2414], [131.4728, 34.2414], [131.4716, 34.2399], [131.4709, 34.24], [131.4705, 34.2403], [131.4676, 34.2395], [131.467, 34.2393], [131.4668, 34.2389], [131.4655, 34.2386], [131.4648, 34.2381], [131.4642, 34.2382], [131.4635, 34.2379], [131.4634, 34.2373], [131.4627, 34.2367], [131.4629, 34.2362], [131.4627, 34.2352], [131.4623, 34.2342], [131.4632, 34.2332], [131.4628, 34.2318], [131.4624, 34.2316], [131.4616, 34.2311], [131.4602, 34.2309], [131.4574, 34.2314], [131.4562, 34.2314], [131.456, 34.2313], [131.4559, 34.2307], [131.4557, 34.2303], [131.454, 34.2302], [131.4539, 34.2296], [131.4533, 34.2287], [131.4524, 34.2288], [131.4523, 34.2279], [131.4496, 34.2243], [131.4494, 34.2242], [131.4488, 34.2243], [131.4479, 34.2231], [131.4464, 34.2222], [131.4448, 34.2223], [131.4443, 34.2221], [131.4437, 34.2222], [131.4428, 34.2218], [131.4417, 34.2222], [131.4408, 34.2221], [131.4392, 34.2223], [131.438, 34.2222], [131.4373, 34.2229], [131.4371, 34.2229], [131.4369, 34.2226], [131.436, 34.2225], [131.4353, 34.2224], [131.4346, 34.2228], [131.434, 34.2225], [131.433, 34.2223], [131.4326, 34.221], [131.4318, 34.2204], [131.4312, 34.2195], [131.4298, 34.2187], [131.4286, 34.2183], [131.4278, 34.2179], [131.4268, 34.2179], [131.4257, 34.2184], [131.4251, 34.2182], [131.4239, 34.2194], [131.4223, 34.2184], [131.422, 34.2181], [131.421, 34.2175], [131.4195, 34.2156], [131.4189, 34.2153], [131.4188, 34.2145], [131.4183, 34.2143], [131.4181, 34.2135], [131.4188, 34.2126], [131.4173, 34.2115], [131.4169, 34.211], [131.4166, 34.2109], [131.4161, 34.2103], [131.4143, 34.2106], [131.4133, 34.2102], [131.4119, 34.2101], [131.4115, 34.2104], [131.4099, 34.2109], [131.4095, 34.2108], [131.4088, 34.2103], [131.4072, 34.21], [131.406, 34.2093], [131.405, 34.2096], [131.4051, 34.2086], [131.4048, 34.2075], [131.405, 34.2069], [131.4047, 34.206], [131.405, 34.2031], [131.4037, 34.203], [131.4023, 34.2025], [131.4011, 34.2013], [131.4009, 34.2008], [131.4014, 34.2003], [131.4025, 34.1998], [131.4029, 34.1992], [131.404, 34.199], [131.4044, 34.1988], [131.4045, 34.1982], [131.4054, 34.1973], [131.4054, 34.1969], [131.4046, 34.1963], [131.4046, 34.1955], [131.4044, 34.1953], [131.4034, 34.1949], [131.403, 34.1945], [131.4016, 34.1942], [131.4011, 34.1938], [131.401, 34.1923], [131.4014, 34.192], [131.4013, 34.1919], [131.4009, 34.1915], [131.4003, 34.1915], [131.4001, 34.1914], [131.3988, 34.1897], [131.3982, 34.1893], [131.3986, 34.187], [131.3985, 34.1857], [131.3982, 34.1854], [131.3985, 34.185], [131.3989, 34.1849], [131.3992, 34.1842], [131.4011, 34.1819], [131.4012, 34.181], [131.4004, 34.1805], [131.4, 34.1806], [131.3994, 34.1812], [131.3985, 34.1814], [131.3983, 34.1821], [131.3977, 34.1824], [131.3952, 34.1807], [131.3944, 34.181], [131.3938, 34.1808], [131.393, 34.1811], [131.3923, 34.1807], [131.3916, 34.1806], [131.3911, 34.1798], [131.3907, 34.1796], [131.3905, 34.1794], [131.3909, 34.1781], [131.3905, 34.1772], [131.3907, 34.1763], [131.3903, 34.1755], [131.3904, 34.175], [131.3897, 34.1746], [131.3893, 34.1734], [131.3889, 34.1729], [131.3888, 34.1724], [131.388, 34.1725], [131.3869, 34.1723], [131.3863, 34.1718], [131.386, 34.1718], [131.3859, 34.1713], [131.3854, 34.1707], [131.3841, 34.1704], [131.3823, 34.1687], [131.3823, 34.168], [131.3817, 34.1676], [131.3809, 34.1675], [131.3803, 34.1667], [131.3788, 34.1663], [131.3793, 34.1643], [131.3792, 34.1637], [131.3794, 34.1631], [131.3799, 34.1629], [131.3799, 34.1626], [131.379, 34.161], [131.3793, 34.1605], [131.379, 34.1576], [131.3784, 34.157], [131.3775, 34.1567], [131.3773, 34.1561], [131.3768, 34.1557], [131.3766, 34.155], [131.3759, 34.154], [131.3737, 34.1531], [131.3733, 34.1527], [131.3719, 34.1529], [131.3715, 34.1532], [131.3704, 34.1533], [131.3697, 34.1531], [131.3697, 34.1516], [131.3691, 34.1511], [131.3695, 34.1493], [131.3698, 34.1493], [131.371, 34.1501], [131.3716, 34.1502], [131.3722, 34.1502], [131.3728, 34.1499], [131.3745, 34.1494], [131.3754, 34.1486], [131.3758, 34.1473], [131.3773, 34.1453], [131.3763, 34.144], [131.3755, 34.1438], [131.3736, 34.1429], [131.3728, 34.1422], [131.3718, 34.1397], [131.3712, 34.1393], [131.3703, 34.1391], [131.3698, 34.1386], [131.3694, 34.1377], [131.3715, 34.1363], [131.3722, 34.1355], [131.3725, 34.1344], [131.3722, 34.1337], [131.3715, 34.133], [131.3716, 34.1328], [131.3722, 34.1326], [131.3725, 34.1323], [131.3731, 34.1323], [131.3734, 34.132], [131.3754, 34.1319], [131.376, 34.1317], [131.3759, 34.1293], [131.3756, 34.1291], [131.3751, 34.1269], [131.3749, 34.1265], [131.3754, 34.126], [131.3764, 34.1259], [131.3766, 34.1254], [131.3778, 34.1256], [131.378, 34.1248], [131.3784, 34.1238], [131.3784, 34.1231], [131.3788, 34.1228], [131.3793, 34.1213], [131.3789, 34.1207], [131.3778, 34.1203], [131.3775, 34.1196], [131.3768, 34.119], [131.3767, 34.1179], [131.3764, 34.117], [131.376, 34.1164], [131.376, 34.1149], [131.375, 34.1146], [131.3747, 34.1138], [131.3737, 34.1129], [131.373, 34.1126], [131.372, 34.1132], [131.3715, 34.1131], [131.3711, 34.1125], [131.3694, 34.1124], [131.3682, 34.1121], [131.3665, 34.1111], [131.3666, 34.1108], [131.367, 34.1104], [131.369, 34.1094], [131.3696, 34.1088], [131.3695, 34.1085], [131.3699, 34.1077], [131.3694, 34.1073], [131.3678, 34.1073], [131.3668, 34.1078], [131.3655, 34.1076], [131.3637, 34.1079], [131.3628, 34.1074], [131.3621, 34.1072], [131.3616, 34.1054], [131.3613, 34.1053], [131.3588, 34.1059], [131.3582, 34.1064], [131.3576, 34.1067], [131.3567, 34.1076], [131.3551, 34.1082], [131.3546, 34.1088], [131.3537, 34.1087], [131.3529, 34.1092], [131.3519, 34.1096], [131.3512, 34.1094], [131.3495, 34.1094], [131.3484, 34.1092], [131.3481, 34.1086], [131.3468, 34.108], [131.3464, 34.1075], [131.3457, 34.1077], [131.3453, 34.1077], [131.3451, 34.1071], [131.3453, 34.1058], [131.346, 34.104], [131.3456, 34.1033], [131.3465, 34.1028], [131.3469, 34.1016], [131.3479, 34.101], [131.3493, 34.1007], [131.3502, 34.0997], [131.3517, 34.0989], [131.3516, 34.096], [131.3522, 34.0953], [131.3518, 34.0942], [131.3522, 34.093], [131.3521, 34.0914], [131.3527, 34.0905], [131.3527, 34.09], [131.3524, 34.0898], [131.3517, 34.0898], [131.3515, 34.0894], [131.353, 34.0881], [131.352, 34.0863], [131.3514, 34.0859], [131.3496, 34.0856], [131.349, 34.0852], [131.3488, 34.0844], [131.3484, 34.0841], [131.3458, 34.0829], [131.346, 34.0821], [131.3457, 34.0805], [131.3477, 34.0798], [131.3476, 34.0789], [131.3479, 34.0784], [131.3485, 34.0784], [131.3491, 34.0779], [131.3497, 34.077], [131.3494, 34.0764], [131.3496, 34.075], [131.3484, 34.0737], [131.3481, 34.0736], [131.3475, 34.0725], [131.348, 34.0715], [131.3475, 34.0716], [131.3464, 34.0711], [131.3451, 34.0714], [131.3447, 34.0708], [131.3437, 34.0707], [131.3431, 34.0698], [131.3428, 34.0696], [131.3422, 34.0695], [131.3417, 34.0691], [131.3416, 34.0687], [131.341, 34.0684], [131.3408, 34.0677], [131.3401, 34.0674], [131.3392, 34.0675], [131.3388, 34.0672], [131.3385, 34.0667], [131.3384, 34.0658], [131.338, 34.0653], [131.3384, 34.0649], [131.3387, 34.0641], [131.3388, 34.0625], [131.3376, 34.0615], [131.3374, 34.0611], [131.3375, 34.0605], [131.3371, 34.06], [131.3373, 34.0593], [131.337, 34.0588], [131.3373, 34.0582], [131.3369, 34.0577], [131.3362, 34.0575], [131.3361, 34.0572], [131.3362, 34.0544], [131.3356, 34.0542], [131.3351, 34.0546], [131.3347, 34.0541], [131.3338, 34.0539], [131.3335, 34.0533], [131.3331, 34.0531], [131.3331, 34.0528], [131.3328, 34.0523], [131.3327, 34.0518], [131.333, 34.0515], [131.3323, 34.0507], [131.3314, 34.0501], [131.3305, 34.0498], [131.3303, 34.049], [131.3296, 34.0481], [131.3276, 34.0484], [131.3262, 34.0477], [131.3259, 34.0472], [131.326, 34.0467], [131.3258, 34.0462], [131.3255, 34.0462], [131.325, 34.0467], [131.3239, 34.0463], [131.3234, 34.0458], [131.3221, 34.0464], [131.3215, 34.046], [131.3211, 34.0452], [131.3208, 34.045], [131.3186, 34.0467], [131.3182, 34.0454], [131.3169, 34.0441], [131.3165, 34.0436], [131.3164, 34.0432], [131.3167, 34.0419], [131.3151, 34.0417], [131.3142, 34.041], [131.3142, 34.0403], [131.3144, 34.04], [131.3155, 34.0405], [131.3169, 34.0407], [131.3169, 34.0398], [131.3165, 34.0397], [131.316, 34.039], [131.3151, 34.0386], [131.3143, 34.0379], [131.3144, 34.0366], [131.315, 34.0365], [131.3149, 34.0361], [131.3132, 34.0358], [131.3126, 34.0351], [131.3125, 34.0347], [131.3111, 34.0344], [131.3104, 34.034], [131.3104, 34.0332], [131.3108, 34.033], [131.3102, 34.0327], [131.3097, 34.0322], [131.3091, 34.0324], [131.3084, 34.0322], [131.3075, 34.0326], [131.3066, 34.0319], [131.3068, 34.0313], [131.3068, 34.0309], [131.3061, 34.0303], [131.3065, 34.0298], [131.3068, 34.0289], [131.3073, 34.0283], [131.3075, 34.0271], [131.3072, 34.0254], [131.3069, 34.0252], [131.3059, 34.0253], [131.3045, 34.0245], [131.3038, 34.0247], [131.3037, 34.0245], [131.3034, 34.0245], [131.3023, 34.0244], [131.3023, 34.0226], [131.3026, 34.0215], [131.3024, 34.021], [131.3023, 34.0199], [131.3015, 34.0194], [131.3016, 34.0189], [131.3024, 34.0182], [131.3031, 34.0181], [131.3038, 34.0182], [131.3044, 34.0177], [131.3055, 34.0181], [131.306, 34.0178], [131.3051, 34.0155], [131.3043, 34.0145], [131.3034, 34.0144], [131.3031, 34.0147], [131.3027, 34.0149], [131.3018, 34.0145], [131.3014, 34.0141], [131.3008, 34.0138], [131.3009, 34.0132], [131.3004, 34.0128], [131.2986, 34.0124], [131.2986, 34.0122], [131.2979, 34.0114], [131.2978, 34.0111], [131.297, 34.0109], [131.2965, 34.0113], [131.2955, 34.0114], [131.2954, 34.011], [131.2948, 34.0109], [131.2947, 34.0104], [131.2952, 34.0094], [131.2952, 34.0084], [131.2956, 34.0081], [131.2957, 34.0076], [131.2953, 34.0074], [131.2951, 34.0066], [131.2945, 34.0066], [131.2942, 34.0064], [131.294, 34.0057], [131.2944, 34.0049], [131.2937, 34.0045], [131.2935, 34.0042], [131.2935, 34.0038], [131.2931, 34.0035], [131.293, 34.0023], [131.2921, 34.0018], [131.292, 34.0012], [131.2924, 34.0007], [131.2935, 34], [131.2941, 33.9999], [131.2945, 34.0001], [131.2949, 34.0001], [131.295, 33.9994], [131.2959, 33.9987], [131.2958, 33.9981], [131.296, 33.9974], [131.2968, 33.9962], [131.2967, 33.9953], [131.2973, 33.9956], [131.2976, 33.9973], [131.298, 33.9972], [131.2981, 33.9968], [131.2987, 33.9964], [131.2997, 33.9964], [131.3002, 33.9966], [131.3009, 33.9964], [131.3014, 33.9967], [131.3016, 33.997], [131.3022, 33.9972], [131.3026, 33.9979], [131.3033, 33.9979], [131.3046, 33.9984], [131.3061, 33.9985], [131.307, 33.9987], [131.3074, 33.999], [131.3077, 33.999], [131.3078, 33.9985], [131.3081, 33.9985], [131.3081, 33.9984], [131.3079, 33.9983], [131.3081, 33.9977], [131.3078, 33.9972], [131.3072, 33.997], [131.3066, 33.9965], [131.3059, 33.9957], [131.3069, 33.9956], [131.3087, 33.9957], [131.3098, 33.9953], [131.3098, 33.9951], [131.3087, 33.9937], [131.3104, 33.9952], [131.3112, 33.9951], [131.3126, 33.9946], [131.3136, 33.9945], [131.3142, 33.9941], [131.3141, 33.9946], [131.3124, 33.9954], [131.3128, 33.9955], [131.3138, 33.9954], [131.3141, 33.9951], [131.3143, 33.9956], [131.3142, 33.9958], [131.3144, 33.996], [131.3142, 33.9964], [131.3143, 33.9965], [131.3148, 33.9963], [131.3146, 33.9968], [131.3153, 33.9965], [131.3161, 33.9968], [131.3165, 33.9964], [131.317, 33.9966], [131.3179, 33.9964], [131.3181, 33.9965], [131.3189, 33.9961], [131.3197, 33.9961], [131.3199, 33.9971], [131.3204, 33.9969], [131.3208, 33.9966], [131.321, 33.9967], [131.3209, 33.997], [131.3205, 33.9975], [131.3209, 33.9978], [131.3222, 33.9977], [131.323, 33.998], [131.3231, 33.9977], [131.3242, 33.9976], [131.3244, 33.9978], [131.3242, 33.998], [131.3245, 33.9984], [131.3239, 33.9986], [131.3238, 33.9991], [131.3241, 33.9994], [131.3241, 33.9991], [131.3245, 33.9991], [131.3249, 34.0003], [131.3295, 33.9978], [131.3306, 33.9975], [131.3308, 33.9974], [131.333, 33.9974], [131.3333, 33.9975], [131.3344, 33.9985], [131.3354, 33.9988], [131.3368, 34], [131.3382, 34.0006], [131.34, 34.001], [131.3402, 33.9997], [131.341, 34.0001], [131.3417, 34.0007], [131.3426, 34.0008], [131.3438, 34.0007], [131.344, 34.0022], [131.3444, 34.0019], [131.3444, 34.0016], [131.3456, 34.0015], [131.3456, 34.0017], [131.3459, 34.0017], [131.3461, 34.0013], [131.3466, 34.0016], [131.3471, 34.0014], [131.3471, 34.0016], [131.3474, 34.0015], [131.3475, 34.0013], [131.3485, 34.0013], [131.3488, 34.0028], [131.3505, 34.0025], [131.3508, 34.0022], [131.3512, 34.0008], [131.3518, 34.0005], [131.3525, 33.9993], [131.3526, 33.9992], [131.353, 33.9995], [131.3534, 33.9991], [131.3534, 33.999], [131.354, 33.9987], [131.3531, 33.9974], [131.355, 33.9974], [131.3554, 33.9972], [131.3564, 33.9974], [131.3564, 33.9971], [131.3573, 33.9972], [131.3576, 33.9979], [131.3599, 33.9983], [131.3603, 33.998], [131.361, 33.9979], [131.3621, 33.9976], [131.3622, 33.9973], [131.3631, 33.997]]], [[[131.4223, 33.9705], [131.4215, 33.971], [131.4214, 33.9705], [131.4213, 33.9704], [131.4215, 33.9703], [131.4213, 33.9695], [131.4205, 33.9694], [131.421, 33.9692], [131.4202, 33.9685], [131.4199, 33.9685], [131.4204, 33.9677], [131.4209, 33.9678], [131.421, 33.968], [131.4215, 33.9681], [131.4215, 33.9683], [131.4217, 33.9681], [131.4219, 33.9684], [131.4228, 33.9685], [131.4232, 33.969], [131.4234, 33.9689], [131.4234, 33.9692], [131.4238, 33.9695], [131.4246, 33.9704], [131.4242, 33.9708], [131.4238, 33.9707], [131.423, 33.9703], [131.4223, 33.9705]]]]}, "properties": {"name": "山口県山口市"}}, {"type": "Feature", "geometry": {"type": "MultiPolygon", "coordinates": [[[[131.6681, 34.5042], [131.668, 34.5053], [131.6683, 34.5062], [131.6681, 34.5069], [131.6686, 34.508], [131.6685, 34.5083], [131.6689, 34.5094], [131.6687, 34.5099], [131.6688, 34.5104], [131.6695, 34.5106], [131.6723, 34.5106], [131.6732, 34.5108], [131.6735, 34.5113], [131.6736, 34.5122], [131.6738, 34.5125], [131.6749, 34.5129], [131.6755, 34.5135], [131.676, 34.5136], [131.676, 34.5147], [131.6774, 34.5153], [131.6784, 34.5169], [131.6796, 34.5172], [131.6817, 34.5186], [131.6828, 34.5188], [131.6836, 34.5186], [131.6852, 34.517], [131.6868, 34.5177], [131.6873, 34.5184], [131.6877, 34.52], [131.6876, 34.5208], [131.6878, 34.5213], [131.69, 34.522], [131.6905, 34.5226], [131.6908, 34.5232], [131.6915, 34.5232], [131.6924, 34.5236], [131.6937, 34.5237], [131.6944, 34.5241], [131.6952, 34.5242], [131.6958, 34.5246], [131.6963, 34.5254], [131.6972, 34.5258], [131.698, 34.5268], [131.6981, 34.5273], [131.6988, 34.5281], [131.6995, 34.5285], [131.7007, 34.5288], [131.7016, 34.5308], [131.7029, 34.5314], [131.7038, 34.5322], [131.7047, 34.5314], [131.7049, 34.5314], [131.7064, 34.5326], [131.7068, 34.533], [131.7059, 34.5334], [131.7054, 34.5341], [131.7041, 34.5353], [131.7039, 34.5364], [131.7012, 34.5368], [131.7009, 34.5372], [131.701, 34.5382], [131.7015, 34.5388], [131.7029, 34.5398], [131.7034, 34.5405], [131.7042, 34.5411], [131.705, 34.5414], [131.7051, 34.542], [131.7049, 34.5438], [131.7056, 34.5449], [131.7052, 34.5454], [131.7042, 34.546], [131.7043, 34.5466], [131.7038, 34.5477], [131.7038, 34.5491], [131.7032, 34.5504], [131.7017, 34.5506], [131.7009, 34.5511], [131.7021, 34.5533], [131.7022, 34.5539], [131.703, 34.5544], [131.7034, 34.5553], [131.7031, 34.5559], [131.7033, 34.5567], [131.704, 34.5571], [131.705, 34.5587], [131.705, 34.5592], [131.7055, 34.5595], [131.7055, 34.5597], [131.7049, 34.56], [131.7041, 34.5606], [131.7032, 34.5618], [131.7032, 34.5626], [131.7029, 34.5629], [131.7028, 34.5636], [131.703, 34.5654], [131.7045, 34.5653], [131.7051, 34.5641], [131.706, 34.5634], [131.7083, 34.5635], [131.7093, 34.563], [131.7106, 34.5631], [131.7124, 34.5627], [131.7132, 34.5628], [131.7131, 34.564], [131.7137, 34.5644], [131.7143, 34.5659], [131.7149, 34.5667], [131.7161, 34.5674], [131.7162, 34.5682], [131.717, 34.5692], [131.7168, 34.5704], [131.7177, 34.5706], [131.721, 34.5726], [131.7216, 34.5725], [131.7223, 34.572], [131.7233, 34.5723], [131.7245, 34.5721], [131.7254, 34.5741], [131.7253, 34.5746], [131.7264, 34.5751], [131.7267, 34.5757], [131.7275, 34.5763], [131.7276, 34.5766], [131.727, 34.5785], [131.726, 34.5801], [131.7253, 34.5806], [131.7236, 34.5811], [131.7223, 34.5818], [131.7209, 34.582], [131.7199, 34.5829], [131.7202, 34.5836], [131.7209, 34.584], [131.7201, 34.5863], [131.7201, 34.587], [131.7204, 34.5876], [131.7201, 34.5883], [131.7205, 34.5891], [131.7205, 34.5896], [131.7198, 34.5908], [131.7205, 34.5916], [131.7205, 34.5918], [131.7204, 34.5922], [131.7198, 34.5926], [131.7199, 34.5931], [131.7195, 34.594], [131.7197, 34.5955], [131.7192, 34.5962], [131.7189, 34.5971], [131.7175, 34.5988], [131.7182, 34.5999], [131.7199, 34.6004], [131.7199, 34.6007], [131.7181, 34.6034], [131.7172, 34.6055], [131.717, 34.607], [131.7183, 34.6107], [131.7189, 34.612], [131.7185, 34.6133], [131.7167, 34.6136], [131.7159, 34.6132], [131.7155, 34.6134], [131.7143, 34.6132], [131.7139, 34.6137], [131.7135, 34.6139], [131.7107, 34.6143], [131.7102, 34.6147], [131.7104, 34.6134], [131.7101, 34.613], [131.7096, 34.6127], [131.7087, 34.6126], [131.7074, 34.6129], [131.7065, 34.613], [131.7055, 34.6139], [131.7047, 34.6141], [131.7018, 34.6158], [131.7012, 34.6159], [131.7006, 34.6162], [131.7003, 34.6162], [131.7, 34.6163], [131.6992, 34.6171], [131.6983, 34.6185], [131.6972, 34.6186], [131.6966, 34.6191], [131.6963, 34.6196], [131.6948, 34.6208], [131.6952, 34.6219], [131.6958, 34.6223], [131.6962, 34.623], [131.6951, 34.6248], [131.6949, 34.6266], [131.6943, 34.6277], [131.6951, 34.6282], [131.6956, 34.6294], [131.6961, 34.6302], [131.6966, 34.6306], [131.6967, 34.631], [131.6975, 34.6316], [131.6984, 34.6317], [131.6979, 34.6328], [131.6965, 34.6343], [131.6965, 34.6347], [131.697, 34.6353], [131.6977, 34.6359], [131.6974, 34.638], [131.6977, 34.6396], [131.6981, 34.6404], [131.6982, 34.6411], [131.698, 34.6416], [131.6973, 34.6418], [131.6971, 34.642], [131.6971, 34.6426], [131.6973, 34.6432], [131.6972, 34.6439], [131.6979, 34.6457], [131.6986, 34.6458], [131.6991, 34.6467], [131.7002, 34.6477], [131.7009, 34.6493], [131.7004, 34.6498], [131.6981, 34.6485], [131.697, 34.6484], [131.6964, 34.649], [131.6961, 34.6491], [131.6955, 34.6487], [131.6949, 34.6488], [131.6944, 34.6495], [131.6946, 34.6504], [131.6944, 34.6509], [131.6965, 34.6523], [131.6966, 34.6525], [131.6962, 34.6539], [131.6954, 34.6551], [131.6953, 34.6561], [131.6941, 34.6565], [131.6937, 34.6562], [131.6915, 34.656], [131.6908, 34.6562], [131.6904, 34.6566], [131.6889, 34.657], [131.6888, 34.6575], [131.6891, 34.6578], [131.6886, 34.6585], [131.6883, 34.6601], [131.6885, 34.6604], [131.6893, 34.6607], [131.6896, 34.662], [131.6895, 34.6627], [131.6901, 34.6634], [131.6895, 34.6637], [131.6891, 34.6644], [131.6884, 34.6647], [131.6873, 34.6656], [131.6857, 34.6666], [131.6851, 34.6667], [131.6844, 34.6671], [131.6844, 34.6682], [131.6838, 34.6688], [131.684, 34.6691], [131.6849, 34.6697], [131.6859, 34.6693], [131.6865, 34.6695], [131.6869, 34.6699], [131.687, 34.6707], [131.6876, 34.6716], [131.6883, 34.6718], [131.6888, 34.6734], [131.6882, 34.6741], [131.6883, 34.6747], [131.6886, 34.6764], [131.6891, 34.6771], [131.6889, 34.6775], [131.6896, 34.6782], [131.6901, 34.6815], [131.6898, 34.6814], [131.69, 34.6812], [131.6899, 34.681], [131.6895, 34.6809], [131.6899, 34.6808], [131.6898, 34.68], [131.6892, 34.6798], [131.6892, 34.6793], [131.6895, 34.6789], [131.6889, 34.6788], [131.6887, 34.6782], [131.6875, 34.6775], [131.6866, 34.6772], [131.6863, 34.6776], [131.686, 34.6776], [131.6859, 34.6773], [131.6857, 34.6774], [131.6856, 34.6778], [131.685, 34.6777], [131.6854, 34.6772], [131.685, 34.6774], [131.6856, 34.6759], [131.6846, 34.6749], [131.6837, 34.6748], [131.6822, 34.6754], [131.6822, 34.6757], [131.6819, 34.6756], [131.6816, 34.6753], [131.6817, 34.6748], [131.6813, 34.6748], [131.6807, 34.675], [131.6798, 34.6746], [131.6795, 34.6748], [131.6795, 34.6752], [131.6798, 34.6755], [131.6799, 34.6761], [131.6796, 34.6763], [131.6796, 34.6766], [131.6793, 34.6766], [131.679, 34.6762], [131.6791, 34.676], [131.6787, 34.6762], [131.6773, 34.6757], [131.6775, 34.6755], [131.6778, 34.6755], [131.6773, 34.675], [131.6771, 34.675], [131.6768, 34.6747], [131.6769, 34.6741], [131.677, 34.6739], [131.6772, 34.6732], [131.6762, 34.6737], [131.6761, 34.6735], [131.6756, 34.6736], [131.6754, 34.6733], [131.6751, 34.6735], [131.6751, 34.6737], [131.6733, 34.6733], [131.6728, 34.6734], [131.6725, 34.6738], [131.6725, 34.6741], [131.6728, 34.6745], [131.6726, 34.6747], [131.6728, 34.675], [131.6726, 34.6751], [131.6732, 34.6757], [131.6732, 34.6758], [131.6727, 34.6758], [131.6731, 34.6762], [131.6726, 34.6762], [131.6729, 34.6767], [131.6724, 34.6771], [131.6717, 34.677], [131.6718, 34.6767], [131.6714, 34.677], [131.6716, 34.6765], [131.6711, 34.6763], [131.6709, 34.677], [131.6709, 34.6761], [131.6702, 34.6769], [131.6699, 34.6768], [131.67, 34.6763], [131.6697, 34.6767], [131.6698, 34.6764], [131.6695, 34.6764], [131.6694, 34.6768], [131.669, 34.6768], [131.6687, 34.6764], [131.6684, 34.6757], [131.6683, 34.6758], [131.6682, 34.6757], [131.668, 34.6761], [131.6677, 34.6756], [131.6679, 34.6747], [131.6676, 34.6747], [131.6676, 34.6744], [131.6674, 34.6744], [131.6673, 34.6742], [131.6678, 34.6738], [131.6683, 34.6737], [131.668, 34.673], [131.6682, 34.6724], [131.6686, 34.6722], [131.6679, 34.6721], [131.6679, 34.6716], [131.6681, 34.6716], [131.6681, 34.6715], [131.6685, 34.6714], [131.669, 34.6708], [131.6691, 34.6708], [131.6691, 34.6704], [131.6695, 34.6704], [131.6698, 34.6701], [131.6703, 34.6703], [131.6706, 34.6702], [131.6705, 34.6698], [131.6702, 34.6696], [131.6703, 34.6692], [131.6711, 34.6685], [131.6705, 34.6681], [131.6709, 34.668], [131.6707, 34.6678], [131.671, 34.6677], [131.6727, 34.668], [131.673, 34.6679], [131.6731, 34.6676], [131.6727, 34.6674], [131.6728, 34.6669], [131.6735, 34.6661], [131.6748, 34.6656], [131.6748, 34.6648], [131.6744, 34.6644], [131.6739, 34.6642], [131.6734, 34.6643], [131.6725, 34.6651], [131.672, 34.6651], [131.6716, 34.6643], [131.6712, 34.6642], [131.6711, 34.664], [131.6713, 34.6638], [131.6717, 34.664], [131.6721, 34.6635], [131.672, 34.663], [131.6715, 34.6628], [131.6718, 34.662], [131.6716, 34.6615], [131.6714, 34.6616], [131.6712, 34.6615], [131.6715, 34.6612], [131.671, 34.6612], [131.6711, 34.6611], [131.6709, 34.6608], [131.6709, 34.6604], [131.6706, 34.6602], [131.6703, 34.6602], [131.6704, 34.66], [131.6702, 34.6598], [131.6697, 34.6597], [131.6696, 34.6599], [131.6693, 34.6599], [131.6693, 34.6597], [131.6691, 34.6597], [131.669, 34.6602], [131.6687, 34.6602], [131.6686, 34.6599], [131.6685, 34.6601], [131.6683, 34.6599], [131.6683, 34.6597], [131.6677, 34.6596], [131.6674, 34.6601], [131.6671, 34.6601], [131.6671, 34.6599], [131.6668, 34.6599], [131.6666, 34.6603], [131.6659, 34.66], [131.6659, 34.6597], [131.665, 34.6597], [131.6655, 34.6593], [131.6649, 34.6594], [131.6648, 34.6589], [131.6644, 34.659], [131.6641, 34.6588], [131.6647, 34.6582], [131.6643, 34.658], [131.6647, 34.6578], [131.6642, 34.6576], [131.6639, 34.6572], [131.6641, 34.657], [131.6647, 34.6572], [131.6649, 34.6564], [131.6651, 34.6561], [131.6643, 34.6545], [131.6637, 34.652], [131.6628, 34.652], [131.6627, 34.6536], [131.6632, 34.6539], [131.6632, 34.6543], [131.6646, 34.6556], [131.6646, 34.656], [131.6645, 34.6564], [131.6638, 34.6557], [131.6629, 34.6553], [131.6622, 34.6558], [131.6619, 34.6555], [131.6614, 34.6556], [131.6614, 34.6551], [131.6612, 34.6547], [131.6609, 34.6547], [131.6607, 34.6548], [131.6605, 34.6551], [131.6602, 34.655], [131.6598, 34.6552], [131.6597, 34.6554], [131.6599, 34.6555], [131.6596, 34.6556], [131.6596, 34.6558], [131.6592, 34.656], [131.6595, 34.656], [131.6596, 34.6561], [131.6592, 34.6563], [131.6588, 34.656], [131.6586, 34.6564], [131.6582, 34.6565], [131.658, 34.6563], [131.6577, 34.6564], [131.6575, 34.6561], [131.6573, 34.6564], [131.6569, 34.6562], [131.6564, 34.6565], [131.656, 34.6578], [131.6555, 34.6574], [131.6552, 34.657], [131.6552, 34.6563], [131.6559, 34.6559], [131.6564, 34.6552], [131.6567, 34.6552], [131.6564, 34.6551], [131.6567, 34.6549], [131.6564, 34.6548], [131.6563, 34.6545], [131.6562, 34.6545], [131.6563, 34.654], [131.656, 34.654], [131.6558, 34.6542], [131.6554, 34.6536], [131.6553, 34.654], [131.6552, 34.6533], [131.6549, 34.6534], [131.6547, 34.6537], [131.6544, 34.6535], [131.6543, 34.6538], [131.654, 34.6537], [131.6539, 34.6541], [131.6537, 34.6543], [131.653, 34.6535], [131.6522, 34.6534], [131.6518, 34.6539], [131.6516, 34.6534], [131.6508, 34.6533], [131.6508, 34.6535], [131.6506, 34.6531], [131.6503, 34.6533], [131.6498, 34.6529], [131.6496, 34.6533], [131.6492, 34.6529], [131.649, 34.6532], [131.6489, 34.653], [131.6484, 34.6532], [131.6468, 34.6527], [131.6464, 34.6522], [131.6463, 34.6529], [131.6464, 34.6534], [131.6461, 34.653], [131.646, 34.6533], [131.6454, 34.6524], [131.6455, 34.6518], [131.6452, 34.6516], [131.6453, 34.6514], [131.6451, 34.6513], [131.6451, 34.651], [131.6446, 34.6508], [131.6442, 34.6496], [131.6443, 34.6488], [131.6448, 34.6474], [131.6453, 34.6472], [131.646, 34.6474], [131.6466, 34.6468], [131.647, 34.6469], [131.6477, 34.6468], [131.6484, 34.6471], [131.6494, 34.6472], [131.6497, 34.647], [131.6498, 34.6464], [131.6503, 34.6461], [131.6507, 34.6464], [131.6519, 34.6466], [131.6518, 34.6463], [131.651, 34.6461], [131.6508, 34.6456], [131.6505, 34.6456], [131.6501, 34.6453], [131.6507, 34.6438], [131.6499, 34.6442], [131.6496, 34.6449], [131.649, 34.6452], [131.6481, 34.6438], [131.6476, 34.6425], [131.6484, 34.6418], [131.65, 34.6412], [131.6504, 34.641], [131.6503, 34.6409], [131.65, 34.641], [131.6498, 34.6408], [131.6483, 34.641], [131.6474, 34.6407], [131.6475, 34.641], [131.6473, 34.6412], [131.647, 34.6408], [131.6472, 34.6407], [131.647, 34.6407], [131.6466, 34.6399], [131.6462, 34.64], [131.6465, 34.6407], [131.6453, 34.641], [131.6454, 34.6415], [131.6449, 34.6416], [131.6444, 34.6408], [131.6437, 34.6409], [131.6443, 34.6416], [131.644, 34.6417], [131.6444, 34.6422], [131.6444, 34.6432], [131.644, 34.6438], [131.6439, 34.6443], [131.6421, 34.6449], [131.6418, 34.6448], [131.6415, 34.6451], [131.641, 34.6452], [131.64, 34.6448], [131.6399, 34.6452], [131.6405, 34.6456], [131.6405, 34.6458], [131.6398, 34.6459], [131.6387, 34.6456], [131.638, 34.6462], [131.6383, 34.6469], [131.6397, 34.6473], [131.6406, 34.648], [131.641, 34.6479], [131.6406, 34.648], [131.6396, 34.6489], [131.6397, 34.6492], [131.641, 34.6496], [131.6402, 34.6507], [131.6401, 34.6512], [131.6403, 34.6517], [131.6408, 34.652], [131.6409, 34.6524], [131.6414, 34.6529], [131.642, 34.653], [131.6424, 34.6529], [131.6427, 34.6531], [131.6429, 34.6534], [131.6429, 34.6545], [131.6437, 34.6553], [131.6437, 34.6557], [131.6432, 34.6563], [131.6427, 34.6563], [131.6417, 34.656], [131.6413, 34.6562], [131.6413, 34.6567], [131.6417, 34.6571], [131.6416, 34.6575], [131.6421, 34.658], [131.6423, 34.6587], [131.642, 34.6594], [131.6412, 34.6599], [131.6405, 34.6597], [131.6409, 34.66], [131.6407, 34.6602], [131.6407, 34.6604], [131.6405, 34.6606], [131.6406, 34.661], [131.6404, 34.6612], [131.6398, 34.6611], [131.6399, 34.6614], [131.6397, 34.6617], [131.6386, 34.6613], [131.6385, 34.6616], [131.6384, 34.6615], [131.6378, 34.6618], [131.6375, 34.6616], [131.6376, 34.6614], [131.6375, 34.6613], [131.6374, 34.6618], [131.6369, 34.6617], [131.6363, 34.662], [131.6364, 34.6623], [131.6362, 34.6625], [131.6356, 34.6625], [131.6357, 34.6628], [131.6348, 34.6627], [131.6348, 34.663], [131.6351, 34.6632], [131.6348, 34.6633], [131.6349, 34.6635], [131.6344, 34.6639], [131.6346, 34.6643], [131.6344, 34.6645], [131.6336, 34.6645], [131.6334, 34.6646], [131.6333, 34.6644], [131.6331, 34.6645], [131.6324, 34.6639], [131.6325, 34.6636], [131.632, 34.6638], [131.6319, 34.6635], [131.6315, 34.6632], [131.6302, 34.6633], [131.6302, 34.6637], [131.6299, 34.664], [131.6299, 34.6645], [131.6297, 34.6645], [131.6295, 34.6648], [131.6296, 34.6652], [131.6285, 34.6655], [131.6281, 34.6655], [131.6277, 34.6653], [131.6273, 34.6655], [131.6261, 34.6651], [131.6258, 34.6652], [131.6256, 34.665], [131.6256, 34.6646], [131.6242, 34.664], [131.6237, 34.6644], [131.6237, 34.6648], [131.6233, 34.6648], [131.6229, 34.665], [131.622, 34.664], [131.6219, 34.6636], [131.6214, 34.6636], [131.6207, 34.6634], [131.6195, 34.6637], [131.6192, 34.6641], [131.6189, 34.664], [131.6187, 34.6644], [131.6178, 34.6647], [131.6175, 34.6654], [131.6167, 34.665], [131.6167, 34.6646], [131.6155, 34.6644], [131.6149, 34.6647], [131.6146, 34.6654], [131.6144, 34.6654], [131.614, 34.6658], [131.6139, 34.6664], [131.6137, 34.6664], [131.6135, 34.6663], [131.6132, 34.6665], [131.6133, 34.6667], [131.6129, 34.6669], [131.6125, 34.6668], [131.6126, 34.6665], [131.6123, 34.6662], [131.6124, 34.666], [131.612, 34.6659], [131.6116, 34.6655], [131.6117, 34.6651], [131.6106, 34.6645], [131.6108, 34.664], [131.6106, 34.664], [131.6105, 34.6637], [131.6096, 34.6636], [131.6096, 34.6628], [131.6091, 34.6626], [131.6082, 34.6626], [131.6075, 34.6618], [131.6064, 34.6617], [131.6054, 34.662], [131.6054, 34.6624], [131.605, 34.6625], [131.6051, 34.6627], [131.6046, 34.6629], [131.6044, 34.6627], [131.6048, 34.6624], [131.6037, 34.662], [131.6039, 34.6612], [131.6038, 34.661], [131.6031, 34.6608], [131.6029, 34.6605], [131.6028, 34.6606], [131.6024, 34.6605], [131.6019, 34.6599], [131.6018, 34.6597], [131.6021, 34.6596], [131.6021, 34.6593], [131.6017, 34.6586], [131.5997, 34.6579], [131.5993, 34.6575], [131.5996, 34.6561], [131.5992, 34.6544], [131.5987, 34.6542], [131.5983, 34.6536], [131.5981, 34.6538], [131.598, 34.6535], [131.5976, 34.6533], [131.5971, 34.6528], [131.597, 34.6522], [131.5977, 34.6506], [131.5978, 34.6493], [131.597, 34.6481], [131.5966, 34.6481], [131.5964, 34.6484], [131.5961, 34.6484], [131.5963, 34.6479], [131.5962, 34.6474], [131.596, 34.6473], [131.5962, 34.6466], [131.5953, 34.6459], [131.5947, 34.6462], [131.5945, 34.6459], [131.5941, 34.6463], [131.5939, 34.6461], [131.5934, 34.6462], [131.5932, 34.6461], [131.5931, 34.6458], [131.5927, 34.6456], [131.5925, 34.6462], [131.5922, 34.6458], [131.5918, 34.6459], [131.5912, 34.6465], [131.5909, 34.6464], [131.5909, 34.6462], [131.5905, 34.6461], [131.5907, 34.6458], [131.591, 34.6459], [131.591, 34.6457], [131.5909, 34.6452], [131.5906, 34.6453], [131.5906, 34.6451], [131.5908, 34.6449], [131.5912, 34.645], [131.5915, 34.6445], [131.5911, 34.6434], [131.5912, 34.6433], [131.5907, 34.6431], [131.5906, 34.6426], [131.5911, 34.6426], [131.5915, 34.6429], [131.5919, 34.6426], [131.5923, 34.6427], [131.5923, 34.6423], [131.593, 34.6419], [131.5934, 34.6419], [131.5939, 34.6422], [131.5943, 34.6419], [131.5942, 34.6415], [131.5939, 34.6415], [131.5938, 34.6407], [131.5932, 34.6405], [131.5932, 34.64], [131.5939, 34.6397], [131.5938, 34.6388], [131.5935, 34.6387], [131.5937, 34.6386], [131.5938, 34.6384], [131.5943, 34.6385], [131.5941, 34.638], [131.5944, 34.6376], [131.5941, 34.6373], [131.5937, 34.6374], [131.5932, 34.6371], [131.5933, 34.6369], [131.593, 34.637], [131.5929, 34.6366], [131.5927, 34.6368], [131.5929, 34.6365], [131.5928, 34.636], [131.5921, 34.6364], [131.5918, 34.6363], [131.5921, 34.6352], [131.592, 34.635], [131.5924, 34.6347], [131.5923, 34.6344], [131.5919, 34.6342], [131.5915, 34.6343], [131.5911, 34.6346], [131.5912, 34.6344], [131.5909, 34.634], [131.5903, 34.6339], [131.5898, 34.634], [131.5897, 34.6335], [131.5895, 34.6335], [131.5894, 34.6333], [131.5893, 34.6335], [131.589, 34.6334], [131.5892, 34.6333], [131.5893, 34.6328], [131.5898, 34.6328], [131.5899, 34.6324], [131.5896, 34.6324], [131.5899, 34.6323], [131.5904, 34.6315], [131.591, 34.6311], [131.5909, 34.6308], [131.5914, 34.6307], [131.5915, 34.6305], [131.5913, 34.6304], [131.5916, 34.6304], [131.5913, 34.6291], [131.5914, 34.6285], [131.5915, 34.6286], [131.5917, 34.6285], [131.5923, 34.6286], [131.5936, 34.6296], [131.594, 34.6299], [131.594, 34.6303], [131.5943, 34.6307], [131.5952, 34.6313], [131.5948, 34.632], [131.5948, 34.6326], [131.5943, 34.6332], [131.5943, 34.6335], [131.5944, 34.6337], [131.5949, 34.6338], [131.5955, 34.6337], [131.596, 34.6334], [131.5957, 34.6328], [131.596, 34.6326], [131.596, 34.6322], [131.5972, 34.6314], [131.5973, 34.6312], [131.5979, 34.6312], [131.5981, 34.6309], [131.5985, 34.6308], [131.5981, 34.6305], [131.598, 34.6302], [131.5983, 34.6297], [131.5979, 34.6296], [131.5978, 34.6294], [131.5974, 34.6296], [131.5971, 34.6294], [131.5974, 34.6295], [131.5978, 34.6294], [131.5977, 34.6287], [131.598, 34.6283], [131.5983, 34.6284], [131.5992, 34.6295], [131.5999, 34.6296], [131.5999, 34.6298], [131.5992, 34.6306], [131.5987, 34.631], [131.5985, 34.6309], [131.599, 34.6314], [131.5994, 34.6314], [131.6, 34.6308], [131.6005, 34.6308], [131.601, 34.6311], [131.6016, 34.631], [131.6024, 34.6302], [131.602, 34.6295], [131.6028, 34.6296], [131.6029, 34.6294], [131.6031, 34.6294], [131.6028, 34.6311], [131.6019, 34.633], [131.6024, 34.6338], [131.6026, 34.6339], [131.6029, 34.6337], [131.6039, 34.6323], [131.6046, 34.6318], [131.6047, 34.6311], [131.6053, 34.6309], [131.6055, 34.6307], [131.6055, 34.6303], [131.6045, 34.6296], [131.6045, 34.6294], [131.6048, 34.6294], [131.6052, 34.6296], [131.607, 34.6284], [131.6071, 34.6279], [131.6067, 34.6278], [131.6063, 34.6282], [131.6054, 34.6281], [131.6052, 34.6274], [131.6047, 34.6269], [131.6047, 34.6276], [131.6041, 34.6273], [131.6035, 34.6279], [131.6032, 34.6277], [131.6027, 34.6278], [131.6023, 34.628], [131.6023, 34.6281], [131.6022, 34.6279], [131.6024, 34.6277], [131.6019, 34.6273], [131.6017, 34.6273], [131.6016, 34.6268], [131.6014, 34.6265], [131.6004, 34.6256], [131.6001, 34.6257], [131.5999, 34.6256], [131.6001, 34.6246], [131.5998, 34.6241], [131.5991, 34.6235], [131.5996, 34.6238], [131.5999, 34.6241], [131.6001, 34.6246], [131.6007, 34.6247], [131.6013, 34.6245], [131.602, 34.6248], [131.604, 34.6237], [131.6039, 34.6236], [131.6035, 34.6238], [131.603, 34.623], [131.601, 34.6227], [131.6003, 34.6236], [131.5999, 34.6234], [131.6005, 34.6227], [131.5988, 34.6218], [131.5983, 34.6225], [131.5991, 34.623], [131.5982, 34.6226], [131.5982, 34.6237], [131.5984, 34.6242], [131.5982, 34.6237], [131.5981, 34.6226], [131.5989, 34.6215], [131.5985, 34.6213], [131.598, 34.6218], [131.5971, 34.6218], [131.5969, 34.622], [131.5969, 34.6219], [131.5965, 34.6222], [131.5964, 34.6226], [131.5958, 34.6224], [131.5956, 34.6226], [131.5953, 34.6226], [131.5953, 34.6223], [131.5951, 34.6225], [131.5947, 34.6226], [131.5947, 34.6222], [131.5942, 34.6219], [131.5928, 34.6224], [131.5927, 34.6227], [131.5923, 34.6226], [131.5922, 34.6227], [131.592, 34.6225], [131.5921, 34.6223], [131.5917, 34.6222], [131.5913, 34.6222], [131.5909, 34.6224], [131.5909, 34.6215], [131.5918, 34.6209], [131.592, 34.6204], [131.5913, 34.6198], [131.5905, 34.6197], [131.5902, 34.6199], [131.5898, 34.6197], [131.5897, 34.6194], [131.5893, 34.6192], [131.5881, 34.6197], [131.5879, 34.6203], [131.5873, 34.6202], [131.5866, 34.6207], [131.5853, 34.6209], [131.5846, 34.6217], [131.5844, 34.6217], [131.5846, 34.6218], [131.5847, 34.6223], [131.5865, 34.6221], [131.5866, 34.6215], [131.587, 34.6213], [131.588, 34.6228], [131.5876, 34.6238], [131.5865, 34.6241], [131.5863, 34.6243], [131.5859, 34.624], [131.5854, 34.624], [131.5848, 34.6245], [131.5838, 34.6247], [131.5837, 34.6248], [131.5835, 34.6247], [131.5835, 34.6249], [131.583, 34.6249], [131.5829, 34.6251], [131.582, 34.625], [131.5819, 34.6252], [131.5814, 34.6254], [131.5812, 34.6253], [131.5807, 34.6254], [131.5801, 34.6258], [131.5798, 34.6256], [131.5795, 34.6258], [131.579, 34.6257], [131.5784, 34.625], [131.5785, 34.6247], [131.5791, 34.6244], [131.5795, 34.6238], [131.5806, 34.6231], [131.5802, 34.6219], [131.5804, 34.6209], [131.5802, 34.6205], [131.5799, 34.6203], [131.5773, 34.6205], [131.5768, 34.6202], [131.5758, 34.6213], [131.5758, 34.621], [131.5753, 34.621], [131.5748, 34.6204], [131.5748, 34.6213], [131.5741, 34.6216], [131.5738, 34.6214], [131.5735, 34.6216], [131.5732, 34.6221], [131.5729, 34.622], [131.5721, 34.6221], [131.5719, 34.6223], [131.5712, 34.6218], [131.5709, 34.6218], [131.5707, 34.6221], [131.5704, 34.6219], [131.5698, 34.6218], [131.5695, 34.6221], [131.5695, 34.6219], [131.5689, 34.6219], [131.5683, 34.6213], [131.5675, 34.6217], [131.5672, 34.6213], [131.5667, 34.6213], [131.5667, 34.621], [131.5664, 34.6207], [131.566, 34.6208], [131.5658, 34.6214], [131.5654, 34.6216], [131.5652, 34.6213], [131.5652, 34.621], [131.5647, 34.6202], [131.5644, 34.6205], [131.5638, 34.6201], [131.5638, 34.6203], [131.5637, 34.6203], [131.5637, 34.6202], [131.5635, 34.6202], [131.5636, 34.6197], [131.563, 34.6191], [131.5624, 34.619], [131.562, 34.6188], [131.562, 34.6186], [131.5617, 34.6187], [131.5616, 34.6184], [131.5613, 34.6185], [131.5609, 34.6183], [131.5601, 34.6184], [131.5605, 34.6177], [131.5603, 34.6174], [131.5598, 34.6171], [131.5594, 34.6173], [131.5594, 34.617], [131.559, 34.6169], [131.5591, 34.6167], [131.5576, 34.6159], [131.5572, 34.6155], [131.557, 34.6155], [131.5568, 34.6156], [131.5569, 34.6152], [131.5575, 34.6147], [131.5575, 34.6145], [131.5577, 34.6144], [131.5577, 34.6141], [131.5578, 34.6142], [131.558, 34.614], [131.5581, 34.6132], [131.5568, 34.6115], [131.5568, 34.6105], [131.5564, 34.6095], [131.556, 34.6091], [131.5558, 34.6091], [131.5558, 34.6085], [131.5548, 34.6076], [131.5553, 34.6071], [131.5551, 34.6067], [131.5554, 34.6066], [131.5555, 34.606], [131.5557, 34.6059], [131.556, 34.6054], [131.5562, 34.6053], [131.5567, 34.6044], [131.5572, 34.604], [131.5578, 34.6031], [131.559, 34.6039], [131.5595, 34.6038], [131.5603, 34.6042], [131.5605, 34.6048], [131.5616, 34.6051], [131.5622, 34.6057], [131.5628, 34.6067], [131.5634, 34.6072], [131.5649, 34.6065], [131.5677, 34.6061], [131.5689, 34.6057], [131.5697, 34.6047], [131.5705, 34.6047], [131.5711, 34.605], [131.5719, 34.6048], [131.5727, 34.6043], [131.574, 34.604], [131.5747, 34.6036], [131.5759, 34.6036], [131.5766, 34.6031], [131.5781, 34.6034], [131.5785, 34.6031], [131.5799, 34.6027], [131.5808, 34.6029], [131.5815, 34.6028], [131.5819, 34.6024], [131.5825, 34.6009], [131.5825, 34.5995], [131.583, 34.5988], [131.5829, 34.5977], [131.5835, 34.5969], [131.5841, 34.5951], [131.5841, 34.5943], [131.5847, 34.5938], [131.5849, 34.5934], [131.5849, 34.5923], [131.5854, 34.5922], [131.5863, 34.5922], [131.5868, 34.5919], [131.5878, 34.5912], [131.5884, 34.5901], [131.5895, 34.5903], [131.59, 34.5907], [131.5907, 34.5905], [131.5921, 34.5906], [131.5927, 34.5897], [131.5937, 34.589], [131.5938, 34.5884], [131.5942, 34.5881], [131.5961, 34.5881], [131.5967, 34.5885], [131.597, 34.5884], [131.5976, 34.5874], [131.5976, 34.5866], [131.5979, 34.586], [131.5988, 34.5851], [131.5993, 34.5841], [131.6008, 34.5829], [131.6005, 34.5801], [131.5998, 34.5797], [131.5996, 34.5794], [131.5996, 34.5771], [131.5991, 34.5767], [131.5987, 34.5759], [131.599, 34.5747], [131.5983, 34.5746], [131.5977, 34.5747], [131.5966, 34.5747], [131.5966, 34.5739], [131.5958, 34.5735], [131.5951, 34.5727], [131.5957, 34.5719], [131.5954, 34.571], [131.5961, 34.5703], [131.5962, 34.5687], [131.5954, 34.5679], [131.5959, 34.567], [131.5951, 34.5664], [131.5948, 34.5655], [131.5943, 34.5649], [131.5934, 34.5648], [131.5922, 34.5635], [131.5913, 34.5631], [131.5911, 34.5622], [131.5913, 34.5614], [131.591, 34.5607], [131.5914, 34.5601], [131.5914, 34.5595], [131.5911, 34.5593], [131.5899, 34.559], [131.5895, 34.5587], [131.5892, 34.5581], [131.5892, 34.5576], [131.5895, 34.5574], [131.59, 34.5574], [131.5912, 34.557], [131.5925, 34.5573], [131.5932, 34.5573], [131.5938, 34.5571], [131.5949, 34.5571], [131.5954, 34.5573], [131.5957, 34.5572], [131.5959, 34.5571], [131.596, 34.5566], [131.597, 34.5562], [131.5975, 34.5554], [131.5981, 34.5553], [131.5982, 34.5552], [131.598, 34.5549], [131.598, 34.5546], [131.5987, 34.5543], [131.5996, 34.5528], [131.5994, 34.552], [131.5998, 34.5516], [131.5999, 34.5509], [131.6004, 34.5506], [131.6013, 34.5507], [131.6025, 34.5504], [131.6029, 34.5501], [131.6032, 34.5496], [131.6045, 34.5502], [131.6048, 34.5497], [131.6048, 34.5488], [131.6067, 34.5471], [131.6081, 34.5465], [131.6087, 34.5454], [131.6092, 34.5454], [131.6096, 34.5457], [131.61, 34.5468], [131.6107, 34.5471], [131.6115, 34.547], [131.612, 34.5475], [131.6128, 34.547], [131.6134, 34.5477], [131.6139, 34.5472], [131.6148, 34.547], [131.6142, 34.5468], [131.6141, 34.5463], [131.6138, 34.5457], [131.6138, 34.5452], [131.613, 34.5446], [131.613, 34.5441], [131.614, 34.5427], [131.614, 34.5422], [131.6149, 34.5422], [131.6147, 34.5415], [131.6149, 34.5398], [131.6163, 34.539], [131.6176, 34.5376], [131.619, 34.5374], [131.6195, 34.5377], [131.6199, 34.5371], [131.62, 34.5362], [131.6197, 34.5359], [131.6184, 34.5352], [131.6178, 34.5341], [131.6183, 34.5324], [131.6191, 34.5311], [131.6197, 34.5306], [131.6199, 34.5306], [131.6208, 34.5313], [131.6211, 34.5314], [131.6215, 34.5309], [131.6233, 34.5306], [131.6241, 34.5302], [131.6247, 34.5292], [131.6254, 34.5286], [131.6272, 34.5296], [131.628, 34.5298], [131.6305, 34.53], [131.6312, 34.5313], [131.6335, 34.5319], [131.6345, 34.5312], [131.6348, 34.5309], [131.6347, 34.5294], [131.6357, 34.5292], [131.6365, 34.5295], [131.6374, 34.5294], [131.6378, 34.529], [131.637, 34.5288], [131.6363, 34.5281], [131.6362, 34.5277], [131.6363, 34.527], [131.6357, 34.5264], [131.6358, 34.526], [131.6361, 34.5257], [131.6373, 34.5257], [131.6375, 34.5249], [131.6382, 34.524], [131.6394, 34.5236], [131.64, 34.5238], [131.6416, 34.523], [131.6422, 34.5222], [131.6424, 34.5207], [131.6421, 34.5197], [131.6424, 34.5195], [131.6425, 34.5191], [131.6428, 34.5189], [131.6426, 34.5181], [131.6431, 34.5176], [131.6435, 34.5166], [131.6443, 34.5163], [131.6451, 34.5166], [131.6455, 34.5164], [131.6462, 34.5159], [131.6463, 34.5156], [131.646, 34.5149], [131.6467, 34.5145], [131.6475, 34.5143], [131.6479, 34.5136], [131.6473, 34.5135], [131.6472, 34.5133], [131.6467, 34.5133], [131.6451, 34.512], [131.6436, 34.5117], [131.6432, 34.5115], [131.6422, 34.5115], [131.6416, 34.5112], [131.6412, 34.5107], [131.6383, 34.51], [131.6381, 34.5092], [131.6373, 34.5085], [131.636, 34.5083], [131.6353, 34.5077], [131.6342, 34.5077], [131.6328, 34.5073], [131.6319, 34.5071], [131.6317, 34.5066], [131.6322, 34.506], [131.6312, 34.506], [131.6304, 34.5055], [131.6302, 34.505], [131.6294, 34.5042], [131.629, 34.503], [131.6288, 34.5029], [131.6281, 34.5031], [131.6267, 34.5032], [131.6244, 34.503], [131.6226, 34.5026], [131.6217, 34.5019], [131.6214, 34.5009], [131.621, 34.5005], [131.6209, 34.5], [131.6205, 34.4995], [131.6192, 34.4989], [131.6173, 34.4987], [131.6168, 34.4974], [131.6164, 34.497], [131.615, 34.4963], [131.6144, 34.4962], [131.6141, 34.4963], [131.6137, 34.4972], [131.6127, 34.4986], [131.6086, 34.4999], [131.6069, 34.4994], [131.6027, 34.4978], [131.6005, 34.4963], [131.6004, 34.4954], [131.5999, 34.4949], [131.5992, 34.4944], [131.5983, 34.4942], [131.5982, 34.4937], [131.5984, 34.4933], [131.5974, 34.4918], [131.5965, 34.4899], [131.5967, 34.489], [131.5961, 34.488], [131.5957, 34.4878], [131.5955, 34.4874], [131.5947, 34.4866], [131.5943, 34.4855], [131.5931, 34.4851], [131.5923, 34.4846], [131.5908, 34.4843], [131.5891, 34.4846], [131.5887, 34.4841], [131.588, 34.4841], [131.5878, 34.4837], [131.5871, 34.4835], [131.5869, 34.4832], [131.586, 34.4828], [131.5855, 34.4823], [131.5845, 34.4818], [131.5828, 34.4818], [131.5817, 34.4814], [131.5799, 34.4819], [131.5772, 34.4808], [131.5769, 34.481], [131.5761, 34.481], [131.5749, 34.4814], [131.5742, 34.4805], [131.5727, 34.48], [131.5716, 34.4799], [131.5715, 34.4805], [131.5704, 34.4806], [131.5689, 34.4803], [131.5679, 34.4805], [131.5674, 34.4803], [131.5665, 34.4801], [131.5663, 34.4815], [131.5661, 34.4819], [131.5657, 34.4822], [131.5652, 34.484], [131.5637, 34.4842], [131.5633, 34.4847], [131.5629, 34.4867], [131.563, 34.487], [131.5629, 34.4877], [131.5623, 34.4885], [131.5618, 34.4896], [131.5609, 34.4902], [131.5582, 34.491], [131.558, 34.4918], [131.5576, 34.4927], [131.5565, 34.4938], [131.5555, 34.4953], [131.5546, 34.4956], [131.5537, 34.4964], [131.5519, 34.4963], [131.5502, 34.4968], [131.5495, 34.4973], [131.5495, 34.4981], [131.5501, 34.4993], [131.5502, 34.5019], [131.5498, 34.5023], [131.5494, 34.5033], [131.5483, 34.5043], [131.5462, 34.5047], [131.5454, 34.5064], [131.5465, 34.5082], [131.5464, 34.5091], [131.5469, 34.5096], [131.5472, 34.5104], [131.547, 34.5109], [131.5471, 34.5117], [131.5469, 34.5124], [131.547, 34.513], [131.5468, 34.5141], [131.5461, 34.5145], [131.545, 34.5141], [131.5436, 34.5143], [131.5436, 34.5157], [131.5438, 34.5162], [131.543, 34.5169], [131.5423, 34.5166], [131.5419, 34.5168], [131.5415, 34.5168], [131.5403, 34.5164], [131.5399, 34.5164], [131.5396, 34.5159], [131.5391, 34.5158], [131.5384, 34.516], [131.5379, 34.5156], [131.5375, 34.5152], [131.5373, 34.5145], [131.5368, 34.5142], [131.5364, 34.5134], [131.5362, 34.5123], [131.535, 34.5103], [131.5328, 34.5093], [131.5312, 34.5064], [131.5298, 34.505], [131.5276, 34.5063], [131.5268, 34.5061], [131.526, 34.5065], [131.5254, 34.5061], [131.5242, 34.5059], [131.5228, 34.5052], [131.5217, 34.504], [131.5209, 34.5039], [131.5204, 34.504], [131.5193, 34.5028], [131.5188, 34.5027], [131.5181, 34.502], [131.5169, 34.5018], [131.5164, 34.5012], [131.5156, 34.5008], [131.5149, 34.5], [131.513, 34.4987], [131.5126, 34.498], [131.5119, 34.4976], [131.5109, 34.4964], [131.5115, 34.4956], [131.5119, 34.4953], [131.5124, 34.4954], [131.5128, 34.4951], [131.513, 34.4948], [131.5128, 34.4945], [131.5129, 34.4941], [131.5132, 34.4938], [131.5132, 34.4932], [131.5141, 34.4922], [131.5143, 34.4911], [131.5134, 34.49], [131.5135, 34.4896], [131.5129, 34.4891], [131.5112, 34.4894], [131.5106, 34.4886], [131.51, 34.4883], [131.5086, 34.4881], [131.5089, 34.489], [131.5088, 34.4894], [131.5075, 34.4905], [131.5067, 34.4916], [131.5058, 34.4921], [131.5056, 34.4917], [131.5054, 34.4908], [131.506, 34.4894], [131.5049, 34.4886], [131.5042, 34.4875], [131.5031, 34.4866], [131.5027, 34.4858], [131.5036, 34.4851], [131.5037, 34.4845], [131.5029, 34.4833], [131.5029, 34.4827], [131.5019, 34.4832], [131.5016, 34.4835], [131.5009, 34.4837], [131.5006, 34.4841], [131.5, 34.4841], [131.4987, 34.4847], [131.4983, 34.4844], [131.4974, 34.4843], [131.4972, 34.4838], [131.4964, 34.4833], [131.4956, 34.4837], [131.493, 34.4843], [131.4926, 34.4849], [131.4923, 34.486], [131.4919, 34.4867], [131.4894, 34.4883], [131.4885, 34.4884], [131.4879, 34.488], [131.4871, 34.4879], [131.4864, 34.488], [131.4857, 34.4887], [131.485, 34.4888], [131.4838, 34.4887], [131.4832, 34.4882], [131.4826, 34.4883], [131.482, 34.4887], [131.4806, 34.4891], [131.4799, 34.4899], [131.4795, 34.4907], [131.4795, 34.4912], [131.4784, 34.4925], [131.4775, 34.4923], [131.4769, 34.4917], [131.4754, 34.4909], [131.4735, 34.4896], [131.4717, 34.4896], [131.4707, 34.4884], [131.4694, 34.4879], [131.4684, 34.487], [131.468, 34.4863], [131.4679, 34.4856], [131.467, 34.4854], [131.4658, 34.4854], [131.463, 34.4858], [131.462, 34.4861], [131.4599, 34.4848], [131.4586, 34.4834], [131.4566, 34.4818], [131.4563, 34.4817], [131.4558, 34.4811], [131.4553, 34.4809], [131.4552, 34.4807], [131.455, 34.4806], [131.4538, 34.4803], [131.4532, 34.4803], [131.4528, 34.4806], [131.4527, 34.4811], [131.4515, 34.4816], [131.4516, 34.482], [131.4513, 34.4823], [131.451, 34.4835], [131.4503, 34.4841], [131.4494, 34.4846], [131.4493, 34.4848], [131.4478, 34.4851], [131.447, 34.4858], [131.4468, 34.4855], [131.4463, 34.4854], [131.4462, 34.4851], [131.4458, 34.4852], [131.4456, 34.485], [131.4454, 34.485], [131.4446, 34.4839], [131.4438, 34.4839], [131.4428, 34.4845], [131.4423, 34.4844], [131.4423, 34.4841], [131.4419, 34.4837], [131.442, 34.4835], [131.4415, 34.4836], [131.4409, 34.4836], [131.4409, 34.4832], [131.4407, 34.4832], [131.4406, 34.483], [131.4409, 34.4818], [131.4409, 34.4813], [131.4412, 34.4809], [131.4414, 34.4806], [131.4428, 34.4802], [131.4432, 34.4803], [131.443, 34.4807], [131.4434, 34.4807], [131.4434, 34.4801], [131.4439, 34.4796], [131.4442, 34.4788], [131.4445, 34.4784], [131.4443, 34.4781], [131.4445, 34.4782], [131.4451, 34.4782], [131.4457, 34.4786], [131.4457, 34.4788], [131.4466, 34.4788], [131.4474, 34.4766], [131.4463, 34.4765], [131.4461, 34.4773], [131.446, 34.4773], [131.446, 34.4774], [131.4461, 34.4775], [131.4461, 34.4779], [131.4454, 34.478], [131.4448, 34.4777], [131.4453, 34.4779], [131.4455, 34.4765], [131.444, 34.4764], [131.4441, 34.4759], [131.4452, 34.476], [131.4452, 34.4755], [131.4449, 34.4748], [131.4435, 34.4732], [131.4429, 34.4737], [131.4435, 34.4731], [131.4429, 34.4726], [131.4423, 34.4731], [131.4428, 34.4725], [131.4413, 34.4712], [131.4406, 34.4719], [131.4383, 34.4714], [131.4397, 34.4716], [131.4398, 34.4709], [131.4383, 34.4707], [131.4374, 34.4713], [131.4378, 34.4708], [131.4376, 34.4705], [131.4367, 34.4709], [131.4365, 34.4713], [131.4368, 34.4716], [131.4372, 34.4714], [131.4369, 34.4719], [131.4374, 34.4721], [131.4384, 34.472], [131.4374, 34.4722], [131.437, 34.4721], [131.4356, 34.4728], [131.4352, 34.4729], [131.4347, 34.4728], [131.4345, 34.4725], [131.4328, 34.4727], [131.432, 34.4725], [131.4318, 34.4718], [131.4321, 34.471], [131.4347, 34.4682], [131.4345, 34.4687], [131.4348, 34.4687], [131.4351, 34.4684], [131.4349, 34.4683], [131.4352, 34.4684], [131.4355, 34.468], [131.4355, 34.4673], [131.4349, 34.4662], [131.4322, 34.4638], [131.4313, 34.4627], [131.4293, 34.4616], [131.4293, 34.4613], [131.4274, 34.4597], [131.4264, 34.4579], [131.4259, 34.4576], [131.4258, 34.4577], [131.4256, 34.4577], [131.4257, 34.4556], [131.4256, 34.4549], [131.4252, 34.4543], [131.4243, 34.4539], [131.423, 34.4538], [131.4218, 34.4532], [131.4204, 34.4531], [131.4176, 34.4525], [131.4174, 34.4527], [131.4171, 34.4526], [131.417, 34.4525], [131.4176, 34.4521], [131.4173, 34.4519], [131.4173, 34.4514], [131.4171, 34.4512], [131.4173, 34.451], [131.4176, 34.4501], [131.4174, 34.4496], [131.4166, 34.449], [131.4157, 34.4489], [131.4154, 34.4487], [131.4149, 34.4487], [131.4147, 34.4504], [131.4148, 34.4492], [131.4136, 34.4492], [131.4136, 34.4494], [131.4135, 34.449], [131.4121, 34.4496], [131.4124, 34.4501], [131.412, 34.4496], [131.4113, 34.4503], [131.4114, 34.4504], [131.4112, 34.4503], [131.4108, 34.4505], [131.4107, 34.4509], [131.4103, 34.4512], [131.4107, 34.4516], [131.4111, 34.4517], [131.4113, 34.4513], [131.4119, 34.4511], [131.4121, 34.4508], [131.4123, 34.4511], [131.413, 34.4509], [131.4149, 34.4511], [131.413, 34.4509], [131.4122, 34.4512], [131.4119, 34.4519], [131.4113, 34.452], [131.4108, 34.4525], [131.409, 34.4526], [131.4085, 34.4524], [131.4071, 34.4526], [131.4065, 34.4535], [131.4067, 34.4541], [131.4065, 34.4538], [131.4064, 34.454], [131.4063, 34.4538], [131.406, 34.454], [131.4061, 34.4542], [131.4059, 34.4541], [131.4058, 34.4544], [131.4055, 34.4543], [131.4053, 34.4545], [131.4051, 34.455], [131.4052, 34.4553], [131.4044, 34.4566], [131.4046, 34.4571], [131.4045, 34.4574], [131.4036, 34.4579], [131.4027, 34.4581], [131.4027, 34.4585], [131.4023, 34.4585], [131.4022, 34.4588], [131.4019, 34.4589], [131.4017, 34.4587], [131.4017, 34.4593], [131.4012, 34.4593], [131.401, 34.4596], [131.4002, 34.4595], [131.4, 34.4596], [131.3999, 34.4599], [131.3996, 34.46], [131.3995, 34.4597], [131.3989, 34.4594], [131.3988, 34.4597], [131.3984, 34.4599], [131.3986, 34.4596], [131.3984, 34.4597], [131.3985, 34.4596], [131.3981, 34.4594], [131.3977, 34.4596], [131.3979, 34.4601], [131.398, 34.46], [131.3978, 34.4601], [131.3979, 34.4604], [131.3982, 34.4602], [131.398, 34.4604], [131.3975, 34.4605], [131.3972, 34.4602], [131.3969, 34.4602], [131.3972, 34.4597], [131.3971, 34.4596], [131.3975, 34.4593], [131.397, 34.4583], [131.3959, 34.4578], [131.3959, 34.4576], [131.3961, 34.4575], [131.3963, 34.4573], [131.396, 34.4571], [131.3962, 34.4569], [131.3962, 34.4564], [131.3961, 34.4563], [131.3954, 34.4563], [131.3953, 34.4561], [131.3951, 34.4563], [131.3943, 34.4559], [131.3946, 34.454], [131.3944, 34.4535], [131.3952, 34.4533], [131.3953, 34.4528], [131.3954, 34.4529], [131.3957, 34.4528], [131.3956, 34.4529], [131.3958, 34.453], [131.3964, 34.4522], [131.3958, 34.4511], [131.3955, 34.4513], [131.3956, 34.4512], [131.395, 34.4512], [131.3953, 34.4508], [131.3958, 34.4507], [131.3958, 34.4501], [131.3956, 34.45], [131.3964, 34.4497], [131.3965, 34.4489], [131.3961, 34.4483], [131.3965, 34.448], [131.397, 34.448], [131.3971, 34.4477], [131.3973, 34.4479], [131.3976, 34.4477], [131.3984, 34.4467], [131.399, 34.4469], [131.4003, 34.4467], [131.4006, 34.4462], [131.4004, 34.4457], [131.4006, 34.4455], [131.4009, 34.4457], [131.4014, 34.4456], [131.4015, 34.4458], [131.4021, 34.4458], [131.4027, 34.4456], [131.4031, 34.4451], [131.4038, 34.4449], [131.4047, 34.445], [131.4046, 34.4449], [131.4051, 34.4452], [131.4062, 34.4452], [131.4062, 34.4454], [131.4066, 34.4454], [131.4071, 34.4452], [131.4074, 34.4449], [131.4078, 34.4448], [131.4083, 34.4445], [131.4088, 34.4446], [131.4098, 34.4456], [131.4109, 34.4456], [131.4113, 34.4453], [131.4109, 34.4456], [131.4097, 34.4456], [131.4092, 34.4452], [131.4084, 34.4455], [131.4089, 34.4458], [131.4086, 34.4457], [131.4083, 34.446], [131.4089, 34.4474], [131.4092, 34.4476], [131.4093, 34.4477], [131.4096, 34.4474], [131.4112, 34.4474], [131.411, 34.4466], [131.4112, 34.4474], [131.4121, 34.4472], [131.4131, 34.4467], [131.4133, 34.4469], [131.4141, 34.4464], [131.4141, 34.4456], [131.4139, 34.4455], [131.4119, 34.4455], [131.4139, 34.4455], [131.4145, 34.4449], [131.4148, 34.4447], [131.4152, 34.4448], [131.4152, 34.4445], [131.4167, 34.4441], [131.417, 34.4442], [131.4176, 34.4436], [131.4199, 34.4435], [131.4202, 34.4433], [131.4201, 34.4431], [131.4194, 34.4424], [131.4189, 34.4422], [131.4193, 34.4414], [131.421, 34.4418], [131.4215, 34.4406], [131.4209, 34.4397], [131.4216, 34.4393], [131.421, 34.4383], [131.4214, 34.4382], [131.4204, 34.4373], [131.4199, 34.4374], [131.4187, 34.4372], [131.4186, 34.4365], [131.4186, 34.4368], [131.4183, 34.4368], [131.418, 34.4371], [131.418, 34.4377], [131.4178, 34.4377], [131.4178, 34.4379], [131.4178, 34.4378], [131.418, 34.4379], [131.4179, 34.4387], [131.4178, 34.4379], [131.4175, 34.4381], [131.4169, 34.4403], [131.4163, 34.4406], [131.4153, 34.4406], [131.4149, 34.4409], [131.4141, 34.4407], [131.4133, 34.4401], [131.4133, 34.4395], [131.4129, 34.4391], [131.4132, 34.4384], [131.4141, 34.4383], [131.4146, 34.438], [131.4171, 34.4373], [131.4172, 34.4372], [131.417, 34.4369], [131.4172, 34.437], [131.4177, 34.4365], [131.4176, 34.4358], [131.4171, 34.4357], [131.4162, 34.435], [131.4164, 34.4348], [131.4162, 34.4346], [131.416, 34.4349], [131.4142, 34.434], [131.4134, 34.4355], [131.4137, 34.4357], [131.4132, 34.4354], [131.4125, 34.4357], [131.4116, 34.4356], [131.411, 34.4353], [131.4107, 34.4349], [131.4103, 34.4348], [131.4098, 34.4337], [131.4093, 34.4332], [131.4093, 34.4326], [131.4098, 34.4317], [131.4102, 34.4316], [131.4104, 34.431], [131.4108, 34.431], [131.4112, 34.4307], [131.412, 34.43], [131.4111, 34.4287], [131.412, 34.4298], [131.4121, 34.43], [131.4123, 34.4299], [131.4122, 34.4301], [131.4135, 34.4312], [131.4137, 34.4316], [131.4143, 34.4315], [131.4153, 34.4304], [131.4145, 34.4297], [131.4138, 34.4296], [131.414, 34.4289], [131.4157, 34.4294], [131.4162, 34.428], [131.4156, 34.4277], [131.4162, 34.4278], [131.4133, 34.4267], [131.4126, 34.4252], [131.4118, 34.4258], [131.4118, 34.4263], [131.411, 34.4266], [131.4115, 34.4272], [131.4117, 34.4281], [131.4115, 34.4272], [131.4108, 34.4266], [131.4099, 34.427], [131.4095, 34.4281], [131.4086, 34.4287], [131.4078, 34.4287], [131.4073, 34.4281], [131.4068, 34.428], [131.4059, 34.4281], [131.405, 34.4285], [131.4042, 34.4285], [131.4036, 34.4287], [131.4027, 34.4286], [131.4023, 34.4284], [131.4015, 34.4284], [131.4007, 34.428], [131.4006, 34.4277], [131.4009, 34.4274], [131.4004, 34.4266], [131.4004, 34.4262], [131.3995, 34.4252], [131.3999, 34.4245], [131.3997, 34.4237], [131.4002, 34.4232], [131.4013, 34.4231], [131.4022, 34.4225], [131.4048, 34.4216], [131.4067, 34.4215], [131.4072, 34.4218], [131.4073, 34.4216], [131.4067, 34.4213], [131.4051, 34.4212], [131.4054, 34.4206], [131.4064, 34.4196], [131.4055, 34.4189], [131.4051, 34.4188], [131.4031, 34.4204], [131.4023, 34.4215], [131.4014, 34.4222], [131.4008, 34.4226], [131.3999, 34.4228], [131.3987, 34.4246], [131.3987, 34.4243], [131.3982, 34.4241], [131.3984, 34.4241], [131.3993, 34.423], [131.3978, 34.4215], [131.3968, 34.4222], [131.3965, 34.422], [131.3961, 34.4222], [131.3976, 34.4212], [131.3964, 34.4198], [131.3944, 34.4185], [131.3913, 34.4173], [131.3905, 34.4171], [131.3903, 34.4174], [131.3876, 34.4168], [131.3869, 34.4169], [131.3862, 34.4173], [131.3858, 34.4176], [131.3861, 34.4182], [131.3858, 34.4176], [131.385, 34.4182], [131.3853, 34.419], [131.3857, 34.4194], [131.3858, 34.4202], [131.385, 34.4214], [131.3843, 34.4221], [131.3841, 34.4221], [131.3842, 34.4222], [131.384, 34.4222], [131.3838, 34.4225], [131.3831, 34.4225], [131.3818, 34.4231], [131.3812, 34.4231], [131.3791, 34.4221], [131.3789, 34.4223], [131.3789, 34.4221], [131.3784, 34.4221], [131.3784, 34.4223], [131.3782, 34.4223], [131.3782, 34.4225], [131.3781, 34.4223], [131.378, 34.4226], [131.3778, 34.4224], [131.3777, 34.4227], [131.3776, 34.4224], [131.3773, 34.4225], [131.3774, 34.4219], [131.3786, 34.4211], [131.3788, 34.4207], [131.3787, 34.4207], [131.379, 34.4204], [131.3788, 34.4196], [131.3787, 34.4196], [131.3788, 34.4196], [131.3785, 34.4192], [131.3786, 34.419], [131.379, 34.4189], [131.3788, 34.4182], [131.3774, 34.4168], [131.3762, 34.4162], [131.3765, 34.4158], [131.3759, 34.4153], [131.3745, 34.4148], [131.3735, 34.4146], [131.3732, 34.4146], [131.3729, 34.4152], [131.3731, 34.4145], [131.3739, 34.4135], [131.3745, 34.4131], [131.3739, 34.4136], [131.3757, 34.4135], [131.3756, 34.4136], [131.3758, 34.4137], [131.3761, 34.4136], [131.3768, 34.4141], [131.3767, 34.4147], [131.3771, 34.4151], [131.3783, 34.4136], [131.3791, 34.4129], [131.3804, 34.4122], [131.3812, 34.412], [131.3799, 34.4108], [131.3782, 34.4114], [131.3773, 34.4115], [131.3759, 34.4121], [131.3739, 34.4125], [131.3734, 34.4128], [131.3732, 34.4125], [131.3727, 34.4125], [131.3731, 34.4126], [131.3733, 34.4128], [131.3729, 34.4131], [131.3725, 34.4139], [131.3719, 34.4141], [131.3719, 34.4146], [131.372, 34.4146], [131.3719, 34.4146], [131.372, 34.4148], [131.3721, 34.4152], [131.3717, 34.4145], [131.3714, 34.415], [131.3712, 34.4147], [131.3707, 34.4147], [131.3706, 34.4149], [131.3705, 34.4146], [131.3694, 34.4146], [131.3687, 34.4144], [131.3674, 34.413], [131.3665, 34.4126], [131.3658, 34.4131], [131.3654, 34.4127], [131.3633, 34.4128], [131.3633, 34.413], [131.3637, 34.413], [131.3642, 34.4132], [131.3644, 34.4136], [131.3637, 34.4136], [131.3638, 34.4133], [131.3636, 34.4131], [131.3634, 34.4133], [131.3629, 34.4131], [131.3632, 34.4124], [131.3628, 34.4116], [131.3619, 34.411], [131.3609, 34.4109], [131.3602, 34.4111], [131.36, 34.4109], [131.358, 34.4108], [131.3558, 34.4104], [131.3547, 34.4105], [131.3525, 34.4113], [131.3523, 34.4118], [131.3504, 34.414], [131.3505, 34.4144], [131.3503, 34.4144], [131.3491, 34.4159], [131.349, 34.416], [131.3493, 34.4163], [131.3491, 34.4164], [131.3488, 34.4163], [131.3486, 34.4165], [131.3483, 34.417], [131.3484, 34.4172], [131.3482, 34.4172], [131.3481, 34.4173], [131.3476, 34.4174], [131.3477, 34.4171], [131.3472, 34.4164], [131.3465, 34.4163], [131.3454, 34.4157], [131.3451, 34.415], [131.3446, 34.4149], [131.3441, 34.4151], [131.344, 34.4154], [131.3437, 34.4156], [131.3427, 34.416], [131.3425, 34.4162], [131.3427, 34.4164], [131.3426, 34.4165], [131.341, 34.4156], [131.3408, 34.4157], [131.3403, 34.4155], [131.3402, 34.4157], [131.34, 34.4154], [131.3387, 34.4156], [131.3385, 34.4158], [131.3383, 34.4164], [131.3385, 34.4172], [131.3387, 34.4172], [131.3386, 34.4175], [131.3387, 34.4176], [131.3381, 34.418], [131.3376, 34.418], [131.3377, 34.4182], [131.3374, 34.4181], [131.337, 34.4183], [131.3369, 34.4174], [131.3371, 34.4169], [131.3366, 34.4162], [131.3355, 34.4156], [131.3348, 34.415], [131.3342, 34.415], [131.3332, 34.4154], [131.3332, 34.4153], [131.3331, 34.4155], [131.333, 34.4153], [131.3311, 34.4143], [131.3316, 34.413], [131.3312, 34.412], [131.3311, 34.4118], [131.3307, 34.4118], [131.3307, 34.4115], [131.3294, 34.41], [131.3294, 34.4095], [131.3291, 34.4093], [131.3289, 34.4095], [131.3285, 34.4087], [131.3288, 34.4086], [131.3288, 34.4082], [131.3293, 34.4076], [131.33, 34.4073], [131.33, 34.4065], [131.3297, 34.4064], [131.3285, 34.4063], [131.3281, 34.4065], [131.3278, 34.4063], [131.3273, 34.4063], [131.3277, 34.4058], [131.3271, 34.4048], [131.3271, 34.4037], [131.3274, 34.4034], [131.3278, 34.4032], [131.3281, 34.4028], [131.3266, 34.4021], [131.3278, 34.4002], [131.3269, 34.4018], [131.3271, 34.4019], [131.3273, 34.4017], [131.3282, 34.402], [131.3291, 34.4007], [131.3291, 34.4001], [131.3287, 34.4001], [131.3287, 34.4003], [131.328, 34.4004], [131.3286, 34.4003], [131.3285, 34.3998], [131.3274, 34.3978], [131.3268, 34.3976], [131.3274, 34.3977], [131.3277, 34.398], [131.3286, 34.3996], [131.3287, 34.3994], [131.3284, 34.3983], [131.3288, 34.3994], [131.3286, 34.3998], [131.3287, 34.4001], [131.3293, 34.4], [131.3291, 34.3993], [131.3293, 34.3992], [131.3283, 34.3971], [131.3279, 34.3976], [131.3282, 34.3971], [131.3281, 34.3968], [131.3277, 34.397], [131.3286, 34.3964], [131.3284, 34.3963], [131.328, 34.3968], [131.3274, 34.396], [131.3267, 34.3956], [131.3263, 34.3956], [131.3252, 34.3946], [131.3253, 34.3941], [131.3258, 34.3937], [131.3254, 34.3926], [131.3236, 34.3918], [131.3223, 34.3914], [131.3216, 34.3917], [131.3216, 34.3914], [131.3218, 34.3912], [131.3217, 34.3909], [131.3209, 34.3906], [131.3199, 34.3906], [131.3195, 34.3904], [131.3187, 34.3908], [131.3173, 34.3912], [131.3168, 34.3909], [131.3164, 34.3909], [131.3164, 34.3903], [131.316, 34.3896], [131.3156, 34.3893], [131.3157, 34.3891], [131.3152, 34.3882], [131.314, 34.3874], [131.3135, 34.3873], [131.3132, 34.3873], [131.3124, 34.3869], [131.3116, 34.3868], [131.311, 34.387], [131.3107, 34.3868], [131.3097, 34.387], [131.3096, 34.3871], [131.309, 34.3871], [131.3076, 34.3876], [131.3069, 34.3877], [131.3066, 34.3873], [131.3068, 34.387], [131.3065, 34.387], [131.3061, 34.3867], [131.3062, 34.3865], [131.3066, 34.3863], [131.3064, 34.3859], [131.3065, 34.3854], [131.3066, 34.3853], [131.3069, 34.3854], [131.3069, 34.3852], [131.3067, 34.3852], [131.3069, 34.3851], [131.3073, 34.384], [131.3069, 34.3832], [131.3063, 34.3829], [131.305, 34.3827], [131.305, 34.3825], [131.3043, 34.3824], [131.3035, 34.3827], [131.3032, 34.3826], [131.3031, 34.3828], [131.3029, 34.3826], [131.3026, 34.3828], [131.3024, 34.3826], [131.3019, 34.3826], [131.3017, 34.3828], [131.3005, 34.3821], [131.3, 34.382], [131.2985, 34.3826], [131.298, 34.3832], [131.2975, 34.3833], [131.2975, 34.3836], [131.2967, 34.3837], [131.2953, 34.383], [131.2946, 34.3825], [131.2944, 34.3826], [131.2944, 34.3824], [131.2946, 34.3823], [131.2938, 34.3819], [131.2938, 34.3815], [131.2935, 34.3812], [131.2928, 34.3813], [131.2935, 34.3811], [131.2938, 34.3808], [131.2932, 34.3803], [131.2939, 34.3795], [131.2938, 34.3788], [131.2941, 34.3783], [131.2939, 34.3772], [131.2954, 34.3759], [131.2957, 34.3753], [131.2951, 34.3741], [131.2952, 34.3731], [131.2957, 34.3724], [131.2957, 34.3719], [131.2945, 34.3708], [131.2942, 34.3698], [131.2942, 34.3688], [131.2959, 34.3664], [131.2962, 34.3656], [131.2968, 34.3654], [131.2971, 34.365], [131.2994, 34.3646], [131.3014, 34.3636], [131.3026, 34.3633], [131.3035, 34.3627], [131.304, 34.3625], [131.3043, 34.3628], [131.3045, 34.3631], [131.3049, 34.3633], [131.3053, 34.3643], [131.3061, 34.3651], [131.3066, 34.3663], [131.3072, 34.3668], [131.3093, 34.3675], [131.3103, 34.3674], [131.3118, 34.367], [131.3127, 34.3672], [131.3137, 34.3672], [131.3146, 34.3676], [131.3149, 34.3682], [131.3159, 34.3688], [131.3161, 34.3696], [131.3165, 34.3698], [131.3173, 34.3702], [131.3182, 34.3702], [131.3192, 34.37], [131.3199, 34.3698], [131.32, 34.3695], [131.3204, 34.3692], [131.3202, 34.3682], [131.3204, 34.3673], [131.321, 34.3666], [131.3216, 34.3663], [131.3223, 34.3651], [131.3237, 34.3633], [131.3243, 34.3617], [131.3252, 34.3612], [131.3258, 34.3616], [131.3261, 34.3612], [131.3266, 34.3611], [131.3285, 34.36], [131.3294, 34.3604], [131.3298, 34.3605], [131.3303, 34.3604], [131.3306, 34.3598], [131.331, 34.3596], [131.332, 34.3598], [131.3324, 34.3595], [131.3325, 34.3586], [131.3328, 34.3587], [131.3338, 34.3594], [131.3352, 34.3594], [131.3356, 34.3589], [131.3358, 34.3579], [131.3368, 34.3583], [131.3381, 34.3583], [131.3382, 34.3588], [131.3385, 34.3591], [131.3394, 34.3588], [131.3398, 34.3592], [131.3407, 34.3592], [131.3415, 34.3597], [131.3428, 34.3596], [131.3434, 34.3593], [131.3437, 34.3588], [131.3435, 34.3577], [131.3439, 34.3568], [131.3443, 34.3565], [131.3447, 34.3561], [131.3448, 34.3555], [131.3455, 34.3557], [131.3457, 34.3552], [131.3467, 34.3547], [131.3471, 34.3539], [131.3487, 34.3535], [131.3493, 34.353], [131.3491, 34.3526], [131.3484, 34.3525], [131.3478, 34.3522], [131.3475, 34.3517], [131.3465, 34.3516], [131.346, 34.3512], [131.3455, 34.3512], [131.3449, 34.3509], [131.3449, 34.3499], [131.3446, 34.3494], [131.3459, 34.3486], [131.3459, 34.3474], [131.3454, 34.3465], [131.3456, 34.3463], [131.3461, 34.3463], [131.3453, 34.3452], [131.3455, 34.3432], [131.345, 34.3429], [131.3444, 34.3428], [131.3442, 34.3423], [131.3434, 34.3411], [131.3432, 34.3391], [131.3426, 34.3388], [131.3435, 34.3368], [131.3442, 34.3363], [131.3443, 34.3358], [131.3427, 34.3346], [131.3421, 34.3333], [131.3423, 34.3331], [131.3434, 34.3326], [131.3434, 34.3322], [131.3441, 34.3319], [131.3443, 34.3309], [131.3439, 34.3304], [131.3438, 34.329], [131.344, 34.3282], [131.3437, 34.3279], [131.3439, 34.3273], [131.3437, 34.3268], [131.3432, 34.3262], [131.3433, 34.3256], [131.343, 34.3253], [131.343, 34.3249], [131.3426, 34.3247], [131.3423, 34.3242], [131.3426, 34.3236], [131.3427, 34.3229], [131.3427, 34.3224], [131.3422, 34.3215], [131.3428, 34.3208], [131.3418, 34.3184], [131.3421, 34.3177], [131.342, 34.3174], [131.3403, 34.315], [131.339, 34.314], [131.3389, 34.3132], [131.3386, 34.3127], [131.3383, 34.3126], [131.3382, 34.3122], [131.3374, 34.3115], [131.3364, 34.3114], [131.3363, 34.3099], [131.336, 34.3095], [131.3381, 34.3085], [131.338, 34.3079], [131.3383, 34.3076], [131.3394, 34.3072], [131.3413, 34.3061], [131.3432, 34.306], [131.3438, 34.3058], [131.3444, 34.3053], [131.3447, 34.3048], [131.3459, 34.3044], [131.3466, 34.3039], [131.3472, 34.3031], [131.3478, 34.3028], [131.348, 34.3021], [131.3489, 34.3022], [131.3496, 34.3025], [131.3501, 34.3024], [131.3518, 34.3031], [131.3524, 34.304], [131.353, 34.3041], [131.3542, 34.3039], [131.3546, 34.3032], [131.3551, 34.3027], [131.3555, 34.3027], [131.356, 34.303], [131.3563, 34.3026], [131.3567, 34.3026], [131.3571, 34.3033], [131.3579, 34.3037], [131.3583, 34.3042], [131.3594, 34.305], [131.3601, 34.3051], [131.3602, 34.3056], [131.3605, 34.3057], [131.3613, 34.3068], [131.3627, 34.3072], [131.3639, 34.3071], [131.3654, 34.3073], [131.3661, 34.3071], [131.367, 34.3086], [131.367, 34.3094], [131.368, 34.3104], [131.3685, 34.3104], [131.3687, 34.3103], [131.3699, 34.3103], [131.3706, 34.3099], [131.3708, 34.31], [131.3722, 34.3095], [131.3728, 34.3091], [131.3731, 34.3087], [131.3729, 34.3083], [131.3732, 34.3065], [131.3735, 34.3061], [131.3734, 34.3057], [131.3738, 34.3041], [131.3748, 34.304], [131.3752, 34.3028], [131.3752, 34.302], [131.3756, 34.3014], [131.3764, 34.3009], [131.3768, 34.3], [131.3775, 34.2995], [131.378, 34.2993], [131.3783, 34.2989], [131.3797, 34.2984], [131.3808, 34.2968], [131.3813, 34.2968], [131.3814, 34.2954], [131.3805, 34.2949], [131.3802, 34.2946], [131.3804, 34.2933], [131.3818, 34.293], [131.3811, 34.292], [131.3804, 34.2901], [131.3807, 34.2895], [131.3805, 34.2883], [131.3806, 34.2879], [131.3803, 34.2873], [131.3809, 34.2863], [131.3815, 34.2842], [131.381, 34.2834], [131.3803, 34.2831], [131.3812, 34.2828], [131.381, 34.2823], [131.3814, 34.2819], [131.3815, 34.2815], [131.3812, 34.2807], [131.3831, 34.2792], [131.3834, 34.2787], [131.385, 34.2789], [131.3861, 34.2781], [131.3861, 34.2771], [131.3863, 34.2765], [131.3862, 34.2754], [131.3872, 34.2747], [131.3868, 34.2713], [131.3871, 34.2713], [131.3879, 34.2719], [131.3884, 34.2716], [131.3895, 34.2696], [131.3893, 34.2691], [131.3899, 34.269], [131.3901, 34.2685], [131.3905, 34.268], [131.3918, 34.2675], [131.3918, 34.267], [131.3926, 34.2664], [131.3931, 34.2655], [131.3944, 34.2657], [131.3954, 34.2675], [131.3956, 34.2673], [131.3963, 34.2672], [131.3976, 34.2678], [131.3982, 34.2674], [131.4006, 34.2685], [131.4016, 34.2685], [131.4018, 34.2683], [131.4018, 34.2669], [131.4022, 34.2663], [131.402, 34.2656], [131.4023, 34.265], [131.4022, 34.264], [131.4024, 34.2632], [131.4042, 34.2614], [131.4042, 34.2608], [131.4049, 34.2605], [131.4045, 34.2603], [131.4046, 34.2596], [131.4048, 34.2588], [131.4054, 34.2585], [131.4041, 34.2573], [131.4035, 34.2559], [131.4028, 34.2554], [131.4026, 34.255], [131.4023, 34.2541], [131.4013, 34.2536], [131.4008, 34.2523], [131.4002, 34.252], [131.3998, 34.2502], [131.4002, 34.2492], [131.401, 34.2479], [131.4014, 34.2474], [131.4026, 34.2465], [131.4023, 34.245], [131.4027, 34.2439], [131.4033, 34.2433], [131.4035, 34.2429], [131.4038, 34.2409], [131.4018, 34.239], [131.4024, 34.2379], [131.402, 34.2371], [131.4011, 34.2366], [131.4014, 34.2357], [131.401, 34.2354], [131.3998, 34.2354], [131.4003, 34.2345], [131.4, 34.2336], [131.3993, 34.2327], [131.3993, 34.2318], [131.4008, 34.2306], [131.4009, 34.2297], [131.3998, 34.2288], [131.3999, 34.2279], [131.3996, 34.2264], [131.4007, 34.2251], [131.4007, 34.2248], [131.4001, 34.2235], [131.399, 34.2234], [131.3995, 34.2225], [131.3995, 34.2215], [131.3984, 34.2209], [131.3984, 34.2192], [131.3982, 34.2188], [131.3973, 34.2177], [131.3972, 34.2173], [131.3973, 34.217], [131.3983, 34.2171], [131.3995, 34.2156], [131.4015, 34.2154], [131.4026, 34.2151], [131.4034, 34.2143], [131.4054, 34.2139], [131.4065, 34.2129], [131.4082, 34.2125], [131.4093, 34.2113], [131.4099, 34.2109], [131.4115, 34.2104], [131.4119, 34.2101], [131.4133, 34.2102], [131.4143, 34.2106], [131.4161, 34.2103], [131.4166, 34.2109], [131.4169, 34.211], [131.4173, 34.2115], [131.4188, 34.2126], [131.4181, 34.2135], [131.4183, 34.2143], [131.4188, 34.2145], [131.4189, 34.2153], [131.4195, 34.2156], [131.421, 34.2175], [131.422, 34.2181], [131.4223, 34.2184], [131.4239, 34.2194], [131.4251, 34.2182], [131.4257, 34.2184], [131.4268, 34.2179], [131.4278, 34.2179], [131.4286, 34.2183], [131.4298, 34.2187], [131.4312, 34.2195], [131.4318, 34.2204], [131.4326, 34.221], [131.433, 34.2223], [131.434, 34.2225], [131.4346, 34.2228], [131.4353, 34.2224], [131.436, 34.2225], [131.4369, 34.2226], [131.4371, 34.2229], [131.4373, 34.2229], [131.438, 34.2222], [131.4392, 34.2223], [131.4408, 34.2221], [131.4417, 34.2222], [131.4428, 34.2218], [131.4437, 34.2222], [131.4443, 34.2221], [131.4448, 34.2223], [131.4464, 34.2222], [131.4479, 34.2231], [131.4488, 34.2243], [131.4494, 34.2242], [131.4496, 34.2243], [131.4523, 34.2279], [131.4524, 34.2288], [131.4533, 34.2287], [131.4539, 34.2296], [131.454, 34.2302], [131.4557, 34.2303], [131.4559, 34.2307], [131.456, 34.2313], [131.4562, 34.2314], [131.4574, 34.2314], [131.4602, 34.2309], [131.4616, 34.2311], [131.4624, 34.2316], [131.4628, 34.2318], [131.4632, 34.2332], [131.4623, 34.2342], [131.4627, 34.2352], [131.4629, 34.2362], [131.4627, 34.2367], [131.4634, 34.2373], [131.4635, 34.2379], [131.4642, 34.2382], [131.4648, 34.2381], [131.4655, 34.2386], [131.4668, 34.2389], [131.467, 34.2393], [131.4676, 34.2395], [131.4705, 34.2403], [131.4709, 34.24], [131.4716, 34.2399], [131.4728, 34.2414], [131.473, 34.2414], [131.4736, 34.2412], [131.4749, 34.2415], [131.4777, 34.2431], [131.4784, 34.2432], [131.479, 34.2429], [131.4804, 34.2432], [131.4808, 34.2443], [131.4813, 34.2448], [131.4817, 34.2448], [131.4823, 34.2446], [131.4827, 34.2441], [131.484, 34.2444], [131.4848, 34.2442], [131.4853, 34.2439], [131.4857, 34.2435], [131.4855, 34.2427], [131.4857, 34.2415], [131.4862, 34.2411], [131.4866, 34.2403], [131.4875, 34.2397], [131.4882, 34.2402], [131.4918, 34.2409], [131.4919, 34.2413], [131.4926, 34.2416], [131.4934, 34.2426], [131.4936, 34.2427], [131.4942, 34.2427], [131.4951, 34.2423], [131.4954, 34.2423], [131.496, 34.242], [131.4962, 34.2418], [131.4957, 34.2409], [131.496, 34.2401], [131.4969, 34.2397], [131.4974, 34.2401], [131.4992, 34.2404], [131.5003, 34.2422], [131.5012, 34.242], [131.5017, 34.2421], [131.5024, 34.2432], [131.5026, 34.2443], [131.5024, 34.2446], [131.5017, 34.2448], [131.5006, 34.2454], [131.5007, 34.2458], [131.5004, 34.2462], [131.5006, 34.2469], [131.5004, 34.2479], [131.5009, 34.2477], [131.5016, 34.2483], [131.5019, 34.249], [131.5039, 34.2486], [131.5044, 34.2494], [131.505, 34.2499], [131.5052, 34.2503], [131.5062, 34.2507], [131.5071, 34.2514], [131.5068, 34.2519], [131.5067, 34.2534], [131.5069, 34.2547], [131.5059, 34.2555], [131.5055, 34.2569], [131.504, 34.2585], [131.505, 34.2592], [131.5053, 34.26], [131.5063, 34.2612], [131.5065, 34.2617], [131.507, 34.2619], [131.5074, 34.2625], [131.5076, 34.263], [131.5089, 34.264], [131.5094, 34.2649], [131.5096, 34.265], [131.5103, 34.265], [131.5104, 34.2657], [131.5108, 34.2663], [131.5101, 34.2681], [131.5104, 34.2687], [131.5123, 34.2701], [131.5131, 34.2704], [131.5135, 34.2707], [131.5136, 34.2714], [131.5146, 34.2727], [131.5149, 34.2729], [131.5153, 34.2729], [131.5156, 34.2733], [131.516, 34.2733], [131.5163, 34.2735], [131.5155, 34.2745], [131.5154, 34.2748], [131.5157, 34.2753], [131.5141, 34.2778], [131.5141, 34.2781], [131.5151, 34.2788], [131.5153, 34.2791], [131.5152, 34.2797], [131.5154, 34.2799], [131.516, 34.2797], [131.5168, 34.2786], [131.517, 34.2785], [131.518, 34.2788], [131.5183, 34.2794], [131.5186, 34.2795], [131.5197, 34.2797], [131.5203, 34.2795], [131.5203, 34.2791], [131.5221, 34.2796], [131.5225, 34.2793], [131.5229, 34.2795], [131.524, 34.2794], [131.5242, 34.2797], [131.5253, 34.2803], [131.5251, 34.2809], [131.5265, 34.2815], [131.5262, 34.2829], [131.5256, 34.2836], [131.5247, 34.2839], [131.524, 34.2844], [131.5237, 34.2853], [131.523, 34.2856], [131.5231, 34.286], [131.5228, 34.2863], [131.5224, 34.2871], [131.5221, 34.2872], [131.5215, 34.2879], [131.5215, 34.2885], [131.5218, 34.2891], [131.5228, 34.289], [131.5244, 34.2894], [131.5246, 34.2901], [131.5255, 34.2904], [131.5259, 34.2909], [131.5268, 34.2917], [131.5275, 34.2915], [131.5289, 34.2922], [131.5299, 34.2925], [131.5303, 34.2933], [131.5303, 34.2938], [131.5324, 34.294], [131.5326, 34.2946], [131.533, 34.2948], [131.5338, 34.2956], [131.5324, 34.2976], [131.5322, 34.2993], [131.5358, 34.2998], [131.5368, 34.3003], [131.5376, 34.3001], [131.5409, 34.3048], [131.5415, 34.3044], [131.5424, 34.3044], [131.5427, 34.3042], [131.5432, 34.3044], [131.5439, 34.3036], [131.544, 34.3025], [131.5445, 34.3018], [131.5447, 34.3008], [131.5455, 34.2997], [131.5459, 34.2997], [131.5467, 34.3002], [131.5478, 34.2992], [131.5488, 34.2994], [131.5496, 34.299], [131.5516, 34.3013], [131.5516, 34.3018], [131.5523, 34.3024], [131.5527, 34.3032], [131.5524, 34.3046], [131.5526, 34.3052], [131.5523, 34.3061], [131.5531, 34.3067], [131.5551, 34.3069], [131.558, 34.308], [131.5585, 34.3113], [131.5589, 34.3122], [131.5588, 34.3129], [131.5602, 34.3162], [131.56, 34.3177], [131.5612, 34.318], [131.5618, 34.3186], [131.5626, 34.3191], [131.5628, 34.3197], [131.5625, 34.32], [131.5632, 34.3204], [131.563, 34.321], [131.5631, 34.3216], [131.5638, 34.3223], [131.5652, 34.3233], [131.5666, 34.3262], [131.5663, 34.3283], [131.5658, 34.3293], [131.5634, 34.3313], [131.5625, 34.3314], [131.561, 34.3308], [131.5593, 34.3329], [131.5588, 34.3338], [131.5586, 34.3364], [131.5615, 34.3413], [131.5614, 34.3415], [131.5609, 34.3418], [131.5608, 34.3422], [131.5608, 34.3441], [131.5606, 34.3454], [131.5596, 34.3486], [131.5586, 34.3507], [131.5569, 34.3533], [131.557, 34.3536], [131.5579, 34.3543], [131.5579, 34.3546], [131.5566, 34.3556], [131.5545, 34.3587], [131.5543, 34.3603], [131.5538, 34.3617], [131.5536, 34.3619], [131.5529, 34.362], [131.5512, 34.3616], [131.5497, 34.3618], [131.548, 34.363], [131.5459, 34.3637], [131.5437, 34.3639], [131.543, 34.3643], [131.5422, 34.3657], [131.5412, 34.3664], [131.5407, 34.3664], [131.5397, 34.3657], [131.5388, 34.3656], [131.5362, 34.3668], [131.5338, 34.3692], [131.5333, 34.3704], [131.5339, 34.3719], [131.5337, 34.3728], [131.5329, 34.374], [131.5332, 34.3746], [131.5333, 34.3755], [131.5331, 34.3775], [131.5333, 34.3778], [131.5342, 34.3779], [131.5351, 34.3799], [131.5358, 34.3802], [131.536, 34.3812], [131.5367, 34.3813], [131.5383, 34.3825], [131.5395, 34.3826], [131.5403, 34.3841], [131.5407, 34.3845], [131.5414, 34.3854], [131.5422, 34.3856], [131.5428, 34.386], [131.5445, 34.3864], [131.5462, 34.3872], [131.5482, 34.3886], [131.547, 34.3904], [131.547, 34.3913], [131.5473, 34.392], [131.5473, 34.3929], [131.5471, 34.3931], [131.5467, 34.3932], [131.5467, 34.3941], [131.5455, 34.3945], [131.5439, 34.3942], [131.5438, 34.395], [131.5429, 34.3961], [131.5418, 34.3968], [131.5405, 34.397], [131.5404, 34.3977], [131.5398, 34.3981], [131.5398, 34.3989], [131.5389, 34.3994], [131.5389, 34.4], [131.5385, 34.4004], [131.5391, 34.4011], [131.5395, 34.4027], [131.5393, 34.4032], [131.5387, 34.4037], [131.5385, 34.4043], [131.5378, 34.4049], [131.5376, 34.4066], [131.538, 34.4072], [131.5374, 34.4093], [131.5367, 34.4106], [131.5375, 34.4108], [131.5387, 34.4107], [131.5393, 34.4112], [131.5401, 34.4122], [131.5408, 34.4147], [131.5416, 34.4137], [131.5422, 34.4133], [131.5425, 34.4098], [131.5426, 34.4091], [131.5431, 34.4088], [131.5436, 34.4089], [131.5446, 34.4098], [131.546, 34.41], [131.5467, 34.4099], [131.5484, 34.4093], [131.5504, 34.4091], [131.5511, 34.4085], [131.5514, 34.4085], [131.5536, 34.4092], [131.5544, 34.409], [131.5549, 34.4091], [131.5553, 34.4094], [131.5554, 34.4097], [131.5563, 34.4102], [131.5567, 34.4103], [131.5586, 34.4116], [131.5624, 34.4125], [131.5653, 34.412], [131.5693, 34.4132], [131.5728, 34.4104], [131.5747, 34.4106], [131.5752, 34.4091], [131.5761, 34.4079], [131.5765, 34.4077], [131.5773, 34.4077], [131.5784, 34.4074], [131.5799, 34.4078], [131.5812, 34.4079], [131.5849, 34.4073], [131.5867, 34.4073], [131.5876, 34.4075], [131.5893, 34.4085], [131.5895, 34.4087], [131.5899, 34.4086], [131.5915, 34.41], [131.5919, 34.4102], [131.5927, 34.4103], [131.5933, 34.4097], [131.5946, 34.4095], [131.5954, 34.4089], [131.5976, 34.4091], [131.5992, 34.4088], [131.6008, 34.4083], [131.6018, 34.4078], [131.6022, 34.4078], [131.603, 34.4081], [131.605, 34.4093], [131.6066, 34.4098], [131.6072, 34.4116], [131.6068, 34.4121], [131.6069, 34.4128], [131.6066, 34.4132], [131.6068, 34.4145], [131.6064, 34.4157], [131.6059, 34.4161], [131.6064, 34.4174], [131.6057, 34.4178], [131.6057, 34.418], [131.6067, 34.4182], [131.6072, 34.4184], [131.6075, 34.4189], [131.6086, 34.4195], [131.609, 34.4212], [131.6101, 34.4217], [131.6106, 34.4231], [131.6123, 34.4237], [131.6132, 34.4249], [131.6147, 34.4252], [131.6149, 34.4257], [131.6144, 34.4264], [131.6145, 34.4272], [131.6152, 34.4276], [131.6154, 34.4285], [131.6162, 34.429], [131.6159, 34.43], [131.6164, 34.4303], [131.6163, 34.4312], [131.6168, 34.4314], [131.6171, 34.4321], [131.6177, 34.432], [131.6191, 34.4322], [131.6206, 34.4317], [131.6217, 34.4326], [131.6227, 34.4331], [131.6223, 34.4342], [131.6227, 34.4347], [131.6228, 34.4359], [131.6233, 34.437], [131.6238, 34.4375], [131.6258, 34.4383], [131.6262, 34.4393], [131.6272, 34.4397], [131.6279, 34.4411], [131.6281, 34.4418], [131.6274, 34.4429], [131.6274, 34.4435], [131.6282, 34.4437], [131.629, 34.4442], [131.6302, 34.4439], [131.6318, 34.4443], [131.6325, 34.444], [131.6338, 34.4445], [131.634, 34.4448], [131.6343, 34.4454], [131.6343, 34.4464], [131.6349, 34.447], [131.6341, 34.4485], [131.6343, 34.4494], [131.6341, 34.45], [131.6342, 34.4506], [131.6339, 34.453], [131.6342, 34.4534], [131.6344, 34.4553], [131.6346, 34.4556], [131.6355, 34.4557], [131.6366, 34.4564], [131.638, 34.456], [131.6382, 34.4557], [131.6387, 34.4563], [131.6388, 34.4569], [131.639, 34.4571], [131.6386, 34.4575], [131.6385, 34.458], [131.6389, 34.4583], [131.6401, 34.4586], [131.6405, 34.4593], [131.6405, 34.4597], [131.64, 34.4602], [131.6398, 34.461], [131.6395, 34.4612], [131.6386, 34.4613], [131.6385, 34.4621], [131.638, 34.4626], [131.6382, 34.4631], [131.6381, 34.4635], [131.6384, 34.4643], [131.6394, 34.4654], [131.6404, 34.4653], [131.6416, 34.4655], [131.6425, 34.4663], [131.6429, 34.4669], [131.6453, 34.4662], [131.646, 34.4662], [131.6465, 34.4663], [131.6469, 34.4666], [131.6474, 34.4675], [131.6486, 34.4681], [131.6489, 34.4691], [131.6499, 34.4698], [131.6494, 34.4709], [131.65, 34.4717], [131.6499, 34.4725], [131.6502, 34.4731], [131.6501, 34.4742], [131.6505, 34.4747], [131.6497, 34.4752], [131.6493, 34.4766], [131.6498, 34.4774], [131.6501, 34.4776], [131.6507, 34.4779], [131.6518, 34.4779], [131.6529, 34.4788], [131.6532, 34.4795], [131.6522, 34.48], [131.6516, 34.4808], [131.6507, 34.481], [131.6495, 34.4819], [131.6494, 34.4821], [131.6493, 34.4834], [131.6478, 34.4844], [131.6473, 34.4851], [131.6466, 34.4855], [131.6466, 34.4864], [131.6458, 34.487], [131.6459, 34.4876], [131.6462, 34.488], [131.6473, 34.4889], [131.6478, 34.489], [131.6492, 34.4891], [131.6506, 34.4897], [131.6508, 34.4908], [131.6503, 34.4917], [131.6494, 34.4924], [131.6492, 34.4927], [131.6492, 34.4937], [131.6483, 34.4941], [131.648, 34.4951], [131.6464, 34.4959], [131.6461, 34.4962], [131.6458, 34.4973], [131.6454, 34.4978], [131.6457, 34.4988], [131.6499, 34.4997], [131.6519, 34.4998], [131.6529, 34.5003], [131.6536, 34.5001], [131.6541, 34.5001], [131.6537, 34.5012], [131.654, 34.5022], [131.6549, 34.5029], [131.6556, 34.5039], [131.6572, 34.5044], [131.6581, 34.5043], [131.6589, 34.5039], [131.6613, 34.5034], [131.662, 34.5035], [131.6626, 34.5041], [131.6638, 34.5027], [131.664, 34.5025], [131.6648, 34.5025], [131.6658, 34.5026], [131.6664, 34.5029], [131.6673, 34.5034], [131.6681, 34.5042]]], [[[131.319, 34.4329], [131.3191, 34.4331], [131.3187, 34.4331], [131.3187, 34.4329], [131.3183, 34.4327], [131.3181, 34.4325], [131.3185, 34.4322], [131.3185, 34.4316], [131.3183, 34.4313], [131.3183, 34.4315], [131.3177, 34.4314], [131.3175, 34.4317], [131.3173, 34.4315], [131.3174, 34.4311], [131.3173, 34.4308], [131.318, 34.4306], [131.318, 34.4304], [131.3175, 34.4302], [131.3176, 34.4301], [131.3173, 34.4298], [131.3169, 34.4297], [131.3169, 34.4295], [131.3171, 34.4295], [131.3171, 34.4292], [131.3173, 34.4292], [131.3173, 34.429], [131.317, 34.429], [131.3172, 34.4288], [131.3172, 34.4284], [131.3169, 34.4279], [131.3166, 34.4278], [131.3165, 34.4276], [131.3169, 34.4277], [131.3171, 34.4273], [131.3175, 34.4272], [131.3177, 34.4269], [131.318, 34.4269], [131.318, 34.4268], [131.3184, 34.4268], [131.319, 34.4265], [131.3201, 34.4262], [131.3208, 34.4266], [131.3217, 34.4267], [131.3215, 34.4268], [131.3221, 34.4272], [131.3222, 34.4278], [131.322, 34.428], [131.3218, 34.428], [131.3218, 34.4285], [131.3215, 34.4285], [131.322, 34.4289], [131.3221, 34.4294], [131.3216, 34.4299], [131.3211, 34.4301], [131.3219, 34.4308], [131.3216, 34.431], [131.3211, 34.431], [131.3211, 34.4314], [131.3215, 34.4316], [131.3212, 34.4319], [131.3213, 34.4321], [131.3211, 34.4322], [131.3209, 34.4321], [131.321, 34.4319], [131.3207, 34.4319], [131.3208, 34.4321], [131.3204, 34.4321], [131.3208, 34.4326], [131.3204, 34.4325], [131.3204, 34.4327], [131.3202, 34.4324], [131.3195, 34.4324], [131.3197, 34.4327], [131.319, 34.4324], [131.3192, 34.4326], [131.319, 34.4329]]], [[[131.4128, 34.5126], [131.4125, 34.513], [131.4126, 34.5133], [131.4123, 34.5134], [131.4121, 34.513], [131.4115, 34.5126], [131.4113, 34.5121], [131.4111, 34.5125], [131.4108, 34.5124], [131.4108, 34.5122], [131.4104, 34.5123], [131.4097, 34.5121], [131.4093, 34.5122], [131.409, 34.5126], [131.4086, 34.5123], [131.4088, 34.5126], [131.4085, 34.5126], [131.4068, 34.5097], [131.4058, 34.5087], [131.4039, 34.5076], [131.4032, 34.5065], [131.4033, 34.5054], [131.4031, 34.5044], [131.4024, 34.5034], [131.4021, 34.5024], [131.4024, 34.5001], [131.4011, 34.4981], [131.401, 34.4976], [131.4007, 34.4975], [131.4013, 34.4968], [131.4011, 34.4966], [131.4012, 34.4962], [131.4017, 34.4957], [131.4015, 34.4956], [131.4017, 34.4955], [131.4014, 34.4953], [131.4028, 34.4949], [131.4033, 34.4945], [131.4038, 34.4939], [131.4049, 34.4913], [131.4059, 34.4902], [131.4068, 34.4897], [131.407, 34.4894], [131.4096, 34.4894], [131.4096, 34.4895], [131.4087, 34.4895], [131.4087, 34.4897], [131.4089, 34.4897], [131.4089, 34.4901], [131.4095, 34.4904], [131.4094, 34.4905], [131.4088, 34.4902], [131.4086, 34.4903], [131.4088, 34.491], [131.4086, 34.4911], [131.409, 34.4913], [131.4092, 34.4911], [131.4094, 34.4911], [131.4093, 34.4913], [131.4097, 34.4916], [131.4097, 34.4913], [131.4099, 34.4914], [131.4098, 34.4917], [131.4123, 34.4921], [131.4128, 34.4919], [131.412, 34.4917], [131.4121, 34.4913], [131.4135, 34.4915], [131.4135, 34.4919], [131.4139, 34.492], [131.413, 34.4919], [131.4127, 34.4925], [131.4131, 34.4927], [131.4138, 34.4928], [131.4139, 34.4925], [131.4139, 34.4928], [131.4148, 34.4927], [131.4154, 34.4913], [131.4133, 34.4911], [131.4165, 34.4913], [131.4168, 34.4921], [131.4181, 34.493], [131.419, 34.494], [131.4191, 34.4944], [131.4186, 34.497], [131.4185, 34.499], [131.4178, 34.5001], [131.4189, 34.5013], [131.4189, 34.5024], [131.4181, 34.5031], [131.4174, 34.5032], [131.4173, 34.5037], [131.4162, 34.5041], [131.416, 34.5049], [131.4161, 34.5059], [131.4158, 34.5067], [131.4151, 34.5073], [131.4165, 34.5087], [131.4168, 34.5096], [131.4166, 34.5097], [131.4165, 34.5095], [131.4163, 34.5095], [131.4165, 34.5097], [131.4163, 34.5102], [131.4165, 34.5101], [131.4165, 34.5104], [131.4166, 34.5102], [131.4167, 34.5106], [131.4162, 34.5109], [131.4162, 34.5112], [131.4159, 34.5112], [131.4158, 34.5114], [131.416, 34.5115], [131.4156, 34.5116], [131.4156, 34.5118], [131.4142, 34.5124], [131.4139, 34.5121], [131.4137, 34.5121], [131.4134, 34.5127], [131.4128, 34.5126]]], [[[131.2783, 34.5176], [131.2774, 34.5183], [131.2772, 34.5172], [131.2774, 34.5168], [131.2772, 34.5166], [131.2763, 34.5171], [131.2759, 34.5171], [131.2754, 34.5168], [131.2756, 34.5167], [131.2759, 34.5169], [131.2761, 34.5166], [131.2759, 34.5165], [131.2762, 34.5164], [131.2762, 34.5162], [131.2755, 34.5156], [131.2752, 34.5138], [131.2741, 34.513], [131.2735, 34.5114], [131.2726, 34.5102], [131.2723, 34.51], [131.2725, 34.5097], [131.2722, 34.5094], [131.2724, 34.5093], [131.2723, 34.509], [131.2718, 34.5085], [131.2713, 34.5084], [131.2716, 34.5082], [131.2714, 34.508], [131.2715, 34.5078], [131.2713, 34.5077], [131.2715, 34.5072], [131.2719, 34.5068], [131.2718, 34.5063], [131.2714, 34.5063], [131.2713, 34.506], [131.2712, 34.5062], [131.2711, 34.5061], [131.2716, 34.5055], [131.2715, 34.505], [131.2727, 34.504], [131.2735, 34.5031], [131.2745, 34.5009], [131.2759, 34.4986], [131.276, 34.4981], [131.2776, 34.4972], [131.2783, 34.4972], [131.279, 34.4976], [131.2784, 34.4981], [131.279, 34.4989], [131.2793, 34.5009], [131.2797, 34.5016], [131.2807, 34.5013], [131.2809, 34.5015], [131.2802, 34.502], [131.2806, 34.5023], [131.281, 34.5024], [131.2814, 34.5023], [131.2813, 34.5025], [131.2821, 34.5027], [131.2825, 34.502], [131.2816, 34.5018], [131.2814, 34.5013], [131.2816, 34.5018], [131.2827, 34.5019], [131.2826, 34.5027], [131.2846, 34.5031], [131.2859, 34.5039], [131.2867, 34.5041], [131.289, 34.5041], [131.2896, 34.5044], [131.2896, 34.5043], [131.2901, 34.5044], [131.2917, 34.5051], [131.2917, 34.5055], [131.2932, 34.5066], [131.2931, 34.5066], [131.2923, 34.5062], [131.2921, 34.5068], [131.2928, 34.508], [131.2927, 34.5085], [131.2928, 34.5086], [131.293, 34.5085], [131.2932, 34.5085], [131.293, 34.5089], [131.2932, 34.5091], [131.2929, 34.5093], [131.2938, 34.5101], [131.294, 34.5109], [131.2939, 34.5113], [131.2933, 34.5117], [131.2926, 34.5114], [131.2922, 34.5113], [131.2906, 34.5116], [131.2904, 34.5122], [131.2905, 34.5125], [131.2901, 34.5129], [131.2889, 34.5126], [131.288, 34.5129], [131.2875, 34.5127], [131.2874, 34.5131], [131.287, 34.5133], [131.2862, 34.5129], [131.2862, 34.5127], [131.2864, 34.5123], [131.2856, 34.5115], [131.2846, 34.5115], [131.2836, 34.5117], [131.2827, 34.5123], [131.2829, 34.5125], [131.2825, 34.5129], [131.2822, 34.5139], [131.2831, 34.5143], [131.2832, 34.5146], [131.2829, 34.5147], [131.283, 34.5151], [131.2818, 34.5142], [131.2817, 34.5148], [131.2824, 34.5157], [131.2822, 34.5156], [131.2813, 34.515], [131.2814, 34.5142], [131.2812, 34.514], [131.2799, 34.515], [131.28, 34.5152], [131.2802, 34.5152], [131.2799, 34.5153], [131.2804, 34.5156], [131.2803, 34.5159], [131.28, 34.5158], [131.2795, 34.5161], [131.2788, 34.516], [131.2784, 34.5158], [131.2782, 34.5159], [131.278, 34.5168], [131.2784, 34.5173], [131.2789, 34.5171], [131.2789, 34.5173], [131.2793, 34.5176], [131.279, 34.5175], [131.279, 34.5178], [131.2787, 34.518], [131.2783, 34.5176]]], [[[131.1339, 34.7933], [131.1321, 34.7977], [131.1314, 34.7981], [131.1309, 34.7983], [131.1305, 34.7981], [131.13, 34.7976], [131.1293, 34.7959], [131.1277, 34.7935], [131.1272, 34.7932], [131.127, 34.7934], [131.1273, 34.7924], [131.1276, 34.7922], [131.1279, 34.7922], [131.1282, 34.7915], [131.128, 34.7905], [131.1282, 34.7885], [131.1275, 34.7867], [131.1279, 34.7862], [131.1278, 34.7859], [131.1284, 34.7856], [131.1296, 34.784], [131.13, 34.7829], [131.1299, 34.7819], [131.1297, 34.7817], [131.1294, 34.7818], [131.1293, 34.7816], [131.13, 34.7811], [131.13, 34.7809], [131.1297, 34.7808], [131.1296, 34.7806], [131.1302, 34.7798], [131.1306, 34.7778], [131.1305, 34.7771], [131.1298, 34.7762], [131.1302, 34.7757], [131.1299, 34.7736], [131.1302, 34.771], [131.1311, 34.7683], [131.1347, 34.7637], [131.1344, 34.7634], [131.1349, 34.7635], [131.1357, 34.7627], [131.1361, 34.7615], [131.1361, 34.7605], [131.1359, 34.7596], [131.1361, 34.7591], [131.1369, 34.7582], [131.1374, 34.7579], [131.1378, 34.7579], [131.1379, 34.7582], [131.1385, 34.7585], [131.1391, 34.759], [131.14, 34.7592], [131.1409, 34.759], [131.1415, 34.758], [131.1419, 34.7579], [131.1446, 34.7581], [131.1447, 34.7579], [131.1447, 34.7582], [131.146, 34.7587], [131.147, 34.7582], [131.1477, 34.7582], [131.1492, 34.7588], [131.1492, 34.7598], [131.1501, 34.7596], [131.1498, 34.7605], [131.1502, 34.7606], [131.1497, 34.7605], [131.1496, 34.7609], [131.1502, 34.7612], [131.1503, 34.761], [131.1504, 34.7614], [131.1506, 34.7614], [131.1507, 34.7612], [131.1507, 34.7614], [131.1511, 34.7614], [131.1511, 34.7613], [131.1508, 34.7613], [131.1507, 34.7608], [131.1504, 34.7608], [131.1506, 34.7607], [131.1508, 34.76], [131.1509, 34.7604], [131.152, 34.7605], [131.152, 34.7598], [131.1504, 34.7593], [131.1506, 34.7593], [131.1505, 34.759], [131.1507, 34.7593], [131.1521, 34.7597], [131.1551, 34.7599], [131.1554, 34.7597], [131.1551, 34.76], [131.1538, 34.7599], [131.1537, 34.761], [131.1537, 34.7599], [131.1526, 34.7598], [131.1525, 34.7613], [131.1541, 34.762], [131.1528, 34.7615], [131.1528, 34.7617], [131.1528, 34.7615], [131.1523, 34.7613], [131.1518, 34.7623], [131.1522, 34.7625], [131.1525, 34.7619], [131.1527, 34.762], [131.1522, 34.7628], [131.1538, 34.7634], [131.1539, 34.7627], [131.1539, 34.763], [131.155, 34.7628], [131.1552, 34.763], [131.1557, 34.7626], [131.1548, 34.7617], [131.1554, 34.7622], [131.1561, 34.7616], [131.1564, 34.7618], [131.1564, 34.7622], [131.1558, 34.7626], [131.1561, 34.7628], [131.1566, 34.7626], [131.1567, 34.7623], [131.1567, 34.7625], [131.1575, 34.7627], [131.1575, 34.7629], [131.1577, 34.7631], [131.1604, 34.7633], [131.161, 34.7636], [131.1613, 34.7657], [131.1614, 34.7669], [131.1618, 34.7681], [131.1618, 34.7697], [131.1623, 34.7727], [131.1618, 34.7729], [131.1614, 34.7736], [131.1611, 34.7742], [131.1611, 34.7748], [131.1616, 34.7757], [131.1623, 34.7762], [131.1632, 34.7764], [131.1633, 34.7762], [131.1638, 34.7765], [131.1634, 34.7769], [131.1638, 34.777], [131.1639, 34.7772], [131.1633, 34.7772], [131.1635, 34.7775], [131.1636, 34.7781], [131.163, 34.7785], [131.1628, 34.7778], [131.1626, 34.7779], [131.1625, 34.7778], [131.162, 34.7777], [131.1619, 34.7778], [131.1618, 34.7776], [131.1615, 34.7776], [131.1613, 34.7766], [131.1607, 34.776], [131.1604, 34.776], [131.1602, 34.7763], [131.16, 34.776], [131.1598, 34.7762], [131.1597, 34.776], [131.1598, 34.7759], [131.1592, 34.7754], [131.1582, 34.775], [131.1571, 34.775], [131.1563, 34.7751], [131.1553, 34.7755], [131.1551, 34.7757], [131.1555, 34.776], [131.1554, 34.7764], [131.1551, 34.7765], [131.155, 34.7767], [131.1548, 34.7766], [131.1547, 34.7768], [131.1549, 34.7771], [131.1546, 34.7773], [131.1543, 34.7769], [131.1538, 34.7774], [131.1537, 34.7769], [131.1536, 34.7768], [131.153, 34.7772], [131.1526, 34.7772], [131.1527, 34.7776], [131.1523, 34.7776], [131.1523, 34.7779], [131.152, 34.7779], [131.1509, 34.7775], [131.1488, 34.7783], [131.1478, 34.7784], [131.1471, 34.7786], [131.1459, 34.7794], [131.1453, 34.7796], [131.1452, 34.7798], [131.1459, 34.7797], [131.1462, 34.7818], [131.1476, 34.782], [131.1485, 34.7836], [131.1491, 34.7838], [131.1484, 34.7836], [131.1476, 34.782], [131.1461, 34.7818], [131.146, 34.7813], [131.145, 34.7814], [131.1448, 34.7816], [131.1447, 34.7813], [131.1441, 34.781], [131.1436, 34.781], [131.1433, 34.7813], [131.1439, 34.7814], [131.1442, 34.7821], [131.1444, 34.7822], [131.1442, 34.7822], [131.1445, 34.7827], [131.1451, 34.7827], [131.145, 34.7825], [131.1452, 34.7824], [131.1453, 34.7827], [131.1457, 34.7827], [131.1457, 34.7825], [131.146, 34.7826], [131.1462, 34.7824], [131.1461, 34.7839], [131.1462, 34.7842], [131.1466, 34.7843], [131.1459, 34.7843], [131.1463, 34.7852], [131.1466, 34.785], [131.1463, 34.7854], [131.1466, 34.7855], [131.1476, 34.7858], [131.1483, 34.7855], [131.1488, 34.7857], [131.1498, 34.7856], [131.1501, 34.7857], [131.1502, 34.7866], [131.15, 34.7867], [131.1499, 34.7866], [131.1498, 34.7867], [131.1502, 34.787], [131.1493, 34.7871], [131.1493, 34.7873], [131.1495, 34.7875], [131.1492, 34.788], [131.1496, 34.7883], [131.1496, 34.7885], [131.1493, 34.7889], [131.149, 34.789], [131.1487, 34.7896], [131.1484, 34.7899], [131.1481, 34.7893], [131.1481, 34.7898], [131.1479, 34.7899], [131.1478, 34.7894], [131.1476, 34.7894], [131.1476, 34.7892], [131.1475, 34.789], [131.1468, 34.789], [131.1467, 34.7893], [131.1466, 34.7888], [131.1452, 34.7882], [131.1435, 34.788], [131.1417, 34.7883], [131.1411, 34.7886], [131.1397, 34.7903], [131.1381, 34.7911], [131.1363, 34.7914], [131.1356, 34.7917], [131.1349, 34.7922], [131.1346, 34.7925], [131.1346, 34.7927], [131.1344, 34.7927], [131.1339, 34.7933]]], [[[131.6097, 34.6791], [131.6091, 34.6791], [131.6091, 34.6782], [131.6101, 34.6777], [131.6106, 34.6782], [131.6104, 34.6784], [131.6104, 34.6787], [131.6097, 34.6791]]], [[[131.5803, 34.6302], [131.5807, 34.631], [131.5806, 34.6312], [131.5801, 34.6309], [131.5803, 34.6304], [131.5801, 34.6302], [131.5803, 34.6302]]], [[[131.5836, 34.6301], [131.5835, 34.6304], [131.5834, 34.6301], [131.5832, 34.6302], [131.5831, 34.6296], [131.5833, 34.6293], [131.5836, 34.6295], [131.5836, 34.6301]]], [[[131.589, 34.6769], [131.5889, 34.6771], [131.5885, 34.6773], [131.5887, 34.6775], [131.5886, 34.6776], [131.5879, 34.6778], [131.5878, 34.6782], [131.5875, 34.6781], [131.5877, 34.6778], [131.5875, 34.6776], [131.5877, 34.6772], [131.5882, 34.6769], [131.589, 34.6769]]], [[[131.5917, 34.6754], [131.5912, 34.6758], [131.5907, 34.6755], [131.5914, 34.6744], [131.5919, 34.674], [131.5922, 34.6745], [131.5919, 34.675], [131.5919, 34.6753], [131.5917, 34.6754]]], [[[131.605, 34.6748], [131.6046, 34.6749], [131.6039, 34.6746], [131.6034, 34.674], [131.6035, 34.6729], [131.6048, 34.6736], [131.6053, 34.6733], [131.6056, 34.6735], [131.6057, 34.6739], [131.6057, 34.6744], [131.6054, 34.6748], [131.605, 34.6748]]], [[[131.5966, 34.6598], [131.5964, 34.6599], [131.5961, 34.6598], [131.5962, 34.6595], [131.5967, 34.6592], [131.597, 34.6594], [131.5968, 34.6595], [131.5969, 34.6597], [131.5966, 34.6598]]], [[[131.5864, 34.6377], [131.5864, 34.6386], [131.5862, 34.638], [131.5864, 34.6377]]], [[[131.5797, 34.6316], [131.5795, 34.6316], [131.5798, 34.631], [131.58, 34.6311], [131.5799, 34.6315], [131.58, 34.6315], [131.5797, 34.6316]]], [[[131.5819, 34.6314], [131.5811, 34.6314], [131.5808, 34.6303], [131.5812, 34.6301], [131.5813, 34.6298], [131.5817, 34.6298], [131.5814, 34.6296], [131.5817, 34.6292], [131.582, 34.6292], [131.582, 34.6296], [131.5822, 34.6292], [131.5828, 34.6291], [131.5828, 34.6295], [131.5827, 34.6297], [131.5826, 34.6297], [131.5826, 34.63], [131.5821, 34.6299], [131.5825, 34.6303], [131.5822, 34.6302], [131.5825, 34.6308], [131.5825, 34.6311], [131.5821, 34.6314], [131.5819, 34.6312], [131.5819, 34.6314]]], [[[131.5949, 34.6297], [131.5952, 34.6291], [131.5948, 34.629], [131.5947, 34.6286], [131.5962, 34.6284], [131.5963, 34.6286], [131.5957, 34.6291], [131.5953, 34.6291], [131.5949, 34.6297]]], [[[131.5641, 34.6215], [131.5641, 34.6217], [131.5639, 34.6215], [131.5637, 34.6216], [131.5634, 34.6215], [131.5635, 34.6209], [131.5638, 34.6207], [131.5641, 34.6215]]], [[[131.376, 34.4823], [131.3761, 34.482], [131.3764, 34.4819], [131.3781, 34.4819], [131.3781, 34.4818], [131.3786, 34.4818], [131.3781, 34.4819], [131.3788, 34.4821], [131.3789, 34.4819], [131.3788, 34.4821], [131.3796, 34.4823], [131.38, 34.4827], [131.3805, 34.4835], [131.3816, 34.4845], [131.382, 34.4852], [131.3821, 34.4858], [131.3818, 34.4863], [131.3818, 34.4871], [131.3811, 34.4878], [131.3806, 34.4879], [131.3804, 34.4877], [131.3806, 34.4872], [131.3801, 34.4873], [131.3801, 34.4869], [131.3789, 34.4874], [131.3788, 34.4869], [131.3785, 34.4866], [131.3782, 34.487], [131.3775, 34.4867], [131.3773, 34.4861], [131.3776, 34.4848], [131.377, 34.4847], [131.3768, 34.485], [131.376, 34.485], [131.376, 34.4849], [131.3756, 34.4848], [131.3756, 34.4844], [131.3761, 34.4842], [131.3761, 34.4832], [131.3759, 34.4829], [131.376, 34.4823]]], [[[131.3768, 34.4618], [131.3772, 34.4617], [131.3789, 34.4621], [131.379, 34.462], [131.3797, 34.462], [131.3791, 34.462], [131.379, 34.4621], [131.3797, 34.4624], [131.3799, 34.4622], [131.3798, 34.4624], [131.3802, 34.4629], [131.3804, 34.4642], [131.3806, 34.4644], [131.3802, 34.4644], [131.3801, 34.4649], [131.3798, 34.4649], [131.3795, 34.4655], [131.3797, 34.4657], [131.3794, 34.4661], [131.3786, 34.4666], [131.3782, 34.4665], [131.3778, 34.4667], [131.3776, 34.4665], [131.3773, 34.4665], [131.377, 34.4669], [131.3765, 34.4672], [131.3754, 34.4669], [131.3759, 34.4668], [131.3756, 34.4667], [131.3752, 34.4668], [131.3752, 34.4669], [131.3749, 34.4671], [131.375, 34.4667], [131.3739, 34.466], [131.3744, 34.4653], [131.3737, 34.4653], [131.3739, 34.4648], [131.3737, 34.4642], [131.3741, 34.4637], [131.3745, 34.4636], [131.3754, 34.4627], [131.3751, 34.4624], [131.3754, 34.4621], [131.3757, 34.4622], [131.3768, 34.4618]]], [[[131.3382, 34.5004], [131.3385, 34.4998], [131.3392, 34.499], [131.3409, 34.4981], [131.3409, 34.4978], [131.3416, 34.4977], [131.341, 34.4979], [131.341, 34.4981], [131.3422, 34.4981], [131.3423, 34.498], [131.3423, 34.4977], [131.3419, 34.4977], [131.3424, 34.4977], [131.3424, 34.498], [131.343, 34.4983], [131.345, 34.4984], [131.3456, 34.4988], [131.3458, 34.4994], [131.346, 34.4993], [131.3457, 34.4998], [131.346, 34.4998], [131.3457, 34.5001], [131.346, 34.5001], [131.3458, 34.5004], [131.3457, 34.5003], [131.3457, 34.5005], [131.3459, 34.5006], [131.3457, 34.5006], [131.3457, 34.501], [131.3462, 34.501], [131.3458, 34.5014], [131.346, 34.5017], [131.3458, 34.5019], [131.3462, 34.5021], [131.3459, 34.5022], [131.3459, 34.5025], [131.3456, 34.5023], [131.3458, 34.5028], [131.3456, 34.5025], [131.3454, 34.5028], [131.345, 34.5027], [131.3451, 34.503], [131.3446, 34.5029], [131.3449, 34.5031], [131.3442, 34.5032], [131.3436, 34.5037], [131.343, 34.5036], [131.3425, 34.5038], [131.3423, 34.5036], [131.3422, 34.5038], [131.3415, 34.5032], [131.3408, 34.5028], [131.3391, 34.5032], [131.3393, 34.5031], [131.339, 34.5031], [131.339, 34.5029], [131.3394, 34.5029], [131.3391, 34.5014], [131.3382, 34.5004]]], [[[131.3844, 34.5205], [131.3844, 34.5189], [131.3842, 34.5179], [131.3843, 34.5167], [131.3841, 34.5158], [131.3845, 34.5155], [131.3847, 34.5143], [131.385, 34.5142], [131.3856, 34.513], [131.3868, 34.5124], [131.3868, 34.5122], [131.3876, 34.5122], [131.3868, 34.5122], [131.3868, 34.5124], [131.3881, 34.5128], [131.3881, 34.5126], [131.3878, 34.5124], [131.388, 34.5123], [131.3883, 34.5128], [131.3884, 34.5127], [131.3903, 34.5134], [131.3912, 34.5142], [131.3912, 34.5148], [131.3909, 34.5151], [131.3911, 34.5153], [131.3913, 34.5168], [131.392, 34.5181], [131.3919, 34.5184], [131.3921, 34.5186], [131.3919, 34.5188], [131.3922, 34.519], [131.3917, 34.519], [131.3924, 34.5197], [131.392, 34.5197], [131.3919, 34.5199], [131.3923, 34.5203], [131.3921, 34.5204], [131.3923, 34.5206], [131.3922, 34.5209], [131.3924, 34.5212], [131.392, 34.5212], [131.3925, 34.5221], [131.3922, 34.5224], [131.3919, 34.523], [131.3912, 34.5234], [131.3904, 34.5237], [131.3891, 34.5237], [131.3883, 34.5234], [131.3875, 34.5233], [131.3869, 34.523], [131.3867, 34.5231], [131.3864, 34.5228], [131.3861, 34.523], [131.3861, 34.5226], [131.3862, 34.5224], [131.3859, 34.5217], [131.3852, 34.5215], [131.385, 34.5213], [131.3845, 34.5214], [131.3844, 34.5213], [131.3841, 34.5213], [131.384, 34.5211], [131.3844, 34.5205]]]]}, "properties": {"name": "山口県萩市"}}, {"type": "Feature", "geometry": {"type": "MultiPolygon", "coordinates": [[[[131.475, 34.0388], [131.4749, 34.0394], [131.4755, 34.0386], [131.4762, 34.0389], [131.4763, 34.0388], [131.4762, 34.039], [131.4779, 34.0404], [131.4808, 34.0412], [131.4809, 34.0409], [131.4784, 34.0397], [131.4759, 34.0373], [131.4748, 34.0367], [131.4758, 34.0372], [131.4843, 34.0281], [131.4844, 33.9565], [131.6165, 33.9819], [131.6098, 34.0209], [131.6103, 34.0212], [131.6104, 34.0215], [131.6109, 34.022], [131.6112, 34.0232], [131.6115, 34.0236], [131.6128, 34.0244], [131.6143, 34.0249], [131.6155, 34.0256], [131.6167, 34.0267], [131.6168, 34.0271], [131.6179, 34.028], [131.6183, 34.0286], [131.6185, 34.0301], [131.619, 34.0307], [131.619, 34.0314], [131.6207, 34.0332], [131.6208, 34.0339], [131.6214, 34.0349], [131.6215, 34.0356], [131.6219, 34.0359], [131.6221, 34.0362], [131.6219, 34.0364], [131.6219, 34.036], [131.6215, 34.0358], [131.6213, 34.0364], [131.6216, 34.0369], [131.6218, 34.0365], [131.6217, 34.0369], [131.6227, 34.0381], [131.6232, 34.0389], [131.6233, 34.0389], [131.6234, 34.0391], [131.6232, 34.0391], [131.6231, 34.0393], [131.6233, 34.0397], [131.6277, 34.0418], [131.6289, 34.0423], [131.6291, 34.0422], [131.6293, 34.0425], [131.6299, 34.0428], [131.6303, 34.0428], [131.6304, 34.0431], [131.631, 34.0439], [131.631, 34.0443], [131.6316, 34.0451], [131.6348, 34.047], [131.6352, 34.0467], [131.6389, 34.047], [131.6416, 34.0464], [131.6416, 34.0463], [131.6424, 34.0457], [131.6419, 34.0449], [131.6424, 34.0457], [131.6417, 34.0463], [131.6417, 34.0467], [131.6424, 34.0467], [131.6424, 34.047], [131.6433, 34.0469], [131.6434, 34.0468], [131.6433, 34.047], [131.644, 34.0472], [131.6433, 34.0473], [131.6429, 34.0478], [131.6435, 34.0481], [131.6443, 34.0474], [131.6442, 34.0473], [131.645, 34.0474], [131.6453, 34.0471], [131.6437, 34.0463], [131.6435, 34.046], [131.6447, 34.0438], [131.647, 34.0422], [131.6469, 34.042], [131.6471, 34.0422], [131.6476, 34.042], [131.6476, 34.0414], [131.6474, 34.0404], [131.6466, 34.0395], [131.646, 34.0403], [131.6458, 34.0408], [131.6459, 34.0402], [131.6465, 34.0395], [131.6464, 34.0391], [131.646, 34.0385], [131.6455, 34.0384], [131.6447, 34.0376], [131.6447, 34.0371], [131.6452, 34.0376], [131.6453, 34.0376], [131.6455, 34.0378], [131.6456, 34.0376], [131.6457, 34.0379], [131.6458, 34.0378], [131.6461, 34.0381], [131.6463, 34.0379], [131.6465, 34.0381], [131.6466, 34.0378], [131.647, 34.0382], [131.6471, 34.0381], [131.6472, 34.0383], [131.6479, 34.0383], [131.648, 34.0385], [131.6481, 34.0382], [131.6481, 34.0387], [131.6487, 34.0389], [131.6503, 34.0391], [131.6518, 34.0391], [131.6524, 34.0395], [131.6545, 34.0401], [131.6599, 34.0402], [131.6614, 34.0409], [131.6617, 34.041], [131.662, 34.0408], [131.6627, 34.0417], [131.664, 34.0423], [131.6647, 34.043], [131.6659, 34.043], [131.6659, 34.0431], [131.6654, 34.0433], [131.6664, 34.0442], [131.6683, 34.0449], [131.6707, 34.0451], [131.6716, 34.0442], [131.6714, 34.0438], [131.6716, 34.0428], [131.6722, 34.0429], [131.673, 34.0431], [131.6733, 34.0435], [131.6731, 34.0441], [131.6734, 34.044], [131.6736, 34.0444], [131.6741, 34.0447], [131.6741, 34.0449], [131.6735, 34.0455], [131.6735, 34.0459], [131.673, 34.0469], [131.6725, 34.0473], [131.6721, 34.0479], [131.6716, 34.0481], [131.6711, 34.048], [131.6709, 34.0482], [131.6707, 34.0491], [131.6702, 34.0498], [131.6698, 34.05], [131.6686, 34.0518], [131.6676, 34.0526], [131.6665, 34.0525], [131.6659, 34.052], [131.6654, 34.0524], [131.6643, 34.0526], [131.6636, 34.0527], [131.6627, 34.0523], [131.6602, 34.053], [131.6602, 34.0533], [131.661, 34.0544], [131.6629, 34.056], [131.6642, 34.0579], [131.664, 34.0585], [131.663, 34.0596], [131.6631, 34.0605], [131.6628, 34.0609], [131.6621, 34.0615], [131.6627, 34.062], [131.663, 34.0629], [131.6633, 34.0633], [131.6631, 34.0642], [131.6634, 34.0643], [131.664, 34.064], [131.6644, 34.0641], [131.6648, 34.0643], [131.6651, 34.0648], [131.6645, 34.0656], [131.6632, 34.0666], [131.6615, 34.0669], [131.6614, 34.0671], [131.6617, 34.0681], [131.6624, 34.0691], [131.6624, 34.07], [131.6629, 34.0708], [131.663, 34.0715], [131.6635, 34.0717], [131.6632, 34.0723], [131.6605, 34.0732], [131.6601, 34.0737], [131.6589, 34.0743], [131.6566, 34.0751], [131.6553, 34.0753], [131.6544, 34.0748], [131.653, 34.0749], [131.6526, 34.0748], [131.6521, 34.0744], [131.651, 34.0742], [131.6489, 34.0751], [131.6479, 34.0752], [131.6468, 34.0756], [131.646, 34.0756], [131.6455, 34.075], [131.6441, 34.0744], [131.6417, 34.0764], [131.6416, 34.0769], [131.6409, 34.0776], [131.6397, 34.0778], [131.6394, 34.0771], [131.6386, 34.0768], [131.6375, 34.0774], [131.636, 34.0769], [131.6359, 34.078], [131.6352, 34.0788], [131.6344, 34.0791], [131.6343, 34.0794], [131.6343, 34.0797], [131.6347, 34.0798], [131.6348, 34.0801], [131.6342, 34.0813], [131.6345, 34.0821], [131.6346, 34.0824], [131.6354, 34.0822], [131.636, 34.0823], [131.6362, 34.083], [131.6361, 34.0835], [131.6353, 34.0843], [131.6352, 34.0853], [131.6347, 34.0863], [131.6345, 34.0871], [131.6355, 34.0879], [131.6373, 34.089], [131.6406, 34.0891], [131.6411, 34.0895], [131.6424, 34.0894], [131.642, 34.0915], [131.6428, 34.0929], [131.6426, 34.0939], [131.643, 34.0948], [131.6418, 34.0949], [131.6419, 34.0963], [131.6409, 34.0988], [131.641, 34.0998], [131.6403, 34.1008], [131.6401, 34.1016], [131.6396, 34.1019], [131.6389, 34.1031], [131.6389, 34.105], [131.6387, 34.1054], [131.6398, 34.1055], [131.6417, 34.1062], [131.6418, 34.1067], [131.642, 34.1069], [131.6436, 34.1069], [131.6441, 34.1083], [131.6448, 34.1092], [131.6452, 34.1104], [131.6458, 34.1108], [131.6461, 34.1113], [131.6461, 34.113], [131.6463, 34.1137], [131.6452, 34.114], [131.645, 34.1144], [131.6451, 34.1148], [131.6448, 34.1158], [131.645, 34.1163], [131.6447, 34.1173], [131.6447, 34.1179], [131.6439, 34.12], [131.6426, 34.1217], [131.6426, 34.1222], [131.6424, 34.1225], [131.6427, 34.1234], [131.6419, 34.1249], [131.6427, 34.125], [131.6442, 34.1258], [131.6452, 34.127], [131.6461, 34.1275], [131.6452, 34.1278], [131.6447, 34.1288], [131.6456, 34.1292], [131.6454, 34.1299], [131.6456, 34.131], [131.6455, 34.1319], [131.6463, 34.1328], [131.6453, 34.1342], [131.646, 34.1346], [131.6465, 34.1346], [131.647, 34.135], [131.6483, 34.1354], [131.6498, 34.1364], [131.6507, 34.1364], [131.6521, 34.1359], [131.6532, 34.1364], [131.6533, 34.1367], [131.6543, 34.1384], [131.6552, 34.1393], [131.6552, 34.1397], [131.6566, 34.14], [131.6574, 34.1417], [131.6575, 34.1425], [131.6571, 34.143], [131.6576, 34.1444], [131.6573, 34.1458], [131.658, 34.1468], [131.6585, 34.1478], [131.6589, 34.1483], [131.659, 34.1492], [131.6588, 34.1498], [131.6589, 34.1505], [131.66, 34.1511], [131.6606, 34.152], [131.658, 34.1545], [131.6578, 34.155], [131.6578, 34.1554], [131.6572, 34.1558], [131.656, 34.1578], [131.6549, 34.1572], [131.6534, 34.1567], [131.6528, 34.1576], [131.65, 34.1584], [131.6483, 34.1585], [131.6466, 34.1584], [131.6432, 34.1592], [131.6425, 34.159], [131.6409, 34.1604], [131.6401, 34.1597], [131.6393, 34.1598], [131.6387, 34.1601], [131.6373, 34.1596], [131.6367, 34.1596], [131.6363, 34.1598], [131.6358, 34.1598], [131.6351, 34.1588], [131.6322, 34.157], [131.6314, 34.1557], [131.6312, 34.1552], [131.6313, 34.1538], [131.6318, 34.1535], [131.6319, 34.1528], [131.6323, 34.1521], [131.6332, 34.1514], [131.6334, 34.1496], [131.6312, 34.1496], [131.6298, 34.15], [131.6288, 34.15], [131.6286, 34.1499], [131.6288, 34.1498], [131.6286, 34.1496], [131.6285, 34.1497], [131.6282, 34.1491], [131.6282, 34.1472], [131.6284, 34.1467], [131.6293, 34.1461], [131.6279, 34.1442], [131.6276, 34.1427], [131.6272, 34.1424], [131.6262, 34.1423], [131.6249, 34.1424], [131.6241, 34.1417], [131.6238, 34.1396], [131.6228, 34.1395], [131.6211, 34.1388], [131.619, 34.1387], [131.6191, 34.1407], [131.6188, 34.1431], [131.6166, 34.1429], [131.6155, 34.1432], [131.6138, 34.1434], [131.6129, 34.1433], [131.6125, 34.1441], [131.6116, 34.1453], [131.6107, 34.1455], [131.6093, 34.1466], [131.6083, 34.147], [131.6076, 34.1474], [131.6061, 34.1465], [131.6038, 34.1469], [131.6035, 34.1472], [131.6027, 34.1474], [131.6018, 34.1473], [131.6016, 34.1467], [131.6012, 34.1465], [131.5989, 34.1465], [131.597, 34.1478], [131.5957, 34.1478], [131.5943, 34.1483], [131.5941, 34.1488], [131.5942, 34.1494], [131.5931, 34.1498], [131.5932, 34.1504], [131.5926, 34.1502], [131.5908, 34.1504], [131.5897, 34.1518], [131.5893, 34.1517], [131.5887, 34.1522], [131.5875, 34.1525], [131.587, 34.1517], [131.5859, 34.151], [131.5825, 34.1516], [131.582, 34.1518], [131.5816, 34.1511], [131.5805, 34.1502], [131.5804, 34.1497], [131.5812, 34.1486], [131.5811, 34.148], [131.5815, 34.1473], [131.5816, 34.1467], [131.5823, 34.1463], [131.5826, 34.146], [131.5825, 34.1446], [131.5832, 34.1441], [131.5837, 34.1431], [131.5844, 34.143], [131.5841, 34.1421], [131.5832, 34.1411], [131.5823, 34.1409], [131.5811, 34.1404], [131.5807, 34.1398], [131.5809, 34.1387], [131.5807, 34.1376], [131.5801, 34.1366], [131.5786, 34.136], [131.5773, 34.1363], [131.5766, 34.1361], [131.5758, 34.1362], [131.575, 34.1361], [131.5744, 34.1354], [131.5733, 34.135], [131.5728, 34.134], [131.5728, 34.1332], [131.5723, 34.1312], [131.5728, 34.1297], [131.5721, 34.1283], [131.5731, 34.1253], [131.5749, 34.1253], [131.5762, 34.125], [131.5759, 34.1243], [131.5761, 34.1232], [131.5759, 34.1227], [131.5755, 34.1222], [131.5747, 34.1219], [131.5721, 34.1213], [131.5714, 34.1207], [131.5712, 34.1202], [131.5706, 34.12], [131.5698, 34.1203], [131.5691, 34.1215], [131.5686, 34.1219], [131.5662, 34.1212], [131.5656, 34.1213], [131.5638, 34.1225], [131.563, 34.1222], [131.563, 34.1209], [131.5624, 34.1205], [131.5617, 34.1195], [131.5606, 34.1189], [131.5599, 34.1181], [131.5595, 34.1172], [131.5597, 34.1155], [131.5583, 34.1148], [131.558, 34.1144], [131.5573, 34.1142], [131.5574, 34.1124], [131.5567, 34.1116], [131.5569, 34.1107], [131.5579, 34.1097], [131.5582, 34.1085], [131.558, 34.1081], [131.5583, 34.1078], [131.5583, 34.1075], [131.558, 34.1073], [131.5575, 34.1073], [131.5571, 34.1068], [131.5564, 34.1066], [131.5561, 34.1062], [131.5555, 34.1062], [131.555, 34.1059], [131.5544, 34.1052], [131.5543, 34.1046], [131.5537, 34.1044], [131.5535, 34.1037], [131.5535, 34.103], [131.5531, 34.1026], [131.553, 34.102], [131.5521, 34.101], [131.5521, 34.1], [131.5513, 34.0996], [131.551, 34.0992], [131.551, 34.0989], [131.5514, 34.0977], [131.5511, 34.0969], [131.5507, 34.0968], [131.5501, 34.0964], [131.5485, 34.0957], [131.5468, 34.0961], [131.546, 34.096], [131.5451, 34.0966], [131.5449, 34.0966], [131.5441, 34.0958], [131.5429, 34.0952], [131.5392, 34.0943], [131.5379, 34.0944], [131.5367, 34.0929], [131.5359, 34.0927], [131.5351, 34.0929], [131.5339, 34.0929], [131.5328, 34.0932], [131.5328, 34.0929], [131.533, 34.092], [131.5328, 34.0917], [131.5328, 34.0913], [131.5323, 34.0911], [131.5324, 34.0907], [131.5318, 34.0899], [131.5277, 34.0897], [131.5262, 34.0893], [131.5245, 34.0894], [131.5237, 34.0885], [131.5236, 34.0878], [131.5237, 34.0872], [131.5214, 34.0875], [131.521, 34.0873], [131.5207, 34.0866], [131.5194, 34.0865], [131.5187, 34.0866], [131.5184, 34.0868], [131.5182, 34.0877], [131.5173, 34.088], [131.5178, 34.0891], [131.5173, 34.0895], [131.5166, 34.0896], [131.5161, 34.09], [131.5148, 34.0914], [131.5147, 34.0921], [131.5142, 34.0925], [131.5132, 34.0928], [131.5118, 34.0942], [131.5117, 34.0956], [131.5105, 34.0959], [131.51, 34.0964], [131.5095, 34.0962], [131.5085, 34.0962], [131.5076, 34.0966], [131.5061, 34.0983], [131.5043, 34.0986], [131.5029, 34.0979], [131.5017, 34.0983], [131.5013, 34.0989], [131.5005, 34.0989], [131.4998, 34.0992], [131.4994, 34.0985], [131.4989, 34.0984], [131.4983, 34.0979], [131.4977, 34.0981], [131.4974, 34.0974], [131.4961, 34.0967], [131.496, 34.0961], [131.4949, 34.0956], [131.4938, 34.0956], [131.4926, 34.095], [131.4917, 34.0948], [131.4908, 34.0942], [131.4907, 34.0939], [131.491, 34.0933], [131.4905, 34.0914], [131.4905, 34.09], [131.4878, 34.0885], [131.4868, 34.0883], [131.4863, 34.088], [131.4864, 34.0873], [131.4859, 34.0864], [131.4846, 34.0847], [131.4845, 34.0838], [131.4847, 34.0832], [131.4839, 34.0826], [131.4841, 34.0821], [131.4836, 34.0806], [131.4832, 34.0802], [131.482, 34.0799], [131.4817, 34.0797], [131.4818, 34.0785], [131.4816, 34.0774], [131.4812, 34.0765], [131.481, 34.0756], [131.4805, 34.075], [131.4798, 34.0747], [131.4785, 34.0746], [131.4771, 34.0742], [131.4765, 34.0737], [131.4762, 34.0736], [131.4735, 34.074], [131.4713, 34.0715], [131.4699, 34.0716], [131.4673, 34.0702], [131.4659, 34.0703], [131.466, 34.0692], [131.4654, 34.0681], [131.4644, 34.0685], [131.4643, 34.0683], [131.4635, 34.068], [131.463, 34.0677], [131.4626, 34.0665], [131.462, 34.0659], [131.4612, 34.0658], [131.4603, 34.0654], [131.4602, 34.065], [131.4596, 34.0643], [131.4581, 34.064], [131.458, 34.0634], [131.4576, 34.063], [131.4554, 34.0619], [131.4557, 34.0614], [131.4555, 34.0611], [131.4561, 34.0607], [131.4563, 34.0602], [131.4565, 34.0593], [131.4564, 34.0586], [131.4566, 34.0583], [131.4566, 34.0579], [131.4559, 34.0576], [131.4558, 34.0573], [131.4554, 34.057], [131.4557, 34.0567], [131.456, 34.0558], [131.4566, 34.0557], [131.4565, 34.0547], [131.4574, 34.0544], [131.4578, 34.0538], [131.457, 34.0526], [131.457, 34.0523], [131.4574, 34.052], [131.4575, 34.0514], [131.4571, 34.0505], [131.4575, 34.0498], [131.4576, 34.0482], [131.4584, 34.0478], [131.4587, 34.0473], [131.4592, 34.0471], [131.4592, 34.0459], [131.4593, 34.0452], [131.4596, 34.0448], [131.4605, 34.0445], [131.4616, 34.045], [131.462, 34.045], [131.4629, 34.0452], [131.4639, 34.0459], [131.4661, 34.046], [131.4671, 34.0451], [131.4679, 34.0446], [131.4702, 34.0441], [131.4708, 34.0433], [131.4706, 34.0424], [131.4711, 34.0423], [131.4715, 34.0405], [131.4717, 34.0403], [131.4721, 34.0405], [131.4725, 34.0401], [131.4729, 34.0402], [131.4734, 34.04], [131.474, 34.0402], [131.4742, 34.0397], [131.475, 34.0388]]], [[[131.7014, 33.9588], [131.7017, 33.9592], [131.7016, 33.9598], [131.7013, 33.9599], [131.7001, 33.9591], [131.699, 33.9587], [131.6986, 33.9588], [131.6978, 33.9575], [131.6974, 33.9573], [131.6981, 33.9566], [131.6983, 33.9566], [131.6983, 33.9563], [131.6987, 33.9562], [131.6986, 33.9559], [131.6988, 33.9556], [131.6984, 33.9551], [131.6986, 33.9544], [131.6977, 33.9538], [131.6974, 33.9534], [131.6979, 33.9525], [131.6979, 33.9512], [131.6985, 33.9506], [131.6987, 33.9508], [131.6987, 33.9512], [131.6996, 33.9513], [131.6999, 33.952], [131.6995, 33.9523], [131.6992, 33.9528], [131.6998, 33.9545], [131.6996, 33.9547], [131.6997, 33.955], [131.6992, 33.9553], [131.6989, 33.956], [131.6993, 33.9564], [131.6991, 33.9565], [131.6998, 33.9575], [131.7003, 33.9576], [131.7006, 33.9581], [131.701, 33.9581], [131.7014, 33.9588]]], [[[131.6946, 33.943], [131.6943, 33.9433], [131.6944, 33.9431], [131.6939, 33.9429], [131.694, 33.9428], [131.6939, 33.9429], [131.6938, 33.9427], [131.6932, 33.9427], [131.6931, 33.9429], [131.6935, 33.9432], [131.693, 33.9429], [131.6924, 33.9439], [131.6932, 33.944], [131.6934, 33.9443], [131.6932, 33.9441], [131.6923, 33.944], [131.6915, 33.9446], [131.6923, 33.9454], [131.6923, 33.9461], [131.6922, 33.9454], [131.6905, 33.9438], [131.6898, 33.9436], [131.6899, 33.9431], [131.6895, 33.9428], [131.6891, 33.9426], [131.6889, 33.9427], [131.6885, 33.9425], [131.6894, 33.9421], [131.6894, 33.9415], [131.6897, 33.941], [131.6907, 33.9409], [131.6908, 33.9405], [131.6912, 33.9406], [131.6914, 33.9396], [131.6917, 33.9393], [131.6923, 33.939], [131.6931, 33.939], [131.6935, 33.9387], [131.6937, 33.9378], [131.6933, 33.9375], [131.6931, 33.9371], [131.6935, 33.9371], [131.6938, 33.9369], [131.694, 33.9361], [131.6944, 33.9359], [131.6944, 33.9356], [131.6947, 33.9355], [131.6946, 33.9353], [131.695, 33.9349], [131.6953, 33.9354], [131.6956, 33.9356], [131.6961, 33.9353], [131.6959, 33.9357], [131.6963, 33.9359], [131.6971, 33.936], [131.6975, 33.9369], [131.6979, 33.9369], [131.6983, 33.9375], [131.6989, 33.9377], [131.6993, 33.9382], [131.7002, 33.9385], [131.7004, 33.9383], [131.7007, 33.9384], [131.7008, 33.9384], [131.7009, 33.9386], [131.7007, 33.9387], [131.7012, 33.9388], [131.7006, 33.939], [131.701, 33.9402], [131.6993, 33.9416], [131.6987, 33.9434], [131.6981, 33.9443], [131.698, 33.945], [131.6975, 33.9454], [131.697, 33.9464], [131.697, 33.9471], [131.6974, 33.948], [131.6983, 33.9487], [131.698, 33.949], [131.698, 33.9493], [131.6977, 33.9494], [131.6975, 33.9499], [131.6966, 33.95], [131.6959, 33.9493], [131.6964, 33.9479], [131.6963, 33.947], [131.6955, 33.9466], [131.6943, 33.9441], [131.6938, 33.944], [131.6944, 33.944], [131.6952, 33.9458], [131.6956, 33.9457], [131.6957, 33.9453], [131.6951, 33.9439], [131.6952, 33.9437], [131.6949, 33.9434], [131.695, 33.9433], [131.6946, 33.943]]]]}, "properties": {"name": "山口県防府市"}}, {"type": "Feature", "geometry": {"type": "Polygon", "coordinates": [[[131.9092, 33.9971], [131.9098, 33.9971], [131.9104, 33.9968], [131.9115, 33.9968], [131.9123, 33.9963], [131.9136, 33.9965], [131.9152, 33.9972], [131.9161, 33.9971], [131.9168, 33.9979], [131.9177, 33.9982], [131.919, 33.9977], [131.9205, 33.9982], [131.9209, 33.9993], [131.9219, 33.9988], [131.9228, 33.9988], [131.9235, 33.9996], [131.9245, 34], [131.9249, 34.0007], [131.9256, 34.0011], [131.926, 34.0018], [131.9279, 34.0024], [131.9286, 34.0032], [131.9304, 34.0043], [131.931, 34.0045], [131.9314, 34.0049], [131.9328, 34.0054], [131.9336, 34.0059], [131.934, 34.0066], [131.9347, 34.0072], [131.9346, 34.0081], [131.9343, 34.0087], [131.9336, 34.0088], [131.9333, 34.0091], [131.9336, 34.0097], [131.9336, 34.0119], [131.9345, 34.0128], [131.9347, 34.0139], [131.9344, 34.0149], [131.9346, 34.0162], [131.9345, 34.0173], [131.9349, 34.0192], [131.9343, 34.0201], [131.9343, 34.021], [131.9341, 34.0223], [131.9329, 34.0228], [131.9329, 34.0233], [131.9324, 34.0238], [131.9328, 34.0257], [131.9307, 34.0261], [131.9301, 34.0264], [131.9297, 34.0269], [131.9294, 34.0278], [131.929, 34.0279], [131.9288, 34.0282], [131.9287, 34.0286], [131.9289, 34.0292], [131.9286, 34.0293], [131.9284, 34.0297], [131.9278, 34.0299], [131.9283, 34.0307], [131.9287, 34.0308], [131.929, 34.0311], [131.9296, 34.0313], [131.9294, 34.0315], [131.9292, 34.0315], [131.9293, 34.0326], [131.9288, 34.0341], [131.9297, 34.035], [131.9296, 34.0355], [131.9299, 34.0357], [131.9301, 34.0363], [131.9304, 34.0367], [131.9308, 34.0368], [131.9309, 34.0371], [131.9315, 34.0374], [131.9313, 34.0379], [131.9318, 34.0381], [131.9329, 34.038], [131.9333, 34.0383], [131.9331, 34.0388], [131.9333, 34.0397], [131.9328, 34.0404], [131.9329, 34.042], [131.9319, 34.0421], [131.9318, 34.0427], [131.9324, 34.0438], [131.9324, 34.0444], [131.9329, 34.0464], [131.9326, 34.0472], [131.9321, 34.0473], [131.9319, 34.0476], [131.9314, 34.048], [131.9311, 34.0489], [131.9306, 34.0492], [131.93, 34.0502], [131.9295, 34.0505], [131.9297, 34.0512], [131.9286, 34.0528], [131.9282, 34.0543], [131.9287, 34.0547], [131.9296, 34.0547], [131.93, 34.0551], [131.9307, 34.0552], [131.931, 34.0555], [131.9325, 34.056], [131.9337, 34.057], [131.9348, 34.0572], [131.9362, 34.0596], [131.936, 34.06], [131.9353, 34.0604], [131.9353, 34.061], [131.9355, 34.0615], [131.9354, 34.0626], [131.9359, 34.0635], [131.935, 34.064], [131.9346, 34.0638], [131.9338, 34.0638], [131.9334, 34.0639], [131.9332, 34.0644], [131.9327, 34.0643], [131.9325, 34.064], [131.9319, 34.0638], [131.9311, 34.0647], [131.9284, 34.0649], [131.9273, 34.0645], [131.9263, 34.0645], [131.926, 34.0653], [131.9266, 34.0654], [131.9275, 34.0662], [131.9281, 34.0672], [131.9282, 34.0677], [131.9285, 34.0683], [131.9279, 34.0686], [131.9278, 34.0688], [131.9282, 34.0697], [131.927, 34.0702], [131.9257, 34.0725], [131.9247, 34.0733], [131.923, 34.0734], [131.9226, 34.0739], [131.9219, 34.0741], [131.9202, 34.0757], [131.9179, 34.0772], [131.9172, 34.0781], [131.9164, 34.0781], [131.9159, 34.0785], [131.9155, 34.0785], [131.9144, 34.0782], [131.9136, 34.0792], [131.9128, 34.0806], [131.9147, 34.0824], [131.9151, 34.0832], [131.9166, 34.0843], [131.9173, 34.0855], [131.9182, 34.086], [131.9185, 34.0865], [131.9192, 34.0877], [131.9197, 34.0883], [131.9202, 34.0884], [131.9196, 34.0889], [131.9186, 34.0893], [131.9183, 34.089], [131.9183, 34.0884], [131.9171, 34.0881], [131.9161, 34.0875], [131.9147, 34.0881], [131.9135, 34.0882], [131.9117, 34.0887], [131.9096, 34.0886], [131.9089, 34.0898], [131.9075, 34.091], [131.9073, 34.0909], [131.9072, 34.0906], [131.9073, 34.0899], [131.9071, 34.0895], [131.9062, 34.0886], [131.9054, 34.0885], [131.9048, 34.0889], [131.9041, 34.0889], [131.9032, 34.0895], [131.9031, 34.0904], [131.9024, 34.091], [131.9018, 34.0908], [131.9003, 34.0914], [131.8998, 34.0912], [131.8999, 34.0904], [131.8987, 34.0897], [131.8976, 34.09], [131.8963, 34.0892], [131.8959, 34.0893], [131.8956, 34.0901], [131.8953, 34.0903], [131.8938, 34.0898], [131.8907, 34.0903], [131.8897, 34.0902], [131.8888, 34.0906], [131.8881, 34.0916], [131.8874, 34.0916], [131.8886, 34.0932], [131.8878, 34.0948], [131.8866, 34.0963], [131.8868, 34.0968], [131.8878, 34.0978], [131.8888, 34.0982], [131.8894, 34.0983], [131.8904, 34.0983], [131.892, 34.0986], [131.8928, 34.099], [131.8936, 34.0989], [131.8945, 34.0992], [131.8957, 34.0997], [131.8963, 34.1008], [131.8959, 34.1021], [131.8948, 34.1027], [131.8929, 34.1044], [131.8926, 34.1057], [131.8933, 34.1065], [131.8935, 34.1071], [131.8949, 34.1074], [131.8953, 34.1073], [131.8958, 34.1077], [131.8957, 34.1082], [131.8965, 34.1088], [131.8964, 34.1106], [131.8973, 34.1112], [131.898, 34.1129], [131.894, 34.1134], [131.8933, 34.1133], [131.8916, 34.113], [131.8908, 34.1123], [131.889, 34.1118], [131.8889, 34.1114], [131.887, 34.1114], [131.8852, 34.1121], [131.8842, 34.1128], [131.8846, 34.1136], [131.8842, 34.115], [131.8831, 34.1151], [131.8823, 34.1146], [131.8812, 34.1145], [131.8803, 34.1127], [131.879, 34.1114], [131.8784, 34.1098], [131.8783, 34.1081], [131.8772, 34.1075], [131.8768, 34.1077], [131.8739, 34.1065], [131.8737, 34.1059], [131.8729, 34.1052], [131.8717, 34.1049], [131.8701, 34.1035], [131.87, 34.103], [131.8703, 34.1022], [131.8695, 34.1012], [131.8685, 34.1004], [131.8679, 34.1001], [131.867, 34.1011], [131.8668, 34.1019], [131.8658, 34.1029], [131.8654, 34.1031], [131.8639, 34.1032], [131.8616, 34.1028], [131.8616, 34.1017], [131.8611, 34.1007], [131.8604, 34.1004], [131.8585, 34.0999], [131.8581, 34.0995], [131.8582, 34.0984], [131.8556, 34.0972], [131.8555, 34.0967], [131.8541, 34.095], [131.8535, 34.0929], [131.8528, 34.0922], [131.8516, 34.0916], [131.8508, 34.0899], [131.8506, 34.089], [131.8513, 34.0884], [131.8541, 34.0883], [131.8558, 34.0872], [131.8567, 34.0872], [131.8579, 34.0875], [131.8587, 34.087], [131.859, 34.0865], [131.8589, 34.085], [131.8599, 34.0848], [131.8619, 34.0857], [131.8623, 34.0854], [131.8627, 34.0848], [131.8639, 34.0847], [131.8636, 34.0833], [131.8637, 34.0825], [131.8645, 34.082], [131.8649, 34.0809], [131.8653, 34.0807], [131.8661, 34.0807], [131.8663, 34.0798], [131.867, 34.0788], [131.867, 34.0784], [131.8662, 34.0771], [131.8661, 34.0763], [131.8661, 34.0758], [131.8667, 34.0749], [131.8671, 34.0746], [131.8666, 34.0742], [131.8664, 34.0736], [131.8679, 34.0717], [131.8685, 34.0706], [131.8692, 34.0705], [131.8695, 34.0702], [131.8695, 34.0698], [131.8702, 34.0689], [131.8704, 34.0686], [131.8713, 34.0684], [131.8717, 34.0674], [131.8719, 34.0671], [131.8713, 34.0664], [131.8716, 34.0659], [131.8715, 34.0644], [131.8722, 34.0633], [131.8722, 34.0625], [131.872, 34.0622], [131.871, 34.0617], [131.8704, 34.061], [131.8697, 34.0611], [131.8706, 34.0602], [131.8705, 34.0588], [131.8689, 34.0573], [131.8694, 34.0568], [131.8702, 34.0565], [131.871, 34.0564], [131.8718, 34.0567], [131.8726, 34.0555], [131.872, 34.0547], [131.8723, 34.054], [131.8723, 34.0539], [131.871, 34.0541], [131.8697, 34.0535], [131.869, 34.053], [131.8689, 34.0526], [131.8699, 34.0515], [131.8699, 34.0511], [131.8695, 34.051], [131.8683, 34.0508], [131.8677, 34.0499], [131.8665, 34.0494], [131.8664, 34.0489], [131.8655, 34.0484], [131.8652, 34.0481], [131.8641, 34.0477], [131.8636, 34.0465], [131.8622, 34.0446], [131.8625, 34.0431], [131.8624, 34.0422], [131.8629, 34.0416], [131.8627, 34.0406], [131.863, 34.0402], [131.8618, 34.0401], [131.8613, 34.0402], [131.861, 34.0388], [131.8597, 34.0382], [131.8596, 34.038], [131.8568, 34.0367], [131.8561, 34.0367], [131.8559, 34.0371], [131.8546, 34.0378], [131.8542, 34.0381], [131.854, 34.038], [131.8518, 34.0364], [131.8497, 34.0334], [131.8485, 34.0321], [131.8484, 34.0317], [131.8477, 34.0309], [131.8471, 34.0304], [131.8477, 34.0298], [131.8461, 34.0288], [131.8455, 34.0295], [131.8447, 34.0291], [131.8448, 34.0292], [131.8443, 34.0293], [131.8442, 34.0291], [131.8441, 34.0292], [131.8441, 34.0285], [131.8432, 34.0286], [131.8431, 34.0278], [131.8429, 34.0277], [131.8426, 34.0281], [131.842, 34.0283], [131.8416, 34.0282], [131.8407, 34.0284], [131.8401, 34.028], [131.8398, 34.0267], [131.8401, 34.0261], [131.8398, 34.0252], [131.8397, 34.0238], [131.84, 34.0232], [131.8408, 34.0229], [131.8408, 34.0223], [131.8412, 34.022], [131.8416, 34.0209], [131.842, 34.0208], [131.8419, 34.0187], [131.8401, 34.0152], [131.8405, 34.0154], [131.8413, 34.0173], [131.8424, 34.0169], [131.8381, 34.0093], [131.8382, 34.009], [131.8395, 34.0089], [131.8385, 34.0038], [131.8375, 33.9958], [131.8325, 33.9747], [131.8295, 33.9695], [131.8251, 33.9657], [131.8205, 33.9637], [131.8167, 33.9627], [131.8137, 33.9623], [131.8107, 33.963], [131.8066, 33.9646], [131.8014, 33.9677], [131.78, 33.9686], [131.7796, 33.9612], [131.7819, 33.9551], [131.7851, 33.9502], [131.7919, 33.9447], [131.8055, 33.941], [131.8057, 33.9403], [131.8056, 33.9399], [131.8061, 33.9393], [131.8065, 33.9392], [131.8068, 33.9393], [131.8069, 33.939], [131.8073, 33.9393], [131.8074, 33.9396], [131.8078, 33.9396], [131.8078, 33.9394], [131.8081, 33.9397], [131.8089, 33.9395], [131.8094, 33.9391], [131.8096, 33.9392], [131.8099, 33.9387], [131.8102, 33.9388], [131.8102, 33.9385], [131.8106, 33.9384], [131.8105, 33.9383], [131.8107, 33.938], [131.811, 33.9381], [131.8111, 33.9379], [131.8112, 33.938], [131.8116, 33.9376], [131.8117, 33.9377], [131.8117, 33.9376], [131.8118, 33.9376], [131.8119, 33.9379], [131.812, 33.9376], [131.8122, 33.9377], [131.8124, 33.9375], [131.8129, 33.9379], [131.8134, 33.9378], [131.8135, 33.9374], [131.8139, 33.9373], [131.8139, 33.9371], [131.814, 33.9372], [131.8141, 33.9368], [131.8143, 33.9369], [131.8147, 33.9364], [131.8151, 33.9367], [131.8162, 33.9362], [131.8171, 33.9364], [131.8176, 33.9363], [131.8177, 33.9364], [131.8186, 33.9361], [131.8188, 33.9359], [131.8187, 33.9357], [131.8189, 33.9357], [131.8188, 33.9356], [131.819, 33.9355], [131.819, 33.9353], [131.8199, 33.9337], [131.8202, 33.932], [131.8199, 33.9312], [131.8182, 33.93], [131.8179, 33.9295], [131.8181, 33.9294], [131.8179, 33.9293], [131.818, 33.9293], [131.8181, 33.9291], [131.8186, 33.9291], [131.8185, 33.9293], [131.8187, 33.9293], [131.8189, 33.9296], [131.8186, 33.9299], [131.8189, 33.9298], [131.8191, 33.9299], [131.8194, 33.9304], [131.8199, 33.9308], [131.8204, 33.9308], [131.8205, 33.9306], [131.8209, 33.9308], [131.8217, 33.9307], [131.8221, 33.9305], [131.8223, 33.9306], [131.8224, 33.9305], [131.8227, 33.9309], [131.8228, 33.9307], [131.8231, 33.931], [131.8233, 33.9309], [131.8234, 33.9314], [131.8243, 33.9316], [131.8244, 33.9315], [131.8249, 33.9316], [131.8251, 33.9315], [131.825, 33.9312], [131.8252, 33.9312], [131.8253, 33.9313], [131.8255, 33.9311], [131.8259, 33.9315], [131.8265, 33.931], [131.8267, 33.9311], [131.8267, 33.9314], [131.8273, 33.9315], [131.8272, 33.9316], [131.8276, 33.9318], [131.8276, 33.932], [131.8282, 33.9322], [131.8283, 33.9321], [131.8283, 33.9323], [131.8286, 33.9325], [131.8292, 33.9324], [131.8295, 33.9327], [131.8293, 33.9327], [131.8294, 33.9329], [131.8297, 33.9329], [131.8298, 33.9331], [131.8302, 33.9334], [131.8309, 33.9334], [131.8309, 33.9332], [131.8309, 33.9335], [131.8312, 33.9335], [131.8312, 33.9332], [131.8314, 33.9335], [131.8317, 33.9333], [131.8317, 33.9335], [131.8319, 33.9336], [131.832, 33.9333], [131.8322, 33.9333], [131.8322, 33.9335], [131.8324, 33.9332], [131.8335, 33.9338], [131.8338, 33.9337], [131.8338, 33.9335], [131.8339, 33.9335], [131.8339, 33.9333], [131.8341, 33.9336], [131.8345, 33.9334], [131.8352, 33.9337], [131.8354, 33.9335], [131.8355, 33.9338], [131.8357, 33.9337], [131.8359, 33.9341], [131.8361, 33.934], [131.8363, 33.9344], [131.8361, 33.9344], [131.836, 33.9349], [131.8369, 33.9355], [131.8368, 33.9356], [131.8366, 33.9356], [131.8366, 33.9357], [131.837, 33.9359], [131.8367, 33.9361], [131.8372, 33.9365], [131.837, 33.9367], [131.8374, 33.9374], [131.8379, 33.9376], [131.8378, 33.9377], [131.8383, 33.9381], [131.8388, 33.9382], [131.8391, 33.9384], [131.8394, 33.9384], [131.8394, 33.9385], [131.8398, 33.9386], [131.8397, 33.9388], [131.8606, 33.9373], [131.8917, 33.9784], [131.8944, 33.981], [131.8996, 33.9853], [131.8991, 33.9858], [131.8994, 33.9869], [131.8987, 33.989], [131.8983, 33.9894], [131.8984, 33.9899], [131.8991, 33.9905], [131.8992, 33.9911], [131.9, 33.9913], [131.9011, 33.9912], [131.9018, 33.9914], [131.9026, 33.991], [131.9035, 33.9913], [131.9038, 33.9911], [131.9043, 33.9912], [131.9047, 33.9919], [131.9046, 33.9925], [131.9047, 33.9928], [131.9052, 33.9927], [131.906, 33.993], [131.9064, 33.9936], [131.907, 33.9935], [131.9076, 33.9939], [131.9077, 33.9949], [131.908, 33.9951], [131.9082, 33.9964], [131.9086, 33.9969], [131.9092, 33.9971]]]}, "properties": {"name": "山口県下松市"}}, {"type": "Feature", "geometry": {"type": "MultiPolygon", "coordinates": [[[[132.208, 34.1822], [132.2078, 34.1828], [132.2073, 34.1822], [132.2059, 34.1814], [132.2053, 34.1805], [132.2049, 34.1804], [132.2038, 34.1802], [132.2028, 34.1804], [132.2018, 34.1803], [132.2013, 34.18], [132.2007, 34.1801], [132.2004, 34.1799], [132.1994, 34.1802], [132.1991, 34.1806], [132.1982, 34.1809], [132.1977, 34.1807], [132.1962, 34.1808], [132.1952, 34.1801], [132.194, 34.1798], [132.1932, 34.1795], [132.1928, 34.1802], [132.1932, 34.1812], [132.193, 34.1822], [132.1935, 34.1827], [132.1935, 34.183], [132.1921, 34.1836], [132.1926, 34.1843], [132.1922, 34.1843], [132.1916, 34.1848], [132.1911, 34.186], [132.1904, 34.1863], [132.1897, 34.1863], [132.1893, 34.1866], [132.1876, 34.1854], [132.1874, 34.1855], [132.1871, 34.186], [132.1883, 34.1875], [132.1883, 34.1879], [132.1875, 34.1888], [132.1874, 34.1893], [132.1883, 34.1901], [132.1884, 34.191], [132.1883, 34.1915], [132.1889, 34.1922], [132.1878, 34.1939], [132.1878, 34.1945], [132.1872, 34.1943], [132.1864, 34.1944], [132.1858, 34.1948], [132.1848, 34.195], [132.1839, 34.1964], [132.1829, 34.1969], [132.1837, 34.1973], [132.1844, 34.1981], [132.1859, 34.1984], [132.1864, 34.1986], [132.187, 34.1991], [132.1879, 34.2003], [132.19, 34.2005], [132.1925, 34.2025], [132.1926, 34.2026], [132.1923, 34.2035], [132.1925, 34.2041], [132.1927, 34.2058], [132.193, 34.2065], [132.1936, 34.2067], [132.1934, 34.2071], [132.1936, 34.2074], [132.1952, 34.2093], [132.1969, 34.2125], [132.1988, 34.2152], [132.1993, 34.2165], [132.1993, 34.2189], [132.2011, 34.2209], [132.2022, 34.2231], [132.2053, 34.2255], [132.2054, 34.2262], [132.2052, 34.2281], [132.2048, 34.2286], [132.2034, 34.2289], [132.2027, 34.2287], [132.2022, 34.2274], [132.2012, 34.226], [132.2002, 34.2253], [132.1998, 34.2253], [132.1989, 34.2254], [132.1974, 34.2263], [132.1968, 34.2273], [132.1969, 34.228], [132.1986, 34.2291], [132.199, 34.2298], [132.199, 34.2301], [132.1981, 34.2307], [132.1948, 34.231], [132.1936, 34.2308], [132.193, 34.2305], [132.1929, 34.2299], [132.1942, 34.2272], [132.1938, 34.2267], [132.1935, 34.2266], [132.1882, 34.2274], [132.1849, 34.2274], [132.1844, 34.2276], [132.1835, 34.2287], [132.1824, 34.2297], [132.1811, 34.23], [132.1804, 34.23], [132.175, 34.2277], [132.1739, 34.2261], [132.1728, 34.2255], [132.1718, 34.2252], [132.1714, 34.2253], [132.1688, 34.2269], [132.1676, 34.2273], [132.1673, 34.2278], [132.1673, 34.2284], [132.1678, 34.229], [132.1681, 34.229], [132.1697, 34.2285], [132.1704, 34.2287], [132.1706, 34.2289], [132.1708, 34.2295], [132.1702, 34.2306], [132.1704, 34.2314], [132.1711, 34.2322], [132.1714, 34.2329], [132.1709, 34.2337], [132.1704, 34.2339], [132.166, 34.234], [132.1656, 34.2339], [132.1641, 34.2329], [132.1601, 34.2335], [132.1597, 34.2322], [132.1599, 34.2305], [132.1596, 34.2297], [132.1585, 34.229], [132.1574, 34.229], [132.1563, 34.2294], [132.156, 34.2298], [132.1557, 34.2322], [132.1553, 34.2332], [132.1544, 34.2336], [132.1522, 34.2341], [132.1509, 34.2346], [132.1502, 34.2356], [132.1504, 34.2368], [132.1502, 34.2372], [132.1472, 34.237], [132.1453, 34.2365], [132.1449, 34.2365], [132.1442, 34.237], [132.1439, 34.2388], [132.1439, 34.2404], [132.1444, 34.2414], [132.1457, 34.2429], [132.1461, 34.2437], [132.1461, 34.2444], [132.1454, 34.246], [132.1456, 34.2471], [132.1454, 34.2481], [132.1466, 34.2496], [132.1469, 34.2506], [132.1468, 34.2539], [132.1462, 34.2566], [132.1455, 34.2582], [132.1444, 34.2594], [132.1439, 34.2596], [132.142, 34.2597], [132.1409, 34.2599], [132.1399, 34.2608], [132.1393, 34.2623], [132.1382, 34.2632], [132.1375, 34.2643], [132.1368, 34.2648], [132.1363, 34.2658], [132.1352, 34.2668], [132.1352, 34.2676], [132.1359, 34.2687], [132.1359, 34.2694], [132.1355, 34.2699], [132.134, 34.2711], [132.1336, 34.272], [132.1339, 34.2738], [132.135, 34.2756], [132.135, 34.2766], [132.1357, 34.2782], [132.1366, 34.2791], [132.1369, 34.2798], [132.1396, 34.2818], [132.14, 34.2826], [132.1402, 34.2838], [132.14, 34.2851], [132.1389, 34.2864], [132.1379, 34.2884], [132.1368, 34.2892], [132.1327, 34.2917], [132.1314, 34.2928], [132.1307, 34.2929], [132.1298, 34.2945], [132.1295, 34.2945], [132.129, 34.294], [132.1286, 34.2928], [132.128, 34.2916], [132.1261, 34.2907], [132.1257, 34.2908], [132.1253, 34.2913], [132.1252, 34.2931], [132.1271, 34.2943], [132.1284, 34.2956], [132.1285, 34.2962], [132.1283, 34.2965], [132.128, 34.2965], [132.1262, 34.2965], [132.1246, 34.2963], [132.1243, 34.2964], [132.1241, 34.2968], [132.1243, 34.2972], [132.1264, 34.2989], [132.1272, 34.2998], [132.1279, 34.3011], [132.1291, 34.3026], [132.1293, 34.3036], [132.1293, 34.3044], [132.1291, 34.3047], [132.1256, 34.3058], [132.1243, 34.3065], [132.1231, 34.3084], [132.1228, 34.3096], [132.1227, 34.3109], [132.1228, 34.3125], [132.1242, 34.3151], [132.1242, 34.3187], [132.1244, 34.3197], [132.1251, 34.3203], [132.1289, 34.3221], [132.1291, 34.3224], [132.1292, 34.3229], [132.1284, 34.3251], [132.1286, 34.3256], [132.1294, 34.3266], [132.1295, 34.327], [132.1272, 34.3307], [132.127, 34.3321], [132.1273, 34.3329], [132.1272, 34.3333], [132.1254, 34.334], [132.1214, 34.3335], [132.1205, 34.3329], [132.1195, 34.3309], [132.1187, 34.3303], [132.1184, 34.3302], [132.1172, 34.3306], [132.1148, 34.33], [132.1138, 34.3304], [132.1128, 34.3302], [132.1117, 34.3302], [132.1114, 34.3301], [132.1106, 34.3291], [132.1103, 34.329], [132.1099, 34.3277], [132.108, 34.3279], [132.1072, 34.3282], [132.1063, 34.329], [132.1055, 34.3293], [132.1047, 34.3313], [132.1039, 34.3324], [132.104, 34.333], [132.1038, 34.334], [132.1041, 34.3352], [132.1018, 34.3356], [132.101, 34.3365], [132.1011, 34.3391], [132.1008, 34.3403], [132.1012, 34.3411], [132.1013, 34.3418], [132.1008, 34.3436], [132.1008, 34.3441], [132.1015, 34.3447], [132.1014, 34.3449], [132.1006, 34.3456], [132.0985, 34.3468], [132.0977, 34.3471], [132.0977, 34.3476], [132.0964, 34.3489], [132.0959, 34.3498], [132.0954, 34.3501], [132.0941, 34.3504], [132.0933, 34.3509], [132.0932, 34.3512], [132.0927, 34.3514], [132.0922, 34.351], [132.0913, 34.3508], [132.0909, 34.3512], [132.0901, 34.3509], [132.0896, 34.3512], [132.088, 34.3517], [132.086, 34.3538], [132.0859, 34.3545], [132.0861, 34.3556], [132.0855, 34.3569], [132.0853, 34.3581], [132.0839, 34.3582], [132.0828, 34.3573], [132.0798, 34.3566], [132.0785, 34.3565], [132.0773, 34.3556], [132.0767, 34.3555], [132.0745, 34.3558], [132.0712, 34.3555], [132.0697, 34.3564], [132.0711, 34.3584], [132.0712, 34.3591], [132.0707, 34.3601], [132.0714, 34.3617], [132.0715, 34.3628], [132.0719, 34.3637], [132.0717, 34.3644], [132.072, 34.3659], [132.0719, 34.367], [132.0714, 34.3675], [132.0711, 34.3687], [132.0702, 34.3695], [132.0701, 34.3698], [132.0706, 34.3707], [132.0713, 34.3714], [132.0736, 34.3722], [132.0741, 34.3725], [132.0754, 34.375], [132.0753, 34.3751], [132.0734, 34.376], [132.0727, 34.3772], [132.0733, 34.3778], [132.0736, 34.3789], [132.0746, 34.3804], [132.0746, 34.3814], [132.075, 34.3831], [132.0764, 34.3839], [132.0766, 34.3842], [132.0762, 34.3861], [132.0771, 34.3874], [132.0776, 34.3887], [132.0774, 34.3898], [132.0743, 34.3896], [132.072, 34.3902], [132.0698, 34.391], [132.0696, 34.3912], [132.0698, 34.392], [132.0706, 34.3926], [132.0721, 34.3944], [132.0719, 34.3948], [132.071, 34.3952], [132.0709, 34.3956], [132.0716, 34.3975], [132.0718, 34.3977], [132.0728, 34.3981], [132.0729, 34.3982], [132.073, 34.399], [132.0726, 34.4004], [132.0728, 34.4013], [132.0732, 34.4017], [132.0742, 34.402], [132.0744, 34.4024], [132.074, 34.4038], [132.0741, 34.405], [132.0736, 34.4059], [132.0736, 34.4071], [132.0722, 34.4085], [132.0716, 34.4099], [132.0705, 34.4101], [132.0701, 34.4107], [132.0699, 34.4136], [132.0697, 34.4141], [132.0688, 34.4151], [132.0688, 34.4161], [132.0689, 34.4164], [132.0698, 34.4169], [132.0702, 34.4177], [132.0729, 34.4192], [132.0734, 34.4198], [132.0737, 34.4211], [132.0736, 34.4216], [132.073, 34.4221], [132.0734, 34.424], [132.0741, 34.4245], [132.0749, 34.4244], [132.0755, 34.4245], [132.0765, 34.4254], [132.0764, 34.4258], [132.0751, 34.426], [132.0748, 34.4268], [132.0752, 34.4287], [132.0768, 34.4342], [132.0765, 34.4357], [132.0768, 34.4382], [132.077, 34.4385], [132.0786, 34.4396], [132.0802, 34.4412], [132.0808, 34.4421], [132.0813, 34.4434], [132.0802, 34.4444], [132.08, 34.4449], [132.0799, 34.4457], [132.0789, 34.4469], [132.0781, 34.4497], [132.0762, 34.4525], [132.0756, 34.4537], [132.0756, 34.4542], [132.075, 34.4547], [132.0729, 34.4572], [132.0717, 34.4583], [132.0715, 34.4609], [132.0711, 34.4617], [132.0711, 34.4629], [132.0708, 34.4634], [132.07, 34.4642], [132.0682, 34.4649], [132.0682, 34.4657], [132.0689, 34.4673], [132.0685, 34.4679], [132.066, 34.4684], [132.0652, 34.4687], [132.0631, 34.4688], [132.062, 34.4687], [132.0583, 34.4675], [132.0555, 34.4678], [132.0535, 34.4665], [132.0523, 34.4662], [132.0507, 34.466], [132.05, 34.4668], [132.0488, 34.469], [132.0474, 34.4695], [132.0465, 34.4694], [132.0458, 34.4697], [132.0432, 34.4691], [132.0422, 34.4685], [132.0412, 34.4682], [132.0391, 34.4689], [132.0372, 34.4682], [132.0371, 34.4677], [132.0375, 34.4669], [132.0374, 34.4667], [132.0365, 34.4662], [132.0361, 34.4656], [132.0363, 34.4647], [132.0355, 34.4646], [132.0349, 34.4643], [132.0348, 34.4642], [132.0349, 34.4637], [132.0346, 34.4634], [132.0334, 34.4632], [132.0321, 34.4632], [132.0314, 34.463], [132.0306, 34.4624], [132.0297, 34.4622], [132.0284, 34.4615], [132.028, 34.4615], [132.0271, 34.4618], [132.0262, 34.4617], [132.0251, 34.4622], [132.0233, 34.4609], [132.0232, 34.4607], [132.0234, 34.4602], [132.0221, 34.46], [132.0223, 34.4596], [132.0232, 34.4592], [132.0225, 34.4583], [132.0222, 34.4574], [132.0215, 34.4574], [132.0207, 34.4571], [132.0203, 34.4567], [132.0189, 34.4565], [132.0189, 34.456], [132.0183, 34.4549], [132.0173, 34.4544], [132.0169, 34.4533], [132.0163, 34.4529], [132.016, 34.452], [132.0153, 34.4519], [132.0154, 34.4506], [132.0159, 34.4501], [132.0159, 34.4497], [132.0156, 34.449], [132.0156, 34.4485], [132.0162, 34.4465], [132.0162, 34.4457], [132.0168, 34.4448], [132.0168, 34.4443], [132.0163, 34.4439], [132.0164, 34.4435], [132.016, 34.443], [132.0164, 34.4423], [132.0161, 34.4418], [132.0162, 34.4415], [132.0169, 34.4413], [132.0172, 34.4409], [132.0174, 34.44], [132.017, 34.4395], [132.0166, 34.4384], [132.0159, 34.4373], [132.0152, 34.4368], [132.0141, 34.4366], [132.011, 34.4345], [132.0106, 34.434], [132.0104, 34.433], [132.01, 34.4326], [132.0095, 34.4314], [132.009, 34.4314], [132.0065, 34.4324], [132.0058, 34.4324], [132.0052, 34.432], [132.0046, 34.4312], [132.0039, 34.4308], [131.9989, 34.4295], [131.9981, 34.4289], [131.9973, 34.428], [131.997, 34.4268], [131.9971, 34.4261], [131.9965, 34.4243], [131.996, 34.4236], [131.9946, 34.4225], [131.9943, 34.4205], [131.9936, 34.4194], [131.9931, 34.4179], [131.9924, 34.4167], [131.9923, 34.4162], [131.9909, 34.415], [131.99, 34.4139], [131.9899, 34.4135], [131.9902, 34.4132], [131.991, 34.413], [131.9919, 34.4122], [131.9932, 34.4116], [131.9944, 34.4107], [131.9946, 34.41], [131.9942, 34.409], [131.9945, 34.4084], [131.9954, 34.4082], [131.9959, 34.4084], [131.9964, 34.4085], [131.997, 34.4079], [131.9977, 34.4056], [131.9976, 34.4048], [131.9983, 34.4035], [131.9984, 34.4026], [131.9988, 34.4023], [131.999, 34.4007], [131.9997, 34.3998], [132.0002, 34.3988], [132.0002, 34.3977], [132.0023, 34.395], [132.0034, 34.3938], [132.0049, 34.3936], [132.0051, 34.3924], [132.0069, 34.3908], [132.007, 34.3901], [132.0066, 34.3897], [132.0066, 34.3894], [132.0076, 34.3883], [132.0076, 34.3881], [132.0071, 34.3878], [132.0071, 34.3871], [132.0074, 34.3862], [132.0083, 34.3859], [132.0093, 34.3859], [132.0095, 34.3856], [132.0098, 34.3845], [132.0107, 34.3844], [132.0119, 34.3834], [132.0126, 34.3832], [132.0138, 34.3822], [132.0129, 34.3812], [132.0128, 34.3791], [132.0121, 34.3776], [132.0119, 34.375], [132.0122, 34.3738], [132.0119, 34.3728], [132.0135, 34.3717], [132.0135, 34.3715], [132.0127, 34.37], [132.0127, 34.3696], [132.0121, 34.3685], [132.012, 34.3675], [132.0111, 34.3663], [132.0095, 34.3659], [132.0086, 34.366], [132.0081, 34.3657], [132.0076, 34.3649], [132.007, 34.365], [132.0064, 34.3654], [132.0013, 34.3664], [131.9993, 34.3653], [131.9981, 34.3651], [131.9976, 34.3644], [131.9966, 34.3638], [131.996, 34.3626], [131.9945, 34.3616], [131.994, 34.3588], [131.9943, 34.3583], [131.9935, 34.3569], [131.9928, 34.3569], [131.9925, 34.3567], [131.9923, 34.3557], [131.9908, 34.355], [131.99, 34.3542], [131.9896, 34.3533], [131.9898, 34.3527], [131.9894, 34.3522], [131.9885, 34.3522], [131.9881, 34.3517], [131.9872, 34.3517], [131.9862, 34.3512], [131.9847, 34.3512], [131.9834, 34.351], [131.983, 34.3508], [131.9819, 34.3497], [131.9823, 34.349], [131.9814, 34.3476], [131.9805, 34.3471], [131.981, 34.3463], [131.9813, 34.3448], [131.9811, 34.3441], [131.9807, 34.3435], [131.9801, 34.3431], [131.9789, 34.3427], [131.978, 34.3425], [131.9774, 34.3427], [131.9766, 34.3426], [131.9742, 34.3416], [131.9744, 34.3405], [131.9749, 34.3397], [131.9753, 34.3384], [131.9756, 34.3382], [131.9755, 34.3375], [131.9747, 34.3369], [131.975, 34.3356], [131.9754, 34.3351], [131.9752, 34.334], [131.9758, 34.3329], [131.9757, 34.332], [131.9746, 34.3311], [131.9749, 34.3304], [131.9741, 34.3297], [131.9743, 34.329], [131.9742, 34.3288], [131.9719, 34.3269], [131.9717, 34.3263], [131.9717, 34.3255], [131.9708, 34.3247], [131.97, 34.3236], [131.9675, 34.3236], [131.9665, 34.3229], [131.9659, 34.3232], [131.9652, 34.3233], [131.9645, 34.3233], [131.9637, 34.323], [131.9624, 34.3231], [131.9626, 34.3226], [131.9624, 34.3218], [131.9614, 34.3208], [131.9614, 34.3199], [131.9619, 34.319], [131.962, 34.318], [131.963, 34.317], [131.963, 34.3155], [131.9637, 34.3137], [131.9637, 34.3131], [131.9634, 34.3124], [131.9617, 34.3105], [131.9612, 34.3083], [131.9602, 34.3076], [131.9594, 34.3063], [131.9589, 34.3062], [131.958, 34.3069], [131.9566, 34.3073], [131.9558, 34.3079], [131.9554, 34.3085], [131.9554, 34.3101], [131.9552, 34.3105], [131.9543, 34.3113], [131.953, 34.3121], [131.9517, 34.3134], [131.9503, 34.3145], [131.9491, 34.3164], [131.9484, 34.317], [131.948, 34.318], [131.947, 34.319], [131.9466, 34.3202], [131.9454, 34.3205], [131.9448, 34.3208], [131.9446, 34.3221], [131.9454, 34.3232], [131.9453, 34.3237], [131.9442, 34.3235], [131.9436, 34.3236], [131.9428, 34.3243], [131.9428, 34.3256], [131.94, 34.3267], [131.9374, 34.3274], [131.9332, 34.3279], [131.933, 34.3284], [131.9332, 34.3295], [131.9324, 34.33], [131.932, 34.3313], [131.9308, 34.3316], [131.9303, 34.332], [131.9301, 34.3324], [131.9301, 34.3332], [131.9298, 34.3335], [131.9286, 34.3341], [131.9279, 34.3347], [131.9265, 34.3346], [131.9254, 34.3342], [131.9237, 34.3347], [131.9222, 34.3357], [131.9215, 34.3355], [131.921, 34.3361], [131.92, 34.3367], [131.9196, 34.3379], [131.9191, 34.3382], [131.9188, 34.3381], [131.9178, 34.3369], [131.9166, 34.3365], [131.9161, 34.3359], [131.9149, 34.3356], [131.9144, 34.3337], [131.9132, 34.3314], [131.9131, 34.3301], [131.9113, 34.3275], [131.9084, 34.3252], [131.9075, 34.3249], [131.9065, 34.3242], [131.9051, 34.3235], [131.9042, 34.3236], [131.9036, 34.3231], [131.9027, 34.3211], [131.9024, 34.3208], [131.901, 34.3204], [131.8993, 34.3186], [131.8986, 34.3195], [131.8975, 34.3198], [131.8975, 34.3203], [131.8972, 34.3208], [131.8959, 34.3221], [131.8955, 34.3223], [131.8947, 34.3223], [131.8939, 34.3227], [131.8937, 34.3231], [131.8929, 34.3237], [131.892, 34.3239], [131.8907, 34.3245], [131.8899, 34.3253], [131.8892, 34.3256], [131.889, 34.3262], [131.8887, 34.3265], [131.8877, 34.3268], [131.8867, 34.3266], [131.8864, 34.3263], [131.8863, 34.3259], [131.887, 34.3251], [131.8871, 34.3246], [131.8864, 34.324], [131.8862, 34.3236], [131.8849, 34.3228], [131.8849, 34.3225], [131.8855, 34.3221], [131.8853, 34.3217], [131.8837, 34.3214], [131.8844, 34.3199], [131.8843, 34.3191], [131.8847, 34.3187], [131.8848, 34.3179], [131.8856, 34.3162], [131.8854, 34.3151], [131.8858, 34.3147], [131.8859, 34.3142], [131.8863, 34.3137], [131.8864, 34.3131], [131.886, 34.3125], [131.8856, 34.3109], [131.8853, 34.3108], [131.8843, 34.3109], [131.8838, 34.3102], [131.883, 34.31], [131.8824, 34.3094], [131.8815, 34.3092], [131.881, 34.3088], [131.881, 34.3086], [131.8819, 34.3074], [131.8817, 34.3071], [131.8812, 34.3071], [131.8811, 34.3069], [131.8816, 34.3063], [131.8798, 34.3055], [131.8797, 34.3044], [131.8801, 34.3036], [131.8798, 34.3032], [131.8799, 34.3028], [131.8792, 34.3025], [131.8789, 34.302], [131.8789, 34.3013], [131.8791, 34.3011], [131.8809, 34.3003], [131.8812, 34.2999], [131.8815, 34.2998], [131.8817, 34.299], [131.8816, 34.2984], [131.8819, 34.298], [131.8826, 34.2979], [131.8826, 34.2972], [131.8821, 34.2965], [131.882, 34.2958], [131.8823, 34.295], [131.8822, 34.2946], [131.8824, 34.2938], [131.8819, 34.2935], [131.882, 34.2928], [131.8813, 34.2918], [131.8815, 34.2911], [131.882, 34.2906], [131.8817, 34.2896], [131.8818, 34.289], [131.8813, 34.2885], [131.8814, 34.2875], [131.8811, 34.2874], [131.8809, 34.2869], [131.8804, 34.2865], [131.8801, 34.2856], [131.8806, 34.2837], [131.8807, 34.283], [131.8806, 34.2828], [131.8807, 34.2821], [131.8812, 34.2815], [131.8814, 34.2802], [131.8824, 34.2793], [131.8821, 34.2779], [131.8817, 34.2777], [131.8814, 34.277], [131.8814, 34.2759], [131.88, 34.2747], [131.8791, 34.2748], [131.8787, 34.2745], [131.8799, 34.2738], [131.8807, 34.2737], [131.881, 34.2732], [131.8814, 34.2711], [131.881, 34.2694], [131.8817, 34.2686], [131.8819, 34.2677], [131.8827, 34.2673], [131.8828, 34.2665], [131.8842, 34.2639], [131.8847, 34.2633], [131.8839, 34.2622], [131.8835, 34.262], [131.886, 34.2616], [131.8864, 34.2614], [131.8875, 34.2614], [131.8884, 34.2596], [131.8895, 34.2591], [131.8905, 34.2573], [131.8908, 34.2563], [131.8903, 34.2555], [131.8905, 34.2545], [131.8916, 34.2539], [131.892, 34.2531], [131.893, 34.2528], [131.8937, 34.2523], [131.8942, 34.2513], [131.894, 34.2502], [131.8928, 34.249], [131.8916, 34.2484], [131.8913, 34.2479], [131.8902, 34.2472], [131.8892, 34.2471], [131.8888, 34.2467], [131.8887, 34.244], [131.8883, 34.2435], [131.888, 34.2424], [131.888, 34.2412], [131.8884, 34.2403], [131.8884, 34.2397], [131.8891, 34.239], [131.8898, 34.238], [131.8906, 34.2373], [131.8907, 34.2367], [131.8916, 34.2358], [131.8915, 34.2352], [131.892, 34.235], [131.8931, 34.2346], [131.8959, 34.2341], [131.8963, 34.2337], [131.8975, 34.2337], [131.9006, 34.2328], [131.901, 34.2326], [131.9017, 34.2324], [131.9022, 34.2319], [131.9027, 34.2319], [131.9045, 34.2323], [131.9055, 34.2322], [131.9059, 34.2324], [131.9065, 34.2321], [131.9076, 34.232], [131.9084, 34.2306], [131.9085, 34.23], [131.9098, 34.23], [131.9114, 34.2294], [131.9122, 34.2303], [131.9138, 34.2294], [131.9149, 34.2284], [131.916, 34.2269], [131.9172, 34.2262], [131.9181, 34.2248], [131.9196, 34.2216], [131.92, 34.2224], [131.9201, 34.2231], [131.9207, 34.2238], [131.9217, 34.2241], [131.9221, 34.2241], [131.9228, 34.2236], [131.9238, 34.2233], [131.9241, 34.2234], [131.9248, 34.2243], [131.9258, 34.2242], [131.9268, 34.2244], [131.9269, 34.2252], [131.9283, 34.2263], [131.9288, 34.2269], [131.9294, 34.2268], [131.9298, 34.227], [131.9298, 34.2278], [131.9307, 34.2283], [131.9312, 34.2283], [131.9315, 34.2284], [131.9316, 34.2288], [131.9328, 34.2293], [131.9338, 34.2301], [131.9338, 34.2305], [131.9342, 34.231], [131.9352, 34.2307], [131.9362, 34.23], [131.9372, 34.2299], [131.9374, 34.2294], [131.9387, 34.2289], [131.9388, 34.2278], [131.9413, 34.226], [131.9421, 34.2249], [131.9422, 34.2248], [131.9416, 34.2243], [131.9417, 34.2238], [131.9419, 34.2234], [131.9428, 34.2227], [131.9426, 34.2208], [131.9415, 34.2207], [131.9399, 34.2216], [131.9392, 34.2209], [131.939, 34.2204], [131.9385, 34.2202], [131.9382, 34.2198], [131.9387, 34.219], [131.9388, 34.2184], [131.939, 34.218], [131.9388, 34.2178], [131.9388, 34.2169], [131.9392, 34.2164], [131.9404, 34.2158], [131.9412, 34.2156], [131.9418, 34.2157], [131.9423, 34.215], [131.9424, 34.2134], [131.942, 34.213], [131.9418, 34.2124], [131.9421, 34.2118], [131.9424, 34.2114], [131.9405, 34.2102], [131.9406, 34.209], [131.9401, 34.2076], [131.941, 34.2066], [131.9421, 34.2061], [131.9423, 34.2055], [131.9442, 34.2047], [131.9446, 34.2043], [131.9451, 34.2025], [131.9447, 34.2006], [131.9452, 34.2002], [131.9462, 34.2002], [131.9466, 34.2], [131.9487, 34.2002], [131.9495, 34.1991], [131.9502, 34.1991], [131.951, 34.1987], [131.9514, 34.1988], [131.9526, 34.1987], [131.9532, 34.1983], [131.9547, 34.199], [131.9561, 34.1984], [131.9568, 34.1987], [131.958, 34.1987], [131.9586, 34.1991], [131.9592, 34.1991], [131.9602, 34.1978], [131.9606, 34.1965], [131.961, 34.1959], [131.9607, 34.1951], [131.9609, 34.1928], [131.9608, 34.192], [131.9599, 34.1907], [131.9594, 34.1904], [131.9591, 34.1895], [131.9589, 34.1894], [131.958, 34.1898], [131.9564, 34.1884], [131.9568, 34.1878], [131.9568, 34.187], [131.9574, 34.1858], [131.9574, 34.1851], [131.9578, 34.1843], [131.9582, 34.1827], [131.958, 34.1817], [131.9588, 34.1812], [131.96, 34.1809], [131.9608, 34.1804], [131.9616, 34.1807], [131.9627, 34.1806], [131.9632, 34.181], [131.9638, 34.1807], [131.964, 34.1806], [131.9641, 34.1799], [131.9652, 34.1798], [131.9653, 34.1794], [131.965, 34.1785], [131.9657, 34.1775], [131.9662, 34.1764], [131.9659, 34.176], [131.965, 34.1757], [131.964, 34.1747], [131.963, 34.1741], [131.9607, 34.171], [131.96, 34.171], [131.9595, 34.1706], [131.959, 34.1706], [131.9581, 34.1701], [131.958, 34.1698], [131.958, 34.1691], [131.9587, 34.1677], [131.9581, 34.1646], [131.9573, 34.1645], [131.9553, 34.1635], [131.9569, 34.1628], [131.9582, 34.1604], [131.9588, 34.1597], [131.9597, 34.1593], [131.96, 34.1589], [131.9601, 34.1578], [131.9598, 34.1572], [131.9593, 34.1568], [131.9586, 34.1565], [131.958, 34.1552], [131.9578, 34.1552], [131.9572, 34.1555], [131.9568, 34.1556], [131.9567, 34.1543], [131.9568, 34.1534], [131.9563, 34.1505], [131.9573, 34.1503], [131.9588, 34.1503], [131.9587, 34.1498], [131.9571, 34.1487], [131.9563, 34.1486], [131.9554, 34.1482], [131.9543, 34.1482], [131.9528, 34.1477], [131.9527, 34.1467], [131.9536, 34.1461], [131.9538, 34.1457], [131.9538, 34.1454], [131.9527, 34.1436], [131.9544, 34.143], [131.9557, 34.1414], [131.9569, 34.1417], [131.9574, 34.1417], [131.9578, 34.1409], [131.9582, 34.1387], [131.9582, 34.1382], [131.9585, 34.1374], [131.9587, 34.1372], [131.9585, 34.135], [131.9588, 34.1335], [131.9575, 34.1315], [131.9558, 34.1313], [131.955, 34.1317], [131.954, 34.1311], [131.9538, 34.1308], [131.9533, 34.1307], [131.9533, 34.1301], [131.9537, 34.1298], [131.9537, 34.1296], [131.9524, 34.1276], [131.9549, 34.1276], [131.9561, 34.1278], [131.9564, 34.1273], [131.9566, 34.1259], [131.9568, 34.1258], [131.9576, 34.1262], [131.9578, 34.1258], [131.9585, 34.1255], [131.9589, 34.1244], [131.9585, 34.1233], [131.959, 34.1227], [131.9588, 34.1211], [131.9593, 34.1195], [131.9592, 34.1189], [131.9583, 34.118], [131.9593, 34.1174], [131.96, 34.1151], [131.9612, 34.1135], [131.9615, 34.1133], [131.9622, 34.1134], [131.9639, 34.1142], [131.9645, 34.1139], [131.965, 34.1126], [131.9648, 34.1122], [131.964, 34.1117], [131.964, 34.1114], [131.9646, 34.1107], [131.9645, 34.1105], [131.9635, 34.11], [131.9639, 34.1091], [131.9641, 34.1079], [131.9647, 34.107], [131.9642, 34.1064], [131.9638, 34.1038], [131.964, 34.1032], [131.9639, 34.1019], [131.9649, 34.1002], [131.9651, 34.0993], [131.965, 34.0988], [131.9652, 34.0975], [131.9651, 34.0965], [131.9648, 34.0961], [131.9649, 34.0955], [131.9679, 34.0955], [131.9687, 34.0952], [131.9689, 34.095], [131.9689, 34.094], [131.9682, 34.0929], [131.9679, 34.0921], [131.9678, 34.0904], [131.9669, 34.0894], [131.967, 34.089], [131.9674, 34.0889], [131.9682, 34.0876], [131.9695, 34.0871], [131.97, 34.0871], [131.9709, 34.0885], [131.9716, 34.0888], [131.9723, 34.0888], [131.9733, 34.0882], [131.9739, 34.0882], [131.9758, 34.0886], [131.9791, 34.0875], [131.9803, 34.0876], [131.9815, 34.088], [131.9821, 34.088], [131.9827, 34.0878], [131.9833, 34.0869], [131.984, 34.0867], [131.9849, 34.086], [131.9859, 34.0848], [131.9864, 34.0845], [131.9874, 34.0842], [131.9884, 34.0843], [131.9892, 34.0838], [131.9896, 34.0828], [131.9903, 34.0822], [131.9903, 34.0807], [131.9905, 34.0804], [131.9915, 34.0802], [131.9922, 34.0798], [131.9937, 34.0798], [131.9931, 34.079], [131.9933, 34.0789], [131.9939, 34.0792], [131.9943, 34.0791], [131.9947, 34.0794], [131.9952, 34.0794], [131.9956, 34.0797], [131.9957, 34.0793], [131.9954, 34.0781], [131.9958, 34.0759], [131.9953, 34.075], [131.9953, 34.0743], [131.9932, 34.0732], [131.9927, 34.072], [131.9911, 34.0716], [131.9908, 34.0713], [131.9909, 34.071], [131.9914, 34.0709], [131.9945, 34.0709], [131.9948, 34.0698], [131.9957, 34.0693], [131.9965, 34.0691], [131.9964, 34.068], [131.9973, 34.0662], [131.9973, 34.0651], [131.9975, 34.0647], [132.001, 34.0657], [132.0022, 34.0662], [132.0025, 34.0661], [132.0035, 34.0666], [132.0058, 34.0671], [132.0067, 34.0671], [132.0075, 34.0667], [132.0079, 34.0662], [132.0081, 34.0646], [132.0083, 34.0643], [132.0102, 34.0634], [132.0108, 34.0626], [132.0108, 34.0623], [132.0124, 34.062], [132.0128, 34.0629], [132.0125, 34.0646], [132.0126, 34.0661], [132.0153, 34.0673], [132.0166, 34.0667], [132.0169, 34.0669], [132.0175, 34.0676], [132.0186, 34.068], [132.0198, 34.0694], [132.0203, 34.0696], [132.022, 34.07], [132.0233, 34.07], [132.0247, 34.0692], [132.0272, 34.0663], [132.0276, 34.0641], [132.0283, 34.063], [132.0286, 34.0615], [132.0279, 34.0613], [132.0279, 34.0606], [132.0276, 34.0599], [132.0277, 34.0592], [132.0272, 34.0586], [132.0275, 34.0576], [132.0274, 34.0572], [132.0277, 34.0567], [132.028, 34.0555], [132.0283, 34.055], [132.0282, 34.0546], [132.0284, 34.0543], [132.0284, 34.054], [132.0289, 34.0534], [132.029, 34.053], [132.0283, 34.0521], [132.0283, 34.051], [132.0288, 34.05], [132.0294, 34.0498], [132.0298, 34.0483], [132.0306, 34.0476], [132.0308, 34.0446], [132.0301, 34.0425], [132.03, 34.0413], [132.0292, 34.0406], [132.0288, 34.0394], [132.0285, 34.039], [132.0266, 34.032], [132.0259, 34.0311], [132.0237, 34.0277], [132.0226, 34.0276], [132.0218, 34.0263], [132.0224, 34.0252], [132.0222, 34.0238], [132.0226, 34.0237], [132.0241, 34.0239], [132.0248, 34.0224], [132.0252, 34.0208], [132.0258, 34.0204], [132.0257, 34.0184], [132.0258, 34.0182], [132.0265, 34.0181], [132.0269, 34.0172], [132.0269, 34.0169], [132.0264, 34.0165], [132.027, 34.0156], [132.0269, 34.0145], [132.027, 34.0144], [132.0287, 34.0142], [132.03, 34.0132], [132.0306, 34.0139], [132.0319, 34.0139], [132.0324, 34.0136], [132.0335, 34.0123], [132.0343, 34.012], [132.0356, 34.0122], [132.0363, 34.0121], [132.0369, 34.0111], [132.0375, 34.0109], [132.0407, 34.0117], [132.0409, 34.0118], [132.0419, 34.0135], [132.0428, 34.0137], [132.0445, 34.0136], [132.046, 34.0138], [132.0466, 34.0132], [132.0467, 34.0128], [132.0477, 34.0133], [132.0486, 34.0129], [132.0498, 34.0133], [132.0509, 34.0134], [132.0513, 34.0133], [132.0529, 34.0122], [132.0537, 34.012], [132.054, 34.0123], [132.0544, 34.0135], [132.0547, 34.0137], [132.0548, 34.0135], [132.0555, 34.0135], [132.0557, 34.0138], [132.0561, 34.0139], [132.0562, 34.0135], [132.0567, 34.0135], [132.0576, 34.0143], [132.0582, 34.0142], [132.0584, 34.0138], [132.0583, 34.0141], [132.0587, 34.0142], [132.0591, 34.0136], [132.0587, 34.0134], [132.0588, 34.0132], [132.0599, 34.0135], [132.0601, 34.0132], [132.0606, 34.0135], [132.0606, 34.0137], [132.0602, 34.0147], [132.0602, 34.0149], [132.0608, 34.0156], [132.0605, 34.0163], [132.0607, 34.0186], [132.0622, 34.0189], [132.0631, 34.0194], [132.0638, 34.0196], [132.0648, 34.0195], [132.066, 34.0203], [132.0668, 34.0203], [132.067, 34.0199], [132.068, 34.0225], [132.0689, 34.0231], [132.0691, 34.0236], [132.07, 34.0237], [132.071, 34.0244], [132.072, 34.0243], [132.0725, 34.0248], [132.0729, 34.0255], [132.075, 34.0255], [132.0772, 34.0253], [132.0775, 34.026], [132.0785, 34.0266], [132.0797, 34.0283], [132.0803, 34.0283], [132.0818, 34.0294], [132.0819, 34.0301], [132.0817, 34.0308], [132.0819, 34.0313], [132.0818, 34.0316], [132.0822, 34.032], [132.0817, 34.0325], [132.0823, 34.0329], [132.0827, 34.0335], [132.0828, 34.0341], [132.0834, 34.0344], [132.0835, 34.0354], [132.0842, 34.0365], [132.0851, 34.0364], [132.0861, 34.0371], [132.0861, 34.0378], [132.0867, 34.038], [132.0868, 34.0385], [132.0877, 34.04], [132.0881, 34.0411], [132.0887, 34.0412], [132.089, 34.0429], [132.0914, 34.0449], [132.0939, 34.0458], [132.0945, 34.0471], [132.0942, 34.0477], [132.0948, 34.0482], [132.0967, 34.0487], [132.0979, 34.0483], [132.0985, 34.0484], [132.0995, 34.0491], [132.1003, 34.0504], [132.1013, 34.0509], [132.102, 34.0521], [132.1034, 34.0525], [132.1038, 34.0528], [132.1048, 34.0528], [132.106, 34.0523], [132.1078, 34.0527], [132.1083, 34.0525], [132.1092, 34.0523], [132.1105, 34.0522], [132.1108, 34.0514], [132.112, 34.0511], [132.1131, 34.05], [132.114, 34.0497], [132.1149, 34.0502], [132.1154, 34.0501], [132.1173, 34.0507], [132.1182, 34.0506], [132.1195, 34.0511], [132.1203, 34.0518], [132.1206, 34.0518], [132.1229, 34.0507], [132.1236, 34.0506], [132.1247, 34.0497], [132.1249, 34.049], [132.1249, 34.0484], [132.1255, 34.0469], [132.1261, 34.0465], [132.1264, 34.0449], [132.1272, 34.0446], [132.1276, 34.0438], [132.1288, 34.0432], [132.1306, 34.0429], [132.131, 34.0427], [132.1328, 34.043], [132.1332, 34.0433], [132.1335, 34.0439], [132.135, 34.0445], [132.1362, 34.0439], [132.1365, 34.0434], [132.1377, 34.0434], [132.138, 34.0429], [132.139, 34.0427], [132.141, 34.0393], [132.1412, 34.0378], [132.1412, 34.0364], [132.1418, 34.0361], [132.142, 34.0357], [132.1425, 34.0352], [132.1424, 34.0345], [132.1426, 34.0337], [132.1426, 34.0324], [132.1422, 34.0321], [132.142, 34.0318], [132.1423, 34.0317], [132.1429, 34.0319], [132.1437, 34.0326], [132.1465, 34.0326], [132.1466, 34.0321], [132.1478, 34.0312], [132.1489, 34.0293], [132.1497, 34.0292], [132.1508, 34.0295], [132.1536, 34.0282], [132.1541, 34.0271], [132.1554, 34.0255], [132.1572, 34.0248], [132.1572, 34.0237], [132.1575, 34.0235], [132.1582, 34.0238], [132.159, 34.0234], [132.1591, 34.023], [132.1585, 34.0229], [132.158, 34.0226], [132.1581, 34.0223], [132.1588, 34.022], [132.1586, 34.0215], [132.1588, 34.0204], [132.1597, 34.02], [132.1601, 34.0195], [132.1617, 34.0185], [132.1621, 34.0179], [132.1632, 34.018], [132.1652, 34.0173], [132.1678, 34.017], [132.1694, 34.0173], [132.1703, 34.017], [132.1708, 34.0173], [132.1729, 34.0175], [132.1749, 34.0173], [132.1766, 34.0179], [132.1771, 34.0183], [132.1774, 34.0188], [132.1792, 34.0183], [132.1812, 34.0191], [132.1831, 34.019], [132.1847, 34.0203], [132.1853, 34.0196], [132.186, 34.0192], [132.1867, 34.0196], [132.1876, 34.0195], [132.1879, 34.0192], [132.1882, 34.0181], [132.1892, 34.018], [132.1898, 34.0181], [132.1904, 34.0176], [132.1913, 34.0171], [132.1922, 34.0159], [132.192, 34.0145], [132.1929, 34.014], [132.1932, 34.0135], [132.1939, 34.013], [132.195, 34.0129], [132.196, 34.0119], [132.1966, 34.0114], [132.1967, 34.0109], [132.1956, 34.0085], [132.1944, 34.0074], [132.1949, 34.0059], [132.1947, 34.0052], [132.1948, 34.004], [132.1946, 34.0032], [132.1949, 34.002], [132.1942, 34.0011], [132.1937, 34.0001], [132.1933, 33.9997], [132.1938, 33.9992], [132.1939, 33.9983], [132.1946, 33.9979], [132.1948, 33.9973], [132.1947, 33.9965], [132.1938, 33.9946], [132.1942, 33.9916], [132.1948, 33.991], [132.195, 33.9902], [132.1958, 33.9902], [132.1961, 33.9899], [132.1961, 33.9895], [132.1955, 33.9891], [132.1955, 33.9889], [132.1966, 33.989], [132.1967, 33.9887], [132.196, 33.9877], [132.1958, 33.9872], [132.1953, 33.987], [132.1953, 33.9863], [132.195, 33.9849], [132.1938, 33.984], [132.1936, 33.9836], [132.1944, 33.9826], [132.1956, 33.9822], [132.1966, 33.9813], [132.1974, 33.9812], [132.1987, 33.9807], [132.1999, 33.9817], [132.2003, 33.983], [132.2007, 33.9836], [132.2007, 33.9841], [132.2, 33.9856], [132.2, 33.9864], [132.1997, 33.9864], [132.2, 33.9864], [132.1999, 33.9874], [132.2004, 33.9884], [132.2012, 33.9891], [132.2011, 33.9892], [132.2014, 33.99], [132.2034, 33.9919], [132.2037, 33.9917], [132.2038, 33.9923], [132.207, 33.9951], [132.2076, 33.9965], [132.2083, 33.9974], [132.2089, 33.9975], [132.2092, 33.9974], [132.2087, 33.9978], [132.2091, 33.9982], [132.2096, 33.998], [132.2093, 33.9973], [132.2095, 33.9972], [132.2098, 33.998], [132.2096, 33.9982], [132.2103, 33.9995], [132.2108, 33.9998], [132.2108, 34.0002], [132.2127, 34.0021], [132.2135, 34.0034], [132.2139, 34.0047], [132.2148, 34.0082], [132.2153, 34.0082], [132.2154, 34.0084], [132.2153, 34.0082], [132.2148, 34.0082], [132.2148, 34.0088], [132.2153, 34.0088], [132.2156, 34.0086], [132.2155, 34.0088], [132.2152, 34.0089], [132.2149, 34.0096], [132.2152, 34.0111], [132.2163, 34.0125], [132.2166, 34.0134], [132.2166, 34.015], [132.2171, 34.0162], [132.2169, 34.0175], [132.2175, 34.0178], [132.2173, 34.0179], [132.2176, 34.0181], [132.2177, 34.0185], [132.2179, 34.0185], [132.2178, 34.0187], [132.2176, 34.0186], [132.2174, 34.0188], [132.2181, 34.0198], [132.2184, 34.0209], [132.2183, 34.0216], [132.2176, 34.0227], [132.2179, 34.025], [132.2177, 34.0274], [132.2179, 34.0288], [132.2178, 34.0291], [132.2186, 34.0288], [132.2183, 34.029], [132.2183, 34.0292], [132.2179, 34.0293], [132.2176, 34.03], [132.2182, 34.0302], [132.219, 34.0292], [132.2182, 34.0303], [132.2174, 34.03], [132.2166, 34.0327], [132.2174, 34.0339], [132.2181, 34.0344], [132.2182, 34.0346], [132.218, 34.035], [132.2181, 34.0357], [132.2188, 34.036], [132.2192, 34.0366], [132.2192, 34.0364], [132.2191, 34.0388], [132.2193, 34.0405], [132.2203, 34.0403], [132.2206, 34.0419], [132.2199, 34.0424], [132.2191, 34.0415], [132.2179, 34.0416], [132.2166, 34.0406], [132.2176, 34.0416], [132.2173, 34.0415], [132.2173, 34.0426], [132.2181, 34.0429], [132.2174, 34.0428], [132.2173, 34.043], [132.2171, 34.043], [132.217, 34.0437], [132.216, 34.0436], [132.2159, 34.0439], [132.2179, 34.0441], [132.218, 34.0434], [132.2184, 34.0431], [132.2183, 34.0429], [132.2184, 34.043], [132.2185, 34.0433], [132.2197, 34.0432], [132.2199, 34.043], [132.2199, 34.0438], [132.2193, 34.0438], [132.2207, 34.0466], [132.2205, 34.0486], [132.2203, 34.0489], [132.219, 34.0492], [132.2167, 34.0477], [132.2128, 34.0473], [132.2126, 34.048], [132.2141, 34.0485], [132.2149, 34.0489], [132.2157, 34.049], [132.2162, 34.0493], [132.2151, 34.0505], [132.2148, 34.0504], [132.2149, 34.0507], [132.214, 34.0514], [132.2141, 34.0518], [132.2137, 34.0514], [132.213, 34.0512], [132.2129, 34.0513], [132.2129, 34.0511], [132.2121, 34.0508], [132.2116, 34.0516], [132.2137, 34.0523], [132.2128, 34.0539], [132.2131, 34.0541], [132.2127, 34.0548], [132.2123, 34.0547], [132.212, 34.0552], [132.2123, 34.0554], [132.212, 34.0552], [132.2095, 34.0593], [132.2087, 34.0621], [132.2093, 34.0677], [132.2085, 34.0679], [132.2082, 34.0678], [132.2084, 34.068], [132.2092, 34.0679], [132.2096, 34.0683], [132.2092, 34.068], [132.2085, 34.068], [132.209, 34.069], [132.2088, 34.0691], [132.2089, 34.0692], [132.207, 34.0709], [132.2093, 34.0692], [132.2098, 34.0693], [132.2099, 34.0689], [132.2098, 34.0685], [132.2101, 34.0689], [132.2101, 34.0698], [132.2111, 34.0709], [132.2119, 34.0716], [132.2118, 34.0719], [132.2113, 34.0722], [132.2114, 34.0726], [132.2116, 34.0728], [132.2113, 34.0729], [132.2107, 34.0738], [132.2107, 34.0741], [132.2111, 34.0742], [132.2105, 34.0753], [132.2103, 34.0762], [132.2106, 34.0763], [132.2107, 34.077], [132.2111, 34.0771], [132.2105, 34.0782], [132.2106, 34.0786], [132.2103, 34.0789], [132.21, 34.0799], [132.2105, 34.0801], [132.2099, 34.0816], [132.2104, 34.0825], [132.2106, 34.0827], [132.2109, 34.0825], [132.2109, 34.083], [132.2112, 34.083], [132.2111, 34.0834], [132.2467, 34.0836], [132.2634, 34.0835], [132.275, 34.0907], [132.3099, 34.113], [132.3168, 34.1178], [132.3153, 34.1195], [132.3163, 34.1197], [132.317, 34.1193], [132.318, 34.1198], [132.319, 34.1191], [132.3194, 34.119], [132.3187, 34.1206], [132.3182, 34.1211], [132.3167, 34.1214], [132.3153, 34.1209], [132.3144, 34.1209], [132.3136, 34.1224], [132.3132, 34.1219], [132.3088, 34.1268], [132.2711, 34.1638], [132.2431, 34.1911], [132.2375, 34.1962], [132.2368, 34.197], [132.2373, 34.1983], [132.2369, 34.2022], [132.2367, 34.2024], [132.2347, 34.2025], [132.2346, 34.2023], [132.2308, 34.2014], [132.2307, 34.2027], [132.2296, 34.2038], [132.2287, 34.2039], [132.2273, 34.2029], [132.2271, 34.2031], [132.2263, 34.2028], [132.2259, 34.2022], [132.2254, 34.2023], [132.2246, 34.202], [132.2245, 34.2015], [132.2236, 34.201], [132.2232, 34.2], [132.2222, 34.1992], [132.2224, 34.1986], [132.2233, 34.1979], [132.2236, 34.1973], [132.2238, 34.1965], [132.2236, 34.1954], [132.2244, 34.1949], [132.2245, 34.1944], [132.2254, 34.1944], [132.2257, 34.1942], [132.2253, 34.1929], [132.2256, 34.1926], [132.2254, 34.1922], [132.226, 34.192], [132.226, 34.191], [132.2255, 34.1903], [132.225, 34.1902], [132.2247, 34.1897], [132.223, 34.1895], [132.2233, 34.1893], [132.2231, 34.1886], [132.2234, 34.1882], [132.2234, 34.1876], [132.223, 34.1874], [132.2227, 34.1863], [132.2236, 34.186], [132.2239, 34.1855], [132.2239, 34.1851], [132.2235, 34.1849], [132.2223, 34.1853], [132.2214, 34.1852], [132.2207, 34.1839], [132.2197, 34.1831], [132.2192, 34.1831], [132.2186, 34.1819], [132.2188, 34.1816], [132.218, 34.1816], [132.2174, 34.1813], [132.2169, 34.1814], [132.2169, 34.1819], [132.2161, 34.1824], [132.2142, 34.1815], [132.2138, 34.1815], [132.2134, 34.1817], [132.2123, 34.182], [132.2113, 34.1816], [132.2104, 34.1815], [132.2094, 34.1811], [132.2086, 34.1812], [132.208, 34.1822]]], [[[132.4316, 34.0084], [132.4319, 34.0085], [132.4323, 34.0095], [132.4312, 34.0099], [132.4307, 34.0104], [132.4308, 34.0095], [132.4304, 34.0085], [132.4294, 34.0072], [132.4295, 34.0059], [132.4292, 34.0049], [132.4295, 34.0045], [132.4293, 34.0041], [132.4296, 34.0038], [132.4301, 34.0038], [132.4305, 34.0034], [132.4308, 34.0024], [132.4306, 34.0022], [132.4308, 34.0022], [132.4308, 34.0019], [132.4322, 34.0025], [132.4336, 34.0021], [132.4342, 34.0025], [132.4347, 34.0031], [132.4351, 34.0032], [132.4352, 34.0035], [132.435, 34.0037], [132.434, 34.0031], [132.4331, 34.003], [132.4322, 34.0026], [132.4312, 34.0029], [132.4303, 34.0039], [132.4303, 34.0052], [132.43, 34.0059], [132.4301, 34.0068], [132.4303, 34.0074], [132.431, 34.0081], [132.4316, 34.0084]]], [[[132.4201, 34.0374], [132.4195, 34.0374], [132.4181, 34.037], [132.4182, 34.0361], [132.4177, 34.0356], [132.4168, 34.0353], [132.4167, 34.0349], [132.4169, 34.0346], [132.4187, 34.0338], [132.4191, 34.034], [132.4202, 34.0337], [132.421, 34.0337], [132.4216, 34.0329], [132.4223, 34.0324], [132.4229, 34.0325], [132.4234, 34.0324], [132.4239, 34.0329], [132.4246, 34.033], [132.4251, 34.0333], [132.4266, 34.0337], [132.4272, 34.0341], [132.427, 34.0347], [132.4265, 34.035], [132.4258, 34.0351], [132.4248, 34.035], [132.4241, 34.0355], [132.4235, 34.0359], [132.423, 34.0359], [132.4225, 34.0367], [132.4213, 34.0368], [132.4208, 34.0373], [132.4201, 34.0374]]], [[[132.4316, 33.9903], [132.4315, 33.991], [132.4312, 33.9913], [132.4313, 33.9918], [132.4306, 33.9931], [132.4301, 33.9934], [132.4297, 33.9916], [132.4293, 33.9912], [132.4293, 33.9908], [132.4297, 33.9903], [132.4302, 33.9902], [132.4306, 33.9892], [132.4317, 33.9884], [132.4325, 33.9887], [132.4326, 33.9889], [132.4318, 33.9896], [132.4316, 33.9903]]], [[[132.4306, 33.984], [132.4306, 33.9843], [132.43, 33.9844], [132.43, 33.9831], [132.429, 33.9821], [132.4291, 33.9817], [132.4304, 33.9802], [132.4308, 33.9801], [132.4312, 33.9801], [132.4322, 33.9809], [132.4314, 33.9816], [132.4314, 33.9819], [132.4312, 33.9819], [132.431, 33.9822], [132.4309, 33.983], [132.4311, 33.9833], [132.4309, 33.9839], [132.4306, 33.984]]], [[[132.4149, 34.0303], [132.4145, 34.0303], [132.4142, 34.0298], [132.4111, 34.0288], [132.4084, 34.0282], [132.4046, 34.0278], [132.4032, 34.0273], [132.4029, 34.0273], [132.4034, 34.0254], [132.4033, 34.0249], [132.403, 34.0245], [132.4023, 34.0241], [132.4018, 34.0236], [132.4026, 34.0221], [132.4028, 34.0215], [132.4027, 34.0209], [132.403, 34.0207], [132.4032, 34.0202], [132.403, 34.0197], [132.4036, 34.0193], [132.4039, 34.0183], [132.4042, 34.0183], [132.4044, 34.0182], [132.4048, 34.0165], [132.4058, 34.0152], [132.4058, 34.0144], [132.4061, 34.0144], [132.4061, 34.0143], [132.4066, 34.0147], [132.4075, 34.0147], [132.4104, 34.014], [132.4114, 34.0132], [132.4124, 34.0134], [132.4135, 34.0131], [132.4137, 34.0133], [132.4145, 34.0134], [132.4154, 34.0132], [132.4156, 34.0133], [132.4159, 34.0131], [132.417, 34.0131], [132.4181, 34.0127], [132.4191, 34.0118], [132.4203, 34.0112], [132.4243, 34.0126], [132.4246, 34.0126], [132.4256, 34.0122], [132.427, 34.0112], [132.4274, 34.011], [132.427, 34.0115], [132.4266, 34.013], [132.4266, 34.0141], [132.427, 34.0151], [132.4278, 34.0155], [132.4284, 34.0156], [132.4294, 34.0149], [132.4305, 34.0148], [132.4308, 34.015], [132.4307, 34.0152], [132.4294, 34.0161], [132.4279, 34.016], [132.4273, 34.0162], [132.4267, 34.0179], [132.4269, 34.0186], [132.4263, 34.0193], [132.4257, 34.0194], [132.4254, 34.0193], [132.4252, 34.0196], [132.4253, 34.0192], [132.4251, 34.019], [132.4247, 34.0189], [132.4241, 34.019], [132.4236, 34.0195], [132.4233, 34.02], [132.4234, 34.0202], [132.4225, 34.0214], [132.4231, 34.0203], [132.4226, 34.0202], [132.4221, 34.0204], [132.4217, 34.0211], [132.4222, 34.021], [132.4222, 34.0212], [132.4218, 34.0222], [132.4208, 34.0223], [132.4203, 34.0235], [132.4194, 34.0239], [132.419, 34.0246], [132.4187, 34.026], [132.4193, 34.0266], [132.4182, 34.0272], [132.4191, 34.0266], [132.4186, 34.0263], [132.418, 34.0268], [132.4181, 34.0265], [132.4177, 34.0264], [132.4174, 34.0268], [132.418, 34.027], [132.4174, 34.0269], [132.4159, 34.0276], [132.4154, 34.0287], [132.4154, 34.0296], [132.4152, 34.0297], [132.4149, 34.0303]]], [[[132.3915, 34.0426], [132.3913, 34.0426], [132.3912, 34.0424], [132.3914, 34.0417], [132.3905, 34.0415], [132.3905, 34.0413], [132.3902, 34.041], [132.3904, 34.0407], [132.3902, 34.0403], [132.3889, 34.0396], [132.3874, 34.0392], [132.3859, 34.0397], [132.3855, 34.0403], [132.3857, 34.0407], [132.3851, 34.041], [132.3841, 34.0414], [132.3836, 34.0418], [132.3829, 34.0416], [132.3826, 34.0415], [132.3822, 34.0405], [132.3814, 34.0395], [132.3815, 34.0387], [132.3809, 34.038], [132.3803, 34.0378], [132.3801, 34.0379], [132.3801, 34.0375], [132.3788, 34.0368], [132.378, 34.0371], [132.3761, 34.0368], [132.3758, 34.0366], [132.376, 34.0363], [132.3766, 34.0361], [132.3778, 34.0364], [132.3788, 34.0363], [132.3798, 34.0358], [132.3805, 34.0351], [132.3811, 34.0351], [132.3815, 34.0353], [132.3817, 34.0353], [132.3825, 34.0351], [132.3829, 34.0347], [132.3835, 34.0335], [132.3837, 34.0325], [132.3836, 34.0319], [132.3831, 34.0311], [132.3833, 34.0272], [132.3839, 34.0269], [132.3846, 34.0268], [132.3853, 34.027], [132.386, 34.0282], [132.3859, 34.029], [132.3862, 34.0295], [132.3875, 34.0307], [132.3878, 34.0313], [132.3884, 34.0316], [132.3896, 34.0327], [132.3881, 34.0336], [132.3866, 34.0338], [132.386, 34.035], [132.3859, 34.0359], [132.3859, 34.036], [132.3863, 34.0361], [132.3864, 34.0363], [132.3872, 34.0366], [132.3869, 34.0366], [132.3865, 34.0364], [132.3861, 34.0364], [132.3863, 34.037], [132.3872, 34.0371], [132.3873, 34.0368], [132.3873, 34.0371], [132.3877, 34.0371], [132.3877, 34.0369], [132.3883, 34.0368], [132.3882, 34.0366], [132.3878, 34.0364], [132.388, 34.0365], [132.3883, 34.0366], [132.3888, 34.0374], [132.3895, 34.038], [132.3896, 34.0385], [132.3907, 34.0389], [132.391, 34.0393], [132.391, 34.0401], [132.3915, 34.0406], [132.3916, 34.0416], [132.3921, 34.0419], [132.3923, 34.0423], [132.3923, 34.0425], [132.3915, 34.0426]]], [[[132.3943, 34.071], [132.3941, 34.0715], [132.3943, 34.0719], [132.3941, 34.0721], [132.3938, 34.0715], [132.3929, 34.0711], [132.3924, 34.0709], [132.3922, 34.0712], [132.3918, 34.0712], [132.3922, 34.0708], [132.3922, 34.0704], [132.3921, 34.0702], [132.3916, 34.07], [132.3916, 34.0695], [132.3912, 34.0695], [132.3909, 34.0691], [132.391, 34.0683], [132.3912, 34.0683], [132.392, 34.0693], [132.3926, 34.0697], [132.3931, 34.0698], [132.3944, 34.0695], [132.3949, 34.0697], [132.3951, 34.0703], [132.3943, 34.071]]], [[[132.3955, 34.0598], [132.3954, 34.0599], [132.3953, 34.0597], [132.3946, 34.0594], [132.3944, 34.059], [132.3944, 34.0586], [132.3936, 34.0582], [132.3933, 34.0576], [132.393, 34.0577], [132.3926, 34.0574], [132.3926, 34.0571], [132.3922, 34.0571], [132.3921, 34.0568], [132.3915, 34.0566], [132.3914, 34.0564], [132.392, 34.0561], [132.393, 34.0563], [132.3943, 34.0551], [132.3947, 34.0552], [132.3958, 34.0547], [132.3963, 34.0547], [132.3971, 34.0537], [132.3975, 34.0538], [132.3983, 34.0542], [132.3984, 34.0552], [132.399, 34.0556], [132.3991, 34.0562], [132.3995, 34.0565], [132.3997, 34.0571], [132.4002, 34.0572], [132.4004, 34.0574], [132.399, 34.0584], [132.3986, 34.0582], [132.3984, 34.0578], [132.3976, 34.058], [132.3969, 34.0588], [132.3968, 34.0591], [132.3964, 34.0593], [132.3959, 34.0598], [132.3955, 34.0598]]], [[[132.3924, 34.0467], [132.3924, 34.0471], [132.3919, 34.0471], [132.3919, 34.0468], [132.3922, 34.0465], [132.3922, 34.0466], [132.3926, 34.0465], [132.3926, 34.0467], [132.3924, 34.0467]]], [[[132.3314, 34.0035], [132.3311, 34.0036], [132.3309, 34.0034], [132.3308, 34.0035], [132.3299, 34.0032], [132.3299, 33.9991], [132.3296, 33.9986], [132.33, 33.9983], [132.3301, 33.9975], [132.3298, 33.9966], [132.3292, 33.9962], [132.3291, 33.9957], [132.3293, 33.9952], [132.3289, 33.994], [132.329, 33.9938], [132.3297, 33.9939], [132.3303, 33.9936], [132.3308, 33.993], [132.3307, 33.9925], [132.3311, 33.9921], [132.3313, 33.9913], [132.3319, 33.991], [132.3329, 33.9915], [132.3341, 33.9916], [132.3344, 33.9919], [132.3348, 33.9927], [132.3349, 33.9935], [132.3357, 33.9945], [132.3354, 33.9952], [132.3358, 33.9954], [132.3356, 33.9958], [132.3354, 33.9957], [132.3355, 33.9973], [132.3354, 33.9962], [132.3349, 33.9963], [132.3348, 33.9968], [132.3351, 33.9968], [132.3348, 33.9969], [132.3348, 33.9975], [132.3352, 33.9976], [132.3348, 33.9975], [132.3348, 33.9978], [132.3349, 33.998], [132.3352, 33.998], [132.3354, 33.9975], [132.3352, 33.998], [132.3361, 33.9986], [132.3365, 33.9987], [132.3366, 33.9989], [132.3361, 33.9992], [132.3358, 33.9992], [132.3351, 33.9984], [132.3348, 33.9988], [132.3343, 33.9988], [132.3336, 33.9992], [132.3334, 33.9994], [132.3336, 33.9995], [132.3336, 34.0001], [132.3331, 34.0003], [132.3324, 34.002], [132.3323, 34.0024], [132.3326, 34.0026], [132.3326, 34.0029], [132.3324, 34.0032], [132.3321, 34.003], [132.3318, 34.0033], [132.3315, 34.0033], [132.3314, 34.0035]]], [[[132.3259, 34.0212], [132.325, 34.022], [132.325, 34.0223], [132.3253, 34.0231], [132.3246, 34.0244], [132.3244, 34.0245], [132.3242, 34.0239], [132.3244, 34.0234], [132.324, 34.0224], [132.3248, 34.0217], [132.325, 34.0211], [132.3256, 34.0212], [132.3261, 34.021], [132.3264, 34.0208], [132.3268, 34.0209], [132.3266, 34.0212], [132.3259, 34.0212]]], [[[132.3529, 33.9894], [132.3526, 33.9896], [132.352, 33.9889], [132.3517, 33.9889], [132.3514, 33.9883], [132.3511, 33.9882], [132.3503, 33.9882], [132.35, 33.9886], [132.3497, 33.9885], [132.3494, 33.9881], [132.3497, 33.9872], [132.3494, 33.9867], [132.3495, 33.9864], [132.3505, 33.9861], [132.3511, 33.9867], [132.3517, 33.987], [132.3538, 33.9875], [132.3543, 33.9887], [132.3541, 33.9889], [132.3538, 33.9888], [132.3533, 33.9896], [132.3529, 33.9894]]]]}, "properties": {"name": "山口県岩国市"}}, {"type": "Feature", "geometry": {"type": "MultiPolygon", "coordinates": [[[[131.8606, 33.9373], [131.9445, 33.931], [131.9497, 33.9478], [131.9499, 33.9506], [131.9508, 33.9529], [131.9512, 33.9529], [131.9504, 33.9499], [131.9508, 33.9483], [131.9519, 33.9482], [131.9509, 33.9484], [131.9506, 33.9493], [131.9512, 33.9492], [131.9512, 33.9489], [131.9512, 33.9492], [131.9519, 33.949], [131.952, 33.9491], [131.9524, 33.9491], [131.9522, 33.9487], [131.9518, 33.9486], [131.952, 33.9485], [131.9523, 33.9487], [131.9529, 33.9497], [131.956, 33.949], [131.9543, 33.9494], [131.9545, 33.9502], [131.9556, 33.95], [131.9558, 33.9498], [131.9556, 33.9495], [131.956, 33.9499], [131.9565, 33.9499], [131.9586, 33.9488], [131.9609, 33.9469], [131.963, 33.9446], [131.9656, 33.9408], [131.9675, 33.9368], [131.9686, 33.9342], [131.9692, 33.9317], [131.9693, 33.9302], [131.9687, 33.9289], [131.9668, 33.9288], [131.9666, 33.9289], [131.9667, 33.9288], [131.9657, 33.9279], [131.9651, 33.9281], [131.9647, 33.928], [131.9646, 33.9283], [131.9665, 33.9295], [131.9642, 33.9281], [131.9627, 33.9297], [131.9622, 33.9297], [131.9627, 33.9297], [131.9636, 33.9285], [131.9642, 33.9281], [131.9634, 33.9284], [131.9634, 33.9283], [131.9631, 33.9281], [131.9631, 33.928], [131.9629, 33.928], [131.9631, 33.9279], [131.9628, 33.9278], [131.963, 33.9278], [131.9627, 33.9275], [131.9629, 33.9274], [131.9629, 33.9271], [131.9627, 33.9267], [131.9633, 33.9263], [131.9631, 33.926], [131.9635, 33.9255], [131.9632, 33.925], [131.9634, 33.9249], [131.9632, 33.9248], [131.9634, 33.9246], [131.9632, 33.9244], [131.9633, 33.9242], [131.9632, 33.924], [131.9638, 33.9234], [131.9637, 33.9231], [131.9631, 33.9227], [131.963, 33.9219], [131.9632, 33.9216], [131.9629, 33.9213], [131.9629, 33.9212], [131.9624, 33.921], [131.9624, 33.9208], [131.9625, 33.9207], [131.9627, 33.9208], [131.9629, 33.9207], [131.9631, 33.9208], [131.9638, 33.9205], [131.9639, 33.9201], [131.9641, 33.9201], [131.964, 33.92], [131.9645, 33.9198], [131.965, 33.9193], [131.9651, 33.9187], [131.9656, 33.9185], [131.9662, 33.9185], [131.9687, 33.9174], [131.97, 33.9173], [131.9704, 33.9169], [131.9712, 33.9171], [131.9723, 33.9169], [131.9731, 33.917], [131.9733, 33.9175], [131.9736, 33.9176], [131.9748, 33.9176], [131.9753, 33.9173], [131.9757, 33.9174], [131.9758, 33.9177], [131.9755, 33.9179], [131.9754, 33.9185], [131.9758, 33.9192], [131.9764, 33.9196], [131.9764, 33.9197], [131.9765, 33.9197], [131.9765, 33.9199], [131.9768, 33.9201], [131.9766, 33.9204], [131.9772, 33.9212], [131.9772, 33.9218], [131.9769, 33.9221], [131.9758, 33.9219], [131.9757, 33.9211], [131.9762, 33.9208], [131.9762, 33.9206], [131.9754, 33.9193], [131.9747, 33.9192], [131.9742, 33.9194], [131.9738, 33.9194], [131.9733, 33.92], [131.9731, 33.9194], [131.9725, 33.9192], [131.9708, 33.9202], [131.9703, 33.9208], [131.9707, 33.921], [131.9704, 33.9213], [131.97, 33.9211], [131.9699, 33.9212], [131.9694, 33.922], [131.9691, 33.9223], [131.9688, 33.9224], [131.9695, 33.9224], [131.9695, 33.9228], [131.9707, 33.9228], [131.9698, 33.9229], [131.9701, 33.9231], [131.9698, 33.9231], [131.9701, 33.9238], [131.9729, 33.9272], [131.9733, 33.9268], [131.9738, 33.9268], [131.9733, 33.9268], [131.9729, 33.9272], [131.9734, 33.9277], [131.9736, 33.9275], [131.9739, 33.9277], [131.9742, 33.9273], [131.9743, 33.9273], [131.9741, 33.9276], [131.9749, 33.9281], [131.9747, 33.9286], [131.976, 33.9291], [131.9762, 33.9291], [131.9765, 33.9286], [131.9763, 33.9281], [131.975, 33.9277], [131.975, 33.9275], [131.9764, 33.928], [131.9766, 33.9284], [131.9765, 33.9286], [131.9774, 33.9289], [131.9777, 33.9285], [131.9773, 33.9293], [131.9776, 33.9297], [131.9791, 33.9299], [131.9807, 33.9297], [131.9825, 33.9292], [131.9835, 33.9275], [131.9844, 33.9268], [131.9856, 33.9263], [131.9857, 33.9265], [131.9856, 33.9264], [131.9868, 33.9261], [131.9874, 33.9258], [131.9876, 33.9253], [131.9885, 33.925], [131.9887, 33.9246], [131.9889, 33.9246], [131.9896, 33.9238], [131.9911, 33.9231], [131.9921, 33.9219], [131.9933, 33.9212], [131.9932, 33.921], [131.994, 33.9208], [131.995, 33.9196], [131.9949, 33.9194], [131.9969, 33.9187], [131.9969, 33.9182], [131.9973, 33.9181], [131.9979, 33.9173], [131.9982, 33.9164], [131.9984, 33.9165], [131.9987, 33.9161], [131.9986, 33.9159], [131.9989, 33.9159], [131.9991, 33.9158], [131.9989, 33.9155], [131.9992, 33.9152], [131.9997, 33.9155], [132, 33.9153], [132.0003, 33.9154], [132.001, 33.9152], [132.0027, 33.9156], [132.0043, 33.9147], [132.0044, 33.9144], [132.0047, 33.9144], [132.0059, 33.9132], [132.0063, 33.9128], [132.0065, 33.912], [132.007, 33.9116], [132.0071, 33.9113], [132.0066, 33.9112], [132.0066, 33.9108], [132.0072, 33.9111], [132.0074, 33.9111], [132.0078, 33.9105], [132.0078, 33.9107], [132.0081, 33.9104], [132.0083, 33.9105], [132.0088, 33.9102], [132.0086, 33.9101], [132.0088, 33.91], [132.0096, 33.9097], [132.0097, 33.9095], [132.0097, 33.9097], [132.0107, 33.9095], [132.0114, 33.909], [132.0115, 33.9092], [132.0123, 33.909], [132.014, 33.9082], [132.0144, 33.9079], [132.0156, 33.9075], [132.0161, 33.9072], [132.0172, 33.9071], [132.0178, 33.9067], [132.018, 33.907], [132.0184, 33.9068], [132.0185, 33.9069], [132.0188, 33.9068], [132.0189, 33.907], [132.0196, 33.9064], [132.0195, 33.9059], [132.0197, 33.9062], [132.0201, 33.906], [132.0225, 33.9039], [132.0228, 33.9034], [132.0227, 33.9031], [132.0235, 33.9027], [132.0236, 33.9024], [132.024, 33.9021], [132.0242, 33.9023], [132.025, 33.9024], [132.0258, 33.903], [132.0256, 33.9042], [132.0253, 33.9045], [132.0254, 33.9055], [132.0251, 33.9059], [132.0251, 33.9062], [132.0256, 33.9072], [132.0255, 33.9078], [132.0258, 33.9087], [132.0266, 33.9099], [132.0273, 33.9104], [132.0273, 33.9129], [132.0246, 33.9131], [132.024, 33.9137], [132.024, 33.9142], [132.0237, 33.9143], [132.0231, 33.914], [132.0223, 33.914], [132.0217, 33.9134], [132.0211, 33.9134], [132.02, 33.9141], [132.0179, 33.9143], [132.0158, 33.9148], [132.0157, 33.9155], [132.0149, 33.916], [132.0151, 33.9165], [132.0147, 33.9171], [132.0147, 33.918], [132.0141, 33.9183], [132.0135, 33.9183], [132.0135, 33.9192], [132.0138, 33.9199], [132.0128, 33.9202], [132.012, 33.9207], [132.0117, 33.9212], [132.0119, 33.9218], [132.0109, 33.9221], [132.0103, 33.9225], [132.0099, 33.9232], [132.0091, 33.9232], [132.0068, 33.9245], [132.0052, 33.9251], [132.004, 33.9251], [132.0031, 33.9258], [132.0026, 33.926], [132.0025, 33.9265], [132.0027, 33.9268], [132.0025, 33.9273], [132.0031, 33.9278], [132.0031, 33.9288], [132.0029, 33.9293], [132.0023, 33.9296], [132.0018, 33.9305], [132.0006, 33.9308], [131.9999, 33.9312], [131.9996, 33.9319], [131.999, 33.9319], [131.9983, 33.933], [131.9978, 33.933], [131.9969, 33.9325], [131.9961, 33.9326], [131.9955, 33.9319], [131.9947, 33.932], [131.9944, 33.9322], [131.9933, 33.9342], [131.9924, 33.9346], [131.9926, 33.9352], [131.9913, 33.936], [131.9908, 33.9366], [131.9903, 33.9367], [131.9893, 33.9379], [131.9883, 33.9383], [131.9878, 33.9386], [131.987, 33.9385], [131.9863, 33.9389], [131.9857, 33.9397], [131.9851, 33.9395], [131.9841, 33.9403], [131.9841, 33.941], [131.9847, 33.9419], [131.9846, 33.9422], [131.9835, 33.9424], [131.983, 33.943], [131.9825, 33.9432], [131.9824, 33.944], [131.983, 33.9442], [131.9831, 33.9446], [131.9831, 33.946], [131.9825, 33.9466], [131.9808, 33.9473], [131.9807, 33.9482], [131.9804, 33.9485], [131.9803, 33.9489], [131.9798, 33.9499], [131.9798, 33.9512], [131.9813, 33.9521], [131.9807, 33.953], [131.9819, 33.9534], [131.9832, 33.9556], [131.984, 33.9559], [131.9843, 33.9562], [131.9843, 33.9564], [131.9838, 33.9567], [131.9841, 33.9577], [131.9829, 33.9578], [131.9849, 33.9587], [131.9864, 33.9585], [131.9876, 33.9586], [131.9886, 33.9584], [131.9894, 33.959], [131.9907, 33.9589], [131.9915, 33.9594], [131.9933, 33.9595], [131.9941, 33.9598], [131.9943, 33.9606], [131.9941, 33.9617], [131.995, 33.9626], [131.9958, 33.9628], [131.9962, 33.9635], [131.9971, 33.9638], [131.9977, 33.9644], [131.9978, 33.9651], [131.9973, 33.9663], [131.9969, 33.9667], [131.9968, 33.9674], [131.9969, 33.9682], [131.9976, 33.9688], [131.9981, 33.9696], [131.9991, 33.9696], [132.0001, 33.9707], [132.0004, 33.9709], [132.0039, 33.9711], [132.0045, 33.9713], [132.0046, 33.9714], [132.0062, 33.9724], [132.0072, 33.974], [132.0081, 33.9747], [132.0085, 33.9742], [132.0082, 33.9739], [132.0076, 33.9742], [132.0077, 33.9734], [132.0072, 33.9732], [132.0063, 33.9723], [132.0066, 33.9719], [132.0066, 33.9712], [132.0076, 33.9711], [132.008, 33.9719], [132.0082, 33.9728], [132.0092, 33.9742], [132.0099, 33.9735], [132.0101, 33.9736], [132.0115, 33.9727], [132.0116, 33.9733], [132.0121, 33.9738], [132.0122, 33.9743], [132.0115, 33.9747], [132.0114, 33.9757], [132.0127, 33.9769], [132.0127, 33.9771], [132.0118, 33.9769], [132.0115, 33.9767], [132.0113, 33.9762], [132.0107, 33.9767], [132.01, 33.9766], [132.009, 33.9768], [132.0086, 33.9777], [132.0082, 33.9778], [132.0086, 33.9782], [132.0091, 33.9783], [132.0087, 33.9788], [132.0114, 33.9792], [132.0115, 33.9798], [132.0121, 33.9812], [132.012, 33.9824], [132.0128, 33.9833], [132.0133, 33.9834], [132.014, 33.9829], [132.0152, 33.9833], [132.0148, 33.984], [132.015, 33.9844], [132.0165, 33.9856], [132.0177, 33.9855], [132.0193, 33.9875], [132.0205, 33.9873], [132.0223, 33.9879], [132.0235, 33.9874], [132.0244, 33.9873], [132.0259, 33.9858], [132.0273, 33.9852], [132.0279, 33.9844], [132.0292, 33.9844], [132.029, 33.9851], [132.0286, 33.9858], [132.0288, 33.9859], [132.0296, 33.9854], [132.0305, 33.9852], [132.032, 33.9853], [132.0328, 33.9847], [132.0349, 33.9844], [132.0359, 33.984], [132.037, 33.9844], [132.0377, 33.9837], [132.0385, 33.9838], [132.04, 33.9837], [132.0416, 33.9842], [132.0428, 33.9842], [132.0429, 33.9851], [132.0439, 33.9859], [132.0451, 33.9853], [132.0453, 33.9848], [132.0456, 33.9846], [132.0464, 33.9846], [132.0473, 33.9849], [132.0492, 33.9852], [132.0504, 33.985], [132.0511, 33.9851], [132.0514, 33.9853], [132.0507, 33.9858], [132.0507, 33.9866], [132.051, 33.9874], [132.0527, 33.988], [132.0534, 33.9878], [132.0541, 33.9887], [132.0555, 33.9898], [132.0565, 33.9897], [132.0582, 33.9901], [132.0591, 33.9899], [132.0604, 33.9907], [132.062, 33.9911], [132.0624, 33.991], [132.0629, 33.9899], [132.063, 33.9901], [132.0641, 33.9903], [132.0636, 33.9911], [132.0636, 33.9924], [132.0628, 33.9939], [132.0635, 33.995], [132.064, 33.995], [132.0643, 33.9953], [132.0639, 33.9963], [132.064, 33.9968], [132.0624, 33.9971], [132.062, 33.9966], [132.0615, 33.9967], [132.0614, 33.9981], [132.0612, 33.9983], [132.0605, 33.9985], [132.0597, 33.9982], [132.0593, 33.9986], [132.0589, 33.9993], [132.0577, 33.9994], [132.0562, 33.9993], [132.0557, 34], [132.0548, 34.0001], [132.0546, 34.0003], [132.0543, 34.0016], [132.0544, 34.0023], [132.0532, 34.003], [132.0537, 34.005], [132.0535, 34.006], [132.0547, 34.0071], [132.0563, 34.0069], [132.0566, 34.0076], [132.0581, 34.0084], [132.0583, 34.0087], [132.0578, 34.0086], [132.0576, 34.0088], [132.0577, 34.0092], [132.0581, 34.01], [132.0579, 34.0105], [132.0579, 34.0111], [132.0576, 34.0115], [132.0573, 34.0116], [132.0571, 34.0115], [132.0567, 34.0103], [132.0562, 34.0096], [132.0556, 34.0094], [132.055, 34.0096], [132.0539, 34.0107], [132.0539, 34.0116], [132.0537, 34.012], [132.0529, 34.0122], [132.0513, 34.0133], [132.0509, 34.0134], [132.0498, 34.0133], [132.0486, 34.0129], [132.0477, 34.0133], [132.0467, 34.0128], [132.0466, 34.0132], [132.046, 34.0138], [132.0445, 34.0136], [132.0428, 34.0137], [132.0419, 34.0135], [132.0409, 34.0118], [132.0407, 34.0117], [132.0375, 34.0109], [132.0369, 34.0111], [132.0363, 34.0121], [132.0356, 34.0122], [132.0343, 34.012], [132.0335, 34.0123], [132.0324, 34.0136], [132.0319, 34.0139], [132.0306, 34.0139], [132.03, 34.0132], [132.0287, 34.0142], [132.027, 34.0144], [132.0269, 34.0145], [132.027, 34.0156], [132.0264, 34.0165], [132.0269, 34.0169], [132.0269, 34.0172], [132.0265, 34.0181], [132.0258, 34.0182], [132.0257, 34.0184], [132.0258, 34.0204], [132.0252, 34.0208], [132.0248, 34.0224], [132.0241, 34.0239], [132.0226, 34.0237], [132.0222, 34.0238], [132.0224, 34.0252], [132.0218, 34.0263], [132.021, 34.0263], [132.0203, 34.0266], [132.0176, 34.026], [132.0163, 34.026], [132.0159, 34.0264], [132.0142, 34.0268], [132.0118, 34.0268], [132.0097, 34.0281], [132.009, 34.028], [132.0082, 34.0283], [132.0056, 34.0274], [132.0052, 34.0278], [132.0045, 34.0274], [132.0035, 34.0282], [132.0022, 34.0278], [132.001, 34.0282], [132.0002, 34.0277], [131.9994, 34.0279], [131.9974, 34.0276], [131.9968, 34.0278], [131.9964, 34.0283], [131.9961, 34.0286], [131.9948, 34.0284], [131.9937, 34.028], [131.993, 34.0283], [131.9929, 34.0292], [131.9922, 34.0291], [131.992, 34.0289], [131.9911, 34.0291], [131.9909, 34.0287], [131.9911, 34.0282], [131.9904, 34.0275], [131.9905, 34.0267], [131.9895, 34.0258], [131.9893, 34.0257], [131.9889, 34.0258], [131.9885, 34.0252], [131.9872, 34.0248], [131.9861, 34.0249], [131.9856, 34.0246], [131.9848, 34.0248], [131.9827, 34.0245], [131.9821, 34.0249], [131.9819, 34.0253], [131.981, 34.0257], [131.979, 34.0259], [131.9805, 34.0271], [131.9742, 34.0301], [131.9732, 34.0308], [131.9726, 34.0307], [131.9725, 34.031], [131.9725, 34.0312], [131.9722, 34.0312], [131.9719, 34.0319], [131.9715, 34.0321], [131.9709, 34.032], [131.9704, 34.0316], [131.9701, 34.0317], [131.9692, 34.0314], [131.9675, 34.0321], [131.967, 34.0329], [131.9664, 34.0332], [131.9652, 34.0329], [131.9646, 34.0322], [131.9641, 34.0323], [131.9634, 34.0318], [131.9628, 34.031], [131.9625, 34.0307], [131.9622, 34.0308], [131.9617, 34.0302], [131.962, 34.0287], [131.9619, 34.0285], [131.9623, 34.0284], [131.9622, 34.0283], [131.9614, 34.0286], [131.9614, 34.0277], [131.9608, 34.0271], [131.9615, 34.0272], [131.9613, 34.0269], [131.9616, 34.0268], [131.961, 34.0265], [131.962, 34.026], [131.9631, 34.0252], [131.9639, 34.0253], [131.9636, 34.024], [131.9638, 34.0235], [131.9643, 34.0234], [131.9641, 34.0229], [131.9657, 34.0227], [131.9657, 34.0226], [131.9655, 34.0223], [131.9652, 34.0224], [131.9651, 34.0222], [131.9648, 34.0221], [131.9651, 34.0218], [131.9648, 34.0214], [131.9635, 34.0203], [131.9626, 34.02], [131.962, 34.0193], [131.9613, 34.0181], [131.9609, 34.0172], [131.9609, 34.0154], [131.9603, 34.0154], [131.9595, 34.015], [131.9591, 34.015], [131.9586, 34.0145], [131.9586, 34.0142], [131.9571, 34.0144], [131.9568, 34.0141], [131.9564, 34.0142], [131.9555, 34.014], [131.9547, 34.0133], [131.9531, 34.0127], [131.9528, 34.0124], [131.9511, 34.012], [131.9505, 34.0114], [131.9498, 34.0117], [131.9495, 34.0112], [131.9489, 34.0108], [131.9476, 34.0104], [131.9473, 34.0106], [131.9471, 34.0111], [131.9464, 34.0111], [131.9454, 34.0105], [131.945, 34.0099], [131.9446, 34.0101], [131.9431, 34.0099], [131.9425, 34.0102], [131.9418, 34.0099], [131.9416, 34.0093], [131.9409, 34.0086], [131.9398, 34.0083], [131.9391, 34.0082], [131.9386, 34.0085], [131.9379, 34.0079], [131.9369, 34.0078], [131.9359, 34.0087], [131.9343, 34.0087], [131.9346, 34.0081], [131.9347, 34.0072], [131.934, 34.0066], [131.9336, 34.0059], [131.9328, 34.0054], [131.9314, 34.0049], [131.931, 34.0045], [131.9304, 34.0043], [131.9286, 34.0032], [131.9279, 34.0024], [131.926, 34.0018], [131.9256, 34.0011], [131.9249, 34.0007], [131.9245, 34], [131.9235, 33.9996], [131.9228, 33.9988], [131.9219, 33.9988], [131.9209, 33.9993], [131.9205, 33.9982], [131.919, 33.9977], [131.9177, 33.9982], [131.9168, 33.9979], [131.9161, 33.9971], [131.9152, 33.9972], [131.9136, 33.9965], [131.9123, 33.9963], [131.9115, 33.9968], [131.9104, 33.9968], [131.9098, 33.9971], [131.9092, 33.9971], [131.9086, 33.9969], [131.9082, 33.9964], [131.908, 33.9951], [131.9077, 33.9949], [131.9076, 33.9939], [131.907, 33.9935], [131.9064, 33.9936], [131.906, 33.993], [131.9052, 33.9927], [131.9047, 33.9928], [131.9046, 33.9925], [131.9047, 33.9919], [131.9043, 33.9912], [131.9038, 33.9911], [131.9035, 33.9913], [131.9026, 33.991], [131.9018, 33.9914], [131.9011, 33.9912], [131.9, 33.9913], [131.8992, 33.9911], [131.8991, 33.9905], [131.8984, 33.9899], [131.8983, 33.9894], [131.8987, 33.989], [131.8994, 33.9869], [131.8991, 33.9858], [131.8996, 33.9853], [131.8944, 33.981], [131.8917, 33.9784], [131.8606, 33.9373]]], [[[131.985, 33.8733], [131.9857, 33.874], [131.9856, 33.8744], [131.9839, 33.8731], [131.9838, 33.8726], [131.984, 33.8727], [131.9842, 33.8724], [131.984, 33.872], [131.9843, 33.8719], [131.9846, 33.872], [131.985, 33.8733]]], [[[132.0171, 33.8713], [132.0172, 33.8715], [132.0154, 33.8706], [132.0149, 33.8705], [132.015, 33.8704], [132.0148, 33.8703], [132.0149, 33.8702], [132.0148, 33.8701], [132.0149, 33.87], [132.0148, 33.8697], [132.0143, 33.8692], [132.0137, 33.869], [132.0137, 33.8687], [132.0145, 33.8685], [132.0144, 33.8683], [132.0145, 33.8682], [132.0143, 33.8681], [132.0147, 33.8679], [132.0146, 33.8678], [132.0148, 33.8676], [132.0146, 33.8675], [132.0148, 33.8675], [132.0147, 33.8673], [132.0152, 33.8672], [132.015, 33.867], [132.0153, 33.8669], [132.0153, 33.8661], [132.0151, 33.8659], [132.0147, 33.8658], [132.0149, 33.8656], [132.0146, 33.8654], [132.0149, 33.8651], [132.0151, 33.8652], [132.0153, 33.8649], [132.0164, 33.8648], [132.0167, 33.8643], [132.0166, 33.8641], [132.017, 33.8638], [132.0168, 33.8625], [132.0153, 33.8622], [132.0152, 33.8618], [132.0145, 33.8617], [132.0146, 33.8616], [132.0144, 33.8615], [132.0157, 33.8609], [132.0164, 33.8608], [132.0166, 33.8601], [132.0161, 33.8595], [132.0156, 33.8594], [132.015, 33.8595], [132.0141, 33.859], [132.0135, 33.8591], [132.013, 33.8589], [132.0129, 33.8585], [132.0125, 33.8583], [132.0113, 33.8586], [132.0114, 33.859], [132.0112, 33.8591], [132.0106, 33.8588], [132.0103, 33.8589], [132.0106, 33.8587], [132.01, 33.8586], [132.0099, 33.8589], [132.0102, 33.8589], [132.0101, 33.8589], [132.0098, 33.8595], [132.0099, 33.8592], [132.0094, 33.859], [132.0097, 33.859], [132.0097, 33.8588], [132.0095, 33.8587], [132.0094, 33.8589], [132.009, 33.8587], [132.0083, 33.8587], [132.0069, 33.8592], [132.0071, 33.859], [132.0066, 33.8592], [132.0071, 33.8593], [132.0072, 33.8598], [132.0068, 33.8594], [132.0066, 33.8595], [132.0063, 33.8601], [132.0065, 33.8609], [132.0069, 33.8608], [132.0073, 33.8601], [132.0076, 33.8601], [132.0069, 33.8608], [132.0064, 33.861], [132.006, 33.8615], [132.0061, 33.8616], [132.0056, 33.8615], [132.005, 33.8617], [132.0048, 33.8615], [132.0044, 33.8614], [132.004, 33.861], [132.0035, 33.861], [132.0034, 33.8608], [132.0025, 33.8607], [132.0017, 33.8607], [132.0013, 33.8611], [132.0003, 33.8613], [131.9998, 33.861], [131.9997, 33.861], [131.9986, 33.8607], [131.9975, 33.8608], [131.9975, 33.8603], [131.9972, 33.8596], [131.9973, 33.8594], [131.9971, 33.859], [131.9978, 33.8582], [131.9976, 33.8574], [131.9987, 33.857], [131.9999, 33.8569], [132.0006, 33.8563], [132.002, 33.8564], [132.0021, 33.8562], [132.0025, 33.8562], [132.0028, 33.856], [132.004, 33.8557], [132.0053, 33.8548], [132.0059, 33.8537], [132.0059, 33.8535], [132.0057, 33.8534], [132.0057, 33.8532], [132.0062, 33.8531], [132.0062, 33.8529], [132.0066, 33.853], [132.0066, 33.8528], [132.0087, 33.8533], [132.0096, 33.8531], [132.0098, 33.8536], [132.0107, 33.8537], [132.0116, 33.8536], [132.0121, 33.8534], [132.0122, 33.8532], [132.0131, 33.8531], [132.0138, 33.8534], [132.0138, 33.8536], [132.0143, 33.854], [132.0148, 33.854], [132.0169, 33.8536], [132.0174, 33.8532], [132.0181, 33.8522], [132.0186, 33.8521], [132.0184, 33.852], [132.0186, 33.8519], [132.0189, 33.8521], [132.0188, 33.8523], [132.02, 33.8526], [132.021, 33.8531], [132.0219, 33.853], [132.0225, 33.8527], [132.0229, 33.8523], [132.0226, 33.8521], [132.0229, 33.8519], [132.0231, 33.852], [132.0234, 33.8519], [132.0236, 33.8519], [132.0239, 33.8526], [132.0242, 33.8527], [132.0244, 33.8531], [132.0246, 33.8532], [132.0242, 33.8535], [132.0233, 33.8538], [132.0226, 33.8545], [132.0221, 33.8568], [132.0212, 33.8581], [132.0209, 33.8591], [132.021, 33.8599], [132.0213, 33.86], [132.0228, 33.8619], [132.0231, 33.862], [132.0218, 33.8619], [132.0209, 33.8623], [132.0202, 33.8629], [132.0201, 33.8633], [132.0201, 33.8636], [132.0204, 33.8639], [132.0198, 33.8639], [132.0194, 33.8641], [132.0185, 33.8648], [132.0178, 33.8656], [132.0176, 33.8662], [132.0176, 33.8668], [132.0179, 33.8674], [132.0186, 33.8679], [132.0186, 33.8686], [132.0182, 33.8693], [132.0173, 33.8701], [132.0171, 33.8706], [132.0175, 33.871], [132.0171, 33.8713]]], [[[131.9839, 33.871], [131.9839, 33.8712], [131.9837, 33.871], [131.9836, 33.8711], [131.9835, 33.8707], [131.9834, 33.8708], [131.983, 33.8705], [131.9828, 33.8705], [131.982, 33.8702], [131.9816, 33.8694], [131.9801, 33.8683], [131.9808, 33.8684], [131.9806, 33.8681], [131.9811, 33.8686], [131.9821, 33.869], [131.983, 33.869], [131.9833, 33.8689], [131.9832, 33.8687], [131.9842, 33.8692], [131.9847, 33.8691], [131.9846, 33.8689], [131.985, 33.8691], [131.985, 33.869], [131.9855, 33.8693], [131.9855, 33.8692], [131.9856, 33.8693], [131.9858, 33.8697], [131.9855, 33.8696], [131.9853, 33.8697], [131.9845, 33.8705], [131.9845, 33.8709], [131.9837, 33.8707], [131.9839, 33.871]]]]}, "properties": {"name": "山口県光市"}}, {"type": "Feature", "geometry": {"type": "MultiPolygon", "coordinates": [[[[131.1723, 34.2641], [131.1733, 34.2644], [131.1744, 34.2655], [131.1752, 34.2656], [131.176, 34.2663], [131.176, 34.2674], [131.1769, 34.268], [131.1774, 34.2688], [131.1771, 34.27], [131.1785, 34.2705], [131.1791, 34.2713], [131.1796, 34.2733], [131.1796, 34.2753], [131.1808, 34.2771], [131.1811, 34.2774], [131.1823, 34.2779], [131.182, 34.2796], [131.1823, 34.2811], [131.1832, 34.2813], [131.184, 34.2818], [131.1851, 34.2821], [131.1855, 34.2828], [131.1863, 34.2828], [131.1879, 34.2833], [131.1896, 34.2833], [131.1904, 34.2828], [131.1911, 34.2832], [131.1926, 34.2835], [131.1936, 34.2847], [131.195, 34.2847], [131.1963, 34.2842], [131.1977, 34.285], [131.1982, 34.2848], [131.1991, 34.2851], [131.1998, 34.2856], [131.2006, 34.2856], [131.2013, 34.2858], [131.2022, 34.2854], [131.2032, 34.2856], [131.2043, 34.2854], [131.2058, 34.2847], [131.2064, 34.2838], [131.2069, 34.2835], [131.2078, 34.2827], [131.208, 34.2816], [131.2098, 34.2806], [131.2107, 34.2809], [131.2124, 34.2828], [131.2143, 34.2835], [131.2167, 34.2836], [131.2172, 34.2831], [131.2174, 34.2825], [131.2174, 34.2822], [131.2183, 34.2813], [131.2192, 34.2822], [131.2204, 34.2827], [131.2205, 34.2829], [131.2204, 34.2834], [131.2206, 34.2836], [131.222, 34.2842], [131.2221, 34.2848], [131.2229, 34.2847], [131.2251, 34.2854], [131.2266, 34.2854], [131.2267, 34.2857], [131.2271, 34.2862], [131.2273, 34.2874], [131.2284, 34.2884], [131.2286, 34.2889], [131.2293, 34.2893], [131.2301, 34.2895], [131.2311, 34.2907], [131.2317, 34.2917], [131.2323, 34.2935], [131.2324, 34.2942], [131.2323, 34.2945], [131.2346, 34.2943], [131.2346, 34.2949], [131.2363, 34.2961], [131.2378, 34.2967], [131.2391, 34.2973], [131.2399, 34.2979], [131.2402, 34.2989], [131.2405, 34.2993], [131.2422, 34.3003], [131.2433, 34.3003], [131.2436, 34.3005], [131.2435, 34.3014], [131.2441, 34.3021], [131.2443, 34.3032], [131.2449, 34.3034], [131.2445, 34.3053], [131.2446, 34.3059], [131.2452, 34.3065], [131.2454, 34.3071], [131.2453, 34.3076], [131.2445, 34.3081], [131.2449, 34.3087], [131.2457, 34.309], [131.246, 34.3098], [131.2456, 34.3103], [131.2465, 34.3114], [131.2474, 34.3119], [131.2487, 34.3131], [131.2499, 34.3138], [131.2509, 34.3138], [131.2512, 34.3141], [131.2515, 34.3145], [131.2514, 34.3163], [131.2528, 34.3167], [131.2532, 34.3162], [131.2552, 34.3158], [131.2558, 34.3154], [131.2565, 34.3154], [131.2569, 34.3155], [131.2573, 34.3164], [131.258, 34.3168], [131.2588, 34.318], [131.2584, 34.3199], [131.2594, 34.3209], [131.2599, 34.3217], [131.2616, 34.3226], [131.2619, 34.323], [131.2626, 34.3235], [131.2629, 34.324], [131.2634, 34.3252], [131.2622, 34.3258], [131.2621, 34.3261], [131.2625, 34.3265], [131.2638, 34.3269], [131.2647, 34.3275], [131.2648, 34.3279], [131.265, 34.328], [131.2664, 34.3275], [131.2674, 34.3265], [131.268, 34.3265], [131.2698, 34.3281], [131.2711, 34.3284], [131.2715, 34.3294], [131.2718, 34.3296], [131.273, 34.3303], [131.2739, 34.3303], [131.2749, 34.3309], [131.2757, 34.3321], [131.2753, 34.3324], [131.2753, 34.3337], [131.2762, 34.3343], [131.2774, 34.3353], [131.2789, 34.3357], [131.2801, 34.3363], [131.2815, 34.3362], [131.283, 34.3367], [131.2839, 34.3366], [131.2861, 34.3348], [131.287, 34.3347], [131.2872, 34.3345], [131.2873, 34.3332], [131.288, 34.3316], [131.289, 34.3314], [131.2897, 34.3305], [131.2932, 34.3286], [131.2935, 34.3283], [131.2934, 34.3276], [131.2948, 34.3262], [131.2949, 34.3256], [131.2956, 34.3243], [131.296, 34.3239], [131.2959, 34.3218], [131.2965, 34.3212], [131.297, 34.3197], [131.2981, 34.3186], [131.2985, 34.3175], [131.2991, 34.3167], [131.2998, 34.3165], [131.3004, 34.3159], [131.3007, 34.3151], [131.3026, 34.3131], [131.3029, 34.312], [131.3039, 34.3119], [131.3048, 34.3114], [131.3054, 34.3109], [131.3057, 34.3104], [131.3069, 34.3107], [131.3082, 34.3119], [131.3094, 34.3121], [131.31, 34.3129], [131.3107, 34.3133], [131.3116, 34.3136], [131.3124, 34.3159], [131.3119, 34.3163], [131.312, 34.3168], [131.3118, 34.3173], [131.3117, 34.3183], [131.3122, 34.3188], [131.3135, 34.3192], [131.3144, 34.319], [131.3153, 34.3193], [131.3151, 34.3212], [131.3155, 34.3218], [131.3153, 34.322], [131.3156, 34.3225], [131.3154, 34.3231], [131.3162, 34.3232], [131.3165, 34.3235], [131.3176, 34.3234], [131.318, 34.3231], [131.3201, 34.3226], [131.3213, 34.3225], [131.3219, 34.3227], [131.3225, 34.3224], [131.3235, 34.3232], [131.3252, 34.3235], [131.3256, 34.3239], [131.3264, 34.3241], [131.3273, 34.3246], [131.3278, 34.3243], [131.3285, 34.3242], [131.3289, 34.3238], [131.3296, 34.3223], [131.3303, 34.3215], [131.3324, 34.321], [131.3328, 34.3203], [131.3332, 34.3206], [131.3343, 34.3209], [131.3347, 34.3212], [131.3361, 34.3207], [131.3361, 34.3205], [131.3372, 34.3197], [131.3396, 34.319], [131.3418, 34.3184], [131.3428, 34.3208], [131.3422, 34.3215], [131.3427, 34.3224], [131.3427, 34.3229], [131.3426, 34.3236], [131.3423, 34.3242], [131.3426, 34.3247], [131.343, 34.3249], [131.343, 34.3253], [131.3433, 34.3256], [131.3432, 34.3262], [131.3437, 34.3268], [131.3439, 34.3273], [131.3437, 34.3279], [131.344, 34.3282], [131.3438, 34.329], [131.3439, 34.3304], [131.3443, 34.3309], [131.3441, 34.3319], [131.3434, 34.3322], [131.3434, 34.3326], [131.3423, 34.3331], [131.3421, 34.3333], [131.3427, 34.3346], [131.3443, 34.3358], [131.3442, 34.3363], [131.3435, 34.3368], [131.3426, 34.3388], [131.3432, 34.3391], [131.3434, 34.3411], [131.3442, 34.3423], [131.3444, 34.3428], [131.345, 34.3429], [131.3455, 34.3432], [131.3453, 34.3452], [131.3461, 34.3463], [131.3456, 34.3463], [131.3454, 34.3465], [131.3459, 34.3474], [131.3459, 34.3486], [131.3446, 34.3494], [131.3449, 34.3499], [131.3449, 34.3509], [131.3455, 34.3512], [131.346, 34.3512], [131.3465, 34.3516], [131.3475, 34.3517], [131.3478, 34.3522], [131.3484, 34.3525], [131.3491, 34.3526], [131.3493, 34.353], [131.3487, 34.3535], [131.3471, 34.3539], [131.3467, 34.3547], [131.3457, 34.3552], [131.3455, 34.3557], [131.3448, 34.3555], [131.3447, 34.3561], [131.3443, 34.3565], [131.3439, 34.3568], [131.3435, 34.3577], [131.3437, 34.3588], [131.3434, 34.3593], [131.3428, 34.3596], [131.3415, 34.3597], [131.3407, 34.3592], [131.3398, 34.3592], [131.3394, 34.3588], [131.3385, 34.3591], [131.3382, 34.3588], [131.3381, 34.3583], [131.3368, 34.3583], [131.3358, 34.3579], [131.3356, 34.3589], [131.3352, 34.3594], [131.3338, 34.3594], [131.3328, 34.3587], [131.3325, 34.3586], [131.3324, 34.3595], [131.332, 34.3598], [131.331, 34.3596], [131.3306, 34.3598], [131.3303, 34.3604], [131.3298, 34.3605], [131.3294, 34.3604], [131.3285, 34.36], [131.3266, 34.3611], [131.3261, 34.3612], [131.3258, 34.3616], [131.3252, 34.3612], [131.3243, 34.3617], [131.3237, 34.3633], [131.3223, 34.3651], [131.3216, 34.3663], [131.321, 34.3666], [131.3204, 34.3673], [131.3202, 34.3682], [131.3204, 34.3692], [131.32, 34.3695], [131.3199, 34.3698], [131.3192, 34.37], [131.3182, 34.3702], [131.3173, 34.3702], [131.3165, 34.3698], [131.3161, 34.3696], [131.3159, 34.3688], [131.3149, 34.3682], [131.3146, 34.3676], [131.3137, 34.3672], [131.3127, 34.3672], [131.3118, 34.367], [131.3103, 34.3674], [131.3093, 34.3675], [131.3072, 34.3668], [131.3066, 34.3663], [131.3061, 34.3651], [131.3053, 34.3643], [131.3049, 34.3633], [131.3045, 34.3631], [131.3043, 34.3628], [131.304, 34.3625], [131.3035, 34.3627], [131.3026, 34.3633], [131.3014, 34.3636], [131.2994, 34.3646], [131.2971, 34.365], [131.2968, 34.3654], [131.2962, 34.3656], [131.2959, 34.3664], [131.2942, 34.3688], [131.2942, 34.3698], [131.2945, 34.3708], [131.2957, 34.3719], [131.2957, 34.3724], [131.2952, 34.3731], [131.2951, 34.3741], [131.2957, 34.3753], [131.2954, 34.3759], [131.2939, 34.3772], [131.2941, 34.3783], [131.2938, 34.3788], [131.2939, 34.3795], [131.2932, 34.3803], [131.2928, 34.3806], [131.293, 34.3804], [131.2928, 34.3803], [131.2921, 34.3802], [131.2917, 34.3804], [131.2918, 34.3807], [131.2916, 34.3805], [131.2908, 34.381], [131.2908, 34.3817], [131.2915, 34.3826], [131.2912, 34.3828], [131.2912, 34.3832], [131.2907, 34.383], [131.2906, 34.3832], [131.2911, 34.3844], [131.291, 34.3846], [131.2907, 34.3846], [131.2908, 34.385], [131.2902, 34.385], [131.2899, 34.3846], [131.2895, 34.3848], [131.2893, 34.3846], [131.289, 34.3849], [131.2883, 34.385], [131.288, 34.3846], [131.2874, 34.385], [131.2872, 34.3849], [131.2868, 34.3854], [131.2869, 34.3857], [131.2867, 34.386], [131.2868, 34.3862], [131.2864, 34.3865], [131.2867, 34.3869], [131.2866, 34.3872], [131.2865, 34.3869], [131.2861, 34.3868], [131.2861, 34.3865], [131.2854, 34.3865], [131.2858, 34.3863], [131.285, 34.3857], [131.2849, 34.3854], [131.2846, 34.3854], [131.2847, 34.3851], [131.2842, 34.3846], [131.2836, 34.3846], [131.283, 34.3851], [131.2823, 34.3844], [131.2824, 34.384], [131.2823, 34.3837], [131.2813, 34.3835], [131.2805, 34.3836], [131.2805, 34.384], [131.2801, 34.3843], [131.2803, 34.3848], [131.28, 34.3845], [131.2793, 34.3847], [131.2787, 34.385], [131.2785, 34.3854], [131.2792, 34.387], [131.2795, 34.3873], [131.2795, 34.3878], [131.2799, 34.3881], [131.2797, 34.3884], [131.2794, 34.3885], [131.2788, 34.3893], [131.2782, 34.3897], [131.2772, 34.3896], [131.2769, 34.3897], [131.2766, 34.3895], [131.2764, 34.3895], [131.2764, 34.3897], [131.2758, 34.3897], [131.2753, 34.3903], [131.2752, 34.39], [131.2747, 34.39], [131.2745, 34.3896], [131.2743, 34.3897], [131.2744, 34.39], [131.2742, 34.3898], [131.2734, 34.3896], [131.273, 34.3898], [131.2724, 34.3898], [131.2719, 34.3901], [131.2715, 34.39], [131.2714, 34.3901], [131.2713, 34.3899], [131.271, 34.3899], [131.2704, 34.3895], [131.2705, 34.3892], [131.2702, 34.3892], [131.27, 34.389], [131.2702, 34.3888], [131.2699, 34.3884], [131.2698, 34.3877], [131.2684, 34.3873], [131.2681, 34.3873], [131.268, 34.3874], [131.2679, 34.387], [131.2672, 34.3868], [131.267, 34.3869], [131.2665, 34.3865], [131.2662, 34.3867], [131.2661, 34.3866], [131.266, 34.3862], [131.2656, 34.386], [131.2655, 34.3859], [131.2656, 34.3856], [131.2653, 34.3855], [131.2649, 34.3855], [131.2642, 34.3862], [131.2637, 34.3855], [131.2637, 34.3852], [131.2635, 34.3848], [131.2631, 34.3845], [131.2626, 34.3846], [131.262, 34.3842], [131.2614, 34.3843], [131.2611, 34.3847], [131.2607, 34.3845], [131.2607, 34.3848], [131.2596, 34.3847], [131.2592, 34.3851], [131.259, 34.3855], [131.2587, 34.3854], [131.2581, 34.3858], [131.258, 34.3863], [131.2586, 34.3867], [131.2581, 34.3866], [131.2576, 34.387], [131.2576, 34.3872], [131.2579, 34.3875], [131.2577, 34.3876], [131.2577, 34.3879], [131.2574, 34.3878], [131.2574, 34.3882], [131.2571, 34.3881], [131.2569, 34.3885], [131.2569, 34.3887], [131.2572, 34.3889], [131.2567, 34.3889], [131.2564, 34.3892], [131.2566, 34.3898], [131.2565, 34.3898], [131.256, 34.3897], [131.2559, 34.3893], [131.2559, 34.3867], [131.2556, 34.3861], [131.256, 34.3858], [131.2559, 34.3856], [131.2559, 34.3849], [131.2559, 34.3856], [131.2561, 34.3858], [131.2565, 34.3856], [131.2565, 34.3848], [131.2567, 34.3847], [131.2565, 34.3844], [131.2562, 34.3846], [131.2565, 34.3844], [131.2558, 34.3836], [131.2554, 34.3838], [131.2525, 34.3829], [131.2494, 34.383], [131.2499, 34.3829], [131.252, 34.3829], [131.2519, 34.3818], [131.2497, 34.3817], [131.2497, 34.3821], [131.2491, 34.382], [131.2491, 34.3816], [131.2483, 34.3815], [131.2472, 34.382], [131.2475, 34.3827], [131.2483, 34.3827], [131.2476, 34.3829], [131.2476, 34.3836], [131.2489, 34.3833], [131.2493, 34.3835], [131.2489, 34.3834], [131.2465, 34.3839], [131.2458, 34.3834], [131.2446, 34.3833], [131.2439, 34.3836], [131.2439, 34.3839], [131.2438, 34.3837], [131.2431, 34.3839], [131.2425, 34.3843], [131.2425, 34.385], [131.2422, 34.3849], [131.2418, 34.3853], [131.2418, 34.386], [131.2413, 34.3861], [131.2413, 34.3868], [131.2402, 34.3869], [131.2386, 34.3876], [131.2384, 34.388], [131.2374, 34.3884], [131.2371, 34.3886], [131.2369, 34.3893], [131.2363, 34.3898], [131.2357, 34.391], [131.2348, 34.3911], [131.2338, 34.3909], [131.2328, 34.3898], [131.2313, 34.3888], [131.23, 34.3886], [131.2292, 34.3889], [131.228, 34.3896], [131.2278, 34.3899], [131.2278, 34.3903], [131.2271, 34.3912], [131.2274, 34.3917], [131.2277, 34.3918], [131.2268, 34.3921], [131.2261, 34.3928], [131.2254, 34.3933], [131.2252, 34.3931], [131.2252, 34.3926], [131.2247, 34.3921], [131.2244, 34.3907], [131.2241, 34.3904], [131.2234, 34.3903], [131.2233, 34.3899], [131.2241, 34.3891], [131.2239, 34.3884], [131.2242, 34.3877], [131.2241, 34.387], [131.2233, 34.3862], [131.2227, 34.386], [131.2215, 34.3862], [131.2211, 34.3857], [131.2226, 34.3853], [131.2224, 34.3839], [131.2228, 34.3834], [131.2235, 34.383], [131.2238, 34.3823], [131.2237, 34.381], [131.2241, 34.38], [131.2236, 34.3798], [131.2241, 34.38], [131.2245, 34.3795], [131.2247, 34.3797], [131.2251, 34.3794], [131.2248, 34.3787], [131.2243, 34.3788], [131.2244, 34.3792], [131.2237, 34.3789], [131.2234, 34.3791], [131.223, 34.3801], [131.2235, 34.3786], [131.2227, 34.378], [131.2236, 34.3758], [131.2251, 34.3746], [131.2275, 34.3739], [131.2273, 34.3733], [131.226, 34.3735], [131.2247, 34.3733], [131.224, 34.3739], [131.2208, 34.3752], [131.2199, 34.3748], [131.2191, 34.374], [131.2191, 34.3739], [131.2175, 34.3725], [131.2171, 34.372], [131.2171, 34.3711], [131.2168, 34.3711], [131.2168, 34.3715], [131.2165, 34.3715], [131.2165, 34.3711], [131.2163, 34.3711], [131.2163, 34.371], [131.2155, 34.3709], [131.2145, 34.371], [131.2139, 34.3714], [131.2138, 34.3712], [131.2121, 34.3716], [131.2118, 34.3716], [131.21, 34.3722], [131.2094, 34.3727], [131.209, 34.3726], [131.2076, 34.3728], [131.2067, 34.3734], [131.2073, 34.3743], [131.2072, 34.3743], [131.2066, 34.3735], [131.2061, 34.3737], [131.2059, 34.3735], [131.2061, 34.3738], [131.2051, 34.3749], [131.2047, 34.3745], [131.2051, 34.3749], [131.2053, 34.3758], [131.2056, 34.3757], [131.2063, 34.3765], [131.2059, 34.3772], [131.2062, 34.378], [131.2065, 34.3783], [131.2064, 34.3792], [131.2068, 34.379], [131.2079, 34.3792], [131.2083, 34.3789], [131.2079, 34.3783], [131.2077, 34.3781], [131.2071, 34.3779], [131.2077, 34.3781], [131.2079, 34.3782], [131.2082, 34.3786], [131.2091, 34.379], [131.209, 34.3803], [131.2079, 34.3822], [131.2039, 34.3854], [131.2025, 34.3871], [131.2051, 34.3881], [131.2039, 34.3877], [131.2032, 34.389], [131.2033, 34.3888], [131.2023, 34.3886], [131.2021, 34.3887], [131.2019, 34.3894], [131.2035, 34.3898], [131.204, 34.389], [131.2036, 34.3898], [131.2047, 34.39], [131.2051, 34.3895], [131.2048, 34.3901], [131.2047, 34.3915], [131.2047, 34.3906], [131.2033, 34.3903], [131.2033, 34.3921], [131.2048, 34.3925], [131.2033, 34.3922], [131.2031, 34.3903], [131.2021, 34.3901], [131.2012, 34.3931], [131.2013, 34.3932], [131.2006, 34.3928], [131.2006, 34.3926], [131.2001, 34.3925], [131.2002, 34.3934], [131.2019, 34.3937], [131.2019, 34.3939], [131.2023, 34.3938], [131.2024, 34.3932], [131.2046, 34.3935], [131.2043, 34.3963], [131.2041, 34.3965], [131.2043, 34.396], [131.2034, 34.3959], [131.2034, 34.3963], [131.2038, 34.3965], [131.2024, 34.3963], [131.2023, 34.3968], [131.2025, 34.3945], [131.2021, 34.3944], [131.2021, 34.394], [131.2019, 34.394], [131.2019, 34.3945], [131.2018, 34.3943], [131.2013, 34.3942], [131.2012, 34.3951], [131.2012, 34.3943], [131.2006, 34.3943], [131.2005, 34.3958], [131.2016, 34.396], [131.2015, 34.3969], [131.2016, 34.3969], [131.2013, 34.3969], [131.2009, 34.3974], [131.2005, 34.3976], [131.2009, 34.3974], [131.2012, 34.3968], [131.2013, 34.3964], [131.2004, 34.3963], [131.1997, 34.3975], [131.2003, 34.3976], [131.1996, 34.3976], [131.199, 34.3985], [131.2006, 34.3988], [131.2014, 34.3992], [131.2021, 34.3993], [131.2025, 34.3991], [131.2026, 34.3984], [131.2034, 34.3979], [131.2039, 34.3979], [131.2043, 34.3978], [131.2046, 34.398], [131.2046, 34.3984], [131.2052, 34.3986], [131.2058, 34.3983], [131.2063, 34.3986], [131.2067, 34.3993], [131.2069, 34.4009], [131.2076, 34.4011], [131.2083, 34.4008], [131.2089, 34.4013], [131.2097, 34.4015], [131.2099, 34.4018], [131.2106, 34.402], [131.2118, 34.402], [131.2125, 34.4015], [131.2129, 34.4016], [131.2133, 34.4014], [131.2136, 34.4011], [131.2136, 34.4004], [131.2141, 34.4008], [131.2147, 34.4008], [131.2147, 34.4007], [131.215, 34.401], [131.2147, 34.401], [131.2147, 34.4015], [131.2143, 34.4017], [131.2142, 34.4019], [131.2143, 34.4023], [131.215, 34.4028], [131.2151, 34.4033], [131.2147, 34.4035], [131.2143, 34.4034], [131.2144, 34.4036], [131.2141, 34.4033], [131.2138, 34.4035], [131.2135, 34.4034], [131.2131, 34.4037], [131.213, 34.404], [131.2134, 34.4051], [131.2122, 34.405], [131.2119, 34.4051], [131.2114, 34.4057], [131.2115, 34.4067], [131.2113, 34.4066], [131.2112, 34.4068], [131.2103, 34.4084], [131.2093, 34.4088], [131.2091, 34.4091], [131.209, 34.4097], [131.2087, 34.41], [131.2088, 34.4103], [131.2086, 34.4104], [131.209, 34.4115], [131.21, 34.4119], [131.209, 34.4116], [131.2085, 34.4104], [131.2086, 34.4103], [131.208, 34.4101], [131.2073, 34.4108], [131.2076, 34.4118], [131.2084, 34.4115], [131.2076, 34.4118], [131.208, 34.4127], [131.2096, 34.4137], [131.2104, 34.4129], [131.2097, 34.4122], [131.2104, 34.4128], [131.211, 34.4126], [131.2117, 34.4126], [131.2129, 34.413], [131.2139, 34.4129], [131.214, 34.4132], [131.2134, 34.4133], [131.2136, 34.414], [131.2132, 34.414], [131.2133, 34.4149], [131.2122, 34.4149], [131.2119, 34.4153], [131.2118, 34.416], [131.2122, 34.4169], [131.213, 34.4175], [131.2141, 34.4179], [131.214, 34.4189], [131.2144, 34.4193], [131.2148, 34.4194], [131.2159, 34.4194], [131.2168, 34.4197], [131.2182, 34.4207], [131.2199, 34.4225], [131.2223, 34.424], [131.2228, 34.4247], [131.2228, 34.4251], [131.2237, 34.4255], [131.2242, 34.4252], [131.2237, 34.4256], [131.2243, 34.4265], [131.2245, 34.4273], [131.225, 34.4274], [131.2252, 34.4266], [131.2254, 34.4266], [131.2252, 34.4272], [131.2256, 34.4272], [131.2271, 34.4282], [131.2275, 34.4282], [131.228, 34.4277], [131.2279, 34.4273], [131.2273, 34.4266], [131.227, 34.4254], [131.2264, 34.4246], [131.2253, 34.4241], [131.2252, 34.4234], [131.2246, 34.4231], [131.2244, 34.4228], [131.2247, 34.4222], [131.2257, 34.422], [131.2261, 34.4215], [131.2249, 34.4207], [131.2252, 34.4201], [131.2251, 34.4199], [131.2248, 34.4197], [131.2249, 34.4193], [131.2238, 34.4192], [131.2236, 34.419], [131.2235, 34.4184], [131.2238, 34.4179], [131.2236, 34.4177], [131.223, 34.4173], [131.2221, 34.4173], [131.2222, 34.4169], [131.2224, 34.4166], [131.2231, 34.4168], [131.2233, 34.4166], [131.224, 34.417], [131.2248, 34.4169], [131.2253, 34.4173], [131.2261, 34.4177], [131.2271, 34.4174], [131.2274, 34.4183], [131.2279, 34.4186], [131.2284, 34.4196], [131.2289, 34.42], [131.2293, 34.42], [131.2296, 34.4204], [131.2306, 34.4212], [131.2302, 34.4213], [131.2302, 34.4216], [131.2307, 34.4223], [131.231, 34.4225], [131.2314, 34.4224], [131.2318, 34.4228], [131.2324, 34.4229], [131.2323, 34.4233], [131.2325, 34.4237], [131.2331, 34.4233], [131.233, 34.4231], [131.2332, 34.4233], [131.2356, 34.4232], [131.2356, 34.4235], [131.2359, 34.4232], [131.2366, 34.4235], [131.2367, 34.4237], [131.2369, 34.4236], [131.2376, 34.4239], [131.239, 34.4238], [131.2396, 34.4231], [131.2398, 34.4225], [131.2404, 34.4225], [131.2404, 34.423], [131.2412, 34.423], [131.2414, 34.4228], [131.2414, 34.423], [131.2416, 34.4229], [131.2419, 34.4223], [131.2427, 34.4221], [131.2443, 34.4226], [131.2445, 34.4229], [131.2443, 34.4229], [131.2442, 34.4231], [131.2444, 34.4233], [131.2449, 34.4236], [131.245, 34.4234], [131.2457, 34.4239], [131.2461, 34.424], [131.2469, 34.4235], [131.2479, 34.4234], [131.2469, 34.4236], [131.2471, 34.4246], [131.2479, 34.4245], [131.247, 34.4246], [131.2471, 34.4251], [131.2479, 34.4251], [131.2471, 34.4251], [131.2471, 34.4255], [131.2485, 34.4257], [131.2491, 34.4255], [131.249, 34.4251], [131.2488, 34.4252], [131.249, 34.4251], [131.2489, 34.4247], [131.2485, 34.4247], [131.2489, 34.4247], [131.249, 34.4243], [131.2483, 34.4242], [131.2493, 34.4242], [131.2504, 34.4237], [131.2517, 34.4238], [131.2522, 34.4224], [131.2519, 34.4233], [131.2531, 34.4236], [131.2533, 34.4231], [131.2532, 34.4226], [131.2533, 34.4231], [131.2529, 34.424], [131.2535, 34.4242], [131.2537, 34.4237], [131.2535, 34.4242], [131.2541, 34.4243], [131.2543, 34.424], [131.2541, 34.4238], [131.2544, 34.424], [131.2545, 34.4237], [131.2537, 34.4233], [131.2541, 34.4234], [131.2543, 34.423], [131.2548, 34.4231], [131.2551, 34.4217], [131.2543, 34.4216], [131.2541, 34.4222], [131.2543, 34.4216], [131.2536, 34.4214], [131.2533, 34.4223], [131.253, 34.4225], [131.2535, 34.4215], [131.2527, 34.421], [131.2515, 34.4197], [131.2522, 34.4179], [131.2541, 34.4177], [131.2549, 34.4173], [131.2555, 34.4173], [131.2556, 34.417], [131.2565, 34.4173], [131.2566, 34.4176], [131.2567, 34.4175], [131.2569, 34.4176], [131.2574, 34.4175], [131.2573, 34.4173], [131.2574, 34.4176], [131.2586, 34.4173], [131.2585, 34.4171], [131.2588, 34.417], [131.2588, 34.4169], [131.2589, 34.417], [131.2604, 34.4168], [131.2603, 34.417], [131.2604, 34.4173], [131.2611, 34.4179], [131.2614, 34.4183], [131.2612, 34.4185], [131.2601, 34.4184], [131.26, 34.419], [131.2595, 34.4189], [131.2592, 34.4192], [131.2585, 34.4192], [131.2581, 34.4194], [131.258, 34.4201], [131.2577, 34.4201], [131.2575, 34.4206], [131.2575, 34.4209], [131.2569, 34.4215], [131.2572, 34.422], [131.2575, 34.4219], [131.2574, 34.4222], [131.2568, 34.4218], [131.2566, 34.4224], [131.2568, 34.4224], [131.2566, 34.4224], [131.2568, 34.4232], [131.257, 34.423], [131.2568, 34.4228], [131.257, 34.4224], [131.2572, 34.4231], [131.2577, 34.4231], [131.2577, 34.4221], [131.258, 34.4219], [131.2578, 34.4221], [131.2578, 34.4234], [131.2583, 34.4236], [131.2586, 34.4242], [131.259, 34.4242], [131.2594, 34.4251], [131.2601, 34.4259], [131.2605, 34.4259], [131.2609, 34.426], [131.2615, 34.4265], [131.2611, 34.4266], [131.2614, 34.4268], [131.2614, 34.4275], [131.2609, 34.4276], [131.261, 34.4284], [131.2605, 34.4288], [131.2607, 34.4294], [131.2606, 34.4297], [131.2613, 34.4299], [131.2611, 34.4301], [131.2606, 34.43], [131.2602, 34.4307], [131.2595, 34.4311], [131.2593, 34.4311], [131.259, 34.4315], [131.2581, 34.4314], [131.2579, 34.4315], [131.2576, 34.4314], [131.2563, 34.4317], [131.2557, 34.432], [131.255, 34.4322], [131.2545, 34.4327], [131.2543, 34.433], [131.2542, 34.4343], [131.2543, 34.4366], [131.2536, 34.4371], [131.2535, 34.4377], [131.253, 34.4377], [131.2524, 34.4382], [131.2522, 34.4381], [131.2521, 34.4378], [131.2519, 34.4378], [131.252, 34.4371], [131.2517, 34.4366], [131.2513, 34.4362], [131.2501, 34.4359], [131.2498, 34.436], [131.2485, 34.436], [131.248, 34.4362], [131.248, 34.4367], [131.2473, 34.4371], [131.2473, 34.4376], [131.2471, 34.4377], [131.2467, 34.4376], [131.2466, 34.438], [131.2462, 34.4383], [131.2452, 34.438], [131.2442, 34.4379], [131.2437, 34.4376], [131.2438, 34.437], [131.2433, 34.4367], [131.242, 34.4371], [131.2409, 34.4366], [131.2403, 34.4368], [131.2396, 34.4366], [131.239, 34.436], [131.2386, 34.4359], [131.2387, 34.4356], [131.2385, 34.4351], [131.2374, 34.4342], [131.2367, 34.4339], [131.2362, 34.433], [131.2352, 34.4322], [131.2338, 34.4316], [131.2335, 34.4316], [131.2332, 34.4317], [131.2331, 34.432], [131.2325, 34.432], [131.2321, 34.4325], [131.2308, 34.4321], [131.2297, 34.4311], [131.2302, 34.4319], [131.2297, 34.4319], [131.2293, 34.4316], [131.2292, 34.4309], [131.2289, 34.4317], [131.2284, 34.4312], [131.2284, 34.4306], [131.228, 34.4309], [131.2277, 34.4303], [131.2272, 34.4308], [131.2257, 34.43], [131.2255, 34.4304], [131.225, 34.4304], [131.2245, 34.4302], [131.2244, 34.4298], [131.2239, 34.4297], [131.2237, 34.4293], [131.2231, 34.4293], [131.2228, 34.429], [131.222, 34.4292], [131.221, 34.4289], [131.2206, 34.4282], [131.2216, 34.4274], [131.2215, 34.4272], [131.2212, 34.4268], [131.2206, 34.427], [131.2201, 34.4269], [131.2196, 34.4266], [131.2194, 34.4261], [131.2185, 34.4264], [131.2174, 34.4257], [131.2158, 34.4256], [131.2137, 34.4259], [131.2128, 34.4254], [131.2111, 34.4253], [131.2082, 34.4258], [131.2079, 34.4258], [131.2076, 34.4254], [131.2073, 34.4254], [131.2035, 34.4255], [131.2032, 34.4256], [131.2031, 34.4259], [131.2026, 34.4255], [131.2003, 34.4256], [131.1993, 34.4261], [131.1986, 34.4261], [131.1982, 34.4265], [131.1969, 34.4271], [131.1966, 34.4274], [131.1968, 34.4278], [131.1965, 34.4278], [131.1967, 34.4281], [131.1961, 34.4285], [131.1946, 34.428], [131.1946, 34.4275], [131.1948, 34.4274], [131.1944, 34.4268], [131.1944, 34.4264], [131.194, 34.4258], [131.1939, 34.4258], [131.1939, 34.4261], [131.1937, 34.4261], [131.1937, 34.4258], [131.1934, 34.4254], [131.1936, 34.4253], [131.1935, 34.4249], [131.193, 34.4243], [131.191, 34.4239], [131.1904, 34.4242], [131.1897, 34.4238], [131.1888, 34.4236], [131.1878, 34.4238], [131.1874, 34.4236], [131.1871, 34.4238], [131.1868, 34.4235], [131.1866, 34.424], [131.186, 34.4234], [131.1849, 34.4236], [131.1849, 34.4239], [131.1846, 34.4239], [131.1846, 34.4237], [131.1836, 34.4238], [131.1827, 34.4241], [131.1823, 34.4244], [131.1821, 34.4244], [131.1814, 34.4248], [131.1815, 34.4254], [131.1812, 34.4254], [131.1809, 34.4256], [131.1813, 34.4263], [131.1809, 34.4265], [131.1814, 34.4266], [131.1809, 34.4269], [131.181, 34.4276], [131.1808, 34.4278], [131.1803, 34.4279], [131.1801, 34.4278], [131.18, 34.4273], [131.1792, 34.4273], [131.1789, 34.4276], [131.1791, 34.4279], [131.1789, 34.4279], [131.1793, 34.4284], [131.1784, 34.4282], [131.1788, 34.4286], [131.1788, 34.4289], [131.178, 34.4288], [131.178, 34.4284], [131.1777, 34.4286], [131.1774, 34.4284], [131.1772, 34.4282], [131.1774, 34.4281], [131.1772, 34.4279], [131.1775, 34.4274], [131.1768, 34.427], [131.1745, 34.427], [131.1735, 34.4272], [131.1729, 34.4276], [131.1725, 34.4276], [131.1718, 34.4286], [131.1717, 34.429], [131.1715, 34.4291], [131.172, 34.4297], [131.1723, 34.4306], [131.1727, 34.4308], [131.1725, 34.4317], [131.1716, 34.4311], [131.1716, 34.4309], [131.1718, 34.4305], [131.1715, 34.4306], [131.1714, 34.4302], [131.1709, 34.4303], [131.1704, 34.4297], [131.1704, 34.4299], [131.1702, 34.4298], [131.1702, 34.4295], [131.1699, 34.4293], [131.1697, 34.4293], [131.1699, 34.4299], [131.1694, 34.4296], [131.1694, 34.4298], [131.1689, 34.4289], [131.1686, 34.429], [131.1684, 34.4287], [131.1686, 34.4293], [131.1683, 34.4288], [131.1682, 34.4289], [131.169, 34.4304], [131.1687, 34.4305], [131.169, 34.431], [131.1686, 34.4308], [131.1686, 34.4312], [131.1681, 34.4311], [131.1685, 34.4319], [131.168, 34.4318], [131.1676, 34.4314], [131.1676, 34.4316], [131.1674, 34.4316], [131.1674, 34.4321], [131.1672, 34.4322], [131.1668, 34.4312], [131.1672, 34.431], [131.1676, 34.4312], [131.1677, 34.4311], [131.1676, 34.4308], [131.1678, 34.4306], [131.1673, 34.4304], [131.167, 34.4296], [131.1669, 34.4298], [131.1668, 34.4297], [131.1667, 34.4287], [131.1672, 34.4285], [131.1677, 34.4289], [131.1677, 34.4286], [131.1681, 34.4286], [131.1685, 34.4284], [131.1684, 34.4281], [131.1686, 34.4282], [131.1684, 34.4279], [131.1685, 34.4278], [131.1683, 34.4275], [131.1682, 34.427], [131.1685, 34.427], [131.1689, 34.4273], [131.1693, 34.4272], [131.1689, 34.4268], [131.1695, 34.4268], [131.1695, 34.4264], [131.1697, 34.4265], [131.1697, 34.4263], [131.17, 34.4264], [131.1705, 34.4261], [131.1705, 34.4259], [131.171, 34.4258], [131.1716, 34.4249], [131.1715, 34.4241], [131.1718, 34.4238], [131.1718, 34.4233], [131.1723, 34.4229], [131.1724, 34.4205], [131.1728, 34.4184], [131.1732, 34.4178], [131.1733, 34.4174], [131.1727, 34.4159], [131.1729, 34.4153], [131.1727, 34.4151], [131.1731, 34.415], [131.1733, 34.4146], [131.1732, 34.414], [131.1729, 34.4141], [131.1733, 34.4138], [131.1732, 34.4123], [131.1728, 34.4115], [131.1725, 34.4114], [131.1725, 34.4108], [131.1729, 34.4105], [131.1731, 34.4101], [131.1728, 34.4084], [131.1745, 34.407], [131.175, 34.4069], [131.1749, 34.4068], [131.1751, 34.4069], [131.1757, 34.4068], [131.1757, 34.4067], [131.1757, 34.4068], [131.176, 34.4068], [131.1762, 34.4068], [131.1762, 34.4066], [131.1763, 34.4068], [131.1766, 34.4067], [131.1768, 34.4066], [131.1768, 34.4065], [131.1768, 34.4066], [131.1775, 34.4064], [131.1774, 34.4062], [131.1775, 34.4064], [131.178, 34.4062], [131.178, 34.406], [131.1781, 34.4062], [131.1786, 34.4059], [131.1785, 34.4057], [131.1786, 34.4059], [131.1791, 34.4057], [131.1791, 34.4055], [131.1792, 34.4057], [131.1797, 34.4055], [131.1797, 34.4054], [131.1798, 34.4055], [131.18, 34.4055], [131.1803, 34.4053], [131.1802, 34.4052], [131.1803, 34.4053], [131.1808, 34.4051], [131.1808, 34.405], [131.1808, 34.4051], [131.1813, 34.405], [131.1813, 34.4048], [131.1814, 34.4049], [131.1817, 34.4049], [131.1819, 34.4047], [131.1818, 34.4046], [131.1821, 34.4047], [131.1824, 34.4045], [131.1823, 34.4044], [131.1824, 34.4045], [131.1826, 34.4044], [131.1828, 34.4043], [131.1828, 34.4041], [131.1829, 34.4043], [131.1833, 34.4041], [131.1833, 34.4039], [131.1833, 34.4041], [131.1837, 34.4039], [131.1837, 34.4037], [131.1838, 34.4039], [131.184, 34.4038], [131.1842, 34.4036], [131.1841, 34.4035], [131.1843, 34.4036], [131.1847, 34.4033], [131.1845, 34.4032], [131.1847, 34.4033], [131.1849, 34.4032], [131.185, 34.403], [131.1849, 34.4028], [131.1852, 34.4028], [131.1852, 34.4025], [131.1854, 34.4026], [131.1856, 34.4024], [131.186, 34.4016], [131.1859, 34.4022], [131.1863, 34.4024], [131.1863, 34.4027], [131.1865, 34.4023], [131.1863, 34.4021], [131.1865, 34.4022], [131.187, 34.4019], [131.188, 34.4003], [131.1885, 34.3986], [131.1888, 34.3986], [131.1891, 34.3989], [131.1899, 34.3992], [131.1908, 34.3991], [131.1914, 34.3988], [131.1921, 34.3989], [131.1926, 34.3992], [131.1931, 34.3988], [131.1949, 34.3994], [131.195, 34.3992], [131.1949, 34.3995], [131.1955, 34.3997], [131.1956, 34.3995], [131.1952, 34.3993], [131.1956, 34.3995], [131.1955, 34.3997], [131.196, 34.3999], [131.1956, 34.4005], [131.1943, 34.4], [131.1936, 34.3999], [131.1957, 34.4006], [131.1962, 34.4007], [131.1965, 34.401], [131.1964, 34.4012], [131.1957, 34.4012], [131.195, 34.4016], [131.1963, 34.4026], [131.1975, 34.4026], [131.198, 34.4023], [131.1978, 34.4021], [131.1981, 34.4018], [131.1984, 34.402], [131.1985, 34.402], [131.1986, 34.401], [131.1978, 34.4003], [131.1973, 34.3991], [131.1966, 34.399], [131.1961, 34.3985], [131.1961, 34.3981], [131.1966, 34.398], [131.1976, 34.3985], [131.1989, 34.3985], [131.1994, 34.3976], [131.1986, 34.3976], [131.1978, 34.3973], [131.1971, 34.3965], [131.1964, 34.3939], [131.1956, 34.3941], [131.196, 34.394], [131.1953, 34.3922], [131.1949, 34.3923], [131.195, 34.3922], [131.1953, 34.3922], [131.1953, 34.3919], [131.1946, 34.3896], [131.1946, 34.3895], [131.194, 34.3896], [131.1945, 34.3893], [131.1945, 34.3886], [131.1906, 34.3829], [131.1881, 34.3806], [131.1852, 34.3807], [131.1832, 34.3787], [131.1793, 34.3789], [131.1787, 34.3792], [131.1786, 34.3791], [131.1793, 34.3788], [131.1813, 34.3787], [131.1812, 34.3776], [131.1782, 34.3777], [131.1781, 34.3772], [131.1792, 34.3767], [131.1793, 34.3756], [131.1791, 34.3758], [131.1784, 34.3758], [131.1785, 34.3765], [131.1781, 34.3765], [131.178, 34.3754], [131.1773, 34.3753], [131.1771, 34.3757], [131.1771, 34.3763], [131.1772, 34.3763], [131.1776, 34.3767], [131.1778, 34.3786], [131.1788, 34.3805], [131.1791, 34.3807], [131.179, 34.3808], [131.1787, 34.3805], [131.1777, 34.3786], [131.1776, 34.3778], [131.1769, 34.3774], [131.1765, 34.3774], [131.1762, 34.3761], [131.1755, 34.3755], [131.1755, 34.3752], [131.1759, 34.3753], [131.1759, 34.375], [131.1753, 34.3731], [131.1744, 34.371], [131.1739, 34.3713], [131.1744, 34.372], [131.1741, 34.3715], [131.1746, 34.3724], [131.175, 34.3742], [131.1753, 34.3748], [131.1753, 34.3753], [131.175, 34.375], [131.1748, 34.3753], [131.1745, 34.3751], [131.1706, 34.3734], [131.1708, 34.3732], [131.1706, 34.3734], [131.168, 34.3726], [131.1661, 34.3722], [131.1634, 34.372], [131.1617, 34.3723], [131.1617, 34.3718], [131.1616, 34.3722], [131.1592, 34.3724], [131.157, 34.3723], [131.1546, 34.3727], [131.1531, 34.3735], [131.153, 34.374], [131.1529, 34.374], [131.1529, 34.3741], [131.1525, 34.3742], [131.1513, 34.3756], [131.1516, 34.3763], [131.1512, 34.3762], [131.1511, 34.3764], [131.1514, 34.3773], [131.1513, 34.3776], [131.1505, 34.3783], [131.1505, 34.3786], [131.1503, 34.3784], [131.1498, 34.3784], [131.1488, 34.3791], [131.1486, 34.38], [131.1482, 34.3807], [131.1476, 34.3807], [131.1473, 34.381], [131.1472, 34.3806], [131.1468, 34.3805], [131.1462, 34.3808], [131.1455, 34.3807], [131.1449, 34.3804], [131.1448, 34.3801], [131.1441, 34.3801], [131.1431, 34.3796], [131.1438, 34.38], [131.1448, 34.3802], [131.1442, 34.3803], [131.1438, 34.3801], [131.144, 34.3803], [131.1433, 34.3807], [131.1432, 34.3819], [131.1435, 34.382], [131.1435, 34.3823], [131.1431, 34.3826], [131.143, 34.3844], [131.1423, 34.3848], [131.142, 34.3849], [131.1417, 34.3854], [131.1422, 34.3859], [131.1419, 34.3864], [131.1415, 34.3867], [131.1409, 34.3874], [131.1385, 34.3893], [131.1394, 34.3899], [131.1388, 34.3906], [131.1389, 34.3903], [131.1384, 34.3899], [131.1375, 34.3909], [131.137, 34.3912], [131.1376, 34.3909], [131.1375, 34.3911], [131.1378, 34.3916], [131.1392, 34.3907], [131.1378, 34.3917], [131.1386, 34.3931], [131.1389, 34.3929], [131.1387, 34.3931], [131.1388, 34.3933], [131.1381, 34.3924], [131.1372, 34.3927], [131.1378, 34.3936], [131.1382, 34.3935], [131.1378, 34.3937], [131.138, 34.394], [131.138, 34.3946], [131.1389, 34.3948], [131.1394, 34.394], [131.1393, 34.3933], [131.1394, 34.3931], [131.1393, 34.3933], [131.1394, 34.3942], [131.1389, 34.3952], [131.1393, 34.3956], [131.1394, 34.3958], [131.1386, 34.397], [131.1384, 34.3979], [131.1386, 34.3982], [131.1392, 34.3986], [131.1395, 34.399], [131.1394, 34.4006], [131.1387, 34.4011], [131.1381, 34.4028], [131.1373, 34.4034], [131.1363, 34.4045], [131.1362, 34.4052], [131.1355, 34.4053], [131.136, 34.407], [131.1353, 34.4073], [131.1347, 34.4081], [131.1343, 34.4081], [131.134, 34.4082], [131.1337, 34.4087], [131.1338, 34.409], [131.1333, 34.4089], [131.1323, 34.4093], [131.132, 34.41], [131.1324, 34.4103], [131.1324, 34.4106], [131.1317, 34.4105], [131.1313, 34.4109], [131.1315, 34.4104], [131.1314, 34.4103], [131.1307, 34.411], [131.1308, 34.4118], [131.1313, 34.4124], [131.1314, 34.413], [131.1311, 34.4137], [131.1313, 34.4141], [131.1316, 34.4142], [131.1311, 34.4142], [131.131, 34.4147], [131.1313, 34.4156], [131.1319, 34.4156], [131.1313, 34.416], [131.132, 34.4159], [131.1324, 34.4161], [131.1319, 34.4168], [131.132, 34.4172], [131.1317, 34.4174], [131.132, 34.4181], [131.1318, 34.4185], [131.1316, 34.4185], [131.1316, 34.4178], [131.1314, 34.4177], [131.1309, 34.418], [131.1307, 34.4178], [131.1301, 34.4179], [131.1298, 34.4181], [131.1297, 34.418], [131.13, 34.4178], [131.1297, 34.4174], [131.1293, 34.4177], [131.1289, 34.4173], [131.1294, 34.4161], [131.129, 34.4161], [131.1293, 34.4158], [131.1294, 34.4153], [131.1299, 34.4145], [131.1295, 34.4144], [131.129, 34.4146], [131.1292, 34.4143], [131.1287, 34.414], [131.1292, 34.4133], [131.1284, 34.4121], [131.1274, 34.412], [131.1274, 34.4123], [131.1268, 34.4123], [131.1272, 34.412], [131.1271, 34.4118], [131.1249, 34.4111], [131.1244, 34.4112], [131.1234, 34.412], [131.1233, 34.4119], [131.1235, 34.4116], [131.1231, 34.4117], [131.1229, 34.4113], [131.1226, 34.4112], [131.1224, 34.4115], [131.1222, 34.4113], [131.1216, 34.4116], [131.1214, 34.4114], [131.1214, 34.4111], [131.121, 34.411], [131.1189, 34.4111], [131.1183, 34.4115], [131.1165, 34.4109], [131.1156, 34.4108], [131.1153, 34.4104], [131.1151, 34.4104], [131.1153, 34.4099], [131.1149, 34.4095], [131.1134, 34.409], [131.1122, 34.409], [131.112, 34.4086], [131.1122, 34.409], [131.1111, 34.4097], [131.1111, 34.4103], [131.1113, 34.4111], [131.1112, 34.411], [131.111, 34.4115], [131.1102, 34.4118], [131.1095, 34.4127], [131.1094, 34.4125], [131.1091, 34.4126], [131.1089, 34.4136], [131.1078, 34.4138], [131.1078, 34.4143], [131.1074, 34.4143], [131.1073, 34.4146], [131.1061, 34.414], [131.1059, 34.4145], [131.1062, 34.4148], [131.106, 34.4152], [131.1057, 34.4154], [131.1054, 34.4151], [131.1053, 34.4153], [131.1048, 34.4154], [131.1052, 34.4158], [131.1049, 34.4158], [131.1047, 34.4156], [131.105, 34.4161], [131.1049, 34.4165], [131.1045, 34.4164], [131.1041, 34.4167], [131.1036, 34.4162], [131.1035, 34.4159], [131.1034, 34.4159], [131.1032, 34.4162], [131.1034, 34.4164], [131.1034, 34.4169], [131.1026, 34.4172], [131.1022, 34.4169], [131.1013, 34.4175], [131.101, 34.4174], [131.1011, 34.4182], [131.1003, 34.419], [131.1001, 34.4189], [131.1, 34.4191], [131.0997, 34.4192], [131.0991, 34.4191], [131.0991, 34.4188], [131.0991, 34.4195], [131.0982, 34.4188], [131.0981, 34.4194], [131.0975, 34.4192], [131.0981, 34.4199], [131.0978, 34.4202], [131.0967, 34.4206], [131.0965, 34.4203], [131.0966, 34.4195], [131.0964, 34.4195], [131.0962, 34.4197], [131.0958, 34.4198], [131.0954, 34.4192], [131.0956, 34.4202], [131.0953, 34.4203], [131.0952, 34.4206], [131.0947, 34.4207], [131.0946, 34.4209], [131.0943, 34.4204], [131.0941, 34.4207], [131.0935, 34.4207], [131.0935, 34.4204], [131.0931, 34.4207], [131.0929, 34.4207], [131.0926, 34.4205], [131.0928, 34.4203], [131.0926, 34.4201], [131.0926, 34.4203], [131.0922, 34.4203], [131.092, 34.4202], [131.092, 34.4197], [131.0914, 34.4198], [131.0912, 34.4195], [131.0908, 34.4193], [131.0875, 34.4196], [131.0863, 34.42], [131.0861, 34.4202], [131.0861, 34.4204], [131.0856, 34.4204], [131.0854, 34.4206], [131.0847, 34.4207], [131.0848, 34.4209], [131.0845, 34.4211], [131.0844, 34.4207], [131.0843, 34.4208], [131.0843, 34.4207], [131.0839, 34.4206], [131.0834, 34.4211], [131.0832, 34.4209], [131.0829, 34.4208], [131.0822, 34.4212], [131.0814, 34.421], [131.0801, 34.422], [131.0788, 34.422], [131.0786, 34.4221], [131.0784, 34.4224], [131.0784, 34.4222], [131.0778, 34.4222], [131.0767, 34.4228], [131.0766, 34.4227], [131.076, 34.4229], [131.076, 34.4238], [131.0757, 34.424], [131.0752, 34.4235], [131.0749, 34.4242], [131.0744, 34.4245], [131.074, 34.4244], [131.0739, 34.4242], [131.0734, 34.4242], [131.0736, 34.424], [131.0731, 34.4237], [131.073, 34.4231], [131.0722, 34.423], [131.0721, 34.4228], [131.0718, 34.423], [131.0715, 34.423], [131.0715, 34.4238], [131.071, 34.4241], [131.071, 34.4231], [131.0709, 34.423], [131.0703, 34.423], [131.0702, 34.4227], [131.0703, 34.4226], [131.07, 34.4223], [131.07, 34.4218], [131.0695, 34.4219], [131.0693, 34.4216], [131.0688, 34.4217], [131.0688, 34.4207], [131.069, 34.4204], [131.0679, 34.42], [131.0691, 34.4203], [131.0693, 34.4201], [131.0693, 34.4199], [131.0689, 34.4185], [131.0692, 34.4194], [131.0688, 34.4195], [131.069, 34.4194], [131.0687, 34.4184], [131.0679, 34.4185], [131.0683, 34.4197], [131.0681, 34.4197], [131.0679, 34.419], [131.0674, 34.4188], [131.0667, 34.4195], [131.0663, 34.4194], [131.0661, 34.4197], [131.0656, 34.4199], [131.0652, 34.4204], [131.0648, 34.4203], [131.0645, 34.4208], [131.0643, 34.4208], [131.0642, 34.4204], [131.0641, 34.4208], [131.0636, 34.4209], [131.0633, 34.4214], [131.0624, 34.4207], [131.0626, 34.4202], [131.0621, 34.4198], [131.0618, 34.4191], [131.0618, 34.4188], [131.0614, 34.4189], [131.0613, 34.4184], [131.061, 34.4181], [131.0606, 34.4185], [131.0607, 34.4177], [131.0601, 34.4179], [131.0597, 34.4175], [131.0595, 34.4168], [131.0592, 34.4168], [131.0587, 34.4162], [131.058, 34.4157], [131.0573, 34.4154], [131.0556, 34.4156], [131.0548, 34.4159], [131.0531, 34.4155], [131.0521, 34.4151], [131.0508, 34.4143], [131.05, 34.4128], [131.0495, 34.4123], [131.0476, 34.4125], [131.0482, 34.4123], [131.0481, 34.412], [131.0483, 34.4123], [131.0491, 34.4123], [131.0491, 34.4117], [131.048, 34.4113], [131.0478, 34.4115], [131.0474, 34.4113], [131.0472, 34.4115], [131.0473, 34.4118], [131.0476, 34.4119], [131.0472, 34.4118], [131.0471, 34.4117], [131.0469, 34.4118], [131.0466, 34.4116], [131.0471, 34.4114], [131.0464, 34.4109], [131.0446, 34.4107], [131.0436, 34.4104], [131.0436, 34.4102], [131.0435, 34.4104], [131.0414, 34.4108], [131.0401, 34.4114], [131.0391, 34.4115], [131.0386, 34.4122], [131.038, 34.4123], [131.037, 34.4121], [131.0354, 34.4116], [131.0333, 34.4104], [131.0325, 34.4102], [131.0283, 34.4106], [131.0275, 34.411], [131.0258, 34.4113], [131.0257, 34.4118], [131.025, 34.4112], [131.0234, 34.4113], [131.0223, 34.4116], [131.0214, 34.4112], [131.0198, 34.411], [131.0173, 34.4116], [131.0168, 34.4122], [131.0163, 34.4122], [131.0162, 34.4128], [131.016, 34.4125], [131.0155, 34.4123], [131.014, 34.4123], [131.0108, 34.413], [131.0088, 34.4137], [131.0078, 34.4141], [131.0072, 34.4146], [131.0072, 34.4151], [131.0069, 34.4157], [131.0061, 34.4151], [131.0054, 34.4152], [131.0047, 34.4155], [131.0044, 34.416], [131.0059, 34.4165], [131.0044, 34.4197], [131.0043, 34.4209], [131.0043, 34.4197], [131.0057, 34.4168], [131.005, 34.4165], [131.0049, 34.4168], [131.0046, 34.4167], [131.0042, 34.4176], [131.0046, 34.4178], [131.0042, 34.4176], [131.0038, 34.4186], [131.0042, 34.4187], [131.0038, 34.4186], [131.0034, 34.4196], [131.0039, 34.4197], [131.0031, 34.4196], [131.0032, 34.4207], [131.0035, 34.4208], [131.0031, 34.4208], [131.003, 34.422], [131.0032, 34.4224], [131.0035, 34.4224], [131.0039, 34.4221], [131.0037, 34.4217], [131.0038, 34.4209], [131.004, 34.422], [131.005, 34.421], [131.0049, 34.421], [131.005, 34.4209], [131.0052, 34.421], [131.0047, 34.4213], [131.004, 34.4221], [131.0041, 34.4223], [131.0035, 34.4227], [131.0042, 34.4228], [131.0038, 34.4228], [131.0037, 34.4233], [131.004, 34.4267], [131.0034, 34.4279], [131.0029, 34.4282], [131, 34.4299], [130.9969, 34.4305], [130.9959, 34.4311], [130.9953, 34.4313], [130.995, 34.4315], [130.9931, 34.4322], [130.9918, 34.4326], [130.9911, 34.4325], [130.9905, 34.4328], [130.99, 34.4327], [130.9881, 34.4329], [130.9869, 34.4339], [130.9868, 34.4344], [130.987, 34.435], [130.9859, 34.4348], [130.9852, 34.4351], [130.9847, 34.4347], [130.9843, 34.4347], [130.9828, 34.435], [130.9828, 34.4356], [130.9825, 34.4358], [130.9826, 34.4353], [130.9824, 34.4352], [130.9817, 34.4351], [130.9809, 34.4354], [130.98, 34.4361], [130.9801, 34.4364], [130.9794, 34.4378], [130.9794, 34.4373], [130.979, 34.4378], [130.9791, 34.4373], [130.9788, 34.4377], [130.9787, 34.4374], [130.9783, 34.4377], [130.9783, 34.438], [130.978, 34.4382], [130.9778, 34.4383], [130.9776, 34.438], [130.9771, 34.4381], [130.9772, 34.439], [130.9769, 34.4387], [130.9767, 34.4392], [130.9767, 34.4386], [130.9766, 34.4386], [130.9763, 34.4392], [130.9764, 34.4395], [130.9761, 34.4397], [130.9757, 34.4397], [130.9757, 34.4393], [130.9754, 34.4397], [130.9751, 34.4396], [130.9752, 34.4399], [130.9746, 34.4396], [130.9748, 34.4401], [130.9744, 34.44], [130.9744, 34.4404], [130.9749, 34.4407], [130.9748, 34.4416], [130.9741, 34.4423], [130.9737, 34.4422], [130.9732, 34.4424], [130.9735, 34.4417], [130.9733, 34.4414], [130.973, 34.4414], [130.9723, 34.4424], [130.9723, 34.4419], [130.9718, 34.4417], [130.9717, 34.4415], [130.9717, 34.4411], [130.9719, 34.4407], [130.9723, 34.4404], [130.9726, 34.4404], [130.9729, 34.4398], [130.9732, 34.4398], [130.9737, 34.4394], [130.9739, 34.439], [130.9738, 34.4385], [130.9733, 34.4388], [130.9732, 34.4385], [130.973, 34.4386], [130.9735, 34.4381], [130.9732, 34.4382], [130.9727, 34.438], [130.973, 34.4373], [130.9729, 34.4369], [130.9732, 34.4365], [130.9728, 34.4366], [130.9728, 34.4364], [130.9725, 34.4364], [130.9725, 34.4365], [130.9724, 34.436], [130.973, 34.4355], [130.9728, 34.4353], [130.973, 34.4352], [130.9732, 34.4349], [130.973, 34.4347], [130.9725, 34.4348], [130.9724, 34.4345], [130.9725, 34.434], [130.9728, 34.4339], [130.9725, 34.4333], [130.9727, 34.433], [130.9731, 34.4328], [130.9733, 34.4321], [130.9723, 34.4312], [130.9722, 34.4306], [130.9718, 34.4298], [130.9701, 34.4284], [130.9694, 34.4283], [130.969, 34.4287], [130.969, 34.4283], [130.9688, 34.4285], [130.9689, 34.4281], [130.9686, 34.4279], [130.9651, 34.4277], [130.9644, 34.428], [130.9641, 34.4283], [130.9637, 34.4281], [130.9631, 34.428], [130.9627, 34.4285], [130.9627, 34.4283], [130.9625, 34.4281], [130.9623, 34.4282], [130.9623, 34.4278], [130.962, 34.428], [130.9621, 34.4277], [130.9619, 34.4276], [130.9615, 34.4276], [130.961, 34.4278], [130.9598, 34.4257], [130.9586, 34.423], [130.9577, 34.4218], [130.9576, 34.4211], [130.957, 34.4201], [130.9587, 34.4175], [130.9587, 34.4168], [130.9594, 34.4141], [130.9592, 34.4139], [130.959, 34.414], [130.959, 34.4136], [130.9597, 34.4134], [130.9605, 34.4138], [130.9601, 34.4135], [130.9591, 34.4133], [130.9591, 34.4125], [130.9581, 34.4112], [130.9568, 34.4105], [130.9563, 34.4105], [130.9566, 34.4103], [130.9564, 34.41], [130.9548, 34.4093], [130.9545, 34.4083], [130.9536, 34.4073], [130.9512, 34.406], [130.9489, 34.4049], [130.9471, 34.4038], [130.9448, 34.403], [130.9435, 34.403], [130.9425, 34.4032], [130.9404, 34.4041], [130.9397, 34.4047], [130.9389, 34.4042], [130.938, 34.404], [130.9376, 34.4041], [130.9372, 34.4036], [130.9371, 34.4038], [130.937, 34.4032], [130.9364, 34.403], [130.9363, 34.4029], [130.9381, 34.4017], [130.9379, 34.4015], [130.9383, 34.4013], [130.9383, 34.4007], [130.9381, 34.3993], [130.9374, 34.3985], [130.9374, 34.3976], [130.9371, 34.3973], [130.9361, 34.3971], [130.9353, 34.3966], [130.9352, 34.3964], [130.9352, 34.396], [130.9355, 34.395], [130.9363, 34.3946], [130.9362, 34.3939], [130.9359, 34.3934], [130.9349, 34.3925], [130.9337, 34.3927], [130.9332, 34.3931], [130.9327, 34.393], [130.9329, 34.3928], [130.9325, 34.3928], [130.9326, 34.3928], [130.9322, 34.3926], [130.9325, 34.3924], [130.933, 34.3924], [130.9326, 34.3922], [130.9326, 34.3921], [130.9333, 34.392], [130.9334, 34.3922], [130.9336, 34.3922], [130.9336, 34.3921], [130.9346, 34.3924], [130.936, 34.3915], [130.9377, 34.3918], [130.9385, 34.3913], [130.9388, 34.3907], [130.9386, 34.3903], [130.9394, 34.3897], [130.9401, 34.3893], [130.9418, 34.3892], [130.9425, 34.3885], [130.9433, 34.3883], [130.9441, 34.3877], [130.9445, 34.3878], [130.9452, 34.3876], [130.9462, 34.3877], [130.9474, 34.3873], [130.9498, 34.388], [130.9521, 34.3883], [130.9527, 34.3878], [130.9528, 34.388], [130.9552, 34.3889], [130.9554, 34.3897], [130.9549, 34.3912], [130.9554, 34.3925], [130.9549, 34.3929], [130.9545, 34.3931], [130.9545, 34.394], [130.9556, 34.3956], [130.9565, 34.3961], [130.9564, 34.3964], [130.9567, 34.397], [130.9548, 34.399], [130.9538, 34.3995], [130.9516, 34.4001], [130.951, 34.3998], [130.9509, 34.4], [130.9505, 34.3999], [130.9507, 34.4002], [130.9503, 34.4002], [130.9502, 34.401], [130.9505, 34.4011], [130.9505, 34.4012], [130.95, 34.4026], [130.9502, 34.4026], [130.95, 34.4027], [130.9499, 34.403], [130.9509, 34.4046], [130.9525, 34.4059], [130.9534, 34.4062], [130.9547, 34.4053], [130.9568, 34.4062], [130.9557, 34.4057], [130.9552, 34.4066], [130.9562, 34.407], [130.9566, 34.4065], [130.9563, 34.4071], [130.9571, 34.4074], [130.9572, 34.4073], [130.9572, 34.4075], [130.9585, 34.4079], [130.9589, 34.4073], [130.9582, 34.4071], [130.9575, 34.4065], [130.9569, 34.4055], [130.9575, 34.4065], [130.9583, 34.407], [130.9593, 34.4073], [130.9598, 34.4069], [130.9597, 34.4065], [130.9608, 34.4064], [130.9607, 34.4058], [130.96, 34.4054], [130.9608, 34.4059], [130.9614, 34.4063], [130.9624, 34.4063], [130.9646, 34.4056], [130.965, 34.4057], [130.9658, 34.4053], [130.9669, 34.4052], [130.9681, 34.4056], [130.971, 34.4072], [130.972, 34.4063], [130.9713, 34.4071], [130.9716, 34.4073], [130.9715, 34.4075], [130.9717, 34.4077], [130.972, 34.4075], [130.9722, 34.4077], [130.9729, 34.4072], [130.9728, 34.407], [130.973, 34.4072], [130.9738, 34.4068], [130.9732, 34.4063], [130.9725, 34.4067], [130.9731, 34.4063], [130.9723, 34.4056], [130.972, 34.4057], [130.9727, 34.4052], [130.9726, 34.4049], [130.9727, 34.4045], [130.9739, 34.4037], [130.9751, 34.4034], [130.9765, 34.4026], [130.9765, 34.4022], [130.9773, 34.4015], [130.9785, 34.4], [130.9794, 34.3999], [130.98, 34.3995], [130.9805, 34.3998], [130.9815, 34.4], [130.9822, 34.4005], [130.9826, 34.4004], [130.9831, 34.4005], [130.9838, 34.4001], [130.9842, 34.4001], [130.9848, 34.4005], [130.9855, 34.4002], [130.9863, 34.4003], [130.9873, 34.3996], [130.9891, 34.3999], [130.9903, 34.3992], [130.9916, 34.399], [130.9925, 34.3993], [130.994, 34.3992], [130.995, 34.399], [130.9971, 34.3997], [130.9977, 34.3994], [130.9983, 34.3989], [130.9986, 34.3988], [130.9989, 34.3991], [130.9998, 34.3989], [131.0003, 34.399], [131.001, 34.3988], [131.0014, 34.3989], [131.0024, 34.3981], [131.0028, 34.3976], [131.0025, 34.3981], [131.0018, 34.3986], [131.0024, 34.399], [131.0031, 34.3987], [131.0026, 34.3992], [131.003, 34.3996], [131.0035, 34.3997], [131.0046, 34.3991], [131.005, 34.3992], [131.0054, 34.3999], [131.0057, 34.4001], [131.0072, 34.4005], [131.0079, 34.4003], [131.0088, 34.4015], [131.0106, 34.4018], [131.0108, 34.402], [131.0107, 34.4023], [131.0113, 34.4031], [131.0116, 34.4041], [131.0123, 34.4047], [131.0136, 34.4049], [131.0136, 34.4047], [131.0137, 34.4048], [131.0156, 34.4048], [131.0157, 34.4045], [131.0159, 34.405], [131.0162, 34.405], [131.0169, 34.4043], [131.0173, 34.4037], [131.0172, 34.4034], [131.0164, 34.4026], [131.0164, 34.4012], [131.017, 34.4012], [131.0178, 34.4002], [131.0183, 34.3973], [131.0187, 34.3972], [131.0189, 34.3969], [131.0195, 34.397], [131.0199, 34.3967], [131.0201, 34.395], [131.02, 34.3942], [131.0204, 34.3929], [131.0199, 34.3924], [131.0206, 34.3923], [131.0209, 34.392], [131.0208, 34.3914], [131.0211, 34.3911], [131.0226, 34.3915], [131.023, 34.3913], [131.0228, 34.3907], [131.0232, 34.3906], [131.0235, 34.3908], [131.0235, 34.3911], [131.0244, 34.3914], [131.0249, 34.3914], [131.0253, 34.3912], [131.0256, 34.3908], [131.0252, 34.3904], [131.0257, 34.3903], [131.0253, 34.39], [131.0254, 34.3898], [131.0258, 34.39], [131.0262, 34.3897], [131.0269, 34.3899], [131.0268, 34.3895], [131.0269, 34.3893], [131.0281, 34.3895], [131.0293, 34.3893], [131.03, 34.3884], [131.0305, 34.3873], [131.0317, 34.386], [131.0328, 34.3856], [131.0339, 34.3854], [131.0343, 34.385], [131.0346, 34.3833], [131.0341, 34.382], [131.0351, 34.381], [131.0355, 34.3803], [131.0353, 34.3799], [131.0344, 34.3793], [131.0339, 34.3783], [131.0344, 34.3792], [131.0356, 34.3789], [131.0355, 34.3787], [131.0356, 34.3789], [131.0365, 34.3788], [131.0364, 34.378], [131.0352, 34.3781], [131.0353, 34.3784], [131.0352, 34.3781], [131.0346, 34.3781], [131.0383, 34.3777], [131.0382, 34.3768], [131.0352, 34.3767], [131.0349, 34.3729], [131.0357, 34.3722], [131.0365, 34.3729], [131.0376, 34.3731], [131.0376, 34.373], [131.0366, 34.3727], [131.036, 34.3722], [131.0358, 34.3713], [131.0347, 34.3704], [131.0324, 34.3704], [131.0308, 34.371], [131.0303, 34.3714], [131.0298, 34.3713], [131.0289, 34.3708], [131.0288, 34.3706], [131.0281, 34.3708], [131.0265, 34.3715], [131.0263, 34.3713], [131.0264, 34.3715], [131.0247, 34.3721], [131.0242, 34.3732], [131.0236, 34.3732], [131.0234, 34.3727], [131.0233, 34.3727], [131.0232, 34.3728], [131.0235, 34.3731], [131.0224, 34.372], [131.0227, 34.3726], [131.0236, 34.3734], [131.0233, 34.3738], [131.0225, 34.374], [131.0233, 34.3738], [131.0235, 34.3734], [131.0226, 34.3732], [131.0226, 34.3734], [131.0221, 34.3735], [131.0225, 34.3734], [131.0226, 34.3731], [131.0219, 34.3729], [131.0221, 34.3741], [131.0223, 34.3742], [131.022, 34.3741], [131.022, 34.3739], [131.0212, 34.3738], [131.0211, 34.3748], [131.022, 34.3748], [131.019, 34.3748], [131.019, 34.3745], [131.019, 34.3748], [131.0179, 34.3748], [131.0178, 34.3734], [131.0165, 34.3731], [131.0162, 34.3734], [131.0154, 34.3727], [131.0149, 34.3725], [131.014, 34.3729], [131.0137, 34.3732], [131.0128, 34.3734], [131.0123, 34.3742], [131.0118, 34.3745], [131.0123, 34.3741], [131.0127, 34.3734], [131.0126, 34.3733], [131.0095, 34.3722], [131.0092, 34.3722], [131.0093, 34.3725], [131.0089, 34.3726], [131.0091, 34.3721], [131.0076, 34.3711], [131.0079, 34.3704], [131.0075, 34.3711], [131.0062, 34.3707], [131.006, 34.3705], [131.0056, 34.3705], [131.0038, 34.3708], [131.0032, 34.3712], [131.0032, 34.3716], [131.0034, 34.3723], [131.0032, 34.3728], [131.0023, 34.3728], [131.0022, 34.3733], [131.0026, 34.3735], [131.0019, 34.3735], [131.0015, 34.3738], [131.0012, 34.3737], [131.0012, 34.374], [131.0009, 34.3741], [131.0006, 34.3737], [131.0004, 34.3738], [131.0005, 34.3736], [130.9987, 34.3724], [130.9991, 34.372], [130.9991, 34.3718], [130.9986, 34.3724], [130.9976, 34.3718], [130.9971, 34.3717], [130.996, 34.372], [130.9956, 34.3727], [130.9951, 34.3724], [130.9946, 34.3719], [130.994, 34.3701], [130.9928, 34.3683], [130.9933, 34.3674], [130.9926, 34.3682], [130.9915, 34.3676], [130.9908, 34.3677], [130.9899, 34.3673], [130.9891, 34.3673], [130.9884, 34.3674], [130.9882, 34.3683], [130.9877, 34.368], [130.9872, 34.3679], [130.9868, 34.368], [130.9867, 34.3683], [130.9861, 34.3685], [130.9859, 34.3684], [130.9863, 34.3682], [130.9863, 34.3676], [130.9853, 34.3663], [130.9837, 34.3655], [130.9822, 34.3638], [130.9808, 34.3636], [130.9803, 34.3631], [130.9803, 34.3623], [130.9809, 34.3627], [130.9817, 34.3619], [130.9826, 34.3615], [130.9835, 34.3615], [130.9841, 34.3609], [130.9862, 34.3598], [130.988, 34.3599], [130.9896, 34.3592], [130.9905, 34.3584], [130.9914, 34.3581], [130.9921, 34.3585], [130.9935, 34.3581], [130.994, 34.3577], [130.9939, 34.3571], [130.9943, 34.3563], [130.9943, 34.3553], [130.995, 34.3546], [130.9958, 34.3543], [130.9961, 34.3536], [130.9968, 34.3532], [130.9972, 34.3526], [130.9984, 34.3524], [130.9998, 34.3528], [131.0011, 34.3528], [131.0017, 34.3514], [131.0019, 34.349], [131.0023, 34.3477], [131.0023, 34.3464], [131.0027, 34.3455], [131.0044, 34.3447], [131.0062, 34.3445], [131.007, 34.3435], [131.0077, 34.343], [131.0105, 34.3424], [131.0115, 34.3418], [131.0123, 34.341], [131.0133, 34.3404], [131.0135, 34.3399], [131.0136, 34.3389], [131.0145, 34.3379], [131.015, 34.3376], [131.015, 34.3358], [131.0157, 34.3355], [131.016, 34.3347], [131.0165, 34.3341], [131.0175, 34.3337], [131.0176, 34.3331], [131.0182, 34.3323], [131.0199, 34.3313], [131.02, 34.3308], [131.0207, 34.3298], [131.0209, 34.3287], [131.0202, 34.3255], [131.0247, 34.3247], [131.0253, 34.3243], [131.0258, 34.3237], [131.0267, 34.3235], [131.0271, 34.3231], [131.0286, 34.3227], [131.0298, 34.3221], [131.0309, 34.3224], [131.0316, 34.3222], [131.0326, 34.3216], [131.0338, 34.3192], [131.0338, 34.318], [131.0351, 34.3166], [131.0352, 34.3161], [131.0354, 34.3146], [131.036, 34.3134], [131.0357, 34.3119], [131.0357, 34.3115], [131.0373, 34.3108], [131.0384, 34.3106], [131.0397, 34.3106], [131.0407, 34.3102], [131.042, 34.3105], [131.043, 34.311], [131.0441, 34.3098], [131.046, 34.3088], [131.0463, 34.3084], [131.0485, 34.3076], [131.0491, 34.3072], [131.0497, 34.3064], [131.0512, 34.3058], [131.0531, 34.3058], [131.0538, 34.3053], [131.0547, 34.3051], [131.0572, 34.305], [131.0579, 34.3053], [131.0579, 34.304], [131.0584, 34.3037], [131.0585, 34.3014], [131.0582, 34.3002], [131.0597, 34.3001], [131.0603, 34.2994], [131.0609, 34.298], [131.0615, 34.2977], [131.0619, 34.2968], [131.0625, 34.2965], [131.062, 34.2955], [131.0626, 34.2956], [131.0634, 34.2954], [131.0657, 34.2934], [131.067, 34.293], [131.0673, 34.292], [131.0696, 34.292], [131.0713, 34.2926], [131.073, 34.2928], [131.0741, 34.2932], [131.0745, 34.2932], [131.0755, 34.2913], [131.0761, 34.2909], [131.0767, 34.2907], [131.077, 34.2895], [131.0774, 34.2891], [131.0789, 34.2878], [131.0798, 34.2874], [131.0801, 34.2865], [131.0805, 34.2862], [131.0811, 34.2861], [131.0816, 34.2852], [131.0836, 34.2841], [131.0837, 34.2836], [131.0833, 34.2826], [131.0839, 34.2809], [131.0847, 34.2796], [131.0854, 34.2791], [131.0856, 34.2787], [131.0856, 34.2785], [131.0852, 34.2784], [131.0854, 34.2776], [131.0846, 34.2757], [131.0843, 34.2734], [131.0846, 34.273], [131.0856, 34.2723], [131.0857, 34.2715], [131.0862, 34.2706], [131.0864, 34.2692], [131.0866, 34.2688], [131.0865, 34.2682], [131.0871, 34.2674], [131.0891, 34.2672], [131.09, 34.2675], [131.0913, 34.2666], [131.0922, 34.2662], [131.0931, 34.2662], [131.0938, 34.2665], [131.0946, 34.2663], [131.0948, 34.2657], [131.0953, 34.2656], [131.0962, 34.2647], [131.0963, 34.2642], [131.0976, 34.2632], [131.0983, 34.2629], [131.1006, 34.2629], [131.1011, 34.2627], [131.1021, 34.2618], [131.1027, 34.2628], [131.1038, 34.2633], [131.104, 34.2643], [131.1047, 34.2648], [131.1049, 34.2657], [131.1053, 34.2663], [131.1053, 34.2667], [131.1058, 34.2675], [131.1074, 34.267], [131.1081, 34.2653], [131.1089, 34.265], [131.1097, 34.2644], [131.1103, 34.2643], [131.1118, 34.2638], [131.1129, 34.2637], [131.1147, 34.265], [131.1155, 34.2653], [131.1159, 34.2652], [131.1172, 34.2659], [131.1184, 34.2657], [131.1194, 34.2644], [131.1197, 34.2645], [131.1203, 34.2651], [131.1208, 34.2655], [131.121, 34.2655], [131.1219, 34.2655], [131.1227, 34.2652], [131.1226, 34.2645], [131.1229, 34.2643], [131.1234, 34.2658], [131.1234, 34.2664], [131.1244, 34.2667], [131.1249, 34.2672], [131.1268, 34.2671], [131.1285, 34.2674], [131.1291, 34.2671], [131.1296, 34.2672], [131.131, 34.2681], [131.1322, 34.2684], [131.1344, 34.2701], [131.1359, 34.27], [131.1368, 34.2705], [131.1387, 34.2711], [131.1394, 34.2716], [131.1396, 34.2723], [131.1408, 34.2718], [131.1425, 34.2719], [131.143, 34.2714], [131.1434, 34.2706], [131.1444, 34.2701], [131.1469, 34.2698], [131.149, 34.2694], [131.1501, 34.2696], [131.1513, 34.2696], [131.1527, 34.2703], [131.1536, 34.2703], [131.1543, 34.2709], [131.1551, 34.2709], [131.1592, 34.2686], [131.1595, 34.2678], [131.1594, 34.267], [131.1597, 34.2665], [131.1597, 34.2654], [131.1606, 34.2653], [131.1617, 34.2639], [131.1614, 34.2629], [131.1638, 34.2626], [131.1643, 34.2621], [131.1667, 34.2622], [131.1684, 34.2626], [131.1702, 34.2627], [131.1704, 34.2632], [131.171, 34.2638], [131.1717, 34.2641], [131.1723, 34.2641]]], [[[131.2755, 34.4105], [131.2753, 34.4105], [131.2753, 34.4103], [131.2749, 34.41], [131.2749, 34.4097], [131.2753, 34.4096], [131.2754, 34.4093], [131.2752, 34.4091], [131.2749, 34.4094], [131.2751, 34.4077], [131.275, 34.4074], [131.2747, 34.4073], [131.2751, 34.407], [131.2758, 34.4069], [131.2768, 34.4072], [131.2775, 34.4077], [131.2769, 34.4086], [131.2769, 34.4089], [131.2766, 34.4096], [131.2757, 34.41], [131.2754, 34.41], [131.2756, 34.4104], [131.2755, 34.4105]]], [[[131.2353, 34.4367], [131.2352, 34.4369], [131.2344, 34.4367], [131.2339, 34.4364], [131.2348, 34.4359], [131.2353, 34.4363], [131.2353, 34.4367]]], [[[131.2364, 34.4353], [131.2367, 34.4357], [131.2365, 34.4359], [131.236, 34.4356], [131.2364, 34.4353]]], [[[131.2657, 34.407], [131.2655, 34.4073], [131.2652, 34.4074], [131.2651, 34.4067], [131.2655, 34.4064], [131.2658, 34.4066], [131.2659, 34.4065], [131.2661, 34.4069], [131.2657, 34.407]]], [[[131.2677, 34.4184], [131.2675, 34.4185], [131.2672, 34.4183], [131.2666, 34.4184], [131.266, 34.4178], [131.2662, 34.4178], [131.2661, 34.4168], [131.2664, 34.4166], [131.266, 34.415], [131.2675, 34.4137], [131.2677, 34.4133], [131.2676, 34.4118], [131.2668, 34.4106], [131.267, 34.4106], [131.2672, 34.4103], [131.2676, 34.4101], [131.2682, 34.4101], [131.2705, 34.411], [131.2713, 34.4111], [131.2717, 34.411], [131.2718, 34.4104], [131.2724, 34.4101], [131.2739, 34.4116], [131.2729, 34.4125], [131.2729, 34.4128], [131.2733, 34.413], [131.2734, 34.4132], [131.2732, 34.4133], [131.2731, 34.4135], [131.2722, 34.4134], [131.2715, 34.414], [131.2716, 34.4144], [131.2721, 34.4146], [131.2722, 34.4149], [131.2713, 34.4148], [131.2708, 34.4142], [131.2702, 34.4144], [131.27, 34.4149], [131.2702, 34.4153], [131.27, 34.4157], [131.2701, 34.416], [131.2694, 34.4161], [131.2698, 34.4165], [131.2695, 34.4165], [131.2688, 34.4162], [131.2686, 34.4163], [131.2687, 34.4168], [131.2684, 34.4169], [131.2682, 34.4173], [131.2683, 34.4179], [131.2679, 34.4179], [131.2683, 34.4181], [131.2677, 34.4184]]], [[[131.2274, 34.394], [131.2274, 34.3941], [131.2271, 34.3941], [131.2269, 34.3937], [131.2273, 34.3933], [131.2277, 34.3937], [131.2276, 34.394], [131.2274, 34.394]]], [[[131.2554, 34.394], [131.2547, 34.3943], [131.2539, 34.3941], [131.2536, 34.3939], [131.2535, 34.3935], [131.253, 34.3932], [131.2529, 34.3926], [131.2524, 34.3917], [131.2528, 34.3912], [131.2527, 34.3903], [131.2535, 34.3909], [131.2536, 34.3914], [131.2539, 34.3916], [131.2557, 34.3926], [131.2574, 34.3929], [131.2578, 34.3934], [131.2575, 34.3939], [131.2564, 34.3939], [131.2558, 34.3939], [131.2556, 34.3941], [131.2554, 34.394]]], [[[131.0059, 34.3772], [131.0058, 34.3774], [131.0052, 34.3777], [131.005, 34.3772], [131.0051, 34.3768], [131.0047, 34.3769], [131.0043, 34.3772], [131.0042, 34.3766], [131.0046, 34.3766], [131.0048, 34.3763], [131.006, 34.3762], [131.0068, 34.3764], [131.0069, 34.3768], [131.0065, 34.3775], [131.0059, 34.3772]]], [[[131.0103, 34.3752], [131.0099, 34.3756], [131.0097, 34.3755], [131.0099, 34.3751], [131.0093, 34.3752], [131.0096, 34.3747], [131.01, 34.3746], [131.0103, 34.3748], [131.0103, 34.3752]]], [[[131.0154, 34.3749], [131.0147, 34.3755], [131.0144, 34.3753], [131.0149, 34.375], [131.0149, 34.3747], [131.0152, 34.3748], [131.0155, 34.3746], [131.0156, 34.3748], [131.0154, 34.3749]]], [[[131.0471, 34.4122], [131.0468, 34.4121], [131.0466, 34.4119], [131.0472, 34.412], [131.0473, 34.4122], [131.0471, 34.4122]]], [[[131.0445, 34.4122], [131.044, 34.4126], [131.0443, 34.4122], [131.0447, 34.4121], [131.0445, 34.4122]]], [[[131.0096, 34.3908], [131.0098, 34.391], [131.0094, 34.391], [131.0096, 34.3908]]], [[[131.0156, 34.3926], [131.0156, 34.3929], [131.0155, 34.3928], [131.0156, 34.3926]]], [[[131.0041, 34.3985], [131.0035, 34.398], [131.0041, 34.3983], [131.0041, 34.3985]]], [[[130.9611, 34.4284], [130.9612, 34.429], [130.9607, 34.4294], [130.9605, 34.4292], [130.9608, 34.4288], [130.9606, 34.4285], [130.9609, 34.4283], [130.9611, 34.4284]]], [[[130.9691, 34.3997], [130.9693, 34.3999], [130.9694, 34.4004], [130.9688, 34.401], [130.9681, 34.4001], [130.9691, 34.3997]]]]}, "properties": {"name": "山口県長門市"}}, {"type": "Feature", "geometry": {"type": "MultiPolygon", "coordinates": [[[[132.068, 34.0225], [132.0688, 34.0199], [132.0694, 34.02], [132.0694, 34.0198], [132.0686, 34.0199], [132.0686, 34.0196], [132.0696, 34.0192], [132.0698, 34.0186], [132.0712, 34.0178], [132.0716, 34.0173], [132.073, 34.0173], [132.0735, 34.0169], [132.0729, 34.0167], [132.0728, 34.0164], [132.0726, 34.0163], [132.0728, 34.0159], [132.072, 34.0151], [132.0717, 34.0148], [132.0713, 34.0148], [132.0711, 34.0125], [132.0705, 34.0121], [132.0704, 34.0116], [132.0706, 34.0107], [132.0716, 34.0099], [132.0716, 34.0097], [132.0698, 34.0096], [132.0695, 34.0095], [132.0684, 34.0077], [132.0679, 34.0075], [132.068, 34.007], [132.0674, 34.006], [132.0674, 34.0056], [132.067, 34.0053], [132.0666, 34.0047], [132.0659, 34.0043], [132.0657, 34.003], [132.0663, 34.0024], [132.066, 34.0012], [132.0656, 34.0009], [132.0657, 34.0004], [132.0655, 33.9999], [132.0654, 33.9991], [132.065, 33.9984], [132.0652, 33.9978], [132.0646, 33.9971], [132.064, 33.9968], [132.0639, 33.9963], [132.0643, 33.9953], [132.064, 33.995], [132.0635, 33.995], [132.0628, 33.9939], [132.0636, 33.9924], [132.0636, 33.9911], [132.0641, 33.9903], [132.063, 33.9901], [132.0629, 33.9899], [132.063, 33.9895], [132.0625, 33.9888], [132.0621, 33.9877], [132.0615, 33.987], [132.0611, 33.986], [132.0607, 33.9856], [132.0612, 33.9851], [132.061, 33.9836], [132.0614, 33.9829], [132.0619, 33.9787], [132.0617, 33.9786], [132.0619, 33.978], [132.0625, 33.9724], [132.0638, 33.9652], [132.0599, 33.9639], [132.0575, 33.9617], [132.0572, 33.961], [132.0572, 33.9586], [132.0578, 33.9582], [132.0589, 33.958], [132.0593, 33.9577], [132.06, 33.9566], [132.0594, 33.9554], [132.06, 33.9548], [132.062, 33.9555], [132.0622, 33.9559], [132.0626, 33.9556], [132.0631, 33.9564], [132.0641, 33.9563], [132.0645, 33.9554], [132.0658, 33.9554], [132.0671, 33.9546], [132.0677, 33.9549], [132.068, 33.9554], [132.0691, 33.9558], [132.0701, 33.9553], [132.0707, 33.9556], [132.0715, 33.9554], [132.072, 33.9559], [132.0726, 33.956], [132.0734, 33.9558], [132.075, 33.956], [132.0757, 33.9555], [132.0767, 33.9555], [132.0795, 33.9573], [132.0809, 33.9574], [132.0817, 33.9571], [132.0853, 33.9586], [132.0862, 33.9583], [132.0872, 33.9585], [132.0877, 33.9575], [132.0884, 33.9567], [132.089, 33.9566], [132.0899, 33.9568], [132.0914, 33.9576], [132.0923, 33.9574], [132.0932, 33.9581], [132.0936, 33.9582], [132.0948, 33.9577], [132.0949, 33.9572], [132.0948, 33.9568], [132.0955, 33.9569], [132.0961, 33.9571], [132.0967, 33.9553], [132.0972, 33.9551], [132.0977, 33.9551], [132.0981, 33.9554], [132.0987, 33.955], [132.099, 33.9552], [132.0997, 33.9549], [132.1001, 33.9549], [132.1017, 33.9539], [132.1027, 33.9529], [132.1045, 33.9525], [132.1056, 33.9517], [132.1065, 33.9515], [132.1069, 33.9502], [132.1075, 33.9494], [132.1072, 33.949], [132.1065, 33.9488], [132.1052, 33.9476], [132.1052, 33.9474], [132.1056, 33.9471], [132.1052, 33.9464], [132.1055, 33.9455], [132.1052, 33.945], [132.1057, 33.9436], [132.108, 33.9436], [132.1098, 33.9428], [132.11, 33.9426], [132.1091, 33.9418], [132.1089, 33.9413], [132.1076, 33.9411], [132.1074, 33.9409], [132.1074, 33.9404], [132.1066, 33.9403], [132.1065, 33.9396], [132.1057, 33.9392], [132.1056, 33.939], [132.1056, 33.9381], [132.1066, 33.9368], [132.1067, 33.9362], [132.1066, 33.9358], [132.1071, 33.9351], [132.107, 33.9335], [132.1074, 33.9331], [132.1081, 33.9331], [132.1083, 33.933], [132.1082, 33.9326], [132.1076, 33.9315], [132.1071, 33.9313], [132.1068, 33.9299], [132.1071, 33.9293], [132.1071, 33.9273], [132.1074, 33.9269], [132.108, 33.9267], [132.1077, 33.926], [132.1082, 33.9256], [132.108, 33.9252], [132.1082, 33.9241], [132.1075, 33.9233], [132.1077, 33.9225], [132.107, 33.922], [132.1063, 33.9205], [132.1057, 33.92], [132.1053, 33.9192], [132.1045, 33.9186], [132.1042, 33.9177], [132.1036, 33.9172], [132.1035, 33.9167], [132.1033, 33.9164], [132.1026, 33.9164], [132.1021, 33.9155], [132.1011, 33.9148], [132.101, 33.9146], [132.0994, 33.9139], [132.0988, 33.914], [132.0984, 33.9137], [132.098, 33.9139], [132.0972, 33.9134], [132.0956, 33.9133], [132.0946, 33.913], [132.0954, 33.9121], [132.0955, 33.9109], [132.0962, 33.9107], [132.0966, 33.9099], [132.0967, 33.9093], [132.0965, 33.9083], [132.0976, 33.9083], [132.0988, 33.9075], [132.1, 33.9075], [132.1019, 33.9063], [132.1024, 33.9061], [132.103, 33.906], [132.1034, 33.9058], [132.1034, 33.9041], [132.104, 33.9032], [132.1039, 33.902], [132.1041, 33.901], [132.1052, 33.9005], [132.1063, 33.9004], [132.1073, 33.9001], [132.1077, 33.8993], [132.1089, 33.8977], [132.1085, 33.8972], [132.1086, 33.897], [132.1093, 33.896], [132.11, 33.8946], [132.1097, 33.8935], [132.1096, 33.8926], [132.11, 33.8914], [132.1113, 33.8908], [132.1116, 33.8901], [132.1121, 33.8895], [132.1132, 33.889], [132.116, 33.8872], [132.1169, 33.8864], [132.1172, 33.886], [132.1169, 33.885], [132.1179, 33.8841], [132.1187, 33.884], [132.1196, 33.8842], [132.1202, 33.8835], [132.1215, 33.8834], [132.1217, 33.8827], [132.1224, 33.8819], [132.1231, 33.8804], [132.1241, 33.8798], [132.1249, 33.8797], [132.1257, 33.8797], [132.1258, 33.8789], [132.1264, 33.878], [132.1275, 33.8774], [132.1282, 33.8773], [132.1285, 33.877], [132.1292, 33.8767], [132.131, 33.8761], [132.1314, 33.8754], [132.1323, 33.8751], [132.1329, 33.8746], [132.1334, 33.8745], [132.1338, 33.8738], [132.1344, 33.8735], [132.1348, 33.8723], [132.1341, 33.8714], [132.1337, 33.8691], [132.1338, 33.8677], [132.1346, 33.8664], [132.1343, 33.8651], [132.1338, 33.8641], [132.1333, 33.862], [132.1344, 33.8603], [132.1349, 33.8599], [132.1358, 33.8575], [132.136, 33.8564], [132.1366, 33.8556], [132.1369, 33.8548], [132.1374, 33.8543], [132.1375, 33.8536], [132.1401, 33.8529], [132.141, 33.8529], [132.1423, 33.8532], [132.1431, 33.8513], [132.1435, 33.8507], [132.1456, 33.8495], [132.1477, 33.8478], [132.1501, 33.8469], [132.1525, 33.8432], [132.157, 33.8446], [132.1583, 33.8467], [132.1579, 33.8481], [132.1579, 33.8483], [132.1577, 33.8482], [132.1576, 33.8485], [132.158, 33.8485], [132.1582, 33.8488], [132.158, 33.8486], [132.1576, 33.8486], [132.1579, 33.8492], [132.1584, 33.8493], [132.1575, 33.8493], [132.1582, 33.8496], [132.1583, 33.8495], [132.1591, 33.85], [132.1595, 33.8509], [132.1594, 33.8513], [132.1589, 33.8523], [132.159, 33.853], [132.1587, 33.8531], [132.1589, 33.8533], [132.1587, 33.8533], [132.1585, 33.8545], [132.1588, 33.8559], [132.1581, 33.8566], [132.1577, 33.8574], [132.1577, 33.858], [132.1584, 33.8593], [132.1583, 33.86], [132.1576, 33.8607], [132.1557, 33.8619], [132.1523, 33.8625], [132.1491, 33.8639], [132.1484, 33.8643], [132.1472, 33.8659], [132.147, 33.8678], [132.147, 33.8668], [132.1464, 33.8669], [132.1462, 33.8671], [132.1463, 33.8673], [132.1461, 33.8673], [132.146, 33.8674], [132.1467, 33.8674], [132.146, 33.8674], [132.1458, 33.8696], [132.1461, 33.8703], [132.1467, 33.871], [132.147, 33.8711], [132.1478, 33.8721], [132.1484, 33.8734], [132.1483, 33.8749], [132.147, 33.8754], [132.1464, 33.8755], [132.1457, 33.8754], [132.1435, 33.876], [132.1404, 33.8772], [132.1366, 33.8791], [132.1357, 33.8804], [132.1358, 33.8809], [132.1364, 33.8813], [132.1366, 33.8824], [132.1358, 33.8825], [132.135, 33.8837], [132.1344, 33.8826], [132.1333, 33.8816], [132.1302, 33.8834], [132.1299, 33.884], [132.1306, 33.8844], [132.1308, 33.8848], [132.1316, 33.8865], [132.1311, 33.8867], [132.1307, 33.8861], [132.1292, 33.887], [132.1283, 33.888], [132.1279, 33.8879], [132.1275, 33.8884], [132.1279, 33.888], [132.1286, 33.8882], [132.1286, 33.8902], [132.1291, 33.8902], [132.1286, 33.8903], [132.1287, 33.8916], [132.1291, 33.8916], [132.1276, 33.8919], [132.129, 33.8918], [132.1291, 33.8922], [132.1295, 33.8925], [132.131, 33.8934], [132.1319, 33.8934], [132.1327, 33.8941], [132.131, 33.8951], [132.1303, 33.895], [132.1304, 33.8955], [132.1281, 33.8978], [132.1271, 33.8973], [132.1269, 33.8977], [132.1277, 33.8978], [132.1273, 33.8988], [132.1282, 33.8994], [132.127, 33.8987], [132.1268, 33.8988], [132.1269, 33.8996], [132.1271, 33.8995], [132.1271, 33.8999], [132.1278, 33.9], [132.128, 33.8998], [132.1278, 33.9002], [132.1272, 33.9006], [132.1277, 33.9015], [132.1276, 33.9017], [132.1288, 33.9031], [132.1287, 33.9036], [132.1291, 33.9039], [132.1303, 33.9039], [132.1316, 33.9047], [132.1313, 33.9073], [132.1318, 33.9082], [132.132, 33.9095], [132.1317, 33.9101], [132.1307, 33.9106], [132.1308, 33.9108], [132.1306, 33.9109], [132.1286, 33.9143], [132.1294, 33.9146], [132.1269, 33.9136], [132.129, 33.9146], [132.1287, 33.9156], [132.1289, 33.9146], [132.1284, 33.9146], [132.1281, 33.9152], [132.1284, 33.9152], [132.1283, 33.9155], [132.1276, 33.9168], [132.1272, 33.9169], [132.1276, 33.9171], [132.1276, 33.919], [132.1271, 33.9211], [132.1272, 33.9213], [132.1266, 33.9232], [132.1267, 33.9238], [132.1259, 33.9252], [132.1258, 33.9256], [132.1255, 33.9256], [132.1259, 33.9257], [132.1252, 33.9264], [132.1251, 33.927], [132.1253, 33.9273], [132.1254, 33.9282], [132.1251, 33.9287], [132.1259, 33.9302], [132.1253, 33.933], [132.1255, 33.9339], [132.1254, 33.9347], [132.1257, 33.9349], [132.1255, 33.9349], [132.1254, 33.9355], [132.1258, 33.9356], [132.1261, 33.9362], [132.1261, 33.9368], [132.1261, 33.9362], [132.1257, 33.9357], [132.1254, 33.9358], [132.1255, 33.9366], [132.1258, 33.9366], [132.1253, 33.9366], [132.1257, 33.9381], [132.1259, 33.9384], [132.1265, 33.9384], [132.1259, 33.9384], [132.1258, 33.9385], [132.1265, 33.9386], [132.1256, 33.9385], [132.1259, 33.9392], [132.126, 33.9397], [132.1262, 33.9399], [132.1259, 33.9401], [132.1258, 33.9407], [132.1263, 33.9408], [132.1258, 33.9408], [132.1255, 33.9421], [132.1254, 33.9415], [132.1246, 33.941], [132.1244, 33.9414], [132.1245, 33.9409], [132.124, 33.9414], [132.1231, 33.9417], [132.1222, 33.9435], [132.1212, 33.9469], [132.1203, 33.9479], [132.119, 33.9489], [132.1187, 33.9488], [132.1182, 33.9492], [132.1184, 33.9493], [132.1181, 33.9499], [132.1182, 33.9506], [132.1172, 33.9505], [132.1182, 33.9507], [132.1181, 33.9512], [132.1177, 33.9512], [132.119, 33.9516], [132.119, 33.9523], [132.1187, 33.953], [132.1175, 33.9543], [132.1163, 33.9551], [132.1153, 33.9559], [132.1141, 33.9564], [132.1136, 33.957], [132.1136, 33.9574], [132.1134, 33.9577], [132.1136, 33.9582], [132.1147, 33.9579], [132.1182, 33.9548], [132.1185, 33.9548], [132.1191, 33.9565], [132.12, 33.9563], [132.1201, 33.9565], [132.1205, 33.9582], [132.1195, 33.9586], [132.1195, 33.9585], [132.1182, 33.9597], [132.1186, 33.9599], [132.1179, 33.9606], [132.1178, 33.9615], [132.1166, 33.9616], [132.1156, 33.9622], [132.1183, 33.9623], [132.1183, 33.9619], [132.1184, 33.9623], [132.1194, 33.9627], [132.1195, 33.9627], [132.1185, 33.9617], [132.1183, 33.9611], [132.1197, 33.9589], [132.1206, 33.9587], [132.1206, 33.9591], [132.1213, 33.9601], [132.1219, 33.9597], [132.1214, 33.9587], [132.1215, 33.9584], [132.1204, 33.9543], [132.1209, 33.9527], [132.1246, 33.9471], [132.126, 33.9477], [132.1264, 33.9483], [132.1292, 33.9468], [132.1291, 33.9463], [132.1297, 33.9471], [132.1296, 33.9471], [132.1301, 33.9479], [132.1304, 33.9478], [132.1301, 33.948], [132.1302, 33.9481], [132.1307, 33.9482], [132.1313, 33.9491], [132.1313, 33.9492], [132.131, 33.9494], [132.132, 33.9506], [132.1319, 33.9506], [132.1307, 33.9491], [132.1278, 33.9504], [132.1296, 33.953], [132.128, 33.9554], [132.1278, 33.9572], [132.1281, 33.9573], [132.1283, 33.9572], [132.1284, 33.9562], [132.1304, 33.9559], [132.1285, 33.9562], [132.1284, 33.9567], [132.1298, 33.9566], [132.1299, 33.9569], [132.1295, 33.9569], [132.1299, 33.957], [132.1299, 33.9574], [132.131, 33.9574], [132.131, 33.9569], [132.13, 33.9567], [132.1309, 33.9568], [132.1307, 33.9557], [132.1304, 33.9555], [132.1308, 33.9557], [132.131, 33.9569], [132.1317, 33.9569], [132.1317, 33.9566], [132.1318, 33.9568], [132.1328, 33.9569], [132.1327, 33.9561], [132.1328, 33.9561], [132.1332, 33.9568], [132.1337, 33.9567], [132.1336, 33.9564], [132.1337, 33.9564], [132.1337, 33.9567], [132.1339, 33.9567], [132.1338, 33.9554], [132.1348, 33.9553], [132.1349, 33.9567], [132.14, 33.9562], [132.1404, 33.9569], [132.1404, 33.9561], [132.1423, 33.9559], [132.1424, 33.9565], [132.1428, 33.9568], [132.1428, 33.9565], [132.1428, 33.9567], [132.1435, 33.9566], [132.1434, 33.9563], [132.1427, 33.9564], [132.1428, 33.9561], [132.1428, 33.9563], [132.1435, 33.9562], [132.1434, 33.9558], [132.1426, 33.9558], [132.1434, 33.9558], [132.1436, 33.9566], [132.1455, 33.9565], [132.1462, 33.9566], [132.1474, 33.9566], [132.1492, 33.9565], [132.1492, 33.9563], [132.1492, 33.9566], [132.1525, 33.9562], [132.1581, 33.9571], [132.1605, 33.9573], [132.164, 33.9586], [132.1644, 33.958], [132.1641, 33.9585], [132.1657, 33.9592], [132.1662, 33.9586], [132.1673, 33.9591], [132.1672, 33.9595], [132.1672, 33.9591], [132.1662, 33.9587], [132.1657, 33.9593], [132.1666, 33.9599], [132.1667, 33.9597], [132.1672, 33.9599], [132.1674, 33.9598], [132.1679, 33.96], [132.1674, 33.9598], [132.1671, 33.96], [132.1678, 33.9604], [132.168, 33.9601], [132.168, 33.9602], [132.1684, 33.9604], [132.1716, 33.9613], [132.1727, 33.9611], [132.173, 33.9611], [132.1718, 33.9614], [132.1718, 33.9616], [132.1724, 33.9617], [132.1725, 33.9616], [132.173, 33.9617], [132.1732, 33.9615], [132.1733, 33.9612], [132.1734, 33.9622], [132.1735, 33.9613], [132.1742, 33.9614], [132.1744, 33.9609], [132.1758, 33.9613], [132.1762, 33.9612], [132.1757, 33.9613], [132.1744, 33.9609], [132.1742, 33.9613], [132.176, 33.9618], [132.1757, 33.9617], [132.1755, 33.9621], [132.1755, 33.9622], [132.1759, 33.9623], [132.176, 33.9624], [132.1762, 33.962], [132.1762, 33.9622], [132.1764, 33.9623], [132.1766, 33.962], [132.1766, 33.9618], [132.1763, 33.9614], [132.1767, 33.9618], [132.1781, 33.9621], [132.1771, 33.9619], [132.1768, 33.9626], [132.1775, 33.9628], [132.1777, 33.9624], [132.1775, 33.9631], [132.178, 33.9632], [132.1789, 33.9633], [132.1803, 33.9628], [132.1799, 33.963], [132.1801, 33.9633], [132.1804, 33.9632], [132.1804, 33.963], [132.1824, 33.9626], [132.1826, 33.9624], [132.1827, 33.9626], [132.1826, 33.9619], [132.1836, 33.962], [132.1846, 33.9616], [132.1847, 33.962], [132.185, 33.9623], [132.1866, 33.963], [132.1873, 33.9635], [132.1892, 33.9656], [132.1895, 33.9657], [132.1896, 33.9656], [132.1895, 33.9657], [132.1897, 33.9664], [132.1903, 33.9678], [132.1906, 33.9682], [132.191, 33.9681], [132.1907, 33.9682], [132.1906, 33.9686], [132.1913, 33.97], [132.1914, 33.9702], [132.1917, 33.9702], [132.1914, 33.9703], [132.1916, 33.9707], [132.1922, 33.9704], [132.1922, 33.9703], [132.1922, 33.9704], [132.192, 33.9706], [132.1923, 33.9712], [132.1925, 33.9712], [132.1921, 33.9714], [132.1925, 33.972], [132.1931, 33.9716], [132.1928, 33.971], [132.1932, 33.9716], [132.1929, 33.9718], [132.1929, 33.9726], [132.1959, 33.9756], [132.1966, 33.9772], [132.1987, 33.9807], [132.1974, 33.9812], [132.1966, 33.9813], [132.1956, 33.9822], [132.1944, 33.9826], [132.1936, 33.9836], [132.1938, 33.984], [132.195, 33.9849], [132.1953, 33.9863], [132.1953, 33.987], [132.1958, 33.9872], [132.196, 33.9877], [132.1967, 33.9887], [132.1966, 33.989], [132.1955, 33.9889], [132.1955, 33.9891], [132.1961, 33.9895], [132.1961, 33.9899], [132.1958, 33.9902], [132.195, 33.9902], [132.1948, 33.991], [132.1942, 33.9916], [132.1938, 33.9946], [132.1947, 33.9965], [132.1948, 33.9973], [132.1946, 33.9979], [132.1939, 33.9983], [132.1938, 33.9992], [132.1933, 33.9997], [132.1937, 34.0001], [132.1942, 34.0011], [132.1949, 34.002], [132.1946, 34.0032], [132.1948, 34.004], [132.1947, 34.0052], [132.1949, 34.0059], [132.1944, 34.0074], [132.1956, 34.0085], [132.1967, 34.0109], [132.1966, 34.0114], [132.196, 34.0119], [132.195, 34.0129], [132.1939, 34.013], [132.1932, 34.0135], [132.1929, 34.014], [132.192, 34.0145], [132.1922, 34.0159], [132.1913, 34.0171], [132.1904, 34.0176], [132.1898, 34.0181], [132.1892, 34.018], [132.1882, 34.0181], [132.1879, 34.0192], [132.1876, 34.0195], [132.1867, 34.0196], [132.186, 34.0192], [132.1853, 34.0196], [132.1847, 34.0203], [132.1831, 34.019], [132.1812, 34.0191], [132.1792, 34.0183], [132.1774, 34.0188], [132.1771, 34.0183], [132.1766, 34.0179], [132.1749, 34.0173], [132.1729, 34.0175], [132.1708, 34.0173], [132.1703, 34.017], [132.1694, 34.0173], [132.1678, 34.017], [132.1652, 34.0173], [132.1632, 34.018], [132.1621, 34.0179], [132.1617, 34.0185], [132.1601, 34.0195], [132.1597, 34.02], [132.1588, 34.0204], [132.1586, 34.0215], [132.1588, 34.022], [132.1581, 34.0223], [132.158, 34.0226], [132.1585, 34.0229], [132.1591, 34.023], [132.159, 34.0234], [132.1582, 34.0238], [132.1575, 34.0235], [132.1572, 34.0237], [132.1572, 34.0248], [132.1554, 34.0255], [132.1541, 34.0271], [132.1536, 34.0282], [132.1508, 34.0295], [132.1497, 34.0292], [132.1489, 34.0293], [132.1478, 34.0312], [132.1466, 34.0321], [132.1465, 34.0326], [132.1437, 34.0326], [132.1429, 34.0319], [132.1423, 34.0317], [132.142, 34.0318], [132.1422, 34.0321], [132.1426, 34.0324], [132.1426, 34.0337], [132.1424, 34.0345], [132.1425, 34.0352], [132.142, 34.0357], [132.1418, 34.0361], [132.1412, 34.0364], [132.1412, 34.0378], [132.141, 34.0393], [132.139, 34.0427], [132.138, 34.0429], [132.1377, 34.0434], [132.1365, 34.0434], [132.1362, 34.0439], [132.135, 34.0445], [132.1335, 34.0439], [132.1332, 34.0433], [132.1328, 34.043], [132.131, 34.0427], [132.1306, 34.0429], [132.1288, 34.0432], [132.1276, 34.0438], [132.1272, 34.0446], [132.1264, 34.0449], [132.1261, 34.0465], [132.1255, 34.0469], [132.1249, 34.0484], [132.1249, 34.049], [132.1247, 34.0497], [132.1236, 34.0506], [132.1229, 34.0507], [132.1206, 34.0518], [132.1203, 34.0518], [132.1195, 34.0511], [132.1182, 34.0506], [132.1173, 34.0507], [132.1154, 34.0501], [132.1149, 34.0502], [132.114, 34.0497], [132.1131, 34.05], [132.112, 34.0511], [132.1108, 34.0514], [132.1105, 34.0522], [132.1092, 34.0523], [132.1083, 34.0525], [132.1078, 34.0527], [132.106, 34.0523], [132.1048, 34.0528], [132.1038, 34.0528], [132.1034, 34.0525], [132.102, 34.0521], [132.1013, 34.0509], [132.1003, 34.0504], [132.0995, 34.0491], [132.0985, 34.0484], [132.0979, 34.0483], [132.0967, 34.0487], [132.0948, 34.0482], [132.0942, 34.0477], [132.0945, 34.0471], [132.0939, 34.0458], [132.0914, 34.0449], [132.089, 34.0429], [132.0887, 34.0412], [132.0881, 34.0411], [132.0877, 34.04], [132.0868, 34.0385], [132.0867, 34.038], [132.0861, 34.0378], [132.0861, 34.0371], [132.0851, 34.0364], [132.0842, 34.0365], [132.0835, 34.0354], [132.0834, 34.0344], [132.0828, 34.0341], [132.0827, 34.0335], [132.0823, 34.0329], [132.0817, 34.0325], [132.0822, 34.032], [132.0818, 34.0316], [132.0819, 34.0313], [132.0817, 34.0308], [132.0819, 34.0301], [132.0818, 34.0294], [132.0803, 34.0283], [132.0797, 34.0283], [132.0785, 34.0266], [132.0775, 34.026], [132.0772, 34.0253], [132.075, 34.0255], [132.0729, 34.0255], [132.0725, 34.0248], [132.072, 34.0243], [132.071, 34.0244], [132.07, 34.0237], [132.0691, 34.0236], [132.0689, 34.0231], [132.068, 34.0225]], [[132.1265, 33.9484], [132.1277, 33.9503], [132.1307, 33.9489], [132.1294, 33.9469], [132.1265, 33.9484]]], [[[132.1354, 33.9187], [132.1348, 33.9187], [132.134, 33.9184], [132.1337, 33.9186], [132.1333, 33.9181], [132.1331, 33.9176], [132.1334, 33.9167], [132.1342, 33.9172], [132.1346, 33.918], [132.1353, 33.9184], [132.1354, 33.9187]]], [[[132.2096, 33.8168], [132.2092, 33.8182], [132.2076, 33.8168], [132.2067, 33.8169], [132.206, 33.8173], [132.2057, 33.8171], [132.2054, 33.8158], [132.2047, 33.8149], [132.2047, 33.8144], [132.2036, 33.814], [132.2037, 33.8138], [132.2034, 33.8137], [132.2025, 33.8137], [132.2023, 33.8142], [132.2017, 33.8143], [132.2017, 33.8145], [132.2016, 33.8143], [132.2009, 33.8144], [132.2007, 33.8132], [132.2005, 33.8132], [132.2006, 33.8143], [132.1997, 33.8144], [132.1995, 33.8129], [132.1992, 33.8128], [132.1979, 33.813], [132.1976, 33.8124], [132.1971, 33.812], [132.197, 33.8115], [132.1964, 33.8113], [132.1955, 33.8112], [132.1946, 33.8108], [132.1947, 33.8105], [132.195, 33.8102], [132.1947, 33.8099], [132.195, 33.81], [132.1957, 33.8092], [132.1955, 33.8088], [132.195, 33.8086], [132.195, 33.8083], [132.1944, 33.8079], [132.1922, 33.8076], [132.1915, 33.8073], [132.191, 33.8074], [132.1903, 33.8072], [132.19, 33.8074], [132.19, 33.8071], [132.1899, 33.8071], [132.1893, 33.8079], [132.1879, 33.8078], [132.1865, 33.8085], [132.1864, 33.8089], [132.1866, 33.8102], [132.1862, 33.8108], [132.1857, 33.8109], [132.1851, 33.8108], [132.1833, 33.8098], [132.1819, 33.8098], [132.1808, 33.8096], [132.1771, 33.8082], [132.1763, 33.8074], [132.1731, 33.8054], [132.1725, 33.8047], [132.1721, 33.8039], [132.172, 33.8028], [132.1723, 33.8007], [132.1722, 33.7976], [132.1738, 33.7956], [132.1738, 33.7952], [132.1741, 33.795], [132.174, 33.7948], [132.1742, 33.7947], [132.1743, 33.795], [132.1748, 33.7951], [132.1756, 33.7958], [132.1778, 33.7972], [132.1825, 33.7991], [132.1857, 33.8006], [132.1906, 33.8041], [132.1933, 33.8042], [132.1966, 33.8041], [132.1976, 33.8039], [132.1991, 33.8031], [132.1999, 33.8024], [132.1997, 33.8023], [132.1998, 33.8021], [132.1994, 33.8019], [132.1996, 33.8016], [132.2003, 33.802], [132.2004, 33.8019], [132.201, 33.801], [132.2004, 33.8005], [132.2006, 33.8003], [132.2013, 33.8008], [132.2016, 33.8003], [132.2016, 33.7999], [132.2012, 33.7993], [132.2009, 33.7996], [132.201, 33.7992], [132.2002, 33.7998], [132.1999, 33.8004], [132.2001, 33.7997], [132.2007, 33.7994], [132.2004, 33.7979], [132.2005, 33.7968], [132.2019, 33.7933], [132.2033, 33.7919], [132.2045, 33.7911], [132.2073, 33.7898], [132.2092, 33.7894], [132.211, 33.7887], [132.2122, 33.7878], [132.214, 33.7859], [132.2144, 33.785], [132.2142, 33.7847], [132.2146, 33.7845], [132.215, 33.7841], [132.2149, 33.7834], [132.2152, 33.783], [132.2151, 33.7827], [132.2155, 33.7821], [132.2152, 33.7817], [132.2155, 33.7814], [132.2152, 33.7812], [132.2158, 33.7811], [132.2157, 33.7809], [132.2162, 33.7809], [132.2167, 33.7813], [132.2166, 33.7815], [132.217, 33.7819], [132.2184, 33.7824], [132.2207, 33.7824], [132.222, 33.7826], [132.223, 33.783], [132.2267, 33.7827], [132.2271, 33.7825], [132.2271, 33.7823], [132.2273, 33.782], [132.2281, 33.7819], [132.2295, 33.7813], [132.2301, 33.7815], [132.2305, 33.7821], [132.2314, 33.7825], [132.2321, 33.7833], [132.2326, 33.7834], [132.2326, 33.7835], [132.233, 33.7837], [132.2357, 33.7835], [132.2381, 33.7829], [132.239, 33.7825], [132.2392, 33.782], [132.2403, 33.7821], [132.2414, 33.7816], [132.2429, 33.7806], [132.2433, 33.78], [132.2438, 33.7798], [132.2438, 33.7794], [132.2441, 33.7793], [132.2442, 33.7793], [132.2441, 33.7795], [132.2445, 33.7794], [132.2447, 33.7791], [132.2461, 33.7783], [132.2465, 33.7777], [132.2463, 33.7775], [132.2465, 33.7772], [132.2463, 33.7771], [132.2467, 33.777], [132.2467, 33.7766], [132.2469, 33.7766], [132.2476, 33.7764], [132.2494, 33.7743], [132.2498, 33.7741], [132.2509, 33.7739], [132.2525, 33.7729], [132.2543, 33.7721], [132.2547, 33.7715], [132.2557, 33.7715], [132.2564, 33.7711], [132.2567, 33.7705], [132.2576, 33.7686], [132.2573, 33.7672], [132.2569, 33.7669], [132.2573, 33.7666], [132.2577, 33.7667], [132.2576, 33.767], [132.2582, 33.7671], [132.258, 33.7675], [132.258, 33.7684], [132.2586, 33.7688], [132.2585, 33.7692], [132.2591, 33.7698], [132.2591, 33.7701], [132.2608, 33.7714], [132.2636, 33.7737], [132.2647, 33.774], [132.266, 33.7739], [132.2665, 33.7743], [132.2671, 33.7743], [132.2672, 33.7746], [132.2674, 33.7746], [132.2672, 33.7751], [132.2674, 33.7757], [132.2686, 33.7765], [132.2688, 33.7769], [132.2698, 33.7777], [132.2701, 33.7777], [132.2711, 33.7782], [132.2734, 33.7802], [132.2743, 33.7813], [132.2743, 33.7818], [132.2735, 33.7823], [132.2725, 33.7824], [132.2706, 33.7822], [132.2691, 33.7816], [132.2683, 33.781], [132.2677, 33.7801], [132.2669, 33.7796], [132.2662, 33.7796], [132.2662, 33.7794], [132.2659, 33.7794], [132.2653, 33.7797], [132.2651, 33.7794], [132.2648, 33.7794], [132.2629, 33.7796], [132.2637, 33.7794], [132.2657, 33.7792], [132.2655, 33.7786], [132.2649, 33.778], [132.2639, 33.7781], [132.2643, 33.779], [132.2639, 33.7781], [132.2632, 33.7783], [132.2635, 33.779], [132.2632, 33.7791], [132.2629, 33.7786], [132.2611, 33.7793], [132.2582, 33.7809], [132.26, 33.7799], [132.2597, 33.7795], [132.258, 33.7808], [132.2582, 33.781], [132.2581, 33.7813], [132.2582, 33.7814], [132.2578, 33.7818], [132.2578, 33.7822], [132.2577, 33.7818], [132.2572, 33.7815], [132.2566, 33.7823], [132.2567, 33.7825], [132.2565, 33.7825], [132.2571, 33.7826], [132.2565, 33.7826], [132.2565, 33.7834], [132.2569, 33.7834], [132.2574, 33.7829], [132.259, 33.7817], [132.257, 33.7833], [132.2573, 33.7835], [132.2571, 33.7836], [132.257, 33.7841], [132.2574, 33.7861], [132.257, 33.7874], [132.2558, 33.789], [132.2536, 33.7901], [132.2511, 33.793], [132.2496, 33.7953], [132.2484, 33.7963], [132.2472, 33.7967], [132.2462, 33.7965], [132.2455, 33.796], [132.2452, 33.7948], [132.2443, 33.7946], [132.2439, 33.7952], [132.2435, 33.7954], [132.2429, 33.7954], [132.2423, 33.795], [132.2411, 33.7955], [132.2409, 33.796], [132.2409, 33.7975], [132.2405, 33.7981], [132.2401, 33.7984], [132.2396, 33.7985], [132.2391, 33.7984], [132.2384, 33.7975], [132.2381, 33.7974], [132.2374, 33.7974], [132.2362, 33.7979], [132.2351, 33.7994], [132.2349, 33.8004], [132.2341, 33.8006], [132.2337, 33.8008], [132.233, 33.8017], [132.2327, 33.8023], [132.2329, 33.8043], [132.2338, 33.805], [132.2338, 33.8056], [132.2335, 33.806], [132.2313, 33.8075], [132.2299, 33.808], [132.2293, 33.808], [132.229, 33.8079], [132.2292, 33.8074], [132.229, 33.807], [132.2283, 33.8068], [132.2276, 33.8069], [132.2274, 33.8064], [132.2271, 33.8063], [132.2254, 33.8069], [132.2242, 33.8077], [132.2233, 33.8087], [132.223, 33.8102], [132.2235, 33.813], [132.2219, 33.8153], [132.2212, 33.8158], [132.2204, 33.8161], [132.2194, 33.8159], [132.2188, 33.8157], [132.2183, 33.8149], [132.2177, 33.8147], [132.217, 33.8148], [132.2165, 33.8151], [132.2154, 33.8153], [132.2135, 33.8149], [132.2124, 33.8155], [132.2107, 33.8157], [132.2096, 33.8168]]], [[[132.2588, 33.8169], [132.2568, 33.8174], [132.2557, 33.8174], [132.2537, 33.8163], [132.2526, 33.8164], [132.2516, 33.816], [132.2496, 33.8145], [132.2492, 33.8136], [132.2494, 33.8106], [132.2501, 33.8097], [132.2515, 33.8074], [132.2515, 33.8065], [132.2532, 33.8065], [132.2541, 33.8066], [132.2549, 33.8072], [132.2553, 33.8076], [132.2571, 33.8113], [132.2571, 33.8131], [132.2576, 33.8139], [132.2578, 33.8139], [132.2586, 33.8152], [132.2591, 33.8166], [132.2596, 33.8168], [132.2588, 33.8169]]]]}, "properties": {"name": "山口県柳井市"}}, {"type": "Feature", "geometry": {"type": "Polygon", "coordinates": [[[131.1116, 34.0959], [131.1135, 34.0961], [131.1142, 34.0958], [131.1165, 34.0936], [131.1189, 34.0931], [131.1197, 34.0921], [131.1188, 34.091], [131.1189, 34.0893], [131.1184, 34.0888], [131.1184, 34.0883], [131.119, 34.0879], [131.1211, 34.0882], [131.1219, 34.088], [131.1224, 34.087], [131.1239, 34.0861], [131.1234, 34.0851], [131.1238, 34.0841], [131.1241, 34.084], [131.1248, 34.0843], [131.1252, 34.0842], [131.1254, 34.0834], [131.1249, 34.083], [131.125, 34.0829], [131.1277, 34.082], [131.1289, 34.0819], [131.1293, 34.082], [131.1289, 34.0834], [131.1298, 34.0834], [131.1302, 34.0839], [131.1305, 34.0856], [131.1319, 34.0854], [131.1329, 34.0859], [131.1356, 34.0861], [131.1368, 34.0867], [131.1381, 34.0869], [131.1403, 34.088], [131.1412, 34.0886], [131.142, 34.0882], [131.1427, 34.0882], [131.1444, 34.0869], [131.1448, 34.0874], [131.1459, 34.0872], [131.1464, 34.0876], [131.1465, 34.0878], [131.1462, 34.0893], [131.1464, 34.0906], [131.1467, 34.091], [131.1474, 34.0914], [131.1505, 34.0916], [131.1532, 34.0915], [131.1541, 34.0911], [131.1564, 34.0896], [131.1569, 34.0895], [131.1575, 34.0899], [131.1585, 34.09], [131.1589, 34.0904], [131.1592, 34.0921], [131.1598, 34.0925], [131.16, 34.0931], [131.1602, 34.0932], [131.1608, 34.0932], [131.1617, 34.0926], [131.1639, 34.0927], [131.1643, 34.0929], [131.1642, 34.0944], [131.1659, 34.0951], [131.167, 34.096], [131.1684, 34.0978], [131.1689, 34.0989], [131.1691, 34.0998], [131.1695, 34.0999], [131.1696, 34.1008], [131.1703, 34.1027], [131.1703, 34.1045], [131.1709, 34.1052], [131.1706, 34.1057], [131.1708, 34.1063], [131.1708, 34.1076], [131.1739, 34.1099], [131.1742, 34.1106], [131.1744, 34.112], [131.1753, 34.113], [131.1763, 34.1131], [131.1782, 34.1139], [131.1787, 34.1142], [131.1791, 34.1147], [131.18, 34.1177], [131.1808, 34.1182], [131.1832, 34.1185], [131.184, 34.1193], [131.1861, 34.1197], [131.1893, 34.1197], [131.1908, 34.119], [131.1912, 34.1183], [131.1918, 34.1177], [131.1915, 34.1172], [131.1929, 34.1167], [131.1938, 34.1165], [131.1944, 34.1168], [131.1962, 34.1168], [131.1989, 34.1164], [131.1998, 34.1168], [131.2031, 34.1163], [131.2036, 34.116], [131.2046, 34.116], [131.2051, 34.1155], [131.2083, 34.1159], [131.2087, 34.1158], [131.2089, 34.1149], [131.2096, 34.1139], [131.2102, 34.1135], [131.2106, 34.1136], [131.2113, 34.1144], [131.2122, 34.1146], [131.2128, 34.1151], [131.2136, 34.1154], [131.2138, 34.1163], [131.2143, 34.1167], [131.2143, 34.1176], [131.215, 34.1193], [131.2149, 34.1199], [131.219, 34.1194], [131.2193, 34.1197], [131.2193, 34.1202], [131.221, 34.1204], [131.2215, 34.1211], [131.2234, 34.1228], [131.2246, 34.1227], [131.2262, 34.1221], [131.2272, 34.1223], [131.2291, 34.1231], [131.2306, 34.1234], [131.2313, 34.1248], [131.2323, 34.1254], [131.2333, 34.1257], [131.2339, 34.1267], [131.2362, 34.1268], [131.2375, 34.1273], [131.2371, 34.1283], [131.2371, 34.1298], [131.2367, 34.1309], [131.2375, 34.1326], [131.2373, 34.1334], [131.2378, 34.1345], [131.2375, 34.1363], [131.2377, 34.1366], [131.2389, 34.1371], [131.2389, 34.1377], [131.2391, 34.1384], [131.2405, 34.1394], [131.2414, 34.1411], [131.2438, 34.1406], [131.2463, 34.1397], [131.2471, 34.14], [131.2472, 34.1402], [131.2472, 34.1415], [131.2475, 34.1426], [131.2486, 34.1434], [131.2491, 34.1433], [131.2497, 34.1427], [131.2508, 34.1432], [131.2514, 34.1439], [131.2532, 34.144], [131.2552, 34.145], [131.2555, 34.145], [131.2563, 34.1447], [131.2569, 34.144], [131.2572, 34.1432], [131.2584, 34.143], [131.2592, 34.1424], [131.2598, 34.1416], [131.2607, 34.1414], [131.2629, 34.14], [131.2659, 34.1411], [131.2666, 34.141], [131.2673, 34.1411], [131.2683, 34.1416], [131.2688, 34.1417], [131.2695, 34.1414], [131.2699, 34.1416], [131.2707, 34.1414], [131.2718, 34.1413], [131.2722, 34.141], [131.2737, 34.1414], [131.2755, 34.141], [131.2758, 34.1412], [131.2776, 34.1444], [131.2798, 34.1456], [131.2797, 34.1461], [131.2786, 34.1484], [131.2786, 34.1505], [131.2788, 34.1514], [131.2808, 34.155], [131.2812, 34.1549], [131.2819, 34.155], [131.2826, 34.1555], [131.2828, 34.156], [131.2829, 34.1568], [131.2828, 34.1591], [131.2819, 34.1592], [131.2806, 34.1598], [131.2804, 34.1601], [131.2808, 34.1608], [131.2819, 34.1617], [131.2823, 34.1618], [131.2826, 34.1619], [131.2852, 34.1612], [131.2861, 34.1613], [131.2872, 34.1618], [131.289, 34.1617], [131.2892, 34.1629], [131.2906, 34.1644], [131.2907, 34.1649], [131.292, 34.1652], [131.2936, 34.1667], [131.2942, 34.1668], [131.2951, 34.1663], [131.2954, 34.1658], [131.2967, 34.1659], [131.2974, 34.1654], [131.2982, 34.1651], [131.2993, 34.1654], [131.3002, 34.1652], [131.3016, 34.1652], [131.303, 34.1656], [131.3039, 34.1655], [131.3044, 34.1652], [131.305, 34.1643], [131.3058, 34.1638], [131.3061, 34.163], [131.3082, 34.1627], [131.3083, 34.1625], [131.3095, 34.1621], [131.3098, 34.1617], [131.3108, 34.1612], [131.3164, 34.1634], [131.317, 34.1643], [131.317, 34.1647], [131.316, 34.1654], [131.3154, 34.1665], [131.3164, 34.1665], [131.318, 34.1662], [131.3188, 34.1654], [131.3188, 34.1646], [131.319, 34.1641], [131.3202, 34.1639], [131.3205, 34.1637], [131.3212, 34.1637], [131.3222, 34.1629], [131.3234, 34.1626], [131.3234, 34.1617], [131.3242, 34.1608], [131.3243, 34.1602], [131.3242, 34.1596], [131.3235, 34.1594], [131.3233, 34.1588], [131.3227, 34.1586], [131.3213, 34.157], [131.3213, 34.1567], [131.3217, 34.1563], [131.3216, 34.156], [131.3209, 34.1554], [131.3208, 34.1548], [131.3201, 34.1542], [131.3198, 34.1535], [131.3183, 34.1526], [131.3174, 34.1517], [131.3178, 34.1507], [131.3179, 34.1505], [131.3186, 34.1506], [131.3195, 34.1512], [131.3201, 34.1514], [131.3228, 34.152], [131.3239, 34.152], [131.3246, 34.1519], [131.3256, 34.1513], [131.3258, 34.1505], [131.3261, 34.1502], [131.3281, 34.15], [131.329, 34.1505], [131.3305, 34.1493], [131.332, 34.149], [131.3323, 34.1481], [131.3335, 34.1475], [131.3341, 34.1467], [131.3352, 34.146], [131.3361, 34.1458], [131.3378, 34.1458], [131.3383, 34.146], [131.3385, 34.1453], [131.3399, 34.1445], [131.3404, 34.1423], [131.3411, 34.1416], [131.3417, 34.1399], [131.3439, 34.1396], [131.3445, 34.1393], [131.3454, 34.1391], [131.3474, 34.1373], [131.3481, 34.1374], [131.3487, 34.1379], [131.35, 34.138], [131.3506, 34.1381], [131.3529, 34.1398], [131.3532, 34.1397], [131.3535, 34.1391], [131.3537, 34.1391], [131.3542, 34.1392], [131.3545, 34.1396], [131.3552, 34.1392], [131.3565, 34.1399], [131.3573, 34.1393], [131.3582, 34.1391], [131.3591, 34.1383], [131.3598, 34.1381], [131.3603, 34.1383], [131.3613, 34.1396], [131.3624, 34.1406], [131.3633, 34.1403], [131.3637, 34.1387], [131.3658, 34.1371], [131.3663, 34.1371], [131.368, 34.138], [131.3685, 34.1376], [131.3694, 34.1377], [131.3698, 34.1386], [131.3703, 34.1391], [131.3712, 34.1393], [131.3718, 34.1397], [131.3728, 34.1422], [131.3736, 34.1429], [131.3755, 34.1438], [131.3763, 34.144], [131.3773, 34.1453], [131.3758, 34.1473], [131.3754, 34.1486], [131.3745, 34.1494], [131.3728, 34.1499], [131.3722, 34.1502], [131.3716, 34.1502], [131.371, 34.1501], [131.3698, 34.1493], [131.3695, 34.1493], [131.3691, 34.1511], [131.3697, 34.1516], [131.3697, 34.1531], [131.3704, 34.1533], [131.3715, 34.1532], [131.3719, 34.1529], [131.3733, 34.1527], [131.3737, 34.1531], [131.3759, 34.154], [131.3766, 34.155], [131.3768, 34.1557], [131.3773, 34.1561], [131.3775, 34.1567], [131.3784, 34.157], [131.379, 34.1576], [131.3793, 34.1605], [131.379, 34.161], [131.3799, 34.1626], [131.3799, 34.1629], [131.3794, 34.1631], [131.3792, 34.1637], [131.3793, 34.1643], [131.3788, 34.1663], [131.3803, 34.1667], [131.3809, 34.1675], [131.3817, 34.1676], [131.3823, 34.168], [131.3823, 34.1687], [131.3841, 34.1704], [131.3854, 34.1707], [131.3859, 34.1713], [131.386, 34.1718], [131.3863, 34.1718], [131.3869, 34.1723], [131.388, 34.1725], [131.3888, 34.1724], [131.3889, 34.1729], [131.3893, 34.1734], [131.3897, 34.1746], [131.3904, 34.175], [131.3903, 34.1755], [131.3907, 34.1763], [131.3905, 34.1772], [131.3909, 34.1781], [131.3905, 34.1794], [131.3907, 34.1796], [131.3911, 34.1798], [131.3916, 34.1806], [131.3923, 34.1807], [131.393, 34.1811], [131.3938, 34.1808], [131.3944, 34.181], [131.3952, 34.1807], [131.3977, 34.1824], [131.3983, 34.1821], [131.3985, 34.1814], [131.3994, 34.1812], [131.4, 34.1806], [131.4004, 34.1805], [131.4012, 34.181], [131.4011, 34.1819], [131.3992, 34.1842], [131.3989, 34.1849], [131.3985, 34.185], [131.3982, 34.1854], [131.3985, 34.1857], [131.3986, 34.187], [131.3982, 34.1893], [131.3988, 34.1897], [131.4001, 34.1914], [131.4003, 34.1915], [131.4009, 34.1915], [131.4013, 34.1919], [131.4014, 34.192], [131.401, 34.1923], [131.4011, 34.1938], [131.4016, 34.1942], [131.403, 34.1945], [131.4034, 34.1949], [131.4044, 34.1953], [131.4046, 34.1955], [131.4046, 34.1963], [131.4054, 34.1969], [131.4054, 34.1973], [131.4045, 34.1982], [131.4044, 34.1988], [131.404, 34.199], [131.4029, 34.1992], [131.4025, 34.1998], [131.4014, 34.2003], [131.4009, 34.2008], [131.4011, 34.2013], [131.4023, 34.2025], [131.4037, 34.203], [131.405, 34.2031], [131.4047, 34.206], [131.405, 34.2069], [131.4048, 34.2075], [131.4051, 34.2086], [131.405, 34.2096], [131.406, 34.2093], [131.4072, 34.21], [131.4088, 34.2103], [131.4095, 34.2108], [131.4099, 34.2109], [131.4093, 34.2113], [131.4082, 34.2125], [131.4065, 34.2129], [131.4054, 34.2139], [131.4034, 34.2143], [131.4026, 34.2151], [131.4015, 34.2154], [131.3995, 34.2156], [131.3983, 34.2171], [131.3973, 34.217], [131.3972, 34.2173], [131.3973, 34.2177], [131.3982, 34.2188], [131.3984, 34.2192], [131.3984, 34.2209], [131.3995, 34.2215], [131.3995, 34.2225], [131.399, 34.2234], [131.4001, 34.2235], [131.4007, 34.2248], [131.4007, 34.2251], [131.3996, 34.2264], [131.3999, 34.2279], [131.3998, 34.2288], [131.4009, 34.2297], [131.4008, 34.2306], [131.3993, 34.2318], [131.3993, 34.2327], [131.4, 34.2336], [131.4003, 34.2345], [131.3998, 34.2354], [131.401, 34.2354], [131.4014, 34.2357], [131.4011, 34.2366], [131.402, 34.2371], [131.4024, 34.2379], [131.4018, 34.239], [131.4038, 34.2409], [131.4035, 34.2429], [131.4033, 34.2433], [131.4027, 34.2439], [131.4023, 34.245], [131.4026, 34.2465], [131.4014, 34.2474], [131.401, 34.2479], [131.4002, 34.2492], [131.3998, 34.2502], [131.4002, 34.252], [131.4008, 34.2523], [131.4013, 34.2536], [131.4023, 34.2541], [131.4026, 34.255], [131.4028, 34.2554], [131.4035, 34.2559], [131.4041, 34.2573], [131.4054, 34.2585], [131.4048, 34.2588], [131.4046, 34.2596], [131.4045, 34.2603], [131.4049, 34.2605], [131.4042, 34.2608], [131.4042, 34.2614], [131.4024, 34.2632], [131.4022, 34.264], [131.4023, 34.265], [131.402, 34.2656], [131.4022, 34.2663], [131.4018, 34.2669], [131.4018, 34.2683], [131.4016, 34.2685], [131.4006, 34.2685], [131.3982, 34.2674], [131.3976, 34.2678], [131.3963, 34.2672], [131.3956, 34.2673], [131.3954, 34.2675], [131.3944, 34.2657], [131.3931, 34.2655], [131.3926, 34.2664], [131.3918, 34.267], [131.3918, 34.2675], [131.3905, 34.268], [131.3901, 34.2685], [131.3899, 34.269], [131.3893, 34.2691], [131.3895, 34.2696], [131.3884, 34.2716], [131.3879, 34.2719], [131.3871, 34.2713], [131.3868, 34.2713], [131.3872, 34.2747], [131.3862, 34.2754], [131.3863, 34.2765], [131.3861, 34.2771], [131.3861, 34.2781], [131.385, 34.2789], [131.3834, 34.2787], [131.3831, 34.2792], [131.3812, 34.2807], [131.3815, 34.2815], [131.3814, 34.2819], [131.381, 34.2823], [131.3812, 34.2828], [131.3803, 34.2831], [131.381, 34.2834], [131.3815, 34.2842], [131.3809, 34.2863], [131.3803, 34.2873], [131.3806, 34.2879], [131.3805, 34.2883], [131.3807, 34.2895], [131.3804, 34.2901], [131.3811, 34.292], [131.3818, 34.293], [131.3804, 34.2933], [131.3802, 34.2946], [131.3805, 34.2949], [131.3814, 34.2954], [131.3813, 34.2968], [131.3808, 34.2968], [131.3797, 34.2984], [131.3783, 34.2989], [131.378, 34.2993], [131.3775, 34.2995], [131.3768, 34.3], [131.3764, 34.3009], [131.3756, 34.3014], [131.3752, 34.302], [131.3752, 34.3028], [131.3748, 34.304], [131.3738, 34.3041], [131.3734, 34.3057], [131.3735, 34.3061], [131.3732, 34.3065], [131.3729, 34.3083], [131.3731, 34.3087], [131.3728, 34.3091], [131.3722, 34.3095], [131.3708, 34.31], [131.3706, 34.3099], [131.3699, 34.3103], [131.3687, 34.3103], [131.3685, 34.3104], [131.368, 34.3104], [131.367, 34.3094], [131.367, 34.3086], [131.3661, 34.3071], [131.3654, 34.3073], [131.3639, 34.3071], [131.3627, 34.3072], [131.3613, 34.3068], [131.3605, 34.3057], [131.3602, 34.3056], [131.3601, 34.3051], [131.3594, 34.305], [131.3583, 34.3042], [131.3579, 34.3037], [131.3571, 34.3033], [131.3567, 34.3026], [131.3563, 34.3026], [131.356, 34.303], [131.3555, 34.3027], [131.3551, 34.3027], [131.3546, 34.3032], [131.3542, 34.3039], [131.353, 34.3041], [131.3524, 34.304], [131.3518, 34.3031], [131.3501, 34.3024], [131.3496, 34.3025], [131.3489, 34.3022], [131.348, 34.3021], [131.3478, 34.3028], [131.3472, 34.3031], [131.3466, 34.3039], [131.3459, 34.3044], [131.3447, 34.3048], [131.3444, 34.3053], [131.3438, 34.3058], [131.3432, 34.306], [131.3413, 34.3061], [131.3394, 34.3072], [131.3383, 34.3076], [131.338, 34.3079], [131.3381, 34.3085], [131.336, 34.3095], [131.3363, 34.3099], [131.3364, 34.3114], [131.3374, 34.3115], [131.3382, 34.3122], [131.3383, 34.3126], [131.3386, 34.3127], [131.3389, 34.3132], [131.339, 34.314], [131.3403, 34.315], [131.342, 34.3174], [131.3421, 34.3177], [131.3418, 34.3184], [131.3396, 34.319], [131.3372, 34.3197], [131.3361, 34.3205], [131.3361, 34.3207], [131.3347, 34.3212], [131.3343, 34.3209], [131.3332, 34.3206], [131.3328, 34.3203], [131.3324, 34.321], [131.3303, 34.3215], [131.3296, 34.3223], [131.3289, 34.3238], [131.3285, 34.3242], [131.3278, 34.3243], [131.3273, 34.3246], [131.3264, 34.3241], [131.3256, 34.3239], [131.3252, 34.3235], [131.3235, 34.3232], [131.3225, 34.3224], [131.3219, 34.3227], [131.3213, 34.3225], [131.3201, 34.3226], [131.318, 34.3231], [131.3176, 34.3234], [131.3165, 34.3235], [131.3162, 34.3232], [131.3154, 34.3231], [131.3156, 34.3225], [131.3153, 34.322], [131.3155, 34.3218], [131.3151, 34.3212], [131.3153, 34.3193], [131.3144, 34.319], [131.3135, 34.3192], [131.3122, 34.3188], [131.3117, 34.3183], [131.3118, 34.3173], [131.312, 34.3168], [131.3119, 34.3163], [131.3124, 34.3159], [131.3116, 34.3136], [131.3107, 34.3133], [131.31, 34.3129], [131.3094, 34.3121], [131.3082, 34.3119], [131.3069, 34.3107], [131.3057, 34.3104], [131.3054, 34.3109], [131.3048, 34.3114], [131.3039, 34.3119], [131.3029, 34.312], [131.3026, 34.3131], [131.3007, 34.3151], [131.3004, 34.3159], [131.2998, 34.3165], [131.2991, 34.3167], [131.2985, 34.3175], [131.2981, 34.3186], [131.297, 34.3197], [131.2965, 34.3212], [131.2959, 34.3218], [131.296, 34.3239], [131.2956, 34.3243], [131.2949, 34.3256], [131.2948, 34.3262], [131.2934, 34.3276], [131.2935, 34.3283], [131.2932, 34.3286], [131.2897, 34.3305], [131.289, 34.3314], [131.288, 34.3316], [131.2873, 34.3332], [131.2872, 34.3345], [131.287, 34.3347], [131.2861, 34.3348], [131.2839, 34.3366], [131.283, 34.3367], [131.2815, 34.3362], [131.2801, 34.3363], [131.2789, 34.3357], [131.2774, 34.3353], [131.2762, 34.3343], [131.2753, 34.3337], [131.2753, 34.3324], [131.2757, 34.3321], [131.2749, 34.3309], [131.2739, 34.3303], [131.273, 34.3303], [131.2718, 34.3296], [131.2715, 34.3294], [131.2711, 34.3284], [131.2698, 34.3281], [131.268, 34.3265], [131.2674, 34.3265], [131.2664, 34.3275], [131.265, 34.328], [131.2648, 34.3279], [131.2647, 34.3275], [131.2638, 34.3269], [131.2625, 34.3265], [131.2621, 34.3261], [131.2622, 34.3258], [131.2634, 34.3252], [131.2629, 34.324], [131.2626, 34.3235], [131.2619, 34.323], [131.2616, 34.3226], [131.2599, 34.3217], [131.2594, 34.3209], [131.2584, 34.3199], [131.2588, 34.318], [131.258, 34.3168], [131.2573, 34.3164], [131.2569, 34.3155], [131.2565, 34.3154], [131.2558, 34.3154], [131.2552, 34.3158], [131.2532, 34.3162], [131.2528, 34.3167], [131.2514, 34.3163], [131.2515, 34.3145], [131.2512, 34.3141], [131.2509, 34.3138], [131.2499, 34.3138], [131.2487, 34.3131], [131.2474, 34.3119], [131.2465, 34.3114], [131.2456, 34.3103], [131.246, 34.3098], [131.2457, 34.309], [131.2449, 34.3087], [131.2445, 34.3081], [131.2453, 34.3076], [131.2454, 34.3071], [131.2452, 34.3065], [131.2446, 34.3059], [131.2445, 34.3053], [131.2449, 34.3034], [131.2443, 34.3032], [131.2441, 34.3021], [131.2435, 34.3014], [131.2436, 34.3005], [131.2433, 34.3003], [131.2422, 34.3003], [131.2405, 34.2993], [131.2402, 34.2989], [131.2399, 34.2979], [131.2391, 34.2973], [131.2378, 34.2967], [131.2363, 34.2961], [131.2346, 34.2949], [131.2346, 34.2943], [131.2323, 34.2945], [131.2324, 34.2942], [131.2323, 34.2935], [131.2317, 34.2917], [131.2311, 34.2907], [131.2301, 34.2895], [131.2293, 34.2893], [131.2286, 34.2889], [131.2284, 34.2884], [131.2273, 34.2874], [131.2271, 34.2862], [131.2267, 34.2857], [131.2266, 34.2854], [131.2251, 34.2854], [131.2229, 34.2847], [131.2221, 34.2848], [131.222, 34.2842], [131.2206, 34.2836], [131.2204, 34.2834], [131.2205, 34.2829], [131.2204, 34.2827], [131.2192, 34.2822], [131.2183, 34.2813], [131.2174, 34.2822], [131.2174, 34.2825], [131.2172, 34.2831], [131.2167, 34.2836], [131.2143, 34.2835], [131.2124, 34.2828], [131.2107, 34.2809], [131.2098, 34.2806], [131.208, 34.2816], [131.2078, 34.2827], [131.2069, 34.2835], [131.2064, 34.2838], [131.2058, 34.2847], [131.2043, 34.2854], [131.2032, 34.2856], [131.2022, 34.2854], [131.2013, 34.2858], [131.2006, 34.2856], [131.1998, 34.2856], [131.1991, 34.2851], [131.1982, 34.2848], [131.1977, 34.285], [131.1963, 34.2842], [131.195, 34.2847], [131.1936, 34.2847], [131.1926, 34.2835], [131.1911, 34.2832], [131.1904, 34.2828], [131.1896, 34.2833], [131.1879, 34.2833], [131.1863, 34.2828], [131.1855, 34.2828], [131.1851, 34.2821], [131.184, 34.2818], [131.1832, 34.2813], [131.1823, 34.2811], [131.182, 34.2796], [131.1823, 34.2779], [131.1811, 34.2774], [131.1808, 34.2771], [131.1796, 34.2753], [131.1796, 34.2733], [131.1791, 34.2713], [131.1785, 34.2705], [131.1771, 34.27], [131.1774, 34.2688], [131.1769, 34.268], [131.176, 34.2674], [131.176, 34.2663], [131.1752, 34.2656], [131.1744, 34.2655], [131.1733, 34.2644], [131.1723, 34.2641], [131.1725, 34.2632], [131.1716, 34.2623], [131.171, 34.261], [131.1712, 34.2603], [131.1717, 34.2593], [131.1716, 34.2585], [131.172, 34.2569], [131.172, 34.2562], [131.1708, 34.2547], [131.1706, 34.2539], [131.17, 34.2529], [131.1696, 34.2526], [131.1686, 34.2524], [131.1677, 34.2516], [131.167, 34.2501], [131.1675, 34.2491], [131.1669, 34.2485], [131.1661, 34.2482], [131.166, 34.2477], [131.1663, 34.2468], [131.1656, 34.2461], [131.1656, 34.2452], [131.1651, 34.2449], [131.1647, 34.2441], [131.1639, 34.2433], [131.1627, 34.2427], [131.1621, 34.2426], [131.1617, 34.242], [131.1607, 34.2418], [131.1607, 34.2403], [131.1611, 34.2393], [131.1606, 34.2385], [131.1599, 34.2383], [131.1598, 34.2382], [131.1611, 34.2368], [131.1606, 34.2361], [131.1616, 34.2351], [131.1619, 34.2341], [131.1612, 34.2325], [131.1606, 34.2322], [131.1601, 34.2311], [131.1596, 34.2309], [131.1588, 34.2311], [131.1578, 34.2308], [131.1569, 34.2308], [131.1562, 34.2315], [131.1555, 34.2325], [131.1551, 34.2327], [131.1543, 34.2326], [131.1533, 34.2331], [131.1529, 34.2332], [131.1514, 34.233], [131.1503, 34.2324], [131.1488, 34.2321], [131.1479, 34.2313], [131.1465, 34.2305], [131.1463, 34.2302], [131.1462, 34.2283], [131.1458, 34.2277], [131.1457, 34.2266], [131.145, 34.2256], [131.1437, 34.2252], [131.1418, 34.2258], [131.1413, 34.2257], [131.141, 34.2254], [131.14, 34.2256], [131.1393, 34.2251], [131.1384, 34.225], [131.1378, 34.2244], [131.1371, 34.2243], [131.1371, 34.2235], [131.1368, 34.2229], [131.1362, 34.2224], [131.135, 34.2224], [131.1341, 34.2217], [131.1319, 34.2221], [131.1313, 34.2215], [131.1311, 34.2206], [131.1304, 34.2201], [131.1299, 34.2201], [131.129, 34.2207], [131.1286, 34.2207], [131.128, 34.2197], [131.1261, 34.2193], [131.1255, 34.2186], [131.1244, 34.2181], [131.1239, 34.2176], [131.1237, 34.217], [131.123, 34.2168], [131.1226, 34.2159], [131.1217, 34.2157], [131.1216, 34.2147], [131.1209, 34.2141], [131.1215, 34.2134], [131.1214, 34.2131], [131.1206, 34.2125], [131.119, 34.2124], [131.1185, 34.2122], [131.1189, 34.2104], [131.1187, 34.21], [131.1176, 34.2114], [131.1174, 34.2112], [131.1175, 34.2107], [131.1164, 34.2111], [131.116, 34.211], [131.1148, 34.2105], [131.1142, 34.21], [131.1141, 34.2089], [131.1136, 34.2083], [131.1132, 34.2081], [131.1122, 34.2082], [131.1114, 34.2075], [131.1107, 34.2072], [131.1102, 34.2075], [131.1098, 34.2076], [131.1078, 34.2063], [131.1076, 34.2059], [131.1077, 34.2056], [131.1072, 34.2053], [131.1072, 34.2049], [131.108, 34.2022], [131.1085, 34.2016], [131.1095, 34.201], [131.1093, 34.1982], [131.1084, 34.1971], [131.1072, 34.1968], [131.1065, 34.1962], [131.1053, 34.1958], [131.1046, 34.1942], [131.1048, 34.1936], [131.1043, 34.1933], [131.104, 34.1926], [131.1034, 34.1923], [131.1031, 34.1917], [131.1016, 34.1918], [131.1012, 34.1918], [131.1009, 34.1911], [131.0994, 34.1901], [131.0986, 34.1878], [131.0987, 34.1874], [131.0993, 34.187], [131.0991, 34.1862], [131.0993, 34.1856], [131.0987, 34.1847], [131.0989, 34.1841], [131.0989, 34.1834], [131.0992, 34.1829], [131.1027, 34.1817], [131.1034, 34.1822], [131.1036, 34.182], [131.1038, 34.1817], [131.1036, 34.1804], [131.1039, 34.1801], [131.1044, 34.1802], [131.1049, 34.1811], [131.1052, 34.1813], [131.1061, 34.1813], [131.106, 34.1806], [131.105, 34.1796], [131.1048, 34.1792], [131.1077, 34.1791], [131.1082, 34.178], [131.1081, 34.1774], [131.107, 34.176], [131.1067, 34.1751], [131.1068, 34.1748], [131.1079, 34.1746], [131.1083, 34.1742], [131.109, 34.1724], [131.112, 34.1723], [131.1121, 34.1718], [131.1127, 34.171], [131.1124, 34.17], [131.1125, 34.1693], [131.1134, 34.1689], [131.1138, 34.1683], [131.115, 34.1673], [131.115, 34.1668], [131.1157, 34.1655], [131.1156, 34.1643], [131.1164, 34.1635], [131.1166, 34.163], [131.1165, 34.1622], [131.116, 34.1612], [131.1141, 34.1614], [131.1134, 34.1606], [131.1131, 34.1606], [131.1124, 34.161], [131.1112, 34.1606], [131.1109, 34.1603], [131.1109, 34.1599], [131.1098, 34.1598], [131.109, 34.16], [131.1082, 34.1594], [131.107, 34.1596], [131.1065, 34.1592], [131.1066, 34.1582], [131.1065, 34.1578], [131.1058, 34.1578], [131.1055, 34.1583], [131.1052, 34.1583], [131.1049, 34.1583], [131.1041, 34.1577], [131.1037, 34.1587], [131.1038, 34.1593], [131.1042, 34.1602], [131.1032, 34.1618], [131.1022, 34.1627], [131.1017, 34.163], [131.1009, 34.1628], [131.1003, 34.1631], [131.1, 34.1631], [131.0994, 34.162], [131.0987, 34.1619], [131.0987, 34.1635], [131.0977, 34.1634], [131.0971, 34.1645], [131.0971, 34.1662], [131.0963, 34.1665], [131.0958, 34.1671], [131.0932, 34.1666], [131.0925, 34.1678], [131.0914, 34.1683], [131.0909, 34.1683], [131.0886, 34.1664], [131.0885, 34.1657], [131.0896, 34.1645], [131.0896, 34.1624], [131.0892, 34.1616], [131.089, 34.1603], [131.0893, 34.1595], [131.0893, 34.1585], [131.0899, 34.1579], [131.0896, 34.1573], [131.0897, 34.156], [131.0895, 34.1546], [131.0903, 34.1535], [131.0899, 34.1531], [131.0897, 34.1526], [131.089, 34.1523], [131.0883, 34.1517], [131.0869, 34.1498], [131.0859, 34.1493], [131.0848, 34.1481], [131.0844, 34.147], [131.0837, 34.1467], [131.0829, 34.1469], [131.0825, 34.1468], [131.0826, 34.1452], [131.0833, 34.1444], [131.0831, 34.1428], [131.0836, 34.1424], [131.0839, 34.1418], [131.0848, 34.1416], [131.0854, 34.1413], [131.0844, 34.1393], [131.0843, 34.1364], [131.0834, 34.1357], [131.0831, 34.1352], [131.0832, 34.1347], [131.0837, 34.1346], [131.0842, 34.1339], [131.083, 34.1332], [131.0829, 34.133], [131.084, 34.1308], [131.0848, 34.1307], [131.0859, 34.1299], [131.0867, 34.1299], [131.0868, 34.1291], [131.0875, 34.1284], [131.0875, 34.1277], [131.0893, 34.1274], [131.0903, 34.1258], [131.0913, 34.1255], [131.0917, 34.1249], [131.0942, 34.1249], [131.0951, 34.1245], [131.0961, 34.1244], [131.0965, 34.1245], [131.0977, 34.125], [131.0981, 34.1248], [131.0984, 34.1243], [131.0991, 34.1242], [131.0991, 34.1237], [131.0994, 34.1232], [131.1002, 34.1231], [131.1013, 34.1232], [131.0997, 34.1208], [131.0999, 34.1197], [131.1001, 34.1191], [131.1001, 34.1179], [131.1006, 34.1177], [131.1028, 34.1163], [131.1028, 34.116], [131.1036, 34.1156], [131.1045, 34.1157], [131.1048, 34.1156], [131.1054, 34.1149], [131.1058, 34.1147], [131.106, 34.1142], [131.1069, 34.1138], [131.1071, 34.1132], [131.1087, 34.1134], [131.1092, 34.1129], [131.109, 34.1116], [131.1091, 34.1112], [131.1098, 34.1107], [131.1106, 34.1104], [131.1116, 34.1103], [131.1117, 34.1101], [131.1119, 34.1098], [131.1118, 34.1089], [131.1125, 34.1083], [131.1133, 34.1078], [131.112, 34.1058], [131.1121, 34.1056], [131.1125, 34.1051], [131.1126, 34.1038], [131.1119, 34.1024], [131.1105, 34.1014], [131.1102, 34.1005], [131.1102, 34.0997], [131.1099, 34.0994], [131.1105, 34.0978], [131.1116, 34.0959]]]}, "properties": {"name": "山口県美祢市"}}, {"type": "Feature", "geometry": {"type": "MultiPolygon", "coordinates": [[[[131.6533, 34.1367], [131.6532, 34.1364], [131.6521, 34.1359], [131.6507, 34.1364], [131.6498, 34.1364], [131.6483, 34.1354], [131.647, 34.135], [131.6465, 34.1346], [131.646, 34.1346], [131.6453, 34.1342], [131.6463, 34.1328], [131.6455, 34.1319], [131.6456, 34.131], [131.6454, 34.1299], [131.6456, 34.1292], [131.6447, 34.1288], [131.6452, 34.1278], [131.6461, 34.1275], [131.6452, 34.127], [131.6442, 34.1258], [131.6427, 34.125], [131.6419, 34.1249], [131.6427, 34.1234], [131.6424, 34.1225], [131.6426, 34.1222], [131.6426, 34.1217], [131.6439, 34.12], [131.6447, 34.1179], [131.6447, 34.1173], [131.645, 34.1163], [131.6448, 34.1158], [131.6451, 34.1148], [131.645, 34.1144], [131.6452, 34.114], [131.6463, 34.1137], [131.6461, 34.113], [131.6461, 34.1113], [131.6458, 34.1108], [131.6452, 34.1104], [131.6448, 34.1092], [131.6441, 34.1083], [131.6436, 34.1069], [131.642, 34.1069], [131.6418, 34.1067], [131.6417, 34.1062], [131.6398, 34.1055], [131.6387, 34.1054], [131.6389, 34.105], [131.6389, 34.1031], [131.6396, 34.1019], [131.6401, 34.1016], [131.6403, 34.1008], [131.641, 34.0998], [131.6409, 34.0988], [131.6419, 34.0963], [131.6418, 34.0949], [131.643, 34.0948], [131.6426, 34.0939], [131.6428, 34.0929], [131.642, 34.0915], [131.6424, 34.0894], [131.6411, 34.0895], [131.6406, 34.0891], [131.6373, 34.089], [131.6355, 34.0879], [131.6345, 34.0871], [131.6347, 34.0863], [131.6352, 34.0853], [131.6353, 34.0843], [131.6361, 34.0835], [131.6362, 34.083], [131.636, 34.0823], [131.6354, 34.0822], [131.6346, 34.0824], [131.6345, 34.0821], [131.6342, 34.0813], [131.6348, 34.0801], [131.6347, 34.0798], [131.6343, 34.0797], [131.6343, 34.0794], [131.6344, 34.0791], [131.6352, 34.0788], [131.6359, 34.078], [131.636, 34.0769], [131.6375, 34.0774], [131.6386, 34.0768], [131.6394, 34.0771], [131.6397, 34.0778], [131.6409, 34.0776], [131.6416, 34.0769], [131.6417, 34.0764], [131.6441, 34.0744], [131.6455, 34.075], [131.646, 34.0756], [131.6468, 34.0756], [131.6479, 34.0752], [131.6489, 34.0751], [131.651, 34.0742], [131.6521, 34.0744], [131.6526, 34.0748], [131.653, 34.0749], [131.6544, 34.0748], [131.6553, 34.0753], [131.6566, 34.0751], [131.6589, 34.0743], [131.6601, 34.0737], [131.6605, 34.0732], [131.6632, 34.0723], [131.6635, 34.0717], [131.663, 34.0715], [131.6629, 34.0708], [131.6624, 34.07], [131.6624, 34.0691], [131.6617, 34.0681], [131.6614, 34.0671], [131.6615, 34.0669], [131.6632, 34.0666], [131.6645, 34.0656], [131.6651, 34.0648], [131.6648, 34.0643], [131.6644, 34.0641], [131.664, 34.064], [131.6634, 34.0643], [131.6631, 34.0642], [131.6633, 34.0633], [131.663, 34.0629], [131.6627, 34.062], [131.6621, 34.0615], [131.6628, 34.0609], [131.6631, 34.0605], [131.663, 34.0596], [131.664, 34.0585], [131.6642, 34.0579], [131.6629, 34.056], [131.661, 34.0544], [131.6602, 34.0533], [131.6602, 34.053], [131.6627, 34.0523], [131.6636, 34.0527], [131.6643, 34.0526], [131.6654, 34.0524], [131.6659, 34.052], [131.6665, 34.0525], [131.6676, 34.0526], [131.6686, 34.0518], [131.6698, 34.05], [131.6702, 34.0498], [131.6707, 34.0491], [131.6709, 34.0482], [131.6711, 34.048], [131.6716, 34.0481], [131.6721, 34.0479], [131.6725, 34.0473], [131.673, 34.0469], [131.6735, 34.0459], [131.6735, 34.0455], [131.6741, 34.0449], [131.6741, 34.0447], [131.6736, 34.0444], [131.6734, 34.044], [131.6739, 34.044], [131.6738, 34.0435], [131.6741, 34.0431], [131.6758, 34.0428], [131.676, 34.0429], [131.6763, 34.0428], [131.6762, 34.0427], [131.6768, 34.0425], [131.6777, 34.0432], [131.6775, 34.0436], [131.677, 34.0439], [131.677, 34.0446], [131.6768, 34.0447], [131.6769, 34.045], [131.6766, 34.0456], [131.6773, 34.046], [131.6786, 34.0454], [131.679, 34.0459], [131.6789, 34.0461], [131.6786, 34.0462], [131.6785, 34.0469], [131.6782, 34.0471], [131.6781, 34.0482], [131.6775, 34.0479], [131.6759, 34.0482], [131.6754, 34.0492], [131.6756, 34.0496], [131.6758, 34.0497], [131.6759, 34.0502], [131.6767, 34.05], [131.6772, 34.0504], [131.6774, 34.0507], [131.6777, 34.0508], [131.6777, 34.0509], [131.6774, 34.0509], [131.6776, 34.0514], [131.6785, 34.0523], [131.6781, 34.0526], [131.6788, 34.053], [131.6781, 34.0526], [131.6777, 34.0533], [131.6778, 34.0535], [131.6782, 34.0536], [131.6777, 34.0537], [131.6778, 34.0543], [131.678, 34.0542], [131.6789, 34.0546], [131.6791, 34.0545], [131.681, 34.0548], [131.6816, 34.0546], [131.6816, 34.0544], [131.6821, 34.0546], [131.6826, 34.0543], [131.6829, 34.0537], [131.6827, 34.0535], [131.6828, 34.0528], [131.6826, 34.0524], [131.6828, 34.0519], [131.6832, 34.052], [131.6833, 34.0518], [131.6837, 34.0518], [131.6839, 34.052], [131.6845, 34.0521], [131.6851, 34.0528], [131.6854, 34.0529], [131.6864, 34.0527], [131.6864, 34.0524], [131.6867, 34.0527], [131.6866, 34.0525], [131.6869, 34.0525], [131.6874, 34.0529], [131.6876, 34.0526], [131.688, 34.0528], [131.688, 34.0526], [131.6883, 34.0528], [131.6883, 34.0525], [131.6892, 34.0533], [131.6902, 34.0526], [131.6894, 34.0532], [131.6896, 34.0533], [131.6897, 34.0533], [131.6906, 34.0542], [131.6914, 34.0538], [131.6917, 34.053], [131.6909, 34.053], [131.6906, 34.0528], [131.6918, 34.053], [131.6917, 34.0525], [131.692, 34.052], [131.6919, 34.0521], [131.6918, 34.0519], [131.6923, 34.0519], [131.6926, 34.0512], [131.6922, 34.0509], [131.6922, 34.0506], [131.6918, 34.0507], [131.6918, 34.0508], [131.6917, 34.0507], [131.6917, 34.0505], [131.6923, 34.0505], [131.6922, 34.0502], [131.6917, 34.0499], [131.6911, 34.0497], [131.6907, 34.0492], [131.6897, 34.0488], [131.6893, 34.0482], [131.689, 34.0482], [131.6888, 34.0478], [131.6884, 34.0477], [131.6885, 34.0474], [131.7111, 34.0369], [131.7108, 34.0367], [131.7102, 34.0346], [131.7097, 34.0346], [131.7092, 34.0349], [131.7092, 34.0352], [131.709, 34.0354], [131.7086, 34.0351], [131.7088, 34.0344], [131.7091, 34.0342], [131.7089, 34.0341], [131.7093, 34.0342], [131.7098, 34.0338], [131.7099, 34.0333], [131.7096, 34.0329], [131.7091, 34.0331], [131.7093, 34.0333], [131.7091, 34.0331], [131.7087, 34.0335], [131.7086, 34.0341], [131.7086, 34.0336], [131.708, 34.0336], [131.7076, 34.034], [131.7064, 34.033], [131.7058, 34.0317], [131.7061, 34.0306], [131.7057, 34.0296], [131.7057, 34.0291], [131.705, 34.0282], [131.7051, 34.028], [131.7047, 34.0279], [131.7045, 34.0276], [131.7046, 34.0242], [131.7043, 34.0229], [131.7045, 34.0218], [131.704, 34.0211], [131.7041, 34.0204], [131.7037, 34.0186], [131.704, 34.018], [131.7044, 34.0178], [131.7049, 34.0172], [131.7052, 34.0164], [131.7048, 34.016], [131.7049, 34.0157], [131.7052, 34.0155], [131.7053, 34.0149], [131.7052, 34.0144], [131.7044, 34.0136], [131.7043, 34.0121], [131.7044, 34.0115], [131.7047, 34.011], [131.7045, 34.01], [131.705, 34.0086], [131.7046, 34.0085], [131.7039, 34.0081], [131.7047, 34.0085], [131.7051, 34.008], [131.7041, 34.0075], [131.7039, 34.0078], [131.7041, 34.0075], [131.7035, 34.0071], [131.7028, 34.0079], [131.7037, 34.0086], [131.7025, 34.0076], [131.7011, 34.0088], [131.7005, 34.0091], [131.6993, 34.0094], [131.698, 34.0097], [131.696, 34.0091], [131.6951, 34.009], [131.6938, 34.0086], [131.6932, 34.0088], [131.6923, 34.0088], [131.6916, 34.0085], [131.6915, 34.0082], [131.6915, 34.0079], [131.6922, 34.0073], [131.6923, 34.0069], [131.6928, 34.0065], [131.693, 34.0058], [131.694, 34.0053], [131.6943, 34.0045], [131.695, 34.004], [131.6952, 34.0039], [131.6965, 34.0043], [131.6968, 34.0042], [131.6972, 34.0042], [131.7, 34.0037], [131.7002, 34.0035], [131.7008, 34.0036], [131.7024, 34.0033], [131.7035, 34.0023], [131.7043, 34.0011], [131.7044, 34], [131.705, 33.9999], [131.7058, 33.9993], [131.7056, 33.9985], [131.706, 33.9979], [131.7075, 33.9978], [131.7078, 33.9981], [131.7084, 33.998], [131.7086, 33.9981], [131.7093, 33.9978], [131.7099, 33.9971], [131.7098, 33.9961], [131.7103, 33.9949], [131.7116, 33.9934], [131.7118, 33.9915], [131.7127, 33.991], [131.7127, 33.9907], [131.713, 33.9904], [131.7139, 33.9903], [131.7142, 33.9899], [131.7149, 33.9897], [131.7152, 33.9891], [131.7149, 33.989], [131.715, 33.9889], [131.7156, 33.989], [131.7153, 33.989], [131.7151, 33.9896], [131.7162, 33.9899], [131.717, 33.9898], [131.7186, 33.9901], [131.7193, 33.9898], [131.7201, 33.9884], [131.7197, 33.9877], [131.7196, 33.9868], [131.7186, 33.9855], [131.7188, 33.9853], [131.719, 33.9852], [131.7194, 33.9844], [131.7197, 33.9844], [131.7198, 33.9837], [131.7195, 33.9834], [131.7192, 33.9836], [131.7194, 33.9833], [131.7192, 33.9831], [131.7189, 33.9827], [131.7186, 33.9827], [131.7183, 33.9825], [131.718, 33.9819], [131.7187, 33.9816], [131.7189, 33.9816], [131.7192, 33.9813], [131.7187, 33.9799], [131.7188, 33.9795], [131.7389, 33.9751], [131.75, 33.9729], [131.7593, 33.9713], [131.7779, 33.9687], [131.78, 33.9686], [131.8014, 33.9677], [131.8066, 33.9646], [131.8107, 33.963], [131.8137, 33.9623], [131.8167, 33.9627], [131.8205, 33.9637], [131.8251, 33.9657], [131.8295, 33.9695], [131.8325, 33.9747], [131.8375, 33.9958], [131.8385, 34.0038], [131.8395, 34.0089], [131.8382, 34.009], [131.8381, 34.0093], [131.8424, 34.0169], [131.8413, 34.0173], [131.8405, 34.0154], [131.8401, 34.0152], [131.8419, 34.0187], [131.842, 34.0208], [131.8416, 34.0209], [131.8412, 34.022], [131.8408, 34.0223], [131.8408, 34.0229], [131.84, 34.0232], [131.8397, 34.0238], [131.8398, 34.0252], [131.8401, 34.0261], [131.8398, 34.0267], [131.8401, 34.028], [131.8407, 34.0284], [131.8416, 34.0282], [131.842, 34.0283], [131.8426, 34.0281], [131.8429, 34.0277], [131.8431, 34.0278], [131.8432, 34.0286], [131.8441, 34.0285], [131.8441, 34.0292], [131.8442, 34.0291], [131.8443, 34.0293], [131.8448, 34.0292], [131.8447, 34.0291], [131.8455, 34.0295], [131.8461, 34.0288], [131.8477, 34.0298], [131.8471, 34.0304], [131.8477, 34.0309], [131.8484, 34.0317], [131.8485, 34.0321], [131.8497, 34.0334], [131.8518, 34.0364], [131.854, 34.038], [131.8542, 34.0381], [131.8546, 34.0378], [131.8559, 34.0371], [131.8561, 34.0367], [131.8568, 34.0367], [131.8596, 34.038], [131.8597, 34.0382], [131.861, 34.0388], [131.8613, 34.0402], [131.8618, 34.0401], [131.863, 34.0402], [131.8627, 34.0406], [131.8629, 34.0416], [131.8624, 34.0422], [131.8625, 34.0431], [131.8622, 34.0446], [131.8636, 34.0465], [131.8641, 34.0477], [131.8652, 34.0481], [131.8655, 34.0484], [131.8664, 34.0489], [131.8665, 34.0494], [131.8677, 34.0499], [131.8683, 34.0508], [131.8695, 34.051], [131.8699, 34.0511], [131.8699, 34.0515], [131.8689, 34.0526], [131.869, 34.053], [131.8697, 34.0535], [131.871, 34.0541], [131.8723, 34.0539], [131.8723, 34.054], [131.872, 34.0547], [131.8726, 34.0555], [131.8718, 34.0567], [131.871, 34.0564], [131.8702, 34.0565], [131.8694, 34.0568], [131.8689, 34.0573], [131.8705, 34.0588], [131.8706, 34.0602], [131.8697, 34.0611], [131.8704, 34.061], [131.871, 34.0617], [131.872, 34.0622], [131.8722, 34.0625], [131.8722, 34.0633], [131.8715, 34.0644], [131.8716, 34.0659], [131.8713, 34.0664], [131.8719, 34.0671], [131.8717, 34.0674], [131.8713, 34.0684], [131.8704, 34.0686], [131.8702, 34.0689], [131.8695, 34.0698], [131.8695, 34.0702], [131.8692, 34.0705], [131.8685, 34.0706], [131.8679, 34.0717], [131.8664, 34.0736], [131.8666, 34.0742], [131.8671, 34.0746], [131.8667, 34.0749], [131.8661, 34.0758], [131.8661, 34.0763], [131.8662, 34.0771], [131.867, 34.0784], [131.867, 34.0788], [131.8663, 34.0798], [131.8661, 34.0807], [131.8653, 34.0807], [131.8649, 34.0809], [131.8645, 34.082], [131.8637, 34.0825], [131.8636, 34.0833], [131.8639, 34.0847], [131.8627, 34.0848], [131.8623, 34.0854], [131.8619, 34.0857], [131.8599, 34.0848], [131.8589, 34.085], [131.859, 34.0865], [131.8587, 34.087], [131.8579, 34.0875], [131.8567, 34.0872], [131.8558, 34.0872], [131.8541, 34.0883], [131.8513, 34.0884], [131.8506, 34.089], [131.8508, 34.0899], [131.8516, 34.0916], [131.8528, 34.0922], [131.8535, 34.0929], [131.8541, 34.095], [131.8555, 34.0967], [131.8556, 34.0972], [131.8582, 34.0984], [131.8581, 34.0995], [131.8585, 34.0999], [131.8604, 34.1004], [131.8611, 34.1007], [131.8616, 34.1017], [131.8616, 34.1028], [131.8639, 34.1032], [131.8654, 34.1031], [131.8658, 34.1029], [131.8668, 34.1019], [131.867, 34.1011], [131.8679, 34.1001], [131.8685, 34.1004], [131.8695, 34.1012], [131.8703, 34.1022], [131.87, 34.103], [131.8701, 34.1035], [131.8717, 34.1049], [131.8729, 34.1052], [131.8737, 34.1059], [131.8739, 34.1065], [131.8768, 34.1077], [131.8772, 34.1075], [131.8783, 34.1081], [131.8784, 34.1098], [131.879, 34.1114], [131.8803, 34.1127], [131.8812, 34.1145], [131.8823, 34.1146], [131.8831, 34.1151], [131.8842, 34.115], [131.8846, 34.1136], [131.8842, 34.1128], [131.8852, 34.1121], [131.887, 34.1114], [131.8889, 34.1114], [131.889, 34.1118], [131.8908, 34.1123], [131.8916, 34.113], [131.8933, 34.1133], [131.894, 34.1134], [131.898, 34.1129], [131.8973, 34.1112], [131.8964, 34.1106], [131.8965, 34.1088], [131.8957, 34.1082], [131.8958, 34.1077], [131.8953, 34.1073], [131.8949, 34.1074], [131.8935, 34.1071], [131.8933, 34.1065], [131.8926, 34.1057], [131.8929, 34.1044], [131.8948, 34.1027], [131.8959, 34.1021], [131.8963, 34.1008], [131.8957, 34.0997], [131.8945, 34.0992], [131.8936, 34.0989], [131.8928, 34.099], [131.892, 34.0986], [131.8904, 34.0983], [131.8894, 34.0983], [131.8888, 34.0982], [131.8878, 34.0978], [131.8868, 34.0968], [131.8866, 34.0963], [131.8878, 34.0948], [131.8886, 34.0932], [131.8874, 34.0916], [131.8881, 34.0916], [131.8888, 34.0906], [131.8897, 34.0902], [131.8907, 34.0903], [131.8938, 34.0898], [131.8953, 34.0903], [131.8956, 34.0901], [131.8959, 34.0893], [131.8963, 34.0892], [131.8976, 34.09], [131.8987, 34.0897], [131.8999, 34.0904], [131.8998, 34.0912], [131.9003, 34.0914], [131.9018, 34.0908], [131.9024, 34.091], [131.9031, 34.0904], [131.9032, 34.0895], [131.9041, 34.0889], [131.9048, 34.0889], [131.9054, 34.0885], [131.9062, 34.0886], [131.9071, 34.0895], [131.9073, 34.0899], [131.9072, 34.0906], [131.9073, 34.0909], [131.9075, 34.091], [131.9089, 34.0898], [131.9096, 34.0886], [131.9117, 34.0887], [131.9135, 34.0882], [131.9147, 34.0881], [131.9161, 34.0875], [131.9171, 34.0881], [131.9183, 34.0884], [131.9183, 34.089], [131.9186, 34.0893], [131.9196, 34.0889], [131.9202, 34.0884], [131.9197, 34.0883], [131.9192, 34.0877], [131.9185, 34.0865], [131.9182, 34.086], [131.9173, 34.0855], [131.9166, 34.0843], [131.9151, 34.0832], [131.9147, 34.0824], [131.9128, 34.0806], [131.9136, 34.0792], [131.9144, 34.0782], [131.9155, 34.0785], [131.9159, 34.0785], [131.9164, 34.0781], [131.9172, 34.0781], [131.9179, 34.0772], [131.9202, 34.0757], [131.9219, 34.0741], [131.9226, 34.0739], [131.923, 34.0734], [131.9247, 34.0733], [131.9257, 34.0725], [131.927, 34.0702], [131.9282, 34.0697], [131.9278, 34.0688], [131.9279, 34.0686], [131.9285, 34.0683], [131.9282, 34.0677], [131.9281, 34.0672], [131.9275, 34.0662], [131.9266, 34.0654], [131.926, 34.0653], [131.9263, 34.0645], [131.9273, 34.0645], [131.9284, 34.0649], [131.9311, 34.0647], [131.9319, 34.0638], [131.9325, 34.064], [131.9327, 34.0643], [131.9332, 34.0644], [131.9334, 34.0639], [131.9338, 34.0638], [131.9346, 34.0638], [131.935, 34.064], [131.9359, 34.0635], [131.9354, 34.0626], [131.9355, 34.0615], [131.9353, 34.061], [131.9353, 34.0604], [131.936, 34.06], [131.9362, 34.0596], [131.9348, 34.0572], [131.9337, 34.057], [131.9325, 34.056], [131.931, 34.0555], [131.9307, 34.0552], [131.93, 34.0551], [131.9296, 34.0547], [131.9287, 34.0547], [131.9282, 34.0543], [131.9286, 34.0528], [131.9297, 34.0512], [131.9295, 34.0505], [131.93, 34.0502], [131.9306, 34.0492], [131.9311, 34.0489], [131.9314, 34.048], [131.9319, 34.0476], [131.9321, 34.0473], [131.9326, 34.0472], [131.9329, 34.0464], [131.9324, 34.0444], [131.9324, 34.0438], [131.9318, 34.0427], [131.9319, 34.0421], [131.9329, 34.042], [131.9328, 34.0404], [131.9333, 34.0397], [131.9331, 34.0388], [131.9333, 34.0383], [131.9329, 34.038], [131.9318, 34.0381], [131.9313, 34.0379], [131.9315, 34.0374], [131.9309, 34.0371], [131.9308, 34.0368], [131.9304, 34.0367], [131.9301, 34.0363], [131.9299, 34.0357], [131.9296, 34.0355], [131.9297, 34.035], [131.9288, 34.0341], [131.9293, 34.0326], [131.9292, 34.0315], [131.9294, 34.0315], [131.9296, 34.0313], [131.929, 34.0311], [131.9287, 34.0308], [131.9283, 34.0307], [131.9278, 34.0299], [131.9284, 34.0297], [131.9286, 34.0293], [131.9289, 34.0292], [131.9287, 34.0286], [131.9288, 34.0282], [131.929, 34.0279], [131.9294, 34.0278], [131.9297, 34.0269], [131.9301, 34.0264], [131.9307, 34.0261], [131.9328, 34.0257], [131.9324, 34.0238], [131.9329, 34.0233], [131.9329, 34.0228], [131.9341, 34.0223], [131.9343, 34.021], [131.9343, 34.0201], [131.9349, 34.0192], [131.9345, 34.0173], [131.9346, 34.0162], [131.9344, 34.0149], [131.9347, 34.0139], [131.9345, 34.0128], [131.9336, 34.0119], [131.9336, 34.0097], [131.9333, 34.0091], [131.9336, 34.0088], [131.9343, 34.0087], [131.9359, 34.0087], [131.9369, 34.0078], [131.9379, 34.0079], [131.9386, 34.0085], [131.9391, 34.0082], [131.9398, 34.0083], [131.9409, 34.0086], [131.9416, 34.0093], [131.9418, 34.0099], [131.9425, 34.0102], [131.9431, 34.0099], [131.9446, 34.0101], [131.945, 34.0099], [131.9454, 34.0105], [131.9464, 34.0111], [131.9471, 34.0111], [131.9473, 34.0106], [131.9476, 34.0104], [131.9489, 34.0108], [131.9495, 34.0112], [131.9498, 34.0117], [131.9505, 34.0114], [131.9511, 34.012], [131.9528, 34.0124], [131.9531, 34.0127], [131.9547, 34.0133], [131.9555, 34.014], [131.9564, 34.0142], [131.9568, 34.0141], [131.9571, 34.0144], [131.9586, 34.0142], [131.9586, 34.0145], [131.9591, 34.015], [131.9595, 34.015], [131.9603, 34.0154], [131.9609, 34.0154], [131.9609, 34.0172], [131.9613, 34.0181], [131.962, 34.0193], [131.9626, 34.02], [131.9635, 34.0203], [131.9648, 34.0214], [131.9651, 34.0218], [131.9648, 34.0221], [131.9651, 34.0222], [131.9652, 34.0224], [131.9655, 34.0223], [131.9657, 34.0226], [131.9657, 34.0227], [131.9641, 34.0229], [131.9643, 34.0234], [131.9638, 34.0235], [131.9636, 34.024], [131.9639, 34.0253], [131.9631, 34.0252], [131.962, 34.026], [131.961, 34.0265], [131.9616, 34.0268], [131.9613, 34.0269], [131.9615, 34.0272], [131.9608, 34.0271], [131.9614, 34.0277], [131.9614, 34.0286], [131.9622, 34.0283], [131.9623, 34.0284], [131.9619, 34.0285], [131.962, 34.0287], [131.9617, 34.0302], [131.9622, 34.0308], [131.9625, 34.0307], [131.9628, 34.031], [131.9634, 34.0318], [131.9641, 34.0323], [131.9646, 34.0322], [131.9652, 34.0329], [131.9664, 34.0332], [131.967, 34.0329], [131.9675, 34.0321], [131.9692, 34.0314], [131.9701, 34.0317], [131.9704, 34.0316], [131.9709, 34.032], [131.9715, 34.0321], [131.9719, 34.0319], [131.9722, 34.0312], [131.9725, 34.0312], [131.9725, 34.031], [131.9726, 34.0307], [131.9732, 34.0308], [131.9742, 34.0301], [131.9805, 34.0271], [131.979, 34.0259], [131.981, 34.0257], [131.9819, 34.0253], [131.9821, 34.0249], [131.9827, 34.0245], [131.9848, 34.0248], [131.9856, 34.0246], [131.9861, 34.0249], [131.9872, 34.0248], [131.9885, 34.0252], [131.9889, 34.0258], [131.9893, 34.0257], [131.9895, 34.0258], [131.9905, 34.0267], [131.9904, 34.0275], [131.9911, 34.0282], [131.9909, 34.0287], [131.9911, 34.0291], [131.992, 34.0289], [131.9922, 34.0291], [131.9929, 34.0292], [131.993, 34.0283], [131.9937, 34.028], [131.9948, 34.0284], [131.9961, 34.0286], [131.9964, 34.0283], [131.9968, 34.0278], [131.9974, 34.0276], [131.9994, 34.0279], [132.0002, 34.0277], [132.001, 34.0282], [132.0022, 34.0278], [132.0035, 34.0282], [132.0045, 34.0274], [132.0052, 34.0278], [132.0056, 34.0274], [132.0082, 34.0283], [132.009, 34.028], [132.0097, 34.0281], [132.0118, 34.0268], [132.0142, 34.0268], [132.0159, 34.0264], [132.0163, 34.026], [132.0176, 34.026], [132.0203, 34.0266], [132.021, 34.0263], [132.0218, 34.0263], [132.0226, 34.0276], [132.0237, 34.0277], [132.0259, 34.0311], [132.0266, 34.032], [132.0285, 34.039], [132.0288, 34.0394], [132.0292, 34.0406], [132.03, 34.0413], [132.0301, 34.0425], [132.0308, 34.0446], [132.0306, 34.0476], [132.0298, 34.0483], [132.0294, 34.0498], [132.0288, 34.05], [132.0283, 34.051], [132.0283, 34.0521], [132.029, 34.053], [132.0289, 34.0534], [132.0284, 34.054], [132.0284, 34.0543], [132.0282, 34.0546], [132.0283, 34.055], [132.028, 34.0555], [132.0277, 34.0567], [132.0274, 34.0572], [132.0275, 34.0576], [132.0272, 34.0586], [132.0277, 34.0592], [132.0276, 34.0599], [132.0279, 34.0606], [132.0279, 34.0613], [132.0286, 34.0615], [132.0283, 34.063], [132.0276, 34.0641], [132.0272, 34.0663], [132.0247, 34.0692], [132.0233, 34.07], [132.022, 34.07], [132.0203, 34.0696], [132.0198, 34.0694], [132.0186, 34.068], [132.0175, 34.0676], [132.0169, 34.0669], [132.0166, 34.0667], [132.0153, 34.0673], [132.0126, 34.0661], [132.0125, 34.0646], [132.0128, 34.0629], [132.0124, 34.062], [132.0108, 34.0623], [132.0108, 34.0626], [132.0102, 34.0634], [132.0083, 34.0643], [132.0081, 34.0646], [132.0079, 34.0662], [132.0075, 34.0667], [132.0067, 34.0671], [132.0058, 34.0671], [132.0035, 34.0666], [132.0025, 34.0661], [132.0022, 34.0662], [132.001, 34.0657], [131.9975, 34.0647], [131.9973, 34.0651], [131.9973, 34.0662], [131.9964, 34.068], [131.9965, 34.0691], [131.9957, 34.0693], [131.9948, 34.0698], [131.9945, 34.0709], [131.9914, 34.0709], [131.9909, 34.071], [131.9908, 34.0713], [131.9911, 34.0716], [131.9927, 34.072], [131.9932, 34.0732], [131.9953, 34.0743], [131.9953, 34.075], [131.9958, 34.0759], [131.9954, 34.0781], [131.9957, 34.0793], [131.9956, 34.0797], [131.9952, 34.0794], [131.9947, 34.0794], [131.9943, 34.0791], [131.9939, 34.0792], [131.9933, 34.0789], [131.9931, 34.079], [131.9937, 34.0798], [131.9922, 34.0798], [131.9915, 34.0802], [131.9905, 34.0804], [131.9903, 34.0807], [131.9903, 34.0822], [131.9896, 34.0828], [131.9892, 34.0838], [131.9884, 34.0843], [131.9874, 34.0842], [131.9864, 34.0845], [131.9859, 34.0848], [131.9849, 34.086], [131.984, 34.0867], [131.9833, 34.0869], [131.9827, 34.0878], [131.9821, 34.088], [131.9815, 34.088], [131.9803, 34.0876], [131.9791, 34.0875], [131.9758, 34.0886], [131.9739, 34.0882], [131.9733, 34.0882], [131.9723, 34.0888], [131.9716, 34.0888], [131.9709, 34.0885], [131.97, 34.0871], [131.9695, 34.0871], [131.9682, 34.0876], [131.9674, 34.0889], [131.967, 34.089], [131.9669, 34.0894], [131.9678, 34.0904], [131.9679, 34.0921], [131.9682, 34.0929], [131.9689, 34.094], [131.9689, 34.095], [131.9687, 34.0952], [131.9679, 34.0955], [131.9649, 34.0955], [131.9648, 34.0961], [131.9651, 34.0965], [131.9652, 34.0975], [131.965, 34.0988], [131.9651, 34.0993], [131.9649, 34.1002], [131.9639, 34.1019], [131.964, 34.1032], [131.9638, 34.1038], [131.9642, 34.1064], [131.9647, 34.107], [131.9641, 34.1079], [131.9639, 34.1091], [131.9635, 34.11], [131.9645, 34.1105], [131.9646, 34.1107], [131.964, 34.1114], [131.964, 34.1117], [131.9648, 34.1122], [131.965, 34.1126], [131.9645, 34.1139], [131.9639, 34.1142], [131.9622, 34.1134], [131.9615, 34.1133], [131.9612, 34.1135], [131.96, 34.1151], [131.9593, 34.1174], [131.9583, 34.118], [131.9592, 34.1189], [131.9593, 34.1195], [131.9588, 34.1211], [131.959, 34.1227], [131.9585, 34.1233], [131.9589, 34.1244], [131.9585, 34.1255], [131.9578, 34.1258], [131.9576, 34.1262], [131.9568, 34.1258], [131.9566, 34.1259], [131.9564, 34.1273], [131.9561, 34.1278], [131.9549, 34.1276], [131.9524, 34.1276], [131.9537, 34.1296], [131.9537, 34.1298], [131.9533, 34.1301], [131.9533, 34.1307], [131.9538, 34.1308], [131.954, 34.1311], [131.955, 34.1317], [131.9558, 34.1313], [131.9575, 34.1315], [131.9588, 34.1335], [131.9585, 34.135], [131.9587, 34.1372], [131.9585, 34.1374], [131.9582, 34.1382], [131.9582, 34.1387], [131.9578, 34.1409], [131.9574, 34.1417], [131.9569, 34.1417], [131.9557, 34.1414], [131.9544, 34.143], [131.9527, 34.1436], [131.9538, 34.1454], [131.9538, 34.1457], [131.9536, 34.1461], [131.9527, 34.1467], [131.9528, 34.1477], [131.9543, 34.1482], [131.9554, 34.1482], [131.9563, 34.1486], [131.9571, 34.1487], [131.9587, 34.1498], [131.9588, 34.1503], [131.9573, 34.1503], [131.9563, 34.1505], [131.9568, 34.1534], [131.9567, 34.1543], [131.9568, 34.1556], [131.9572, 34.1555], [131.9578, 34.1552], [131.958, 34.1552], [131.9586, 34.1565], [131.9593, 34.1568], [131.9598, 34.1572], [131.9601, 34.1578], [131.96, 34.1589], [131.9597, 34.1593], [131.9588, 34.1597], [131.9582, 34.1604], [131.9569, 34.1628], [131.9553, 34.1635], [131.9573, 34.1645], [131.9581, 34.1646], [131.9587, 34.1677], [131.958, 34.1691], [131.958, 34.1698], [131.9581, 34.1701], [131.959, 34.1706], [131.9595, 34.1706], [131.96, 34.171], [131.9607, 34.171], [131.963, 34.1741], [131.964, 34.1747], [131.965, 34.1757], [131.9659, 34.176], [131.9662, 34.1764], [131.9657, 34.1775], [131.965, 34.1785], [131.9653, 34.1794], [131.9652, 34.1798], [131.9641, 34.1799], [131.964, 34.1806], [131.9638, 34.1807], [131.9632, 34.181], [131.9627, 34.1806], [131.9616, 34.1807], [131.9608, 34.1804], [131.96, 34.1809], [131.9588, 34.1812], [131.958, 34.1817], [131.9582, 34.1827], [131.9578, 34.1843], [131.9574, 34.1851], [131.9574, 34.1858], [131.9568, 34.187], [131.9568, 34.1878], [131.9564, 34.1884], [131.958, 34.1898], [131.9589, 34.1894], [131.9591, 34.1895], [131.9594, 34.1904], [131.9599, 34.1907], [131.9608, 34.192], [131.9609, 34.1928], [131.9607, 34.1951], [131.961, 34.1959], [131.9606, 34.1965], [131.9602, 34.1978], [131.9592, 34.1991], [131.9586, 34.1991], [131.958, 34.1987], [131.9568, 34.1987], [131.9561, 34.1984], [131.9547, 34.199], [131.9532, 34.1983], [131.9526, 34.1987], [131.9514, 34.1988], [131.951, 34.1987], [131.9502, 34.1991], [131.9495, 34.1991], [131.9487, 34.2002], [131.9466, 34.2], [131.9462, 34.2002], [131.9452, 34.2002], [131.9447, 34.2006], [131.9451, 34.2025], [131.9446, 34.2043], [131.9442, 34.2047], [131.9423, 34.2055], [131.9421, 34.2061], [131.941, 34.2066], [131.9401, 34.2076], [131.9406, 34.209], [131.9405, 34.2102], [131.9424, 34.2114], [131.9421, 34.2118], [131.9418, 34.2124], [131.942, 34.213], [131.9424, 34.2134], [131.9423, 34.215], [131.9418, 34.2157], [131.9412, 34.2156], [131.9404, 34.2158], [131.9392, 34.2164], [131.9388, 34.2169], [131.9388, 34.2178], [131.939, 34.218], [131.9388, 34.2184], [131.9387, 34.219], [131.9382, 34.2198], [131.9385, 34.2202], [131.939, 34.2204], [131.9392, 34.2209], [131.9399, 34.2216], [131.9415, 34.2207], [131.9426, 34.2208], [131.9428, 34.2227], [131.9419, 34.2234], [131.9417, 34.2238], [131.9416, 34.2243], [131.9422, 34.2248], [131.9421, 34.2249], [131.9413, 34.226], [131.9388, 34.2278], [131.9387, 34.2289], [131.9374, 34.2294], [131.9372, 34.2299], [131.9362, 34.23], [131.9352, 34.2307], [131.9342, 34.231], [131.9338, 34.2305], [131.9338, 34.2301], [131.9328, 34.2293], [131.9316, 34.2288], [131.9315, 34.2284], [131.9312, 34.2283], [131.9307, 34.2283], [131.9298, 34.2278], [131.9298, 34.227], [131.9294, 34.2268], [131.9288, 34.2269], [131.9283, 34.2263], [131.9269, 34.2252], [131.9268, 34.2244], [131.9258, 34.2242], [131.9248, 34.2243], [131.9241, 34.2234], [131.9238, 34.2233], [131.9228, 34.2236], [131.9221, 34.2241], [131.9217, 34.2241], [131.9207, 34.2238], [131.9201, 34.2231], [131.92, 34.2224], [131.9196, 34.2216], [131.9181, 34.2248], [131.9172, 34.2262], [131.916, 34.2269], [131.9149, 34.2284], [131.9138, 34.2294], [131.9122, 34.2303], [131.9114, 34.2294], [131.9098, 34.23], [131.9085, 34.23], [131.9084, 34.2306], [131.9076, 34.232], [131.9065, 34.2321], [131.9059, 34.2324], [131.9055, 34.2322], [131.9045, 34.2323], [131.9027, 34.2319], [131.9022, 34.2319], [131.9017, 34.2324], [131.901, 34.2326], [131.9006, 34.2328], [131.8975, 34.2337], [131.8963, 34.2337], [131.8959, 34.2341], [131.8931, 34.2346], [131.892, 34.235], [131.8915, 34.2352], [131.8916, 34.2358], [131.8907, 34.2367], [131.8906, 34.2373], [131.8898, 34.238], [131.8891, 34.239], [131.8884, 34.2397], [131.8884, 34.2403], [131.888, 34.2412], [131.888, 34.2424], [131.8883, 34.2435], [131.8887, 34.244], [131.8888, 34.2467], [131.8892, 34.2471], [131.8902, 34.2472], [131.8913, 34.2479], [131.8916, 34.2484], [131.8928, 34.249], [131.894, 34.2502], [131.8942, 34.2513], [131.8937, 34.2523], [131.893, 34.2528], [131.892, 34.2531], [131.8916, 34.2539], [131.8905, 34.2545], [131.8903, 34.2555], [131.8908, 34.2563], [131.8905, 34.2573], [131.8895, 34.2591], [131.8884, 34.2596], [131.8875, 34.2614], [131.8864, 34.2614], [131.886, 34.2616], [131.8835, 34.262], [131.8839, 34.2622], [131.8847, 34.2633], [131.8842, 34.2639], [131.8828, 34.2665], [131.8827, 34.2673], [131.8819, 34.2677], [131.8817, 34.2686], [131.881, 34.2694], [131.8814, 34.2711], [131.881, 34.2732], [131.8807, 34.2737], [131.8799, 34.2738], [131.8787, 34.2745], [131.8791, 34.2748], [131.88, 34.2747], [131.8814, 34.2759], [131.8814, 34.277], [131.8817, 34.2777], [131.8821, 34.2779], [131.8824, 34.2793], [131.8814, 34.2802], [131.8812, 34.2815], [131.8807, 34.2821], [131.8806, 34.2828], [131.8807, 34.283], [131.8806, 34.2837], [131.8801, 34.2856], [131.8804, 34.2865], [131.8809, 34.2869], [131.8811, 34.2874], [131.8814, 34.2875], [131.8813, 34.2885], [131.8818, 34.289], [131.8817, 34.2896], [131.882, 34.2906], [131.8815, 34.2911], [131.8813, 34.2918], [131.882, 34.2928], [131.8819, 34.2935], [131.8824, 34.2938], [131.8822, 34.2946], [131.8823, 34.295], [131.882, 34.2958], [131.8821, 34.2965], [131.8826, 34.2972], [131.8826, 34.2979], [131.8819, 34.298], [131.8816, 34.2984], [131.8817, 34.299], [131.8815, 34.2998], [131.8812, 34.2999], [131.8809, 34.3003], [131.8791, 34.3011], [131.8789, 34.3013], [131.8789, 34.302], [131.8792, 34.3025], [131.8799, 34.3028], [131.8798, 34.3032], [131.8801, 34.3036], [131.8797, 34.3044], [131.8798, 34.3055], [131.8816, 34.3063], [131.8811, 34.3069], [131.8812, 34.3071], [131.8817, 34.3071], [131.8819, 34.3074], [131.881, 34.3086], [131.881, 34.3088], [131.8795, 34.3097], [131.8789, 34.3095], [131.878, 34.3096], [131.8762, 34.3093], [131.8748, 34.3087], [131.8735, 34.309], [131.8725, 34.3085], [131.8724, 34.3078], [131.8721, 34.3075], [131.8715, 34.3073], [131.8695, 34.3049], [131.8671, 34.3055], [131.8668, 34.3057], [131.8652, 34.3062], [131.863, 34.3054], [131.8613, 34.3057], [131.861, 34.3052], [131.8604, 34.3047], [131.8597, 34.3047], [131.859, 34.305], [131.8575, 34.3051], [131.8566, 34.3057], [131.856, 34.306], [131.8552, 34.3062], [131.8549, 34.3065], [131.8525, 34.3062], [131.8507, 34.3065], [131.8503, 34.3069], [131.848, 34.3077], [131.8466, 34.3091], [131.8464, 34.3101], [131.8459, 34.3105], [131.8452, 34.3108], [131.8443, 34.3108], [131.8433, 34.3101], [131.8424, 34.3098], [131.8419, 34.3086], [131.8407, 34.3083], [131.8403, 34.3084], [131.8401, 34.3088], [131.8379, 34.3087], [131.8375, 34.309], [131.8374, 34.3103], [131.8371, 34.3108], [131.8366, 34.3112], [131.8356, 34.3113], [131.8341, 34.3111], [131.8344, 34.3102], [131.8339, 34.3098], [131.8335, 34.3098], [131.8334, 34.3096], [131.8336, 34.3093], [131.8336, 34.3084], [131.8325, 34.3065], [131.8326, 34.3048], [131.8325, 34.3037], [131.8313, 34.3025], [131.8304, 34.3024], [131.8293, 34.3027], [131.8289, 34.3036], [131.8279, 34.3036], [131.8265, 34.304], [131.8256, 34.3044], [131.8248, 34.305], [131.8237, 34.3053], [131.8229, 34.3051], [131.8218, 34.3047], [131.8219, 34.3036], [131.8216, 34.3031], [131.8204, 34.3025], [131.8197, 34.3027], [131.8182, 34.3045], [131.8182, 34.3056], [131.8173, 34.3059], [131.8171, 34.3062], [131.818, 34.3074], [131.8176, 34.308], [131.8175, 34.3086], [131.8169, 34.309], [131.8165, 34.3099], [131.816, 34.3106], [131.8142, 34.3114], [131.8129, 34.3124], [131.8122, 34.3125], [131.8105, 34.3124], [131.8091, 34.3117], [131.8078, 34.3122], [131.8069, 34.3122], [131.8061, 34.3124], [131.8055, 34.3129], [131.8054, 34.3135], [131.8037, 34.3151], [131.8032, 34.3157], [131.8031, 34.3161], [131.8025, 34.3168], [131.8016, 34.317], [131.7989, 34.3168], [131.7975, 34.3175], [131.7973, 34.3183], [131.7967, 34.3184], [131.7963, 34.3187], [131.7965, 34.3192], [131.7964, 34.3199], [131.7959, 34.3204], [131.7958, 34.3215], [131.7965, 34.3221], [131.7964, 34.3228], [131.796, 34.3232], [131.796, 34.3236], [131.7963, 34.3239], [131.7958, 34.3248], [131.7958, 34.3268], [131.7955, 34.3271], [131.7941, 34.3277], [131.7929, 34.3291], [131.7917, 34.3294], [131.7905, 34.3301], [131.7881, 34.3288], [131.7851, 34.3301], [131.7849, 34.3311], [131.7843, 34.3318], [131.7837, 34.332], [131.7825, 34.3327], [131.7803, 34.3336], [131.7798, 34.3336], [131.7778, 34.3329], [131.7774, 34.333], [131.7759, 34.3361], [131.7746, 34.3374], [131.7751, 34.3399], [131.7767, 34.3404], [131.778, 34.3424], [131.7791, 34.3433], [131.7795, 34.3444], [131.779, 34.3455], [131.7785, 34.3457], [131.7783, 34.3461], [131.7789, 34.3471], [131.7789, 34.3474], [131.7786, 34.3483], [131.7784, 34.3496], [131.7791, 34.35], [131.7791, 34.3502], [131.7787, 34.351], [131.7779, 34.3515], [131.7777, 34.3534], [131.7774, 34.3542], [131.7768, 34.3536], [131.7759, 34.3536], [131.7745, 34.3545], [131.7734, 34.3545], [131.7716, 34.3552], [131.7708, 34.3561], [131.7701, 34.3557], [131.7682, 34.3536], [131.7671, 34.3536], [131.7662, 34.3534], [131.7652, 34.3534], [131.7647, 34.3533], [131.7644, 34.3522], [131.7645, 34.3514], [131.7635, 34.3511], [131.7629, 34.3506], [131.7606, 34.3503], [131.7597, 34.3499], [131.7589, 34.348], [131.758, 34.3475], [131.7575, 34.347], [131.7568, 34.347], [131.7561, 34.3465], [131.7559, 34.3458], [131.7559, 34.3443], [131.7562, 34.3435], [131.7556, 34.3425], [131.756, 34.3421], [131.7568, 34.3403], [131.7552, 34.3381], [131.7552, 34.3375], [131.7547, 34.3371], [131.7542, 34.3362], [131.7548, 34.3348], [131.7556, 34.3339], [131.7555, 34.3327], [131.7568, 34.3312], [131.7554, 34.3303], [131.7547, 34.3299], [131.7541, 34.3299], [131.7524, 34.3304], [131.7515, 34.3303], [131.7509, 34.33], [131.7504, 34.3294], [131.7501, 34.3294], [131.7485, 34.3288], [131.7475, 34.3288], [131.7449, 34.3293], [131.7452, 34.3284], [131.7456, 34.3281], [131.7461, 34.3267], [131.7458, 34.3258], [131.7461, 34.3249], [131.7457, 34.3242], [131.7459, 34.3237], [131.7458, 34.3226], [131.7453, 34.3219], [131.7454, 34.3217], [131.7463, 34.321], [131.7464, 34.3207], [131.7465, 34.3196], [131.7459, 34.3191], [131.7461, 34.3188], [131.7462, 34.3178], [131.7469, 34.3173], [131.7471, 34.3168], [131.7469, 34.3165], [131.7462, 34.3165], [131.7455, 34.3163], [131.7441, 34.3152], [131.7442, 34.3145], [131.7438, 34.3138], [131.7448, 34.3124], [131.7448, 34.3116], [131.7454, 34.3109], [131.7452, 34.3102], [131.7463, 34.3099], [131.7467, 34.3092], [131.747, 34.3089], [131.7469, 34.3077], [131.7472, 34.3073], [131.749, 34.306], [131.7496, 34.3055], [131.7495, 34.305], [131.7489, 34.3043], [131.7484, 34.3029], [131.7492, 34.3016], [131.75, 34.3013], [131.7503, 34.2996], [131.7497, 34.2985], [131.7474, 34.2988], [131.7463, 34.2975], [131.7444, 34.2969], [131.744, 34.2954], [131.7424, 34.2946], [131.7426, 34.2941], [131.7423, 34.2935], [131.7422, 34.2928], [131.7431, 34.2919], [131.743, 34.2913], [131.7437, 34.2903], [131.7439, 34.2896], [131.7438, 34.2891], [131.7452, 34.2884], [131.7468, 34.2873], [131.7468, 34.287], [131.7476, 34.2865], [131.7479, 34.2856], [131.749, 34.2854], [131.7499, 34.2848], [131.7501, 34.2841], [131.7504, 34.2839], [131.7527, 34.2824], [131.753, 34.2806], [131.7541, 34.2799], [131.7547, 34.2791], [131.7552, 34.2788], [131.756, 34.2769], [131.7567, 34.2762], [131.7572, 34.2758], [131.7573, 34.2751], [131.7589, 34.274], [131.7593, 34.2735], [131.7578, 34.2728], [131.7573, 34.2722], [131.757, 34.2721], [131.7568, 34.2724], [131.7565, 34.2723], [131.7557, 34.2725], [131.7553, 34.272], [131.7545, 34.2719], [131.7542, 34.2714], [131.7541, 34.2712], [131.7544, 34.2705], [131.7547, 34.2686], [131.7553, 34.2672], [131.7551, 34.2667], [131.7538, 34.2656], [131.7533, 34.2648], [131.7532, 34.2631], [131.7522, 34.2619], [131.7509, 34.2615], [131.7497, 34.2606], [131.7483, 34.2608], [131.7477, 34.2603], [131.7469, 34.2605], [131.7463, 34.26], [131.746, 34.2607], [131.7455, 34.2607], [131.7452, 34.2601], [131.7444, 34.2597], [131.7443, 34.2594], [131.7439, 34.2592], [131.7439, 34.2585], [131.7434, 34.2583], [131.7426, 34.2582], [131.7429, 34.2571], [131.7413, 34.2558], [131.7417, 34.2553], [131.7409, 34.2547], [131.7409, 34.2532], [131.7406, 34.2522], [131.7403, 34.2517], [131.7404, 34.2505], [131.7396, 34.2499], [131.7392, 34.2486], [131.7392, 34.248], [131.7396, 34.2476], [131.7401, 34.2474], [131.7405, 34.247], [131.7412, 34.2471], [131.7413, 34.2469], [131.7412, 34.2452], [131.7417, 34.2447], [131.7426, 34.2446], [131.7435, 34.2451], [131.7438, 34.245], [131.7443, 34.2443], [131.7448, 34.2441], [131.7447, 34.2434], [131.7442, 34.2431], [131.7441, 34.2423], [131.7434, 34.2412], [131.7438, 34.2408], [131.7439, 34.2389], [131.7448, 34.2386], [131.7455, 34.2366], [131.7459, 34.2361], [131.7458, 34.2348], [131.7464, 34.2347], [131.7473, 34.2339], [131.7476, 34.2329], [131.7473, 34.2322], [131.7477, 34.2311], [131.7475, 34.2299], [131.7473, 34.2294], [131.7474, 34.2279], [131.7473, 34.2277], [131.7461, 34.2273], [131.7461, 34.227], [131.747, 34.2268], [131.7475, 34.2261], [131.7484, 34.2259], [131.7491, 34.2253], [131.7511, 34.2246], [131.7512, 34.2239], [131.7516, 34.2229], [131.7516, 34.222], [131.7507, 34.2215], [131.7509, 34.2203], [131.7504, 34.2195], [131.7507, 34.2184], [131.7503, 34.2179], [131.7503, 34.2169], [131.751, 34.2165], [131.7509, 34.2158], [131.7511, 34.2155], [131.7508, 34.2141], [131.751, 34.2136], [131.752, 34.2127], [131.7527, 34.2125], [131.7536, 34.2111], [131.7557, 34.2094], [131.7558, 34.2087], [131.7557, 34.2078], [131.7565, 34.2075], [131.7571, 34.207], [131.7574, 34.2064], [131.7577, 34.2044], [131.7594, 34.2044], [131.7598, 34.2039], [131.7594, 34.2025], [131.7605, 34.2019], [131.7599, 34.2016], [131.7596, 34.2012], [131.7595, 34.2005], [131.7599, 34.1997], [131.7597, 34.199], [131.7597, 34.1984], [131.7605, 34.1985], [131.7621, 34.1993], [131.7626, 34.1993], [131.7628, 34.1973], [131.7626, 34.1963], [131.7635, 34.196], [131.7636, 34.1958], [131.7639, 34.1947], [131.7637, 34.1937], [131.7624, 34.1933], [131.7617, 34.1933], [131.7612, 34.1925], [131.7612, 34.1921], [131.7601, 34.1916], [131.7594, 34.1904], [131.7585, 34.1893], [131.7574, 34.1896], [131.7562, 34.1895], [131.753, 34.1885], [131.7529, 34.1887], [131.7522, 34.1893], [131.7501, 34.1896], [131.7495, 34.1895], [131.7491, 34.1892], [131.7479, 34.1888], [131.7472, 34.1896], [131.7462, 34.1898], [131.746, 34.1904], [131.7457, 34.1906], [131.7441, 34.1908], [131.7432, 34.1903], [131.7428, 34.1907], [131.7422, 34.1906], [131.7415, 34.1909], [131.7409, 34.1908], [131.7406, 34.1911], [131.7388, 34.1912], [131.7384, 34.1914], [131.738, 34.1904], [131.7368, 34.1895], [131.7363, 34.1895], [131.7356, 34.1908], [131.7348, 34.1899], [131.7343, 34.1896], [131.7342, 34.1881], [131.735, 34.1878], [131.7349, 34.1871], [131.7355, 34.1864], [131.7355, 34.1861], [131.7348, 34.1847], [131.7332, 34.1838], [131.733, 34.1835], [131.733, 34.1824], [131.7322, 34.182], [131.732, 34.1817], [131.7321, 34.1811], [131.7327, 34.1805], [131.7323, 34.18], [131.7322, 34.1795], [131.7323, 34.179], [131.7328, 34.1783], [131.7326, 34.1769], [131.7328, 34.1764], [131.7332, 34.1761], [131.7337, 34.176], [131.7346, 34.1764], [131.7353, 34.1758], [131.7363, 34.1766], [131.737, 34.1767], [131.738, 34.1774], [131.7385, 34.1774], [131.7393, 34.1769], [131.7392, 34.1764], [131.738, 34.1759], [131.7377, 34.1755], [131.7385, 34.1752], [131.7395, 34.1738], [131.7395, 34.1721], [131.739, 34.1713], [131.7385, 34.171], [131.7389, 34.1705], [131.7376, 34.1685], [131.7381, 34.1683], [131.7382, 34.168], [131.7367, 34.1667], [131.7352, 34.167], [131.7346, 34.1669], [131.7343, 34.1665], [131.7341, 34.1651], [131.7332, 34.1657], [131.7327, 34.1658], [131.7319, 34.1655], [131.7307, 34.1649], [131.7307, 34.1646], [131.7315, 34.1639], [131.7323, 34.1637], [131.7323, 34.1632], [131.7316, 34.1625], [131.7298, 34.1621], [131.7296, 34.1625], [131.7282, 34.1634], [131.7269, 34.1638], [131.7262, 34.1637], [131.7255, 34.1633], [131.7252, 34.1625], [131.7243, 34.1619], [131.7234, 34.1617], [131.7233, 34.1615], [131.7229, 34.1608], [131.7227, 34.159], [131.7224, 34.1583], [131.7231, 34.1577], [131.7234, 34.1558], [131.7238, 34.1552], [131.7236, 34.1539], [131.7244, 34.1534], [131.7241, 34.1521], [131.7246, 34.1513], [131.7254, 34.1511], [131.7258, 34.1506], [131.7259, 34.1498], [131.7256, 34.1487], [131.7248, 34.1476], [131.7255, 34.1475], [131.7265, 34.1467], [131.7264, 34.1463], [131.7258, 34.1453], [131.7255, 34.1438], [131.7258, 34.1428], [131.7254, 34.1422], [131.7254, 34.1412], [131.7251, 34.141], [131.7241, 34.1406], [131.7233, 34.1407], [131.7229, 34.1404], [131.7221, 34.1405], [131.7222, 34.1404], [131.7227, 34.1402], [131.7218, 34.1391], [131.7214, 34.1391], [131.7205, 34.1381], [131.7202, 34.1371], [131.7198, 34.137], [131.7198, 34.1367], [131.7148, 34.1365], [131.7147, 34.1356], [131.7143, 34.1349], [131.7143, 34.134], [131.7132, 34.1328], [131.7124, 34.1327], [131.7114, 34.1332], [131.7105, 34.1329], [131.7079, 34.1331], [131.7074, 34.134], [131.707, 34.1358], [131.7062, 34.1359], [131.7058, 34.1368], [131.7053, 34.1374], [131.701, 34.14], [131.7001, 34.1409], [131.6985, 34.1419], [131.6971, 34.1415], [131.6964, 34.1411], [131.6957, 34.141], [131.6943, 34.1412], [131.6931, 34.1421], [131.6926, 34.142], [131.6917, 34.1408], [131.6906, 34.14], [131.689, 34.137], [131.6889, 34.1363], [131.6883, 34.1348], [131.6877, 34.1345], [131.6861, 34.134], [131.6857, 34.1332], [131.6859, 34.1325], [131.6842, 34.1321], [131.6835, 34.1323], [131.6821, 34.132], [131.6815, 34.132], [131.681, 34.1322], [131.6806, 34.1327], [131.6799, 34.1326], [131.6797, 34.1332], [131.6793, 34.1332], [131.6789, 34.1334], [131.6777, 34.1331], [131.6768, 34.1336], [131.6761, 34.1342], [131.6748, 34.1346], [131.6745, 34.135], [131.6731, 34.1348], [131.6716, 34.1349], [131.6709, 34.1351], [131.6702, 34.135], [131.6687, 34.1352], [131.6681, 34.1348], [131.6667, 34.1343], [131.6664, 34.1347], [131.6641, 34.136], [131.6622, 34.1365], [131.6616, 34.1363], [131.6609, 34.1367], [131.6601, 34.1368], [131.659, 34.1363], [131.6567, 34.1362], [131.6556, 34.1362], [131.6543, 34.1367], [131.6533, 34.1367]]], [[[131.6874, 34.0123], [131.6871, 34.0125], [131.6868, 34.0122], [131.6858, 34.0124], [131.6853, 34.0122], [131.6852, 34.012], [131.6856, 34.012], [131.6856, 34.0118], [131.6859, 34.0118], [131.686, 34.0117], [131.6867, 34.0117], [131.6868, 34.0115], [131.6872, 34.0113], [131.6882, 34.0118], [131.6881, 34.012], [131.6874, 34.0123]]]]}, "properties": {"name": "山口県周南市"}}, {"type": "Feature", "geometry": {"type": "Polygon", "coordinates": [[[131.0677, 34.039], [131.0712, 34.038], [131.0722, 34.0429], [131.0724, 34.0429], [131.0716, 34.0378], [131.0833, 34.0338], [131.0835, 34.0339], [131.0845, 34.0379], [131.0852, 34.0382], [131.0854, 34.038], [131.085, 34.0378], [131.085, 34.0375], [131.0851, 34.0377], [131.0872, 34.0376], [131.0867, 34.0358], [131.0893, 34.0354], [131.0885, 34.0356], [131.0889, 34.037], [131.091, 34.0367], [131.0909, 34.0361], [131.0912, 34.0361], [131.0913, 34.0367], [131.0932, 34.0363], [131.0925, 34.0351], [131.09, 34.0353], [131.0892, 34.0348], [131.09, 34.0352], [131.0928, 34.035], [131.0938, 34.0368], [131.0938, 34.0365], [131.0942, 34.0368], [131.0939, 34.0364], [131.0946, 34.0362], [131.0948, 34.0364], [131.0946, 34.0361], [131.0965, 34.0352], [131.0982, 34.0337], [131.0985, 34.0338], [131.0986, 34.0335], [131.1004, 34.0328], [131.1014, 34.0317], [131.1033, 34.0304], [131.1037, 34.0299], [131.1035, 34.0297], [131.1039, 34.0293], [131.1039, 34.029], [131.1046, 34.0292], [131.1041, 34.0289], [131.1058, 34.0269], [131.1056, 34.0271], [131.1054, 34.027], [131.1063, 34.0263], [131.1069, 34.0269], [131.1065, 34.0264], [131.1065, 34.0261], [131.107, 34.0257], [131.107, 34.026], [131.1075, 34.0259], [131.1083, 34.0251], [131.1084, 34.0246], [131.108, 34.024], [131.108, 34.0235], [131.1105, 34.0193], [131.1104, 34.018], [131.1112, 34.0171], [131.1119, 34.0173], [131.1113, 34.0169], [131.1134, 34.0147], [131.1139, 34.0145], [131.1149, 34.0146], [131.1148, 34.0144], [131.115, 34.0142], [131.1153, 34.0145], [131.1154, 34.0144], [131.1168, 34.0121], [131.1168, 34.0115], [131.1172, 34.0108], [131.1171, 34.0106], [131.1174, 34.0104], [131.1179, 34.0105], [131.1187, 34.0105], [131.1179, 34.0105], [131.1174, 34.0103], [131.1182, 34.0079], [131.1182, 34.0072], [131.1212, 34.0039], [131.1215, 34.0035], [131.1211, 34.0033], [131.1212, 34.0032], [131.1218, 34.003], [131.1221, 34.0032], [131.1226, 34.003], [131.1229, 34.0026], [131.1233, 34.0025], [131.1231, 34.0023], [131.1239, 34.0019], [131.1239, 34.0022], [131.1241, 34.0022], [131.1247, 34.0018], [131.1248, 34.0013], [131.1252, 34.0014], [131.1275, 34.0002], [131.1298, 33.9981], [131.131, 33.9977], [131.1319, 33.9969], [131.1324, 33.9967], [131.1321, 33.9962], [131.1343, 33.9927], [131.1342, 33.9916], [131.1335, 33.9912], [131.1334, 33.9905], [131.1335, 33.9912], [131.1342, 33.9916], [131.1355, 33.9913], [131.1359, 33.9918], [131.1394, 33.9914], [131.1395, 33.9927], [131.1385, 33.9943], [131.1355, 33.9975], [131.1354, 33.9976], [131.135, 33.9976], [131.1348, 33.9977], [131.1349, 33.9988], [131.1353, 33.9991], [131.135, 33.9991], [131.1348, 33.9987], [131.1338, 33.9988], [131.134, 34.0009], [131.1351, 34.0009], [131.1358, 33.9993], [131.1358, 33.9988], [131.1359, 33.9993], [131.1352, 34.0007], [131.1348, 34.002], [131.1338, 34.0035], [131.134, 34.0037], [131.1339, 34.004], [131.1342, 34.0043], [131.1344, 34.0042], [131.1344, 34.0038], [131.1345, 34.0038], [131.1343, 34.0034], [131.1345, 34.0034], [131.1439, 34.0032], [131.1458, 34.0043], [131.1455, 34.0094], [131.1454, 34.0152], [131.1469, 34.0183], [131.1479, 34.0194], [131.1486, 34.0214], [131.1499, 34.0231], [131.1505, 34.023], [131.1503, 34.0226], [131.1501, 34.0226], [131.1501, 34.0223], [131.1497, 34.0209], [131.1487, 34.0204], [131.1484, 34.0199], [131.1488, 34.0204], [131.1495, 34.0203], [131.1493, 34.0197], [131.1485, 34.0196], [131.1483, 34.0189], [131.1487, 34.0185], [131.1493, 34.0187], [131.1495, 34.0161], [131.1521, 34.0096], [131.1523, 34.0087], [131.1526, 34.0087], [131.1521, 34.0086], [131.1523, 34.0079], [131.1519, 34.008], [131.1517, 34.0076], [131.151, 34.0072], [131.1508, 34.0066], [131.151, 34.0072], [131.1517, 34.0075], [131.1521, 34.0074], [131.1518, 34.0065], [131.151, 34.0067], [131.1512, 34.0066], [131.151, 34.006], [131.1516, 34.0058], [131.1507, 34.0036], [131.1485, 33.9995], [131.148, 33.9991], [131.1482, 33.9991], [131.1467, 33.9965], [131.1462, 33.9951], [131.1555, 33.9893], [131.157, 33.989], [131.1575, 33.9894], [131.1576, 33.9892], [131.1532, 33.9835], [131.1153, 33.9384], [131.1386, 33.9251], [131.1561, 33.9421], [131.1622, 33.9476], [131.1625, 33.9478], [131.1627, 33.9475], [131.163, 33.9476], [131.1628, 33.9478], [131.1628, 33.948], [131.1637, 33.9485], [131.1642, 33.948], [131.1654, 33.9475], [131.1662, 33.9465], [131.165, 33.9456], [131.1648, 33.9457], [131.1649, 33.9452], [131.1655, 33.9449], [131.1653, 33.9453], [131.1664, 33.9461], [131.1669, 33.9458], [131.1671, 33.9455], [131.1669, 33.9454], [131.1672, 33.9452], [131.1668, 33.9451], [131.1674, 33.9449], [131.167, 33.945], [131.1671, 33.9448], [131.1675, 33.9448], [131.1678, 33.9444], [131.1682, 33.9445], [131.1692, 33.9436], [131.1694, 33.9434], [131.1683, 33.9426], [131.1681, 33.9425], [131.1678, 33.9428], [131.1676, 33.9427], [131.1679, 33.9424], [131.1682, 33.9424], [131.1698, 33.9433], [131.1694, 33.9429], [131.1696, 33.9428], [131.17, 33.9431], [131.1714, 33.9418], [131.1718, 33.9414], [131.1715, 33.9412], [131.1717, 33.9412], [131.172, 33.9409], [131.1725, 33.9399], [131.1726, 33.9387], [131.1729, 33.938], [131.1734, 33.9377], [131.1737, 33.9379], [131.1761, 33.9338], [131.1785, 33.9315], [131.1795, 33.932], [131.1797, 33.932], [131.1806, 33.9313], [131.1807, 33.931], [131.1806, 33.9308], [131.1807, 33.9306], [131.1815, 33.9312], [131.1826, 33.9311], [131.1827, 33.9313], [131.1825, 33.9313], [131.1825, 33.9316], [131.1841, 33.9316], [131.1847, 33.9284], [131.2001, 33.8931], [131.2222, 33.8895], [131.2215, 33.8909], [131.2196, 33.8916], [131.1928, 33.9579], [131.1894, 33.9572], [131.189, 33.9569], [131.1877, 33.9577], [131.1876, 33.9581], [131.1892, 33.9596], [131.1889, 33.9599], [131.1879, 33.959], [131.1877, 33.9591], [131.1884, 33.9597], [131.1876, 33.9608], [131.187, 33.9607], [131.1873, 33.9612], [131.1872, 33.9616], [131.1875, 33.9619], [131.1881, 33.9621], [131.1884, 33.9624], [131.1881, 33.9633], [131.1886, 33.966], [131.188, 33.9668], [131.1882, 33.9676], [131.1879, 33.9676], [131.1876, 33.9682], [131.1877, 33.9684], [131.188, 33.9683], [131.1882, 33.9687], [131.1886, 33.969], [131.1889, 33.9693], [131.1889, 33.9718], [131.1883, 33.9727], [131.187, 33.9733], [131.1871, 33.9735], [131.1868, 33.9736], [131.1875, 33.9743], [131.1877, 33.9744], [131.1876, 33.9747], [131.1868, 33.9753], [131.1868, 33.9762], [131.1873, 33.9765], [131.1874, 33.9768], [131.1879, 33.9766], [131.1881, 33.977], [131.1876, 33.9774], [131.1864, 33.9793], [131.1883, 33.9777], [131.1887, 33.9778], [131.189, 33.9783], [131.1892, 33.979], [131.1889, 33.9793], [131.1893, 33.9803], [131.1885, 33.9808], [131.1885, 33.9819], [131.1891, 33.9826], [131.1897, 33.9828], [131.1899, 33.9833], [131.1907, 33.9839], [131.1904, 33.9844], [131.1893, 33.9838], [131.1884, 33.9836], [131.188, 33.9838], [131.1879, 33.9845], [131.1882, 33.9847], [131.1878, 33.9848], [131.1877, 33.9852], [131.1885, 33.9862], [131.1888, 33.9862], [131.1887, 33.9864], [131.1888, 33.9866], [131.1886, 33.9866], [131.1881, 33.9859], [131.1874, 33.9857], [131.1873, 33.9862], [131.1878, 33.9868], [131.188, 33.9872], [131.1873, 33.9867], [131.1869, 33.987], [131.187, 33.9865], [131.1868, 33.9857], [131.1865, 33.9859], [131.1868, 33.9865], [131.1863, 33.9882], [131.1865, 33.9896], [131.187, 33.9899], [131.1889, 33.9897], [131.1896, 33.9902], [131.1907, 33.9914], [131.1911, 33.9916], [131.1914, 33.9923], [131.1916, 33.9925], [131.1925, 33.9923], [131.1925, 33.9931], [131.193, 33.9941], [131.1928, 33.9945], [131.1925, 33.9945], [131.1918, 33.9953], [131.192, 33.9959], [131.1919, 33.9967], [131.1922, 33.9971], [131.1932, 33.9975], [131.1935, 33.9983], [131.194, 33.9983], [131.1946, 33.998], [131.1953, 33.9985], [131.1959, 33.9985], [131.1971, 33.999], [131.1976, 33.9996], [131.1978, 34.0002], [131.1983, 34.0006], [131.1997, 34.0005], [131.2003, 34], [131.2011, 34], [131.2013, 33.9997], [131.2015, 34.0005], [131.2008, 34.0021], [131.2021, 34.0027], [131.2018, 34.004], [131.2025, 34.0049], [131.2023, 34.0052], [131.2023, 34.0055], [131.2037, 34.0062], [131.2042, 34.0078], [131.2049, 34.0079], [131.2059, 34.0085], [131.2063, 34.0091], [131.2063, 34.0101], [131.207, 34.0103], [131.2069, 34.0106], [131.2075, 34.0112], [131.2082, 34.0116], [131.2092, 34.0116], [131.2091, 34.0114], [131.2096, 34.0106], [131.2103, 34.0103], [131.2108, 34.0098], [131.2111, 34.0101], [131.2111, 34.0107], [131.2115, 34.011], [131.213, 34.0112], [131.2138, 34.0118], [131.2146, 34.0117], [131.2148, 34.0122], [131.2155, 34.0123], [131.2159, 34.0125], [131.216, 34.0129], [131.2177, 34.0133], [131.2177, 34.0136], [131.2171, 34.0144], [131.2174, 34.0151], [131.2182, 34.0151], [131.219, 34.0158], [131.2188, 34.0169], [131.2191, 34.0172], [131.2188, 34.0176], [131.2196, 34.018], [131.2213, 34.0183], [131.2216, 34.0188], [131.2224, 34.0192], [131.2223, 34.0199], [131.2226, 34.0202], [131.2229, 34.0211], [131.2222, 34.0218], [131.2223, 34.0222], [131.2218, 34.0234], [131.222, 34.0247], [131.2225, 34.025], [131.2227, 34.0256], [131.2226, 34.0261], [131.2234, 34.0266], [131.2244, 34.0269], [131.2259, 34.0268], [131.2263, 34.0264], [131.2268, 34.0266], [131.2268, 34.0278], [131.2258, 34.0284], [131.225, 34.0295], [131.2242, 34.0298], [131.2227, 34.0307], [131.2216, 34.0306], [131.221, 34.0309], [131.2203, 34.031], [131.2198, 34.0315], [131.2197, 34.0319], [131.2194, 34.0322], [131.2187, 34.0324], [131.2184, 34.0328], [131.2178, 34.0329], [131.2178, 34.0333], [131.2176, 34.0337], [131.2172, 34.034], [131.2168, 34.0345], [131.2162, 34.0345], [131.2158, 34.0347], [131.2146, 34.036], [131.2136, 34.0358], [131.2137, 34.0362], [131.2135, 34.0363], [131.2134, 34.036], [131.213, 34.036], [131.2129, 34.0356], [131.2123, 34.0352], [131.2113, 34.0349], [131.2107, 34.035], [131.2104, 34.0346], [131.2089, 34.0351], [131.2083, 34.0359], [131.2087, 34.0379], [131.2059, 34.0393], [131.2057, 34.0386], [131.2052, 34.0381], [131.203, 34.0386], [131.2026, 34.0378], [131.2032, 34.0372], [131.2031, 34.0369], [131.203, 34.0368], [131.2016, 34.0368], [131.2014, 34.0378], [131.2003, 34.0373], [131.1993, 34.0381], [131.1991, 34.0378], [131.1991, 34.0382], [131.1982, 34.0395], [131.198, 34.0401], [131.1973, 34.0402], [131.1977, 34.0404], [131.198, 34.0413], [131.198, 34.0418], [131.1984, 34.0423], [131.1981, 34.0431], [131.1966, 34.0435], [131.195, 34.043], [131.1945, 34.0434], [131.1929, 34.0439], [131.1914, 34.0439], [131.1909, 34.044], [131.1907, 34.0447], [131.1899, 34.0458], [131.1896, 34.046], [131.1888, 34.0461], [131.1892, 34.0472], [131.1883, 34.0488], [131.1873, 34.0492], [131.1866, 34.0503], [131.1846, 34.0513], [131.1838, 34.0519], [131.1839, 34.0523], [131.1846, 34.0529], [131.1848, 34.0532], [131.1845, 34.0536], [131.1845, 34.0539], [131.185, 34.0549], [131.1864, 34.0551], [131.1871, 34.0548], [131.1874, 34.0549], [131.1876, 34.0556], [131.1881, 34.0559], [131.188, 34.0567], [131.1882, 34.0569], [131.189, 34.0574], [131.1898, 34.0574], [131.1907, 34.0586], [131.1909, 34.0594], [131.1915, 34.0597], [131.1912, 34.061], [131.1913, 34.0612], [131.1923, 34.0619], [131.1931, 34.0627], [131.1954, 34.0629], [131.1961, 34.064], [131.1961, 34.065], [131.1972, 34.0659], [131.1975, 34.0661], [131.198, 34.0661], [131.199, 34.0668], [131.2009, 34.0668], [131.2013, 34.0676], [131.2025, 34.0673], [131.2034, 34.0666], [131.2049, 34.0671], [131.2048, 34.0675], [131.205, 34.0679], [131.2051, 34.0689], [131.2069, 34.0703], [131.2076, 34.0718], [131.2092, 34.0721], [131.2108, 34.0721], [131.2111, 34.0722], [131.211, 34.0727], [131.2111, 34.0729], [131.212, 34.073], [131.2127, 34.073], [131.214, 34.0734], [131.2145, 34.0738], [131.2153, 34.0741], [131.2155, 34.075], [131.2163, 34.0756], [131.2155, 34.0762], [131.2155, 34.0768], [131.215, 34.0775], [131.2144, 34.078], [131.2133, 34.0783], [131.2126, 34.0789], [131.2107, 34.0825], [131.2109, 34.0834], [131.2121, 34.0842], [131.2119, 34.0846], [131.212, 34.0855], [131.2131, 34.0901], [131.2136, 34.0906], [131.2147, 34.0909], [131.215, 34.0918], [131.2148, 34.0927], [131.215, 34.0932], [131.2163, 34.0936], [131.2161, 34.0965], [131.2158, 34.0974], [131.2149, 34.0984], [131.215, 34.0998], [131.2144, 34.1002], [131.2143, 34.1005], [131.2144, 34.1009], [131.2151, 34.1016], [131.2154, 34.1021], [131.2155, 34.1029], [131.2165, 34.1049], [131.2166, 34.1061], [131.2182, 34.1075], [131.2184, 34.1091], [131.2183, 34.1097], [131.2176, 34.1106], [131.217, 34.1111], [131.2163, 34.1113], [131.2157, 34.1119], [131.2153, 34.1132], [131.2145, 34.1135], [131.2137, 34.1135], [131.2106, 34.1136], [131.2102, 34.1135], [131.2096, 34.1139], [131.2089, 34.1149], [131.2087, 34.1158], [131.2083, 34.1159], [131.2051, 34.1155], [131.2046, 34.116], [131.2036, 34.116], [131.2031, 34.1163], [131.1998, 34.1168], [131.1989, 34.1164], [131.1962, 34.1168], [131.1944, 34.1168], [131.1938, 34.1165], [131.1929, 34.1167], [131.1915, 34.1172], [131.1918, 34.1177], [131.1912, 34.1183], [131.1908, 34.119], [131.1893, 34.1197], [131.1861, 34.1197], [131.184, 34.1193], [131.1832, 34.1185], [131.1808, 34.1182], [131.18, 34.1177], [131.1791, 34.1147], [131.1787, 34.1142], [131.1782, 34.1139], [131.1763, 34.1131], [131.1753, 34.113], [131.1744, 34.112], [131.1742, 34.1106], [131.1739, 34.1099], [131.1708, 34.1076], [131.1708, 34.1063], [131.1706, 34.1057], [131.1709, 34.1052], [131.1703, 34.1045], [131.1703, 34.1027], [131.1696, 34.1008], [131.1695, 34.0999], [131.1691, 34.0998], [131.1689, 34.0989], [131.1684, 34.0978], [131.167, 34.096], [131.1659, 34.0951], [131.1642, 34.0944], [131.1643, 34.0929], [131.1639, 34.0927], [131.1617, 34.0926], [131.1608, 34.0932], [131.1602, 34.0932], [131.16, 34.0931], [131.1598, 34.0925], [131.1592, 34.0921], [131.1589, 34.0904], [131.1585, 34.09], [131.1575, 34.0899], [131.1569, 34.0895], [131.1564, 34.0896], [131.1541, 34.0911], [131.1532, 34.0915], [131.1505, 34.0916], [131.1474, 34.0914], [131.1467, 34.091], [131.1464, 34.0906], [131.1462, 34.0893], [131.1465, 34.0878], [131.1464, 34.0876], [131.1459, 34.0872], [131.1448, 34.0874], [131.1444, 34.0869], [131.1427, 34.0882], [131.142, 34.0882], [131.1412, 34.0886], [131.1403, 34.088], [131.1381, 34.0869], [131.1368, 34.0867], [131.1356, 34.0861], [131.1329, 34.0859], [131.1319, 34.0854], [131.1305, 34.0856], [131.1302, 34.0839], [131.1298, 34.0834], [131.1289, 34.0834], [131.1293, 34.082], [131.1289, 34.0819], [131.1277, 34.082], [131.125, 34.0829], [131.1249, 34.083], [131.1254, 34.0834], [131.1252, 34.0842], [131.1248, 34.0843], [131.1241, 34.084], [131.1238, 34.0841], [131.1234, 34.0851], [131.1239, 34.0861], [131.1224, 34.087], [131.1219, 34.088], [131.1211, 34.0882], [131.119, 34.0879], [131.1184, 34.0883], [131.1184, 34.0888], [131.1189, 34.0893], [131.1188, 34.091], [131.1197, 34.0921], [131.1189, 34.0931], [131.1165, 34.0936], [131.1142, 34.0958], [131.1135, 34.0961], [131.1116, 34.0959], [131.1107, 34.0946], [131.1107, 34.0942], [131.1109, 34.0935], [131.1121, 34.0924], [131.1107, 34.0922], [131.1103, 34.092], [131.1097, 34.0919], [131.1093, 34.0921], [131.1088, 34.092], [131.1083, 34.0922], [131.1075, 34.0927], [131.1067, 34.0924], [131.1059, 34.0917], [131.1056, 34.0901], [131.1058, 34.0898], [131.1068, 34.0895], [131.1073, 34.089], [131.1069, 34.0877], [131.1072, 34.0862], [131.1077, 34.0846], [131.1077, 34.0833], [131.1079, 34.0831], [131.1087, 34.0816], [131.1094, 34.0816], [131.1105, 34.0798], [131.1105, 34.0797], [131.1099, 34.0796], [131.1103, 34.0791], [131.1102, 34.0785], [131.1104, 34.078], [131.1104, 34.0774], [131.1112, 34.0767], [131.1119, 34.0755], [131.1109, 34.075], [131.1095, 34.0752], [131.1086, 34.0747], [131.1081, 34.0742], [131.1067, 34.0743], [131.1065, 34.0733], [131.106, 34.0731], [131.1047, 34.0717], [131.104, 34.0723], [131.1038, 34.0721], [131.1025, 34.072], [131.1016, 34.0713], [131.101, 34.0714], [131.1005, 34.0723], [131.0993, 34.073], [131.0989, 34.0737], [131.0979, 34.0744], [131.0974, 34.075], [131.0961, 34.072], [131.0954, 34.0711], [131.0951, 34.0715], [131.0936, 34.0721], [131.093, 34.0722], [131.092, 34.0731], [131.0916, 34.0731], [131.0907, 34.0737], [131.0903, 34.0738], [131.0899, 34.075], [131.0896, 34.0752], [131.0883, 34.0739], [131.0867, 34.0738], [131.0854, 34.0741], [131.0843, 34.0741], [131.0831, 34.0734], [131.0814, 34.0737], [131.0809, 34.0735], [131.0806, 34.0731], [131.0797, 34.0731], [131.0796, 34.0727], [131.0786, 34.0722], [131.0775, 34.0713], [131.0771, 34.0713], [131.0762, 34.0717], [131.0754, 34.0717], [131.0749, 34.0715], [131.0741, 34.0707], [131.0741, 34.0703], [131.0752, 34.0694], [131.0764, 34.0691], [131.0765, 34.0686], [131.0777, 34.0683], [131.0787, 34.0675], [131.0793, 34.0674], [131.0806, 34.0677], [131.0815, 34.0685], [131.0822, 34.0687], [131.0824, 34.0678], [131.0823, 34.0672], [131.0825, 34.067], [131.0829, 34.0669], [131.0826, 34.0667], [131.0825, 34.0663], [131.0829, 34.0656], [131.0841, 34.064], [131.0835, 34.0636], [131.0824, 34.0634], [131.0821, 34.0625], [131.0811, 34.0611], [131.0812, 34.0608], [131.0803, 34.06], [131.0799, 34.0589], [131.0788, 34.0591], [131.0772, 34.06], [131.0763, 34.0596], [131.076, 34.0587], [131.0754, 34.0585], [131.0732, 34.057], [131.0715, 34.0566], [131.0715, 34.0562], [131.0709, 34.0556], [131.0707, 34.0546], [131.07, 34.0544], [131.0699, 34.0539], [131.0693, 34.0532], [131.0694, 34.0522], [131.0702, 34.0518], [131.0703, 34.0515], [131.0694, 34.0503], [131.07, 34.049], [131.0698, 34.0487], [131.0699, 34.0481], [131.0692, 34.0468], [131.0686, 34.0461], [131.0688, 34.0451], [131.0685, 34.0441], [131.0695, 34.0436], [131.069, 34.0434], [131.0688, 34.0432], [131.0685, 34.0432], [131.0682, 34.0428], [131.0682, 34.0425], [131.0684, 34.0424], [131.0677, 34.039]]]}, "properties": {"name": "山口県山陽小野田市"}}, {"type": "Feature", "geometry": {"type": "MultiPolygon", "coordinates": [[[[132.2088, 33.9494], [132.2087, 33.9494], [132.2076, 33.9512], [132.2079, 33.9506], [132.2076, 33.9501], [132.207, 33.9496], [132.2059, 33.9493], [132.2057, 33.9495], [132.2047, 33.9497], [132.2056, 33.9494], [132.2058, 33.9491], [132.2044, 33.949], [132.2044, 33.9494], [132.2048, 33.9495], [132.2044, 33.9494], [132.2044, 33.949], [132.2029, 33.949], [132.2022, 33.9493], [132.202, 33.9491], [132.202, 33.9496], [132.2026, 33.9494], [132.2016, 33.9498], [132.1999, 33.9503], [132.1999, 33.9505], [132.1995, 33.9508], [132.1994, 33.9513], [132.1984, 33.9519], [132.1964, 33.9527], [132.1947, 33.9535], [132.1938, 33.9542], [132.1937, 33.9548], [132.193, 33.9551], [132.1927, 33.955], [132.1913, 33.9553], [132.1896, 33.9551], [132.188, 33.9553], [132.1876, 33.9552], [132.1876, 33.9551], [132.1872, 33.9548], [132.1866, 33.9548], [132.1846, 33.9537], [132.184, 33.9531], [132.1836, 33.9512], [132.1833, 33.9512], [132.1835, 33.9512], [132.1834, 33.9503], [132.1836, 33.9491], [132.1845, 33.9467], [132.1854, 33.9454], [132.1855, 33.9455], [132.1869, 33.9441], [132.1872, 33.9442], [132.187, 33.9441], [132.1871, 33.9439], [132.1869, 33.9438], [132.1871, 33.9435], [132.1869, 33.9434], [132.1872, 33.9431], [132.1871, 33.9429], [132.1872, 33.9428], [132.1872, 33.9431], [132.187, 33.9433], [132.1873, 33.9434], [132.1881, 33.9419], [132.1877, 33.9418], [132.1881, 33.9419], [132.1886, 33.9404], [132.1878, 33.9403], [132.1872, 33.9399], [132.1878, 33.9403], [132.1886, 33.9404], [132.1888, 33.9396], [132.1885, 33.9396], [132.1883, 33.9393], [132.1885, 33.9395], [132.1887, 33.9393], [132.1887, 33.9395], [132.1888, 33.9395], [132.1886, 33.9385], [132.189, 33.9379], [132.1888, 33.9378], [132.1879, 33.9385], [132.1873, 33.9392], [132.1878, 33.9384], [132.1888, 33.9378], [132.189, 33.9373], [132.1899, 33.9365], [132.1917, 33.9343], [132.1919, 33.9328], [132.1914, 33.9308], [132.1911, 33.9304], [132.1911, 33.9336], [132.1892, 33.9359], [132.1881, 33.9366], [132.1876, 33.9357], [132.1876, 33.9351], [132.1878, 33.9348], [132.1884, 33.9347], [132.1884, 33.9344], [132.1879, 33.9344], [132.1875, 33.9347], [132.1876, 33.9346], [132.1874, 33.9341], [132.1846, 33.9307], [132.1838, 33.93], [132.1833, 33.9302], [132.1829, 33.9297], [132.1827, 33.9299], [132.1824, 33.9294], [132.1822, 33.9287], [132.1833, 33.9279], [132.1817, 33.9286], [132.182, 33.9296], [132.1814, 33.9296], [132.1814, 33.9294], [132.1809, 33.9294], [132.1817, 33.9293], [132.1814, 33.9287], [132.1802, 33.9291], [132.1799, 33.9295], [132.1801, 33.9299], [132.1796, 33.93], [132.1796, 33.9302], [132.1794, 33.93], [132.1779, 33.9304], [132.1777, 33.9301], [132.1778, 33.9303], [132.1774, 33.9304], [132.1774, 33.9306], [132.1763, 33.9304], [132.1758, 33.9302], [132.1753, 33.9295], [132.1746, 33.9281], [132.1743, 33.9279], [132.1741, 33.9273], [132.1735, 33.9266], [132.1732, 33.9239], [132.1727, 33.9237], [132.1738, 33.9226], [132.1743, 33.9225], [132.1743, 33.9222], [132.1744, 33.9225], [132.1748, 33.9224], [132.1753, 33.9221], [132.1751, 33.9219], [132.1753, 33.922], [132.1756, 33.9218], [132.1754, 33.9216], [132.1757, 33.9217], [132.1762, 33.9211], [132.176, 33.9209], [132.1761, 33.921], [132.1763, 33.9207], [132.1766, 33.9202], [132.1764, 33.9201], [132.1766, 33.9201], [132.1769, 33.9193], [132.1767, 33.9192], [132.1769, 33.9192], [132.1769, 33.9186], [132.1766, 33.9186], [132.1766, 33.9179], [132.1765, 33.9179], [132.1768, 33.9179], [132.1768, 33.9171], [132.1762, 33.9172], [132.1761, 33.9182], [132.1762, 33.9169], [132.1768, 33.9169], [132.177, 33.9166], [132.177, 33.9157], [132.1768, 33.9153], [132.1772, 33.9149], [132.1772, 33.9097], [132.1757, 33.9038], [132.1755, 33.9033], [132.175, 33.9031], [132.175, 33.9029], [132.1759, 33.9023], [132.1763, 33.9018], [132.1766, 33.9006], [132.1763, 33.9003], [132.1764, 33.9], [132.1772, 33.8995], [132.1781, 33.8993], [132.1782, 33.899], [132.1782, 33.8992], [132.1778, 33.8997], [132.1782, 33.8999], [132.179, 33.8996], [132.1785, 33.8993], [132.1792, 33.8997], [132.1794, 33.8997], [132.1795, 33.8995], [132.1793, 33.8995], [132.1795, 33.8994], [132.1798, 33.8985], [132.1795, 33.8984], [132.1802, 33.8985], [132.1802, 33.8984], [132.1798, 33.8983], [132.1799, 33.8972], [132.1798, 33.8967], [132.1789, 33.8955], [132.178, 33.8951], [132.1774, 33.8952], [132.1776, 33.8956], [132.1774, 33.8953], [132.1763, 33.8948], [132.1761, 33.8946], [132.1785, 33.8939], [132.1788, 33.894], [132.1788, 33.8939], [132.1824, 33.8937], [132.1831, 33.894], [132.1834, 33.8943], [132.184, 33.8943], [132.1865, 33.8934], [132.188, 33.8923], [132.1887, 33.891], [132.1889, 33.891], [132.1889, 33.8909], [132.1887, 33.8909], [132.189, 33.8908], [132.1891, 33.8904], [132.1888, 33.8901], [132.1884, 33.8902], [132.1882, 33.8908], [132.1883, 33.8902], [132.1893, 33.8898], [132.1891, 33.8898], [132.1894, 33.889], [132.1893, 33.8885], [132.1889, 33.8879], [132.1884, 33.888], [132.1887, 33.8878], [132.1884, 33.8876], [132.1888, 33.8875], [132.189, 33.8868], [132.1901, 33.8858], [132.1901, 33.8856], [132.1903, 33.8854], [132.1904, 33.8857], [132.1913, 33.8855], [132.1927, 33.8855], [132.1937, 33.885], [132.1947, 33.885], [132.1953, 33.8848], [132.1962, 33.8844], [132.196, 33.8841], [132.1962, 33.8843], [132.1973, 33.8836], [132.1972, 33.8835], [132.1975, 33.8837], [132.1972, 33.8833], [132.1983, 33.8825], [132.1984, 33.8826], [132.1973, 33.8833], [132.1976, 33.8836], [132.1987, 33.883], [132.1986, 33.8828], [132.1987, 33.8829], [132.1997, 33.8822], [132.1995, 33.8819], [132.1999, 33.8822], [132.1999, 33.882], [132.2, 33.8822], [132.2006, 33.8818], [132.2015, 33.8809], [132.2015, 33.8807], [132.204, 33.8791], [132.2043, 33.8786], [132.2047, 33.8772], [132.205, 33.8748], [132.2054, 33.8747], [132.2048, 33.8748], [132.2051, 33.8747], [132.2049, 33.8738], [132.2047, 33.8739], [132.2049, 33.8738], [132.2049, 33.8736], [132.2046, 33.8729], [132.2043, 33.8729], [132.2047, 33.8728], [132.2041, 33.8723], [132.2045, 33.872], [132.2041, 33.8722], [132.2043, 33.8719], [132.2037, 33.8716], [132.2029, 33.8718], [132.2032, 33.8727], [132.2029, 33.872], [132.2025, 33.8717], [132.2017, 33.8718], [132.2008, 33.8714], [132.2001, 33.8717], [132.1994, 33.8712], [132.2, 33.8703], [132.2016, 33.8695], [132.2023, 33.8688], [132.203, 33.8676], [132.2032, 33.8663], [132.2036, 33.866], [132.2045, 33.865], [132.2045, 33.8647], [132.2049, 33.8645], [132.2052, 33.8637], [132.205, 33.8633], [132.2055, 33.863], [132.2059, 33.8625], [132.206, 33.8612], [132.2065, 33.8602], [132.2067, 33.8591], [132.2064, 33.8576], [132.2073, 33.8574], [132.2083, 33.8568], [132.208, 33.8571], [132.2082, 33.8577], [132.2101, 33.8602], [132.2112, 33.8611], [132.2117, 33.861], [132.2119, 33.8613], [132.2122, 33.8613], [132.2125, 33.8618], [132.2129, 33.8619], [132.2138, 33.8632], [132.2135, 33.8635], [132.2135, 33.8639], [132.2141, 33.8649], [132.2148, 33.8655], [132.2161, 33.8655], [132.2164, 33.8656], [132.2161, 33.8659], [132.2163, 33.8665], [132.2157, 33.8668], [132.2149, 33.8676], [132.2148, 33.8678], [132.215, 33.8679], [132.215, 33.8689], [132.2149, 33.8679], [132.2146, 33.8679], [132.2146, 33.8688], [132.2148, 33.8689], [132.214, 33.8688], [132.214, 33.8691], [132.2143, 33.8693], [132.2141, 33.8694], [132.2143, 33.8699], [132.2145, 33.8699], [132.2144, 33.87], [132.2148, 33.8706], [132.2167, 33.8723], [132.2188, 33.8736], [132.2187, 33.8738], [132.2189, 33.8736], [132.22, 33.8744], [132.2202, 33.8745], [132.2203, 33.8744], [132.221, 33.8746], [132.2215, 33.8743], [132.222, 33.8744], [132.2227, 33.8741], [132.2246, 33.8744], [132.2251, 33.8743], [132.2278, 33.8753], [132.2287, 33.8758], [132.2315, 33.8766], [132.2331, 33.8768], [132.2335, 33.8766], [132.2346, 33.8766], [132.2335, 33.8766], [132.2332, 33.877], [132.2336, 33.8771], [132.2337, 33.8768], [132.2343, 33.877], [132.2343, 33.8768], [132.2343, 33.8772], [132.2363, 33.8775], [132.237, 33.8775], [132.237, 33.8774], [132.2371, 33.8776], [132.2371, 33.8774], [132.2372, 33.8776], [132.2377, 33.8775], [132.2393, 33.877], [132.2406, 33.8764], [132.2411, 33.8755], [132.2412, 33.8747], [132.242, 33.8743], [132.2453, 33.8748], [132.2458, 33.8752], [132.2467, 33.8754], [132.2478, 33.8761], [132.2487, 33.8771], [132.2491, 33.8772], [132.2504, 33.8772], [132.2507, 33.8764], [132.2517, 33.8765], [132.2508, 33.8764], [132.2506, 33.877], [132.2515, 33.877], [132.2515, 33.8768], [132.2515, 33.8772], [132.2512, 33.8772], [132.2509, 33.8776], [132.2512, 33.8776], [132.2513, 33.8773], [132.2515, 33.8775], [132.2516, 33.8773], [132.2515, 33.8776], [132.2539, 33.8778], [132.2555, 33.8776], [132.256, 33.8774], [132.2567, 33.8781], [132.2571, 33.8781], [132.2577, 33.8778], [132.2584, 33.878], [132.2591, 33.8778], [132.259, 33.8776], [132.2592, 33.8779], [132.2591, 33.8776], [132.2594, 33.8774], [132.2598, 33.8776], [132.2595, 33.8774], [132.2596, 33.8771], [132.2592, 33.8769], [132.2597, 33.8772], [132.26, 33.877], [132.2601, 33.8767], [132.2605, 33.8764], [132.2607, 33.8758], [132.2614, 33.8752], [132.2618, 33.8746], [132.2623, 33.8742], [132.2637, 33.8728], [132.2639, 33.872], [132.2638, 33.8711], [132.264, 33.8707], [132.2637, 33.8699], [132.264, 33.8692], [132.2651, 33.8691], [132.2656, 33.8693], [132.2667, 33.8694], [132.2669, 33.8699], [132.2675, 33.87], [132.2675, 33.8701], [132.2678, 33.8702], [132.2678, 33.8706], [132.2682, 33.8708], [132.268, 33.8709], [132.2685, 33.8714], [132.2683, 33.8717], [132.2684, 33.8721], [132.2686, 33.8721], [132.2685, 33.8723], [132.2687, 33.8725], [132.2686, 33.8727], [132.2693, 33.8731], [132.2703, 33.8733], [132.2719, 33.8727], [132.2723, 33.872], [132.2732, 33.8718], [132.2736, 33.8719], [132.2745, 33.8713], [132.2757, 33.8713], [132.2762, 33.8711], [132.2774, 33.8709], [132.2783, 33.8711], [132.2789, 33.871], [132.279, 33.8713], [132.2788, 33.8716], [132.2774, 33.8719], [132.2767, 33.8723], [132.2762, 33.8729], [132.276, 33.8729], [132.2757, 33.8725], [132.2749, 33.8724], [132.2735, 33.8728], [132.2727, 33.8732], [132.2718, 33.8745], [132.2696, 33.8756], [132.2697, 33.8757], [132.2689, 33.8763], [132.2688, 33.8762], [132.2686, 33.8762], [132.2685, 33.876], [132.2682, 33.8763], [132.2679, 33.8771], [132.2685, 33.8777], [132.2686, 33.8787], [132.269, 33.879], [132.2686, 33.8796], [132.2686, 33.8802], [132.2688, 33.8803], [132.269, 33.8802], [132.2687, 33.8805], [132.2681, 33.8837], [132.2691, 33.885], [132.269, 33.8853], [132.2692, 33.8856], [132.2687, 33.8859], [132.2689, 33.8864], [132.2701, 33.8879], [132.2698, 33.8878], [132.2694, 33.888], [132.2689, 33.8893], [132.269, 33.8897], [132.2694, 33.8897], [132.2696, 33.8895], [132.2695, 33.8898], [132.268, 33.8898], [132.2682, 33.89], [132.2683, 33.8899], [132.269, 33.89], [132.2688, 33.89], [132.2688, 33.8901], [132.2695, 33.8907], [132.2699, 33.8904], [132.2721, 33.8918], [132.2715, 33.8924], [132.2719, 33.8926], [132.2724, 33.892], [132.2729, 33.892], [132.2724, 33.892], [132.272, 33.8925], [132.2732, 33.8931], [132.2729, 33.8934], [132.2732, 33.8935], [132.2744, 33.8939], [132.2747, 33.8933], [132.2746, 33.8936], [132.2752, 33.8938], [132.2751, 33.894], [132.2758, 33.8942], [132.276, 33.8939], [132.2748, 33.8929], [132.2762, 33.8939], [132.2769, 33.8938], [132.2782, 33.8945], [132.2788, 33.8953], [132.2786, 33.8959], [132.2788, 33.8965], [132.2792, 33.8969], [132.2795, 33.8969], [132.2816, 33.8981], [132.2817, 33.8994], [132.2823, 33.8993], [132.2817, 33.8995], [132.2807, 33.8994], [132.2806, 33.8995], [132.2807, 33.8996], [132.2806, 33.8996], [132.2806, 33.8995], [132.2804, 33.8997], [132.2794, 33.8993], [132.2789, 33.8998], [132.2796, 33.9003], [132.2798, 33.9], [132.2797, 33.9001], [132.2807, 33.9004], [132.2806, 33.9007], [132.2809, 33.9007], [132.281, 33.9005], [132.281, 33.9008], [132.2811, 33.9005], [132.282, 33.9008], [132.2821, 33.9004], [132.2819, 33.9001], [132.2821, 33.9004], [132.282, 33.9008], [132.2828, 33.9009], [132.283, 33.9004], [132.284, 33.9004], [132.284, 33.9007], [132.2846, 33.9007], [132.2847, 33.9006], [132.2843, 33.9004], [132.2841, 33.8997], [132.2827, 33.8997], [132.2842, 33.8996], [132.285, 33.8999], [132.285, 33.9004], [132.2865, 33.9011], [132.2885, 33.9007], [132.2865, 33.9012], [132.2854, 33.9006], [132.285, 33.9009], [132.2847, 33.9007], [132.2846, 33.9008], [132.2859, 33.9017], [132.2859, 33.902], [132.2863, 33.9015], [132.2862, 33.9019], [132.2875, 33.9019], [132.2875, 33.9014], [132.2875, 33.9017], [132.2884, 33.9016], [132.2883, 33.9012], [132.2886, 33.9022], [132.2889, 33.9021], [132.2889, 33.902], [132.2889, 33.9021], [132.2893, 33.9021], [132.2909, 33.9015], [132.2908, 33.9014], [132.2909, 33.9015], [132.2914, 33.9011], [132.2918, 33.9002], [132.292, 33.8995], [132.2917, 33.8994], [132.292, 33.8994], [132.2922, 33.898], [132.2919, 33.8975], [132.2919, 33.8968], [132.2913, 33.8961], [132.2912, 33.8954], [132.2907, 33.8948], [132.2898, 33.8943], [132.2894, 33.8939], [132.2891, 33.894], [132.2894, 33.8938], [132.2899, 33.8941], [132.2902, 33.8939], [132.2897, 33.8934], [132.2889, 33.894], [132.2892, 33.8937], [132.2886, 33.8935], [132.2885, 33.8932], [132.2886, 33.8929], [132.2892, 33.8927], [132.2894, 33.8915], [132.2901, 33.891], [132.2909, 33.8911], [132.291, 33.8906], [132.2915, 33.8907], [132.2912, 33.8922], [132.2925, 33.8928], [132.2932, 33.8928], [132.2942, 33.8931], [132.2942, 33.8936], [132.2946, 33.8943], [132.2945, 33.8948], [132.2954, 33.8962], [132.2959, 33.8968], [132.2973, 33.8969], [132.3008, 33.8967], [132.3014, 33.8966], [132.3025, 33.8957], [132.3027, 33.8959], [132.3037, 33.8957], [132.3041, 33.8955], [132.3049, 33.8953], [132.3043, 33.8955], [132.3044, 33.8957], [132.3049, 33.8958], [132.3049, 33.8955], [132.305, 33.8958], [132.3052, 33.8958], [132.3056, 33.8957], [132.3056, 33.8956], [132.3057, 33.8957], [132.3065, 33.8955], [132.3065, 33.8954], [132.3066, 33.8955], [132.3068, 33.8955], [132.3072, 33.8953], [132.3071, 33.8952], [132.3072, 33.8953], [132.3072, 33.8951], [132.3073, 33.8953], [132.3078, 33.8951], [132.3076, 33.8947], [132.3079, 33.895], [132.3083, 33.8947], [132.3085, 33.8942], [132.3081, 33.8942], [132.3074, 33.8945], [132.3081, 33.8942], [132.3085, 33.8942], [132.3084, 33.8929], [132.3088, 33.8924], [132.3092, 33.8922], [132.3115, 33.8923], [132.3139, 33.8916], [132.3165, 33.8928], [132.3184, 33.8929], [132.3198, 33.8932], [132.3219, 33.8926], [132.3251, 33.8911], [132.3271, 33.8895], [132.3267, 33.8893], [132.3271, 33.8895], [132.3273, 33.8892], [132.3277, 33.8887], [132.3274, 33.8885], [132.3277, 33.8886], [132.3278, 33.8881], [132.328, 33.8882], [132.3281, 33.888], [132.3276, 33.888], [132.3282, 33.8879], [132.3282, 33.8878], [132.3272, 33.8878], [132.327, 33.8885], [132.3264, 33.8892], [132.327, 33.8885], [132.3271, 33.8878], [132.3275, 33.8877], [132.3277, 33.8868], [132.3274, 33.8866], [132.3281, 33.885], [132.3274, 33.8843], [132.3268, 33.8842], [132.326, 33.8838], [132.3266, 33.8829], [132.3265, 33.8822], [132.3267, 33.8819], [132.3269, 33.8821], [132.3272, 33.8821], [132.3272, 33.8822], [132.3274, 33.8823], [132.3277, 33.8828], [132.3282, 33.8829], [132.3289, 33.8827], [132.3292, 33.8829], [132.3292, 33.8832], [132.3302, 33.8845], [132.3307, 33.8846], [132.331, 33.8845], [132.3325, 33.8846], [132.331, 33.8846], [132.331, 33.8853], [132.3323, 33.8854], [132.3324, 33.8848], [132.3323, 33.8856], [132.3328, 33.8856], [132.3318, 33.8858], [132.331, 33.8856], [132.3311, 33.8862], [132.3313, 33.8864], [132.3315, 33.8862], [132.332, 33.8862], [132.332, 33.8859], [132.3321, 33.8862], [132.3326, 33.8862], [132.3326, 33.8858], [132.3327, 33.8862], [132.3336, 33.8859], [132.3349, 33.8853], [132.3348, 33.8852], [132.335, 33.8852], [132.3363, 33.8841], [132.3365, 33.8841], [132.3361, 33.8839], [132.3363, 33.884], [132.337, 33.8833], [132.3376, 33.8824], [132.3374, 33.8822], [132.3376, 33.8823], [132.3384, 33.8807], [132.3382, 33.8792], [132.338, 33.8785], [132.3359, 33.8766], [132.3358, 33.8767], [132.335, 33.8762], [132.3349, 33.8764], [132.335, 33.8762], [132.3333, 33.8754], [132.3322, 33.8744], [132.3317, 33.8742], [132.3307, 33.8735], [132.3292, 33.8727], [132.3285, 33.8726], [132.3284, 33.8716], [132.3273, 33.8704], [132.3269, 33.8696], [132.3262, 33.869], [132.3265, 33.8683], [132.3263, 33.8676], [132.3256, 33.8668], [132.3259, 33.8663], [132.3258, 33.8658], [132.325, 33.8644], [132.3252, 33.864], [132.3258, 33.8637], [132.326, 33.8635], [132.3261, 33.8632], [132.3259, 33.8631], [132.3262, 33.8631], [132.3262, 33.8629], [132.3261, 33.8628], [132.3262, 33.8629], [132.3263, 33.8625], [132.326, 33.8626], [132.3257, 33.863], [132.326, 33.8626], [132.3263, 33.8625], [132.3261, 33.8618], [132.3263, 33.8618], [132.326, 33.861], [132.3256, 33.8606], [132.3263, 33.8601], [132.3267, 33.858], [132.3278, 33.8577], [132.3315, 33.8579], [132.332, 33.8582], [132.3325, 33.8589], [132.3331, 33.8593], [132.3329, 33.8597], [132.3332, 33.8607], [132.3335, 33.8613], [132.334, 33.8618], [132.3345, 33.8619], [132.3347, 33.8621], [132.336, 33.8623], [132.3364, 33.8629], [132.3378, 33.8636], [132.339, 33.8637], [132.3407, 33.8635], [132.3412, 33.8643], [132.3411, 33.8649], [132.3416, 33.8653], [132.3428, 33.8655], [132.3435, 33.8653], [132.3444, 33.8653], [132.3449, 33.865], [132.3444, 33.8654], [132.3444, 33.8667], [132.3446, 33.8679], [132.346, 33.8686], [132.3447, 33.8681], [132.3449, 33.8691], [132.345, 33.8693], [132.3459, 33.8694], [132.3459, 33.869], [132.346, 33.8697], [132.347, 33.8697], [132.347, 33.8699], [132.3471, 33.8697], [132.3478, 33.8699], [132.3485, 33.8691], [132.3488, 33.8684], [132.3492, 33.8685], [132.3497, 33.8689], [132.35, 33.8689], [132.3512, 33.8683], [132.3517, 33.8679], [132.3518, 33.8674], [132.3511, 33.8665], [132.3514, 33.8662], [132.3523, 33.8662], [132.3541, 33.8672], [132.3548, 33.8672], [132.3587, 33.8645], [132.3585, 33.8643], [132.3589, 33.8646], [132.3591, 33.8645], [132.359, 33.8644], [132.3599, 33.8633], [132.3595, 33.8631], [132.3581, 33.864], [132.3579, 33.864], [132.3594, 33.863], [132.3597, 33.8622], [132.3595, 33.863], [132.36, 33.8632], [132.3601, 33.863], [132.3602, 33.8631], [132.3603, 33.8626], [132.36, 33.8623], [132.3605, 33.8622], [132.361, 33.8612], [132.361, 33.8608], [132.3594, 33.8585], [132.3585, 33.8584], [132.3583, 33.8581], [132.3581, 33.858], [132.3581, 33.8581], [132.358, 33.8579], [132.3558, 33.8571], [132.3543, 33.8557], [132.354, 33.8556], [132.3543, 33.8554], [132.3536, 33.8549], [132.3542, 33.8548], [132.3542, 33.8545], [132.3546, 33.8544], [132.3554, 33.8543], [132.3557, 33.854], [132.3565, 33.8541], [132.3579, 33.8536], [132.3585, 33.8529], [132.3588, 33.853], [132.3593, 33.8528], [132.3596, 33.8525], [132.3601, 33.8526], [132.36, 33.8524], [132.3608, 33.8524], [132.361, 33.8522], [132.3609, 33.852], [132.3613, 33.8517], [132.3612, 33.8515], [132.3616, 33.8512], [132.3616, 33.851], [132.3619, 33.8511], [132.3623, 33.851], [132.3626, 33.8505], [132.3627, 33.8501], [132.3624, 33.8492], [132.3628, 33.8489], [132.3626, 33.8486], [132.363, 33.848], [132.3637, 33.8479], [132.3637, 33.8477], [132.3645, 33.848], [132.3649, 33.8479], [132.3654, 33.8475], [132.3657, 33.8469], [132.3666, 33.8474], [132.3673, 33.8475], [132.3674, 33.8473], [132.3676, 33.8475], [132.3681, 33.8475], [132.3684, 33.8475], [132.3685, 33.8472], [132.3688, 33.8476], [132.3699, 33.8475], [132.3699, 33.8471], [132.3707, 33.848], [132.3711, 33.8479], [132.3717, 33.8483], [132.3724, 33.848], [132.3727, 33.8484], [132.3727, 33.8494], [132.3732, 33.851], [132.3724, 33.8524], [132.3715, 33.8529], [132.37, 33.8533], [132.3699, 33.8534], [132.3699, 33.8533], [132.3679, 33.8524], [132.3675, 33.8525], [132.3676, 33.8523], [132.3673, 33.8522], [132.3673, 33.8521], [132.3678, 33.8524], [132.368, 33.8522], [132.3673, 33.8518], [132.3671, 33.852], [132.3665, 33.8519], [132.3666, 33.8518], [132.3671, 33.852], [132.3672, 33.8518], [132.3671, 33.8517], [132.3659, 33.8515], [132.3655, 33.8516], [132.3648, 33.8524], [132.3655, 33.8528], [132.3649, 33.8525], [132.3648, 33.8527], [132.3649, 33.8532], [132.3651, 33.8532], [132.3655, 33.8532], [132.3659, 33.8528], [132.3655, 33.8534], [132.3658, 33.8535], [132.3654, 33.8545], [132.3656, 33.855], [132.3654, 33.8548], [132.3652, 33.8549], [132.3647, 33.8544], [132.3632, 33.8549], [132.3623, 33.8557], [132.3624, 33.8558], [132.3623, 33.8558], [132.3614, 33.8559], [132.361, 33.8563], [132.3607, 33.8582], [132.3606, 33.8579], [132.3609, 33.8568], [132.3606, 33.8566], [132.3595, 33.8578], [132.3594, 33.8581], [132.3602, 33.8581], [132.3596, 33.8582], [132.3594, 33.8585], [132.361, 33.8608], [132.3615, 33.8611], [132.3631, 33.8618], [132.3644, 33.8621], [132.3648, 33.8629], [132.3654, 33.8634], [132.3658, 33.8635], [132.3667, 33.8631], [132.3695, 33.864], [132.3704, 33.8636], [132.3708, 33.8631], [132.3711, 33.8624], [132.3716, 33.8622], [132.372, 33.8624], [132.3722, 33.8632], [132.3719, 33.8639], [132.3711, 33.8642], [132.3706, 33.864], [132.3702, 33.8643], [132.3699, 33.8648], [132.37, 33.8657], [132.3698, 33.8666], [132.3694, 33.8668], [132.3687, 33.8668], [132.3682, 33.8677], [132.368, 33.8685], [132.3681, 33.8688], [132.3684, 33.8688], [132.3682, 33.8694], [132.3684, 33.8701], [132.3691, 33.8711], [132.3682, 33.8718], [132.3679, 33.8735], [132.3682, 33.8743], [132.3687, 33.8747], [132.3685, 33.8756], [132.369, 33.8762], [132.3692, 33.8767], [132.369, 33.877], [132.3658, 33.8784], [132.3654, 33.8788], [132.3652, 33.8795], [132.3653, 33.8786], [132.365, 33.8786], [132.3647, 33.8794], [132.3648, 33.8795], [132.3644, 33.8793], [132.3641, 33.8801], [132.3639, 33.8809], [132.364, 33.881], [132.3639, 33.881], [132.3635, 33.8817], [132.3633, 33.8825], [132.3632, 33.8839], [132.3639, 33.8854], [132.3635, 33.8845], [132.3631, 33.8846], [132.3631, 33.8849], [132.3632, 33.8852], [132.3636, 33.8851], [132.3633, 33.8852], [132.3634, 33.8854], [132.3636, 33.8854], [132.3634, 33.8855], [132.364, 33.8878], [132.3658, 33.8907], [132.3665, 33.8913], [132.3664, 33.8915], [132.367, 33.8921], [132.3672, 33.8925], [132.3669, 33.8924], [132.3669, 33.8925], [132.3658, 33.8927], [132.3653, 33.8933], [132.3645, 33.8935], [132.3642, 33.8938], [132.3634, 33.894], [132.3629, 33.8952], [132.3631, 33.8957], [132.3634, 33.8956], [132.3631, 33.8957], [132.363, 33.8966], [132.3637, 33.8968], [132.3619, 33.8965], [132.3623, 33.8983], [132.3632, 33.8999], [132.3636, 33.9003], [132.3641, 33.8999], [132.3639, 33.8997], [132.364, 33.8996], [132.3643, 33.8998], [132.3646, 33.9001], [132.3644, 33.9002], [132.3642, 33.9], [132.3637, 33.9004], [132.3664, 33.9027], [132.3674, 33.903], [132.3677, 33.9028], [132.3679, 33.9029], [132.3693, 33.9026], [132.3696, 33.903], [132.3701, 33.9031], [132.3708, 33.9035], [132.3719, 33.9036], [132.3718, 33.9042], [132.3726, 33.9053], [132.3722, 33.9057], [132.3722, 33.9061], [132.3727, 33.9069], [132.3718, 33.9078], [132.371, 33.9092], [132.3711, 33.9097], [132.3717, 33.9103], [132.3715, 33.9106], [132.3716, 33.9107], [132.3727, 33.9115], [132.3743, 33.912], [132.375, 33.9132], [132.375, 33.9138], [132.3755, 33.9141], [132.3775, 33.9147], [132.3788, 33.9148], [132.3789, 33.9147], [132.3789, 33.915], [132.3819, 33.9152], [132.3819, 33.915], [132.3819, 33.9152], [132.3822, 33.9153], [132.385, 33.9152], [132.3856, 33.9151], [132.3854, 33.9147], [132.3856, 33.915], [132.386, 33.9149], [132.386, 33.9147], [132.386, 33.915], [132.3863, 33.9151], [132.3866, 33.9143], [132.386, 33.9145], [132.3853, 33.9144], [132.3863, 33.9143], [132.3863, 33.9138], [132.3857, 33.9138], [132.3869, 33.9137], [132.3867, 33.9121], [132.3868, 33.9116], [132.3872, 33.9116], [132.3874, 33.9118], [132.3878, 33.9119], [132.3893, 33.9118], [132.3902, 33.9114], [132.3906, 33.9111], [132.3908, 33.9132], [132.3912, 33.9137], [132.3907, 33.9133], [132.3906, 33.9134], [132.3905, 33.9133], [132.3899, 33.9135], [132.3897, 33.9138], [132.3901, 33.9141], [132.39, 33.9143], [132.3897, 33.9139], [132.3893, 33.9146], [132.3891, 33.9146], [132.3892, 33.915], [132.3895, 33.915], [132.3895, 33.9147], [132.3896, 33.915], [132.3899, 33.9146], [132.3898, 33.9149], [132.3906, 33.9157], [132.3904, 33.9159], [132.3915, 33.9167], [132.3931, 33.9174], [132.3939, 33.9177], [132.3941, 33.9173], [132.394, 33.9177], [132.3944, 33.9177], [132.3951, 33.9176], [132.3954, 33.9174], [132.3944, 33.917], [132.3959, 33.9175], [132.3987, 33.9179], [132.399, 33.9178], [132.3994, 33.9172], [132.3997, 33.9172], [132.4003, 33.9168], [132.4034, 33.9163], [132.405, 33.9159], [132.4053, 33.915], [132.4052, 33.9138], [132.4057, 33.9136], [132.4062, 33.913], [132.4062, 33.9125], [132.4058, 33.9121], [132.4059, 33.9112], [132.4071, 33.9103], [132.4083, 33.9099], [132.4088, 33.9103], [132.4087, 33.9107], [132.4091, 33.9111], [132.4089, 33.9111], [132.4093, 33.912], [132.4102, 33.9125], [132.4106, 33.9126], [132.4108, 33.9124], [132.411, 33.9126], [132.4108, 33.9131], [132.411, 33.9133], [132.4106, 33.9136], [132.4108, 33.9146], [132.4104, 33.9156], [132.4108, 33.9166], [132.4125, 33.9176], [132.413, 33.9174], [132.4131, 33.9175], [132.4133, 33.9173], [132.4138, 33.918], [132.4138, 33.9187], [132.4143, 33.9191], [132.4148, 33.9191], [132.4148, 33.9194], [132.4165, 33.9195], [132.4167, 33.9191], [132.4179, 33.9181], [132.418, 33.9184], [132.4183, 33.9183], [132.4183, 33.9187], [132.4184, 33.9187], [132.4186, 33.9191], [132.4193, 33.9195], [132.4195, 33.9193], [132.4198, 33.9196], [132.4197, 33.9197], [132.4198, 33.9199], [132.4195, 33.9203], [132.4198, 33.9208], [132.4194, 33.9214], [132.4199, 33.922], [132.4199, 33.9224], [132.4204, 33.9228], [132.4205, 33.923], [132.4208, 33.9232], [132.4209, 33.9235], [132.4206, 33.924], [132.4214, 33.9247], [132.4206, 33.9241], [132.4204, 33.9246], [132.4212, 33.9255], [132.4213, 33.9254], [132.4213, 33.9256], [132.4222, 33.9259], [132.4234, 33.9262], [132.4265, 33.9263], [132.4267, 33.926], [132.4271, 33.926], [132.4277, 33.9271], [132.4285, 33.9272], [132.4293, 33.9272], [132.43, 33.9265], [132.4305, 33.9266], [132.431, 33.9263], [132.4315, 33.9263], [132.4327, 33.9269], [132.4329, 33.9272], [132.4329, 33.9274], [132.4325, 33.9276], [132.433, 33.929], [132.433, 33.9299], [132.4343, 33.9308], [132.4343, 33.9312], [132.4353, 33.9316], [132.4343, 33.9312], [132.4341, 33.9319], [132.4345, 33.9321], [132.4347, 33.9318], [132.4346, 33.9321], [132.435, 33.9323], [132.4351, 33.9319], [132.4351, 33.9323], [132.4354, 33.9325], [132.4365, 33.9326], [132.4366, 33.9325], [132.4366, 33.9326], [132.4367, 33.9325], [132.4367, 33.9326], [132.4378, 33.9325], [132.4376, 33.9317], [132.4378, 33.932], [132.4395, 33.9316], [132.4394, 33.9314], [132.4396, 33.9317], [132.4397, 33.9321], [132.4401, 33.9319], [132.4401, 33.9307], [132.4391, 33.9311], [132.4401, 33.9306], [132.4404, 33.9302], [132.4404, 33.9292], [132.4406, 33.9282], [132.4404, 33.9279], [132.4411, 33.9275], [132.4425, 33.9278], [132.443, 33.9283], [132.4428, 33.9294], [132.443, 33.9308], [132.4429, 33.9311], [132.4436, 33.9318], [132.4453, 33.9321], [132.4469, 33.9321], [132.4489, 33.9318], [132.4499, 33.932], [132.4507, 33.9323], [132.4508, 33.9327], [132.4513, 33.9332], [132.4519, 33.9342], [132.454, 33.9351], [132.4538, 33.9357], [132.4544, 33.9367], [132.4551, 33.9374], [132.4561, 33.9378], [132.4562, 33.9384], [132.4574, 33.9396], [132.457, 33.9399], [132.4575, 33.9407], [132.457, 33.94], [132.4567, 33.9405], [132.4569, 33.9407], [132.4571, 33.9406], [132.4568, 33.9408], [132.4573, 33.9414], [132.4583, 33.9417], [132.4586, 33.9412], [132.459, 33.9414], [132.4589, 33.9418], [132.4594, 33.9421], [132.4603, 33.9424], [132.4606, 33.9423], [132.4607, 33.9425], [132.4616, 33.9427], [132.4616, 33.943], [132.4626, 33.9435], [132.4633, 33.9437], [132.4636, 33.9436], [132.464, 33.9438], [132.465, 33.944], [132.4654, 33.944], [132.4659, 33.9436], [132.4662, 33.9438], [132.4671, 33.9445], [132.4685, 33.9448], [132.4689, 33.945], [132.469, 33.9449], [132.469, 33.9451], [132.4711, 33.9462], [132.4712, 33.9467], [132.4717, 33.9469], [132.4714, 33.9475], [132.4716, 33.9479], [132.472, 33.9483], [132.4715, 33.9497], [132.4719, 33.9503], [132.4709, 33.9506], [132.4701, 33.95], [132.4697, 33.95], [132.4702, 33.949], [132.4706, 33.9486], [132.4707, 33.9481], [132.4701, 33.9475], [132.4697, 33.9473], [132.4693, 33.9472], [132.4692, 33.9476], [132.4689, 33.9476], [132.4685, 33.9472], [132.4685, 33.9469], [132.4682, 33.9468], [132.4681, 33.9466], [132.4678, 33.9467], [132.4674, 33.9464], [132.4669, 33.9465], [132.4667, 33.9462], [132.4656, 33.946], [132.4646, 33.946], [132.4639, 33.9463], [132.4641, 33.9466], [132.4639, 33.9464], [132.4636, 33.9466], [132.4636, 33.9472], [132.4639, 33.9473], [132.4641, 33.9469], [132.4644, 33.9467], [132.4641, 33.9469], [132.4639, 33.9475], [132.4641, 33.9478], [132.4634, 33.9479], [132.463, 33.9478], [132.4636, 33.9474], [132.4634, 33.9468], [132.4626, 33.9461], [132.4623, 33.946], [132.4612, 33.9464], [132.4609, 33.9458], [132.4598, 33.9449], [132.4596, 33.945], [132.4597, 33.9449], [132.4566, 33.9431], [132.4562, 33.9432], [132.4544, 33.9427], [132.4538, 33.9431], [132.4534, 33.9437], [132.4503, 33.9426], [132.4494, 33.9428], [132.4488, 33.9426], [132.4478, 33.9429], [132.4471, 33.9426], [132.4467, 33.9428], [132.4466, 33.9426], [132.4462, 33.9424], [132.4446, 33.9428], [132.446, 33.9425], [132.446, 33.9422], [132.4454, 33.942], [132.4454, 33.9424], [132.4452, 33.942], [132.442, 33.9426], [132.4422, 33.9432], [132.4409, 33.9435], [132.4409, 33.9434], [132.4421, 33.9431], [132.442, 33.9429], [132.4412, 33.9432], [132.441, 33.9429], [132.4406, 33.9431], [132.4396, 33.9436], [132.4396, 33.9438], [132.4395, 33.9436], [132.4393, 33.9438], [132.4394, 33.9439], [132.4391, 33.9439], [132.439, 33.944], [132.4392, 33.9443], [132.439, 33.9442], [132.4394, 33.9447], [132.4391, 33.9448], [132.4389, 33.9445], [132.4381, 33.945], [132.4375, 33.9451], [132.4377, 33.9456], [132.4382, 33.9452], [132.4379, 33.9455], [132.4381, 33.946], [132.4379, 33.9461], [132.4385, 33.948], [132.4387, 33.9482], [132.4391, 33.9481], [132.4389, 33.9474], [132.4394, 33.9488], [132.4392, 33.9489], [132.4394, 33.9487], [132.4393, 33.9487], [132.4386, 33.9487], [132.4382, 33.9493], [132.4381, 33.9494], [132.4384, 33.9496], [132.4385, 33.9518], [132.438, 33.9516], [132.4377, 33.9519], [132.4373, 33.9513], [132.4368, 33.9513], [132.4362, 33.9515], [132.4353, 33.9511], [132.4345, 33.951], [132.4342, 33.9507], [132.433, 33.9502], [132.4314, 33.95], [132.4295, 33.9506], [132.429, 33.9508], [132.4291, 33.951], [132.429, 33.9508], [132.429, 33.951], [132.4289, 33.9509], [132.4281, 33.9513], [132.4268, 33.9521], [132.427, 33.9522], [132.4268, 33.9521], [132.4269, 33.9523], [132.4267, 33.9521], [132.4249, 33.9533], [132.425, 33.9535], [132.4248, 33.9533], [132.4245, 33.9536], [132.4245, 33.9539], [132.4248, 33.954], [132.4255, 33.9537], [132.4248, 33.954], [132.4243, 33.9539], [132.424, 33.9543], [132.4236, 33.9539], [132.4229, 33.954], [132.4225, 33.9538], [132.4223, 33.9539], [132.4222, 33.9537], [132.4211, 33.9533], [132.4206, 33.9533], [132.4196, 33.9531], [132.4176, 33.9534], [132.4161, 33.9527], [132.4156, 33.9523], [132.4149, 33.9511], [132.4143, 33.9506], [132.414, 33.9499], [132.4136, 33.9497], [132.4137, 33.9492], [132.4133, 33.9486], [132.4128, 33.9483], [132.4127, 33.9478], [132.4121, 33.9473], [132.4119, 33.9466], [132.4101, 33.9455], [132.4102, 33.9452], [132.4098, 33.9447], [132.4069, 33.9429], [132.405, 33.9422], [132.4024, 33.9417], [132.4018, 33.9413], [132.4016, 33.9407], [132.4022, 33.9403], [132.4023, 33.9393], [132.4024, 33.9404], [132.4026, 33.9404], [132.4025, 33.9401], [132.4026, 33.9404], [132.403, 33.9403], [132.4037, 33.9396], [132.4037, 33.9392], [132.4029, 33.9392], [132.4034, 33.9391], [132.4037, 33.938], [132.4041, 33.9385], [132.405, 33.9379], [132.4052, 33.9365], [132.4058, 33.9353], [132.4059, 33.934], [132.4056, 33.9339], [132.4053, 33.9333], [132.4059, 33.934], [132.4059, 33.9334], [132.4057, 33.9333], [132.406, 33.9333], [132.4053, 33.9319], [132.405, 33.932], [132.4053, 33.9318], [132.4045, 33.9306], [132.4043, 33.9307], [132.4045, 33.9306], [132.4042, 33.9303], [132.4037, 33.9299], [132.4036, 33.9301], [132.4037, 33.9299], [132.4035, 33.93], [132.4036, 33.9298], [132.4027, 33.9291], [132.4026, 33.9293], [132.4027, 33.9291], [132.4022, 33.9288], [132.3995, 33.9274], [132.3958, 33.926], [132.3954, 33.9259], [132.3953, 33.9261], [132.3953, 33.9259], [132.3943, 33.9256], [132.3895, 33.9248], [132.3886, 33.925], [132.3887, 33.9252], [132.3886, 33.9249], [132.3884, 33.925], [132.3882, 33.9254], [132.3887, 33.9255], [132.3882, 33.9254], [132.3876, 33.9257], [132.3876, 33.926], [132.3869, 33.9268], [132.3842, 33.927], [132.3839, 33.9269], [132.3835, 33.9265], [132.3831, 33.9266], [132.3823, 33.9263], [132.3805, 33.9264], [132.3801, 33.9267], [132.3793, 33.9268], [132.38, 33.9266], [132.3801, 33.9262], [132.3795, 33.9261], [132.3793, 33.9264], [132.3797, 33.9258], [132.3791, 33.9254], [132.3792, 33.9251], [132.3791, 33.9252], [132.3791, 33.925], [132.3779, 33.9248], [132.3757, 33.9249], [132.3737, 33.9255], [132.3724, 33.9262], [132.3722, 33.927], [132.3725, 33.9273], [132.3722, 33.9274], [132.372, 33.9282], [132.3697, 33.9282], [132.3693, 33.9278], [132.3683, 33.9274], [132.3678, 33.9269], [132.3673, 33.9267], [132.3672, 33.926], [132.3663, 33.9252], [132.3663, 33.9246], [132.3658, 33.9235], [132.3652, 33.9217], [132.3645, 33.9211], [132.3637, 33.9207], [132.3635, 33.9202], [132.3612, 33.9182], [132.3599, 33.9175], [132.3585, 33.9174], [132.3584, 33.9169], [132.3583, 33.9175], [132.3566, 33.9177], [132.3548, 33.9181], [132.3545, 33.918], [132.3541, 33.918], [132.3532, 33.9174], [132.3527, 33.9161], [132.3527, 33.9155], [132.3532, 33.9144], [132.3548, 33.913], [132.3558, 33.9124], [132.3566, 33.9116], [132.3566, 33.9113], [132.3565, 33.9112], [132.3565, 33.9106], [132.3565, 33.9112], [132.3568, 33.9114], [132.3573, 33.9111], [132.3573, 33.9106], [132.3569, 33.9105], [132.3572, 33.9105], [132.3578, 33.9108], [132.3576, 33.91], [132.3568, 33.9101], [132.3555, 33.9087], [132.3537, 33.9079], [132.354, 33.907], [132.3536, 33.907], [132.3538, 33.907], [132.3528, 33.9066], [132.3529, 33.9068], [132.353, 33.907], [132.3532, 33.907], [132.3535, 33.9071], [132.3531, 33.907], [132.353, 33.907], [132.3529, 33.9069], [132.3528, 33.9066], [132.3504, 33.9055], [132.3466, 33.9043], [132.346, 33.9042], [132.3437, 33.9044], [132.3432, 33.9057], [132.3435, 33.9055], [132.3432, 33.9071], [132.3426, 33.907], [132.3424, 33.9071], [132.3424, 33.9079], [132.3416, 33.9087], [132.3413, 33.9084], [132.3413, 33.908], [132.3419, 33.9075], [132.3426, 33.9065], [132.3426, 33.9061], [132.3423, 33.906], [132.3421, 33.9056], [132.3424, 33.9059], [132.343, 33.9061], [132.3434, 33.905], [132.342, 33.9044], [132.3417, 33.9048], [132.3367, 33.9032], [132.3344, 33.9026], [132.3367, 33.9031], [132.3367, 33.9029], [132.3364, 33.9028], [132.3366, 33.9023], [132.3359, 33.9019], [132.3358, 33.902], [132.3359, 33.9017], [132.3356, 33.9015], [132.3353, 33.9015], [132.3351, 33.9024], [132.3352, 33.9015], [132.3351, 33.9016], [132.3351, 33.9014], [132.3319, 33.9011], [132.3312, 33.9011], [132.3312, 33.9015], [132.3312, 33.9013], [132.3304, 33.9013], [132.3304, 33.9015], [132.3304, 33.9013], [132.3296, 33.9018], [132.3307, 33.9018], [132.3301, 33.9018], [132.3294, 33.9022], [132.3297, 33.9025], [132.3289, 33.9029], [132.3287, 33.9036], [132.3283, 33.904], [132.3285, 33.9041], [132.3283, 33.9045], [132.3278, 33.9045], [132.3259, 33.9046], [132.3245, 33.905], [132.3236, 33.9056], [132.3234, 33.9062], [132.3236, 33.9056], [132.3234, 33.9045], [132.3238, 33.9028], [132.3235, 33.9036], [132.3235, 33.9035], [132.3227, 33.903], [132.322, 33.9027], [132.3206, 33.9029], [132.3189, 33.9037], [132.3186, 33.904], [132.3187, 33.9041], [132.3186, 33.904], [132.318, 33.9045], [132.3184, 33.9047], [132.3188, 33.9045], [132.3185, 33.9048], [132.318, 33.9046], [132.3173, 33.9054], [132.3173, 33.9058], [132.317, 33.9058], [132.3171, 33.9061], [132.3168, 33.9061], [132.317, 33.9061], [132.3168, 33.9067], [132.3171, 33.9077], [132.3183, 33.9085], [132.3198, 33.9091], [132.3196, 33.9095], [132.3198, 33.9103], [132.3202, 33.9108], [132.3209, 33.9111], [132.3208, 33.9121], [132.3212, 33.9122], [132.3212, 33.9125], [132.3218, 33.9133], [132.3221, 33.9135], [132.3229, 33.9134], [132.3231, 33.9135], [132.3222, 33.9151], [132.3226, 33.9156], [132.3226, 33.9158], [132.3235, 33.9162], [132.3233, 33.9166], [132.3234, 33.9173], [132.3224, 33.9175], [132.3218, 33.9179], [132.3217, 33.9182], [132.3215, 33.9182], [132.3213, 33.9184], [132.3204, 33.9189], [132.3204, 33.92], [132.3198, 33.9216], [132.3197, 33.9222], [132.3193, 33.9214], [132.3193, 33.921], [132.3189, 33.9195], [132.3176, 33.9175], [132.3163, 33.9167], [132.3143, 33.9168], [132.3142, 33.9164], [132.3136, 33.916], [132.3132, 33.9154], [132.3127, 33.9153], [132.3129, 33.9153], [132.3129, 33.915], [132.3127, 33.9149], [132.3126, 33.9151], [132.3125, 33.9149], [132.3104, 33.9149], [132.3075, 33.9153], [132.3075, 33.9157], [132.3071, 33.9155], [132.306, 33.9165], [132.306, 33.9168], [132.3065, 33.9176], [132.3063, 33.9174], [132.306, 33.9176], [132.3057, 33.9175], [132.3054, 33.9171], [132.3045, 33.9167], [132.3048, 33.917], [132.3054, 33.9172], [132.3052, 33.9173], [132.3052, 33.9177], [132.3057, 33.9181], [132.3061, 33.9183], [132.3068, 33.918], [132.3058, 33.9185], [132.3061, 33.919], [132.3057, 33.9186], [132.303, 33.9192], [132.3018, 33.9196], [132.3021, 33.92], [132.3018, 33.92], [132.3015, 33.9201], [132.3016, 33.9204], [132.3012, 33.9201], [132.3008, 33.9205], [132.3006, 33.9209], [132.301, 33.9212], [132.3019, 33.9205], [132.3024, 33.9204], [132.3012, 33.9211], [132.3014, 33.9213], [132.3015, 33.9211], [132.3014, 33.9214], [132.302, 33.9215], [132.3015, 33.9217], [132.301, 33.9223], [132.3005, 33.9231], [132.3015, 33.9237], [132.3001, 33.923], [132.2998, 33.9228], [132.2997, 33.9229], [132.3014, 33.9238], [132.301, 33.9237], [132.3004, 33.9245], [132.3012, 33.9261], [132.3013, 33.9274], [132.3017, 33.9283], [132.3017, 33.9299], [132.3004, 33.9303], [132.3, 33.9308], [132.3, 33.9313], [132.2984, 33.9324], [132.2982, 33.9328], [132.2983, 33.9338], [132.2979, 33.935], [132.298, 33.9347], [132.2977, 33.9346], [132.2952, 33.9352], [132.2953, 33.9355], [132.2951, 33.9353], [132.2952, 33.9355], [132.2951, 33.9354], [132.2943, 33.9355], [132.2934, 33.936], [132.2932, 33.9365], [132.2932, 33.9371], [132.2935, 33.9372], [132.2938, 33.937], [132.2934, 33.9375], [132.2926, 33.9377], [132.2913, 33.9384], [132.2883, 33.9405], [132.2882, 33.9412], [132.2883, 33.9414], [132.2878, 33.9417], [132.2873, 33.9424], [132.2873, 33.9439], [132.2879, 33.9446], [132.2877, 33.9445], [132.2875, 33.9448], [132.2876, 33.9451], [132.2879, 33.945], [132.2876, 33.9456], [132.2876, 33.9465], [132.2872, 33.9483], [132.2875, 33.9488], [132.2873, 33.9494], [132.2876, 33.9497], [132.2878, 33.9497], [132.2879, 33.9495], [132.288, 33.9504], [132.2878, 33.9506], [132.2876, 33.9505], [132.2875, 33.9507], [132.2863, 33.9518], [132.2865, 33.9525], [132.2871, 33.9527], [132.2871, 33.9531], [132.2869, 33.953], [132.2864, 33.9533], [132.2859, 33.9542], [132.2859, 33.9547], [132.2862, 33.955], [132.286, 33.9554], [132.2856, 33.9557], [132.2852, 33.9556], [132.2849, 33.956], [132.283, 33.9563], [132.2826, 33.9559], [132.2825, 33.9552], [132.2818, 33.9547], [132.2812, 33.9547], [132.2808, 33.9543], [132.2802, 33.9542], [132.2801, 33.9538], [132.2786, 33.9537], [132.277, 33.9538], [132.277, 33.9537], [132.2776, 33.9537], [132.2775, 33.9528], [132.2777, 33.9527], [132.2772, 33.9521], [132.276, 33.951], [132.2755, 33.9508], [132.2747, 33.951], [132.2737, 33.9499], [132.2714, 33.9503], [132.2717, 33.9512], [132.2721, 33.9515], [132.2716, 33.9513], [132.271, 33.9493], [132.271, 33.9479], [132.2707, 33.9479], [132.2707, 33.9482], [132.2705, 33.9483], [132.2703, 33.948], [132.2701, 33.948], [132.2708, 33.9505], [132.2703, 33.949], [132.2688, 33.9491], [132.2685, 33.9491], [132.2685, 33.9494], [132.2662, 33.9498], [132.2682, 33.9494], [132.268, 33.9487], [132.2667, 33.9489], [132.2663, 33.9493], [132.2666, 33.9495], [132.2663, 33.9493], [132.2652, 33.9496], [132.2663, 33.9493], [132.2667, 33.9488], [132.268, 33.9486], [132.2678, 33.9481], [132.267, 33.9482], [132.267, 33.9483], [132.2669, 33.9482], [132.2665, 33.9482], [132.2667, 33.9486], [132.2665, 33.9485], [132.2654, 33.9486], [132.2655, 33.9487], [132.2653, 33.9487], [132.2653, 33.9486], [132.2645, 33.9487], [132.2645, 33.949], [132.2644, 33.9485], [132.2636, 33.9485], [132.2628, 33.9487], [132.2629, 33.9489], [132.2628, 33.9488], [132.2627, 33.9489], [132.2627, 33.9488], [132.2613, 33.9492], [132.2614, 33.9493], [132.2612, 33.9492], [132.2613, 33.9493], [132.2607, 33.9493], [132.2602, 33.9497], [132.26, 33.9502], [132.2589, 33.9499], [132.2589, 33.95], [132.2588, 33.9499], [132.2588, 33.9501], [132.2579, 33.9503], [132.2577, 33.9505], [132.257, 33.9507], [132.2569, 33.9506], [132.257, 33.9507], [132.2561, 33.951], [132.2561, 33.9512], [132.2559, 33.9509], [132.2558, 33.9512], [132.2553, 33.9511], [132.2543, 33.9515], [132.2543, 33.9516], [132.254, 33.9516], [132.2541, 33.9518], [132.254, 33.9516], [132.254, 33.9518], [132.2518, 33.9526], [132.2516, 33.9525], [132.2517, 33.9526], [132.2504, 33.9532], [132.2503, 33.9531], [132.2504, 33.9533], [132.2488, 33.9542], [132.2492, 33.9547], [132.2491, 33.9549], [132.2488, 33.9545], [132.2483, 33.955], [132.2478, 33.9553], [132.2476, 33.9559], [132.248, 33.956], [132.2481, 33.9559], [132.2481, 33.9562], [132.2473, 33.9559], [132.2471, 33.9579], [132.2474, 33.9578], [132.2473, 33.9582], [132.2471, 33.9581], [132.2471, 33.9583], [132.2475, 33.9589], [132.2468, 33.9594], [132.2445, 33.9628], [132.2438, 33.963], [132.2438, 33.9633], [132.2435, 33.9631], [132.24, 33.9643], [132.2398, 33.964], [132.2399, 33.9643], [132.2392, 33.9646], [132.2389, 33.9652], [132.2366, 33.9663], [132.2364, 33.9668], [132.2357, 33.9668], [132.2353, 33.9669], [132.2353, 33.9671], [132.2352, 33.967], [132.2349, 33.9671], [132.2341, 33.9675], [132.2337, 33.9676], [132.2327, 33.967], [132.2319, 33.9654], [132.2317, 33.9654], [132.2317, 33.9639], [132.2309, 33.9634], [132.2314, 33.9631], [132.2314, 33.9626], [132.2305, 33.9617], [132.2292, 33.9612], [132.2302, 33.9615], [132.2305, 33.9616], [132.2306, 33.9614], [132.2303, 33.9611], [132.2304, 33.9606], [132.2294, 33.9603], [132.2293, 33.961], [132.2293, 33.9606], [132.2295, 33.9597], [132.2294, 33.9597], [132.2281, 33.9606], [132.2257, 33.9612], [132.2249, 33.9613], [132.2267, 33.9609], [132.2267, 33.9606], [132.2265, 33.9606], [132.2263, 33.9593], [132.2243, 33.9595], [132.2248, 33.9608], [132.2241, 33.959], [132.2241, 33.9592], [132.2224, 33.9594], [132.2199, 33.9599], [132.2178, 33.9606], [132.217, 33.9611], [132.2173, 33.9619], [132.217, 33.9628], [132.2173, 33.9642], [132.2171, 33.965], [132.2167, 33.9649], [132.2166, 33.9651], [132.216, 33.9651], [132.2159, 33.9656], [132.2152, 33.9657], [132.2144, 33.9651], [132.2141, 33.9645], [132.2127, 33.9641], [132.2125, 33.9637], [132.2126, 33.9631], [132.2121, 33.962], [132.2113, 33.9616], [132.2115, 33.9611], [132.2112, 33.9602], [132.2116, 33.9594], [132.2114, 33.959], [132.2117, 33.9588], [132.2114, 33.9586], [132.2117, 33.9588], [132.2118, 33.9587], [132.2124, 33.9574], [132.2125, 33.9577], [132.2129, 33.9577], [132.2128, 33.957], [132.2131, 33.9569], [132.2123, 33.9539], [132.212, 33.9534], [132.2117, 33.9534], [132.2112, 33.9529], [132.2117, 33.9534], [132.2121, 33.9534], [132.2121, 33.9529], [132.2125, 33.9528], [132.2122, 33.9528], [132.212, 33.9523], [132.2118, 33.9522], [132.2116, 33.952], [132.2119, 33.9518], [132.2116, 33.9519], [132.2109, 33.9513], [132.211, 33.9509], [132.2109, 33.9511], [132.2107, 33.951], [132.2108, 33.9511], [132.2107, 33.9515], [132.2104, 33.9521], [132.2101, 33.9519], [132.21, 33.952], [132.21, 33.9519], [132.2088, 33.9516], [132.2087, 33.9518], [132.2087, 33.9516], [132.2078, 33.9513], [132.208, 33.9513], [132.2082, 33.951], [132.2081, 33.9508], [132.2079, 33.9511], [132.2088, 33.9494]]], [[[132.1547, 33.931], [132.156, 33.9318], [132.1556, 33.9325], [132.1542, 33.9316], [132.1542, 33.9312], [132.1547, 33.931]]], [[[132.1665, 33.9474], [132.1662, 33.9477], [132.1656, 33.9474], [132.1655, 33.9471], [132.1649, 33.9471], [132.1647, 33.9468], [132.1636, 33.9468], [132.1632, 33.9471], [132.1625, 33.9466], [132.1603, 33.9463], [132.1601, 33.9464], [132.1598, 33.9462], [132.1594, 33.9461], [132.1591, 33.9461], [132.1588, 33.9459], [132.1583, 33.946], [132.1574, 33.9458], [132.1568, 33.946], [132.1559, 33.9446], [132.1557, 33.9444], [132.1553, 33.9445], [132.1555, 33.9442], [132.1546, 33.9418], [132.1543, 33.9413], [132.1541, 33.9413], [132.1539, 33.941], [132.1542, 33.9409], [132.1544, 33.9405], [132.1543, 33.9399], [132.1545, 33.9395], [132.1548, 33.9396], [132.1554, 33.9393], [132.1554, 33.939], [132.1562, 33.9386], [132.1566, 33.9376], [132.1569, 33.9375], [132.1573, 33.9377], [132.1602, 33.938], [132.1603, 33.9385], [132.1609, 33.9386], [132.1618, 33.9386], [132.1619, 33.9389], [132.1624, 33.9389], [132.1636, 33.9395], [132.1638, 33.9399], [132.1644, 33.9403], [132.1657, 33.9419], [132.1664, 33.9433], [132.1676, 33.9441], [132.1678, 33.9445], [132.1683, 33.9446], [132.1688, 33.9452], [132.1687, 33.9458], [132.1679, 33.9462], [132.1681, 33.9458], [132.1676, 33.946], [132.1675, 33.9461], [132.1677, 33.9464], [132.1674, 33.9461], [132.1665, 33.947], [132.1665, 33.9474]]], [[[132.1808, 33.8495], [132.1797, 33.8494], [132.1784, 33.8488], [132.1782, 33.8475], [132.1783, 33.8463], [132.1789, 33.8459], [132.1799, 33.8455], [132.1803, 33.8452], [132.1801, 33.845], [132.1803, 33.8451], [132.1816, 33.8443], [132.183, 33.8439], [132.184, 33.844], [132.1857, 33.8459], [132.1857, 33.8469], [132.1851, 33.8483], [132.1828, 33.8493], [132.1808, 33.8495]]], [[[132.203, 33.8488], [132.2017, 33.8492], [132.2007, 33.8501], [132.1996, 33.85], [132.199, 33.8498], [132.1986, 33.8493], [132.1985, 33.8485], [132.1987, 33.8476], [132.1993, 33.847], [132.2001, 33.8465], [132.2011, 33.8461], [132.2015, 33.8463], [132.2021, 33.8464], [132.2027, 33.8468], [132.2029, 33.8473], [132.2032, 33.8476], [132.2034, 33.8485], [132.2034, 33.8489], [132.203, 33.8488]]], [[[132.1826, 33.8845], [132.1827, 33.8847], [132.1824, 33.8849], [132.182, 33.8849], [132.182, 33.8845], [132.1823, 33.8845], [132.1823, 33.8843], [132.1825, 33.8844], [132.1826, 33.8843], [132.1826, 33.8845]]], [[[132.25, 33.9942], [132.2504, 33.9943], [132.2505, 33.9945], [132.2502, 33.9949], [132.2497, 33.9951], [132.2487, 33.995], [132.248, 33.9946], [132.2482, 33.9943], [132.2488, 33.9941], [132.25, 33.9942]]], [[[132.2655, 34.0095], [132.265, 34.0098], [132.2635, 34.0099], [132.2633, 34.0096], [132.2632, 34.0087], [132.2626, 34.0081], [132.2616, 34.0077], [132.2613, 34.007], [132.2611, 34.0069], [132.2602, 34.007], [132.2596, 34.0071], [132.2593, 34.0069], [132.2591, 34.007], [132.2591, 34.0066], [132.2595, 34.0063], [132.2596, 34.0055], [132.2593, 34.005], [132.2588, 34.0046], [132.2586, 34.0036], [132.2589, 34.003], [132.2611, 34.0025], [132.2615, 34.0019], [132.2622, 34.0021], [132.2631, 34.0014], [132.2636, 34.0013], [132.2639, 34.0015], [132.2649, 34.0011], [132.2655, 34.0001], [132.2653, 33.9989], [132.2658, 33.999], [132.2656, 33.9988], [132.2658, 33.9988], [132.2656, 33.9982], [132.265, 33.998], [132.2647, 33.9998], [132.265, 33.9979], [132.2641, 33.9973], [132.2639, 33.9961], [132.265, 33.9958], [132.2661, 33.9961], [132.2669, 33.9959], [132.2675, 33.9952], [132.2673, 33.9948], [132.2676, 33.9946], [132.2672, 33.9942], [132.2671, 33.9939], [132.2675, 33.9936], [132.2689, 33.9949], [132.2714, 33.9962], [132.2715, 33.9966], [132.2714, 33.9984], [132.2716, 33.9992], [132.2712, 34.0003], [132.2707, 34.0006], [132.2696, 34.0006], [132.2695, 34.0012], [132.2694, 34.001], [132.2695, 34.0006], [132.2688, 34.0006], [132.2682, 34.0003], [132.268, 34.0009], [132.2674, 34.0007], [132.2674, 34.0011], [132.2677, 34.0013], [132.2679, 34.001], [132.2682, 34.0014], [132.2689, 34.0015], [132.2691, 34.001], [132.269, 34.0015], [132.2694, 34.002], [132.2696, 34.0025], [132.2703, 34.003], [132.2703, 34.0044], [132.2699, 34.005], [132.2692, 34.0054], [132.2691, 34.0059], [132.2682, 34.0066], [132.268, 34.0072], [132.2676, 34.0076], [132.2679, 34.008], [132.2673, 34.0087], [132.2664, 34.0091], [132.2661, 34.0094], [132.2655, 34.0095]]], [[[132.2321, 33.9723], [132.2317, 33.9724], [132.2318, 33.9719], [132.2316, 33.9715], [132.2318, 33.9711], [132.2317, 33.9706], [132.2319, 33.9709], [132.2327, 33.9712], [132.2325, 33.9717], [132.2321, 33.9719], [132.2321, 33.9723]]], [[[132.3146, 33.8673], [132.3134, 33.8681], [132.3122, 33.8673], [132.3111, 33.8672], [132.3106, 33.8667], [132.31, 33.8664], [132.3099, 33.8653], [132.3085, 33.8647], [132.309, 33.8645], [132.3091, 33.864], [132.3095, 33.8636], [132.3094, 33.8633], [132.3096, 33.8633], [132.3097, 33.8631], [132.3095, 33.863], [132.3098, 33.8627], [132.3102, 33.8628], [132.3103, 33.8626], [132.3103, 33.8628], [132.3108, 33.8629], [132.311, 33.8628], [132.3122, 33.8629], [132.3132, 33.8626], [132.3133, 33.8631], [132.3132, 33.8635], [132.3134, 33.8637], [132.3126, 33.8649], [132.3128, 33.8655], [132.3125, 33.8651], [132.3124, 33.8655], [132.3126, 33.8654], [132.3124, 33.8655], [132.3124, 33.8658], [132.3126, 33.8662], [132.3134, 33.8667], [132.3143, 33.8667], [132.3146, 33.8673]]], [[[132.3105, 33.9283], [132.3097, 33.9283], [132.3094, 33.928], [132.3094, 33.9269], [132.3096, 33.9262], [132.3102, 33.9262], [132.3109, 33.9266], [132.3124, 33.9264], [132.3129, 33.9266], [132.313, 33.9269], [132.3127, 33.9273], [132.3113, 33.9277], [132.3107, 33.9283], [132.3105, 33.9283]]], [[[132.3485, 33.9737], [132.3471, 33.9729], [132.3465, 33.9728], [132.3455, 33.9728], [132.3449, 33.9721], [132.3441, 33.9717], [132.344, 33.9715], [132.3443, 33.9711], [132.3444, 33.9701], [132.3448, 33.9697], [132.3451, 33.9696], [132.3459, 33.9702], [132.3462, 33.9702], [132.3469, 33.97], [132.3479, 33.97], [132.3486, 33.9694], [132.3489, 33.9687], [132.3492, 33.9674], [132.3495, 33.9671], [132.3495, 33.9664], [132.35, 33.9661], [132.3501, 33.9655], [132.35, 33.9645], [132.3496, 33.9643], [132.3495, 33.9635], [132.349, 33.9635], [132.3486, 33.9632], [132.3485, 33.9629], [132.3494, 33.9625], [132.3492, 33.9627], [132.3496, 33.963], [132.3499, 33.9629], [132.35, 33.9625], [132.3497, 33.9625], [132.3499, 33.9625], [132.35, 33.9622], [132.3499, 33.9622], [132.3502, 33.9615], [132.3508, 33.9614], [132.3507, 33.961], [132.3494, 33.9614], [132.3501, 33.9611], [132.3498, 33.9606], [132.3494, 33.9601], [132.3491, 33.9602], [132.3494, 33.9599], [132.3491, 33.9596], [132.349, 33.9598], [132.3488, 33.9596], [132.349, 33.9595], [132.3484, 33.959], [132.3479, 33.9591], [132.3477, 33.9594], [132.3485, 33.9599], [132.3488, 33.9604], [132.349, 33.9615], [132.3487, 33.9605], [132.3484, 33.96], [132.3476, 33.9594], [132.3471, 33.9592], [132.3467, 33.9594], [132.3463, 33.959], [132.3457, 33.9587], [132.3454, 33.9589], [132.3446, 33.9589], [132.3444, 33.9592], [132.344, 33.9586], [132.343, 33.9582], [132.3426, 33.9577], [132.3421, 33.9575], [132.3412, 33.9568], [132.3396, 33.9563], [132.339, 33.9564], [132.3384, 33.9562], [132.3378, 33.9551], [132.3374, 33.9548], [132.3377, 33.9547], [132.3381, 33.954], [132.3387, 33.9536], [132.3386, 33.9532], [132.3388, 33.9532], [132.3389, 33.9535], [132.3394, 33.9531], [132.3391, 33.9522], [132.3384, 33.9521], [132.3381, 33.9523], [132.3377, 33.9517], [132.3371, 33.9513], [132.3369, 33.9509], [132.3369, 33.9502], [132.3364, 33.9494], [132.3368, 33.949], [132.3369, 33.9478], [132.3377, 33.9468], [132.338, 33.9472], [132.3393, 33.9475], [132.3413, 33.9469], [132.3425, 33.9462], [132.3428, 33.9471], [132.3432, 33.9471], [132.3438, 33.9469], [132.3434, 33.9471], [132.3435, 33.9472], [132.3434, 33.9471], [132.343, 33.9473], [132.3432, 33.9476], [132.3437, 33.9477], [132.3435, 33.9474], [132.3437, 33.9474], [132.3437, 33.9477], [132.3451, 33.9476], [132.3462, 33.9473], [132.3461, 33.9464], [132.3462, 33.9467], [132.3464, 33.9467], [132.3464, 33.9466], [132.3464, 33.9467], [132.347, 33.9467], [132.347, 33.9461], [132.3472, 33.9463], [132.347, 33.9463], [132.3471, 33.9465], [132.3476, 33.9465], [132.3476, 33.9467], [132.3481, 33.9464], [132.348, 33.9463], [132.3481, 33.9464], [132.3485, 33.9463], [132.3484, 33.9461], [132.3486, 33.9463], [132.3491, 33.9459], [132.3488, 33.9456], [132.3468, 33.9458], [132.3458, 33.9461], [132.3468, 33.9458], [132.3488, 33.9456], [132.3491, 33.9458], [132.3502, 33.9445], [132.3498, 33.9442], [132.3506, 33.9447], [132.3511, 33.9433], [132.3513, 33.9415], [132.3526, 33.9399], [132.3521, 33.9382], [132.3523, 33.9388], [132.3527, 33.9393], [132.3551, 33.9406], [132.3559, 33.9415], [132.3565, 33.9417], [132.3542, 33.9441], [132.3537, 33.945], [132.3542, 33.9456], [132.3544, 33.9463], [132.3547, 33.9466], [132.3543, 33.9473], [132.3544, 33.9477], [132.3541, 33.9483], [132.3542, 33.9485], [132.3545, 33.9485], [132.3546, 33.9491], [132.3542, 33.9495], [132.3541, 33.9517], [132.3542, 33.9519], [132.3544, 33.9519], [132.3547, 33.9522], [132.3552, 33.9524], [132.3554, 33.9526], [132.3546, 33.9531], [132.3545, 33.9537], [132.3539, 33.9543], [132.3537, 33.9557], [132.354, 33.9559], [132.3541, 33.9564], [132.3539, 33.957], [132.3534, 33.9571], [132.3526, 33.9569], [132.3519, 33.9574], [132.3515, 33.9582], [132.3517, 33.9583], [132.3515, 33.9582], [132.3511, 33.959], [132.3512, 33.9592], [132.351, 33.9592], [132.3508, 33.9595], [132.3508, 33.9604], [132.3512, 33.9609], [132.3507, 33.961], [132.3509, 33.9613], [132.3514, 33.9612], [132.3509, 33.9614], [132.3511, 33.9619], [132.3513, 33.9619], [132.3522, 33.9629], [132.3534, 33.9631], [132.3544, 33.964], [132.3544, 33.9645], [132.3547, 33.965], [132.3544, 33.9662], [132.3553, 33.9671], [132.3547, 33.9675], [132.3536, 33.9676], [132.352, 33.9688], [132.351, 33.9699], [132.3503, 33.971], [132.3506, 33.9722], [132.3499, 33.9727], [132.3494, 33.9734], [132.3485, 33.9737]]], [[[132.335, 33.911], [132.3354, 33.9112], [132.3358, 33.9117], [132.3358, 33.9125], [132.3356, 33.9128], [132.3352, 33.9131], [132.3354, 33.9135], [132.3349, 33.9146], [132.3341, 33.9152], [132.3334, 33.9146], [132.3334, 33.9134], [132.3341, 33.912], [132.3346, 33.9113], [132.335, 33.911]]], [[[132.3881, 33.7829], [132.3879, 33.7829], [132.3875, 33.7827], [132.3873, 33.7821], [132.3877, 33.7812], [132.3875, 33.781], [132.3879, 33.7809], [132.3876, 33.7805], [132.3882, 33.7798], [132.3889, 33.7796], [132.389, 33.7793], [132.3895, 33.7792], [132.3902, 33.7789], [132.3905, 33.7784], [132.3907, 33.7783], [132.3907, 33.7779], [132.3919, 33.7775], [132.392, 33.7773], [132.3932, 33.7774], [132.3936, 33.7777], [132.3934, 33.7778], [132.3936, 33.7782], [132.3935, 33.7786], [132.3933, 33.7788], [132.3932, 33.7793], [132.3925, 33.7797], [132.3929, 33.7803], [132.3928, 33.7807], [132.3919, 33.7812], [132.3918, 33.7811], [132.3915, 33.7812], [132.3902, 33.7825], [132.3885, 33.7829], [132.3881, 33.7829]]], [[[132.4011, 33.8134], [132.401, 33.8144], [132.4008, 33.8146], [132.4004, 33.814], [132.4, 33.8138], [132.3987, 33.8132], [132.398, 33.8133], [132.3979, 33.8131], [132.3977, 33.8132], [132.3978, 33.8129], [132.3971, 33.8126], [132.3969, 33.8127], [132.3967, 33.8124], [132.3963, 33.8125], [132.3957, 33.8118], [132.3948, 33.8112], [132.3951, 33.811], [132.3949, 33.8102], [132.3934, 33.8091], [132.3931, 33.8091], [132.393, 33.8088], [132.3921, 33.8082], [132.3918, 33.807], [132.3922, 33.805], [132.3928, 33.8042], [132.3929, 33.8035], [132.3938, 33.8021], [132.3942, 33.8019], [132.3959, 33.8021], [132.3967, 33.8025], [132.3977, 33.8025], [132.3978, 33.8027], [132.3987, 33.803], [132.3988, 33.8033], [132.3995, 33.8038], [132.3994, 33.8049], [132.3998, 33.8056], [132.3993, 33.8064], [132.3999, 33.8073], [132.3991, 33.8083], [132.3992, 33.8085], [132.3988, 33.8089], [132.3982, 33.8099], [132.3978, 33.8113], [132.3983, 33.8121], [132.4011, 33.8134]]], [[[132.3405, 33.9299], [132.3406, 33.9301], [132.3405, 33.9302], [132.3404, 33.93], [132.3405, 33.9299]]], [[[132.3676, 33.9307], [132.3674, 33.9313], [132.3674, 33.9319], [132.3671, 33.932], [132.3667, 33.9314], [132.3675, 33.9305], [132.3679, 33.9305], [132.3679, 33.9307], [132.3676, 33.9307]]], [[[132.3517, 33.9239], [132.3517, 33.9245], [132.3513, 33.9246], [132.3509, 33.9245], [132.3506, 33.9239], [132.3503, 33.9238], [132.3506, 33.9238], [132.3508, 33.9233], [132.3511, 33.9229], [132.3514, 33.9232], [132.3517, 33.9239]]], [[[132.3543, 33.9205], [132.3548, 33.921], [132.355, 33.9214], [132.3549, 33.9217], [132.3546, 33.922], [132.3539, 33.9218], [132.3536, 33.9214], [132.3537, 33.9209], [132.3543, 33.9205]]], [[[132.3555, 33.9326], [132.3553, 33.9336], [132.355, 33.9337], [132.3552, 33.9338], [132.3546, 33.934], [132.3541, 33.9338], [132.3538, 33.9335], [132.3539, 33.933], [132.354, 33.9326], [132.3544, 33.9323], [132.3545, 33.9319], [132.3553, 33.9317], [132.3555, 33.932], [132.3555, 33.9326]]], [[[132.3912, 33.9096], [132.3915, 33.9099], [132.3913, 33.9101], [132.3908, 33.9105], [132.3905, 33.9105], [132.3905, 33.91], [132.3912, 33.9096]]], [[[132.3918, 33.9083], [132.3919, 33.9084], [132.3917, 33.9085], [132.3918, 33.9083]]], [[[132.3918, 33.9079], [132.392, 33.9082], [132.3917, 33.9082], [132.3918, 33.9079]]], [[[132.3917, 33.9076], [132.3919, 33.9079], [132.3916, 33.9077], [132.3917, 33.9076]]], [[[132.3932, 33.9047], [132.3924, 33.9049], [132.3913, 33.9046], [132.3915, 33.9041], [132.3918, 33.9013], [132.3923, 33.9007], [132.3926, 33.9008], [132.3932, 33.9016], [132.3933, 33.9025], [132.3948, 33.9039], [132.3945, 33.9044], [132.3932, 33.9047]]], [[[132.3909, 33.9503], [132.3913, 33.9505], [132.3909, 33.9508], [132.3908, 33.9513], [132.3903, 33.9516], [132.3901, 33.9505], [132.3909, 33.9503]]], [[[132.4628, 33.9587], [132.4632, 33.9594], [132.4632, 33.9599], [132.4627, 33.9597], [132.4625, 33.9594], [132.4624, 33.9587], [132.4628, 33.9587]]], [[[132.4903, 33.9579], [132.4895, 33.9581], [132.4891, 33.9573], [132.4886, 33.9569], [132.4879, 33.9572], [132.4878, 33.9576], [132.4875, 33.9576], [132.4874, 33.9569], [132.4857, 33.9561], [132.4865, 33.9558], [132.4867, 33.9553], [132.4861, 33.9545], [132.4869, 33.9542], [132.4871, 33.9538], [132.4876, 33.9537], [132.4877, 33.9535], [132.4885, 33.9529], [132.4898, 33.953], [132.4905, 33.9533], [132.491, 33.9541], [132.4907, 33.9546], [132.4908, 33.9548], [132.4912, 33.9553], [132.4918, 33.9555], [132.4917, 33.9565], [132.4912, 33.9567], [132.4909, 33.9571], [132.4909, 33.9579], [132.4903, 33.9579]]], [[[132.4717, 33.9649], [132.4714, 33.9651], [132.4712, 33.9658], [132.4708, 33.9664], [132.4706, 33.9654], [132.4702, 33.9651], [132.47, 33.9642], [132.4701, 33.9638], [132.4698, 33.9635], [132.4692, 33.9632], [132.4678, 33.9633], [132.4675, 33.9628], [132.4662, 33.9626], [132.4648, 33.9627], [132.4644, 33.9635], [132.4641, 33.9635], [132.4632, 33.9639], [132.463, 33.9645], [132.4626, 33.9647], [132.4617, 33.9648], [132.4605, 33.9643], [132.459, 33.9644], [132.4586, 33.9643], [132.459, 33.9638], [132.4599, 33.9633], [132.4602, 33.9629], [132.4612, 33.9628], [132.4618, 33.9632], [132.463, 33.9625], [132.4638, 33.9617], [132.4643, 33.9619], [132.4657, 33.9615], [132.4662, 33.9605], [132.4663, 33.9598], [132.4671, 33.9604], [132.4676, 33.9605], [132.4684, 33.9603], [132.4698, 33.9596], [132.4705, 33.9589], [132.4711, 33.9581], [132.4719, 33.9575], [132.4737, 33.9535], [132.4751, 33.954], [132.4763, 33.954], [132.4783, 33.9545], [132.4785, 33.9549], [132.4779, 33.9555], [132.4782, 33.9561], [132.4781, 33.9562], [132.4786, 33.9567], [132.4796, 33.9567], [132.4794, 33.9568], [132.4795, 33.9569], [132.4792, 33.9578], [132.4797, 33.9584], [132.4792, 33.9578], [132.4794, 33.957], [132.479, 33.957], [132.4787, 33.9576], [132.4789, 33.9576], [132.4787, 33.9576], [132.4787, 33.9579], [132.4789, 33.9578], [132.4788, 33.9579], [132.4793, 33.9585], [132.4792, 33.9586], [132.4793, 33.9587], [132.4795, 33.9586], [132.4793, 33.9588], [132.4806, 33.9593], [132.4797, 33.9599], [132.4793, 33.9602], [132.4793, 33.9604], [132.4789, 33.9604], [132.4775, 33.9609], [132.4771, 33.9613], [132.4773, 33.9614], [132.4771, 33.9613], [132.4768, 33.9615], [132.4768, 33.9621], [132.4773, 33.9625], [132.4772, 33.9627], [132.4768, 33.9629], [132.4765, 33.9632], [132.4766, 33.9634], [132.4761, 33.9632], [132.4757, 33.9633], [132.4746, 33.9633], [132.4757, 33.9633], [132.4758, 33.9628], [132.4752, 33.9626], [132.4746, 33.9629], [132.4746, 33.963], [132.4745, 33.9628], [132.474, 33.9628], [132.4732, 33.9633], [132.4734, 33.9635], [132.473, 33.965], [132.4726, 33.9652], [132.4717, 33.9649]]], [[[132.4553, 33.9261], [132.4545, 33.927], [132.4541, 33.9269], [132.4539, 33.9256], [132.4542, 33.9257], [132.4548, 33.925], [132.4547, 33.924], [132.4545, 33.9238], [132.4549, 33.9226], [132.4543, 33.9213], [132.4545, 33.921], [132.4555, 33.9201], [132.4565, 33.9199], [132.4572, 33.9196], [132.4572, 33.9194], [132.4574, 33.9194], [132.4583, 33.9195], [132.4588, 33.9194], [132.4592, 33.9196], [132.4595, 33.9195], [132.4604, 33.9198], [132.4606, 33.9195], [132.4608, 33.9198], [132.4618, 33.9194], [132.4623, 33.9191], [132.4628, 33.9182], [132.4629, 33.9178], [132.4627, 33.9173], [132.4629, 33.9171], [132.4639, 33.9171], [132.4644, 33.9169], [132.4652, 33.9161], [132.4654, 33.9161], [132.4651, 33.9145], [132.4654, 33.9147], [132.4655, 33.9145], [132.4658, 33.9148], [132.4659, 33.9147], [132.4667, 33.9161], [132.4674, 33.9165], [132.4672, 33.9173], [132.4668, 33.9176], [132.4666, 33.9185], [132.4662, 33.918], [132.4658, 33.918], [132.4649, 33.9183], [132.4646, 33.9188], [132.464, 33.9188], [132.4629, 33.92], [132.4621, 33.9213], [132.4623, 33.9216], [132.4621, 33.9218], [132.4621, 33.9223], [132.4624, 33.9227], [132.4625, 33.9238], [132.4614, 33.9239], [132.4605, 33.9249], [132.4596, 33.9252], [132.4587, 33.926], [132.4581, 33.9259], [132.4573, 33.9262], [132.4562, 33.926], [132.4558, 33.9261], [132.4553, 33.9261]]]]}, "properties": {"name": "山口県周防大島町"}}, {"type": "Feature", "geometry": {"type": "Polygon", "coordinates": [[[132.3136, 34.1224], [132.3145, 34.1235], [132.2685, 34.2135], [132.2309, 34.2092], [132.2281, 34.2092], [132.2223, 34.2085], [132.2194, 34.2078], [132.2173, 34.2065], [132.2152, 34.2041], [132.2146, 34.2037], [132.2131, 34.2032], [132.2104, 34.2027], [132.2078, 34.2029], [132.2073, 34.2032], [132.2064, 34.2039], [132.2034, 34.2073], [132.2028, 34.2076], [132.2021, 34.2078], [132.2012, 34.2078], [132.2002, 34.2075], [132.1988, 34.2063], [132.1976, 34.2049], [132.1967, 34.2046], [132.1957, 34.2046], [132.1947, 34.2049], [132.1936, 34.2067], [132.193, 34.2065], [132.1927, 34.2058], [132.1925, 34.2041], [132.1923, 34.2035], [132.1926, 34.2026], [132.1925, 34.2025], [132.19, 34.2005], [132.1879, 34.2003], [132.187, 34.1991], [132.1864, 34.1986], [132.1859, 34.1984], [132.1844, 34.1981], [132.1837, 34.1973], [132.1829, 34.1969], [132.1839, 34.1964], [132.1848, 34.195], [132.1858, 34.1948], [132.1864, 34.1944], [132.1872, 34.1943], [132.1878, 34.1945], [132.1878, 34.1939], [132.1889, 34.1922], [132.1883, 34.1915], [132.1884, 34.191], [132.1883, 34.1901], [132.1874, 34.1893], [132.1875, 34.1888], [132.1883, 34.1879], [132.1883, 34.1875], [132.1871, 34.186], [132.1874, 34.1855], [132.1876, 34.1854], [132.1893, 34.1866], [132.1897, 34.1863], [132.1904, 34.1863], [132.1911, 34.186], [132.1916, 34.1848], [132.1922, 34.1843], [132.1926, 34.1843], [132.1921, 34.1836], [132.1935, 34.183], [132.1935, 34.1827], [132.193, 34.1822], [132.1932, 34.1812], [132.1928, 34.1802], [132.1932, 34.1795], [132.194, 34.1798], [132.1952, 34.1801], [132.1962, 34.1808], [132.1977, 34.1807], [132.1982, 34.1809], [132.1991, 34.1806], [132.1994, 34.1802], [132.2004, 34.1799], [132.2007, 34.1801], [132.2013, 34.18], [132.2018, 34.1803], [132.2028, 34.1804], [132.2038, 34.1802], [132.2049, 34.1804], [132.2053, 34.1805], [132.2059, 34.1814], [132.2073, 34.1822], [132.2078, 34.1828], [132.208, 34.1822], [132.2086, 34.1812], [132.2094, 34.1811], [132.2104, 34.1815], [132.2113, 34.1816], [132.2123, 34.182], [132.2134, 34.1817], [132.2138, 34.1815], [132.2142, 34.1815], [132.2161, 34.1824], [132.2169, 34.1819], [132.2169, 34.1814], [132.2174, 34.1813], [132.218, 34.1816], [132.2188, 34.1816], [132.2186, 34.1819], [132.2192, 34.1831], [132.2197, 34.1831], [132.2207, 34.1839], [132.2214, 34.1852], [132.2223, 34.1853], [132.2235, 34.1849], [132.2239, 34.1851], [132.2239, 34.1855], [132.2236, 34.186], [132.2227, 34.1863], [132.223, 34.1874], [132.2234, 34.1876], [132.2234, 34.1882], [132.2231, 34.1886], [132.2233, 34.1893], [132.223, 34.1895], [132.2247, 34.1897], [132.225, 34.1902], [132.2255, 34.1903], [132.226, 34.191], [132.226, 34.192], [132.2254, 34.1922], [132.2256, 34.1926], [132.2253, 34.1929], [132.2257, 34.1942], [132.2254, 34.1944], [132.2245, 34.1944], [132.2244, 34.1949], [132.2236, 34.1954], [132.2238, 34.1965], [132.2236, 34.1973], [132.2233, 34.1979], [132.2224, 34.1986], [132.2222, 34.1992], [132.2232, 34.2], [132.2236, 34.201], [132.2245, 34.2015], [132.2246, 34.202], [132.2254, 34.2023], [132.2259, 34.2022], [132.2263, 34.2028], [132.2271, 34.2031], [132.2273, 34.2029], [132.2287, 34.2039], [132.2296, 34.2038], [132.2307, 34.2027], [132.2308, 34.2014], [132.2346, 34.2023], [132.2347, 34.2025], [132.2367, 34.2024], [132.2369, 34.2022], [132.2373, 34.1983], [132.2368, 34.197], [132.2375, 34.1962], [132.2431, 34.1911], [132.2711, 34.1638], [132.3088, 34.1268], [132.3132, 34.1219], [132.3136, 34.1224]]]}, "properties": {"name": "山口県和木町"}}, {"type": "Feature", "geometry": {"type": "MultiPolygon", "coordinates": [[[[132.1333, 33.862], [132.1301, 33.8617], [132.1292, 33.8622], [132.1258, 33.8621], [132.1249, 33.8619], [132.1237, 33.8613], [132.1222, 33.8591], [132.1215, 33.8586], [132.121, 33.8584], [132.1205, 33.8584], [132.1202, 33.8586], [132.1201, 33.8594], [132.1194, 33.8602], [132.1186, 33.8603], [132.1163, 33.8594], [132.1158, 33.8595], [132.1156, 33.8593], [132.116, 33.8589], [132.1158, 33.8587], [132.1159, 33.8585], [132.1161, 33.859], [132.117, 33.8586], [132.1174, 33.8575], [132.1172, 33.857], [132.1168, 33.8567], [132.1165, 33.8569], [132.1168, 33.8567], [132.1167, 33.8564], [132.1171, 33.8564], [132.1166, 33.8563], [132.1165, 33.856], [132.1173, 33.8553], [132.1173, 33.8551], [132.117, 33.8542], [132.1168, 33.8541], [132.1171, 33.8529], [132.1166, 33.852], [132.1166, 33.8515], [132.1164, 33.8514], [132.1167, 33.8505], [132.1162, 33.8501], [132.1165, 33.8501], [132.1167, 33.8504], [132.1168, 33.8511], [132.1172, 33.8508], [132.118, 33.8506], [132.1183, 33.8503], [132.1184, 33.8496], [132.1182, 33.8491], [132.1185, 33.8485], [132.1181, 33.8467], [132.1166, 33.8443], [132.1167, 33.8439], [132.1164, 33.8432], [132.1168, 33.8428], [132.1167, 33.8421], [132.1163, 33.8414], [132.1155, 33.8411], [132.1157, 33.84], [132.1156, 33.8397], [132.1157, 33.84], [132.1156, 33.8411], [132.1162, 33.8413], [132.1163, 33.8399], [132.1167, 33.8399], [132.1168, 33.8395], [132.1159, 33.8388], [132.1169, 33.8395], [132.1175, 33.8395], [132.1178, 33.8387], [132.1177, 33.8382], [132.1171, 33.838], [132.1173, 33.8377], [132.1166, 33.8367], [132.1163, 33.8364], [132.116, 33.8364], [132.1157, 33.8362], [132.1158, 33.8361], [132.1158, 33.8362], [132.116, 33.8363], [132.1168, 33.8364], [132.1171, 33.8359], [132.1169, 33.8358], [132.1171, 33.8359], [132.1173, 33.8357], [132.1171, 33.8357], [132.117, 33.8351], [132.1164, 33.8352], [132.1163, 33.8341], [132.1156, 33.8342], [132.1156, 33.8351], [132.1155, 33.8339], [132.1156, 33.8334], [132.1162, 33.8329], [132.1165, 33.8329], [132.1166, 33.8323], [132.1176, 33.832], [132.1174, 33.8307], [132.1168, 33.8311], [132.1166, 33.8309], [132.1161, 33.831], [132.1153, 33.8313], [132.1143, 33.8313], [132.1134, 33.831], [132.1133, 33.8314], [132.1127, 33.8313], [132.1125, 33.8317], [132.1127, 33.8313], [132.1132, 33.8313], [132.1134, 33.831], [132.1127, 33.831], [132.1124, 33.8311], [132.1124, 33.8312], [132.1115, 33.8314], [132.1114, 33.8315], [132.1116, 33.8317], [132.1113, 33.8316], [132.1111, 33.8323], [132.1116, 33.8324], [132.1122, 33.832], [132.1116, 33.8324], [132.1114, 33.8335], [132.1115, 33.8327], [132.111, 33.8327], [132.1105, 33.834], [132.1107, 33.8341], [132.1105, 33.8341], [132.1105, 33.835], [132.1105, 33.8352], [132.1107, 33.8353], [132.111, 33.8352], [132.1105, 33.8357], [132.11, 33.8356], [132.1097, 33.8359], [132.1099, 33.836], [132.1097, 33.836], [132.1094, 33.8362], [132.1095, 33.8363], [132.1094, 33.8362], [132.1083, 33.8374], [132.108, 33.8374], [132.1069, 33.8364], [132.1061, 33.8369], [132.1068, 33.8364], [132.1068, 33.8357], [132.1061, 33.8359], [132.1067, 33.8357], [132.1066, 33.835], [132.1065, 33.8352], [132.1062, 33.8351], [132.1061, 33.8347], [132.1061, 33.8349], [132.1048, 33.835], [132.1049, 33.8344], [132.1048, 33.8351], [132.1043, 33.8351], [132.104, 33.8355], [132.1043, 33.8357], [132.1042, 33.8358], [132.1044, 33.8358], [132.1042, 33.8358], [132.1039, 33.8357], [132.1042, 33.8359], [132.104, 33.836], [132.1043, 33.8361], [132.1041, 33.8365], [132.1041, 33.8374], [132.1042, 33.8373], [132.1042, 33.8375], [132.1041, 33.8374], [132.104, 33.838], [132.1036, 33.8379], [132.104, 33.838], [132.104, 33.8385], [132.1041, 33.8385], [132.1038, 33.8386], [132.104, 33.8399], [132.1038, 33.842], [132.1047, 33.842], [132.1046, 33.8434], [132.1028, 33.8432], [132.1025, 33.8437], [132.1021, 33.8435], [132.1014, 33.8437], [132.1014, 33.8439], [132.1008, 33.8436], [132.0994, 33.8436], [132.0983, 33.8433], [132.096, 33.8435], [132.0941, 33.8443], [132.0936, 33.8446], [132.0938, 33.8449], [132.0936, 33.8447], [132.0924, 33.8453], [132.0925, 33.8457], [132.0931, 33.8457], [132.0928, 33.8458], [132.0928, 33.8461], [132.0927, 33.8461], [132.0927, 33.8471], [132.0938, 33.8468], [132.0946, 33.8463], [132.0938, 33.8468], [132.0928, 33.8471], [132.0925, 33.848], [132.0921, 33.8482], [132.0917, 33.8488], [132.0913, 33.8482], [132.0904, 33.8478], [132.09, 33.8471], [132.0888, 33.846], [132.0882, 33.8451], [132.0878, 33.8448], [132.0866, 33.8447], [132.0858, 33.8449], [132.0858, 33.845], [132.0848, 33.8448], [132.0847, 33.8451], [132.0847, 33.8448], [132.0839, 33.8447], [132.0834, 33.8449], [132.082, 33.8457], [132.0776, 33.8489], [132.0777, 33.849], [132.0776, 33.8489], [132.0774, 33.8489], [132.0768, 33.8497], [132.077, 33.8506], [132.0775, 33.851], [132.0784, 33.8521], [132.078, 33.8529], [132.0782, 33.8533], [132.0776, 33.8539], [132.077, 33.854], [132.0771, 33.8542], [132.0763, 33.8542], [132.0761, 33.8546], [132.0757, 33.8544], [132.0752, 33.8545], [132.0735, 33.8564], [132.0731, 33.8571], [132.0731, 33.8576], [132.0735, 33.8583], [132.0742, 33.8585], [132.0744, 33.8589], [132.0741, 33.859], [132.0736, 33.8588], [132.0731, 33.8584], [132.0731, 33.8581], [132.0727, 33.8579], [132.0714, 33.8582], [132.0713, 33.8584], [132.0709, 33.8584], [132.0709, 33.8582], [132.0712, 33.858], [132.0713, 33.8576], [132.0717, 33.8575], [132.0721, 33.8571], [132.0722, 33.8563], [132.0722, 33.8554], [132.0709, 33.8539], [132.0692, 33.8534], [132.0692, 33.8532], [132.0682, 33.8524], [132.0681, 33.8515], [132.0684, 33.8509], [132.0685, 33.85], [132.0683, 33.8492], [132.0679, 33.8486], [132.0678, 33.8483], [132.0683, 33.8473], [132.069, 33.8471], [132.0689, 33.8465], [132.0691, 33.8447], [132.0693, 33.8447], [132.0694, 33.844], [132.0697, 33.8439], [132.07, 33.8432], [132.0702, 33.8432], [132.0703, 33.8431], [132.0709, 33.8437], [132.0711, 33.8436], [132.0718, 33.8441], [132.0722, 33.8439], [132.073, 33.844], [132.0732, 33.8433], [132.0728, 33.8428], [132.0732, 33.842], [132.0737, 33.8418], [132.0741, 33.842], [132.0741, 33.8418], [132.0751, 33.8412], [132.0751, 33.8411], [132.0755, 33.8411], [132.0756, 33.8409], [132.0761, 33.8408], [132.0763, 33.8404], [132.0762, 33.84], [132.0766, 33.84], [132.0768, 33.8392], [132.0774, 33.8392], [132.0778, 33.8385], [132.0785, 33.8382], [132.0789, 33.8376], [132.0798, 33.8374], [132.08, 33.8371], [132.0799, 33.837], [132.0809, 33.8364], [132.081, 33.8357], [132.0814, 33.8356], [132.081, 33.8356], [132.0809, 33.8348], [132.0806, 33.8348], [132.0803, 33.8344], [132.0786, 33.8341], [132.0779, 33.8334], [132.0781, 33.8334], [132.0779, 33.8332], [132.0782, 33.8331], [132.0782, 33.8329], [132.0783, 33.8331], [132.0784, 33.8329], [132.0783, 33.8323], [132.0788, 33.8321], [132.0786, 33.8316], [132.0783, 33.8317], [132.0784, 33.8315], [132.0782, 33.8313], [132.0784, 33.8314], [132.0786, 33.8311], [132.079, 33.8311], [132.0792, 33.8308], [132.079, 33.8306], [132.0791, 33.8304], [132.0792, 33.8296], [132.0789, 33.829], [132.079, 33.8288], [132.0788, 33.8281], [132.0784, 33.8274], [132.0778, 33.8273], [132.0768, 33.8277], [132.0761, 33.8276], [132.0762, 33.8273], [132.0768, 33.8272], [132.0772, 33.8268], [132.0772, 33.8266], [132.0769, 33.8266], [132.0768, 33.8264], [132.0763, 33.8264], [132.0762, 33.8261], [132.0765, 33.8258], [132.0764, 33.8253], [132.0755, 33.8247], [132.0747, 33.8247], [132.0743, 33.8244], [132.074, 33.8247], [132.0738, 33.8246], [132.0737, 33.8244], [132.0739, 33.8244], [132.0741, 33.8242], [132.0735, 33.8236], [132.0735, 33.8233], [132.0733, 33.8231], [132.0727, 33.823], [132.0723, 33.8225], [132.072, 33.8225], [132.0718, 33.8223], [132.0712, 33.8226], [132.0704, 33.8227], [132.0704, 33.8225], [132.0701, 33.8224], [132.0703, 33.8224], [132.0704, 33.822], [132.0694, 33.8217], [132.0692, 33.8212], [132.0687, 33.8214], [132.0688, 33.8217], [132.0687, 33.8213], [132.0683, 33.8214], [132.0683, 33.8219], [132.0691, 33.8219], [132.0691, 33.8223], [132.0682, 33.8222], [132.0681, 33.8225], [132.0683, 33.8229], [132.0687, 33.8231], [132.0696, 33.8233], [132.0686, 33.8231], [132.0682, 33.823], [132.0677, 33.8224], [132.0672, 33.8226], [132.0672, 33.8222], [132.0675, 33.8219], [132.0674, 33.8217], [132.0676, 33.8214], [132.0671, 33.8207], [132.0675, 33.8204], [132.0676, 33.8198], [132.0675, 33.8193], [132.0671, 33.819], [132.0667, 33.8189], [132.0663, 33.8191], [132.066, 33.8188], [132.0656, 33.8189], [132.0649, 33.8187], [132.064, 33.8189], [132.0632, 33.8194], [132.0616, 33.8195], [132.0615, 33.8198], [132.0613, 33.8195], [132.0603, 33.8193], [132.0606, 33.8189], [132.0604, 33.8188], [132.06, 33.8188], [132.06, 33.8183], [132.0598, 33.8184], [132.0598, 33.8181], [132.06, 33.8175], [132.0602, 33.8175], [132.0601, 33.8171], [132.0604, 33.817], [132.0603, 33.8167], [132.0605, 33.8166], [132.0606, 33.8161], [132.0609, 33.8156], [132.0604, 33.8151], [132.0597, 33.8149], [132.0592, 33.8149], [132.0589, 33.8155], [132.0582, 33.8155], [132.0585, 33.8149], [132.0587, 33.8149], [132.0586, 33.8147], [132.0591, 33.8145], [132.0584, 33.8145], [132.0583, 33.8141], [132.058, 33.814], [132.0584, 33.8139], [132.058, 33.8139], [132.0578, 33.8136], [132.058, 33.8135], [132.058, 33.8131], [132.0584, 33.8127], [132.058, 33.8126], [132.0583, 33.8121], [132.0581, 33.812], [132.0582, 33.8116], [132.0579, 33.8117], [132.0581, 33.8115], [132.0578, 33.8115], [132.0577, 33.8113], [132.058, 33.8111], [132.0575, 33.8107], [132.0578, 33.8104], [132.058, 33.8103], [132.058, 33.8099], [132.0578, 33.8099], [132.058, 33.8097], [132.0582, 33.8092], [132.0573, 33.8088], [132.0576, 33.8084], [132.0575, 33.8083], [132.0577, 33.8082], [132.0575, 33.808], [132.0579, 33.8076], [132.0577, 33.8075], [132.0583, 33.8072], [132.0593, 33.807], [132.0596, 33.8064], [132.0588, 33.8058], [132.0586, 33.8054], [132.0589, 33.8034], [132.0584, 33.8033], [132.0582, 33.8028], [132.0578, 33.8028], [132.0577, 33.803], [132.057, 33.8027], [132.0571, 33.8026], [132.0565, 33.8019], [132.0569, 33.8015], [132.0569, 33.8012], [132.0567, 33.8009], [132.0561, 33.8009], [132.0558, 33.801], [132.0559, 33.8007], [132.0555, 33.8006], [132.0553, 33.8002], [132.0547, 33.8001], [132.0548, 33.8], [132.0547, 33.7997], [132.055, 33.7995], [132.0552, 33.7992], [132.0544, 33.7983], [132.0541, 33.7982], [132.0536, 33.7983], [132.0531, 33.7982], [132.0527, 33.7985], [132.0526, 33.7982], [132.0523, 33.7982], [132.052, 33.7982], [132.0519, 33.7985], [132.051, 33.7986], [132.0502, 33.7984], [132.0497, 33.7987], [132.0498, 33.7989], [132.0488, 33.7985], [132.0483, 33.7984], [132.0478, 33.7989], [132.0473, 33.799], [132.0469, 33.7989], [132.0472, 33.7977], [132.0467, 33.7969], [132.0465, 33.7969], [132.0458, 33.7967], [132.0454, 33.7965], [132.0455, 33.7962], [132.0453, 33.796], [132.0447, 33.7959], [132.0446, 33.7958], [132.0445, 33.7959], [132.0442, 33.7956], [132.0441, 33.7958], [132.0433, 33.7955], [132.0422, 33.7955], [132.0404, 33.7961], [132.0395, 33.7961], [132.0394, 33.7959], [132.039, 33.7958], [132.0389, 33.7959], [132.0384, 33.7956], [132.0375, 33.7959], [132.0369, 33.7958], [132.0363, 33.7953], [132.0357, 33.7951], [132.0353, 33.7952], [132.0349, 33.795], [132.0349, 33.7952], [132.0348, 33.795], [132.0345, 33.795], [132.0345, 33.7951], [132.0344, 33.795], [132.0338, 33.795], [132.0337, 33.7951], [132.0336, 33.795], [132.0332, 33.7952], [132.0329, 33.7955], [132.0319, 33.7955], [132.0317, 33.7957], [132.0319, 33.7958], [132.0318, 33.796], [132.0314, 33.796], [132.0311, 33.7961], [132.0303, 33.7953], [132.0302, 33.795], [132.0297, 33.795], [132.0292, 33.7947], [132.0281, 33.7947], [132.0279, 33.7944], [132.0281, 33.7941], [132.0279, 33.7941], [132.0282, 33.7937], [132.028, 33.7935], [132.0281, 33.7934], [132.0287, 33.7934], [132.0293, 33.7929], [132.0303, 33.7929], [132.0311, 33.7928], [132.0313, 33.7924], [132.0319, 33.7926], [132.0331, 33.7925], [132.0338, 33.7921], [132.0341, 33.7915], [132.034, 33.7905], [132.0335, 33.7899], [132.0333, 33.789], [132.0325, 33.7888], [132.0326, 33.7885], [132.033, 33.7884], [132.0331, 33.7887], [132.0331, 33.7885], [132.0345, 33.7883], [132.0348, 33.7879], [132.0349, 33.788], [132.0353, 33.7877], [132.0353, 33.7874], [132.0356, 33.7874], [132.0358, 33.787], [132.0363, 33.787], [132.0363, 33.7868], [132.0367, 33.7867], [132.0382, 33.7877], [132.0389, 33.7879], [132.0392, 33.7878], [132.0393, 33.7881], [132.039, 33.7881], [132.0392, 33.7884], [132.039, 33.7888], [132.0402, 33.7897], [132.0408, 33.7898], [132.0408, 33.79], [132.0411, 33.7901], [132.0424, 33.7901], [132.0437, 33.7896], [132.0442, 33.7891], [132.0442, 33.7887], [132.0443, 33.7887], [132.0446, 33.7882], [132.0455, 33.7883], [132.0459, 33.7882], [132.0461, 33.7878], [132.0458, 33.7876], [132.0458, 33.7873], [132.0464, 33.7869], [132.0471, 33.7869], [132.0478, 33.7854], [132.0492, 33.7845], [132.0499, 33.7846], [132.0506, 33.7854], [132.0513, 33.7855], [132.0514, 33.7857], [132.0525, 33.7864], [132.0527, 33.787], [132.0533, 33.7871], [132.0533, 33.787], [132.0539, 33.787], [132.0536, 33.7871], [132.0549, 33.7878], [132.0554, 33.7882], [132.0567, 33.7886], [132.0568, 33.7885], [132.057, 33.7886], [132.0571, 33.7885], [132.0577, 33.7891], [132.058, 33.7902], [132.0576, 33.7905], [132.0578, 33.7908], [132.0569, 33.7914], [132.0566, 33.7921], [132.0568, 33.7932], [132.0566, 33.7921], [132.0564, 33.7925], [132.0563, 33.7923], [132.0567, 33.7917], [132.0561, 33.7917], [132.0561, 33.7916], [132.0556, 33.792], [132.0556, 33.7922], [132.0561, 33.7922], [132.0561, 33.7924], [132.056, 33.7923], [132.0557, 33.7922], [132.0558, 33.7933], [132.0563, 33.7933], [132.0556, 33.7933], [132.0556, 33.7937], [132.0557, 33.7941], [132.0563, 33.7943], [132.0564, 33.7947], [132.0558, 33.7956], [132.056, 33.7961], [132.0564, 33.7965], [132.0573, 33.7968], [132.0573, 33.797], [132.0581, 33.7977], [132.0582, 33.798], [132.0591, 33.7985], [132.0589, 33.7986], [132.0592, 33.7988], [132.059, 33.7991], [132.0592, 33.7992], [132.0589, 33.7995], [132.0593, 33.7996], [132.0587, 33.7997], [132.0584, 33.8004], [132.0587, 33.8011], [132.0589, 33.8013], [132.0589, 33.8017], [132.0603, 33.8024], [132.0614, 33.8024], [132.0624, 33.8027], [132.0633, 33.8027], [132.063, 33.8023], [132.0632, 33.8022], [132.0638, 33.8026], [132.0638, 33.8024], [132.064, 33.8027], [132.0639, 33.8029], [132.0639, 33.803], [132.0642, 33.8028], [132.0645, 33.803], [132.0642, 33.8033], [132.0645, 33.804], [132.0666, 33.8045], [132.0673, 33.804], [132.0678, 33.8042], [132.0682, 33.804], [132.0682, 33.8038], [132.0685, 33.8041], [132.0688, 33.804], [132.0693, 33.8036], [132.0694, 33.8037], [132.0695, 33.8035], [132.0699, 33.8035], [132.07, 33.8032], [132.071, 33.8036], [132.0717, 33.8033], [132.0717, 33.8031], [132.0718, 33.8032], [132.0719, 33.803], [132.0727, 33.803], [132.0726, 33.8032], [132.0728, 33.8033], [132.0729, 33.8037], [132.073, 33.8037], [132.0731, 33.8044], [132.0735, 33.8044], [132.0739, 33.8047], [132.0742, 33.8045], [132.0745, 33.8047], [132.0744, 33.8049], [132.0753, 33.8054], [132.0754, 33.8057], [132.0751, 33.8064], [132.0744, 33.8069], [132.0742, 33.8077], [132.074, 33.8077], [132.0738, 33.8083], [132.0739, 33.8089], [132.0741, 33.809], [132.0738, 33.8092], [132.074, 33.8097], [132.0746, 33.8103], [132.0757, 33.8109], [132.0757, 33.8112], [132.0759, 33.8113], [132.0757, 33.8118], [132.0766, 33.8122], [132.0757, 33.8119], [132.0749, 33.8123], [132.0748, 33.813], [132.0751, 33.8136], [132.0754, 33.8134], [132.0753, 33.8135], [132.0755, 33.8138], [132.0759, 33.814], [132.0761, 33.8132], [132.0757, 33.8131], [132.0762, 33.8132], [132.0759, 33.8141], [132.0761, 33.8143], [132.0785, 33.8153], [132.0796, 33.8156], [132.0819, 33.8159], [132.0825, 33.8157], [132.0843, 33.816], [132.0847, 33.8155], [132.0853, 33.8157], [132.0854, 33.8156], [132.0851, 33.8164], [132.0857, 33.8177], [132.0859, 33.8189], [132.0851, 33.8211], [132.0854, 33.8217], [132.0858, 33.8218], [132.0857, 33.8221], [132.0861, 33.8224], [132.0858, 33.8231], [132.0859, 33.8235], [132.0867, 33.8241], [132.0877, 33.8245], [132.0879, 33.8248], [132.0878, 33.8255], [132.0881, 33.8258], [132.0892, 33.8261], [132.0927, 33.8265], [132.097, 33.8267], [132.0989, 33.8264], [132.1002, 33.8256], [132.1029, 33.8254], [132.1045, 33.8249], [132.1046, 33.8251], [132.1052, 33.8252], [132.106, 33.8249], [132.106, 33.8244], [132.1062, 33.8244], [132.1063, 33.8246], [132.1066, 33.8247], [132.1062, 33.825], [132.1065, 33.8255], [132.1067, 33.8255], [132.1065, 33.8257], [132.1066, 33.8261], [132.1064, 33.8268], [132.1083, 33.8268], [132.1071, 33.8269], [132.1071, 33.8277], [132.1079, 33.8277], [132.1079, 33.8282], [132.1081, 33.8282], [132.108, 33.8272], [132.1081, 33.8282], [132.1087, 33.8285], [132.1095, 33.8285], [132.1097, 33.8283], [132.1097, 33.8286], [132.11, 33.8286], [132.1116, 33.8285], [132.1118, 33.8281], [132.1123, 33.8277], [132.1125, 33.8279], [132.1129, 33.8278], [132.113, 33.8283], [132.1132, 33.8284], [132.1133, 33.8282], [132.1139, 33.8283], [132.1141, 33.828], [132.1146, 33.8281], [132.1148, 33.8278], [132.1151, 33.8277], [132.115, 33.8282], [132.1156, 33.8283], [132.1156, 33.8287], [132.1157, 33.829], [132.1166, 33.8293], [132.1166, 33.8295], [132.117, 33.8295], [132.118, 33.8302], [132.1185, 33.8301], [132.1182, 33.8304], [132.1184, 33.8304], [132.1184, 33.8305], [132.1182, 33.8304], [132.1179, 33.8307], [132.1175, 33.8307], [132.1178, 33.8319], [132.1184, 33.8321], [132.1189, 33.8325], [132.1192, 33.8323], [132.1194, 33.8326], [132.1214, 33.8334], [132.1207, 33.8333], [132.1196, 33.8328], [132.1194, 33.8332], [132.1204, 33.8337], [132.1204, 33.8334], [132.1205, 33.8338], [132.1211, 33.834], [132.1212, 33.8338], [132.121, 33.8342], [132.1215, 33.8345], [132.1244, 33.8351], [132.1252, 33.8351], [132.1256, 33.8348], [132.1264, 33.8347], [132.1264, 33.8344], [132.1267, 33.8346], [132.127, 33.8344], [132.1274, 33.8345], [132.1275, 33.8343], [132.1281, 33.8347], [132.129, 33.8345], [132.1291, 33.8343], [132.1294, 33.8343], [132.1295, 33.8341], [132.1297, 33.8342], [132.1301, 33.8339], [132.1303, 33.8332], [132.1305, 33.8334], [132.1309, 33.8334], [132.1314, 33.8332], [132.1342, 33.8332], [132.1353, 33.8328], [132.1362, 33.8327], [132.1365, 33.8324], [132.1369, 33.8325], [132.1368, 33.8323], [132.1377, 33.8322], [132.1385, 33.8317], [132.1391, 33.8317], [132.1397, 33.832], [132.1397, 33.8317], [132.14, 33.832], [132.1398, 33.8321], [132.14, 33.8324], [132.1402, 33.8324], [132.1402, 33.8325], [132.1413, 33.8328], [132.1415, 33.8326], [132.1415, 33.8328], [132.1425, 33.8329], [132.1427, 33.8328], [132.1426, 33.8329], [132.1437, 33.8332], [132.1445, 33.8337], [132.1447, 33.8339], [132.1446, 33.8355], [132.1453, 33.8361], [132.1449, 33.8359], [132.1447, 33.8363], [132.1448, 33.8366], [132.1452, 33.8364], [132.1448, 33.8366], [132.1455, 33.8374], [132.147, 33.8382], [132.1469, 33.8389], [132.1467, 33.8391], [132.147, 33.8389], [132.147, 33.8382], [132.1483, 33.8385], [132.1486, 33.8385], [132.1485, 33.839], [132.1493, 33.8396], [132.1495, 33.8401], [132.1502, 33.8405], [132.1506, 33.8415], [132.151, 33.842], [132.1525, 33.8432], [132.1501, 33.8469], [132.1477, 33.8478], [132.1456, 33.8495], [132.1435, 33.8507], [132.1431, 33.8513], [132.1423, 33.8532], [132.141, 33.8529], [132.1401, 33.8529], [132.1375, 33.8536], [132.1374, 33.8543], [132.1369, 33.8548], [132.1366, 33.8556], [132.136, 33.8564], [132.1358, 33.8575], [132.1349, 33.8599], [132.1344, 33.8603], [132.1333, 33.862]]], [[[132.1236, 33.8336], [132.1235, 33.8337], [132.1228, 33.8335], [132.1229, 33.8333], [132.1236, 33.8336]]], [[[132.122, 33.8336], [132.1215, 33.8337], [132.122, 33.8334], [132.122, 33.8336]]], [[[132.1256, 33.8341], [132.1255, 33.8343], [132.1247, 33.834], [132.1248, 33.8339], [132.1256, 33.8341]]], [[[132.1245, 33.8339], [132.1244, 33.834], [132.1238, 33.8338], [132.1238, 33.8336], [132.1245, 33.8339]]], [[[132.1042, 33.8448], [132.1042, 33.845], [132.1029, 33.8445], [132.1028, 33.8448], [132.1025, 33.8446], [132.103, 33.8442], [132.1029, 33.8439], [132.1031, 33.8438], [132.1033, 33.8442], [132.1036, 33.8445], [132.1041, 33.8445], [132.1042, 33.8448]]], [[[132.1202, 33.8233], [132.1193, 33.8238], [132.1187, 33.8235], [132.118, 33.822], [132.1186, 33.8212], [132.118, 33.8209], [132.1178, 33.8204], [132.1172, 33.8203], [132.1173, 33.8202], [132.1169, 33.82], [132.1169, 33.8199], [132.1165, 33.8197], [132.1165, 33.8196], [132.1173, 33.8192], [132.1171, 33.8191], [132.1172, 33.8189], [132.1177, 33.8192], [132.1176, 33.819], [132.1184, 33.8191], [132.1193, 33.8189], [132.1193, 33.8191], [132.1195, 33.8189], [132.1197, 33.8187], [132.1196, 33.8182], [132.1199, 33.8176], [132.1197, 33.8176], [132.1197, 33.8174], [132.1203, 33.817], [132.12, 33.8168], [132.1202, 33.8163], [132.1199, 33.8157], [132.1201, 33.8147], [132.1197, 33.8141], [132.12, 33.8139], [132.12, 33.8136], [132.1195, 33.8128], [132.1181, 33.8121], [132.1179, 33.8113], [132.1181, 33.8114], [132.1183, 33.8111], [132.1187, 33.8115], [132.1195, 33.8117], [132.1204, 33.8123], [132.121, 33.8124], [132.1209, 33.8126], [132.1212, 33.8129], [132.1211, 33.813], [132.1213, 33.8137], [132.1221, 33.8149], [132.1222, 33.8155], [132.1225, 33.8163], [132.1222, 33.8185], [132.1221, 33.8187], [132.1217, 33.8187], [132.1216, 33.8198], [132.1209, 33.8204], [132.1211, 33.821], [132.1209, 33.8214], [132.1211, 33.8219], [132.1202, 33.8233]]], [[[132.0429, 33.826], [132.0423, 33.8261], [132.0419, 33.8258], [132.0423, 33.8255], [132.0433, 33.8255], [132.0429, 33.826]]], [[[132.0398, 33.8253], [132.0397, 33.8256], [132.0394, 33.8255], [132.0396, 33.8253], [132.0398, 33.8253]]], [[[132.0386, 33.8238], [132.0383, 33.8241], [132.0373, 33.8238], [132.0373, 33.8236], [132.0376, 33.8233], [132.0383, 33.8236], [132.0385, 33.8235], [132.0386, 33.8238]]], [[[132.0412, 33.826], [132.0402, 33.8263], [132.0392, 33.8259], [132.0394, 33.8258], [132.0402, 33.8256], [132.041, 33.8257], [132.0412, 33.8259], [132.0417, 33.8257], [132.0414, 33.8261], [132.0412, 33.826]]], [[[132.0292, 33.7871], [132.0288, 33.7872], [132.0291, 33.787], [132.0295, 33.7871], [132.0292, 33.7871]]], [[[132.0287, 33.7859], [132.0285, 33.7862], [132.0282, 33.7863], [132.028, 33.7861], [132.0276, 33.786], [132.0276, 33.7858], [132.0273, 33.7859], [132.0268, 33.7858], [132.0261, 33.7853], [132.0254, 33.7853], [132.0253, 33.7851], [132.024, 33.7853], [132.0236, 33.7851], [132.0236, 33.7849], [132.0228, 33.7848], [132.0223, 33.7844], [132.0225, 33.7844], [132.0228, 33.7841], [132.0239, 33.7839], [132.0244, 33.7843], [132.0245, 33.7842], [132.0246, 33.7838], [132.0249, 33.7838], [132.0251, 33.7841], [132.025, 33.7845], [132.0256, 33.7846], [132.0259, 33.7844], [132.0269, 33.785], [132.0272, 33.7854], [132.0274, 33.7853], [132.0276, 33.7856], [132.0279, 33.7857], [132.0282, 33.7856], [132.028, 33.7856], [132.0281, 33.7855], [132.0285, 33.7854], [132.0284, 33.7858], [132.0287, 33.7859]]], [[[132.0527, 33.7796], [132.0518, 33.7795], [132.0519, 33.7793], [132.0517, 33.7793], [132.0517, 33.779], [132.0513, 33.7789], [132.0517, 33.7784], [132.0514, 33.778], [132.0516, 33.7778], [132.0519, 33.7779], [132.0521, 33.7771], [132.0518, 33.7765], [132.0514, 33.7764], [132.0514, 33.7762], [132.0511, 33.7761], [132.051, 33.7758], [132.0512, 33.7758], [132.0513, 33.7756], [132.051, 33.7751], [132.0505, 33.7749], [132.0493, 33.7753], [132.0476, 33.7752], [132.0474, 33.7753], [132.0473, 33.7751], [132.0477, 33.7748], [132.0477, 33.7738], [132.0488, 33.7735], [132.0489, 33.7733], [132.0491, 33.7734], [132.0498, 33.773], [132.0502, 33.7727], [132.0506, 33.772], [132.0511, 33.7719], [132.051, 33.7718], [132.0512, 33.7717], [132.0512, 33.7718], [132.0514, 33.7717], [132.0515, 33.772], [132.0516, 33.7717], [132.0518, 33.7719], [132.052, 33.7719], [132.0518, 33.7721], [132.0519, 33.7723], [132.0521, 33.7723], [132.052, 33.7724], [132.0521, 33.7724], [132.0524, 33.7729], [132.0527, 33.7729], [132.0525, 33.7732], [132.0528, 33.7732], [132.0526, 33.7733], [132.0525, 33.7738], [132.0528, 33.7745], [132.0537, 33.7751], [132.054, 33.775], [132.0541, 33.7752], [132.0543, 33.775], [132.0544, 33.7752], [132.0545, 33.7751], [132.0547, 33.7754], [132.0549, 33.7754], [132.0546, 33.7754], [132.0546, 33.7758], [132.0543, 33.7759], [132.0542, 33.7765], [132.0547, 33.7764], [132.0543, 33.7767], [132.0545, 33.7768], [132.0542, 33.7769], [132.0544, 33.7769], [132.0534, 33.7773], [132.0528, 33.7779], [132.0528, 33.7789], [132.0531, 33.7792], [132.0529, 33.7792], [132.053, 33.7793], [132.0527, 33.7796]]], [[[132.0144, 33.7329], [132.0138, 33.7328], [132.0137, 33.7326], [132.0139, 33.7326], [132.0135, 33.7323], [132.0136, 33.7319], [132.014, 33.732], [132.014, 33.7323], [132.0144, 33.7329]]], [[[131.9724, 33.798], [131.972, 33.7983], [131.9718, 33.798], [131.9713, 33.7979], [131.9695, 33.7982], [131.9674, 33.798], [131.965, 33.7963], [131.9624, 33.7947], [131.9615, 33.793], [131.9611, 33.791], [131.9617, 33.788], [131.9616, 33.7871], [131.9621, 33.7867], [131.9622, 33.7864], [131.9621, 33.7862], [131.9624, 33.7864], [131.9631, 33.7855], [131.963, 33.7854], [131.963, 33.785], [131.9629, 33.785], [131.9615, 33.7822], [131.9594, 33.7811], [131.9585, 33.7808], [131.9563, 33.7811], [131.9542, 33.7818], [131.9523, 33.7823], [131.9515, 33.7823], [131.9494, 33.7818], [131.9483, 33.7812], [131.9472, 33.7809], [131.9469, 33.7807], [131.9481, 33.7793], [131.9482, 33.7788], [131.9479, 33.7785], [131.948, 33.7783], [131.9483, 33.7784], [131.9483, 33.7781], [131.9485, 33.7781], [131.9487, 33.7779], [131.9489, 33.7764], [131.9488, 33.776], [131.9485, 33.7761], [131.9484, 33.7759], [131.9489, 33.7758], [131.9505, 33.7731], [131.9504, 33.7728], [131.9506, 33.7728], [131.9507, 33.7726], [131.9518, 33.7718], [131.952, 33.7713], [131.9524, 33.7714], [131.953, 33.7712], [131.9532, 33.771], [131.9534, 33.771], [131.9539, 33.7707], [131.9541, 33.7708], [131.9563, 33.7705], [131.9574, 33.7701], [131.9574, 33.7698], [131.9578, 33.7698], [131.9577, 33.7696], [131.958, 33.7696], [131.9583, 33.7697], [131.96, 33.7689], [131.9621, 33.7684], [131.9638, 33.7686], [131.9641, 33.7685], [131.9644, 33.7688], [131.9648, 33.7688], [131.9656, 33.7691], [131.9682, 33.7709], [131.9696, 33.7715], [131.97, 33.7719], [131.9707, 33.7721], [131.971, 33.7721], [131.9708, 33.7722], [131.9712, 33.7725], [131.9722, 33.7727], [131.9725, 33.7725], [131.9725, 33.7727], [131.9728, 33.7728], [131.973, 33.7735], [131.9734, 33.7735], [131.9733, 33.7737], [131.9741, 33.7742], [131.9763, 33.7744], [131.9764, 33.7743], [131.9768, 33.7745], [131.9788, 33.7748], [131.9791, 33.7746], [131.9796, 33.7747], [131.9817, 33.7754], [131.9821, 33.7754], [131.9821, 33.7753], [131.9823, 33.7754], [131.9825, 33.7752], [131.9828, 33.7761], [131.9831, 33.7763], [131.9842, 33.7768], [131.9846, 33.7767], [131.985, 33.7768], [131.9849, 33.777], [131.9852, 33.7772], [131.9881, 33.7785], [131.9905, 33.7793], [131.9926, 33.7796], [131.9931, 33.7799], [131.9935, 33.7798], [131.9936, 33.78], [131.9933, 33.7801], [131.9932, 33.7806], [131.9927, 33.7808], [131.9922, 33.7816], [131.9917, 33.7821], [131.9911, 33.7833], [131.9915, 33.7835], [131.9919, 33.7842], [131.992, 33.7856], [131.9918, 33.7842], [131.9914, 33.7835], [131.9911, 33.7834], [131.9907, 33.784], [131.9906, 33.7846], [131.9914, 33.7845], [131.9909, 33.7846], [131.9908, 33.7853], [131.9916, 33.785], [131.9911, 33.7853], [131.9912, 33.7859], [131.9913, 33.786], [131.9919, 33.786], [131.9912, 33.7861], [131.9909, 33.7866], [131.991, 33.7868], [131.9909, 33.7867], [131.9903, 33.7873], [131.9903, 33.7877], [131.988, 33.7882], [131.9897, 33.7878], [131.9896, 33.7874], [131.9883, 33.7877], [131.9892, 33.7875], [131.9892, 33.7873], [131.9884, 33.7873], [131.9883, 33.7875], [131.9883, 33.7873], [131.988, 33.7874], [131.9881, 33.7877], [131.9879, 33.7874], [131.9876, 33.7875], [131.9877, 33.7877], [131.9876, 33.7875], [131.9872, 33.7878], [131.9869, 33.7879], [131.9871, 33.7883], [131.9879, 33.7878], [131.988, 33.7879], [131.9871, 33.7884], [131.9869, 33.788], [131.9863, 33.7883], [131.9857, 33.7891], [131.9863, 33.789], [131.9869, 33.7886], [131.9865, 33.789], [131.9871, 33.7893], [131.9865, 33.789], [131.9857, 33.7893], [131.9847, 33.7904], [131.9805, 33.7935], [131.9779, 33.7959], [131.9764, 33.7968], [131.9738, 33.7979], [131.9724, 33.798]]], [[[131.9345, 33.7947], [131.9343, 33.7949], [131.9339, 33.7946], [131.9335, 33.7947], [131.9324, 33.7939], [131.9313, 33.7936], [131.9314, 33.7938], [131.9311, 33.7936], [131.9308, 33.7928], [131.9309, 33.7926], [131.9312, 33.7927], [131.9311, 33.7924], [131.9316, 33.792], [131.9314, 33.7919], [131.9317, 33.7906], [131.931, 33.7902], [131.9308, 33.7896], [131.9315, 33.7892], [131.9317, 33.7892], [131.9319, 33.7884], [131.9328, 33.7883], [131.9329, 33.7886], [131.9332, 33.7887], [131.9337, 33.7886], [131.934, 33.7882], [131.9342, 33.7884], [131.9345, 33.7883], [131.9346, 33.7885], [131.9347, 33.7884], [131.935, 33.7883], [131.935, 33.7881], [131.9353, 33.7881], [131.9354, 33.7877], [131.9357, 33.7875], [131.9367, 33.7873], [131.9369, 33.7874], [131.9379, 33.7871], [131.938, 33.7869], [131.9387, 33.7869], [131.939, 33.7871], [131.9391, 33.7875], [131.9397, 33.7878], [131.9396, 33.7879], [131.9398, 33.7879], [131.9398, 33.7881], [131.9403, 33.7883], [131.9399, 33.7911], [131.9395, 33.792], [131.9386, 33.7924], [131.938, 33.7929], [131.9368, 33.7934], [131.9357, 33.7943], [131.9349, 33.7947], [131.9345, 33.7947]]], [[[132.0143, 33.733], [132.0146, 33.7332], [132.015, 33.7337], [132.0143, 33.7337], [132.0139, 33.7335], [132.0138, 33.733], [132.0143, 33.733]]], [[[132.0311, 33.7402], [132.0299, 33.74], [132.0297, 33.7398], [132.0298, 33.7396], [132.0297, 33.7393], [132.0292, 33.7391], [132.0291, 33.7393], [132.0286, 33.739], [132.028, 33.7392], [132.028, 33.7394], [132.0277, 33.7394], [132.0276, 33.7392], [132.0265, 33.7389], [132.0267, 33.7387], [132.0265, 33.7386], [132.0267, 33.7386], [132.0267, 33.7383], [132.025, 33.737], [132.0253, 33.7367], [132.0251, 33.7365], [132.0253, 33.7364], [132.0239, 33.7361], [132.0238, 33.736], [132.0231, 33.7359], [132.0231, 33.7357], [132.0248, 33.7356], [132.025, 33.7358], [132.0249, 33.7358], [132.0256, 33.7361], [132.0257, 33.7363], [132.0255, 33.7363], [132.0259, 33.7364], [132.0262, 33.7363], [132.0262, 33.7365], [132.0265, 33.7363], [132.0266, 33.7366], [132.0266, 33.7364], [132.0273, 33.7366], [132.0274, 33.7365], [132.0277, 33.7366], [132.0279, 33.7363], [132.0283, 33.7364], [132.0283, 33.7363], [132.0284, 33.7364], [132.0287, 33.7362], [132.0286, 33.736], [132.0288, 33.7359], [132.0299, 33.7362], [132.03, 33.7364], [132.0296, 33.7365], [132.03, 33.7368], [132.0299, 33.7369], [132.0302, 33.737], [132.0301, 33.7373], [132.0305, 33.7375], [132.0308, 33.7372], [132.0312, 33.7373], [132.0313, 33.7381], [132.031, 33.7381], [132.0309, 33.7386], [132.0311, 33.7395], [132.031, 33.7395], [132.031, 33.7398], [132.0311, 33.7402]]], [[[132.1518, 33.7637], [132.1519, 33.7638], [132.1507, 33.7637], [132.1494, 33.7629], [132.1492, 33.7626], [132.1494, 33.7626], [132.1494, 33.7622], [132.1496, 33.7621], [132.1495, 33.7621], [132.1496, 33.7621], [132.1497, 33.7614], [132.1494, 33.7611], [132.1497, 33.7608], [132.1496, 33.7602], [132.1494, 33.7602], [132.1495, 33.7599], [132.1489, 33.7592], [132.1482, 33.759], [132.1483, 33.7589], [132.1481, 33.7587], [132.1482, 33.7583], [132.1479, 33.7578], [132.1471, 33.7577], [132.1472, 33.7572], [132.1468, 33.7565], [132.1467, 33.756], [132.146, 33.7554], [132.1461, 33.7547], [132.1458, 33.754], [132.1452, 33.7537], [132.1443, 33.7536], [132.1439, 33.7538], [132.1438, 33.7541], [132.1441, 33.7546], [132.1439, 33.7543], [132.1435, 33.7543], [132.1434, 33.7545], [132.1433, 33.7539], [132.1435, 33.754], [132.1438, 33.7538], [132.1439, 33.7534], [132.1436, 33.7533], [132.1435, 33.7528], [132.1439, 33.7527], [132.144, 33.752], [132.1434, 33.7501], [132.1428, 33.7497], [132.1425, 33.7492], [132.1417, 33.7488], [132.1416, 33.7483], [132.1412, 33.7481], [132.1409, 33.7476], [132.1401, 33.7472], [132.1401, 33.747], [132.1403, 33.7468], [132.1401, 33.7466], [132.1394, 33.7467], [132.1392, 33.7465], [132.1397, 33.7462], [132.139, 33.7457], [132.1402, 33.7458], [132.1407, 33.745], [132.1407, 33.7437], [132.141, 33.743], [132.141, 33.7424], [132.1405, 33.7413], [132.14, 33.7411], [132.1401, 33.7411], [132.1402, 33.7408], [132.1405, 33.7396], [132.1402, 33.7393], [132.1404, 33.7393], [132.1402, 33.739], [132.1405, 33.7388], [132.1412, 33.7389], [132.1417, 33.7388], [132.1417, 33.7387], [132.1442, 33.7387], [132.1448, 33.7384], [132.1452, 33.7378], [132.1456, 33.7353], [132.1452, 33.7316], [132.1449, 33.7305], [132.1439, 33.7295], [132.143, 33.7293], [132.143, 33.7296], [132.143, 33.7293], [132.1428, 33.7293], [132.1428, 33.7295], [132.1428, 33.7293], [132.1426, 33.7293], [132.1426, 33.7294], [132.1416, 33.7295], [132.1418, 33.7301], [132.1423, 33.7298], [132.1428, 33.7299], [132.1423, 33.7299], [132.1418, 33.7301], [132.1423, 33.7308], [132.1414, 33.7296], [132.1382, 33.7294], [132.1363, 33.7287], [132.1353, 33.7282], [132.1334, 33.727], [132.133, 33.7265], [132.1327, 33.7257], [132.1322, 33.7253], [132.1318, 33.7235], [132.131, 33.7225], [132.1307, 33.7218], [132.1301, 33.7213], [132.1298, 33.7213], [132.1295, 33.721], [132.1286, 33.7209], [132.1282, 33.7205], [132.1279, 33.7206], [132.128, 33.7204], [132.1277, 33.7202], [132.1275, 33.7197], [132.1272, 33.7195], [132.1267, 33.7195], [132.1271, 33.7194], [132.1271, 33.7192], [132.1268, 33.7191], [132.1271, 33.719], [132.1269, 33.719], [132.1271, 33.7189], [132.1273, 33.7181], [132.1284, 33.7173], [132.1287, 33.7168], [132.1286, 33.7166], [132.1288, 33.7165], [132.1289, 33.7166], [132.1297, 33.7159], [132.1297, 33.7157], [132.1298, 33.7158], [132.1308, 33.7151], [132.1311, 33.7146], [132.1313, 33.7148], [132.1323, 33.714], [132.133, 33.7138], [132.1332, 33.7134], [132.1339, 33.7132], [132.1341, 33.713], [132.1345, 33.7134], [132.1354, 33.7135], [132.1359, 33.7138], [132.1361, 33.7137], [132.1361, 33.7139], [132.1372, 33.7146], [132.1372, 33.7148], [132.139, 33.7153], [132.139, 33.7155], [132.1393, 33.7157], [132.1391, 33.716], [132.1392, 33.7164], [132.1399, 33.7172], [132.1419, 33.7185], [132.143, 33.7189], [132.1458, 33.7191], [132.1461, 33.7194], [132.1472, 33.7196], [132.148, 33.7201], [132.1481, 33.7201], [132.1488, 33.7207], [132.1495, 33.7211], [132.1494, 33.7213], [132.15, 33.7218], [132.15, 33.722], [132.1504, 33.7224], [132.1532, 33.7276], [132.1534, 33.7284], [132.1532, 33.7288], [132.1512, 33.7298], [132.1503, 33.7306], [132.1493, 33.7318], [132.1482, 33.7337], [132.1468, 33.7371], [132.1463, 33.7398], [132.1464, 33.7407], [132.1468, 33.7409], [132.1469, 33.7413], [132.1467, 33.7416], [132.1468, 33.7422], [132.1472, 33.7427], [132.1476, 33.7429], [132.1475, 33.7431], [132.148, 33.7437], [132.1485, 33.7441], [132.1483, 33.7449], [132.1491, 33.7465], [132.15, 33.7473], [132.1517, 33.748], [132.1522, 33.7487], [132.1521, 33.7492], [132.1517, 33.7496], [132.1514, 33.75], [132.151, 33.75], [132.1491, 33.7507], [132.1485, 33.7514], [132.148, 33.7526], [132.1478, 33.7532], [132.1479, 33.7534], [132.1476, 33.7533], [132.1468, 33.7535], [132.1464, 33.7544], [132.1473, 33.7562], [132.1476, 33.7565], [132.1479, 33.7564], [132.1478, 33.7568], [132.1483, 33.7576], [132.1498, 33.7589], [132.1503, 33.7589], [132.1502, 33.7592], [132.1504, 33.7593], [132.1502, 33.7594], [132.1504, 33.7598], [132.1515, 33.7613], [132.1513, 33.7624], [132.1518, 33.7637]]]]}, "properties": {"name": "山口県上関町"}}, {"type": "Feature", "geometry": {"type": "MultiPolygon", "coordinates": [[[[132.0537, 34.012], [132.0539, 34.0116], [132.0539, 34.0107], [132.055, 34.0096], [132.0556, 34.0094], [132.0562, 34.0096], [132.0567, 34.0103], [132.0571, 34.0115], [132.0573, 34.0116], [132.0576, 34.0115], [132.0579, 34.0111], [132.0579, 34.0105], [132.0581, 34.01], [132.0577, 34.0092], [132.0576, 34.0088], [132.0578, 34.0086], [132.0583, 34.0087], [132.0581, 34.0084], [132.0566, 34.0076], [132.0563, 34.0069], [132.0547, 34.0071], [132.0535, 34.006], [132.0537, 34.005], [132.0532, 34.003], [132.0544, 34.0023], [132.0543, 34.0016], [132.0546, 34.0003], [132.0548, 34.0001], [132.0557, 34], [132.0562, 33.9993], [132.0577, 33.9994], [132.0589, 33.9993], [132.0593, 33.9986], [132.0597, 33.9982], [132.0605, 33.9985], [132.0612, 33.9983], [132.0614, 33.9981], [132.0615, 33.9967], [132.062, 33.9966], [132.0624, 33.9971], [132.064, 33.9968], [132.0646, 33.9971], [132.0652, 33.9978], [132.065, 33.9984], [132.0654, 33.9991], [132.0655, 33.9999], [132.0657, 34.0004], [132.0656, 34.0009], [132.066, 34.0012], [132.0663, 34.0024], [132.0657, 34.003], [132.0659, 34.0043], [132.0666, 34.0047], [132.067, 34.0053], [132.0674, 34.0056], [132.0674, 34.006], [132.068, 34.007], [132.0679, 34.0075], [132.0684, 34.0077], [132.0695, 34.0095], [132.0698, 34.0096], [132.0716, 34.0097], [132.0716, 34.0099], [132.0706, 34.0107], [132.0704, 34.0116], [132.0705, 34.0121], [132.0711, 34.0125], [132.0713, 34.0148], [132.0717, 34.0148], [132.072, 34.0151], [132.0728, 34.0159], [132.0726, 34.0163], [132.0728, 34.0164], [132.0729, 34.0167], [132.0735, 34.0169], [132.073, 34.0173], [132.0716, 34.0173], [132.0712, 34.0178], [132.0698, 34.0186], [132.0696, 34.0192], [132.0686, 34.0196], [132.0686, 34.0199], [132.0694, 34.0198], [132.0694, 34.02], [132.0688, 34.0199], [132.068, 34.0225], [132.067, 34.0199], [132.0668, 34.0203], [132.066, 34.0203], [132.0648, 34.0195], [132.0638, 34.0196], [132.0631, 34.0194], [132.0622, 34.0189], [132.0607, 34.0186], [132.0605, 34.0163], [132.0608, 34.0156], [132.0602, 34.0149], [132.0602, 34.0147], [132.0606, 34.0137], [132.0606, 34.0135], [132.0601, 34.0132], [132.0599, 34.0135], [132.0588, 34.0132], [132.0587, 34.0134], [132.0591, 34.0136], [132.0587, 34.0142], [132.0583, 34.0141], [132.0584, 34.0138], [132.0582, 34.0142], [132.0576, 34.0143], [132.0567, 34.0135], [132.0562, 34.0135], [132.0561, 34.0139], [132.0557, 34.0138], [132.0555, 34.0135], [132.0548, 34.0135], [132.0547, 34.0137], [132.0544, 34.0135], [132.054, 34.0123], [132.0537, 34.012]]], [[[132.024, 33.9021], [132.0251, 33.9018], [132.0264, 33.902], [132.0272, 33.9028], [132.0274, 33.9045], [132.029, 33.9058], [132.0292, 33.9058], [132.0303, 33.907], [132.0324, 33.9075], [132.0329, 33.908], [132.0335, 33.9082], [132.0373, 33.9089], [132.0386, 33.9098], [132.0393, 33.91], [132.0395, 33.9105], [132.0398, 33.9103], [132.0397, 33.9104], [132.0405, 33.9112], [132.0411, 33.9112], [132.0425, 33.9116], [132.0432, 33.9115], [132.0436, 33.9119], [132.0441, 33.9114], [132.0446, 33.9118], [132.0441, 33.9115], [132.0437, 33.9119], [132.0446, 33.9124], [132.0451, 33.9123], [132.0448, 33.9119], [132.0451, 33.9122], [132.0453, 33.9125], [132.0448, 33.9128], [132.0455, 33.9136], [132.0457, 33.9135], [132.0455, 33.9138], [132.0459, 33.914], [132.0456, 33.9139], [132.0455, 33.9141], [132.0462, 33.9145], [132.0463, 33.9143], [132.0461, 33.9141], [132.0463, 33.9143], [132.0462, 33.9145], [132.0468, 33.9148], [132.0471, 33.9145], [132.0469, 33.915], [132.0474, 33.9152], [132.0476, 33.9149], [132.0476, 33.9151], [132.0481, 33.9153], [132.0477, 33.916], [132.0478, 33.9161], [132.0485, 33.915], [132.0519, 33.9158], [132.053, 33.9159], [132.053, 33.9167], [132.0519, 33.9167], [132.0529, 33.9169], [132.0529, 33.9171], [132.053, 33.9171], [132.0528, 33.9176], [132.053, 33.918], [132.0528, 33.9187], [132.053, 33.9188], [132.0528, 33.9188], [132.0525, 33.9195], [132.0522, 33.9195], [132.0512, 33.92], [132.0519, 33.9197], [132.0524, 33.9198], [132.0526, 33.9219], [132.053, 33.922], [132.0527, 33.9219], [132.0526, 33.9222], [132.0524, 33.9224], [132.0514, 33.9226], [132.0515, 33.9229], [132.0531, 33.9223], [132.0531, 33.9222], [132.0532, 33.9223], [132.0542, 33.9219], [132.0556, 33.9212], [132.0556, 33.9213], [132.0543, 33.922], [132.0557, 33.924], [132.0543, 33.9254], [132.0522, 33.9268], [132.0522, 33.9269], [132.0523, 33.9271], [132.0528, 33.927], [132.0531, 33.9271], [132.055, 33.9291], [132.0551, 33.929], [132.0531, 33.927], [132.053, 33.9267], [132.0555, 33.9245], [132.0559, 33.9243], [132.0563, 33.9246], [132.0577, 33.9264], [132.0569, 33.928], [132.0567, 33.9289], [132.0561, 33.9297], [132.0562, 33.9302], [132.0548, 33.9321], [132.0552, 33.9319], [132.0553, 33.9315], [132.0563, 33.9302], [132.0563, 33.9305], [132.0554, 33.9316], [132.0557, 33.9318], [132.0554, 33.9316], [132.0564, 33.9305], [132.0562, 33.9297], [132.0568, 33.929], [132.0572, 33.9279], [132.0575, 33.9279], [132.0569, 33.9289], [132.0573, 33.9283], [132.0578, 33.9283], [132.0581, 33.9286], [132.0588, 33.9286], [132.0604, 33.9292], [132.0609, 33.93], [132.0616, 33.9301], [132.062, 33.931], [132.062, 33.9329], [132.0617, 33.9347], [132.0618, 33.9368], [132.0624, 33.9372], [132.0616, 33.9393], [132.0616, 33.9432], [132.0604, 33.9476], [132.0597, 33.9488], [132.059, 33.9494], [132.0585, 33.9501], [132.0583, 33.9512], [132.0586, 33.9521], [132.0581, 33.9525], [132.0579, 33.9528], [132.058, 33.9531], [132.0582, 33.9534], [132.0598, 33.9538], [132.0601, 33.9544], [132.06, 33.9548], [132.0594, 33.9554], [132.06, 33.9566], [132.0593, 33.9577], [132.0589, 33.958], [132.0578, 33.9582], [132.0572, 33.9586], [132.0572, 33.961], [132.0575, 33.9617], [132.0599, 33.9639], [132.0638, 33.9652], [132.0625, 33.9724], [132.0619, 33.978], [132.0617, 33.9786], [132.0619, 33.9787], [132.0614, 33.9829], [132.061, 33.9836], [132.0612, 33.9851], [132.0607, 33.9856], [132.0611, 33.986], [132.0615, 33.987], [132.0621, 33.9877], [132.0625, 33.9888], [132.063, 33.9895], [132.0629, 33.9899], [132.0624, 33.991], [132.062, 33.9911], [132.0604, 33.9907], [132.0591, 33.9899], [132.0582, 33.9901], [132.0565, 33.9897], [132.0555, 33.9898], [132.0541, 33.9887], [132.0534, 33.9878], [132.0527, 33.988], [132.051, 33.9874], [132.0507, 33.9866], [132.0507, 33.9858], [132.0514, 33.9853], [132.0511, 33.9851], [132.0504, 33.985], [132.0492, 33.9852], [132.0473, 33.9849], [132.0464, 33.9846], [132.0456, 33.9846], [132.0453, 33.9848], [132.0451, 33.9853], [132.0439, 33.9859], [132.0429, 33.9851], [132.0428, 33.9842], [132.0416, 33.9842], [132.04, 33.9837], [132.0385, 33.9838], [132.0377, 33.9837], [132.037, 33.9844], [132.0359, 33.984], [132.0349, 33.9844], [132.0328, 33.9847], [132.032, 33.9853], [132.0305, 33.9852], [132.0296, 33.9854], [132.0288, 33.9859], [132.0286, 33.9858], [132.029, 33.9851], [132.0292, 33.9844], [132.0279, 33.9844], [132.0273, 33.9852], [132.0259, 33.9858], [132.0244, 33.9873], [132.0235, 33.9874], [132.0223, 33.9879], [132.0205, 33.9873], [132.0193, 33.9875], [132.0177, 33.9855], [132.0165, 33.9856], [132.015, 33.9844], [132.0148, 33.984], [132.0152, 33.9833], [132.014, 33.9829], [132.0133, 33.9834], [132.0128, 33.9833], [132.012, 33.9824], [132.0121, 33.9812], [132.0115, 33.9798], [132.0114, 33.9792], [132.0087, 33.9788], [132.0091, 33.9783], [132.0086, 33.9782], [132.0082, 33.9778], [132.0086, 33.9777], [132.009, 33.9768], [132.01, 33.9766], [132.0107, 33.9767], [132.0113, 33.9762], [132.0115, 33.9767], [132.0118, 33.9769], [132.0127, 33.9771], [132.0127, 33.9769], [132.0114, 33.9757], [132.0115, 33.9747], [132.0122, 33.9743], [132.0121, 33.9738], [132.0116, 33.9733], [132.0115, 33.9727], [132.0101, 33.9736], [132.0099, 33.9735], [132.0092, 33.9742], [132.0082, 33.9728], [132.008, 33.9719], [132.0076, 33.9711], [132.0066, 33.9712], [132.0066, 33.9719], [132.0063, 33.9723], [132.0072, 33.9732], [132.0077, 33.9734], [132.0076, 33.9742], [132.0082, 33.9739], [132.0085, 33.9742], [132.0081, 33.9747], [132.0072, 33.974], [132.0062, 33.9724], [132.0046, 33.9714], [132.0045, 33.9713], [132.0039, 33.9711], [132.0004, 33.9709], [132.0001, 33.9707], [131.9991, 33.9696], [131.9981, 33.9696], [131.9976, 33.9688], [131.9969, 33.9682], [131.9968, 33.9674], [131.9969, 33.9667], [131.9973, 33.9663], [131.9978, 33.9651], [131.9977, 33.9644], [131.9971, 33.9638], [131.9962, 33.9635], [131.9958, 33.9628], [131.995, 33.9626], [131.9941, 33.9617], [131.9943, 33.9606], [131.9941, 33.9598], [131.9933, 33.9595], [131.9915, 33.9594], [131.9907, 33.9589], [131.9894, 33.959], [131.9886, 33.9584], [131.9876, 33.9586], [131.9864, 33.9585], [131.9849, 33.9587], [131.9829, 33.9578], [131.9841, 33.9577], [131.9838, 33.9567], [131.9843, 33.9564], [131.9843, 33.9562], [131.984, 33.9559], [131.9832, 33.9556], [131.9819, 33.9534], [131.9807, 33.953], [131.9813, 33.9521], [131.9798, 33.9512], [131.9798, 33.9499], [131.9803, 33.9489], [131.9804, 33.9485], [131.9807, 33.9482], [131.9808, 33.9473], [131.9825, 33.9466], [131.9831, 33.946], [131.9831, 33.9446], [131.983, 33.9442], [131.9824, 33.944], [131.9825, 33.9432], [131.983, 33.943], [131.9835, 33.9424], [131.9846, 33.9422], [131.9847, 33.9419], [131.9841, 33.941], [131.9841, 33.9403], [131.9851, 33.9395], [131.9857, 33.9397], [131.9863, 33.9389], [131.987, 33.9385], [131.9878, 33.9386], [131.9883, 33.9383], [131.9893, 33.9379], [131.9903, 33.9367], [131.9908, 33.9366], [131.9913, 33.936], [131.9926, 33.9352], [131.9924, 33.9346], [131.9933, 33.9342], [131.9944, 33.9322], [131.9947, 33.932], [131.9955, 33.9319], [131.9961, 33.9326], [131.9969, 33.9325], [131.9978, 33.933], [131.9983, 33.933], [131.999, 33.9319], [131.9996, 33.9319], [131.9999, 33.9312], [132.0006, 33.9308], [132.0018, 33.9305], [132.0023, 33.9296], [132.0029, 33.9293], [132.0031, 33.9288], [132.0031, 33.9278], [132.0025, 33.9273], [132.0027, 33.9268], [132.0025, 33.9265], [132.0026, 33.926], [132.0031, 33.9258], [132.004, 33.9251], [132.0052, 33.9251], [132.0068, 33.9245], [132.0091, 33.9232], [132.0099, 33.9232], [132.0103, 33.9225], [132.0109, 33.9221], [132.0119, 33.9218], [132.0117, 33.9212], [132.012, 33.9207], [132.0128, 33.9202], [132.0138, 33.9199], [132.0135, 33.9192], [132.0135, 33.9183], [132.0141, 33.9183], [132.0147, 33.918], [132.0147, 33.9171], [132.0151, 33.9165], [132.0149, 33.916], [132.0157, 33.9155], [132.0158, 33.9148], [132.0179, 33.9143], [132.02, 33.9141], [132.0211, 33.9134], [132.0217, 33.9134], [132.0223, 33.914], [132.0231, 33.914], [132.0237, 33.9143], [132.024, 33.9142], [132.024, 33.9137], [132.0246, 33.9131], [132.0273, 33.9129], [132.0273, 33.9104], [132.0266, 33.9099], [132.0258, 33.9087], [132.0255, 33.9078], [132.0256, 33.9072], [132.0251, 33.9062], [132.0251, 33.9059], [132.0254, 33.9055], [132.0253, 33.9045], [132.0256, 33.9042], [132.0258, 33.903], [132.025, 33.9024], [132.0242, 33.9023], [132.024, 33.9021]]], [[[132.0501, 33.8868], [132.0505, 33.8869], [132.051, 33.8872], [132.0515, 33.8872], [132.052, 33.8874], [132.0532, 33.8888], [132.0534, 33.8893], [132.0541, 33.8896], [132.0537, 33.89], [132.0539, 33.8902], [132.0518, 33.8933], [132.0513, 33.8933], [132.0514, 33.894], [132.0519, 33.8947], [132.0522, 33.8948], [132.0532, 33.8947], [132.0537, 33.8951], [132.0524, 33.895], [132.0521, 33.8951], [132.0512, 33.896], [132.0514, 33.8964], [132.0512, 33.8961], [132.0507, 33.8961], [132.0506, 33.8966], [132.0501, 33.897], [132.0504, 33.8972], [132.0512, 33.8965], [132.0504, 33.8973], [132.0499, 33.897], [132.0488, 33.8991], [132.0477, 33.8994], [132.0469, 33.8992], [132.0461, 33.8994], [132.045, 33.9001], [132.0442, 33.9004], [132.0439, 33.9009], [132.0436, 33.901], [132.0435, 33.9006], [132.0439, 33.8998], [132.0435, 33.8994], [132.0437, 33.8993], [132.0436, 33.8987], [132.0433, 33.8985], [132.0427, 33.8985], [132.0417, 33.8983], [132.0419, 33.898], [132.0423, 33.898], [132.0422, 33.8974], [132.0418, 33.8972], [132.0412, 33.8964], [132.0415, 33.8958], [132.0434, 33.8944], [132.0448, 33.8943], [132.0456, 33.8944], [132.0469, 33.8938], [132.0474, 33.8929], [132.0478, 33.8918], [132.0477, 33.8915], [132.0471, 33.8912], [132.0474, 33.8908], [132.0483, 33.8909], [132.0491, 33.8915], [132.0501, 33.8913], [132.0507, 33.8909], [132.051, 33.8903], [132.0508, 33.8894], [132.0498, 33.8893], [132.0492, 33.8895], [132.049, 33.8893], [132.0493, 33.8892], [132.0491, 33.8889], [132.0494, 33.8888], [132.0492, 33.8885], [132.0494, 33.8872], [132.0496, 33.8869], [132.0501, 33.8868]]]]}, "properties": {"name": "山口県田布施町"}}, {"type": "Feature", "geometry": {"type": "MultiPolygon", "coordinates": [[[[132.06, 33.9548], [132.0601, 33.9544], [132.0598, 33.9538], [132.0582, 33.9534], [132.058, 33.9531], [132.0579, 33.9528], [132.0581, 33.9525], [132.0586, 33.9521], [132.0583, 33.9512], [132.0585, 33.9501], [132.059, 33.9494], [132.0597, 33.9488], [132.0604, 33.9476], [132.0616, 33.9432], [132.0616, 33.9393], [132.0624, 33.9372], [132.063, 33.9376], [132.0633, 33.9334], [132.0635, 33.9329], [132.0642, 33.9329], [132.0661, 33.9333], [132.0673, 33.9338], [132.0684, 33.9347], [132.0687, 33.9343], [132.0685, 33.9342], [132.069, 33.9337], [132.0689, 33.9335], [132.0675, 33.9328], [132.0666, 33.9321], [132.0669, 33.9312], [132.0703, 33.932], [132.0704, 33.9317], [132.0693, 33.9314], [132.0647, 33.9295], [132.0595, 33.9235], [132.0596, 33.9232], [132.0614, 33.9209], [132.0635, 33.9214], [132.0635, 33.9212], [132.06, 33.9204], [132.059, 33.921], [132.0582, 33.9201], [132.0572, 33.9206], [132.057, 33.9204], [132.0562, 33.9209], [132.0556, 33.9211], [132.057, 33.9203], [132.0567, 33.92], [132.0572, 33.9196], [132.0571, 33.9195], [132.0572, 33.9194], [132.0564, 33.9188], [132.0562, 33.9189], [132.0563, 33.9188], [132.0555, 33.918], [132.0557, 33.9175], [132.0562, 33.9171], [132.0559, 33.9168], [132.0555, 33.9169], [132.0554, 33.9167], [132.0559, 33.9166], [132.0558, 33.9165], [132.0552, 33.9166], [132.055, 33.9163], [132.0559, 33.9159], [132.0561, 33.9161], [132.0561, 33.9158], [132.0562, 33.916], [132.0564, 33.9158], [132.0562, 33.9156], [132.0564, 33.9158], [132.0567, 33.9157], [132.0567, 33.9156], [132.0563, 33.9157], [132.0563, 33.9153], [132.0567, 33.9152], [132.0567, 33.9141], [132.0566, 33.9138], [132.0563, 33.9138], [132.0561, 33.9135], [132.0559, 33.9135], [132.0561, 33.9135], [132.056, 33.9132], [132.055, 33.9126], [132.0534, 33.9121], [132.0535, 33.9123], [132.0533, 33.9122], [132.0534, 33.9121], [132.0497, 33.9109], [132.046, 33.9103], [132.0457, 33.9098], [132.0449, 33.9097], [132.0447, 33.9095], [132.0449, 33.9087], [132.0453, 33.9086], [132.0467, 33.9085], [132.0471, 33.9087], [132.048, 33.9084], [132.0488, 33.9085], [132.0494, 33.9084], [132.0503, 33.9088], [132.0507, 33.9086], [132.052, 33.9089], [132.0526, 33.9076], [132.0529, 33.9077], [132.0525, 33.9084], [132.0523, 33.9083], [132.0521, 33.9095], [132.0535, 33.9098], [132.0536, 33.9096], [132.0544, 33.9097], [132.0548, 33.9095], [132.0573, 33.9099], [132.0577, 33.9102], [132.0581, 33.9077], [132.0596, 33.9079], [132.0604, 33.9089], [132.0598, 33.9092], [132.0594, 33.9097], [132.0594, 33.9102], [132.0598, 33.9103], [132.0598, 33.9107], [132.0598, 33.9102], [132.0595, 33.9102], [132.0607, 33.9095], [132.0605, 33.909], [132.0608, 33.9095], [132.0619, 33.9091], [132.0653, 33.9083], [132.0657, 33.908], [132.066, 33.9081], [132.0671, 33.9078], [132.0688, 33.9051], [132.0688, 33.9046], [132.0688, 33.905], [132.0691, 33.9051], [132.0689, 33.9053], [132.069, 33.9056], [132.0689, 33.9053], [132.0705, 33.9051], [132.0707, 33.9048], [132.0705, 33.9053], [132.0709, 33.9054], [132.0712, 33.9053], [132.0711, 33.905], [132.0712, 33.9051], [132.0713, 33.9054], [132.0726, 33.9053], [132.0735, 33.9056], [132.0741, 33.9053], [132.0747, 33.9052], [132.0742, 33.9051], [132.0746, 33.905], [132.0755, 33.9043], [132.0759, 33.9036], [132.0758, 33.9034], [132.076, 33.9034], [132.0762, 33.9031], [132.0762, 33.9027], [132.0765, 33.9028], [132.0763, 33.9027], [132.0767, 33.9022], [132.0766, 33.9018], [132.077, 33.9019], [132.077, 33.9018], [132.077, 33.9008], [132.0768, 33.9008], [132.0761, 33.9019], [132.0765, 33.901], [132.0767, 33.9008], [132.077, 33.9007], [132.0772, 33.9004], [132.077, 33.8987], [132.0772, 33.8985], [132.077, 33.8975], [132.0768, 33.8975], [132.0771, 33.8973], [132.0769, 33.896], [132.0767, 33.8954], [132.0759, 33.8953], [132.077, 33.8954], [132.077, 33.8948], [132.0767, 33.8948], [132.0764, 33.8941], [132.076, 33.8943], [132.0753, 33.8957], [132.076, 33.8943], [132.0765, 33.894], [132.077, 33.8939], [132.0776, 33.893], [132.078, 33.8927], [132.0781, 33.8923], [132.0783, 33.892], [132.0789, 33.8919], [132.0783, 33.8921], [132.0784, 33.8926], [132.0791, 33.8927], [132.0797, 33.8925], [132.0796, 33.8921], [132.0797, 33.8925], [132.0808, 33.8923], [132.0805, 33.8918], [132.0809, 33.8922], [132.0817, 33.8915], [132.0812, 33.8911], [132.0813, 33.8909], [132.0812, 33.8908], [132.0806, 33.891], [132.0802, 33.8916], [132.0793, 33.8919], [132.0802, 33.8916], [132.0806, 33.891], [132.081, 33.8908], [132.0816, 33.8903], [132.0825, 33.8911], [132.0827, 33.8911], [132.0817, 33.8902], [132.0827, 33.8894], [132.0823, 33.8898], [132.0829, 33.8903], [132.0838, 33.8902], [132.0839, 33.8908], [132.0846, 33.8907], [132.0845, 33.8903], [132.083, 33.8891], [132.0833, 33.8892], [132.0845, 33.8903], [132.0846, 33.8907], [132.0868, 33.8905], [132.0867, 33.89], [132.0868, 33.8905], [132.0877, 33.8905], [132.088, 33.8898], [132.0878, 33.8902], [132.0881, 33.8902], [132.0889, 33.8897], [132.0886, 33.8893], [132.0878, 33.8896], [132.0892, 33.8889], [132.0896, 33.8893], [132.0895, 33.8891], [132.0901, 33.889], [132.0905, 33.8894], [132.0901, 33.8888], [132.0913, 33.888], [132.0915, 33.8878], [132.0913, 33.8874], [132.092, 33.8869], [132.092, 33.8865], [132.0924, 33.8865], [132.0935, 33.886], [132.0938, 33.8858], [132.0938, 33.8854], [132.0942, 33.8855], [132.0951, 33.8852], [132.0965, 33.8849], [132.0977, 33.8839], [132.0982, 33.8832], [132.098, 33.8831], [132.0984, 33.8831], [132.0987, 33.8828], [132.0994, 33.8829], [132.0997, 33.8827], [132.1001, 33.8829], [132.1005, 33.8828], [132.1012, 33.8824], [132.1018, 33.8818], [132.1027, 33.8817], [132.1027, 33.8816], [132.1041, 33.882], [132.1049, 33.8818], [132.1058, 33.8819], [132.1069, 33.8815], [132.1075, 33.8814], [132.1081, 33.881], [132.1094, 33.8811], [132.1104, 33.8801], [132.1113, 33.8783], [132.1118, 33.878], [132.1148, 33.8786], [132.1158, 33.8787], [132.1166, 33.8783], [132.1169, 33.878], [132.1167, 33.8779], [132.117, 33.8779], [132.1181, 33.8763], [132.1197, 33.8759], [132.1198, 33.8755], [132.12, 33.8755], [132.1198, 33.8752], [132.1205, 33.8727], [132.1205, 33.8717], [132.1205, 33.8715], [132.1197, 33.8713], [132.1206, 33.8715], [132.1207, 33.8708], [132.1205, 33.8703], [132.1201, 33.87], [132.1198, 33.8701], [132.1197, 33.8702], [132.1198, 33.8703], [132.1196, 33.8706], [132.1196, 33.8709], [132.1193, 33.8713], [132.1196, 33.8709], [132.1195, 33.8706], [132.1197, 33.8702], [132.1198, 33.8701], [132.1202, 33.8699], [132.1201, 33.8688], [132.12, 33.8686], [132.1198, 33.8686], [132.118, 33.8655], [132.1167, 33.8646], [132.1161, 33.8635], [132.1144, 33.8626], [132.1131, 33.8608], [132.1128, 33.8607], [132.1129, 33.8604], [132.1131, 33.8603], [132.1147, 33.8599], [132.1156, 33.8593], [132.1158, 33.8595], [132.1163, 33.8594], [132.1186, 33.8603], [132.1194, 33.8602], [132.1201, 33.8594], [132.1202, 33.8586], [132.1205, 33.8584], [132.121, 33.8584], [132.1215, 33.8586], [132.1222, 33.8591], [132.1237, 33.8613], [132.1249, 33.8619], [132.1258, 33.8621], [132.1292, 33.8622], [132.1301, 33.8617], [132.1333, 33.862], [132.1338, 33.8641], [132.1343, 33.8651], [132.1346, 33.8664], [132.1338, 33.8677], [132.1337, 33.8691], [132.1341, 33.8714], [132.1348, 33.8723], [132.1344, 33.8735], [132.1338, 33.8738], [132.1334, 33.8745], [132.1329, 33.8746], [132.1323, 33.8751], [132.1314, 33.8754], [132.131, 33.8761], [132.1292, 33.8767], [132.1285, 33.877], [132.1282, 33.8773], [132.1275, 33.8774], [132.1264, 33.878], [132.1258, 33.8789], [132.1257, 33.8797], [132.1249, 33.8797], [132.1241, 33.8798], [132.1231, 33.8804], [132.1224, 33.8819], [132.1217, 33.8827], [132.1215, 33.8834], [132.1202, 33.8835], [132.1196, 33.8842], [132.1187, 33.884], [132.1179, 33.8841], [132.1169, 33.885], [132.1172, 33.886], [132.1169, 33.8864], [132.116, 33.8872], [132.1132, 33.889], [132.1121, 33.8895], [132.1116, 33.8901], [132.1113, 33.8908], [132.11, 33.8914], [132.1096, 33.8926], [132.1097, 33.8935], [132.11, 33.8946], [132.1093, 33.896], [132.1086, 33.897], [132.1085, 33.8972], [132.1089, 33.8977], [132.1077, 33.8993], [132.1073, 33.9001], [132.1063, 33.9004], [132.1052, 33.9005], [132.1041, 33.901], [132.1039, 33.902], [132.104, 33.9032], [132.1034, 33.9041], [132.1034, 33.9058], [132.103, 33.906], [132.1024, 33.9061], [132.1019, 33.9063], [132.1, 33.9075], [132.0988, 33.9075], [132.0976, 33.9083], [132.0965, 33.9083], [132.0967, 33.9093], [132.0966, 33.9099], [132.0962, 33.9107], [132.0955, 33.9109], [132.0954, 33.9121], [132.0946, 33.913], [132.0956, 33.9133], [132.0972, 33.9134], [132.098, 33.9139], [132.0984, 33.9137], [132.0988, 33.914], [132.0994, 33.9139], [132.101, 33.9146], [132.1011, 33.9148], [132.1021, 33.9155], [132.1026, 33.9164], [132.1033, 33.9164], [132.1035, 33.9167], [132.1036, 33.9172], [132.1042, 33.9177], [132.1045, 33.9186], [132.1053, 33.9192], [132.1057, 33.92], [132.1063, 33.9205], [132.107, 33.922], [132.1077, 33.9225], [132.1075, 33.9233], [132.1082, 33.9241], [132.108, 33.9252], [132.1082, 33.9256], [132.1077, 33.926], [132.108, 33.9267], [132.1074, 33.9269], [132.1071, 33.9273], [132.1071, 33.9293], [132.1068, 33.9299], [132.1071, 33.9313], [132.1076, 33.9315], [132.1082, 33.9326], [132.1083, 33.933], [132.1081, 33.9331], [132.1074, 33.9331], [132.107, 33.9335], [132.1071, 33.9351], [132.1066, 33.9358], [132.1067, 33.9362], [132.1066, 33.9368], [132.1056, 33.9381], [132.1056, 33.939], [132.1057, 33.9392], [132.1065, 33.9396], [132.1066, 33.9403], [132.1074, 33.9404], [132.1074, 33.9409], [132.1076, 33.9411], [132.1089, 33.9413], [132.1091, 33.9418], [132.11, 33.9426], [132.1098, 33.9428], [132.108, 33.9436], [132.1057, 33.9436], [132.1052, 33.945], [132.1055, 33.9455], [132.1052, 33.9464], [132.1056, 33.9471], [132.1052, 33.9474], [132.1052, 33.9476], [132.1065, 33.9488], [132.1072, 33.949], [132.1075, 33.9494], [132.1069, 33.9502], [132.1065, 33.9515], [132.1056, 33.9517], [132.1045, 33.9525], [132.1027, 33.9529], [132.1017, 33.9539], [132.1001, 33.9549], [132.0997, 33.9549], [132.099, 33.9552], [132.0987, 33.955], [132.0981, 33.9554], [132.0977, 33.9551], [132.0972, 33.9551], [132.0967, 33.9553], [132.0961, 33.9571], [132.0955, 33.9569], [132.0948, 33.9568], [132.0949, 33.9572], [132.0948, 33.9577], [132.0936, 33.9582], [132.0932, 33.9581], [132.0923, 33.9574], [132.0914, 33.9576], [132.0899, 33.9568], [132.089, 33.9566], [132.0884, 33.9567], [132.0877, 33.9575], [132.0872, 33.9585], [132.0862, 33.9583], [132.0853, 33.9586], [132.0817, 33.9571], [132.0809, 33.9574], [132.0795, 33.9573], [132.0767, 33.9555], [132.0757, 33.9555], [132.075, 33.956], [132.0734, 33.9558], [132.0726, 33.956], [132.072, 33.9559], [132.0715, 33.9554], [132.0707, 33.9556], [132.0701, 33.9553], [132.0691, 33.9558], [132.068, 33.9554], [132.0677, 33.9549], [132.0671, 33.9546], [132.0658, 33.9554], [132.0645, 33.9554], [132.0641, 33.9563], [132.0631, 33.9564], [132.0626, 33.9556], [132.0622, 33.9559], [132.062, 33.9555], [132.06, 33.9548]]], [[[132.0572, 33.8794], [132.0575, 33.8788], [132.0577, 33.879], [132.0576, 33.8781], [132.0573, 33.8782], [132.0574, 33.878], [132.0572, 33.8779], [132.0574, 33.8779], [132.057, 33.8777], [132.0569, 33.8769], [132.0566, 33.8769], [132.0565, 33.8767], [132.0568, 33.8764], [132.0566, 33.8761], [132.0571, 33.8759], [132.0574, 33.8756], [132.0571, 33.8751], [132.0575, 33.8749], [132.058, 33.875], [132.0585, 33.8746], [132.0596, 33.8746], [132.0603, 33.874], [132.0609, 33.8739], [132.0612, 33.8736], [132.0613, 33.8724], [132.0611, 33.8714], [132.061, 33.8712], [132.0607, 33.8712], [132.0599, 33.8701], [132.0615, 33.8696], [132.0615, 33.8688], [132.061, 33.8685], [132.0605, 33.868], [132.0612, 33.867], [132.0617, 33.8667], [132.0621, 33.867], [132.0628, 33.8672], [132.0633, 33.867], [132.0635, 33.8672], [132.0641, 33.8671], [132.0645, 33.8673], [132.0646, 33.8677], [132.0656, 33.868], [132.0674, 33.8677], [132.0684, 33.868], [132.0686, 33.8683], [132.0685, 33.8686], [132.0693, 33.8689], [132.0698, 33.8696], [132.0701, 33.8705], [132.0701, 33.8702], [132.0704, 33.8709], [132.0703, 33.8711], [132.0701, 33.8707], [132.07, 33.8716], [132.0688, 33.8751], [132.0679, 33.8752], [132.0673, 33.8757], [132.0679, 33.875], [132.0674, 33.8749], [132.0668, 33.8751], [132.0667, 33.8751], [132.0671, 33.8753], [132.0668, 33.8753], [132.0661, 33.8758], [132.0655, 33.8769], [132.0657, 33.8771], [132.0654, 33.877], [132.0651, 33.8776], [132.0649, 33.8785], [132.065, 33.8798], [132.0653, 33.8807], [132.0656, 33.8811], [132.0657, 33.8819], [132.0663, 33.8836], [132.0661, 33.8845], [132.0659, 33.884], [132.0653, 33.8837], [132.0631, 33.8841], [132.0627, 33.8843], [132.0628, 33.8844], [132.0624, 33.8845], [132.0618, 33.8841], [132.0608, 33.8838], [132.0596, 33.8826], [132.0596, 33.8824], [132.06, 33.8823], [132.0598, 33.8819], [132.0592, 33.8819], [132.0589, 33.8822], [132.0586, 33.882], [132.0585, 33.8817], [132.0591, 33.8816], [132.059, 33.8813], [132.0586, 33.8811], [132.0589, 33.881], [132.0587, 33.8808], [132.0589, 33.8807], [132.0588, 33.8805], [132.0585, 33.8805], [132.0574, 33.8799], [132.0572, 33.8794]]]]}, "properties": {"name": "山口県平生町"}}, {"type": "Feature", "geometry": {"type": "MultiPolygon", "coordinates": [[[[131.5578, 34.6031], [131.5581, 34.6023], [131.558, 34.6007], [131.5579, 34.6007], [131.5573, 34.5996], [131.5544, 34.597], [131.5536, 34.5967], [131.5519, 34.5943], [131.5516, 34.5941], [131.5511, 34.5941], [131.5512, 34.5936], [131.5511, 34.5934], [131.5509, 34.5935], [131.5512, 34.593], [131.5516, 34.5929], [131.5519, 34.5926], [131.5516, 34.5925], [131.5523, 34.5924], [131.5527, 34.5921], [131.5537, 34.5917], [131.5539, 34.5911], [131.5538, 34.591], [131.5542, 34.5909], [131.5543, 34.5904], [131.555, 34.5899], [131.556, 34.5881], [131.5558, 34.5872], [131.5548, 34.5863], [131.5549, 34.5858], [131.5545, 34.5848], [131.554, 34.5843], [131.5536, 34.5844], [131.5539, 34.5842], [131.5538, 34.5839], [131.5536, 34.584], [131.5539, 34.5838], [131.5539, 34.5831], [131.5533, 34.5822], [131.5528, 34.5807], [131.5529, 34.5807], [131.5538, 34.5826], [131.5541, 34.5825], [131.5546, 34.5828], [131.5541, 34.5825], [131.5544, 34.582], [131.5535, 34.5818], [131.5537, 34.5818], [131.5538, 34.5812], [131.5531, 34.5811], [131.5532, 34.5811], [131.5547, 34.5812], [131.555, 34.5806], [131.555, 34.58], [131.5544, 34.5793], [131.5543, 34.579], [131.5545, 34.579], [131.5536, 34.5783], [131.5535, 34.5777], [131.5522, 34.5758], [131.5508, 34.5746], [131.5511, 34.5744], [131.5507, 34.5746], [131.5504, 34.574], [131.5492, 34.5728], [131.5468, 34.5713], [131.5444, 34.5701], [131.5425, 34.5701], [131.5416, 34.5698], [131.5412, 34.5692], [131.5405, 34.5693], [131.5407, 34.5689], [131.5405, 34.5687], [131.5407, 34.5684], [131.5408, 34.5688], [131.5411, 34.5689], [131.5414, 34.5687], [131.5414, 34.5686], [131.541, 34.5685], [131.5414, 34.5685], [131.5414, 34.5682], [131.5408, 34.5682], [131.5412, 34.5682], [131.5411, 34.5678], [131.5419, 34.568], [131.5419, 34.5678], [131.5411, 34.5676], [131.5407, 34.5673], [131.54, 34.5671], [131.5396, 34.5669], [131.5396, 34.5664], [131.5391, 34.5655], [131.5396, 34.5663], [131.5398, 34.5669], [131.5403, 34.5671], [131.5409, 34.567], [131.5408, 34.5662], [131.5406, 34.566], [131.5404, 34.5661], [131.5406, 34.5659], [131.5401, 34.5652], [131.5397, 34.5653], [131.5404, 34.565], [131.5399, 34.5652], [131.5396, 34.5647], [131.5401, 34.5645], [131.5397, 34.5638], [131.539, 34.5631], [131.5378, 34.5627], [131.5369, 34.562], [131.5357, 34.5606], [131.5346, 34.5598], [131.5337, 34.5595], [131.5329, 34.5594], [131.5323, 34.5595], [131.5318, 34.5601], [131.5312, 34.5598], [131.5311, 34.5599], [131.5308, 34.5597], [131.5306, 34.56], [131.5296, 34.5601], [131.5298, 34.5602], [131.5296, 34.5602], [131.5294, 34.5601], [131.5297, 34.5599], [131.5293, 34.5598], [131.5295, 34.5594], [131.529, 34.5592], [131.5289, 34.5589], [131.528, 34.5593], [131.528, 34.5592], [131.5282, 34.559], [131.5279, 34.5589], [131.5274, 34.558], [131.5271, 34.5578], [131.5269, 34.5579], [131.5267, 34.5575], [131.5265, 34.5578], [131.5265, 34.5575], [131.5263, 34.5577], [131.526, 34.5574], [131.5255, 34.5574], [131.5256, 34.5571], [131.524, 34.5559], [131.5223, 34.556], [131.5215, 34.5562], [131.5211, 34.5568], [131.5206, 34.5566], [131.5202, 34.5567], [131.5206, 34.5561], [131.5212, 34.5558], [131.5214, 34.5555], [131.5212, 34.5549], [131.5204, 34.5542], [131.5205, 34.554], [131.5203, 34.5542], [131.5187, 34.554], [131.5181, 34.5544], [131.5179, 34.554], [131.5176, 34.5543], [131.517, 34.554], [131.5166, 34.5542], [131.515, 34.5532], [131.5149, 34.5528], [131.5151, 34.5528], [131.5151, 34.5523], [131.5155, 34.5527], [131.5156, 34.5522], [131.5155, 34.5518], [131.5149, 34.5513], [131.515, 34.5511], [131.5152, 34.5511], [131.5149, 34.5509], [131.5149, 34.5501], [131.5151, 34.55], [131.5148, 34.5489], [131.5136, 34.5479], [131.5125, 34.5474], [131.5122, 34.5475], [131.512, 34.5471], [131.5117, 34.5472], [131.5118, 34.547], [131.5114, 34.5465], [131.5114, 34.5461], [131.5102, 34.5444], [131.5096, 34.5439], [131.5092, 34.544], [131.5095, 34.5439], [131.5093, 34.5435], [131.5078, 34.5422], [131.5068, 34.5407], [131.5065, 34.539], [131.506, 34.5379], [131.5054, 34.5373], [131.5045, 34.5369], [131.5056, 34.5371], [131.5057, 34.5363], [131.5056, 34.5359], [131.505, 34.5355], [131.5049, 34.5356], [131.5048, 34.5364], [131.5047, 34.5362], [131.5048, 34.5356], [131.5055, 34.535], [131.5052, 34.5352], [131.505, 34.5352], [131.5048, 34.5348], [131.5047, 34.5345], [131.5036, 34.5334], [131.5008, 34.5323], [131.5004, 34.5324], [131.5001, 34.5329], [131.4998, 34.5323], [131.4991, 34.5325], [131.4991, 34.5319], [131.4975, 34.5313], [131.4964, 34.5311], [131.4939, 34.5311], [131.4927, 34.5313], [131.4921, 34.5315], [131.4913, 34.5323], [131.4915, 34.5326], [131.4919, 34.5327], [131.489, 34.5334], [131.4884, 34.5332], [131.488, 34.5328], [131.4875, 34.5327], [131.4864, 34.5329], [131.4861, 34.5328], [131.4857, 34.5331], [131.4854, 34.533], [131.4856, 34.5333], [131.4855, 34.5334], [131.4847, 34.533], [131.484, 34.5332], [131.4835, 34.5327], [131.4826, 34.5326], [131.4826, 34.5319], [131.4813, 34.5315], [131.48, 34.532], [131.4789, 34.5326], [131.4788, 34.5332], [131.4782, 34.5333], [131.4782, 34.5334], [131.478, 34.5335], [131.4783, 34.5337], [131.4783, 34.5339], [131.4781, 34.5337], [131.4781, 34.534], [131.4775, 34.5338], [131.4772, 34.5335], [131.476, 34.5333], [131.4757, 34.533], [131.4734, 34.5329], [131.4731, 34.5328], [131.4722, 34.5328], [131.4703, 34.5334], [131.4698, 34.5341], [131.4702, 34.5345], [131.4701, 34.5347], [131.4697, 34.535], [131.4698, 34.5351], [131.4697, 34.5354], [131.4688, 34.5356], [131.4685, 34.5364], [131.4687, 34.5365], [131.4683, 34.5367], [131.4687, 34.5369], [131.4682, 34.537], [131.4682, 34.5375], [131.4683, 34.5378], [131.4675, 34.538], [131.4673, 34.5383], [131.4668, 34.5384], [131.4665, 34.5381], [131.4668, 34.5379], [131.4663, 34.5377], [131.4666, 34.5373], [131.4664, 34.5369], [131.4666, 34.5367], [131.4661, 34.536], [131.4658, 34.536], [131.4659, 34.5358], [131.4656, 34.5356], [131.4656, 34.5354], [131.4654, 34.5354], [131.4653, 34.5352], [131.4655, 34.5351], [131.4655, 34.534], [131.4652, 34.5337], [131.4654, 34.5335], [131.4651, 34.5331], [131.4648, 34.5332], [131.465, 34.5328], [131.4648, 34.5325], [131.4643, 34.5325], [131.4644, 34.532], [131.4638, 34.532], [131.4637, 34.5318], [131.464, 34.5315], [131.4635, 34.5312], [131.4635, 34.531], [131.4633, 34.5305], [131.4624, 34.5297], [131.4614, 34.529], [131.4612, 34.529], [131.4595, 34.5274], [131.4581, 34.5262], [131.4571, 34.5259], [131.4562, 34.526], [131.4561, 34.5255], [131.4556, 34.5255], [131.4555, 34.525], [131.4553, 34.525], [131.4552, 34.5248], [131.4558, 34.5236], [131.4555, 34.523], [131.4556, 34.5228], [131.4559, 34.5228], [131.456, 34.5224], [131.4559, 34.5222], [131.4555, 34.5222], [131.4553, 34.522], [131.456, 34.5216], [131.456, 34.5211], [131.4554, 34.5202], [131.4549, 34.5203], [131.4544, 34.5201], [131.4539, 34.5203], [131.4539, 34.5195], [131.4544, 34.5184], [131.4541, 34.518], [131.4539, 34.5182], [131.4536, 34.5181], [131.4534, 34.5175], [131.4531, 34.5175], [131.4531, 34.5172], [131.4534, 34.5171], [131.4534, 34.5168], [131.4529, 34.5165], [131.4527, 34.5167], [131.4523, 34.5166], [131.4522, 34.5162], [131.4519, 34.5163], [131.4512, 34.5173], [131.4507, 34.5172], [131.4507, 34.5169], [131.4501, 34.5169], [131.4506, 34.5165], [131.4517, 34.5161], [131.4516, 34.5157], [131.4513, 34.5156], [131.4516, 34.5154], [131.4513, 34.5154], [131.4513, 34.5152], [131.4511, 34.5152], [131.4513, 34.515], [131.4508, 34.5148], [131.4511, 34.5144], [131.4504, 34.5148], [131.45, 34.5148], [131.4503, 34.5144], [131.4495, 34.5147], [131.4489, 34.5146], [131.4491, 34.5143], [131.4485, 34.5145], [131.4488, 34.5134], [131.4498, 34.5134], [131.4508, 34.5123], [131.4509, 34.5124], [131.4505, 34.5127], [131.4518, 34.5135], [131.451, 34.5143], [131.4517, 34.5144], [131.4527, 34.5139], [131.4517, 34.5145], [131.4519, 34.5147], [131.4525, 34.5147], [131.4531, 34.5144], [131.4528, 34.514], [131.4532, 34.5143], [131.454, 34.5138], [131.4547, 34.5124], [131.4548, 34.5112], [131.4537, 34.5107], [131.4534, 34.51], [131.4529, 34.51], [131.4528, 34.5094], [131.4524, 34.5095], [131.4524, 34.5093], [131.4528, 34.509], [131.4523, 34.5089], [131.4526, 34.5085], [131.4525, 34.5083], [131.4522, 34.5082], [131.4517, 34.5083], [131.4514, 34.508], [131.451, 34.508], [131.4508, 34.5078], [131.4505, 34.508], [131.4502, 34.5079], [131.4504, 34.5075], [131.4501, 34.5073], [131.4503, 34.507], [131.4501, 34.507], [131.4501, 34.5069], [131.4507, 34.5063], [131.4513, 34.5061], [131.4516, 34.5063], [131.4519, 34.5062], [131.4524, 34.5064], [131.4528, 34.5066], [131.453, 34.5073], [131.455, 34.5079], [131.455, 34.5081], [131.4553, 34.508], [131.4549, 34.5082], [131.4551, 34.5084], [131.4555, 34.5087], [131.4561, 34.5086], [131.4577, 34.5078], [131.4585, 34.5069], [131.4591, 34.5061], [131.4593, 34.5047], [131.4589, 34.5041], [131.4585, 34.5039], [131.4586, 34.5037], [131.4584, 34.5036], [131.4586, 34.5033], [131.4583, 34.5027], [131.4588, 34.5023], [131.4587, 34.5022], [131.4595, 34.5018], [131.4603, 34.4997], [131.4608, 34.4998], [131.461, 34.5003], [131.4615, 34.5006], [131.463, 34.5007], [131.4634, 34.5005], [131.4631, 34.5008], [131.4636, 34.5011], [131.4652, 34.5015], [131.4653, 34.5019], [131.4663, 34.5017], [131.4669, 34.5014], [131.4672, 34.5009], [131.467, 34.5007], [131.4668, 34.5008], [131.466, 34.5007], [131.4658, 34.5009], [131.4656, 34.5008], [131.4658, 34.5006], [131.4661, 34.4997], [131.4659, 34.4993], [131.4637, 34.4999], [131.4655, 34.4994], [131.4653, 34.499], [131.4658, 34.4988], [131.467, 34.4989], [131.4675, 34.498], [131.4676, 34.4969], [131.4675, 34.4962], [131.466, 34.4947], [131.4649, 34.4926], [131.4632, 34.4906], [131.4628, 34.4875], [131.462, 34.4861], [131.463, 34.4858], [131.4658, 34.4854], [131.467, 34.4854], [131.4679, 34.4856], [131.468, 34.4863], [131.4684, 34.487], [131.4694, 34.4879], [131.4707, 34.4884], [131.4717, 34.4896], [131.4735, 34.4896], [131.4754, 34.4909], [131.4769, 34.4917], [131.4775, 34.4923], [131.4784, 34.4925], [131.4795, 34.4912], [131.4795, 34.4907], [131.4799, 34.4899], [131.4806, 34.4891], [131.482, 34.4887], [131.4826, 34.4883], [131.4832, 34.4882], [131.4838, 34.4887], [131.485, 34.4888], [131.4857, 34.4887], [131.4864, 34.488], [131.4871, 34.4879], [131.4879, 34.488], [131.4885, 34.4884], [131.4894, 34.4883], [131.4919, 34.4867], [131.4923, 34.486], [131.4926, 34.4849], [131.493, 34.4843], [131.4956, 34.4837], [131.4964, 34.4833], [131.4972, 34.4838], [131.4974, 34.4843], [131.4983, 34.4844], [131.4987, 34.4847], [131.5, 34.4841], [131.5006, 34.4841], [131.5009, 34.4837], [131.5016, 34.4835], [131.5019, 34.4832], [131.5029, 34.4827], [131.5029, 34.4833], [131.5037, 34.4845], [131.5036, 34.4851], [131.5027, 34.4858], [131.5031, 34.4866], [131.5042, 34.4875], [131.5049, 34.4886], [131.506, 34.4894], [131.5054, 34.4908], [131.5056, 34.4917], [131.5058, 34.4921], [131.5067, 34.4916], [131.5075, 34.4905], [131.5088, 34.4894], [131.5089, 34.489], [131.5086, 34.4881], [131.51, 34.4883], [131.5106, 34.4886], [131.5112, 34.4894], [131.5129, 34.4891], [131.5135, 34.4896], [131.5134, 34.49], [131.5143, 34.4911], [131.5141, 34.4922], [131.5132, 34.4932], [131.5132, 34.4938], [131.5129, 34.4941], [131.5128, 34.4945], [131.513, 34.4948], [131.5128, 34.4951], [131.5124, 34.4954], [131.5119, 34.4953], [131.5115, 34.4956], [131.5109, 34.4964], [131.5119, 34.4976], [131.5126, 34.498], [131.513, 34.4987], [131.5149, 34.5], [131.5156, 34.5008], [131.5164, 34.5012], [131.5169, 34.5018], [131.5181, 34.502], [131.5188, 34.5027], [131.5193, 34.5028], [131.5204, 34.504], [131.5209, 34.5039], [131.5217, 34.504], [131.5228, 34.5052], [131.5242, 34.5059], [131.5254, 34.5061], [131.526, 34.5065], [131.5268, 34.5061], [131.5276, 34.5063], [131.5298, 34.505], [131.5312, 34.5064], [131.5328, 34.5093], [131.535, 34.5103], [131.5362, 34.5123], [131.5364, 34.5134], [131.5368, 34.5142], [131.5373, 34.5145], [131.5375, 34.5152], [131.5379, 34.5156], [131.5384, 34.516], [131.5391, 34.5158], [131.5396, 34.5159], [131.5399, 34.5164], [131.5403, 34.5164], [131.5415, 34.5168], [131.5419, 34.5168], [131.5423, 34.5166], [131.543, 34.5169], [131.5438, 34.5162], [131.5436, 34.5157], [131.5436, 34.5143], [131.545, 34.5141], [131.5461, 34.5145], [131.5468, 34.5141], [131.547, 34.513], [131.5469, 34.5124], [131.5471, 34.5117], [131.547, 34.5109], [131.5472, 34.5104], [131.5469, 34.5096], [131.5464, 34.5091], [131.5465, 34.5082], [131.5454, 34.5064], [131.5462, 34.5047], [131.5483, 34.5043], [131.5494, 34.5033], [131.5498, 34.5023], [131.5502, 34.5019], [131.5501, 34.4993], [131.5495, 34.4981], [131.5495, 34.4973], [131.5502, 34.4968], [131.5519, 34.4963], [131.5537, 34.4964], [131.5546, 34.4956], [131.5555, 34.4953], [131.5565, 34.4938], [131.5576, 34.4927], [131.558, 34.4918], [131.5582, 34.491], [131.5609, 34.4902], [131.5618, 34.4896], [131.5623, 34.4885], [131.5629, 34.4877], [131.563, 34.487], [131.5629, 34.4867], [131.5633, 34.4847], [131.5637, 34.4842], [131.5652, 34.484], [131.5657, 34.4822], [131.5661, 34.4819], [131.5663, 34.4815], [131.5665, 34.4801], [131.5674, 34.4803], [131.5679, 34.4805], [131.5689, 34.4803], [131.5704, 34.4806], [131.5715, 34.4805], [131.5716, 34.4799], [131.5727, 34.48], [131.5742, 34.4805], [131.5749, 34.4814], [131.5761, 34.481], [131.5769, 34.481], [131.5772, 34.4808], [131.5799, 34.4819], [131.5817, 34.4814], [131.5828, 34.4818], [131.5845, 34.4818], [131.5855, 34.4823], [131.586, 34.4828], [131.5869, 34.4832], [131.5871, 34.4835], [131.5878, 34.4837], [131.588, 34.4841], [131.5887, 34.4841], [131.5891, 34.4846], [131.5908, 34.4843], [131.5923, 34.4846], [131.5931, 34.4851], [131.5943, 34.4855], [131.5947, 34.4866], [131.5955, 34.4874], [131.5957, 34.4878], [131.5961, 34.488], [131.5967, 34.489], [131.5965, 34.4899], [131.5974, 34.4918], [131.5984, 34.4933], [131.5982, 34.4937], [131.5983, 34.4942], [131.5992, 34.4944], [131.5999, 34.4949], [131.6004, 34.4954], [131.6005, 34.4963], [131.6027, 34.4978], [131.6069, 34.4994], [131.6086, 34.4999], [131.6127, 34.4986], [131.6137, 34.4972], [131.6141, 34.4963], [131.6144, 34.4962], [131.615, 34.4963], [131.6164, 34.497], [131.6168, 34.4974], [131.6173, 34.4987], [131.6192, 34.4989], [131.6205, 34.4995], [131.6209, 34.5], [131.621, 34.5005], [131.6214, 34.5009], [131.6217, 34.5019], [131.6226, 34.5026], [131.6244, 34.503], [131.6267, 34.5032], [131.6281, 34.5031], [131.6288, 34.5029], [131.629, 34.503], [131.6294, 34.5042], [131.6302, 34.505], [131.6304, 34.5055], [131.6312, 34.506], [131.6322, 34.506], [131.6317, 34.5066], [131.6319, 34.5071], [131.6328, 34.5073], [131.6342, 34.5077], [131.6353, 34.5077], [131.636, 34.5083], [131.6373, 34.5085], [131.6381, 34.5092], [131.6383, 34.51], [131.6412, 34.5107], [131.6416, 34.5112], [131.6422, 34.5115], [131.6432, 34.5115], [131.6436, 34.5117], [131.6451, 34.512], [131.6467, 34.5133], [131.6472, 34.5133], [131.6473, 34.5135], [131.6479, 34.5136], [131.6475, 34.5143], [131.6467, 34.5145], [131.646, 34.5149], [131.6463, 34.5156], [131.6462, 34.5159], [131.6455, 34.5164], [131.6451, 34.5166], [131.6443, 34.5163], [131.6435, 34.5166], [131.6431, 34.5176], [131.6426, 34.5181], [131.6428, 34.5189], [131.6425, 34.5191], [131.6424, 34.5195], [131.6421, 34.5197], [131.6424, 34.5207], [131.6422, 34.5222], [131.6416, 34.523], [131.64, 34.5238], [131.6394, 34.5236], [131.6382, 34.524], [131.6375, 34.5249], [131.6373, 34.5257], [131.6361, 34.5257], [131.6358, 34.526], [131.6357, 34.5264], [131.6363, 34.527], [131.6362, 34.5277], [131.6363, 34.5281], [131.637, 34.5288], [131.6378, 34.529], [131.6374, 34.5294], [131.6365, 34.5295], [131.6357, 34.5292], [131.6347, 34.5294], [131.6348, 34.5309], [131.6345, 34.5312], [131.6335, 34.5319], [131.6312, 34.5313], [131.6305, 34.53], [131.628, 34.5298], [131.6272, 34.5296], [131.6254, 34.5286], [131.6247, 34.5292], [131.6241, 34.5302], [131.6233, 34.5306], [131.6215, 34.5309], [131.6211, 34.5314], [131.6208, 34.5313], [131.6199, 34.5306], [131.6197, 34.5306], [131.6191, 34.5311], [131.6183, 34.5324], [131.6178, 34.5341], [131.6184, 34.5352], [131.6197, 34.5359], [131.62, 34.5362], [131.6199, 34.5371], [131.6195, 34.5377], [131.619, 34.5374], [131.6176, 34.5376], [131.6163, 34.539], [131.6149, 34.5398], [131.6147, 34.5415], [131.6149, 34.5422], [131.614, 34.5422], [131.614, 34.5427], [131.613, 34.5441], [131.613, 34.5446], [131.6138, 34.5452], [131.6138, 34.5457], [131.6141, 34.5463], [131.6142, 34.5468], [131.6148, 34.547], [131.6139, 34.5472], [131.6134, 34.5477], [131.6128, 34.547], [131.612, 34.5475], [131.6115, 34.547], [131.6107, 34.5471], [131.61, 34.5468], [131.6096, 34.5457], [131.6092, 34.5454], [131.6087, 34.5454], [131.6081, 34.5465], [131.6067, 34.5471], [131.6048, 34.5488], [131.6048, 34.5497], [131.6045, 34.5502], [131.6032, 34.5496], [131.6029, 34.5501], [131.6025, 34.5504], [131.6013, 34.5507], [131.6004, 34.5506], [131.5999, 34.5509], [131.5998, 34.5516], [131.5994, 34.552], [131.5996, 34.5528], [131.5987, 34.5543], [131.598, 34.5546], [131.598, 34.5549], [131.5982, 34.5552], [131.5981, 34.5553], [131.5975, 34.5554], [131.597, 34.5562], [131.596, 34.5566], [131.5959, 34.5571], [131.5957, 34.5572], [131.5954, 34.5573], [131.5949, 34.5571], [131.5938, 34.5571], [131.5932, 34.5573], [131.5925, 34.5573], [131.5912, 34.557], [131.59, 34.5574], [131.5895, 34.5574], [131.5892, 34.5576], [131.5892, 34.5581], [131.5895, 34.5587], [131.5899, 34.559], [131.5911, 34.5593], [131.5914, 34.5595], [131.5914, 34.5601], [131.591, 34.5607], [131.5913, 34.5614], [131.5911, 34.5622], [131.5913, 34.5631], [131.5922, 34.5635], [131.5934, 34.5648], [131.5943, 34.5649], [131.5948, 34.5655], [131.5951, 34.5664], [131.5959, 34.567], [131.5954, 34.5679], [131.5962, 34.5687], [131.5961, 34.5703], [131.5954, 34.571], [131.5957, 34.5719], [131.5951, 34.5727], [131.5958, 34.5735], [131.5966, 34.5739], [131.5966, 34.5747], [131.5977, 34.5747], [131.5983, 34.5746], [131.599, 34.5747], [131.5987, 34.5759], [131.5991, 34.5767], [131.5996, 34.5771], [131.5996, 34.5794], [131.5998, 34.5797], [131.6005, 34.5801], [131.6008, 34.5829], [131.5993, 34.5841], [131.5988, 34.5851], [131.5979, 34.586], [131.5976, 34.5866], [131.5976, 34.5874], [131.597, 34.5884], [131.5967, 34.5885], [131.5961, 34.5881], [131.5942, 34.5881], [131.5938, 34.5884], [131.5937, 34.589], [131.5927, 34.5897], [131.5921, 34.5906], [131.5907, 34.5905], [131.59, 34.5907], [131.5895, 34.5903], [131.5884, 34.5901], [131.5878, 34.5912], [131.5868, 34.5919], [131.5863, 34.5922], [131.5854, 34.5922], [131.5849, 34.5923], [131.5849, 34.5934], [131.5847, 34.5938], [131.5841, 34.5943], [131.5841, 34.5951], [131.5835, 34.5969], [131.5829, 34.5977], [131.583, 34.5988], [131.5825, 34.5995], [131.5825, 34.6009], [131.5819, 34.6024], [131.5815, 34.6028], [131.5808, 34.6029], [131.5799, 34.6027], [131.5785, 34.6031], [131.5781, 34.6034], [131.5766, 34.6031], [131.5759, 34.6036], [131.5747, 34.6036], [131.574, 34.604], [131.5727, 34.6043], [131.5719, 34.6048], [131.5711, 34.605], [131.5705, 34.6047], [131.5697, 34.6047], [131.5689, 34.6057], [131.5677, 34.6061], [131.5649, 34.6065], [131.5634, 34.6072], [131.5628, 34.6067], [131.5622, 34.6057], [131.5616, 34.6051], [131.5605, 34.6048], [131.5603, 34.6042], [131.5595, 34.6038], [131.559, 34.6039], [131.5578, 34.6031]]], [[[131.4568, 34.4979], [131.4566, 34.498], [131.456, 34.4976], [131.4564, 34.4972], [131.4574, 34.4972], [131.4577, 34.4969], [131.4576, 34.4971], [131.4583, 34.4974], [131.4572, 34.498], [131.4568, 34.4979]]], [[[131.4494, 34.5127], [131.4492, 34.5129], [131.4496, 34.5131], [131.4491, 34.5132], [131.449, 34.5128], [131.4491, 34.5126], [131.4494, 34.5127]]], [[[131.4575, 34.4958], [131.457, 34.4958], [131.457, 34.4954], [131.4574, 34.4955], [131.4577, 34.4958], [131.4575, 34.4958]]], [[[131.4917, 34.5453], [131.4916, 34.5455], [131.4913, 34.5456], [131.4907, 34.5451], [131.4907, 34.5447], [131.491, 34.5443], [131.4908, 34.5441], [131.4912, 34.5436], [131.4917, 34.5436], [131.4929, 34.5429], [131.493, 34.5433], [131.4922, 34.5441], [131.4923, 34.545], [131.492, 34.5446], [131.4918, 34.545], [131.4915, 34.545], [131.4917, 34.5453]]], [[[131.4801, 34.575], [131.4787, 34.5747], [131.4785, 34.5749], [131.4782, 34.5747], [131.478, 34.575], [131.4778, 34.5749], [131.4782, 34.5746], [131.4778, 34.5746], [131.4782, 34.5743], [131.4785, 34.5732], [131.4793, 34.5726], [131.4801, 34.5729], [131.4802, 34.5739], [131.4808, 34.5745], [131.4807, 34.575], [131.4801, 34.575]]], [[[131.5161, 34.5659], [131.5157, 34.5667], [131.5146, 34.5669], [131.514, 34.5665], [131.5137, 34.5658], [131.5132, 34.5662], [131.5131, 34.5655], [131.514, 34.5646], [131.5152, 34.5646], [131.5154, 34.5643], [131.516, 34.5643], [131.5162, 34.5646], [131.5162, 34.5643], [131.5164, 34.5643], [131.5166, 34.5645], [131.5166, 34.5649], [131.5168, 34.5649], [131.5169, 34.5646], [131.5174, 34.5645], [131.5173, 34.5643], [131.5175, 34.5644], [131.5178, 34.5643], [131.518, 34.5644], [131.5181, 34.5647], [131.5179, 34.5652], [131.5181, 34.5653], [131.5179, 34.5655], [131.5176, 34.5651], [131.5175, 34.5656], [131.5172, 34.5659], [131.5162, 34.5657], [131.5161, 34.5659]]]]}, "properties": {"name": "山口県阿武町"}}]}