{"type": "FeatureCollection", "features": [{"type": "Feature", "geometry": {"type": "Polygon", "coordinates": [[[140.2965, 39.8328], [140.2932, 39.8309], [140.2878, 39.831], [140.2874, 39.8323], [140.2862, 39.8334], [140.2837, 39.8339], [140.2818, 39.835], [140.2798, 39.833], [140.2781, 39.832], [140.2773, 39.8299], [140.2748, 39.8288], [140.2738, 39.8274], [140.2703, 39.8271], [140.2661, 39.8277], [140.2649, 39.8283], [140.2641, 39.8297], [140.262, 39.829], [140.2603, 39.8301], [140.2588, 39.83], [140.2565, 39.8289], [140.2556, 39.8292], [140.2538, 39.8279], [140.252, 39.8275], [140.2505, 39.8277], [140.2491, 39.829], [140.2457, 39.8295], [140.2458, 39.831], [140.243, 39.8319], [140.2421, 39.8341], [140.2412, 39.8346], [140.2412, 39.8362], [140.2398, 39.8367], [140.2391, 39.8374], [140.2392, 39.8389], [140.2375, 39.8393], [140.237, 39.8401], [140.2353, 39.8404], [140.2337, 39.8416], [140.2332, 39.8429], [140.2323, 39.8436], [140.2326, 39.8446], [140.232, 39.8449], [140.2312, 39.8467], [140.2284, 39.8493], [140.2266, 39.8529], [140.2266, 39.8536], [140.2243, 39.8546], [140.2226, 39.8549], [140.2223, 39.8563], [140.2228, 39.8575], [140.222, 39.8589], [140.2227, 39.861], [140.2195, 39.8625], [140.2176, 39.8629], [140.216, 39.8629], [140.2129, 39.8629], [140.2119, 39.8642], [140.2095, 39.8636], [140.2086, 39.8648], [140.2079, 39.865], [140.2017, 39.8636], [140.2005, 39.864], [140.1989, 39.8623], [140.1977, 39.8598], [140.1988, 39.8574], [140.1989, 39.8554], [140.1982, 39.8541], [140.1931, 39.8516], [140.1937, 39.8508], [140.1929, 39.8477], [140.1862, 39.8483], [140.1829, 39.8477], [140.1805, 39.8465], [140.1773, 39.8464], [140.1766, 39.8454], [140.1752, 39.8447], [140.1707, 39.8449], [140.1683, 39.8441], [140.1667, 39.8447], [140.1659, 39.8467], [140.1647, 39.8475], [140.1641, 39.8475], [140.163, 39.8467], [140.1609, 39.8468], [140.1605, 39.848], [140.1593, 39.8491], [140.1581, 39.8488], [140.1576, 39.8493], [140.1554, 39.8496], [140.1546, 39.849], [140.1537, 39.8474], [140.1524, 39.8464], [140.1491, 39.8459], [140.1488, 39.8451], [140.1475, 39.8446], [140.1463, 39.846], [140.1457, 39.8459], [140.1445, 39.8449], [140.1425, 39.8462], [140.1413, 39.8464], [140.14, 39.846], [140.139, 39.8448], [140.1346, 39.8455], [140.1331, 39.8448], [140.1322, 39.8454], [140.1292, 39.8462], [140.1242, 39.8491], [140.1238, 39.8519], [140.1206, 39.8521], [140.1195, 39.8507], [140.1187, 39.8508], [140.117, 39.8505], [140.1164, 39.8493], [140.1153, 39.8485], [140.1145, 39.8486], [140.1144, 39.8472], [140.1136, 39.8461], [140.1118, 39.8455], [140.1109, 39.844], [140.1077, 39.8439], [140.1078, 39.8422], [140.1074, 39.8416], [140.1059, 39.842], [140.1047, 39.8415], [140.1036, 39.8419], [140.1023, 39.8414], [140.1016, 39.8419], [140.0996, 39.8411], [140.0984, 39.8413], [140.0982, 39.8401], [140.0973, 39.8398], [140.0974, 39.8389], [140.096, 39.8379], [140.0963, 39.8361], [140.0949, 39.8351], [140.0939, 39.8353], [140.0924, 39.8369], [140.0909, 39.8377], [140.0901, 39.8403], [140.091, 39.841], [140.091, 39.8419], [140.0907, 39.843], [140.0897, 39.8436], [140.0897, 39.8443], [140.0885, 39.8442], [140.0878, 39.8452], [140.0864, 39.8457], [140.0854, 39.8453], [140.0834, 39.8456], [140.0826, 39.8443], [140.0815, 39.8439], [140.081, 39.8441], [140.0809, 39.8466], [140.0797, 39.8486], [140.0797, 39.8494], [140.0769, 39.8499], [140.076, 39.8508], [140.0767, 39.8528], [140.0778, 39.8526], [140.0786, 39.8519], [140.0769, 39.855], [140.0756, 39.8551], [140.074, 39.8559], [140.0726, 39.8576], [140.0708, 39.8578], [140.0702, 39.8585], [140.0687, 39.8583], [140.0677, 39.8598], [140.066, 39.8597], [140.0658, 39.8591], [140.0641, 39.8591], [140.0661, 39.8551], [140.0661, 39.8546], [140.0656, 39.8543], [140.0661, 39.8539], [140.0663, 39.8529], [140.0653, 39.8523], [140.0658, 39.8522], [140.0659, 39.85], [140.0622, 39.849], [140.0593, 39.8473], [140.0556, 39.8522], [140.0527, 39.8501], [140.0484, 39.8491], [140.0489, 39.8475], [140.0499, 39.8466], [140.0493, 39.8463], [140.0487, 39.8448], [140.0497, 39.8433], [140.0496, 39.8411], [140.051, 39.8382], [140.0514, 39.8383], [140.0545, 39.8292], [140.0552, 39.8242], [140.0549, 39.8164], [140.056, 39.8073], [140.0483, 39.8057], [140.0337, 39.8049], [140.0372, 39.797], [140.0373, 39.7959], [140.0009, 39.79], [140.0115, 39.723], [140.0569, 39.7305], [140.0573, 39.73], [140.0601, 39.7067], [140.0601, 39.7042], [140.0595, 39.703], [140.0599, 39.6953], [140.062, 39.6782], [140.063, 39.6634], [140.0628, 39.6491], [140.0632, 39.6488], [140.0633, 39.6439], [140.0623, 39.6345], [140.0618, 39.6203], [140.0597, 39.5978], [140.0639, 39.5976], [140.0655, 39.5969], [140.0665, 39.5969], [140.0688, 39.5984], [140.0703, 39.5981], [140.0704, 39.5973], [140.0722, 39.5971], [140.0738, 39.595], [140.0758, 39.5947], [140.077, 39.5922], [140.0761, 39.5917], [140.0756, 39.5897], [140.0774, 39.5878], [140.0764, 39.5862], [140.0751, 39.5853], [140.0748, 39.5845], [140.0768, 39.5836], [140.0798, 39.5842], [140.0804, 39.5827], [140.0775, 39.5815], [140.0739, 39.5815], [140.0724, 39.5819], [140.077, 39.5795], [140.0785, 39.5796], [140.0804, 39.5809], [140.0832, 39.5817], [140.086, 39.5799], [140.0867, 39.5799], [140.0877, 39.5808], [140.088, 39.5819], [140.089, 39.582], [140.0898, 39.583], [140.0931, 39.5824], [140.0966, 39.5839], [140.0981, 39.5836], [140.1002, 39.5822], [140.1002, 39.5816], [140.0989, 39.5803], [140.102, 39.5806], [140.1011, 39.5788], [140.099, 39.5783], [140.0964, 39.5783], [140.0987, 39.5767], [140.1004, 39.5764], [140.1024, 39.5769], [140.105, 39.5764], [140.1062, 39.5776], [140.1074, 39.5762], [140.1086, 39.5761], [140.1104, 39.5752], [140.1125, 39.575], [140.1114, 39.5775], [140.1155, 39.5771], [140.1204, 39.5759], [140.1221, 39.5761], [140.1221, 39.5747], [140.1192, 39.5735], [140.1217, 39.5724], [140.121, 39.571], [140.1232, 39.5701], [140.124, 39.5705], [140.125, 39.57], [140.1292, 39.5695], [140.1294, 39.57], [140.1313, 39.5701], [140.1326, 39.5692], [140.1348, 39.5689], [140.1369, 39.5696], [140.1387, 39.5687], [140.144, 39.5697], [140.1471, 39.5698], [140.1485, 39.5705], [140.1509, 39.5694], [140.1534, 39.5658], [140.153, 39.5652], [140.1533, 39.5635], [140.1539, 39.563], [140.1578, 39.5616], [140.16, 39.5594], [140.1594, 39.5585], [140.1601, 39.5564], [140.16, 39.5542], [140.1607, 39.5534], [140.1608, 39.552], [140.1626, 39.5503], [140.1663, 39.549], [140.1673, 39.5481], [140.1649, 39.5448], [140.1646, 39.5423], [140.1637, 39.5415], [140.159, 39.5398], [140.1559, 39.5378], [140.16, 39.536], [140.1609, 39.5349], [140.1644, 39.5352], [140.1657, 39.5335], [140.1681, 39.5327], [140.1695, 39.5329], [140.171, 39.5347], [140.1739, 39.5356], [140.1795, 39.5363], [140.1822, 39.539], [140.1855, 39.5388], [140.1857, 39.5372], [140.1876, 39.5363], [140.1884, 39.534], [140.1879, 39.5326], [140.1859, 39.5306], [140.1846, 39.5303], [140.1851, 39.5286], [140.184, 39.5216], [140.1827, 39.5209], [140.1805, 39.5208], [140.1795, 39.5202], [140.179, 39.5192], [140.1795, 39.5177], [140.1809, 39.5159], [140.1788, 39.5141], [140.178, 39.5124], [140.1798, 39.5107], [140.1805, 39.5092], [140.1795, 39.5065], [140.1804, 39.504], [140.1825, 39.5034], [140.1849, 39.5039], [140.1861, 39.5031], [140.1871, 39.5032], [140.1891, 39.5013], [140.1915, 39.5007], [140.1938, 39.5015], [140.1952, 39.5016], [140.196, 39.5009], [140.1963, 39.4991], [140.1973, 39.4979], [140.1982, 39.4975], [140.2, 39.4975], [140.2019, 39.4967], [140.2048, 39.4972], [140.2062, 39.4971], [140.2077, 39.496], [140.2087, 39.4966], [140.2117, 39.4958], [140.2156, 39.4981], [140.2182, 39.4951], [140.2192, 39.4945], [140.2196, 39.4924], [140.22, 39.4923], [140.2213, 39.4923], [140.222, 39.4928], [140.2244, 39.4927], [140.2279, 39.4943], [140.229, 39.4936], [140.2291, 39.4928], [140.2303, 39.4919], [140.2312, 39.492], [140.2323, 39.4926], [140.2353, 39.4926], [140.2355, 39.4907], [140.2334, 39.4892], [140.2319, 39.4897], [140.2308, 39.4892], [140.229, 39.4893], [140.2291, 39.4905], [140.2281, 39.4908], [140.226, 39.4902], [140.2252, 39.4889], [140.2223, 39.4875], [140.2229, 39.4857], [140.2226, 39.484], [140.2207, 39.4817], [140.2239, 39.4807], [140.2236, 39.4784], [140.222, 39.4781], [140.2213, 39.4767], [140.2215, 39.4757], [140.2228, 39.4746], [140.2217, 39.4726], [140.2226, 39.4725], [140.2231, 39.4719], [140.2224, 39.4699], [140.2232, 39.4675], [140.2254, 39.4677], [140.2261, 39.4688], [140.2279, 39.4688], [140.2285, 39.4708], [140.2315, 39.4722], [140.2323, 39.4714], [140.2323, 39.4702], [140.2332, 39.4696], [140.236, 39.4688], [140.239, 39.4672], [140.2392, 39.4658], [140.2385, 39.4643], [140.2362, 39.4628], [140.2359, 39.4616], [140.2342, 39.4604], [140.2362, 39.4577], [140.2373, 39.4573], [140.2403, 39.4549], [140.2426, 39.4549], [140.244, 39.4545], [140.245, 39.4555], [140.2471, 39.4542], [140.2497, 39.4543], [140.2511, 39.4523], [140.252, 39.4524], [140.2533, 39.4509], [140.2572, 39.4491], [140.2588, 39.4489], [140.2599, 39.4493], [140.262, 39.4519], [140.2637, 39.4516], [140.2645, 39.4507], [140.2665, 39.4522], [140.2674, 39.4516], [140.2674, 39.4508], [140.269, 39.4497], [140.2701, 39.4505], [140.2728, 39.4506], [140.2732, 39.4496], [140.2736, 39.4495], [140.2759, 39.4515], [140.2778, 39.4507], [140.2789, 39.451], [140.2797, 39.4539], [140.2818, 39.4555], [140.2795, 39.4572], [140.2797, 39.4587], [140.2824, 39.4594], [140.2837, 39.4589], [140.2837, 39.4613], [140.2825, 39.4628], [140.2822, 39.4655], [140.2811, 39.4663], [140.2815, 39.4676], [140.2809, 39.4691], [140.2783, 39.4703], [140.2769, 39.4717], [140.2767, 39.4745], [140.2752, 39.4752], [140.2744, 39.4771], [140.2732, 39.4782], [140.2719, 39.4782], [140.2712, 39.4786], [140.2714, 39.4805], [140.27, 39.4818], [140.268, 39.4824], [140.2663, 39.4824], [140.2654, 39.484], [140.2662, 39.4857], [140.2708, 39.4886], [140.2741, 39.4886], [140.2757, 39.4896], [140.2751, 39.4912], [140.2754, 39.4919], [140.273, 39.4926], [140.2723, 39.4938], [140.2704, 39.4947], [140.2705, 39.4961], [140.269, 39.4969], [140.2695, 39.4982], [140.2686, 39.4989], [140.2686, 39.5001], [140.2695, 39.5013], [140.2704, 39.504], [140.2689, 39.5051], [140.2685, 39.5061], [140.267, 39.5061], [140.2653, 39.5074], [140.2651, 39.5088], [140.2641, 39.509], [140.2635, 39.5096], [140.263, 39.512], [140.2549, 39.5123], [140.2532, 39.5127], [140.2514, 39.5141], [140.249, 39.5189], [140.2482, 39.5218], [140.2468, 39.5315], [140.2468, 39.5383], [140.2452, 39.5415], [140.2444, 39.542], [140.2429, 39.5421], [140.2411, 39.544], [140.2281, 39.5436], [140.2273, 39.5482], [140.2295, 39.5489], [140.2326, 39.5509], [140.2351, 39.5516], [140.2353, 39.5522], [140.2347, 39.553], [140.2332, 39.5539], [140.235, 39.5557], [140.2344, 39.5562], [140.2329, 39.5565], [140.2328, 39.5601], [140.2357, 39.5607], [140.2375, 39.5615], [140.2395, 39.5628], [140.2398, 39.5638], [140.2407, 39.5643], [140.24, 39.565], [140.2397, 39.5666], [140.2418, 39.5678], [140.2411, 39.5706], [140.2427, 39.5724], [140.2445, 39.5738], [140.2464, 39.5731], [140.2487, 39.5735], [140.2493, 39.5749], [140.2508, 39.5757], [140.2539, 39.5752], [140.2547, 39.5767], [140.2559, 39.5778], [140.2558, 39.5795], [140.2549, 39.5819], [140.2553, 39.5827], [140.2547, 39.5833], [140.2558, 39.5853], [140.2545, 39.5866], [140.2547, 39.5886], [140.2559, 39.5891], [140.2562, 39.5912], [140.2573, 39.5919], [140.2575, 39.5931], [140.2624, 39.5944], [140.2628, 39.5958], [140.2642, 39.5965], [140.2647, 39.5975], [140.2659, 39.598], [140.2661, 39.5992], [140.2656, 39.6003], [140.2681, 39.6017], [140.2669, 39.6038], [140.2663, 39.6071], [140.2674, 39.6098], [140.268, 39.6103], [140.2705, 39.6104], [140.2715, 39.6122], [140.2767, 39.6157], [140.2777, 39.6206], [140.2772, 39.6223], [140.2762, 39.6231], [140.276, 39.6244], [140.2782, 39.6244], [140.2809, 39.6231], [140.282, 39.6241], [140.2841, 39.6251], [140.2828, 39.6264], [140.2832, 39.629], [140.2839, 39.6294], [140.284, 39.6304], [140.285, 39.6313], [140.2856, 39.6372], [140.2845, 39.6385], [140.2849, 39.6394], [140.2846, 39.6403], [140.2819, 39.6404], [140.2802, 39.6411], [140.2798, 39.6417], [140.2791, 39.6417], [140.278, 39.6414], [140.278, 39.64], [140.2772, 39.6386], [140.2766, 39.6385], [140.2753, 39.6391], [140.2743, 39.6382], [140.2713, 39.6383], [140.2711, 39.6405], [140.2705, 39.6412], [140.2687, 39.6419], [140.2684, 39.6433], [140.2676, 39.6435], [140.267, 39.6443], [140.269, 39.645], [140.27, 39.646], [140.2699, 39.6466], [140.2685, 39.6496], [140.2654, 39.6515], [140.2656, 39.6522], [140.2659, 39.6524], [140.2671, 39.6515], [140.2697, 39.6515], [140.2709, 39.6528], [140.2708, 39.6535], [140.2725, 39.6538], [140.2768, 39.6542], [140.278, 39.6536], [140.2807, 39.6532], [140.2816, 39.6539], [140.287, 39.6542], [140.2892, 39.6549], [140.2898, 39.6547], [140.2904, 39.6553], [140.2911, 39.655], [140.2923, 39.6554], [140.2939, 39.6533], [140.2938, 39.6524], [140.2948, 39.6504], [140.2948, 39.6492], [140.2954, 39.6488], [140.3001, 39.6477], [140.3009, 39.6472], [140.3024, 39.6487], [140.3087, 39.6476], [140.3102, 39.6495], [140.3106, 39.6511], [140.3099, 39.6541], [140.3102, 39.6556], [140.3077, 39.6592], [140.3088, 39.6603], [140.3074, 39.6639], [140.3084, 39.6647], [140.3089, 39.666], [140.3068, 39.6672], [140.3065, 39.6678], [140.3078, 39.6699], [140.31, 39.6703], [140.3108, 39.6712], [140.311, 39.673], [140.3121, 39.6733], [140.3142, 39.6727], [140.3148, 39.6736], [140.3164, 39.6737], [140.3173, 39.6748], [140.3192, 39.6747], [140.3194, 39.6759], [140.3201, 39.677], [140.3214, 39.6761], [140.3221, 39.6763], [140.3235, 39.6787], [140.3253, 39.6806], [140.3265, 39.6793], [140.3271, 39.6801], [140.3286, 39.6803], [140.3299, 39.6796], [140.3308, 39.6797], [140.3324, 39.6793], [140.3345, 39.6804], [140.3373, 39.678], [140.3381, 39.6765], [140.3392, 39.6764], [140.34, 39.6757], [140.3418, 39.6752], [140.3434, 39.6768], [140.3427, 39.6795], [140.3429, 39.6804], [140.3422, 39.6813], [140.3422, 39.6837], [140.3431, 39.6844], [140.3434, 39.6861], [140.3444, 39.686], [140.3458, 39.6866], [140.346, 39.6874], [140.347, 39.6882], [140.347, 39.6897], [140.3479, 39.6914], [140.3505, 39.6914], [140.3516, 39.6921], [140.3523, 39.691], [140.3531, 39.6909], [140.3544, 39.6921], [140.355, 39.6919], [140.3559, 39.6924], [140.3571, 39.6923], [140.3575, 39.6936], [140.3588, 39.6945], [140.3606, 39.6946], [140.3619, 39.6955], [140.3637, 39.6953], [140.3675, 39.6937], [140.3703, 39.6939], [140.3723, 39.693], [140.3735, 39.6934], [140.3752, 39.6947], [140.3788, 39.6958], [140.3821, 39.6965], [140.383, 39.6964], [140.3835, 39.6975], [140.3857, 39.6993], [140.3875, 39.6992], [140.3893, 39.7006], [140.3925, 39.7], [140.3934, 39.701], [140.3949, 39.7012], [140.3953, 39.7019], [140.3955, 39.706], [140.3978, 39.7055], [140.3992, 39.7064], [140.4026, 39.7053], [140.4071, 39.707], [140.4083, 39.7081], [140.4095, 39.7104], [140.4129, 39.7123], [140.4146, 39.7148], [140.417, 39.7141], [140.4189, 39.7151], [140.4207, 39.715], [140.4232, 39.7138], [140.4252, 39.7135], [140.427, 39.7124], [140.4275, 39.7115], [140.4307, 39.7106], [140.4317, 39.7097], [140.4316, 39.7089], [140.4323, 39.7084], [140.4325, 39.7075], [140.4369, 39.7063], [140.4381, 39.7064], [140.4402, 39.7056], [140.442, 39.7057], [140.4449, 39.7047], [140.4473, 39.7053], [140.4513, 39.7078], [140.4548, 39.7082], [140.4557, 39.7091], [140.4572, 39.7093], [140.4606, 39.7111], [140.4633, 39.7111], [140.4711, 39.7149], [140.4731, 39.7152], [140.4747, 39.7169], [140.4768, 39.7157], [140.4803, 39.717], [140.4832, 39.7176], [140.4862, 39.7192], [140.4866, 39.7203], [140.4874, 39.721], [140.4901, 39.7219], [140.4918, 39.7235], [140.4965, 39.7238], [140.4976, 39.7245], [140.4992, 39.7246], [140.501, 39.7257], [140.503, 39.7262], [140.505, 39.7287], [140.507, 39.7295], [140.507, 39.7303], [140.5091, 39.7335], [140.5091, 39.735], [140.5103, 39.7363], [140.5087, 39.7378], [140.5088, 39.7405], [140.5103, 39.7422], [140.5112, 39.7442], [140.5136, 39.7458], [140.5155, 39.7477], [140.5152, 39.75], [140.5129, 39.7512], [140.5125, 39.7536], [140.5102, 39.7547], [140.5093, 39.7566], [140.5073, 39.7617], [140.5076, 39.7642], [140.5063, 39.7689], [140.5044, 39.7702], [140.5038, 39.7717], [140.5018, 39.7721], [140.498, 39.7737], [140.497, 39.7748], [140.4966, 39.7765], [140.4954, 39.7766], [140.4929, 39.7777], [140.49, 39.7809], [140.4905, 39.7819], [140.4875, 39.7854], [140.4868, 39.7883], [140.4858, 39.7893], [140.4845, 39.7897], [140.4841, 39.7933], [140.4836, 39.7943], [140.4805, 39.7956], [140.4803, 39.7966], [140.4779, 39.7958], [140.4753, 39.7957], [140.4746, 39.7961], [140.4746, 39.7983], [140.4716, 39.8011], [140.4718, 39.8024], [140.4709, 39.8053], [140.4684, 39.8078], [140.4676, 39.8079], [140.4674, 39.8101], [140.4652, 39.8124], [140.4609, 39.815], [140.4589, 39.8207], [140.4599, 39.8229], [140.4589, 39.8239], [140.4561, 39.8235], [140.4522, 39.8245], [140.4494, 39.8238], [140.4484, 39.823], [140.4465, 39.8228], [140.4451, 39.8222], [140.4402, 39.822], [140.4356, 39.8211], [140.432, 39.8196], [140.4312, 39.82], [140.4319, 39.8218], [140.4313, 39.8223], [140.4308, 39.8238], [140.4299, 39.8246], [140.4292, 39.8245], [140.4277, 39.8252], [140.4246, 39.825], [140.4227, 39.8255], [140.4185, 39.827], [140.4167, 39.8286], [140.4103, 39.828], [140.4088, 39.8285], [140.4044, 39.8289], [140.4024, 39.8308], [140.4016, 39.8321], [140.4016, 39.8338], [140.4007, 39.8347], [140.3943, 39.8333], [140.3931, 39.8341], [140.3905, 39.835], [140.3884, 39.8347], [140.3858, 39.8349], [140.3842, 39.8346], [140.3822, 39.8348], [140.3795, 39.8339], [140.3754, 39.8357], [140.3721, 39.8358], [140.3707, 39.8334], [140.3666, 39.8316], [140.3635, 39.828], [140.3622, 39.8275], [140.3594, 39.8274], [140.3558, 39.8263], [140.3532, 39.8238], [140.3517, 39.8214], [140.3478, 39.819], [140.3466, 39.8165], [140.3485, 39.8136], [140.3485, 39.8126], [140.3491, 39.8114], [140.348, 39.8097], [140.3417, 39.8059], [140.3404, 39.8044], [140.3384, 39.8039], [140.336, 39.8039], [140.3313, 39.8011], [140.3287, 39.8002], [140.3268, 39.8002], [140.3254, 39.7997], [140.3212, 39.7966], [140.3179, 39.796], [140.3163, 39.796], [140.3141, 39.7969], [140.3108, 39.797], [140.3109, 39.7984], [140.3125, 39.8008], [140.3145, 39.806], [140.3145, 39.8077], [140.3133, 39.8093], [140.313, 39.8107], [140.3137, 39.8133], [140.3144, 39.8139], [140.3128, 39.8137], [140.3122, 39.814], [140.3114, 39.8154], [140.3084, 39.817], [140.3086, 39.8187], [140.3105, 39.8204], [140.3086, 39.8231], [140.3096, 39.8252], [140.3094, 39.8257], [140.3083, 39.827], [140.3076, 39.8271], [140.3074, 39.8283], [140.3064, 39.83], [140.3032, 39.8312], [140.3013, 39.8314], [140.2985, 39.8328], [140.2965, 39.8328]]]}, "properties": {"name": "秋田県秋田市"}}, {"type": "Feature", "geometry": {"type": "Polygon", "coordinates": [[[140.042, 40.2749], [140.041, 40.2751], [140.0382, 40.2741], [140.0329, 40.2704], [140.0321, 40.2683], [140.0314, 40.2677], [140.0323, 40.266], [140.0323, 40.265], [140.0308, 40.263], [140.0293, 40.2629], [140.0231, 40.264], [140.0233, 40.262], [140.0223, 40.2628], [140.02, 40.2623], [140.019, 40.2632], [140.0177, 40.263], [140.0171, 40.2646], [140.0161, 40.2649], [140.0156, 40.2656], [140.0118, 40.2483], [140.0108, 40.2447], [140.01, 40.2432], [139.9872, 40.2449], [139.9657, 40.2011], [139.9601, 40.2018], [139.9569, 40.1801], [139.9923, 40.1774], [139.9911, 40.172], [139.988, 40.1632], [139.9856, 40.1571], [139.9849, 40.1563], [139.9789, 40.1398], [139.9725, 40.1251], [139.9778, 40.1237], [139.9832, 40.1237], [140.0069, 40.122], [140.0075, 40.1256], [140.0085, 40.1263], [140.0096, 40.1255], [140.0131, 40.1242], [140.0117, 40.1252], [140.0122, 40.1256], [140.0125, 40.1252], [140.0138, 40.1257], [140.0189, 40.1257], [140.0221, 40.1248], [140.0267, 40.1247], [140.0259, 40.1283], [140.0228, 40.1283], [140.0227, 40.129], [140.0257, 40.1291], [140.0259, 40.1313], [140.0267, 40.1313], [140.0268, 40.1324], [140.0261, 40.1325], [140.027, 40.1341], [140.0279, 40.1352], [140.0312, 40.1364], [140.0311, 40.1403], [140.035, 40.1422], [140.0353, 40.1432], [140.0376, 40.1454], [140.0389, 40.1482], [140.0386, 40.1493], [140.0392, 40.1517], [140.0414, 40.1537], [140.0422, 40.1542], [140.042, 40.1529], [140.0432, 40.1532], [140.0433, 40.1526], [140.0441, 40.1527], [140.0446, 40.1517], [140.0479, 40.1505], [140.0496, 40.1494], [140.052, 40.1488], [140.0554, 40.1508], [140.0572, 40.1527], [140.058, 40.1528], [140.0581, 40.1525], [140.0603, 40.1536], [140.0618, 40.1539], [140.0641, 40.1556], [140.0657, 40.1558], [140.0657, 40.1567], [140.0677, 40.1566], [140.0686, 40.1573], [140.073, 40.1554], [140.0738, 40.1541], [140.0744, 40.1546], [140.0788, 40.1518], [140.0781, 40.1511], [140.0795, 40.1512], [140.0792, 40.1507], [140.0805, 40.151], [140.0821, 40.1504], [140.0821, 40.1492], [140.0867, 40.149], [140.0932, 40.1499], [140.0942, 40.1487], [140.0971, 40.1485], [140.0975, 40.1477], [140.0986, 40.1475], [140.0968, 40.1455], [140.098, 40.1443], [140.1008, 40.1465], [140.1005, 40.1447], [140.1013, 40.1437], [140.1019, 40.1441], [140.102, 40.1451], [140.1026, 40.1453], [140.1031, 40.1448], [140.1049, 40.1444], [140.1058, 40.1434], [140.1087, 40.1427], [140.1084, 40.1409], [140.1093, 40.1407], [140.1101, 40.1394], [140.11, 40.1381], [140.1114, 40.1374], [140.1116, 40.1359], [140.1132, 40.1354], [140.1161, 40.1327], [140.1195, 40.1308], [140.1209, 40.1291], [140.1228, 40.129], [140.1234, 40.1284], [140.126, 40.1286], [140.1265, 40.13], [140.1272, 40.1304], [140.1286, 40.1307], [140.1301, 40.1305], [140.1333, 40.1319], [140.1348, 40.1314], [140.1359, 40.1302], [140.1376, 40.1296], [140.1385, 40.1294], [140.1409, 40.13], [140.1435, 40.1295], [140.1447, 40.128], [140.1476, 40.1281], [140.1483, 40.1286], [140.1491, 40.1287], [140.1502, 40.1282], [140.1515, 40.1292], [140.1541, 40.1286], [140.1553, 40.1279], [140.161, 40.1291], [140.1615, 40.1314], [140.162, 40.1317], [140.1691, 40.1318], [140.175, 40.1302], [140.1757, 40.1315], [140.1798, 40.132], [140.1802, 40.1319], [140.1804, 40.1303], [140.1823, 40.1305], [140.1883, 40.1291], [140.1886, 40.1278], [140.1879, 40.1251], [140.1839, 40.1227], [140.1845, 40.1189], [140.1844, 40.1184], [140.1832, 40.1178], [140.1832, 40.1162], [140.1823, 40.1159], [140.1814, 40.1162], [140.1805, 40.1157], [140.1774, 40.1121], [140.177, 40.1104], [140.1775, 40.1081], [140.1761, 40.1078], [140.1749, 40.1067], [140.1772, 40.1053], [140.1747, 40.104], [140.1751, 40.1023], [140.1748, 40.1013], [140.1738, 40.1007], [140.1745, 40.0981], [140.1766, 40.0983], [140.178, 40.0975], [140.1781, 40.0963], [140.1792, 40.0958], [140.18, 40.0944], [140.1818, 40.0939], [140.1825, 40.0932], [140.1815, 40.092], [140.1815, 40.0914], [140.1823, 40.09], [140.1835, 40.0902], [140.185, 40.0862], [140.1833, 40.0842], [140.1843, 40.0832], [140.1843, 40.0825], [140.1884, 40.0821], [140.1894, 40.0807], [140.1926, 40.0809], [140.1931, 40.0806], [140.1926, 40.075], [140.1916, 40.0745], [140.1918, 40.0738], [140.1905, 40.0712], [140.1905, 40.0697], [140.1896, 40.0677], [140.19, 40.0672], [140.1914, 40.0679], [140.1951, 40.0685], [140.197, 40.0685], [140.2003, 40.0677], [140.2072, 40.0706], [140.2081, 40.0698], [140.2101, 40.0701], [140.2118, 40.0696], [140.2147, 40.0696], [140.2146, 40.0665], [140.216, 40.0637], [140.2161, 40.0605], [140.2207, 40.0565], [140.2217, 40.0563], [140.2241, 40.0548], [140.2259, 40.0525], [140.2302, 40.0494], [140.2335, 40.0493], [140.2343, 40.0485], [140.2367, 40.0475], [140.2381, 40.0486], [140.2397, 40.0491], [140.2425, 40.0522], [140.2419, 40.0534], [140.2395, 40.0552], [140.2398, 40.0564], [140.2411, 40.057], [140.2419, 40.0579], [140.2411, 40.0584], [140.2405, 40.0607], [140.2423, 40.0624], [140.2434, 40.0623], [140.2451, 40.0634], [140.2482, 40.063], [140.2488, 40.0634], [140.2504, 40.0635], [140.25, 40.0649], [140.2491, 40.0655], [140.2502, 40.0665], [140.25, 40.0688], [140.2531, 40.0697], [140.2542, 40.0712], [140.2529, 40.0712], [140.2512, 40.0722], [140.251, 40.0737], [140.2522, 40.0753], [140.2525, 40.0768], [140.2517, 40.079], [140.2531, 40.0802], [140.2547, 40.0807], [140.2549, 40.0815], [140.2537, 40.083], [140.2544, 40.0841], [140.2555, 40.0845], [140.2556, 40.0854], [140.2546, 40.0862], [140.25, 40.0868], [140.2492, 40.0875], [140.2491, 40.0886], [140.2473, 40.0887], [140.2467, 40.0891], [140.2468, 40.0899], [140.2475, 40.0905], [140.2479, 40.0927], [140.2495, 40.0927], [140.2497, 40.0943], [140.2514, 40.0942], [140.2522, 40.0951], [140.2524, 40.0965], [140.2532, 40.097], [140.2502, 40.0992], [140.2489, 40.1011], [140.2485, 40.1026], [140.247, 40.1036], [140.2473, 40.1059], [140.2451, 40.1078], [140.2445, 40.1094], [140.243, 40.1108], [140.2428, 40.1117], [140.2436, 40.1133], [140.2453, 40.1143], [140.2457, 40.1156], [140.2479, 40.1176], [140.2479, 40.1188], [140.2467, 40.1197], [140.2478, 40.1207], [140.2479, 40.1217], [140.247, 40.1241], [140.2473, 40.1254], [140.2469, 40.1264], [140.2479, 40.1273], [140.2485, 40.129], [140.2499, 40.1295], [140.2502, 40.131], [140.2502, 40.1316], [140.2492, 40.1317], [140.2478, 40.1347], [140.2481, 40.138], [140.2493, 40.14], [140.2497, 40.1425], [140.2527, 40.1431], [140.2543, 40.1463], [140.2551, 40.1514], [140.2568, 40.1526], [140.2571, 40.1569], [140.2574, 40.1581], [140.2581, 40.1586], [140.2545, 40.1605], [140.2543, 40.1624], [140.2534, 40.164], [140.2543, 40.1661], [140.2528, 40.1687], [140.2541, 40.1721], [140.2537, 40.1768], [140.254, 40.1787], [140.2549, 40.1802], [140.2543, 40.1809], [140.2543, 40.182], [140.255, 40.183], [140.2568, 40.1833], [140.2609, 40.1848], [140.2627, 40.185], [140.2642, 40.1837], [140.266, 40.1836], [140.2689, 40.1861], [140.2697, 40.1863], [140.2705, 40.1871], [140.2711, 40.1869], [140.2712, 40.1875], [140.2718, 40.1876], [140.2709, 40.1888], [140.2724, 40.193], [140.2724, 40.1945], [140.2732, 40.196], [140.2745, 40.1969], [140.2766, 40.1958], [140.2825, 40.1953], [140.2851, 40.1954], [140.2875, 40.1964], [140.2901, 40.1984], [140.2922, 40.1979], [140.2953, 40.1982], [140.2985, 40.2007], [140.2993, 40.2004], [140.2996, 40.2006], [140.3, 40.2014], [140.2993, 40.2056], [140.2957, 40.2048], [140.2934, 40.2054], [140.2913, 40.2066], [140.288, 40.2102], [140.2869, 40.2108], [140.2794, 40.2104], [140.2776, 40.2111], [140.274, 40.2106], [140.2729, 40.2115], [140.2737, 40.2127], [140.2771, 40.2139], [140.2787, 40.2149], [140.2796, 40.2169], [140.2801, 40.2171], [140.2796, 40.218], [140.2797, 40.219], [140.2808, 40.2196], [140.2821, 40.2216], [140.2819, 40.2229], [140.2828, 40.2246], [140.2813, 40.2267], [140.2799, 40.2274], [140.2802, 40.2283], [140.2797, 40.2291], [140.2762, 40.2313], [140.2758, 40.2326], [140.2746, 40.2337], [140.2735, 40.2357], [140.2735, 40.2365], [140.2753, 40.2377], [140.2764, 40.2399], [140.2766, 40.2406], [140.2757, 40.2412], [140.2761, 40.2416], [140.2742, 40.2427], [140.2726, 40.2443], [140.2714, 40.2446], [140.2694, 40.2441], [140.2679, 40.2429], [140.2664, 40.2432], [140.265, 40.244], [140.2635, 40.2437], [140.261, 40.2424], [140.2601, 40.2423], [140.2596, 40.2428], [140.2524, 40.2405], [140.2498, 40.2459], [140.248, 40.2437], [140.2479, 40.2441], [140.2456, 40.2451], [140.2445, 40.246], [140.2431, 40.2456], [140.2407, 40.2472], [140.2391, 40.2471], [140.2355, 40.2492], [140.232, 40.2478], [140.2306, 40.2485], [140.2309, 40.2502], [140.2303, 40.2511], [140.2285, 40.2522], [140.2274, 40.2524], [140.2261, 40.2542], [140.2225, 40.2555], [140.2213, 40.2554], [140.2189, 40.2591], [140.2204, 40.2614], [140.2205, 40.2627], [140.2236, 40.2635], [140.2237, 40.2641], [140.2229, 40.2649], [140.2227, 40.2672], [140.2182, 40.2681], [140.2168, 40.2671], [140.2153, 40.2684], [140.2144, 40.2683], [140.2117, 40.2694], [140.2122, 40.2704], [140.2114, 40.2706], [140.211, 40.2711], [140.2112, 40.2742], [140.2131, 40.2752], [140.2164, 40.2759], [140.2176, 40.2775], [140.2174, 40.2784], [140.2165, 40.2792], [140.2167, 40.28], [140.2185, 40.2824], [140.2178, 40.2849], [140.2192, 40.2877], [140.219, 40.2899], [140.2188, 40.2903], [140.2173, 40.2907], [140.2169, 40.2923], [140.2162, 40.291], [140.2169, 40.2892], [140.2167, 40.2879], [140.2158, 40.2877], [140.215, 40.2868], [140.2141, 40.2869], [140.214, 40.2885], [140.2134, 40.2892], [140.2135, 40.2911], [140.2143, 40.292], [140.2135, 40.2927], [140.2143, 40.2933], [140.2146, 40.2949], [140.2139, 40.2952], [140.2137, 40.2942], [140.2134, 40.294], [140.2131, 40.2942], [140.2131, 40.2959], [140.2125, 40.2971], [140.2142, 40.2981], [140.2144, 40.2987], [140.2141, 40.2989], [140.2133, 40.298], [140.2116, 40.2976], [140.2124, 40.2994], [140.2123, 40.3007], [140.2118, 40.3007], [140.2108, 40.2992], [140.2098, 40.2988], [140.2086, 40.2995], [140.2089, 40.2968], [140.2081, 40.2972], [140.2046, 40.2971], [140.2045, 40.3008], [140.202, 40.3016], [140.2011, 40.3027], [140.202, 40.3057], [140.2019, 40.313], [140.2002, 40.314], [140.1986, 40.3156], [140.198, 40.3181], [140.1965, 40.3193], [140.1951, 40.3198], [140.1958, 40.3223], [140.1946, 40.3234], [140.1949, 40.3258], [140.1955, 40.3269], [140.1939, 40.3304], [140.1944, 40.3322], [140.1958, 40.3329], [140.1948, 40.3354], [140.1953, 40.3366], [140.1948, 40.338], [140.1967, 40.3409], [140.1979, 40.3419], [140.1971, 40.344], [140.1965, 40.3447], [140.1953, 40.3447], [140.195, 40.3456], [140.194, 40.346], [140.1932, 40.3476], [140.1935, 40.3495], [140.193, 40.3502], [140.1868, 40.3532], [140.1856, 40.3549], [140.1831, 40.3554], [140.1826, 40.3575], [140.1781, 40.3599], [140.1776, 40.3618], [140.1745, 40.3618], [140.1719, 40.3609], [140.1704, 40.3616], [140.1697, 40.3633], [140.1705, 40.3646], [140.169, 40.3674], [140.1682, 40.3676], [140.1678, 40.3693], [140.1662, 40.3707], [140.1642, 40.3715], [140.1624, 40.3713], [140.1607, 40.3717], [140.1558, 40.3744], [140.1519, 40.3744], [140.1508, 40.3741], [140.1497, 40.3731], [140.1501, 40.3712], [140.1516, 40.37], [140.1525, 40.3682], [140.1514, 40.3656], [140.1513, 40.3624], [140.1508, 40.3616], [140.1512, 40.3603], [140.1509, 40.3583], [140.15, 40.357], [140.1478, 40.3551], [140.1471, 40.3537], [140.1472, 40.3523], [140.1455, 40.349], [140.1414, 40.3466], [140.1408, 40.3447], [140.1383, 40.343], [140.1379, 40.3416], [140.1369, 40.3406], [140.1366, 40.3387], [140.1351, 40.3379], [140.1349, 40.3373], [140.1355, 40.337], [140.1353, 40.3358], [140.1358, 40.3352], [140.1357, 40.3336], [140.1363, 40.332], [140.1359, 40.3294], [140.1369, 40.3275], [140.1379, 40.3267], [140.1381, 40.3256], [140.1393, 40.3247], [140.1408, 40.3246], [140.1404, 40.3227], [140.1391, 40.3214], [140.1383, 40.3188], [140.1347, 40.3159], [140.135, 40.3149], [140.1355, 40.3146], [140.1351, 40.313], [140.136, 40.3113], [140.1362, 40.3095], [140.1359, 40.309], [140.1364, 40.3085], [140.1359, 40.307], [140.1333, 40.3046], [140.1332, 40.3035], [140.1343, 40.3022], [140.1371, 40.3011], [140.1381, 40.3002], [140.1418, 40.294], [140.1396, 40.2921], [140.1377, 40.2916], [140.1369, 40.2904], [140.1368, 40.289], [140.1342, 40.2877], [140.1368, 40.2843], [140.1367, 40.2833], [140.1386, 40.282], [140.1375, 40.2797], [140.1361, 40.2738], [140.1353, 40.2722], [140.1344, 40.2718], [140.134, 40.2711], [140.1347, 40.2658], [140.134, 40.2635], [140.131, 40.2616], [140.1275, 40.2616], [140.1266, 40.2618], [140.1263, 40.2623], [140.1258, 40.2618], [140.1236, 40.2614], [140.123, 40.2609], [140.1201, 40.2618], [140.1193, 40.2613], [140.117, 40.2615], [140.1167, 40.2598], [140.1134, 40.26], [140.1132, 40.2591], [140.1098, 40.2592], [140.1097, 40.2583], [140.1027, 40.2565], [140.1031, 40.2549], [140.1011, 40.2542], [140.1008, 40.2544], [140.0978, 40.2499], [140.0983, 40.2482], [140.0961, 40.2472], [140.0961, 40.2505], [140.0955, 40.2505], [140.0954, 40.2526], [140.0925, 40.2526], [140.0924, 40.2573], [140.0881, 40.2572], [140.0881, 40.2593], [140.0877, 40.2598], [140.0833, 40.2597], [140.0833, 40.2549], [140.0818, 40.2545], [140.0789, 40.2544], [140.0778, 40.2556], [140.0777, 40.2562], [140.0783, 40.2566], [140.0785, 40.2574], [140.0771, 40.2597], [140.0759, 40.2642], [140.074, 40.2643], [140.0732, 40.2649], [140.0728, 40.2643], [140.067, 40.2641], [140.0672, 40.2652], [140.0657, 40.2658], [140.0651, 40.2655], [140.0652, 40.2666], [140.0672, 40.2685], [140.0665, 40.2687], [140.0672, 40.2699], [140.0666, 40.2707], [140.0664, 40.2695], [140.0656, 40.2708], [140.0649, 40.2709], [140.0624, 40.2697], [140.0593, 40.2699], [140.0544, 40.2695], [140.0519, 40.2702], [140.0499, 40.2697], [140.0478, 40.2703], [140.0474, 40.2712], [140.0442, 40.2721], [140.0442, 40.2727], [140.0423, 40.2735], [140.042, 40.2749]]]}, "properties": {"name": "秋田県能代市"}}, {"type": "Feature", "geometry": {"type": "Polygon", "coordinates": [[[140.616, 39.3799], [140.6126, 39.3809], [140.6111, 39.3821], [140.6116, 39.3833], [140.6103, 39.3842], [140.6082, 39.3844], [140.6053, 39.3824], [140.6041, 39.3807], [140.6019, 39.3798], [140.5999, 39.3799], [140.5989, 39.3792], [140.5942, 39.3789], [140.5886, 39.3792], [140.5854, 39.3788], [140.5824, 39.3796], [140.5806, 39.3795], [140.5779, 39.3805], [140.5757, 39.3803], [140.5757, 39.3813], [140.5741, 39.3813], [140.5731, 39.3807], [140.5724, 39.3808], [140.5716, 39.3798], [140.5715, 39.3774], [140.5705, 39.3775], [140.5702, 39.3771], [140.5658, 39.3771], [140.5643, 39.3775], [140.56, 39.3772], [140.5548, 39.3762], [140.5483, 39.374], [140.5477, 39.373], [140.5489, 39.3723], [140.5513, 39.3719], [140.551, 39.3692], [140.5516, 39.368], [140.5509, 39.3675], [140.5505, 39.3646], [140.5498, 39.3639], [140.5503, 39.3621], [140.5502, 39.3604], [140.5495, 39.3592], [140.548, 39.3585], [140.5477, 39.3569], [140.5438, 39.3575], [140.5433, 39.3586], [140.5436, 39.3597], [140.5424, 39.3608], [140.5418, 39.3622], [140.5403, 39.3626], [140.5394, 39.3638], [140.539, 39.3637], [140.5386, 39.3642], [140.5303, 39.3629], [140.5304, 39.3619], [140.5327, 39.3582], [140.5332, 39.3565], [140.5373, 39.3547], [140.5385, 39.3551], [140.54, 39.3544], [140.54, 39.3536], [140.5405, 39.3536], [140.5401, 39.353], [140.5407, 39.3525], [140.54, 39.3513], [140.5361, 39.3526], [140.5304, 39.3532], [140.5263, 39.3574], [140.523, 39.3579], [140.5183, 39.3606], [140.5141, 39.3613], [140.5102, 39.3645], [140.5086, 39.367], [140.5078, 39.3699], [140.4999, 39.374], [140.499, 39.3781], [140.4968, 39.3788], [140.4932, 39.3787], [140.4916, 39.3791], [140.4898, 39.3804], [140.489, 39.3827], [140.4887, 39.3847], [140.4862, 39.3845], [140.4865, 39.3817], [140.486, 39.3817], [140.4855, 39.3808], [140.4845, 39.3805], [140.4833, 39.3783], [140.4827, 39.3783], [140.4824, 39.3777], [140.4815, 39.3776], [140.4813, 39.3753], [140.4789, 39.3752], [140.478, 39.3745], [140.478, 39.3752], [140.4748, 39.3758], [140.4735, 39.3765], [140.4726, 39.3764], [140.4736, 39.3746], [140.4731, 39.3736], [140.4738, 39.3732], [140.4737, 39.3728], [140.4721, 39.37], [140.4723, 39.3691], [140.4717, 39.3689], [140.4712, 39.3673], [140.4689, 39.3653], [140.4599, 39.3658], [140.4629, 39.3747], [140.4628, 39.3789], [140.4615, 39.3849], [140.4621, 39.3917], [140.4666, 39.402], [140.463, 39.4027], [140.4623, 39.4014], [140.4616, 39.4019], [140.4621, 39.4038], [140.4608, 39.4042], [140.4628, 39.4087], [140.4601, 39.4093], [140.4572, 39.4087], [140.4563, 39.4076], [140.455, 39.4076], [140.4493, 39.4061], [140.4487, 39.4064], [140.4488, 39.4074], [140.4477, 39.4092], [140.4452, 39.4103], [140.4425, 39.4085], [140.4402, 39.4091], [140.4397, 39.4083], [140.4374, 39.4072], [140.4356, 39.4077], [140.4331, 39.4069], [140.4303, 39.4069], [140.4296, 39.4063], [140.4294, 39.4044], [140.4285, 39.403], [140.4265, 39.4032], [140.426, 39.4022], [140.4244, 39.4019], [140.4237, 39.4001], [140.4219, 39.3998], [140.4198, 39.4001], [140.4189, 39.4006], [140.418, 39.3995], [140.4159, 39.3989], [140.4133, 39.4], [140.4131, 39.3984], [140.4112, 39.398], [140.4097, 39.3987], [140.4093, 39.3977], [140.4079, 39.3976], [140.4074, 39.3967], [140.4051, 39.3969], [140.4043, 39.3974], [140.4039, 39.3968], [140.4028, 39.3969], [140.4018, 39.3964], [140.4011, 39.3964], [140.4007, 39.3972], [140.3998, 39.3972], [140.3987, 39.3965], [140.3902, 39.3988], [140.3871, 39.3984], [140.3854, 39.3992], [140.3834, 39.3953], [140.3825, 39.3947], [140.3838, 39.3931], [140.3867, 39.3916], [140.3874, 39.3899], [140.3882, 39.3893], [140.3879, 39.3884], [140.3896, 39.3863], [140.3887, 39.3854], [140.3882, 39.3843], [140.384, 39.3849], [140.383, 39.3857], [140.3811, 39.3852], [140.3799, 39.3854], [140.3785, 39.3861], [140.3768, 39.3857], [140.3733, 39.3859], [140.3693, 39.3853], [140.3666, 39.3876], [140.3661, 39.3892], [140.3649, 39.3903], [140.3651, 39.3946], [140.3645, 39.3956], [140.3635, 39.396], [140.3603, 39.3948], [140.3589, 39.3948], [140.3579, 39.3956], [140.3568, 39.3957], [140.3556, 39.395], [140.3543, 39.3933], [140.3531, 39.3932], [140.3514, 39.3922], [140.35, 39.3921], [140.3468, 39.3909], [140.3452, 39.3895], [140.3446, 39.3884], [140.345, 39.3871], [140.3432, 39.3849], [140.3438, 39.3846], [140.343, 39.3806], [140.34, 39.3779], [140.3377, 39.3775], [140.3363, 39.3766], [140.3323, 39.3757], [140.3304, 39.3758], [140.3276, 39.3753], [140.3264, 39.3768], [140.3266, 39.3775], [140.324, 39.3782], [140.3245, 39.3791], [140.3241, 39.3795], [140.3242, 39.3804], [140.3229, 39.3812], [140.3231, 39.3824], [140.3219, 39.3823], [140.3203, 39.3826], [140.3153, 39.3806], [140.3149, 39.3794], [140.3119, 39.3788], [140.3108, 39.3794], [140.3069, 39.3801], [140.306, 39.3798], [140.3059, 39.3793], [140.3051, 39.3795], [140.3033, 39.3785], [140.3009, 39.378], [140.3014, 39.377], [140.3007, 39.3761], [140.3013, 39.3752], [140.3006, 39.3749], [140.3008, 39.3741], [140.3004, 39.3741], [140.3001, 39.3747], [140.3, 39.3774], [140.2995, 39.378], [140.297, 39.3788], [140.2957, 39.3782], [140.2932, 39.3782], [140.2935, 39.3775], [140.296, 39.3774], [140.2951, 39.3766], [140.2961, 39.3756], [140.2947, 39.3753], [140.2959, 39.3739], [140.2951, 39.3739], [140.2943, 39.3725], [140.2941, 39.3733], [140.2945, 39.3747], [140.2935, 39.3749], [140.2938, 39.3756], [140.2934, 39.3762], [140.2924, 39.3761], [140.2919, 39.3767], [140.2883, 39.3759], [140.2886, 39.3744], [140.2864, 39.373], [140.2835, 39.3752], [140.2808, 39.3735], [140.2793, 39.3756], [140.2763, 39.375], [140.2746, 39.3759], [140.2709, 39.3765], [140.267, 39.3763], [140.2643, 39.3792], [140.2622, 39.3798], [140.2622, 39.3793], [140.2632, 39.3785], [140.2616, 39.378], [140.2626, 39.3768], [140.2627, 39.375], [140.2645, 39.373], [140.2665, 39.3723], [140.2666, 39.3711], [140.2675, 39.3704], [140.2669, 39.3677], [140.2681, 39.3655], [140.2716, 39.3642], [140.2728, 39.3628], [140.27, 39.3613], [140.2703, 39.3605], [140.2692, 39.3594], [140.2691, 39.3554], [140.2715, 39.3548], [140.2727, 39.3555], [140.2752, 39.3557], [140.2759, 39.3551], [140.276, 39.3541], [140.2771, 39.3536], [140.2789, 39.355], [140.2809, 39.3578], [140.2841, 39.3549], [140.2854, 39.3551], [140.2862, 39.3544], [140.2877, 39.355], [140.2889, 39.3545], [140.2897, 39.3548], [140.2918, 39.3545], [140.2918, 39.3537], [140.2924, 39.3532], [140.2944, 39.3535], [140.2958, 39.3547], [140.2969, 39.3542], [140.2984, 39.3547], [140.2994, 39.353], [140.2993, 39.3519], [140.3, 39.3506], [140.3002, 39.3487], [140.3019, 39.3467], [140.3033, 39.3469], [140.3046, 39.3481], [140.3061, 39.3477], [140.3085, 39.3479], [140.3104, 39.3475], [140.3129, 39.3492], [140.3159, 39.3497], [140.3181, 39.3486], [140.3199, 39.3487], [140.3199, 39.3477], [140.3189, 39.3461], [140.3192, 39.3457], [140.3209, 39.3446], [140.3242, 39.3433], [140.3259, 39.342], [140.3277, 39.3416], [140.3297, 39.3394], [140.3297, 39.3372], [140.3303, 39.3362], [140.3285, 39.335], [140.3267, 39.3326], [140.3277, 39.3315], [140.3299, 39.33], [140.3278, 39.327], [140.3276, 39.3258], [140.3305, 39.3249], [140.3317, 39.3252], [140.3332, 39.325], [140.3351, 39.3259], [140.3355, 39.327], [140.3374, 39.3277], [140.3402, 39.3275], [140.342, 39.3268], [140.3421, 39.3257], [140.3401, 39.3227], [140.3409, 39.319], [140.3422, 39.3181], [140.342, 39.3176], [140.3403, 39.3164], [140.341, 39.3153], [140.3403, 39.3144], [140.3405, 39.3124], [140.3421, 39.3114], [140.3429, 39.3103], [140.349, 39.3071], [140.3499, 39.3059], [140.3524, 39.3054], [140.3523, 39.3029], [140.3528, 39.3021], [140.3539, 39.3014], [140.3535, 39.3004], [140.3545, 39.2993], [140.3556, 39.2987], [140.3559, 39.2975], [140.3535, 39.2954], [140.3523, 39.2956], [140.3512, 39.2965], [140.3495, 39.2966], [140.3424, 39.2956], [140.3421, 39.2933], [140.3391, 39.2911], [140.3402, 39.2899], [140.34, 39.289], [140.3393, 39.2885], [140.34, 39.2876], [140.3396, 39.2869], [140.3398, 39.2854], [140.3385, 39.2844], [140.3382, 39.2826], [140.3396, 39.2808], [140.3379, 39.2794], [140.3366, 39.2765], [140.3331, 39.2739], [140.3306, 39.2737], [140.3311, 39.2712], [140.3317, 39.2703], [140.3317, 39.2689], [140.3294, 39.265], [140.3298, 39.2616], [140.3332, 39.2599], [140.3366, 39.2596], [140.3377, 39.2591], [140.3392, 39.2595], [140.3403, 39.2592], [140.3406, 39.2584], [140.3423, 39.2573], [140.3425, 39.256], [140.3412, 39.2549], [140.3415, 39.2544], [140.343, 39.2539], [140.3435, 39.2514], [140.3443, 39.2511], [140.346, 39.2515], [140.3467, 39.2506], [140.3533, 39.2558], [140.3567, 39.256], [140.358, 39.2572], [140.36, 39.2578], [140.3618, 39.2605], [140.3629, 39.261], [140.364, 39.2604], [140.3663, 39.2616], [140.3724, 39.2618], [140.3741, 39.2621], [140.3755, 39.2612], [140.3766, 39.2613], [140.377, 39.2608], [140.3775, 39.2614], [140.3785, 39.26], [140.3799, 39.2594], [140.3819, 39.2611], [140.3848, 39.2608], [140.3859, 39.2596], [140.3874, 39.2597], [140.3877, 39.2594], [140.3909, 39.2601], [140.3931, 39.2597], [140.3935, 39.2603], [140.3952, 39.2596], [140.3955, 39.2615], [140.3959, 39.2596], [140.3973, 39.2592], [140.399, 39.2597], [140.3981, 39.2635], [140.3985, 39.2639], [140.3996, 39.2638], [140.4016, 39.2605], [140.4015, 39.256], [140.4051, 39.2543], [140.408, 39.2524], [140.4101, 39.2516], [140.4082, 39.2474], [140.411, 39.248], [140.4144, 39.2467], [140.4149, 39.2471], [140.4154, 39.2462], [140.4189, 39.2447], [140.4212, 39.2421], [140.4235, 39.2408], [140.4228, 39.2385], [140.4246, 39.2361], [140.4217, 39.2346], [140.4219, 39.2337], [140.4214, 39.233], [140.4218, 39.2303], [140.4238, 39.2291], [140.4262, 39.2302], [140.43, 39.2253], [140.4322, 39.2264], [140.4334, 39.2249], [140.4344, 39.2254], [140.4351, 39.2245], [140.4366, 39.2252], [140.44, 39.2248], [140.4414, 39.2197], [140.445, 39.2173], [140.4458, 39.2163], [140.447, 39.2165], [140.4463, 39.2177], [140.4466, 39.218], [140.4496, 39.2171], [140.4548, 39.2175], [140.4568, 39.2184], [140.4594, 39.2182], [140.4664, 39.2172], [140.4749, 39.2152], [140.4895, 39.2104], [140.4948, 39.21], [140.4986, 39.2109], [140.5052, 39.2114], [140.5069, 39.2113], [140.5096, 39.2104], [140.5191, 39.2048], [140.5247, 39.2026], [140.5282, 39.1997], [140.5297, 39.1975], [140.5221, 39.195], [140.5221, 39.1945], [140.5233, 39.1935], [140.5236, 39.1921], [140.5225, 39.1894], [140.5215, 39.1884], [140.5217, 39.1873], [140.523, 39.1854], [140.5228, 39.1839], [140.5233, 39.1831], [140.5252, 39.1824], [140.5249, 39.1811], [140.5262, 39.1795], [140.5257, 39.1785], [140.5267, 39.1777], [140.5279, 39.1772], [140.5286, 39.1773], [140.5304, 39.1757], [140.5333, 39.1758], [140.5353, 39.1729], [140.5369, 39.1725], [140.5371, 39.1743], [140.5379, 39.1744], [140.5378, 39.1754], [140.5383, 39.1757], [140.5384, 39.1767], [140.5417, 39.179], [140.5428, 39.1787], [140.5435, 39.1779], [140.5431, 39.1774], [140.5442, 39.1773], [140.5447, 39.1761], [140.5451, 39.1759], [140.545, 39.1747], [140.5437, 39.173], [140.5447, 39.1728], [140.5455, 39.1748], [140.5453, 39.1767], [140.5442, 39.1778], [140.5442, 39.1783], [140.5421, 39.1795], [140.5411, 39.1808], [140.5407, 39.1823], [140.5399, 39.1827], [140.5401, 39.1839], [140.5408, 39.1844], [140.5416, 39.1835], [140.5426, 39.1833], [140.5431, 39.1816], [140.5438, 39.1815], [140.5453, 39.1799], [140.5466, 39.1766], [140.5466, 39.1742], [140.5476, 39.1742], [140.5485, 39.1785], [140.5483, 39.1804], [140.5471, 39.1816], [140.5434, 39.1836], [140.5428, 39.1849], [140.5431, 39.1897], [140.5443, 39.19], [140.5471, 39.1902], [140.548, 39.1871], [140.5495, 39.1874], [140.5495, 39.1879], [140.5503, 39.1882], [140.5515, 39.1883], [140.5517, 39.1879], [140.5515, 39.1891], [140.56, 39.1895], [140.5609, 39.1899], [140.5603, 39.1912], [140.5617, 39.1917], [140.5622, 39.1924], [140.5632, 39.1912], [140.5636, 39.1913], [140.5653, 39.1915], [140.5677, 39.1937], [140.57, 39.1936], [140.5711, 39.1929], [140.5741, 39.1928], [140.5759, 39.1917], [140.5768, 39.192], [140.5775, 39.1911], [140.5805, 39.1899], [140.582, 39.1884], [140.583, 39.1888], [140.5836, 39.1885], [140.5882, 39.1877], [140.5896, 39.1854], [140.5917, 39.1852], [140.594, 39.1835], [140.5953, 39.1843], [140.6001, 39.184], [140.6023, 39.1823], [140.6038, 39.1797], [140.6064, 39.1784], [140.6075, 39.177], [140.6056, 39.1754], [140.6065, 39.1745], [140.607, 39.173], [140.6069, 39.1703], [140.6063, 39.1695], [140.6066, 39.1687], [140.6061, 39.1679], [140.6074, 39.1664], [140.6076, 39.1647], [140.6117, 39.1601], [140.6133, 39.1603], [140.6146, 39.16], [140.6158, 39.1569], [140.6161, 39.1551], [140.6157, 39.1543], [140.6158, 39.1531], [140.614, 39.1511], [140.61, 39.1499], [140.6097, 39.1488], [140.611, 39.146], [140.6109, 39.1433], [140.6119, 39.1408], [140.6159, 39.1401], [140.6166, 39.1395], [140.617, 39.1379], [140.6163, 39.1347], [140.6131, 39.1329], [140.6122, 39.1281], [140.6113, 39.1269], [140.6114, 39.1244], [140.6136, 39.1237], [140.6161, 39.1216], [140.6183, 39.1218], [140.6216, 39.1213], [140.6221, 39.1193], [140.6242, 39.1172], [140.6253, 39.1121], [140.6267, 39.1114], [140.627, 39.1102], [140.6287, 39.1081], [140.629, 39.1051], [140.6304, 39.1052], [140.6353, 39.1074], [140.6377, 39.1069], [140.6392, 39.1071], [140.6426, 39.1063], [140.6446, 39.1067], [140.6474, 39.1046], [140.6484, 39.102], [140.6512, 39.0993], [140.6558, 39.0994], [140.6571, 39.0986], [140.6596, 39.0981], [140.6603, 39.0981], [140.6611, 39.0989], [140.6629, 39.0996], [140.6633, 39.098], [140.6655, 39.0976], [140.6661, 39.0968], [140.6678, 39.0971], [140.668, 39.0961], [140.6701, 39.0963], [140.6705, 39.095], [140.6718, 39.0951], [140.6735, 39.0943], [140.6754, 39.0941], [140.6764, 39.0933], [140.6821, 39.0924], [140.6821, 39.0933], [140.6839, 39.096], [140.6859, 39.097], [140.6857, 39.0978], [140.6876, 39.1018], [140.6879, 39.1053], [140.6887, 39.106], [140.69, 39.1063], [140.6904, 39.107], [140.6898, 39.1099], [140.6893, 39.1105], [140.6882, 39.1141], [140.6874, 39.1152], [140.6846, 39.1172], [140.6855, 39.1199], [140.6845, 39.1206], [140.6845, 39.1214], [140.6839, 39.1219], [140.6844, 39.1245], [140.682, 39.1262], [140.6817, 39.1288], [140.6817, 39.1292], [140.6837, 39.1302], [140.6841, 39.1312], [140.6856, 39.1324], [140.6861, 39.1349], [140.687, 39.1357], [140.6867, 39.1371], [140.6879, 39.1386], [140.6869, 39.1424], [140.6841, 39.1443], [140.6821, 39.1439], [140.6803, 39.1465], [140.679, 39.147], [140.6787, 39.149], [140.6729, 39.1484], [140.6702, 39.1488], [140.6679, 39.1501], [140.6672, 39.1511], [140.6673, 39.1519], [140.6647, 39.1539], [140.6635, 39.1536], [140.6602, 39.1519], [140.656, 39.1475], [140.6543, 39.1465], [140.652, 39.1458], [140.65, 39.1447], [140.6465, 39.1448], [140.6451, 39.1471], [140.642, 39.1486], [140.6398, 39.1517], [140.6398, 39.1525], [140.6424, 39.153], [140.6433, 39.1564], [140.6425, 39.1575], [140.6425, 39.1589], [140.6413, 39.1602], [140.6407, 39.1651], [140.6364, 39.1706], [140.6363, 39.1736], [140.6354, 39.1742], [140.6349, 39.1755], [140.6337, 39.1758], [140.6322, 39.1776], [140.6304, 39.1785], [140.629, 39.1801], [140.6251, 39.1817], [140.6258, 39.1851], [140.6242, 39.1856], [140.6217, 39.1856], [140.6202, 39.1859], [140.6184, 39.1868], [140.6199, 39.187], [140.6206, 39.1877], [140.6216, 39.1874], [140.6223, 39.1887], [140.6217, 39.189], [140.6224, 39.1902], [140.6226, 39.1916], [140.6265, 39.196], [140.629, 39.1948], [140.6313, 39.1943], [140.6332, 39.1948], [140.6368, 39.1945], [140.6375, 39.1948], [140.6384, 39.1959], [140.6397, 39.2008], [140.6385, 39.2047], [140.6418, 39.2055], [140.6434, 39.2063], [140.6457, 39.2067], [140.6488, 39.2064], [140.6522, 39.207], [140.6551, 39.2067], [140.6572, 39.206], [140.6608, 39.2061], [140.6621, 39.2085], [140.6642, 39.2093], [140.6668, 39.2085], [140.6686, 39.2064], [140.6696, 39.2061], [140.6749, 39.2024], [140.6783, 39.2019], [140.6784, 39.2006], [140.6776, 39.199], [140.6792, 39.1971], [140.681, 39.1957], [140.6834, 39.1948], [140.6839, 39.1939], [140.6865, 39.1933], [140.6864, 39.1927], [140.6884, 39.1909], [140.6911, 39.1897], [140.6916, 39.1882], [140.695, 39.188], [140.697, 39.1885], [140.6987, 39.1868], [140.7021, 39.1875], [140.7065, 39.1878], [140.7087, 39.1875], [140.7142, 39.1912], [140.7178, 39.1907], [140.7207, 39.1934], [140.7221, 39.1969], [140.7256, 39.1968], [140.7269, 39.1977], [140.7282, 39.1996], [140.7312, 39.1977], [140.734, 39.1974], [140.7359, 39.1962], [140.738, 39.1957], [140.7417, 39.1961], [140.7432, 39.1964], [140.7438, 39.197], [140.7465, 39.1971], [140.747, 39.1974], [140.7527, 39.1981], [140.7549, 39.2001], [140.7596, 39.2019], [140.7608, 39.2061], [140.7632, 39.2073], [140.7664, 39.2085], [140.7656, 39.209], [140.7647, 39.2106], [140.7633, 39.2117], [140.7626, 39.2132], [140.7657, 39.2161], [140.7661, 39.2187], [140.7685, 39.2191], [140.7691, 39.2195], [140.7692, 39.2221], [140.77, 39.2235], [140.7742, 39.2233], [140.777, 39.2236], [140.7803, 39.2243], [140.7821, 39.2251], [140.7846, 39.2253], [140.7859, 39.2262], [140.7875, 39.2268], [140.7873, 39.2285], [140.7861, 39.2306], [140.7863, 39.2335], [140.786, 39.2343], [140.787, 39.2362], [140.7881, 39.237], [140.7887, 39.2384], [140.7821, 39.2397], [140.779, 39.2411], [140.7773, 39.2414], [140.7758, 39.2443], [140.7722, 39.2468], [140.7703, 39.249], [140.7688, 39.2525], [140.7661, 39.2512], [140.7644, 39.2535], [140.7628, 39.2536], [140.7614, 39.2547], [140.7588, 39.2544], [140.7571, 39.2549], [140.756, 39.2568], [140.7534, 39.2578], [140.7529, 39.2593], [140.7511, 39.2613], [140.7514, 39.2628], [140.7475, 39.2628], [140.7458, 39.2616], [140.7439, 39.2618], [140.7392, 39.2637], [140.7364, 39.2668], [140.7353, 39.2664], [140.7333, 39.2664], [140.7325, 39.2672], [140.728, 39.2694], [140.7277, 39.2703], [140.7251, 39.2702], [140.7227, 39.2722], [140.7203, 39.2719], [140.7177, 39.2727], [140.7183, 39.2742], [140.7178, 39.2756], [140.7181, 39.2768], [140.7165, 39.2775], [140.7177, 39.2805], [140.7167, 39.2818], [140.7175, 39.283], [140.7176, 39.2848], [140.717, 39.2864], [140.7175, 39.287], [140.7169, 39.2875], [140.7171, 39.2884], [140.7163, 39.2896], [140.7175, 39.2909], [140.7173, 39.2919], [140.7188, 39.2941], [140.7185, 39.2954], [140.7172, 39.2965], [140.7158, 39.2958], [140.7143, 39.2967], [140.712, 39.2966], [140.7109, 39.296], [140.7086, 39.297], [140.708, 39.2982], [140.7051, 39.3001], [140.7039, 39.302], [140.7018, 39.2998], [140.7004, 39.3002], [140.699, 39.3], [140.6956, 39.3006], [140.6938, 39.3001], [140.6929, 39.3025], [140.693, 39.3039], [140.694, 39.3056], [140.6959, 39.3074], [140.6971, 39.3103], [140.6955, 39.3126], [140.6927, 39.3135], [140.6927, 39.3155], [140.6942, 39.3182], [140.6941, 39.3196], [140.6975, 39.3219], [140.6981, 39.3236], [140.6976, 39.3247], [140.6989, 39.3273], [140.6986, 39.3284], [140.7001, 39.3287], [140.7039, 39.3286], [140.7055, 39.3295], [140.7086, 39.3298], [140.7094, 39.3302], [140.7082, 39.3343], [140.7066, 39.335], [140.7056, 39.3368], [140.7058, 39.3389], [140.705, 39.34], [140.7035, 39.3403], [140.7038, 39.3429], [140.703, 39.3436], [140.7019, 39.3439], [140.7, 39.3436], [140.6976, 39.345], [140.6959, 39.3453], [140.6924, 39.3445], [140.6884, 39.3475], [140.6884, 39.3498], [140.6879, 39.351], [140.6894, 39.352], [140.6907, 39.3553], [140.6928, 39.3581], [140.6927, 39.3585], [140.6882, 39.3594], [140.6854, 39.3615], [140.6826, 39.362], [140.6817, 39.3642], [140.6799, 39.3649], [140.6791, 39.3662], [140.6776, 39.3663], [140.6767, 39.3671], [140.6763, 39.3683], [140.6755, 39.3683], [140.6761, 39.3713], [140.6787, 39.3736], [140.678, 39.3741], [140.678, 39.3755], [140.6791, 39.3774], [140.6786, 39.3789], [140.6799, 39.3816], [140.6791, 39.3821], [140.6789, 39.3832], [140.6774, 39.3838], [140.6749, 39.3859], [140.6723, 39.3852], [140.6707, 39.3854], [140.6692, 39.3841], [140.6657, 39.3842], [140.6649, 39.3854], [140.6627, 39.3861], [140.6606, 39.3862], [140.6584, 39.3876], [140.6574, 39.3888], [140.6561, 39.3892], [140.655, 39.3885], [140.6534, 39.386], [140.6526, 39.3855], [140.6514, 39.3858], [140.649, 39.3853], [140.6472, 39.3836], [140.6445, 39.3838], [140.6439, 39.3823], [140.6425, 39.3812], [140.6402, 39.3804], [140.6364, 39.3798], [140.636, 39.378], [140.6345, 39.3779], [140.6321, 39.3784], [140.6307, 39.3771], [140.6324, 39.3757], [140.6314, 39.3742], [140.6303, 39.3736], [140.63, 39.3725], [140.6271, 39.3711], [140.6226, 39.3705], [140.621, 39.3696], [140.6206, 39.3698], [140.6199, 39.3705], [140.6229, 39.3725], [140.622, 39.3727], [140.62, 39.374], [140.6176, 39.3744], [140.6167, 39.3759], [140.6163, 39.3778], [140.6166, 39.3792], [140.616, 39.3799]]]}, "properties": {"name": "秋田県横手市"}}, {"type": "Feature", "geometry": {"type": "Polygon", "coordinates": [[[140.6773, 40.4118], [140.6778, 40.4151], [140.6754, 40.4121], [140.6729, 40.4115], [140.6708, 40.4119], [140.6661, 40.4115], [140.6663, 40.4096], [140.6649, 40.4084], [140.6643, 40.407], [140.6613, 40.4045], [140.6598, 40.4053], [140.6562, 40.4045], [140.6552, 40.4048], [140.6532, 40.4036], [140.6487, 40.4041], [140.6449, 40.4031], [140.6411, 40.4052], [140.6342, 40.4023], [140.6325, 40.4041], [140.6338, 40.406], [140.6353, 40.4067], [140.6364, 40.4094], [140.635, 40.4098], [140.6342, 40.4107], [140.6337, 40.4158], [140.6329, 40.4167], [140.6332, 40.4175], [140.627, 40.4211], [140.6257, 40.424], [140.6236, 40.4245], [140.6178, 40.4234], [140.6148, 40.4241], [140.6114, 40.4238], [140.6086, 40.4254], [140.6057, 40.4262], [140.6039, 40.4277], [140.6036, 40.4302], [140.5997, 40.4327], [140.5943, 40.4352], [140.5897, 40.4361], [140.5898, 40.4339], [140.5889, 40.4307], [140.5868, 40.4292], [140.585, 40.4291], [140.5826, 40.43], [140.5801, 40.4296], [140.5788, 40.429], [140.5768, 40.4294], [140.5754, 40.4289], [140.5739, 40.4262], [140.5676, 40.4262], [140.5641, 40.4258], [140.5629, 40.4262], [140.5621, 40.4271], [140.5604, 40.426], [140.5576, 40.4257], [140.555, 40.4226], [140.5547, 40.4216], [140.5535, 40.4208], [140.5532, 40.42], [140.5548, 40.4192], [140.5563, 40.4169], [140.5562, 40.4149], [140.5586, 40.4133], [140.5592, 40.4115], [140.5608, 40.4103], [140.5624, 40.4101], [140.5637, 40.4085], [140.5653, 40.4075], [140.566, 40.4055], [140.5658, 40.4034], [140.568, 40.4013], [140.5693, 40.4008], [140.5671, 40.3987], [140.5658, 40.3981], [140.5636, 40.3983], [140.5621, 40.3977], [140.5587, 40.3971], [140.5569, 40.3989], [140.5544, 40.4001], [140.5506, 40.4009], [140.5501, 40.4021], [140.5484, 40.4029], [140.5477, 40.4039], [140.5447, 40.4027], [140.5429, 40.4032], [140.5412, 40.4027], [140.5404, 40.4028], [140.5393, 40.404], [140.538, 40.4048], [140.5371, 40.4078], [140.5361, 40.4086], [140.5357, 40.4096], [140.5322, 40.4112], [140.5306, 40.4114], [140.5237, 40.4102], [140.5236, 40.4107], [140.525, 40.4133], [140.524, 40.4168], [140.5244, 40.4197], [140.5263, 40.4196], [140.5299, 40.4203], [140.5293, 40.4234], [140.5306, 40.4264], [140.5306, 40.4278], [140.5299, 40.4285], [140.5297, 40.4303], [140.5285, 40.431], [140.5275, 40.4312], [140.5215, 40.4304], [140.5185, 40.4306], [140.5142, 40.4287], [140.512, 40.4292], [140.5103, 40.4286], [140.5084, 40.4286], [140.5076, 40.4293], [140.5022, 40.4317], [140.5013, 40.4343], [140.4978, 40.4365], [140.4961, 40.4366], [140.4928, 40.438], [140.4907, 40.4382], [140.4849, 40.4409], [140.4812, 40.4418], [140.4833, 40.4428], [140.4842, 40.4465], [140.4818, 40.4493], [140.4809, 40.4517], [140.4777, 40.453], [140.4748, 40.4535], [140.4697, 40.4535], [140.4658, 40.4541], [140.4658, 40.455], [140.4643, 40.4564], [140.4629, 40.4559], [140.4595, 40.4564], [140.4568, 40.4551], [140.4535, 40.4544], [140.4526, 40.4535], [140.4486, 40.454], [140.4478, 40.4529], [140.4451, 40.4521], [140.444, 40.4508], [140.4428, 40.4501], [140.4417, 40.4499], [140.4397, 40.4502], [140.4402, 40.4524], [140.4394, 40.4529], [140.4374, 40.4556], [140.4377, 40.4588], [140.4367, 40.4596], [140.4374, 40.4635], [140.437, 40.4655], [140.4335, 40.4677], [140.4333, 40.4682], [140.4332, 40.4718], [140.4351, 40.4737], [140.4354, 40.475], [140.4372, 40.4783], [140.4356, 40.48], [140.4339, 40.4805], [140.4325, 40.4805], [140.4311, 40.4817], [140.4297, 40.4816], [140.4273, 40.4827], [140.4266, 40.4826], [140.4236, 40.4816], [140.4213, 40.4814], [140.4206, 40.4808], [140.4175, 40.48], [140.4122, 40.4766], [140.4107, 40.4763], [140.4085, 40.4749], [140.4065, 40.4746], [140.4041, 40.4752], [140.4025, 40.4749], [140.4021, 40.4752], [140.4016, 40.4774], [140.3966, 40.4783], [140.397, 40.4796], [140.3959, 40.4809], [140.3957, 40.4819], [140.3941, 40.4827], [140.3939, 40.4852], [140.3917, 40.4849], [140.3897, 40.4856], [140.3881, 40.4871], [140.3867, 40.4871], [140.3838, 40.4853], [140.3811, 40.4792], [140.3785, 40.4779], [140.3778, 40.4766], [140.3702, 40.4765], [140.369, 40.4773], [140.3669, 40.4772], [140.3649, 40.4785], [140.3614, 40.4784], [140.36, 40.4774], [140.3599, 40.476], [140.3584, 40.475], [140.357, 40.4747], [140.3539, 40.4724], [140.3533, 40.47], [140.3525, 40.4689], [140.3491, 40.4683], [140.3479, 40.4675], [140.3484, 40.4648], [140.3479, 40.4626], [140.347, 40.4616], [140.3434, 40.4617], [140.3429, 40.4607], [140.3438, 40.4566], [140.3427, 40.4545], [140.3439, 40.4525], [140.3412, 40.4502], [140.3417, 40.447], [140.3407, 40.4461], [140.3407, 40.4454], [140.3398, 40.4443], [140.3407, 40.4431], [140.3393, 40.4422], [140.339, 40.441], [140.3377, 40.4408], [140.3351, 40.4394], [140.3348, 40.4371], [140.3356, 40.4356], [140.3357, 40.4334], [140.3344, 40.431], [140.3347, 40.4293], [140.3333, 40.4273], [140.3341, 40.4259], [140.336, 40.4254], [140.3364, 40.4243], [140.3356, 40.4232], [140.3362, 40.4223], [140.3337, 40.4208], [140.3327, 40.4195], [140.3343, 40.4161], [140.3356, 40.4153], [140.3353, 40.4138], [140.3365, 40.4119], [140.3369, 40.4079], [140.3362, 40.4069], [140.3362, 40.4056], [140.3332, 40.4033], [140.3331, 40.4016], [140.3342, 40.4003], [140.3332, 40.3985], [140.3332, 40.3963], [140.3348, 40.393], [140.3345, 40.3895], [140.3335, 40.3879], [140.3346, 40.3856], [140.3377, 40.3833], [140.3378, 40.3802], [140.3384, 40.3784], [140.3411, 40.3763], [140.3434, 40.3751], [140.3444, 40.3751], [140.3461, 40.3759], [140.3468, 40.3757], [140.3478, 40.3743], [140.3503, 40.3734], [140.3501, 40.3724], [140.3505, 40.3719], [140.3538, 40.3699], [140.3549, 40.368], [140.3563, 40.3667], [140.3558, 40.3642], [140.353, 40.3606], [140.3537, 40.3593], [140.3522, 40.3566], [140.353, 40.3549], [140.3543, 40.3545], [140.3564, 40.3545], [140.3588, 40.3522], [140.3601, 40.3517], [140.3634, 40.3515], [140.3664, 40.3518], [140.3674, 40.3507], [140.3677, 40.349], [140.3664, 40.3469], [140.3695, 40.3469], [140.37, 40.3451], [140.3719, 40.3457], [140.3756, 40.3439], [140.3762, 40.3424], [140.3754, 40.3397], [140.3761, 40.3387], [140.3748, 40.3354], [140.3751, 40.3338], [140.376, 40.3333], [140.3758, 40.3317], [140.3765, 40.3303], [140.3757, 40.3287], [140.3768, 40.3279], [140.3764, 40.3265], [140.3778, 40.3262], [140.3758, 40.3249], [140.3773, 40.3243], [140.3778, 40.3235], [140.3776, 40.3216], [140.3768, 40.3203], [140.3773, 40.3198], [140.3805, 40.3191], [140.3796, 40.3175], [140.3811, 40.3173], [140.3813, 40.3155], [140.3845, 40.3137], [140.3837, 40.313], [140.384, 40.3097], [140.3831, 40.3092], [140.384, 40.3085], [140.3848, 40.3069], [140.3856, 40.3064], [140.3855, 40.3058], [140.3869, 40.3056], [140.3889, 40.306], [140.3886, 40.3038], [140.3902, 40.3029], [140.3905, 40.3018], [140.3923, 40.301], [140.3922, 40.3004], [140.3934, 40.2995], [140.3931, 40.2977], [140.3944, 40.2958], [140.3938, 40.2953], [140.3946, 40.2945], [140.3962, 40.2939], [140.3965, 40.2916], [140.3972, 40.2912], [140.3985, 40.2913], [140.4001, 40.2894], [140.4015, 40.2885], [140.4018, 40.2878], [140.401, 40.2875], [140.4006, 40.2859], [140.4017, 40.2851], [140.402, 40.2836], [140.4029, 40.2828], [140.4039, 40.282], [140.4053, 40.2819], [140.4046, 40.2807], [140.4051, 40.2801], [140.4065, 40.2799], [140.4069, 40.279], [140.4085, 40.2792], [140.4092, 40.2776], [140.4117, 40.2772], [140.4135, 40.2749], [140.4163, 40.2743], [140.4162, 40.2717], [140.4105, 40.2671], [140.4106, 40.2661], [140.4096, 40.2646], [140.4071, 40.2636], [140.4084, 40.2619], [140.4064, 40.2606], [140.4097, 40.2615], [140.413, 40.2569], [140.4143, 40.256], [140.4182, 40.2556], [140.4217, 40.2541], [140.423, 40.2544], [140.4258, 40.254], [140.43, 40.2561], [140.4306, 40.2554], [140.4348, 40.2564], [140.4364, 40.2575], [140.439, 40.2567], [140.4405, 40.2573], [140.4438, 40.2575], [140.4445, 40.2569], [140.4467, 40.2563], [140.4473, 40.2554], [140.4472, 40.2538], [140.4484, 40.254], [140.4495, 40.2531], [140.4496, 40.2519], [140.4493, 40.2514], [140.4484, 40.2512], [140.4485, 40.2502], [140.4477, 40.2481], [140.4508, 40.2475], [140.4515, 40.2478], [140.4523, 40.2467], [140.4523, 40.2451], [140.4555, 40.245], [140.4571, 40.2444], [140.4596, 40.2418], [140.4639, 40.2421], [140.4671, 40.2407], [140.4696, 40.2417], [140.4716, 40.2414], [140.4714, 40.2383], [140.4718, 40.2373], [140.4711, 40.2365], [140.4719, 40.2355], [140.4718, 40.2341], [140.4723, 40.2331], [140.4711, 40.2321], [140.4697, 40.2292], [140.469, 40.2286], [140.4684, 40.2267], [140.4693, 40.2254], [140.4689, 40.2246], [140.4693, 40.2234], [140.4683, 40.2228], [140.4701, 40.2218], [140.4708, 40.2206], [140.4722, 40.2203], [140.4725, 40.219], [140.4741, 40.2183], [140.4761, 40.2183], [140.4788, 40.2171], [140.4796, 40.2172], [140.4798, 40.2159], [140.4816, 40.2142], [140.485, 40.2138], [140.4859, 40.211], [140.4847, 40.21], [140.4852, 40.2092], [140.485, 40.2076], [140.4859, 40.2064], [140.4858, 40.2057], [140.487, 40.2018], [140.4854, 40.2004], [140.4837, 40.1998], [140.4834, 40.1975], [140.4824, 40.1964], [140.4797, 40.1961], [140.4791, 40.1918], [140.481, 40.1911], [140.4843, 40.188], [140.4839, 40.1859], [140.4846, 40.1852], [140.4852, 40.1835], [140.4867, 40.1825], [140.4868, 40.1809], [140.4874, 40.1802], [140.4871, 40.1796], [140.4882, 40.1784], [140.4894, 40.1782], [140.4909, 40.1784], [140.4924, 40.178], [140.4933, 40.1766], [140.4948, 40.1757], [140.4949, 40.1739], [140.4914, 40.1723], [140.4911, 40.1704], [140.4902, 40.1694], [140.4897, 40.1677], [140.4919, 40.1666], [140.4936, 40.1665], [140.4941, 40.1661], [140.4948, 40.1666], [140.4965, 40.1665], [140.4982, 40.1648], [140.5004, 40.165], [140.5024, 40.164], [140.5011, 40.1622], [140.5018, 40.1617], [140.5019, 40.1607], [140.5004, 40.1599], [140.4995, 40.1586], [140.4985, 40.1584], [140.4981, 40.1568], [140.4957, 40.1558], [140.4961, 40.1539], [140.499, 40.1536], [140.5, 40.1541], [140.5047, 40.1548], [140.5069, 40.1561], [140.5078, 40.1547], [140.5114, 40.1521], [140.5144, 40.1523], [140.5156, 40.1507], [140.517, 40.1506], [140.5177, 40.1493], [140.5199, 40.1473], [140.5223, 40.1481], [140.5236, 40.1494], [140.5253, 40.1496], [140.5256, 40.1504], [140.5284, 40.1513], [140.5302, 40.1513], [140.532, 40.1551], [140.5332, 40.1556], [140.5336, 40.1568], [140.5342, 40.157], [140.535, 40.1584], [140.5367, 40.1586], [140.5382, 40.1594], [140.5394, 40.1588], [140.5414, 40.1567], [140.544, 40.1557], [140.5448, 40.1541], [140.5449, 40.1531], [140.5429, 40.1495], [140.5435, 40.1431], [140.5494, 40.142], [140.5507, 40.1397], [140.5507, 40.1387], [140.5516, 40.1382], [140.5529, 40.1363], [140.553, 40.135], [140.5571, 40.1343], [140.5592, 40.135], [140.5613, 40.1348], [140.5654, 40.1334], [140.5707, 40.1326], [140.5723, 40.1317], [140.5755, 40.1319], [140.5779, 40.1304], [140.5823, 40.1301], [140.5839, 40.1309], [140.5872, 40.1305], [140.5902, 40.1296], [140.5911, 40.1281], [140.5943, 40.1264], [140.5976, 40.1227], [140.5995, 40.122], [140.6008, 40.1221], [140.6014, 40.1194], [140.6009, 40.1183], [140.6013, 40.1174], [140.601, 40.1153], [140.6026, 40.1126], [140.601, 40.1108], [140.5991, 40.1053], [140.5995, 40.1041], [140.5987, 40.1002], [140.6014, 40.0964], [140.6015, 40.0957], [140.6015, 40.0952], [140.6003, 40.0934], [140.6015, 40.0912], [140.6011, 40.0898], [140.5998, 40.0885], [140.6, 40.0874], [140.6063, 40.0871], [140.6073, 40.0854], [140.6114, 40.0831], [140.6124, 40.0815], [140.6146, 40.0805], [140.6165, 40.0805], [140.6185, 40.0812], [140.621, 40.0828], [140.6213, 40.0839], [140.6248, 40.0857], [140.6253, 40.0866], [140.6271, 40.0876], [140.6297, 40.088], [140.6319, 40.0897], [140.6342, 40.0903], [140.635, 40.0909], [140.6371, 40.0912], [140.6383, 40.0897], [140.6393, 40.0854], [140.6399, 40.0849], [140.6424, 40.0851], [140.6493, 40.0874], [140.6548, 40.085], [140.66, 40.0844], [140.6617, 40.0828], [140.6615, 40.0816], [140.6609, 40.081], [140.6607, 40.078], [140.6617, 40.0779], [140.664, 40.0784], [140.6641, 40.0774], [140.6663, 40.0747], [140.6676, 40.0747], [140.6702, 40.0755], [140.6721, 40.0742], [140.6735, 40.0741], [140.6738, 40.0737], [140.6747, 40.0738], [140.676, 40.0747], [140.6775, 40.0764], [140.6777, 40.0777], [140.6796, 40.0787], [140.6799, 40.0779], [140.6795, 40.0771], [140.6796, 40.0751], [140.6814, 40.0741], [140.6836, 40.0734], [140.6845, 40.0735], [140.6857, 40.0724], [140.6871, 40.0723], [140.6874, 40.0714], [140.6898, 40.0701], [140.6885, 40.0677], [140.6905, 40.0673], [140.69, 40.0657], [140.6905, 40.0651], [140.692, 40.0648], [140.6926, 40.0636], [140.6908, 40.0627], [140.6909, 40.0618], [140.6899, 40.0607], [140.6896, 40.0592], [140.6905, 40.0585], [140.6905, 40.0565], [140.6923, 40.0551], [140.6937, 40.0516], [140.6948, 40.0504], [140.6959, 40.0501], [140.696, 40.0487], [140.697, 40.0483], [140.699, 40.0499], [140.698, 40.053], [140.7003, 40.0541], [140.7006, 40.0554], [140.7013, 40.0555], [140.7038, 40.0573], [140.7052, 40.0587], [140.7061, 40.06], [140.7065, 40.0637], [140.7099, 40.0663], [140.7104, 40.0679], [140.7114, 40.0682], [140.7112, 40.0689], [140.7116, 40.0704], [140.7108, 40.0712], [140.7116, 40.0742], [140.7133, 40.0756], [140.7143, 40.0759], [140.7145, 40.0776], [140.717, 40.0783], [140.7167, 40.0794], [140.7173, 40.0807], [140.7149, 40.0846], [140.7146, 40.0865], [140.7154, 40.0894], [140.7169, 40.0918], [140.7166, 40.0921], [140.7169, 40.0945], [140.7156, 40.096], [140.7165, 40.1015], [140.7155, 40.1042], [140.7174, 40.1075], [140.7163, 40.1095], [140.7164, 40.1113], [140.7188, 40.1131], [140.7201, 40.1136], [140.7197, 40.1142], [140.7206, 40.1162], [140.7207, 40.1175], [140.7225, 40.118], [140.7241, 40.1191], [140.7233, 40.121], [140.7222, 40.1222], [140.7226, 40.1243], [140.7217, 40.128], [140.7233, 40.1294], [140.7277, 40.1295], [140.729, 40.1307], [140.7363, 40.1326], [140.7372, 40.1362], [140.7369, 40.1378], [140.7396, 40.1401], [140.739, 40.1412], [140.7406, 40.1433], [140.741, 40.1447], [140.7429, 40.1457], [140.7438, 40.1471], [140.7432, 40.1498], [140.744, 40.1512], [140.7386, 40.153], [140.738, 40.1536], [140.7356, 40.1536], [140.7336, 40.1529], [140.7319, 40.1534], [140.7275, 40.1531], [140.7258, 40.1538], [140.725, 40.1549], [140.725, 40.1562], [140.7235, 40.1566], [140.721, 40.1559], [140.7201, 40.1547], [140.719, 40.1553], [140.7181, 40.1549], [140.716, 40.1553], [140.7152, 40.1548], [140.7131, 40.155], [140.7116, 40.158], [140.7119, 40.1597], [140.7102, 40.1613], [140.7085, 40.1617], [140.7055, 40.1603], [140.704, 40.161], [140.7033, 40.1638], [140.7039, 40.1658], [140.7038, 40.1693], [140.7017, 40.1726], [140.7011, 40.1747], [140.6999, 40.1757], [140.6989, 40.1783], [140.6996, 40.181], [140.6992, 40.1845], [140.7001, 40.1855], [140.6999, 40.1883], [140.7011, 40.1897], [140.7011, 40.1942], [140.7029, 40.1948], [140.7051, 40.1941], [140.7107, 40.1934], [140.7133, 40.1945], [140.7156, 40.1945], [140.7164, 40.1939], [140.7167, 40.1926], [140.7185, 40.1917], [140.7214, 40.1913], [140.7235, 40.1899], [140.7265, 40.1893], [140.7271, 40.1901], [140.7293, 40.1902], [140.7287, 40.1927], [140.7291, 40.1944], [140.7276, 40.1974], [140.7275, 40.1988], [140.7262, 40.2008], [140.7263, 40.2017], [140.7256, 40.2032], [140.7245, 40.2041], [140.724, 40.2052], [140.7223, 40.206], [140.7228, 40.208], [140.7199, 40.2095], [140.7196, 40.2118], [140.718, 40.2124], [140.7182, 40.2136], [140.7152, 40.2149], [140.714, 40.217], [140.7147, 40.2195], [140.7107, 40.2206], [140.7101, 40.2221], [140.7105, 40.2256], [140.7174, 40.2251], [140.7219, 40.2253], [140.7243, 40.2258], [140.7265, 40.2273], [140.7278, 40.2299], [140.727, 40.2303], [140.726, 40.2327], [140.7249, 40.2331], [140.7251, 40.2339], [140.7246, 40.2346], [140.7254, 40.2358], [140.7255, 40.2387], [140.7244, 40.2394], [140.7258, 40.2411], [140.7244, 40.243], [140.7256, 40.2448], [140.7254, 40.2463], [140.7261, 40.2482], [140.7228, 40.2505], [140.7226, 40.2516], [140.7211, 40.252], [140.725, 40.2531], [140.7255, 40.253], [140.7259, 40.2536], [140.7267, 40.2537], [140.7275, 40.257], [140.7267, 40.2571], [140.7261, 40.2564], [140.7244, 40.2568], [140.7223, 40.2591], [140.7216, 40.2614], [140.7223, 40.2621], [140.7225, 40.2653], [140.7252, 40.2673], [140.7243, 40.2692], [140.7255, 40.2701], [140.726, 40.2713], [140.7252, 40.2726], [140.7242, 40.273], [140.7241, 40.2739], [140.7225, 40.275], [140.7225, 40.2769], [140.7217, 40.2773], [140.7214, 40.2781], [140.7189, 40.2796], [140.7209, 40.2827], [140.7209, 40.2843], [140.7228, 40.2881], [140.7243, 40.2889], [140.7257, 40.2888], [140.7244, 40.2923], [140.7249, 40.2952], [140.7238, 40.2957], [140.7229, 40.2955], [140.7224, 40.2958], [140.722, 40.298], [140.7194, 40.3015], [140.7193, 40.3028], [140.7186, 40.3034], [140.7205, 40.3045], [140.7206, 40.305], [140.72, 40.3054], [140.7202, 40.3058], [140.7196, 40.3066], [140.7192, 40.306], [140.7186, 40.306], [140.7135, 40.3084], [140.7141, 40.3103], [140.7136, 40.3112], [140.7139, 40.312], [140.712, 40.3136], [140.7137, 40.3159], [140.7125, 40.3176], [140.7118, 40.3179], [140.7111, 40.32], [140.7114, 40.3209], [140.7133, 40.3217], [140.7139, 40.3225], [140.7147, 40.3228], [140.7149, 40.3235], [140.7164, 40.3241], [140.7176, 40.3237], [140.7197, 40.3245], [140.7202, 40.3256], [140.7198, 40.3262], [140.7205, 40.3264], [140.7207, 40.3269], [140.7202, 40.3295], [140.7222, 40.33], [140.7224, 40.3307], [140.7213, 40.3312], [140.7175, 40.3316], [140.7153, 40.3325], [140.7146, 40.3333], [140.7181, 40.3368], [140.7161, 40.3376], [140.7153, 40.3402], [140.7125, 40.3401], [140.7117, 40.3408], [140.7114, 40.3453], [140.71, 40.3467], [140.7101, 40.3486], [140.7089, 40.3496], [140.7052, 40.3488], [140.7025, 40.3498], [140.7017, 40.3505], [140.7031, 40.352], [140.704, 40.3545], [140.7061, 40.354], [140.7064, 40.3544], [140.7062, 40.3552], [140.7031, 40.3587], [140.7028, 40.3604], [140.702, 40.3604], [140.701, 40.3616], [140.6978, 40.3629], [140.6969, 40.3644], [140.6969, 40.3656], [140.6956, 40.3676], [140.6934, 40.3688], [140.6927, 40.3702], [140.691, 40.371], [140.6868, 40.3716], [140.6831, 40.3729], [140.6823, 40.3757], [140.6828, 40.3771], [140.6827, 40.3823], [140.6815, 40.3838], [140.6797, 40.3843], [140.6775, 40.3861], [140.6772, 40.3869], [140.6776, 40.3878], [140.6772, 40.3899], [140.6779, 40.3912], [140.6763, 40.3939], [140.6764, 40.3964], [140.6757, 40.397], [140.676, 40.3982], [140.6754, 40.4003], [140.6762, 40.4033], [140.6756, 40.4048], [140.6759, 40.407], [140.6773, 40.4118]]]}, "properties": {"name": "秋田県大館市"}}, {"type": "Feature", "geometry": {"type": "Polygon", "coordinates": [[[139.8948, 39.902], [139.9049, 39.9023], [139.9059, 39.9016], [139.9054, 39.9021], [139.9061, 39.9024], [139.9066, 39.9024], [139.9066, 39.9019], [139.9077, 39.9024], [139.9081, 39.9022], [139.9078, 39.9019], [139.9084, 39.9018], [139.9082, 39.9022], [139.909, 39.9024], [139.9095, 39.9021], [139.9093, 39.9018], [139.9098, 39.9017], [139.9096, 39.902], [139.9103, 39.9022], [139.9109, 39.902], [139.9106, 39.9016], [139.9111, 39.9016], [139.911, 39.902], [139.9114, 39.9021], [139.9125, 39.9015], [139.9123, 39.9019], [139.9131, 39.9019], [139.9138, 39.9014], [139.9137, 39.9018], [139.9142, 39.9018], [139.9145, 39.9016], [139.9142, 39.9013], [139.9148, 39.9013], [139.9146, 39.9016], [139.915, 39.9017], [139.9154, 39.9015], [139.9151, 39.9012], [139.9157, 39.9012], [139.9155, 39.9014], [139.916, 39.9016], [139.9244, 39.8998], [139.9332, 39.8969], [139.9428, 39.8927], [139.9446, 39.8914], [139.9429, 39.8889], [139.9452, 39.8921], [139.9498, 39.8967], [139.9537, 39.8948], [139.949, 39.8901], [139.9458, 39.8876], [139.9491, 39.8902], [139.95, 39.8901], [139.9611, 39.8843], [139.9677, 39.8799], [139.9712, 39.8816], [139.9719, 39.8823], [139.9733, 39.8827], [139.9736, 39.8833], [139.9729, 39.8843], [139.9717, 39.8851], [139.9697, 39.8852], [139.968, 39.8846], [139.967, 39.8847], [139.9669, 39.885], [139.9678, 39.8855], [139.9664, 39.8857], [139.9661, 39.8865], [139.9633, 39.8891], [139.9583, 39.8929], [139.9537, 39.8978], [139.9608, 39.905], [139.9634, 39.9199], [139.9545, 39.9204], [139.9547, 39.921], [139.949, 39.9412], [139.947, 39.9429], [139.9448, 39.9438], [139.9409, 39.9462], [139.9266, 39.9528], [139.9227, 39.9577], [139.9224, 39.9588], [139.9267, 39.97], [139.9334, 39.9902], [139.9364, 39.9954], [139.9429, 40.0012], [139.9435, 40.0039], [139.9429, 40.0064], [139.942, 40.0076], [139.9365, 40.0103], [139.9339, 40.0167], [139.9321, 40.0188], [139.9304, 40.0234], [139.9321, 40.0244], [139.9344, 40.0302], [139.9522, 40.037], [139.9531, 40.0389], [139.9533, 40.0426], [139.9574, 40.0475], [139.9591, 40.0502], [139.962, 40.0574], [139.9594, 40.0581], [139.9546, 40.0604], [139.9546, 40.0609], [139.9532, 40.0617], [139.9521, 40.064], [139.952, 40.0643], [139.9543, 40.0639], [139.9546, 40.0644], [139.9553, 40.0642], [139.9556, 40.0648], [139.9569, 40.065], [139.9525, 40.0673], [139.9526, 40.0676], [139.9581, 40.0662], [139.9587, 40.0662], [139.9589, 40.0667], [139.9577, 40.0672], [139.9572, 40.0679], [139.9559, 40.068], [139.9566, 40.0687], [139.9524, 40.0693], [139.953, 40.0706], [139.9537, 40.0705], [139.9537, 40.0713], [139.951, 40.0716], [139.9455, 40.0735], [139.9344, 40.0565], [139.9261, 40.0445], [139.9195, 40.0364], [139.9174, 40.0332], [139.9146, 40.0302], [139.9123, 40.0314], [139.9104, 40.0304], [139.9124, 40.0313], [139.9143, 40.0303], [139.9133, 40.0294], [139.9125, 40.0298], [139.9125, 40.0302], [139.9124, 40.0298], [139.9136, 40.0291], [139.9123, 40.0273], [139.9024, 40.0167], [139.8859, 40.0003], [139.8757, 39.9918], [139.8751, 39.9911], [139.8753, 39.9909], [139.8751, 39.9911], [139.8751, 39.9912], [139.8748, 39.991], [139.8703, 39.9872], [139.8692, 39.9879], [139.87, 39.9873], [139.8692, 39.9867], [139.8689, 39.9869], [139.8692, 39.9866], [139.8684, 39.9864], [139.8684, 39.986], [139.8676, 39.9871], [139.8689, 39.9884], [139.8675, 39.9871], [139.8677, 39.9864], [139.8684, 39.986], [139.868, 39.9856], [139.8565, 39.9778], [139.8477, 39.9726], [139.8362, 39.967], [139.8351, 39.9661], [139.8348, 39.9662], [139.8292, 39.9641], [139.8277, 39.9639], [139.8235, 39.9622], [139.8226, 39.9622], [139.8226, 39.961], [139.8225, 39.9616], [139.8212, 39.9615], [139.8196, 39.9611], [139.8181, 39.96], [139.8092, 39.9577], [139.8021, 39.9571], [139.8013, 39.9567], [139.7978, 39.9568], [139.7953, 39.9575], [139.7959, 39.9576], [139.7957, 39.9582], [139.7943, 39.9582], [139.7956, 39.9581], [139.7958, 39.9577], [139.7936, 39.9577], [139.7938, 39.9587], [139.7924, 39.959], [139.7923, 39.9587], [139.7918, 39.9588], [139.7919, 39.9592], [139.7883, 39.9602], [139.7886, 39.9607], [139.7883, 39.9602], [139.786, 39.9609], [139.7849, 39.9629], [139.7859, 39.9633], [139.7867, 39.9631], [139.7866, 39.9628], [139.7868, 39.9631], [139.7878, 39.963], [139.7854, 39.9635], [139.7849, 39.9633], [139.7841, 39.9652], [139.7848, 39.9655], [139.7864, 39.9638], [139.7849, 39.9656], [139.784, 39.9652], [139.7835, 39.9656], [139.7836, 39.966], [139.7824, 39.9678], [139.7796, 39.9689], [139.7708, 39.9702], [139.7695, 39.9724], [139.77, 39.9727], [139.7713, 39.9725], [139.7694, 39.9727], [139.7658, 39.9748], [139.7561, 39.9769], [139.7538, 39.9769], [139.7532, 39.9779], [139.7523, 39.978], [139.7532, 39.9778], [139.7536, 39.9772], [139.7526, 39.9769], [139.7527, 39.9765], [139.7518, 39.9764], [139.7517, 39.9768], [139.7502, 39.9773], [139.7516, 39.9783], [139.75, 39.9772], [139.7484, 39.9777], [139.7457, 39.9777], [139.7427, 39.9782], [139.7381, 39.9806], [139.737, 39.9824], [139.7356, 39.9827], [139.7354, 39.9834], [139.7347, 39.9834], [139.7344, 39.9839], [139.7334, 39.9837], [139.7328, 39.982], [139.7321, 39.9823], [139.7324, 39.9831], [139.7318, 39.9822], [139.7298, 39.982], [139.7295, 39.9815], [139.7284, 39.9812], [139.726, 39.9812], [139.7251, 39.982], [139.7234, 39.9816], [139.721, 39.9845], [139.7199, 39.9846], [139.72, 39.9849], [139.718, 39.9862], [139.7181, 39.9867], [139.7176, 39.9866], [139.7168, 39.9875], [139.7161, 39.9874], [139.7152, 39.9886], [139.715, 39.9899], [139.7135, 39.9919], [139.7132, 39.9934], [139.7125, 39.9936], [139.7126, 39.9951], [139.7122, 39.9951], [139.7112, 39.9969], [139.7105, 39.9968], [139.7105, 39.9973], [139.7099, 39.9974], [139.7099, 39.9979], [139.7095, 39.9979], [139.7097, 39.9986], [139.7088, 39.9983], [139.709, 39.999], [139.7088, 39.9986], [139.708, 39.9992], [139.7094, 39.9994], [139.7082, 39.9994], [139.7077, 39.9999], [139.7077, 40.0002], [139.7086, 40.0003], [139.7086, 40.0014], [139.7069, 40.0014], [139.7052, 40.0041], [139.7036, 40.0051], [139.7034, 40.0059], [139.7022, 40.0062], [139.7026, 40.0064], [139.7018, 40.0068], [139.701, 40.007], [139.6999, 40.0063], [139.6988, 40.0048], [139.6988, 40.0025], [139.6982, 40.0025], [139.6981, 40.0017], [139.697, 40.001], [139.6962, 39.9996], [139.6952, 39.9988], [139.696, 39.9988], [139.6958, 39.9984], [139.6964, 39.9987], [139.6959, 39.9984], [139.6967, 39.9983], [139.6966, 39.9979], [139.6974, 39.998], [139.6963, 39.9976], [139.6968, 39.9975], [139.6962, 39.9972], [139.6968, 39.9973], [139.6966, 39.9969], [139.6974, 39.9968], [139.6977, 39.996], [139.6967, 39.9955], [139.6949, 39.9955], [139.6941, 39.9964], [139.6929, 39.9953], [139.6941, 39.9948], [139.6939, 39.9943], [139.6944, 39.9948], [139.6944, 39.9945], [139.6948, 39.9947], [139.6945, 39.9943], [139.6958, 39.9947], [139.6963, 39.9944], [139.6962, 39.9937], [139.6954, 39.9936], [139.6957, 39.9935], [139.6955, 39.9929], [139.6962, 39.9927], [139.6953, 39.9923], [139.696, 39.9922], [139.6957, 39.9917], [139.6953, 39.9913], [139.6951, 39.9918], [139.6944, 39.9916], [139.6948, 39.9917], [139.6946, 39.9914], [139.6952, 39.9912], [139.6952, 39.9908], [139.6947, 39.9909], [139.6946, 39.9903], [139.694, 39.9904], [139.6946, 39.9899], [139.6942, 39.9896], [139.6947, 39.9897], [139.694, 39.9889], [139.6945, 39.9892], [139.695, 39.989], [139.6947, 39.9884], [139.6952, 39.9887], [139.6951, 39.9883], [139.6958, 39.9882], [139.6954, 39.9879], [139.696, 39.988], [139.6963, 39.9878], [139.6958, 39.9876], [139.6973, 39.9868], [139.6974, 39.9861], [139.6968, 39.9856], [139.6972, 39.9857], [139.697, 39.9851], [139.6973, 39.9854], [139.6971, 39.9851], [139.6975, 39.9852], [139.6975, 39.9845], [139.698, 39.9845], [139.6975, 39.984], [139.6969, 39.9843], [139.6969, 39.984], [139.6957, 39.9841], [139.6967, 39.9831], [139.696, 39.9829], [139.6965, 39.9828], [139.6963, 39.9824], [139.6953, 39.9826], [139.6954, 39.9821], [139.6949, 39.9823], [139.6947, 39.982], [139.6953, 39.9819], [139.6949, 39.9816], [139.6952, 39.9813], [139.6945, 39.9806], [139.6948, 39.9803], [139.6943, 39.9798], [139.6948, 39.9799], [139.6942, 39.9795], [139.6951, 39.9799], [139.6945, 39.9793], [139.6952, 39.9796], [139.6951, 39.9792], [139.6958, 39.979], [139.6955, 39.9787], [139.6968, 39.979], [139.6965, 39.9784], [139.6971, 39.9785], [139.6964, 39.9782], [139.6972, 39.9782], [139.6964, 39.9779], [139.6971, 39.978], [139.6965, 39.9775], [139.6971, 39.9779], [139.6971, 39.9776], [139.6975, 39.9778], [139.6974, 39.9775], [139.6979, 39.9778], [139.6977, 39.9775], [139.6983, 39.9775], [139.6984, 39.977], [139.6988, 39.9771], [139.6985, 39.9768], [139.6992, 39.9764], [139.6997, 39.9769], [139.7009, 39.9767], [139.7019, 39.976], [139.7017, 39.9747], [139.7009, 39.9742], [139.7015, 39.9741], [139.7013, 39.9735], [139.7004, 39.9732], [139.7008, 39.9731], [139.7006, 39.9728], [139.7011, 39.9729], [139.7007, 39.9725], [139.7013, 39.9727], [139.7013, 39.9724], [139.7016, 39.9725], [139.7012, 39.9721], [139.7022, 39.9719], [139.7025, 39.9713], [139.7016, 39.9709], [139.7015, 39.9703], [139.7002, 39.97], [139.701, 39.9698], [139.7009, 39.9687], [139.7014, 39.9691], [139.7012, 39.9685], [139.7008, 39.9686], [139.701, 39.9684], [139.7002, 39.9685], [139.7002, 39.968], [139.7008, 39.968], [139.7011, 39.9671], [139.7015, 39.9673], [139.7012, 39.9669], [139.7018, 39.9668], [139.7018, 39.9662], [139.7024, 39.9664], [139.7029, 39.966], [139.7018, 39.9651], [139.7026, 39.9651], [139.7028, 39.9647], [139.702, 39.964], [139.7022, 39.9629], [139.7014, 39.9623], [139.7018, 39.9616], [139.7016, 39.961], [139.7024, 39.961], [139.7024, 39.9603], [139.7033, 39.9604], [139.7043, 39.9611], [139.7054, 39.9606], [139.7065, 39.9586], [139.7064, 39.9575], [139.7071, 39.9576], [139.7065, 39.9571], [139.7066, 39.9566], [139.7082, 39.9563], [139.7092, 39.9566], [139.7094, 39.9573], [139.71, 39.9575], [139.7097, 39.9578], [139.7119, 39.9575], [139.7138, 39.9587], [139.7119, 39.9575], [139.7107, 39.9577], [139.7108, 39.958], [139.7115, 39.9579], [139.7132, 39.9594], [139.7118, 39.9597], [139.711, 39.959], [139.7105, 39.9592], [139.7116, 39.9607], [139.713, 39.9605], [139.713, 39.9601], [139.7133, 39.9609], [139.7143, 39.961], [139.7167, 39.9602], [139.7165, 39.9599], [139.7168, 39.9601], [139.719, 39.9584], [139.7204, 39.9568], [139.7214, 39.9528], [139.7211, 39.9521], [139.7216, 39.9522], [139.7211, 39.9521], [139.7208, 39.9495], [139.7212, 39.949], [139.7208, 39.949], [139.7197, 39.947], [139.72, 39.9467], [139.7193, 39.9464], [139.7196, 39.9462], [139.7193, 39.9464], [139.7184, 39.9458], [139.7181, 39.946], [139.7183, 39.9455], [139.7175, 39.9455], [139.7162, 39.946], [139.7138, 39.9457], [139.7123, 39.9462], [139.7122, 39.9466], [139.7095, 39.9467], [139.7087, 39.9456], [139.7072, 39.9449], [139.705, 39.9446], [139.7048, 39.945], [139.7063, 39.9455], [139.7047, 39.945], [139.7043, 39.9454], [139.7046, 39.945], [139.7039, 39.9451], [139.7034, 39.9445], [139.7041, 39.9445], [139.703, 39.9434], [139.7041, 39.9435], [139.7044, 39.9432], [139.7017, 39.9422], [139.7024, 39.9423], [139.7017, 39.942], [139.7026, 39.9418], [139.7039, 39.9423], [139.7036, 39.9418], [139.7043, 39.942], [139.7048, 39.9417], [139.7047, 39.9414], [139.7052, 39.9415], [139.7053, 39.9409], [139.7048, 39.9404], [139.7054, 39.9408], [139.7052, 39.9403], [139.7056, 39.9403], [139.7051, 39.94], [139.7057, 39.9402], [139.7054, 39.9396], [139.7061, 39.9396], [139.7059, 39.939], [139.7063, 39.9388], [139.7059, 39.9386], [139.7062, 39.9385], [139.7045, 39.9382], [139.7053, 39.9371], [139.7038, 39.9363], [139.7046, 39.936], [139.7051, 39.9363], [139.7052, 39.9358], [139.7057, 39.9359], [139.7055, 39.9356], [139.706, 39.9357], [139.7061, 39.9352], [139.7049, 39.9345], [139.7046, 39.9335], [139.7054, 39.9339], [139.7059, 39.9338], [139.7056, 39.9334], [139.7063, 39.9337], [139.7057, 39.9328], [139.7065, 39.9332], [139.7069, 39.933], [139.7071, 39.9324], [139.7066, 39.9316], [139.7068, 39.9313], [139.7075, 39.9313], [139.7075, 39.9306], [139.7061, 39.9305], [139.7066, 39.9299], [139.7057, 39.9302], [139.7052, 39.9295], [139.7058, 39.9292], [139.7061, 39.9295], [139.706, 39.9291], [139.7063, 39.9291], [139.7058, 39.9289], [139.7057, 39.9281], [139.7076, 39.9285], [139.708, 39.9278], [139.7089, 39.9282], [139.7087, 39.9273], [139.7098, 39.9276], [139.7112, 39.9265], [139.7106, 39.9254], [139.7085, 39.9243], [139.709, 39.9244], [139.7085, 39.9234], [139.7091, 39.9236], [139.709, 39.9231], [139.7099, 39.9235], [139.7093, 39.9229], [139.7101, 39.9235], [139.7098, 39.923], [139.7107, 39.9233], [139.7116, 39.923], [139.7112, 39.9217], [139.7118, 39.9221], [139.711, 39.9211], [139.7119, 39.9216], [139.7116, 39.9212], [139.7128, 39.9215], [139.7123, 39.9205], [139.713, 39.9211], [139.7127, 39.9202], [139.7136, 39.9206], [139.7128, 39.9198], [139.7134, 39.9199], [139.7129, 39.9191], [139.712, 39.9186], [139.7125, 39.9188], [139.7122, 39.9184], [139.7135, 39.9192], [139.7135, 39.9185], [139.7145, 39.9184], [139.7138, 39.918], [139.7143, 39.9182], [139.7138, 39.9176], [139.7144, 39.9178], [139.714, 39.9167], [139.7148, 39.9174], [139.7148, 39.917], [139.7158, 39.9166], [139.7154, 39.9161], [139.7162, 39.9165], [139.7165, 39.9156], [139.7177, 39.9152], [139.7158, 39.9139], [139.7169, 39.9141], [139.7165, 39.9137], [139.7166, 39.9131], [139.7173, 39.9136], [139.7178, 39.9133], [139.7175, 39.9129], [139.7181, 39.9133], [139.7175, 39.9125], [139.7183, 39.9131], [139.7186, 39.913], [139.7173, 39.9119], [139.7171, 39.9111], [139.7176, 39.9115], [139.7165, 39.9101], [139.7167, 39.9098], [139.7175, 39.9104], [139.717, 39.9096], [139.7178, 39.9099], [139.7175, 39.909], [139.7187, 39.9102], [139.7189, 39.9098], [139.7198, 39.9102], [139.7192, 39.9096], [139.7196, 39.9092], [139.7192, 39.9094], [139.7194, 39.9088], [139.7202, 39.9091], [139.7204, 39.9087], [139.7207, 39.909], [139.7208, 39.9085], [139.7215, 39.9087], [139.7214, 39.9084], [139.7224, 39.9088], [139.7226, 39.9083], [139.7235, 39.9088], [139.7236, 39.9079], [139.7238, 39.9083], [139.7239, 39.9078], [139.7248, 39.9081], [139.7246, 39.9077], [139.7251, 39.908], [139.7251, 39.9076], [139.7267, 39.9093], [139.7291, 39.9089], [139.7274, 39.9094], [139.7283, 39.91], [139.7286, 39.9097], [139.7285, 39.9101], [139.7294, 39.9095], [139.7292, 39.9092], [139.7298, 39.9097], [139.7305, 39.909], [139.7319, 39.9086], [139.733, 39.9073], [139.7334, 39.9074], [139.7332, 39.9071], [139.7336, 39.9071], [139.7339, 39.9066], [139.7335, 39.9061], [139.7347, 39.9055], [139.7352, 39.9045], [139.7343, 39.903], [139.735, 39.903], [139.7356, 39.9024], [139.7352, 39.9008], [139.7346, 39.9007], [139.735, 39.9005], [139.7347, 39.8996], [139.7352, 39.8994], [139.734, 39.8971], [139.7347, 39.8955], [139.7341, 39.8949], [139.7362, 39.8936], [139.7361, 39.8926], [139.7352, 39.8924], [139.7358, 39.8924], [139.736, 39.8911], [139.7364, 39.891], [139.736, 39.8905], [139.7364, 39.8905], [139.7367, 39.8898], [139.7364, 39.889], [139.7358, 39.8889], [139.7364, 39.889], [139.7364, 39.8886], [139.735, 39.8884], [139.7356, 39.8883], [139.7355, 39.8877], [139.7358, 39.8882], [139.7364, 39.8882], [139.736, 39.8876], [139.7371, 39.8875], [139.7367, 39.8872], [139.7372, 39.8871], [139.7361, 39.8865], [139.7375, 39.8865], [139.7372, 39.886], [139.7381, 39.8861], [139.7379, 39.8858], [139.7389, 39.8852], [139.7384, 39.8841], [139.7375, 39.8838], [139.7378, 39.8842], [139.7372, 39.8842], [139.7362, 39.8836], [139.7367, 39.8831], [139.7374, 39.8836], [139.7373, 39.8832], [139.7379, 39.8831], [139.7371, 39.8829], [139.7369, 39.882], [139.7377, 39.8822], [139.7374, 39.8817], [139.7383, 39.8816], [139.7378, 39.8814], [139.7376, 39.8805], [139.7374, 39.8809], [139.7369, 39.8806], [139.737, 39.8799], [139.7375, 39.8803], [139.7373, 39.8797], [139.7375, 39.8801], [139.7377, 39.8798], [139.7383, 39.8801], [139.738, 39.8791], [139.7385, 39.8793], [139.7382, 39.8787], [139.7388, 39.8787], [139.7384, 39.8785], [139.739, 39.8783], [139.738, 39.8784], [139.7378, 39.8781], [139.7395, 39.8779], [139.7394, 39.8767], [139.7399, 39.8774], [139.7409, 39.8769], [139.741, 39.8758], [139.7406, 39.8755], [139.741, 39.8756], [139.741, 39.8752], [139.7405, 39.8752], [139.7411, 39.8751], [139.7412, 39.8741], [139.7401, 39.8725], [139.7403, 39.8715], [139.7408, 39.8711], [139.7416, 39.8713], [139.7419, 39.8709], [139.7421, 39.8711], [139.7432, 39.8709], [139.7435, 39.8704], [139.7432, 39.8694], [139.7419, 39.869], [139.7425, 39.869], [139.7422, 39.8688], [139.7426, 39.8686], [139.7423, 39.8685], [139.7428, 39.8682], [139.7424, 39.8681], [139.7431, 39.8679], [139.743, 39.8676], [139.7445, 39.8679], [139.7449, 39.8668], [139.7458, 39.8668], [139.7458, 39.8664], [139.7464, 39.8665], [139.7467, 39.8662], [139.747, 39.8655], [139.7466, 39.8653], [139.7474, 39.8656], [139.7491, 39.8653], [139.7508, 39.8641], [139.7518, 39.8643], [139.7521, 39.8628], [139.7519, 39.864], [139.7538, 39.864], [139.7551, 39.8632], [139.754, 39.8609], [139.7542, 39.8607], [139.7535, 39.8599], [139.7531, 39.8601], [139.7531, 39.8594], [139.7533, 39.8592], [139.7538, 39.8596], [139.7539, 39.859], [139.7556, 39.8596], [139.7557, 39.8585], [139.7566, 39.8587], [139.7555, 39.8583], [139.7546, 39.8583], [139.7541, 39.8579], [139.7554, 39.8577], [139.7553, 39.8569], [139.7558, 39.8572], [139.7557, 39.8568], [139.7561, 39.857], [139.7559, 39.8573], [139.7573, 39.8587], [139.7577, 39.8583], [139.7586, 39.8595], [139.7593, 39.8595], [139.7594, 39.8586], [139.7599, 39.8583], [139.7598, 39.8592], [139.7608, 39.8596], [139.7597, 39.8594], [139.7594, 39.8596], [139.7603, 39.8598], [139.7603, 39.8602], [139.7609, 39.8599], [139.7612, 39.8613], [139.7617, 39.8615], [139.7611, 39.8618], [139.7618, 39.8624], [139.7638, 39.8627], [139.7645, 39.8623], [139.7667, 39.8634], [139.7686, 39.8635], [139.7716, 39.8647], [139.7733, 39.8642], [139.7742, 39.8631], [139.7735, 39.8626], [139.7731, 39.8631], [139.7734, 39.8626], [139.7724, 39.8616], [139.7728, 39.8612], [139.7717, 39.8611], [139.7714, 39.8602], [139.7726, 39.8602], [139.7723, 39.8598], [139.7735, 39.8594], [139.7722, 39.8598], [139.7725, 39.8594], [139.7719, 39.8594], [139.7718, 39.859], [139.7727, 39.8589], [139.772, 39.8584], [139.7734, 39.859], [139.7738, 39.859], [139.7738, 39.8586], [139.7745, 39.859], [139.7738, 39.859], [139.7744, 39.8592], [139.774, 39.8598], [139.7746, 39.8603], [139.7746, 39.8609], [139.7836, 39.8595], [139.7807, 39.86], [139.7826, 39.8621], [139.7811, 39.8606], [139.7785, 39.8613], [139.7803, 39.8631], [139.7809, 39.8628], [139.7797, 39.8635], [139.781, 39.8644], [139.7803, 39.8644], [139.7789, 39.8629], [139.7782, 39.8632], [139.7792, 39.8646], [139.7796, 39.8643], [139.7793, 39.8646], [139.781, 39.8657], [139.7807, 39.8659], [139.7814, 39.8659], [139.7821, 39.8652], [139.7813, 39.8647], [139.7824, 39.8654], [139.7825, 39.8657], [139.7844, 39.8654], [139.7849, 39.8648], [139.7849, 39.864], [139.7844, 39.8637], [139.7851, 39.8638], [139.7849, 39.8633], [139.7854, 39.8628], [139.7858, 39.8632], [139.7866, 39.8628], [139.7864, 39.8625], [139.7869, 39.8626], [139.7862, 39.8622], [139.7868, 39.8621], [139.7886, 39.8642], [139.7906, 39.8644], [139.7895, 39.8645], [139.7894, 39.8654], [139.7891, 39.8654], [139.7899, 39.8669], [139.7913, 39.8676], [139.794, 39.8677], [139.7962, 39.867], [139.7973, 39.8662], [139.7978, 39.8653], [139.7988, 39.866], [139.8011, 39.865], [139.8086, 39.8587], [139.8094, 39.8574], [139.8169, 39.8526], [139.8238, 39.8493], [139.83, 39.8472], [139.8389, 39.8451], [139.8433, 39.8444], [139.8479, 39.8441], [139.8528, 39.8442], [139.8585, 39.8449], [139.8631, 39.8457], [139.8681, 39.847], [139.878, 39.8506], [139.8855, 39.8555], [139.8917, 39.861], [139.8956, 39.866], [139.8981, 39.8705], [139.9001, 39.8761], [139.9009, 39.88], [139.9009, 39.8867], [139.8997, 39.8925], [139.8984, 39.896], [139.8961, 39.9005], [139.8948, 39.902]]]}, "properties": {"name": "秋田県男鹿市"}}, {"type": "Feature", "geometry": {"type": "Polygon", "coordinates": [[[140.4458, 39.2163], [140.4457, 39.2159], [140.4468, 39.2151], [140.4465, 39.2137], [140.4435, 39.2154], [140.4427, 39.2153], [140.4451, 39.2125], [140.4425, 39.2107], [140.4451, 39.2079], [140.4434, 39.2071], [140.4437, 39.2044], [140.4431, 39.2034], [140.4442, 39.2023], [140.4453, 39.2019], [140.4456, 39.201], [140.4466, 39.2007], [140.4473, 39.2014], [140.447, 39.1998], [140.4481, 39.1988], [140.4472, 39.1977], [140.4475, 39.1967], [140.4503, 39.1941], [140.4494, 39.1919], [140.4499, 39.1903], [140.4543, 39.1856], [140.4546, 39.1839], [140.4586, 39.1797], [140.4568, 39.1782], [140.4604, 39.1756], [140.4463, 39.1636], [140.4381, 39.1695], [140.4367, 39.1675], [140.4354, 39.1667], [140.4339, 39.1666], [140.4331, 39.164], [140.4309, 39.1636], [140.4297, 39.161], [140.4302, 39.1585], [140.4291, 39.1561], [140.4293, 39.1549], [140.4286, 39.1545], [140.4287, 39.1537], [140.4279, 39.1533], [140.427, 39.1523], [140.4273, 39.1499], [140.4269, 39.1483], [140.4278, 39.1474], [140.4269, 39.1463], [140.4253, 39.1454], [140.4244, 39.1422], [140.4235, 39.1411], [140.4214, 39.1403], [140.4212, 39.1398], [140.4198, 39.1392], [140.4192, 39.1382], [140.4198, 39.1376], [140.4196, 39.1364], [140.4156, 39.137], [140.4105, 39.1371], [140.4066, 39.1338], [140.4068, 39.1315], [140.4076, 39.1306], [140.4071, 39.13], [140.4077, 39.1283], [140.406, 39.127], [140.4074, 39.1248], [140.4074, 39.1227], [140.4052, 39.1212], [140.4041, 39.1211], [140.4034, 39.1204], [140.4031, 39.1187], [140.4005, 39.1155], [140.4009, 39.1143], [140.4003, 39.113], [140.3967, 39.1107], [140.396, 39.1086], [140.3948, 39.1075], [140.3938, 39.1072], [140.3926, 39.1052], [140.3912, 39.1047], [140.3905, 39.1039], [140.3894, 39.1038], [140.3889, 39.103], [140.3867, 39.1032], [140.3858, 39.1021], [140.3848, 39.1017], [140.3827, 39.1025], [140.3815, 39.1018], [140.3799, 39.1016], [140.378, 39.1003], [140.3758, 39.1003], [140.3746, 39.1012], [140.3733, 39.1003], [140.3708, 39.1002], [140.3698, 39.0996], [140.3685, 39.0997], [140.3659, 39.0983], [140.3652, 39.0936], [140.3618, 39.093], [140.3596, 39.0934], [140.3575, 39.0929], [140.3564, 39.0935], [140.3565, 39.0909], [140.355, 39.0889], [140.3549, 39.0872], [140.3541, 39.085], [140.346, 39.0824], [140.3419, 39.0836], [140.3412, 39.0798], [140.3424, 39.0789], [140.3424, 39.0777], [140.3436, 39.076], [140.3434, 39.074], [140.3404, 39.072], [140.338, 39.0684], [140.3362, 39.067], [140.336, 39.0661], [140.3334, 39.0646], [140.333, 39.0637], [140.3334, 39.0612], [140.3314, 39.0591], [140.3317, 39.0586], [140.3339, 39.0579], [140.3352, 39.0551], [140.3376, 39.0536], [140.3384, 39.0522], [140.3411, 39.0507], [140.3426, 39.0457], [140.3385, 39.0442], [140.3375, 39.0426], [140.332, 39.0402], [140.331, 39.0382], [140.33, 39.0378], [140.3296, 39.0372], [140.329, 39.0347], [140.331, 39.0327], [140.3319, 39.0308], [140.3375, 39.0298], [140.3381, 39.0292], [140.3406, 39.0284], [140.3431, 39.0265], [140.3483, 39.025], [140.3544, 39.0239], [140.3576, 39.0253], [140.3623, 39.0261], [140.3615, 39.0244], [140.3608, 39.0199], [140.3613, 39.0191], [140.3626, 39.0182], [140.3625, 39.0139], [140.3641, 39.0126], [140.364, 39.0096], [140.3654, 39.0083], [140.3658, 39.007], [140.3671, 39.0055], [140.3707, 39.0041], [140.3725, 39.0015], [140.3733, 38.9996], [140.3747, 38.9984], [140.3742, 38.9976], [140.3745, 38.9957], [140.376, 38.9946], [140.3786, 38.9955], [140.3835, 38.994], [140.3865, 38.9945], [140.3899, 38.9922], [140.3947, 38.9913], [140.4023, 38.9924], [140.4054, 38.9918], [140.4106, 38.9941], [140.4132, 38.9901], [140.4207, 38.9924], [140.4239, 38.9924], [140.4292, 38.9918], [140.4319, 38.992], [140.4322, 38.9898], [140.4345, 38.9886], [140.4363, 38.9865], [140.4379, 38.982], [140.4398, 38.9814], [140.4421, 38.9816], [140.4455, 38.9805], [140.4465, 38.9794], [140.446, 38.9781], [140.4463, 38.9732], [140.4501, 38.9727], [140.4511, 38.972], [140.4504, 38.9688], [140.4497, 38.968], [140.4508, 38.9651], [140.4498, 38.9634], [140.4515, 38.9621], [140.4524, 38.96], [140.4536, 38.9588], [140.453, 38.9564], [140.4537, 38.9527], [140.4512, 38.9475], [140.4494, 38.9457], [140.4515, 38.944], [140.4512, 38.9408], [140.4516, 38.9378], [140.4556, 38.9364], [140.4583, 38.9342], [140.4583, 38.9313], [140.4592, 38.9287], [140.4623, 38.9249], [140.4626, 38.9223], [140.4619, 38.9208], [140.4621, 38.9196], [140.4638, 38.9189], [140.4647, 38.9175], [140.4672, 38.9163], [140.472, 38.9151], [140.4736, 38.9161], [140.4783, 38.9154], [140.4794, 38.9148], [140.4818, 38.9167], [140.4824, 38.9166], [140.4836, 38.9135], [140.4846, 38.912], [140.4876, 38.9104], [140.4898, 38.9082], [140.4921, 38.9069], [140.4922, 38.9023], [140.494, 38.9014], [140.4943, 38.899], [140.5003, 38.8948], [140.5047, 38.8948], [140.5089, 38.8978], [140.5109, 38.8984], [140.5116, 38.8991], [140.5145, 38.8997], [140.5156, 38.9003], [140.52, 38.8996], [140.5248, 38.8996], [140.5255, 38.8988], [140.5258, 38.8975], [140.5262, 38.8975], [140.5293, 38.8992], [140.5348, 38.9008], [140.538, 38.9004], [140.5425, 38.8947], [140.5474, 38.891], [140.5476, 38.8899], [140.547, 38.8892], [140.5529, 38.8829], [140.5538, 38.879], [140.5534, 38.878], [140.554, 38.8765], [140.5545, 38.8761], [140.5576, 38.8758], [140.5604, 38.8747], [140.562, 38.8731], [140.5634, 38.8744], [140.5654, 38.875], [140.5695, 38.8747], [140.5726, 38.8784], [140.5747, 38.8788], [140.5799, 38.8815], [140.5856, 38.8801], [140.586, 38.8834], [140.5864, 38.8842], [140.5897, 38.8865], [140.5902, 38.8892], [140.5944, 38.8863], [140.5978, 38.885], [140.6009, 38.8859], [140.6073, 38.8867], [140.6096, 38.8924], [140.6138, 38.8941], [140.6153, 38.8938], [140.6208, 38.8902], [140.6243, 38.8905], [140.627, 38.8891], [140.6302, 38.8892], [140.6315, 38.8875], [140.6338, 38.8872], [140.6353, 38.8865], [140.6369, 38.8834], [140.6377, 38.8831], [140.64, 38.8836], [140.6419, 38.8866], [140.6446, 38.8883], [140.6483, 38.8887], [140.6508, 38.8885], [140.654, 38.889], [140.6546, 38.8899], [140.6531, 38.8915], [140.6563, 38.8923], [140.6602, 38.8941], [140.667, 38.895], [140.6699, 38.8969], [140.671, 38.8972], [140.6719, 38.8986], [140.6729, 38.9035], [140.6741, 38.9045], [140.6769, 38.9056], [140.6778, 38.9065], [140.6791, 38.9084], [140.6795, 38.9117], [140.6802, 38.9135], [140.6831, 38.9146], [140.684, 38.9162], [140.6856, 38.9175], [140.6934, 38.9192], [140.6941, 38.9196], [140.6948, 38.9212], [140.7001, 38.9237], [140.7016, 38.9236], [140.7031, 38.9229], [140.7033, 38.9207], [140.7066, 38.9202], [140.7079, 38.9208], [140.7089, 38.9231], [140.7115, 38.9232], [140.712, 38.9247], [140.7119, 38.9268], [140.7139, 38.9272], [140.7159, 38.927], [140.717, 38.9276], [140.7188, 38.9303], [140.7222, 38.9328], [140.7232, 38.9341], [140.7232, 38.9375], [140.7247, 38.938], [140.7254, 38.9386], [140.7258, 38.9397], [140.7273, 38.9404], [140.7273, 38.9415], [140.7264, 38.9427], [140.7271, 38.9445], [140.7278, 38.945], [140.7294, 38.9454], [140.7304, 38.948], [140.7317, 38.9491], [140.7434, 38.9538], [140.7441, 38.9556], [140.7452, 38.9563], [140.7558, 38.9582], [140.753, 38.961], [140.7505, 38.9652], [140.7465, 38.9692], [140.7357, 38.9767], [140.7335, 38.9785], [140.7328, 38.9801], [140.7298, 38.9809], [140.729, 38.9839], [140.728, 38.9854], [140.7268, 38.9859], [140.7236, 38.9861], [140.7228, 38.9885], [140.7221, 38.9887], [140.7198, 38.9913], [140.717, 38.993], [140.7157, 38.9956], [140.7166, 38.9989], [140.718, 38.9992], [140.7183, 38.9996], [140.7174, 39.0014], [140.7184, 39.0062], [140.7132, 39.0088], [140.7094, 39.0119], [140.7066, 39.0126], [140.7032, 39.0126], [140.7025, 39.0134], [140.7022, 39.0143], [140.7028, 39.0164], [140.7009, 39.0181], [140.7049, 39.0207], [140.7076, 39.0241], [140.7074, 39.0257], [140.7025, 39.0268], [140.7033, 39.0289], [140.7067, 39.032], [140.7077, 39.0335], [140.7074, 39.0367], [140.7082, 39.0396], [140.7066, 39.0408], [140.7071, 39.0457], [140.705, 39.0471], [140.7058, 39.0501], [140.7011, 39.0536], [140.6992, 39.0539], [140.6962, 39.0557], [140.6936, 39.0564], [140.6912, 39.0616], [140.6899, 39.0633], [140.6889, 39.0638], [140.6886, 39.0647], [140.687, 39.0646], [140.6839, 39.0654], [140.6834, 39.0658], [140.6833, 39.067], [140.6851, 39.0698], [140.6844, 39.0715], [140.6853, 39.0762], [140.6866, 39.0796], [140.6866, 39.0824], [140.6882, 39.0832], [140.6835, 39.0916], [140.6821, 39.0924], [140.6764, 39.0933], [140.6754, 39.0941], [140.6735, 39.0943], [140.6718, 39.0951], [140.6705, 39.095], [140.6701, 39.0963], [140.668, 39.0961], [140.6678, 39.0971], [140.6661, 39.0968], [140.6655, 39.0976], [140.6633, 39.098], [140.6629, 39.0996], [140.6611, 39.0989], [140.6603, 39.0981], [140.6596, 39.0981], [140.6571, 39.0986], [140.6558, 39.0994], [140.6512, 39.0993], [140.6484, 39.102], [140.6474, 39.1046], [140.6446, 39.1067], [140.6426, 39.1063], [140.6392, 39.1071], [140.6377, 39.1069], [140.6353, 39.1074], [140.6304, 39.1052], [140.629, 39.1051], [140.6287, 39.1081], [140.627, 39.1102], [140.6267, 39.1114], [140.6253, 39.1121], [140.6242, 39.1172], [140.6221, 39.1193], [140.6216, 39.1213], [140.6183, 39.1218], [140.6161, 39.1216], [140.6136, 39.1237], [140.6114, 39.1244], [140.6113, 39.1269], [140.6122, 39.1281], [140.6131, 39.1329], [140.6163, 39.1347], [140.617, 39.1379], [140.6166, 39.1395], [140.6159, 39.1401], [140.6119, 39.1408], [140.6109, 39.1433], [140.611, 39.146], [140.6097, 39.1488], [140.61, 39.1499], [140.614, 39.1511], [140.6158, 39.1531], [140.6157, 39.1543], [140.6161, 39.1551], [140.6158, 39.1569], [140.6146, 39.16], [140.6133, 39.1603], [140.6117, 39.1601], [140.6076, 39.1647], [140.6074, 39.1664], [140.6061, 39.1679], [140.6066, 39.1687], [140.6063, 39.1695], [140.6069, 39.1703], [140.607, 39.173], [140.6065, 39.1745], [140.6056, 39.1754], [140.6075, 39.177], [140.6064, 39.1784], [140.6038, 39.1797], [140.6023, 39.1823], [140.6001, 39.184], [140.5953, 39.1843], [140.594, 39.1835], [140.5917, 39.1852], [140.5896, 39.1854], [140.5882, 39.1877], [140.5836, 39.1885], [140.583, 39.1888], [140.582, 39.1884], [140.5805, 39.1899], [140.5775, 39.1911], [140.5768, 39.192], [140.5759, 39.1917], [140.5741, 39.1928], [140.5711, 39.1929], [140.57, 39.1936], [140.5677, 39.1937], [140.5653, 39.1915], [140.5636, 39.1913], [140.5632, 39.1912], [140.5622, 39.1924], [140.5617, 39.1917], [140.5603, 39.1912], [140.5609, 39.1899], [140.56, 39.1895], [140.5515, 39.1891], [140.5517, 39.1879], [140.5515, 39.1883], [140.5503, 39.1882], [140.5495, 39.1879], [140.5495, 39.1874], [140.548, 39.1871], [140.5471, 39.1902], [140.5443, 39.19], [140.5431, 39.1897], [140.5428, 39.1849], [140.5434, 39.1836], [140.5471, 39.1816], [140.5483, 39.1804], [140.5485, 39.1785], [140.5476, 39.1742], [140.5466, 39.1742], [140.5466, 39.1766], [140.5453, 39.1799], [140.5438, 39.1815], [140.5431, 39.1816], [140.5426, 39.1833], [140.5416, 39.1835], [140.5408, 39.1844], [140.5401, 39.1839], [140.5399, 39.1827], [140.5407, 39.1823], [140.5411, 39.1808], [140.5421, 39.1795], [140.5442, 39.1783], [140.5442, 39.1778], [140.5453, 39.1767], [140.5455, 39.1748], [140.5447, 39.1728], [140.5437, 39.173], [140.545, 39.1747], [140.5451, 39.1759], [140.5447, 39.1761], [140.5442, 39.1773], [140.5431, 39.1774], [140.5435, 39.1779], [140.5428, 39.1787], [140.5417, 39.179], [140.5384, 39.1767], [140.5383, 39.1757], [140.5378, 39.1754], [140.5379, 39.1744], [140.5371, 39.1743], [140.5369, 39.1725], [140.5353, 39.1729], [140.5333, 39.1758], [140.5304, 39.1757], [140.5286, 39.1773], [140.5279, 39.1772], [140.5267, 39.1777], [140.5257, 39.1785], [140.5262, 39.1795], [140.5249, 39.1811], [140.5252, 39.1824], [140.5233, 39.1831], [140.5228, 39.1839], [140.523, 39.1854], [140.5217, 39.1873], [140.5215, 39.1884], [140.5225, 39.1894], [140.5236, 39.1921], [140.5233, 39.1935], [140.5221, 39.1945], [140.5221, 39.195], [140.5297, 39.1975], [140.5282, 39.1997], [140.5247, 39.2026], [140.5191, 39.2048], [140.5096, 39.2104], [140.5069, 39.2113], [140.5052, 39.2114], [140.4986, 39.2109], [140.4948, 39.21], [140.4895, 39.2104], [140.4749, 39.2152], [140.4664, 39.2172], [140.4594, 39.2182], [140.4568, 39.2184], [140.4548, 39.2175], [140.4496, 39.2171], [140.4466, 39.218], [140.4463, 39.2177], [140.447, 39.2165], [140.4458, 39.2163]]]}, "properties": {"name": "秋田県湯沢市"}}, {"type": "Feature", "geometry": {"type": "Polygon", "coordinates": [[[140.697, 40.0483], [140.6983, 40.0466], [140.6978, 40.0429], [140.6982, 40.0413], [140.6995, 40.0398], [140.699, 40.0392], [140.6994, 40.0369], [140.7006, 40.0359], [140.7011, 40.0343], [140.7008, 40.0333], [140.7, 40.0329], [140.7006, 40.0317], [140.7029, 40.0303], [140.7042, 40.029], [140.7069, 40.0282], [140.7074, 40.0252], [140.7097, 40.0234], [140.7133, 40.0225], [140.7131, 40.0211], [140.7144, 40.0201], [140.7143, 40.0194], [140.7152, 40.0185], [140.7182, 40.0175], [140.7197, 40.0176], [140.7211, 40.0169], [140.7232, 40.0147], [140.7235, 40.0129], [140.7244, 40.012], [140.7316, 40.0103], [140.7326, 40.0086], [140.7318, 40.0079], [140.7322, 40.007], [140.7316, 40.0062], [140.731, 40.0036], [140.7315, 40.0021], [140.7324, 40.001], [140.7323, 40], [140.7331, 39.9997], [140.735, 39.9977], [140.7368, 39.9968], [140.7387, 39.9972], [140.7403, 39.9944], [140.7422, 39.993], [140.7442, 39.9893], [140.7464, 39.9881], [140.75, 39.9879], [140.7523, 39.9855], [140.7541, 39.9844], [140.7544, 39.9806], [140.7537, 39.9799], [140.7523, 39.9795], [140.7508, 39.978], [140.7501, 39.9749], [140.7506, 39.9734], [140.753, 39.9708], [140.7544, 39.9699], [140.7562, 39.9697], [140.7571, 39.9689], [140.7579, 39.9675], [140.7569, 39.9664], [140.7567, 39.9642], [140.7578, 39.9635], [140.7632, 39.9624], [140.7674, 39.963], [140.768, 39.964], [140.7706, 39.9649], [140.7729, 39.9634], [140.7762, 39.9639], [140.7807, 39.9641], [140.7851, 39.9652], [140.7915, 39.969], [140.7927, 39.9707], [140.7987, 39.9703], [140.8014, 39.9694], [140.8016, 39.9705], [140.8033, 39.9719], [140.8037, 39.9733], [140.8101, 39.9754], [140.8131, 39.9758], [140.8185, 39.9736], [140.8194, 39.9719], [140.8267, 39.9697], [140.8319, 39.9659], [140.8363, 39.965], [140.8377, 39.9653], [140.8402, 39.9637], [140.8412, 39.9635], [140.8426, 39.9623], [140.8438, 39.962], [140.845, 39.9606], [140.8478, 39.9591], [140.8487, 39.9617], [140.847, 39.966], [140.8476, 39.9697], [140.846, 39.9721], [140.8463, 39.9736], [140.8453, 39.9749], [140.8467, 39.976], [140.8471, 39.9786], [140.8458, 39.9797], [140.8457, 39.9814], [140.847, 39.9833], [140.8473, 39.9851], [140.8482, 39.9864], [140.8481, 39.9879], [140.8495, 39.9895], [140.8507, 39.9939], [140.8505, 39.9958], [140.8509, 39.9995], [140.8497, 40.0021], [140.8484, 40.0037], [140.8491, 40.0055], [140.849, 40.0081], [140.8519, 40.0119], [140.8536, 40.0124], [140.854, 40.0133], [140.8553, 40.0138], [140.8558, 40.0153], [140.8539, 40.0171], [140.8531, 40.0187], [140.8535, 40.0206], [140.8552, 40.0216], [140.8555, 40.0222], [140.8545, 40.0242], [140.8518, 40.0255], [140.8523, 40.0267], [140.8507, 40.0286], [140.8518, 40.0294], [140.8504, 40.0314], [140.8524, 40.0346], [140.8545, 40.0361], [140.8552, 40.0373], [140.8545, 40.0424], [140.8556, 40.0443], [140.8552, 40.0471], [140.8536, 40.0498], [140.8524, 40.0508], [140.8522, 40.0525], [140.8512, 40.0534], [140.8513, 40.0568], [140.8501, 40.0583], [140.8511, 40.0613], [140.8488, 40.0629], [140.8474, 40.0649], [140.8445, 40.0728], [140.8445, 40.0746], [140.8454, 40.0754], [140.847, 40.0755], [140.8488, 40.0769], [140.8513, 40.078], [140.8518, 40.0799], [140.8515, 40.0812], [140.8541, 40.082], [140.8545, 40.0849], [140.8582, 40.0862], [140.8599, 40.086], [140.8607, 40.0854], [140.8634, 40.0851], [140.8654, 40.0866], [140.8683, 40.0899], [140.8723, 40.0916], [140.8738, 40.0939], [140.8752, 40.0945], [140.8768, 40.0991], [140.8769, 40.1025], [140.8779, 40.1072], [140.8792, 40.1109], [140.8813, 40.1132], [140.8805, 40.1142], [140.8784, 40.1151], [140.8738, 40.1154], [140.8716, 40.1162], [140.8715, 40.1184], [140.8741, 40.1224], [140.8673, 40.1304], [140.8669, 40.1322], [140.8688, 40.1341], [140.8708, 40.137], [140.8748, 40.1394], [140.8743, 40.1401], [140.8745, 40.1431], [140.8766, 40.1447], [140.8771, 40.1461], [140.8794, 40.149], [140.8824, 40.151], [140.8831, 40.1535], [140.8822, 40.1561], [140.8834, 40.1574], [140.8827, 40.1587], [140.881, 40.16], [140.8797, 40.1599], [140.8755, 40.1608], [140.8688, 40.1596], [140.8666, 40.1625], [140.8637, 40.1638], [140.8618, 40.1656], [140.8616, 40.1673], [140.86, 40.1688], [140.8593, 40.1714], [140.8609, 40.1736], [140.8672, 40.1772], [140.8692, 40.178], [140.8723, 40.1782], [140.8733, 40.179], [140.8752, 40.1796], [140.8763, 40.1807], [140.8776, 40.1811], [140.8788, 40.1829], [140.8803, 40.1836], [140.8926, 40.1925], [140.8912, 40.1965], [140.8894, 40.1994], [140.8894, 40.2006], [140.8919, 40.2022], [140.8931, 40.2036], [140.8955, 40.2055], [140.8962, 40.2069], [140.8983, 40.2091], [140.8993, 40.2126], [140.8965, 40.2133], [140.8958, 40.2139], [140.898, 40.2155], [140.902, 40.2165], [140.9038, 40.2179], [140.905, 40.2217], [140.9055, 40.2223], [140.9091, 40.2236], [140.9105, 40.2232], [140.9153, 40.2238], [140.918, 40.2235], [140.9213, 40.225], [140.9257, 40.2261], [140.931, 40.2265], [140.9343, 40.2261], [140.9362, 40.2271], [140.9379, 40.2274], [140.9408, 40.2269], [140.9419, 40.2279], [140.9423, 40.2297], [140.9408, 40.2324], [140.9414, 40.2363], [140.9402, 40.2405], [140.9432, 40.2432], [140.9436, 40.2451], [140.9444, 40.2462], [140.947, 40.247], [140.9527, 40.2469], [140.9543, 40.2473], [140.9552, 40.2483], [140.9551, 40.2495], [140.9542, 40.2505], [140.9492, 40.2532], [140.9489, 40.255], [140.947, 40.2565], [140.9456, 40.2582], [140.9473, 40.2618], [140.9474, 40.2647], [140.9496, 40.2675], [140.9498, 40.2691], [140.9528, 40.2714], [140.9526, 40.2753], [140.9543, 40.2798], [140.9575, 40.282], [140.9574, 40.2828], [140.9567, 40.2838], [140.9567, 40.2847], [140.9542, 40.2849], [140.9525, 40.2874], [140.9488, 40.287], [140.9462, 40.2874], [140.9447, 40.2881], [140.9445, 40.2914], [140.9441, 40.2921], [140.9452, 40.2947], [140.944, 40.2964], [140.9459, 40.299], [140.9537, 40.3012], [140.9567, 40.3044], [140.9575, 40.3065], [140.9569, 40.3097], [140.9573, 40.3119], [140.9571, 40.3141], [140.9578, 40.3171], [140.9589, 40.3193], [140.9588, 40.3216], [140.9576, 40.3225], [140.9573, 40.3244], [140.9579, 40.3248], [140.9586, 40.3243], [140.9597, 40.3256], [140.9602, 40.324], [140.9613, 40.3235], [140.9611, 40.3229], [140.9625, 40.3231], [140.9631, 40.3247], [140.9625, 40.3281], [140.9644, 40.3296], [140.9654, 40.3309], [140.9657, 40.3323], [140.9674, 40.3337], [140.9672, 40.3353], [140.9684, 40.3375], [140.968, 40.3389], [140.9666, 40.3405], [140.9661, 40.342], [140.9653, 40.3425], [140.9632, 40.3462], [140.962, 40.3471], [140.9635, 40.3483], [140.9653, 40.3503], [140.9684, 40.3508], [140.9677, 40.3501], [140.9687, 40.35], [140.9689, 40.3492], [140.9698, 40.3492], [140.969, 40.3483], [140.9699, 40.3466], [140.9721, 40.3454], [140.9716, 40.3441], [140.9718, 40.3435], [140.9739, 40.3441], [140.9749, 40.3432], [140.9756, 40.3432], [140.9761, 40.3437], [140.9773, 40.3431], [140.9778, 40.3439], [140.9785, 40.3434], [140.9808, 40.3432], [140.982, 40.3439], [140.9811, 40.3443], [140.9818, 40.3447], [140.9817, 40.3449], [140.983, 40.3453], [140.9838, 40.3463], [140.9848, 40.3464], [140.9852, 40.3469], [140.9873, 40.3478], [140.9881, 40.3489], [140.9907, 40.3503], [140.9918, 40.3499], [140.9925, 40.3504], [140.9936, 40.3505], [140.9937, 40.3514], [140.9928, 40.3518], [140.9932, 40.3523], [140.9946, 40.3526], [140.9943, 40.3531], [140.9954, 40.3534], [140.9944, 40.3548], [140.9952, 40.3552], [140.9952, 40.3558], [140.9941, 40.3563], [140.9931, 40.3576], [140.9931, 40.3608], [140.9913, 40.3611], [140.9924, 40.3629], [140.9918, 40.3637], [140.9917, 40.366], [140.9912, 40.3671], [140.9915, 40.3675], [140.993, 40.3672], [140.9941, 40.3682], [140.9939, 40.369], [140.9948, 40.37], [140.9951, 40.3716], [140.9949, 40.3729], [140.9934, 40.3753], [140.9939, 40.3766], [140.9905, 40.3782], [140.9897, 40.3791], [140.9861, 40.3846], [140.9854, 40.3874], [140.9845, 40.3885], [140.9848, 40.3906], [140.9856, 40.3916], [140.9857, 40.3937], [140.9873, 40.395], [140.9876, 40.3971], [140.9873, 40.3983], [140.9861, 40.3992], [140.9865, 40.4001], [140.9854, 40.4011], [140.9851, 40.4024], [140.9857, 40.4033], [140.9847, 40.4042], [140.9823, 40.4048], [140.9815, 40.4056], [140.9823, 40.4088], [140.982, 40.4112], [140.9826, 40.4138], [140.9816, 40.4155], [140.9801, 40.4156], [140.9792, 40.4152], [140.9788, 40.416], [140.9795, 40.4175], [140.9823, 40.4188], [140.9855, 40.4217], [140.9853, 40.4277], [140.9841, 40.4283], [140.9801, 40.4285], [140.977, 40.4292], [140.9723, 40.4309], [140.9701, 40.4295], [140.9652, 40.4282], [140.9646, 40.4272], [140.9636, 40.4268], [140.9623, 40.4266], [140.96, 40.427], [140.9553, 40.4261], [140.9537, 40.4269], [140.9517, 40.4262], [140.9485, 40.4273], [140.9464, 40.4276], [140.945, 40.4288], [140.9427, 40.4289], [140.9418, 40.4303], [140.9376, 40.4275], [140.9376, 40.4264], [140.9369, 40.4246], [140.9333, 40.421], [140.9305, 40.4213], [140.9273, 40.4211], [140.9259, 40.4202], [140.9233, 40.4208], [140.9214, 40.4202], [140.9214, 40.4188], [140.9208, 40.4177], [140.9211, 40.4162], [140.9195, 40.4158], [140.9179, 40.4148], [140.9146, 40.4143], [140.9125, 40.4151], [140.9108, 40.415], [140.9099, 40.4142], [140.9081, 40.4135], [140.9036, 40.413], [140.9004, 40.4149], [140.8985, 40.415], [140.8963, 40.4138], [140.8958, 40.4131], [140.8928, 40.412], [140.892, 40.4114], [140.8918, 40.41], [140.8888, 40.4085], [140.8845, 40.4081], [140.882, 40.4074], [140.8777, 40.4075], [140.8757, 40.4078], [140.8732, 40.4096], [140.8689, 40.4079], [140.868, 40.4064], [140.8655, 40.4067], [140.8646, 40.4058], [140.8616, 40.4066], [140.8602, 40.4081], [140.8571, 40.4078], [140.8563, 40.4083], [140.8539, 40.4085], [140.8529, 40.4092], [140.8522, 40.4104], [140.8511, 40.4113], [140.8507, 40.4129], [140.8485, 40.4147], [140.8489, 40.4158], [140.8487, 40.4183], [140.8478, 40.4191], [140.847, 40.4217], [140.8454, 40.4232], [140.8439, 40.4233], [140.8426, 40.4247], [140.8423, 40.4258], [140.8401, 40.426], [140.8388, 40.4251], [140.8372, 40.4249], [140.8329, 40.4255], [140.8324, 40.4232], [140.8297, 40.4223], [140.8284, 40.4212], [140.8285, 40.419], [140.8276, 40.4175], [140.8261, 40.4164], [140.8273, 40.4136], [140.8268, 40.4111], [140.8251, 40.4091], [140.8222, 40.4074], [140.8209, 40.406], [140.8195, 40.4054], [140.8185, 40.4034], [140.8184, 40.4021], [140.817, 40.4006], [140.819, 40.3996], [140.8192, 40.3982], [140.8209, 40.3963], [140.8211, 40.3928], [140.8199, 40.3918], [140.8203, 40.3912], [140.8213, 40.3908], [140.8218, 40.3892], [140.8216, 40.388], [140.823, 40.3869], [140.8232, 40.3858], [140.8225, 40.3837], [140.8201, 40.3826], [140.8177, 40.3804], [140.8179, 40.3782], [140.8161, 40.377], [140.8163, 40.3764], [140.8149, 40.3738], [140.814, 40.373], [140.8128, 40.3727], [140.8121, 40.3712], [140.8103, 40.3699], [140.8099, 40.3673], [140.8103, 40.366], [140.8111, 40.3653], [140.804, 40.3595], [140.8019, 40.3595], [140.801, 40.3591], [140.7988, 40.3587], [140.7955, 40.357], [140.7943, 40.3575], [140.7927, 40.3569], [140.7909, 40.3575], [140.7897, 40.3558], [140.7896, 40.3551], [140.7901, 40.3548], [140.7897, 40.3545], [140.7881, 40.3554], [140.7856, 40.3542], [140.7848, 40.3566], [140.7841, 40.3567], [140.7831, 40.3561], [140.7831, 40.3553], [140.7818, 40.3541], [140.7836, 40.3537], [140.7831, 40.3531], [140.7835, 40.3526], [140.7827, 40.3509], [140.7828, 40.3486], [140.7854, 40.3517], [140.7858, 40.3512], [140.791, 40.352], [140.7915, 40.351], [140.7924, 40.3505], [140.7914, 40.3485], [140.7919, 40.347], [140.791, 40.3452], [140.7915, 40.3439], [140.7895, 40.343], [140.7891, 40.3419], [140.7878, 40.3407], [140.7883, 40.3382], [140.7893, 40.3373], [140.7893, 40.3359], [140.788, 40.334], [140.7863, 40.3337], [140.7857, 40.3332], [140.7872, 40.3298], [140.7901, 40.3282], [140.7895, 40.3267], [140.7925, 40.3255], [140.7931, 40.3245], [140.7915, 40.3219], [140.789, 40.3218], [140.7881, 40.3188], [140.7832, 40.3178], [140.7827, 40.3156], [140.7804, 40.3139], [140.7804, 40.3149], [140.7818, 40.3158], [140.7788, 40.3164], [140.7782, 40.3152], [140.7803, 40.3229], [140.7787, 40.3238], [140.7777, 40.3239], [140.7751, 40.3234], [140.7745, 40.323], [140.7733, 40.3207], [140.7735, 40.32], [140.7722, 40.3187], [140.7722, 40.317], [140.7741, 40.3159], [140.7748, 40.3141], [140.7742, 40.3136], [140.7752, 40.3134], [140.7754, 40.312], [140.7748, 40.3106], [140.7741, 40.3104], [140.7742, 40.3089], [140.7729, 40.3078], [140.7728, 40.3066], [140.7722, 40.3059], [140.7728, 40.3053], [140.7726, 40.3044], [140.7718, 40.3043], [140.7709, 40.3035], [140.7698, 40.3033], [140.7698, 40.3028], [140.7693, 40.3028], [140.7693, 40.3022], [140.7707, 40.3021], [140.771, 40.3016], [140.7707, 40.3012], [140.7719, 40.3003], [140.7721, 40.2996], [140.7703, 40.2991], [140.772, 40.2982], [140.7731, 40.2981], [140.7734, 40.2975], [140.7719, 40.2964], [140.7719, 40.2953], [140.771, 40.2941], [140.7715, 40.2924], [140.771, 40.2914], [140.7685, 40.2905], [140.7677, 40.292], [140.7678, 40.293], [140.7673, 40.2935], [140.7681, 40.2944], [140.7676, 40.2947], [140.7682, 40.2958], [140.7675, 40.2956], [140.767, 40.2934], [140.7686, 40.2893], [140.768, 40.2878], [140.7682, 40.2863], [140.7672, 40.2878], [140.768, 40.2858], [140.7674, 40.2841], [140.7664, 40.2846], [140.7663, 40.2839], [140.7642, 40.2833], [140.7632, 40.2832], [140.7628, 40.2837], [140.7618, 40.2832], [140.7606, 40.284], [140.7596, 40.284], [140.7596, 40.2836], [140.7588, 40.2839], [140.7577, 40.2847], [140.7572, 40.286], [140.7569, 40.2858], [140.7561, 40.2865], [140.7561, 40.2879], [140.7546, 40.2898], [140.7543, 40.2915], [140.7527, 40.2924], [140.7494, 40.2933], [140.749, 40.2926], [140.7498, 40.2917], [140.7493, 40.2914], [140.7495, 40.2897], [140.7501, 40.2883], [140.7497, 40.2868], [140.7509, 40.2856], [140.7508, 40.2839], [140.7502, 40.2837], [140.7489, 40.2841], [140.7458, 40.2822], [140.7452, 40.2822], [140.7441, 40.2833], [140.7425, 40.2833], [140.7376, 40.2848], [140.7358, 40.2856], [140.7352, 40.2864], [140.7334, 40.2868], [140.7329, 40.2876], [140.7315, 40.2881], [140.7268, 40.288], [140.7257, 40.2888], [140.7243, 40.2889], [140.7228, 40.2881], [140.7209, 40.2843], [140.7209, 40.2827], [140.7189, 40.2796], [140.7214, 40.2781], [140.7217, 40.2773], [140.7225, 40.2769], [140.7225, 40.275], [140.7241, 40.2739], [140.7242, 40.273], [140.7252, 40.2726], [140.726, 40.2713], [140.7255, 40.2701], [140.7243, 40.2692], [140.7252, 40.2673], [140.7225, 40.2653], [140.7223, 40.2621], [140.7216, 40.2614], [140.7223, 40.2591], [140.7244, 40.2568], [140.7261, 40.2564], [140.7267, 40.2571], [140.7275, 40.257], [140.7267, 40.2537], [140.7259, 40.2536], [140.7255, 40.253], [140.725, 40.2531], [140.7211, 40.252], [140.7226, 40.2516], [140.7228, 40.2505], [140.7261, 40.2482], [140.7254, 40.2463], [140.7256, 40.2448], [140.7244, 40.243], [140.7258, 40.2411], [140.7244, 40.2394], [140.7255, 40.2387], [140.7254, 40.2358], [140.7246, 40.2346], [140.7251, 40.2339], [140.7249, 40.2331], [140.726, 40.2327], [140.727, 40.2303], [140.7278, 40.2299], [140.7265, 40.2273], [140.7243, 40.2258], [140.7219, 40.2253], [140.7174, 40.2251], [140.7105, 40.2256], [140.7101, 40.2221], [140.7107, 40.2206], [140.7147, 40.2195], [140.714, 40.217], [140.7152, 40.2149], [140.7182, 40.2136], [140.718, 40.2124], [140.7196, 40.2118], [140.7199, 40.2095], [140.7228, 40.208], [140.7223, 40.206], [140.724, 40.2052], [140.7245, 40.2041], [140.7256, 40.2032], [140.7263, 40.2017], [140.7262, 40.2008], [140.7275, 40.1988], [140.7276, 40.1974], [140.7291, 40.1944], [140.7287, 40.1927], [140.7293, 40.1902], [140.7271, 40.1901], [140.7265, 40.1893], [140.7235, 40.1899], [140.7214, 40.1913], [140.7185, 40.1917], [140.7167, 40.1926], [140.7164, 40.1939], [140.7156, 40.1945], [140.7133, 40.1945], [140.7107, 40.1934], [140.7051, 40.1941], [140.7029, 40.1948], [140.7011, 40.1942], [140.7011, 40.1897], [140.6999, 40.1883], [140.7001, 40.1855], [140.6992, 40.1845], [140.6996, 40.181], [140.6989, 40.1783], [140.6999, 40.1757], [140.7011, 40.1747], [140.7017, 40.1726], [140.7038, 40.1693], [140.7039, 40.1658], [140.7033, 40.1638], [140.704, 40.161], [140.7055, 40.1603], [140.7085, 40.1617], [140.7102, 40.1613], [140.7119, 40.1597], [140.7116, 40.158], [140.7131, 40.155], [140.7152, 40.1548], [140.716, 40.1553], [140.7181, 40.1549], [140.719, 40.1553], [140.7201, 40.1547], [140.721, 40.1559], [140.7235, 40.1566], [140.725, 40.1562], [140.725, 40.1549], [140.7258, 40.1538], [140.7275, 40.1531], [140.7319, 40.1534], [140.7336, 40.1529], [140.7356, 40.1536], [140.738, 40.1536], [140.7386, 40.153], [140.744, 40.1512], [140.7432, 40.1498], [140.7438, 40.1471], [140.7429, 40.1457], [140.741, 40.1447], [140.7406, 40.1433], [140.739, 40.1412], [140.7396, 40.1401], [140.7369, 40.1378], [140.7372, 40.1362], [140.7363, 40.1326], [140.729, 40.1307], [140.7277, 40.1295], [140.7233, 40.1294], [140.7217, 40.128], [140.7226, 40.1243], [140.7222, 40.1222], [140.7233, 40.121], [140.7241, 40.1191], [140.7225, 40.118], [140.7207, 40.1175], [140.7206, 40.1162], [140.7197, 40.1142], [140.7201, 40.1136], [140.7188, 40.1131], [140.7164, 40.1113], [140.7163, 40.1095], [140.7174, 40.1075], [140.7155, 40.1042], [140.7165, 40.1015], [140.7156, 40.096], [140.7169, 40.0945], [140.7166, 40.0921], [140.7169, 40.0918], [140.7154, 40.0894], [140.7146, 40.0865], [140.7149, 40.0846], [140.7173, 40.0807], [140.7167, 40.0794], [140.717, 40.0783], [140.7145, 40.0776], [140.7143, 40.0759], [140.7133, 40.0756], [140.7116, 40.0742], [140.7108, 40.0712], [140.7116, 40.0704], [140.7112, 40.0689], [140.7114, 40.0682], [140.7104, 40.0679], [140.7099, 40.0663], [140.7065, 40.0637], [140.7061, 40.06], [140.7052, 40.0587], [140.7038, 40.0573], [140.7013, 40.0555], [140.7006, 40.0554], [140.7003, 40.0541], [140.698, 40.053], [140.699, 40.0499], [140.697, 40.0483]]]}, "properties": {"name": "秋田県鹿角市"}}, {"type": "Feature", "geometry": {"type": "Polygon", "coordinates": [[[140.0597, 39.5978], [140.0576, 39.5815], [140.0574, 39.5761], [140.0554, 39.5634], [140.0539, 39.5595], [140.0541, 39.5539], [140.0534, 39.5518], [140.0499, 39.5287], [140.0478, 39.5195], [140.0462, 39.509], [140.045, 39.5058], [140.0448, 39.5047], [140.0452, 39.5046], [140.0444, 39.5009], [140.0445, 39.4986], [140.0436, 39.4974], [140.0436, 39.4966], [140.0428, 39.4961], [140.0427, 39.4938], [140.042, 39.4931], [140.0422, 39.4924], [140.0416, 39.4921], [140.0419, 39.491], [140.0411, 39.4903], [140.0418, 39.4895], [140.0416, 39.486], [140.0395, 39.4776], [140.0388, 39.4733], [140.0375, 39.4684], [140.0365, 39.4675], [140.0367, 39.4667], [140.0362, 39.4661], [140.0366, 39.4653], [140.0358, 39.4645], [140.0364, 39.4634], [140.0355, 39.4623], [140.0358, 39.4617], [140.0354, 39.4608], [140.0357, 39.4601], [140.0342, 39.4573], [140.0338, 39.4532], [140.0316, 39.4445], [140.0304, 39.4432], [140.0305, 39.4424], [140.0299, 39.4421], [140.0298, 39.4418], [140.0309, 39.4413], [140.0309, 39.4406], [140.0244, 39.4155], [140.0208, 39.4037], [140.0187, 39.4013], [140.0189, 39.4004], [140.0184, 39.3991], [140.0172, 39.3974], [140.0165, 39.3973], [140.0172, 39.3968], [140.0163, 39.3959], [140.0168, 39.3952], [140.0151, 39.3949], [140.0142, 39.3951], [140.0129, 39.3916], [140.0095, 39.3911], [140.0106, 39.3892], [140.0133, 39.3898], [140.0141, 39.3886], [140.0144, 39.3856], [140.0136, 39.3821], [140.012, 39.38], [140.0119, 39.3781], [140.0111, 39.3754], [140.0102, 39.3739], [140.0102, 39.3728], [140.0083, 39.3679], [140.0072, 39.3654], [140.0056, 39.3641], [140.0045, 39.3592], [140.0031, 39.3561], [140.0021, 39.355], [140.0029, 39.3546], [140.0021, 39.3549], [140.0002, 39.3492], [139.9986, 39.347], [139.9985, 39.3464], [139.9991, 39.3462], [139.9984, 39.3463], [139.9975, 39.3435], [139.9958, 39.3407], [139.9956, 39.3404], [139.9942, 39.341], [139.9958, 39.3402], [139.9949, 39.3395], [139.9943, 39.3397], [139.9949, 39.3394], [139.9937, 39.3379], [139.9928, 39.3383], [139.9938, 39.3401], [139.9935, 39.3409], [139.9936, 39.34], [139.9927, 39.3388], [139.9927, 39.3383], [139.9934, 39.3379], [139.9929, 39.3365], [139.9902, 39.3319], [139.9902, 39.331], [139.987, 39.3252], [139.9866, 39.3236], [139.9808, 39.314], [139.9818, 39.3138], [139.9808, 39.314], [139.9799, 39.3131], [139.9842, 39.3117], [139.987, 39.3097], [139.9883, 39.3081], [139.9905, 39.3067], [139.99, 39.3025], [139.9914, 39.3016], [139.994, 39.2978], [139.9959, 39.2963], [139.9989, 39.2964], [140.0005, 39.2959], [140.0011, 39.2951], [140.0029, 39.2943], [139.9968, 39.2927], [139.9959, 39.2918], [139.9963, 39.2907], [139.9963, 39.2888], [139.9932, 39.2896], [139.9924, 39.2867], [139.993, 39.2859], [139.9953, 39.2849], [139.9965, 39.2848], [139.9969, 39.2841], [139.9986, 39.2842], [139.9994, 39.2831], [139.9993, 39.2826], [140.0005, 39.2812], [140.0016, 39.2773], [140.0032, 39.2761], [140.0038, 39.2736], [140.0054, 39.274], [140.0069, 39.273], [140.0079, 39.2728], [140.0096, 39.2712], [140.01, 39.2695], [140.0112, 39.2688], [140.0115, 39.2676], [140.013, 39.2671], [140.0142, 39.2669], [140.0164, 39.2679], [140.0201, 39.2685], [140.0219, 39.2691], [140.0378, 39.2595], [140.0332, 39.2526], [140.0336, 39.2512], [140.0318, 39.2486], [140.0332, 39.2488], [140.0342, 39.2486], [140.0347, 39.2481], [140.0347, 39.2468], [140.0365, 39.2469], [140.0376, 39.2456], [140.0387, 39.245], [140.0391, 39.2443], [140.041, 39.2438], [140.0409, 39.2422], [140.0422, 39.2394], [140.0443, 39.2392], [140.0462, 39.2362], [140.0488, 39.236], [140.0527, 39.2335], [140.0583, 39.2268], [140.0539, 39.211], [140.0529, 39.1985], [140.054, 39.1938], [140.0521, 39.1909], [140.0499, 39.1902], [140.0475, 39.1878], [140.0456, 39.1849], [140.046, 39.1835], [140.0448, 39.1809], [140.0449, 39.18], [140.0428, 39.1778], [140.0422, 39.1759], [140.0427, 39.1745], [140.047, 39.1706], [140.051, 39.1697], [140.0532, 39.1684], [140.0566, 39.1682], [140.0567, 39.1661], [140.0592, 39.1635], [140.0607, 39.1624], [140.064, 39.1615], [140.0634, 39.1599], [140.0641, 39.1575], [140.0641, 39.1555], [140.0634, 39.1507], [140.0654, 39.1457], [140.0659, 39.1429], [140.0653, 39.1394], [140.0624, 39.1336], [140.0616, 39.1114], [140.063, 39.1067], [140.0672, 39.0991], [140.0669, 39.0978], [140.0625, 39.093], [140.0627, 39.0925], [140.0639, 39.0915], [140.0726, 39.0873], [140.0759, 39.0861], [140.0808, 39.0857], [140.084, 39.0851], [140.0938, 39.0848], [140.096, 39.085], [140.0984, 39.0839], [140.1021, 39.0834], [140.1033, 39.0824], [140.106, 39.0817], [140.1114, 39.0791], [140.1145, 39.0784], [140.1149, 39.0779], [140.1149, 39.0751], [140.1167, 39.0729], [140.1165, 39.0707], [140.1169, 39.0683], [140.1191, 39.0684], [140.1202, 39.068], [140.1209, 39.0668], [140.1244, 39.064], [140.1276, 39.0631], [140.1301, 39.063], [140.1323, 39.0639], [140.1332, 39.0634], [140.1349, 39.0646], [140.1366, 39.065], [140.1379, 39.0657], [140.1382, 39.064], [140.1418, 39.0621], [140.1439, 39.0614], [140.1438, 39.0593], [140.1459, 39.0574], [140.1461, 39.0562], [140.148, 39.0553], [140.1479, 39.0536], [140.1489, 39.0527], [140.1514, 39.0488], [140.1521, 39.0484], [140.1573, 39.0491], [140.1604, 39.0533], [140.1623, 39.0543], [140.1644, 39.0538], [140.1658, 39.0526], [140.168, 39.0518], [140.1703, 39.0516], [140.171, 39.0512], [140.1751, 39.0575], [140.1793, 39.0581], [140.181, 39.058], [140.184, 39.0588], [140.1877, 39.0586], [140.1888, 39.0616], [140.1915, 39.0613], [140.1937, 39.0604], [140.198, 39.0613], [140.2013, 39.0596], [140.2018, 39.0578], [140.2017, 39.0563], [140.2033, 39.0553], [140.2047, 39.0535], [140.204, 39.0521], [140.2041, 39.0504], [140.2031, 39.0485], [140.2016, 39.0472], [140.2029, 39.0458], [140.2023, 39.0425], [140.2035, 39.0395], [140.2027, 39.0379], [140.2006, 39.0357], [140.2015, 39.035], [140.2084, 39.0345], [140.2108, 39.0332], [140.2135, 39.0325], [140.2179, 39.0331], [140.2195, 39.032], [140.2218, 39.0313], [140.2222, 39.0299], [140.2237, 39.0286], [140.2256, 39.0282], [140.2273, 39.0272], [140.2321, 39.0271], [140.234, 39.0276], [140.2365, 39.0276], [140.2383, 39.0284], [140.2399, 39.0298], [140.2452, 39.0309], [140.2458, 39.0307], [140.2487, 39.0282], [140.2512, 39.0278], [140.2529, 39.0284], [140.2547, 39.0312], [140.2571, 39.0332], [140.2592, 39.0337], [140.2606, 39.0352], [140.2621, 39.0347], [140.2661, 39.0313], [140.2675, 39.0313], [140.2707, 39.0326], [140.2742, 39.0307], [140.276, 39.0309], [140.2806, 39.0296], [140.2829, 39.0285], [140.2865, 39.0281], [140.2893, 39.026], [140.2903, 39.0258], [140.292, 39.0238], [140.2938, 39.0197], [140.2939, 39.0183], [140.2971, 39.0184], [140.2991, 39.0176], [140.3002, 39.018], [140.3022, 39.0171], [140.3035, 39.0152], [140.3106, 39.0136], [140.3129, 39.0172], [140.3163, 39.0217], [140.3172, 39.0223], [140.3178, 39.0244], [140.3187, 39.0252], [140.3184, 39.0268], [140.3174, 39.0282], [140.3185, 39.0294], [140.3186, 39.0312], [140.3204, 39.031], [140.3208, 39.0318], [140.3218, 39.0324], [140.3253, 39.0333], [140.3279, 39.0347], [140.329, 39.0347], [140.3296, 39.0372], [140.33, 39.0378], [140.331, 39.0382], [140.332, 39.0402], [140.3375, 39.0426], [140.3385, 39.0442], [140.3426, 39.0457], [140.3411, 39.0507], [140.3384, 39.0522], [140.3376, 39.0536], [140.3352, 39.0551], [140.3339, 39.0579], [140.3317, 39.0586], [140.3314, 39.0591], [140.3334, 39.0612], [140.333, 39.0637], [140.3334, 39.0646], [140.336, 39.0661], [140.3362, 39.067], [140.338, 39.0684], [140.3404, 39.072], [140.3434, 39.074], [140.3436, 39.076], [140.3424, 39.0777], [140.3424, 39.0789], [140.3412, 39.0798], [140.3419, 39.0836], [140.3413, 39.085], [140.3411, 39.0869], [140.3415, 39.0879], [140.3411, 39.0891], [140.3382, 39.0918], [140.3339, 39.0973], [140.3321, 39.0983], [140.3313, 39.0998], [140.3303, 39.1005], [140.3281, 39.1008], [140.3261, 39.1005], [140.3253, 39.1009], [140.3222, 39.0999], [140.3213, 39.0999], [140.3202, 39.101], [140.3188, 39.101], [140.3169, 39.1016], [140.3165, 39.1041], [140.3169, 39.1047], [140.3156, 39.1069], [140.3157, 39.1095], [140.3143, 39.1113], [140.3142, 39.1127], [140.3125, 39.1136], [140.312, 39.1145], [140.3119, 39.1151], [140.3128, 39.1164], [140.309, 39.12], [140.3074, 39.1205], [140.3056, 39.1222], [140.3039, 39.1226], [140.3044, 39.1235], [140.303, 39.1269], [140.3038, 39.1284], [140.3036, 39.1298], [140.304, 39.131], [140.3034, 39.1317], [140.3032, 39.1335], [140.3007, 39.1351], [140.2991, 39.137], [140.2977, 39.1374], [140.2963, 39.1385], [140.2962, 39.141], [140.295, 39.1414], [140.2937, 39.1425], [140.2921, 39.1455], [140.2887, 39.1461], [140.2871, 39.147], [140.2868, 39.1483], [140.2861, 39.1489], [140.2839, 39.1499], [140.2829, 39.1499], [140.2816, 39.1509], [140.2821, 39.1531], [140.2808, 39.1554], [140.281, 39.1563], [140.2801, 39.1587], [140.2794, 39.1637], [140.2781, 39.1658], [140.2748, 39.1688], [140.2733, 39.172], [140.2715, 39.1717], [140.2678, 39.1733], [140.2662, 39.1733], [140.2651, 39.1744], [140.2636, 39.175], [140.2627, 39.1783], [140.2605, 39.1809], [140.2589, 39.181], [140.2573, 39.182], [140.2569, 39.1837], [140.2574, 39.185], [140.2571, 39.1854], [140.2576, 39.1858], [140.2569, 39.1869], [140.2581, 39.1888], [140.2574, 39.1892], [140.2575, 39.1902], [140.2562, 39.1904], [140.2546, 39.1924], [140.251, 39.1944], [140.2497, 39.1955], [140.2489, 39.1972], [140.2452, 39.1969], [140.2435, 39.1949], [140.2389, 39.1936], [140.237, 39.195], [140.2364, 39.1957], [140.2361, 39.1973], [140.2345, 39.1975], [140.2336, 39.1982], [140.2326, 39.2004], [140.2312, 39.2014], [140.2312, 39.203], [140.2301, 39.2036], [140.2301, 39.2053], [140.2293, 39.2067], [140.23, 39.2082], [140.2292, 39.2103], [140.2298, 39.211], [140.229, 39.211], [140.2286, 39.2119], [140.2271, 39.2123], [140.227, 39.2157], [140.2254, 39.2167], [140.2231, 39.2167], [140.2217, 39.2178], [140.2213, 39.2194], [140.222, 39.22], [140.2205, 39.2209], [140.2208, 39.2221], [140.223, 39.222], [140.2236, 39.2227], [140.2225, 39.2246], [140.2227, 39.2268], [140.2269, 39.2297], [140.2285, 39.2298], [140.2314, 39.2265], [140.2328, 39.2256], [140.2362, 39.2265], [140.2377, 39.2273], [140.242, 39.2248], [140.2486, 39.2247], [140.2511, 39.2275], [140.2525, 39.2284], [140.2523, 39.2308], [140.255, 39.2313], [140.2563, 39.2327], [140.2584, 39.2333], [140.261, 39.2355], [140.2611, 39.2368], [140.2628, 39.238], [140.2645, 39.2376], [140.2657, 39.2364], [140.267, 39.237], [140.2704, 39.2375], [140.2701, 39.2394], [140.2708, 39.2405], [140.2722, 39.2405], [140.2737, 39.2399], [140.2755, 39.2408], [140.2775, 39.2411], [140.2814, 39.2403], [140.2818, 39.2404], [140.2819, 39.2417], [140.284, 39.2433], [140.2869, 39.244], [140.2929, 39.2442], [140.2954, 39.2451], [140.2998, 39.2439], [140.2999, 39.2444], [140.3013, 39.2445], [140.3021, 39.2455], [140.3038, 39.2455], [140.3051, 39.2467], [140.3074, 39.2468], [140.31, 39.2482], [140.3106, 39.2482], [140.3112, 39.2473], [140.3127, 39.247], [140.3138, 39.2474], [140.3171, 39.2472], [140.3185, 39.2479], [140.3203, 39.2474], [140.324, 39.2481], [140.3252, 39.248], [140.326, 39.2475], [140.3268, 39.2458], [140.3316, 39.2462], [140.3323, 39.247], [140.3322, 39.2482], [140.3339, 39.2483], [140.3347, 39.2491], [140.3357, 39.2491], [140.337, 39.2487], [140.3371, 39.2479], [140.3382, 39.2473], [140.3374, 39.2454], [140.3377, 39.2451], [140.3391, 39.2456], [140.3415, 39.2446], [140.3423, 39.2448], [140.3425, 39.2459], [140.3433, 39.246], [140.3442, 39.2469], [140.3479, 39.2469], [140.3486, 39.2482], [140.3467, 39.2506], [140.346, 39.2515], [140.3443, 39.2511], [140.3435, 39.2514], [140.343, 39.2539], [140.3415, 39.2544], [140.3412, 39.2549], [140.3425, 39.256], [140.3423, 39.2573], [140.3406, 39.2584], [140.3403, 39.2592], [140.3392, 39.2595], [140.3377, 39.2591], [140.3366, 39.2596], [140.3332, 39.2599], [140.3298, 39.2616], [140.3294, 39.265], [140.3317, 39.2689], [140.3317, 39.2703], [140.3311, 39.2712], [140.3306, 39.2737], [140.3331, 39.2739], [140.3366, 39.2765], [140.3379, 39.2794], [140.3396, 39.2808], [140.3382, 39.2826], [140.3385, 39.2844], [140.3398, 39.2854], [140.3396, 39.2869], [140.34, 39.2876], [140.3393, 39.2885], [140.34, 39.289], [140.3402, 39.2899], [140.3391, 39.2911], [140.3421, 39.2933], [140.3424, 39.2956], [140.3495, 39.2966], [140.3512, 39.2965], [140.3523, 39.2956], [140.3535, 39.2954], [140.3559, 39.2975], [140.3556, 39.2987], [140.3545, 39.2993], [140.3535, 39.3004], [140.3539, 39.3014], [140.3528, 39.3021], [140.3523, 39.3029], [140.3524, 39.3054], [140.3499, 39.3059], [140.349, 39.3071], [140.3429, 39.3103], [140.3421, 39.3114], [140.3405, 39.3124], [140.3403, 39.3144], [140.341, 39.3153], [140.3403, 39.3164], [140.342, 39.3176], [140.3422, 39.3181], [140.3409, 39.319], [140.3401, 39.3227], [140.3421, 39.3257], [140.342, 39.3268], [140.3402, 39.3275], [140.3374, 39.3277], [140.3355, 39.327], [140.3351, 39.3259], [140.3332, 39.325], [140.3317, 39.3252], [140.3305, 39.3249], [140.3276, 39.3258], [140.3278, 39.327], [140.3299, 39.33], [140.3277, 39.3315], [140.3267, 39.3326], [140.3285, 39.335], [140.3303, 39.3362], [140.3297, 39.3372], [140.3297, 39.3394], [140.3277, 39.3416], [140.3259, 39.342], [140.3242, 39.3433], [140.3209, 39.3446], [140.3192, 39.3457], [140.3189, 39.3461], [140.3199, 39.3477], [140.3199, 39.3487], [140.3181, 39.3486], [140.3159, 39.3497], [140.3129, 39.3492], [140.3104, 39.3475], [140.3085, 39.3479], [140.3061, 39.3477], [140.3046, 39.3481], [140.3033, 39.3469], [140.3019, 39.3467], [140.3002, 39.3487], [140.3, 39.3506], [140.2993, 39.3519], [140.2994, 39.353], [140.2984, 39.3547], [140.2969, 39.3542], [140.2958, 39.3547], [140.2944, 39.3535], [140.2924, 39.3532], [140.2918, 39.3537], [140.2918, 39.3545], [140.2897, 39.3548], [140.2889, 39.3545], [140.2877, 39.355], [140.2862, 39.3544], [140.2854, 39.3551], [140.2841, 39.3549], [140.2809, 39.3578], [140.2789, 39.355], [140.2771, 39.3536], [140.276, 39.3541], [140.2759, 39.3551], [140.2752, 39.3557], [140.2727, 39.3555], [140.2715, 39.3548], [140.2691, 39.3554], [140.2692, 39.3594], [140.2703, 39.3605], [140.27, 39.3613], [140.2728, 39.3628], [140.2716, 39.3642], [140.2681, 39.3655], [140.2669, 39.3677], [140.2675, 39.3704], [140.2666, 39.3711], [140.2665, 39.3723], [140.2645, 39.373], [140.2627, 39.375], [140.2626, 39.3768], [140.2616, 39.378], [140.2632, 39.3785], [140.2622, 39.3793], [140.2622, 39.3798], [140.2643, 39.3792], [140.267, 39.3763], [140.2709, 39.3765], [140.2746, 39.3759], [140.2763, 39.375], [140.2793, 39.3756], [140.2808, 39.3735], [140.2835, 39.3752], [140.2864, 39.373], [140.2886, 39.3744], [140.2883, 39.3759], [140.2919, 39.3767], [140.2924, 39.3761], [140.2934, 39.3762], [140.2938, 39.3756], [140.2935, 39.3749], [140.2945, 39.3747], [140.2941, 39.3733], [140.2943, 39.3725], [140.2951, 39.3739], [140.2959, 39.3739], [140.2947, 39.3753], [140.2961, 39.3756], [140.2951, 39.3766], [140.296, 39.3774], [140.2935, 39.3775], [140.2932, 39.3782], [140.2957, 39.3782], [140.297, 39.3788], [140.2995, 39.378], [140.3, 39.3774], [140.3001, 39.3747], [140.3004, 39.3741], [140.3008, 39.3741], [140.3006, 39.3749], [140.3013, 39.3752], [140.3007, 39.3761], [140.3014, 39.377], [140.3009, 39.378], [140.3033, 39.3785], [140.3051, 39.3795], [140.3059, 39.3793], [140.306, 39.3798], [140.3069, 39.3801], [140.3108, 39.3794], [140.3119, 39.3788], [140.3149, 39.3794], [140.3153, 39.3806], [140.3203, 39.3826], [140.3198, 39.3829], [140.3197, 39.3838], [140.3186, 39.3845], [140.3184, 39.3859], [140.3172, 39.3863], [140.318, 39.3883], [140.3167, 39.389], [140.3157, 39.3905], [140.3127, 39.3905], [140.312, 39.3914], [140.31, 39.3911], [140.3093, 39.3916], [140.3076, 39.3906], [140.3068, 39.3915], [140.3052, 39.3917], [140.3045, 39.3908], [140.3035, 39.3907], [140.3032, 39.39], [140.3024, 39.39], [140.2986, 39.3929], [140.2961, 39.3936], [140.2935, 39.3937], [140.2916, 39.395], [140.2908, 39.3951], [140.2888, 39.394], [140.2875, 39.3952], [140.2857, 39.396], [140.2852, 39.3969], [140.2853, 39.3977], [140.2872, 39.3986], [140.2883, 39.3999], [140.2923, 39.3993], [140.2934, 39.4007], [140.2945, 39.4009], [140.2955, 39.4004], [140.2967, 39.4004], [140.2983, 39.4015], [140.2992, 39.4037], [140.3015, 39.4033], [140.3023, 39.4039], [140.3031, 39.4048], [140.3029, 39.4057], [140.3049, 39.4068], [140.3031, 39.4103], [140.3054, 39.4121], [140.3052, 39.4142], [140.3054, 39.4148], [140.3066, 39.4155], [140.3066, 39.4163], [140.3039, 39.4175], [140.3019, 39.419], [140.3002, 39.4195], [140.2988, 39.4209], [140.2954, 39.4208], [140.2938, 39.4199], [140.292, 39.4209], [140.291, 39.4204], [140.2895, 39.4208], [140.2879, 39.4218], [140.2864, 39.4221], [140.2852, 39.424], [140.2834, 39.4232], [140.2817, 39.4232], [140.2811, 39.4241], [140.2785, 39.4242], [140.2776, 39.4246], [140.2769, 39.4256], [140.2768, 39.4272], [140.2745, 39.4295], [140.2721, 39.4301], [140.2716, 39.4314], [140.2705, 39.4323], [140.2703, 39.4336], [140.2695, 39.4345], [140.2699, 39.4354], [140.2714, 39.4365], [140.2716, 39.4379], [140.2682, 39.4408], [140.2702, 39.4423], [140.2713, 39.4441], [140.2704, 39.4462], [140.2696, 39.4465], [140.2695, 39.4485], [140.269, 39.4497], [140.2674, 39.4508], [140.2674, 39.4516], [140.2665, 39.4522], [140.2645, 39.4507], [140.2637, 39.4516], [140.262, 39.4519], [140.2599, 39.4493], [140.2588, 39.4489], [140.2572, 39.4491], [140.2533, 39.4509], [140.252, 39.4524], [140.2511, 39.4523], [140.2497, 39.4543], [140.2471, 39.4542], [140.245, 39.4555], [140.244, 39.4545], [140.2426, 39.4549], [140.2403, 39.4549], [140.2373, 39.4573], [140.2362, 39.4577], [140.2342, 39.4604], [140.2359, 39.4616], [140.2362, 39.4628], [140.2385, 39.4643], [140.2392, 39.4658], [140.239, 39.4672], [140.236, 39.4688], [140.2332, 39.4696], [140.2323, 39.4702], [140.2323, 39.4714], [140.2315, 39.4722], [140.2285, 39.4708], [140.2279, 39.4688], [140.2261, 39.4688], [140.2254, 39.4677], [140.2232, 39.4675], [140.2224, 39.4699], [140.2231, 39.4719], [140.2226, 39.4725], [140.2217, 39.4726], [140.2228, 39.4746], [140.2215, 39.4757], [140.2213, 39.4767], [140.222, 39.4781], [140.2236, 39.4784], [140.2239, 39.4807], [140.2207, 39.4817], [140.2226, 39.484], [140.2229, 39.4857], [140.2223, 39.4875], [140.2252, 39.4889], [140.226, 39.4902], [140.2281, 39.4908], [140.2291, 39.4905], [140.229, 39.4893], [140.2308, 39.4892], [140.2319, 39.4897], [140.2334, 39.4892], [140.2355, 39.4907], [140.2353, 39.4926], [140.2323, 39.4926], [140.2312, 39.492], [140.2303, 39.4919], [140.2291, 39.4928], [140.229, 39.4936], [140.2279, 39.4943], [140.2244, 39.4927], [140.222, 39.4928], [140.2213, 39.4923], [140.22, 39.4923], [140.2196, 39.4924], [140.2192, 39.4945], [140.2182, 39.4951], [140.2156, 39.4981], [140.2117, 39.4958], [140.2087, 39.4966], [140.2077, 39.496], [140.2062, 39.4971], [140.2048, 39.4972], [140.2019, 39.4967], [140.2, 39.4975], [140.1982, 39.4975], [140.1973, 39.4979], [140.1963, 39.4991], [140.196, 39.5009], [140.1952, 39.5016], [140.1938, 39.5015], [140.1915, 39.5007], [140.1891, 39.5013], [140.1871, 39.5032], [140.1861, 39.5031], [140.1849, 39.5039], [140.1825, 39.5034], [140.1804, 39.504], [140.1795, 39.5065], [140.1805, 39.5092], [140.1798, 39.5107], [140.178, 39.5124], [140.1788, 39.5141], [140.1809, 39.5159], [140.1795, 39.5177], [140.179, 39.5192], [140.1795, 39.5202], [140.1805, 39.5208], [140.1827, 39.5209], [140.184, 39.5216], [140.1851, 39.5286], [140.1846, 39.5303], [140.1859, 39.5306], [140.1879, 39.5326], [140.1884, 39.534], [140.1876, 39.5363], [140.1857, 39.5372], [140.1855, 39.5388], [140.1822, 39.539], [140.1795, 39.5363], [140.1739, 39.5356], [140.171, 39.5347], [140.1695, 39.5329], [140.1681, 39.5327], [140.1657, 39.5335], [140.1644, 39.5352], [140.1609, 39.5349], [140.16, 39.536], [140.1559, 39.5378], [140.159, 39.5398], [140.1637, 39.5415], [140.1646, 39.5423], [140.1649, 39.5448], [140.1673, 39.5481], [140.1663, 39.549], [140.1626, 39.5503], [140.1608, 39.552], [140.1607, 39.5534], [140.16, 39.5542], [140.1601, 39.5564], [140.1594, 39.5585], [140.16, 39.5594], [140.1578, 39.5616], [140.1539, 39.563], [140.1533, 39.5635], [140.153, 39.5652], [140.1534, 39.5658], [140.1509, 39.5694], [140.1485, 39.5705], [140.1471, 39.5698], [140.144, 39.5697], [140.1387, 39.5687], [140.1369, 39.5696], [140.1348, 39.5689], [140.1326, 39.5692], [140.1313, 39.5701], [140.1294, 39.57], [140.1292, 39.5695], [140.125, 39.57], [140.124, 39.5705], [140.1232, 39.5701], [140.121, 39.571], [140.1217, 39.5724], [140.1192, 39.5735], [140.1221, 39.5747], [140.1221, 39.5761], [140.1204, 39.5759], [140.1155, 39.5771], [140.1114, 39.5775], [140.1125, 39.575], [140.1104, 39.5752], [140.1086, 39.5761], [140.1074, 39.5762], [140.1062, 39.5776], [140.105, 39.5764], [140.1024, 39.5769], [140.1004, 39.5764], [140.0987, 39.5767], [140.0964, 39.5783], [140.099, 39.5783], [140.1011, 39.5788], [140.102, 39.5806], [140.0989, 39.5803], [140.1002, 39.5816], [140.1002, 39.5822], [140.0981, 39.5836], [140.0966, 39.5839], [140.0931, 39.5824], [140.0898, 39.583], [140.089, 39.582], [140.088, 39.5819], [140.0877, 39.5808], [140.0867, 39.5799], [140.086, 39.5799], [140.0832, 39.5817], [140.0804, 39.5809], [140.0785, 39.5796], [140.077, 39.5795], [140.0724, 39.5819], [140.0739, 39.5815], [140.0775, 39.5815], [140.0804, 39.5827], [140.0798, 39.5842], [140.0768, 39.5836], [140.0748, 39.5845], [140.0751, 39.5853], [140.0764, 39.5862], [140.0774, 39.5878], [140.0756, 39.5897], [140.0761, 39.5917], [140.077, 39.5922], [140.0758, 39.5947], [140.0738, 39.595], [140.0722, 39.5971], [140.0704, 39.5973], [140.0703, 39.5981], [140.0688, 39.5984], [140.0665, 39.5969], [140.0655, 39.5969], [140.0639, 39.5976], [140.0597, 39.5978]]]}, "properties": {"name": "秋田県由利本荘市"}}, {"type": "Feature", "geometry": {"type": "Polygon", "coordinates": [[[140.1977, 39.8598], [140.1926, 39.8573], [140.1871, 39.8557], [140.1859, 39.8544], [140.1851, 39.8541], [140.1825, 39.8545], [140.1782, 39.8543], [140.1702, 39.8549], [140.1695, 39.8552], [140.1685, 39.8566], [140.1669, 39.8573], [140.1667, 39.8586], [140.1634, 39.8578], [140.1622, 39.8593], [140.1615, 39.8596], [140.1612, 39.8605], [140.1603, 39.8609], [140.1598, 39.8617], [140.1582, 39.8621], [140.1577, 39.8631], [140.157, 39.8634], [140.157, 39.8645], [140.1566, 39.865], [140.1558, 39.8649], [140.1553, 39.8663], [140.1545, 39.8664], [140.1539, 39.8673], [140.1525, 39.8658], [140.152, 39.8659], [140.1498, 39.8642], [140.1483, 39.8646], [140.1474, 39.8662], [140.1467, 39.8663], [140.1462, 39.866], [140.1456, 39.8663], [140.1455, 39.8681], [140.1441, 39.868], [140.1423, 39.8686], [140.1419, 39.8678], [140.1402, 39.868], [140.1395, 39.8678], [140.1389, 39.8667], [140.1372, 39.8668], [140.1357, 39.8665], [140.1345, 39.8658], [140.1333, 39.8657], [140.1301, 39.8672], [140.1299, 39.8684], [140.1292, 39.8692], [140.1292, 39.8707], [140.1299, 39.8713], [140.1278, 39.8733], [140.1255, 39.8731], [140.1227, 39.8739], [140.1215, 39.8733], [140.1204, 39.8751], [140.1157, 39.8765], [140.1165, 39.8769], [140.1162, 39.8783], [140.1139, 39.8806], [140.1148, 39.8824], [140.1103, 39.8853], [140.1068, 39.8859], [140.1052, 39.8882], [140.1042, 39.8883], [140.1041, 39.8898], [140.1031, 39.8906], [140.1017, 39.8906], [140.1013, 39.891], [140.1018, 39.8921], [140.0984, 39.8934], [140.099, 39.8944], [140.1001, 39.895], [140.0979, 39.8969], [140.0966, 39.8975], [140.0965, 39.8989], [140.0956, 39.8994], [140.0954, 39.9], [140.0922, 39.9019], [140.0919, 39.9046], [140.0871, 39.9056], [140.0854, 39.9051], [140.084, 39.9055], [140.0824, 39.9048], [140.0789, 39.9043], [140.0787, 39.9056], [140.0779, 39.9057], [140.0752, 39.9051], [140.0707, 39.9053], [140.0654, 39.9047], [140.0546, 39.9052], [140.0543, 39.9029], [140.056, 39.8999], [140.0571, 39.8993], [140.0558, 39.8996], [140.0539, 39.9029], [140.0532, 39.9029], [140.0516, 39.9021], [140.0497, 39.8951], [140.0508, 39.894], [140.0576, 39.8923], [140.0508, 39.8937], [140.0498, 39.8936], [140.0492, 39.8931], [140.0477, 39.8871], [140.0478, 39.8846], [140.0492, 39.8832], [140.0533, 39.8816], [140.053, 39.8813], [140.0482, 39.8829], [140.0469, 39.8824], [140.0444, 39.8781], [140.0485, 39.8748], [140.048, 39.8744], [140.0381, 39.8788], [140.0272, 39.8921], [140.0288, 39.893], [140.0181, 39.9054], [140.02, 39.9106], [139.9697, 39.9222], [139.9631, 39.9097], [139.9616, 39.9059], [139.9608, 39.905], [139.9537, 39.8978], [139.9583, 39.8929], [139.9633, 39.8891], [139.9661, 39.8865], [139.9664, 39.8857], [139.9678, 39.8855], [139.9669, 39.885], [139.967, 39.8847], [139.968, 39.8846], [139.9697, 39.8852], [139.9717, 39.8851], [139.9729, 39.8843], [139.9736, 39.8833], [139.9733, 39.8827], [139.9719, 39.8823], [139.9712, 39.8816], [139.9677, 39.8799], [139.9883, 39.8644], [139.996, 39.8571], [139.9964, 39.8574], [139.9961, 39.857], [140.0084, 39.8443], [140.0116, 39.8401], [140.0133, 39.8386], [140.0211, 39.8276], [140.0292, 39.8144], [140.0337, 39.8049], [140.0483, 39.8057], [140.056, 39.8073], [140.0549, 39.8164], [140.0552, 39.8242], [140.0545, 39.8292], [140.0514, 39.8383], [140.051, 39.8382], [140.0496, 39.8411], [140.0497, 39.8433], [140.0487, 39.8448], [140.0493, 39.8463], [140.0499, 39.8466], [140.0489, 39.8475], [140.0484, 39.8491], [140.0527, 39.8501], [140.0556, 39.8522], [140.0593, 39.8473], [140.0622, 39.849], [140.0659, 39.85], [140.0658, 39.8522], [140.0653, 39.8523], [140.0663, 39.8529], [140.0661, 39.8539], [140.0656, 39.8543], [140.0661, 39.8546], [140.0661, 39.8551], [140.0641, 39.8591], [140.0658, 39.8591], [140.066, 39.8597], [140.0677, 39.8598], [140.0687, 39.8583], [140.0702, 39.8585], [140.0708, 39.8578], [140.0726, 39.8576], [140.074, 39.8559], [140.0756, 39.8551], [140.0769, 39.855], [140.0786, 39.8519], [140.0778, 39.8526], [140.0767, 39.8528], [140.076, 39.8508], [140.0769, 39.8499], [140.0797, 39.8494], [140.0797, 39.8486], [140.0809, 39.8466], [140.081, 39.8441], [140.0815, 39.8439], [140.0826, 39.8443], [140.0834, 39.8456], [140.0854, 39.8453], [140.0864, 39.8457], [140.0878, 39.8452], [140.0885, 39.8442], [140.0897, 39.8443], [140.0897, 39.8436], [140.0907, 39.843], [140.091, 39.8419], [140.091, 39.841], [140.0901, 39.8403], [140.0909, 39.8377], [140.0924, 39.8369], [140.0939, 39.8353], [140.0949, 39.8351], [140.0963, 39.8361], [140.096, 39.8379], [140.0974, 39.8389], [140.0973, 39.8398], [140.0982, 39.8401], [140.0984, 39.8413], [140.0996, 39.8411], [140.1016, 39.8419], [140.1023, 39.8414], [140.1036, 39.8419], [140.1047, 39.8415], [140.1059, 39.842], [140.1074, 39.8416], [140.1078, 39.8422], [140.1077, 39.8439], [140.1109, 39.844], [140.1118, 39.8455], [140.1136, 39.8461], [140.1144, 39.8472], [140.1145, 39.8486], [140.1153, 39.8485], [140.1164, 39.8493], [140.117, 39.8505], [140.1187, 39.8508], [140.1195, 39.8507], [140.1206, 39.8521], [140.1238, 39.8519], [140.1242, 39.8491], [140.1292, 39.8462], [140.1322, 39.8454], [140.1331, 39.8448], [140.1346, 39.8455], [140.139, 39.8448], [140.14, 39.846], [140.1413, 39.8464], [140.1425, 39.8462], [140.1445, 39.8449], [140.1457, 39.8459], [140.1463, 39.846], [140.1475, 39.8446], [140.1488, 39.8451], [140.1491, 39.8459], [140.1524, 39.8464], [140.1537, 39.8474], [140.1546, 39.849], [140.1554, 39.8496], [140.1576, 39.8493], [140.1581, 39.8488], [140.1593, 39.8491], [140.1605, 39.848], [140.1609, 39.8468], [140.163, 39.8467], [140.1641, 39.8475], [140.1647, 39.8475], [140.1659, 39.8467], [140.1667, 39.8447], [140.1683, 39.8441], [140.1707, 39.8449], [140.1752, 39.8447], [140.1766, 39.8454], [140.1773, 39.8464], [140.1805, 39.8465], [140.1829, 39.8477], [140.1862, 39.8483], [140.1929, 39.8477], [140.1937, 39.8508], [140.1931, 39.8516], [140.1982, 39.8541], [140.1989, 39.8554], [140.1988, 39.8574], [140.1977, 39.8598]]]}, "properties": {"name": "秋田県潟上市"}}, {"type": "Feature", "geometry": {"type": "Polygon", "coordinates": [[[140.269, 39.4497], [140.2695, 39.4485], [140.2696, 39.4465], [140.2704, 39.4462], [140.2713, 39.4441], [140.2702, 39.4423], [140.2682, 39.4408], [140.2716, 39.4379], [140.2714, 39.4365], [140.2699, 39.4354], [140.2695, 39.4345], [140.2703, 39.4336], [140.2705, 39.4323], [140.2716, 39.4314], [140.2721, 39.4301], [140.2745, 39.4295], [140.2768, 39.4272], [140.2769, 39.4256], [140.2776, 39.4246], [140.2785, 39.4242], [140.2811, 39.4241], [140.2817, 39.4232], [140.2834, 39.4232], [140.2852, 39.424], [140.2864, 39.4221], [140.2879, 39.4218], [140.2895, 39.4208], [140.291, 39.4204], [140.292, 39.4209], [140.2938, 39.4199], [140.2954, 39.4208], [140.2988, 39.4209], [140.3002, 39.4195], [140.3019, 39.419], [140.3039, 39.4175], [140.3066, 39.4163], [140.3066, 39.4155], [140.3054, 39.4148], [140.3052, 39.4142], [140.3054, 39.4121], [140.3031, 39.4103], [140.3049, 39.4068], [140.3029, 39.4057], [140.3031, 39.4048], [140.3023, 39.4039], [140.3015, 39.4033], [140.2992, 39.4037], [140.2983, 39.4015], [140.2967, 39.4004], [140.2955, 39.4004], [140.2945, 39.4009], [140.2934, 39.4007], [140.2923, 39.3993], [140.2883, 39.3999], [140.2872, 39.3986], [140.2853, 39.3977], [140.2852, 39.3969], [140.2857, 39.396], [140.2875, 39.3952], [140.2888, 39.394], [140.2908, 39.3951], [140.2916, 39.395], [140.2935, 39.3937], [140.2961, 39.3936], [140.2986, 39.3929], [140.3024, 39.39], [140.3032, 39.39], [140.3035, 39.3907], [140.3045, 39.3908], [140.3052, 39.3917], [140.3068, 39.3915], [140.3076, 39.3906], [140.3093, 39.3916], [140.31, 39.3911], [140.312, 39.3914], [140.3127, 39.3905], [140.3157, 39.3905], [140.3167, 39.389], [140.318, 39.3883], [140.3172, 39.3863], [140.3184, 39.3859], [140.3186, 39.3845], [140.3197, 39.3838], [140.3198, 39.3829], [140.3203, 39.3826], [140.3219, 39.3823], [140.3231, 39.3824], [140.3229, 39.3812], [140.3242, 39.3804], [140.3241, 39.3795], [140.3245, 39.3791], [140.324, 39.3782], [140.3266, 39.3775], [140.3264, 39.3768], [140.3276, 39.3753], [140.3304, 39.3758], [140.3323, 39.3757], [140.3363, 39.3766], [140.3377, 39.3775], [140.34, 39.3779], [140.343, 39.3806], [140.3438, 39.3846], [140.3432, 39.3849], [140.345, 39.3871], [140.3446, 39.3884], [140.3452, 39.3895], [140.3468, 39.3909], [140.35, 39.3921], [140.3514, 39.3922], [140.3531, 39.3932], [140.3543, 39.3933], [140.3556, 39.395], [140.3568, 39.3957], [140.3579, 39.3956], [140.3589, 39.3948], [140.3603, 39.3948], [140.3635, 39.396], [140.3645, 39.3956], [140.3651, 39.3946], [140.3649, 39.3903], [140.3661, 39.3892], [140.3666, 39.3876], [140.3693, 39.3853], [140.3733, 39.3859], [140.3768, 39.3857], [140.3785, 39.3861], [140.3799, 39.3854], [140.3811, 39.3852], [140.383, 39.3857], [140.384, 39.3849], [140.3882, 39.3843], [140.3887, 39.3854], [140.3896, 39.3863], [140.3879, 39.3884], [140.3882, 39.3893], [140.3874, 39.3899], [140.3867, 39.3916], [140.3838, 39.3931], [140.3825, 39.3947], [140.3834, 39.3953], [140.3854, 39.3992], [140.3871, 39.3984], [140.3902, 39.3988], [140.3987, 39.3965], [140.3998, 39.3972], [140.4007, 39.3972], [140.4011, 39.3964], [140.4018, 39.3964], [140.4028, 39.3969], [140.4039, 39.3968], [140.4043, 39.3974], [140.4051, 39.3969], [140.4074, 39.3967], [140.4079, 39.3976], [140.4093, 39.3977], [140.4097, 39.3987], [140.4112, 39.398], [140.4131, 39.3984], [140.4133, 39.4], [140.4159, 39.3989], [140.418, 39.3995], [140.4189, 39.4006], [140.4198, 39.4001], [140.4219, 39.3998], [140.4237, 39.4001], [140.4244, 39.4019], [140.426, 39.4022], [140.4265, 39.4032], [140.4285, 39.403], [140.4294, 39.4044], [140.4296, 39.4063], [140.4303, 39.4069], [140.4331, 39.4069], [140.4356, 39.4077], [140.4374, 39.4072], [140.4397, 39.4083], [140.4402, 39.4091], [140.4425, 39.4085], [140.4452, 39.4103], [140.4477, 39.4092], [140.4488, 39.4074], [140.4487, 39.4064], [140.4493, 39.4061], [140.455, 39.4076], [140.4563, 39.4076], [140.4572, 39.4087], [140.4601, 39.4093], [140.4628, 39.4087], [140.4608, 39.4042], [140.4621, 39.4038], [140.4616, 39.4019], [140.4623, 39.4014], [140.463, 39.4027], [140.4666, 39.402], [140.4621, 39.3917], [140.4615, 39.3849], [140.4628, 39.3789], [140.4629, 39.3747], [140.4599, 39.3658], [140.4689, 39.3653], [140.4712, 39.3673], [140.4717, 39.3689], [140.4723, 39.3691], [140.4721, 39.37], [140.4737, 39.3728], [140.4738, 39.3732], [140.4731, 39.3736], [140.4736, 39.3746], [140.4726, 39.3764], [140.4735, 39.3765], [140.4748, 39.3758], [140.478, 39.3752], [140.478, 39.3745], [140.4789, 39.3752], [140.4813, 39.3753], [140.4815, 39.3776], [140.4824, 39.3777], [140.4827, 39.3783], [140.4833, 39.3783], [140.4845, 39.3805], [140.4855, 39.3808], [140.486, 39.3817], [140.4865, 39.3817], [140.4862, 39.3845], [140.4887, 39.3847], [140.489, 39.3827], [140.4902, 39.3843], [140.491, 39.3843], [140.4909, 39.3867], [140.4891, 39.3879], [140.4878, 39.388], [140.487, 39.3885], [140.4861, 39.3898], [140.488, 39.3907], [140.4885, 39.3953], [140.4854, 39.3966], [140.4844, 39.3983], [140.485, 39.4004], [140.4866, 39.4023], [140.4883, 39.4018], [140.4879, 39.4], [140.49, 39.4001], [140.4902, 39.3971], [140.4923, 39.3974], [140.4924, 39.3981], [140.4938, 39.3979], [140.4943, 39.4013], [140.4956, 39.4012], [140.4961, 39.404], [140.4967, 39.4043], [140.4992, 39.4014], [140.505, 39.3971], [140.5085, 39.3956], [140.5108, 39.3978], [140.5101, 39.4008], [140.5104, 39.4031], [140.5096, 39.4033], [140.5099, 39.4043], [140.5111, 39.4041], [140.5104, 39.4053], [140.5085, 39.4064], [140.5065, 39.4125], [140.505, 39.4119], [140.5034, 39.4143], [140.5045, 39.4147], [140.5035, 39.4162], [140.5054, 39.4152], [140.5099, 39.4145], [140.5113, 39.4146], [140.5142, 39.4135], [140.5147, 39.416], [140.5168, 39.4161], [140.5183, 39.4185], [140.5192, 39.419], [140.5178, 39.4194], [140.5181, 39.4216], [140.5195, 39.4216], [140.5196, 39.4242], [140.5189, 39.4244], [140.5188, 39.4229], [140.5166, 39.4243], [140.5139, 39.4275], [140.5144, 39.4301], [140.5124, 39.4311], [140.5111, 39.4313], [140.5108, 39.4318], [140.513, 39.4368], [140.514, 39.4365], [140.5144, 39.4375], [140.5158, 39.4371], [140.516, 39.4374], [140.5185, 39.4362], [140.5191, 39.4375], [140.5213, 39.4369], [140.5218, 39.4373], [140.5223, 39.4396], [140.5211, 39.44], [140.5212, 39.4408], [140.5228, 39.4405], [140.5249, 39.4409], [140.5264, 39.4423], [140.5268, 39.4436], [140.5281, 39.4441], [140.5296, 39.4443], [140.5321, 39.4433], [140.533, 39.4441], [140.5342, 39.4475], [140.5377, 39.4471], [140.5375, 39.4508], [140.5396, 39.451], [140.5414, 39.4494], [140.5433, 39.4488], [140.5429, 39.4504], [140.5448, 39.4508], [140.5448, 39.4504], [140.5459, 39.4502], [140.5463, 39.451], [140.5452, 39.4513], [140.5451, 39.4527], [140.5503, 39.4528], [140.5516, 39.4524], [140.5522, 39.4514], [140.5528, 39.4511], [140.5561, 39.4515], [140.557, 39.4511], [140.5578, 39.4514], [140.557, 39.4528], [140.5572, 39.455], [140.5539, 39.4578], [140.5536, 39.4591], [140.5555, 39.4636], [140.5563, 39.464], [140.5545, 39.464], [140.5535, 39.4645], [140.5552, 39.4653], [140.5556, 39.4672], [140.5574, 39.4675], [140.5579, 39.4687], [140.555, 39.4693], [140.5527, 39.4694], [140.5535, 39.4704], [140.5515, 39.4713], [140.5498, 39.471], [140.5486, 39.4704], [140.5467, 39.4703], [140.5461, 39.4706], [140.546, 39.4718], [140.5453, 39.472], [140.5522, 39.4739], [140.5522, 39.473], [140.5536, 39.4731], [140.5581, 39.4759], [140.559, 39.4782], [140.5597, 39.4787], [140.5588, 39.4792], [140.559, 39.48], [140.5573, 39.48], [140.5572, 39.4807], [140.558, 39.482], [140.5604, 39.4824], [140.5601, 39.4834], [140.5657, 39.4847], [140.5661, 39.4841], [140.5657, 39.4853], [140.5677, 39.486], [140.5686, 39.4858], [140.5682, 39.4835], [140.5756, 39.4827], [140.5748, 39.4813], [140.5703, 39.4818], [140.5703, 39.4815], [140.5752, 39.481], [140.5755, 39.4796], [140.5778, 39.4798], [140.5777, 39.4807], [140.5805, 39.4798], [140.5802, 39.4801], [140.5806, 39.48], [140.5814, 39.482], [140.5812, 39.4808], [140.5842, 39.4805], [140.5845, 39.4823], [140.5895, 39.4817], [140.5921, 39.4875], [140.593, 39.4867], [140.5976, 39.4889], [140.6029, 39.489], [140.6037, 39.4894], [140.6072, 39.4897], [140.6118, 39.4927], [140.6113, 39.4934], [140.6117, 39.494], [140.6134, 39.4936], [140.6151, 39.4921], [140.6165, 39.4918], [140.6183, 39.4926], [140.6194, 39.4925], [140.6231, 39.4944], [140.6241, 39.4955], [140.6288, 39.4957], [140.6315, 39.4968], [140.6334, 39.4965], [140.6353, 39.4968], [140.6387, 39.4975], [140.6392, 39.4984], [140.6444, 39.4986], [140.6477, 39.4975], [140.648, 39.4965], [140.6494, 39.4956], [140.6503, 39.4938], [140.6543, 39.4946], [140.6578, 39.4943], [140.6607, 39.4947], [140.6617, 39.4929], [140.6627, 39.4928], [140.6646, 39.4916], [140.665, 39.4903], [140.6671, 39.4889], [140.6677, 39.4889], [140.6696, 39.49], [140.672, 39.4887], [140.6733, 39.4877], [140.6745, 39.4854], [140.6763, 39.4835], [140.6769, 39.4818], [140.6902, 39.4791], [140.6934, 39.4772], [140.6938, 39.474], [140.6952, 39.473], [140.6959, 39.4704], [140.6981, 39.4679], [140.7022, 39.4705], [140.7036, 39.4708], [140.7056, 39.4723], [140.7063, 39.4739], [140.7087, 39.4752], [140.7116, 39.4757], [140.7129, 39.477], [140.7148, 39.4775], [140.7164, 39.4786], [140.7188, 39.4789], [140.7213, 39.4787], [140.7243, 39.4806], [140.7227, 39.483], [140.7188, 39.4849], [140.7184, 39.4876], [140.7167, 39.4891], [140.7153, 39.4925], [140.7132, 39.4942], [140.7138, 39.4957], [140.7136, 39.4993], [140.7171, 39.5016], [140.7199, 39.5049], [140.7224, 39.5041], [140.7239, 39.5044], [140.7235, 39.5054], [140.7234, 39.509], [140.7242, 39.5114], [140.7212, 39.514], [140.7234, 39.5146], [140.7249, 39.5189], [140.7263, 39.52], [140.7281, 39.5203], [140.7301, 39.5213], [140.7315, 39.5226], [140.7341, 39.5216], [140.7367, 39.5216], [140.7374, 39.5221], [140.738, 39.5232], [140.7378, 39.5258], [140.739, 39.5333], [140.7406, 39.5344], [140.7413, 39.5362], [140.7398, 39.5403], [140.7393, 39.544], [140.7403, 39.5454], [140.7396, 39.5469], [140.7368, 39.549], [140.7331, 39.5507], [140.7293, 39.5531], [140.7294, 39.5543], [140.7276, 39.5558], [140.7272, 39.5588], [140.7288, 39.5619], [140.7296, 39.565], [140.7304, 39.5659], [140.7284, 39.5678], [140.7281, 39.57], [140.7274, 39.5711], [140.7274, 39.5756], [140.7258, 39.5761], [140.7237, 39.5775], [140.7214, 39.5778], [140.7199, 39.5783], [140.7191, 39.5798], [140.7161, 39.5817], [140.7154, 39.5827], [140.7132, 39.5823], [140.7107, 39.5812], [140.7081, 39.581], [140.7042, 39.5831], [140.7021, 39.5834], [140.6998, 39.5865], [140.6975, 39.5868], [140.6959, 39.5887], [140.695, 39.5891], [140.6911, 39.5855], [140.6903, 39.5841], [140.69, 39.5823], [140.6874, 39.5804], [140.6864, 39.5776], [140.6853, 39.5779], [140.6797, 39.5776], [140.6779, 39.5781], [140.6738, 39.5783], [140.67, 39.581], [140.6679, 39.5813], [140.6671, 39.5827], [140.6641, 39.583], [140.662, 39.5822], [140.6617, 39.5817], [140.6601, 39.5813], [140.6575, 39.5794], [140.6571, 39.5797], [140.6565, 39.5792], [140.6525, 39.5792], [140.6508, 39.5801], [140.649, 39.5797], [140.647, 39.5782], [140.6447, 39.5754], [140.6429, 39.575], [140.6406, 39.5713], [140.636, 39.5695], [140.6346, 39.5696], [140.6343, 39.5704], [140.6315, 39.5709], [140.6302, 39.572], [140.6301, 39.5729], [140.6286, 39.5741], [140.6276, 39.5759], [140.623, 39.5783], [140.6203, 39.579], [140.6193, 39.5801], [140.6167, 39.5808], [140.6146, 39.582], [140.6112, 39.5826], [140.6091, 39.584], [140.6045, 39.5846], [140.6014, 39.5858], [140.6, 39.5847], [140.5995, 39.5801], [140.5956, 39.5779], [140.5951, 39.5761], [140.5959, 39.575], [140.5957, 39.5731], [140.5929, 39.5726], [140.5911, 39.5727], [140.5908, 39.5738], [140.5899, 39.5742], [140.5856, 39.5747], [140.5833, 39.5754], [140.5823, 39.5751], [140.5808, 39.5727], [140.5793, 39.5727], [140.5792, 39.5735], [140.5787, 39.5738], [140.5791, 39.5744], [140.5788, 39.5751], [140.5764, 39.5752], [140.5744, 39.5764], [140.5732, 39.5764], [140.5699, 39.5774], [140.5623, 39.5826], [140.5592, 39.5835], [140.5562, 39.5833], [140.5549, 39.5829], [140.5527, 39.5848], [140.5515, 39.5812], [140.5519, 39.5792], [140.5534, 39.5766], [140.5529, 39.5723], [140.5501, 39.5693], [140.5442, 39.567], [140.54, 39.5642], [140.5395, 39.5629], [140.5403, 39.562], [140.5398, 39.561], [140.5404, 39.5588], [140.541, 39.5588], [140.5408, 39.5579], [140.5366, 39.5551], [140.5341, 39.5521], [140.5293, 39.551], [140.5284, 39.5541], [140.5286, 39.5562], [140.5269, 39.5581], [140.5236, 39.5575], [140.5219, 39.5564], [140.5194, 39.556], [140.5128, 39.5579], [140.512, 39.5587], [140.509, 39.5585], [140.507, 39.5592], [140.5088, 39.5621], [140.5069, 39.563], [140.5024, 39.5631], [140.5028, 39.5644], [140.5017, 39.5655], [140.5024, 39.5662], [140.5011, 39.568], [140.4996, 39.5688], [140.5021, 39.5708], [140.5016, 39.572], [140.5026, 39.5735], [140.4988, 39.5775], [140.4995, 39.5803], [140.4993, 39.5823], [140.4986, 39.5831], [140.5004, 39.5857], [140.4982, 39.5857], [140.4975, 39.5862], [140.4971, 39.5874], [140.4962, 39.5874], [140.4946, 39.5887], [140.4945, 39.5899], [140.4936, 39.5911], [140.4916, 39.5922], [140.4924, 39.5948], [140.4829, 39.5944], [140.481, 39.5972], [140.48, 39.5978], [140.4764, 39.5972], [140.4722, 39.6009], [140.4711, 39.6012], [140.4698, 39.6011], [140.4692, 39.6024], [140.4696, 39.6042], [140.471, 39.6062], [140.4711, 39.608], [140.4702, 39.6088], [140.4704, 39.6096], [140.4696, 39.6101], [140.4677, 39.6102], [140.4665, 39.6108], [140.4647, 39.6147], [140.464, 39.6154], [140.4641, 39.6172], [140.4675, 39.6189], [140.4678, 39.62], [140.4692, 39.6223], [140.4688, 39.6243], [140.4692, 39.625], [140.4686, 39.6263], [140.4693, 39.6274], [140.4705, 39.6277], [140.4706, 39.6288], [140.4688, 39.6308], [140.4684, 39.6323], [140.4695, 39.6369], [140.4717, 39.6386], [140.4717, 39.6408], [140.4731, 39.6436], [140.4736, 39.648], [140.4753, 39.6508], [140.4773, 39.6531], [140.4794, 39.6539], [140.4793, 39.6564], [140.483, 39.6579], [140.4837, 39.6589], [140.4835, 39.6594], [140.4883, 39.6613], [140.4886, 39.6643], [140.4919, 39.6657], [140.4916, 39.6671], [140.4926, 39.6714], [140.4925, 39.6722], [140.4937, 39.6745], [140.4935, 39.6754], [140.494, 39.6767], [140.4931, 39.6782], [140.4948, 39.6817], [140.4946, 39.6829], [140.4955, 39.6868], [140.4972, 39.6893], [140.5025, 39.6914], [140.5046, 39.6926], [140.505, 39.6933], [140.5045, 39.6946], [140.5021, 39.6965], [140.5017, 39.6975], [140.5003, 39.6979], [140.4996, 39.7009], [140.4996, 39.7039], [140.4966, 39.7075], [140.4974, 39.7117], [140.4961, 39.7136], [140.4952, 39.7142], [140.4953, 39.7162], [140.4945, 39.718], [140.4956, 39.7198], [140.4956, 39.7216], [140.4965, 39.7238], [140.4918, 39.7235], [140.4901, 39.7219], [140.4874, 39.721], [140.4866, 39.7203], [140.4862, 39.7192], [140.4832, 39.7176], [140.4803, 39.717], [140.4768, 39.7157], [140.4747, 39.7169], [140.4731, 39.7152], [140.4711, 39.7149], [140.4633, 39.7111], [140.4606, 39.7111], [140.4572, 39.7093], [140.4557, 39.7091], [140.4548, 39.7082], [140.4513, 39.7078], [140.4473, 39.7053], [140.4449, 39.7047], [140.442, 39.7057], [140.4402, 39.7056], [140.4381, 39.7064], [140.4369, 39.7063], [140.4325, 39.7075], [140.4323, 39.7084], [140.4316, 39.7089], [140.4317, 39.7097], [140.4307, 39.7106], [140.4275, 39.7115], [140.427, 39.7124], [140.4252, 39.7135], [140.4232, 39.7138], [140.4207, 39.715], [140.4189, 39.7151], [140.417, 39.7141], [140.4146, 39.7148], [140.4129, 39.7123], [140.4095, 39.7104], [140.4083, 39.7081], [140.4071, 39.707], [140.4026, 39.7053], [140.3992, 39.7064], [140.3978, 39.7055], [140.3955, 39.706], [140.3953, 39.7019], [140.3949, 39.7012], [140.3934, 39.701], [140.3925, 39.7], [140.3893, 39.7006], [140.3875, 39.6992], [140.3857, 39.6993], [140.3835, 39.6975], [140.383, 39.6964], [140.3821, 39.6965], [140.3788, 39.6958], [140.3752, 39.6947], [140.3735, 39.6934], [140.3723, 39.693], [140.3703, 39.6939], [140.3675, 39.6937], [140.3637, 39.6953], [140.3619, 39.6955], [140.3606, 39.6946], [140.3588, 39.6945], [140.3575, 39.6936], [140.3571, 39.6923], [140.3559, 39.6924], [140.355, 39.6919], [140.3544, 39.6921], [140.3531, 39.6909], [140.3523, 39.691], [140.3516, 39.6921], [140.3505, 39.6914], [140.3479, 39.6914], [140.347, 39.6897], [140.347, 39.6882], [140.346, 39.6874], [140.3458, 39.6866], [140.3444, 39.686], [140.3434, 39.6861], [140.3431, 39.6844], [140.3422, 39.6837], [140.3422, 39.6813], [140.3429, 39.6804], [140.3427, 39.6795], [140.3434, 39.6768], [140.3418, 39.6752], [140.34, 39.6757], [140.3392, 39.6764], [140.3381, 39.6765], [140.3373, 39.678], [140.3345, 39.6804], [140.3324, 39.6793], [140.3308, 39.6797], [140.3299, 39.6796], [140.3286, 39.6803], [140.3271, 39.6801], [140.3265, 39.6793], [140.3253, 39.6806], [140.3235, 39.6787], [140.3221, 39.6763], [140.3214, 39.6761], [140.3201, 39.677], [140.3194, 39.6759], [140.3192, 39.6747], [140.3173, 39.6748], [140.3164, 39.6737], [140.3148, 39.6736], [140.3142, 39.6727], [140.3121, 39.6733], [140.311, 39.673], [140.3108, 39.6712], [140.31, 39.6703], [140.3078, 39.6699], [140.3065, 39.6678], [140.3068, 39.6672], [140.3089, 39.666], [140.3084, 39.6647], [140.3074, 39.6639], [140.3088, 39.6603], [140.3077, 39.6592], [140.3102, 39.6556], [140.3099, 39.6541], [140.3106, 39.6511], [140.3102, 39.6495], [140.3087, 39.6476], [140.3024, 39.6487], [140.3009, 39.6472], [140.3001, 39.6477], [140.2954, 39.6488], [140.2948, 39.6492], [140.2948, 39.6504], [140.2938, 39.6524], [140.2939, 39.6533], [140.2923, 39.6554], [140.2911, 39.655], [140.2904, 39.6553], [140.2898, 39.6547], [140.2892, 39.6549], [140.287, 39.6542], [140.2816, 39.6539], [140.2807, 39.6532], [140.278, 39.6536], [140.2768, 39.6542], [140.2725, 39.6538], [140.2708, 39.6535], [140.2709, 39.6528], [140.2697, 39.6515], [140.2671, 39.6515], [140.2659, 39.6524], [140.2656, 39.6522], [140.2654, 39.6515], [140.2685, 39.6496], [140.2699, 39.6466], [140.27, 39.646], [140.269, 39.645], [140.267, 39.6443], [140.2676, 39.6435], [140.2684, 39.6433], [140.2687, 39.6419], [140.2705, 39.6412], [140.2711, 39.6405], [140.2713, 39.6383], [140.2743, 39.6382], [140.2753, 39.6391], [140.2766, 39.6385], [140.2772, 39.6386], [140.278, 39.64], [140.278, 39.6414], [140.2791, 39.6417], [140.2798, 39.6417], [140.2802, 39.6411], [140.2819, 39.6404], [140.2846, 39.6403], [140.2849, 39.6394], [140.2845, 39.6385], [140.2856, 39.6372], [140.285, 39.6313], [140.284, 39.6304], [140.2839, 39.6294], [140.2832, 39.629], [140.2828, 39.6264], [140.2841, 39.6251], [140.282, 39.6241], [140.2809, 39.6231], [140.2782, 39.6244], [140.276, 39.6244], [140.2762, 39.6231], [140.2772, 39.6223], [140.2777, 39.6206], [140.2767, 39.6157], [140.2715, 39.6122], [140.2705, 39.6104], [140.268, 39.6103], [140.2674, 39.6098], [140.2663, 39.6071], [140.2669, 39.6038], [140.2681, 39.6017], [140.2656, 39.6003], [140.2661, 39.5992], [140.2659, 39.598], [140.2647, 39.5975], [140.2642, 39.5965], [140.2628, 39.5958], [140.2624, 39.5944], [140.2575, 39.5931], [140.2573, 39.5919], [140.2562, 39.5912], [140.2559, 39.5891], [140.2547, 39.5886], [140.2545, 39.5866], [140.2558, 39.5853], [140.2547, 39.5833], [140.2553, 39.5827], [140.2549, 39.5819], [140.2558, 39.5795], [140.2559, 39.5778], [140.2547, 39.5767], [140.2539, 39.5752], [140.2508, 39.5757], [140.2493, 39.5749], [140.2487, 39.5735], [140.2464, 39.5731], [140.2445, 39.5738], [140.2427, 39.5724], [140.2411, 39.5706], [140.2418, 39.5678], [140.2397, 39.5666], [140.24, 39.565], [140.2407, 39.5643], [140.2398, 39.5638], [140.2395, 39.5628], [140.2375, 39.5615], [140.2357, 39.5607], [140.2328, 39.5601], [140.2329, 39.5565], [140.2344, 39.5562], [140.235, 39.5557], [140.2332, 39.5539], [140.2347, 39.553], [140.2353, 39.5522], [140.2351, 39.5516], [140.2326, 39.5509], [140.2295, 39.5489], [140.2273, 39.5482], [140.2281, 39.5436], [140.2411, 39.544], [140.2429, 39.5421], [140.2444, 39.542], [140.2452, 39.5415], [140.2468, 39.5383], [140.2468, 39.5315], [140.2482, 39.5218], [140.249, 39.5189], [140.2514, 39.5141], [140.2532, 39.5127], [140.2549, 39.5123], [140.263, 39.512], [140.2635, 39.5096], [140.2641, 39.509], [140.2651, 39.5088], [140.2653, 39.5074], [140.267, 39.5061], [140.2685, 39.5061], [140.2689, 39.5051], [140.2704, 39.504], [140.2695, 39.5013], [140.2686, 39.5001], [140.2686, 39.4989], [140.2695, 39.4982], [140.269, 39.4969], [140.2705, 39.4961], [140.2704, 39.4947], [140.2723, 39.4938], [140.273, 39.4926], [140.2754, 39.4919], [140.2751, 39.4912], [140.2757, 39.4896], [140.2741, 39.4886], [140.2708, 39.4886], [140.2662, 39.4857], [140.2654, 39.484], [140.2663, 39.4824], [140.268, 39.4824], [140.27, 39.4818], [140.2714, 39.4805], [140.2712, 39.4786], [140.2719, 39.4782], [140.2732, 39.4782], [140.2744, 39.4771], [140.2752, 39.4752], [140.2767, 39.4745], [140.2769, 39.4717], [140.2783, 39.4703], [140.2809, 39.4691], [140.2815, 39.4676], [140.2811, 39.4663], [140.2822, 39.4655], [140.2825, 39.4628], [140.2837, 39.4613], [140.2837, 39.4589], [140.2824, 39.4594], [140.2797, 39.4587], [140.2795, 39.4572], [140.2818, 39.4555], [140.2797, 39.4539], [140.2789, 39.451], [140.2778, 39.4507], [140.2759, 39.4515], [140.2736, 39.4495], [140.2732, 39.4496], [140.2728, 39.4506], [140.2701, 39.4505], [140.269, 39.4497]]]}, "properties": {"name": "秋田県大仙市"}}, {"type": "Feature", "geometry": {"type": "Polygon", "coordinates": [[[140.4803, 39.7966], [140.4817, 39.7971], [140.4837, 39.8006], [140.4849, 39.8017], [140.4862, 39.8021], [140.4868, 39.8031], [140.4864, 39.8042], [140.4882, 39.8052], [140.4899, 39.8053], [140.4916, 39.8044], [140.4942, 39.8048], [140.4965, 39.8062], [140.4987, 39.806], [140.501, 39.8071], [140.5037, 39.8068], [140.5054, 39.808], [140.5068, 39.8083], [140.5084, 39.8099], [140.5128, 39.8102], [140.5143, 39.8116], [140.5142, 39.8128], [140.5157, 39.8138], [140.516, 39.8155], [140.517, 39.8165], [140.5171, 39.8193], [140.517, 39.8196], [140.5152, 39.8204], [140.5147, 39.823], [140.5152, 39.824], [140.5152, 39.8262], [140.5137, 39.8275], [140.5141, 39.8287], [140.5137, 39.8304], [140.5117, 39.8321], [140.5112, 39.8338], [140.5101, 39.8345], [140.5112, 39.8362], [140.5115, 39.8375], [140.5098, 39.8396], [140.5099, 39.8411], [140.5138, 39.8462], [140.5151, 39.847], [140.5168, 39.8476], [140.5184, 39.8472], [140.5203, 39.8475], [140.5218, 39.8473], [140.5237, 39.8478], [140.5271, 39.8499], [140.5278, 39.8505], [140.528, 39.8519], [140.5298, 39.8532], [140.5287, 39.8541], [140.5286, 39.8562], [140.5319, 39.8568], [140.5314, 39.8592], [140.5334, 39.8594], [140.5341, 39.8602], [140.5368, 39.8612], [140.5363, 39.8623], [140.5376, 39.8636], [140.5364, 39.8658], [140.5351, 39.8664], [140.5344, 39.8677], [140.5333, 39.8679], [140.5328, 39.8689], [140.5343, 39.871], [140.5355, 39.8714], [140.536, 39.8738], [140.5354, 39.8746], [140.5375, 39.8765], [140.5379, 39.8809], [140.5402, 39.8834], [140.5429, 39.8831], [140.5437, 39.8834], [140.5441, 39.8824], [140.5464, 39.8811], [140.5475, 39.881], [140.5489, 39.8822], [140.5505, 39.8822], [140.5535, 39.8841], [140.5554, 39.8839], [140.5575, 39.8842], [140.5581, 39.8856], [140.5603, 39.8873], [140.5612, 39.889], [140.5669, 39.8907], [140.5681, 39.8915], [140.5701, 39.8941], [140.5788, 39.895], [140.5802, 39.8945], [140.5825, 39.8947], [140.5843, 39.8917], [140.5868, 39.8898], [140.5888, 39.8891], [140.5906, 39.8889], [140.5912, 39.8868], [140.5926, 39.8865], [140.5941, 39.8847], [140.5959, 39.8846], [140.5995, 39.8862], [140.6047, 39.8863], [140.6076, 39.8858], [140.6101, 39.8843], [140.6112, 39.8835], [140.6119, 39.8821], [140.6134, 39.8824], [140.6132, 39.8841], [140.6157, 39.8849], [140.6168, 39.8847], [140.6186, 39.8857], [140.6176, 39.8862], [140.6187, 39.8869], [140.6192, 39.8887], [140.62, 39.8893], [140.6229, 39.8906], [140.6255, 39.89], [140.626, 39.8902], [140.6283, 39.8929], [140.6272, 39.8934], [140.6274, 39.8946], [140.6302, 39.8954], [140.6297, 39.8961], [140.6307, 39.8968], [140.6295, 39.8976], [140.6328, 39.8989], [140.6339, 39.9001], [140.6336, 39.9032], [140.6322, 39.904], [140.6333, 39.9048], [140.6359, 39.9056], [140.6349, 39.9062], [140.636, 39.9069], [140.6345, 39.9074], [140.6357, 39.9081], [140.6353, 39.909], [140.6333, 39.9092], [140.6334, 39.91], [140.6348, 39.9106], [140.6343, 39.9126], [140.6355, 39.9129], [140.6348, 39.914], [140.6332, 39.9152], [140.6356, 39.9174], [140.6358, 39.9185], [140.6349, 39.9191], [140.633, 39.919], [140.6331, 39.9204], [140.6316, 39.9207], [140.6313, 39.921], [140.6315, 39.9232], [140.6291, 39.9232], [140.629, 39.9236], [140.63, 39.9262], [140.6298, 39.9275], [140.6337, 39.9281], [140.634, 39.9287], [140.6339, 39.931], [140.635, 39.933], [140.6365, 39.9338], [140.6378, 39.9339], [140.6387, 39.9326], [140.6399, 39.932], [140.6423, 39.9329], [140.6435, 39.9324], [140.6462, 39.933], [140.6488, 39.9346], [140.6499, 39.9358], [140.6512, 39.9361], [140.6513, 39.9368], [140.6563, 39.9385], [140.6568, 39.9393], [140.6594, 39.9409], [140.6595, 39.9445], [140.6609, 39.9454], [140.6614, 39.9474], [140.6621, 39.9483], [140.6642, 39.9494], [140.664, 39.9504], [140.6649, 39.9527], [140.6661, 39.9528], [140.6679, 39.9538], [140.6677, 39.9553], [140.6708, 39.9556], [140.6731, 39.9554], [140.6744, 39.9578], [140.676, 39.9578], [140.6766, 39.9584], [140.6777, 39.9586], [140.6772, 39.9594], [140.6754, 39.9596], [140.673, 39.9606], [140.6743, 39.9617], [140.6729, 39.9633], [140.6745, 39.9642], [140.6743, 39.9653], [140.6757, 39.9656], [140.6774, 39.9649], [140.6832, 39.9661], [140.6847, 39.9655], [140.6856, 39.9661], [140.6861, 39.967], [140.6883, 39.9673], [140.6896, 39.967], [140.6923, 39.9677], [140.6921, 39.9686], [140.6927, 39.9696], [140.696, 39.9723], [140.6954, 39.9731], [140.6938, 39.9736], [140.694, 39.9752], [140.6963, 39.9769], [140.6967, 39.9781], [140.6963, 39.9797], [140.6972, 39.9818], [140.6994, 39.984], [140.7004, 39.9848], [140.7034, 39.9857], [140.7062, 39.9859], [140.7144, 39.9896], [140.7156, 39.9931], [140.7155, 39.9937], [140.7137, 39.9954], [140.7143, 39.9972], [140.7186, 39.998], [140.72, 39.9978], [140.7226, 39.9965], [140.7247, 39.998], [140.7274, 39.9976], [140.7307, 39.9996], [140.7323, 40], [140.7324, 40.001], [140.7315, 40.0021], [140.731, 40.0036], [140.7316, 40.0062], [140.7322, 40.007], [140.7318, 40.0079], [140.7326, 40.0086], [140.7316, 40.0103], [140.7244, 40.012], [140.7235, 40.0129], [140.7232, 40.0147], [140.7211, 40.0169], [140.7197, 40.0176], [140.7182, 40.0175], [140.7152, 40.0185], [140.7143, 40.0194], [140.7144, 40.0201], [140.7131, 40.0211], [140.7133, 40.0225], [140.7097, 40.0234], [140.7074, 40.0252], [140.7069, 40.0282], [140.7042, 40.029], [140.7029, 40.0303], [140.7006, 40.0317], [140.7, 40.0329], [140.7008, 40.0333], [140.7011, 40.0343], [140.7006, 40.0359], [140.6994, 40.0369], [140.699, 40.0392], [140.6995, 40.0398], [140.6982, 40.0413], [140.6978, 40.0429], [140.6983, 40.0466], [140.697, 40.0483], [140.696, 40.0487], [140.6959, 40.0501], [140.6948, 40.0504], [140.6937, 40.0516], [140.6923, 40.0551], [140.6905, 40.0565], [140.6905, 40.0585], [140.6896, 40.0592], [140.6899, 40.0607], [140.6909, 40.0618], [140.6908, 40.0627], [140.6926, 40.0636], [140.692, 40.0648], [140.6905, 40.0651], [140.69, 40.0657], [140.6905, 40.0673], [140.6885, 40.0677], [140.6898, 40.0701], [140.6874, 40.0714], [140.6871, 40.0723], [140.6857, 40.0724], [140.6845, 40.0735], [140.6836, 40.0734], [140.6814, 40.0741], [140.6796, 40.0751], [140.6795, 40.0771], [140.6799, 40.0779], [140.6796, 40.0787], [140.6777, 40.0777], [140.6775, 40.0764], [140.676, 40.0747], [140.6747, 40.0738], [140.6738, 40.0737], [140.6735, 40.0741], [140.6721, 40.0742], [140.6702, 40.0755], [140.6676, 40.0747], [140.6663, 40.0747], [140.6641, 40.0774], [140.664, 40.0784], [140.6617, 40.0779], [140.6607, 40.078], [140.6609, 40.081], [140.6615, 40.0816], [140.6617, 40.0828], [140.66, 40.0844], [140.6548, 40.085], [140.6493, 40.0874], [140.6424, 40.0851], [140.6399, 40.0849], [140.6393, 40.0854], [140.6383, 40.0897], [140.6371, 40.0912], [140.635, 40.0909], [140.6342, 40.0903], [140.6319, 40.0897], [140.6297, 40.088], [140.6271, 40.0876], [140.6253, 40.0866], [140.6248, 40.0857], [140.6213, 40.0839], [140.621, 40.0828], [140.6185, 40.0812], [140.6165, 40.0805], [140.6146, 40.0805], [140.6124, 40.0815], [140.6114, 40.0831], [140.6073, 40.0854], [140.6063, 40.0871], [140.6, 40.0874], [140.5998, 40.0885], [140.6011, 40.0898], [140.6015, 40.0912], [140.6003, 40.0934], [140.6015, 40.0952], [140.6015, 40.0957], [140.6014, 40.0964], [140.5987, 40.1002], [140.5995, 40.1041], [140.5991, 40.1053], [140.601, 40.1108], [140.6026, 40.1126], [140.601, 40.1153], [140.6013, 40.1174], [140.6009, 40.1183], [140.6014, 40.1194], [140.6008, 40.1221], [140.5995, 40.122], [140.5976, 40.1227], [140.5943, 40.1264], [140.5911, 40.1281], [140.5902, 40.1296], [140.5872, 40.1305], [140.5839, 40.1309], [140.5823, 40.1301], [140.5779, 40.1304], [140.5755, 40.1319], [140.5723, 40.1317], [140.5707, 40.1326], [140.5654, 40.1334], [140.5613, 40.1348], [140.5592, 40.135], [140.5571, 40.1343], [140.553, 40.135], [140.5529, 40.1363], [140.5516, 40.1382], [140.5507, 40.1387], [140.5507, 40.1397], [140.5494, 40.142], [140.5435, 40.1431], [140.5429, 40.1495], [140.5449, 40.1531], [140.5448, 40.1541], [140.544, 40.1557], [140.5414, 40.1567], [140.5394, 40.1588], [140.5382, 40.1594], [140.5367, 40.1586], [140.535, 40.1584], [140.5342, 40.157], [140.5336, 40.1568], [140.5332, 40.1556], [140.532, 40.1551], [140.5302, 40.1513], [140.5284, 40.1513], [140.5256, 40.1504], [140.5253, 40.1496], [140.5236, 40.1494], [140.5223, 40.1481], [140.5199, 40.1473], [140.5177, 40.1493], [140.517, 40.1506], [140.5156, 40.1507], [140.5144, 40.1523], [140.5114, 40.1521], [140.5078, 40.1547], [140.5069, 40.1561], [140.5047, 40.1548], [140.5, 40.1541], [140.499, 40.1536], [140.4961, 40.1539], [140.4957, 40.1558], [140.4981, 40.1568], [140.4985, 40.1584], [140.4995, 40.1586], [140.5004, 40.1599], [140.5019, 40.1607], [140.5018, 40.1617], [140.5011, 40.1622], [140.5024, 40.164], [140.5004, 40.165], [140.4982, 40.1648], [140.4965, 40.1665], [140.4948, 40.1666], [140.4941, 40.1661], [140.4936, 40.1665], [140.4919, 40.1666], [140.4897, 40.1677], [140.4902, 40.1694], [140.4911, 40.1704], [140.4914, 40.1723], [140.4949, 40.1739], [140.4948, 40.1757], [140.4933, 40.1766], [140.4924, 40.178], [140.4909, 40.1784], [140.4894, 40.1782], [140.4882, 40.1784], [140.4871, 40.1796], [140.4874, 40.1802], [140.4868, 40.1809], [140.4867, 40.1825], [140.4852, 40.1835], [140.4846, 40.1852], [140.4839, 40.1859], [140.4843, 40.188], [140.481, 40.1911], [140.4791, 40.1918], [140.4797, 40.1961], [140.4824, 40.1964], [140.4834, 40.1975], [140.4837, 40.1998], [140.4854, 40.2004], [140.487, 40.2018], [140.4858, 40.2057], [140.4859, 40.2064], [140.485, 40.2076], [140.4852, 40.2092], [140.4847, 40.21], [140.4859, 40.211], [140.485, 40.2138], [140.4816, 40.2142], [140.4798, 40.2159], [140.4796, 40.2172], [140.4788, 40.2171], [140.4761, 40.2183], [140.4741, 40.2183], [140.4725, 40.219], [140.4722, 40.2203], [140.4708, 40.2206], [140.4701, 40.2218], [140.4683, 40.2228], [140.4693, 40.2234], [140.4689, 40.2246], [140.4693, 40.2254], [140.4684, 40.2267], [140.469, 40.2286], [140.4697, 40.2292], [140.4711, 40.2321], [140.4723, 40.2331], [140.4718, 40.2341], [140.4719, 40.2355], [140.4711, 40.2365], [140.4718, 40.2373], [140.4714, 40.2383], [140.4716, 40.2414], [140.4696, 40.2417], [140.4671, 40.2407], [140.4639, 40.2421], [140.4596, 40.2418], [140.4571, 40.2444], [140.4555, 40.245], [140.4523, 40.2451], [140.4523, 40.2467], [140.4515, 40.2478], [140.4508, 40.2475], [140.4477, 40.2481], [140.4485, 40.2502], [140.4484, 40.2512], [140.4493, 40.2514], [140.4496, 40.2519], [140.4495, 40.2531], [140.4484, 40.254], [140.4472, 40.2538], [140.4473, 40.2554], [140.4467, 40.2563], [140.4445, 40.2569], [140.4438, 40.2575], [140.4405, 40.2573], [140.439, 40.2567], [140.4364, 40.2575], [140.4348, 40.2564], [140.4306, 40.2554], [140.43, 40.2561], [140.4258, 40.254], [140.423, 40.2544], [140.4217, 40.2541], [140.4182, 40.2556], [140.4143, 40.256], [140.413, 40.2569], [140.4097, 40.2615], [140.4064, 40.2606], [140.4084, 40.2619], [140.4071, 40.2636], [140.4096, 40.2646], [140.4106, 40.2661], [140.4105, 40.2671], [140.4162, 40.2717], [140.4163, 40.2743], [140.4135, 40.2749], [140.4117, 40.2772], [140.4092, 40.2776], [140.4085, 40.2792], [140.4069, 40.279], [140.4065, 40.2799], [140.4051, 40.2801], [140.4046, 40.2807], [140.4053, 40.2819], [140.4039, 40.282], [140.4029, 40.2828], [140.402, 40.2836], [140.4017, 40.2851], [140.4006, 40.2859], [140.401, 40.2875], [140.4018, 40.2878], [140.4015, 40.2885], [140.4001, 40.2894], [140.3985, 40.2913], [140.3972, 40.2912], [140.3965, 40.2916], [140.3962, 40.2939], [140.3946, 40.2945], [140.3938, 40.2953], [140.3944, 40.2958], [140.3931, 40.2977], [140.3934, 40.2995], [140.3922, 40.3004], [140.3923, 40.301], [140.3905, 40.3018], [140.3902, 40.3029], [140.3886, 40.3038], [140.3889, 40.306], [140.3869, 40.3056], [140.3855, 40.3058], [140.3856, 40.3064], [140.3848, 40.3069], [140.384, 40.3085], [140.3831, 40.3092], [140.384, 40.3097], [140.3837, 40.313], [140.3845, 40.3137], [140.3813, 40.3155], [140.3811, 40.3173], [140.3796, 40.3175], [140.3805, 40.3191], [140.3773, 40.3198], [140.3768, 40.3203], [140.3776, 40.3216], [140.3778, 40.3235], [140.3773, 40.3243], [140.3758, 40.3249], [140.3778, 40.3262], [140.3764, 40.3265], [140.3768, 40.3279], [140.3757, 40.3287], [140.3765, 40.3303], [140.3758, 40.3317], [140.376, 40.3333], [140.3751, 40.3338], [140.3748, 40.3354], [140.3761, 40.3387], [140.3754, 40.3397], [140.3762, 40.3424], [140.3756, 40.3439], [140.3719, 40.3457], [140.37, 40.3451], [140.3695, 40.3469], [140.3664, 40.3469], [140.3677, 40.349], [140.3674, 40.3507], [140.3664, 40.3518], [140.3634, 40.3515], [140.3601, 40.3517], [140.3588, 40.3522], [140.3564, 40.3545], [140.3543, 40.3545], [140.353, 40.3549], [140.3511, 40.3527], [140.351, 40.3494], [140.3468, 40.3446], [140.3469, 40.3441], [140.344, 40.341], [140.3425, 40.3384], [140.3385, 40.3361], [140.3382, 40.3352], [140.3355, 40.332], [140.3364, 40.3293], [140.3362, 40.3269], [140.3367, 40.3262], [140.336, 40.3247], [140.3329, 40.3227], [140.334, 40.3206], [140.3325, 40.32], [140.3322, 40.3193], [140.3336, 40.316], [140.3334, 40.3148], [140.3301, 40.3147], [140.3288, 40.3125], [140.3254, 40.3119], [140.3257, 40.3101], [140.3254, 40.3081], [140.3259, 40.3074], [140.3228, 40.302], [140.3241, 40.2981], [140.324, 40.2968], [140.3258, 40.2935], [140.327, 40.2923], [140.3269, 40.2903], [140.3274, 40.2896], [140.3262, 40.2867], [140.3262, 40.2842], [140.3252, 40.2835], [140.3262, 40.2818], [140.3261, 40.2802], [140.3255, 40.28], [140.3235, 40.2807], [140.3231, 40.279], [140.3223, 40.278], [140.3233, 40.2769], [140.3236, 40.2749], [140.3229, 40.2723], [140.3209, 40.2725], [140.3191, 40.2712], [140.3193, 40.2709], [140.3188, 40.2702], [140.3172, 40.27], [140.3146, 40.2686], [140.3146, 40.2675], [140.3139, 40.2664], [140.3121, 40.2648], [140.3111, 40.2644], [140.3107, 40.2624], [140.3109, 40.2607], [140.3096, 40.2582], [140.3103, 40.2563], [140.3076, 40.2524], [140.3059, 40.2522], [140.3029, 40.2536], [140.3011, 40.2524], [140.3003, 40.2529], [140.2964, 40.253], [140.2952, 40.2523], [140.293, 40.2519], [140.2904, 40.2521], [140.2884, 40.2536], [140.2875, 40.2536], [140.285, 40.2514], [140.284, 40.2499], [140.2828, 40.2491], [140.282, 40.247], [140.2805, 40.2454], [140.2794, 40.2451], [140.2774, 40.2436], [140.2761, 40.2416], [140.2757, 40.2412], [140.2766, 40.2406], [140.2764, 40.2399], [140.2753, 40.2377], [140.2735, 40.2365], [140.2735, 40.2357], [140.2746, 40.2337], [140.2758, 40.2326], [140.2762, 40.2313], [140.2797, 40.2291], [140.2802, 40.2283], [140.2799, 40.2274], [140.2813, 40.2267], [140.2828, 40.2246], [140.2819, 40.2229], [140.2821, 40.2216], [140.2808, 40.2196], [140.2797, 40.219], [140.2796, 40.218], [140.2801, 40.2171], [140.2796, 40.2169], [140.2787, 40.2149], [140.2771, 40.2139], [140.2737, 40.2127], [140.2729, 40.2115], [140.274, 40.2106], [140.2776, 40.2111], [140.2794, 40.2104], [140.2869, 40.2108], [140.288, 40.2102], [140.2913, 40.2066], [140.2934, 40.2054], [140.2957, 40.2048], [140.2993, 40.2056], [140.3, 40.2014], [140.2996, 40.2006], [140.2993, 40.2004], [140.2985, 40.2007], [140.2953, 40.1982], [140.2922, 40.1979], [140.2901, 40.1984], [140.2875, 40.1964], [140.2851, 40.1954], [140.2825, 40.1953], [140.2766, 40.1958], [140.2745, 40.1969], [140.2732, 40.196], [140.2724, 40.1945], [140.2724, 40.193], [140.2709, 40.1888], [140.2718, 40.1876], [140.2712, 40.1875], [140.2711, 40.1869], [140.2705, 40.1871], [140.2697, 40.1863], [140.2689, 40.1861], [140.266, 40.1836], [140.2642, 40.1837], [140.2627, 40.185], [140.2609, 40.1848], [140.2568, 40.1833], [140.255, 40.183], [140.2543, 40.182], [140.2543, 40.1809], [140.2549, 40.1802], [140.254, 40.1787], [140.2537, 40.1768], [140.2541, 40.1721], [140.2528, 40.1687], [140.2543, 40.1661], [140.2534, 40.164], [140.2543, 40.1624], [140.2545, 40.1605], [140.2581, 40.1586], [140.2574, 40.1581], [140.2571, 40.1569], [140.2568, 40.1526], [140.2551, 40.1514], [140.2543, 40.1463], [140.2527, 40.1431], [140.2497, 40.1425], [140.2493, 40.14], [140.2481, 40.138], [140.2478, 40.1347], [140.2492, 40.1317], [140.2502, 40.1316], [140.2502, 40.131], [140.2499, 40.1295], [140.2485, 40.129], [140.2479, 40.1273], [140.2469, 40.1264], [140.2473, 40.1254], [140.247, 40.1241], [140.2479, 40.1217], [140.2478, 40.1207], [140.2467, 40.1197], [140.2479, 40.1188], [140.2479, 40.1176], [140.2457, 40.1156], [140.2453, 40.1143], [140.2436, 40.1133], [140.2428, 40.1117], [140.243, 40.1108], [140.2445, 40.1094], [140.2451, 40.1078], [140.2473, 40.1059], [140.247, 40.1036], [140.2485, 40.1026], [140.2489, 40.1011], [140.2502, 40.0992], [140.2532, 40.097], [140.2524, 40.0965], [140.2522, 40.0951], [140.2514, 40.0942], [140.2497, 40.0943], [140.2495, 40.0927], [140.2479, 40.0927], [140.2475, 40.0905], [140.2468, 40.0899], [140.2467, 40.0891], [140.2473, 40.0887], [140.2491, 40.0886], [140.2492, 40.0875], [140.25, 40.0868], [140.2546, 40.0862], [140.2556, 40.0854], [140.2555, 40.0845], [140.2544, 40.0841], [140.2537, 40.083], [140.2549, 40.0815], [140.2547, 40.0807], [140.2531, 40.0802], [140.2517, 40.079], [140.2525, 40.0768], [140.2522, 40.0753], [140.251, 40.0737], [140.2512, 40.0722], [140.2529, 40.0712], [140.2542, 40.0712], [140.2577, 40.0723], [140.2644, 40.0707], [140.2667, 40.0696], [140.2691, 40.0699], [140.2703, 40.069], [140.272, 40.069], [140.2743, 40.0698], [140.2762, 40.0696], [140.2798, 40.0699], [140.2824, 40.0695], [140.2844, 40.0699], [140.2849, 40.0703], [140.2889, 40.0703], [140.2939, 40.0765], [140.2962, 40.0769], [140.2975, 40.0779], [140.2975, 40.0798], [140.2983, 40.0811], [140.2995, 40.0817], [140.3008, 40.0831], [140.3028, 40.0832], [140.3039, 40.0823], [140.3079, 40.0818], [140.3094, 40.0825], [140.3101, 40.0833], [140.313, 40.083], [140.3165, 40.0847], [140.3161, 40.0868], [140.3168, 40.0891], [140.3163, 40.0902], [140.3185, 40.0913], [140.3193, 40.0901], [140.3195, 40.0889], [140.3212, 40.0877], [140.324, 40.0839], [140.3254, 40.0831], [140.3265, 40.0817], [140.3276, 40.0821], [140.3285, 40.0819], [140.3308, 40.0833], [140.3347, 40.0848], [140.3364, 40.0847], [140.3373, 40.0853], [140.3387, 40.0853], [140.3398, 40.0865], [140.3398, 40.0879], [140.3405, 40.0893], [140.3414, 40.0891], [140.3423, 40.0894], [140.3442, 40.0889], [140.3447, 40.0897], [140.3465, 40.0911], [140.3481, 40.0916], [140.3491, 40.0907], [140.3504, 40.0906], [140.3511, 40.09], [140.3534, 40.0901], [140.3555, 40.0913], [140.3562, 40.0908], [140.358, 40.0908], [140.3595, 40.0901], [140.362, 40.0897], [140.3632, 40.09], [140.3645, 40.0893], [140.3664, 40.0904], [140.3684, 40.0893], [140.3702, 40.0908], [140.3724, 40.0902], [140.3736, 40.0903], [140.3756, 40.0883], [140.3756, 40.0878], [140.3733, 40.0869], [140.3725, 40.0872], [140.3715, 40.0866], [140.3717, 40.0851], [140.3711, 40.0842], [140.372, 40.0815], [140.3719, 40.0782], [140.3728, 40.0772], [140.3724, 40.0766], [140.3731, 40.0757], [140.3731, 40.0742], [140.3741, 40.0732], [140.3777, 40.0656], [140.3787, 40.0646], [140.3766, 40.0636], [140.3757, 40.0622], [140.3744, 40.0617], [140.3738, 40.0574], [140.376, 40.057], [140.3761, 40.0554], [140.3767, 40.0546], [140.3755, 40.0537], [140.3752, 40.0526], [140.376, 40.0522], [140.3783, 40.0525], [140.3787, 40.0501], [140.3795, 40.0497], [140.3794, 40.0491], [140.3777, 40.049], [140.376, 40.0476], [140.3752, 40.0445], [140.3737, 40.0432], [140.3715, 40.0431], [140.3703, 40.0439], [140.3696, 40.0427], [140.3681, 40.0421], [140.3691, 40.0387], [140.3688, 40.038], [140.3665, 40.0371], [140.3668, 40.0354], [140.3663, 40.0351], [140.364, 40.0306], [140.3631, 40.0298], [140.3625, 40.03], [140.3612, 40.0297], [140.3586, 40.0271], [140.3572, 40.0264], [140.3568, 40.0256], [140.354, 40.0248], [140.3536, 40.023], [140.3517, 40.0207], [140.3521, 40.0198], [140.3529, 40.0193], [140.3577, 40.018], [140.3578, 40.0144], [140.3571, 40.0136], [140.3571, 40.0126], [140.3582, 40.0111], [140.3589, 40.0108], [140.3593, 40.0095], [140.3606, 40.0078], [140.3628, 40.0074], [140.3645, 40.0065], [140.3645, 40.0055], [140.3681, 40.0023], [140.3683, 40.0014], [140.3719, 40.0003], [140.3719, 39.9995], [140.373, 39.9987], [140.3735, 39.9976], [140.373, 39.9951], [140.3735, 39.9924], [140.3742, 39.9909], [140.3759, 39.9893], [140.3741, 39.9881], [140.3732, 39.987], [140.37, 39.9857], [140.3675, 39.9812], [140.3635, 39.9812], [140.3623, 39.9801], [140.3581, 39.9784], [140.3524, 39.9711], [140.3538, 39.9693], [140.3536, 39.9685], [140.3552, 39.9672], [140.3556, 39.9663], [140.3552, 39.9655], [140.3565, 39.9642], [140.3567, 39.9633], [140.3577, 39.9619], [140.3572, 39.961], [140.3572, 39.9592], [140.3562, 39.9569], [140.3579, 39.9558], [140.3583, 39.9546], [140.3604, 39.9542], [140.3586, 39.9523], [140.3589, 39.95], [140.3582, 39.9493], [140.3569, 39.9487], [140.3553, 39.9454], [140.3563, 39.942], [140.3576, 39.9405], [140.3613, 39.9392], [140.3619, 39.9384], [140.361, 39.9351], [140.3598, 39.9335], [140.3603, 39.9303], [140.3595, 39.9289], [140.3606, 39.9284], [140.3662, 39.9274], [140.3665, 39.9264], [140.3686, 39.9252], [140.37, 39.9238], [140.3721, 39.9239], [140.3724, 39.9233], [140.3725, 39.9224], [140.3711, 39.9195], [140.3717, 39.9173], [140.3707, 39.9156], [140.3738, 39.9143], [140.3741, 39.9131], [140.3757, 39.9114], [140.3757, 39.91], [140.377, 39.9073], [140.3752, 39.9051], [140.3759, 39.9028], [140.3737, 39.8992], [140.3723, 39.8931], [140.3743, 39.8907], [140.3745, 39.889], [140.3763, 39.8888], [140.3776, 39.8876], [140.3781, 39.8853], [140.3788, 39.8843], [140.379, 39.8814], [140.3804, 39.8804], [140.3827, 39.8796], [140.3836, 39.8772], [140.3846, 39.877], [140.3854, 39.8757], [140.3862, 39.8755], [140.3841, 39.8734], [140.3829, 39.8714], [140.3852, 39.8696], [140.3864, 39.8695], [140.3869, 39.8679], [140.3879, 39.8669], [140.3879, 39.8654], [140.39, 39.8623], [140.3889, 39.8587], [140.39, 39.8578], [140.391, 39.8557], [140.3902, 39.8543], [140.3903, 39.8529], [140.3893, 39.851], [140.3897, 39.8483], [140.3915, 39.8446], [140.3936, 39.843], [140.3965, 39.8421], [140.4006, 39.8389], [140.4014, 39.8365], [140.4007, 39.8347], [140.4016, 39.8338], [140.4016, 39.8321], [140.4024, 39.8308], [140.4044, 39.8289], [140.4088, 39.8285], [140.4103, 39.828], [140.4167, 39.8286], [140.4185, 39.827], [140.4227, 39.8255], [140.4246, 39.825], [140.4277, 39.8252], [140.4292, 39.8245], [140.4299, 39.8246], [140.4308, 39.8238], [140.4313, 39.8223], [140.4319, 39.8218], [140.4312, 39.82], [140.432, 39.8196], [140.4356, 39.8211], [140.4402, 39.822], [140.4451, 39.8222], [140.4465, 39.8228], [140.4484, 39.823], [140.4494, 39.8238], [140.4522, 39.8245], [140.4561, 39.8235], [140.4589, 39.8239], [140.4599, 39.8229], [140.4589, 39.8207], [140.4609, 39.815], [140.4652, 39.8124], [140.4674, 39.8101], [140.4676, 39.8079], [140.4684, 39.8078], [140.4709, 39.8053], [140.4718, 39.8024], [140.4716, 39.8011], [140.4746, 39.7983], [140.4746, 39.7961], [140.4753, 39.7957], [140.4779, 39.7958], [140.4803, 39.7966]]]}, "properties": {"name": "秋田県北秋田市"}}, {"type": "Feature", "geometry": {"type": "Polygon", "coordinates": [[[139.9799, 39.3131], [139.9722, 39.3011], [139.9688, 39.2973], [139.9674, 39.2966], [139.9663, 39.2952], [139.9647, 39.2941], [139.9643, 39.2946], [139.9612, 39.294], [139.96, 39.2949], [139.9594, 39.295], [139.959, 39.2961], [139.9593, 39.295], [139.9588, 39.2949], [139.9599, 39.2949], [139.9607, 39.2943], [139.9601, 39.2941], [139.9608, 39.2942], [139.9616, 39.2937], [139.9609, 39.2931], [139.9604, 39.2936], [139.9608, 39.2931], [139.9596, 39.2926], [139.9591, 39.2928], [139.958, 39.2925], [139.958, 39.2931], [139.9591, 39.2929], [139.9595, 39.2939], [139.9598, 39.2938], [139.9595, 39.2941], [139.9589, 39.2932], [139.9578, 39.2934], [139.9578, 39.2958], [139.9578, 39.2933], [139.9569, 39.2931], [139.9567, 39.2927], [139.9571, 39.2929], [139.9572, 39.2926], [139.9569, 39.2922], [139.9549, 39.2916], [139.9543, 39.2917], [139.9534, 39.291], [139.9517, 39.2909], [139.95, 39.29], [139.948, 39.29], [139.9479, 39.2905], [139.949, 39.2906], [139.9479, 39.2905], [139.9473, 39.2902], [139.9477, 39.2898], [139.9472, 39.2899], [139.9464, 39.2891], [139.9448, 39.2893], [139.9438, 39.2901], [139.9385, 39.2886], [139.9375, 39.2897], [139.9332, 39.2891], [139.9327, 39.2889], [139.9329, 39.2882], [139.9326, 39.2881], [139.9313, 39.2888], [139.9311, 39.2893], [139.9306, 39.2892], [139.9302, 39.2887], [139.928, 39.2881], [139.9291, 39.2874], [139.928, 39.2859], [139.9258, 39.2856], [139.9225, 39.2818], [139.9194, 39.2807], [139.919, 39.2791], [139.9179, 39.2783], [139.9163, 39.2757], [139.9157, 39.2757], [139.9153, 39.2746], [139.9156, 39.2724], [139.9147, 39.2713], [139.9138, 39.2711], [139.9143, 39.2702], [139.9134, 39.2678], [139.9125, 39.2664], [139.9112, 39.266], [139.9114, 39.2638], [139.9111, 39.2636], [139.9113, 39.2629], [139.9121, 39.2627], [139.9117, 39.2615], [139.9108, 39.2616], [139.911, 39.2621], [139.9107, 39.2624], [139.9109, 39.2621], [139.91, 39.2591], [139.9083, 39.2588], [139.9081, 39.2591], [139.9076, 39.2584], [139.9081, 39.2582], [139.9087, 39.2558], [139.9076, 39.2543], [139.9088, 39.2557], [139.9093, 39.2558], [139.9088, 39.2558], [139.9082, 39.2586], [139.91, 39.2588], [139.9105, 39.2571], [139.9105, 39.2566], [139.9101, 39.2565], [139.9105, 39.2566], [139.9109, 39.2558], [139.9105, 39.2551], [139.9116, 39.2564], [139.9114, 39.2572], [139.9132, 39.2578], [139.9147, 39.2567], [139.9145, 39.2562], [139.913, 39.2557], [139.9128, 39.256], [139.9139, 39.2571], [139.9134, 39.2574], [139.9121, 39.2566], [139.9116, 39.2559], [139.9123, 39.2559], [139.9126, 39.2554], [139.9122, 39.2552], [139.9125, 39.2538], [139.9113, 39.254], [139.9112, 39.2546], [139.9112, 39.254], [139.9097, 39.2543], [139.9103, 39.2541], [139.9125, 39.2538], [139.9129, 39.2531], [139.9136, 39.2531], [139.9128, 39.2525], [139.914, 39.2502], [139.9152, 39.2497], [139.9148, 39.2486], [139.9161, 39.2467], [139.9149, 39.248], [139.9134, 39.2479], [139.9139, 39.2462], [139.9135, 39.244], [139.9141, 39.2438], [139.9133, 39.2437], [139.9098, 39.2389], [139.9103, 39.2376], [139.9098, 39.2384], [139.9067, 39.2341], [139.905, 39.2289], [139.9036, 39.2271], [139.9033, 39.2251], [139.9028, 39.2242], [139.902, 39.2239], [139.9019, 39.2227], [139.9008, 39.2222], [139.9006, 39.2212], [139.8988, 39.2208], [139.8988, 39.2201], [139.8995, 39.2196], [139.8982, 39.2195], [139.8987, 39.2188], [139.8982, 39.2182], [139.897, 39.2185], [139.8962, 39.2183], [139.8974, 39.2179], [139.8974, 39.2174], [139.8961, 39.2166], [139.8967, 39.2153], [139.8966, 39.2144], [139.8946, 39.2147], [139.8936, 39.2145], [139.8934, 39.2136], [139.8926, 39.213], [139.8936, 39.2124], [139.8941, 39.2129], [139.8945, 39.2127], [139.8947, 39.2113], [139.892, 39.2129], [139.8938, 39.2115], [139.8936, 39.2108], [139.8928, 39.2109], [139.8934, 39.2103], [139.8933, 39.2098], [139.8921, 39.2091], [139.893, 39.2082], [139.8939, 39.208], [139.8945, 39.2065], [139.8936, 39.205], [139.8926, 39.2046], [139.8925, 39.205], [139.8921, 39.2047], [139.8922, 39.2031], [139.8927, 39.2039], [139.8926, 39.2024], [139.8943, 39.2016], [139.8958, 39.2017], [139.8962, 39.2005], [139.8959, 39.2014], [139.8967, 39.2016], [139.8967, 39.2026], [139.8957, 39.2028], [139.8956, 39.202], [139.8949, 39.2021], [139.895, 39.2024], [139.8938, 39.2025], [139.8941, 39.2036], [139.8973, 39.2031], [139.897, 39.2015], [139.8995, 39.2015], [139.9009, 39.2011], [139.9004, 39.2003], [139.8992, 39.2009], [139.8993, 39.2012], [139.8991, 39.2013], [139.8971, 39.2012], [139.8992, 39.2012], [139.8991, 39.2008], [139.9019, 39.1997], [139.9027, 39.2002], [139.9039, 39.1993], [139.9049, 39.1977], [139.9062, 39.1935], [139.9064, 39.1913], [139.9045, 39.1863], [139.9051, 39.1832], [139.9044, 39.179], [139.9014, 39.1705], [139.8974, 39.1621], [139.8969, 39.1599], [139.8948, 39.156], [139.8927, 39.1543], [139.8929, 39.1541], [139.8918, 39.1537], [139.8916, 39.1529], [139.89, 39.1524], [139.8899, 39.1516], [139.889, 39.1512], [139.8893, 39.1511], [139.8885, 39.1501], [139.8856, 39.1489], [139.8857, 39.1479], [139.8849, 39.1474], [139.884, 39.1454], [139.8832, 39.1452], [139.883, 39.1421], [139.8828, 39.1415], [139.8822, 39.1415], [139.8817, 39.141], [139.8824, 39.141], [139.8822, 39.1401], [139.8827, 39.1394], [139.8815, 39.1391], [139.883, 39.1382], [139.8825, 39.1376], [139.8822, 39.1379], [139.8823, 39.1376], [139.884, 39.1367], [139.8835, 39.1361], [139.8844, 39.1354], [139.8838, 39.1349], [139.885, 39.1338], [139.8846, 39.1327], [139.8828, 39.1321], [139.8825, 39.13], [139.881, 39.1287], [139.8809, 39.1268], [139.8799, 39.1268], [139.878, 39.1257], [139.8781, 39.1253], [139.8773, 39.1252], [139.8777, 39.1259], [139.8771, 39.1252], [139.8776, 39.124], [139.8792, 39.1232], [139.8786, 39.1221], [139.8771, 39.1207], [139.8754, 39.1206], [139.8722, 39.1213], [139.8695, 39.1182], [139.9064, 39.1188], [139.9463, 39.1128], [139.9486, 39.1169], [139.983, 39.1079], [139.9831, 39.1084], [139.9944, 39.1056], [139.9976, 39.1158], [140.0078, 39.1231], [140.0624, 39.1336], [140.0653, 39.1394], [140.0659, 39.1429], [140.0654, 39.1457], [140.0634, 39.1507], [140.0641, 39.1555], [140.0641, 39.1575], [140.0634, 39.1599], [140.064, 39.1615], [140.0607, 39.1624], [140.0592, 39.1635], [140.0567, 39.1661], [140.0566, 39.1682], [140.0532, 39.1684], [140.051, 39.1697], [140.047, 39.1706], [140.0427, 39.1745], [140.0422, 39.1759], [140.0428, 39.1778], [140.0449, 39.18], [140.0448, 39.1809], [140.046, 39.1835], [140.0456, 39.1849], [140.0475, 39.1878], [140.0499, 39.1902], [140.0521, 39.1909], [140.054, 39.1938], [140.0529, 39.1985], [140.0539, 39.211], [140.0583, 39.2268], [140.0527, 39.2335], [140.0488, 39.236], [140.0462, 39.2362], [140.0443, 39.2392], [140.0422, 39.2394], [140.0409, 39.2422], [140.041, 39.2438], [140.0391, 39.2443], [140.0387, 39.245], [140.0376, 39.2456], [140.0365, 39.2469], [140.0347, 39.2468], [140.0347, 39.2481], [140.0342, 39.2486], [140.0332, 39.2488], [140.0318, 39.2486], [140.0336, 39.2512], [140.0332, 39.2526], [140.0378, 39.2595], [140.0219, 39.2691], [140.0201, 39.2685], [140.0164, 39.2679], [140.0142, 39.2669], [140.013, 39.2671], [140.0115, 39.2676], [140.0112, 39.2688], [140.01, 39.2695], [140.0096, 39.2712], [140.0079, 39.2728], [140.0069, 39.273], [140.0054, 39.274], [140.0038, 39.2736], [140.0032, 39.2761], [140.0016, 39.2773], [140.0005, 39.2812], [139.9993, 39.2826], [139.9994, 39.2831], [139.9986, 39.2842], [139.9969, 39.2841], [139.9965, 39.2848], [139.9953, 39.2849], [139.993, 39.2859], [139.9924, 39.2867], [139.9932, 39.2896], [139.9963, 39.2888], [139.9963, 39.2907], [139.9959, 39.2918], [139.9968, 39.2927], [140.0029, 39.2943], [140.0011, 39.2951], [140.0005, 39.2959], [139.9989, 39.2964], [139.9959, 39.2963], [139.994, 39.2978], [139.9914, 39.3016], [139.99, 39.3025], [139.9905, 39.3067], [139.9883, 39.3081], [139.987, 39.3097], [139.9842, 39.3117], [139.9799, 39.3131]]]}, "properties": {"name": "秋田県にかほ市"}}, {"type": "Feature", "geometry": {"type": "Polygon", "coordinates": [[[140.4965, 39.7238], [140.4956, 39.7216], [140.4956, 39.7198], [140.4945, 39.718], [140.4953, 39.7162], [140.4952, 39.7142], [140.4961, 39.7136], [140.4974, 39.7117], [140.4966, 39.7075], [140.4996, 39.7039], [140.4996, 39.7009], [140.5003, 39.6979], [140.5017, 39.6975], [140.5021, 39.6965], [140.5045, 39.6946], [140.505, 39.6933], [140.5046, 39.6926], [140.5025, 39.6914], [140.4972, 39.6893], [140.4955, 39.6868], [140.4946, 39.6829], [140.4948, 39.6817], [140.4931, 39.6782], [140.494, 39.6767], [140.4935, 39.6754], [140.4937, 39.6745], [140.4925, 39.6722], [140.4926, 39.6714], [140.4916, 39.6671], [140.4919, 39.6657], [140.4886, 39.6643], [140.4883, 39.6613], [140.4835, 39.6594], [140.4837, 39.6589], [140.483, 39.6579], [140.4793, 39.6564], [140.4794, 39.6539], [140.4773, 39.6531], [140.4753, 39.6508], [140.4736, 39.648], [140.4731, 39.6436], [140.4717, 39.6408], [140.4717, 39.6386], [140.4695, 39.6369], [140.4684, 39.6323], [140.4688, 39.6308], [140.4706, 39.6288], [140.4705, 39.6277], [140.4693, 39.6274], [140.4686, 39.6263], [140.4692, 39.625], [140.4688, 39.6243], [140.4692, 39.6223], [140.4678, 39.62], [140.4675, 39.6189], [140.4641, 39.6172], [140.464, 39.6154], [140.4647, 39.6147], [140.4665, 39.6108], [140.4677, 39.6102], [140.4696, 39.6101], [140.4704, 39.6096], [140.4702, 39.6088], [140.4711, 39.608], [140.471, 39.6062], [140.4696, 39.6042], [140.4692, 39.6024], [140.4698, 39.6011], [140.4711, 39.6012], [140.4722, 39.6009], [140.4764, 39.5972], [140.48, 39.5978], [140.481, 39.5972], [140.4829, 39.5944], [140.4924, 39.5948], [140.4916, 39.5922], [140.4936, 39.5911], [140.4945, 39.5899], [140.4946, 39.5887], [140.4962, 39.5874], [140.4971, 39.5874], [140.4975, 39.5862], [140.4982, 39.5857], [140.5004, 39.5857], [140.4986, 39.5831], [140.4993, 39.5823], [140.4995, 39.5803], [140.4988, 39.5775], [140.5026, 39.5735], [140.5016, 39.572], [140.5021, 39.5708], [140.4996, 39.5688], [140.5011, 39.568], [140.5024, 39.5662], [140.5017, 39.5655], [140.5028, 39.5644], [140.5024, 39.5631], [140.5069, 39.563], [140.5088, 39.5621], [140.507, 39.5592], [140.509, 39.5585], [140.512, 39.5587], [140.5128, 39.5579], [140.5194, 39.556], [140.5219, 39.5564], [140.5236, 39.5575], [140.5269, 39.5581], [140.5286, 39.5562], [140.5284, 39.5541], [140.5293, 39.551], [140.5341, 39.5521], [140.5366, 39.5551], [140.5408, 39.5579], [140.541, 39.5588], [140.5404, 39.5588], [140.5398, 39.561], [140.5403, 39.562], [140.5395, 39.5629], [140.54, 39.5642], [140.5442, 39.567], [140.5501, 39.5693], [140.5529, 39.5723], [140.5534, 39.5766], [140.5519, 39.5792], [140.5515, 39.5812], [140.5527, 39.5848], [140.5549, 39.5829], [140.5562, 39.5833], [140.5592, 39.5835], [140.5623, 39.5826], [140.5699, 39.5774], [140.5732, 39.5764], [140.5744, 39.5764], [140.5764, 39.5752], [140.5788, 39.5751], [140.5791, 39.5744], [140.5787, 39.5738], [140.5792, 39.5735], [140.5793, 39.5727], [140.5808, 39.5727], [140.5823, 39.5751], [140.5833, 39.5754], [140.5856, 39.5747], [140.5899, 39.5742], [140.5908, 39.5738], [140.5911, 39.5727], [140.5929, 39.5726], [140.5957, 39.5731], [140.5959, 39.575], [140.5951, 39.5761], [140.5956, 39.5779], [140.5995, 39.5801], [140.6, 39.5847], [140.6014, 39.5858], [140.6045, 39.5846], [140.6091, 39.584], [140.6112, 39.5826], [140.6146, 39.582], [140.6167, 39.5808], [140.6193, 39.5801], [140.6203, 39.579], [140.623, 39.5783], [140.6276, 39.5759], [140.6286, 39.5741], [140.6301, 39.5729], [140.6302, 39.572], [140.6315, 39.5709], [140.6343, 39.5704], [140.6346, 39.5696], [140.636, 39.5695], [140.6406, 39.5713], [140.6429, 39.575], [140.6447, 39.5754], [140.647, 39.5782], [140.649, 39.5797], [140.6508, 39.5801], [140.6525, 39.5792], [140.6565, 39.5792], [140.6571, 39.5797], [140.6575, 39.5794], [140.6601, 39.5813], [140.6617, 39.5817], [140.662, 39.5822], [140.6641, 39.583], [140.6671, 39.5827], [140.6679, 39.5813], [140.67, 39.581], [140.6738, 39.5783], [140.6779, 39.5781], [140.6797, 39.5776], [140.6853, 39.5779], [140.6864, 39.5776], [140.6874, 39.5804], [140.69, 39.5823], [140.6903, 39.5841], [140.6911, 39.5855], [140.695, 39.5891], [140.6959, 39.5887], [140.6975, 39.5868], [140.6998, 39.5865], [140.7021, 39.5834], [140.7042, 39.5831], [140.7081, 39.581], [140.7107, 39.5812], [140.7132, 39.5823], [140.7154, 39.5827], [140.7161, 39.5817], [140.7191, 39.5798], [140.7199, 39.5783], [140.7214, 39.5778], [140.7237, 39.5775], [140.7258, 39.5761], [140.7274, 39.5756], [140.7274, 39.5711], [140.7281, 39.57], [140.7284, 39.5678], [140.7304, 39.5659], [140.7364, 39.565], [140.74, 39.5654], [140.7441, 39.5669], [140.7471, 39.569], [140.7512, 39.5704], [140.7541, 39.5706], [140.7544, 39.5718], [140.7553, 39.5725], [140.7564, 39.5758], [140.7582, 39.577], [140.7602, 39.5798], [140.7606, 39.5812], [140.7621, 39.5829], [140.7622, 39.585], [140.7638, 39.5876], [140.7665, 39.5885], [140.77, 39.5885], [140.7718, 39.5901], [140.774, 39.5909], [140.7758, 39.591], [140.7783, 39.5902], [140.7805, 39.5903], [140.7805, 39.5918], [140.7793, 39.5935], [140.7786, 39.5958], [140.7788, 39.5986], [140.7795, 39.6002], [140.7817, 39.602], [140.7822, 39.604], [140.786, 39.6036], [140.787, 39.6031], [140.7909, 39.6034], [140.7944, 39.6028], [140.7961, 39.6032], [140.7972, 39.6042], [140.798, 39.6056], [140.8001, 39.6066], [140.8035, 39.6103], [140.8034, 39.6112], [140.8046, 39.6117], [140.8049, 39.6123], [140.8039, 39.6164], [140.8026, 39.6186], [140.8028, 39.6191], [140.8065, 39.6235], [140.8075, 39.6236], [140.8082, 39.6241], [140.8085, 39.6276], [140.8072, 39.63], [140.807, 39.6322], [140.8098, 39.6341], [140.8114, 39.6363], [140.8136, 39.6418], [140.8155, 39.6444], [140.8153, 39.6461], [140.8187, 39.6472], [140.8198, 39.6486], [140.8221, 39.6499], [140.8201, 39.6526], [140.8208, 39.6545], [140.8208, 39.6584], [140.8215, 39.6596], [140.8218, 39.6637], [140.8229, 39.6655], [140.8222, 39.6677], [140.8224, 39.6697], [140.8217, 39.6705], [140.8219, 39.6734], [140.8197, 39.6749], [140.8196, 39.6761], [140.8205, 39.6773], [140.8196, 39.6793], [140.8185, 39.6799], [140.8192, 39.6819], [140.8192, 39.684], [140.8215, 39.6861], [140.8224, 39.6881], [140.8212, 39.6881], [140.8201, 39.6893], [140.8158, 39.691], [140.8155, 39.6924], [140.8131, 39.6937], [140.8114, 39.6955], [140.8112, 39.6971], [140.81, 39.6982], [140.8099, 39.7015], [140.809, 39.7019], [140.8093, 39.7037], [140.8103, 39.7056], [140.8102, 39.708], [140.8064, 39.7105], [140.8053, 39.7108], [140.8009, 39.7105], [140.7992, 39.7108], [140.796, 39.7102], [140.7947, 39.7095], [140.7944, 39.7097], [140.7935, 39.7133], [140.7922, 39.7143], [140.7919, 39.7157], [140.7901, 39.7162], [140.7895, 39.7177], [140.7897, 39.7188], [140.7883, 39.7198], [140.788, 39.7213], [140.7886, 39.7231], [140.7871, 39.7236], [140.7859, 39.7251], [140.7837, 39.7253], [140.7834, 39.7258], [140.7835, 39.7279], [140.7843, 39.729], [140.7828, 39.7301], [140.7821, 39.7313], [140.7805, 39.7317], [140.779, 39.7326], [140.7776, 39.7329], [140.7751, 39.7327], [140.7746, 39.7345], [140.7799, 39.737], [140.7806, 39.738], [140.7825, 39.7384], [140.7861, 39.738], [140.7872, 39.7382], [140.7972, 39.7412], [140.8036, 39.7448], [140.8058, 39.7469], [140.8066, 39.7508], [140.8068, 39.7534], [140.8051, 39.7562], [140.8053, 39.7566], [140.8084, 39.7594], [140.8111, 39.7596], [140.8161, 39.763], [140.8166, 39.7644], [140.8162, 39.7654], [140.8178, 39.7676], [140.8193, 39.7716], [140.822, 39.7744], [140.8231, 39.7747], [140.8257, 39.7745], [140.8298, 39.7783], [140.8345, 39.781], [140.835, 39.7822], [140.8367, 39.7837], [140.8369, 39.7845], [140.8399, 39.7885], [140.8437, 39.7914], [140.8482, 39.793], [140.8472, 39.7945], [140.8474, 39.7975], [140.8457, 39.8], [140.8437, 39.8011], [140.8417, 39.8049], [140.8402, 39.8055], [140.8385, 39.805], [140.8341, 39.8069], [140.8323, 39.807], [140.8284, 39.81], [140.8271, 39.8096], [140.8254, 39.8096], [140.8246, 39.8101], [140.8226, 39.8146], [140.819, 39.8165], [140.8155, 39.816], [140.813, 39.8179], [140.8109, 39.8183], [140.8093, 39.8176], [140.8084, 39.8166], [140.8058, 39.816], [140.804, 39.8151], [140.8018, 39.8163], [140.7993, 39.8168], [140.7985, 39.8189], [140.7948, 39.821], [140.7917, 39.8218], [140.7889, 39.8231], [140.7866, 39.8234], [140.7871, 39.8252], [140.7883, 39.8265], [140.7852, 39.8274], [140.7834, 39.8284], [140.7831, 39.8315], [140.7861, 39.835], [140.7859, 39.8374], [140.7863, 39.8393], [140.7849, 39.8421], [140.7869, 39.844], [140.7891, 39.8489], [140.7891, 39.8498], [140.7886, 39.8523], [140.7838, 39.8562], [140.7877, 39.8588], [140.7871, 39.8595], [140.783, 39.8607], [140.7833, 39.8624], [140.7826, 39.8642], [140.7826, 39.8663], [140.7821, 39.8677], [140.7841, 39.8694], [140.7847, 39.8716], [140.786, 39.8719], [140.7862, 39.873], [140.788, 39.8741], [140.7922, 39.8746], [140.7962, 39.8776], [140.7977, 39.8811], [140.7996, 39.8818], [140.8073, 39.8794], [140.8122, 39.8791], [140.8156, 39.8794], [140.816, 39.8797], [140.8158, 39.8808], [140.8166, 39.8824], [140.8188, 39.8822], [140.8227, 39.8829], [140.8234, 39.8838], [140.8236, 39.8855], [140.8258, 39.8862], [140.8285, 39.8849], [140.8288, 39.8834], [140.8296, 39.8822], [140.8326, 39.8824], [140.8346, 39.8802], [140.8347, 39.8786], [140.8327, 39.8768], [140.8322, 39.8753], [140.8355, 39.875], [140.8381, 39.8757], [140.8426, 39.8744], [140.8446, 39.8731], [140.8431, 39.8713], [140.8448, 39.8704], [140.8455, 39.8694], [140.8478, 39.8678], [140.8524, 39.866], [140.854, 39.8661], [140.8562, 39.8674], [140.8566, 39.8686], [140.8579, 39.8701], [140.8638, 39.8714], [140.8665, 39.8716], [140.8692, 39.8709], [140.8707, 39.8711], [140.8737, 39.8731], [140.8778, 39.8744], [140.8793, 39.8787], [140.8793, 39.8841], [140.8761, 39.8916], [140.8745, 39.8933], [140.8744, 39.8946], [140.8727, 39.8963], [140.868, 39.8994], [140.867, 39.9008], [140.8679, 39.9022], [140.8684, 39.9078], [140.8681, 39.9115], [140.865, 39.9165], [140.8627, 39.9176], [140.8547, 39.9233], [140.8573, 39.9281], [140.8574, 39.9303], [140.8529, 39.9348], [140.8523, 39.9363], [140.853, 39.9382], [140.8532, 39.9416], [140.8557, 39.943], [140.8569, 39.9447], [140.8563, 39.9478], [140.8566, 39.9495], [140.856, 39.9513], [140.8573, 39.9524], [140.8573, 39.9528], [140.8549, 39.9548], [140.8543, 39.9566], [140.8531, 39.9574], [140.8478, 39.9591], [140.845, 39.9606], [140.8438, 39.962], [140.8426, 39.9623], [140.8412, 39.9635], [140.8402, 39.9637], [140.8377, 39.9653], [140.8363, 39.965], [140.8319, 39.9659], [140.8267, 39.9697], [140.8194, 39.9719], [140.8185, 39.9736], [140.8131, 39.9758], [140.8101, 39.9754], [140.8037, 39.9733], [140.8033, 39.9719], [140.8016, 39.9705], [140.8014, 39.9694], [140.7987, 39.9703], [140.7927, 39.9707], [140.7915, 39.969], [140.7851, 39.9652], [140.7807, 39.9641], [140.7762, 39.9639], [140.7729, 39.9634], [140.7706, 39.9649], [140.768, 39.964], [140.7674, 39.963], [140.7632, 39.9624], [140.7578, 39.9635], [140.7567, 39.9642], [140.7569, 39.9664], [140.7579, 39.9675], [140.7571, 39.9689], [140.7562, 39.9697], [140.7544, 39.9699], [140.753, 39.9708], [140.7506, 39.9734], [140.7501, 39.9749], [140.7508, 39.978], [140.7523, 39.9795], [140.7537, 39.9799], [140.7544, 39.9806], [140.7541, 39.9844], [140.7523, 39.9855], [140.75, 39.9879], [140.7464, 39.9881], [140.7442, 39.9893], [140.7422, 39.993], [140.7403, 39.9944], [140.7387, 39.9972], [140.7368, 39.9968], [140.735, 39.9977], [140.7331, 39.9997], [140.7323, 40], [140.7307, 39.9996], [140.7274, 39.9976], [140.7247, 39.998], [140.7226, 39.9965], [140.72, 39.9978], [140.7186, 39.998], [140.7143, 39.9972], [140.7137, 39.9954], [140.7155, 39.9937], [140.7156, 39.9931], [140.7144, 39.9896], [140.7062, 39.9859], [140.7034, 39.9857], [140.7004, 39.9848], [140.6994, 39.984], [140.6972, 39.9818], [140.6963, 39.9797], [140.6967, 39.9781], [140.6963, 39.9769], [140.694, 39.9752], [140.6938, 39.9736], [140.6954, 39.9731], [140.696, 39.9723], [140.6927, 39.9696], [140.6921, 39.9686], [140.6923, 39.9677], [140.6896, 39.967], [140.6883, 39.9673], [140.6861, 39.967], [140.6856, 39.9661], [140.6847, 39.9655], [140.6832, 39.9661], [140.6774, 39.9649], [140.6757, 39.9656], [140.6743, 39.9653], [140.6745, 39.9642], [140.6729, 39.9633], [140.6743, 39.9617], [140.673, 39.9606], [140.6754, 39.9596], [140.6772, 39.9594], [140.6777, 39.9586], [140.6766, 39.9584], [140.676, 39.9578], [140.6744, 39.9578], [140.6731, 39.9554], [140.6708, 39.9556], [140.6677, 39.9553], [140.6679, 39.9538], [140.6661, 39.9528], [140.6649, 39.9527], [140.664, 39.9504], [140.6642, 39.9494], [140.6621, 39.9483], [140.6614, 39.9474], [140.6609, 39.9454], [140.6595, 39.9445], [140.6594, 39.9409], [140.6568, 39.9393], [140.6563, 39.9385], [140.6513, 39.9368], [140.6512, 39.9361], [140.6499, 39.9358], [140.6488, 39.9346], [140.6462, 39.933], [140.6435, 39.9324], [140.6423, 39.9329], [140.6399, 39.932], [140.6387, 39.9326], [140.6378, 39.9339], [140.6365, 39.9338], [140.635, 39.933], [140.6339, 39.931], [140.634, 39.9287], [140.6337, 39.9281], [140.6298, 39.9275], [140.63, 39.9262], [140.629, 39.9236], [140.6291, 39.9232], [140.6315, 39.9232], [140.6313, 39.921], [140.6316, 39.9207], [140.6331, 39.9204], [140.633, 39.919], [140.6349, 39.9191], [140.6358, 39.9185], [140.6356, 39.9174], [140.6332, 39.9152], [140.6348, 39.914], [140.6355, 39.9129], [140.6343, 39.9126], [140.6348, 39.9106], [140.6334, 39.91], [140.6333, 39.9092], [140.6353, 39.909], [140.6357, 39.9081], [140.6345, 39.9074], [140.636, 39.9069], [140.6349, 39.9062], [140.6359, 39.9056], [140.6333, 39.9048], [140.6322, 39.904], [140.6336, 39.9032], [140.6339, 39.9001], [140.6328, 39.8989], [140.6295, 39.8976], [140.6307, 39.8968], [140.6297, 39.8961], [140.6302, 39.8954], [140.6274, 39.8946], [140.6272, 39.8934], [140.6283, 39.8929], [140.626, 39.8902], [140.6255, 39.89], [140.6229, 39.8906], [140.62, 39.8893], [140.6192, 39.8887], [140.6187, 39.8869], [140.6176, 39.8862], [140.6186, 39.8857], [140.6168, 39.8847], [140.6157, 39.8849], [140.6132, 39.8841], [140.6134, 39.8824], [140.6119, 39.8821], [140.6112, 39.8835], [140.6101, 39.8843], [140.6076, 39.8858], [140.6047, 39.8863], [140.5995, 39.8862], [140.5959, 39.8846], [140.5941, 39.8847], [140.5926, 39.8865], [140.5912, 39.8868], [140.5906, 39.8889], [140.5888, 39.8891], [140.5868, 39.8898], [140.5843, 39.8917], [140.5825, 39.8947], [140.5802, 39.8945], [140.5788, 39.895], [140.5701, 39.8941], [140.5681, 39.8915], [140.5669, 39.8907], [140.5612, 39.889], [140.5603, 39.8873], [140.5581, 39.8856], [140.5575, 39.8842], [140.5554, 39.8839], [140.5535, 39.8841], [140.5505, 39.8822], [140.5489, 39.8822], [140.5475, 39.881], [140.5464, 39.8811], [140.5441, 39.8824], [140.5437, 39.8834], [140.5429, 39.8831], [140.5402, 39.8834], [140.5379, 39.8809], [140.5375, 39.8765], [140.5354, 39.8746], [140.536, 39.8738], [140.5355, 39.8714], [140.5343, 39.871], [140.5328, 39.8689], [140.5333, 39.8679], [140.5344, 39.8677], [140.5351, 39.8664], [140.5364, 39.8658], [140.5376, 39.8636], [140.5363, 39.8623], [140.5368, 39.8612], [140.5341, 39.8602], [140.5334, 39.8594], [140.5314, 39.8592], [140.5319, 39.8568], [140.5286, 39.8562], [140.5287, 39.8541], [140.5298, 39.8532], [140.528, 39.8519], [140.5278, 39.8505], [140.5271, 39.8499], [140.5237, 39.8478], [140.5218, 39.8473], [140.5203, 39.8475], [140.5184, 39.8472], [140.5168, 39.8476], [140.5151, 39.847], [140.5138, 39.8462], [140.5099, 39.8411], [140.5098, 39.8396], [140.5115, 39.8375], [140.5112, 39.8362], [140.5101, 39.8345], [140.5112, 39.8338], [140.5117, 39.8321], [140.5137, 39.8304], [140.5141, 39.8287], [140.5137, 39.8275], [140.5152, 39.8262], [140.5152, 39.824], [140.5147, 39.823], [140.5152, 39.8204], [140.517, 39.8196], [140.5171, 39.8193], [140.517, 39.8165], [140.516, 39.8155], [140.5157, 39.8138], [140.5142, 39.8128], [140.5143, 39.8116], [140.5128, 39.8102], [140.5084, 39.8099], [140.5068, 39.8083], [140.5054, 39.808], [140.5037, 39.8068], [140.501, 39.8071], [140.4987, 39.806], [140.4965, 39.8062], [140.4942, 39.8048], [140.4916, 39.8044], [140.4899, 39.8053], [140.4882, 39.8052], [140.4864, 39.8042], [140.4868, 39.8031], [140.4862, 39.8021], [140.4849, 39.8017], [140.4837, 39.8006], [140.4817, 39.7971], [140.4803, 39.7966], [140.4805, 39.7956], [140.4836, 39.7943], [140.4841, 39.7933], [140.4845, 39.7897], [140.4858, 39.7893], [140.4868, 39.7883], [140.4875, 39.7854], [140.4905, 39.7819], [140.49, 39.7809], [140.4929, 39.7777], [140.4954, 39.7766], [140.4966, 39.7765], [140.497, 39.7748], [140.498, 39.7737], [140.5018, 39.7721], [140.5038, 39.7717], [140.5044, 39.7702], [140.5063, 39.7689], [140.5076, 39.7642], [140.5073, 39.7617], [140.5093, 39.7566], [140.5102, 39.7547], [140.5125, 39.7536], [140.5129, 39.7512], [140.5152, 39.75], [140.5155, 39.7477], [140.5136, 39.7458], [140.5112, 39.7442], [140.5103, 39.7422], [140.5088, 39.7405], [140.5087, 39.7378], [140.5103, 39.7363], [140.5091, 39.735], [140.5091, 39.7335], [140.507, 39.7303], [140.507, 39.7295], [140.505, 39.7287], [140.503, 39.7262], [140.501, 39.7257], [140.4992, 39.7246], [140.4976, 39.7245], [140.4965, 39.7238]]]}, "properties": {"name": "秋田県仙北市"}}, {"type": "Feature", "geometry": {"type": "Polygon", "coordinates": [[[140.7257, 40.2888], [140.7268, 40.288], [140.7315, 40.2881], [140.7329, 40.2876], [140.7334, 40.2868], [140.7352, 40.2864], [140.7358, 40.2856], [140.7376, 40.2848], [140.7425, 40.2833], [140.7441, 40.2833], [140.7452, 40.2822], [140.7458, 40.2822], [140.7489, 40.2841], [140.7502, 40.2837], [140.7508, 40.2839], [140.7509, 40.2856], [140.7497, 40.2868], [140.7501, 40.2883], [140.7495, 40.2897], [140.7493, 40.2914], [140.7498, 40.2917], [140.749, 40.2926], [140.7494, 40.2933], [140.7527, 40.2924], [140.7543, 40.2915], [140.7546, 40.2898], [140.7561, 40.2879], [140.7561, 40.2865], [140.7569, 40.2858], [140.7572, 40.286], [140.7577, 40.2847], [140.7588, 40.2839], [140.7596, 40.2836], [140.7596, 40.284], [140.7606, 40.284], [140.7618, 40.2832], [140.7628, 40.2837], [140.7632, 40.2832], [140.7642, 40.2833], [140.7663, 40.2839], [140.7664, 40.2846], [140.7674, 40.2841], [140.768, 40.2858], [140.7672, 40.2878], [140.7682, 40.2863], [140.768, 40.2878], [140.7686, 40.2893], [140.767, 40.2934], [140.7675, 40.2956], [140.7682, 40.2958], [140.7676, 40.2947], [140.7681, 40.2944], [140.7673, 40.2935], [140.7678, 40.293], [140.7677, 40.292], [140.7685, 40.2905], [140.771, 40.2914], [140.7715, 40.2924], [140.771, 40.2941], [140.7719, 40.2953], [140.7719, 40.2964], [140.7734, 40.2975], [140.7731, 40.2981], [140.772, 40.2982], [140.7703, 40.2991], [140.7721, 40.2996], [140.7719, 40.3003], [140.7707, 40.3012], [140.771, 40.3016], [140.7707, 40.3021], [140.7693, 40.3022], [140.7693, 40.3028], [140.7698, 40.3028], [140.7698, 40.3033], [140.7709, 40.3035], [140.7718, 40.3043], [140.7726, 40.3044], [140.7728, 40.3053], [140.7722, 40.3059], [140.7728, 40.3066], [140.7729, 40.3078], [140.7742, 40.3089], [140.7741, 40.3104], [140.7748, 40.3106], [140.7754, 40.312], [140.7752, 40.3134], [140.7742, 40.3136], [140.7748, 40.3141], [140.7741, 40.3159], [140.7722, 40.317], [140.7722, 40.3187], [140.7735, 40.32], [140.7733, 40.3207], [140.7745, 40.323], [140.7751, 40.3234], [140.7777, 40.3239], [140.7787, 40.3238], [140.7803, 40.3229], [140.7782, 40.3152], [140.7788, 40.3164], [140.7818, 40.3158], [140.7804, 40.3149], [140.7804, 40.3139], [140.7827, 40.3156], [140.7832, 40.3178], [140.7881, 40.3188], [140.789, 40.3218], [140.7915, 40.3219], [140.7931, 40.3245], [140.7925, 40.3255], [140.7895, 40.3267], [140.7901, 40.3282], [140.7872, 40.3298], [140.7857, 40.3332], [140.7863, 40.3337], [140.788, 40.334], [140.7893, 40.3359], [140.7893, 40.3373], [140.7883, 40.3382], [140.7878, 40.3407], [140.7891, 40.3419], [140.7895, 40.343], [140.7915, 40.3439], [140.791, 40.3452], [140.7919, 40.347], [140.7914, 40.3485], [140.7924, 40.3505], [140.7915, 40.351], [140.791, 40.352], [140.7858, 40.3512], [140.7854, 40.3517], [140.7828, 40.3486], [140.7827, 40.3509], [140.7835, 40.3526], [140.7831, 40.3531], [140.7836, 40.3537], [140.7818, 40.3541], [140.7831, 40.3553], [140.7831, 40.3561], [140.7841, 40.3567], [140.7848, 40.3566], [140.7856, 40.3542], [140.7881, 40.3554], [140.7897, 40.3545], [140.7901, 40.3548], [140.7896, 40.3551], [140.7897, 40.3558], [140.7909, 40.3575], [140.7927, 40.3569], [140.7943, 40.3575], [140.7955, 40.357], [140.7988, 40.3587], [140.801, 40.3591], [140.8019, 40.3595], [140.804, 40.3595], [140.8111, 40.3653], [140.8103, 40.366], [140.8099, 40.3673], [140.8103, 40.3699], [140.8121, 40.3712], [140.8128, 40.3727], [140.814, 40.373], [140.8149, 40.3738], [140.8163, 40.3764], [140.8161, 40.377], [140.8179, 40.3782], [140.8177, 40.3804], [140.8201, 40.3826], [140.8225, 40.3837], [140.8232, 40.3858], [140.823, 40.3869], [140.8216, 40.388], [140.8218, 40.3892], [140.8213, 40.3908], [140.8203, 40.3912], [140.8199, 40.3918], [140.8211, 40.3928], [140.8209, 40.3963], [140.8192, 40.3982], [140.819, 40.3996], [140.817, 40.4006], [140.8184, 40.4021], [140.8185, 40.4034], [140.8195, 40.4054], [140.8209, 40.406], [140.8222, 40.4074], [140.8251, 40.4091], [140.8268, 40.4111], [140.8273, 40.4136], [140.8261, 40.4164], [140.8276, 40.4175], [140.8285, 40.419], [140.8284, 40.4212], [140.8297, 40.4223], [140.8324, 40.4232], [140.8329, 40.4255], [140.8372, 40.4249], [140.8388, 40.4251], [140.8401, 40.426], [140.8423, 40.4258], [140.8426, 40.4247], [140.8439, 40.4233], [140.8454, 40.4232], [140.847, 40.4217], [140.8478, 40.4191], [140.8487, 40.4183], [140.8489, 40.4158], [140.8485, 40.4147], [140.8507, 40.4129], [140.8511, 40.4113], [140.8522, 40.4104], [140.8529, 40.4092], [140.8539, 40.4085], [140.8563, 40.4083], [140.8571, 40.4078], [140.8602, 40.4081], [140.8616, 40.4066], [140.8646, 40.4058], [140.8655, 40.4067], [140.868, 40.4064], [140.8689, 40.4079], [140.8732, 40.4096], [140.8757, 40.4078], [140.8777, 40.4075], [140.882, 40.4074], [140.8845, 40.4081], [140.8888, 40.4085], [140.8918, 40.41], [140.892, 40.4114], [140.8928, 40.412], [140.8958, 40.4131], [140.8963, 40.4138], [140.8985, 40.415], [140.9004, 40.4149], [140.9036, 40.413], [140.9081, 40.4135], [140.9099, 40.4142], [140.9108, 40.415], [140.9125, 40.4151], [140.9146, 40.4143], [140.9179, 40.4148], [140.9195, 40.4158], [140.9211, 40.4162], [140.9208, 40.4177], [140.9214, 40.4188], [140.9214, 40.4202], [140.9233, 40.4208], [140.9259, 40.4202], [140.9273, 40.4211], [140.9253, 40.4222], [140.9199, 40.4274], [140.9186, 40.4273], [140.9143, 40.4251], [140.9137, 40.4243], [140.912, 40.4238], [140.907, 40.4256], [140.8984, 40.4251], [140.8969, 40.4254], [140.8923, 40.4234], [140.8613, 40.4406], [140.8781, 40.4984], [140.88, 40.5103], [140.8776, 40.5111], [140.8679, 40.5081], [140.8666, 40.5082], [140.8647, 40.5078], [140.863, 40.5068], [140.8614, 40.5064], [140.8581, 40.5069], [140.8547, 40.5061], [140.8525, 40.5052], [140.8497, 40.5066], [140.8482, 40.508], [140.8466, 40.5072], [140.8448, 40.5073], [140.8438, 40.5061], [140.8419, 40.5054], [140.8423, 40.5041], [140.8418, 40.5036], [140.8409, 40.5034], [140.8398, 40.5041], [140.838, 40.5037], [140.8365, 40.5042], [140.8357, 40.5037], [140.8352, 40.5032], [140.8354, 40.5025], [140.8348, 40.5017], [140.8336, 40.5011], [140.8314, 40.5009], [140.8296, 40.4984], [140.8278, 40.4977], [140.8269, 40.4961], [140.826, 40.4959], [140.8245, 40.4967], [140.8236, 40.4962], [140.8223, 40.4964], [140.8208, 40.4959], [140.8188, 40.4937], [140.8184, 40.4924], [140.8164, 40.4913], [140.8148, 40.4886], [140.8109, 40.4877], [140.8107, 40.4833], [140.8096, 40.4812], [140.8116, 40.4781], [140.8109, 40.4759], [140.8097, 40.4742], [140.8096, 40.4721], [140.8086, 40.4701], [140.8089, 40.4645], [140.8075, 40.4609], [140.8077, 40.4579], [140.8056, 40.4545], [140.8051, 40.4502], [140.8039, 40.4492], [140.8037, 40.4487], [140.802, 40.4488], [140.7998, 40.4495], [140.7963, 40.4493], [140.7946, 40.4498], [140.7934, 40.4494], [140.791, 40.4522], [140.7913, 40.4538], [140.7905, 40.4551], [140.7891, 40.4568], [140.787, 40.4572], [140.7833, 40.4556], [140.7811, 40.4554], [140.7759, 40.4523], [140.7728, 40.4513], [140.7719, 40.4514], [140.7708, 40.4533], [140.7694, 40.454], [140.7667, 40.4526], [140.7625, 40.4511], [140.7611, 40.4478], [140.7597, 40.4468], [140.7569, 40.4457], [140.7561, 40.443], [140.752, 40.4388], [140.7477, 40.4392], [140.7457, 40.4382], [140.7418, 40.4378], [140.7385, 40.4395], [140.7347, 40.4399], [140.7336, 40.4392], [140.7327, 40.436], [140.7356, 40.434], [140.7329, 40.433], [140.7313, 40.4312], [140.7343, 40.4286], [140.7359, 40.4279], [140.7356, 40.4267], [140.7359, 40.4253], [140.7342, 40.4233], [140.7355, 40.4217], [140.7351, 40.4206], [140.7356, 40.4193], [140.7342, 40.4178], [140.7337, 40.4159], [140.7309, 40.4157], [140.7285, 40.4162], [140.7264, 40.4158], [140.723, 40.4166], [140.7219, 40.4193], [140.7202, 40.4195], [140.7193, 40.4203], [140.7175, 40.421], [140.7172, 40.4233], [140.7175, 40.4259], [140.7161, 40.4275], [140.7101, 40.4297], [140.7094, 40.4295], [140.7089, 40.4278], [140.7055, 40.428], [140.7028, 40.4271], [140.7, 40.4276], [140.6991, 40.4294], [140.696, 40.4282], [140.6942, 40.4281], [140.6933, 40.4274], [140.6918, 40.4269], [140.6892, 40.4277], [140.6883, 40.4276], [140.6874, 40.4268], [140.6864, 40.4228], [140.6869, 40.4219], [140.6883, 40.4218], [140.6871, 40.4184], [140.6847, 40.4165], [140.6824, 40.4166], [140.6778, 40.4151], [140.6773, 40.4118], [140.6759, 40.407], [140.6756, 40.4048], [140.6762, 40.4033], [140.6754, 40.4003], [140.676, 40.3982], [140.6757, 40.397], [140.6764, 40.3964], [140.6763, 40.3939], [140.6779, 40.3912], [140.6772, 40.3899], [140.6776, 40.3878], [140.6772, 40.3869], [140.6775, 40.3861], [140.6797, 40.3843], [140.6815, 40.3838], [140.6827, 40.3823], [140.6828, 40.3771], [140.6823, 40.3757], [140.6831, 40.3729], [140.6868, 40.3716], [140.691, 40.371], [140.6927, 40.3702], [140.6934, 40.3688], [140.6956, 40.3676], [140.6969, 40.3656], [140.6969, 40.3644], [140.6978, 40.3629], [140.701, 40.3616], [140.702, 40.3604], [140.7028, 40.3604], [140.7031, 40.3587], [140.7062, 40.3552], [140.7064, 40.3544], [140.7061, 40.354], [140.704, 40.3545], [140.7031, 40.352], [140.7017, 40.3505], [140.7025, 40.3498], [140.7052, 40.3488], [140.7089, 40.3496], [140.7101, 40.3486], [140.71, 40.3467], [140.7114, 40.3453], [140.7117, 40.3408], [140.7125, 40.3401], [140.7153, 40.3402], [140.7161, 40.3376], [140.7181, 40.3368], [140.7146, 40.3333], [140.7153, 40.3325], [140.7175, 40.3316], [140.7213, 40.3312], [140.7224, 40.3307], [140.7222, 40.33], [140.7202, 40.3295], [140.7207, 40.3269], [140.7205, 40.3264], [140.7198, 40.3262], [140.7202, 40.3256], [140.7197, 40.3245], [140.7176, 40.3237], [140.7164, 40.3241], [140.7149, 40.3235], [140.7147, 40.3228], [140.7139, 40.3225], [140.7133, 40.3217], [140.7114, 40.3209], [140.7111, 40.32], [140.7118, 40.3179], [140.7125, 40.3176], [140.7137, 40.3159], [140.712, 40.3136], [140.7139, 40.312], [140.7136, 40.3112], [140.7141, 40.3103], [140.7135, 40.3084], [140.7186, 40.306], [140.7192, 40.306], [140.7196, 40.3066], [140.7202, 40.3058], [140.72, 40.3054], [140.7206, 40.305], [140.7205, 40.3045], [140.7186, 40.3034], [140.7193, 40.3028], [140.7194, 40.3015], [140.722, 40.298], [140.7224, 40.2958], [140.7229, 40.2955], [140.7238, 40.2957], [140.7249, 40.2952], [140.7244, 40.2923], [140.7257, 40.2888]]]}, "properties": {"name": "秋田県小坂町"}}, {"type": "Feature", "geometry": {"type": "Polygon", "coordinates": [[[140.4007, 39.8347], [140.4014, 39.8365], [140.4006, 39.8389], [140.3965, 39.8421], [140.3936, 39.843], [140.3915, 39.8446], [140.3897, 39.8483], [140.3893, 39.851], [140.3903, 39.8529], [140.3902, 39.8543], [140.391, 39.8557], [140.39, 39.8578], [140.3889, 39.8587], [140.39, 39.8623], [140.3879, 39.8654], [140.3879, 39.8669], [140.3869, 39.8679], [140.3864, 39.8695], [140.3852, 39.8696], [140.3829, 39.8714], [140.3841, 39.8734], [140.3862, 39.8755], [140.3854, 39.8757], [140.3846, 39.877], [140.3836, 39.8772], [140.3827, 39.8796], [140.3804, 39.8804], [140.379, 39.8814], [140.3788, 39.8843], [140.3781, 39.8853], [140.3776, 39.8876], [140.3763, 39.8888], [140.3745, 39.889], [140.3743, 39.8907], [140.3723, 39.8931], [140.3737, 39.8992], [140.3759, 39.9028], [140.3752, 39.9051], [140.377, 39.9073], [140.3757, 39.91], [140.3757, 39.9114], [140.3741, 39.9131], [140.3738, 39.9143], [140.3707, 39.9156], [140.3717, 39.9173], [140.3711, 39.9195], [140.3725, 39.9224], [140.3724, 39.9233], [140.3721, 39.9239], [140.37, 39.9238], [140.3686, 39.9252], [140.3665, 39.9264], [140.3662, 39.9274], [140.3606, 39.9284], [140.3595, 39.9289], [140.3603, 39.9303], [140.3598, 39.9335], [140.361, 39.9351], [140.3619, 39.9384], [140.3613, 39.9392], [140.3576, 39.9405], [140.3563, 39.942], [140.3553, 39.9454], [140.3569, 39.9487], [140.3582, 39.9493], [140.3589, 39.95], [140.3586, 39.9523], [140.3604, 39.9542], [140.3583, 39.9546], [140.3579, 39.9558], [140.3562, 39.9569], [140.3572, 39.9592], [140.3572, 39.961], [140.3577, 39.9619], [140.3567, 39.9633], [140.3565, 39.9642], [140.3552, 39.9655], [140.3556, 39.9663], [140.3552, 39.9672], [140.3536, 39.9685], [140.3538, 39.9693], [140.3524, 39.9711], [140.3581, 39.9784], [140.3623, 39.9801], [140.3635, 39.9812], [140.3675, 39.9812], [140.37, 39.9857], [140.3732, 39.987], [140.3741, 39.9881], [140.3759, 39.9893], [140.3742, 39.9909], [140.3735, 39.9924], [140.373, 39.9951], [140.3735, 39.9976], [140.373, 39.9987], [140.3719, 39.9995], [140.3719, 40.0003], [140.3683, 40.0014], [140.3681, 40.0023], [140.3645, 40.0055], [140.3645, 40.0065], [140.3628, 40.0074], [140.3606, 40.0078], [140.3593, 40.0095], [140.3589, 40.0108], [140.3582, 40.0111], [140.3571, 40.0126], [140.3571, 40.0136], [140.3578, 40.0144], [140.3577, 40.018], [140.3529, 40.0193], [140.3521, 40.0198], [140.3517, 40.0207], [140.3536, 40.023], [140.354, 40.0248], [140.3568, 40.0256], [140.3572, 40.0264], [140.3586, 40.0271], [140.3612, 40.0297], [140.3625, 40.03], [140.3631, 40.0298], [140.364, 40.0306], [140.3663, 40.0351], [140.3668, 40.0354], [140.3665, 40.0371], [140.3688, 40.038], [140.3691, 40.0387], [140.3681, 40.0421], [140.3696, 40.0427], [140.3703, 40.0439], [140.3715, 40.0431], [140.3737, 40.0432], [140.3752, 40.0445], [140.376, 40.0476], [140.3777, 40.049], [140.3794, 40.0491], [140.3795, 40.0497], [140.3787, 40.0501], [140.3783, 40.0525], [140.376, 40.0522], [140.3752, 40.0526], [140.3755, 40.0537], [140.3767, 40.0546], [140.3761, 40.0554], [140.376, 40.057], [140.3738, 40.0574], [140.3744, 40.0617], [140.3757, 40.0622], [140.3766, 40.0636], [140.3787, 40.0646], [140.3777, 40.0656], [140.3741, 40.0732], [140.3731, 40.0742], [140.3731, 40.0757], [140.3724, 40.0766], [140.3728, 40.0772], [140.3719, 40.0782], [140.372, 40.0815], [140.3711, 40.0842], [140.3717, 40.0851], [140.3715, 40.0866], [140.3725, 40.0872], [140.3733, 40.0869], [140.3756, 40.0878], [140.3756, 40.0883], [140.3736, 40.0903], [140.3724, 40.0902], [140.3702, 40.0908], [140.3684, 40.0893], [140.3664, 40.0904], [140.3645, 40.0893], [140.3632, 40.09], [140.362, 40.0897], [140.3595, 40.0901], [140.358, 40.0908], [140.3562, 40.0908], [140.3555, 40.0913], [140.3534, 40.0901], [140.3511, 40.09], [140.3504, 40.0906], [140.3491, 40.0907], [140.3481, 40.0916], [140.3465, 40.0911], [140.3447, 40.0897], [140.3442, 40.0889], [140.3423, 40.0894], [140.3414, 40.0891], [140.3405, 40.0893], [140.3398, 40.0879], [140.3398, 40.0865], [140.3387, 40.0853], [140.3373, 40.0853], [140.3364, 40.0847], [140.3347, 40.0848], [140.3308, 40.0833], [140.3285, 40.0819], [140.3276, 40.0821], [140.3265, 40.0817], [140.3254, 40.0831], [140.324, 40.0839], [140.3212, 40.0877], [140.3195, 40.0889], [140.3193, 40.0901], [140.3185, 40.0913], [140.3163, 40.0902], [140.3168, 40.0891], [140.3161, 40.0868], [140.3165, 40.0847], [140.313, 40.083], [140.3101, 40.0833], [140.3094, 40.0825], [140.3079, 40.0818], [140.3039, 40.0823], [140.3028, 40.0832], [140.3008, 40.0831], [140.2995, 40.0817], [140.2983, 40.0811], [140.2975, 40.0798], [140.2975, 40.0779], [140.2962, 40.0769], [140.2939, 40.0765], [140.2889, 40.0703], [140.2849, 40.0703], [140.2844, 40.0699], [140.2824, 40.0695], [140.2798, 40.0699], [140.2762, 40.0696], [140.2743, 40.0698], [140.272, 40.069], [140.2703, 40.069], [140.2691, 40.0699], [140.2667, 40.0696], [140.2644, 40.0707], [140.2577, 40.0723], [140.2542, 40.0712], [140.2531, 40.0697], [140.25, 40.0688], [140.2502, 40.0665], [140.2491, 40.0655], [140.25, 40.0649], [140.2504, 40.0635], [140.2488, 40.0634], [140.2482, 40.063], [140.2451, 40.0634], [140.2434, 40.0623], [140.2423, 40.0624], [140.2405, 40.0607], [140.2411, 40.0584], [140.2419, 40.0579], [140.2411, 40.057], [140.2398, 40.0564], [140.2395, 40.0552], [140.2419, 40.0534], [140.2425, 40.0522], [140.2397, 40.0491], [140.2381, 40.0486], [140.2367, 40.0475], [140.2361, 40.0452], [140.2377, 40.0436], [140.2403, 40.0425], [140.2417, 40.0401], [140.2414, 40.0389], [140.2417, 40.0376], [140.2415, 40.0365], [140.241, 40.0364], [140.241, 40.0347], [140.24, 40.032], [140.2429, 40.031], [140.2444, 40.03], [140.2452, 40.0277], [140.2445, 40.026], [140.2425, 40.0242], [140.2415, 40.0217], [140.2417, 40.0209], [140.2429, 40.0205], [140.244, 40.0169], [140.242, 40.0146], [140.2394, 40.0139], [140.2382, 40.0122], [140.2361, 40.0118], [140.2373, 40.0101], [140.2358, 40.0089], [140.2353, 40.0076], [140.2363, 40.0066], [140.2367, 40.0052], [140.2367, 40.0008], [140.2343, 39.9973], [140.2345, 39.9961], [140.2341, 39.9956], [140.2344, 39.9947], [140.2341, 39.9942], [140.2358, 39.9927], [140.2345, 39.992], [140.2344, 39.9913], [140.2353, 39.9911], [140.2352, 39.9906], [140.2364, 39.9902], [140.2368, 39.9888], [140.2388, 39.9886], [140.2412, 39.9878], [140.2433, 39.9855], [140.2497, 39.984], [140.2509, 39.9827], [140.2502, 39.9811], [140.2512, 39.9788], [140.2519, 39.9741], [140.2528, 39.9734], [140.2524, 39.9722], [140.2525, 39.9699], [140.2522, 39.9687], [140.2509, 39.9666], [140.2492, 39.9653], [140.2491, 39.9635], [140.2486, 39.9628], [140.2489, 39.9621], [140.2475, 39.9604], [140.2478, 39.959], [140.2498, 39.9584], [140.2516, 39.9548], [140.2575, 39.9528], [140.2614, 39.9496], [140.2632, 39.9451], [140.2649, 39.9439], [140.2668, 39.9418], [140.2668, 39.9401], [140.2659, 39.9376], [140.2664, 39.9369], [140.2684, 39.9359], [140.2696, 39.9346], [140.2715, 39.9343], [140.2742, 39.932], [140.275, 39.93], [140.2746, 39.9288], [140.2751, 39.9282], [140.2757, 39.9279], [140.2781, 39.928], [140.2832, 39.9295], [140.2859, 39.9289], [140.2856, 39.9267], [140.2865, 39.9262], [140.2903, 39.9273], [140.2912, 39.9279], [140.2918, 39.9279], [140.2928, 39.9272], [140.2925, 39.9258], [140.2933, 39.9239], [140.2929, 39.923], [140.2938, 39.9215], [140.2957, 39.9198], [140.2949, 39.9161], [140.2928, 39.9119], [140.2944, 39.9092], [140.2948, 39.9076], [140.2961, 39.9059], [140.296, 39.9039], [140.2971, 39.9027], [140.2982, 39.9026], [140.3001, 39.9011], [140.2979, 39.899], [140.2965, 39.8958], [140.2975, 39.8939], [140.297, 39.8925], [140.2975, 39.8901], [140.2969, 39.8895], [140.2968, 39.8883], [140.2992, 39.8822], [140.3016, 39.8816], [140.3039, 39.8795], [140.3031, 39.8792], [140.3022, 39.8779], [140.3024, 39.877], [140.3013, 39.8756], [140.301, 39.8733], [140.3003, 39.8727], [140.2998, 39.8693], [140.2982, 39.8659], [140.299, 39.8642], [140.3002, 39.8631], [140.3027, 39.862], [140.305, 39.8605], [140.3051, 39.8572], [140.3046, 39.8554], [140.3057, 39.8537], [140.3048, 39.8517], [140.3066, 39.8473], [140.3055, 39.8448], [140.3044, 39.8441], [140.3048, 39.8431], [140.3028, 39.8404], [140.3018, 39.8379], [140.2998, 39.8365], [140.2985, 39.8343], [140.2965, 39.8328], [140.2985, 39.8328], [140.3013, 39.8314], [140.3032, 39.8312], [140.3064, 39.83], [140.3074, 39.8283], [140.3076, 39.8271], [140.3083, 39.827], [140.3094, 39.8257], [140.3096, 39.8252], [140.3086, 39.8231], [140.3105, 39.8204], [140.3086, 39.8187], [140.3084, 39.817], [140.3114, 39.8154], [140.3122, 39.814], [140.3128, 39.8137], [140.3144, 39.8139], [140.3137, 39.8133], [140.313, 39.8107], [140.3133, 39.8093], [140.3145, 39.8077], [140.3145, 39.806], [140.3125, 39.8008], [140.3109, 39.7984], [140.3108, 39.797], [140.3141, 39.7969], [140.3163, 39.796], [140.3179, 39.796], [140.3212, 39.7966], [140.3254, 39.7997], [140.3268, 39.8002], [140.3287, 39.8002], [140.3313, 39.8011], [140.336, 39.8039], [140.3384, 39.8039], [140.3404, 39.8044], [140.3417, 39.8059], [140.348, 39.8097], [140.3491, 39.8114], [140.3485, 39.8126], [140.3485, 39.8136], [140.3466, 39.8165], [140.3478, 39.819], [140.3517, 39.8214], [140.3532, 39.8238], [140.3558, 39.8263], [140.3594, 39.8274], [140.3622, 39.8275], [140.3635, 39.828], [140.3666, 39.8316], [140.3707, 39.8334], [140.3721, 39.8358], [140.3754, 39.8357], [140.3795, 39.8339], [140.3822, 39.8348], [140.3842, 39.8346], [140.3858, 39.8349], [140.3884, 39.8347], [140.3905, 39.835], [140.3931, 39.8341], [140.3943, 39.8333], [140.4007, 39.8347]]]}, "properties": {"name": "秋田県上小阿仁村"}}, {"type": "Feature", "geometry": {"type": "Polygon", "coordinates": [[[140.2761, 40.2416], [140.2774, 40.2436], [140.2794, 40.2451], [140.2805, 40.2454], [140.282, 40.247], [140.2828, 40.2491], [140.284, 40.2499], [140.285, 40.2514], [140.2875, 40.2536], [140.2884, 40.2536], [140.2904, 40.2521], [140.293, 40.2519], [140.2952, 40.2523], [140.2964, 40.253], [140.3003, 40.2529], [140.3011, 40.2524], [140.3029, 40.2536], [140.3059, 40.2522], [140.3076, 40.2524], [140.3103, 40.2563], [140.3096, 40.2582], [140.3109, 40.2607], [140.3107, 40.2624], [140.3111, 40.2644], [140.3121, 40.2648], [140.3139, 40.2664], [140.3146, 40.2675], [140.3146, 40.2686], [140.3172, 40.27], [140.3188, 40.2702], [140.3193, 40.2709], [140.3191, 40.2712], [140.3209, 40.2725], [140.3229, 40.2723], [140.3236, 40.2749], [140.3233, 40.2769], [140.3223, 40.278], [140.3231, 40.279], [140.3235, 40.2807], [140.3255, 40.28], [140.3261, 40.2802], [140.3262, 40.2818], [140.3252, 40.2835], [140.3262, 40.2842], [140.3262, 40.2867], [140.3274, 40.2896], [140.3269, 40.2903], [140.327, 40.2923], [140.3258, 40.2935], [140.324, 40.2968], [140.3241, 40.2981], [140.3228, 40.302], [140.3259, 40.3074], [140.3254, 40.3081], [140.3257, 40.3101], [140.3254, 40.3119], [140.3288, 40.3125], [140.3301, 40.3147], [140.3334, 40.3148], [140.3336, 40.316], [140.3322, 40.3193], [140.3325, 40.32], [140.334, 40.3206], [140.3329, 40.3227], [140.336, 40.3247], [140.3367, 40.3262], [140.3362, 40.3269], [140.3364, 40.3293], [140.3355, 40.332], [140.3382, 40.3352], [140.3385, 40.3361], [140.3425, 40.3384], [140.344, 40.341], [140.3469, 40.3441], [140.3468, 40.3446], [140.351, 40.3494], [140.3511, 40.3527], [140.353, 40.3549], [140.3522, 40.3566], [140.3537, 40.3593], [140.353, 40.3606], [140.3558, 40.3642], [140.3563, 40.3667], [140.3549, 40.368], [140.3538, 40.3699], [140.3505, 40.3719], [140.3501, 40.3724], [140.3503, 40.3734], [140.3478, 40.3743], [140.3468, 40.3757], [140.3461, 40.3759], [140.3444, 40.3751], [140.3434, 40.3751], [140.3411, 40.3763], [140.3384, 40.3784], [140.3378, 40.3802], [140.3377, 40.3833], [140.3346, 40.3856], [140.3335, 40.3879], [140.3345, 40.3895], [140.3348, 40.393], [140.3332, 40.3963], [140.3332, 40.3985], [140.3342, 40.4003], [140.3331, 40.4016], [140.3332, 40.4033], [140.3362, 40.4056], [140.3362, 40.4069], [140.3369, 40.4079], [140.3365, 40.4119], [140.3353, 40.4138], [140.3356, 40.4153], [140.3343, 40.4161], [140.3327, 40.4195], [140.3337, 40.4208], [140.3362, 40.4223], [140.3356, 40.4232], [140.3364, 40.4243], [140.336, 40.4254], [140.3341, 40.4259], [140.3333, 40.4273], [140.3347, 40.4293], [140.3344, 40.431], [140.3357, 40.4334], [140.3356, 40.4356], [140.3348, 40.4371], [140.3351, 40.4394], [140.3335, 40.44], [140.3322, 40.44], [140.3307, 40.4393], [140.3271, 40.439], [140.3231, 40.4393], [140.3221, 40.4392], [140.321, 40.4385], [140.3194, 40.4388], [140.3178, 40.4396], [140.3153, 40.4374], [140.3132, 40.4373], [140.3114, 40.4363], [140.3102, 40.4363], [140.308, 40.4379], [140.3085, 40.4399], [140.3072, 40.4421], [140.3059, 40.4427], [140.3023, 40.4428], [140.3007, 40.444], [140.3, 40.4454], [140.2988, 40.4462], [140.2951, 40.4464], [140.293, 40.4459], [140.2911, 40.4465], [140.2881, 40.4449], [140.2863, 40.4459], [140.2846, 40.4453], [140.2824, 40.4459], [140.2789, 40.4459], [140.2744, 40.4429], [140.27, 40.442], [140.2671, 40.4407], [140.263, 40.4408], [140.2617, 40.441], [140.2606, 40.4418], [140.2586, 40.4413], [140.2533, 40.4415], [140.2518, 40.4418], [140.25, 40.443], [140.248, 40.4408], [140.2459, 40.4395], [140.2454, 40.4382], [140.2432, 40.4374], [140.2414, 40.4376], [140.2382, 40.4373], [140.2352, 40.4363], [140.2318, 40.4343], [140.2279, 40.4337], [140.2231, 40.4315], [140.2202, 40.4312], [140.2184, 40.4317], [140.2171, 40.4332], [140.2142, 40.4343], [140.2116, 40.4359], [140.2101, 40.4384], [140.2094, 40.4386], [140.2057, 40.4366], [140.2034, 40.4364], [140.1966, 40.4346], [140.1941, 40.4348], [140.1901, 40.4381], [140.1874, 40.4395], [140.1859, 40.4418], [140.1856, 40.4433], [140.1829, 40.4425], [140.1789, 40.4406], [140.1739, 40.4402], [140.171, 40.4381], [140.1682, 40.4399], [140.1622, 40.4393], [140.1577, 40.4375], [140.1553, 40.4361], [140.1519, 40.4349], [140.1495, 40.4357], [140.1472, 40.4381], [140.1421, 40.4378], [140.14, 40.4393], [140.1373, 40.4396], [140.1358, 40.4394], [140.1332, 40.438], [140.1312, 40.4382], [140.1288, 40.4371], [140.1264, 40.4372], [140.1207, 40.4363], [140.1179, 40.4349], [140.1145, 40.4362], [140.1115, 40.4355], [140.1076, 40.436], [140.1061, 40.4347], [140.1034, 40.4338], [140.103, 40.4334], [140.1025, 40.4311], [140.1029, 40.4282], [140.1015, 40.4258], [140.1018, 40.4244], [140.1027, 40.4235], [140.1011, 40.422], [140.0999, 40.4183], [140.1001, 40.4176], [140.1011, 40.417], [140.1074, 40.4161], [140.1064, 40.4132], [140.108, 40.4089], [140.1079, 40.4075], [140.1099, 40.4061], [140.1105, 40.4046], [140.1147, 40.4017], [140.1178, 40.4026], [140.1196, 40.4048], [140.1246, 40.4044], [140.1283, 40.4055], [140.1402, 40.4007], [140.1409, 40.4008], [140.1418, 40.4017], [140.1441, 40.4021], [140.1466, 40.4012], [140.149, 40.403], [140.151, 40.4033], [140.1548, 40.4012], [140.1561, 40.4009], [140.1554, 40.3981], [140.1554, 40.3957], [140.1538, 40.3927], [140.1544, 40.3911], [140.1562, 40.3895], [140.1571, 40.3881], [140.1596, 40.3874], [140.164, 40.3849], [140.1597, 40.381], [140.1583, 40.3787], [140.158, 40.3771], [140.1561, 40.3753], [140.1558, 40.3744], [140.1607, 40.3717], [140.1624, 40.3713], [140.1642, 40.3715], [140.1662, 40.3707], [140.1678, 40.3693], [140.1682, 40.3676], [140.169, 40.3674], [140.1705, 40.3646], [140.1697, 40.3633], [140.1704, 40.3616], [140.1719, 40.3609], [140.1745, 40.3618], [140.1776, 40.3618], [140.1781, 40.3599], [140.1826, 40.3575], [140.1831, 40.3554], [140.1856, 40.3549], [140.1868, 40.3532], [140.193, 40.3502], [140.1935, 40.3495], [140.1932, 40.3476], [140.194, 40.346], [140.195, 40.3456], [140.1953, 40.3447], [140.1965, 40.3447], [140.1971, 40.344], [140.1979, 40.3419], [140.1967, 40.3409], [140.1948, 40.338], [140.1953, 40.3366], [140.1948, 40.3354], [140.1958, 40.3329], [140.1944, 40.3322], [140.1939, 40.3304], [140.1955, 40.3269], [140.1949, 40.3258], [140.1946, 40.3234], [140.1958, 40.3223], [140.1951, 40.3198], [140.1965, 40.3193], [140.198, 40.3181], [140.1986, 40.3156], [140.2002, 40.314], [140.2019, 40.313], [140.202, 40.3057], [140.2011, 40.3027], [140.202, 40.3016], [140.2045, 40.3008], [140.2046, 40.2971], [140.2081, 40.2972], [140.2089, 40.2968], [140.2086, 40.2995], [140.2098, 40.2988], [140.2108, 40.2992], [140.2118, 40.3007], [140.2123, 40.3007], [140.2124, 40.2994], [140.2116, 40.2976], [140.2133, 40.298], [140.2141, 40.2989], [140.2144, 40.2987], [140.2142, 40.2981], [140.2125, 40.2971], [140.2131, 40.2959], [140.2131, 40.2942], [140.2134, 40.294], [140.2137, 40.2942], [140.2139, 40.2952], [140.2146, 40.2949], [140.2143, 40.2933], [140.2135, 40.2927], [140.2143, 40.292], [140.2135, 40.2911], [140.2134, 40.2892], [140.214, 40.2885], [140.2141, 40.2869], [140.215, 40.2868], [140.2158, 40.2877], [140.2167, 40.2879], [140.2169, 40.2892], [140.2162, 40.291], [140.2169, 40.2923], [140.2173, 40.2907], [140.2188, 40.2903], [140.219, 40.2899], [140.2192, 40.2877], [140.2178, 40.2849], [140.2185, 40.2824], [140.2167, 40.28], [140.2165, 40.2792], [140.2174, 40.2784], [140.2176, 40.2775], [140.2164, 40.2759], [140.2131, 40.2752], [140.2112, 40.2742], [140.211, 40.2711], [140.2114, 40.2706], [140.2122, 40.2704], [140.2117, 40.2694], [140.2144, 40.2683], [140.2153, 40.2684], [140.2168, 40.2671], [140.2182, 40.2681], [140.2227, 40.2672], [140.2229, 40.2649], [140.2237, 40.2641], [140.2236, 40.2635], [140.2205, 40.2627], [140.2204, 40.2614], [140.2189, 40.2591], [140.2213, 40.2554], [140.2225, 40.2555], [140.2261, 40.2542], [140.2274, 40.2524], [140.2285, 40.2522], [140.2303, 40.2511], [140.2309, 40.2502], [140.2306, 40.2485], [140.232, 40.2478], [140.2355, 40.2492], [140.2391, 40.2471], [140.2407, 40.2472], [140.2431, 40.2456], [140.2445, 40.246], [140.2456, 40.2451], [140.2479, 40.2441], [140.248, 40.2437], [140.2498, 40.2459], [140.2524, 40.2405], [140.2596, 40.2428], [140.2601, 40.2423], [140.261, 40.2424], [140.2635, 40.2437], [140.265, 40.244], [140.2664, 40.2432], [140.2679, 40.2429], [140.2694, 40.2441], [140.2714, 40.2446], [140.2726, 40.2443], [140.2742, 40.2427], [140.2761, 40.2416]]]}, "properties": {"name": "秋田県藤里町"}}, {"type": "Feature", "geometry": {"type": "Polygon", "coordinates": [[[139.9725, 40.1251], [139.9646, 40.1077], [139.9536, 40.0871], [139.9455, 40.0735], [139.951, 40.0716], [139.9537, 40.0713], [139.9537, 40.0705], [139.953, 40.0706], [139.9524, 40.0693], [139.9566, 40.0687], [139.9559, 40.068], [139.9572, 40.0679], [139.9577, 40.0672], [139.9589, 40.0667], [139.9587, 40.0662], [139.9581, 40.0662], [139.9526, 40.0676], [139.9525, 40.0673], [139.9569, 40.065], [139.9556, 40.0648], [139.9553, 40.0642], [139.9546, 40.0644], [139.9543, 40.0639], [139.952, 40.0643], [139.9521, 40.064], [139.9532, 40.0617], [139.9546, 40.0609], [139.9546, 40.0604], [139.9594, 40.0581], [139.962, 40.0574], [139.9637, 40.0593], [139.9661, 40.0604], [139.9677, 40.0624], [139.9783, 40.0668], [139.9802, 40.0682], [139.9809, 40.0703], [139.9805, 40.0721], [139.9761, 40.0759], [139.9803, 40.0779], [139.9817, 40.0795], [139.9823, 40.0809], [139.982, 40.0823], [139.9838, 40.0843], [139.9839, 40.0895], [139.9851, 40.093], [139.9883, 40.0942], [139.9986, 40.0933], [139.9997, 40.0936], [140, 40.0905], [140.0007, 40.0902], [140.0008, 40.0882], [140.0023, 40.0871], [140.0052, 40.0857], [140.0105, 40.0849], [140.0167, 40.0821], [140.0202, 40.0783], [140.0515, 40.0662], [140.0587, 40.0617], [140.0654, 40.0521], [140.0714, 40.0397], [140.0699, 40.0028], [140.0687, 39.987], [140.0752, 39.9861], [140.0784, 39.986], [140.0791, 39.9846], [140.0787, 39.9824], [140.0799, 39.9815], [140.0804, 39.9803], [140.0813, 39.9802], [140.0821, 39.9791], [140.0829, 39.9792], [140.0839, 39.9782], [140.0838, 39.9775], [140.0853, 39.9764], [140.0875, 39.9762], [140.0893, 39.9748], [140.0914, 39.9748], [140.0932, 39.9752], [140.0937, 39.9758], [140.0946, 39.9756], [140.0971, 39.9764], [140.1006, 39.9764], [140.1014, 39.9769], [140.1037, 39.9748], [140.1075, 39.9746], [140.1082, 39.9751], [140.1078, 39.9761], [140.109, 39.9767], [140.1093, 39.9779], [140.1133, 39.9785], [140.1151, 39.9793], [140.1181, 39.9791], [140.1211, 39.9783], [140.1225, 39.9785], [140.123, 39.9782], [140.1232, 39.98], [140.1218, 39.9811], [140.1181, 39.9817], [140.117, 39.9822], [140.1177, 39.9829], [140.1186, 39.9829], [140.1189, 39.9837], [140.1175, 39.9852], [140.1165, 39.9855], [140.1164, 39.9863], [140.1216, 39.9893], [140.1223, 39.9888], [140.1235, 39.989], [140.1251, 39.9885], [140.1266, 39.9891], [140.1276, 39.991], [140.1272, 39.9916], [140.1274, 39.9929], [140.1277, 39.9935], [140.131, 39.9954], [140.132, 39.9978], [140.1369, 39.9968], [140.1387, 39.9969], [140.1401, 39.9977], [140.1411, 39.9977], [140.1429, 39.9987], [140.1447, 39.9991], [140.1462, 40.0021], [140.1478, 40.0026], [140.1486, 40.0024], [140.1523, 40.0042], [140.1533, 40.0071], [140.1541, 40.0073], [140.1547, 40.0082], [140.1567, 40.0081], [140.1572, 40.0094], [140.1584, 40.0109], [140.1608, 40.0104], [140.1616, 40.0108], [140.1647, 40.0107], [140.1661, 40.0113], [140.1681, 40.0105], [140.171, 40.0103], [140.1714, 40.0093], [140.1728, 40.0085], [140.1736, 40.0075], [140.1734, 40.0064], [140.1729, 40.0058], [140.1732, 40.0053], [140.1759, 40.0043], [140.1817, 40.006], [140.1822, 40.0067], [140.1821, 40.0084], [140.1864, 40.0097], [140.1873, 40.0105], [140.1907, 40.01], [140.1928, 40.0107], [140.1942, 40.0103], [140.198, 40.0128], [140.2023, 40.0128], [140.2038, 40.0115], [140.2065, 40.012], [140.2092, 40.0119], [140.2103, 40.0114], [140.2118, 40.0116], [140.2145, 40.0102], [140.2162, 40.0074], [140.2182, 40.0071], [140.2192, 40.0066], [140.2197, 40.0059], [140.2224, 40.0061], [140.2236, 40.0057], [140.226, 40.0057], [140.2275, 40.0052], [140.2276, 40.0042], [140.2294, 40.0047], [140.231, 40.0046], [140.2336, 40.0077], [140.2353, 40.0076], [140.2358, 40.0089], [140.2373, 40.0101], [140.2361, 40.0118], [140.2382, 40.0122], [140.2394, 40.0139], [140.242, 40.0146], [140.244, 40.0169], [140.2429, 40.0205], [140.2417, 40.0209], [140.2415, 40.0217], [140.2425, 40.0242], [140.2445, 40.026], [140.2452, 40.0277], [140.2444, 40.03], [140.2429, 40.031], [140.24, 40.032], [140.241, 40.0347], [140.241, 40.0364], [140.2415, 40.0365], [140.2417, 40.0376], [140.2414, 40.0389], [140.2417, 40.0401], [140.2403, 40.0425], [140.2377, 40.0436], [140.2361, 40.0452], [140.2367, 40.0475], [140.2343, 40.0485], [140.2335, 40.0493], [140.2302, 40.0494], [140.2259, 40.0525], [140.2241, 40.0548], [140.2217, 40.0563], [140.2207, 40.0565], [140.2161, 40.0605], [140.216, 40.0637], [140.2146, 40.0665], [140.2147, 40.0696], [140.2118, 40.0696], [140.2101, 40.0701], [140.2081, 40.0698], [140.2072, 40.0706], [140.2003, 40.0677], [140.197, 40.0685], [140.1951, 40.0685], [140.1914, 40.0679], [140.19, 40.0672], [140.1896, 40.0677], [140.1905, 40.0697], [140.1905, 40.0712], [140.1918, 40.0738], [140.1916, 40.0745], [140.1926, 40.075], [140.1931, 40.0806], [140.1926, 40.0809], [140.1894, 40.0807], [140.1884, 40.0821], [140.1843, 40.0825], [140.1843, 40.0832], [140.1833, 40.0842], [140.185, 40.0862], [140.1835, 40.0902], [140.1823, 40.09], [140.1815, 40.0914], [140.1815, 40.092], [140.1825, 40.0932], [140.1818, 40.0939], [140.18, 40.0944], [140.1792, 40.0958], [140.1781, 40.0963], [140.178, 40.0975], [140.1766, 40.0983], [140.1745, 40.0981], [140.1738, 40.1007], [140.1748, 40.1013], [140.1751, 40.1023], [140.1747, 40.104], [140.1772, 40.1053], [140.1749, 40.1067], [140.1761, 40.1078], [140.1775, 40.1081], [140.177, 40.1104], [140.1774, 40.1121], [140.1805, 40.1157], [140.1814, 40.1162], [140.1823, 40.1159], [140.1832, 40.1162], [140.1832, 40.1178], [140.1844, 40.1184], [140.1845, 40.1189], [140.1839, 40.1227], [140.1879, 40.1251], [140.1886, 40.1278], [140.1883, 40.1291], [140.1823, 40.1305], [140.1804, 40.1303], [140.1802, 40.1319], [140.1798, 40.132], [140.1757, 40.1315], [140.175, 40.1302], [140.1691, 40.1318], [140.162, 40.1317], [140.1615, 40.1314], [140.161, 40.1291], [140.1553, 40.1279], [140.1541, 40.1286], [140.1515, 40.1292], [140.1502, 40.1282], [140.1491, 40.1287], [140.1483, 40.1286], [140.1476, 40.1281], [140.1447, 40.128], [140.1435, 40.1295], [140.1409, 40.13], [140.1385, 40.1294], [140.1376, 40.1296], [140.1359, 40.1302], [140.1348, 40.1314], [140.1333, 40.1319], [140.1301, 40.1305], [140.1286, 40.1307], [140.1272, 40.1304], [140.1265, 40.13], [140.126, 40.1286], [140.1234, 40.1284], [140.1228, 40.129], [140.1209, 40.1291], [140.1195, 40.1308], [140.1161, 40.1327], [140.1132, 40.1354], [140.1116, 40.1359], [140.1114, 40.1374], [140.11, 40.1381], [140.1101, 40.1394], [140.1093, 40.1407], [140.1084, 40.1409], [140.1087, 40.1427], [140.1058, 40.1434], [140.1049, 40.1444], [140.1031, 40.1448], [140.1026, 40.1453], [140.102, 40.1451], [140.1019, 40.1441], [140.1013, 40.1437], [140.1005, 40.1447], [140.1008, 40.1465], [140.098, 40.1443], [140.0968, 40.1455], [140.0986, 40.1475], [140.0975, 40.1477], [140.0971, 40.1485], [140.0942, 40.1487], [140.0932, 40.1499], [140.0867, 40.149], [140.0821, 40.1492], [140.0821, 40.1504], [140.0805, 40.151], [140.0792, 40.1507], [140.0795, 40.1512], [140.0781, 40.1511], [140.0788, 40.1518], [140.0744, 40.1546], [140.0738, 40.1541], [140.073, 40.1554], [140.0686, 40.1573], [140.0677, 40.1566], [140.0657, 40.1567], [140.0657, 40.1558], [140.0641, 40.1556], [140.0618, 40.1539], [140.0603, 40.1536], [140.0581, 40.1525], [140.058, 40.1528], [140.0572, 40.1527], [140.0554, 40.1508], [140.052, 40.1488], [140.0496, 40.1494], [140.0479, 40.1505], [140.0446, 40.1517], [140.0441, 40.1527], [140.0433, 40.1526], [140.0432, 40.1532], [140.042, 40.1529], [140.0422, 40.1542], [140.0414, 40.1537], [140.0392, 40.1517], [140.0386, 40.1493], [140.0389, 40.1482], [140.0376, 40.1454], [140.0353, 40.1432], [140.035, 40.1422], [140.0311, 40.1403], [140.0312, 40.1364], [140.0279, 40.1352], [140.027, 40.1341], [140.0261, 40.1325], [140.0268, 40.1324], [140.0267, 40.1313], [140.0259, 40.1313], [140.0257, 40.1291], [140.0227, 40.129], [140.0228, 40.1283], [140.0259, 40.1283], [140.0267, 40.1247], [140.0221, 40.1248], [140.0189, 40.1257], [140.0138, 40.1257], [140.0125, 40.1252], [140.0122, 40.1256], [140.0117, 40.1252], [140.0131, 40.1242], [140.0096, 40.1255], [140.0085, 40.1263], [140.0075, 40.1256], [140.0069, 40.122], [139.9832, 40.1237], [139.9778, 40.1237], [139.9725, 40.1251]]]}, "properties": {"name": "秋田県三種町"}}, {"type": "Feature", "geometry": {"type": "Polygon", "coordinates": [[[140.1558, 40.3744], [140.1561, 40.3753], [140.158, 40.3771], [140.1583, 40.3787], [140.1597, 40.381], [140.164, 40.3849], [140.1596, 40.3874], [140.1571, 40.3881], [140.1562, 40.3895], [140.1544, 40.3911], [140.1538, 40.3927], [140.1554, 40.3957], [140.1554, 40.3981], [140.1561, 40.4009], [140.1548, 40.4012], [140.151, 40.4033], [140.149, 40.403], [140.1466, 40.4012], [140.1441, 40.4021], [140.1418, 40.4017], [140.1409, 40.4008], [140.1402, 40.4007], [140.1283, 40.4055], [140.1246, 40.4044], [140.1196, 40.4048], [140.1178, 40.4026], [140.1147, 40.4017], [140.1105, 40.4046], [140.1099, 40.4061], [140.1079, 40.4075], [140.108, 40.4089], [140.1064, 40.4132], [140.1074, 40.4161], [140.1011, 40.417], [140.1001, 40.4176], [140.0999, 40.4183], [140.1011, 40.422], [140.1027, 40.4235], [140.1018, 40.4244], [140.1015, 40.4258], [140.1029, 40.4282], [140.1025, 40.4311], [140.103, 40.4334], [140.1034, 40.4338], [140.1061, 40.4347], [140.1076, 40.436], [140.1048, 40.441], [140.1018, 40.4429], [140.0992, 40.444], [140.0998, 40.4453], [140.0974, 40.4492], [140.0979, 40.4507], [140.0996, 40.4531], [140.0939, 40.4584], [140.093, 40.4591], [140.0905, 40.4599], [140.0872, 40.4623], [140.0859, 40.4625], [140.0836, 40.4623], [140.0832, 40.4636], [140.0824, 40.4645], [140.0791, 40.4667], [140.0783, 40.4667], [140.0753, 40.4649], [140.0738, 40.4648], [140.0722, 40.4654], [140.0713, 40.4661], [140.0702, 40.4684], [140.0682, 40.4688], [140.0676, 40.4684], [140.0654, 40.4683], [140.0628, 40.4676], [140.0608, 40.4678], [140.0586, 40.4671], [140.0537, 40.4676], [140.0524, 40.4662], [140.0538, 40.4649], [140.0539, 40.4643], [140.0502, 40.4621], [140.0486, 40.4602], [140.0471, 40.4607], [140.0432, 40.4605], [140.0411, 40.4611], [140.0385, 40.4609], [140.0365, 40.4615], [140.0354, 40.4589], [140.0344, 40.4581], [140.0323, 40.4581], [140.0313, 40.4576], [140.0304, 40.4569], [140.0301, 40.4553], [140.0286, 40.4548], [140.028, 40.4538], [140.0249, 40.4531], [140.0229, 40.4514], [140.0206, 40.4489], [140.02, 40.447], [140.0217, 40.445], [140.0228, 40.4426], [140.026, 40.4389], [140.0252, 40.4365], [140.0228, 40.4355], [140.0225, 40.435], [140.0219, 40.4297], [140.0192, 40.4286], [140.0174, 40.4271], [140.0176, 40.4258], [140.0193, 40.4231], [140.0188, 40.422], [140.0196, 40.4208], [140.0194, 40.4199], [140.0142, 40.4224], [140.0138, 40.424], [140.0118, 40.4249], [140.012, 40.4258], [140.0092, 40.4256], [140.0064, 40.4274], [140.0039, 40.431], [140.0025, 40.4322], [140.001, 40.4328], [139.9997, 40.4325], [139.9975, 40.4328], [139.9966, 40.4343], [139.9951, 40.435], [139.9939, 40.4337], [139.9937, 40.4326], [139.9914, 40.432], [139.9856, 40.4282], [139.9836, 40.4282], [139.9816, 40.4275], [139.9784, 40.4281], [139.9728, 40.4267], [139.9702, 40.4274], [139.9687, 40.4288], [139.9642, 40.4303], [139.9634, 40.4327], [139.961, 40.4342], [139.9596, 40.4347], [139.957, 40.4341], [139.9558, 40.4327], [139.9516, 40.4311], [139.9481, 40.4312], [139.9457, 40.4299], [139.9434, 40.4297], [139.9421, 40.43], [139.9407, 40.4292], [139.9371, 40.4286], [139.9363, 40.4282], [139.9372, 40.4286], [139.9368, 40.4281], [139.9377, 40.4281], [139.9373, 40.4279], [139.9376, 40.4274], [139.9372, 40.4275], [139.9371, 40.4271], [139.9382, 40.4266], [139.9392, 40.4269], [139.9388, 40.4261], [139.9398, 40.4265], [139.9391, 40.4262], [139.9399, 40.4262], [139.94, 40.4256], [139.9414, 40.4249], [139.9412, 40.4243], [139.9424, 40.4242], [139.9424, 40.4238], [139.9432, 40.4237], [139.944, 40.4229], [139.944, 40.4216], [139.9444, 40.421], [139.944, 40.4205], [139.9452, 40.4204], [139.9455, 40.4199], [139.945, 40.4197], [139.945, 40.4192], [139.9453, 40.4192], [139.945, 40.419], [139.9457, 40.4191], [139.9454, 40.4184], [139.9463, 40.4183], [139.946, 40.4178], [139.9468, 40.4172], [139.9466, 40.4169], [139.9471, 40.417], [139.9466, 40.4167], [139.9476, 40.416], [139.9473, 40.4149], [139.9477, 40.4147], [139.947, 40.4145], [139.9474, 40.4143], [139.9466, 40.4137], [139.9471, 40.4127], [139.9483, 40.4134], [139.9482, 40.4131], [139.9497, 40.4131], [139.9498, 40.4127], [139.9509, 40.413], [139.951, 40.4122], [139.9512, 40.4127], [139.952, 40.4121], [139.9524, 40.4126], [139.9531, 40.412], [139.9539, 40.4123], [139.9547, 40.4109], [139.9549, 40.4112], [139.9564, 40.4106], [139.9563, 40.4099], [139.9567, 40.41], [139.956, 40.4095], [139.9567, 40.4094], [139.9575, 40.4086], [139.958, 40.4087], [139.9578, 40.4078], [139.9592, 40.4069], [139.9584, 40.4076], [139.9588, 40.4079], [139.9601, 40.4073], [139.9604, 40.4075], [139.9604, 40.4067], [139.9608, 40.4071], [139.9612, 40.4063], [139.9616, 40.4065], [139.9616, 40.4061], [139.9619, 40.4064], [139.9625, 40.4063], [139.9627, 40.4056], [139.9621, 40.4054], [139.962, 40.4049], [139.9632, 40.4055], [139.9647, 40.4042], [139.9678, 40.4034], [139.9673, 40.403], [139.969, 40.4021], [139.969, 40.4018], [139.9682, 40.4019], [139.9679, 40.4026], [139.9681, 40.4019], [139.969, 40.4017], [139.9697, 40.4011], [139.9692, 40.4006], [139.9697, 40.4007], [139.969, 40.4003], [139.9696, 40.4002], [139.9696, 40.3999], [139.9703, 40.3998], [139.9722, 40.3985], [139.9704, 40.3998], [139.9711, 40.4001], [139.9723, 40.4003], [139.9731, 40.3987], [139.9727, 40.4002], [139.9723, 40.4004], [139.9716, 40.4004], [139.9719, 40.4011], [139.9728, 40.4011], [139.9729, 40.4004], [139.9735, 40.4005], [139.9735, 40.3996], [139.9743, 40.3997], [139.9754, 40.3993], [139.9763, 40.3996], [139.9766, 40.3993], [139.976, 40.399], [139.976, 40.3987], [139.9763, 40.399], [139.9765, 40.3987], [139.9771, 40.3989], [139.9784, 40.3983], [139.9788, 40.3976], [139.9783, 40.3975], [139.9794, 40.397], [139.9803, 40.3958], [139.9803, 40.3947], [139.9796, 40.394], [139.9798, 40.3933], [139.9792, 40.3928], [139.98, 40.3906], [139.9786, 40.3904], [139.9794, 40.3895], [139.9801, 40.3895], [139.9798, 40.3893], [139.9802, 40.3888], [139.9797, 40.3883], [139.9802, 40.3878], [139.9808, 40.3879], [139.9813, 40.3871], [139.9808, 40.3868], [139.9817, 40.386], [139.9813, 40.3856], [139.9828, 40.3859], [139.9833, 40.3855], [139.9829, 40.3853], [139.9831, 40.3846], [139.9833, 40.3848], [139.9836, 40.3845], [139.9841, 40.385], [139.9844, 40.3847], [139.9849, 40.3849], [139.985, 40.3845], [139.9853, 40.3847], [139.9853, 40.3844], [139.9864, 40.3849], [139.9866, 40.3843], [139.9861, 40.3842], [139.9866, 40.3837], [139.9871, 40.3838], [139.9867, 40.3836], [139.9869, 40.3832], [139.9875, 40.3832], [139.9878, 40.3837], [139.9881, 40.3833], [139.9882, 40.3837], [139.9885, 40.3829], [139.9891, 40.3834], [139.989, 40.3828], [139.9895, 40.3832], [139.9901, 40.3822], [139.9902, 40.3827], [139.9904, 40.3824], [139.9911, 40.3827], [139.9907, 40.3824], [139.991, 40.3819], [139.9916, 40.3826], [139.9917, 40.382], [139.9929, 40.3822], [139.9926, 40.3816], [139.9936, 40.3819], [139.9931, 40.3815], [139.9938, 40.3813], [139.9937, 40.381], [139.9944, 40.3814], [139.996, 40.3807], [139.996, 40.3802], [139.9965, 40.3805], [139.998, 40.3796], [139.9982, 40.3799], [139.9991, 40.3797], [139.9995, 40.3793], [139.9988, 40.3788], [140.0001, 40.3774], [140, 40.3769], [140.0003, 40.3771], [140.0005, 40.3769], [140.0011, 40.3755], [140.0016, 40.3759], [140.0009, 40.3769], [140.0012, 40.377], [140.0008, 40.3769], [139.9997, 40.3785], [140.0002, 40.3787], [140.0005, 40.3781], [140.0004, 40.3786], [140.0009, 40.3788], [140.0012, 40.3782], [140.0009, 40.3781], [140.0021, 40.3761], [140.0035, 40.3756], [140.0032, 40.3751], [140.0041, 40.3762], [140.0044, 40.3757], [140.0066, 40.3753], [140.0081, 40.3761], [140.0081, 40.3757], [140.0109, 40.3743], [140.014, 40.3703], [140.0142, 40.3687], [140.0135, 40.3674], [140.0149, 40.3652], [140.0151, 40.364], [140.0146, 40.3638], [140.0156, 40.3632], [140.0153, 40.3626], [140.0161, 40.3631], [140.0168, 40.3629], [140.0164, 40.3615], [140.0169, 40.3623], [140.0174, 40.3623], [140.0176, 40.3619], [140.0175, 40.3625], [140.0186, 40.3622], [140.0177, 40.3617], [140.0183, 40.3616], [140.0185, 40.362], [140.0195, 40.3613], [140.019, 40.3611], [140.0195, 40.3612], [140.0197, 40.3604], [140.0203, 40.3602], [140.0211, 40.3588], [140.0205, 40.3585], [140.0212, 40.3585], [140.0207, 40.3582], [140.0213, 40.358], [140.0222, 40.3583], [140.0229, 40.3575], [140.0227, 40.3572], [140.0231, 40.3571], [140.0227, 40.3568], [140.0233, 40.3567], [140.0233, 40.3564], [140.0217, 40.3557], [140.0228, 40.3554], [140.0228, 40.355], [140.0238, 40.3551], [140.0246, 40.3545], [140.0244, 40.354], [140.0238, 40.3542], [140.0248, 40.3538], [140.0252, 40.3529], [140.0251, 40.3515], [140.0257, 40.3493], [140.0252, 40.3487], [140.0257, 40.3484], [140.0259, 40.3453], [140.0255, 40.3451], [140.0257, 40.3437], [140.0261, 40.3437], [140.0256, 40.3437], [140.026, 40.3433], [140.0256, 40.3423], [140.026, 40.3413], [140.0256, 40.3408], [140.0259, 40.3388], [140.0253, 40.3383], [140.0257, 40.3376], [140.0253, 40.3368], [140.0258, 40.3362], [140.0253, 40.3355], [140.0257, 40.3347], [140.0253, 40.3343], [140.0258, 40.3336], [140.0258, 40.3322], [140.0245, 40.3207], [140.0246, 40.3177], [140.0239, 40.3152], [140.0218, 40.2978], [140.0209, 40.2954], [140.0211, 40.2931], [140.0156, 40.2656], [140.0161, 40.2649], [140.0171, 40.2646], [140.0177, 40.263], [140.019, 40.2632], [140.02, 40.2623], [140.0223, 40.2628], [140.0233, 40.262], [140.0231, 40.264], [140.0293, 40.2629], [140.0308, 40.263], [140.0323, 40.265], [140.0323, 40.266], [140.0314, 40.2677], [140.0321, 40.2683], [140.0329, 40.2704], [140.0382, 40.2741], [140.041, 40.2751], [140.042, 40.2749], [140.0423, 40.2735], [140.0442, 40.2727], [140.0442, 40.2721], [140.0474, 40.2712], [140.0478, 40.2703], [140.0499, 40.2697], [140.0519, 40.2702], [140.0544, 40.2695], [140.0593, 40.2699], [140.0624, 40.2697], [140.0649, 40.2709], [140.0656, 40.2708], [140.0664, 40.2695], [140.0666, 40.2707], [140.0672, 40.2699], [140.0665, 40.2687], [140.0672, 40.2685], [140.0652, 40.2666], [140.0651, 40.2655], [140.0657, 40.2658], [140.0672, 40.2652], [140.067, 40.2641], [140.0728, 40.2643], [140.0732, 40.2649], [140.074, 40.2643], [140.0759, 40.2642], [140.0771, 40.2597], [140.0785, 40.2574], [140.0783, 40.2566], [140.0777, 40.2562], [140.0778, 40.2556], [140.0789, 40.2544], [140.0818, 40.2545], [140.0833, 40.2549], [140.0833, 40.2597], [140.0877, 40.2598], [140.0881, 40.2593], [140.0881, 40.2572], [140.0924, 40.2573], [140.0925, 40.2526], [140.0954, 40.2526], [140.0955, 40.2505], [140.0961, 40.2505], [140.0961, 40.2472], [140.0983, 40.2482], [140.0978, 40.2499], [140.1008, 40.2544], [140.1011, 40.2542], [140.1031, 40.2549], [140.1027, 40.2565], [140.1097, 40.2583], [140.1098, 40.2592], [140.1132, 40.2591], [140.1134, 40.26], [140.1167, 40.2598], [140.117, 40.2615], [140.1193, 40.2613], [140.1201, 40.2618], [140.123, 40.2609], [140.1236, 40.2614], [140.1258, 40.2618], [140.1263, 40.2623], [140.1266, 40.2618], [140.1275, 40.2616], [140.131, 40.2616], [140.134, 40.2635], [140.1347, 40.2658], [140.134, 40.2711], [140.1344, 40.2718], [140.1353, 40.2722], [140.1361, 40.2738], [140.1375, 40.2797], [140.1386, 40.282], [140.1367, 40.2833], [140.1368, 40.2843], [140.1342, 40.2877], [140.1368, 40.289], [140.1369, 40.2904], [140.1377, 40.2916], [140.1396, 40.2921], [140.1418, 40.294], [140.1381, 40.3002], [140.1371, 40.3011], [140.1343, 40.3022], [140.1332, 40.3035], [140.1333, 40.3046], [140.1359, 40.307], [140.1364, 40.3085], [140.1359, 40.309], [140.1362, 40.3095], [140.136, 40.3113], [140.1351, 40.313], [140.1355, 40.3146], [140.135, 40.3149], [140.1347, 40.3159], [140.1383, 40.3188], [140.1391, 40.3214], [140.1404, 40.3227], [140.1408, 40.3246], [140.1393, 40.3247], [140.1381, 40.3256], [140.1379, 40.3267], [140.1369, 40.3275], [140.1359, 40.3294], [140.1363, 40.332], [140.1357, 40.3336], [140.1358, 40.3352], [140.1353, 40.3358], [140.1355, 40.337], [140.1349, 40.3373], [140.1351, 40.3379], [140.1366, 40.3387], [140.1369, 40.3406], [140.1379, 40.3416], [140.1383, 40.343], [140.1408, 40.3447], [140.1414, 40.3466], [140.1455, 40.349], [140.1472, 40.3523], [140.1471, 40.3537], [140.1478, 40.3551], [140.15, 40.357], [140.1509, 40.3583], [140.1512, 40.3603], [140.1508, 40.3616], [140.1513, 40.3624], [140.1514, 40.3656], [140.1525, 40.3682], [140.1516, 40.37], [140.1501, 40.3712], [140.1497, 40.3731], [140.1508, 40.3741], [140.1519, 40.3744], [140.1558, 40.3744]]]}, "properties": {"name": "秋田県八峰町"}}, {"type": "Feature", "geometry": {"type": "MultiPolygon", "coordinates": [[[[140.2965, 39.8328], [140.2985, 39.8343], [140.2998, 39.8365], [140.3018, 39.8379], [140.3028, 39.8404], [140.3048, 39.8431], [140.3044, 39.8441], [140.3055, 39.8448], [140.3066, 39.8473], [140.3048, 39.8517], [140.3057, 39.8537], [140.3046, 39.8554], [140.3051, 39.8572], [140.305, 39.8605], [140.3027, 39.862], [140.3002, 39.8631], [140.299, 39.8642], [140.2982, 39.8659], [140.2998, 39.8693], [140.3003, 39.8727], [140.301, 39.8733], [140.3013, 39.8756], [140.3024, 39.877], [140.3022, 39.8779], [140.3031, 39.8792], [140.3039, 39.8795], [140.3016, 39.8816], [140.2992, 39.8822], [140.2968, 39.8883], [140.2969, 39.8895], [140.2975, 39.8901], [140.297, 39.8925], [140.2975, 39.8939], [140.2965, 39.8958], [140.2979, 39.899], [140.3001, 39.9011], [140.2982, 39.9026], [140.2971, 39.9027], [140.296, 39.9039], [140.2961, 39.9059], [140.2948, 39.9076], [140.2944, 39.9092], [140.2928, 39.9119], [140.2949, 39.9161], [140.2957, 39.9198], [140.2938, 39.9215], [140.2929, 39.923], [140.2933, 39.9239], [140.2925, 39.9258], [140.2928, 39.9272], [140.2918, 39.9279], [140.2912, 39.9279], [140.2903, 39.9273], [140.2865, 39.9262], [140.2856, 39.9267], [140.2859, 39.9289], [140.2832, 39.9295], [140.2781, 39.928], [140.2757, 39.9279], [140.2751, 39.9282], [140.2746, 39.9288], [140.275, 39.93], [140.2742, 39.932], [140.2715, 39.9343], [140.2696, 39.9346], [140.2684, 39.9359], [140.2664, 39.9369], [140.2659, 39.9376], [140.2668, 39.9401], [140.2668, 39.9418], [140.2649, 39.9439], [140.2632, 39.9451], [140.2614, 39.9496], [140.2575, 39.9528], [140.2516, 39.9548], [140.2498, 39.9584], [140.2478, 39.959], [140.2475, 39.9604], [140.2489, 39.9621], [140.2486, 39.9628], [140.2491, 39.9635], [140.2492, 39.9653], [140.2509, 39.9666], [140.2522, 39.9687], [140.2525, 39.9699], [140.2524, 39.9722], [140.2528, 39.9734], [140.2519, 39.9741], [140.2512, 39.9788], [140.2502, 39.9811], [140.2509, 39.9827], [140.2497, 39.984], [140.2433, 39.9855], [140.2412, 39.9878], [140.2388, 39.9886], [140.2368, 39.9888], [140.2364, 39.9902], [140.2352, 39.9906], [140.2353, 39.9911], [140.2344, 39.9913], [140.2345, 39.992], [140.2358, 39.9927], [140.2341, 39.9942], [140.2344, 39.9947], [140.2341, 39.9956], [140.2345, 39.9961], [140.2343, 39.9973], [140.2367, 40.0008], [140.2367, 40.0052], [140.2363, 40.0066], [140.2353, 40.0076], [140.2336, 40.0077], [140.231, 40.0046], [140.2294, 40.0047], [140.2276, 40.0042], [140.2275, 40.0052], [140.226, 40.0057], [140.2236, 40.0057], [140.2224, 40.0061], [140.2197, 40.0059], [140.2192, 40.0066], [140.2182, 40.0071], [140.2162, 40.0074], [140.2145, 40.0102], [140.2118, 40.0116], [140.2103, 40.0114], [140.2092, 40.0119], [140.2065, 40.012], [140.2038, 40.0115], [140.2023, 40.0128], [140.198, 40.0128], [140.1942, 40.0103], [140.1928, 40.0107], [140.1907, 40.01], [140.1873, 40.0105], [140.1864, 40.0097], [140.1821, 40.0084], [140.1822, 40.0067], [140.1817, 40.006], [140.1759, 40.0043], [140.1732, 40.0053], [140.1729, 40.0058], [140.1734, 40.0064], [140.1736, 40.0075], [140.1728, 40.0085], [140.1714, 40.0093], [140.171, 40.0103], [140.1681, 40.0105], [140.1661, 40.0113], [140.1647, 40.0107], [140.1616, 40.0108], [140.1608, 40.0104], [140.1584, 40.0109], [140.1572, 40.0094], [140.1567, 40.0081], [140.1547, 40.0082], [140.1541, 40.0073], [140.1533, 40.0071], [140.1523, 40.0042], [140.1486, 40.0024], [140.1478, 40.0026], [140.1462, 40.0021], [140.1447, 39.9991], [140.1429, 39.9987], [140.1411, 39.9977], [140.1401, 39.9977], [140.1387, 39.9969], [140.1369, 39.9968], [140.132, 39.9978], [140.131, 39.9954], [140.1277, 39.9935], [140.1274, 39.9929], [140.1272, 39.9916], [140.1276, 39.991], [140.1266, 39.9891], [140.1251, 39.9885], [140.1235, 39.989], [140.1223, 39.9888], [140.1216, 39.9893], [140.1164, 39.9863], [140.1165, 39.9855], [140.1175, 39.9852], [140.1189, 39.9837], [140.1186, 39.9829], [140.1177, 39.9829], [140.117, 39.9822], [140.1181, 39.9817], [140.1218, 39.9811], [140.1232, 39.98], [140.123, 39.9782], [140.1225, 39.9785], [140.1211, 39.9783], [140.1207, 39.9771], [140.1183, 39.9753], [140.1191, 39.9741], [140.1183, 39.9729], [140.1188, 39.9724], [140.1177, 39.9711], [140.1197, 39.9703], [140.1199, 39.9687], [140.119, 39.9667], [140.1173, 39.9653], [140.1154, 39.9646], [140.1155, 39.9609], [140.1149, 39.9591], [140.1117, 39.9579], [140.1095, 39.9601], [140.107, 39.9616], [140.1062, 39.9643], [140.1033, 39.967], [140.1021, 39.9691], [140.1022, 39.9697], [140.1001, 39.9692], [140.0988, 39.9699], [140.0954, 39.9697], [140.0942, 39.9677], [140.0948, 39.9672], [140.0943, 39.9668], [140.0948, 39.9665], [140.0948, 39.9654], [140.0937, 39.9653], [140.0932, 39.9639], [140.0923, 39.9641], [140.0902, 39.9588], [140.0975, 39.9535], [140.0966, 39.9531], [140.097, 39.9528], [140.0933, 39.9524], [140.0934, 39.9517], [140.0918, 39.9515], [140.0928, 39.9453], [140.0981, 39.9458], [140.0988, 39.945], [140.1015, 39.9453], [140.1018, 39.9465], [140.1042, 39.9474], [140.1052, 39.9498], [140.106, 39.9505], [140.1047, 39.9506], [140.1046, 39.9512], [140.1058, 39.9513], [140.1058, 39.9506], [140.107, 39.9508], [140.1069, 39.9502], [140.1083, 39.9501], [140.1084, 39.9493], [140.1078, 39.9492], [140.1078, 39.9483], [140.1072, 39.9481], [140.1058, 39.9467], [140.106, 39.946], [140.1069, 39.9447], [140.1091, 39.9438], [140.1081, 39.9435], [140.1053, 39.944], [140.1048, 39.9435], [140.1054, 39.9434], [140.105, 39.9418], [140.1017, 39.9419], [140.0959, 39.9429], [140.0937, 39.9427], [140.093, 39.9424], [140.091, 39.94], [140.089, 39.9395], [140.0887, 39.9421], [140.0864, 39.9435], [140.0859, 39.9433], [140.0859, 39.9425], [140.0844, 39.9424], [140.0851, 39.9398], [140.0834, 39.9397], [140.0811, 39.9387], [140.0769, 39.9401], [140.0752, 39.94], [140.0712, 39.9377], [140.0673, 39.9362], [140.0639, 39.9356], [140.0629, 39.9367], [140.062, 39.9366], [140.0594, 39.9333], [140.0643, 39.9322], [140.0669, 39.9321], [140.0673, 39.9324], [140.0684, 39.9323], [140.0685, 39.9326], [140.0696, 39.9321], [140.0703, 39.9303], [140.0719, 39.93], [140.0736, 39.9309], [140.0769, 39.9304], [140.0782, 39.9296], [140.0784, 39.929], [140.08, 39.9284], [140.0869, 39.9276], [140.0893, 39.9269], [140.0898, 39.9263], [140.0914, 39.9259], [140.092, 39.9266], [140.0928, 39.9266], [140.0929, 39.9276], [140.0955, 39.9274], [140.1017, 39.925], [140.1023, 39.9257], [140.1025, 39.9254], [140.1038, 39.9258], [140.1052, 39.9272], [140.1075, 39.9278], [140.1103, 39.9262], [140.1123, 39.9263], [140.1151, 39.9248], [140.1186, 39.9248], [140.1195, 39.9239], [140.1198, 39.9215], [140.1189, 39.921], [140.119, 39.92], [140.1198, 39.9195], [140.1235, 39.9202], [140.1238, 39.9199], [140.1233, 39.9189], [140.1242, 39.9188], [140.1247, 39.9179], [140.1266, 39.9183], [140.1286, 39.9179], [140.1299, 39.9182], [140.1309, 39.918], [140.1315, 39.9173], [140.1332, 39.9169], [140.1329, 39.9162], [140.1334, 39.9155], [140.1331, 39.915], [140.1335, 39.9141], [140.1328, 39.9138], [140.1333, 39.9123], [140.1323, 39.9119], [140.1323, 39.9108], [140.136, 39.9102], [140.1364, 39.9095], [140.1354, 39.9084], [140.1359, 39.907], [140.1374, 39.9061], [140.1373, 39.9051], [140.138, 39.9052], [140.1386, 39.9046], [140.1395, 39.9049], [140.14, 39.9042], [140.1417, 39.9034], [140.1429, 39.9034], [140.1436, 39.9037], [140.1447, 39.9028], [140.1459, 39.9026], [140.1477, 39.903], [140.1485, 39.9024], [140.1483, 39.9016], [140.149, 39.9008], [140.15, 39.9006], [140.1503, 39.8983], [140.1486, 39.8963], [140.1486, 39.8953], [140.1497, 39.8947], [140.1493, 39.8934], [140.1502, 39.8921], [140.1501, 39.8913], [140.1509, 39.8906], [140.1549, 39.8909], [140.1571, 39.8906], [140.1601, 39.8919], [140.1623, 39.8916], [140.1635, 39.8925], [140.1681, 39.8913], [140.1702, 39.8915], [140.1737, 39.8924], [140.176, 39.894], [140.1764, 39.8939], [140.1789, 39.8934], [140.1794, 39.891], [140.1832, 39.8888], [140.1845, 39.8875], [140.1852, 39.8852], [140.1851, 39.8833], [140.1856, 39.8829], [140.1882, 39.8828], [140.1913, 39.8818], [140.1948, 39.8819], [140.1978, 39.881], [140.2001, 39.8808], [140.2018, 39.8812], [140.2069, 39.8801], [140.2112, 39.8806], [140.2127, 39.8789], [140.2168, 39.8776], [140.2176, 39.8753], [140.2164, 39.8741], [140.2167, 39.8682], [140.216, 39.8629], [140.2176, 39.8629], [140.2195, 39.8625], [140.2227, 39.861], [140.222, 39.8589], [140.2228, 39.8575], [140.2223, 39.8563], [140.2226, 39.8549], [140.2243, 39.8546], [140.2266, 39.8536], [140.2266, 39.8529], [140.2284, 39.8493], [140.2312, 39.8467], [140.232, 39.8449], [140.2326, 39.8446], [140.2323, 39.8436], [140.2332, 39.8429], [140.2337, 39.8416], [140.2353, 39.8404], [140.237, 39.8401], [140.2375, 39.8393], [140.2392, 39.8389], [140.2391, 39.8374], [140.2398, 39.8367], [140.2412, 39.8362], [140.2412, 39.8346], [140.2421, 39.8341], [140.243, 39.8319], [140.2458, 39.831], [140.2457, 39.8295], [140.2491, 39.829], [140.2505, 39.8277], [140.252, 39.8275], [140.2538, 39.8279], [140.2556, 39.8292], [140.2565, 39.8289], [140.2588, 39.83], [140.2603, 39.8301], [140.262, 39.829], [140.2641, 39.8297], [140.2649, 39.8283], [140.2661, 39.8277], [140.2703, 39.8271], [140.2738, 39.8274], [140.2748, 39.8288], [140.2773, 39.8299], [140.2781, 39.832], [140.2798, 39.833], [140.2818, 39.835], [140.2837, 39.8339], [140.2862, 39.8334], [140.2874, 39.8323], [140.2878, 39.831], [140.2932, 39.8309], [140.2965, 39.8328]]], [[[140.0566, 39.9356], [140.0521, 39.9354], [140.048, 39.9363], [140.0494, 39.9346], [140.0551, 39.9301], [140.049, 39.9347], [140.0478, 39.9362], [140.0476, 39.937], [140.0465, 39.9369], [140.0435, 39.9358], [140.0441, 39.9308], [140.0478, 39.9288], [140.0495, 39.9274], [140.0555, 39.9298], [140.0568, 39.9289], [140.0628, 39.9295], [140.0631, 39.9309], [140.0577, 39.9321], [140.0588, 39.933], [140.0573, 39.9327], [140.0561, 39.9332], [140.0566, 39.9356]]]]}, "properties": {"name": "秋田県五城目町"}}, {"type": "Feature", "geometry": {"type": "Polygon", "coordinates": [[[140.0687, 39.987], [140.0683, 39.9826], [140.0667, 39.9767], [140.063, 39.9667], [140.0596, 39.9601], [140.0518, 39.9474], [140.0481, 39.9433], [140.0438, 39.9395], [140.0498, 39.9365], [140.0524, 39.9359], [140.0563, 39.9359], [140.0566, 39.9356], [140.0561, 39.9332], [140.0573, 39.9327], [140.0588, 39.933], [140.0594, 39.9333], [140.062, 39.9366], [140.0629, 39.9367], [140.0639, 39.9356], [140.0673, 39.9362], [140.0712, 39.9377], [140.0752, 39.94], [140.0769, 39.9401], [140.0811, 39.9387], [140.0834, 39.9397], [140.0851, 39.9398], [140.0844, 39.9424], [140.0859, 39.9425], [140.0859, 39.9433], [140.0864, 39.9435], [140.0887, 39.9421], [140.089, 39.9395], [140.091, 39.94], [140.093, 39.9424], [140.0937, 39.9427], [140.0959, 39.9429], [140.1017, 39.9419], [140.105, 39.9418], [140.1054, 39.9434], [140.1048, 39.9435], [140.1053, 39.944], [140.1081, 39.9435], [140.1091, 39.9438], [140.1069, 39.9447], [140.106, 39.946], [140.1058, 39.9467], [140.1072, 39.9481], [140.1078, 39.9483], [140.1078, 39.9492], [140.1084, 39.9493], [140.1083, 39.9501], [140.1069, 39.9502], [140.107, 39.9508], [140.1058, 39.9506], [140.1058, 39.9513], [140.1046, 39.9512], [140.1047, 39.9506], [140.106, 39.9505], [140.1052, 39.9498], [140.1042, 39.9474], [140.1018, 39.9465], [140.1015, 39.9453], [140.0988, 39.945], [140.0981, 39.9458], [140.0928, 39.9453], [140.0918, 39.9515], [140.0934, 39.9517], [140.0933, 39.9524], [140.097, 39.9528], [140.0966, 39.9531], [140.0975, 39.9535], [140.0902, 39.9588], [140.0923, 39.9641], [140.0932, 39.9639], [140.0937, 39.9653], [140.0948, 39.9654], [140.0948, 39.9665], [140.0943, 39.9668], [140.0948, 39.9672], [140.0942, 39.9677], [140.0954, 39.9697], [140.0988, 39.9699], [140.1001, 39.9692], [140.1022, 39.9697], [140.1021, 39.9691], [140.1033, 39.967], [140.1062, 39.9643], [140.107, 39.9616], [140.1095, 39.9601], [140.1117, 39.9579], [140.1149, 39.9591], [140.1155, 39.9609], [140.1154, 39.9646], [140.1173, 39.9653], [140.119, 39.9667], [140.1199, 39.9687], [140.1197, 39.9703], [140.1177, 39.9711], [140.1188, 39.9724], [140.1183, 39.9729], [140.1191, 39.9741], [140.1183, 39.9753], [140.1207, 39.9771], [140.1211, 39.9783], [140.1181, 39.9791], [140.1151, 39.9793], [140.1133, 39.9785], [140.1093, 39.9779], [140.109, 39.9767], [140.1078, 39.9761], [140.1082, 39.9751], [140.1075, 39.9746], [140.1037, 39.9748], [140.1014, 39.9769], [140.1006, 39.9764], [140.0971, 39.9764], [140.0946, 39.9756], [140.0937, 39.9758], [140.0932, 39.9752], [140.0914, 39.9748], [140.0893, 39.9748], [140.0875, 39.9762], [140.0853, 39.9764], [140.0838, 39.9775], [140.0839, 39.9782], [140.0829, 39.9792], [140.0821, 39.9791], [140.0813, 39.9802], [140.0804, 39.9803], [140.0799, 39.9815], [140.0787, 39.9824], [140.0791, 39.9846], [140.0784, 39.986], [140.0752, 39.9861], [140.0687, 39.987]]]}, "properties": {"name": "秋田県八郎潟町"}}, {"type": "Feature", "geometry": {"type": "Polygon", "coordinates": [[[140.216, 39.8629], [140.2167, 39.8682], [140.2164, 39.8741], [140.2176, 39.8753], [140.2168, 39.8776], [140.2127, 39.8789], [140.2112, 39.8806], [140.2069, 39.8801], [140.2018, 39.8812], [140.2001, 39.8808], [140.1978, 39.881], [140.1948, 39.8819], [140.1913, 39.8818], [140.1882, 39.8828], [140.1856, 39.8829], [140.1851, 39.8833], [140.1852, 39.8852], [140.1845, 39.8875], [140.1832, 39.8888], [140.1794, 39.891], [140.1789, 39.8934], [140.1764, 39.8939], [140.176, 39.894], [140.1737, 39.8924], [140.1702, 39.8915], [140.1681, 39.8913], [140.1635, 39.8925], [140.1623, 39.8916], [140.1601, 39.8919], [140.1571, 39.8906], [140.1549, 39.8909], [140.1509, 39.8906], [140.1501, 39.8913], [140.1502, 39.8921], [140.1493, 39.8934], [140.1497, 39.8947], [140.1486, 39.8953], [140.1486, 39.8963], [140.1503, 39.8983], [140.15, 39.9006], [140.149, 39.9008], [140.1483, 39.9016], [140.1485, 39.9024], [140.1477, 39.903], [140.1459, 39.9026], [140.1447, 39.9028], [140.1436, 39.9037], [140.1429, 39.9034], [140.1417, 39.9034], [140.14, 39.9042], [140.1395, 39.9049], [140.1386, 39.9046], [140.138, 39.9052], [140.1373, 39.9051], [140.1374, 39.9061], [140.1359, 39.907], [140.1354, 39.9084], [140.1364, 39.9095], [140.136, 39.9102], [140.1323, 39.9108], [140.1323, 39.9119], [140.1333, 39.9123], [140.1328, 39.9138], [140.1335, 39.9141], [140.1331, 39.915], [140.1334, 39.9155], [140.1329, 39.9162], [140.1332, 39.9169], [140.1315, 39.9173], [140.1309, 39.918], [140.1299, 39.9182], [140.1286, 39.9179], [140.1266, 39.9183], [140.1247, 39.9179], [140.1242, 39.9188], [140.1233, 39.9189], [140.1238, 39.9199], [140.1235, 39.9202], [140.1198, 39.9195], [140.119, 39.92], [140.1189, 39.921], [140.1198, 39.9215], [140.1195, 39.9239], [140.1186, 39.9248], [140.1151, 39.9248], [140.1123, 39.9263], [140.1103, 39.9262], [140.1075, 39.9278], [140.1052, 39.9272], [140.1038, 39.9258], [140.1025, 39.9254], [140.1023, 39.9257], [140.1017, 39.925], [140.0955, 39.9274], [140.0929, 39.9276], [140.0928, 39.9266], [140.092, 39.9266], [140.0914, 39.9259], [140.0898, 39.9263], [140.0893, 39.9269], [140.0869, 39.9276], [140.08, 39.9284], [140.0784, 39.929], [140.0782, 39.9296], [140.0769, 39.9304], [140.0736, 39.9309], [140.0719, 39.93], [140.0703, 39.9303], [140.0696, 39.9321], [140.0685, 39.9326], [140.0684, 39.9323], [140.0673, 39.9324], [140.0669, 39.9321], [140.0643, 39.9322], [140.0594, 39.9333], [140.0588, 39.933], [140.0577, 39.9321], [140.0631, 39.9309], [140.0628, 39.9295], [140.0568, 39.9289], [140.0555, 39.9298], [140.0495, 39.9274], [140.0546, 39.9202], [140.057, 39.9196], [140.0611, 39.9193], [140.061, 39.9191], [140.0576, 39.9193], [140.0563, 39.9189], [140.0556, 39.918], [140.0554, 39.9081], [140.0546, 39.9052], [140.0654, 39.9047], [140.0707, 39.9053], [140.0752, 39.9051], [140.0779, 39.9057], [140.0787, 39.9056], [140.0789, 39.9043], [140.0824, 39.9048], [140.084, 39.9055], [140.0854, 39.9051], [140.0871, 39.9056], [140.0919, 39.9046], [140.0922, 39.9019], [140.0954, 39.9], [140.0956, 39.8994], [140.0965, 39.8989], [140.0966, 39.8975], [140.0979, 39.8969], [140.1001, 39.895], [140.099, 39.8944], [140.0984, 39.8934], [140.1018, 39.8921], [140.1013, 39.891], [140.1017, 39.8906], [140.1031, 39.8906], [140.1041, 39.8898], [140.1042, 39.8883], [140.1052, 39.8882], [140.1068, 39.8859], [140.1103, 39.8853], [140.1148, 39.8824], [140.1139, 39.8806], [140.1162, 39.8783], [140.1165, 39.8769], [140.1157, 39.8765], [140.1204, 39.8751], [140.1215, 39.8733], [140.1227, 39.8739], [140.1255, 39.8731], [140.1278, 39.8733], [140.1299, 39.8713], [140.1292, 39.8707], [140.1292, 39.8692], [140.1299, 39.8684], [140.1301, 39.8672], [140.1333, 39.8657], [140.1345, 39.8658], [140.1357, 39.8665], [140.1372, 39.8668], [140.1389, 39.8667], [140.1395, 39.8678], [140.1402, 39.868], [140.1419, 39.8678], [140.1423, 39.8686], [140.1441, 39.868], [140.1455, 39.8681], [140.1456, 39.8663], [140.1462, 39.866], [140.1467, 39.8663], [140.1474, 39.8662], [140.1483, 39.8646], [140.1498, 39.8642], [140.152, 39.8659], [140.1525, 39.8658], [140.1539, 39.8673], [140.1545, 39.8664], [140.1553, 39.8663], [140.1558, 39.8649], [140.1566, 39.865], [140.157, 39.8645], [140.157, 39.8634], [140.1577, 39.8631], [140.1582, 39.8621], [140.1598, 39.8617], [140.1603, 39.8609], [140.1612, 39.8605], [140.1615, 39.8596], [140.1622, 39.8593], [140.1634, 39.8578], [140.1667, 39.8586], [140.1669, 39.8573], [140.1685, 39.8566], [140.1695, 39.8552], [140.1702, 39.8549], [140.1782, 39.8543], [140.1825, 39.8545], [140.1851, 39.8541], [140.1859, 39.8544], [140.1871, 39.8557], [140.1926, 39.8573], [140.1977, 39.8598], [140.1989, 39.8623], [140.2005, 39.864], [140.2017, 39.8636], [140.2079, 39.865], [140.2086, 39.8648], [140.2095, 39.8636], [140.2119, 39.8642], [140.2129, 39.8629], [140.216, 39.8629]]]}, "properties": {"name": "秋田県井川町"}}, {"type": "Feature", "geometry": {"type": "Polygon", "coordinates": [[[139.949, 39.9412], [139.9497, 39.9411], [139.9764, 39.9278], [139.9966, 39.9234], [140.0158, 39.9198], [140.0438, 39.9395], [140.0481, 39.9433], [140.0518, 39.9474], [140.0596, 39.9601], [140.063, 39.9667], [140.0667, 39.9767], [140.0683, 39.9826], [140.0687, 39.987], [140.0699, 40.0028], [140.0714, 40.0397], [140.0654, 40.0521], [140.0587, 40.0617], [140.0515, 40.0662], [140.0202, 40.0783], [140.0167, 40.0821], [140.0105, 40.0849], [140.0052, 40.0857], [140.0023, 40.0871], [140.0008, 40.0882], [140.0007, 40.0902], [140, 40.0905], [139.9997, 40.0936], [139.9986, 40.0933], [139.9883, 40.0942], [139.9851, 40.093], [139.9839, 40.0895], [139.9838, 40.0843], [139.982, 40.0823], [139.9823, 40.0809], [139.9817, 40.0795], [139.9803, 40.0779], [139.9761, 40.0759], [139.9805, 40.0721], [139.9809, 40.0703], [139.9802, 40.0682], [139.9783, 40.0668], [139.9677, 40.0624], [139.9661, 40.0604], [139.9637, 40.0593], [139.962, 40.0574], [139.9591, 40.0502], [139.9574, 40.0475], [139.9533, 40.0426], [139.9531, 40.0389], [139.9522, 40.037], [139.9344, 40.0302], [139.9321, 40.0244], [139.9304, 40.0234], [139.9321, 40.0188], [139.9339, 40.0167], [139.9365, 40.0103], [139.942, 40.0076], [139.9429, 40.0064], [139.9435, 40.0039], [139.9429, 40.0012], [139.9364, 39.9954], [139.9334, 39.9902], [139.9267, 39.97], [139.9224, 39.9588], [139.9227, 39.9577], [139.9266, 39.9528], [139.9409, 39.9462], [139.9448, 39.9438], [139.947, 39.9429], [139.949, 39.9412]]]}, "properties": {"name": "秋田県大潟村"}}, {"type": "Feature", "geometry": {"type": "Polygon", "coordinates": [[[140.6561, 39.3892], [140.6531, 39.3909], [140.654, 39.3935], [140.6546, 39.3941], [140.6559, 39.3941], [140.6569, 39.3958], [140.6571, 39.3972], [140.6581, 39.3979], [140.6578, 39.3993], [140.6585, 39.4002], [140.6617, 39.4019], [140.6636, 39.4037], [140.662, 39.4053], [140.6629, 39.4083], [140.6583, 39.4093], [140.6574, 39.4122], [140.6582, 39.4139], [140.6588, 39.4149], [140.6605, 39.4146], [140.6631, 39.415], [140.67, 39.4177], [140.6715, 39.4176], [140.6731, 39.4169], [140.675, 39.417], [140.6766, 39.419], [140.6788, 39.4179], [140.6794, 39.417], [140.6808, 39.4181], [140.6818, 39.4208], [140.6832, 39.4218], [140.6848, 39.4243], [140.6839, 39.4271], [140.6856, 39.4303], [140.6863, 39.4344], [140.6855, 39.4374], [140.6824, 39.4416], [140.6801, 39.443], [140.6801, 39.4436], [140.6789, 39.4448], [140.6774, 39.4452], [140.6766, 39.4473], [140.6767, 39.4482], [140.6781, 39.4493], [140.6788, 39.4517], [140.6809, 39.4532], [140.6809, 39.4546], [140.6819, 39.4574], [140.6833, 39.4572], [140.6854, 39.4595], [140.6873, 39.4602], [140.6894, 39.4639], [140.6895, 39.4649], [140.6965, 39.4664], [140.6981, 39.4679], [140.6959, 39.4704], [140.6952, 39.473], [140.6938, 39.474], [140.6934, 39.4772], [140.6902, 39.4791], [140.6769, 39.4818], [140.6763, 39.4835], [140.6745, 39.4854], [140.6733, 39.4877], [140.672, 39.4887], [140.6696, 39.49], [140.6677, 39.4889], [140.6671, 39.4889], [140.665, 39.4903], [140.6646, 39.4916], [140.6627, 39.4928], [140.6617, 39.4929], [140.6607, 39.4947], [140.6578, 39.4943], [140.6543, 39.4946], [140.6503, 39.4938], [140.6494, 39.4956], [140.648, 39.4965], [140.6477, 39.4975], [140.6444, 39.4986], [140.6392, 39.4984], [140.6387, 39.4975], [140.6353, 39.4968], [140.6334, 39.4965], [140.6315, 39.4968], [140.6288, 39.4957], [140.6241, 39.4955], [140.6231, 39.4944], [140.6194, 39.4925], [140.6183, 39.4926], [140.6165, 39.4918], [140.6151, 39.4921], [140.6134, 39.4936], [140.6117, 39.494], [140.6113, 39.4934], [140.6118, 39.4927], [140.6072, 39.4897], [140.6037, 39.4894], [140.6029, 39.489], [140.5976, 39.4889], [140.593, 39.4867], [140.5921, 39.4875], [140.5895, 39.4817], [140.5845, 39.4823], [140.5842, 39.4805], [140.5812, 39.4808], [140.5814, 39.482], [140.5806, 39.48], [140.5802, 39.4801], [140.5805, 39.4798], [140.5777, 39.4807], [140.5778, 39.4798], [140.5755, 39.4796], [140.5752, 39.481], [140.5703, 39.4815], [140.5703, 39.4818], [140.5748, 39.4813], [140.5756, 39.4827], [140.5682, 39.4835], [140.5686, 39.4858], [140.5677, 39.486], [140.5657, 39.4853], [140.5661, 39.4841], [140.5657, 39.4847], [140.5601, 39.4834], [140.5604, 39.4824], [140.558, 39.482], [140.5572, 39.4807], [140.5573, 39.48], [140.559, 39.48], [140.5588, 39.4792], [140.5597, 39.4787], [140.559, 39.4782], [140.5581, 39.4759], [140.5536, 39.4731], [140.5522, 39.473], [140.5522, 39.4739], [140.5453, 39.472], [140.546, 39.4718], [140.5461, 39.4706], [140.5467, 39.4703], [140.5486, 39.4704], [140.5498, 39.471], [140.5515, 39.4713], [140.5535, 39.4704], [140.5527, 39.4694], [140.555, 39.4693], [140.5579, 39.4687], [140.5574, 39.4675], [140.5556, 39.4672], [140.5552, 39.4653], [140.5535, 39.4645], [140.5545, 39.464], [140.5563, 39.464], [140.5555, 39.4636], [140.5536, 39.4591], [140.5539, 39.4578], [140.5572, 39.455], [140.557, 39.4528], [140.5578, 39.4514], [140.557, 39.4511], [140.5561, 39.4515], [140.5528, 39.4511], [140.5522, 39.4514], [140.5516, 39.4524], [140.5503, 39.4528], [140.5451, 39.4527], [140.5452, 39.4513], [140.5463, 39.451], [140.5459, 39.4502], [140.5448, 39.4504], [140.5448, 39.4508], [140.5429, 39.4504], [140.5433, 39.4488], [140.5414, 39.4494], [140.5396, 39.451], [140.5375, 39.4508], [140.5377, 39.4471], [140.5342, 39.4475], [140.533, 39.4441], [140.5321, 39.4433], [140.5296, 39.4443], [140.5281, 39.4441], [140.5268, 39.4436], [140.5264, 39.4423], [140.5249, 39.4409], [140.5228, 39.4405], [140.5212, 39.4408], [140.5211, 39.44], [140.5223, 39.4396], [140.5218, 39.4373], [140.5213, 39.4369], [140.5191, 39.4375], [140.5185, 39.4362], [140.516, 39.4374], [140.5158, 39.4371], [140.5144, 39.4375], [140.514, 39.4365], [140.513, 39.4368], [140.5108, 39.4318], [140.5111, 39.4313], [140.5124, 39.4311], [140.5144, 39.4301], [140.5139, 39.4275], [140.5166, 39.4243], [140.5188, 39.4229], [140.5189, 39.4244], [140.5196, 39.4242], [140.5195, 39.4216], [140.5181, 39.4216], [140.5178, 39.4194], [140.5192, 39.419], [140.5183, 39.4185], [140.5168, 39.4161], [140.5147, 39.416], [140.5142, 39.4135], [140.5113, 39.4146], [140.5099, 39.4145], [140.5054, 39.4152], [140.5035, 39.4162], [140.5045, 39.4147], [140.5034, 39.4143], [140.505, 39.4119], [140.5065, 39.4125], [140.5085, 39.4064], [140.5104, 39.4053], [140.5111, 39.4041], [140.5099, 39.4043], [140.5096, 39.4033], [140.5104, 39.4031], [140.5101, 39.4008], [140.5108, 39.3978], [140.5085, 39.3956], [140.505, 39.3971], [140.4992, 39.4014], [140.4967, 39.4043], [140.4961, 39.404], [140.4956, 39.4012], [140.4943, 39.4013], [140.4938, 39.3979], [140.4924, 39.3981], [140.4923, 39.3974], [140.4902, 39.3971], [140.49, 39.4001], [140.4879, 39.4], [140.4883, 39.4018], [140.4866, 39.4023], [140.485, 39.4004], [140.4844, 39.3983], [140.4854, 39.3966], [140.4885, 39.3953], [140.488, 39.3907], [140.4861, 39.3898], [140.487, 39.3885], [140.4878, 39.388], [140.4891, 39.3879], [140.4909, 39.3867], [140.491, 39.3843], [140.4902, 39.3843], [140.489, 39.3827], [140.4898, 39.3804], [140.4916, 39.3791], [140.4932, 39.3787], [140.4968, 39.3788], [140.499, 39.3781], [140.4999, 39.374], [140.5078, 39.3699], [140.5086, 39.367], [140.5102, 39.3645], [140.5141, 39.3613], [140.5183, 39.3606], [140.523, 39.3579], [140.5263, 39.3574], [140.5304, 39.3532], [140.5361, 39.3526], [140.54, 39.3513], [140.5407, 39.3525], [140.5401, 39.353], [140.5405, 39.3536], [140.54, 39.3536], [140.54, 39.3544], [140.5385, 39.3551], [140.5373, 39.3547], [140.5332, 39.3565], [140.5327, 39.3582], [140.5304, 39.3619], [140.5303, 39.3629], [140.5386, 39.3642], [140.539, 39.3637], [140.5394, 39.3638], [140.5403, 39.3626], [140.5418, 39.3622], [140.5424, 39.3608], [140.5436, 39.3597], [140.5433, 39.3586], [140.5438, 39.3575], [140.5477, 39.3569], [140.548, 39.3585], [140.5495, 39.3592], [140.5502, 39.3604], [140.5503, 39.3621], [140.5498, 39.3639], [140.5505, 39.3646], [140.5509, 39.3675], [140.5516, 39.368], [140.551, 39.3692], [140.5513, 39.3719], [140.5489, 39.3723], [140.5477, 39.373], [140.5483, 39.374], [140.5548, 39.3762], [140.56, 39.3772], [140.5643, 39.3775], [140.5658, 39.3771], [140.5702, 39.3771], [140.5705, 39.3775], [140.5715, 39.3774], [140.5716, 39.3798], [140.5724, 39.3808], [140.5731, 39.3807], [140.5741, 39.3813], [140.5757, 39.3813], [140.5757, 39.3803], [140.5779, 39.3805], [140.5806, 39.3795], [140.5824, 39.3796], [140.5854, 39.3788], [140.5886, 39.3792], [140.5942, 39.3789], [140.5989, 39.3792], [140.5999, 39.3799], [140.6019, 39.3798], [140.6041, 39.3807], [140.6053, 39.3824], [140.6082, 39.3844], [140.6103, 39.3842], [140.6116, 39.3833], [140.6111, 39.3821], [140.6126, 39.3809], [140.616, 39.3799], [140.6166, 39.3792], [140.6163, 39.3778], [140.6167, 39.3759], [140.6176, 39.3744], [140.62, 39.374], [140.622, 39.3727], [140.6229, 39.3725], [140.6199, 39.3705], [140.6206, 39.3698], [140.621, 39.3696], [140.6226, 39.3705], [140.6271, 39.3711], [140.63, 39.3725], [140.6303, 39.3736], [140.6314, 39.3742], [140.6324, 39.3757], [140.6307, 39.3771], [140.6321, 39.3784], [140.6345, 39.3779], [140.636, 39.378], [140.6364, 39.3798], [140.6402, 39.3804], [140.6425, 39.3812], [140.6439, 39.3823], [140.6445, 39.3838], [140.6472, 39.3836], [140.649, 39.3853], [140.6514, 39.3858], [140.6526, 39.3855], [140.6534, 39.386], [140.655, 39.3885], [140.6561, 39.3892]]]}, "properties": {"name": "秋田県美郷町"}}, {"type": "Feature", "geometry": {"type": "Polygon", "coordinates": [[[140.3467, 39.2506], [140.3486, 39.2482], [140.3479, 39.2469], [140.3442, 39.2469], [140.3433, 39.246], [140.3425, 39.2459], [140.3423, 39.2448], [140.3415, 39.2446], [140.3391, 39.2456], [140.3377, 39.2451], [140.3374, 39.2454], [140.3382, 39.2473], [140.3371, 39.2479], [140.337, 39.2487], [140.3357, 39.2491], [140.3347, 39.2491], [140.3339, 39.2483], [140.3322, 39.2482], [140.3323, 39.247], [140.3316, 39.2462], [140.3268, 39.2458], [140.326, 39.2475], [140.3252, 39.248], [140.324, 39.2481], [140.3203, 39.2474], [140.3185, 39.2479], [140.3171, 39.2472], [140.3138, 39.2474], [140.3127, 39.247], [140.3112, 39.2473], [140.3106, 39.2482], [140.31, 39.2482], [140.3074, 39.2468], [140.3051, 39.2467], [140.3038, 39.2455], [140.3021, 39.2455], [140.3013, 39.2445], [140.2999, 39.2444], [140.2998, 39.2439], [140.2954, 39.2451], [140.2929, 39.2442], [140.2869, 39.244], [140.284, 39.2433], [140.2819, 39.2417], [140.2818, 39.2404], [140.2814, 39.2403], [140.2775, 39.2411], [140.2755, 39.2408], [140.2737, 39.2399], [140.2722, 39.2405], [140.2708, 39.2405], [140.2701, 39.2394], [140.2704, 39.2375], [140.267, 39.237], [140.2657, 39.2364], [140.2645, 39.2376], [140.2628, 39.238], [140.2611, 39.2368], [140.261, 39.2355], [140.2584, 39.2333], [140.2563, 39.2327], [140.255, 39.2313], [140.2523, 39.2308], [140.2525, 39.2284], [140.2511, 39.2275], [140.2486, 39.2247], [140.242, 39.2248], [140.2377, 39.2273], [140.2362, 39.2265], [140.2328, 39.2256], [140.2314, 39.2265], [140.2285, 39.2298], [140.2269, 39.2297], [140.2227, 39.2268], [140.2225, 39.2246], [140.2236, 39.2227], [140.223, 39.222], [140.2208, 39.2221], [140.2205, 39.2209], [140.222, 39.22], [140.2213, 39.2194], [140.2217, 39.2178], [140.2231, 39.2167], [140.2254, 39.2167], [140.227, 39.2157], [140.2271, 39.2123], [140.2286, 39.2119], [140.229, 39.211], [140.2298, 39.211], [140.2292, 39.2103], [140.23, 39.2082], [140.2293, 39.2067], [140.2301, 39.2053], [140.2301, 39.2036], [140.2312, 39.203], [140.2312, 39.2014], [140.2326, 39.2004], [140.2336, 39.1982], [140.2345, 39.1975], [140.2361, 39.1973], [140.2364, 39.1957], [140.237, 39.195], [140.2389, 39.1936], [140.2435, 39.1949], [140.2452, 39.1969], [140.2489, 39.1972], [140.2497, 39.1955], [140.251, 39.1944], [140.2546, 39.1924], [140.2562, 39.1904], [140.2575, 39.1902], [140.2574, 39.1892], [140.2581, 39.1888], [140.2569, 39.1869], [140.2576, 39.1858], [140.2571, 39.1854], [140.2574, 39.185], [140.2569, 39.1837], [140.2573, 39.182], [140.2589, 39.181], [140.2605, 39.1809], [140.2627, 39.1783], [140.2636, 39.175], [140.2651, 39.1744], [140.2662, 39.1733], [140.2678, 39.1733], [140.2715, 39.1717], [140.2733, 39.172], [140.2748, 39.1688], [140.2781, 39.1658], [140.2794, 39.1637], [140.2801, 39.1587], [140.281, 39.1563], [140.2808, 39.1554], [140.2821, 39.1531], [140.2816, 39.1509], [140.2829, 39.1499], [140.2839, 39.1499], [140.2861, 39.1489], [140.2868, 39.1483], [140.2871, 39.147], [140.2887, 39.1461], [140.2921, 39.1455], [140.2937, 39.1425], [140.295, 39.1414], [140.2962, 39.141], [140.2963, 39.1385], [140.2977, 39.1374], [140.2991, 39.137], [140.3007, 39.1351], [140.3032, 39.1335], [140.3034, 39.1317], [140.304, 39.131], [140.3036, 39.1298], [140.3038, 39.1284], [140.303, 39.1269], [140.3044, 39.1235], [140.3039, 39.1226], [140.3056, 39.1222], [140.3074, 39.1205], [140.309, 39.12], [140.3128, 39.1164], [140.3119, 39.1151], [140.312, 39.1145], [140.3125, 39.1136], [140.3142, 39.1127], [140.3143, 39.1113], [140.3157, 39.1095], [140.3156, 39.1069], [140.3169, 39.1047], [140.3165, 39.1041], [140.3169, 39.1016], [140.3188, 39.101], [140.3202, 39.101], [140.3213, 39.0999], [140.3222, 39.0999], [140.3253, 39.1009], [140.3261, 39.1005], [140.3281, 39.1008], [140.3303, 39.1005], [140.3313, 39.0998], [140.3321, 39.0983], [140.3339, 39.0973], [140.3382, 39.0918], [140.3411, 39.0891], [140.3415, 39.0879], [140.3411, 39.0869], [140.3413, 39.085], [140.3419, 39.0836], [140.346, 39.0824], [140.3541, 39.085], [140.3549, 39.0872], [140.355, 39.0889], [140.3565, 39.0909], [140.3564, 39.0935], [140.3575, 39.0929], [140.3596, 39.0934], [140.3618, 39.093], [140.3652, 39.0936], [140.3659, 39.0983], [140.3685, 39.0997], [140.3698, 39.0996], [140.3708, 39.1002], [140.3733, 39.1003], [140.3746, 39.1012], [140.3758, 39.1003], [140.378, 39.1003], [140.3799, 39.1016], [140.3815, 39.1018], [140.3827, 39.1025], [140.3848, 39.1017], [140.3858, 39.1021], [140.3867, 39.1032], [140.3889, 39.103], [140.3894, 39.1038], [140.3905, 39.1039], [140.3912, 39.1047], [140.3926, 39.1052], [140.3938, 39.1072], [140.3948, 39.1075], [140.396, 39.1086], [140.3967, 39.1107], [140.4003, 39.113], [140.4009, 39.1143], [140.4005, 39.1155], [140.4031, 39.1187], [140.4034, 39.1204], [140.4041, 39.1211], [140.4052, 39.1212], [140.4074, 39.1227], [140.4074, 39.1248], [140.406, 39.127], [140.4077, 39.1283], [140.4071, 39.13], [140.4076, 39.1306], [140.4068, 39.1315], [140.4066, 39.1338], [140.4105, 39.1371], [140.4156, 39.137], [140.4196, 39.1364], [140.4198, 39.1376], [140.4192, 39.1382], [140.4198, 39.1392], [140.4212, 39.1398], [140.4214, 39.1403], [140.4235, 39.1411], [140.4244, 39.1422], [140.4253, 39.1454], [140.4269, 39.1463], [140.4278, 39.1474], [140.4269, 39.1483], [140.4273, 39.1499], [140.427, 39.1523], [140.4279, 39.1533], [140.4287, 39.1537], [140.4286, 39.1545], [140.4293, 39.1549], [140.4291, 39.1561], [140.4302, 39.1585], [140.4297, 39.161], [140.4309, 39.1636], [140.4331, 39.164], [140.4339, 39.1666], [140.4354, 39.1667], [140.4367, 39.1675], [140.4381, 39.1695], [140.4463, 39.1636], [140.4604, 39.1756], [140.4568, 39.1782], [140.4586, 39.1797], [140.4546, 39.1839], [140.4543, 39.1856], [140.4499, 39.1903], [140.4494, 39.1919], [140.4503, 39.1941], [140.4475, 39.1967], [140.4472, 39.1977], [140.4481, 39.1988], [140.447, 39.1998], [140.4473, 39.2014], [140.4466, 39.2007], [140.4456, 39.201], [140.4453, 39.2019], [140.4442, 39.2023], [140.4431, 39.2034], [140.4437, 39.2044], [140.4434, 39.2071], [140.4451, 39.2079], [140.4425, 39.2107], [140.4451, 39.2125], [140.4427, 39.2153], [140.4435, 39.2154], [140.4465, 39.2137], [140.4468, 39.2151], [140.4457, 39.2159], [140.4458, 39.2163], [140.445, 39.2173], [140.4414, 39.2197], [140.44, 39.2248], [140.4366, 39.2252], [140.4351, 39.2245], [140.4344, 39.2254], [140.4334, 39.2249], [140.4322, 39.2264], [140.43, 39.2253], [140.4262, 39.2302], [140.4238, 39.2291], [140.4218, 39.2303], [140.4214, 39.233], [140.4219, 39.2337], [140.4217, 39.2346], [140.4246, 39.2361], [140.4228, 39.2385], [140.4235, 39.2408], [140.4212, 39.2421], [140.4189, 39.2447], [140.4154, 39.2462], [140.4149, 39.2471], [140.4144, 39.2467], [140.411, 39.248], [140.4082, 39.2474], [140.4101, 39.2516], [140.408, 39.2524], [140.4051, 39.2543], [140.4015, 39.256], [140.4016, 39.2605], [140.3996, 39.2638], [140.3985, 39.2639], [140.3981, 39.2635], [140.399, 39.2597], [140.3973, 39.2592], [140.3959, 39.2596], [140.3955, 39.2615], [140.3952, 39.2596], [140.3935, 39.2603], [140.3931, 39.2597], [140.3909, 39.2601], [140.3877, 39.2594], [140.3874, 39.2597], [140.3859, 39.2596], [140.3848, 39.2608], [140.3819, 39.2611], [140.3799, 39.2594], [140.3785, 39.26], [140.3775, 39.2614], [140.377, 39.2608], [140.3766, 39.2613], [140.3755, 39.2612], [140.3741, 39.2621], [140.3724, 39.2618], [140.3663, 39.2616], [140.364, 39.2604], [140.3629, 39.261], [140.3618, 39.2605], [140.36, 39.2578], [140.358, 39.2572], [140.3567, 39.256], [140.3533, 39.2558], [140.3467, 39.2506]]]}, "properties": {"name": "秋田県羽後町"}}, {"type": "Feature", "geometry": {"type": "Polygon", "coordinates": [[[140.6821, 39.0924], [140.6835, 39.0916], [140.6882, 39.0832], [140.6866, 39.0824], [140.6866, 39.0796], [140.6853, 39.0762], [140.6844, 39.0715], [140.6851, 39.0698], [140.6833, 39.067], [140.6834, 39.0658], [140.6839, 39.0654], [140.687, 39.0646], [140.6886, 39.0647], [140.6889, 39.0638], [140.6899, 39.0633], [140.6912, 39.0616], [140.6936, 39.0564], [140.6962, 39.0557], [140.6992, 39.0539], [140.7011, 39.0536], [140.7058, 39.0501], [140.705, 39.0471], [140.7071, 39.0457], [140.7066, 39.0408], [140.7082, 39.0396], [140.7074, 39.0367], [140.7077, 39.0335], [140.7067, 39.032], [140.7033, 39.0289], [140.7025, 39.0268], [140.7074, 39.0257], [140.7076, 39.0241], [140.7049, 39.0207], [140.7009, 39.0181], [140.7028, 39.0164], [140.7022, 39.0143], [140.7025, 39.0134], [140.7032, 39.0126], [140.7066, 39.0126], [140.7094, 39.0119], [140.7132, 39.0088], [140.7184, 39.0062], [140.7174, 39.0014], [140.7183, 38.9996], [140.718, 38.9992], [140.7166, 38.9989], [140.7157, 38.9956], [140.717, 38.993], [140.7198, 38.9913], [140.7221, 38.9887], [140.7228, 38.9885], [140.7236, 38.9861], [140.7268, 38.9859], [140.728, 38.9854], [140.729, 38.9839], [140.7298, 38.9809], [140.7328, 38.9801], [140.7335, 38.9785], [140.7357, 38.9767], [140.7465, 38.9692], [140.7505, 38.9652], [140.753, 38.961], [140.7558, 38.9582], [140.7586, 38.9587], [140.7624, 38.9573], [140.7647, 38.9572], [140.7681, 38.9581], [140.7703, 38.9581], [140.7718, 38.9586], [140.7736, 38.9582], [140.7748, 38.9601], [140.7744, 38.9613], [140.7721, 38.9637], [140.7714, 38.9661], [140.7745, 38.9687], [140.7749, 38.97], [140.7746, 38.9711], [140.7727, 38.9739], [140.77, 38.9764], [140.7686, 38.9823], [140.7644, 38.9849], [140.7646, 38.9874], [140.7636, 38.9884], [140.7636, 38.9895], [140.7647, 38.9906], [140.7673, 38.9918], [140.7676, 38.9926], [140.7673, 38.9936], [140.7678, 38.9948], [140.7669, 38.9957], [140.7646, 38.9966], [140.7647, 38.9994], [140.7641, 39.0003], [140.7681, 39.001], [140.7688, 39.0035], [140.7743, 39.0052], [140.7789, 39.0085], [140.7803, 39.013], [140.7798, 39.0146], [140.7832, 39.0163], [140.7857, 39.0215], [140.7903, 39.0236], [140.7924, 39.0278], [140.7948, 39.029], [140.7952, 39.0295], [140.7945, 39.0307], [140.7931, 39.0317], [140.7932, 39.0334], [140.7951, 39.0347], [140.796, 39.0363], [140.7933, 39.0418], [140.7963, 39.0428], [140.7991, 39.0443], [140.7991, 39.0463], [140.8004, 39.0472], [140.8007, 39.0495], [140.8037, 39.0505], [140.8048, 39.0522], [140.8047, 39.053], [140.8057, 39.0536], [140.8061, 39.0547], [140.8077, 39.0554], [140.8107, 39.0579], [140.8045, 39.0581], [140.7993, 39.0603], [140.7993, 39.0634], [140.8022, 39.0657], [140.8022, 39.0669], [140.8038, 39.0671], [140.8033, 39.0689], [140.8035, 39.0699], [140.8043, 39.0706], [140.804, 39.0722], [140.8022, 39.074], [140.801, 39.0741], [140.8022, 39.0783], [140.7997, 39.0768], [140.7973, 39.0778], [140.7942, 39.0771], [140.7897, 39.0784], [140.7854, 39.0791], [140.7836, 39.079], [140.7828, 39.0795], [140.7821, 39.0813], [140.7789, 39.0821], [140.777, 39.0817], [140.7751, 39.0797], [140.7741, 39.0793], [140.771, 39.0788], [140.7682, 39.0796], [140.7661, 39.0812], [140.7635, 39.0804], [140.762, 39.0821], [140.7604, 39.083], [140.759, 39.0833], [140.7585, 39.0852], [140.7534, 39.0858], [140.7528, 39.0863], [140.7531, 39.0906], [140.7566, 39.0926], [140.7573, 39.0937], [140.7561, 39.0959], [140.7562, 39.0976], [140.7582, 39.0996], [140.7592, 39.1034], [140.7608, 39.1059], [140.7628, 39.1062], [140.7627, 39.1077], [140.7633, 39.1089], [140.7619, 39.1095], [140.7613, 39.111], [140.76, 39.1117], [140.7581, 39.1122], [140.7558, 39.1123], [140.7563, 39.1148], [140.756, 39.1187], [140.7623, 39.1184], [140.7637, 39.1195], [140.7672, 39.1206], [140.7705, 39.1243], [140.7697, 39.1253], [140.7675, 39.1267], [140.7644, 39.1277], [140.7606, 39.1299], [140.7587, 39.1327], [140.7531, 39.1332], [140.7516, 39.133], [140.7508, 39.1334], [140.7494, 39.1379], [140.7499, 39.1408], [140.7511, 39.1412], [140.7531, 39.1428], [140.7546, 39.1433], [140.7584, 39.1436], [140.7611, 39.1481], [140.7637, 39.1499], [140.7639, 39.151], [140.7657, 39.1526], [140.7662, 39.1543], [140.7661, 39.1553], [140.7704, 39.1591], [140.7717, 39.1633], [140.7734, 39.1656], [140.7739, 39.1677], [140.7787, 39.1687], [140.7803, 39.1666], [140.7837, 39.1653], [140.7845, 39.1662], [140.7858, 39.1665], [140.7885, 39.1727], [140.7927, 39.1742], [140.7961, 39.1766], [140.797, 39.1766], [140.7987, 39.1754], [140.7998, 39.1752], [140.8034, 39.1762], [140.8066, 39.178], [140.8079, 39.1782], [140.8083, 39.1787], [140.8079, 39.1804], [140.8063, 39.1829], [140.8024, 39.1854], [140.8006, 39.1876], [140.7973, 39.19], [140.7963, 39.1902], [140.7891, 39.1885], [140.7877, 39.1891], [140.7864, 39.1903], [140.781, 39.1919], [140.7789, 39.1946], [140.7733, 39.1941], [140.7706, 39.1933], [140.7704, 39.1942], [140.769, 39.1955], [140.7645, 39.1981], [140.7648, 39.1988], [140.7659, 39.1992], [140.7669, 39.201], [140.7663, 39.203], [140.7672, 39.2047], [140.767, 39.2059], [140.7664, 39.2066], [140.7632, 39.2073], [140.7608, 39.2061], [140.7596, 39.2019], [140.7549, 39.2001], [140.7527, 39.1981], [140.747, 39.1974], [140.7465, 39.1971], [140.7438, 39.197], [140.7432, 39.1964], [140.7417, 39.1961], [140.738, 39.1957], [140.7359, 39.1962], [140.734, 39.1974], [140.7312, 39.1977], [140.7282, 39.1996], [140.7269, 39.1977], [140.7256, 39.1968], [140.7221, 39.1969], [140.7207, 39.1934], [140.7178, 39.1907], [140.7142, 39.1912], [140.7087, 39.1875], [140.7065, 39.1878], [140.7021, 39.1875], [140.6987, 39.1868], [140.697, 39.1885], [140.695, 39.188], [140.6916, 39.1882], [140.6911, 39.1897], [140.6884, 39.1909], [140.6864, 39.1927], [140.6865, 39.1933], [140.6839, 39.1939], [140.6834, 39.1948], [140.681, 39.1957], [140.6792, 39.1971], [140.6776, 39.199], [140.6784, 39.2006], [140.6783, 39.2019], [140.6749, 39.2024], [140.6696, 39.2061], [140.6686, 39.2064], [140.6668, 39.2085], [140.6642, 39.2093], [140.6621, 39.2085], [140.6608, 39.2061], [140.6572, 39.206], [140.6551, 39.2067], [140.6522, 39.207], [140.6488, 39.2064], [140.6457, 39.2067], [140.6434, 39.2063], [140.6418, 39.2055], [140.6385, 39.2047], [140.6397, 39.2008], [140.6384, 39.1959], [140.6375, 39.1948], [140.6368, 39.1945], [140.6332, 39.1948], [140.6313, 39.1943], [140.629, 39.1948], [140.6265, 39.196], [140.6226, 39.1916], [140.6224, 39.1902], [140.6217, 39.189], [140.6223, 39.1887], [140.6216, 39.1874], [140.6206, 39.1877], [140.6199, 39.187], [140.6184, 39.1868], [140.6202, 39.1859], [140.6217, 39.1856], [140.6242, 39.1856], [140.6258, 39.1851], [140.6251, 39.1817], [140.629, 39.1801], [140.6304, 39.1785], [140.6322, 39.1776], [140.6337, 39.1758], [140.6349, 39.1755], [140.6354, 39.1742], [140.6363, 39.1736], [140.6364, 39.1706], [140.6407, 39.1651], [140.6413, 39.1602], [140.6425, 39.1589], [140.6425, 39.1575], [140.6433, 39.1564], [140.6424, 39.153], [140.6398, 39.1525], [140.6398, 39.1517], [140.642, 39.1486], [140.6451, 39.1471], [140.6465, 39.1448], [140.65, 39.1447], [140.652, 39.1458], [140.6543, 39.1465], [140.656, 39.1475], [140.6602, 39.1519], [140.6635, 39.1536], [140.6647, 39.1539], [140.6673, 39.1519], [140.6672, 39.1511], [140.6679, 39.1501], [140.6702, 39.1488], [140.6729, 39.1484], [140.6787, 39.149], [140.679, 39.147], [140.6803, 39.1465], [140.6821, 39.1439], [140.6841, 39.1443], [140.6869, 39.1424], [140.6879, 39.1386], [140.6867, 39.1371], [140.687, 39.1357], [140.6861, 39.1349], [140.6856, 39.1324], [140.6841, 39.1312], [140.6837, 39.1302], [140.6817, 39.1292], [140.6817, 39.1288], [140.682, 39.1262], [140.6844, 39.1245], [140.6839, 39.1219], [140.6845, 39.1214], [140.6845, 39.1206], [140.6855, 39.1199], [140.6846, 39.1172], [140.6874, 39.1152], [140.6882, 39.1141], [140.6893, 39.1105], [140.6898, 39.1099], [140.6904, 39.107], [140.69, 39.1063], [140.6887, 39.106], [140.6879, 39.1053], [140.6876, 39.1018], [140.6857, 39.0978], [140.6859, 39.097], [140.6839, 39.096], [140.6821, 39.0933], [140.6821, 39.0924]]]}, "properties": {"name": "秋田県東成瀬村"}}]}