{"type": "FeatureCollection", "features": [{"type": "Feature", "geometry": {"type": "MultiPolygon", "coordinates": [[[[136.5931, 34.2909], [136.593, 34.2912], [136.5919, 34.2916], [136.5924, 34.2911], [136.5931, 34.2909]]], [[[136.6976, 34.3452], [136.6977, 34.3455], [136.6967, 34.3458], [136.6967, 34.3456], [136.6972, 34.3452], [136.6975, 34.3451], [136.6976, 34.3452]]], [[[136.6637, 34.343], [136.6636, 34.3434], [136.6631, 34.3435], [136.663, 34.3432], [136.6631, 34.343], [136.6637, 34.343]]], [[[136.7175, 34.392], [136.7158, 34.3898], [136.7147, 34.3894], [136.7138, 34.3887], [136.7101, 34.3884], [136.7086, 34.388], [136.7077, 34.3879], [136.7071, 34.3874], [136.7063, 34.3871], [136.7049, 34.3873], [136.7042, 34.3877], [136.7037, 34.3878], [136.7029, 34.3872], [136.7021, 34.3873], [136.6993, 34.3867], [136.6987, 34.3865], [136.6983, 34.3861], [136.6948, 34.3853], [136.694, 34.3856], [136.6938, 34.386], [136.6938, 34.3869], [136.6939, 34.3881], [136.6948, 34.3907], [136.6943, 34.3912], [136.6936, 34.3928], [136.6935, 34.3934], [136.6925, 34.394], [136.6915, 34.3942], [136.6907, 34.3949], [136.6896, 34.3953], [136.6893, 34.3958], [136.6857, 34.3953], [136.6845, 34.3946], [136.6836, 34.3948], [136.683, 34.3956], [136.6812, 34.396], [136.6801, 34.3966], [136.6796, 34.3962], [136.6788, 34.3961], [136.6784, 34.3953], [136.6771, 34.3949], [136.6762, 34.3942], [136.6758, 34.3936], [136.6751, 34.3932], [136.6748, 34.3926], [136.6741, 34.3921], [136.672, 34.392], [136.6716, 34.3921], [136.6712, 34.3928], [136.6702, 34.3935], [136.6686, 34.3936], [136.6681, 34.3942], [136.6673, 34.3941], [136.666, 34.3945], [136.6654, 34.3946], [136.6652, 34.3947], [136.6643, 34.3944], [136.6632, 34.3947], [136.6621, 34.3944], [136.6615, 34.3947], [136.6602, 34.3945], [136.6586, 34.3951], [136.6582, 34.3954], [136.6545, 34.3954], [136.6533, 34.3957], [136.6528, 34.3961], [136.6518, 34.396], [136.6512, 34.3962], [136.6492, 34.3961], [136.6478, 34.3965], [136.6466, 34.3965], [136.6447, 34.3973], [136.6434, 34.3986], [136.6418, 34.3985], [136.6408, 34.398], [136.6396, 34.3978], [136.6392, 34.3973], [136.6391, 34.3967], [136.6381, 34.3955], [136.6375, 34.3951], [136.6369, 34.395], [136.6363, 34.3944], [136.6357, 34.3944], [136.6352, 34.3939], [136.6346, 34.3928], [136.6341, 34.3921], [136.6334, 34.3921], [136.6322, 34.3917], [136.6311, 34.3917], [136.6305, 34.3915], [136.6312, 34.3897], [136.6311, 34.3889], [136.6318, 34.3887], [136.6322, 34.3882], [136.6338, 34.3881], [136.6343, 34.3878], [136.635, 34.3878], [136.6364, 34.3872], [136.6369, 34.3872], [136.6377, 34.3869], [136.6373, 34.3814], [136.6375, 34.3808], [136.6376, 34.3795], [136.6378, 34.3791], [136.6375, 34.3785], [136.6377, 34.3779], [136.6371, 34.3769], [136.6366, 34.3755], [136.6366, 34.375], [136.6361, 34.3745], [136.636, 34.3739], [136.6345, 34.3728], [136.6344, 34.3724], [136.632, 34.3732], [136.6315, 34.3737], [136.6289, 34.3728], [136.625, 34.3718], [136.6243, 34.3712], [136.6232, 34.3707], [136.6222, 34.3705], [136.6215, 34.3706], [136.62, 34.37], [136.6189, 34.3701], [136.6182, 34.3701], [136.6174, 34.3691], [136.6169, 34.3688], [136.6168, 34.3683], [136.6162, 34.3676], [136.6158, 34.3669], [136.6147, 34.3664], [136.6139, 34.3655], [136.6138, 34.3647], [136.6129, 34.3639], [136.612, 34.3613], [136.6126, 34.3604], [136.6126, 34.3598], [136.6123, 34.3588], [136.6119, 34.358], [136.611, 34.3576], [136.6102, 34.3567], [136.6099, 34.3556], [136.6094, 34.3551], [136.6097, 34.3547], [136.6101, 34.3533], [136.611, 34.3511], [136.611, 34.3506], [136.6105, 34.35], [136.6098, 34.3497], [136.6093, 34.3482], [136.6086, 34.3476], [136.6083, 34.3468], [136.6074, 34.3459], [136.6072, 34.3455], [136.605, 34.3442], [136.605, 34.3431], [136.6044, 34.3424], [136.6048, 34.3415], [136.6046, 34.3407], [136.6054, 34.337], [136.6057, 34.3359], [136.6062, 34.3357], [136.6073, 34.3336], [136.6076, 34.3324], [136.6065, 34.3314], [136.6057, 34.3303], [136.6054, 34.3303], [136.6047, 34.329], [136.6035, 34.3293], [136.5995, 34.3301], [136.5973, 34.3296], [136.5941, 34.3296], [136.5937, 34.3292], [136.5925, 34.3287], [136.5927, 34.3278], [136.5922, 34.3272], [136.5911, 34.3267], [136.5905, 34.3262], [136.59, 34.3246], [136.5894, 34.3238], [136.5886, 34.32], [136.5886, 34.3188], [136.5884, 34.3183], [136.5879, 34.3175], [136.5865, 34.3167], [136.5853, 34.3168], [136.5842, 34.3173], [136.5834, 34.3176], [136.5828, 34.3183], [136.5822, 34.3185], [136.5821, 34.3188], [136.5816, 34.3192], [136.5812, 34.3193], [136.5803, 34.3206], [136.5795, 34.3205], [136.578, 34.321], [136.5773, 34.3211], [136.5763, 34.3217], [136.5761, 34.3221], [136.5757, 34.3223], [136.5749, 34.3223], [136.5745, 34.3222], [136.5739, 34.3226], [136.5729, 34.3228], [136.5714, 34.3224], [136.5709, 34.322], [136.5698, 34.3216], [136.5688, 34.3216], [136.5679, 34.3218], [136.5671, 34.3216], [136.5663, 34.3212], [136.565, 34.3212], [136.5638, 34.3205], [136.5619, 34.3204], [136.5606, 34.3207], [136.56, 34.3207], [136.5591, 34.3203], [136.5581, 34.3201], [136.5575, 34.3205], [136.5568, 34.3201], [136.5559, 34.3191], [136.5554, 34.319], [136.5501, 34.3199], [136.5486, 34.3194], [136.5471, 34.3194], [136.5454, 34.3203], [136.5449, 34.321], [136.5449, 34.3219], [136.5437, 34.3222], [136.5427, 34.323], [136.5417, 34.3245], [136.5412, 34.3249], [136.5395, 34.3248], [136.5386, 34.3243], [136.5374, 34.3241], [136.537, 34.3239], [136.5346, 34.3244], [136.5332, 34.3242], [136.5319, 34.3253], [136.5317, 34.3259], [136.5314, 34.3263], [136.5307, 34.3262], [136.5298, 34.3264], [136.5296, 34.3267], [136.5297, 34.3272], [136.5295, 34.3277], [136.5288, 34.3278], [136.5284, 34.3283], [136.5286, 34.329], [136.5281, 34.3295], [136.5283, 34.3304], [136.5281, 34.3314], [136.5275, 34.3324], [136.5277, 34.333], [136.5271, 34.3334], [136.5262, 34.3336], [136.5253, 34.3343], [136.5243, 34.3342], [136.5234, 34.3343], [136.5227, 34.334], [136.5219, 34.334], [136.5196, 34.3343], [136.5189, 34.3347], [136.5189, 34.3356], [136.5169, 34.3363], [136.5152, 34.3375], [136.515, 34.3376], [136.5137, 34.3375], [136.5123, 34.3381], [136.5113, 34.3382], [136.5085, 34.338], [136.5061, 34.3373], [136.5053, 34.3356], [136.5043, 34.3345], [136.504, 34.3336], [136.5035, 34.3332], [136.5029, 34.3322], [136.5029, 34.3317], [136.5033, 34.3306], [136.5032, 34.3302], [136.5018, 34.3297], [136.5016, 34.3292], [136.5006, 34.3287], [136.5002, 34.3278], [136.5, 34.3275], [136.4976, 34.3266], [136.4942, 34.3267], [136.4929, 34.3262], [136.4922, 34.3257], [136.491, 34.3254], [136.4903, 34.325], [136.4888, 34.3248], [136.4873, 34.3253], [136.4859, 34.3255], [136.4841, 34.3272], [136.4836, 34.3271], [136.4828, 34.3273], [136.4823, 34.327], [136.4799, 34.3269], [136.4752, 34.327], [136.4742, 34.3274], [136.4727, 34.3283], [136.4707, 34.3285], [136.4704, 34.3288], [136.4699, 34.3279], [136.469, 34.3272], [136.4673, 34.3273], [136.4652, 34.327], [136.4639, 34.3275], [136.4637, 34.3267], [136.4625, 34.3256], [136.4613, 34.3247], [136.461, 34.3243], [136.4601, 34.3238], [136.459, 34.3237], [136.4585, 34.3225], [136.4584, 34.3215], [136.4572, 34.3201], [136.4574, 34.3193], [136.457, 34.3183], [136.4572, 34.3171], [136.4566, 34.3152], [136.4568, 34.3129], [136.4567, 34.3117], [136.4577, 34.3104], [136.4579, 34.3098], [136.4584, 34.309], [136.4571, 34.308], [136.457, 34.3069], [136.455, 34.3051], [136.4537, 34.3027], [136.4534, 34.301], [136.4539, 34.2997], [136.4528, 34.2985], [136.4528, 34.2973], [136.4532, 34.2968], [136.4541, 34.2963], [136.4547, 34.2957], [136.4538, 34.2935], [136.4541, 34.2928], [136.4541, 34.2923], [136.4538, 34.2917], [136.4531, 34.2911], [136.4511, 34.2901], [136.4508, 34.2898], [136.4499, 34.29], [136.448, 34.29], [136.4458, 34.2903], [136.4436, 34.2899], [136.4429, 34.2895], [136.4423, 34.2889], [136.4421, 34.2884], [136.4395, 34.2883], [136.4377, 34.2877], [136.4365, 34.2871], [136.4355, 34.2865], [136.4343, 34.2851], [136.433, 34.284], [136.432, 34.2844], [136.4309, 34.2853], [136.4297, 34.285], [136.4274, 34.285], [136.4256, 34.2857], [136.4237, 34.287], [136.4219, 34.286], [136.4206, 34.2858], [136.4197, 34.2854], [136.4193, 34.2835], [136.4202, 34.2826], [136.4204, 34.2822], [136.4209, 34.2817], [136.4213, 34.2808], [136.4222, 34.28], [136.4234, 34.2784], [136.4231, 34.2773], [136.4233, 34.2763], [136.424, 34.2757], [136.4245, 34.2742], [136.4258, 34.2734], [136.4263, 34.2724], [136.4275, 34.2712], [136.4286, 34.2698], [136.4281, 34.2692], [136.4271, 34.2687], [136.4263, 34.2672], [136.4254, 34.2664], [136.4237, 34.2662], [136.4226, 34.2663], [136.422, 34.266], [136.421, 34.2642], [136.4194, 34.2629], [136.4184, 34.2613], [136.4193, 34.2575], [136.4188, 34.2571], [136.4183, 34.2556], [136.4179, 34.2553], [136.4173, 34.2551], [136.4175, 34.2543], [136.4183, 34.253], [136.4175, 34.2523], [136.4174, 34.2509], [136.4176, 34.2501], [136.4181, 34.2493], [136.4193, 34.2481], [136.4195, 34.2471], [136.4188, 34.2446], [136.4174, 34.2431], [136.4173, 34.2425], [136.4168, 34.2419], [136.4169, 34.2401], [136.4165, 34.2382], [136.4169, 34.2376], [136.4174, 34.2375], [136.418, 34.237], [136.418, 34.2363], [136.4184, 34.2356], [136.4183, 34.235], [136.4184, 34.2343], [136.4189, 34.234], [136.42, 34.2337], [136.4208, 34.2329], [136.4209, 34.2324], [136.4206, 34.2302], [136.4209, 34.2291], [136.4219, 34.2267], [136.4225, 34.226], [136.4235, 34.2253], [136.4254, 34.2235], [136.4284, 34.2224], [136.4291, 34.2212], [136.4302, 34.2204], [136.4308, 34.2197], [136.4313, 34.2196], [136.4312, 34.2193], [136.4313, 34.2192], [136.4324, 34.2193], [136.4332, 34.2196], [136.434, 34.2204], [136.4342, 34.2204], [136.4343, 34.2206], [136.4353, 34.221], [136.4362, 34.221], [136.4368, 34.2204], [136.4371, 34.2206], [136.4374, 34.2204], [136.4376, 34.2208], [136.4379, 34.2209], [136.4379, 34.2207], [136.438, 34.221], [136.4383, 34.2211], [136.4384, 34.2209], [136.4385, 34.2211], [136.439, 34.2209], [136.4389, 34.221], [136.4391, 34.221], [136.4397, 34.2214], [136.4402, 34.2211], [136.4409, 34.2212], [136.441, 34.2207], [136.4414, 34.2206], [136.4414, 34.2204], [136.4421, 34.2202], [136.4422, 34.2201], [136.4425, 34.2201], [136.4426, 34.2204], [136.4426, 34.2199], [136.4429, 34.2198], [136.4431, 34.2193], [136.4434, 34.2193], [136.4434, 34.2197], [136.4439, 34.2198], [136.4441, 34.2198], [136.444, 34.2197], [136.4442, 34.2194], [136.4448, 34.2195], [136.4449, 34.2197], [136.4446, 34.22], [136.4448, 34.2202], [136.4452, 34.2203], [136.4458, 34.22], [136.4456, 34.2199], [136.4457, 34.2198], [136.4461, 34.22], [136.4464, 34.22], [136.4462, 34.2198], [136.4464, 34.2196], [136.4465, 34.2197], [136.4466, 34.2194], [136.4474, 34.2194], [136.4474, 34.2191], [136.4477, 34.219], [136.4479, 34.2193], [136.4479, 34.2197], [136.4482, 34.2199], [136.4493, 34.2203], [136.4499, 34.2203], [136.451, 34.2205], [136.4512, 34.2207], [136.4517, 34.2204], [136.4514, 34.2197], [136.4517, 34.2197], [136.4517, 34.2195], [136.452, 34.2194], [136.4521, 34.2198], [136.4525, 34.2196], [136.4529, 34.2198], [136.4529, 34.2207], [136.4525, 34.2209], [136.4528, 34.2211], [136.454, 34.2214], [136.4543, 34.221], [136.4547, 34.2211], [136.4547, 34.2208], [136.4554, 34.2215], [136.4562, 34.2219], [136.4563, 34.2226], [136.4576, 34.2225], [136.4576, 34.2228], [136.4573, 34.223], [136.4569, 34.2231], [136.4574, 34.2239], [136.4577, 34.2238], [136.4585, 34.224], [136.4591, 34.2238], [136.4594, 34.2236], [136.4598, 34.2238], [136.4597, 34.2239], [136.4601, 34.2242], [136.46, 34.2244], [136.4603, 34.2245], [136.46, 34.2247], [136.4601, 34.225], [136.4596, 34.2252], [136.46, 34.2253], [136.4602, 34.2255], [136.4597, 34.2258], [136.4589, 34.2258], [136.459, 34.2259], [136.4596, 34.2259], [136.4596, 34.2263], [136.4593, 34.2266], [136.4572, 34.2262], [136.4568, 34.2264], [136.4565, 34.2267], [136.4561, 34.2265], [136.4553, 34.227], [136.4552, 34.2272], [136.455, 34.227], [136.4536, 34.2268], [136.4526, 34.2276], [136.4522, 34.2285], [136.4521, 34.2304], [136.4526, 34.2323], [136.4533, 34.2332], [136.4541, 34.2335], [136.4545, 34.2343], [136.4547, 34.2343], [136.4549, 34.2342], [136.4551, 34.2343], [136.455, 34.2347], [136.4555, 34.2348], [136.4552, 34.235], [136.4547, 34.2348], [136.4549, 34.2353], [136.4541, 34.2356], [136.4536, 34.2362], [136.4535, 34.2366], [136.4537, 34.2375], [136.455, 34.2384], [136.4556, 34.2392], [136.4554, 34.2397], [136.4554, 34.2407], [136.4551, 34.2408], [136.4551, 34.2411], [136.4553, 34.2418], [136.4555, 34.242], [136.4553, 34.2422], [136.4554, 34.2427], [136.4546, 34.2427], [136.4538, 34.2432], [136.4533, 34.2453], [136.4528, 34.2456], [136.4524, 34.2453], [136.451, 34.245], [136.4507, 34.2447], [136.4508, 34.2445], [136.4504, 34.2439], [136.4496, 34.2439], [136.4494, 34.2437], [136.449, 34.2436], [136.4484, 34.2432], [136.4481, 34.2425], [136.4474, 34.2422], [136.447, 34.2425], [136.4463, 34.2424], [136.4462, 34.2429], [136.4455, 34.2431], [136.4469, 34.2437], [136.447, 34.2443], [136.4479, 34.2449], [136.448, 34.2457], [136.4476, 34.2462], [136.4473, 34.2463], [136.4462, 34.246], [136.4459, 34.2458], [136.4453, 34.2459], [136.444, 34.2446], [136.4419, 34.2445], [136.4423, 34.2448], [136.442, 34.245], [136.4418, 34.2449], [136.4418, 34.2448], [136.4413, 34.2449], [136.4411, 34.2448], [136.4411, 34.245], [136.4407, 34.2451], [136.4407, 34.2449], [136.4406, 34.2452], [136.4411, 34.2452], [136.4413, 34.2458], [136.4415, 34.2458], [136.4413, 34.2459], [136.4414, 34.2462], [136.4403, 34.2466], [136.4402, 34.2469], [136.4406, 34.2469], [136.4401, 34.247], [136.4399, 34.2474], [136.4402, 34.2482], [136.4405, 34.2478], [136.441, 34.2479], [136.4411, 34.2481], [136.4405, 34.2483], [136.4401, 34.2487], [136.4402, 34.2488], [136.4414, 34.2482], [136.4433, 34.2487], [136.4439, 34.2486], [136.4441, 34.2488], [136.4447, 34.2485], [136.4454, 34.2484], [136.4465, 34.2486], [136.4472, 34.2489], [136.4478, 34.2489], [136.448, 34.2492], [136.4491, 34.2497], [136.4492, 34.2497], [136.4491, 34.2494], [136.4493, 34.2497], [136.4496, 34.2496], [136.4501, 34.249], [136.4502, 34.2485], [136.4499, 34.2484], [136.4499, 34.2481], [136.4496, 34.2479], [136.4499, 34.2475], [136.4509, 34.2475], [136.4518, 34.2481], [136.4524, 34.2481], [136.4527, 34.2479], [136.4544, 34.2479], [136.456, 34.2463], [136.4562, 34.2458], [136.4564, 34.246], [136.4563, 34.2465], [136.4566, 34.2473], [136.4574, 34.2478], [136.4576, 34.248], [136.4582, 34.2481], [136.4602, 34.2476], [136.4605, 34.2477], [136.4608, 34.2488], [136.4603, 34.2491], [136.4598, 34.249], [136.4594, 34.2495], [136.4594, 34.2498], [136.4586, 34.2501], [136.4582, 34.2504], [136.4587, 34.251], [136.4595, 34.2512], [136.4602, 34.2519], [136.4603, 34.2518], [136.4611, 34.2523], [136.461, 34.2524], [136.4613, 34.2526], [136.4615, 34.2525], [136.4618, 34.2533], [136.4622, 34.2535], [136.4616, 34.2533], [136.4611, 34.2542], [136.4623, 34.2546], [136.4624, 34.2544], [136.4623, 34.2547], [136.4634, 34.255], [136.4638, 34.2546], [136.4627, 34.2541], [136.4625, 34.2543], [136.4626, 34.2541], [136.4623, 34.2537], [136.4639, 34.2545], [136.4618, 34.2568], [136.4605, 34.2575], [136.4606, 34.2576], [136.4623, 34.2568], [136.4628, 34.2561], [136.4634, 34.2557], [136.4648, 34.2563], [136.4655, 34.2573], [136.4664, 34.2571], [136.4664, 34.2569], [136.4691, 34.2571], [136.4698, 34.2567], [136.4698, 34.2564], [136.4701, 34.2561], [136.4706, 34.2561], [136.4701, 34.2558], [136.4697, 34.2561], [136.4695, 34.2559], [136.4678, 34.2555], [136.4675, 34.2557], [136.4672, 34.2555], [136.4665, 34.2554], [136.4661, 34.255], [136.4663, 34.2548], [136.4679, 34.2542], [136.4667, 34.2536], [136.4672, 34.2525], [136.4669, 34.2523], [136.4672, 34.252], [136.4666, 34.2513], [136.467, 34.2509], [136.4678, 34.2512], [136.4681, 34.2501], [136.4687, 34.2496], [136.4692, 34.2496], [136.4705, 34.2492], [136.4711, 34.2495], [136.4717, 34.2493], [136.4722, 34.2494], [136.473, 34.2493], [136.4737, 34.2494], [136.4742, 34.2492], [136.4737, 34.2492], [136.4741, 34.2489], [136.4738, 34.2485], [136.4731, 34.2484], [136.473, 34.2482], [136.4727, 34.2481], [136.4723, 34.2482], [136.4718, 34.2476], [136.4706, 34.2478], [136.4701, 34.248], [136.4699, 34.2473], [136.47, 34.2471], [136.4688, 34.2468], [136.4684, 34.2473], [136.4683, 34.2476], [136.4685, 34.248], [136.4682, 34.248], [136.468, 34.2486], [136.4663, 34.2489], [136.4662, 34.248], [136.4658, 34.2479], [136.4653, 34.2481], [136.4649, 34.2481], [136.4641, 34.2472], [136.4634, 34.247], [136.4634, 34.2468], [136.4637, 34.2468], [136.4638, 34.2462], [136.4632, 34.2457], [136.4633, 34.2454], [136.4631, 34.2451], [136.4636, 34.2446], [136.4633, 34.2442], [136.4629, 34.244], [136.4624, 34.2442], [136.4618, 34.2439], [136.4605, 34.2445], [136.4601, 34.2446], [136.4597, 34.2444], [136.46, 34.2442], [136.46, 34.2437], [136.4605, 34.2435], [136.4608, 34.2429], [136.4606, 34.2423], [136.4608, 34.2416], [136.4601, 34.2412], [136.4603, 34.2407], [136.46, 34.2407], [136.4604, 34.24], [136.4603, 34.2398], [136.4605, 34.2397], [136.4603, 34.2393], [136.4606, 34.239], [136.4606, 34.2385], [136.4602, 34.2381], [136.4605, 34.2381], [136.4611, 34.2385], [136.4616, 34.2385], [136.4631, 34.2372], [136.4638, 34.2359], [136.4636, 34.2355], [136.4637, 34.2354], [136.4635, 34.2348], [136.4626, 34.2346], [136.4623, 34.2344], [136.4624, 34.2337], [136.4623, 34.2334], [136.4627, 34.2333], [136.4627, 34.233], [136.4624, 34.2329], [136.4625, 34.2327], [136.4626, 34.2328], [136.4629, 34.2325], [136.4637, 34.2327], [136.4638, 34.2326], [136.4635, 34.2325], [136.4633, 34.2321], [136.464, 34.2318], [136.4639, 34.2314], [136.4643, 34.2312], [136.4652, 34.2311], [136.4659, 34.2312], [136.4663, 34.2321], [136.4679, 34.2324], [136.4702, 34.2322], [136.4705, 34.2324], [136.4706, 34.2317], [136.4711, 34.232], [136.4711, 34.2317], [136.4716, 34.2318], [136.4715, 34.2316], [136.4719, 34.2314], [136.4721, 34.2317], [136.4724, 34.2317], [136.4725, 34.2315], [136.4733, 34.2316], [136.4744, 34.2307], [136.4744, 34.2303], [136.4742, 34.23], [136.4747, 34.2302], [136.4751, 34.2295], [136.475, 34.2294], [136.4751, 34.2292], [136.4747, 34.229], [136.4744, 34.2285], [136.4747, 34.2281], [136.4747, 34.228], [136.4745, 34.2282], [136.4744, 34.228], [136.4749, 34.2277], [136.4749, 34.2279], [136.4753, 34.2278], [136.4759, 34.2283], [136.4765, 34.2286], [136.4775, 34.2284], [136.4788, 34.2289], [136.4795, 34.229], [136.4807, 34.2286], [136.4811, 34.2283], [136.4812, 34.228], [136.4826, 34.228], [136.4831, 34.2278], [136.4838, 34.2268], [136.484, 34.2258], [136.4836, 34.2253], [136.4831, 34.2254], [136.483, 34.2253], [136.4825, 34.2253], [136.4821, 34.2251], [136.4816, 34.2246], [136.4816, 34.2242], [136.4812, 34.2241], [136.481, 34.2237], [136.4811, 34.2236], [136.4818, 34.2236], [136.4817, 34.2235], [136.4822, 34.2235], [136.4826, 34.2232], [136.4827, 34.2227], [136.4814, 34.2223], [136.4812, 34.222], [136.4813, 34.2219], [136.4816, 34.2219], [136.4813, 34.2212], [136.4817, 34.2207], [136.4812, 34.2199], [136.4815, 34.2199], [136.4816, 34.2203], [136.4818, 34.2199], [136.4828, 34.2201], [136.4845, 34.2214], [136.4845, 34.2213], [136.4847, 34.2213], [136.4848, 34.221], [136.4853, 34.2215], [136.4857, 34.2211], [136.4858, 34.2216], [136.4861, 34.2214], [136.4865, 34.2216], [136.4867, 34.2215], [136.4868, 34.2217], [136.487, 34.2217], [136.4871, 34.2218], [136.4867, 34.2221], [136.4873, 34.2222], [136.4869, 34.2224], [136.4879, 34.2229], [136.4883, 34.2227], [136.4884, 34.2229], [136.4887, 34.2229], [136.4887, 34.2231], [136.4892, 34.2229], [136.4899, 34.2233], [136.49, 34.2238], [136.4907, 34.2236], [136.4909, 34.2239], [136.4916, 34.2239], [136.4919, 34.2244], [136.4922, 34.2244], [136.4924, 34.2247], [136.4926, 34.2251], [136.4929, 34.2249], [136.4936, 34.2249], [136.4938, 34.2252], [136.4941, 34.2251], [136.4947, 34.2252], [136.4952, 34.2249], [136.4956, 34.2249], [136.496, 34.2247], [136.4964, 34.2252], [136.4973, 34.2249], [136.4973, 34.2253], [136.4967, 34.2255], [136.4968, 34.226], [136.4971, 34.2262], [136.4978, 34.2256], [136.498, 34.2257], [136.4981, 34.226], [136.4978, 34.2262], [136.4976, 34.2267], [136.4983, 34.2262], [136.4984, 34.2264], [136.4985, 34.2262], [136.4991, 34.2258], [136.4991, 34.2266], [136.4975, 34.2269], [136.498, 34.2273], [136.4986, 34.2272], [136.4985, 34.2274], [136.4982, 34.2276], [136.4979, 34.2275], [136.4977, 34.2272], [136.4975, 34.2272], [136.4975, 34.2274], [136.497, 34.2275], [136.4971, 34.2279], [136.4966, 34.2285], [136.4968, 34.2293], [136.4972, 34.2297], [136.4978, 34.23], [136.499, 34.23], [136.499, 34.2303], [136.4987, 34.2305], [136.4986, 34.2306], [136.4999, 34.2314], [136.5012, 34.2315], [136.5014, 34.2317], [136.502, 34.2318], [136.5024, 34.2313], [136.5026, 34.2316], [136.503, 34.2314], [136.5031, 34.2317], [136.5033, 34.2318], [136.5036, 34.2314], [136.5036, 34.2309], [136.5041, 34.2307], [136.5041, 34.231], [136.5048, 34.2309], [136.5043, 34.2303], [136.5045, 34.2301], [136.5049, 34.2299], [136.5055, 34.2302], [136.5061, 34.2309], [136.5071, 34.2312], [136.5074, 34.231], [136.5077, 34.2297], [136.5082, 34.2292], [136.5083, 34.2298], [136.5084, 34.2297], [136.5085, 34.2299], [136.508, 34.2305], [136.5078, 34.2304], [136.5078, 34.2307], [136.5082, 34.2306], [136.5082, 34.2309], [136.508, 34.2308], [136.5082, 34.2313], [136.5084, 34.2314], [136.5085, 34.2312], [136.5086, 34.2313], [136.5083, 34.2317], [136.5084, 34.2317], [136.5084, 34.2318], [136.5086, 34.2317], [136.5089, 34.2317], [136.5095, 34.2315], [136.5095, 34.2323], [136.5101, 34.2332], [136.5094, 34.2328], [136.5091, 34.2333], [136.509, 34.233], [136.5087, 34.2331], [136.5087, 34.2329], [136.5086, 34.2327], [136.5074, 34.2327], [136.5072, 34.2328], [136.5067, 34.2334], [136.5067, 34.2342], [136.5065, 34.2343], [136.5067, 34.2348], [136.5071, 34.2347], [136.5067, 34.2351], [136.5072, 34.2354], [136.5069, 34.2356], [136.5057, 34.2359], [136.506, 34.2361], [136.5069, 34.2362], [136.5066, 34.2364], [136.5068, 34.2366], [136.5064, 34.2371], [136.5061, 34.2372], [136.5051, 34.2367], [136.5049, 34.2359], [136.504, 34.2358], [136.5032, 34.2361], [136.5028, 34.2365], [136.5032, 34.2368], [136.5032, 34.2372], [136.5028, 34.2375], [136.5031, 34.2377], [136.5032, 34.2383], [136.5025, 34.2379], [136.5023, 34.238], [136.5025, 34.2382], [136.5022, 34.2381], [136.5022, 34.2383], [136.5017, 34.238], [136.5014, 34.2379], [136.501, 34.2385], [136.5002, 34.2386], [136.4997, 34.2383], [136.4998, 34.2375], [136.4996, 34.2372], [136.4993, 34.237], [136.4983, 34.2369], [136.498, 34.2373], [136.498, 34.2378], [136.4979, 34.2381], [136.4974, 34.238], [136.4973, 34.2378], [136.4976, 34.2374], [136.4976, 34.2365], [136.4974, 34.2361], [136.4969, 34.236], [136.496, 34.2372], [136.4954, 34.2371], [136.4948, 34.2376], [136.4951, 34.2387], [136.4937, 34.2387], [136.4937, 34.2383], [136.4928, 34.2378], [136.4915, 34.2362], [136.4915, 34.2355], [136.4911, 34.2347], [136.4912, 34.2345], [136.491, 34.2345], [136.491, 34.2343], [136.4901, 34.2344], [136.4893, 34.2342], [136.4887, 34.2345], [136.4887, 34.2349], [136.4897, 34.2364], [136.4898, 34.2371], [136.4904, 34.2375], [136.4909, 34.2391], [136.4901, 34.2394], [136.4897, 34.2402], [136.489, 34.2403], [136.4888, 34.2415], [136.4883, 34.2417], [136.4875, 34.2414], [136.4876, 34.2411], [136.4873, 34.2406], [136.4858, 34.2392], [136.4854, 34.2384], [136.4854, 34.2389], [136.4851, 34.2389], [136.485, 34.2388], [136.4848, 34.239], [136.4849, 34.2394], [136.4846, 34.2394], [136.4845, 34.2393], [136.4856, 34.2409], [136.4861, 34.2425], [136.4869, 34.2439], [136.487, 34.245], [136.4872, 34.2451], [136.4873, 34.2451], [136.4874, 34.2454], [136.4876, 34.2454], [136.4879, 34.246], [136.4883, 34.2461], [136.4886, 34.246], [136.4884, 34.2457], [136.4885, 34.2451], [136.4888, 34.2445], [136.4885, 34.2442], [136.4887, 34.2439], [136.4891, 34.2436], [136.4899, 34.2434], [136.49, 34.2428], [136.4911, 34.2427], [136.4916, 34.2423], [136.492, 34.2423], [136.4924, 34.2425], [136.4932, 34.2433], [136.4938, 34.2437], [136.4944, 34.2438], [136.4952, 34.2435], [136.4974, 34.2442], [136.4979, 34.2441], [136.4989, 34.2432], [136.4996, 34.243], [136.5012, 34.2431], [136.5019, 34.243], [136.5021, 34.2427], [136.5039, 34.2431], [136.5039, 34.2428], [136.5041, 34.243], [136.504, 34.2431], [136.5048, 34.2431], [136.5048, 34.2434], [136.5044, 34.2437], [136.5046, 34.2438], [136.5044, 34.244], [136.5043, 34.2443], [136.5042, 34.2443], [136.504, 34.2444], [136.5041, 34.2445], [136.503, 34.2449], [136.5025, 34.2454], [136.5016, 34.2458], [136.5012, 34.2463], [136.501, 34.2475], [136.5011, 34.2488], [136.5006, 34.2494], [136.5009, 34.2501], [136.5009, 34.2505], [136.5004, 34.2506], [136.5003, 34.2508], [136.4999, 34.2523], [136.4997, 34.2522], [136.499, 34.2525], [136.4991, 34.2517], [136.4979, 34.2512], [136.4974, 34.2512], [136.4971, 34.2513], [136.4972, 34.2519], [136.4967, 34.2518], [136.4959, 34.2523], [136.4955, 34.2522], [136.4951, 34.2519], [136.4956, 34.2513], [136.4949, 34.2509], [136.4942, 34.2509], [136.4932, 34.2501], [136.493, 34.2505], [136.4926, 34.2506], [136.4933, 34.2515], [136.4924, 34.2514], [136.4918, 34.2518], [136.4907, 34.2513], [136.4905, 34.2515], [136.4905, 34.2519], [136.4908, 34.2522], [136.4914, 34.2526], [136.4918, 34.2533], [136.4908, 34.2545], [136.4905, 34.2543], [136.4899, 34.2543], [136.4897, 34.2547], [136.4901, 34.2552], [136.4905, 34.2553], [136.4915, 34.2551], [136.492, 34.2547], [136.4926, 34.2545], [136.4927, 34.254], [136.4933, 34.2537], [136.494, 34.2537], [136.4949, 34.2545], [136.4946, 34.2555], [136.4941, 34.2561], [136.4941, 34.257], [136.494, 34.2574], [136.4937, 34.2576], [136.493, 34.2576], [136.4925, 34.258], [136.4925, 34.2584], [136.493, 34.2587], [136.4933, 34.2584], [136.493, 34.258], [136.4933, 34.2578], [136.4936, 34.2583], [136.4934, 34.2584], [136.4936, 34.2586], [136.4938, 34.2584], [136.4943, 34.2589], [136.4951, 34.2587], [136.4956, 34.258], [136.4961, 34.258], [136.4963, 34.2578], [136.496, 34.2574], [136.496, 34.2571], [136.4962, 34.2567], [136.4968, 34.2562], [136.4978, 34.2569], [136.4984, 34.257], [136.499, 34.2574], [136.5003, 34.2585], [136.5004, 34.259], [136.5009, 34.2594], [136.501, 34.2588], [136.5013, 34.2584], [136.5009, 34.2572], [136.5005, 34.2569], [136.5004, 34.2565], [136.4984, 34.2555], [136.4981, 34.255], [136.4981, 34.2547], [136.4984, 34.2546], [136.5, 34.2551], [136.5018, 34.2552], [136.5024, 34.255], [136.5033, 34.2542], [136.5036, 34.2541], [136.5038, 34.2538], [136.5035, 34.2537], [136.5034, 34.2535], [136.5038, 34.2529], [136.504, 34.2528], [136.5057, 34.2527], [136.506, 34.2525], [136.506, 34.2519], [136.5058, 34.2517], [136.5051, 34.2515], [136.5042, 34.2515], [136.5046, 34.2506], [136.5054, 34.2506], [136.5061, 34.2508], [136.5078, 34.2503], [136.5081, 34.25], [136.508, 34.2499], [136.5082, 34.2498], [136.5081, 34.2494], [136.5083, 34.2494], [136.5085, 34.2493], [136.5087, 34.2493], [136.5094, 34.249], [136.5105, 34.2476], [136.5106, 34.2471], [136.5106, 34.2461], [136.51, 34.2456], [136.5098, 34.2442], [136.5096, 34.2441], [136.5095, 34.2439], [136.5096, 34.2437], [136.5099, 34.2436], [136.5099, 34.2434], [136.5103, 34.2431], [136.5099, 34.2428], [136.51, 34.2424], [136.5103, 34.2422], [136.5103, 34.2425], [136.511, 34.2425], [136.5108, 34.2423], [136.5109, 34.242], [136.5112, 34.2422], [136.5111, 34.2424], [136.5116, 34.2425], [136.5117, 34.2421], [136.5129, 34.242], [136.5127, 34.2419], [136.5129, 34.2418], [136.5138, 34.2419], [136.5139, 34.2417], [136.5146, 34.2416], [136.5149, 34.2411], [136.5155, 34.2411], [136.5155, 34.2413], [136.5159, 34.2413], [136.5169, 34.2409], [136.5173, 34.2405], [136.5172, 34.24], [136.5167, 34.2397], [136.5168, 34.2389], [136.5173, 34.239], [136.5169, 34.2383], [136.517, 34.2382], [136.5178, 34.2388], [136.5177, 34.2391], [136.5178, 34.2395], [136.5176, 34.2397], [136.5179, 34.2403], [136.5183, 34.2406], [136.5188, 34.2406], [136.5189, 34.2403], [136.5192, 34.2404], [136.5193, 34.2408], [136.5191, 34.2409], [136.5191, 34.2412], [136.5188, 34.2415], [136.5192, 34.2418], [136.5193, 34.2428], [136.5184, 34.243], [136.518, 34.2432], [136.5177, 34.2433], [136.5176, 34.2435], [136.5174, 34.2433], [136.5172, 34.2436], [136.5168, 34.2433], [136.5164, 34.2436], [136.516, 34.2431], [136.5157, 34.2433], [136.5154, 34.2439], [136.5146, 34.2442], [136.5143, 34.244], [136.5141, 34.2441], [136.5135, 34.2449], [136.5135, 34.2468], [136.5131, 34.2465], [136.5128, 34.2466], [136.5123, 34.2469], [136.5122, 34.2472], [136.5117, 34.2473], [136.5114, 34.2476], [136.5112, 34.2485], [136.5114, 34.2486], [136.5112, 34.2487], [136.511, 34.2494], [136.5113, 34.25], [136.5109, 34.25], [136.5103, 34.2505], [136.51, 34.2509], [136.5102, 34.2514], [136.5087, 34.2519], [136.5085, 34.2521], [136.5086, 34.2522], [136.5084, 34.2523], [136.5083, 34.2533], [136.5084, 34.2534], [136.5086, 34.2534], [136.5084, 34.2536], [136.5084, 34.2539], [136.5086, 34.254], [136.5084, 34.2542], [136.5085, 34.2544], [136.5081, 34.2548], [136.5078, 34.2548], [136.5077, 34.2556], [136.5079, 34.256], [136.5087, 34.2565], [136.5087, 34.257], [136.509, 34.257], [136.5088, 34.2572], [136.5091, 34.2579], [136.5089, 34.2585], [136.5085, 34.259], [136.5082, 34.2595], [136.5078, 34.2594], [136.5073, 34.2597], [136.5071, 34.2607], [136.5075, 34.2615], [136.5082, 34.2623], [136.5086, 34.2625], [136.5094, 34.2626], [136.5096, 34.2629], [136.5094, 34.263], [136.5089, 34.2629], [136.5078, 34.2639], [136.5074, 34.264], [136.5067, 34.2643], [136.5056, 34.2643], [136.5053, 34.2645], [136.5051, 34.2654], [136.5052, 34.266], [136.5054, 34.2662], [136.5054, 34.2668], [136.5051, 34.2673], [136.5053, 34.2686], [136.506, 34.2697], [136.5069, 34.2703], [136.5067, 34.2705], [136.5062, 34.2708], [136.5063, 34.2716], [136.5061, 34.272], [136.5063, 34.2723], [136.5064, 34.2729], [136.507, 34.2734], [136.507, 34.2739], [136.506, 34.2741], [136.5052, 34.2737], [136.505, 34.2739], [136.5049, 34.2738], [136.5046, 34.2739], [136.5047, 34.274], [136.5045, 34.2739], [136.5041, 34.2742], [136.5041, 34.2752], [136.504, 34.2747], [136.5027, 34.2747], [136.5017, 34.2751], [136.5014, 34.2757], [136.5024, 34.2758], [136.5023, 34.2762], [136.5014, 34.276], [136.501, 34.2771], [136.5018, 34.2778], [136.5022, 34.2777], [136.5023, 34.2774], [136.5022, 34.2767], [136.5024, 34.2766], [136.5023, 34.2769], [136.5038, 34.2763], [136.504, 34.2766], [136.5042, 34.2765], [136.504, 34.2762], [136.5044, 34.2769], [136.5026, 34.2777], [136.4996, 34.2785], [136.4982, 34.2784], [136.4971, 34.2781], [136.4971, 34.2783], [136.4993, 34.2787], [136.5014, 34.2784], [136.5007, 34.2789], [136.501, 34.2788], [136.5011, 34.2788], [136.5008, 34.2794], [136.501, 34.2794], [136.5023, 34.2784], [136.5049, 34.2777], [136.505, 34.2779], [136.5054, 34.2779], [136.505, 34.2779], [136.5054, 34.278], [136.5051, 34.278], [136.5052, 34.2782], [136.5049, 34.2784], [136.5059, 34.2791], [136.5071, 34.2792], [136.5087, 34.2789], [136.5098, 34.279], [136.5109, 34.2783], [136.5115, 34.2793], [136.5122, 34.2793], [136.512, 34.2797], [136.5122, 34.2798], [136.5124, 34.2791], [136.5127, 34.2791], [136.5129, 34.2787], [136.5128, 34.2785], [136.5134, 34.279], [136.5136, 34.2789], [136.513, 34.2786], [136.513, 34.2784], [136.5134, 34.2784], [136.5135, 34.2786], [136.5137, 34.2785], [136.5138, 34.279], [136.5138, 34.2786], [136.5145, 34.2774], [136.5146, 34.2766], [136.5153, 34.2762], [136.5154, 34.2752], [136.5152, 34.2745], [136.5149, 34.2743], [136.5154, 34.2737], [136.5148, 34.2729], [136.5142, 34.2728], [136.5128, 34.2722], [136.5125, 34.2722], [136.512, 34.2726], [136.5118, 34.2726], [136.5114, 34.2717], [136.5114, 34.2713], [136.5126, 34.27], [136.5139, 34.2697], [136.5138, 34.2696], [136.5141, 34.2696], [136.5142, 34.2695], [136.5145, 34.2696], [136.5145, 34.2695], [136.5153, 34.2694], [136.516, 34.2694], [136.5165, 34.2693], [136.5165, 34.2694], [136.5168, 34.2693], [136.5169, 34.2694], [136.5174, 34.2693], [136.5185, 34.2687], [136.5191, 34.268], [136.5191, 34.2678], [136.5196, 34.2678], [136.5204, 34.2682], [136.5211, 34.268], [136.5218, 34.2676], [136.5227, 34.2673], [136.5229, 34.2669], [136.5227, 34.2667], [136.523, 34.2666], [136.5236, 34.267], [136.524, 34.2669], [136.525, 34.2672], [136.5246, 34.2677], [136.5247, 34.2678], [136.5245, 34.2682], [136.5247, 34.2684], [136.5244, 34.2686], [136.5245, 34.269], [136.5243, 34.2695], [136.5237, 34.2701], [136.5235, 34.2709], [136.5231, 34.2713], [136.523, 34.2719], [136.5227, 34.2721], [136.5222, 34.2719], [136.522, 34.2722], [136.5219, 34.2729], [136.5217, 34.2733], [136.5218, 34.2738], [136.5225, 34.2744], [136.5224, 34.2748], [136.5227, 34.2751], [136.5223, 34.2757], [136.5228, 34.2751], [136.5224, 34.2747], [136.5226, 34.274], [136.5231, 34.2739], [136.5231, 34.274], [136.5229, 34.2741], [136.5234, 34.2742], [136.5234, 34.274], [136.5246, 34.2728], [136.525, 34.2726], [136.5251, 34.2722], [136.5257, 34.2714], [136.526, 34.2712], [136.5272, 34.2709], [136.5276, 34.2711], [136.5278, 34.2716], [136.5285, 34.272], [136.5289, 34.2725], [136.5289, 34.2731], [136.5293, 34.2731], [136.5287, 34.2744], [136.5298, 34.276], [136.5287, 34.2743], [136.5295, 34.2731], [136.5297, 34.2731], [136.5297, 34.2733], [136.5302, 34.2734], [136.5308, 34.2731], [136.5313, 34.2722], [136.5315, 34.2713], [136.5312, 34.271], [136.5316, 34.2708], [136.5319, 34.2701], [136.5309, 34.2695], [136.5304, 34.2686], [136.5282, 34.2667], [136.5283, 34.2664], [136.5276, 34.2657], [136.5275, 34.2649], [136.5272, 34.2644], [136.5267, 34.2643], [136.526, 34.2643], [136.5255, 34.2641], [136.5255, 34.2639], [136.5257, 34.2639], [136.5258, 34.2636], [136.5258, 34.2633], [136.5255, 34.2632], [136.5253, 34.263], [136.5256, 34.2631], [136.5258, 34.2628], [136.5254, 34.2627], [136.5254, 34.2623], [136.5258, 34.262], [136.5261, 34.262], [136.526, 34.2619], [136.5265, 34.2611], [136.526, 34.2604], [136.5264, 34.2599], [136.5271, 34.26], [136.5271, 34.2602], [136.5281, 34.26], [136.5287, 34.2602], [136.5283, 34.2606], [136.5288, 34.261], [136.5282, 34.2612], [136.5284, 34.2616], [136.5287, 34.2616], [136.5285, 34.2617], [136.5289, 34.2616], [136.529, 34.2618], [136.5287, 34.262], [136.5283, 34.2618], [136.5285, 34.2621], [136.5291, 34.2622], [136.5295, 34.2624], [136.5292, 34.2627], [136.5297, 34.2626], [136.5299, 34.2627], [136.5294, 34.2628], [136.53, 34.263], [136.5299, 34.2632], [136.5301, 34.2633], [136.53, 34.2635], [136.5297, 34.2633], [136.5296, 34.2635], [136.5298, 34.2643], [136.5296, 34.2644], [136.5298, 34.2645], [136.5297, 34.2648], [136.5288, 34.2652], [136.5286, 34.2655], [136.5292, 34.2669], [136.5298, 34.2674], [136.53, 34.2673], [136.5305, 34.2677], [136.5305, 34.2679], [136.5303, 34.268], [136.5304, 34.2682], [136.5302, 34.2683], [136.5308, 34.2683], [136.5313, 34.2687], [136.5323, 34.2688], [136.5323, 34.2687], [136.5329, 34.2685], [136.5329, 34.2683], [136.5334, 34.2679], [136.5337, 34.2679], [136.5338, 34.268], [136.5338, 34.2678], [136.5342, 34.268], [136.5337, 34.2682], [136.5341, 34.2683], [136.5344, 34.2681], [136.5343, 34.2683], [136.5345, 34.2682], [136.5346, 34.2685], [136.5346, 34.2682], [136.5349, 34.2684], [136.5348, 34.2686], [136.5354, 34.269], [136.5353, 34.2698], [136.534, 34.271], [136.5339, 34.2716], [136.5345, 34.2724], [136.5357, 34.2732], [136.5358, 34.2735], [136.5356, 34.2737], [136.5356, 34.2739], [136.5354, 34.2741], [136.5357, 34.2749], [136.5356, 34.275], [136.5374, 34.276], [136.5375, 34.2762], [136.5391, 34.2758], [136.5379, 34.2762], [136.5385, 34.2786], [136.5389, 34.2785], [136.5386, 34.2786], [136.5387, 34.2789], [136.5397, 34.2788], [136.5394, 34.2783], [136.5391, 34.2782], [136.5398, 34.2782], [136.5402, 34.2789], [136.5405, 34.2789], [136.5401, 34.278], [136.5406, 34.2789], [136.5407, 34.2789], [136.5406, 34.2786], [136.5411, 34.2785], [136.5412, 34.2777], [136.5401, 34.2776], [136.5409, 34.2776], [136.5409, 34.2758], [136.5395, 34.2757], [136.5409, 34.2757], [136.5408, 34.2724], [136.54, 34.2724], [136.5392, 34.2727], [136.54, 34.2723], [136.5421, 34.2723], [136.542, 34.2716], [136.5415, 34.2711], [136.542, 34.2707], [136.5419, 34.2703], [136.5412, 34.2697], [136.5413, 34.2694], [136.5411, 34.2693], [136.5413, 34.2688], [136.5421, 34.2684], [136.5426, 34.2675], [136.5428, 34.266], [136.5421, 34.2648], [136.5415, 34.2646], [136.541, 34.2646], [136.5401, 34.264], [136.5401, 34.2637], [136.5398, 34.2632], [136.5393, 34.2628], [136.5394, 34.2626], [136.5391, 34.2619], [136.5378, 34.2609], [136.5371, 34.2606], [136.5373, 34.2604], [136.5379, 34.2605], [136.5384, 34.2599], [136.5386, 34.26], [136.5386, 34.2598], [136.539, 34.2596], [136.5394, 34.2581], [136.5393, 34.2575], [136.539, 34.2572], [136.5384, 34.257], [136.538, 34.2569], [136.5373, 34.2564], [136.5377, 34.2559], [136.5394, 34.2558], [136.5411, 34.255], [136.5429, 34.2549], [136.5435, 34.2545], [136.5439, 34.2539], [136.5445, 34.2538], [136.5446, 34.2534], [136.5448, 34.2534], [136.5452, 34.2536], [136.5458, 34.253], [136.5457, 34.2524], [136.5453, 34.2525], [136.5451, 34.2524], [136.5453, 34.2523], [136.5452, 34.2521], [136.5453, 34.2519], [136.5457, 34.252], [136.5457, 34.2516], [136.5455, 34.2512], [136.5452, 34.2511], [136.5453, 34.251], [136.5448, 34.2509], [136.5446, 34.2506], [136.5457, 34.2505], [136.5455, 34.2503], [136.5457, 34.2501], [136.546, 34.2504], [136.5464, 34.2504], [136.5467, 34.2509], [136.5465, 34.2504], [136.5467, 34.2504], [136.5469, 34.2508], [136.5472, 34.251], [136.5472, 34.2506], [136.5476, 34.2506], [136.5478, 34.2502], [136.5472, 34.2498], [136.5479, 34.25], [136.5482, 34.2498], [136.5486, 34.2501], [136.5481, 34.2505], [136.5482, 34.251], [136.5487, 34.2515], [136.5493, 34.2517], [136.5493, 34.2521], [136.5486, 34.2524], [136.5489, 34.2526], [136.5491, 34.2525], [136.5495, 34.2526], [136.5491, 34.2528], [136.5491, 34.253], [136.5505, 34.2528], [136.5512, 34.2534], [136.5508, 34.2536], [136.55, 34.2537], [136.5498, 34.254], [136.5488, 34.2535], [136.5481, 34.2542], [136.5481, 34.2544], [136.5486, 34.2547], [136.548, 34.2546], [136.5479, 34.2547], [136.5477, 34.255], [136.5478, 34.2555], [136.5481, 34.2557], [136.5487, 34.2557], [136.549, 34.2558], [136.549, 34.2561], [136.5488, 34.2563], [136.5492, 34.2564], [136.5489, 34.2569], [136.5492, 34.2571], [136.5488, 34.2573], [136.5486, 34.2577], [136.549, 34.2579], [136.5482, 34.258], [136.5482, 34.2594], [136.5489, 34.2599], [136.5499, 34.2601], [136.5513, 34.2597], [136.5521, 34.259], [136.5523, 34.2591], [136.5522, 34.2592], [136.5529, 34.2591], [136.5531, 34.2589], [136.554, 34.259], [136.5538, 34.2591], [136.5533, 34.259], [136.5533, 34.2595], [136.5541, 34.2594], [136.5541, 34.2596], [136.5545, 34.2596], [136.5545, 34.2597], [136.5542, 34.2599], [136.5534, 34.2598], [136.5531, 34.2602], [136.5536, 34.2621], [136.5544, 34.2633], [136.5545, 34.2632], [136.5545, 34.2634], [136.5547, 34.2633], [136.5546, 34.2637], [136.5549, 34.2639], [136.5566, 34.2651], [136.5565, 34.2652], [136.5566, 34.2655], [136.5575, 34.2662], [136.5575, 34.2668], [136.5577, 34.2668], [136.5578, 34.2673], [136.5584, 34.2676], [136.5581, 34.2679], [136.5578, 34.2679], [136.5574, 34.2682], [136.5569, 34.2688], [136.5562, 34.2694], [136.556, 34.27], [136.5552, 34.2703], [136.5548, 34.2707], [136.5544, 34.272], [136.5544, 34.273], [136.5542, 34.2731], [136.5542, 34.2733], [136.5545, 34.2741], [136.5551, 34.2748], [136.5549, 34.275], [136.5549, 34.2752], [136.5544, 34.2751], [136.5537, 34.2755], [136.5535, 34.276], [136.5535, 34.2764], [136.5533, 34.2763], [136.5532, 34.2766], [136.5527, 34.2767], [136.5517, 34.2764], [136.551, 34.2769], [136.5505, 34.2778], [136.5505, 34.2792], [136.5498, 34.2796], [136.5496, 34.2798], [136.5497, 34.2799], [136.5493, 34.2801], [136.549, 34.2808], [136.5483, 34.281], [136.5483, 34.2818], [136.5493, 34.283], [136.55, 34.2833], [136.5504, 34.2833], [136.5505, 34.2831], [136.5503, 34.2827], [136.5503, 34.2824], [136.551, 34.2826], [136.5514, 34.2824], [136.5514, 34.2821], [136.5518, 34.282], [136.5523, 34.2817], [136.5516, 34.2809], [136.5517, 34.2807], [136.5523, 34.281], [136.5537, 34.2805], [136.5533, 34.2786], [136.5535, 34.2784], [136.5532, 34.2781], [136.5538, 34.2786], [136.5545, 34.2784], [136.5547, 34.2781], [136.555, 34.278], [136.5555, 34.2782], [136.5555, 34.2785], [136.5562, 34.2787], [136.5564, 34.2783], [136.5562, 34.2793], [136.5557, 34.2798], [136.5552, 34.2798], [136.5555, 34.2803], [136.5545, 34.2807], [136.5542, 34.2814], [136.5545, 34.2816], [136.5549, 34.2815], [136.5559, 34.2806], [136.556, 34.2801], [136.5565, 34.28], [136.557, 34.2796], [136.5576, 34.2783], [136.5575, 34.2774], [136.5566, 34.2772], [136.5563, 34.2772], [136.5566, 34.2771], [136.5565, 34.2766], [136.5568, 34.2763], [136.5573, 34.2761], [136.5578, 34.2762], [136.5586, 34.2758], [136.5585, 34.2756], [136.5593, 34.2756], [136.5596, 34.2755], [136.5598, 34.2753], [136.5601, 34.2754], [136.5603, 34.2755], [136.5601, 34.2758], [136.5603, 34.2761], [136.5601, 34.276], [136.5599, 34.2762], [136.5598, 34.2771], [136.5593, 34.2774], [136.5591, 34.2778], [136.5595, 34.2792], [136.5599, 34.2799], [136.5595, 34.2801], [136.5584, 34.2801], [136.5579, 34.2806], [136.5572, 34.2808], [136.5569, 34.2811], [136.5565, 34.2817], [136.5566, 34.2825], [136.5578, 34.2845], [136.5587, 34.2852], [136.5604, 34.2857], [136.5609, 34.286], [136.5613, 34.2859], [136.5618, 34.2851], [136.5621, 34.2852], [136.562, 34.2855], [136.5624, 34.2857], [136.5636, 34.2857], [136.5639, 34.2854], [136.5644, 34.2858], [136.565, 34.2857], [136.5658, 34.2851], [136.5661, 34.2851], [136.5673, 34.2847], [136.5673, 34.2849], [136.5669, 34.285], [136.5669, 34.2852], [136.5658, 34.2861], [136.5668, 34.2869], [136.5676, 34.287], [136.568, 34.2868], [136.5681, 34.2866], [136.5688, 34.2865], [136.5695, 34.2871], [136.5698, 34.2874], [136.5694, 34.2875], [136.5693, 34.288], [136.5696, 34.2884], [136.5689, 34.2889], [136.5695, 34.2885], [136.5706, 34.2889], [136.5721, 34.2888], [136.5728, 34.2884], [136.5727, 34.2878], [136.5725, 34.2877], [136.5727, 34.2877], [136.5725, 34.2876], [136.5733, 34.2873], [136.574, 34.2865], [136.5743, 34.2866], [136.5741, 34.2871], [136.5742, 34.2875], [136.5745, 34.2878], [136.5748, 34.2877], [136.5747, 34.2881], [136.575, 34.2883], [136.5755, 34.2882], [136.5758, 34.2878], [136.576, 34.2879], [136.576, 34.2884], [136.5756, 34.2885], [136.5756, 34.289], [136.5752, 34.2893], [136.5754, 34.2897], [136.5757, 34.2898], [136.576, 34.2895], [136.5765, 34.2894], [136.5768, 34.289], [136.5775, 34.2889], [136.5775, 34.2885], [136.5777, 34.2884], [136.5781, 34.2885], [136.5784, 34.288], [136.5786, 34.2881], [136.5788, 34.2886], [136.579, 34.2886], [136.5794, 34.2884], [136.5798, 34.2878], [136.5803, 34.2877], [136.5812, 34.2879], [136.5814, 34.2882], [136.5813, 34.2886], [136.5811, 34.2887], [136.5807, 34.2884], [136.5803, 34.2885], [136.5799, 34.2892], [136.5797, 34.2891], [136.5794, 34.2894], [136.5789, 34.2894], [136.5786, 34.2899], [136.579, 34.2901], [136.5804, 34.2899], [136.5808, 34.2902], [136.5807, 34.2903], [136.5809, 34.2907], [136.5806, 34.2911], [136.5809, 34.2917], [136.5807, 34.292], [136.5793, 34.2922], [136.5792, 34.2928], [136.579, 34.2928], [136.5791, 34.2929], [136.5788, 34.2933], [136.5787, 34.2939], [136.579, 34.294], [136.5792, 34.2936], [136.5796, 34.2935], [136.5799, 34.293], [136.5804, 34.2932], [136.5812, 34.2929], [136.5815, 34.293], [136.5815, 34.2937], [136.582, 34.2942], [136.5822, 34.2938], [136.5825, 34.2937], [136.5826, 34.2934], [136.5828, 34.2935], [136.583, 34.2938], [136.5829, 34.2933], [136.5831, 34.2933], [136.5828, 34.2932], [136.583, 34.2932], [136.583, 34.293], [136.5833, 34.2931], [136.5834, 34.293], [136.5835, 34.2935], [136.5836, 34.2935], [136.5837, 34.293], [136.5839, 34.2933], [136.5842, 34.2934], [136.584, 34.2935], [136.585, 34.2932], [136.5851, 34.2928], [136.5848, 34.292], [136.5856, 34.2922], [136.5858, 34.292], [136.5854, 34.2918], [136.5846, 34.2906], [136.5848, 34.2902], [136.5842, 34.2898], [136.5842, 34.2892], [136.5846, 34.2891], [136.585, 34.2887], [136.5852, 34.2887], [136.5856, 34.2891], [136.586, 34.2891], [136.5861, 34.2894], [136.5867, 34.2896], [136.5873, 34.2896], [136.5882, 34.2902], [136.5885, 34.2902], [136.5888, 34.2905], [136.589, 34.2903], [136.5886, 34.2898], [136.5886, 34.2894], [136.5882, 34.2893], [136.5878, 34.289], [136.5881, 34.2887], [136.5891, 34.2887], [136.5895, 34.2888], [136.5895, 34.289], [136.5891, 34.2894], [136.589, 34.2898], [136.5902, 34.2905], [136.5903, 34.291], [136.5907, 34.2912], [136.5907, 34.2915], [136.5916, 34.2917], [136.5912, 34.2922], [136.5904, 34.2924], [136.5901, 34.2928], [136.5899, 34.2941], [136.5905, 34.2948], [136.5907, 34.295], [136.5911, 34.295], [136.591, 34.2947], [136.5921, 34.2942], [136.5937, 34.295], [136.5942, 34.295], [136.5949, 34.2947], [136.5955, 34.295], [136.595, 34.2946], [136.594, 34.2948], [136.5932, 34.2945], [136.5927, 34.294], [136.5926, 34.2934], [136.5927, 34.2927], [136.5929, 34.2925], [136.5933, 34.2925], [136.5942, 34.2923], [136.5953, 34.2925], [136.5955, 34.2924], [136.5953, 34.292], [136.5971, 34.2909], [136.5972, 34.2903], [136.5966, 34.2897], [136.5954, 34.2894], [136.5947, 34.2891], [136.5944, 34.2888], [136.5937, 34.2886], [136.5929, 34.2889], [136.5927, 34.2888], [136.5927, 34.2882], [136.5924, 34.2879], [136.5924, 34.2876], [136.5919, 34.2874], [136.5918, 34.2871], [136.592, 34.2869], [136.5923, 34.2869], [136.5924, 34.2867], [136.5921, 34.2861], [136.5921, 34.2858], [136.5924, 34.2854], [136.5935, 34.2855], [136.5938, 34.286], [136.5937, 34.2863], [136.5939, 34.2866], [136.5947, 34.2869], [136.5957, 34.2867], [136.5956, 34.287], [136.5964, 34.2877], [136.5974, 34.2873], [136.5968, 34.2874], [136.5966, 34.2872], [136.5967, 34.2862], [136.5977, 34.2858], [136.5978, 34.2855], [136.5983, 34.2855], [136.5983, 34.2853], [136.5986, 34.2852], [136.5982, 34.2846], [136.5973, 34.2845], [136.5966, 34.2855], [136.5952, 34.2858], [136.5949, 34.2857], [136.595, 34.2851], [136.5954, 34.2843], [136.5951, 34.2842], [136.5947, 34.2844], [136.5937, 34.2843], [136.5933, 34.2839], [136.5933, 34.2837], [136.5928, 34.2835], [136.5933, 34.2827], [136.594, 34.2829], [136.5939, 34.2822], [136.5949, 34.2818], [136.5957, 34.2817], [136.5956, 34.2815], [136.5951, 34.2814], [136.5947, 34.2808], [136.5942, 34.281], [136.5935, 34.2809], [136.5924, 34.2791], [136.5924, 34.2806], [136.5921, 34.2809], [136.5923, 34.2811], [136.5924, 34.2817], [136.5917, 34.2816], [136.591, 34.282], [136.5912, 34.2822], [136.5917, 34.2824], [136.5912, 34.2828], [136.5916, 34.2832], [136.5914, 34.2836], [136.5917, 34.2842], [136.591, 34.2848], [136.5908, 34.2849], [136.5906, 34.286], [136.5889, 34.2865], [136.5887, 34.2859], [136.5891, 34.285], [136.5889, 34.2846], [136.5886, 34.2846], [136.5879, 34.2857], [136.5874, 34.2857], [136.5872, 34.2849], [136.5865, 34.2848], [136.5862, 34.2849], [136.5857, 34.2846], [136.5856, 34.2843], [136.5859, 34.2837], [136.5857, 34.2834], [136.585, 34.2837], [136.5847, 34.2834], [136.5839, 34.2831], [136.5835, 34.2826], [136.583, 34.2825], [136.5827, 34.2822], [136.5819, 34.2818], [136.5811, 34.2812], [136.5808, 34.2809], [136.5807, 34.2802], [136.5809, 34.2799], [136.5817, 34.2798], [136.5817, 34.2792], [136.5812, 34.2789], [136.5799, 34.2791], [136.5787, 34.2795], [136.5782, 34.2806], [136.5788, 34.2815], [136.5789, 34.2821], [136.5796, 34.2829], [136.5819, 34.2844], [136.582, 34.2856], [136.5812, 34.2859], [136.5806, 34.2857], [136.58, 34.2851], [136.5797, 34.2851], [136.5797, 34.2854], [136.5793, 34.2852], [136.5788, 34.2852], [136.5785, 34.2849], [136.5782, 34.285], [136.5779, 34.2848], [136.5774, 34.285], [136.5772, 34.285], [136.577, 34.2843], [136.576, 34.2842], [136.5744, 34.2828], [136.5746, 34.2827], [136.5747, 34.2824], [136.574, 34.2821], [136.5733, 34.2814], [136.5736, 34.2813], [136.5736, 34.2806], [136.5735, 34.2804], [136.573, 34.2803], [136.5728, 34.2801], [136.573, 34.2802], [136.5731, 34.28], [136.5727, 34.28], [136.5724, 34.2796], [136.5724, 34.2792], [136.5722, 34.2792], [136.5724, 34.2787], [136.5717, 34.2786], [136.5718, 34.2784], [136.5715, 34.2785], [136.571, 34.278], [136.5712, 34.2778], [136.5714, 34.2779], [136.5713, 34.2777], [136.5715, 34.2778], [136.5717, 34.2777], [136.5717, 34.2775], [136.5719, 34.2776], [136.5721, 34.2773], [136.5721, 34.2763], [136.5716, 34.276], [136.5712, 34.2756], [136.5717, 34.2756], [136.5715, 34.2753], [136.5715, 34.275], [136.5722, 34.2753], [136.5722, 34.2757], [136.5725, 34.2759], [136.5726, 34.276], [136.5729, 34.2757], [136.5731, 34.2757], [136.5736, 34.2758], [136.5737, 34.2757], [136.5738, 34.276], [136.574, 34.2759], [136.5744, 34.276], [136.5744, 34.2758], [136.5747, 34.2758], [136.5749, 34.2761], [136.5748, 34.2763], [136.575, 34.2764], [136.5749, 34.2766], [136.5751, 34.2768], [136.5753, 34.2767], [136.5752, 34.2769], [136.5754, 34.277], [136.5755, 34.2772], [136.5757, 34.2771], [136.5756, 34.2773], [136.5758, 34.2773], [136.5754, 34.2776], [136.5755, 34.2779], [136.5765, 34.2783], [136.5769, 34.2782], [136.5769, 34.2784], [136.5777, 34.2785], [136.5778, 34.2783], [136.5787, 34.2783], [136.5806, 34.2774], [136.5811, 34.2766], [136.5811, 34.2755], [136.5809, 34.2756], [136.5809, 34.2754], [136.5823, 34.2749], [136.5822, 34.2746], [136.5807, 34.2752], [136.5796, 34.2752], [136.5803, 34.2749], [136.5806, 34.2743], [136.5805, 34.2739], [136.5804, 34.2739], [136.5802, 34.2737], [136.5803, 34.2734], [136.5805, 34.2734], [136.5808, 34.2727], [136.5808, 34.2724], [136.5805, 34.2721], [136.5807, 34.2718], [136.5805, 34.271], [136.58, 34.27], [136.5792, 34.2698], [136.5783, 34.2697], [136.5786, 34.2697], [136.5787, 34.2694], [136.5784, 34.2692], [136.5799, 34.2688], [136.5801, 34.2686], [136.5806, 34.2685], [136.5808, 34.2682], [136.5819, 34.2676], [136.5824, 34.267], [136.5829, 34.2658], [136.5828, 34.2652], [136.5826, 34.2651], [136.5829, 34.2649], [136.5828, 34.264], [136.5831, 34.2638], [136.5833, 34.2632], [136.5847, 34.262], [136.5854, 34.2612], [136.5855, 34.2604], [136.5852, 34.2601], [136.5853, 34.2601], [136.5854, 34.2599], [136.5854, 34.2585], [136.586, 34.2574], [136.5864, 34.2575], [136.5867, 34.2578], [136.5867, 34.258], [136.587, 34.2582], [136.5883, 34.2585], [136.5894, 34.2583], [136.5901, 34.2579], [136.5902, 34.2577], [136.5909, 34.2577], [136.5915, 34.2578], [136.5921, 34.2577], [136.5927, 34.258], [136.594, 34.2581], [136.5947, 34.2579], [136.5963, 34.2569], [136.5965, 34.2572], [136.5964, 34.2577], [136.5968, 34.2583], [136.5987, 34.2589], [136.5994, 34.2589], [136.5996, 34.259], [136.6001, 34.2586], [136.601, 34.2584], [136.6012, 34.258], [136.6017, 34.258], [136.6018, 34.2579], [136.6021, 34.2577], [136.6026, 34.2578], [136.6027, 34.258], [136.6027, 34.2578], [136.6029, 34.2578], [136.6034, 34.2582], [136.6036, 34.2586], [136.6036, 34.2583], [136.6041, 34.2586], [136.6041, 34.2583], [136.6045, 34.2587], [136.6046, 34.2586], [136.6051, 34.2585], [136.6055, 34.2588], [136.6055, 34.2595], [136.6058, 34.2599], [136.6077, 34.2617], [136.6089, 34.2622], [136.6087, 34.2626], [136.6089, 34.2639], [136.6099, 34.2657], [136.6115, 34.2677], [136.6125, 34.2686], [136.6131, 34.2694], [136.6136, 34.2698], [136.6145, 34.2702], [136.616, 34.2705], [136.6163, 34.2708], [136.617, 34.2721], [136.6182, 34.2731], [136.6195, 34.2736], [136.6212, 34.2738], [136.623, 34.2734], [136.6235, 34.2732], [136.6236, 34.2729], [136.6238, 34.2731], [136.6242, 34.2729], [136.6247, 34.2728], [136.6248, 34.2731], [136.6256, 34.2733], [136.6258, 34.2731], [136.6274, 34.2731], [136.6278, 34.2728], [136.6283, 34.2727], [136.629, 34.273], [136.6289, 34.2731], [136.6297, 34.2738], [136.6305, 34.2741], [136.6316, 34.2745], [136.6321, 34.2746], [136.6321, 34.2747], [136.633, 34.2744], [136.6328, 34.2747], [136.633, 34.2748], [136.6332, 34.2746], [136.6335, 34.2749], [136.634, 34.2749], [136.634, 34.275], [136.6344, 34.2752], [136.6344, 34.2753], [136.6353, 34.2757], [136.6352, 34.2759], [136.6356, 34.2758], [136.6356, 34.276], [136.6354, 34.2761], [136.6359, 34.2763], [136.637, 34.2776], [136.637, 34.2779], [136.6376, 34.278], [136.637, 34.2784], [136.6372, 34.2784], [136.6368, 34.2786], [136.6354, 34.2804], [136.6353, 34.281], [136.6357, 34.2819], [136.6359, 34.282], [136.6357, 34.2821], [136.6358, 34.2827], [136.636, 34.2828], [136.6358, 34.283], [136.6359, 34.2832], [136.6357, 34.2834], [136.6358, 34.2835], [136.6355, 34.2839], [136.6359, 34.2846], [136.6365, 34.2852], [136.6374, 34.2854], [136.6377, 34.2853], [136.6379, 34.2849], [136.6385, 34.2848], [136.6389, 34.285], [136.639, 34.2854], [136.6394, 34.2858], [136.6408, 34.2861], [136.6413, 34.286], [136.6417, 34.2853], [136.642, 34.2851], [136.6421, 34.2854], [136.6422, 34.285], [136.6431, 34.2854], [136.6433, 34.2852], [136.6436, 34.2852], [136.6438, 34.2855], [136.645, 34.2857], [136.645, 34.286], [136.6453, 34.2858], [136.6453, 34.286], [136.6456, 34.2858], [136.6455, 34.286], [136.6457, 34.2861], [136.646, 34.286], [136.646, 34.2858], [136.6465, 34.2862], [136.6471, 34.2863], [136.6476, 34.2865], [136.6489, 34.2867], [136.6497, 34.2864], [136.6499, 34.2867], [136.651, 34.2868], [136.6512, 34.2869], [136.6516, 34.2866], [136.6521, 34.2867], [136.652, 34.2864], [136.6523, 34.2863], [136.6523, 34.2866], [136.6526, 34.2861], [136.6527, 34.2866], [136.653, 34.2868], [136.6536, 34.2866], [136.6537, 34.2868], [136.6539, 34.2868], [136.654, 34.2866], [136.654, 34.2869], [136.6544, 34.2872], [136.6544, 34.2875], [136.6551, 34.2868], [136.655, 34.287], [136.6552, 34.2871], [136.6553, 34.287], [136.6555, 34.287], [136.655, 34.2876], [136.6557, 34.2875], [136.6554, 34.2877], [136.6556, 34.2882], [136.6563, 34.2888], [136.6571, 34.2888], [136.6573, 34.2886], [136.6572, 34.2889], [136.6575, 34.2885], [136.658, 34.2883], [136.6582, 34.2886], [136.6588, 34.2886], [136.6583, 34.2888], [136.6591, 34.2888], [136.6588, 34.2889], [136.659, 34.2891], [136.6601, 34.2889], [136.6597, 34.2894], [136.6601, 34.2895], [136.66, 34.2896], [136.6592, 34.2898], [136.6597, 34.2898], [136.6597, 34.2899], [136.659, 34.2901], [136.6583, 34.2899], [136.6575, 34.2902], [136.657, 34.291], [136.6573, 34.2915], [136.657, 34.2918], [136.6574, 34.2918], [136.657, 34.2921], [136.6569, 34.2923], [136.6571, 34.2923], [136.657, 34.2924], [136.6565, 34.2925], [136.6563, 34.2926], [136.6561, 34.2925], [136.6559, 34.293], [136.6556, 34.293], [136.655, 34.2919], [136.6547, 34.2919], [136.6547, 34.2923], [136.6549, 34.2924], [136.6537, 34.2919], [136.6523, 34.2919], [136.6521, 34.2918], [136.6524, 34.2914], [136.6521, 34.2912], [136.6516, 34.2915], [136.6515, 34.2914], [136.6508, 34.2902], [136.6508, 34.2898], [136.6507, 34.2897], [136.6498, 34.2902], [136.6504, 34.2909], [136.6504, 34.2913], [136.6504, 34.2917], [136.6502, 34.2917], [136.6501, 34.2924], [136.6503, 34.2928], [136.6508, 34.2925], [136.6528, 34.2923], [136.6536, 34.2923], [136.6544, 34.2926], [136.6536, 34.2923], [136.6535, 34.2926], [136.6537, 34.293], [136.6533, 34.2931], [136.653, 34.2935], [136.6529, 34.2946], [136.6531, 34.2954], [136.654, 34.2972], [136.655, 34.2983], [136.6567, 34.2995], [136.6572, 34.2997], [136.6582, 34.2998], [136.6591, 34.3006], [136.6598, 34.3009], [136.6617, 34.3013], [136.6617, 34.3011], [136.6623, 34.3012], [136.6621, 34.3007], [136.6625, 34.3006], [136.6624, 34.3004], [136.6627, 34.3006], [136.6626, 34.3004], [136.6627, 34.3002], [136.6632, 34.3002], [136.6631, 34.3004], [136.6635, 34.3006], [136.6635, 34.2998], [136.6639, 34.3001], [136.6638, 34.2999], [136.6641, 34.2999], [136.6638, 34.2998], [136.6636, 34.2996], [136.6644, 34.2998], [136.6647, 34.3002], [136.6646, 34.3002], [136.6648, 34.3009], [136.6647, 34.3011], [136.6645, 34.301], [136.6644, 34.3013], [136.6647, 34.3015], [136.6643, 34.3015], [136.664, 34.3016], [136.664, 34.3022], [136.6643, 34.3024], [136.6642, 34.3024], [136.6643, 34.3027], [136.6647, 34.3027], [136.6643, 34.303], [136.6646, 34.303], [136.6645, 34.3032], [136.6651, 34.3032], [136.6647, 34.3035], [136.6647, 34.3042], [136.6649, 34.3042], [136.6647, 34.3043], [136.6649, 34.3044], [136.6648, 34.3047], [136.6653, 34.3045], [136.6648, 34.3048], [136.665, 34.3049], [136.6649, 34.305], [136.6649, 34.3052], [136.6651, 34.3051], [136.6651, 34.3053], [136.6654, 34.3052], [136.6653, 34.3055], [136.6647, 34.3057], [136.6648, 34.3062], [136.6655, 34.3067], [136.6664, 34.3067], [136.6662, 34.3069], [136.6666, 34.3069], [136.6662, 34.3071], [136.6665, 34.3075], [136.668, 34.3083], [136.6688, 34.3083], [136.6688, 34.3082], [136.67, 34.3085], [136.6702, 34.3091], [136.67, 34.3095], [136.6702, 34.3098], [136.671, 34.3101], [136.6717, 34.3109], [136.6726, 34.3114], [136.6746, 34.312], [136.6747, 34.3123], [136.6742, 34.3131], [136.6746, 34.3139], [136.6757, 34.3148], [136.6763, 34.3151], [136.6764, 34.3149], [136.6764, 34.3154], [136.6767, 34.3153], [136.6773, 34.3154], [136.6773, 34.3156], [136.677, 34.3157], [136.6774, 34.3157], [136.6771, 34.3159], [136.677, 34.3167], [136.6758, 34.317], [136.6756, 34.3166], [136.675, 34.3166], [136.6743, 34.3169], [136.675, 34.3166], [136.6751, 34.3162], [136.6748, 34.3156], [136.6733, 34.3147], [136.6731, 34.3147], [136.6729, 34.3149], [136.673, 34.3147], [136.6718, 34.3145], [136.6719, 34.3143], [136.6713, 34.3142], [136.671, 34.3137], [136.6714, 34.3127], [136.6713, 34.3124], [136.6695, 34.3128], [136.669, 34.3127], [136.6689, 34.3129], [136.6691, 34.313], [136.6688, 34.3131], [136.6692, 34.3132], [136.6691, 34.3133], [136.6693, 34.3133], [136.6691, 34.3134], [136.6691, 34.3139], [136.6695, 34.3144], [136.6702, 34.3143], [136.6708, 34.3146], [136.671, 34.3152], [136.6714, 34.3151], [136.671, 34.3152], [136.6713, 34.3154], [136.6713, 34.3156], [136.6711, 34.3157], [136.6714, 34.3159], [136.6716, 34.3168], [136.671, 34.3167], [136.6707, 34.3165], [136.6697, 34.3165], [136.6696, 34.3166], [136.6696, 34.3165], [136.6692, 34.3163], [136.669, 34.3161], [136.6689, 34.3162], [136.6689, 34.316], [136.6685, 34.316], [136.6675, 34.3166], [136.6668, 34.3163], [136.6657, 34.3165], [136.6648, 34.3176], [136.6644, 34.3177], [136.664, 34.3176], [136.6635, 34.3173], [136.664, 34.3164], [136.6646, 34.316], [136.6645, 34.3152], [136.6642, 34.3143], [136.6651, 34.314], [136.6654, 34.3142], [136.6659, 34.314], [136.6663, 34.3141], [136.6665, 34.3135], [136.6672, 34.3132], [136.6676, 34.3126], [136.6673, 34.3123], [136.667, 34.3122], [136.6668, 34.3122], [136.6666, 34.3125], [136.6661, 34.3125], [136.666, 34.3118], [136.6657, 34.3116], [136.6653, 34.3118], [136.6653, 34.3123], [136.6649, 34.3128], [136.6646, 34.3125], [136.6644, 34.3126], [136.6644, 34.3125], [136.664, 34.3126], [136.6635, 34.3124], [136.6634, 34.3121], [136.6629, 34.3119], [136.6629, 34.3114], [136.6627, 34.3113], [136.6621, 34.3112], [136.6616, 34.3116], [136.6612, 34.3116], [136.6609, 34.3113], [136.6604, 34.3111], [136.6603, 34.3106], [136.6606, 34.3095], [136.6603, 34.3092], [136.6599, 34.3093], [136.6589, 34.3103], [136.6576, 34.3101], [136.6571, 34.3098], [136.6568, 34.3099], [136.6557, 34.3095], [136.6556, 34.3097], [136.6558, 34.3099], [136.6554, 34.3103], [136.6568, 34.3114], [136.6576, 34.3116], [136.6577, 34.312], [136.658, 34.312], [136.6577, 34.312], [136.6578, 34.3123], [136.6597, 34.3133], [136.6605, 34.3135], [136.661, 34.3141], [136.6606, 34.3143], [136.6597, 34.3143], [136.6593, 34.3144], [136.6582, 34.3142], [136.6575, 34.3149], [136.6573, 34.3154], [136.6574, 34.3154], [136.6572, 34.3154], [136.6569, 34.316], [136.6564, 34.3164], [136.6561, 34.3165], [136.6555, 34.316], [136.655, 34.3159], [136.6545, 34.316], [136.6543, 34.3163], [136.6545, 34.3164], [136.6542, 34.3163], [136.6542, 34.3166], [136.6532, 34.3165], [136.6529, 34.3164], [136.6529, 34.3159], [136.6527, 34.3158], [136.6529, 34.3159], [136.6536, 34.3156], [136.6535, 34.3152], [136.6537, 34.3145], [136.6532, 34.3143], [136.6528, 34.3145], [136.6523, 34.3145], [136.6524, 34.315], [136.6522, 34.3151], [136.652, 34.3147], [136.6513, 34.3142], [136.6514, 34.3138], [136.6519, 34.3136], [136.6516, 34.3127], [136.6513, 34.3125], [136.651, 34.3126], [136.6511, 34.3124], [136.6508, 34.3123], [136.6503, 34.3126], [136.6495, 34.3122], [136.6493, 34.3117], [136.6483, 34.3115], [136.6478, 34.3107], [136.6473, 34.3106], [136.6469, 34.3113], [136.6458, 34.3119], [136.6456, 34.3127], [136.6452, 34.3131], [136.6448, 34.313], [136.6445, 34.3118], [136.6449, 34.3108], [136.6455, 34.31], [136.6455, 34.3094], [136.6452, 34.3093], [136.6446, 34.3098], [136.6436, 34.3089], [136.6423, 34.3087], [136.6423, 34.309], [136.6423, 34.3087], [136.6418, 34.3085], [136.6419, 34.3078], [136.6413, 34.3075], [136.6406, 34.3074], [136.6404, 34.3089], [136.6407, 34.3102], [136.6401, 34.3116], [136.6397, 34.3117], [136.6389, 34.3114], [136.6386, 34.3111], [136.6385, 34.3108], [136.6387, 34.3098], [136.6387, 34.3091], [136.638, 34.3083], [136.6378, 34.3083], [136.6378, 34.3084], [136.6369, 34.3088], [136.6373, 34.3092], [136.6372, 34.3096], [136.637, 34.3098], [136.6372, 34.3102], [136.637, 34.3112], [136.6372, 34.3116], [136.637, 34.3116], [136.6376, 34.3116], [136.6372, 34.3121], [136.6376, 34.3127], [136.638, 34.3127], [136.6381, 34.3129], [136.6388, 34.313], [136.6396, 34.3131], [136.6415, 34.3124], [136.6424, 34.3117], [136.6427, 34.3117], [136.6429, 34.3123], [136.6428, 34.3125], [136.6428, 34.3126], [136.6424, 34.313], [136.6428, 34.3133], [136.6428, 34.3139], [136.6438, 34.3143], [136.6443, 34.3148], [136.6453, 34.3151], [136.6464, 34.3152], [136.6468, 34.3154], [136.6468, 34.3159], [136.6458, 34.3159], [136.6455, 34.3161], [136.6458, 34.3165], [136.6461, 34.3166], [136.6463, 34.3164], [136.6461, 34.3166], [136.6463, 34.3167], [136.6461, 34.317], [136.6465, 34.3167], [136.6473, 34.3166], [136.648, 34.3159], [136.649, 34.3156], [136.6494, 34.3158], [136.6496, 34.3162], [136.6491, 34.317], [136.6493, 34.3172], [136.6501, 34.3171], [136.6503, 34.3172], [136.6506, 34.3177], [136.6503, 34.3184], [136.6504, 34.3185], [136.6509, 34.3184], [136.6508, 34.3191], [136.6504, 34.3194], [136.6503, 34.3196], [136.6512, 34.3201], [136.6516, 34.3206], [136.6514, 34.321], [136.6514, 34.3213], [136.6512, 34.3213], [136.6511, 34.3216], [136.6511, 34.3224], [136.6513, 34.3224], [136.651, 34.3224], [136.651, 34.3227], [136.6508, 34.3227], [136.6511, 34.3233], [136.6519, 34.323], [136.652, 34.3233], [136.6529, 34.3229], [136.653, 34.3224], [136.6533, 34.322], [136.653, 34.3218], [136.6532, 34.3216], [136.6535, 34.3216], [136.6535, 34.3215], [136.6533, 34.3207], [136.6535, 34.3205], [136.6534, 34.3203], [136.6536, 34.3205], [136.6542, 34.3204], [136.654, 34.3195], [136.6547, 34.3189], [136.6554, 34.3186], [136.6563, 34.3185], [136.657, 34.3186], [136.658, 34.3186], [136.6584, 34.3188], [136.6584, 34.3195], [136.6593, 34.3201], [136.6596, 34.32], [136.6597, 34.3204], [136.6595, 34.3204], [136.6597, 34.3208], [136.6593, 34.3211], [136.6595, 34.3216], [136.6601, 34.3221], [136.6612, 34.3232], [136.6608, 34.3238], [136.6603, 34.3241], [136.6599, 34.3247], [136.6585, 34.3246], [136.6575, 34.325], [136.6572, 34.3252], [136.6569, 34.3252], [136.6571, 34.3253], [136.6569, 34.3252], [136.6567, 34.3257], [136.6571, 34.3261], [136.658, 34.326], [136.6593, 34.3263], [136.6594, 34.327], [136.6591, 34.3271], [136.6584, 34.3278], [136.6583, 34.328], [136.6584, 34.3282], [136.659, 34.3283], [136.6591, 34.3278], [136.659, 34.3283], [136.66, 34.3284], [136.6609, 34.3288], [136.661, 34.3287], [136.6602, 34.3279], [136.6602, 34.3274], [136.6605, 34.3271], [136.6613, 34.3277], [136.6618, 34.3284], [136.662, 34.3283], [136.6615, 34.3268], [136.6618, 34.3261], [136.6632, 34.3257], [136.6633, 34.3258], [136.6637, 34.3257], [136.6642, 34.3254], [136.6654, 34.3255], [136.6658, 34.3254], [136.6665, 34.3246], [136.6682, 34.3242], [136.6684, 34.3239], [136.6683, 34.3236], [136.6686, 34.3234], [136.6697, 34.324], [136.6703, 34.3239], [136.6704, 34.3241], [136.671, 34.3242], [136.6716, 34.3239], [136.6727, 34.3242], [136.6726, 34.3244], [136.6728, 34.3257], [136.6732, 34.3261], [136.6733, 34.3261], [136.6736, 34.3263], [136.6731, 34.3262], [136.673, 34.3265], [136.6722, 34.3268], [136.6717, 34.3267], [136.6707, 34.3277], [136.6698, 34.3279], [136.669, 34.3282], [136.6687, 34.3289], [136.6682, 34.3287], [136.6674, 34.3287], [136.6665, 34.3289], [136.6659, 34.3291], [136.6655, 34.329], [136.665, 34.329], [136.6645, 34.3292], [136.6646, 34.3296], [136.6658, 34.3307], [136.6666, 34.3306], [136.6676, 34.3312], [136.6679, 34.3312], [136.6682, 34.3315], [136.6689, 34.3316], [136.6695, 34.3315], [136.6708, 34.3318], [136.6704, 34.3321], [136.6704, 34.3323], [136.6716, 34.3332], [136.6716, 34.3334], [136.6718, 34.3334], [136.6716, 34.3335], [136.6718, 34.334], [136.6713, 34.3343], [136.6713, 34.3344], [136.6692, 34.3345], [136.6691, 34.3348], [136.6696, 34.3354], [136.6699, 34.3354], [136.6702, 34.336], [136.6709, 34.3362], [136.6713, 34.3365], [136.671, 34.3371], [136.6709, 34.337], [136.6707, 34.3372], [136.6691, 34.3374], [136.6689, 34.3379], [136.6692, 34.338], [136.6692, 34.3382], [136.6684, 34.3389], [136.667, 34.3395], [136.6653, 34.3393], [136.665, 34.3396], [136.6647, 34.3397], [136.6644, 34.3389], [136.664, 34.3387], [136.6633, 34.3389], [136.6633, 34.339], [136.6627, 34.3394], [136.6627, 34.3396], [136.6625, 34.3397], [136.6609, 34.3387], [136.6594, 34.3385], [136.6587, 34.3386], [136.6587, 34.3388], [136.657, 34.3392], [136.6568, 34.3394], [136.6571, 34.3395], [136.6571, 34.3396], [136.6564, 34.3403], [136.6562, 34.341], [136.6558, 34.341], [136.6549, 34.3418], [136.655, 34.342], [136.6553, 34.3415], [136.6562, 34.341], [136.6565, 34.3416], [136.6559, 34.3424], [136.655, 34.343], [136.6551, 34.3428], [136.6529, 34.3448], [136.6517, 34.3451], [136.6509, 34.3448], [136.6506, 34.3451], [136.6511, 34.3454], [136.651, 34.3456], [136.6512, 34.3454], [136.6517, 34.3456], [136.6522, 34.3456], [136.6516, 34.346], [136.652, 34.346], [136.6539, 34.3451], [136.6556, 34.3434], [136.6569, 34.3423], [136.6587, 34.342], [136.659, 34.3427], [136.6607, 34.3447], [136.6616, 34.3456], [136.662, 34.3457], [136.6629, 34.3454], [136.663, 34.3455], [136.6637, 34.3454], [136.6642, 34.3458], [136.6652, 34.3457], [136.6651, 34.3456], [136.6651, 34.3454], [136.6667, 34.3448], [136.6674, 34.3446], [136.6685, 34.344], [136.6692, 34.3437], [136.6695, 34.344], [136.6698, 34.3442], [136.6713, 34.3439], [136.6727, 34.344], [136.6728, 34.3438], [136.6727, 34.3432], [136.6721, 34.3431], [136.6721, 34.3428], [136.6725, 34.3425], [136.6724, 34.3421], [136.6714, 34.3416], [136.6721, 34.3404], [136.6722, 34.3393], [136.6727, 34.3391], [136.6734, 34.3391], [136.6737, 34.3395], [136.6736, 34.3397], [136.6742, 34.3399], [136.6745, 34.3396], [136.6746, 34.3391], [136.6754, 34.3393], [136.6754, 34.3391], [136.6758, 34.339], [136.676, 34.3387], [136.6763, 34.3386], [136.6768, 34.3386], [136.6767, 34.339], [136.677, 34.3395], [136.6773, 34.3396], [136.6774, 34.3398], [136.6775, 34.3397], [136.6774, 34.3399], [136.6775, 34.34], [136.6778, 34.34], [136.6776, 34.3401], [136.678, 34.3404], [136.6789, 34.3405], [136.6801, 34.341], [136.6804, 34.3415], [136.6802, 34.3418], [136.6799, 34.3419], [136.6801, 34.3423], [136.6807, 34.3422], [136.6809, 34.3426], [136.6815, 34.3429], [136.6817, 34.3425], [136.6815, 34.3425], [136.6816, 34.3422], [136.6824, 34.3423], [136.6825, 34.3428], [136.6827, 34.3429], [136.6844, 34.3432], [136.6842, 34.3437], [136.684, 34.3437], [136.6841, 34.3441], [136.6839, 34.3444], [136.6853, 34.3455], [136.6856, 34.3454], [136.6861, 34.3456], [136.6866, 34.3447], [136.6867, 34.3442], [136.6869, 34.3441], [136.6885, 34.3453], [136.6894, 34.3452], [136.6903, 34.3455], [136.6912, 34.3455], [136.6912, 34.3451], [136.6915, 34.3445], [136.691, 34.3441], [136.6908, 34.3435], [136.6903, 34.3433], [136.6898, 34.3439], [136.6892, 34.3436], [136.6885, 34.3437], [136.6883, 34.3435], [136.6881, 34.3437], [136.6877, 34.3437], [136.6871, 34.3429], [136.6868, 34.3428], [136.6864, 34.3417], [136.6849, 34.3402], [136.685, 34.34], [136.6855, 34.3396], [136.6857, 34.3391], [136.6854, 34.3387], [136.6851, 34.3387], [136.6843, 34.3396], [136.6833, 34.3393], [136.6837, 34.3383], [136.6836, 34.3382], [136.683, 34.3387], [136.6826, 34.3387], [136.6823, 34.3384], [136.6818, 34.3389], [136.6812, 34.3392], [136.6804, 34.3389], [136.6782, 34.3374], [136.6785, 34.337], [136.6784, 34.3366], [136.6787, 34.3363], [136.6788, 34.3358], [136.6793, 34.3355], [136.6806, 34.335], [136.681, 34.3352], [136.6826, 34.3351], [136.6833, 34.3354], [136.6835, 34.3358], [136.6832, 34.3361], [136.6834, 34.3366], [136.6841, 34.3365], [136.6841, 34.3366], [136.6847, 34.3369], [136.6855, 34.3367], [136.6858, 34.3373], [136.686, 34.3371], [136.6861, 34.3367], [136.6864, 34.3366], [136.6869, 34.3367], [136.6873, 34.3371], [136.6875, 34.3371], [136.6877, 34.3367], [136.6877, 34.3364], [136.688, 34.3361], [136.6876, 34.3358], [136.686, 34.3354], [136.6846, 34.3341], [136.6841, 34.3341], [136.6835, 34.3335], [136.6827, 34.333], [136.683, 34.3329], [136.6834, 34.3331], [136.684, 34.333], [136.6855, 34.3331], [136.6856, 34.3329], [136.6855, 34.3331], [136.6861, 34.3331], [136.6861, 34.333], [136.6861, 34.3332], [136.6863, 34.3331], [136.6864, 34.3333], [136.6865, 34.3331], [136.6865, 34.3333], [136.6868, 34.3332], [136.6871, 34.3334], [136.6875, 34.3332], [136.6875, 34.3328], [136.6873, 34.3326], [136.6869, 34.3326], [136.686, 34.3321], [136.6857, 34.3315], [136.6855, 34.3315], [136.6857, 34.3315], [136.6856, 34.3313], [136.6853, 34.3313], [136.6853, 34.3312], [136.6852, 34.331], [136.6851, 34.3311], [136.6852, 34.331], [136.6847, 34.3307], [136.6841, 34.33], [136.684, 34.33], [136.6841, 34.33], [136.6838, 34.3296], [136.683, 34.3298], [136.6832, 34.3294], [136.6831, 34.329], [136.6823, 34.3276], [136.6818, 34.3275], [136.6812, 34.3277], [136.6807, 34.3274], [136.6808, 34.3273], [136.6809, 34.3274], [136.6811, 34.3269], [136.6815, 34.3268], [136.682, 34.326], [136.6817, 34.3253], [136.6809, 34.325], [136.6811, 34.3246], [136.6814, 34.3244], [136.6819, 34.3243], [136.6819, 34.324], [136.6825, 34.3241], [136.6834, 34.3236], [136.6838, 34.3238], [136.6842, 34.3245], [136.6852, 34.325], [136.685, 34.3259], [136.6855, 34.3266], [136.6874, 34.3276], [136.6869, 34.3275], [136.6867, 34.3278], [136.6865, 34.3278], [136.6864, 34.3283], [136.6868, 34.3288], [136.6872, 34.3285], [136.6868, 34.3288], [136.687, 34.329], [136.6882, 34.3296], [136.6887, 34.3297], [136.689, 34.3306], [136.6896, 34.3308], [136.69, 34.3307], [136.6899, 34.3311], [136.6905, 34.3322], [136.6901, 34.3323], [136.69, 34.3329], [136.6902, 34.3331], [136.69, 34.3329], [136.6898, 34.333], [136.6894, 34.3336], [136.6897, 34.3338], [136.6903, 34.3332], [136.6907, 34.3332], [136.6912, 34.333], [136.6914, 34.3326], [136.692, 34.3326], [136.6921, 34.3328], [136.6916, 34.3332], [136.6917, 34.3336], [136.692, 34.3339], [136.6941, 34.3347], [136.6949, 34.3347], [136.6955, 34.3351], [136.6948, 34.3356], [136.6952, 34.3359], [136.6947, 34.3358], [136.6949, 34.3364], [136.6953, 34.3372], [136.696, 34.3376], [136.6963, 34.338], [136.6961, 34.3386], [136.6965, 34.3395], [136.6962, 34.3396], [136.6962, 34.3397], [136.6961, 34.3396], [136.6957, 34.3397], [136.6957, 34.3398], [136.6956, 34.3397], [136.6955, 34.3399], [136.6953, 34.3397], [136.6953, 34.3399], [136.6953, 34.3397], [136.6943, 34.3398], [136.6939, 34.3402], [136.6933, 34.3404], [136.6932, 34.3407], [136.6942, 34.3409], [136.6945, 34.3413], [136.6947, 34.3411], [136.6947, 34.3412], [136.6954, 34.3413], [136.6954, 34.3415], [136.6956, 34.3418], [136.6963, 34.3419], [136.697, 34.3422], [136.6965, 34.3427], [136.6972, 34.3433], [136.6962, 34.3437], [136.6961, 34.3445], [136.6951, 34.3446], [136.6943, 34.3453], [136.6944, 34.3461], [136.6947, 34.3465], [136.6943, 34.3472], [136.6937, 34.3473], [136.6937, 34.347], [136.6925, 34.3468], [136.6923, 34.3476], [136.6918, 34.3476], [136.6918, 34.3479], [136.6927, 34.348], [136.6939, 34.3486], [136.6962, 34.3488], [136.6967, 34.3486], [136.6969, 34.3487], [136.697, 34.349], [136.6986, 34.3495], [136.6989, 34.349], [136.699, 34.3481], [136.6988, 34.3476], [136.6986, 34.3477], [136.6988, 34.3476], [136.6983, 34.3467], [136.699, 34.346], [136.7008, 34.3471], [136.7005, 34.3483], [136.7005, 34.3495], [136.7008, 34.3495], [136.7009, 34.3483], [136.7017, 34.3475], [136.7022, 34.3473], [136.7054, 34.3485], [136.7065, 34.3494], [136.7073, 34.3492], [136.7079, 34.3489], [136.7076, 34.3478], [136.7068, 34.3469], [136.707, 34.3465], [136.7073, 34.3465], [136.7081, 34.3467], [136.7084, 34.347], [136.7088, 34.3461], [136.7087, 34.3458], [136.7085, 34.3457], [136.7082, 34.3459], [136.7083, 34.3458], [136.7081, 34.3457], [136.7072, 34.3456], [136.7068, 34.3452], [136.7057, 34.3449], [136.7053, 34.3443], [136.7052, 34.3444], [136.7053, 34.3442], [136.7046, 34.3438], [136.7047, 34.3434], [136.7044, 34.3431], [136.7045, 34.3423], [136.7043, 34.3422], [136.7045, 34.3414], [136.705, 34.3407], [136.7058, 34.3407], [136.7067, 34.3412], [136.7067, 34.3418], [136.7061, 34.3419], [136.7074, 34.3427], [136.7073, 34.3418], [136.708, 34.3415], [136.7086, 34.3416], [136.7086, 34.3412], [136.709, 34.3411], [136.7091, 34.3407], [136.7088, 34.3406], [136.7086, 34.3409], [136.7082, 34.341], [136.7074, 34.3405], [136.7075, 34.34], [136.7084, 34.3396], [136.7086, 34.3393], [136.7076, 34.3392], [136.7078, 34.3387], [136.7076, 34.3385], [136.707, 34.3391], [136.7068, 34.3397], [136.7065, 34.3398], [136.7059, 34.3395], [136.706, 34.3391], [136.7057, 34.3388], [136.7057, 34.3385], [136.7066, 34.3383], [136.707, 34.3377], [136.7069, 34.3373], [136.7065, 34.3374], [136.7064, 34.337], [136.706, 34.3366], [136.7063, 34.3363], [136.7068, 34.3361], [136.7079, 34.3363], [136.7084, 34.3367], [136.7095, 34.3364], [136.7097, 34.3368], [136.7106, 34.3371], [136.7107, 34.3377], [136.7103, 34.3379], [136.7098, 34.3377], [136.7095, 34.3382], [136.7092, 34.3382], [136.7092, 34.3384], [136.7094, 34.3385], [136.7106, 34.3384], [136.7112, 34.3388], [136.7113, 34.3392], [136.7106, 34.3393], [136.7104, 34.3391], [136.71, 34.3393], [136.7101, 34.3397], [136.7094, 34.3403], [136.7098, 34.3404], [136.7105, 34.34], [136.7114, 34.3399], [136.7116, 34.3399], [136.7116, 34.3402], [136.7112, 34.3404], [136.7112, 34.3409], [136.7116, 34.3407], [136.7122, 34.3409], [136.712, 34.3413], [136.7123, 34.3414], [136.7124, 34.3417], [136.712, 34.3419], [136.712, 34.3425], [136.7109, 34.3426], [136.7107, 34.3427], [136.7113, 34.343], [136.7111, 34.3431], [136.7112, 34.3434], [136.7111, 34.3434], [136.711, 34.3436], [136.7104, 34.3438], [136.7099, 34.3436], [136.7095, 34.3438], [136.7103, 34.3441], [136.7097, 34.3445], [136.7098, 34.3447], [136.7102, 34.3447], [136.7104, 34.3449], [136.7109, 34.3448], [136.7109, 34.3445], [136.7111, 34.3446], [136.7109, 34.3441], [136.7114, 34.3439], [136.7115, 34.3437], [136.7115, 34.3438], [136.7122, 34.343], [136.7126, 34.3431], [136.7129, 34.3434], [136.7127, 34.3437], [136.7128, 34.3439], [136.7123, 34.3446], [136.7125, 34.3447], [136.7129, 34.3446], [136.7131, 34.3447], [136.713, 34.3453], [136.7134, 34.3464], [136.7132, 34.3472], [136.7138, 34.347], [136.7142, 34.3463], [136.7143, 34.3457], [136.714, 34.3455], [136.7141, 34.3453], [136.7138, 34.3447], [136.7141, 34.3446], [136.7148, 34.3449], [136.7149, 34.3448], [136.7141, 34.3441], [136.7142, 34.344], [136.7147, 34.3439], [136.7146, 34.3436], [136.714, 34.3435], [136.7136, 34.3424], [136.7137, 34.3418], [136.7146, 34.3422], [136.715, 34.3422], [136.7152, 34.342], [136.7145, 34.3415], [136.7148, 34.3411], [136.7142, 34.3412], [136.7138, 34.3409], [136.7145, 34.3401], [136.7148, 34.3404], [136.7151, 34.3404], [136.7151, 34.3397], [136.715, 34.3394], [136.7151, 34.3393], [136.7157, 34.3394], [136.7171, 34.3406], [136.7169, 34.341], [136.7171, 34.3411], [136.7176, 34.3412], [136.7175, 34.3416], [136.7182, 34.342], [136.7181, 34.343], [136.7182, 34.3428], [136.7186, 34.3436], [136.7194, 34.3442], [136.7203, 34.3445], [136.7202, 34.3449], [136.7204, 34.3449], [136.7205, 34.3443], [136.7196, 34.3442], [136.7186, 34.3434], [136.7184, 34.3423], [136.7184, 34.3421], [136.7187, 34.3421], [136.7193, 34.3415], [136.7195, 34.3416], [136.7194, 34.3414], [136.7197, 34.3409], [136.7201, 34.3395], [136.7208, 34.3396], [136.721, 34.3395], [136.7209, 34.3391], [136.7213, 34.3385], [136.7211, 34.3381], [136.7215, 34.3378], [136.7215, 34.3381], [136.7218, 34.3382], [136.7218, 34.3386], [136.7222, 34.3388], [136.7219, 34.3392], [136.7218, 34.3397], [136.722, 34.3398], [136.7224, 34.3395], [136.7228, 34.3398], [136.7228, 34.3409], [136.7224, 34.3412], [136.7222, 34.3418], [136.7223, 34.3422], [136.7222, 34.343], [136.7223, 34.3434], [136.7225, 34.3433], [136.7224, 34.3435], [136.7225, 34.3436], [136.7234, 34.3441], [136.7243, 34.3444], [136.725, 34.3442], [136.7264, 34.3435], [136.7266, 34.343], [136.7267, 34.343], [136.7265, 34.3424], [136.7254, 34.3421], [136.7244, 34.3425], [136.724, 34.3423], [136.7242, 34.3418], [136.7238, 34.3415], [136.7239, 34.3411], [136.7242, 34.3409], [136.7249, 34.3406], [136.7248, 34.3402], [136.7253, 34.3402], [136.7254, 34.3399], [136.726, 34.3397], [136.726, 34.3395], [136.725, 34.3394], [136.7252, 34.3389], [136.7248, 34.3387], [136.7248, 34.3384], [136.7252, 34.3381], [136.724, 34.337], [136.7236, 34.3364], [136.723, 34.3361], [136.7233, 34.3357], [136.7231, 34.3351], [136.7229, 34.3349], [136.7224, 34.335], [136.722, 34.3343], [136.7228, 34.334], [136.7237, 34.3342], [136.7244, 34.3345], [136.7257, 34.3347], [136.7262, 34.3346], [136.7268, 34.3343], [136.7277, 34.335], [136.7287, 34.3351], [136.7288, 34.3348], [136.7294, 34.3349], [136.7292, 34.3347], [136.7299, 34.3343], [136.7301, 34.3339], [136.73, 34.3334], [136.7296, 34.3331], [136.7291, 34.3335], [136.7296, 34.3331], [136.7293, 34.3329], [136.7289, 34.3335], [136.7284, 34.3337], [136.7277, 34.333], [136.7265, 34.3333], [136.726, 34.3332], [136.7254, 34.3327], [136.7252, 34.333], [136.7244, 34.3332], [136.7241, 34.3328], [136.7237, 34.333], [136.7225, 34.3325], [136.7216, 34.3323], [136.7202, 34.3325], [136.7198, 34.3328], [136.719, 34.3326], [136.7183, 34.3327], [136.7178, 34.3321], [136.718, 34.3316], [136.7189, 34.3316], [136.7192, 34.3314], [136.72, 34.3317], [136.7205, 34.3315], [136.7205, 34.3312], [136.72, 34.3311], [136.7207, 34.3307], [136.7204, 34.3303], [136.7201, 34.3306], [136.7196, 34.3305], [136.7188, 34.3305], [136.7185, 34.3303], [136.7172, 34.3301], [136.7175, 34.3308], [136.7169, 34.3308], [136.7169, 34.3311], [136.7165, 34.3313], [136.7154, 34.3312], [136.7153, 34.3309], [136.7155, 34.3306], [136.7163, 34.3303], [136.7165, 34.3297], [136.7161, 34.3292], [136.7162, 34.3289], [136.7166, 34.3288], [136.7169, 34.3289], [136.7172, 34.3288], [136.7179, 34.3288], [136.7181, 34.3286], [136.7185, 34.3288], [136.7192, 34.3288], [136.7197, 34.3284], [136.7194, 34.328], [136.7195, 34.3279], [136.7194, 34.328], [136.7193, 34.3282], [136.7191, 34.3284], [136.7188, 34.3284], [136.7185, 34.3281], [136.718, 34.3283], [136.7178, 34.3282], [136.7183, 34.3278], [136.7181, 34.3276], [136.7171, 34.3282], [136.717, 34.328], [136.7172, 34.3275], [136.717, 34.3274], [136.7167, 34.3276], [136.7164, 34.3274], [136.7164, 34.327], [136.7168, 34.3268], [136.7161, 34.3265], [136.7165, 34.3265], [136.7163, 34.3262], [136.7163, 34.326], [136.7165, 34.3253], [136.7171, 34.3251], [136.717, 34.325], [136.7163, 34.3248], [136.7169, 34.3243], [136.7166, 34.3233], [136.717, 34.3228], [136.7168, 34.3224], [136.7169, 34.3221], [136.7168, 34.3222], [136.717, 34.322], [136.7164, 34.3223], [136.7164, 34.3226], [136.7161, 34.3225], [136.7159, 34.3227], [136.7161, 34.3237], [136.7158, 34.3238], [136.7153, 34.3244], [136.7155, 34.3251], [136.715, 34.325], [136.7148, 34.3253], [136.7152, 34.3264], [136.7151, 34.3265], [136.7147, 34.3265], [136.7145, 34.3266], [136.7151, 34.3279], [136.715, 34.3281], [136.7148, 34.3282], [136.7146, 34.3279], [136.7136, 34.3281], [136.7137, 34.3283], [136.7142, 34.3283], [136.7146, 34.3286], [136.7133, 34.3298], [136.7134, 34.33], [136.7132, 34.3302], [136.7136, 34.3309], [136.7134, 34.3312], [136.7126, 34.3311], [136.7123, 34.3314], [136.7119, 34.3314], [136.7115, 34.3312], [136.7121, 34.3307], [136.7121, 34.3302], [136.7123, 34.33], [136.7121, 34.3297], [136.7124, 34.3294], [136.7123, 34.3286], [136.7127, 34.3281], [136.7122, 34.328], [136.7117, 34.327], [136.7115, 34.3276], [136.7117, 34.3284], [136.7114, 34.3283], [136.7113, 34.3284], [136.7115, 34.3285], [136.7112, 34.3285], [136.7115, 34.3289], [136.7097, 34.3284], [136.7095, 34.3285], [136.7096, 34.3287], [136.7105, 34.3291], [136.7106, 34.3289], [136.7106, 34.3291], [136.7112, 34.3296], [136.7111, 34.33], [136.7107, 34.33], [136.7103, 34.3307], [136.7092, 34.3304], [136.7089, 34.3308], [136.7087, 34.3308], [136.7086, 34.3305], [136.7077, 34.33], [136.7066, 34.3299], [136.7054, 34.3293], [136.7045, 34.3294], [136.704, 34.329], [136.7042, 34.3282], [136.7046, 34.3277], [136.705, 34.3266], [136.7054, 34.3265], [136.7064, 34.3268], [136.707, 34.3268], [136.7069, 34.3264], [136.7064, 34.3263], [136.7059, 34.3258], [136.7061, 34.3256], [136.7066, 34.3257], [136.7069, 34.3255], [136.707, 34.3251], [136.7076, 34.3251], [136.7076, 34.3248], [136.7071, 34.3242], [136.7074, 34.3243], [136.7076, 34.3243], [136.7078, 34.324], [136.7084, 34.3241], [136.7092, 34.3237], [136.7089, 34.3235], [136.7086, 34.3236], [136.7078, 34.3233], [136.708, 34.3228], [136.7078, 34.3225], [136.7083, 34.3219], [136.7087, 34.322], [136.709, 34.3219], [136.7097, 34.3221], [136.7095, 34.3216], [136.7099, 34.3216], [136.7101, 34.3213], [136.7104, 34.3212], [136.7104, 34.3208], [136.7101, 34.3208], [136.7087, 34.321], [136.7089, 34.3204], [136.7091, 34.3203], [136.7093, 34.3205], [136.7094, 34.3203], [136.7097, 34.3204], [136.7098, 34.3202], [136.7092, 34.32], [136.7091, 34.3195], [136.7097, 34.319], [136.7103, 34.3188], [136.7101, 34.3186], [136.7095, 34.3188], [136.7093, 34.3186], [136.7092, 34.3181], [136.7096, 34.3177], [136.7094, 34.3174], [136.7095, 34.3173], [136.7094, 34.3172], [136.7093, 34.3174], [136.7093, 34.3173], [136.7091, 34.3178], [136.7084, 34.3183], [136.7086, 34.3191], [136.7083, 34.3188], [136.708, 34.319], [136.7073, 34.3199], [136.707, 34.3199], [136.7066, 34.3205], [136.7063, 34.3206], [136.7063, 34.321], [136.706, 34.3211], [136.7055, 34.3208], [136.7053, 34.321], [136.7053, 34.3216], [136.7055, 34.3216], [136.7055, 34.3219], [136.7059, 34.322], [136.706, 34.3222], [136.7053, 34.3236], [136.7054, 34.324], [136.705, 34.3242], [136.7049, 34.3246], [136.7046, 34.3246], [136.7043, 34.3241], [136.7044, 34.3229], [136.7047, 34.3228], [136.7047, 34.3226], [136.7042, 34.3223], [136.7043, 34.3221], [136.704, 34.3221], [136.7039, 34.3223], [136.7039, 34.323], [136.7037, 34.3235], [136.7032, 34.3235], [136.7029, 34.3233], [136.7026, 34.3233], [136.703, 34.3241], [136.7027, 34.3244], [136.7028, 34.3247], [136.7027, 34.3255], [136.7021, 34.3259], [136.7019, 34.3255], [136.7018, 34.3248], [136.7015, 34.3244], [136.7011, 34.3242], [136.7008, 34.3245], [136.7007, 34.3251], [136.7003, 34.3256], [136.7003, 34.3259], [136.6996, 34.3256], [136.6991, 34.3247], [136.6986, 34.3246], [136.6984, 34.3242], [136.6981, 34.3241], [136.698, 34.3234], [136.6977, 34.3233], [136.6976, 34.3229], [136.6979, 34.3228], [136.6983, 34.3231], [136.6992, 34.3227], [136.6995, 34.3228], [136.6999, 34.3227], [136.7, 34.3221], [136.7003, 34.322], [136.7005, 34.3215], [136.7014, 34.3217], [136.7014, 34.3214], [136.7023, 34.3212], [136.7025, 34.321], [136.7026, 34.3208], [136.7025, 34.3206], [136.7022, 34.3205], [136.7017, 34.3206], [136.7009, 34.32], [136.7007, 34.3189], [136.7013, 34.3179], [136.702, 34.3176], [136.7026, 34.317], [136.7019, 34.3176], [136.7012, 34.3179], [136.7014, 34.3177], [136.7007, 34.3183], [136.7004, 34.3184], [136.6999, 34.318], [136.6999, 34.3184], [136.6998, 34.3183], [136.7, 34.3187], [136.6998, 34.3191], [136.6993, 34.3193], [136.6988, 34.3192], [136.6986, 34.3193], [136.6986, 34.3196], [136.6981, 34.32], [136.6966, 34.3198], [136.6962, 34.3201], [136.6959, 34.3196], [136.6955, 34.3192], [136.6951, 34.3192], [136.6947, 34.3194], [136.6943, 34.3191], [136.6941, 34.3192], [136.6941, 34.3189], [136.6944, 34.319], [136.6948, 34.3187], [136.6952, 34.3179], [136.6952, 34.3175], [136.6946, 34.3166], [136.6947, 34.3166], [136.6944, 34.3157], [136.6939, 34.3151], [136.6932, 34.315], [136.6931, 34.3141], [136.6927, 34.3139], [136.6926, 34.3138], [136.693, 34.3139], [136.6929, 34.3136], [136.6936, 34.3134], [136.6941, 34.3128], [136.6944, 34.3129], [136.6946, 34.3126], [136.6952, 34.3124], [136.6956, 34.3125], [136.6956, 34.3122], [136.6957, 34.3125], [136.696, 34.3123], [136.6959, 34.3124], [136.6962, 34.3125], [136.6961, 34.3127], [136.6965, 34.313], [136.6981, 34.3128], [136.6988, 34.313], [136.6998, 34.3129], [136.7002, 34.3128], [136.7002, 34.3125], [136.6988, 34.3122], [136.6971, 34.3122], [136.697, 34.3116], [136.6975, 34.3112], [136.6979, 34.3111], [136.6979, 34.3109], [136.6973, 34.3111], [136.6975, 34.3109], [136.6977, 34.3109], [136.6975, 34.3106], [136.6965, 34.3106], [136.6963, 34.3108], [136.696, 34.3109], [136.6955, 34.3106], [136.6956, 34.3104], [136.6954, 34.31], [136.6955, 34.3095], [136.6958, 34.309], [136.6963, 34.3086], [136.6965, 34.3081], [136.6962, 34.308], [136.6957, 34.308], [136.6956, 34.3083], [136.6954, 34.3083], [136.6955, 34.3084], [136.6954, 34.3083], [136.6954, 34.3085], [136.6951, 34.3085], [136.6947, 34.3088], [136.6945, 34.3094], [136.6947, 34.3098], [136.6943, 34.3101], [136.6944, 34.3102], [136.6942, 34.3101], [136.6941, 34.3103], [136.6941, 34.3104], [136.694, 34.3103], [136.6935, 34.3107], [136.6929, 34.3109], [136.6921, 34.3107], [136.6918, 34.3107], [136.6919, 34.3107], [136.6917, 34.3106], [136.6912, 34.31], [136.6908, 34.31], [136.6909, 34.3099], [136.6907, 34.3092], [136.6909, 34.3089], [136.6906, 34.3082], [136.6906, 34.3077], [136.6903, 34.3071], [136.6897, 34.3066], [136.689, 34.3065], [136.6886, 34.3062], [136.6888, 34.3062], [136.6887, 34.3058], [136.689, 34.3059], [136.6891, 34.3058], [136.6893, 34.3053], [136.6891, 34.3051], [136.6893, 34.3051], [136.6896, 34.3044], [136.6889, 34.3043], [136.6895, 34.3044], [136.6898, 34.3038], [136.6895, 34.3028], [136.6888, 34.303], [136.6884, 34.3043], [136.6888, 34.3029], [136.6886, 34.3016], [136.6884, 34.3013], [136.6873, 34.3014], [136.6876, 34.3001], [136.6895, 34.3], [136.6901, 34.2981], [136.6892, 34.298], [136.6895, 34.2964], [136.689, 34.2963], [136.6904, 34.2965], [136.6909, 34.2945], [136.69, 34.2947], [136.6897, 34.2959], [136.6891, 34.2959], [136.6894, 34.2945], [136.689, 34.294], [136.6891, 34.294], [136.6896, 34.2945], [136.6906, 34.2944], [136.6905, 34.2937], [136.6907, 34.2936], [136.6898, 34.2928], [136.6885, 34.2936], [136.6881, 34.2931], [136.6851, 34.2931], [136.6854, 34.2926], [136.6861, 34.2925], [136.6861, 34.2918], [136.6857, 34.2913], [136.6848, 34.2916], [136.6843, 34.292], [136.6822, 34.2954], [136.683, 34.2965], [136.6832, 34.2966], [136.6837, 34.2973], [136.6835, 34.2976], [136.6831, 34.2978], [136.6829, 34.2982], [136.6838, 34.2997], [136.6834, 34.3002], [136.6829, 34.3002], [136.6825, 34.3006], [136.6823, 34.3005], [136.6823, 34.3003], [136.6821, 34.3003], [136.6823, 34.3002], [136.6818, 34.3003], [136.6819, 34.2997], [136.6815, 34.2997], [136.6818, 34.2996], [136.6817, 34.2994], [136.6816, 34.2994], [136.6815, 34.2991], [136.6812, 34.299], [136.6813, 34.2989], [136.6807, 34.299], [136.6807, 34.2985], [136.6809, 34.2984], [136.6809, 34.2981], [136.6808, 34.2978], [136.6804, 34.2977], [136.6805, 34.2976], [136.6804, 34.2972], [136.6801, 34.2972], [136.6799, 34.2969], [136.6794, 34.2967], [136.6801, 34.2966], [136.6803, 34.296], [136.6801, 34.2959], [136.6803, 34.2958], [136.68, 34.2958], [136.6805, 34.2952], [136.6808, 34.2951], [136.681, 34.2954], [136.6812, 34.2952], [136.6815, 34.2955], [136.6816, 34.2952], [136.6818, 34.2952], [136.682, 34.2949], [136.6822, 34.295], [136.684, 34.2921], [136.6847, 34.2915], [136.6857, 34.2911], [136.6858, 34.2908], [136.6853, 34.2907], [136.6854, 34.2905], [136.6852, 34.2905], [136.6852, 34.2903], [136.6855, 34.2903], [136.6855, 34.29], [136.6858, 34.2894], [136.685, 34.2889], [136.6853, 34.289], [136.6853, 34.2888], [136.6856, 34.289], [136.6861, 34.2886], [136.6865, 34.2887], [136.6873, 34.2884], [136.6877, 34.288], [136.6879, 34.2874], [136.6873, 34.2872], [136.6877, 34.2872], [136.6881, 34.2873], [136.6877, 34.287], [136.6881, 34.2871], [136.6881, 34.2868], [136.6885, 34.2863], [136.6883, 34.2862], [136.6883, 34.2858], [136.6878, 34.2858], [136.6881, 34.2857], [136.6879, 34.2856], [136.6882, 34.2857], [136.6882, 34.2853], [136.6872, 34.2851], [136.6874, 34.2849], [136.6872, 34.2849], [136.6873, 34.2847], [136.6869, 34.2845], [136.6874, 34.2844], [136.6871, 34.2842], [136.6876, 34.2842], [136.6878, 34.284], [136.688, 34.2839], [136.6883, 34.284], [136.6883, 34.2839], [136.6886, 34.2838], [136.6889, 34.2839], [136.689, 34.2842], [136.689, 34.284], [136.6892, 34.284], [136.689, 34.2837], [136.6896, 34.2838], [136.6895, 34.2835], [136.6897, 34.2838], [136.6897, 34.2836], [136.69, 34.2837], [136.6898, 34.2837], [136.6903, 34.2842], [136.6901, 34.2844], [136.6903, 34.2848], [136.6909, 34.2851], [136.6912, 34.285], [136.6913, 34.2853], [136.6912, 34.2854], [136.6914, 34.2856], [136.6914, 34.286], [136.6912, 34.286], [136.6901, 34.287], [136.6903, 34.2878], [136.691, 34.2886], [136.6932, 34.2894], [136.6939, 34.2895], [136.6946, 34.2894], [136.6947, 34.2891], [136.6952, 34.289], [136.6958, 34.2892], [136.6961, 34.2889], [136.6963, 34.2889], [136.6963, 34.2891], [136.6978, 34.2891], [136.6977, 34.2894], [136.6979, 34.2897], [136.6982, 34.2897], [136.6982, 34.2899], [136.6985, 34.2898], [136.6984, 34.2903], [136.6986, 34.2904], [136.6989, 34.2902], [136.6989, 34.2904], [136.6991, 34.2905], [136.6987, 34.2907], [136.6988, 34.2908], [136.6987, 34.2909], [136.6991, 34.291], [136.6987, 34.2911], [136.699, 34.2913], [136.6985, 34.2921], [136.6986, 34.2924], [136.699, 34.2927], [136.6997, 34.2927], [136.6999, 34.2929], [136.7006, 34.2931], [136.7018, 34.293], [136.7023, 34.2928], [136.7024, 34.2924], [136.7026, 34.2923], [136.7025, 34.2921], [136.7029, 34.2915], [136.7026, 34.2914], [136.7029, 34.2912], [136.7023, 34.2911], [136.7023, 34.2909], [136.7035, 34.2908], [136.704, 34.2909], [136.7041, 34.2907], [136.7042, 34.2908], [136.7043, 34.2906], [136.7045, 34.2908], [136.7046, 34.2905], [136.705, 34.291], [136.7049, 34.2914], [136.7051, 34.2915], [136.7045, 34.2916], [136.7046, 34.2922], [136.7049, 34.2924], [136.7049, 34.2928], [136.7048, 34.2929], [136.705, 34.2929], [136.7049, 34.293], [136.7056, 34.2937], [136.7065, 34.2942], [136.7077, 34.2943], [136.7077, 34.294], [136.708, 34.2939], [136.7077, 34.2938], [136.708, 34.2938], [136.7081, 34.2936], [136.7083, 34.2936], [136.7085, 34.2937], [136.7082, 34.2938], [136.7085, 34.2939], [136.7086, 34.2937], [136.7089, 34.2942], [136.709, 34.2941], [136.7096, 34.2945], [136.71, 34.2945], [136.7105, 34.2944], [136.7106, 34.2942], [136.7104, 34.2941], [136.7106, 34.2941], [136.7108, 34.294], [136.7103, 34.2935], [136.7109, 34.2937], [136.7108, 34.2935], [136.7113, 34.2937], [136.7114, 34.2937], [136.7113, 34.2935], [136.7117, 34.2937], [136.712, 34.2936], [136.7128, 34.2943], [136.7132, 34.2942], [136.7129, 34.2946], [136.7132, 34.2947], [136.713, 34.295], [136.7131, 34.2954], [136.7138, 34.2959], [136.7141, 34.2959], [136.7144, 34.2961], [136.7152, 34.297], [136.715, 34.2971], [136.7151, 34.2974], [136.7129, 34.2982], [136.7127, 34.2989], [136.7129, 34.2998], [136.7138, 34.3011], [136.7154, 34.302], [136.7159, 34.302], [136.7158, 34.3024], [136.7152, 34.3036], [136.7148, 34.3048], [136.7143, 34.3049], [136.7131, 34.3056], [136.7126, 34.3056], [136.712, 34.3065], [136.711, 34.3064], [136.7104, 34.3066], [136.7083, 34.3067], [136.7075, 34.3063], [136.7059, 34.3061], [136.7043, 34.3047], [136.7016, 34.3061], [136.7022, 34.3066], [136.7028, 34.3082], [136.7034, 34.309], [136.7033, 34.3104], [136.7043, 34.3118], [136.7045, 34.3129], [136.7053, 34.3132], [136.7057, 34.3137], [136.708, 34.3144], [136.7086, 34.3148], [136.7095, 34.3145], [136.7102, 34.3139], [136.7111, 34.3137], [136.7126, 34.3146], [136.7129, 34.3151], [136.7138, 34.3155], [136.7153, 34.3155], [136.717, 34.3148], [136.7175, 34.3148], [136.7185, 34.3153], [136.7194, 34.3161], [136.7202, 34.3164], [136.7207, 34.3169], [136.7213, 34.3172], [136.7228, 34.3171], [136.7238, 34.3166], [136.7245, 34.3164], [136.7253, 34.3168], [136.7257, 34.3172], [136.7266, 34.3173], [136.7269, 34.3179], [136.728, 34.3184], [136.7289, 34.3196], [136.7295, 34.3199], [136.7308, 34.3201], [136.7316, 34.3206], [136.7323, 34.3207], [136.7344, 34.3202], [136.7354, 34.3203], [136.7357, 34.3205], [136.736, 34.3212], [136.7367, 34.3213], [136.7373, 34.3217], [136.7393, 34.3215], [136.7396, 34.3219], [136.7412, 34.3223], [136.7416, 34.3228], [136.7418, 34.3233], [136.743, 34.3241], [136.7434, 34.3249], [136.7439, 34.3249], [136.7444, 34.3247], [136.7455, 34.3251], [136.7457, 34.3261], [136.7455, 34.3269], [136.7459, 34.3272], [136.7453, 34.3282], [136.7455, 34.3287], [136.7461, 34.3292], [136.7457, 34.33], [136.7459, 34.3308], [136.7463, 34.3313], [136.7455, 34.3324], [136.7466, 34.3337], [136.7467, 34.3342], [136.7474, 34.3343], [136.7477, 34.3349], [136.749, 34.3363], [136.7494, 34.3363], [136.7498, 34.3366], [136.7502, 34.3366], [136.7509, 34.3369], [136.7519, 34.3369], [136.7533, 34.3376], [136.7544, 34.3385], [136.756, 34.3404], [136.756, 34.3412], [136.7547, 34.3422], [136.7533, 34.345], [136.7532, 34.3457], [136.7535, 34.3474], [136.7528, 34.3477], [136.7525, 34.3486], [136.7512, 34.3496], [136.7508, 34.3498], [136.7497, 34.3499], [136.7492, 34.3503], [136.7484, 34.3505], [136.7478, 34.3517], [136.7484, 34.3532], [136.7489, 34.3534], [136.7496, 34.3541], [136.7499, 34.3546], [136.7508, 34.3555], [136.7506, 34.3563], [136.7509, 34.3572], [136.7522, 34.3592], [136.7529, 34.3598], [136.7544, 34.362], [136.7552, 34.3641], [136.7537, 34.3658], [136.7522, 34.3669], [136.754, 34.3683], [136.7522, 34.3697], [136.7501, 34.3718], [136.7484, 34.3727], [136.7474, 34.3742], [136.7467, 34.3763], [136.7445, 34.3767], [136.7435, 34.3773], [136.743, 34.3781], [136.7435, 34.3801], [136.7432, 34.3805], [136.7437, 34.3834], [136.7435, 34.3841], [136.7435, 34.3848], [136.7422, 34.3854], [136.7406, 34.3858], [136.7399, 34.3863], [136.7385, 34.3864], [136.7363, 34.3873], [136.7348, 34.3874], [136.7331, 34.387], [136.7327, 34.3873], [136.732, 34.3875], [136.7304, 34.3875], [136.7296, 34.3873], [136.7287, 34.3876], [136.727, 34.3877], [136.7261, 34.388], [136.7257, 34.388], [136.7253, 34.3878], [136.7238, 34.3887], [136.7233, 34.3909], [136.7222, 34.3913], [136.7214, 34.3914], [136.7211, 34.3917], [136.7203, 34.3918], [136.719, 34.3923], [136.7175, 34.392]], [[136.6507, 34.3001], [136.6514, 34.3005], [136.6521, 34.2999], [136.6522, 34.2992], [136.6528, 34.2992], [136.6532, 34.2994], [136.6534, 34.2989], [136.6531, 34.2986], [136.653, 34.2977], [136.6527, 34.2975], [136.6522, 34.296], [136.6521, 34.296], [136.6522, 34.296], [136.6519, 34.2953], [136.6519, 34.2941], [136.6516, 34.2935], [136.651, 34.2933], [136.6507, 34.2927], [136.6503, 34.2928], [136.6502, 34.2933], [136.6495, 34.2935], [136.6491, 34.2938], [136.6487, 34.2949], [136.6495, 34.2951], [136.6496, 34.2954], [136.6493, 34.2956], [136.6486, 34.2955], [136.6473, 34.2957], [136.6468, 34.2957], [136.6461, 34.2959], [136.6449, 34.2957], [136.6442, 34.2957], [136.6435, 34.2954], [136.6424, 34.2955], [136.6422, 34.2954], [136.6419, 34.2957], [136.6418, 34.296], [136.6424, 34.2963], [136.6422, 34.2965], [136.6432, 34.2964], [136.645, 34.2966], [136.6455, 34.2972], [136.645, 34.2977], [136.6459, 34.2983], [136.6469, 34.2978], [136.6477, 34.2982], [136.6483, 34.2981], [136.6485, 34.2983], [136.6485, 34.2993], [136.6483, 34.2999], [136.6485, 34.3], [136.6496, 34.2996], [136.6502, 34.2997], [136.6507, 34.3001]]], [[[136.6955, 34.329], [136.6951, 34.3289], [136.6951, 34.3283], [136.6955, 34.3286], [136.6955, 34.329]]], [[[136.7135, 34.3381], [136.7148, 34.3386], [136.7145, 34.3389], [136.7141, 34.339], [136.7134, 34.3384], [136.7135, 34.3381]]], [[[136.6469, 34.3131], [136.6471, 34.3133], [136.6471, 34.3136], [136.6467, 34.3137], [136.6465, 34.3132], [136.6469, 34.3131]]], [[[136.6725, 34.3055], [136.6726, 34.3057], [136.6718, 34.3058], [136.6713, 34.3057], [136.6711, 34.3055], [136.6717, 34.3055], [136.6717, 34.3052], [136.6725, 34.3055]]], [[[136.7144, 34.2932], [136.7145, 34.2933], [136.7143, 34.2934], [136.7141, 34.293], [136.7145, 34.293], [136.7147, 34.293], [136.7147, 34.2928], [136.7151, 34.2931], [136.7151, 34.2932], [136.7144, 34.2932]]], [[[136.68, 34.295], [136.6799, 34.2955], [136.6793, 34.2955], [136.68, 34.295]]], [[[136.6868, 34.3073], [136.686, 34.3073], [136.686, 34.3071], [136.6863, 34.3066], [136.6867, 34.3067], [136.6866, 34.3065], [136.6871, 34.3065], [136.6872, 34.3066], [136.6872, 34.307], [136.6868, 34.3073]]], [[[136.719, 34.3405], [136.7185, 34.3408], [136.7184, 34.3413], [136.7177, 34.3408], [136.7177, 34.3406], [136.7174, 34.3405], [136.7173, 34.3402], [136.7171, 34.3402], [136.7169, 34.3399], [136.7165, 34.3397], [136.7165, 34.3395], [136.7162, 34.3394], [136.716, 34.3388], [136.7157, 34.3387], [136.7158, 34.3384], [136.7152, 34.3384], [136.715, 34.3382], [136.7153, 34.3376], [136.715, 34.3372], [136.7154, 34.3368], [136.7162, 34.3366], [136.7157, 34.3363], [136.7157, 34.3357], [136.7154, 34.3359], [136.7153, 34.3364], [136.7141, 34.337], [136.7143, 34.3367], [136.714, 34.3357], [136.7138, 34.3356], [136.7135, 34.3357], [136.7135, 34.3349], [136.7134, 34.3348], [136.7131, 34.3349], [136.7133, 34.3341], [136.7156, 34.3342], [136.7165, 34.3346], [136.7171, 34.3345], [136.7185, 34.3361], [136.7189, 34.3363], [136.7186, 34.3367], [136.718, 34.337], [136.7183, 34.3372], [136.7195, 34.337], [136.7187, 34.3379], [136.7189, 34.338], [136.7194, 34.3377], [136.7195, 34.3382], [136.7198, 34.3385], [136.7193, 34.3389], [136.7191, 34.3394], [136.7193, 34.3399], [136.719, 34.3405]]], [[[136.7045, 34.3304], [136.7042, 34.3311], [136.704, 34.3312], [136.7034, 34.3306], [136.7032, 34.3301], [136.7045, 34.3304]]], [[[136.4561, 34.2211], [136.4565, 34.2213], [136.4566, 34.2218], [136.4563, 34.2218], [136.4559, 34.2214], [136.4561, 34.2211]]], [[[136.4551, 34.2203], [136.4554, 34.2208], [136.4554, 34.2211], [136.4551, 34.2207], [136.4551, 34.2203]]], [[[136.4663, 34.2308], [136.4665, 34.2309], [136.4663, 34.231], [136.4663, 34.2314], [136.4659, 34.2311], [136.4657, 34.2306], [136.466, 34.2305], [136.4663, 34.2308]]], [[[136.4812, 34.2279], [136.481, 34.2279], [136.4812, 34.2276], [136.4811, 34.2273], [136.4815, 34.2276], [136.4812, 34.2279]]], [[[136.4969, 34.2244], [136.4968, 34.2246], [136.4964, 34.2249], [136.4961, 34.2244], [136.496, 34.2241], [136.4962, 34.2244], [136.4963, 34.2241], [136.4959, 34.2236], [136.4964, 34.2238], [136.4964, 34.2233], [136.497, 34.2237], [136.4967, 34.2241], [136.4969, 34.2244]]], [[[136.4754, 34.2273], [136.4746, 34.2274], [136.4745, 34.2272], [136.4747, 34.2269], [136.475, 34.2269], [136.4754, 34.2271], [136.4754, 34.2273]]], [[[136.4753, 34.226], [136.4755, 34.2261], [136.4754, 34.2263], [136.4752, 34.2265], [136.4749, 34.2264], [136.4748, 34.226], [136.4753, 34.226]]], [[[136.4864, 34.2205], [136.4865, 34.2208], [136.4857, 34.2208], [136.4858, 34.2205], [136.4864, 34.2205]]], [[[136.511, 34.2322], [136.5111, 34.2323], [136.5109, 34.2326], [136.5105, 34.233], [136.5103, 34.233], [136.5102, 34.2327], [136.511, 34.2322]]], [[[136.5203, 34.2397], [136.5203, 34.24], [136.5198, 34.2402], [136.5197, 34.2405], [136.5194, 34.2404], [136.519, 34.2401], [136.5196, 34.2393], [136.52, 34.2394], [136.5203, 34.2397]]], [[[136.52, 34.2419], [136.5198, 34.242], [136.5197, 34.2417], [136.52, 34.2419]]], [[[136.5164, 34.2385], [136.5162, 34.2387], [136.5158, 34.2385], [136.516, 34.2383], [136.516, 34.2385], [136.5161, 34.2384], [136.5164, 34.2382], [136.5166, 34.2384], [136.5164, 34.2385]]], [[[136.5124, 34.263], [136.5122, 34.2631], [136.5115, 34.2629], [136.5114, 34.2626], [136.5116, 34.2626], [136.5116, 34.2622], [136.5117, 34.262], [136.5121, 34.2622], [136.5121, 34.262], [136.5122, 34.2619], [136.512, 34.2617], [136.5125, 34.2617], [136.5124, 34.2614], [136.5133, 34.2614], [136.5133, 34.2616], [136.5135, 34.2615], [136.5137, 34.2617], [136.5136, 34.262], [136.5133, 34.2623], [136.5129, 34.2622], [136.5127, 34.2624], [136.5129, 34.263], [136.5124, 34.263]]], [[[136.5263, 34.2589], [136.5262, 34.2591], [136.5255, 34.2589], [136.5255, 34.2585], [136.5252, 34.2585], [136.5251, 34.2581], [136.5247, 34.2582], [136.5244, 34.2581], [136.5246, 34.2579], [136.5243, 34.2576], [136.5248, 34.2574], [136.5253, 34.2574], [136.5252, 34.2579], [136.5258, 34.2581], [136.5254, 34.2579], [136.5257, 34.2579], [136.5258, 34.258], [136.5263, 34.2581], [136.5262, 34.2586], [136.5264, 34.2585], [136.526, 34.2588], [136.5263, 34.2589]]], [[[136.5452, 34.2498], [136.5454, 34.2504], [136.5443, 34.2505], [136.5437, 34.2501], [136.5435, 34.2498], [136.5437, 34.2495], [136.5444, 34.2496], [136.5444, 34.2494], [136.5448, 34.2495], [136.5452, 34.2498]]], [[[136.5562, 34.2434], [136.5561, 34.2435], [136.5557, 34.2434], [136.5557, 34.2428], [136.5554, 34.2425], [136.5555, 34.2423], [136.5557, 34.2423], [136.5556, 34.2419], [136.556, 34.2418], [136.5559, 34.2419], [136.5562, 34.2418], [136.5562, 34.2422], [136.5565, 34.2425], [136.5563, 34.2429], [136.5565, 34.2431], [136.5563, 34.2431], [136.5562, 34.2434]]], [[[136.5515, 34.2493], [136.5511, 34.2496], [136.5504, 34.2493], [136.5504, 34.2495], [136.5498, 34.2495], [136.5495, 34.2491], [136.5487, 34.2493], [136.5483, 34.2484], [136.5484, 34.2481], [136.5477, 34.248], [136.5481, 34.2477], [136.5478, 34.2478], [136.5478, 34.2476], [136.5483, 34.2473], [136.5481, 34.247], [136.5485, 34.2469], [136.5485, 34.2466], [136.5482, 34.2461], [136.5484, 34.2461], [136.5486, 34.2457], [136.5482, 34.2454], [136.5485, 34.2451], [136.5475, 34.2449], [136.5471, 34.2444], [136.5474, 34.2443], [136.5475, 34.2439], [136.5488, 34.2443], [136.549, 34.2439], [136.5494, 34.2426], [136.5483, 34.2422], [136.5486, 34.2418], [136.5493, 34.2417], [136.5501, 34.2418], [136.5512, 34.2427], [136.5511, 34.2429], [136.5508, 34.2427], [136.5508, 34.2429], [136.5516, 34.2432], [136.5511, 34.2438], [136.5527, 34.2442], [136.5529, 34.2444], [136.5531, 34.2444], [136.5533, 34.244], [136.553, 34.2439], [136.5531, 34.2437], [136.5528, 34.2436], [136.5529, 34.2432], [136.5533, 34.2431], [136.5534, 34.2435], [136.5539, 34.2433], [136.5541, 34.2428], [136.5545, 34.2428], [136.5552, 34.2428], [136.5555, 34.2432], [136.5555, 34.2434], [136.5552, 34.2435], [136.5551, 34.2438], [136.5554, 34.244], [136.555, 34.2445], [136.5552, 34.2446], [136.5555, 34.2445], [136.5556, 34.2446], [136.5548, 34.2454], [136.5544, 34.2455], [136.5543, 34.2457], [136.554, 34.2457], [136.5541, 34.2459], [136.5537, 34.246], [136.5533, 34.2463], [136.5536, 34.2469], [136.554, 34.2468], [136.5547, 34.2472], [136.5546, 34.2473], [136.5547, 34.2477], [136.5543, 34.2479], [136.5548, 34.2481], [136.5545, 34.2483], [136.5537, 34.2482], [136.5536, 34.2478], [136.5534, 34.2476], [136.5531, 34.2477], [136.5531, 34.248], [136.5519, 34.2477], [136.5516, 34.2479], [136.5518, 34.2481], [136.5511, 34.2481], [136.5507, 34.2485], [136.5508, 34.2487], [136.5513, 34.2489], [136.5513, 34.2492], [136.5515, 34.2493]]], [[[136.5418, 34.2448], [136.542, 34.2452], [136.5416, 34.2452], [136.5412, 34.245], [136.5412, 34.2445], [136.5418, 34.2445], [136.5418, 34.2448]]], [[[136.5488, 34.2409], [136.5487, 34.2412], [136.5482, 34.2413], [136.5482, 34.2408], [136.5488, 34.2409]]], [[[136.5598, 34.2742], [136.5598, 34.2745], [136.5595, 34.2746], [136.5593, 34.2743], [136.5588, 34.274], [136.5589, 34.2735], [136.5588, 34.2734], [136.5591, 34.2733], [136.5594, 34.2735], [136.5593, 34.2733], [136.5598, 34.2734], [136.56, 34.274], [136.5598, 34.274], [136.5599, 34.2743], [136.5598, 34.2742]]], [[[136.5619, 34.2848], [136.5617, 34.2851], [136.5614, 34.2851], [136.5614, 34.2849], [136.5617, 34.2848], [136.5617, 34.2847], [136.5619, 34.2848]]], [[[136.5781, 34.2863], [136.5778, 34.2865], [136.5776, 34.2864], [136.5771, 34.2863], [136.5761, 34.2864], [136.5752, 34.2861], [136.5751, 34.2858], [136.5741, 34.2855], [136.5739, 34.2848], [136.573, 34.2843], [136.5735, 34.2842], [136.5736, 34.284], [136.5734, 34.2838], [136.5734, 34.2834], [136.5732, 34.2832], [136.5739, 34.2832], [136.5745, 34.2836], [136.576, 34.2855], [136.5761, 34.2859], [136.5766, 34.2862], [136.5777, 34.286], [136.5781, 34.2863]]], [[[136.586, 34.2566], [136.5861, 34.2568], [136.5859, 34.2569], [136.5855, 34.2568], [136.5855, 34.2567], [136.5852, 34.2566], [136.5851, 34.2568], [136.5847, 34.2559], [136.5851, 34.2558], [136.586, 34.2562], [136.586, 34.2566]]], [[[136.6056, 34.2571], [136.6066, 34.2578], [136.6062, 34.2578], [136.6057, 34.2574], [136.6056, 34.2571]]], [[[136.5967, 34.2546], [136.5962, 34.2547], [136.5956, 34.2544], [136.5959, 34.2541], [136.5967, 34.2546]]], [[[136.5914, 34.2562], [136.5916, 34.2564], [136.5914, 34.2566], [136.5911, 34.2565], [136.5909, 34.2563], [136.5914, 34.2562]]], [[[136.5961, 34.2557], [136.5959, 34.2555], [136.5958, 34.255], [136.5968, 34.255], [136.5965, 34.2554], [136.5966, 34.2555], [136.5961, 34.2557]]], [[[136.6065, 34.2572], [136.607, 34.2575], [136.6066, 34.2574], [136.6065, 34.2572]]]]}, "properties": {"name": "三重県南伊勢町"}}, {"type": "Feature", "geometry": {"type": "MultiPolygon", "coordinates": [[[[136.7158, 34.3024], [136.7173, 34.303], [136.7176, 34.3029], [136.7176, 34.3031], [136.7179, 34.3029], [136.7176, 34.3031], [136.7177, 34.3034], [136.7179, 34.3033], [136.7179, 34.3036], [136.7184, 34.3037], [136.7228, 34.3042], [136.7237, 34.3042], [136.7236, 34.304], [136.7239, 34.3041], [136.7237, 34.3039], [136.7239, 34.3039], [136.724, 34.3041], [136.7245, 34.3043], [136.7263, 34.3034], [136.727, 34.3033], [136.7271, 34.3031], [136.727, 34.303], [136.7274, 34.303], [136.7274, 34.3026], [136.7278, 34.3026], [136.7279, 34.3024], [136.7282, 34.3023], [136.7283, 34.3025], [136.7284, 34.3023], [136.7285, 34.3024], [136.7298, 34.302], [136.731, 34.302], [136.7316, 34.3018], [136.7327, 34.3023], [136.7335, 34.3022], [136.7335, 34.302], [136.7338, 34.3021], [136.7338, 34.3023], [136.735, 34.3022], [136.7358, 34.3023], [136.7382, 34.3017], [136.7392, 34.3012], [136.7398, 34.3005], [136.7399, 34.3001], [136.7395, 34.2991], [136.7393, 34.299], [136.7394, 34.2989], [136.7402, 34.2991], [136.7412, 34.2989], [136.7417, 34.2991], [136.7431, 34.2989], [136.7451, 34.2975], [136.7457, 34.2967], [136.7474, 34.2959], [136.748, 34.295], [136.7478, 34.2944], [136.7479, 34.2943], [136.7479, 34.294], [136.7481, 34.2937], [136.7478, 34.2936], [136.7481, 34.2936], [136.748, 34.2934], [136.7484, 34.2934], [136.7483, 34.2936], [136.7488, 34.2934], [136.7489, 34.2936], [136.749, 34.2934], [136.7496, 34.2935], [136.7499, 34.2933], [136.7505, 34.2934], [136.7506, 34.2933], [136.7509, 34.2933], [136.7508, 34.2931], [136.751, 34.293], [136.7515, 34.2934], [136.7532, 34.2926], [136.7519, 34.2933], [136.752, 34.2939], [136.7522, 34.294], [136.7525, 34.2937], [136.7525, 34.2935], [136.7528, 34.2938], [136.7526, 34.2937], [136.7522, 34.294], [136.7541, 34.2947], [136.7545, 34.2948], [136.7555, 34.2945], [136.7556, 34.2941], [136.7549, 34.2938], [136.7558, 34.2937], [136.7556, 34.2941], [136.756, 34.2956], [136.7565, 34.2953], [136.7584, 34.2949], [136.7594, 34.2946], [136.7608, 34.2945], [136.7622, 34.2932], [136.762, 34.2932], [136.7621, 34.2929], [136.7628, 34.2931], [136.7648, 34.2917], [136.765, 34.291], [136.7656, 34.291], [136.7659, 34.2908], [136.7652, 34.2917], [136.7642, 34.2922], [136.7641, 34.2924], [136.7644, 34.2927], [136.7642, 34.2925], [136.764, 34.2928], [136.7643, 34.293], [136.7647, 34.2927], [136.7645, 34.2925], [136.7647, 34.2927], [136.7646, 34.2928], [136.7657, 34.2939], [136.7632, 34.2957], [136.7625, 34.2953], [136.7624, 34.2954], [136.762, 34.2953], [136.7619, 34.2955], [136.7622, 34.2957], [136.7627, 34.2961], [136.7617, 34.2972], [136.7626, 34.2961], [136.7621, 34.2957], [136.762, 34.2957], [136.7616, 34.2955], [136.7614, 34.2957], [136.7616, 34.2957], [136.7611, 34.2963], [136.7597, 34.2972], [136.7602, 34.2982], [136.7613, 34.2975], [136.7602, 34.2982], [136.7598, 34.2978], [136.7595, 34.2979], [136.7588, 34.2976], [136.7587, 34.2981], [136.7585, 34.298], [136.7588, 34.2976], [136.758, 34.2973], [136.7581, 34.2972], [136.7579, 34.2971], [136.7574, 34.2973], [136.7574, 34.2975], [136.7575, 34.2976], [136.7574, 34.2976], [136.7573, 34.298], [136.757, 34.2982], [136.7571, 34.2982], [136.7565, 34.2982], [136.7564, 34.2987], [136.7565, 34.2982], [136.7561, 34.2981], [136.7525, 34.2977], [136.752, 34.2988], [136.7524, 34.299], [136.7528, 34.2989], [136.753, 34.2984], [136.7549, 34.2985], [136.755, 34.2987], [136.7548, 34.299], [136.7536, 34.2992], [136.7535, 34.2996], [136.7542, 34.2996], [136.7534, 34.2998], [136.7542, 34.2997], [136.7542, 34.2998], [136.7546, 34.2997], [136.7561, 34.3], [136.7563, 34.3003], [136.7551, 34.3002], [136.7548, 34.3004], [136.7549, 34.3009], [136.7554, 34.301], [136.7553, 34.3011], [136.7549, 34.3009], [136.7547, 34.3017], [136.7522, 34.302], [136.752, 34.3023], [136.7522, 34.3021], [136.7532, 34.302], [136.7534, 34.3026], [136.7538, 34.3024], [136.7546, 34.3024], [136.7547, 34.3026], [136.7541, 34.3033], [136.7544, 34.303], [136.7547, 34.3031], [136.7547, 34.3029], [136.7547, 34.3031], [136.755, 34.3031], [136.7556, 34.3022], [136.7559, 34.3023], [136.7562, 34.303], [136.7564, 34.3029], [136.7563, 34.3025], [136.7565, 34.3025], [136.7566, 34.3021], [136.7566, 34.3014], [136.757, 34.3013], [136.7571, 34.3016], [136.757, 34.3024], [136.7576, 34.3028], [136.7579, 34.3027], [136.758, 34.3025], [136.7577, 34.3021], [136.7582, 34.3017], [136.7583, 34.3012], [136.7597, 34.3013], [136.7599, 34.3011], [136.7599, 34.301], [136.7604, 34.301], [136.7607, 34.3012], [136.7608, 34.3019], [136.7602, 34.3026], [136.76, 34.3026], [136.7599, 34.303], [136.7601, 34.3034], [136.759, 34.3046], [136.7589, 34.3048], [136.7591, 34.3048], [136.7589, 34.3048], [136.7589, 34.3051], [136.7587, 34.3053], [136.7582, 34.3051], [136.758, 34.3054], [136.7583, 34.3056], [136.7583, 34.3059], [136.7587, 34.3059], [136.7583, 34.3059], [136.7577, 34.3066], [136.7579, 34.3067], [136.7586, 34.3062], [136.7588, 34.3065], [136.759, 34.3064], [136.7588, 34.3065], [136.759, 34.3065], [136.759, 34.3067], [136.7591, 34.3066], [136.759, 34.3067], [136.7593, 34.3068], [136.7592, 34.3068], [136.7594, 34.307], [136.7598, 34.3062], [136.7602, 34.306], [136.7602, 34.3056], [136.7612, 34.3056], [136.7619, 34.3059], [136.7622, 34.3057], [136.7621, 34.3052], [136.7625, 34.3054], [136.7629, 34.3052], [136.7627, 34.3046], [136.7621, 34.3045], [136.7625, 34.3042], [136.7638, 34.3043], [136.7642, 34.3045], [136.765, 34.3046], [136.7654, 34.3051], [136.7651, 34.3055], [136.7655, 34.3063], [136.7655, 34.3067], [136.7652, 34.3069], [136.7653, 34.3076], [136.7655, 34.3078], [136.765, 34.3075], [136.7647, 34.308], [136.7649, 34.3081], [136.7648, 34.3083], [136.7645, 34.3085], [136.7632, 34.3082], [136.7628, 34.3084], [136.7632, 34.3089], [136.763, 34.309], [136.7632, 34.3093], [136.7635, 34.3092], [136.7632, 34.3093], [136.7633, 34.3094], [136.7639, 34.3096], [136.7637, 34.3098], [136.7637, 34.3103], [136.7634, 34.3104], [136.7636, 34.3105], [136.7634, 34.3104], [136.7623, 34.3104], [136.7616, 34.31], [136.7615, 34.3102], [136.7616, 34.3104], [136.7624, 34.3109], [136.7622, 34.3111], [136.762, 34.311], [136.762, 34.3113], [136.763, 34.3111], [136.7636, 34.3116], [136.7635, 34.312], [136.7636, 34.3121], [136.7635, 34.3122], [136.7634, 34.312], [136.7632, 34.3122], [136.7632, 34.3124], [136.7634, 34.3126], [136.7633, 34.3128], [136.763, 34.3132], [136.7626, 34.3132], [136.762, 34.3126], [136.762, 34.3121], [136.7619, 34.312], [136.7615, 34.3122], [136.761, 34.3121], [136.7597, 34.3123], [136.759, 34.3127], [136.7588, 34.3131], [136.759, 34.313], [136.7589, 34.3134], [136.7592, 34.3134], [136.7588, 34.3134], [136.7587, 34.3137], [136.7584, 34.315], [136.7586, 34.3165], [136.7589, 34.3164], [136.7592, 34.315], [136.7597, 34.3147], [136.7598, 34.314], [136.7602, 34.3134], [136.7611, 34.3132], [136.7613, 34.3134], [136.7616, 34.3138], [136.7604, 34.3139], [136.7603, 34.3142], [136.7609, 34.3144], [136.7616, 34.3155], [136.7624, 34.3159], [136.7637, 34.3155], [136.7638, 34.3151], [136.7647, 34.3151], [136.7643, 34.3149], [136.7625, 34.3149], [136.7624, 34.3147], [136.7628, 34.3142], [136.7634, 34.3142], [136.7634, 34.314], [136.7634, 34.3141], [136.7638, 34.3139], [136.7637, 34.3138], [136.7638, 34.3139], [136.7642, 34.3135], [136.7643, 34.3136], [136.7641, 34.3139], [136.7643, 34.3143], [136.7649, 34.3142], [136.765, 34.314], [136.7657, 34.3144], [136.7666, 34.3141], [136.7663, 34.3138], [136.7662, 34.3136], [136.766, 34.314], [136.7657, 34.3138], [136.7659, 34.3127], [136.7667, 34.3126], [136.7667, 34.3123], [136.7669, 34.3122], [136.7675, 34.3125], [136.7687, 34.3124], [136.7687, 34.3122], [136.768, 34.3121], [136.7678, 34.3115], [136.7683, 34.311], [136.7682, 34.3107], [136.7684, 34.3104], [136.7685, 34.3098], [136.7688, 34.3094], [136.7691, 34.3095], [136.7693, 34.3099], [136.7697, 34.3102], [136.7697, 34.3111], [136.7705, 34.3117], [136.7705, 34.3124], [136.7707, 34.3125], [136.7705, 34.3124], [136.7701, 34.3128], [136.7698, 34.3127], [136.7695, 34.3128], [136.7701, 34.3137], [136.7703, 34.3136], [136.7701, 34.3137], [136.7701, 34.3138], [136.7715, 34.3145], [136.7731, 34.3151], [136.7731, 34.3149], [136.7732, 34.3151], [136.7735, 34.315], [136.7734, 34.3148], [136.7735, 34.315], [136.7736, 34.3148], [136.7738, 34.3148], [136.7738, 34.3147], [136.7739, 34.3148], [136.7739, 34.3147], [136.7742, 34.3147], [136.7743, 34.3146], [136.7743, 34.3147], [136.7748, 34.3148], [136.7759, 34.3154], [136.7764, 34.3154], [136.7768, 34.3153], [136.7767, 34.3152], [136.7768, 34.3153], [136.7769, 34.3152], [136.7769, 34.3153], [136.7772, 34.3152], [136.777, 34.3151], [136.7772, 34.3152], [136.7771, 34.315], [136.7772, 34.315], [136.7774, 34.3148], [136.7781, 34.3148], [136.7781, 34.3147], [136.7774, 34.3143], [136.7772, 34.3145], [136.7773, 34.3143], [136.7769, 34.3143], [136.7763, 34.3139], [136.7758, 34.314], [136.775, 34.3136], [136.7752, 34.3135], [136.7751, 34.3132], [136.7752, 34.3133], [136.7753, 34.3131], [136.7753, 34.3132], [136.7761, 34.3128], [136.776, 34.3125], [136.7756, 34.3125], [136.7749, 34.3129], [136.7743, 34.3127], [136.7742, 34.3132], [136.7734, 34.3133], [136.7736, 34.3136], [136.7731, 34.3135], [136.7726, 34.3131], [136.7726, 34.3122], [136.773, 34.3119], [136.7732, 34.3116], [136.7731, 34.3115], [136.7734, 34.3117], [136.7747, 34.3107], [136.7745, 34.3105], [136.7742, 34.3107], [136.7739, 34.3106], [136.7739, 34.3109], [136.7736, 34.311], [136.773, 34.311], [136.7721, 34.3091], [136.7721, 34.3084], [136.7729, 34.3082], [136.7732, 34.3077], [136.7738, 34.3079], [136.7742, 34.3083], [136.7747, 34.3084], [136.7745, 34.3076], [136.7739, 34.307], [136.774, 34.3066], [136.7744, 34.3062], [136.7742, 34.3057], [136.7743, 34.3055], [136.7747, 34.3057], [136.775, 34.3056], [136.7752, 34.306], [136.7753, 34.3058], [136.7754, 34.3065], [136.7757, 34.3066], [136.7761, 34.3064], [136.7762, 34.3057], [136.7768, 34.3057], [136.7774, 34.3053], [136.7776, 34.3058], [136.7778, 34.3056], [136.7778, 34.3058], [136.778, 34.3056], [136.7785, 34.3062], [136.7788, 34.3059], [136.7792, 34.3058], [136.7785, 34.3055], [136.7783, 34.3051], [136.7791, 34.3047], [136.7802, 34.3068], [136.7807, 34.3067], [136.7812, 34.3064], [136.7813, 34.3065], [136.7811, 34.3067], [136.7812, 34.307], [136.7821, 34.3069], [136.7822, 34.3064], [136.7819, 34.3063], [136.7822, 34.3064], [136.7819, 34.3057], [136.7809, 34.3055], [136.7806, 34.3053], [136.7801, 34.3043], [136.7789, 34.3039], [136.7784, 34.3041], [136.7779, 34.3037], [136.778, 34.3036], [136.7776, 34.3035], [136.7774, 34.3038], [136.7767, 34.3038], [136.7765, 34.3034], [136.7764, 34.3028], [136.7759, 34.3032], [136.7752, 34.3033], [136.7744, 34.3037], [136.774, 34.3037], [136.7738, 34.3034], [136.7727, 34.3028], [136.7734, 34.3016], [136.7733, 34.3013], [136.773, 34.3011], [136.7733, 34.3008], [136.7732, 34.3], [136.7734, 34.2993], [136.773, 34.2987], [136.7735, 34.2974], [136.7731, 34.297], [136.7731, 34.2964], [136.773, 34.2961], [136.7732, 34.2959], [136.7731, 34.2958], [136.7733, 34.2957], [136.7734, 34.2961], [136.774, 34.2961], [136.7746, 34.2958], [136.775, 34.296], [136.7754, 34.2959], [136.7757, 34.2955], [136.776, 34.2962], [136.7771, 34.2967], [136.7771, 34.2969], [136.7767, 34.2969], [136.7769, 34.2973], [136.7775, 34.2977], [136.7772, 34.2982], [136.7782, 34.2991], [136.7798, 34.2992], [136.7804, 34.2989], [136.7805, 34.299], [136.7807, 34.2993], [136.7803, 34.3002], [136.7806, 34.3005], [136.7807, 34.3003], [136.7809, 34.3004], [136.781, 34.3009], [136.7813, 34.3007], [136.7809, 34.2999], [136.7812, 34.2991], [136.7817, 34.2995], [136.7824, 34.2997], [136.7833, 34.2993], [136.7842, 34.2996], [136.7846, 34.2992], [136.7845, 34.299], [136.7841, 34.2989], [136.7835, 34.2984], [136.783, 34.2985], [136.7825, 34.2988], [136.7822, 34.2985], [136.7815, 34.2984], [136.7812, 34.2981], [136.7806, 34.2981], [136.7807, 34.2979], [136.7816, 34.2976], [136.7818, 34.2974], [136.7823, 34.2974], [136.7832, 34.2969], [136.7831, 34.2966], [136.7824, 34.2965], [136.7822, 34.2968], [136.7817, 34.2969], [136.7808, 34.2974], [136.7798, 34.2974], [136.7793, 34.2971], [136.7798, 34.2969], [136.7798, 34.2965], [136.7804, 34.2965], [136.7807, 34.2964], [136.7808, 34.2961], [136.7803, 34.2959], [136.7803, 34.2957], [136.7801, 34.2955], [136.7814, 34.2957], [136.7815, 34.2952], [136.7811, 34.2947], [136.7806, 34.2946], [136.7803, 34.2943], [136.7801, 34.2943], [136.7799, 34.2939], [136.7796, 34.2937], [136.7797, 34.2933], [136.7795, 34.2931], [136.7789, 34.293], [136.7784, 34.2928], [136.7783, 34.2925], [136.7775, 34.2922], [136.7777, 34.292], [136.778, 34.2919], [136.7782, 34.292], [136.7787, 34.2917], [136.7795, 34.2915], [136.7804, 34.2909], [136.7808, 34.2911], [136.7812, 34.2909], [136.7818, 34.291], [136.7826, 34.2905], [136.7836, 34.2906], [136.7843, 34.29], [136.7847, 34.2903], [136.7854, 34.2902], [136.7849, 34.2897], [136.7854, 34.2902], [136.7865, 34.2894], [136.787, 34.2892], [136.7873, 34.2892], [136.7874, 34.2895], [136.7878, 34.2896], [136.7887, 34.2894], [136.789, 34.2892], [136.7892, 34.2892], [136.7894, 34.2894], [136.7899, 34.2894], [136.791, 34.2888], [136.7914, 34.2889], [136.7922, 34.2883], [136.7929, 34.2885], [136.7936, 34.289], [136.7937, 34.2896], [136.7933, 34.2909], [136.7935, 34.2912], [136.7933, 34.2913], [136.7933, 34.291], [136.7931, 34.291], [136.7931, 34.2913], [136.7935, 34.2913], [136.7938, 34.2911], [136.7943, 34.2913], [136.7942, 34.2921], [136.7946, 34.2924], [136.7955, 34.2923], [136.7954, 34.292], [136.7951, 34.2918], [136.7956, 34.2912], [136.7967, 34.291], [136.7971, 34.2913], [136.7977, 34.2911], [136.7978, 34.2907], [136.7976, 34.29], [136.7983, 34.2902], [136.7987, 34.29], [136.7988, 34.2902], [136.7987, 34.2902], [136.7983, 34.2907], [136.7984, 34.2911], [136.7987, 34.2915], [136.7992, 34.2916], [136.7995, 34.2911], [136.8, 34.292], [136.7997, 34.2924], [136.8002, 34.2928], [136.8006, 34.2929], [136.801, 34.2923], [136.8012, 34.2923], [136.8011, 34.2929], [136.8013, 34.2933], [136.8017, 34.2936], [136.8018, 34.294], [136.8017, 34.2942], [136.8007, 34.2943], [136.8007, 34.2946], [136.8012, 34.2948], [136.8002, 34.2952], [136.8, 34.2957], [136.7996, 34.2956], [136.8, 34.2958], [136.8002, 34.2956], [136.8001, 34.2958], [136.8, 34.2958], [136.7996, 34.2956], [136.7993, 34.2957], [136.7995, 34.2958], [136.7993, 34.2958], [136.7994, 34.2958], [136.7993, 34.2959], [136.7997, 34.2961], [136.7998, 34.2962], [136.7998, 34.296], [136.7998, 34.2962], [136.8, 34.2962], [136.8005, 34.2959], [136.8005, 34.296], [136.8, 34.2963], [136.7997, 34.2962], [136.7997, 34.2961], [136.799, 34.2959], [136.7988, 34.296], [136.7983, 34.2964], [136.7982, 34.2964], [136.798, 34.2964], [136.7979, 34.2964], [136.7978, 34.2963], [136.7976, 34.2962], [136.7979, 34.2964], [136.798, 34.2964], [136.7982, 34.2964], [136.7983, 34.2964], [136.7989, 34.296], [136.7993, 34.296], [136.7999, 34.2963], [136.8003, 34.2962], [136.8005, 34.296], [136.8007, 34.2957], [136.8017, 34.2958], [136.8021, 34.2962], [136.8018, 34.2964], [136.8017, 34.2967], [136.801, 34.2967], [136.8009, 34.2971], [136.8005, 34.2974], [136.8005, 34.2978], [136.8014, 34.2972], [136.8018, 34.2973], [136.8023, 34.2966], [136.8029, 34.297], [136.8031, 34.2969], [136.8036, 34.2956], [136.8054, 34.2958], [136.8068, 34.2966], [136.8067, 34.2966], [136.8068, 34.2971], [136.807, 34.2971], [136.8068, 34.2971], [136.8068, 34.2975], [136.8071, 34.2976], [136.8069, 34.2976], [136.8069, 34.2977], [136.8071, 34.2978], [136.8069, 34.2979], [136.8069, 34.2982], [136.8063, 34.2986], [136.8065, 34.2988], [136.8076, 34.2981], [136.8076, 34.2978], [136.8081, 34.298], [136.809, 34.2978], [136.8089, 34.2974], [136.8081, 34.2974], [136.8077, 34.2967], [136.8077, 34.2961], [136.8081, 34.2959], [136.8089, 34.2961], [136.8092, 34.2964], [136.8101, 34.2966], [136.8104, 34.2971], [136.8111, 34.2974], [136.8111, 34.2979], [136.8114, 34.2981], [136.8116, 34.298], [136.8117, 34.298], [136.8116, 34.2985], [136.8113, 34.2988], [136.8107, 34.2988], [136.8105, 34.2993], [136.809, 34.3], [136.8088, 34.3004], [136.8088, 34.3015], [136.8086, 34.3016], [136.8085, 34.302], [136.8083, 34.3018], [136.8084, 34.3015], [136.808, 34.3016], [136.8079, 34.3019], [136.8076, 34.3017], [136.8074, 34.3019], [136.8074, 34.3013], [136.8072, 34.3012], [136.8069, 34.3015], [136.8066, 34.3013], [136.8064, 34.3017], [136.8059, 34.3019], [136.8059, 34.3021], [136.8063, 34.302], [136.8068, 34.3022], [136.8069, 34.3025], [136.8066, 34.3025], [136.8065, 34.3031], [136.8061, 34.3033], [136.8064, 34.3037], [136.806, 34.304], [136.8056, 34.3038], [136.8054, 34.3033], [136.8052, 34.3037], [136.8042, 34.3036], [136.8039, 34.3033], [136.8038, 34.3028], [136.8033, 34.3026], [136.8031, 34.3028], [136.8029, 34.3026], [136.8024, 34.3027], [136.8028, 34.3031], [136.8032, 34.3032], [136.8034, 34.304], [136.8038, 34.3044], [136.8033, 34.3045], [136.8034, 34.3048], [136.8039, 34.3047], [136.8043, 34.3049], [136.8045, 34.3058], [136.8043, 34.306], [136.8038, 34.3061], [136.8034, 34.3057], [136.8031, 34.3062], [136.8026, 34.3061], [136.8019, 34.3051], [136.8018, 34.3053], [136.8016, 34.3052], [136.8019, 34.3056], [136.802, 34.3066], [136.8017, 34.3066], [136.8016, 34.3063], [136.801, 34.3063], [136.8008, 34.3058], [136.8006, 34.3063], [136.8011, 34.3068], [136.8005, 34.3067], [136.8005, 34.3063], [136.8002, 34.3061], [136.8001, 34.3057], [136.7996, 34.3055], [136.7995, 34.305], [136.7997, 34.3048], [136.7994, 34.3046], [136.7991, 34.3054], [136.7992, 34.3059], [136.7996, 34.3063], [136.7995, 34.3069], [136.7991, 34.3069], [136.7989, 34.3066], [136.7986, 34.3066], [136.7987, 34.3069], [136.7981, 34.3061], [136.7979, 34.3063], [136.7974, 34.306], [136.7972, 34.3057], [136.797, 34.3058], [136.7968, 34.3062], [136.7974, 34.3064], [136.7977, 34.3069], [136.7982, 34.3071], [136.7987, 34.3074], [136.7987, 34.3078], [136.7983, 34.3079], [136.7974, 34.3076], [136.7962, 34.3076], [136.7957, 34.3079], [136.7955, 34.3069], [136.795, 34.3068], [136.795, 34.3074], [136.795, 34.3076], [136.7952, 34.3076], [136.7952, 34.3077], [136.7944, 34.3076], [136.7939, 34.3073], [136.7927, 34.3075], [136.7923, 34.3081], [136.7925, 34.3082], [136.7923, 34.3081], [136.7919, 34.3086], [136.792, 34.3095], [136.7927, 34.3094], [136.7934, 34.309], [136.7939, 34.3089], [136.794, 34.3091], [136.7951, 34.3096], [136.7953, 34.3104], [136.7958, 34.3106], [136.7963, 34.3104], [136.7967, 34.3106], [136.7967, 34.3104], [136.7963, 34.31], [136.7967, 34.3093], [136.7971, 34.3091], [136.7975, 34.3093], [136.7981, 34.3092], [136.7982, 34.3095], [136.7985, 34.3098], [136.7985, 34.3101], [136.7977, 34.3103], [136.7973, 34.3099], [136.7973, 34.3105], [136.7965, 34.3112], [136.7965, 34.3115], [136.797, 34.3115], [136.7974, 34.3112], [136.798, 34.3111], [136.7981, 34.3116], [136.7985, 34.3114], [136.7988, 34.3115], [136.7989, 34.3114], [136.7992, 34.3115], [136.7994, 34.3119], [136.7992, 34.3127], [136.798, 34.3137], [136.7979, 34.3138], [136.7983, 34.314], [136.7983, 34.3146], [136.7977, 34.3143], [136.7971, 34.3144], [136.7962, 34.3157], [136.7961, 34.3169], [136.7958, 34.3172], [136.7951, 34.3171], [136.7958, 34.3172], [136.7961, 34.3169], [136.7963, 34.3157], [136.7968, 34.3148], [136.7977, 34.315], [136.7983, 34.3153], [136.7986, 34.3151], [136.7989, 34.3153], [136.7991, 34.3152], [136.7991, 34.3143], [136.7995, 34.3142], [136.8, 34.3136], [136.8005, 34.3134], [136.8006, 34.3138], [136.801, 34.3138], [136.8012, 34.314], [136.8009, 34.3144], [136.8011, 34.3146], [136.8018, 34.3143], [136.802, 34.3147], [136.8021, 34.3146], [136.8022, 34.3147], [136.8021, 34.3147], [136.8019, 34.3151], [136.8018, 34.3151], [136.8017, 34.3153], [136.8025, 34.3153], [136.8028, 34.3154], [136.8027, 34.3155], [136.803, 34.3158], [136.8024, 34.316], [136.8022, 34.3165], [136.8018, 34.3167], [136.8009, 34.3167], [136.8006, 34.3172], [136.7995, 34.3177], [136.7995, 34.3179], [136.7992, 34.318], [136.7987, 34.3178], [136.7986, 34.3179], [136.7986, 34.3181], [136.7976, 34.319], [136.7978, 34.3198], [136.7988, 34.3205], [136.8005, 34.3206], [136.8006, 34.3204], [136.8018, 34.3207], [136.8019, 34.3208], [136.8023, 34.321], [136.8025, 34.3209], [136.8023, 34.321], [136.8032, 34.3217], [136.8042, 34.3243], [136.804, 34.3263], [136.8055, 34.3279], [136.8063, 34.328], [136.8063, 34.3278], [136.8065, 34.3278], [136.8063, 34.3279], [136.807, 34.3282], [136.8075, 34.3282], [136.8087, 34.3282], [136.8097, 34.3279], [136.8102, 34.3281], [136.8105, 34.3281], [136.8106, 34.328], [136.8105, 34.3279], [136.8116, 34.328], [136.812, 34.3279], [136.8119, 34.3275], [136.8112, 34.3276], [136.8107, 34.3265], [136.8101, 34.3267], [136.8095, 34.3274], [136.8088, 34.3277], [136.8074, 34.3275], [136.8072, 34.3276], [136.807, 34.3275], [136.807, 34.3269], [136.8067, 34.326], [136.8063, 34.3256], [136.8058, 34.3259], [136.8055, 34.3239], [136.805, 34.3235], [136.8051, 34.323], [136.8048, 34.3227], [136.8051, 34.3224], [136.8053, 34.3217], [136.8052, 34.3216], [136.8053, 34.3217], [136.8056, 34.3213], [136.8063, 34.321], [136.8063, 34.3204], [136.8058, 34.3201], [136.8049, 34.3201], [136.8045, 34.3198], [136.8045, 34.3199], [136.8043, 34.3197], [136.8039, 34.3195], [136.8038, 34.3195], [136.803, 34.319], [136.8027, 34.3186], [136.8026, 34.3183], [136.803, 34.3182], [136.8044, 34.3184], [136.8044, 34.3183], [136.8039, 34.3179], [136.8042, 34.3178], [136.8052, 34.3179], [136.8058, 34.3176], [136.8058, 34.3172], [136.8049, 34.3163], [136.8051, 34.3157], [136.8046, 34.3149], [136.805, 34.3141], [136.8055, 34.3141], [136.8056, 34.3138], [136.806, 34.3136], [136.8065, 34.3136], [136.8064, 34.3139], [136.8068, 34.3139], [136.8069, 34.3151], [136.8072, 34.3151], [136.8073, 34.3147], [136.8077, 34.3146], [136.8078, 34.314], [136.8076, 34.3137], [136.808, 34.3134], [136.8085, 34.3138], [136.809, 34.3138], [136.8091, 34.3136], [136.8083, 34.3131], [136.8086, 34.3128], [136.8086, 34.3118], [136.8082, 34.3121], [136.8081, 34.3127], [136.8074, 34.3126], [136.8075, 34.313], [136.8071, 34.3128], [136.8072, 34.3127], [136.8062, 34.3125], [136.8058, 34.3114], [136.8056, 34.3112], [136.8055, 34.3108], [136.8048, 34.3103], [136.8047, 34.3104], [136.8047, 34.3103], [136.8044, 34.3103], [136.8043, 34.3099], [136.8053, 34.3095], [136.8051, 34.3091], [136.8054, 34.3083], [136.8059, 34.3083], [136.8061, 34.3086], [136.8063, 34.3085], [136.8063, 34.3087], [136.8071, 34.3089], [136.8069, 34.3089], [136.8066, 34.3095], [136.8067, 34.3099], [136.8069, 34.3099], [136.8067, 34.31], [136.8067, 34.3102], [136.8071, 34.3112], [136.8073, 34.3111], [136.8075, 34.3109], [136.8074, 34.3107], [136.8075, 34.3108], [136.8077, 34.3108], [136.8073, 34.3101], [136.8075, 34.3098], [136.808, 34.3096], [136.8082, 34.3099], [136.8087, 34.3099], [136.8088, 34.3092], [136.809, 34.3091], [136.8093, 34.3098], [136.8092, 34.3103], [136.8094, 34.3106], [136.8092, 34.3108], [136.8094, 34.3119], [136.8093, 34.312], [136.8101, 34.3126], [136.8103, 34.3131], [136.8101, 34.3137], [136.8105, 34.3141], [136.811, 34.3139], [136.8108, 34.3135], [136.811, 34.3129], [136.8109, 34.3128], [136.8106, 34.313], [136.8103, 34.3127], [136.8105, 34.3126], [136.8106, 34.3129], [136.8109, 34.3128], [136.8106, 34.3126], [136.8105, 34.312], [136.8102, 34.3119], [136.8101, 34.3115], [136.8109, 34.3112], [136.8115, 34.3118], [136.8117, 34.3115], [136.8112, 34.311], [136.8107, 34.3108], [136.8105, 34.3105], [136.8105, 34.31], [136.811, 34.31], [136.811, 34.3098], [136.8111, 34.31], [136.8111, 34.3098], [136.8111, 34.31], [136.8118, 34.3101], [136.8118, 34.3106], [136.8123, 34.3109], [136.8125, 34.3113], [136.8128, 34.3113], [136.8125, 34.3108], [136.8126, 34.3104], [136.8133, 34.3103], [136.8137, 34.3105], [136.8143, 34.311], [136.8143, 34.3114], [136.8144, 34.3113], [136.8145, 34.3115], [136.8147, 34.3113], [136.8157, 34.3119], [136.8154, 34.3123], [136.8155, 34.3125], [136.816, 34.3123], [136.8159, 34.3122], [136.8161, 34.3123], [136.816, 34.3121], [136.8161, 34.3122], [136.8163, 34.3118], [136.8168, 34.3118], [136.8172, 34.311], [136.8168, 34.3108], [136.8166, 34.311], [136.8161, 34.3109], [136.8162, 34.3104], [136.8161, 34.3103], [136.8163, 34.3103], [136.8162, 34.3098], [136.8149, 34.3095], [136.8144, 34.3096], [136.8144, 34.309], [136.8143, 34.3089], [136.8139, 34.3091], [136.8139, 34.3092], [136.8137, 34.3091], [136.8137, 34.3095], [136.813, 34.3091], [136.8128, 34.3088], [136.8128, 34.3085], [136.8123, 34.3083], [136.8121, 34.3084], [136.8122, 34.3087], [136.8118, 34.3087], [136.8117, 34.3089], [136.8114, 34.3089], [136.8114, 34.3076], [136.8115, 34.3075], [136.812, 34.3077], [136.8119, 34.3074], [136.8125, 34.3071], [136.812, 34.307], [136.812, 34.3066], [136.8118, 34.3068], [136.8117, 34.307], [136.811, 34.3071], [136.8112, 34.3065], [136.811, 34.3062], [136.8116, 34.306], [136.8117, 34.3056], [136.812, 34.3057], [136.8126, 34.3065], [136.813, 34.3065], [136.8131, 34.3063], [136.8129, 34.3064], [136.8126, 34.3058], [136.8128, 34.3056], [136.8133, 34.3058], [136.8132, 34.3055], [136.813, 34.3055], [136.8132, 34.3055], [136.8133, 34.3052], [136.8126, 34.3051], [136.8135, 34.3046], [136.8135, 34.3043], [136.8136, 34.3044], [136.8138, 34.3043], [136.8138, 34.305], [136.814, 34.305], [136.814, 34.3051], [136.8138, 34.305], [136.814, 34.3055], [136.8142, 34.3054], [136.8142, 34.3049], [136.8144, 34.3048], [136.8147, 34.305], [136.8147, 34.3048], [136.8148, 34.3051], [136.8152, 34.3051], [136.8152, 34.305], [136.8152, 34.3051], [136.8154, 34.3043], [136.8156, 34.3042], [136.816, 34.3043], [136.8161, 34.3049], [136.8163, 34.3049], [136.8162, 34.3053], [136.8165, 34.3053], [136.8166, 34.3052], [136.8167, 34.3055], [136.8168, 34.3053], [136.8171, 34.3053], [136.8172, 34.3063], [136.8176, 34.3061], [136.8176, 34.3062], [136.818, 34.3063], [136.818, 34.3061], [136.8182, 34.3062], [136.818, 34.3063], [136.8185, 34.3065], [136.8185, 34.3064], [136.8188, 34.3074], [136.819, 34.3072], [136.8189, 34.3074], [136.8192, 34.3075], [136.8193, 34.3074], [136.8191, 34.3067], [136.8193, 34.3064], [136.8191, 34.3062], [136.8191, 34.3059], [136.8196, 34.306], [136.8198, 34.3059], [136.8191, 34.3054], [136.8198, 34.3053], [136.8203, 34.3054], [136.8203, 34.3052], [136.8204, 34.3055], [136.8207, 34.3054], [136.8211, 34.3051], [136.8207, 34.3049], [136.8206, 34.3046], [136.8212, 34.3046], [136.8215, 34.3049], [136.822, 34.305], [136.822, 34.3047], [136.8221, 34.3048], [136.8223, 34.3048], [136.8224, 34.3052], [136.8228, 34.3052], [136.8227, 34.3054], [136.823, 34.3057], [136.8225, 34.3062], [136.8234, 34.3063], [136.8234, 34.3059], [136.8238, 34.3061], [136.8241, 34.3065], [136.8242, 34.3062], [136.8242, 34.3063], [136.8246, 34.3062], [136.8248, 34.3063], [136.8251, 34.3061], [136.8252, 34.3063], [136.825, 34.3069], [136.8259, 34.3068], [136.8263, 34.307], [136.8261, 34.3076], [136.8257, 34.3078], [136.8257, 34.3083], [136.8251, 34.3086], [136.8251, 34.3087], [136.8251, 34.3086], [136.8248, 34.3086], [136.8246, 34.309], [136.825, 34.3096], [136.8249, 34.3099], [136.8251, 34.3101], [136.8256, 34.3096], [136.8263, 34.3094], [136.8266, 34.309], [136.8264, 34.3089], [136.8266, 34.309], [136.8266, 34.3089], [136.8272, 34.3091], [136.8269, 34.3097], [136.827, 34.3097], [136.8268, 34.3098], [136.8268, 34.3102], [136.8271, 34.31], [136.8268, 34.3104], [136.8275, 34.3103], [136.8273, 34.3099], [136.8275, 34.3096], [136.8285, 34.3099], [136.8286, 34.3097], [136.8281, 34.3094], [136.828, 34.3096], [136.8276, 34.3094], [136.8277, 34.3093], [136.828, 34.3094], [136.8279, 34.3092], [136.8282, 34.3089], [136.8291, 34.3093], [136.829, 34.3092], [136.8292, 34.3092], [136.829, 34.3089], [136.8285, 34.3086], [136.8285, 34.3083], [136.8287, 34.3083], [136.8287, 34.3081], [136.8289, 34.3082], [136.8289, 34.3081], [136.8291, 34.3083], [136.8296, 34.308], [136.8304, 34.3081], [136.8303, 34.3082], [136.8307, 34.3081], [136.8306, 34.3082], [136.8308, 34.3083], [136.8309, 34.3086], [136.8311, 34.3085], [136.8314, 34.3089], [136.8317, 34.3086], [136.8312, 34.3079], [136.8313, 34.3078], [136.8321, 34.3079], [136.8328, 34.3084], [136.8329, 34.308], [136.8344, 34.3077], [136.8347, 34.308], [136.8347, 34.3085], [136.8347, 34.3083], [136.8351, 34.3083], [136.8352, 34.3076], [136.8357, 34.3077], [136.8357, 34.3074], [136.8362, 34.3073], [136.8364, 34.3076], [136.8371, 34.3074], [136.8377, 34.308], [136.8373, 34.3082], [136.8374, 34.3086], [136.8382, 34.3086], [136.8382, 34.3089], [136.8376, 34.3089], [136.8368, 34.3093], [136.837, 34.3097], [136.8373, 34.3094], [136.8375, 34.3097], [136.838, 34.3095], [136.8385, 34.3099], [136.8383, 34.3105], [136.8379, 34.3105], [136.8376, 34.3107], [136.8379, 34.3109], [136.8377, 34.3116], [136.8381, 34.3116], [136.8392, 34.3101], [136.8397, 34.3086], [136.841, 34.3081], [136.8429, 34.3071], [136.8448, 34.3068], [136.8467, 34.3068], [136.8477, 34.3072], [136.8486, 34.3077], [136.8503, 34.3073], [136.8494, 34.3068], [136.8489, 34.3069], [136.8486, 34.3066], [136.8481, 34.3067], [136.8481, 34.3065], [136.8476, 34.3063], [136.847, 34.3064], [136.8469, 34.3062], [136.8475, 34.3053], [136.8473, 34.3052], [136.8475, 34.3052], [136.8477, 34.3046], [136.8482, 34.3042], [136.8481, 34.3039], [136.8477, 34.3038], [136.847, 34.304], [136.8465, 34.3054], [136.8458, 34.305], [136.8451, 34.3041], [136.8452, 34.3043], [136.8451, 34.3041], [136.8445, 34.3043], [136.8445, 34.3048], [136.8447, 34.3048], [136.8445, 34.3048], [136.8443, 34.3049], [136.844, 34.3049], [136.8435, 34.3044], [136.8433, 34.3047], [136.8434, 34.3049], [136.8433, 34.3047], [136.8431, 34.305], [136.8433, 34.3051], [136.8431, 34.305], [136.8432, 34.3052], [136.8431, 34.305], [136.843, 34.3052], [136.8429, 34.3051], [136.8429, 34.3052], [136.8428, 34.3051], [136.8428, 34.3053], [136.8426, 34.3051], [136.8427, 34.3053], [136.8426, 34.3052], [136.8419, 34.3049], [136.8418, 34.3053], [136.8422, 34.3055], [136.8419, 34.3054], [136.8418, 34.3056], [136.842, 34.3056], [136.8418, 34.3056], [136.842, 34.3057], [136.8418, 34.3057], [136.8419, 34.3058], [136.8417, 34.3057], [136.8419, 34.3059], [136.8417, 34.3058], [136.8418, 34.3059], [136.8417, 34.3059], [136.8418, 34.3061], [136.8415, 34.3061], [136.8417, 34.3062], [136.8413, 34.3062], [136.8413, 34.3063], [136.8413, 34.3062], [136.8412, 34.3063], [136.8411, 34.3062], [136.8411, 34.3064], [136.8411, 34.3062], [136.8406, 34.3062], [136.8398, 34.3065], [136.8399, 34.3077], [136.8394, 34.3078], [136.8393, 34.3076], [136.8395, 34.3075], [136.8393, 34.3073], [136.8386, 34.3074], [136.8386, 34.3071], [136.8388, 34.3071], [136.8387, 34.3069], [136.8394, 34.3066], [136.8394, 34.3065], [136.8392, 34.3064], [136.8394, 34.3064], [136.8392, 34.3063], [136.8394, 34.3063], [136.8393, 34.3061], [136.8395, 34.3055], [136.8392, 34.3055], [136.8389, 34.306], [136.8384, 34.3057], [136.8384, 34.3055], [136.8377, 34.3054], [136.8378, 34.3052], [136.838, 34.3051], [136.8381, 34.3052], [136.8392, 34.305], [136.8392, 34.3049], [136.8394, 34.3049], [136.84, 34.304], [136.8406, 34.3045], [136.8405, 34.3038], [136.8407, 34.304], [136.8407, 34.3038], [136.8409, 34.304], [136.8413, 34.304], [136.8412, 34.3034], [136.8416, 34.303], [136.8414, 34.3028], [136.841, 34.3031], [136.8405, 34.3032], [136.8405, 34.3033], [136.8403, 34.3031], [136.8402, 34.3028], [136.8403, 34.3028], [136.8404, 34.3026], [136.8402, 34.3026], [136.8406, 34.3021], [136.8405, 34.3016], [136.8406, 34.3013], [136.8403, 34.301], [136.84, 34.3011], [136.8395, 34.3016], [136.8395, 34.3019], [136.8396, 34.302], [136.8393, 34.302], [136.8393, 34.3022], [136.8394, 34.3022], [136.839, 34.3025], [136.8392, 34.3027], [136.8389, 34.3034], [136.8391, 34.3034], [136.8389, 34.3034], [136.8387, 34.3037], [136.8381, 34.3035], [136.8382, 34.3035], [136.8382, 34.3031], [136.8379, 34.3026], [136.838, 34.3027], [136.8382, 34.3024], [136.8381, 34.302], [136.8378, 34.3019], [136.8374, 34.3022], [136.8369, 34.3022], [136.8366, 34.3024], [136.8369, 34.3027], [136.837, 34.3032], [136.8368, 34.3033], [136.837, 34.3037], [136.8373, 34.3039], [136.8372, 34.3042], [136.8365, 34.3039], [136.8367, 34.3038], [136.8364, 34.3036], [136.8358, 34.3036], [136.8357, 34.3038], [136.8359, 34.3039], [136.8354, 34.3043], [136.8356, 34.3046], [136.8348, 34.3049], [136.8345, 34.3048], [136.8346, 34.3044], [136.8344, 34.304], [136.8342, 34.304], [136.8336, 34.3047], [136.8336, 34.3051], [136.8338, 34.3053], [136.8338, 34.3059], [136.8334, 34.3061], [136.8332, 34.3065], [136.8328, 34.3064], [136.8325, 34.3066], [136.8324, 34.3063], [136.8326, 34.3058], [136.8324, 34.3057], [136.8326, 34.3057], [136.8325, 34.3056], [136.8324, 34.3056], [136.8326, 34.3054], [136.8324, 34.3051], [136.8327, 34.3046], [136.8326, 34.3042], [136.8324, 34.3042], [136.8326, 34.3042], [136.8327, 34.3038], [136.8325, 34.3034], [136.8321, 34.3032], [136.832, 34.3033], [136.8317, 34.3044], [136.8317, 34.3046], [136.8315, 34.3048], [136.8311, 34.3047], [136.8311, 34.3043], [136.831, 34.3043], [136.8311, 34.3043], [136.8313, 34.3037], [136.8309, 34.3034], [136.8307, 34.303], [136.8305, 34.3033], [136.8305, 34.3039], [136.8302, 34.3039], [136.8302, 34.3041], [136.8297, 34.304], [136.8297, 34.3042], [136.8295, 34.3043], [136.8295, 34.3039], [136.8289, 34.3042], [136.8285, 34.3039], [136.8285, 34.3035], [136.8278, 34.3033], [136.8275, 34.3028], [136.8278, 34.3025], [136.8281, 34.3029], [136.8286, 34.3029], [136.8287, 34.3032], [136.8292, 34.3034], [136.829, 34.303], [136.8296, 34.3026], [136.8289, 34.3027], [136.8287, 34.3025], [136.8294, 34.302], [136.8288, 34.302], [136.8284, 34.3022], [136.8282, 34.302], [136.8284, 34.3013], [136.828, 34.3016], [136.8277, 34.3012], [136.8276, 34.3015], [136.8268, 34.3012], [136.827, 34.3008], [136.8281, 34.3008], [136.8285, 34.3005], [136.8298, 34.3004], [136.8304, 34.3009], [136.8303, 34.3014], [136.8307, 34.3011], [136.831, 34.3018], [136.8316, 34.3019], [136.8317, 34.3019], [136.8312, 34.3017], [136.8312, 34.3011], [136.8317, 34.3004], [136.8321, 34.3003], [136.8325, 34.3006], [136.8335, 34.3007], [136.8337, 34.3006], [136.8338, 34.3004], [136.8336, 34.3004], [136.8332, 34.3005], [136.8326, 34.3003], [136.8326, 34.2998], [136.832, 34.2999], [136.8318, 34.2995], [136.8316, 34.2998], [136.8314, 34.2993], [136.8309, 34.2997], [136.8311, 34.3001], [136.8309, 34.3004], [136.8304, 34.3], [136.8303, 34.2993], [136.8298, 34.299], [136.83, 34.2985], [136.8297, 34.2983], [136.8293, 34.2977], [136.8298, 34.2977], [136.8307, 34.2986], [136.8311, 34.2986], [136.8313, 34.2985], [136.831, 34.2982], [136.8311, 34.2978], [136.8307, 34.2977], [136.8307, 34.2975], [136.8314, 34.297], [136.8319, 34.2975], [136.8324, 34.2976], [136.8325, 34.2974], [136.8324, 34.2969], [136.8326, 34.2968], [136.8331, 34.2972], [136.834, 34.2972], [136.8344, 34.2978], [136.8347, 34.2978], [136.8348, 34.2977], [136.8348, 34.2978], [136.8354, 34.2982], [136.8357, 34.2982], [136.8361, 34.2978], [136.8368, 34.2979], [136.8369, 34.2983], [136.8371, 34.2981], [136.8371, 34.2978], [136.8369, 34.2975], [136.8356, 34.2973], [136.8345, 34.2966], [136.8344, 34.2966], [136.8343, 34.2963], [136.8345, 34.2962], [136.8355, 34.2966], [136.8368, 34.2968], [136.8369, 34.2966], [136.8376, 34.297], [136.8377, 34.2974], [136.8384, 34.2979], [136.8389, 34.2976], [136.8383, 34.2968], [136.8384, 34.2966], [136.8378, 34.2954], [136.8386, 34.2958], [136.8386, 34.2957], [136.8389, 34.296], [136.8396, 34.296], [136.8401, 34.2962], [136.8399, 34.2968], [136.8404, 34.2976], [136.8406, 34.2978], [136.8412, 34.2977], [136.842, 34.2972], [136.8421, 34.297], [136.8418, 34.2967], [136.8417, 34.2969], [136.8413, 34.2967], [136.8409, 34.2958], [136.841, 34.2957], [136.841, 34.2953], [136.8412, 34.2955], [136.8412, 34.2953], [136.8413, 34.2955], [136.8414, 34.2953], [136.8415, 34.2955], [136.8416, 34.2953], [136.8416, 34.2955], [136.8419, 34.2954], [136.842, 34.2952], [136.8419, 34.2952], [136.842, 34.2952], [136.8421, 34.2951], [136.842, 34.295], [136.8421, 34.295], [136.8422, 34.2949], [136.842, 34.2949], [136.8422, 34.2949], [136.8424, 34.2946], [136.8427, 34.2947], [136.843, 34.2955], [136.8434, 34.2959], [136.8437, 34.2966], [136.844, 34.2968], [136.8441, 34.2967], [136.844, 34.2969], [136.8445, 34.2973], [136.8447, 34.2972], [136.8446, 34.2974], [136.8451, 34.298], [136.8446, 34.2981], [136.8446, 34.2989], [136.8451, 34.2997], [136.8458, 34.3], [136.8461, 34.3008], [136.8464, 34.301], [136.8469, 34.301], [136.8473, 34.3008], [136.8472, 34.3007], [136.8473, 34.3008], [136.8481, 34.3006], [136.8481, 34.3005], [136.8481, 34.3006], [136.8494, 34.3003], [136.8502, 34.3007], [136.8505, 34.3007], [136.851, 34.3016], [136.8513, 34.3017], [136.8514, 34.3016], [136.8511, 34.3011], [136.8511, 34.3008], [136.8504, 34.3], [136.8498, 34.299], [136.8489, 34.2988], [136.8483, 34.2993], [136.8483, 34.2992], [136.8481, 34.2993], [136.8481, 34.2991], [136.848, 34.2992], [136.8479, 34.2989], [136.8477, 34.2991], [136.8477, 34.2989], [136.8473, 34.2992], [136.847, 34.2991], [136.8469, 34.2988], [136.8471, 34.2986], [136.8468, 34.2986], [136.8465, 34.2983], [136.8472, 34.2981], [136.8467, 34.2975], [136.8472, 34.2974], [136.8472, 34.2972], [136.8468, 34.2972], [136.8466, 34.297], [136.8462, 34.2972], [136.846, 34.2972], [136.8465, 34.2951], [136.8466, 34.2952], [136.8467, 34.295], [136.8471, 34.2951], [136.8471, 34.295], [136.8471, 34.2951], [136.8477, 34.2952], [136.848, 34.2949], [136.8478, 34.2947], [136.848, 34.2948], [136.8482, 34.2944], [136.8483, 34.2945], [136.8486, 34.2944], [136.8487, 34.2945], [136.8488, 34.2945], [136.8497, 34.2948], [136.8506, 34.2942], [136.8506, 34.2939], [136.8503, 34.2937], [136.8496, 34.2939], [136.8489, 34.2934], [136.8488, 34.2936], [136.8488, 34.2934], [136.8486, 34.2933], [136.8485, 34.2935], [136.8485, 34.2933], [136.8483, 34.2933], [136.8482, 34.2934], [136.8481, 34.2929], [136.848, 34.2929], [136.8482, 34.2929], [136.8482, 34.2924], [136.848, 34.2921], [136.8478, 34.2922], [136.848, 34.2921], [136.8476, 34.2915], [136.8477, 34.2912], [136.8476, 34.2912], [136.8481, 34.291], [136.8483, 34.2912], [136.849, 34.2911], [136.8491, 34.2914], [136.8495, 34.2916], [136.8499, 34.2915], [136.85, 34.291], [136.8505, 34.2912], [136.8506, 34.2912], [136.8505, 34.2912], [136.851, 34.2918], [136.8513, 34.2918], [136.8516, 34.2917], [136.852, 34.2918], [136.8527, 34.2926], [136.8534, 34.293], [136.8541, 34.2922], [136.854, 34.2919], [136.8532, 34.2918], [136.8528, 34.2912], [136.8521, 34.2909], [136.8519, 34.2906], [136.8517, 34.2906], [136.8517, 34.2904], [136.8515, 34.2902], [136.8513, 34.2902], [136.8512, 34.2899], [136.8509, 34.2897], [136.8512, 34.2895], [136.8512, 34.2896], [136.8521, 34.29], [136.8524, 34.2899], [136.8524, 34.2898], [136.8524, 34.2899], [136.8531, 34.2897], [136.8537, 34.2899], [136.8537, 34.2898], [136.8539, 34.29], [136.8543, 34.29], [136.8543, 34.2898], [136.8549, 34.2898], [136.8549, 34.2897], [136.8549, 34.2898], [136.8555, 34.29], [136.8561, 34.29], [136.8562, 34.2897], [136.8561, 34.2894], [136.8555, 34.2891], [136.8554, 34.2892], [136.8552, 34.2889], [136.855, 34.289], [136.855, 34.2888], [136.8552, 34.2884], [136.8558, 34.2881], [136.8558, 34.288], [136.8558, 34.2881], [136.8563, 34.2879], [136.8562, 34.2878], [136.8565, 34.2878], [136.8567, 34.288], [136.857, 34.2881], [136.8573, 34.2887], [136.8576, 34.2888], [136.8575, 34.2889], [136.8578, 34.289], [136.8579, 34.2891], [136.858, 34.2891], [136.8579, 34.2892], [136.8581, 34.2893], [136.8582, 34.2892], [136.8581, 34.2893], [136.8585, 34.2894], [136.8587, 34.2898], [136.859, 34.2899], [136.8596, 34.2914], [136.8599, 34.291], [136.86, 34.2903], [136.8603, 34.2902], [136.8605, 34.2896], [136.8612, 34.2895], [136.8619, 34.2891], [136.862, 34.2902], [136.8617, 34.2909], [136.8619, 34.2914], [136.8625, 34.2913], [136.8629, 34.2918], [136.8638, 34.2919], [136.8646, 34.2901], [136.8644, 34.2891], [136.8662, 34.2887], [136.8664, 34.2885], [136.8659, 34.2874], [136.8668, 34.2866], [136.8662, 34.2862], [136.8651, 34.2868], [136.865, 34.2874], [136.8644, 34.2874], [136.8635, 34.287], [136.863, 34.2861], [136.8626, 34.2858], [136.862, 34.2859], [136.8609, 34.2865], [136.8604, 34.2865], [136.8605, 34.2858], [136.8604, 34.2855], [136.8599, 34.2854], [136.8599, 34.2856], [136.8594, 34.2864], [136.8592, 34.2871], [136.859, 34.2869], [136.8591, 34.2864], [136.8588, 34.2861], [136.8585, 34.2863], [136.858, 34.2864], [136.8572, 34.2861], [136.8566, 34.2861], [136.8565, 34.2858], [136.8566, 34.2853], [136.8564, 34.2851], [136.8558, 34.2855], [136.8551, 34.285], [136.8554, 34.2858], [136.8544, 34.2865], [136.8543, 34.2869], [136.8531, 34.2872], [136.8528, 34.287], [136.8529, 34.2865], [136.8527, 34.2863], [136.8522, 34.2863], [136.8516, 34.2868], [136.8512, 34.2869], [136.8509, 34.2868], [136.8504, 34.2862], [136.8501, 34.2861], [136.8503, 34.2871], [136.8487, 34.2872], [136.8487, 34.2874], [136.8483, 34.2874], [136.8481, 34.2872], [136.8475, 34.2874], [136.8473, 34.2878], [136.8463, 34.2879], [136.8462, 34.2881], [136.8457, 34.2884], [136.8456, 34.2887], [136.8451, 34.2889], [136.8449, 34.2888], [136.8444, 34.2891], [136.8439, 34.289], [136.8443, 34.2893], [136.8441, 34.2896], [136.8436, 34.2898], [136.8435, 34.2897], [136.843, 34.2906], [136.8422, 34.291], [136.8419, 34.2907], [136.8416, 34.2908], [136.8417, 34.291], [136.8413, 34.2912], [136.8397, 34.2913], [136.8395, 34.2911], [136.8391, 34.2914], [136.8387, 34.2914], [136.8387, 34.2912], [136.8378, 34.2906], [136.8385, 34.2901], [136.8383, 34.2898], [136.8378, 34.2899], [136.8376, 34.2894], [136.8371, 34.2894], [136.8371, 34.2898], [136.837, 34.2898], [136.8368, 34.2895], [136.8363, 34.2897], [136.8359, 34.29], [136.8358, 34.2903], [136.836, 34.2907], [136.8369, 34.2914], [136.837, 34.2918], [136.8369, 34.2922], [136.8366, 34.2922], [136.8361, 34.2919], [136.836, 34.292], [136.8361, 34.2918], [136.8353, 34.2915], [136.8343, 34.2915], [136.8336, 34.2917], [136.8338, 34.2911], [136.8353, 34.2907], [136.8352, 34.2902], [136.8349, 34.2903], [136.8344, 34.2901], [136.835, 34.2896], [136.8357, 34.2893], [136.8361, 34.2886], [136.8362, 34.2879], [136.8357, 34.2873], [136.8355, 34.2865], [136.8358, 34.2862], [136.8362, 34.2863], [136.8366, 34.2862], [136.8366, 34.286], [136.8382, 34.2853], [136.8385, 34.2851], [136.8383, 34.2845], [136.8364, 34.2849], [136.836, 34.2853], [136.8357, 34.285], [136.8358, 34.2847], [136.8355, 34.2845], [136.8357, 34.2839], [136.8354, 34.2838], [136.835, 34.2839], [136.8348, 34.2842], [136.8347, 34.2847], [136.8348, 34.2851], [136.8345, 34.2855], [136.8338, 34.2856], [136.833, 34.285], [136.8318, 34.2847], [136.8314, 34.2848], [136.831, 34.2852], [136.83, 34.2852], [136.8299, 34.2854], [136.8301, 34.2858], [136.8298, 34.2859], [136.8292, 34.2859], [136.8289, 34.286], [136.8278, 34.2851], [136.8284, 34.2842], [136.8283, 34.2835], [136.8288, 34.2831], [136.829, 34.2836], [136.8294, 34.2838], [136.8323, 34.2844], [136.8331, 34.2843], [136.8332, 34.2841], [136.8332, 34.2835], [136.8324, 34.2824], [136.832, 34.2811], [136.8317, 34.2809], [136.8316, 34.2799], [136.8318, 34.2798], [136.8318, 34.2795], [136.8313, 34.2793], [136.831, 34.2789], [136.8314, 34.2787], [136.8319, 34.2789], [136.8322, 34.2787], [136.833, 34.2786], [136.8331, 34.2784], [136.8322, 34.2778], [136.832, 34.2781], [136.8312, 34.278], [136.8311, 34.2777], [136.8314, 34.2773], [136.8307, 34.277], [136.8301, 34.2754], [136.831, 34.2754], [136.8319, 34.2759], [136.8324, 34.2757], [136.8324, 34.2754], [136.8328, 34.2752], [136.8332, 34.2758], [136.8335, 34.2759], [136.8336, 34.2758], [136.8336, 34.2754], [136.8332, 34.275], [136.8338, 34.2749], [136.8341, 34.2751], [136.8345, 34.276], [136.8347, 34.2759], [136.8346, 34.2754], [136.8347, 34.275], [136.8352, 34.275], [136.8356, 34.2746], [136.8357, 34.2747], [136.8361, 34.2745], [136.8359, 34.2742], [136.836, 34.274], [136.8359, 34.2738], [136.8344, 34.2737], [136.834, 34.2732], [136.8338, 34.2734], [136.834, 34.2737], [136.8338, 34.2739], [136.8325, 34.2738], [136.8322, 34.2729], [136.8317, 34.2727], [136.8319, 34.2723], [136.8324, 34.2721], [136.8329, 34.2716], [136.8328, 34.2707], [136.833, 34.2704], [136.8333, 34.2705], [136.8341, 34.2711], [136.8356, 34.2713], [136.8354, 34.2718], [136.8356, 34.2721], [136.8361, 34.2723], [136.8361, 34.2725], [136.8367, 34.2724], [136.8371, 34.2725], [136.8374, 34.2728], [136.8373, 34.2734], [136.8376, 34.2735], [136.8379, 34.2731], [136.8382, 34.2739], [136.8384, 34.2737], [136.8392, 34.2742], [136.8386, 34.2749], [136.8386, 34.2753], [136.8389, 34.2755], [136.839, 34.2753], [136.8394, 34.2752], [136.8395, 34.2745], [136.8399, 34.2746], [136.8404, 34.2755], [136.8406, 34.2754], [136.8406, 34.2752], [136.8412, 34.2752], [136.8409, 34.275], [136.8404, 34.2745], [136.84, 34.2743], [136.84, 34.2742], [136.8398, 34.2737], [136.8399, 34.2734], [136.8394, 34.2732], [136.8393, 34.2729], [136.8401, 34.2723], [136.8399, 34.2721], [136.8394, 34.2724], [136.8389, 34.2724], [136.8387, 34.2723], [136.8381, 34.2724], [136.8377, 34.2717], [136.8379, 34.2716], [136.838, 34.2711], [136.8387, 34.2707], [136.8391, 34.2707], [136.8398, 34.271], [136.8397, 34.2712], [136.8408, 34.2715], [136.8412, 34.272], [136.8411, 34.2722], [136.8413, 34.2725], [136.8411, 34.2729], [136.8419, 34.2731], [136.8422, 34.2731], [136.8424, 34.2729], [136.842, 34.2726], [136.8423, 34.2723], [136.8422, 34.2718], [136.843, 34.2716], [136.8431, 34.2713], [136.8435, 34.2713], [136.8436, 34.2719], [136.8433, 34.2723], [136.8431, 34.273], [136.8435, 34.2732], [136.844, 34.2727], [136.8443, 34.2727], [136.8443, 34.2729], [136.844, 34.2731], [136.8439, 34.273], [136.8429, 34.2739], [136.8432, 34.2743], [136.8429, 34.2748], [136.8439, 34.2746], [136.8442, 34.2742], [136.8447, 34.2741], [136.8448, 34.2743], [136.8446, 34.2746], [136.8447, 34.2752], [136.8443, 34.2754], [136.8436, 34.2752], [136.8435, 34.2754], [136.8436, 34.2754], [136.8433, 34.2756], [136.8435, 34.2759], [136.8427, 34.2762], [136.8428, 34.2764], [136.8433, 34.2762], [136.8439, 34.2763], [136.8445, 34.2767], [136.8443, 34.2771], [136.8437, 34.277], [136.8435, 34.2773], [136.8438, 34.2776], [136.8432, 34.2785], [136.844, 34.2781], [136.8441, 34.2778], [136.8446, 34.2778], [136.8443, 34.2781], [136.8443, 34.2791], [136.8446, 34.2794], [136.8445, 34.2797], [136.845, 34.28], [136.8452, 34.2807], [136.845, 34.2807], [136.8446, 34.2815], [136.845, 34.2816], [136.8456, 34.2811], [136.8458, 34.2811], [136.8459, 34.2815], [136.8461, 34.2812], [136.8468, 34.2811], [136.8466, 34.2808], [136.8456, 34.2807], [136.8456, 34.2802], [136.8462, 34.2801], [136.8464, 34.2797], [136.846, 34.2798], [136.8457, 34.2796], [136.8457, 34.2787], [136.8453, 34.2783], [136.8454, 34.2781], [136.8462, 34.2783], [136.8467, 34.278], [136.8467, 34.2777], [136.8459, 34.2777], [136.8457, 34.2774], [136.8458, 34.277], [136.8462, 34.2767], [136.8471, 34.2767], [136.8474, 34.2764], [136.8468, 34.2764], [136.8466, 34.2762], [136.8459, 34.276], [136.8467, 34.2757], [136.847, 34.2755], [136.8474, 34.2756], [136.8485, 34.2762], [136.8484, 34.2766], [136.848, 34.2768], [136.8481, 34.2771], [136.8483, 34.2772], [136.8488, 34.2768], [136.8492, 34.2767], [136.8495, 34.2769], [136.85, 34.2771], [136.85, 34.2773], [136.851, 34.2776], [136.851, 34.278], [136.8508, 34.2783], [136.8499, 34.2785], [136.8501, 34.2787], [136.8505, 34.2787], [136.8505, 34.2789], [136.8508, 34.279], [136.8509, 34.2788], [136.8514, 34.2789], [136.8516, 34.2787], [136.8523, 34.279], [136.8527, 34.2789], [136.8525, 34.2787], [136.8525, 34.2782], [136.8531, 34.2781], [136.8531, 34.2783], [136.8534, 34.2783], [136.8532, 34.2786], [136.8535, 34.2786], [136.8539, 34.2782], [136.8552, 34.2786], [136.8551, 34.2791], [136.8546, 34.2792], [136.8547, 34.2796], [136.8543, 34.2798], [136.8545, 34.2813], [136.8547, 34.2814], [136.8552, 34.2813], [136.855, 34.2808], [136.8551, 34.2801], [136.8555, 34.2798], [136.8559, 34.2798], [136.8567, 34.2805], [136.8569, 34.2804], [136.8569, 34.2797], [136.8566, 34.2791], [136.857, 34.2791], [136.8574, 34.2796], [136.859, 34.2797], [136.8591, 34.2799], [136.8594, 34.28], [136.8596, 34.2794], [136.8592, 34.2792], [136.8594, 34.279], [136.8591, 34.2788], [136.8584, 34.2789], [136.8582, 34.2785], [136.8578, 34.2788], [136.8571, 34.2784], [136.8564, 34.2784], [136.8566, 34.2782], [136.8575, 34.278], [136.8575, 34.2776], [136.8572, 34.2772], [136.8569, 34.2771], [136.8566, 34.2772], [136.8567, 34.2768], [136.8563, 34.2766], [136.8561, 34.2769], [136.8558, 34.277], [136.8547, 34.2769], [136.8541, 34.2767], [136.8534, 34.2768], [136.8529, 34.2766], [136.8525, 34.2763], [136.8536, 34.2762], [136.8542, 34.2759], [136.8548, 34.2762], [136.8549, 34.2761], [136.8546, 34.2759], [136.8546, 34.2756], [136.856, 34.2755], [136.8561, 34.2752], [136.8558, 34.2751], [136.8554, 34.2753], [136.854, 34.2753], [136.8533, 34.2745], [136.8536, 34.2742], [136.8544, 34.2741], [136.8548, 34.2744], [136.8552, 34.2743], [136.8555, 34.2744], [136.8554, 34.274], [136.8548, 34.2736], [136.8554, 34.2732], [136.8564, 34.2737], [136.8566, 34.2744], [136.8569, 34.2743], [136.8577, 34.2746], [136.8584, 34.2752], [136.8586, 34.2751], [136.8585, 34.2745], [136.86, 34.2746], [136.8605, 34.2745], [136.8606, 34.2746], [136.8607, 34.2746], [136.8608, 34.2743], [136.8608, 34.2745], [136.861, 34.2745], [136.8618, 34.2757], [136.8621, 34.276], [136.8621, 34.2753], [136.8618, 34.2745], [136.8613, 34.2739], [136.8606, 34.274], [136.8606, 34.2742], [136.8605, 34.274], [136.859, 34.2741], [136.8577, 34.2737], [136.8575, 34.2735], [136.8574, 34.273], [136.8577, 34.2727], [136.8586, 34.2725], [136.8587, 34.2722], [136.8589, 34.272], [136.8592, 34.272], [136.8592, 34.2721], [136.8594, 34.2721], [136.8595, 34.2718], [136.8597, 34.2718], [136.8596, 34.2714], [136.8598, 34.2714], [136.8599, 34.2718], [136.8608, 34.2717], [136.8608, 34.2715], [136.8613, 34.2715], [136.8613, 34.2716], [136.8628, 34.2714], [136.8629, 34.2708], [136.8627, 34.2705], [136.8596, 34.2709], [136.8584, 34.2705], [136.8584, 34.2698], [136.858, 34.2702], [136.8576, 34.2702], [136.8579, 34.2703], [136.8579, 34.2705], [136.8566, 34.271], [136.8564, 34.2702], [136.8561, 34.2705], [136.856, 34.2712], [136.8556, 34.2714], [136.8553, 34.2718], [136.855, 34.2716], [136.8548, 34.272], [136.854, 34.2719], [136.8536, 34.2722], [136.8531, 34.2723], [136.8528, 34.2715], [136.8535, 34.2714], [136.8545, 34.2709], [136.8544, 34.2708], [136.8531, 34.271], [136.8531, 34.2709], [136.8535, 34.2703], [136.8531, 34.2704], [136.8528, 34.2703], [136.8525, 34.2704], [136.8523, 34.2697], [136.8528, 34.2696], [136.8529, 34.2692], [136.8537, 34.269], [136.8541, 34.2688], [136.8541, 34.2685], [136.8551, 34.2681], [136.8554, 34.2682], [136.8558, 34.2679], [136.8564, 34.2679], [136.857, 34.2681], [136.8572, 34.2679], [136.8576, 34.268], [136.8582, 34.2677], [136.8583, 34.2674], [136.8591, 34.2675], [136.8591, 34.2673], [136.8587, 34.267], [136.8594, 34.2664], [136.8594, 34.2652], [136.8599, 34.2638], [136.8602, 34.2634], [136.8615, 34.2625], [136.8622, 34.2625], [136.8622, 34.2622], [136.8622, 34.2624], [136.8626, 34.2625], [136.8635, 34.2625], [136.8651, 34.2631], [136.8661, 34.2632], [136.8663, 34.263], [136.867, 34.2632], [136.8678, 34.263], [136.8681, 34.2623], [136.8683, 34.2621], [136.8687, 34.262], [136.8702, 34.2627], [136.8704, 34.2636], [136.871, 34.2643], [136.8714, 34.2643], [136.8717, 34.2645], [136.8722, 34.2645], [136.8724, 34.2649], [136.8727, 34.265], [136.8725, 34.2654], [136.8727, 34.2657], [136.8726, 34.2661], [136.8719, 34.2664], [136.8715, 34.2665], [136.8713, 34.2668], [136.8713, 34.2674], [136.8716, 34.2677], [136.8715, 34.2679], [136.8712, 34.2679], [136.8711, 34.268], [136.8711, 34.269], [136.8706, 34.2693], [136.8693, 34.2691], [136.8687, 34.2702], [136.8686, 34.2709], [136.8688, 34.2719], [136.8692, 34.2728], [136.8699, 34.2734], [136.8716, 34.2731], [136.8731, 34.2732], [136.8735, 34.273], [136.8742, 34.2731], [136.8748, 34.2735], [136.8763, 34.2735], [136.8777, 34.2732], [136.8782, 34.2728], [136.8788, 34.2732], [136.8792, 34.2731], [136.8794, 34.2734], [136.8798, 34.2734], [136.8801, 34.2736], [136.8814, 34.2736], [136.8815, 34.274], [136.8822, 34.2738], [136.8822, 34.2741], [136.8825, 34.2739], [136.8831, 34.2739], [136.8831, 34.2741], [136.8826, 34.2742], [136.8831, 34.2747], [136.8829, 34.2748], [136.8828, 34.2751], [136.8833, 34.2754], [136.8838, 34.2754], [136.8844, 34.2752], [136.8845, 34.275], [136.8841, 34.2748], [136.8844, 34.2746], [136.8853, 34.2746], [136.8852, 34.2749], [136.8854, 34.2749], [136.8858, 34.2749], [136.8858, 34.2747], [136.8861, 34.2746], [136.8867, 34.2746], [136.8869, 34.2744], [136.887, 34.2747], [136.8871, 34.2746], [136.8873, 34.2748], [136.887, 34.275], [136.887, 34.2752], [136.8875, 34.2754], [136.8874, 34.2755], [136.8877, 34.2756], [136.8876, 34.2758], [136.8878, 34.2761], [136.8884, 34.2763], [136.8889, 34.2764], [136.8898, 34.2759], [136.8908, 34.2758], [136.8921, 34.2767], [136.8926, 34.2768], [136.8935, 34.2767], [136.8937, 34.2762], [136.8947, 34.2768], [136.8973, 34.2766], [136.8978, 34.2762], [136.8978, 34.2757], [136.8982, 34.2754], [136.8986, 34.2755], [136.8987, 34.2758], [136.8991, 34.2759], [136.8991, 34.276], [136.8994, 34.2759], [136.9003, 34.276], [136.8998, 34.2762], [136.8996, 34.2766], [136.8997, 34.2773], [136.9004, 34.2779], [136.9013, 34.2779], [136.9015, 34.2782], [136.9014, 34.2783], [136.9016, 34.2783], [136.9014, 34.2784], [136.9018, 34.2784], [136.9015, 34.2786], [136.9018, 34.2788], [136.9012, 34.2789], [136.9012, 34.2793], [136.9016, 34.2793], [136.9012, 34.2797], [136.9009, 34.2796], [136.9008, 34.2798], [136.9005, 34.2799], [136.9006, 34.2801], [136.9001, 34.2802], [136.9002, 34.281], [136.9014, 34.2812], [136.9028, 34.2834], [136.9027, 34.2834], [136.9013, 34.2812], [136.9002, 34.281], [136.8999, 34.2812], [136.9003, 34.2821], [136.8998, 34.2813], [136.8995, 34.2814], [136.8995, 34.2813], [136.8999, 34.2811], [136.8996, 34.2803], [136.8989, 34.2796], [136.899, 34.2789], [136.8985, 34.2785], [136.8986, 34.2778], [136.8981, 34.2777], [136.8982, 34.2786], [136.8976, 34.2787], [136.8978, 34.2794], [136.8985, 34.2798], [136.8983, 34.2798], [136.898, 34.2802], [136.8981, 34.2803], [136.8977, 34.2814], [136.8979, 34.2819], [136.8987, 34.2816], [136.899, 34.2825], [136.8982, 34.2827], [136.8986, 34.2838], [136.8978, 34.2841], [136.898, 34.2842], [136.8979, 34.2845], [136.8981, 34.2846], [136.8985, 34.2845], [136.8988, 34.2847], [136.8986, 34.2849], [136.8992, 34.2854], [136.8997, 34.2851], [136.8996, 34.2852], [136.9017, 34.2847], [136.8995, 34.2854], [136.8996, 34.2855], [136.8993, 34.2857], [136.8983, 34.2858], [136.898, 34.2864], [136.8971, 34.2867], [136.8968, 34.2871], [136.8966, 34.2871], [136.8963, 34.2874], [136.896, 34.2874], [136.8958, 34.2871], [136.8952, 34.2871], [136.8946, 34.2875], [136.894, 34.2884], [136.8941, 34.2889], [136.8949, 34.2895], [136.8946, 34.2895], [136.8945, 34.2899], [136.8945, 34.2906], [136.8947, 34.2906], [136.8945, 34.291], [136.8946, 34.2912], [136.8956, 34.291], [136.8958, 34.2912], [136.8952, 34.2912], [136.8947, 34.2915], [136.8949, 34.2915], [136.8947, 34.2916], [136.8947, 34.2918], [136.8947, 34.2915], [136.8944, 34.2916], [136.8941, 34.2924], [136.8941, 34.293], [136.8939, 34.2927], [136.8934, 34.2926], [136.8929, 34.2935], [136.8921, 34.2936], [136.8916, 34.294], [136.8915, 34.2939], [136.891, 34.2941], [136.8908, 34.2945], [136.8904, 34.2948], [136.8899, 34.2948], [136.8895, 34.295], [136.8892, 34.2954], [136.8889, 34.296], [136.8892, 34.2966], [136.8882, 34.2964], [136.8876, 34.2966], [136.8873, 34.297], [136.8866, 34.2967], [136.8857, 34.2969], [136.8856, 34.2972], [136.8856, 34.297], [136.8854, 34.2971], [136.8841, 34.2987], [136.884, 34.2995], [136.8842, 34.3002], [136.8844, 34.3002], [136.8853, 34.3008], [136.8856, 34.3013], [136.8861, 34.3016], [136.8866, 34.3015], [136.8866, 34.3012], [136.8875, 34.301], [136.8879, 34.3013], [136.8878, 34.3015], [136.8875, 34.3015], [136.8875, 34.3017], [136.8868, 34.3026], [136.8865, 34.3027], [136.886, 34.3041], [136.8853, 34.3043], [136.8859, 34.3042], [136.886, 34.3056], [136.8871, 34.3074], [136.8877, 34.3079], [136.889, 34.3081], [136.8896, 34.3092], [136.8901, 34.3098], [136.8909, 34.3101], [136.8914, 34.3101], [136.8913, 34.3106], [136.8914, 34.3118], [136.8922, 34.3129], [136.8918, 34.3136], [136.8919, 34.3139], [136.8917, 34.3146], [136.8915, 34.3145], [136.8914, 34.3145], [136.8914, 34.3148], [136.8913, 34.3147], [136.8915, 34.3155], [136.892, 34.3156], [136.8917, 34.3156], [136.8914, 34.3161], [136.8908, 34.3163], [136.8901, 34.317], [136.8896, 34.3183], [136.89, 34.317], [136.891, 34.316], [136.8908, 34.3156], [136.8902, 34.3153], [136.8892, 34.3159], [136.8896, 34.3164], [136.889, 34.3162], [136.8882, 34.3163], [136.8857, 34.3178], [136.8847, 34.319], [136.8839, 34.3195], [136.8831, 34.3203], [136.8828, 34.3209], [136.883, 34.321], [136.8831, 34.3213], [136.8824, 34.322], [136.8824, 34.3225], [136.8819, 34.3226], [136.8815, 34.3225], [136.8811, 34.3231], [136.8803, 34.3235], [136.8789, 34.3246], [136.8782, 34.3265], [136.8779, 34.3279], [136.8775, 34.3278], [136.8779, 34.3279], [136.8775, 34.3293], [136.8776, 34.3306], [136.8772, 34.3325], [136.8773, 34.3336], [136.8779, 34.3376], [136.8784, 34.3386], [136.88, 34.341], [136.8804, 34.3421], [136.8804, 34.3427], [136.8808, 34.3431], [136.8805, 34.3438], [136.8814, 34.3451], [136.8821, 34.3454], [136.8827, 34.3455], [136.8825, 34.3454], [136.8827, 34.3453], [136.8829, 34.3457], [136.8833, 34.3458], [136.8837, 34.3457], [136.8837, 34.3454], [136.8839, 34.3456], [136.8839, 34.3454], [136.8842, 34.3456], [136.8846, 34.3454], [136.8852, 34.3454], [136.8843, 34.3456], [136.8845, 34.3458], [136.885, 34.3461], [136.8855, 34.3462], [136.8864, 34.3461], [136.8868, 34.3466], [136.8874, 34.3466], [136.8872, 34.3468], [136.8872, 34.347], [136.8874, 34.3472], [136.8877, 34.3472], [136.8877, 34.3475], [136.8879, 34.348], [136.8897, 34.3493], [136.8907, 34.3495], [136.8912, 34.3494], [136.8911, 34.3491], [136.8915, 34.3491], [136.8916, 34.3488], [136.8919, 34.3489], [136.8919, 34.3488], [136.892, 34.3488], [136.892, 34.349], [136.8922, 34.3491], [136.8923, 34.3493], [136.8922, 34.3494], [136.8919, 34.35], [136.8923, 34.351], [136.8928, 34.3519], [136.8942, 34.3529], [136.8954, 34.353], [136.8958, 34.3528], [136.8958, 34.3525], [136.8961, 34.3523], [136.8961, 34.3525], [136.8964, 34.3525], [136.8968, 34.3528], [136.8964, 34.3531], [136.8965, 34.3535], [136.8974, 34.3543], [136.8982, 34.354], [136.8985, 34.3538], [136.8985, 34.3535], [136.8987, 34.3536], [136.8986, 34.3538], [136.8987, 34.3542], [136.8983, 34.3545], [136.8985, 34.3547], [136.8992, 34.355], [136.8997, 34.3548], [136.8997, 34.3549], [136.8998, 34.3548], [136.9, 34.3549], [136.8998, 34.3553], [136.9003, 34.3556], [136.9006, 34.3556], [136.9007, 34.3553], [136.9011, 34.3553], [136.9012, 34.3559], [136.9009, 34.3561], [136.901, 34.3563], [136.9011, 34.3564], [136.9015, 34.3563], [136.9014, 34.3565], [136.9015, 34.3567], [136.9011, 34.3571], [136.9013, 34.3579], [136.9029, 34.3601], [136.9032, 34.3613], [136.9036, 34.3613], [136.9046, 34.3618], [136.9047, 34.3616], [136.905, 34.3617], [136.905, 34.3615], [136.9052, 34.3613], [136.9057, 34.3613], [136.9056, 34.3616], [136.9064, 34.3614], [136.9065, 34.3616], [136.9069, 34.3616], [136.9064, 34.3626], [136.9069, 34.3633], [136.9073, 34.3629], [136.9075, 34.3629], [136.9071, 34.3633], [136.9073, 34.3634], [136.9074, 34.3633], [136.9077, 34.3633], [136.9077, 34.3631], [136.908, 34.3631], [136.9077, 34.3639], [136.9079, 34.3645], [136.9083, 34.3649], [136.9085, 34.3648], [136.9087, 34.365], [136.909, 34.3649], [136.9088, 34.3651], [136.909, 34.3652], [136.9089, 34.3655], [136.9087, 34.3654], [136.9086, 34.3657], [136.9086, 34.3655], [136.9083, 34.3654], [136.9083, 34.3656], [136.9082, 34.3654], [136.9075, 34.3651], [136.9056, 34.3653], [136.905, 34.3648], [136.9049, 34.3642], [136.9051, 34.3645], [136.9051, 34.3643], [136.9049, 34.364], [136.9038, 34.3637], [136.9041, 34.3633], [136.9039, 34.3631], [136.9034, 34.3627], [136.9021, 34.3624], [136.9012, 34.3624], [136.8993, 34.3631], [136.898, 34.3639], [136.898, 34.3642], [136.8979, 34.3639], [136.8977, 34.3638], [136.8964, 34.364], [136.8976, 34.3638], [136.8982, 34.3628], [136.8981, 34.3623], [136.8983, 34.3624], [136.899, 34.3619], [136.8989, 34.3616], [136.8982, 34.3617], [136.8978, 34.3623], [136.8969, 34.3629], [136.8962, 34.363], [136.896, 34.3625], [136.8968, 34.3622], [136.897, 34.3616], [136.8965, 34.3613], [136.896, 34.3618], [136.8954, 34.3617], [136.8945, 34.3618], [136.8946, 34.3622], [136.895, 34.3622], [136.8946, 34.3623], [136.8948, 34.3634], [136.8949, 34.3636], [136.8956, 34.3637], [136.8939, 34.3637], [136.8932, 34.3643], [136.8934, 34.3645], [136.8931, 34.3646], [136.893, 34.3645], [136.8926, 34.3647], [136.8922, 34.3656], [136.8918, 34.3656], [136.8911, 34.3651], [136.8906, 34.3646], [136.8887, 34.3636], [136.8885, 34.3633], [136.8886, 34.3629], [136.8883, 34.3623], [136.8885, 34.3618], [136.8887, 34.3616], [136.8891, 34.3617], [136.8893, 34.3615], [136.8902, 34.361], [136.8901, 34.3608], [136.8903, 34.361], [136.8908, 34.3608], [136.8917, 34.3593], [136.8912, 34.3592], [136.8908, 34.3594], [136.8909, 34.3598], [136.8907, 34.3602], [136.8899, 34.3603], [136.8887, 34.3608], [136.8879, 34.3616], [136.8872, 34.3595], [136.8874, 34.359], [136.8873, 34.3586], [136.8887, 34.3583], [136.8884, 34.358], [136.8886, 34.3572], [136.8887, 34.3572], [136.8885, 34.3572], [136.8882, 34.3568], [136.8879, 34.3569], [136.8877, 34.3578], [136.8872, 34.3577], [136.8865, 34.3582], [136.8861, 34.3581], [136.8859, 34.3582], [136.8864, 34.359], [136.8862, 34.3592], [136.8859, 34.3593], [136.8859, 34.3596], [136.8861, 34.36], [136.8861, 34.3606], [136.8864, 34.3608], [136.8864, 34.3614], [136.8861, 34.3617], [136.8854, 34.362], [136.8851, 34.3616], [136.8842, 34.3614], [136.8839, 34.3611], [136.884, 34.3608], [136.8834, 34.3607], [136.8828, 34.3602], [136.8827, 34.3601], [136.8824, 34.3604], [136.8827, 34.3601], [136.8812, 34.3587], [136.8812, 34.3585], [136.8814, 34.3582], [136.8808, 34.3581], [136.8814, 34.3581], [136.8813, 34.3578], [136.8814, 34.3574], [136.8809, 34.3574], [136.8808, 34.3576], [136.8809, 34.3574], [136.8802, 34.3573], [136.8797, 34.3567], [136.8797, 34.3565], [136.8795, 34.3565], [136.8798, 34.3564], [136.8801, 34.3559], [136.8798, 34.3556], [136.8793, 34.3558], [136.8793, 34.3559], [136.8793, 34.3558], [136.8786, 34.3556], [136.8785, 34.3557], [136.8781, 34.3556], [136.8777, 34.3549], [136.8764, 34.3541], [136.8746, 34.354], [136.8739, 34.3532], [136.8733, 34.3529], [136.8739, 34.353], [136.8743, 34.3534], [136.874, 34.353], [136.8739, 34.3529], [136.8734, 34.3529], [136.8737, 34.3529], [136.8727, 34.3525], [136.8718, 34.3517], [136.8716, 34.3511], [136.8714, 34.3512], [136.8718, 34.351], [136.8717, 34.3507], [136.8718, 34.3509], [136.8725, 34.3506], [136.8735, 34.3497], [136.8739, 34.3495], [136.8734, 34.3497], [136.8731, 34.3491], [136.8728, 34.3491], [136.8725, 34.3493], [136.8727, 34.3495], [136.8726, 34.3498], [136.8709, 34.3501], [136.8703, 34.35], [136.8702, 34.3496], [136.8704, 34.3487], [136.8709, 34.3483], [136.8705, 34.3476], [136.8698, 34.347], [136.8696, 34.3457], [136.8692, 34.3458], [136.8684, 34.3452], [136.8692, 34.3457], [136.8694, 34.3457], [136.8698, 34.3454], [136.8697, 34.3446], [136.869, 34.3444], [136.8668, 34.3427], [136.8656, 34.3429], [136.8655, 34.3436], [136.8657, 34.3443], [136.8654, 34.345], [136.8657, 34.3455], [136.8654, 34.3459], [136.8657, 34.3485], [136.8654, 34.3498], [136.8659, 34.3505], [136.8645, 34.3499], [136.8652, 34.3506], [136.8655, 34.3506], [136.8658, 34.351], [136.8685, 34.3514], [136.8693, 34.3521], [136.8696, 34.353], [136.87, 34.3537], [136.8708, 34.3543], [136.8755, 34.3569], [136.877, 34.3587], [136.8779, 34.3605], [136.88, 34.3654], [136.8806, 34.3673], [136.8801, 34.3704], [136.8787, 34.3768], [136.8775, 34.3792], [136.8768, 34.38], [136.8729, 34.3837], [136.8717, 34.3851], [136.8709, 34.3857], [136.8701, 34.3873], [136.8691, 34.3885], [136.8687, 34.3888], [136.8679, 34.3897], [136.8678, 34.3903], [136.868, 34.3913], [136.867, 34.3921], [136.8663, 34.3922], [136.866, 34.3928], [136.8665, 34.3936], [136.8663, 34.3939], [136.8655, 34.3939], [136.8652, 34.3944], [136.8649, 34.3945], [136.863, 34.3942], [136.8609, 34.3928], [136.8607, 34.3929], [136.8605, 34.3936], [136.8606, 34.394], [136.8604, 34.3944], [136.8611, 34.3961], [136.8606, 34.3973], [136.8607, 34.3976], [136.8618, 34.3981], [136.8629, 34.3991], [136.8642, 34.3993], [136.8655, 34.3991], [136.866, 34.3992], [136.8666, 34.3997], [136.8669, 34.4003], [136.8679, 34.4003], [136.8683, 34.4005], [136.8684, 34.4008], [136.8683, 34.4014], [136.8686, 34.402], [136.8681, 34.4025], [136.8674, 34.4031], [136.866, 34.4031], [136.8657, 34.4032], [136.865, 34.4045], [136.8644, 34.4049], [136.8639, 34.4055], [136.8626, 34.4054], [136.8622, 34.405], [136.8614, 34.4051], [136.8597, 34.4044], [136.8594, 34.4045], [136.8589, 34.4051], [136.8582, 34.405], [136.8577, 34.4054], [136.8566, 34.405], [136.855, 34.4051], [136.8545, 34.4071], [136.8534, 34.4081], [136.8524, 34.4077], [136.8514, 34.4079], [136.8495, 34.4077], [136.8491, 34.4075], [136.8478, 34.4079], [136.8468, 34.4077], [136.8465, 34.4067], [136.8467, 34.4062], [136.8467, 34.4053], [136.8461, 34.4049], [136.8458, 34.4042], [136.8446, 34.4033], [136.8445, 34.4028], [136.8446, 34.4021], [136.8444, 34.4016], [136.8442, 34.4012], [136.8441, 34.4006], [136.8447, 34.4], [136.8447, 34.3997], [136.8442, 34.3995], [136.8431, 34.3997], [136.8427, 34.3999], [136.8421, 34.4005], [136.8409, 34.4009], [136.8403, 34.4008], [136.8398, 34.4003], [136.8391, 34.4002], [136.8387, 34.4004], [136.8382, 34.4001], [136.8374, 34.4001], [136.8367, 34.3993], [136.8356, 34.3992], [136.8347, 34.4003], [136.834, 34.4009], [136.8336, 34.4008], [136.8325, 34.4011], [136.8318, 34.4009], [136.8308, 34.4013], [136.8309, 34.4019], [136.8306, 34.4026], [136.831, 34.4041], [136.831, 34.4046], [136.8305, 34.4051], [136.8303, 34.4058], [136.8296, 34.4059], [136.8291, 34.4064], [136.828, 34.4065], [136.8273, 34.4064], [136.8262, 34.4066], [136.8249, 34.4074], [136.8241, 34.4089], [136.8221, 34.4083], [136.8215, 34.4085], [136.8211, 34.4093], [136.8204, 34.4097], [136.82, 34.4103], [136.8202, 34.4122], [136.8187, 34.4129], [136.8155, 34.4129], [136.8137, 34.4142], [136.8124, 34.4142], [136.8118, 34.4144], [136.8077, 34.4171], [136.8074, 34.4176], [136.8064, 34.4185], [136.8057, 34.4199], [136.8045, 34.4205], [136.804, 34.4213], [136.8034, 34.4218], [136.8026, 34.422], [136.8015, 34.422], [136.8001, 34.4224], [136.7985, 34.4223], [136.7976, 34.4227], [136.7954, 34.4224], [136.7937, 34.4242], [136.7928, 34.4244], [136.7902, 34.4245], [136.7882, 34.4235], [136.7875, 34.4234], [136.7868, 34.4224], [136.7854, 34.4216], [136.7839, 34.4194], [136.7816, 34.4185], [136.7809, 34.4168], [136.779, 34.4168], [136.7774, 34.4174], [136.7732, 34.4181], [136.7718, 34.4168], [136.77, 34.4156], [136.769, 34.4154], [136.7683, 34.4146], [136.7678, 34.4145], [136.7674, 34.4147], [136.7668, 34.4141], [136.7658, 34.4138], [136.7652, 34.4133], [136.7644, 34.413], [136.763, 34.4119], [136.762, 34.4125], [136.7605, 34.4119], [136.759, 34.4119], [136.7591, 34.4114], [136.7591, 34.4104], [136.7586, 34.4099], [136.7587, 34.4093], [136.7582, 34.4084], [136.7585, 34.4075], [136.7583, 34.4063], [136.7579, 34.4055], [136.7579, 34.4047], [136.7564, 34.4038], [136.7555, 34.4037], [136.7547, 34.4033], [136.7544, 34.4027], [136.7544, 34.4012], [136.754, 34.4009], [136.7545, 34.4005], [136.7565, 34.3999], [136.7572, 34.3999], [136.7579, 34.3994], [136.7584, 34.3987], [136.7574, 34.3981], [136.7569, 34.3973], [136.7566, 34.3961], [136.7552, 34.3951], [136.7553, 34.3944], [136.7549, 34.3932], [136.7546, 34.3927], [136.754, 34.3924], [136.7542, 34.3919], [136.7541, 34.3915], [136.7527, 34.3901], [136.7519, 34.3896], [136.7513, 34.3877], [136.7516, 34.3863], [136.75, 34.3855], [136.7471, 34.385], [136.7456, 34.3852], [136.7435, 34.3848], [136.7435, 34.3841], [136.7437, 34.3834], [136.7432, 34.3805], [136.7435, 34.3801], [136.743, 34.3781], [136.7435, 34.3773], [136.7445, 34.3767], [136.7467, 34.3763], [136.7474, 34.3742], [136.7484, 34.3727], [136.7501, 34.3718], [136.7522, 34.3697], [136.754, 34.3683], [136.7522, 34.3669], [136.7537, 34.3658], [136.7552, 34.3641], [136.7544, 34.362], [136.7529, 34.3598], [136.7522, 34.3592], [136.7509, 34.3572], [136.7506, 34.3563], [136.7508, 34.3555], [136.7499, 34.3546], [136.7496, 34.3541], [136.7489, 34.3534], [136.7484, 34.3532], [136.7478, 34.3517], [136.7484, 34.3505], [136.7492, 34.3503], [136.7497, 34.3499], [136.7508, 34.3498], [136.7512, 34.3496], [136.7525, 34.3486], [136.7528, 34.3477], [136.7535, 34.3474], [136.7532, 34.3457], [136.7533, 34.345], [136.7547, 34.3422], [136.756, 34.3412], [136.756, 34.3404], [136.7544, 34.3385], [136.7533, 34.3376], [136.7519, 34.3369], [136.7509, 34.3369], [136.7502, 34.3366], [136.7498, 34.3366], [136.7494, 34.3363], [136.749, 34.3363], [136.7477, 34.3349], [136.7474, 34.3343], [136.7467, 34.3342], [136.7466, 34.3337], [136.7455, 34.3324], [136.7463, 34.3313], [136.7459, 34.3308], [136.7457, 34.33], [136.7461, 34.3292], [136.7455, 34.3287], [136.7453, 34.3282], [136.7459, 34.3272], [136.7455, 34.3269], [136.7457, 34.3261], [136.7455, 34.3251], [136.7444, 34.3247], [136.7439, 34.3249], [136.7434, 34.3249], [136.743, 34.3241], [136.7418, 34.3233], [136.7416, 34.3228], [136.7412, 34.3223], [136.7396, 34.3219], [136.7393, 34.3215], [136.7373, 34.3217], [136.7367, 34.3213], [136.736, 34.3212], [136.7357, 34.3205], [136.7354, 34.3203], [136.7344, 34.3202], [136.7323, 34.3207], [136.7316, 34.3206], [136.7308, 34.3201], [136.7295, 34.3199], [136.7289, 34.3196], [136.728, 34.3184], [136.7269, 34.3179], [136.7266, 34.3173], [136.7257, 34.3172], [136.7253, 34.3168], [136.7245, 34.3164], [136.7238, 34.3166], [136.7228, 34.3171], [136.7213, 34.3172], [136.7207, 34.3169], [136.7202, 34.3164], [136.7194, 34.3161], [136.7185, 34.3153], [136.7175, 34.3148], [136.717, 34.3148], [136.7153, 34.3155], [136.7138, 34.3155], [136.7129, 34.3151], [136.7126, 34.3146], [136.7111, 34.3137], [136.7102, 34.3139], [136.7095, 34.3145], [136.7086, 34.3148], [136.708, 34.3144], [136.7057, 34.3137], [136.7053, 34.3132], [136.7045, 34.3129], [136.7043, 34.3118], [136.7033, 34.3104], [136.7034, 34.309], [136.7028, 34.3082], [136.7022, 34.3066], [136.7016, 34.3061], [136.7043, 34.3047], [136.7059, 34.3061], [136.7075, 34.3063], [136.7083, 34.3067], [136.7104, 34.3066], [136.711, 34.3064], [136.712, 34.3065], [136.7126, 34.3056], [136.7131, 34.3056], [136.7143, 34.3049], [136.7148, 34.3048], [136.7152, 34.3036], [136.7158, 34.3024]]], [[[136.8176, 34.2352], [136.8177, 34.2355], [136.8174, 34.2363], [136.8174, 34.2373], [136.8172, 34.2375], [136.8162, 34.2374], [136.816, 34.2368], [136.8163, 34.2357], [136.8168, 34.2352], [136.8176, 34.2352]]], [[[136.8139, 34.2304], [136.8133, 34.232], [136.8127, 34.2322], [136.8108, 34.2296], [136.8113, 34.2294], [136.8123, 34.2302], [136.8136, 34.23], [136.8139, 34.2304]]], [[[136.8008, 34.3098], [136.8002, 34.3099], [136.7998, 34.3103], [136.7994, 34.3104], [136.7994, 34.3097], [136.7991, 34.309], [136.8005, 34.3087], [136.8023, 34.3087], [136.8019, 34.3091], [136.802, 34.3093], [136.8017, 34.3097], [136.8014, 34.3099], [136.8008, 34.3098]]], [[[136.8187, 34.3027], [136.8183, 34.3026], [136.8183, 34.3025], [136.818, 34.3023], [136.8179, 34.3024], [136.818, 34.3023], [136.8176, 34.3021], [136.8176, 34.3013], [136.8181, 34.3011], [136.8181, 34.3012], [136.8183, 34.3012], [136.8182, 34.3017], [136.8185, 34.3018], [136.8186, 34.3013], [136.8187, 34.3014], [136.8188, 34.3013], [136.819, 34.3014], [136.82, 34.301], [136.8193, 34.3008], [136.8191, 34.3006], [136.8194, 34.3002], [136.8197, 34.3002], [136.8196, 34.2996], [136.8197, 34.2993], [136.8205, 34.2993], [136.822, 34.2999], [136.8219, 34.3002], [136.8215, 34.3003], [136.8213, 34.3005], [136.8212, 34.3005], [136.8213, 34.3006], [136.8211, 34.3006], [136.8212, 34.3008], [136.8211, 34.301], [136.8209, 34.3009], [136.8207, 34.3011], [136.8208, 34.3016], [136.8209, 34.3015], [136.8208, 34.3019], [136.8205, 34.302], [136.8203, 34.3019], [136.8201, 34.3022], [136.8197, 34.3021], [136.8197, 34.3022], [136.8189, 34.3022], [136.8187, 34.3027]]], [[[136.8168, 34.3014], [136.817, 34.3016], [136.8164, 34.3018], [136.8153, 34.301], [136.8138, 34.3007], [136.8126, 34.3008], [136.8121, 34.301], [136.8121, 34.3008], [136.8127, 34.3002], [136.8132, 34.2993], [136.8134, 34.2994], [136.8134, 34.2997], [136.8137, 34.2997], [136.8138, 34.2995], [136.8146, 34.2996], [136.8152, 34.3001], [136.8155, 34.2999], [136.816, 34.3004], [136.8157, 34.3005], [136.8157, 34.3008], [136.8162, 34.301], [136.8164, 34.3008], [136.8168, 34.3014]]], [[[136.8276, 34.3071], [136.8277, 34.3072], [136.8273, 34.3076], [136.8271, 34.3076], [136.8271, 34.3074], [136.8276, 34.3071]]], [[[136.8308, 34.2915], [136.8304, 34.2914], [136.8308, 34.2909], [136.8306, 34.2902], [136.8308, 34.2899], [136.8303, 34.2899], [136.83, 34.2903], [136.8302, 34.2904], [136.8301, 34.2907], [136.8292, 34.2909], [136.8291, 34.2907], [136.8291, 34.2899], [136.8287, 34.29], [136.8287, 34.2905], [136.8281, 34.2907], [136.8277, 34.2899], [136.8278, 34.2897], [136.8287, 34.2894], [136.8287, 34.289], [136.829, 34.2889], [136.8292, 34.2892], [136.8298, 34.2891], [136.8314, 34.2894], [136.8324, 34.2891], [136.8328, 34.2892], [136.833, 34.2894], [136.8326, 34.2894], [136.8324, 34.2897], [136.8322, 34.2908], [136.8315, 34.291], [136.8314, 34.2914], [136.8308, 34.2915]]], [[[136.8274, 34.2882], [136.8274, 34.2885], [136.8276, 34.2889], [136.8269, 34.2893], [136.8263, 34.2885], [136.8263, 34.2882], [136.827, 34.2881], [136.8274, 34.2882]]], [[[136.8249, 34.3012], [136.825, 34.3014], [136.8246, 34.3012], [136.8241, 34.3012], [136.8241, 34.301], [136.8242, 34.3009], [136.8249, 34.3012]]], [[[136.8249, 34.2999], [136.8248, 34.3003], [136.8246, 34.3003], [136.8242, 34.2998], [136.8243, 34.2995], [136.8237, 34.2995], [136.8232, 34.2991], [136.823, 34.2989], [136.8231, 34.2985], [136.8226, 34.2987], [136.8224, 34.2984], [136.8216, 34.2983], [136.8206, 34.2973], [136.8192, 34.2971], [136.8194, 34.2971], [136.8196, 34.2969], [136.82, 34.297], [136.8204, 34.2967], [136.8209, 34.2967], [136.8214, 34.2969], [136.8219, 34.2969], [136.8219, 34.2966], [136.8223, 34.2966], [136.8232, 34.2969], [136.8232, 34.2965], [136.8237, 34.2963], [136.8237, 34.296], [136.8242, 34.2958], [136.8251, 34.2965], [136.8251, 34.2958], [136.8247, 34.2951], [136.8254, 34.2951], [136.8256, 34.2957], [136.8256, 34.2965], [136.8262, 34.2974], [136.8255, 34.2977], [136.8254, 34.2982], [136.8252, 34.2983], [136.8245, 34.2981], [136.8244, 34.2976], [136.824, 34.2978], [136.8248, 34.2989], [136.8262, 34.2995], [136.8255, 34.2995], [136.8253, 34.2998], [136.8249, 34.2999]]], [[[136.8222, 34.2957], [136.8218, 34.2957], [136.8225, 34.2953], [136.8222, 34.2948], [136.8226, 34.2948], [136.8228, 34.2942], [136.8219, 34.2939], [136.8214, 34.2945], [136.8219, 34.2942], [136.822, 34.2943], [136.8216, 34.2946], [136.8217, 34.2947], [136.8214, 34.2946], [136.8213, 34.2949], [136.8205, 34.2955], [136.8203, 34.2952], [136.8207, 34.2949], [136.8206, 34.2945], [136.8209, 34.2943], [136.8205, 34.294], [136.8194, 34.2941], [136.8197, 34.2939], [136.8196, 34.2935], [136.8201, 34.2938], [136.8203, 34.2937], [136.8206, 34.2939], [136.8216, 34.294], [136.822, 34.2938], [136.8221, 34.2934], [136.8224, 34.2935], [136.8225, 34.2932], [136.823, 34.2938], [136.8232, 34.2932], [136.8242, 34.2928], [136.8243, 34.2927], [136.8235, 34.2924], [136.8233, 34.2926], [136.823, 34.2926], [136.8231, 34.2923], [136.8236, 34.2923], [136.8237, 34.2916], [136.8235, 34.2914], [136.8235, 34.2917], [136.8231, 34.2919], [136.8227, 34.2918], [136.8226, 34.2914], [136.8227, 34.2909], [136.8236, 34.2908], [136.8234, 34.2903], [136.8228, 34.2901], [136.8226, 34.2898], [136.8233, 34.2896], [136.8234, 34.2893], [136.8232, 34.289], [136.8226, 34.289], [136.8226, 34.2885], [136.8222, 34.2884], [136.8226, 34.2879], [136.8229, 34.2883], [136.8235, 34.2881], [136.8236, 34.2887], [136.824, 34.2886], [136.8239, 34.2892], [136.8243, 34.2897], [136.8243, 34.2903], [136.825, 34.2901], [136.8251, 34.2899], [136.8255, 34.2899], [136.8255, 34.2897], [136.8249, 34.2894], [136.825, 34.2891], [136.8252, 34.2892], [136.8256, 34.289], [136.8252, 34.2885], [136.8255, 34.2884], [136.8255, 34.2887], [136.8258, 34.2887], [136.8263, 34.2889], [136.8266, 34.2895], [136.8272, 34.29], [136.8275, 34.2901], [136.8278, 34.2907], [136.8275, 34.2914], [136.8281, 34.2917], [136.8282, 34.2923], [136.828, 34.2924], [136.8275, 34.2919], [136.827, 34.2918], [136.8273, 34.2907], [136.8266, 34.2908], [136.8265, 34.2913], [136.8261, 34.2914], [136.8259, 34.291], [136.8257, 34.2911], [136.825, 34.2909], [136.8248, 34.2907], [136.8239, 34.291], [136.8244, 34.2913], [136.8248, 34.2912], [136.8251, 34.2912], [136.8257, 34.2917], [136.8264, 34.2919], [136.8263, 34.2923], [136.8258, 34.2921], [136.8256, 34.2921], [136.825, 34.2928], [136.8254, 34.2935], [136.8256, 34.2936], [136.8259, 34.2934], [136.8262, 34.2937], [136.8258, 34.2943], [136.8256, 34.2942], [136.8249, 34.2944], [136.8242, 34.2943], [136.8238, 34.2935], [136.8239, 34.2938], [136.8235, 34.2941], [136.8239, 34.295], [136.8235, 34.2953], [136.8233, 34.295], [136.8232, 34.2949], [136.8228, 34.2956], [136.8222, 34.2957]]], [[[136.8925, 34.3157], [136.8923, 34.3162], [136.8921, 34.3156], [136.8923, 34.3157], [136.8927, 34.3155], [136.8925, 34.3157]]], [[[136.8347, 34.2683], [136.8344, 34.2686], [136.8343, 34.2686], [136.8343, 34.2679], [136.834, 34.2674], [136.834, 34.2671], [136.8345, 34.2672], [136.8344, 34.2677], [136.835, 34.2677], [136.8354, 34.268], [136.8353, 34.2685], [136.8347, 34.2683]]], [[[136.8386, 34.266], [136.8376, 34.2659], [136.838, 34.2654], [136.8374, 34.2653], [136.8376, 34.2648], [136.8379, 34.2648], [136.8381, 34.2645], [136.8387, 34.2646], [136.8388, 34.2651], [136.8392, 34.2649], [136.8393, 34.265], [136.8394, 34.2659], [136.8386, 34.266]]], [[[136.8303, 34.2614], [136.8309, 34.2607], [136.8306, 34.2604], [136.8303, 34.2605], [136.8298, 34.2604], [136.8298, 34.26], [136.8301, 34.2598], [136.8305, 34.2599], [136.8313, 34.2597], [136.8314, 34.2593], [136.8306, 34.2593], [136.8308, 34.2587], [136.8303, 34.2587], [136.8288, 34.2597], [136.8284, 34.2593], [136.828, 34.2595], [136.8285, 34.2606], [136.8285, 34.2609], [136.828, 34.2614], [136.8287, 34.2621], [136.8289, 34.2632], [136.8285, 34.2635], [136.8286, 34.264], [136.828, 34.2642], [136.8272, 34.2641], [136.8274, 34.2636], [136.8272, 34.2632], [136.8269, 34.2637], [136.8265, 34.2636], [136.8265, 34.2642], [136.8261, 34.2642], [136.826, 34.2644], [136.8254, 34.2644], [136.8252, 34.2645], [136.8256, 34.2646], [136.8264, 34.2644], [136.8275, 34.2645], [136.8282, 34.2648], [136.8284, 34.2651], [136.8279, 34.2654], [136.8281, 34.2656], [136.8284, 34.2655], [136.828, 34.2662], [136.8282, 34.2669], [136.8277, 34.2672], [136.8279, 34.2673], [136.829, 34.2676], [136.8292, 34.2681], [136.8289, 34.2686], [136.8296, 34.2686], [136.8299, 34.2689], [136.8297, 34.2711], [136.8291, 34.2714], [136.8289, 34.2713], [136.8288, 34.2708], [136.8284, 34.271], [136.8277, 34.2702], [136.8277, 34.27], [136.8284, 34.2697], [136.8281, 34.2695], [136.8279, 34.2697], [136.8275, 34.2695], [136.8275, 34.2692], [136.8278, 34.2689], [136.8277, 34.2688], [136.8273, 34.2692], [136.8259, 34.2692], [136.8271, 34.2697], [136.8268, 34.2704], [136.8276, 34.2708], [136.8277, 34.2711], [136.828, 34.2714], [136.8279, 34.2715], [136.8274, 34.2714], [136.827, 34.2716], [136.8273, 34.2722], [136.8264, 34.2721], [136.8264, 34.2717], [136.826, 34.2716], [136.8259, 34.2713], [136.8263, 34.2706], [136.8259, 34.2707], [136.8254, 34.2702], [136.8255, 34.2707], [136.8252, 34.271], [136.8247, 34.2711], [136.8234, 34.2718], [136.8232, 34.2713], [136.8225, 34.271], [136.8227, 34.2704], [136.8222, 34.2706], [136.8221, 34.2704], [136.8222, 34.2701], [136.822, 34.2701], [136.822, 34.2695], [136.8215, 34.2695], [136.8215, 34.2704], [136.822, 34.271], [136.8212, 34.2713], [136.8215, 34.2714], [136.8224, 34.2713], [136.8226, 34.2715], [136.8229, 34.2719], [136.8227, 34.2721], [136.823, 34.2722], [136.8231, 34.2725], [136.8224, 34.2723], [136.8217, 34.2725], [136.8215, 34.2727], [136.8216, 34.273], [136.8213, 34.2733], [136.8209, 34.273], [136.8207, 34.2725], [136.8204, 34.2724], [136.8205, 34.2726], [136.8201, 34.2727], [136.8203, 34.2731], [136.8201, 34.2733], [136.8194, 34.2728], [136.8197, 34.2734], [136.8194, 34.2736], [136.8191, 34.2736], [136.819, 34.2733], [136.8181, 34.2732], [136.8178, 34.2734], [136.8178, 34.2737], [136.8173, 34.2728], [136.8176, 34.2725], [136.8177, 34.272], [136.8175, 34.2716], [136.8177, 34.2714], [136.8179, 34.2715], [136.818, 34.2719], [136.8182, 34.2718], [136.8183, 34.2715], [136.8189, 34.2716], [136.8186, 34.2725], [136.8188, 34.2725], [136.8189, 34.2727], [136.819, 34.2724], [136.8194, 34.2721], [136.8195, 34.2715], [136.8198, 34.2715], [136.8202, 34.272], [136.8204, 34.272], [136.8204, 34.2713], [136.8201, 34.2709], [136.8194, 34.2709], [136.8193, 34.2707], [136.8196, 34.2707], [136.8196, 34.2702], [136.8193, 34.2701], [136.8192, 34.2699], [136.8193, 34.2698], [136.8185, 34.2701], [136.8183, 34.27], [136.8181, 34.2698], [136.8182, 34.2696], [136.8184, 34.2696], [136.8184, 34.2692], [136.8181, 34.2693], [136.818, 34.2692], [136.8182, 34.2692], [136.818, 34.2689], [136.8176, 34.2685], [136.8176, 34.2683], [136.818, 34.2683], [136.818, 34.2681], [136.8186, 34.2682], [136.8189, 34.2677], [136.8193, 34.2676], [136.8184, 34.2673], [136.8185, 34.2676], [136.8183, 34.2677], [136.8176, 34.2675], [136.8172, 34.2677], [136.8167, 34.2677], [136.8168, 34.2675], [136.8163, 34.267], [136.8175, 34.2662], [136.8173, 34.2661], [136.8162, 34.2665], [136.8165, 34.2658], [136.8164, 34.2653], [136.8173, 34.265], [136.8176, 34.2648], [136.8175, 34.2646], [136.8171, 34.2646], [136.8169, 34.2648], [136.8163, 34.2647], [136.816, 34.2649], [136.8154, 34.2648], [136.8157, 34.2644], [136.8158, 34.2642], [136.8157, 34.2641], [136.8153, 34.2643], [136.8151, 34.2642], [136.8148, 34.2642], [136.8148, 34.2648], [136.8143, 34.2647], [136.8142, 34.2648], [136.8137, 34.2642], [136.813, 34.2644], [136.8128, 34.2643], [136.8128, 34.2638], [136.8123, 34.263], [136.812, 34.2629], [136.8119, 34.2632], [136.8118, 34.2631], [136.8114, 34.2634], [136.8119, 34.2639], [136.812, 34.2644], [136.8111, 34.2643], [136.8109, 34.2638], [136.8104, 34.2642], [136.8105, 34.2645], [136.8101, 34.2646], [136.8096, 34.265], [136.8094, 34.2656], [136.8095, 34.2658], [136.8098, 34.2658], [136.8104, 34.2651], [136.8114, 34.2652], [136.8119, 34.2655], [136.8121, 34.2653], [136.8126, 34.2656], [136.8132, 34.2657], [136.8133, 34.266], [136.8137, 34.2658], [136.8141, 34.2663], [136.8115, 34.2672], [136.8115, 34.2673], [136.811, 34.2676], [136.8109, 34.2678], [136.8111, 34.2679], [136.8116, 34.2678], [136.8126, 34.2674], [136.8127, 34.268], [136.8132, 34.2679], [136.8139, 34.2685], [136.8134, 34.2689], [136.8136, 34.2695], [136.8129, 34.2696], [136.8127, 34.269], [136.8124, 34.269], [136.8123, 34.2691], [136.8124, 34.2694], [136.8114, 34.2691], [136.8113, 34.2693], [136.8115, 34.2699], [136.8119, 34.2698], [136.8122, 34.2699], [136.8122, 34.2702], [136.8132, 34.2703], [136.8132, 34.2706], [136.8137, 34.2706], [136.8138, 34.2709], [136.8132, 34.2715], [136.8138, 34.2721], [136.8136, 34.2722], [136.8122, 34.2726], [136.812, 34.2728], [136.8112, 34.273], [136.811, 34.2736], [136.8101, 34.2738], [136.8096, 34.2737], [136.8095, 34.2735], [136.81, 34.2733], [136.8103, 34.273], [136.8106, 34.2729], [136.8108, 34.2725], [136.8113, 34.2725], [136.8117, 34.2722], [136.8109, 34.2722], [136.8107, 34.2716], [136.8104, 34.2714], [136.8101, 34.2714], [136.8101, 34.2715], [136.8104, 34.2717], [136.8105, 34.272], [136.8102, 34.272], [136.8103, 34.2721], [136.8099, 34.2723], [136.8094, 34.2721], [136.8094, 34.2726], [136.8091, 34.2728], [136.8089, 34.2728], [136.8087, 34.2724], [136.8072, 34.2727], [136.807, 34.2724], [136.8057, 34.273], [136.8048, 34.2731], [136.8051, 34.2726], [136.805, 34.2725], [136.8051, 34.2724], [136.805, 34.2721], [136.805, 34.2713], [136.8048, 34.2711], [136.8042, 34.2712], [136.8041, 34.271], [136.8044, 34.2706], [136.8043, 34.2703], [136.8039, 34.2702], [136.8038, 34.27], [136.8033, 34.2701], [136.8039, 34.2707], [136.8038, 34.2715], [136.804, 34.2717], [136.8044, 34.2717], [136.8044, 34.2719], [136.8042, 34.2724], [136.8038, 34.2725], [136.8037, 34.2726], [136.8037, 34.2733], [136.8032, 34.2734], [136.803, 34.2732], [136.8025, 34.2735], [136.8027, 34.2737], [136.802, 34.274], [136.8017, 34.275], [136.8013, 34.2751], [136.801, 34.2747], [136.8009, 34.2741], [136.8006, 34.2743], [136.8008, 34.2754], [136.8006, 34.2756], [136.8, 34.2756], [136.7998, 34.2752], [136.7999, 34.2749], [136.7996, 34.2748], [136.7993, 34.2744], [136.799, 34.2747], [136.7993, 34.275], [136.7994, 34.2755], [136.7986, 34.2759], [136.7984, 34.2761], [136.7984, 34.2763], [136.7963, 34.2767], [136.7963, 34.2768], [136.796, 34.277], [136.7958, 34.277], [136.7955, 34.276], [136.7952, 34.276], [136.7948, 34.2764], [136.7953, 34.2769], [136.7936, 34.2775], [136.7933, 34.2768], [136.7929, 34.2768], [136.793, 34.2775], [136.7928, 34.2778], [136.7925, 34.2777], [136.7925, 34.2757], [136.7929, 34.2753], [136.7925, 34.2751], [136.7925, 34.2749], [136.7929, 34.2743], [136.7933, 34.2741], [136.7935, 34.2736], [136.7934, 34.2733], [136.7927, 34.2731], [136.7932, 34.2726], [136.7942, 34.2731], [136.7948, 34.2727], [136.7949, 34.2723], [136.794, 34.2711], [136.7936, 34.2699], [136.7937, 34.2701], [136.7934, 34.2702], [136.7936, 34.2705], [136.7937, 34.271], [136.7933, 34.2714], [136.7933, 34.2718], [136.7931, 34.2718], [136.7923, 34.2726], [136.7921, 34.2731], [136.7914, 34.2734], [136.7914, 34.2735], [136.7919, 34.2736], [136.792, 34.274], [136.7913, 34.2744], [136.7913, 34.2751], [136.7893, 34.275], [136.7879, 34.2752], [136.7886, 34.2754], [136.7905, 34.2755], [136.7907, 34.2762], [136.791, 34.2762], [136.7914, 34.2766], [136.7912, 34.2771], [136.7905, 34.2775], [136.7903, 34.278], [136.7889, 34.2777], [136.7885, 34.2779], [136.7884, 34.2782], [136.7882, 34.2781], [136.788, 34.2783], [136.7875, 34.2778], [136.7863, 34.2775], [136.7857, 34.2781], [136.7849, 34.2782], [136.7848, 34.2787], [136.7844, 34.2786], [136.7845, 34.2783], [136.7842, 34.2778], [136.7844, 34.2776], [136.7842, 34.2774], [136.7839, 34.2774], [136.7841, 34.2766], [136.784, 34.2764], [136.7834, 34.2765], [136.7834, 34.2767], [136.7829, 34.2772], [136.7827, 34.277], [136.7827, 34.2766], [136.7824, 34.2764], [136.7825, 34.2761], [136.7819, 34.2755], [136.7813, 34.2754], [136.7808, 34.2756], [136.779, 34.2754], [136.7777, 34.275], [136.7775, 34.2746], [136.7773, 34.2746], [136.7771, 34.2747], [136.7771, 34.275], [136.7765, 34.2752], [136.7767, 34.2755], [136.7776, 34.2759], [136.7782, 34.2757], [136.7786, 34.2762], [136.7795, 34.2763], [136.7797, 34.2768], [136.7797, 34.277], [136.7787, 34.2772], [136.7782, 34.278], [136.778, 34.2779], [136.7776, 34.278], [136.7774, 34.2778], [136.7771, 34.2778], [136.7767, 34.2778], [136.7767, 34.2781], [136.7764, 34.2782], [136.7759, 34.2777], [136.7755, 34.2778], [136.7755, 34.2775], [136.7749, 34.2768], [136.7743, 34.2767], [136.7731, 34.2768], [136.7731, 34.2767], [136.7729, 34.2772], [136.7724, 34.2776], [136.7725, 34.2779], [136.7728, 34.2782], [136.7716, 34.2783], [136.7711, 34.279], [136.7709, 34.279], [136.7709, 34.2788], [136.7701, 34.2788], [136.7701, 34.2786], [136.7694, 34.2786], [136.7699, 34.2786], [136.77, 34.2784], [136.7695, 34.2782], [136.7698, 34.2777], [136.7691, 34.2774], [136.7681, 34.2774], [136.7681, 34.2778], [136.7689, 34.2786], [136.7679, 34.2779], [136.768, 34.2777], [136.7677, 34.2776], [136.7674, 34.2778], [136.7676, 34.2781], [136.7673, 34.2778], [136.7668, 34.278], [136.7668, 34.2784], [136.7666, 34.2785], [136.7666, 34.2784], [136.7657, 34.2781], [136.7655, 34.2777], [136.7647, 34.2773], [136.7646, 34.2771], [136.7633, 34.2769], [136.7632, 34.2767], [136.7635, 34.2765], [136.7635, 34.276], [136.7628, 34.2745], [136.7631, 34.2744], [136.7627, 34.2742], [136.7611, 34.2726], [136.7606, 34.2725], [136.7604, 34.2722], [136.7597, 34.2721], [136.7594, 34.2722], [136.7586, 34.2722], [136.7581, 34.2725], [136.7581, 34.2728], [136.7577, 34.2732], [136.7574, 34.273], [136.7572, 34.2734], [136.7568, 34.2733], [136.7565, 34.2734], [136.7562, 34.273], [136.7563, 34.2727], [136.7559, 34.2726], [136.7553, 34.2728], [136.755, 34.2722], [136.7545, 34.2721], [136.7542, 34.2722], [136.7541, 34.2724], [136.7537, 34.2726], [136.7538, 34.2729], [136.7535, 34.273], [136.7535, 34.2728], [136.7531, 34.2729], [136.7532, 34.2727], [136.7524, 34.2727], [136.7522, 34.2725], [136.7516, 34.2724], [136.7522, 34.2724], [136.7521, 34.272], [136.7522, 34.2719], [136.752, 34.2715], [136.7511, 34.2706], [136.7504, 34.2704], [136.75, 34.2701], [136.7508, 34.27], [136.7508, 34.2699], [136.7511, 34.2699], [136.7513, 34.2696], [136.7518, 34.2699], [136.7518, 34.2697], [136.752, 34.2698], [136.7533, 34.2694], [136.7545, 34.2694], [136.7549, 34.2695], [136.7551, 34.2693], [136.7555, 34.2693], [136.7558, 34.2694], [136.756, 34.2698], [136.7576, 34.2699], [136.7583, 34.2697], [136.7583, 34.2695], [136.7591, 34.2695], [136.7612, 34.2686], [136.7627, 34.2676], [136.7635, 34.2668], [136.7637, 34.2662], [136.7643, 34.2656], [136.7651, 34.2642], [136.7652, 34.2633], [136.765, 34.2624], [136.7646, 34.2621], [136.7642, 34.262], [136.7643, 34.2619], [136.7647, 34.262], [136.765, 34.2619], [136.765, 34.2616], [136.7654, 34.2606], [136.7653, 34.26], [136.7659, 34.2601], [136.7664, 34.2606], [136.7668, 34.2605], [136.7667, 34.2608], [136.767, 34.2611], [136.7676, 34.261], [136.7686, 34.2611], [136.7691, 34.261], [136.7692, 34.2606], [136.7695, 34.2606], [136.7699, 34.2603], [136.7702, 34.2596], [136.7713, 34.2598], [136.7722, 34.2595], [136.7727, 34.2597], [136.7734, 34.2596], [136.7741, 34.2592], [136.7743, 34.2584], [136.7745, 34.2585], [136.7747, 34.2584], [136.7749, 34.2587], [136.7757, 34.2587], [136.776, 34.2589], [136.7758, 34.259], [136.7758, 34.2592], [136.7753, 34.2595], [136.7756, 34.2599], [136.7754, 34.2606], [136.776, 34.2611], [136.7775, 34.2612], [136.7783, 34.2607], [136.7786, 34.2608], [136.7795, 34.2608], [136.7798, 34.2606], [136.78, 34.2608], [136.7807, 34.2611], [136.7819, 34.2612], [136.7828, 34.2608], [136.7834, 34.2602], [136.7839, 34.2592], [136.7837, 34.2587], [136.7838, 34.2583], [136.7842, 34.2585], [136.7842, 34.2583], [136.7848, 34.2581], [136.7852, 34.2583], [136.7854, 34.2582], [136.7855, 34.2584], [136.7861, 34.2583], [136.7861, 34.258], [136.7868, 34.258], [136.7877, 34.2571], [136.7884, 34.2568], [136.7886, 34.2566], [136.7886, 34.2564], [136.7891, 34.2565], [136.789, 34.2568], [136.7894, 34.2572], [136.7902, 34.2574], [136.7907, 34.2578], [136.7915, 34.2577], [136.7925, 34.2572], [136.7925, 34.2565], [136.7933, 34.2553], [136.7931, 34.2551], [136.7934, 34.2552], [136.7933, 34.2555], [136.7935, 34.2556], [136.7948, 34.2556], [136.7945, 34.2556], [136.7946, 34.2569], [136.796, 34.257], [136.797, 34.2562], [136.797, 34.2555], [136.7969, 34.2554], [136.7971, 34.2549], [136.7975, 34.2552], [136.7981, 34.255], [136.7985, 34.2551], [136.7993, 34.255], [136.7998, 34.2552], [136.801, 34.2549], [136.8014, 34.255], [136.8015, 34.2552], [136.802, 34.253], [136.8025, 34.253], [136.8041, 34.2526], [136.8025, 34.2531], [136.8024, 34.2545], [136.8047, 34.2545], [136.8046, 34.2536], [136.805, 34.253], [136.8047, 34.2537], [136.8057, 34.2536], [136.8047, 34.2538], [136.8048, 34.2546], [136.8061, 34.2545], [136.8062, 34.2552], [136.807, 34.2552], [136.8072, 34.2551], [136.807, 34.2539], [136.8062, 34.2537], [136.807, 34.2539], [136.8077, 34.2531], [136.8068, 34.2526], [136.8053, 34.2526], [136.8052, 34.2524], [136.8068, 34.2526], [136.8085, 34.2533], [136.8088, 34.2527], [136.8087, 34.2531], [136.8089, 34.2532], [136.8115, 34.2531], [136.8118, 34.2533], [136.8116, 34.253], [136.8117, 34.253], [136.8157, 34.252], [136.8172, 34.2511], [136.8181, 34.2509], [136.8214, 34.2511], [136.8233, 34.2509], [136.8235, 34.2505], [136.8235, 34.2508], [136.8258, 34.2511], [136.8263, 34.2513], [136.8272, 34.2511], [136.8285, 34.2519], [136.83, 34.2524], [136.831, 34.2526], [136.8312, 34.2524], [136.8318, 34.2527], [136.8333, 34.2527], [136.8334, 34.2531], [136.8336, 34.2525], [136.8344, 34.2523], [136.8345, 34.2522], [136.8343, 34.2522], [136.8349, 34.2517], [136.8356, 34.2517], [136.8359, 34.2513], [136.8366, 34.2513], [136.8371, 34.2519], [136.8381, 34.252], [136.8383, 34.2518], [136.8391, 34.2519], [136.8396, 34.2523], [136.8409, 34.2523], [136.8422, 34.252], [136.8426, 34.2517], [136.8426, 34.2518], [136.8431, 34.2518], [136.8433, 34.2517], [136.8432, 34.2514], [136.8441, 34.2512], [136.8448, 34.2498], [136.844, 34.2497], [136.8452, 34.2497], [136.8461, 34.2491], [136.8463, 34.2486], [136.8458, 34.2485], [136.8463, 34.2485], [136.8466, 34.2472], [136.8476, 34.2468], [136.8479, 34.2474], [136.8477, 34.2479], [136.8477, 34.2487], [136.8487, 34.2492], [136.8479, 34.2488], [136.8474, 34.2495], [136.8474, 34.2507], [136.8477, 34.2514], [136.8481, 34.2516], [136.8492, 34.2518], [136.8481, 34.2517], [136.8476, 34.2522], [136.8475, 34.2529], [136.848, 34.2541], [136.8479, 34.2543], [136.8482, 34.2569], [136.8495, 34.2592], [136.8504, 34.2601], [136.8517, 34.2611], [136.8539, 34.2621], [136.8556, 34.2624], [136.8566, 34.2621], [136.8576, 34.2623], [136.8586, 34.2622], [136.8599, 34.2616], [136.8604, 34.2617], [136.8609, 34.2621], [136.8612, 34.2619], [136.8611, 34.2621], [136.8613, 34.2623], [136.8597, 34.2637], [136.8591, 34.2655], [136.8586, 34.2658], [136.8586, 34.2665], [136.858, 34.2666], [136.857, 34.267], [136.8567, 34.2669], [136.8565, 34.2666], [136.856, 34.267], [136.8551, 34.2672], [136.8554, 34.2666], [136.8552, 34.2663], [136.8549, 34.2663], [136.8546, 34.2667], [136.8545, 34.2674], [136.8541, 34.2674], [136.8539, 34.2669], [136.8537, 34.2668], [136.8537, 34.2675], [136.8532, 34.2681], [136.8527, 34.2682], [136.8523, 34.2681], [136.8523, 34.2677], [136.8519, 34.2678], [136.8519, 34.2684], [136.8516, 34.2686], [136.8504, 34.2679], [136.8509, 34.2675], [136.8509, 34.2673], [136.8519, 34.2668], [136.852, 34.2663], [136.8518, 34.266], [136.8521, 34.2657], [136.8519, 34.2656], [136.8516, 34.2658], [136.8513, 34.2662], [136.8505, 34.2664], [136.8498, 34.2668], [136.8492, 34.2667], [136.849, 34.2666], [136.8492, 34.2662], [136.849, 34.2659], [136.849, 34.2653], [136.8492, 34.265], [136.8499, 34.2648], [136.8499, 34.2646], [136.8491, 34.264], [136.8491, 34.2636], [136.8488, 34.2635], [136.8488, 34.2648], [136.8482, 34.2661], [136.8481, 34.266], [136.8477, 34.266], [136.8472, 34.2668], [136.8473, 34.2677], [136.8476, 34.2679], [136.8477, 34.2683], [136.8484, 34.2686], [136.8483, 34.2687], [136.8488, 34.2687], [136.8494, 34.269], [136.8497, 34.2693], [136.8494, 34.2695], [136.85, 34.2697], [136.85, 34.2699], [136.8512, 34.2715], [136.8511, 34.2721], [136.8507, 34.2723], [136.851, 34.2727], [136.8512, 34.2724], [136.8515, 34.2725], [136.8517, 34.2734], [136.8514, 34.2734], [136.8509, 34.2736], [136.8507, 34.2733], [136.8504, 34.2737], [136.8502, 34.2736], [136.8502, 34.2731], [136.8499, 34.2729], [136.8495, 34.2729], [136.8493, 34.2734], [136.8485, 34.2729], [136.8484, 34.2725], [136.8488, 34.2726], [136.8489, 34.2725], [136.8482, 34.2717], [136.8486, 34.2715], [136.8491, 34.2716], [136.8491, 34.2713], [136.8491, 34.2712], [136.8481, 34.2712], [136.8484, 34.271], [136.8483, 34.2708], [136.8477, 34.2704], [136.8478, 34.2702], [136.8481, 34.2703], [136.8485, 34.2705], [136.8494, 34.2707], [136.8499, 34.2712], [136.8502, 34.271], [136.8501, 34.2708], [136.8495, 34.2702], [136.8488, 34.27], [136.8482, 34.2694], [136.8478, 34.2695], [136.8476, 34.2693], [136.8472, 34.2693], [136.8468, 34.2696], [136.8461, 34.2695], [136.8459, 34.2686], [136.8454, 34.269], [136.8448, 34.269], [136.8445, 34.2687], [136.8447, 34.2679], [136.8452, 34.2677], [136.8454, 34.2673], [136.8447, 34.2669], [136.8443, 34.2672], [136.8443, 34.2676], [136.8439, 34.268], [136.8427, 34.2674], [136.8427, 34.267], [136.8448, 34.2663], [136.8449, 34.2662], [136.8448, 34.2659], [136.8441, 34.2661], [136.8436, 34.2661], [136.8433, 34.2664], [136.8423, 34.2667], [136.8417, 34.2666], [136.8416, 34.2662], [136.8423, 34.2659], [136.842, 34.2652], [136.8423, 34.2648], [136.8421, 34.2646], [136.8416, 34.2645], [136.8415, 34.2636], [136.8416, 34.2634], [136.8414, 34.2631], [136.8409, 34.2631], [136.8408, 34.2633], [136.8411, 34.2638], [136.8407, 34.2649], [136.8405, 34.2651], [136.8402, 34.2649], [136.84, 34.2653], [136.8399, 34.2645], [136.8394, 34.2637], [136.8398, 34.2634], [136.8399, 34.2629], [136.8391, 34.2635], [136.838, 34.2631], [136.8379, 34.2628], [136.8379, 34.2627], [136.8385, 34.2627], [136.8389, 34.2621], [136.8391, 34.262], [136.8389, 34.2616], [136.8387, 34.2616], [136.8383, 34.2623], [136.838, 34.2622], [136.8378, 34.2619], [136.8375, 34.2623], [136.8369, 34.2624], [136.8368, 34.2621], [136.8375, 34.2617], [136.8378, 34.2602], [136.8375, 34.2602], [136.8373, 34.2604], [136.8373, 34.2609], [136.8368, 34.2617], [136.8361, 34.2611], [136.8357, 34.261], [136.836, 34.2607], [136.8358, 34.2604], [136.8356, 34.2604], [136.8353, 34.2607], [136.8348, 34.2603], [136.8348, 34.2599], [136.8356, 34.2589], [136.8353, 34.2588], [136.8345, 34.2588], [136.8341, 34.2589], [136.8338, 34.2593], [136.834, 34.26], [136.834, 34.2606], [136.8332, 34.2608], [136.8337, 34.2611], [136.8342, 34.2611], [136.8342, 34.2618], [136.8344, 34.2618], [136.8347, 34.2614], [136.8355, 34.2618], [136.8355, 34.2621], [136.8359, 34.2623], [136.8355, 34.2628], [136.8363, 34.264], [136.8368, 34.2642], [136.8363, 34.2648], [136.8363, 34.2656], [136.8359, 34.2657], [136.8356, 34.2652], [136.8357, 34.265], [136.8354, 34.2651], [136.8351, 34.2649], [136.8354, 34.2644], [136.8357, 34.2645], [136.8357, 34.2642], [136.8355, 34.2642], [136.8352, 34.264], [136.8349, 34.2643], [136.8347, 34.2644], [136.8341, 34.2644], [136.834, 34.2642], [136.8337, 34.2643], [136.8338, 34.2646], [136.8344, 34.2647], [136.8343, 34.2653], [136.8345, 34.2653], [136.8348, 34.2657], [136.8348, 34.266], [136.8356, 34.2666], [136.8354, 34.267], [136.8348, 34.2667], [136.8344, 34.2661], [136.834, 34.2664], [136.8338, 34.2661], [136.8332, 34.2659], [136.8327, 34.2653], [136.8324, 34.2653], [136.8321, 34.2658], [136.8318, 34.2658], [136.8314, 34.2664], [136.8306, 34.2662], [136.8299, 34.2666], [136.8295, 34.2662], [136.8298, 34.2657], [136.8297, 34.2652], [136.8294, 34.2647], [136.8299, 34.2643], [136.8299, 34.2641], [136.8304, 34.2638], [136.8309, 34.2639], [136.831, 34.2637], [136.8314, 34.2636], [136.8311, 34.2632], [136.8309, 34.2634], [136.83, 34.2636], [136.8301, 34.263], [136.8299, 34.263], [136.8296, 34.2626], [136.8298, 34.2623], [136.8301, 34.2623], [136.8297, 34.262], [136.8303, 34.2614]]], [[[136.8386, 34.2691], [136.837, 34.2696], [136.8368, 34.2695], [136.8379, 34.2689], [136.8378, 34.2686], [136.838, 34.2682], [136.838, 34.2679], [136.839, 34.2679], [136.8393, 34.2678], [136.838, 34.2674], [136.8377, 34.2672], [136.8372, 34.2672], [136.8377, 34.2667], [136.8384, 34.2669], [136.839, 34.2667], [136.8399, 34.2667], [136.8412, 34.2675], [136.8414, 34.2675], [136.8416, 34.2676], [136.8414, 34.2679], [136.8409, 34.2682], [136.8404, 34.2679], [136.8401, 34.2679], [136.8399, 34.2681], [136.8401, 34.2683], [136.84, 34.2686], [136.8396, 34.2688], [136.8395, 34.2687], [136.8391, 34.2691], [136.8389, 34.2689], [136.8386, 34.2691]]], [[[136.825, 34.2724], [136.8247, 34.2722], [136.8248, 34.2718], [136.8251, 34.2716], [136.8252, 34.2724], [136.825, 34.2724]]], [[[136.825, 34.2724], [136.8254, 34.2729], [136.8252, 34.2731], [136.825, 34.2724]]], [[[136.8223, 34.2858], [136.8219, 34.2859], [136.8222, 34.2856], [136.8225, 34.2857], [136.8223, 34.2858]]], [[[136.8299, 34.2613], [136.8293, 34.2619], [136.8289, 34.2617], [136.8288, 34.2613], [136.8292, 34.2612], [136.8294, 34.261], [136.8299, 34.261], [136.8299, 34.2613]]], [[[136.8314, 34.2883], [136.831, 34.2884], [136.8309, 34.2881], [136.8305, 34.2877], [136.8307, 34.2877], [136.8313, 34.2879], [136.8316, 34.2883], [136.8314, 34.2883]]], [[[136.8324, 34.2879], [136.832, 34.2879], [136.832, 34.2868], [136.8326, 34.2871], [136.8332, 34.2872], [136.8332, 34.2873], [136.8328, 34.2874], [136.8324, 34.2879]]], [[[136.8253, 34.2866], [136.8252, 34.2865], [136.8247, 34.2865], [136.8243, 34.2863], [136.8237, 34.2865], [136.8231, 34.2864], [136.823, 34.2862], [136.824, 34.2859], [136.8242, 34.2852], [136.8247, 34.2852], [136.8249, 34.2854], [136.8254, 34.2853], [136.8258, 34.2848], [136.8258, 34.2845], [136.8256, 34.2844], [136.8263, 34.2842], [136.8265, 34.2845], [136.8264, 34.2848], [136.8267, 34.2858], [136.8266, 34.2862], [136.8263, 34.2862], [136.826, 34.2858], [136.8258, 34.2863], [136.8252, 34.2865], [136.8253, 34.2866]]], [[[136.803, 34.2773], [136.8028, 34.2773], [136.8024, 34.2765], [136.8028, 34.2756], [136.8041, 34.2756], [136.8042, 34.2758], [136.805, 34.2758], [136.8049, 34.2753], [136.8046, 34.2752], [136.8046, 34.2751], [136.805, 34.2747], [136.8055, 34.2746], [136.8056, 34.2742], [136.8061, 34.2741], [136.8063, 34.2738], [136.8066, 34.2738], [136.8068, 34.2732], [136.8075, 34.2738], [136.8078, 34.2739], [136.8069, 34.2749], [136.8063, 34.275], [136.8062, 34.2754], [136.8052, 34.2764], [136.8049, 34.277], [136.8039, 34.2769], [136.8033, 34.2771], [136.8032, 34.2773], [136.803, 34.2773]]], [[[136.8173, 34.2706], [136.8168, 34.2707], [136.8169, 34.2702], [136.8172, 34.2702], [136.8173, 34.2706]]], [[[136.8169, 34.2971], [136.8165, 34.2975], [136.8162, 34.2975], [136.8161, 34.2963], [136.8158, 34.2955], [136.8164, 34.2956], [136.8167, 34.2954], [136.8171, 34.2955], [136.8171, 34.2959], [136.8174, 34.296], [136.818, 34.2957], [136.8179, 34.2961], [136.8172, 34.2966], [136.8173, 34.297], [136.8169, 34.2971]]], [[[136.8166, 34.2942], [136.8168, 34.2947], [136.8163, 34.2943], [136.8159, 34.2942], [136.8157, 34.294], [136.815, 34.2938], [136.8151, 34.2933], [136.8152, 34.2933], [136.8156, 34.2938], [136.816, 34.2934], [136.8157, 34.294], [136.8159, 34.2942], [136.8167, 34.2937], [136.8166, 34.2942]]], [[[136.8179, 34.2933], [136.8175, 34.2932], [136.8175, 34.2931], [136.8174, 34.2925], [136.8177, 34.2921], [136.8174, 34.2921], [136.8176, 34.2915], [136.8174, 34.2915], [136.8172, 34.2911], [136.817, 34.2911], [136.8171, 34.2914], [136.8169, 34.2914], [136.8169, 34.2921], [136.8165, 34.2923], [136.8158, 34.2922], [136.8163, 34.2916], [136.8164, 34.2914], [136.8163, 34.2913], [136.815, 34.2922], [136.8145, 34.292], [136.8146, 34.2918], [136.8142, 34.2912], [136.8144, 34.2911], [136.8144, 34.2913], [136.8148, 34.2917], [136.8154, 34.2915], [136.8156, 34.2911], [136.8151, 34.2911], [136.8149, 34.2907], [136.8145, 34.2908], [136.8143, 34.2907], [136.8142, 34.2908], [136.8136, 34.2909], [136.8137, 34.2921], [136.8136, 34.2924], [136.813, 34.2922], [136.8131, 34.292], [136.8127, 34.2918], [136.8128, 34.2915], [136.8127, 34.2913], [136.8131, 34.2907], [136.8128, 34.2903], [136.8123, 34.2906], [136.812, 34.2901], [136.812, 34.2897], [136.8114, 34.2892], [136.8112, 34.2893], [136.8112, 34.2895], [136.811, 34.2895], [136.8111, 34.2899], [136.8105, 34.2899], [136.8106, 34.2896], [136.8103, 34.2892], [136.8102, 34.2892], [136.8103, 34.2891], [136.8101, 34.2889], [136.808, 34.2888], [136.8079, 34.2884], [136.8081, 34.2873], [136.809, 34.2872], [136.809, 34.287], [136.8092, 34.2875], [136.8098, 34.2874], [136.8098, 34.2871], [136.8099, 34.2873], [136.8104, 34.2873], [136.8102, 34.2867], [136.8098, 34.2864], [136.8092, 34.2863], [136.8098, 34.2863], [136.8102, 34.2867], [136.8104, 34.2873], [136.8114, 34.2872], [136.8113, 34.2871], [136.8117, 34.2873], [136.8117, 34.2874], [136.8119, 34.2874], [136.8119, 34.2872], [136.8123, 34.2872], [136.8124, 34.2874], [136.8129, 34.2875], [136.8143, 34.2875], [136.814, 34.2882], [136.8151, 34.2888], [136.8149, 34.2893], [136.8152, 34.2896], [136.8154, 34.2896], [136.8153, 34.2894], [136.8157, 34.2893], [136.8157, 34.2895], [136.8158, 34.2892], [136.8154, 34.2889], [136.8154, 34.2883], [136.8165, 34.2882], [136.817, 34.2885], [136.8164, 34.2888], [136.8164, 34.2892], [136.817, 34.2893], [136.817, 34.2897], [136.8175, 34.2898], [136.8176, 34.2899], [136.8185, 34.2903], [136.8185, 34.2901], [136.8183, 34.29], [136.8179, 34.2892], [136.8181, 34.2889], [136.8179, 34.2884], [136.8181, 34.2883], [136.8184, 34.2888], [136.8189, 34.289], [136.8193, 34.2889], [136.8196, 34.2884], [136.8193, 34.288], [136.8202, 34.2882], [136.8206, 34.2886], [136.8205, 34.2891], [136.8208, 34.2894], [136.8214, 34.2894], [136.8214, 34.2897], [136.8206, 34.2899], [136.8201, 34.2896], [136.8199, 34.2898], [136.8193, 34.2899], [136.819, 34.2904], [136.8193, 34.2904], [136.8196, 34.2903], [136.8201, 34.2906], [136.8205, 34.2904], [136.8211, 34.2907], [136.8218, 34.2906], [136.8225, 34.2908], [136.8225, 34.2911], [136.8222, 34.2916], [136.8224, 34.292], [136.8222, 34.2921], [136.8219, 34.2921], [136.8218, 34.2915], [136.8216, 34.2914], [136.8214, 34.2919], [136.821, 34.2919], [136.8206, 34.2917], [136.8205, 34.2914], [136.8201, 34.2917], [136.8198, 34.2916], [136.8197, 34.2913], [136.8195, 34.2913], [136.8195, 34.292], [136.8199, 34.2924], [136.8195, 34.2926], [136.8188, 34.2922], [136.8189, 34.2916], [136.8191, 34.2916], [136.8189, 34.2914], [136.8185, 34.2916], [136.8185, 34.2918], [136.8183, 34.292], [136.8182, 34.2927], [136.818, 34.2926], [136.8178, 34.2927], [136.8179, 34.2933]]], [[[136.8215, 34.2927], [136.8213, 34.293], [136.8211, 34.293], [136.8212, 34.2923], [136.8215, 34.2923], [136.8216, 34.2926], [136.8215, 34.2927]]], [[[136.7796, 34.2584], [136.7795, 34.2589], [136.7791, 34.2587], [136.7796, 34.2584]]]]}, "properties": {"name": "三重県志摩市"}}, {"type": "Feature", "geometry": {"type": "Polygon", "coordinates": [[[136.5256, 34.6481], [136.5281, 34.6481], [136.5293, 34.6477], [136.5304, 34.6472], [136.5317, 34.6461], [136.534, 34.6437], [136.5353, 34.642], [136.5369, 34.6406], [136.5395, 34.6387], [136.5423, 34.6373], [136.5446, 34.6364], [136.5452, 34.6376], [136.5464, 34.6373], [136.5477, 34.6373], [136.548, 34.6375], [136.5494, 34.6378], [136.5497, 34.6381], [136.5494, 34.6397], [136.5483, 34.643], [136.5486, 34.6428], [136.548, 34.6442], [136.5477, 34.6482], [136.5477, 34.6507], [136.5489, 34.6597], [136.5488, 34.6606], [136.5489, 34.6607], [136.5493, 34.6607], [136.5509, 34.661], [136.5493, 34.6607], [136.5486, 34.6608], [136.5486, 34.6611], [136.5488, 34.6611], [136.5481, 34.6614], [136.5478, 34.6613], [136.5477, 34.661], [136.5475, 34.6611], [136.5477, 34.661], [136.5476, 34.6603], [136.5465, 34.6603], [136.5465, 34.6611], [136.5465, 34.6603], [136.546, 34.6603], [136.5459, 34.6606], [136.546, 34.6602], [136.5454, 34.6602], [136.5453, 34.6616], [136.5461, 34.6621], [136.546, 34.6624], [136.5485, 34.6627], [136.5483, 34.6618], [136.5492, 34.6613], [136.5504, 34.6616], [136.5492, 34.6614], [136.5488, 34.6616], [136.549, 34.6626], [136.5487, 34.6629], [136.5478, 34.663], [136.5453, 34.6625], [136.5451, 34.6632], [136.544, 34.6627], [136.5443, 34.6635], [136.5444, 34.6643], [136.5459, 34.6656], [136.5461, 34.6655], [136.546, 34.6656], [136.5462, 34.6655], [136.546, 34.6657], [136.5464, 34.666], [136.5542, 34.6675], [136.5574, 34.6714], [136.5579, 34.6718], [136.5585, 34.6727], [136.5586, 34.6742], [136.5576, 34.6762], [136.5538, 34.6813], [136.5499, 34.6851], [136.5464, 34.6894], [136.5427, 34.6965], [136.542, 34.7009], [136.5416, 34.7039], [136.5417, 34.71], [136.542, 34.7184], [136.5424, 34.7239], [136.5433, 34.7303], [136.5438, 34.736], [136.5449, 34.7433], [136.5462, 34.7506], [136.5474, 34.7559], [136.5484, 34.7632], [136.5483, 34.7719], [136.5442, 34.773], [136.5484, 34.7792], [136.5498, 34.779], [136.5503, 34.779], [136.5498, 34.779], [136.5479, 34.7795], [136.5491, 34.7811], [136.5494, 34.781], [136.5497, 34.7812], [136.5501, 34.7808], [136.5502, 34.7794], [136.5503, 34.7799], [136.5502, 34.7808], [136.5496, 34.7814], [136.5497, 34.7815], [136.5499, 34.7815], [136.5522, 34.7846], [136.5621, 34.7961], [136.5638, 34.7977], [136.5647, 34.7988], [136.5649, 34.7989], [136.5653, 34.7994], [136.5681, 34.8024], [136.5705, 34.8044], [136.5686, 34.8069], [136.5677, 34.8073], [136.5662, 34.8074], [136.5656, 34.8077], [136.5619, 34.8097], [136.5616, 34.81], [136.5615, 34.8106], [136.5608, 34.8108], [136.5598, 34.8116], [136.559, 34.8119], [136.5578, 34.8124], [136.5569, 34.8108], [136.5547, 34.8117], [136.5549, 34.8122], [136.5543, 34.8123], [136.5549, 34.8139], [136.5519, 34.8147], [136.5516, 34.8139], [136.5519, 34.8132], [136.5516, 34.8111], [136.551, 34.8109], [136.5476, 34.8112], [136.5474, 34.8104], [136.5464, 34.8099], [136.5458, 34.8101], [136.5459, 34.8106], [136.5456, 34.8104], [136.5455, 34.81], [136.5448, 34.8101], [136.5447, 34.8098], [136.5443, 34.8099], [136.5436, 34.8103], [136.5429, 34.8101], [136.5422, 34.8102], [136.5418, 34.81], [136.5418, 34.8091], [136.5413, 34.8085], [136.5414, 34.8076], [136.5394, 34.8081], [136.534, 34.8079], [136.5331, 34.808], [136.5317, 34.8084], [136.529, 34.8082], [136.5288, 34.8086], [136.5284, 34.8088], [136.5284, 34.8093], [136.528, 34.8102], [136.5268, 34.8105], [136.5266, 34.8113], [136.5271, 34.8122], [136.5254, 34.8132], [136.5246, 34.8134], [136.5241, 34.8128], [136.5235, 34.8127], [136.5232, 34.8125], [136.523, 34.812], [136.5226, 34.8118], [136.5218, 34.8108], [136.5217, 34.8103], [136.521, 34.8103], [136.5199, 34.8094], [136.5192, 34.8092], [136.5176, 34.8096], [136.5173, 34.8092], [136.5171, 34.8099], [136.5167, 34.8099], [136.5166, 34.8097], [136.5162, 34.8096], [136.516, 34.8091], [136.5162, 34.8085], [136.5155, 34.8081], [136.5148, 34.8085], [136.5144, 34.8096], [136.5152, 34.8102], [136.5149, 34.8105], [136.5147, 34.811], [136.5137, 34.8112], [136.5132, 34.8115], [136.5134, 34.8116], [136.5129, 34.8118], [136.5119, 34.8113], [136.5117, 34.8107], [136.5113, 34.8106], [136.5108, 34.8101], [136.511, 34.8101], [136.5118, 34.8104], [136.512, 34.8103], [136.512, 34.8089], [136.5115, 34.8078], [136.5119, 34.8076], [136.5114, 34.8067], [136.5116, 34.8058], [136.5111, 34.8055], [136.5111, 34.8052], [136.5099, 34.8047], [136.5087, 34.8046], [136.5067, 34.8055], [136.5065, 34.8057], [136.5061, 34.8056], [136.5058, 34.8058], [136.5043, 34.8052], [136.503, 34.8055], [136.5019, 34.8062], [136.5013, 34.8062], [136.5009, 34.8058], [136.5, 34.8061], [136.4998, 34.8059], [136.4999, 34.8054], [136.4993, 34.8044], [136.4981, 34.8041], [136.4981, 34.8028], [136.4977, 34.8025], [136.4972, 34.8016], [136.4972, 34.8013], [136.4977, 34.8006], [136.4959, 34.8], [136.4954, 34.7995], [136.4939, 34.7993], [136.4934, 34.7995], [136.493, 34.7991], [136.4927, 34.7992], [136.4916, 34.7987], [136.491, 34.7988], [136.4905, 34.7993], [136.4903, 34.7998], [136.4897, 34.8], [136.4895, 34.8003], [136.4895, 34.8007], [136.4899, 34.8014], [136.4894, 34.8022], [136.4892, 34.8022], [136.4891, 34.8018], [136.4889, 34.8018], [136.4884, 34.8018], [136.4881, 34.8021], [136.4871, 34.8022], [136.4863, 34.8021], [136.4855, 34.8022], [136.4855, 34.8034], [136.485, 34.8037], [136.4851, 34.8042], [136.4846, 34.8043], [136.4845, 34.8049], [136.4833, 34.8049], [136.4828, 34.8053], [136.4829, 34.8056], [136.4833, 34.8059], [136.4831, 34.8063], [136.4831, 34.8067], [136.4827, 34.8071], [136.4823, 34.8068], [136.4826, 34.8064], [136.4824, 34.8045], [136.482, 34.8043], [136.4821, 34.8049], [136.482, 34.8053], [136.4817, 34.8058], [136.4817, 34.8063], [136.4795, 34.8062], [136.4792, 34.8056], [136.4794, 34.8049], [136.4794, 34.8045], [136.4798, 34.8038], [136.4786, 34.8034], [136.478, 34.8036], [136.4774, 34.8041], [136.4775, 34.8059], [136.4773, 34.8062], [136.4777, 34.8064], [136.4783, 34.8064], [136.4787, 34.8058], [136.4791, 34.8058], [136.4795, 34.8067], [136.4788, 34.8085], [136.4782, 34.8085], [136.4781, 34.8088], [136.4779, 34.8087], [136.4779, 34.8085], [136.4773, 34.8084], [136.4772, 34.808], [136.4767, 34.8074], [136.4763, 34.8075], [136.4755, 34.8083], [136.4744, 34.8081], [136.4743, 34.8086], [136.4749, 34.8087], [136.475, 34.809], [136.4747, 34.8094], [136.4744, 34.8095], [136.4734, 34.8088], [136.4723, 34.8087], [136.472, 34.809], [136.4731, 34.8097], [136.4709, 34.81], [136.4712, 34.8108], [136.4717, 34.8107], [136.4721, 34.8115], [136.4716, 34.8123], [136.4705, 34.8122], [136.4703, 34.8116], [136.4703, 34.8111], [136.4701, 34.811], [136.4702, 34.8103], [136.469, 34.8089], [136.4681, 34.8089], [136.468, 34.8091], [136.4675, 34.809], [136.4674, 34.8085], [136.4672, 34.8084], [136.467, 34.8079], [136.4664, 34.8084], [136.4663, 34.8089], [136.4666, 34.8092], [136.467, 34.8093], [136.4679, 34.8097], [136.4677, 34.8102], [136.4684, 34.8109], [136.4681, 34.8108], [136.4677, 34.8112], [136.4673, 34.8106], [136.4666, 34.8106], [136.4668, 34.8108], [136.467, 34.8116], [136.4666, 34.8116], [136.4662, 34.812], [136.4658, 34.812], [136.4657, 34.8126], [136.4649, 34.8131], [136.4639, 34.8117], [136.4643, 34.811], [136.4638, 34.8104], [136.4631, 34.8107], [136.4626, 34.8108], [136.4623, 34.8113], [136.4626, 34.8119], [136.463, 34.812], [136.463, 34.8128], [136.4616, 34.8127], [136.4619, 34.8131], [136.4621, 34.8138], [136.4625, 34.8141], [136.4629, 34.8147], [136.4625, 34.8148], [136.4623, 34.8151], [136.4611, 34.8154], [136.461, 34.8145], [136.4596, 34.814], [136.4589, 34.8128], [136.459, 34.8122], [136.4587, 34.812], [136.4577, 34.8116], [136.4567, 34.812], [136.4561, 34.8119], [136.4557, 34.8137], [136.4548, 34.8133], [136.4546, 34.8115], [136.4544, 34.8111], [136.4536, 34.8109], [136.4531, 34.8107], [136.4527, 34.8108], [136.4521, 34.8107], [136.4515, 34.8103], [136.4502, 34.8109], [136.4497, 34.8113], [136.4496, 34.812], [136.4497, 34.8125], [136.4495, 34.8132], [136.4495, 34.814], [136.4493, 34.8144], [136.4488, 34.8145], [136.4483, 34.8143], [136.447, 34.8152], [136.447, 34.8159], [136.4438, 34.8184], [136.4427, 34.8181], [136.4421, 34.8182], [136.4421, 34.8191], [136.4418, 34.8194], [136.4414, 34.8205], [136.4408, 34.8205], [136.4395, 34.8209], [136.4392, 34.8209], [136.4389, 34.8204], [136.4382, 34.8204], [136.4379, 34.8208], [136.4381, 34.8213], [136.4373, 34.8214], [136.4365, 34.822], [136.436, 34.8219], [136.4358, 34.8223], [136.4357, 34.8227], [136.4363, 34.8234], [136.4364, 34.8238], [136.4369, 34.8243], [136.4364, 34.8252], [136.4351, 34.8258], [136.4348, 34.8268], [136.4343, 34.8276], [136.4343, 34.8278], [136.435, 34.8288], [136.4349, 34.8302], [136.4351, 34.8314], [136.4344, 34.8314], [136.4343, 34.8319], [136.4335, 34.8325], [136.434, 34.833], [136.4338, 34.8332], [136.434, 34.8344], [136.4349, 34.8348], [136.435, 34.835], [136.4343, 34.8354], [136.4339, 34.8352], [136.4337, 34.8357], [136.4346, 34.8357], [136.4351, 34.8354], [136.4353, 34.8355], [136.4353, 34.8359], [136.4355, 34.836], [136.4353, 34.8376], [136.434, 34.838], [136.4349, 34.8391], [136.4347, 34.8393], [136.4348, 34.8401], [136.4338, 34.8405], [136.4332, 34.8411], [136.4327, 34.8415], [136.4313, 34.8417], [136.4308, 34.8407], [136.4295, 34.841], [136.4289, 34.8416], [136.4282, 34.8416], [136.4276, 34.8421], [136.4274, 34.8428], [136.4264, 34.843], [136.4259, 34.8428], [136.4256, 34.8432], [136.425, 34.8433], [136.4244, 34.8437], [136.424, 34.8438], [136.4232, 34.8439], [136.4221, 34.8446], [136.4221, 34.8442], [136.4223, 34.8437], [136.4223, 34.8426], [136.4218, 34.8411], [136.4214, 34.8408], [136.4198, 34.8406], [136.4194, 34.8401], [136.4181, 34.8395], [136.4175, 34.8395], [136.4167, 34.8404], [136.4157, 34.8411], [136.4151, 34.8411], [136.4144, 34.842], [136.4139, 34.8424], [136.4124, 34.8423], [136.4115, 34.8429], [136.4108, 34.8429], [136.4105, 34.8433], [136.4099, 34.8436], [136.4094, 34.8434], [136.4083, 34.8433], [136.4058, 34.8429], [136.4053, 34.8427], [136.4048, 34.8422], [136.4042, 34.8422], [136.4034, 34.842], [136.4032, 34.8417], [136.4031, 34.8411], [136.4037, 34.8407], [136.4038, 34.8394], [136.4045, 34.8384], [136.4041, 34.838], [136.403, 34.8375], [136.4026, 34.8371], [136.3997, 34.8368], [136.3983, 34.837], [136.3969, 34.8356], [136.3953, 34.836], [136.3944, 34.8354], [136.3937, 34.8358], [136.3933, 34.8359], [136.3916, 34.8352], [136.391, 34.8351], [136.3904, 34.8353], [136.3895, 34.8359], [136.3889, 34.8359], [136.3885, 34.8354], [136.3885, 34.8346], [136.3867, 34.8338], [136.3865, 34.8334], [136.3869, 34.8324], [136.3862, 34.832], [136.3858, 34.8313], [136.3847, 34.8303], [136.3842, 34.8301], [136.3838, 34.8291], [136.383, 34.8285], [136.3812, 34.828], [136.3813, 34.8269], [136.3806, 34.8256], [136.3798, 34.8252], [136.3794, 34.8235], [136.3788, 34.8233], [136.3786, 34.8228], [136.3783, 34.8225], [136.3772, 34.8223], [136.3756, 34.8215], [136.3754, 34.8205], [136.3744, 34.8204], [136.3736, 34.8199], [136.3718, 34.82], [136.3709, 34.8197], [136.3696, 34.8204], [136.3689, 34.8206], [136.3683, 34.8204], [136.3678, 34.8209], [136.3665, 34.8211], [136.3658, 34.8219], [136.3658, 34.8227], [136.3651, 34.8227], [136.3646, 34.823], [136.3632, 34.8226], [136.3625, 34.8227], [136.362, 34.8224], [136.3609, 34.8227], [136.3592, 34.8227], [136.3577, 34.8221], [136.3572, 34.8216], [136.3559, 34.8214], [136.3551, 34.8211], [136.3544, 34.8211], [136.354, 34.8214], [136.353, 34.8215], [136.3525, 34.8209], [136.3512, 34.8207], [136.3504, 34.8201], [136.35, 34.8202], [136.3496, 34.8205], [136.3487, 34.8199], [136.3484, 34.8193], [136.3479, 34.8192], [136.347, 34.8192], [136.346, 34.8187], [136.3456, 34.8191], [136.345, 34.8188], [136.3443, 34.819], [136.3434, 34.8185], [136.3423, 34.8187], [136.3418, 34.8192], [136.3405, 34.8189], [136.3394, 34.8192], [136.3392, 34.8194], [136.3382, 34.8191], [136.3374, 34.8198], [136.3356, 34.8192], [136.3347, 34.8185], [136.334, 34.8183], [136.3334, 34.8186], [136.3329, 34.8193], [136.3325, 34.8191], [136.3315, 34.819], [136.329, 34.8198], [136.3285, 34.8204], [136.3279, 34.8202], [136.3274, 34.8203], [136.3271, 34.8206], [136.3267, 34.8212], [136.3268, 34.8223], [136.3266, 34.8222], [136.3256, 34.8215], [136.3252, 34.8209], [136.3235, 34.8201], [136.3227, 34.8193], [136.3231, 34.8182], [136.323, 34.8177], [136.3232, 34.8173], [136.3231, 34.8168], [136.3228, 34.8167], [136.3228, 34.8163], [136.3225, 34.8159], [136.323, 34.8152], [136.3223, 34.8144], [136.3227, 34.814], [136.3227, 34.8135], [136.3228, 34.8132], [136.3223, 34.8128], [136.3223, 34.8125], [136.3218, 34.8122], [136.3213, 34.8122], [136.3209, 34.8119], [136.3199, 34.8123], [136.3185, 34.812], [136.3176, 34.8128], [136.3171, 34.8129], [136.3169, 34.8134], [136.3157, 34.8127], [136.3141, 34.8128], [136.3137, 34.8124], [136.3133, 34.8111], [136.3128, 34.8106], [136.313, 34.8095], [136.3132, 34.809], [136.3129, 34.8083], [136.3131, 34.8077], [136.3124, 34.8073], [136.3122, 34.807], [136.3119, 34.8062], [136.3112, 34.8058], [136.3105, 34.8047], [136.31, 34.8045], [136.3102, 34.8035], [136.3098, 34.8024], [136.3103, 34.8015], [136.3112, 34.8012], [136.3124, 34.8], [136.3134, 34.8001], [136.3131, 34.7993], [136.3135, 34.799], [136.3141, 34.7977], [136.3135, 34.797], [136.3133, 34.7962], [136.3142, 34.7953], [136.3138, 34.7946], [136.3144, 34.794], [136.3152, 34.7928], [136.315, 34.7922], [136.3146, 34.7919], [136.3147, 34.7914], [136.3148, 34.7912], [136.3159, 34.7905], [136.3161, 34.7897], [136.3167, 34.7886], [136.3176, 34.7878], [136.3184, 34.7879], [136.3191, 34.7875], [136.3202, 34.7874], [136.3205, 34.7872], [136.3213, 34.7872], [136.3225, 34.7869], [136.3232, 34.7864], [136.3237, 34.7863], [136.3242, 34.7855], [136.3265, 34.7857], [136.3276, 34.7855], [136.3281, 34.7863], [136.3293, 34.7868], [136.3294, 34.7871], [136.3307, 34.7871], [136.3311, 34.787], [136.3323, 34.7872], [136.3326, 34.7868], [136.3324, 34.7863], [136.3326, 34.786], [136.3332, 34.7859], [136.3333, 34.7856], [136.334, 34.7851], [136.3337, 34.7847], [136.3339, 34.7843], [136.3338, 34.7832], [136.3342, 34.7829], [136.3347, 34.7821], [136.336, 34.7822], [136.3367, 34.782], [136.3373, 34.7811], [136.3371, 34.78], [136.3372, 34.7795], [136.3366, 34.7788], [136.3366, 34.7775], [136.3375, 34.7769], [136.3394, 34.7766], [136.3398, 34.776], [136.3399, 34.775], [136.3405, 34.7746], [136.3413, 34.7736], [136.3419, 34.7733], [136.3419, 34.7727], [136.3423, 34.7715], [136.3418, 34.77], [136.3421, 34.7696], [136.3418, 34.7691], [136.3414, 34.769], [136.3411, 34.7684], [136.3401, 34.768], [136.3388, 34.768], [136.3377, 34.7678], [136.3365, 34.767], [136.3358, 34.7668], [136.3356, 34.7664], [136.3344, 34.766], [136.3337, 34.7662], [136.3335, 34.7659], [136.3332, 34.7643], [136.3326, 34.7639], [136.3309, 34.7642], [136.3298, 34.7639], [136.3294, 34.7634], [136.3286, 34.7633], [136.3284, 34.7631], [136.3282, 34.7628], [136.3271, 34.7617], [136.3261, 34.7612], [136.3252, 34.7609], [136.3243, 34.7593], [136.3233, 34.7583], [136.323, 34.7577], [136.3215, 34.7573], [136.321, 34.7568], [136.3205, 34.7559], [136.3198, 34.7554], [136.3189, 34.7551], [136.3188, 34.7537], [136.3191, 34.7532], [136.3189, 34.7517], [136.3193, 34.7502], [136.3188, 34.7495], [136.3176, 34.7492], [136.3171, 34.7477], [136.3159, 34.7475], [136.3143, 34.7469], [136.3123, 34.7472], [136.3114, 34.7468], [136.3111, 34.7463], [136.3099, 34.7456], [136.307, 34.7449], [136.306, 34.7443], [136.3048, 34.7442], [136.3042, 34.7444], [136.3035, 34.7441], [136.3031, 34.7442], [136.3023, 34.7439], [136.3005, 34.7425], [136.3007, 34.7413], [136.301, 34.7411], [136.3012, 34.7403], [136.301, 34.7394], [136.3005, 34.7389], [136.2997, 34.7386], [136.2995, 34.7381], [136.2979, 34.7372], [136.2972, 34.7347], [136.2991, 34.7332], [136.2995, 34.7325], [136.3013, 34.7315], [136.3028, 34.7317], [136.3037, 34.7319], [136.3042, 34.7318], [136.3059, 34.7311], [136.3087, 34.7291], [136.3089, 34.7285], [136.3087, 34.7277], [136.3091, 34.726], [136.3093, 34.7255], [136.3097, 34.7252], [136.3096, 34.7246], [136.3071, 34.7236], [136.3058, 34.7229], [136.3051, 34.7228], [136.3037, 34.723], [136.303, 34.7225], [136.3016, 34.722], [136.3015, 34.7217], [136.3018, 34.721], [136.3014, 34.7206], [136.3009, 34.7205], [136.3007, 34.7201], [136.3008, 34.7194], [136.3, 34.7181], [136.3001, 34.7175], [136.3006, 34.7169], [136.3004, 34.7165], [136.3, 34.7163], [136.2987, 34.7162], [136.2971, 34.7153], [136.2953, 34.7157], [136.295, 34.7155], [136.2944, 34.7151], [136.2946, 34.7143], [136.2953, 34.7133], [136.2951, 34.7123], [136.2947, 34.7116], [136.2942, 34.7114], [136.293, 34.7114], [136.2924, 34.7111], [136.292, 34.7107], [136.2911, 34.7092], [136.2894, 34.7092], [136.2898, 34.7079], [136.2884, 34.7073], [136.2874, 34.7047], [136.2858, 34.7041], [136.2855, 34.703], [136.2846, 34.7021], [136.2851, 34.7007], [136.2851, 34.7004], [136.2838, 34.7001], [136.2836, 34.6994], [136.2833, 34.6989], [136.2837, 34.6982], [136.2821, 34.6975], [136.282, 34.6973], [136.2821, 34.6966], [136.2834, 34.6958], [136.2834, 34.6956], [136.2816, 34.6947], [136.2809, 34.6941], [136.2802, 34.6941], [136.2799, 34.6937], [136.2795, 34.6936], [136.2794, 34.6928], [136.2802, 34.6923], [136.2803, 34.6921], [136.2791, 34.6914], [136.2787, 34.6903], [136.2779, 34.6899], [136.2765, 34.6898], [136.276, 34.688], [136.2724, 34.6859], [136.271, 34.6855], [136.2724, 34.6837], [136.2728, 34.6829], [136.2733, 34.6798], [136.2732, 34.6792], [136.2726, 34.6789], [136.2729, 34.6782], [136.2725, 34.6777], [136.2724, 34.6772], [136.2731, 34.6766], [136.2715, 34.6765], [136.2712, 34.676], [136.2713, 34.6755], [136.2706, 34.675], [136.2696, 34.6754], [136.2689, 34.6754], [136.2682, 34.6756], [136.2676, 34.6755], [136.2671, 34.6746], [136.2664, 34.6723], [136.2665, 34.6721], [136.2671, 34.6719], [136.2672, 34.6709], [136.2693, 34.6701], [136.2697, 34.6696], [136.2705, 34.6694], [136.2709, 34.6688], [136.2721, 34.6681], [136.2725, 34.6676], [136.2741, 34.6669], [136.2737, 34.666], [136.2751, 34.6637], [136.2751, 34.6632], [136.2745, 34.6629], [136.2732, 34.663], [136.2718, 34.6623], [136.2715, 34.6624], [136.2712, 34.6632], [136.2708, 34.6634], [136.2705, 34.6639], [136.27, 34.6639], [136.2694, 34.6636], [136.2694, 34.6627], [136.269, 34.6608], [136.2678, 34.6603], [136.267, 34.6604], [136.2673, 34.6598], [136.2677, 34.6598], [136.2681, 34.6594], [136.2681, 34.658], [136.2683, 34.6571], [136.2669, 34.6564], [136.2664, 34.6565], [136.2662, 34.6562], [136.2657, 34.656], [136.2647, 34.6562], [136.2634, 34.6558], [136.2627, 34.6561], [136.2611, 34.6556], [136.261, 34.6553], [136.261, 34.6548], [136.2613, 34.654], [136.2607, 34.6531], [136.2606, 34.6524], [136.2599, 34.6518], [136.259, 34.6497], [136.2581, 34.6485], [136.2568, 34.6476], [136.2577, 34.6469], [136.2579, 34.6462], [136.2583, 34.6457], [136.2575, 34.6453], [136.257, 34.645], [136.2563, 34.6448], [136.256, 34.6444], [136.2556, 34.6441], [136.2546, 34.6441], [136.2531, 34.6448], [136.2523, 34.6445], [136.2514, 34.6439], [136.2513, 34.6433], [136.251, 34.6428], [136.2514, 34.642], [136.2506, 34.6415], [136.2503, 34.6411], [136.2504, 34.6405], [136.2502, 34.6399], [136.2503, 34.6393], [136.2499, 34.6386], [136.2501, 34.6379], [136.2498, 34.6376], [136.2501, 34.6372], [136.2496, 34.636], [136.2504, 34.6357], [136.2505, 34.6355], [136.2501, 34.635], [136.2502, 34.6349], [136.2516, 34.6343], [136.2513, 34.634], [136.2514, 34.6335], [136.2499, 34.6335], [136.2497, 34.6327], [136.2489, 34.6327], [136.2485, 34.6322], [136.248, 34.6321], [136.2472, 34.6311], [136.2461, 34.6311], [136.2456, 34.6309], [136.2455, 34.6304], [136.2455, 34.6301], [136.246, 34.6299], [136.2462, 34.629], [136.2464, 34.6287], [136.2461, 34.6282], [136.2468, 34.6279], [136.2456, 34.6267], [136.2459, 34.6257], [136.2455, 34.6254], [136.2464, 34.625], [136.2467, 34.6246], [136.2474, 34.6249], [136.2488, 34.6241], [136.2495, 34.6225], [136.249, 34.6218], [136.2491, 34.6213], [136.2497, 34.6208], [136.2496, 34.6203], [136.2494, 34.6201], [136.2504, 34.6191], [136.2503, 34.6184], [136.2495, 34.6162], [136.25, 34.6149], [136.2493, 34.6131], [136.2499, 34.6126], [136.2513, 34.6123], [136.2512, 34.6119], [136.2502, 34.6105], [136.2499, 34.6095], [136.2503, 34.6083], [136.2508, 34.6079], [136.2509, 34.6072], [136.25, 34.6066], [136.2496, 34.6057], [136.2492, 34.6055], [136.2495, 34.6045], [136.2491, 34.6042], [136.2491, 34.6036], [136.2505, 34.6019], [136.2499, 34.601], [136.2501, 34.5997], [136.2503, 34.5995], [136.2523, 34.5993], [136.2537, 34.5989], [136.256, 34.597], [136.2574, 34.5966], [136.2578, 34.5962], [136.2576, 34.5951], [136.259, 34.5944], [136.2601, 34.5947], [136.2613, 34.5955], [136.2627, 34.5954], [136.2635, 34.5946], [136.2638, 34.5945], [136.2602, 34.5939], [136.2591, 34.5931], [136.2588, 34.5927], [136.2573, 34.5924], [136.2556, 34.5912], [136.2543, 34.5907], [136.2528, 34.5906], [136.2512, 34.5889], [136.2508, 34.5873], [136.2513, 34.5868], [136.2545, 34.5867], [136.2555, 34.5862], [136.2557, 34.5855], [136.2563, 34.5847], [136.2559, 34.5841], [136.2551, 34.5835], [136.2546, 34.5835], [136.2537, 34.5838], [136.2532, 34.5838], [136.252, 34.5832], [136.2516, 34.5836], [136.2501, 34.5832], [136.2491, 34.5833], [136.2487, 34.5831], [136.2484, 34.5821], [136.2481, 34.582], [136.2476, 34.582], [136.2476, 34.5822], [136.2471, 34.5823], [136.2436, 34.5822], [136.2422, 34.5815], [136.2409, 34.5813], [136.2399, 34.5806], [136.2392, 34.5807], [136.238, 34.5796], [136.2375, 34.5789], [136.2371, 34.5788], [136.2363, 34.5792], [136.2352, 34.5789], [136.235, 34.5792], [136.2342, 34.5796], [136.2331, 34.5795], [136.2318, 34.5797], [136.2308, 34.5796], [136.2301, 34.5787], [136.2289, 34.5793], [136.2282, 34.5793], [136.2271, 34.5796], [136.2265, 34.5795], [136.2256, 34.5782], [136.2245, 34.574], [136.2235, 34.5737], [136.2231, 34.5729], [136.2223, 34.5696], [136.2212, 34.5686], [136.2196, 34.5682], [136.2193, 34.5677], [136.219, 34.5664], [136.2195, 34.5653], [136.2187, 34.5645], [136.2188, 34.564], [136.2194, 34.5629], [136.219, 34.5623], [136.2184, 34.5619], [136.2185, 34.5615], [136.2198, 34.5588], [136.22, 34.5578], [136.2196, 34.5575], [136.2168, 34.5596], [136.2164, 34.5601], [136.2156, 34.5602], [136.2147, 34.5606], [136.2146, 34.5609], [136.2148, 34.5616], [136.2138, 34.5621], [136.2132, 34.5629], [136.2113, 34.5639], [136.211, 34.5645], [136.2103, 34.5652], [136.2101, 34.5656], [136.2091, 34.5658], [136.2086, 34.567], [136.2062, 34.5656], [136.2054, 34.5649], [136.2048, 34.5647], [136.2036, 34.5648], [136.203, 34.5641], [136.2028, 34.5651], [136.2022, 34.5665], [136.2016, 34.567], [136.2012, 34.567], [136.1992, 34.5662], [136.199, 34.5656], [136.1987, 34.5654], [136.1984, 34.564], [136.1977, 34.5636], [136.1969, 34.5661], [136.1965, 34.5665], [136.1955, 34.5667], [136.1948, 34.5678], [136.1934, 34.5675], [136.19, 34.5694], [136.1876, 34.5694], [136.1851, 34.5689], [136.1848, 34.5684], [136.1849, 34.5674], [136.1845, 34.5671], [136.1838, 34.5672], [136.182, 34.5679], [136.1796, 34.5683], [136.1787, 34.5683], [136.1768, 34.5681], [136.1767, 34.5667], [136.1762, 34.5665], [136.1759, 34.5658], [136.1754, 34.5656], [136.1752, 34.5649], [136.1747, 34.5645], [136.1743, 34.563], [136.1738, 34.5622], [136.1725, 34.5617], [136.1719, 34.5619], [136.1707, 34.5616], [136.1707, 34.5604], [136.1701, 34.5597], [136.1701, 34.5594], [136.1689, 34.5583], [136.1685, 34.5576], [136.168, 34.5574], [136.1671, 34.556], [136.167, 34.5554], [136.1667, 34.5553], [136.1673, 34.5546], [136.1673, 34.5541], [136.1666, 34.5536], [136.1666, 34.5531], [136.1659, 34.5526], [136.1659, 34.5518], [136.1652, 34.5514], [136.1652, 34.5509], [136.1644, 34.5505], [136.1641, 34.5498], [136.1642, 34.549], [136.1635, 34.5485], [136.1634, 34.5483], [136.163, 34.5482], [136.162, 34.5485], [136.161, 34.5482], [136.1605, 34.5473], [136.1601, 34.547], [136.1596, 34.547], [136.1596, 34.5469], [136.1609, 34.5459], [136.1613, 34.5448], [136.1618, 34.5443], [136.1638, 34.5427], [136.1644, 34.5417], [136.1657, 34.5414], [136.1659, 34.541], [136.1664, 34.5407], [136.1671, 34.5396], [136.1685, 34.5395], [136.1696, 34.5389], [136.1708, 34.5377], [136.1713, 34.5367], [136.1717, 34.5354], [136.1718, 34.5345], [136.171, 34.5333], [136.1712, 34.5318], [136.1705, 34.5313], [136.1703, 34.531], [136.1706, 34.5294], [136.1698, 34.5275], [136.1688, 34.5266], [136.1681, 34.5262], [136.1672, 34.5245], [136.1675, 34.5237], [136.1678, 34.5209], [136.1675, 34.52], [136.1696, 34.5196], [136.1703, 34.519], [136.1707, 34.5189], [136.1722, 34.5179], [136.1735, 34.5179], [136.1745, 34.5181], [136.1758, 34.5177], [136.1825, 34.5166], [136.1824, 34.5177], [136.1832, 34.519], [136.1842, 34.5198], [136.186, 34.5208], [136.1869, 34.5224], [136.1874, 34.5226], [136.1884, 34.5234], [136.1892, 34.5237], [136.1899, 34.5241], [136.1912, 34.5236], [136.1924, 34.5237], [136.1936, 34.5234], [136.1952, 34.5237], [136.1969, 34.5242], [136.1981, 34.5252], [136.1997, 34.5255], [136.2021, 34.5264], [136.2024, 34.5264], [136.2041, 34.527], [136.2061, 34.5275], [136.2071, 34.5279], [136.2078, 34.528], [136.2084, 34.5285], [136.2102, 34.5292], [136.2112, 34.5292], [136.2116, 34.529], [136.2126, 34.5291], [136.2154, 34.5288], [136.2167, 34.5281], [136.2164, 34.5272], [136.2164, 34.5258], [136.2167, 34.525], [136.2161, 34.5234], [136.2165, 34.5226], [136.2164, 34.5223], [136.2166, 34.5215], [136.2178, 34.521], [136.2185, 34.5202], [136.2189, 34.5192], [136.2193, 34.517], [136.2198, 34.5159], [136.2194, 34.5144], [136.2196, 34.5136], [136.2193, 34.5134], [136.219, 34.5121], [136.2191, 34.5118], [136.219, 34.5115], [136.2195, 34.5106], [136.2191, 34.5101], [136.218, 34.5094], [136.2176, 34.5088], [136.2164, 34.5082], [136.2158, 34.5076], [136.2159, 34.5067], [136.2151, 34.5061], [136.2154, 34.5048], [136.2151, 34.5034], [136.2149, 34.5033], [136.2147, 34.5025], [136.215, 34.502], [136.2148, 34.5017], [136.2148, 34.5012], [136.2153, 34.5009], [136.216, 34.4995], [136.2181, 34.4979], [136.2182, 34.4971], [136.2194, 34.4968], [136.2201, 34.4964], [136.2221, 34.4968], [136.2232, 34.4959], [136.224, 34.4956], [136.2274, 34.4954], [136.228, 34.495], [136.229, 34.4949], [136.2293, 34.4946], [136.2294, 34.494], [136.2298, 34.4936], [136.2301, 34.4924], [136.2296, 34.4915], [136.2294, 34.4905], [136.229, 34.49], [136.2286, 34.4889], [136.2274, 34.4887], [136.2261, 34.488], [136.2243, 34.4868], [136.2228, 34.4867], [136.2218, 34.486], [136.2208, 34.4855], [136.2199, 34.4854], [136.2192, 34.4851], [136.2183, 34.4845], [136.2184, 34.4836], [136.2171, 34.4829], [136.2167, 34.482], [136.216, 34.4816], [136.2154, 34.4803], [136.215, 34.4799], [136.2152, 34.4784], [136.2156, 34.4779], [136.2152, 34.4773], [136.2147, 34.476], [136.2142, 34.475], [136.2148, 34.4742], [136.2149, 34.4728], [136.214, 34.4724], [136.213, 34.4711], [136.2121, 34.4708], [136.2108, 34.4691], [136.2101, 34.4687], [136.2093, 34.4671], [136.2096, 34.4667], [136.2098, 34.4653], [136.2093, 34.4647], [136.209, 34.4625], [136.2086, 34.4618], [136.2075, 34.4608], [136.2074, 34.4586], [136.2076, 34.4583], [136.2083, 34.4581], [136.2085, 34.4575], [136.2083, 34.4568], [136.2086, 34.4563], [136.2084, 34.4558], [136.2087, 34.4549], [136.2079, 34.4538], [136.2076, 34.4521], [136.2064, 34.4506], [136.2066, 34.4496], [136.2063, 34.4488], [136.2064, 34.4486], [136.2085, 34.4484], [136.2097, 34.4487], [136.2117, 34.4494], [136.2128, 34.4491], [136.2136, 34.4495], [136.215, 34.4497], [136.2156, 34.45], [136.2164, 34.4497], [136.2172, 34.4498], [136.2183, 34.449], [136.2186, 34.4486], [136.2198, 34.4481], [136.2214, 34.4482], [136.2221, 34.4486], [136.2243, 34.4486], [136.2263, 34.4489], [136.2283, 34.4489], [136.2296, 34.4487], [136.2304, 34.4487], [136.2318, 34.4485], [136.2347, 34.4486], [136.2354, 34.4483], [136.2378, 34.4483], [136.2386, 34.448], [136.2421, 34.4486], [136.2427, 34.4485], [136.244, 34.4475], [136.2446, 34.4473], [136.2455, 34.4476], [136.2469, 34.4477], [136.2478, 34.448], [136.2485, 34.4479], [136.2505, 34.448], [136.2523, 34.4477], [136.2537, 34.4486], [136.254, 34.4489], [136.2553, 34.4495], [136.2558, 34.4501], [136.2563, 34.4502], [136.2585, 34.4502], [136.2595, 34.4503], [136.2607, 34.4506], [136.262, 34.4511], [136.2627, 34.4511], [136.2638, 34.4516], [136.266, 34.4513], [136.2672, 34.4514], [136.268, 34.451], [136.2688, 34.451], [136.2694, 34.4515], [136.2711, 34.4522], [136.2744, 34.4522], [136.2759, 34.4529], [136.278, 34.4534], [136.2788, 34.4533], [136.2797, 34.4535], [136.281, 34.453], [136.2819, 34.4531], [136.2832, 34.4543], [136.2853, 34.4551], [136.2864, 34.4559], [136.2866, 34.4571], [136.2876, 34.4591], [136.2877, 34.4598], [136.2885, 34.4601], [136.2893, 34.4606], [136.2906, 34.4606], [136.2908, 34.4609], [136.2909, 34.4616], [136.2927, 34.4621], [136.2935, 34.4626], [136.2947, 34.4625], [136.2962, 34.4619], [136.2977, 34.4623], [136.2989, 34.4622], [136.3, 34.4618], [136.3005, 34.4613], [136.3018, 34.4616], [136.3028, 34.4612], [136.3053, 34.4612], [136.3061, 34.4619], [136.3063, 34.4627], [136.3096, 34.4638], [136.3105, 34.4637], [136.311, 34.4645], [136.3112, 34.4664], [136.3115, 34.4667], [136.3122, 34.4668], [136.3127, 34.4673], [136.3134, 34.4675], [136.3137, 34.4679], [136.3142, 34.4681], [136.3137, 34.4703], [136.314, 34.4709], [136.315, 34.472], [136.3157, 34.4733], [136.3159, 34.4741], [136.3184, 34.4753], [136.3199, 34.4757], [136.3202, 34.476], [136.3214, 34.4766], [136.3223, 34.4772], [136.323, 34.4783], [136.3244, 34.4795], [136.3242, 34.4811], [136.3245, 34.483], [136.3243, 34.4833], [136.3247, 34.4847], [136.3243, 34.4865], [136.3251, 34.4878], [136.3247, 34.4889], [136.3246, 34.4901], [136.327, 34.4903], [136.3282, 34.4902], [136.3293, 34.4905], [136.3312, 34.4917], [136.3318, 34.4912], [136.333, 34.4911], [136.3341, 34.4906], [136.3352, 34.4911], [136.3361, 34.4924], [136.3372, 34.493], [136.3381, 34.4947], [136.339, 34.4951], [136.3394, 34.4957], [136.3403, 34.4962], [136.3406, 34.4966], [136.3415, 34.4974], [136.3424, 34.4986], [136.343, 34.4989], [136.3435, 34.4999], [136.3437, 34.5016], [136.3442, 34.5027], [136.345, 34.5036], [136.3454, 34.5043], [136.3452, 34.5055], [136.3458, 34.5064], [136.3465, 34.5071], [136.3482, 34.5077], [136.3475, 34.5087], [136.3475, 34.5094], [136.3466, 34.5102], [136.3464, 34.5107], [136.3456, 34.5115], [136.3456, 34.5122], [136.3452, 34.5128], [136.3452, 34.5136], [136.3444, 34.5154], [136.3435, 34.516], [136.3428, 34.5167], [136.3424, 34.5177], [136.3428, 34.5183], [136.342, 34.5193], [136.3415, 34.5206], [136.3412, 34.521], [136.3401, 34.5209], [136.3394, 34.5211], [136.3381, 34.5225], [136.3378, 34.5236], [136.3383, 34.5246], [136.3376, 34.5253], [136.338, 34.5259], [136.3382, 34.5281], [136.337, 34.5299], [136.3374, 34.5308], [136.3374, 34.5315], [136.3379, 34.5317], [136.3386, 34.5323], [136.3401, 34.5326], [136.3403, 34.5332], [136.3419, 34.5333], [136.3419, 34.5338], [136.3425, 34.5342], [136.344, 34.5348], [136.3446, 34.5354], [136.3455, 34.5357], [136.3458, 34.5362], [136.3468, 34.5368], [136.3481, 34.5373], [136.3483, 34.5377], [136.3495, 34.538], [136.3504, 34.539], [136.3506, 34.5396], [136.3511, 34.5399], [136.3512, 34.5404], [136.3516, 34.5405], [136.3515, 34.541], [136.3524, 34.5411], [136.3535, 34.5416], [136.3539, 34.5422], [136.3547, 34.5426], [136.3545, 34.5431], [136.3547, 34.5435], [136.3547, 34.544], [136.3545, 34.5444], [136.355, 34.5448], [136.3542, 34.5457], [136.354, 34.5472], [136.3568, 34.5478], [136.357, 34.5482], [136.3578, 34.5485], [136.3579, 34.5488], [136.3585, 34.5491], [136.3598, 34.5494], [136.3605, 34.5501], [136.3604, 34.5504], [136.3609, 34.5515], [136.3609, 34.5522], [136.3612, 34.5526], [136.3612, 34.5531], [136.362, 34.5542], [136.3629, 34.5548], [136.3629, 34.5557], [136.3623, 34.557], [136.3625, 34.5576], [136.3643, 34.5586], [136.3648, 34.5592], [136.3649, 34.5602], [136.3664, 34.5613], [136.3674, 34.5618], [136.369, 34.5634], [136.3696, 34.5652], [136.3684, 34.5662], [136.3716, 34.5695], [136.3713, 34.5697], [136.3708, 34.5704], [136.3708, 34.571], [136.371, 34.5715], [136.371, 34.5718], [136.3719, 34.5726], [136.3725, 34.5726], [136.3732, 34.5734], [136.3742, 34.5733], [136.3747, 34.5734], [136.375, 34.5741], [136.3761, 34.5747], [136.3765, 34.5758], [136.3763, 34.5762], [136.3763, 34.5773], [136.3766, 34.5777], [136.3766, 34.5787], [136.3769, 34.5791], [136.3765, 34.5811], [136.3768, 34.5815], [136.3768, 34.5823], [136.3772, 34.5831], [136.3772, 34.5842], [136.3781, 34.5847], [136.3789, 34.5857], [136.3801, 34.586], [136.3807, 34.5866], [136.3808, 34.5872], [136.3823, 34.5883], [136.3825, 34.589], [136.3834, 34.5894], [136.3839, 34.5911], [136.3844, 34.5916], [136.3846, 34.5924], [136.3863, 34.5922], [136.3874, 34.5924], [136.3879, 34.5927], [136.3888, 34.5936], [136.3895, 34.5938], [136.3896, 34.5944], [136.3904, 34.595], [136.3902, 34.5962], [136.3899, 34.5967], [136.3899, 34.5975], [136.3908, 34.5986], [136.391, 34.5994], [136.3919, 34.6007], [136.392, 34.601], [136.3916, 34.602], [136.3918, 34.6024], [136.3918, 34.6028], [136.3914, 34.6031], [136.3918, 34.6048], [136.3918, 34.6061], [136.3916, 34.6068], [136.3903, 34.6066], [136.3904, 34.6069], [136.3908, 34.6076], [136.3912, 34.6087], [136.3917, 34.609], [136.3916, 34.6096], [136.3913, 34.6102], [136.3922, 34.6105], [136.3934, 34.6103], [136.3938, 34.6104], [136.3938, 34.613], [136.3947, 34.6134], [136.3954, 34.6134], [136.3957, 34.614], [136.3957, 34.6146], [136.3955, 34.6147], [136.3957, 34.6149], [136.3968, 34.6158], [136.3975, 34.6152], [136.3985, 34.615], [136.3991, 34.616], [136.3996, 34.6158], [136.4006, 34.6147], [136.4017, 34.6142], [136.4029, 34.6144], [136.4038, 34.6141], [136.4051, 34.6152], [136.4052, 34.6158], [136.4056, 34.616], [136.4054, 34.6172], [136.4065, 34.6186], [136.4067, 34.6192], [136.4062, 34.6199], [136.4067, 34.62], [136.4079, 34.6199], [136.4091, 34.6208], [136.4097, 34.621], [136.412, 34.6207], [136.4137, 34.6209], [136.4145, 34.6213], [136.4147, 34.6222], [136.4153, 34.6227], [136.417, 34.6229], [136.4176, 34.6224], [136.4194, 34.623], [136.4196, 34.6231], [136.4182, 34.6241], [136.4197, 34.6247], [136.4194, 34.6259], [136.4202, 34.6267], [136.4204, 34.6272], [136.4209, 34.6278], [136.421, 34.6285], [136.4218, 34.6295], [136.4225, 34.6315], [136.4231, 34.6321], [136.4262, 34.6339], [136.4266, 34.6346], [136.427, 34.6349], [136.4282, 34.6353], [136.4303, 34.6368], [136.4308, 34.6367], [136.4311, 34.6357], [136.4323, 34.6358], [136.4331, 34.6356], [136.4339, 34.6358], [136.4348, 34.6357], [136.4368, 34.6348], [136.4389, 34.6335], [136.4391, 34.6333], [136.4389, 34.6328], [136.4391, 34.6324], [136.439, 34.6319], [136.4394, 34.631], [136.4391, 34.6306], [136.4392, 34.6297], [136.4398, 34.6297], [136.4421, 34.6288], [136.4426, 34.6289], [136.4425, 34.6292], [136.4432, 34.6292], [136.4442, 34.629], [136.4452, 34.6292], [136.446, 34.6288], [136.4462, 34.6293], [136.4464, 34.6293], [136.4475, 34.6287], [136.4478, 34.6289], [136.4478, 34.6294], [136.4484, 34.6295], [136.4487, 34.6289], [136.449, 34.6289], [136.4488, 34.6298], [136.4497, 34.6315], [136.4501, 34.6333], [136.4503, 34.6334], [136.45, 34.6359], [136.4502, 34.6361], [136.4505, 34.6371], [136.4509, 34.6371], [136.4505, 34.6374], [136.4508, 34.6388], [136.4517, 34.64], [136.4513, 34.6416], [136.4538, 34.6416], [136.4534, 34.64], [136.4528, 34.6394], [136.4523, 34.6396], [136.4522, 34.6395], [136.4529, 34.639], [136.4533, 34.6394], [136.4527, 34.638], [136.4536, 34.6375], [136.4545, 34.6372], [136.4559, 34.637], [136.4566, 34.6372], [136.456, 34.6363], [136.4569, 34.6363], [136.4575, 34.6359], [136.4574, 34.6364], [136.4576, 34.6366], [136.4577, 34.6372], [136.4579, 34.6375], [136.4596, 34.6384], [136.4599, 34.6391], [136.4605, 34.6397], [136.4607, 34.6396], [136.4608, 34.6393], [136.4618, 34.6408], [136.4625, 34.6405], [136.4627, 34.6416], [136.4621, 34.6419], [136.4629, 34.6427], [136.4631, 34.6457], [136.4623, 34.6465], [136.4624, 34.6466], [136.463, 34.6462], [136.4633, 34.6473], [136.4642, 34.6475], [136.4638, 34.6493], [136.4633, 34.6495], [136.4635, 34.6496], [136.4661, 34.6497], [136.4676, 34.6494], [136.4675, 34.6496], [136.4699, 34.6486], [136.4709, 34.6484], [136.4743, 34.6487], [136.4757, 34.6483], [136.4762, 34.648], [136.4764, 34.6476], [136.4768, 34.6475], [136.4779, 34.6477], [136.4785, 34.6486], [136.479, 34.6487], [136.4803, 34.6471], [136.4815, 34.646], [136.4834, 34.6452], [136.4855, 34.645], [136.4869, 34.6452], [136.49, 34.6463], [136.4966, 34.6503], [136.4988, 34.6511], [136.5011, 34.6514], [136.5035, 34.6515], [136.505, 34.6512], [136.5117, 34.649], [136.5148, 34.6482], [136.519, 34.6475], [136.5212, 34.6473], [136.5256, 34.6481]]]}, "properties": {"name": "三重県津市"}}, {"type": "Feature", "geometry": {"type": "Polygon", "coordinates": [[[136.6037, 34.9085], [136.6031, 34.9062], [136.6055, 34.9058], [136.6076, 34.905], [136.6094, 34.9047], [136.6146, 34.9042], [136.6342, 34.9035], [136.6364, 34.9029], [136.6375, 34.9029], [136.6407, 34.9018], [136.6413, 34.9014], [136.6413, 34.9013], [136.6426, 34.9007], [136.6435, 34.9015], [136.674, 34.9014], [136.7087, 34.9926], [136.6887, 35.0046], [136.6859, 35.004], [136.6847, 35.008], [136.6841, 35.0083], [136.682, 35.0103], [136.6793, 35.0143], [136.6787, 35.0137], [136.6803, 35.0103], [136.6805, 35.009], [136.68, 35.0088], [136.6792, 35.0088], [136.6776, 35.0089], [136.6763, 35.0093], [136.6757, 35.0068], [136.6755, 35.0068], [136.6759, 35.0086], [136.6756, 35.0086], [136.6751, 35.0069], [136.6738, 35.0063], [136.6714, 35.0105], [136.6721, 35.0107], [136.6717, 35.0119], [136.6739, 35.0123], [136.6727, 35.0147], [136.6728, 35.0148], [136.6728, 35.0151], [136.67, 35.0176], [136.6686, 35.0163], [136.6682, 35.0166], [136.6677, 35.0162], [136.6671, 35.0167], [136.6643, 35.0144], [136.6647, 35.014], [136.6623, 35.012], [136.6621, 35.0121], [136.6616, 35.0116], [136.6612, 35.0118], [136.6562, 35.0162], [136.657, 35.0169], [136.6537, 35.0186], [136.6553, 35.0199], [136.6565, 35.019], [136.6577, 35.02], [136.6583, 35.021], [136.6594, 35.0218], [136.6583, 35.0227], [136.659, 35.0239], [136.6591, 35.0245], [136.6573, 35.025], [136.656, 35.0249], [136.6545, 35.0256], [136.6546, 35.026], [136.6529, 35.0261], [136.6529, 35.0266], [136.6534, 35.0265], [136.6531, 35.0269], [136.6521, 35.0274], [136.6531, 35.0279], [136.6523, 35.0284], [136.6514, 35.028], [136.6513, 35.0281], [136.6497, 35.0277], [136.6476, 35.0271], [136.6461, 35.0285], [136.6456, 35.029], [136.6448, 35.0293], [136.644, 35.0308], [136.6445, 35.0314], [136.6432, 35.0322], [136.6431, 35.0327], [136.6433, 35.033], [136.6432, 35.0332], [136.6428, 35.0331], [136.6424, 35.0333], [136.6421, 35.0332], [136.6419, 35.0333], [136.6413, 35.0346], [136.6415, 35.0348], [136.6411, 35.0352], [136.6409, 35.036], [136.641, 35.0367], [136.6406, 35.037], [136.6411, 35.0387], [136.6406, 35.0394], [136.6413, 35.0399], [136.642, 35.0398], [136.6421, 35.0401], [136.6422, 35.0405], [136.6415, 35.041], [136.6419, 35.042], [136.6418, 35.0431], [136.6416, 35.0434], [136.6416, 35.0439], [136.641, 35.0441], [136.6409, 35.0446], [136.6402, 35.0447], [136.6396, 35.0445], [136.6385, 35.0448], [136.6376, 35.0444], [136.6369, 35.0447], [136.6372, 35.0453], [136.6371, 35.0456], [136.636, 35.0458], [136.635, 35.0452], [136.6343, 35.045], [136.6335, 35.0446], [136.6334, 35.044], [136.6316, 35.0441], [136.6307, 35.0444], [136.6304, 35.0447], [136.6291, 35.0449], [136.6289, 35.0458], [136.6281, 35.0459], [136.6279, 35.0463], [136.6276, 35.0464], [136.6244, 35.0467], [136.6211, 35.0465], [136.6199, 35.047], [136.6194, 35.0468], [136.6191, 35.0469], [136.6183, 35.0476], [136.6175, 35.0473], [136.616, 35.047], [136.6154, 35.0464], [136.6139, 35.046], [136.6131, 35.046], [136.6124, 35.0463], [136.6115, 35.0464], [136.6108, 35.0484], [136.6103, 35.0489], [136.6095, 35.0491], [136.6099, 35.048], [136.6098, 35.0476], [136.6093, 35.0471], [136.6082, 35.0467], [136.6062, 35.0472], [136.6051, 35.0478], [136.6045, 35.0483], [136.6041, 35.0484], [136.6023, 35.0485], [136.5995, 35.049], [136.5968, 35.0494], [136.5906, 35.0494], [136.5892, 35.0497], [136.5893, 35.0499], [136.589, 35.0501], [136.5884, 35.05], [136.5832, 35.0515], [136.5758, 35.0529], [136.5716, 35.0541], [136.5693, 35.0555], [136.5692, 35.0559], [136.5687, 35.0563], [136.5681, 35.0596], [136.5682, 35.0603], [136.5676, 35.0615], [136.563, 35.0619], [136.563, 35.063], [136.5624, 35.0647], [136.5602, 35.0648], [136.5593, 35.0645], [136.5588, 35.0645], [136.5574, 35.065], [136.5574, 35.0652], [136.557, 35.0654], [136.5564, 35.0652], [136.5561, 35.0659], [136.5559, 35.0658], [136.5558, 35.0655], [136.5554, 35.0655], [136.5549, 35.066], [136.5543, 35.0661], [136.5535, 35.0657], [136.5531, 35.0658], [136.5527, 35.0663], [136.5514, 35.0663], [136.551, 35.0667], [136.5501, 35.0664], [136.5498, 35.0674], [136.5492, 35.0677], [136.5487, 35.0683], [136.5471, 35.0691], [136.5469, 35.0689], [136.5463, 35.0689], [136.5441, 35.07], [136.5428, 35.0705], [136.5406, 35.07], [136.5397, 35.0705], [136.5386, 35.0703], [136.539, 35.0699], [136.5382, 35.07], [136.5389, 35.0677], [136.5387, 35.0671], [136.5392, 35.0668], [136.539, 35.0662], [136.5357, 35.0671], [136.5356, 35.0669], [136.536, 35.0663], [136.5366, 35.0659], [136.5369, 35.0654], [136.5374, 35.0653], [136.5371, 35.065], [136.5374, 35.0646], [136.5396, 35.0635], [136.5407, 35.0633], [136.541, 35.0623], [136.5404, 35.0613], [136.5416, 35.0608], [136.54, 35.0583], [136.5408, 35.0578], [136.5376, 35.0526], [136.5393, 35.0524], [136.5392, 35.0519], [136.5389, 35.0514], [136.5381, 35.0512], [136.5381, 35.051], [136.5386, 35.0511], [136.5383, 35.0501], [136.5386, 35.0499], [136.5385, 35.0496], [136.5381, 35.0494], [136.5379, 35.0496], [136.5374, 35.0496], [136.5373, 35.0489], [136.5375, 35.0489], [136.5375, 35.0487], [136.5369, 35.0483], [136.5372, 35.0479], [136.5367, 35.0475], [136.5356, 35.0466], [136.5358, 35.0465], [136.5354, 35.0455], [136.5333, 35.0446], [136.5339, 35.0438], [136.5338, 35.0435], [136.5342, 35.0429], [136.5345, 35.0432], [136.5358, 35.0432], [136.5369, 35.0428], [136.5373, 35.0423], [136.5366, 35.0417], [136.536, 35.0402], [136.5345, 35.0387], [136.5341, 35.0379], [136.5409, 35.0381], [136.5436, 35.038], [136.5478, 35.0376], [136.5507, 35.037], [136.5544, 35.0369], [136.5591, 35.0363], [136.5586, 35.0333], [136.5578, 35.0321], [136.5575, 35.0309], [136.5573, 35.0308], [136.557, 35.0301], [136.5565, 35.0302], [136.556, 35.0292], [136.5565, 35.0288], [136.5564, 35.0275], [136.5558, 35.0264], [136.5552, 35.0261], [136.5548, 35.0257], [136.5553, 35.0246], [136.5552, 35.0245], [136.5555, 35.024], [136.5551, 35.0235], [136.5554, 35.0226], [136.5545, 35.0207], [136.5553, 35.0206], [136.5551, 35.0199], [136.5542, 35.0195], [136.5541, 35.0191], [136.5545, 35.0176], [136.5543, 35.017], [136.5535, 35.0169], [136.551, 35.0156], [136.5512, 35.0152], [136.5517, 35.0155], [136.552, 35.0153], [136.5514, 35.015], [136.5514, 35.0144], [136.5493, 35.0148], [136.5469, 35.0154], [136.5474, 35.0165], [136.5418, 35.0181], [136.5414, 35.017], [136.5378, 35.0181], [136.5373, 35.0171], [136.5367, 35.0173], [136.5356, 35.0152], [136.5354, 35.0152], [136.535, 35.0146], [136.5349, 35.0138], [136.5345, 35.0139], [136.5341, 35.0128], [136.5351, 35.0119], [136.5358, 35.0105], [136.5363, 35.0103], [136.5365, 35.01], [136.5374, 35.0098], [136.5388, 35.009], [136.5396, 35.0092], [136.5401, 35.0091], [136.5405, 35.0092], [136.5422, 35.0066], [136.5459, 35.0016], [136.5455, 35.0016], [136.5452, 35.0013], [136.5449, 35.0008], [136.5443, 35.0006], [136.544, 35], [136.5435, 34.9999], [136.5433, 35.0003], [136.5427, 35.0002], [136.5424, 34.9995], [136.539, 34.9994], [136.5352, 34.999], [136.5351, 34.9993], [136.5342, 34.9993], [136.5335, 34.9995], [136.5336, 34.9984], [136.5323, 34.9983], [136.5313, 34.9979], [136.5289, 34.9989], [136.5274, 34.9988], [136.5269, 34.999], [136.5263, 34.999], [136.5258, 34.9995], [136.5249, 34.9997], [136.5249, 34.9999], [136.5242, 35.0002], [136.5238, 35.0002], [136.5235, 35.0005], [136.5229, 35.0007], [136.522, 35.0006], [136.5217, 35.0003], [136.521, 35.0004], [136.5199, 34.9996], [136.5188, 34.9993], [136.5186, 34.9984], [136.5179, 34.9978], [136.5169, 34.9975], [136.5164, 34.997], [136.5158, 34.9967], [136.515, 34.997], [136.5129, 34.9973], [136.5118, 34.9967], [136.5104, 34.9967], [136.5103, 34.998], [136.51, 34.9985], [136.5091, 34.9989], [136.5087, 34.9989], [136.5072, 34.9985], [136.5039, 34.9981], [136.5035, 34.9978], [136.5022, 34.9976], [136.5012, 34.9972], [136.4999, 34.997], [136.4987, 34.9965], [136.4985, 34.9966], [136.4982, 34.9969], [136.4975, 34.997], [136.4951, 34.9965], [136.4938, 34.9964], [136.4927, 34.9971], [136.4924, 34.9975], [136.4915, 34.9975], [136.4911, 34.997], [136.4904, 34.9968], [136.4899, 34.9962], [136.4886, 34.9956], [136.487, 34.9955], [136.486, 34.9958], [136.4854, 34.995], [136.4844, 34.9949], [136.4838, 34.9951], [136.4832, 34.9947], [136.4823, 34.9948], [136.4819, 34.9945], [136.4808, 34.9944], [136.4798, 34.9937], [136.4785, 34.9938], [136.4783, 34.9936], [136.4773, 34.9941], [136.4768, 34.9946], [136.4759, 34.9947], [136.4749, 34.9957], [136.4735, 34.9957], [136.4734, 34.9955], [136.4739, 34.9945], [136.4737, 34.9942], [136.4713, 34.9941], [136.4683, 34.9928], [136.4673, 34.9928], [136.4657, 34.9925], [136.4653, 34.9922], [136.4646, 34.992], [136.4642, 34.9917], [136.462, 34.9905], [136.4616, 34.99], [136.4616, 34.9907], [136.4612, 34.9911], [136.4594, 34.9912], [136.458, 34.993], [136.4562, 34.9943], [136.4556, 34.9952], [136.4556, 34.9957], [136.4549, 34.9963], [136.4544, 34.9972], [136.4518, 34.9975], [136.4507, 34.9973], [136.4497, 34.9986], [136.4485, 34.9992], [136.4478, 35], [136.4474, 35], [136.4468, 35.0002], [136.4462, 35.0002], [136.4455, 35.0005], [136.4441, 35.0005], [136.4432, 35], [136.4414, 34.9999], [136.4408, 34.9995], [136.4388, 34.999], [136.4371, 35.0006], [136.4366, 35.0007], [136.4362, 35.0006], [136.4343, 35.0008], [136.4337, 35.0007], [136.4316, 35.0014], [136.4308, 35.0012], [136.4293, 35.0011], [136.4287, 35.0008], [136.4285, 35.0002], [136.4282, 35], [136.4276, 34.9999], [136.4273, 35], [136.4262, 34.9995], [136.425, 34.9995], [136.4247, 34.9994], [136.4244, 34.9996], [136.4223, 34.9995], [136.4212, 34.9997], [136.4208, 34.9996], [136.4204, 34.9991], [136.4198, 34.9991], [136.4193, 34.9988], [136.4191, 34.9985], [136.4187, 34.9985], [136.4184, 34.9983], [136.4179, 34.9983], [136.4171, 34.9981], [136.4168, 34.9978], [136.4163, 34.9977], [136.4153, 34.9971], [136.4149, 34.9967], [136.4145, 34.9968], [136.4141, 34.9965], [136.414, 34.996], [136.4133, 34.9955], [136.4144, 34.9944], [136.4148, 34.9932], [136.4158, 34.9931], [136.416, 34.9926], [136.4164, 34.9924], [136.416, 34.9915], [136.4155, 34.9908], [136.4154, 34.9903], [136.4156, 34.9899], [136.4157, 34.9887], [136.416, 34.988], [136.4154, 34.987], [136.4155, 34.9865], [136.4151, 34.9859], [136.4155, 34.9852], [136.415, 34.9848], [136.4171, 34.9847], [136.4177, 34.9845], [136.4195, 34.9843], [136.4208, 34.9846], [136.4217, 34.9852], [136.422, 34.985], [136.4226, 34.9851], [136.424, 34.9851], [136.4251, 34.9848], [136.4261, 34.9853], [136.427, 34.9865], [136.4276, 34.9866], [136.428, 34.9875], [136.4292, 34.9876], [136.4299, 34.9874], [136.4307, 34.9874], [136.4316, 34.9871], [136.4323, 34.9871], [136.4327, 34.9869], [136.4339, 34.9869], [136.4343, 34.9865], [136.4352, 34.9866], [136.4355, 34.9865], [136.4361, 34.9867], [136.4364, 34.9873], [136.437, 34.9877], [136.4377, 34.9875], [136.4392, 34.9876], [136.4397, 34.9875], [136.4404, 34.988], [136.4418, 34.9883], [136.4425, 34.9876], [136.4433, 34.9875], [136.4441, 34.9872], [136.4447, 34.9859], [136.4458, 34.9849], [136.4465, 34.9849], [136.4466, 34.9841], [136.4471, 34.984], [136.4474, 34.9835], [136.4478, 34.9835], [136.4486, 34.9838], [136.449, 34.9838], [136.4513, 34.9819], [136.4533, 34.981], [136.4555, 34.9795], [136.4566, 34.9791], [136.4603, 34.9782], [136.4613, 34.9778], [136.4635, 34.9766], [136.4682, 34.9724], [136.4706, 34.9706], [136.4714, 34.9687], [136.472, 34.9677], [136.4721, 34.967], [136.4732, 34.9664], [136.4726, 34.9654], [136.4719, 34.9655], [136.4717, 34.9651], [136.4743, 34.9642], [136.4756, 34.9642], [136.4762, 34.9638], [136.4751, 34.9617], [136.4769, 34.9604], [136.4757, 34.9586], [136.4801, 34.9574], [136.4805, 34.9581], [136.486, 34.9545], [136.4881, 34.9537], [136.4886, 34.9537], [136.4904, 34.9545], [136.4893, 34.9555], [136.4898, 34.9558], [136.4908, 34.9556], [136.4959, 34.951], [136.4967, 34.9506], [136.4971, 34.9506], [136.4974, 34.9508], [136.4968, 34.9519], [136.497, 34.9522], [136.503, 34.9505], [136.5053, 34.9497], [136.5069, 34.9489], [136.5133, 34.9443], [136.5133, 34.9426], [136.5131, 34.942], [136.5112, 34.9396], [136.5127, 34.9383], [136.5155, 34.9366], [136.5175, 34.9356], [136.5178, 34.9356], [136.5201, 34.9346], [136.5198, 34.9342], [136.5215, 34.9331], [136.5232, 34.9318], [136.523, 34.9317], [136.5283, 34.9292], [136.53, 34.9282], [136.5302, 34.9279], [136.5315, 34.927], [136.5327, 34.9265], [136.5338, 34.9265], [136.5349, 34.9263], [136.5366, 34.9255], [136.5367, 34.9257], [136.5408, 34.9238], [136.5446, 34.9232], [136.549, 34.9218], [136.551, 34.9209], [136.5524, 34.9198], [136.5525, 34.9195], [136.5546, 34.9188], [136.5561, 34.9181], [136.5566, 34.9177], [136.5578, 34.9162], [136.5606, 34.9156], [136.5601, 34.9146], [136.5607, 34.9143], [136.5639, 34.914], [136.5647, 34.9136], [136.5661, 34.9138], [136.5675, 34.9136], [136.5677, 34.9143], [136.5685, 34.9141], [136.5685, 34.9138], [136.5693, 34.9132], [136.5702, 34.9136], [136.5715, 34.9139], [136.5722, 34.9136], [136.5731, 34.9136], [136.5739, 34.914], [136.5748, 34.9141], [136.5763, 34.9147], [136.5765, 34.9145], [136.5768, 34.9146], [136.5772, 34.9152], [136.5784, 34.9159], [136.5787, 34.9152], [136.578, 34.9149], [136.5775, 34.9146], [136.5777, 34.9134], [136.578, 34.9129], [136.5782, 34.9118], [136.5788, 34.9117], [136.5791, 34.911], [136.58, 34.9114], [136.5805, 34.9112], [136.5808, 34.9114], [136.5811, 34.9113], [136.5813, 34.9115], [136.5818, 34.9116], [136.5826, 34.9124], [136.5829, 34.9124], [136.5839, 34.9131], [136.5836, 34.9132], [136.5839, 34.9139], [136.5846, 34.9138], [136.5842, 34.9124], [136.5846, 34.9114], [136.5849, 34.9112], [136.5853, 34.9111], [136.5855, 34.9106], [136.587, 34.9091], [136.5877, 34.9092], [136.5875, 34.9103], [136.5888, 34.9105], [136.5893, 34.91], [136.5916, 34.9105], [136.5933, 34.9103], [136.5943, 34.9106], [136.5941, 34.9098], [136.5946, 34.9099], [136.5949, 34.9096], [136.5951, 34.9097], [136.5949, 34.9095], [136.595, 34.9091], [136.5947, 34.9091], [136.5947, 34.909], [136.5962, 34.9086], [136.5962, 34.9084], [136.5958, 34.9086], [136.5957, 34.9084], [136.5958, 34.9079], [136.5965, 34.9079], [136.5963, 34.9075], [136.5981, 34.9072], [136.5982, 34.9069], [136.5973, 34.9066], [136.5975, 34.9061], [136.598, 34.9062], [136.5993, 34.9069], [136.6013, 34.9076], [136.6028, 34.9084], [136.6037, 34.9085]]]}, "properties": {"name": "三重県四日市市"}}, {"type": "Feature", "geometry": {"type": "MultiPolygon", "coordinates": [[[[136.7435, 34.3848], [136.7456, 34.3852], [136.7471, 34.385], [136.75, 34.3855], [136.7516, 34.3863], [136.7513, 34.3877], [136.7519, 34.3896], [136.7527, 34.3901], [136.7541, 34.3915], [136.7542, 34.3919], [136.754, 34.3924], [136.7546, 34.3927], [136.7549, 34.3932], [136.7553, 34.3944], [136.7552, 34.3951], [136.7566, 34.3961], [136.7569, 34.3973], [136.7574, 34.3981], [136.7584, 34.3987], [136.7579, 34.3994], [136.7572, 34.3999], [136.7565, 34.3999], [136.7545, 34.4005], [136.754, 34.4009], [136.7544, 34.4012], [136.7544, 34.4027], [136.7547, 34.4033], [136.7555, 34.4037], [136.7564, 34.4038], [136.7579, 34.4047], [136.7579, 34.4055], [136.7583, 34.4063], [136.7585, 34.4075], [136.7582, 34.4084], [136.7587, 34.4093], [136.7586, 34.4099], [136.7591, 34.4104], [136.7591, 34.4114], [136.759, 34.4119], [136.7605, 34.4119], [136.762, 34.4125], [136.763, 34.4119], [136.7644, 34.413], [136.7652, 34.4133], [136.7658, 34.4138], [136.7668, 34.4141], [136.7674, 34.4147], [136.7678, 34.4145], [136.7683, 34.4146], [136.769, 34.4154], [136.77, 34.4156], [136.7718, 34.4168], [136.7732, 34.4181], [136.7774, 34.4174], [136.779, 34.4168], [136.7809, 34.4168], [136.7816, 34.4185], [136.7839, 34.4194], [136.7854, 34.4216], [136.7868, 34.4224], [136.7875, 34.4234], [136.7872, 34.4235], [136.7867, 34.4241], [136.786, 34.4245], [136.7853, 34.4253], [136.7846, 34.4257], [136.7847, 34.4267], [136.7843, 34.4284], [136.7846, 34.429], [136.7846, 34.431], [136.7841, 34.4324], [136.7827, 34.4333], [136.7829, 34.4353], [136.7824, 34.4367], [136.7829, 34.4373], [136.7832, 34.439], [136.7828, 34.4399], [136.783, 34.4422], [136.7829, 34.4427], [136.7831, 34.4436], [136.7824, 34.4445], [136.7817, 34.446], [136.7817, 34.4467], [136.7825, 34.4482], [136.7832, 34.4503], [136.7847, 34.4516], [136.7856, 34.4522], [136.7856, 34.4528], [136.7858, 34.4532], [136.7849, 34.454], [136.7846, 34.4548], [136.7856, 34.456], [136.7867, 34.456], [136.7872, 34.4565], [136.7873, 34.4571], [136.7882, 34.4577], [136.7892, 34.4582], [136.79, 34.4583], [136.791, 34.4577], [136.7921, 34.4593], [136.7932, 34.4597], [136.7938, 34.4598], [136.7954, 34.4595], [136.7969, 34.4598], [136.7978, 34.4596], [136.7986, 34.4593], [136.7995, 34.4597], [136.8005, 34.4591], [136.8007, 34.4591], [136.8009, 34.4596], [136.8007, 34.46], [136.8007, 34.461], [136.8012, 34.4618], [136.801, 34.4629], [136.8013, 34.4638], [136.8022, 34.4638], [136.803, 34.4643], [136.804, 34.4662], [136.8039, 34.4672], [136.8035, 34.4674], [136.8036, 34.468], [136.8048, 34.4695], [136.8052, 34.4696], [136.8056, 34.4699], [136.8059, 34.4699], [136.8064, 34.4703], [136.8058, 34.4709], [136.8061, 34.4718], [136.8062, 34.4728], [136.806, 34.4731], [136.8052, 34.4734], [136.8047, 34.4732], [136.8036, 34.4733], [136.8032, 34.4736], [136.8029, 34.4743], [136.8028, 34.4756], [136.8033, 34.4759], [136.8041, 34.4761], [136.8043, 34.4764], [136.805, 34.4766], [136.8049, 34.4777], [136.8039, 34.4777], [136.8038, 34.478], [136.8033, 34.4783], [136.8032, 34.4789], [136.8036, 34.4795], [136.8038, 34.4805], [136.8046, 34.4805], [136.8059, 34.4812], [136.8073, 34.4811], [136.8081, 34.4816], [136.8087, 34.4818], [136.809, 34.482], [136.8103, 34.4819], [136.8107, 34.482], [136.811, 34.4823], [136.8128, 34.4823], [136.8139, 34.4829], [136.8148, 34.4836], [136.8149, 34.4841], [136.8153, 34.4847], [136.8149, 34.4848], [136.8148, 34.4856], [136.8152, 34.4855], [136.8149, 34.4856], [136.8155, 34.4858], [136.8157, 34.4852], [136.816, 34.4853], [136.816, 34.4859], [136.8173, 34.4869], [136.8176, 34.4854], [136.8173, 34.4887], [136.8174, 34.4891], [136.8177, 34.4892], [136.8174, 34.4892], [136.8172, 34.4897], [136.8173, 34.49], [136.8177, 34.4902], [136.8175, 34.4906], [136.8168, 34.4908], [136.8167, 34.491], [136.8166, 34.4908], [136.8164, 34.4907], [136.8156, 34.4912], [136.8152, 34.4911], [136.815, 34.4916], [136.8141, 34.4919], [136.8136, 34.4931], [136.8131, 34.4932], [136.814, 34.493], [136.8145, 34.492], [136.8148, 34.4918], [136.8151, 34.4918], [136.8143, 34.4928], [136.8144, 34.4929], [136.8147, 34.4926], [136.815, 34.4925], [136.8147, 34.4933], [136.8148, 34.4935], [136.8145, 34.4936], [136.8148, 34.494], [136.815, 34.494], [136.8152, 34.4937], [136.815, 34.4933], [136.8151, 34.493], [136.8158, 34.4925], [136.8152, 34.4931], [136.8151, 34.4935], [136.8153, 34.4937], [136.8151, 34.4941], [136.8151, 34.4944], [136.8156, 34.4945], [136.8158, 34.495], [136.8157, 34.4959], [136.8159, 34.4961], [136.8165, 34.496], [136.8167, 34.4965], [136.8166, 34.4966], [136.8164, 34.4966], [136.8164, 34.4968], [136.8161, 34.4967], [136.8131, 34.4978], [136.8123, 34.4983], [136.812, 34.4987], [136.8119, 34.4987], [136.8125, 34.4986], [136.8121, 34.4992], [136.8115, 34.4994], [136.8111, 34.4993], [136.8115, 34.4994], [136.812, 34.4992], [136.8119, 34.4993], [136.8123, 34.4994], [136.8123, 34.4997], [136.8126, 34.4999], [136.8121, 34.5005], [136.812, 34.5009], [136.8123, 34.5011], [136.8127, 34.5013], [136.8128, 34.5018], [136.8125, 34.5023], [136.8127, 34.5025], [136.8118, 34.5028], [136.8111, 34.5032], [136.8105, 34.5039], [136.8104, 34.5043], [136.8109, 34.5056], [136.8107, 34.5059], [136.8112, 34.5069], [136.8106, 34.5074], [136.8104, 34.508], [136.8101, 34.5082], [136.8087, 34.5083], [136.8076, 34.5082], [136.8065, 34.5078], [136.8055, 34.5079], [136.8047, 34.5075], [136.8021, 34.5071], [136.8009, 34.507], [136.8001, 34.5071], [136.8003, 34.507], [136.7998, 34.5068], [136.7982, 34.5069], [136.7958, 34.5065], [136.7953, 34.5066], [136.7951, 34.5068], [136.7946, 34.5065], [136.7943, 34.5066], [136.7942, 34.5068], [136.7949, 34.5072], [136.7948, 34.5073], [136.7942, 34.5069], [136.794, 34.5069], [136.793, 34.5073], [136.7902, 34.5081], [136.7897, 34.5081], [136.7892, 34.5083], [136.7885, 34.5092], [136.788, 34.5093], [136.7877, 34.5091], [136.7873, 34.5092], [136.7868, 34.509], [136.7866, 34.5091], [136.7862, 34.5091], [136.7861, 34.5093], [136.7862, 34.5088], [136.7857, 34.5087], [136.7845, 34.5087], [136.7836, 34.5089], [136.7834, 34.5086], [136.7829, 34.5085], [136.7794, 34.5087], [136.7784, 34.5089], [136.7778, 34.5093], [136.7777, 34.509], [136.7774, 34.509], [136.7752, 34.5093], [136.7738, 34.51], [136.7718, 34.5106], [136.7716, 34.5109], [136.7707, 34.5112], [136.7704, 34.5115], [136.7698, 34.5114], [136.7693, 34.5117], [136.7693, 34.5121], [136.769, 34.5123], [136.7686, 34.5122], [136.768, 34.5124], [136.7679, 34.5128], [136.7677, 34.513], [136.7671, 34.5128], [136.7663, 34.5132], [136.7664, 34.5135], [136.7661, 34.5136], [136.766, 34.5135], [136.7657, 34.5134], [136.7652, 34.5136], [136.765, 34.5139], [136.7651, 34.5141], [136.7647, 34.5143], [136.7642, 34.5143], [136.7635, 34.515], [136.7633, 34.515], [136.7627, 34.5153], [136.761, 34.5169], [136.7591, 34.5182], [136.7574, 34.5197], [136.7555, 34.5223], [136.7541, 34.5237], [136.7541, 34.5239], [136.7536, 34.5242], [136.7515, 34.5244], [136.7486, 34.5234], [136.7476, 34.5235], [136.7482, 34.5244], [136.7481, 34.5254], [136.7443, 34.5277], [136.7422, 34.5294], [136.7414, 34.5305], [136.7411, 34.5312], [136.7412, 34.5315], [136.7409, 34.5315], [136.7407, 34.5321], [136.7413, 34.5326], [136.7417, 34.5327], [136.7412, 34.5327], [136.7406, 34.5323], [136.74, 34.5324], [136.7373, 34.534], [136.7372, 34.5343], [136.7362, 34.5335], [136.7331, 34.5365], [136.7328, 34.5361], [136.7243, 34.5361], [136.7244, 34.5452], [136.718, 34.5452], [136.7122, 34.5383], [136.7116, 34.5383], [136.7105, 34.5376], [136.7099, 34.5367], [136.7083, 34.5356], [136.7081, 34.5348], [136.7089, 34.5322], [136.7089, 34.5311], [136.7086, 34.5305], [136.7085, 34.5306], [136.7087, 34.5314], [136.7087, 34.5324], [136.7084, 34.5332], [136.708, 34.5338], [136.7072, 34.5332], [136.7051, 34.5346], [136.7042, 34.5341], [136.7035, 34.5328], [136.703, 34.5329], [136.7031, 34.5343], [136.7037, 34.5343], [136.7051, 34.5375], [136.7048, 34.539], [136.705, 34.5406], [136.7057, 34.542], [136.7076, 34.5432], [136.7077, 34.5451], [136.7069, 34.5452], [136.7065, 34.5451], [136.7064, 34.5452], [136.7062, 34.5451], [136.7058, 34.5452], [136.7049, 34.5451], [136.7047, 34.5452], [136.7043, 34.5451], [136.7042, 34.5453], [136.7037, 34.5452], [136.7035, 34.5454], [136.7033, 34.5452], [136.7017, 34.5454], [136.6968, 34.5464], [136.6947, 34.547], [136.6946, 34.5472], [136.6942, 34.5472], [136.6937, 34.5474], [136.6937, 34.5476], [136.6934, 34.5476], [136.6932, 34.5479], [136.6929, 34.5479], [136.6928, 34.5481], [136.6924, 34.5482], [136.6915, 34.5489], [136.6897, 34.5499], [136.6883, 34.5512], [136.6883, 34.5519], [136.6882, 34.551], [136.6881, 34.551], [136.6879, 34.5506], [136.6883, 34.5491], [136.6888, 34.5487], [136.6888, 34.5483], [136.6875, 34.5481], [136.6873, 34.5486], [136.6878, 34.549], [136.6878, 34.5501], [136.6876, 34.5503], [136.6877, 34.5518], [136.6876, 34.5515], [136.6871, 34.5517], [136.6851, 34.5519], [136.6834, 34.5523], [136.6834, 34.5526], [136.6831, 34.5526], [136.6833, 34.5525], [136.683, 34.5524], [136.6828, 34.5525], [136.6828, 34.5526], [136.6827, 34.5525], [136.6823, 34.5526], [136.6823, 34.5528], [136.6821, 34.5527], [136.6818, 34.5529], [136.6821, 34.5529], [136.6816, 34.5531], [136.6817, 34.5529], [136.6814, 34.5528], [136.6797, 34.5534], [136.6794, 34.5533], [136.6792, 34.5536], [136.6788, 34.5536], [136.6787, 34.5539], [136.6789, 34.5539], [136.6783, 34.5541], [136.6784, 34.554], [136.6781, 34.554], [136.6779, 34.5542], [136.6776, 34.5541], [136.6774, 34.5542], [136.6775, 34.5543], [136.6772, 34.5542], [136.6769, 34.5546], [136.6766, 34.5545], [136.6754, 34.5548], [136.6753, 34.555], [136.6749, 34.555], [136.6741, 34.5552], [136.6742, 34.5554], [136.674, 34.5552], [136.674, 34.5554], [136.674, 34.5553], [136.6735, 34.5554], [136.6735, 34.5556], [136.6714, 34.5561], [136.6688, 34.5573], [136.6652, 34.5596], [136.6626, 34.5621], [136.6612, 34.5639], [136.66, 34.5665], [136.6591, 34.5655], [136.6595, 34.565], [136.6588, 34.5645], [136.6584, 34.5648], [136.657, 34.5634], [136.6574, 34.5627], [136.6585, 34.5616], [136.6593, 34.5618], [136.6596, 34.5613], [136.6596, 34.5609], [136.6588, 34.5601], [136.6572, 34.5592], [136.6561, 34.5579], [136.6559, 34.5574], [136.656, 34.5565], [136.6567, 34.5545], [136.6572, 34.5541], [136.6578, 34.5538], [136.6579, 34.5531], [136.6587, 34.5517], [136.6582, 34.5513], [136.6568, 34.551], [136.6517, 34.5491], [136.6508, 34.5484], [136.6497, 34.5465], [136.6493, 34.5465], [136.648, 34.5461], [136.6474, 34.5458], [136.6466, 34.5444], [136.6474, 34.5443], [136.646, 34.5408], [136.6461, 34.5406], [136.6455, 34.5394], [136.6453, 34.5367], [136.6453, 34.5362], [136.6469, 34.536], [136.647, 34.5357], [136.6497, 34.5348], [136.6498, 34.5349], [136.6517, 34.5347], [136.6605, 34.5286], [136.6599, 34.5278], [136.6609, 34.5274], [136.659, 34.5237], [136.6614, 34.5224], [136.6605, 34.5218], [136.6612, 34.5212], [136.6604, 34.5205], [136.6604, 34.5199], [136.6594, 34.5199], [136.6594, 34.5197], [136.6601, 34.5197], [136.6602, 34.5193], [136.6588, 34.5167], [136.6582, 34.5178], [136.6577, 34.5181], [136.6578, 34.5202], [136.6574, 34.5202], [136.6575, 34.5196], [136.6573, 34.5196], [136.6575, 34.5192], [136.6567, 34.5191], [136.6569, 34.5188], [136.6575, 34.5188], [136.6575, 34.5186], [136.6574, 34.5183], [136.6565, 34.5178], [136.656, 34.518], [136.6555, 34.5178], [136.6551, 34.518], [136.6545, 34.5199], [136.6547, 34.5218], [136.6551, 34.5218], [136.6552, 34.5213], [136.6558, 34.521], [136.6579, 34.5208], [136.6574, 34.5214], [136.6574, 34.5218], [136.6578, 34.5225], [136.6585, 34.5233], [136.6582, 34.5236], [136.6579, 34.5241], [136.658, 34.5242], [136.6575, 34.5244], [136.657, 34.5233], [136.6552, 34.5235], [136.6547, 34.5232], [136.655, 34.5238], [136.6546, 34.524], [136.6544, 34.5239], [136.6544, 34.5237], [136.6541, 34.5235], [136.6537, 34.5227], [136.653, 34.5225], [136.6535, 34.5222], [136.654, 34.5227], [136.6542, 34.5225], [136.6543, 34.5215], [136.6539, 34.5209], [136.6542, 34.5202], [136.6534, 34.5192], [136.653, 34.5191], [136.6526, 34.5186], [136.6519, 34.5184], [136.6526, 34.5185], [136.6529, 34.5183], [136.6534, 34.5191], [136.6539, 34.5192], [136.6542, 34.5191], [136.6542, 34.5188], [136.6537, 34.5185], [136.6541, 34.5185], [136.6543, 34.5182], [136.654, 34.5171], [136.6533, 34.5166], [136.6527, 34.5167], [136.6525, 34.5169], [136.6524, 34.5164], [136.6522, 34.5161], [136.6529, 34.5163], [136.654, 34.5158], [136.6543, 34.5156], [136.6545, 34.5146], [136.6529, 34.5138], [136.6524, 34.5142], [136.6521, 34.5141], [136.652, 34.5134], [136.6514, 34.5131], [136.6514, 34.5129], [136.651, 34.5127], [136.6509, 34.513], [136.6507, 34.513], [136.6501, 34.5128], [136.6498, 34.5122], [136.65, 34.5119], [136.6489, 34.5121], [136.6485, 34.512], [136.6478, 34.5122], [136.6465, 34.513], [136.6464, 34.5128], [136.646, 34.5129], [136.6454, 34.5136], [136.6455, 34.5146], [136.6464, 34.5148], [136.6471, 34.5143], [136.6478, 34.5148], [136.6475, 34.5156], [136.6467, 34.5158], [136.6457, 34.5167], [136.6451, 34.5168], [136.6439, 34.5168], [136.6437, 34.5173], [136.643, 34.5179], [136.6436, 34.5173], [136.6437, 34.5166], [136.6433, 34.5163], [136.642, 34.5171], [136.6425, 34.5165], [136.643, 34.5153], [136.6424, 34.5151], [136.6417, 34.5155], [136.6409, 34.5166], [136.6402, 34.5171], [136.6399, 34.5171], [136.6409, 34.516], [136.6413, 34.5148], [136.6423, 34.5142], [136.6422, 34.5126], [136.6421, 34.5124], [136.6413, 34.5122], [136.6413, 34.5121], [136.6452, 34.5124], [136.6465, 34.5123], [136.6483, 34.5118], [136.6495, 34.5104], [136.646, 34.5091], [136.646, 34.509], [136.6435, 34.5083], [136.6429, 34.5076], [136.6425, 34.5043], [136.6389, 34.4999], [136.6459, 34.5007], [136.6461, 34.4985], [136.6466, 34.4984], [136.6467, 34.4995], [136.6472, 34.4996], [136.6474, 34.4985], [136.6481, 34.4985], [136.6495, 34.4978], [136.6497, 34.4981], [136.6492, 34.4983], [136.6501, 34.4998], [136.6506, 34.4996], [136.6531, 34.5017], [136.6527, 34.5021], [136.654, 34.5033], [136.6544, 34.5029], [136.6553, 34.5035], [136.6574, 34.5045], [136.6579, 34.504], [136.6564, 34.5029], [136.6571, 34.5025], [136.6549, 34.5001], [136.6552, 34.4999], [136.6559, 34.5006], [136.6566, 34.5001], [136.6564, 34.4997], [136.6573, 34.5005], [136.6577, 34.5002], [136.6568, 34.499], [136.6517, 34.4968], [136.6479, 34.4948], [136.6476, 34.4927], [136.6475, 34.4912], [136.6472, 34.4903], [136.6473, 34.4889], [136.6468, 34.4884], [136.6468, 34.4878], [136.6461, 34.4858], [136.6454, 34.4853], [136.6447, 34.4844], [136.6464, 34.4832], [136.6496, 34.4861], [136.6527, 34.485], [136.6521, 34.4881], [136.6531, 34.4883], [136.6529, 34.489], [136.6554, 34.4894], [136.6558, 34.488], [136.6568, 34.4881], [136.6573, 34.4863], [136.6552, 34.4842], [136.6536, 34.4813], [136.6544, 34.4811], [136.6546, 34.4813], [136.6553, 34.4809], [136.6556, 34.4813], [136.6564, 34.4808], [136.657, 34.4807], [136.6569, 34.4804], [136.6577, 34.4798], [136.6574, 34.4795], [136.6579, 34.4794], [136.6578, 34.4788], [136.6587, 34.4787], [136.6586, 34.4784], [136.6616, 34.4781], [136.662, 34.4783], [136.6624, 34.478], [136.6631, 34.4786], [136.6638, 34.4779], [136.6664, 34.48], [136.6673, 34.4793], [136.6686, 34.4804], [136.6694, 34.4797], [136.6691, 34.4795], [136.6697, 34.4789], [136.6694, 34.4786], [136.6692, 34.4771], [136.6705, 34.4745], [136.6679, 34.4744], [136.667, 34.4738], [136.6618, 34.4688], [136.6591, 34.4676], [136.657, 34.4655], [136.653, 34.4622], [136.6512, 34.461], [136.6508, 34.4605], [136.6493, 34.4595], [136.6485, 34.4584], [136.6489, 34.4576], [136.6504, 34.4572], [136.6506, 34.4564], [136.6515, 34.4533], [136.6524, 34.4513], [136.6522, 34.4505], [136.6491, 34.4483], [136.6457, 34.4474], [136.6445, 34.4466], [136.644, 34.4459], [136.6436, 34.4449], [136.6442, 34.4424], [136.6422, 34.4381], [136.6335, 34.432], [136.6331, 34.4315], [136.6336, 34.4303], [136.6342, 34.4297], [136.6363, 34.4282], [136.6383, 34.428], [136.6397, 34.4268], [136.6401, 34.4259], [136.6399, 34.4254], [136.6401, 34.4252], [136.6422, 34.4243], [136.6426, 34.4238], [136.6433, 34.4233], [136.6432, 34.4225], [136.6438, 34.4218], [136.6434, 34.4213], [136.6438, 34.4209], [136.6438, 34.4204], [136.6441, 34.4201], [136.645, 34.4175], [136.6433, 34.416], [136.6426, 34.4158], [136.6423, 34.4152], [136.6423, 34.4143], [136.6425, 34.4137], [136.643, 34.4125], [136.6433, 34.4124], [136.6434, 34.4121], [136.6431, 34.4101], [136.6425, 34.4099], [136.6422, 34.4095], [136.6426, 34.4081], [136.6431, 34.4073], [136.6425, 34.4066], [136.6424, 34.4063], [136.6427, 34.4052], [136.6435, 34.4046], [136.6437, 34.4041], [136.6441, 34.4037], [136.6448, 34.4015], [136.6446, 34.401], [136.644, 34.4006], [136.644, 34.4], [136.6437, 34.3996], [136.6434, 34.3986], [136.6447, 34.3973], [136.6466, 34.3965], [136.6478, 34.3965], [136.6492, 34.3961], [136.6512, 34.3962], [136.6518, 34.396], [136.6528, 34.3961], [136.6533, 34.3957], [136.6545, 34.3954], [136.6582, 34.3954], [136.6586, 34.3951], [136.6602, 34.3945], [136.6615, 34.3947], [136.6621, 34.3944], [136.6632, 34.3947], [136.6643, 34.3944], [136.6652, 34.3947], [136.6654, 34.3946], [136.666, 34.3945], [136.6673, 34.3941], [136.6681, 34.3942], [136.6686, 34.3936], [136.6702, 34.3935], [136.6712, 34.3928], [136.6716, 34.3921], [136.672, 34.392], [136.6741, 34.3921], [136.6748, 34.3926], [136.6751, 34.3932], [136.6758, 34.3936], [136.6762, 34.3942], [136.6771, 34.3949], [136.6784, 34.3953], [136.6788, 34.3961], [136.6796, 34.3962], [136.6801, 34.3966], [136.6812, 34.396], [136.683, 34.3956], [136.6836, 34.3948], [136.6845, 34.3946], [136.6857, 34.3953], [136.6893, 34.3958], [136.6896, 34.3953], [136.6907, 34.3949], [136.6915, 34.3942], [136.6925, 34.394], [136.6935, 34.3934], [136.6936, 34.3928], [136.6943, 34.3912], [136.6948, 34.3907], [136.6939, 34.3881], [136.6938, 34.3869], [136.6938, 34.386], [136.694, 34.3856], [136.6948, 34.3853], [136.6983, 34.3861], [136.6987, 34.3865], [136.6993, 34.3867], [136.7021, 34.3873], [136.7029, 34.3872], [136.7037, 34.3878], [136.7042, 34.3877], [136.7049, 34.3873], [136.7063, 34.3871], [136.7071, 34.3874], [136.7077, 34.3879], [136.7086, 34.388], [136.7101, 34.3884], [136.7138, 34.3887], [136.7147, 34.3894], [136.7158, 34.3898], [136.7175, 34.392], [136.719, 34.3923], [136.7203, 34.3918], [136.7211, 34.3917], [136.7214, 34.3914], [136.7222, 34.3913], [136.7233, 34.3909], [136.7238, 34.3887], [136.7253, 34.3878], [136.7257, 34.388], [136.7261, 34.388], [136.727, 34.3877], [136.7287, 34.3876], [136.7296, 34.3873], [136.7304, 34.3875], [136.732, 34.3875], [136.7327, 34.3873], [136.7331, 34.387], [136.7348, 34.3874], [136.7363, 34.3873], [136.7385, 34.3864], [136.7399, 34.3863], [136.7406, 34.3858], [136.7422, 34.3854], [136.7435, 34.3848]]], [[[136.6539, 34.4839], [136.6543, 34.4845], [136.6528, 34.485], [136.6505, 34.4829], [136.6518, 34.482], [136.6539, 34.4839]]], [[[136.7074, 34.536], [136.7078, 34.5363], [136.7103, 34.5392], [136.7117, 34.5404], [136.712, 34.5407], [136.7108, 34.5418], [136.7094, 34.5424], [136.7086, 34.5425], [136.7078, 34.5423], [136.707, 34.5418], [136.7061, 34.541], [136.7057, 34.5401], [136.7058, 34.5368], [136.7059, 34.5362], [136.7066, 34.5358], [136.7071, 34.5358], [136.7074, 34.536]]], [[[136.6508, 34.522], [136.6513, 34.5234], [136.6513, 34.5238], [136.6505, 34.5239], [136.6501, 34.5227], [136.6502, 34.522], [136.6499, 34.522], [136.6495, 34.5225], [136.6482, 34.5231], [136.6474, 34.523], [136.6474, 34.5222], [136.6467, 34.5217], [136.6468, 34.5205], [136.6466, 34.5191], [136.6467, 34.519], [136.6475, 34.5191], [136.6482, 34.5199], [136.6485, 34.5198], [136.6488, 34.5192], [136.6491, 34.5194], [136.6488, 34.5196], [136.6487, 34.5202], [136.6481, 34.5205], [136.6477, 34.521], [136.648, 34.5216], [136.6484, 34.5212], [136.6485, 34.5209], [136.6491, 34.5206], [136.65, 34.5208], [136.6498, 34.5199], [136.6502, 34.5207], [136.6504, 34.5201], [136.6509, 34.5197], [136.6511, 34.5198], [136.6511, 34.5209], [136.6504, 34.5207], [136.6505, 34.522], [136.6508, 34.522]]], [[[136.6556, 34.4989], [136.6559, 34.4991], [136.655, 34.4996], [136.6549, 34.4994], [136.6556, 34.4989]]], [[[136.6476, 34.5132], [136.6473, 34.5132], [136.6471, 34.5127], [136.6475, 34.5126], [136.6476, 34.5132]]], [[[136.6477, 34.5163], [136.6478, 34.5156], [136.6485, 34.5144], [136.6493, 34.5141], [136.649, 34.5149], [136.6484, 34.5155], [136.6488, 34.5159], [136.6488, 34.5166], [136.6497, 34.5172], [136.6497, 34.5174], [136.6484, 34.5169], [136.6477, 34.5169], [136.648, 34.5166], [136.6485, 34.5167], [136.6481, 34.5165], [136.6483, 34.5163], [136.648, 34.5158], [136.6477, 34.5163]]]]}, "properties": {"name": "三重県伊勢市"}}, {"type": "Feature", "geometry": {"type": "Polygon", "coordinates": [[[136.2064, 34.4486], [136.2014, 34.4496], [136.1995, 34.4495], [136.1975, 34.4499], [136.1938, 34.4499], [136.1922, 34.4498], [136.1887, 34.4505], [136.1859, 34.4486], [136.1839, 34.4475], [136.1822, 34.4468], [136.1812, 34.4466], [136.1801, 34.4466], [136.1796, 34.4464], [136.1788, 34.4456], [136.1778, 34.4455], [136.1733, 34.4459], [136.1708, 34.4464], [136.1699, 34.4469], [136.1695, 34.4473], [136.169, 34.4474], [136.1683, 34.4474], [136.1675, 34.4475], [136.1658, 34.4484], [136.1648, 34.4483], [136.1633, 34.4485], [136.1624, 34.4483], [136.1608, 34.4483], [136.1592, 34.449], [136.1583, 34.4491], [136.1565, 34.4467], [136.1554, 34.4461], [136.1536, 34.4457], [136.1534, 34.4454], [136.1531, 34.4444], [136.1517, 34.4421], [136.1496, 34.4417], [136.1477, 34.442], [136.1459, 34.4416], [136.1444, 34.4411], [136.1435, 34.4415], [136.1414, 34.442], [136.1393, 34.442], [136.1387, 34.4431], [136.138, 34.4431], [136.137, 34.4427], [136.1364, 34.4428], [136.1355, 34.4433], [136.1349, 34.4439], [136.1335, 34.4447], [136.1324, 34.4443], [136.1318, 34.4444], [136.131, 34.4452], [136.1297, 34.4455], [136.1288, 34.4454], [136.1276, 34.4446], [136.1269, 34.4437], [136.1265, 34.4435], [136.1226, 34.4434], [136.1183, 34.4428], [136.1175, 34.4423], [136.1165, 34.4407], [136.1159, 34.4401], [136.115, 34.4394], [136.1133, 34.437], [136.1123, 34.4363], [136.1112, 34.4358], [136.1105, 34.4357], [136.1088, 34.4359], [136.107, 34.4355], [136.1042, 34.4358], [136.1005, 34.4358], [136.0988, 34.4357], [136.0961, 34.4351], [136.0946, 34.4342], [136.0936, 34.4333], [136.093, 34.432], [136.0913, 34.4301], [136.0884, 34.4286], [136.0896, 34.4271], [136.0898, 34.4265], [136.0901, 34.424], [136.0911, 34.4225], [136.0901, 34.4202], [136.0901, 34.4184], [136.0904, 34.4166], [136.0903, 34.4161], [136.0894, 34.4155], [136.0864, 34.4115], [136.0843, 34.4098], [136.0838, 34.4096], [136.0806, 34.4096], [136.0774, 34.4072], [136.0761, 34.4048], [136.0762, 34.4038], [136.0759, 34.4027], [136.0752, 34.4019], [136.0741, 34.3998], [136.0744, 34.398], [136.0728, 34.3963], [136.0718, 34.3955], [136.0694, 34.3944], [136.069, 34.3939], [136.069, 34.3934], [136.0694, 34.3928], [136.0695, 34.3922], [136.0691, 34.3911], [136.069, 34.3894], [136.0702, 34.3884], [136.0717, 34.3876], [136.0721, 34.387], [136.0743, 34.3869], [136.0758, 34.3863], [136.0766, 34.3861], [136.0781, 34.3866], [136.0784, 34.3864], [136.0784, 34.3862], [136.0792, 34.3854], [136.0825, 34.3828], [136.0858, 34.3799], [136.0866, 34.3784], [136.0864, 34.3759], [136.0894, 34.3746], [136.0896, 34.3742], [136.0899, 34.3724], [136.0904, 34.3714], [136.0913, 34.3701], [136.0916, 34.3692], [136.0915, 34.3687], [136.0905, 34.3672], [136.0902, 34.3661], [136.0901, 34.3647], [136.0903, 34.3628], [136.0909, 34.3624], [136.094, 34.3614], [136.0945, 34.3611], [136.0955, 34.3582], [136.0973, 34.3549], [136.0984, 34.352], [136.0978, 34.3514], [136.0967, 34.3495], [136.0967, 34.348], [136.0974, 34.3463], [136.0985, 34.3447], [136.0993, 34.3437], [136.1011, 34.3427], [136.1017, 34.342], [136.1019, 34.3413], [136.101, 34.3398], [136.1008, 34.3387], [136.1016, 34.3366], [136.1052, 34.3343], [136.1069, 34.3326], [136.1082, 34.3313], [136.1091, 34.3292], [136.1133, 34.3282], [136.1145, 34.3274], [136.1151, 34.3266], [136.1157, 34.3263], [136.1188, 34.3266], [136.1198, 34.3268], [136.1209, 34.3267], [136.1217, 34.3264], [136.1222, 34.3259], [136.1232, 34.3229], [136.1237, 34.3218], [136.1254, 34.3204], [136.1282, 34.3178], [136.1296, 34.3162], [136.1307, 34.3156], [136.1334, 34.3149], [136.1373, 34.3152], [136.141, 34.316], [136.145, 34.3152], [136.1461, 34.3152], [136.1562, 34.3136], [136.1586, 34.3134], [136.1584, 34.3141], [136.1584, 34.3164], [136.1604, 34.3194], [136.1602, 34.3203], [136.1605, 34.3209], [136.1616, 34.3218], [136.1626, 34.3221], [136.1654, 34.3239], [136.1668, 34.3246], [136.1681, 34.325], [136.1708, 34.3239], [136.1754, 34.3227], [136.1775, 34.3224], [136.1786, 34.3226], [136.1803, 34.3234], [136.1811, 34.3233], [136.1817, 34.323], [136.1826, 34.323], [136.1839, 34.3233], [136.1862, 34.3242], [136.1879, 34.3245], [136.1879, 34.3248], [136.1863, 34.3265], [136.186, 34.3275], [136.1863, 34.3306], [136.1866, 34.331], [136.1874, 34.3312], [136.188, 34.3318], [136.1886, 34.3341], [136.1886, 34.3348], [136.188, 34.3365], [136.1863, 34.34], [136.1876, 34.3402], [136.1897, 34.3411], [136.1952, 34.3455], [136.1971, 34.3456], [136.1989, 34.346], [136.2004, 34.3471], [136.2014, 34.3474], [136.2049, 34.3478], [136.2061, 34.3483], [136.2068, 34.3488], [136.2073, 34.3494], [136.2076, 34.3503], [136.209, 34.3495], [136.2099, 34.3491], [136.2109, 34.3491], [136.2115, 34.3493], [136.2121, 34.3494], [136.2146, 34.3482], [136.2151, 34.3481], [136.2176, 34.349], [136.2211, 34.3493], [136.2225, 34.3498], [136.2244, 34.3497], [136.2268, 34.3501], [136.2281, 34.3506], [136.2298, 34.3517], [136.2315, 34.3516], [136.2336, 34.3519], [136.2359, 34.353], [136.2494, 34.3548], [136.2529, 34.355], [136.2535, 34.3563], [136.2545, 34.3576], [136.2558, 34.3586], [136.2557, 34.3601], [136.2562, 34.3615], [136.2566, 34.3621], [136.2586, 34.3629], [136.2591, 34.364], [136.2596, 34.3645], [136.2607, 34.3648], [136.262, 34.3653], [136.2631, 34.3654], [136.2655, 34.367], [136.2679, 34.368], [136.2711, 34.3687], [136.2713, 34.3691], [136.2709, 34.3701], [136.2682, 34.3725], [136.2654, 34.3742], [136.2642, 34.3746], [136.2627, 34.3756], [136.2624, 34.3759], [136.2625, 34.3763], [136.2633, 34.3776], [136.2627, 34.3785], [136.2622, 34.3805], [136.2617, 34.3814], [136.2612, 34.3816], [136.2567, 34.3825], [136.2565, 34.3827], [136.2564, 34.3832], [136.2565, 34.3854], [136.257, 34.386], [136.2587, 34.3867], [136.2597, 34.3876], [136.2602, 34.3891], [136.2603, 34.3898], [136.261, 34.3908], [136.2625, 34.3922], [136.2627, 34.3934], [136.2626, 34.3938], [136.2633, 34.3943], [136.2638, 34.3951], [136.2642, 34.3952], [136.2648, 34.3958], [136.2652, 34.3973], [136.2668, 34.3989], [136.2669, 34.4004], [136.2673, 34.4011], [136.2679, 34.4017], [136.2696, 34.4017], [136.27, 34.4019], [136.2704, 34.4032], [136.2709, 34.4041], [136.2732, 34.4069], [136.2749, 34.4073], [136.2795, 34.4074], [136.282, 34.4072], [136.2878, 34.4056], [136.2891, 34.4052], [136.2902, 34.4052], [136.2913, 34.4052], [136.2932, 34.406], [136.2953, 34.4064], [136.2963, 34.407], [136.2978, 34.4075], [136.2983, 34.408], [136.302, 34.4068], [136.3101, 34.406], [136.3111, 34.4061], [136.3123, 34.4067], [136.318, 34.4047], [136.319, 34.4048], [136.3209, 34.4053], [136.3218, 34.4054], [136.3224, 34.4052], [136.3232, 34.4042], [136.3236, 34.404], [136.325, 34.4042], [136.3258, 34.4046], [136.327, 34.4055], [136.3277, 34.4064], [136.3282, 34.4071], [136.3282, 34.4076], [136.3288, 34.4075], [136.3296, 34.4078], [136.3312, 34.4062], [136.3332, 34.406], [136.3335, 34.4058], [136.3345, 34.4047], [136.3351, 34.4047], [136.3367, 34.4052], [136.3386, 34.4051], [136.3397, 34.4054], [136.3416, 34.4049], [136.3424, 34.4045], [136.3429, 34.4045], [136.3434, 34.405], [136.3441, 34.4052], [136.3452, 34.4051], [136.346, 34.4054], [136.3487, 34.4056], [136.3496, 34.4054], [136.3511, 34.4058], [136.3516, 34.4061], [136.3523, 34.4059], [136.3531, 34.4061], [136.3547, 34.406], [136.3552, 34.4058], [136.3558, 34.4051], [136.3571, 34.4062], [136.3574, 34.4075], [136.3591, 34.4077], [136.3598, 34.4076], [136.3618, 34.4062], [136.3638, 34.4058], [136.3659, 34.406], [136.367, 34.4054], [136.3674, 34.4051], [136.3684, 34.4049], [136.3689, 34.404], [136.3698, 34.4032], [136.3702, 34.4032], [136.371, 34.4035], [136.3719, 34.4036], [136.3728, 34.4029], [136.3736, 34.4032], [136.3757, 34.4028], [136.3766, 34.4028], [136.3772, 34.4029], [136.3775, 34.4047], [136.3781, 34.4057], [136.378, 34.4064], [136.3782, 34.4066], [136.3801, 34.4073], [136.3812, 34.4073], [136.3821, 34.4077], [136.3827, 34.4076], [136.3833, 34.4078], [136.3834, 34.408], [136.3841, 34.4083], [136.3841, 34.4087], [136.3852, 34.4098], [136.3861, 34.4102], [136.3864, 34.4101], [136.3867, 34.4103], [136.3875, 34.4103], [136.3893, 34.4111], [136.3916, 34.4118], [136.3928, 34.4127], [136.3936, 34.4129], [136.3945, 34.4139], [136.3949, 34.4139], [136.3954, 34.414], [136.3956, 34.4147], [136.3961, 34.4147], [136.3969, 34.415], [136.3975, 34.4156], [136.3984, 34.4161], [136.4003, 34.4159], [136.4011, 34.4159], [136.4026, 34.4164], [136.4035, 34.4165], [136.4055, 34.4177], [136.4063, 34.4174], [136.4074, 34.4175], [136.4081, 34.4188], [136.4088, 34.4192], [136.4093, 34.42], [136.4092, 34.4209], [136.4085, 34.4221], [136.4078, 34.4225], [136.4079, 34.4229], [136.4077, 34.4237], [136.4081, 34.424], [136.4082, 34.4247], [136.4079, 34.4267], [136.4085, 34.4273], [136.4089, 34.4282], [136.4101, 34.4297], [136.4101, 34.4301], [136.4098, 34.4309], [136.4101, 34.4314], [136.411, 34.4319], [136.4119, 34.4331], [136.4119, 34.4334], [136.4124, 34.4337], [136.4136, 34.4351], [136.4147, 34.436], [136.4151, 34.4362], [136.4156, 34.4373], [136.4155, 34.4382], [136.4163, 34.4386], [136.4166, 34.4391], [136.4172, 34.4395], [136.4182, 34.4396], [136.4189, 34.4402], [136.4203, 34.4408], [136.4222, 34.4412], [136.4229, 34.4417], [136.4227, 34.4425], [136.4227, 34.4433], [136.4224, 34.4438], [136.4223, 34.4442], [136.4219, 34.4449], [136.4211, 34.4456], [136.4205, 34.4467], [136.4203, 34.4478], [136.4187, 34.4513], [136.4182, 34.4516], [136.4186, 34.4524], [136.4188, 34.4541], [136.4187, 34.4548], [136.4189, 34.4556], [136.4185, 34.4564], [136.419, 34.4581], [136.4186, 34.4595], [136.4192, 34.46], [136.4199, 34.4603], [136.4201, 34.4608], [136.421, 34.4614], [136.4211, 34.4631], [136.4205, 34.4639], [136.4206, 34.4646], [136.421, 34.4653], [136.4203, 34.4658], [136.4189, 34.4662], [136.4179, 34.4664], [136.4176, 34.4663], [136.417, 34.4666], [136.416, 34.4674], [136.4153, 34.4671], [136.4141, 34.4677], [136.4128, 34.4678], [136.4121, 34.4684], [136.4111, 34.4688], [136.4103, 34.4688], [136.4086, 34.4679], [136.4078, 34.4678], [136.4069, 34.4679], [136.406, 34.4679], [136.4054, 34.4681], [136.4049, 34.4681], [136.4041, 34.469], [136.4029, 34.4689], [136.4027, 34.4695], [136.4013, 34.4689], [136.4001, 34.4703], [136.3999, 34.4707], [136.4016, 34.4713], [136.4032, 34.4714], [136.4047, 34.4717], [136.4054, 34.472], [136.406, 34.4728], [136.4069, 34.473], [136.4096, 34.4744], [136.4107, 34.4744], [136.4128, 34.4749], [136.4135, 34.4753], [136.4146, 34.4754], [136.4183, 34.4763], [136.4197, 34.4763], [136.4219, 34.4766], [136.4233, 34.4772], [136.4272, 34.4786], [136.4281, 34.4792], [136.4284, 34.4796], [136.4284, 34.4799], [136.4278, 34.4804], [136.4279, 34.4818], [136.429, 34.4832], [136.4296, 34.4835], [136.4314, 34.4832], [136.4332, 34.4833], [136.435, 34.4827], [136.4376, 34.4811], [136.4377, 34.4808], [136.4399, 34.4792], [136.4407, 34.4784], [136.4412, 34.4783], [136.4447, 34.4768], [136.4467, 34.4767], [136.4477, 34.4769], [136.449, 34.48], [136.4522, 34.4842], [136.4531, 34.4849], [136.4541, 34.485], [136.4549, 34.4862], [136.4563, 34.4874], [136.4567, 34.4875], [136.4584, 34.4877], [136.459, 34.4873], [136.4593, 34.4867], [136.4606, 34.4866], [136.4619, 34.4858], [136.4632, 34.4854], [136.4644, 34.4863], [136.465, 34.4864], [136.4655, 34.4862], [136.4665, 34.4861], [136.467, 34.4863], [136.4679, 34.4861], [136.4684, 34.4864], [136.4695, 34.4863], [136.4699, 34.4867], [136.4706, 34.4868], [136.4713, 34.4865], [136.4718, 34.4867], [136.4725, 34.4867], [136.473, 34.486], [136.4737, 34.4855], [136.4754, 34.4855], [136.476, 34.4854], [136.4772, 34.4854], [136.4779, 34.4856], [136.4787, 34.4852], [136.4793, 34.4853], [136.4813, 34.4851], [136.483, 34.4867], [136.4841, 34.4873], [136.4873, 34.4876], [136.4884, 34.4879], [136.4894, 34.4884], [136.4914, 34.4898], [136.4935, 34.4907], [136.494, 34.4919], [136.494, 34.4927], [136.4928, 34.4935], [136.4919, 34.4937], [136.49, 34.4936], [136.4885, 34.4931], [136.4878, 34.4932], [136.4867, 34.4939], [136.4856, 34.4943], [136.4829, 34.4945], [136.482, 34.4942], [136.4813, 34.4943], [136.4791, 34.4959], [136.4781, 34.4969], [136.4777, 34.4978], [136.4776, 34.4989], [136.478, 34.4996], [136.479, 34.5001], [136.483, 34.5007], [136.4855, 34.5007], [136.487, 34.5015], [136.4879, 34.5024], [136.4882, 34.5034], [136.4902, 34.5071], [136.4908, 34.5079], [136.4916, 34.5083], [136.4935, 34.5084], [136.4959, 34.509], [136.4967, 34.5087], [136.497, 34.5083], [136.4972, 34.5068], [136.4986, 34.5038], [136.4997, 34.5005], [136.5004, 34.5], [136.5014, 34.4997], [136.5042, 34.4995], [136.5059, 34.4996], [136.5078, 34.5002], [136.5126, 34.502], [136.5162, 34.505], [136.5173, 34.5057], [136.518, 34.5059], [136.5229, 34.5047], [136.5242, 34.5045], [136.5257, 34.5045], [136.5286, 34.5048], [136.5307, 34.5055], [136.5332, 34.5058], [136.538, 34.5054], [136.5434, 34.5068], [136.5451, 34.5076], [136.5455, 34.508], [136.5472, 34.5109], [136.5482, 34.5119], [136.5508, 34.5126], [136.5532, 34.5127], [136.5544, 34.5129], [136.5575, 34.5151], [136.5605, 34.5174], [136.5638, 34.5205], [136.5655, 34.5215], [136.5717, 34.5226], [136.5745, 34.5226], [136.5786, 34.5233], [136.5797, 34.5232], [136.5807, 34.5228], [136.5815, 34.5228], [136.5823, 34.523], [136.5836, 34.5236], [136.5841, 34.5236], [136.5858, 34.5226], [136.5882, 34.5235], [136.5888, 34.5247], [136.5889, 34.5255], [136.5893, 34.526], [136.5898, 34.5263], [136.593, 34.527], [136.5951, 34.5272], [136.5962, 34.5278], [136.5966, 34.5306], [136.598, 34.5313], [136.5983, 34.5318], [136.598, 34.5334], [136.5974, 34.5347], [136.5975, 34.5352], [136.599, 34.5363], [136.5997, 34.5365], [136.6004, 34.5361], [136.6006, 34.5364], [136.6013, 34.5365], [136.603, 34.5386], [136.6011, 34.5395], [136.6016, 34.5409], [136.6024, 34.542], [136.6027, 34.5427], [136.6035, 34.5438], [136.6042, 34.5453], [136.6051, 34.5451], [136.6068, 34.5496], [136.6072, 34.5495], [136.6074, 34.5503], [136.6077, 34.5506], [136.6077, 34.5522], [136.6072, 34.5534], [136.6072, 34.5544], [136.607, 34.5544], [136.6077, 34.5555], [136.6075, 34.5567], [136.6082, 34.5588], [136.6089, 34.5593], [136.6085, 34.5598], [136.6088, 34.56], [136.609, 34.5608], [136.6092, 34.5611], [136.61, 34.5612], [136.6106, 34.5618], [136.6109, 34.5618], [136.6115, 34.5623], [136.6127, 34.5626], [136.6131, 34.5632], [136.6139, 34.5621], [136.6146, 34.562], [136.6166, 34.5624], [136.6164, 34.563], [136.6163, 34.5649], [136.6169, 34.566], [136.6166, 34.5661], [136.6165, 34.5664], [136.6164, 34.5689], [136.616, 34.5695], [136.6135, 34.5694], [136.6136, 34.5704], [136.6104, 34.5705], [136.611, 34.5689], [136.6101, 34.5691], [136.6092, 34.5696], [136.6087, 34.5702], [136.6084, 34.5707], [136.6083, 34.5717], [136.6093, 34.5735], [136.6097, 34.5749], [136.609, 34.5767], [136.6092, 34.5772], [136.6077, 34.5783], [136.6081, 34.5786], [136.6078, 34.5791], [136.6078, 34.5797], [136.6082, 34.5802], [136.609, 34.5806], [136.6087, 34.5812], [136.61, 34.5813], [136.61, 34.5811], [136.6103, 34.581], [136.6112, 34.5829], [136.611, 34.5831], [136.6107, 34.585], [136.6112, 34.5859], [136.611, 34.5868], [136.6117, 34.5875], [136.6125, 34.5876], [136.6131, 34.5884], [136.6131, 34.5888], [136.6148, 34.5889], [136.6142, 34.5915], [136.6143, 34.593], [136.6121, 34.5929], [136.6098, 34.5931], [136.6099, 34.5935], [136.6086, 34.5936], [136.6059, 34.5943], [136.606, 34.5944], [136.6052, 34.5947], [136.6054, 34.5953], [136.6069, 34.5964], [136.6073, 34.5974], [136.6045, 34.5982], [136.6048, 34.5991], [136.6037, 34.5993], [136.604, 34.6008], [136.6032, 34.6012], [136.6033, 34.6015], [136.6031, 34.6012], [136.6021, 34.6015], [136.6023, 34.6029], [136.5702, 34.627], [136.5377, 34.6163], [136.5378, 34.6168], [136.538, 34.6168], [136.5387, 34.6194], [136.5382, 34.6195], [136.5383, 34.6198], [136.5394, 34.6236], [136.5419, 34.6228], [136.542, 34.6227], [136.5419, 34.6224], [136.542, 34.6227], [136.5423, 34.6226], [136.5422, 34.6223], [136.5423, 34.6225], [136.5427, 34.6225], [136.5424, 34.6218], [136.5425, 34.6217], [136.5432, 34.6222], [136.5437, 34.6221], [136.5443, 34.6217], [136.5441, 34.622], [136.5442, 34.6224], [136.5444, 34.6229], [136.5446, 34.623], [136.5444, 34.6231], [136.5446, 34.6232], [136.5445, 34.6234], [136.5448, 34.6239], [136.545, 34.6239], [136.5449, 34.624], [136.5451, 34.6245], [136.5453, 34.6245], [136.545, 34.6246], [136.5451, 34.6248], [136.5453, 34.6249], [136.5457, 34.6248], [136.5458, 34.6255], [136.5466, 34.6269], [136.5479, 34.6303], [136.5483, 34.6309], [136.5489, 34.6309], [136.5484, 34.6305], [136.5488, 34.6304], [136.5492, 34.6308], [136.5496, 34.6308], [136.5493, 34.6309], [136.5493, 34.6311], [136.5499, 34.6313], [136.5493, 34.6313], [136.5491, 34.6314], [136.549, 34.6316], [136.5493, 34.6322], [136.549, 34.6322], [136.5488, 34.6325], [136.5423, 34.6353], [136.5416, 34.6358], [136.5423, 34.6373], [136.5395, 34.6387], [136.5369, 34.6406], [136.5353, 34.642], [136.534, 34.6437], [136.5317, 34.6461], [136.5304, 34.6472], [136.5293, 34.6477], [136.5281, 34.6481], [136.5256, 34.6481], [136.5212, 34.6473], [136.519, 34.6475], [136.5148, 34.6482], [136.5117, 34.649], [136.505, 34.6512], [136.5035, 34.6515], [136.5011, 34.6514], [136.4988, 34.6511], [136.4966, 34.6503], [136.49, 34.6463], [136.4869, 34.6452], [136.4855, 34.645], [136.4834, 34.6452], [136.4815, 34.646], [136.4803, 34.6471], [136.479, 34.6487], [136.4785, 34.6486], [136.4779, 34.6477], [136.4768, 34.6475], [136.4764, 34.6476], [136.4762, 34.648], [136.4757, 34.6483], [136.4743, 34.6487], [136.4709, 34.6484], [136.4699, 34.6486], [136.4675, 34.6496], [136.4676, 34.6494], [136.4661, 34.6497], [136.4635, 34.6496], [136.4633, 34.6495], [136.4638, 34.6493], [136.4642, 34.6475], [136.4633, 34.6473], [136.463, 34.6462], [136.4624, 34.6466], [136.4623, 34.6465], [136.4631, 34.6457], [136.4629, 34.6427], [136.4621, 34.6419], [136.4627, 34.6416], [136.4625, 34.6405], [136.4618, 34.6408], [136.4608, 34.6393], [136.4607, 34.6396], [136.4605, 34.6397], [136.4599, 34.6391], [136.4596, 34.6384], [136.4579, 34.6375], [136.4577, 34.6372], [136.4576, 34.6366], [136.4574, 34.6364], [136.4575, 34.6359], [136.4569, 34.6363], [136.456, 34.6363], [136.4566, 34.6372], [136.4559, 34.637], [136.4545, 34.6372], [136.4536, 34.6375], [136.4527, 34.638], [136.4533, 34.6394], [136.4529, 34.639], [136.4522, 34.6395], [136.4523, 34.6396], [136.4528, 34.6394], [136.4534, 34.64], [136.4538, 34.6416], [136.4513, 34.6416], [136.4517, 34.64], [136.4508, 34.6388], [136.4505, 34.6374], [136.4509, 34.6371], [136.4505, 34.6371], [136.4502, 34.6361], [136.45, 34.6359], [136.4503, 34.6334], [136.4501, 34.6333], [136.4497, 34.6315], [136.4488, 34.6298], [136.449, 34.6289], [136.4487, 34.6289], [136.4484, 34.6295], [136.4478, 34.6294], [136.4478, 34.6289], [136.4475, 34.6287], [136.4464, 34.6293], [136.4462, 34.6293], [136.446, 34.6288], [136.4452, 34.6292], [136.4442, 34.629], [136.4432, 34.6292], [136.4425, 34.6292], [136.4426, 34.6289], [136.4421, 34.6288], [136.4398, 34.6297], [136.4392, 34.6297], [136.4391, 34.6306], [136.4394, 34.631], [136.439, 34.6319], [136.4391, 34.6324], [136.4389, 34.6328], [136.4391, 34.6333], [136.4389, 34.6335], [136.4368, 34.6348], [136.4348, 34.6357], [136.4339, 34.6358], [136.4331, 34.6356], [136.4323, 34.6358], [136.4311, 34.6357], [136.4308, 34.6367], [136.4303, 34.6368], [136.4282, 34.6353], [136.427, 34.6349], [136.4266, 34.6346], [136.4262, 34.6339], [136.4231, 34.6321], [136.4225, 34.6315], [136.4218, 34.6295], [136.421, 34.6285], [136.4209, 34.6278], [136.4204, 34.6272], [136.4202, 34.6267], [136.4194, 34.6259], [136.4197, 34.6247], [136.4182, 34.6241], [136.4196, 34.6231], [136.4194, 34.623], [136.4176, 34.6224], [136.417, 34.6229], [136.4153, 34.6227], [136.4147, 34.6222], [136.4145, 34.6213], [136.4137, 34.6209], [136.412, 34.6207], [136.4097, 34.621], [136.4091, 34.6208], [136.4079, 34.6199], [136.4067, 34.62], [136.4062, 34.6199], [136.4067, 34.6192], [136.4065, 34.6186], [136.4054, 34.6172], [136.4056, 34.616], [136.4052, 34.6158], [136.4051, 34.6152], [136.4038, 34.6141], [136.4029, 34.6144], [136.4017, 34.6142], [136.4006, 34.6147], [136.3996, 34.6158], [136.3991, 34.616], [136.3985, 34.615], [136.3975, 34.6152], [136.3968, 34.6158], [136.3957, 34.6149], [136.3955, 34.6147], [136.3957, 34.6146], [136.3957, 34.614], [136.3954, 34.6134], [136.3947, 34.6134], [136.3938, 34.613], [136.3938, 34.6104], [136.3934, 34.6103], [136.3922, 34.6105], [136.3913, 34.6102], [136.3916, 34.6096], [136.3917, 34.609], [136.3912, 34.6087], [136.3908, 34.6076], [136.3904, 34.6069], [136.3903, 34.6066], [136.3916, 34.6068], [136.3918, 34.6061], [136.3918, 34.6048], [136.3914, 34.6031], [136.3918, 34.6028], [136.3918, 34.6024], [136.3916, 34.602], [136.392, 34.601], [136.3919, 34.6007], [136.391, 34.5994], [136.3908, 34.5986], [136.3899, 34.5975], [136.3899, 34.5967], [136.3902, 34.5962], [136.3904, 34.595], [136.3896, 34.5944], [136.3895, 34.5938], [136.3888, 34.5936], [136.3879, 34.5927], [136.3874, 34.5924], [136.3863, 34.5922], [136.3846, 34.5924], [136.3844, 34.5916], [136.3839, 34.5911], [136.3834, 34.5894], [136.3825, 34.589], [136.3823, 34.5883], [136.3808, 34.5872], [136.3807, 34.5866], [136.3801, 34.586], [136.3789, 34.5857], [136.3781, 34.5847], [136.3772, 34.5842], [136.3772, 34.5831], [136.3768, 34.5823], [136.3768, 34.5815], [136.3765, 34.5811], [136.3769, 34.5791], [136.3766, 34.5787], [136.3766, 34.5777], [136.3763, 34.5773], [136.3763, 34.5762], [136.3765, 34.5758], [136.3761, 34.5747], [136.375, 34.5741], [136.3747, 34.5734], [136.3742, 34.5733], [136.3732, 34.5734], [136.3725, 34.5726], [136.3719, 34.5726], [136.371, 34.5718], [136.371, 34.5715], [136.3708, 34.571], [136.3708, 34.5704], [136.3713, 34.5697], [136.3716, 34.5695], [136.3684, 34.5662], [136.3696, 34.5652], [136.369, 34.5634], [136.3674, 34.5618], [136.3664, 34.5613], [136.3649, 34.5602], [136.3648, 34.5592], [136.3643, 34.5586], [136.3625, 34.5576], [136.3623, 34.557], [136.3629, 34.5557], [136.3629, 34.5548], [136.362, 34.5542], [136.3612, 34.5531], [136.3612, 34.5526], [136.3609, 34.5522], [136.3609, 34.5515], [136.3604, 34.5504], [136.3605, 34.5501], [136.3598, 34.5494], [136.3585, 34.5491], [136.3579, 34.5488], [136.3578, 34.5485], [136.357, 34.5482], [136.3568, 34.5478], [136.354, 34.5472], [136.3542, 34.5457], [136.355, 34.5448], [136.3545, 34.5444], [136.3547, 34.544], [136.3547, 34.5435], [136.3545, 34.5431], [136.3547, 34.5426], [136.3539, 34.5422], [136.3535, 34.5416], [136.3524, 34.5411], [136.3515, 34.541], [136.3516, 34.5405], [136.3512, 34.5404], [136.3511, 34.5399], [136.3506, 34.5396], [136.3504, 34.539], [136.3495, 34.538], [136.3483, 34.5377], [136.3481, 34.5373], [136.3468, 34.5368], [136.3458, 34.5362], [136.3455, 34.5357], [136.3446, 34.5354], [136.344, 34.5348], [136.3425, 34.5342], [136.3419, 34.5338], [136.3419, 34.5333], [136.3403, 34.5332], [136.3401, 34.5326], [136.3386, 34.5323], [136.3379, 34.5317], [136.3374, 34.5315], [136.3374, 34.5308], [136.337, 34.5299], [136.3382, 34.5281], [136.338, 34.5259], [136.3376, 34.5253], [136.3383, 34.5246], [136.3378, 34.5236], [136.3381, 34.5225], [136.3394, 34.5211], [136.3401, 34.5209], [136.3412, 34.521], [136.3415, 34.5206], [136.342, 34.5193], [136.3428, 34.5183], [136.3424, 34.5177], [136.3428, 34.5167], [136.3435, 34.516], [136.3444, 34.5154], [136.3452, 34.5136], [136.3452, 34.5128], [136.3456, 34.5122], [136.3456, 34.5115], [136.3464, 34.5107], [136.3466, 34.5102], [136.3475, 34.5094], [136.3475, 34.5087], [136.3482, 34.5077], [136.3465, 34.5071], [136.3458, 34.5064], [136.3452, 34.5055], [136.3454, 34.5043], [136.345, 34.5036], [136.3442, 34.5027], [136.3437, 34.5016], [136.3435, 34.4999], [136.343, 34.4989], [136.3424, 34.4986], [136.3415, 34.4974], [136.3406, 34.4966], [136.3403, 34.4962], [136.3394, 34.4957], [136.339, 34.4951], [136.3381, 34.4947], [136.3372, 34.493], [136.3361, 34.4924], [136.3352, 34.4911], [136.3341, 34.4906], [136.333, 34.4911], [136.3318, 34.4912], [136.3312, 34.4917], [136.3293, 34.4905], [136.3282, 34.4902], [136.327, 34.4903], [136.3246, 34.4901], [136.3247, 34.4889], [136.3251, 34.4878], [136.3243, 34.4865], [136.3247, 34.4847], [136.3243, 34.4833], [136.3245, 34.483], [136.3242, 34.4811], [136.3244, 34.4795], [136.323, 34.4783], [136.3223, 34.4772], [136.3214, 34.4766], [136.3202, 34.476], [136.3199, 34.4757], [136.3184, 34.4753], [136.3159, 34.4741], [136.3157, 34.4733], [136.315, 34.472], [136.314, 34.4709], [136.3137, 34.4703], [136.3142, 34.4681], [136.3137, 34.4679], [136.3134, 34.4675], [136.3127, 34.4673], [136.3122, 34.4668], [136.3115, 34.4667], [136.3112, 34.4664], [136.311, 34.4645], [136.3105, 34.4637], [136.3096, 34.4638], [136.3063, 34.4627], [136.3061, 34.4619], [136.3053, 34.4612], [136.3028, 34.4612], [136.3018, 34.4616], [136.3005, 34.4613], [136.3, 34.4618], [136.2989, 34.4622], [136.2977, 34.4623], [136.2962, 34.4619], [136.2947, 34.4625], [136.2935, 34.4626], [136.2927, 34.4621], [136.2909, 34.4616], [136.2908, 34.4609], [136.2906, 34.4606], [136.2893, 34.4606], [136.2885, 34.4601], [136.2877, 34.4598], [136.2876, 34.4591], [136.2866, 34.4571], [136.2864, 34.4559], [136.2853, 34.4551], [136.2832, 34.4543], [136.2819, 34.4531], [136.281, 34.453], [136.2797, 34.4535], [136.2788, 34.4533], [136.278, 34.4534], [136.2759, 34.4529], [136.2744, 34.4522], [136.2711, 34.4522], [136.2694, 34.4515], [136.2688, 34.451], [136.268, 34.451], [136.2672, 34.4514], [136.266, 34.4513], [136.2638, 34.4516], [136.2627, 34.4511], [136.262, 34.4511], [136.2607, 34.4506], [136.2595, 34.4503], [136.2585, 34.4502], [136.2563, 34.4502], [136.2558, 34.4501], [136.2553, 34.4495], [136.254, 34.4489], [136.2537, 34.4486], [136.2523, 34.4477], [136.2505, 34.448], [136.2485, 34.4479], [136.2478, 34.448], [136.2469, 34.4477], [136.2455, 34.4476], [136.2446, 34.4473], [136.244, 34.4475], [136.2427, 34.4485], [136.2421, 34.4486], [136.2386, 34.448], [136.2378, 34.4483], [136.2354, 34.4483], [136.2347, 34.4486], [136.2318, 34.4485], [136.2304, 34.4487], [136.2296, 34.4487], [136.2283, 34.4489], [136.2263, 34.4489], [136.2243, 34.4486], [136.2221, 34.4486], [136.2214, 34.4482], [136.2198, 34.4481], [136.2186, 34.4486], [136.2183, 34.449], [136.2172, 34.4498], [136.2164, 34.4497], [136.2156, 34.45], [136.215, 34.4497], [136.2136, 34.4495], [136.2128, 34.4491], [136.2117, 34.4494], [136.2097, 34.4487], [136.2085, 34.4484], [136.2064, 34.4486]]]}, "properties": {"name": "三重県松阪市"}}, {"type": "Feature", "geometry": {"type": "Polygon", "coordinates": [[[136.6418, 35.0431], [136.6427, 35.0429], [136.6435, 35.0433], [136.6447, 35.0434], [136.6455, 35.0429], [136.6458, 35.0421], [136.6469, 35.0427], [136.6473, 35.0425], [136.6475, 35.0417], [136.6479, 35.0415], [136.6491, 35.042], [136.6493, 35.0419], [136.6509, 35.0424], [136.6522, 35.0418], [136.6536, 35.0421], [136.6546, 35.0419], [136.6554, 35.0422], [136.656, 35.0422], [136.6567, 35.0427], [136.6576, 35.0426], [136.6583, 35.0427], [136.6593, 35.0417], [136.66, 35.0419], [136.6603, 35.0416], [136.6603, 35.0411], [136.6605, 35.0411], [136.6607, 35.0417], [136.6612, 35.0421], [136.6612, 35.0423], [136.6608, 35.0427], [136.6608, 35.0433], [136.6612, 35.0439], [136.6607, 35.0464], [136.6612, 35.0472], [136.6618, 35.0469], [136.663, 35.0474], [136.6638, 35.0476], [136.6646, 35.0475], [136.6658, 35.0467], [136.6666, 35.0464], [136.6671, 35.0464], [136.668, 35.0459], [136.669, 35.0464], [136.6692, 35.047], [136.6696, 35.0473], [136.6698, 35.0472], [136.6711, 35.0464], [136.6711, 35.046], [136.671, 35.0456], [136.6726, 35.0451], [136.6754, 35.0467], [136.6767, 35.0448], [136.679, 35.0409], [136.6812, 35.039], [136.6867, 35.0355], [136.69, 35.0333], [136.6919, 35.0318], [136.6928, 35.0306], [136.6951, 35.0283], [136.6969, 35.0261], [136.6988, 35.0219], [136.6999, 35.0223], [136.701, 35.0217], [136.7025, 35.0215], [136.7105, 35.0243], [136.7106, 35.0242], [136.7107, 35.0246], [136.7101, 35.0261], [136.7123, 35.027], [136.7141, 35.022], [136.73, 35.0256], [136.7329, 35.0266], [136.734, 35.0272], [136.7394, 35.0323], [136.746, 35.034], [136.7553, 35.0395], [136.7519, 35.0445], [136.7431, 35.0392], [136.7389, 35.0459], [136.7378, 35.0482], [136.7293, 35.0583], [136.7274, 35.0619], [136.7256, 35.066], [136.7246, 35.071], [136.7227, 35.074], [136.7211, 35.0775], [136.7191, 35.0837], [136.7163, 35.0974], [136.7147, 35.1016], [136.7129, 35.1047], [136.7039, 35.1156], [136.694, 35.1245], [136.6894, 35.1254], [136.6768, 35.1299], [136.6726, 35.1352], [136.6693, 35.134], [136.668, 35.1378], [136.6674, 35.142], [136.6623, 35.1488], [136.6611, 35.1509], [136.6591, 35.1536], [136.6553, 35.1608], [136.6545, 35.1617], [136.6529, 35.1625], [136.6493, 35.1647], [136.6465, 35.1662], [136.6453, 35.1642], [136.6446, 35.1624], [136.6447, 35.1614], [136.6455, 35.1595], [136.646, 35.1559], [136.6454, 35.1545], [136.6455, 35.1543], [136.6454, 35.1509], [136.6452, 35.1505], [136.6458, 35.1482], [136.6457, 35.1475], [136.6453, 35.1467], [136.6453, 35.1445], [136.6444, 35.1441], [136.641, 35.1473], [136.6397, 35.1478], [136.6381, 35.1475], [136.6373, 35.1479], [136.6363, 35.1481], [136.6353, 35.148], [136.6346, 35.1498], [136.6331, 35.1502], [136.6304, 35.1503], [136.6299, 35.1502], [136.6277, 35.1481], [136.6261, 35.1472], [136.624, 35.1464], [136.6237, 35.1464], [136.6234, 35.1466], [136.6232, 35.1473], [136.6226, 35.1478], [136.6226, 35.1484], [136.6213, 35.1485], [136.6203, 35.1482], [136.6197, 35.1484], [136.6194, 35.1486], [136.619, 35.1497], [136.6187, 35.15], [136.6183, 35.1499], [136.618, 35.1495], [136.6172, 35.1498], [136.6166, 35.1495], [136.6164, 35.1492], [136.6156, 35.1493], [136.6157, 35.1498], [136.6153, 35.15], [136.6155, 35.1505], [136.6151, 35.1509], [136.6152, 35.1512], [136.6146, 35.1517], [136.6146, 35.1522], [136.6132, 35.1532], [136.6134, 35.1545], [136.6136, 35.1548], [136.6128, 35.1555], [136.6121, 35.1568], [136.612, 35.1577], [136.6124, 35.1591], [136.6123, 35.1595], [136.611, 35.1603], [136.6105, 35.1618], [136.6093, 35.1622], [136.6085, 35.1628], [136.6084, 35.1636], [136.6075, 35.1644], [136.6073, 35.1656], [136.6071, 35.1659], [136.6051, 35.1671], [136.6049, 35.1677], [136.6051, 35.1688], [136.6058, 35.1701], [136.606, 35.1718], [136.6059, 35.1722], [136.6053, 35.1725], [136.6052, 35.1728], [136.6052, 35.1736], [136.6047, 35.174], [136.6049, 35.1751], [136.6042, 35.1755], [136.6033, 35.1751], [136.6036, 35.1755], [136.603, 35.1759], [136.6032, 35.1763], [136.603, 35.1765], [136.6026, 35.1766], [136.6029, 35.1768], [136.6028, 35.1773], [136.6022, 35.178], [136.6017, 35.1782], [136.6013, 35.1786], [136.6011, 35.178], [136.5997, 35.1775], [136.5995, 35.177], [136.599, 35.1768], [136.5979, 35.1766], [136.5971, 35.177], [136.5969, 35.1774], [136.5973, 35.1783], [136.597, 35.1789], [136.597, 35.1793], [136.5966, 35.1798], [136.5947, 35.1805], [136.5946, 35.1808], [136.5944, 35.1809], [136.5931, 35.1808], [136.5925, 35.1798], [136.5926, 35.1793], [136.5914, 35.179], [136.5913, 35.178], [136.5902, 35.1775], [136.5894, 35.1773], [136.5892, 35.1768], [136.5885, 35.1764], [136.5869, 35.1759], [136.5864, 35.1754], [136.5864, 35.175], [136.5861, 35.1746], [136.5857, 35.1745], [136.5841, 35.1735], [136.583, 35.1733], [136.5821, 35.1735], [136.5804, 35.1722], [136.5797, 35.1721], [136.5794, 35.1718], [136.5775, 35.1713], [136.5773, 35.1705], [136.5767, 35.17], [136.5768, 35.1694], [136.5765, 35.1688], [136.576, 35.1687], [136.5754, 35.168], [136.5749, 35.1665], [136.575, 35.1642], [136.5753, 35.1635], [136.5759, 35.1627], [136.5759, 35.1617], [136.5768, 35.1604], [136.5769, 35.1596], [136.5774, 35.1591], [136.5776, 35.1585], [136.5766, 35.1584], [136.5761, 35.1578], [136.5753, 35.1573], [136.5753, 35.1566], [136.5749, 35.1556], [136.5732, 35.1545], [136.5732, 35.1538], [136.5738, 35.1532], [136.5726, 35.1526], [136.5739, 35.1509], [136.5733, 35.15], [136.574, 35.1494], [136.5742, 35.1486], [136.5737, 35.1479], [136.5735, 35.1472], [136.5728, 35.1465], [136.5737, 35.146], [136.574, 35.1456], [136.5741, 35.1451], [136.5738, 35.1447], [136.5742, 35.1442], [136.5743, 35.1437], [136.5746, 35.1434], [136.5747, 35.1426], [136.575, 35.1422], [136.5751, 35.1418], [136.5759, 35.1415], [136.5765, 35.1414], [136.5769, 35.1404], [136.5772, 35.1402], [136.5774, 35.1399], [136.5779, 35.1398], [136.5794, 35.1379], [136.5796, 35.1374], [136.5816, 35.1355], [136.5824, 35.1345], [136.5826, 35.1343], [136.5843, 35.1341], [136.584, 35.1332], [136.5843, 35.1318], [136.5841, 35.131], [136.5847, 35.1303], [136.5844, 35.13], [136.5843, 35.1292], [136.5837, 35.1282], [136.5838, 35.1277], [136.5849, 35.1269], [136.5857, 35.1265], [136.5862, 35.1266], [136.5865, 35.127], [136.5875, 35.1269], [136.5866, 35.1261], [136.587, 35.1246], [136.5879, 35.1246], [136.5883, 35.1248], [136.5884, 35.1253], [136.5892, 35.1254], [136.5893, 35.1251], [136.5891, 35.1248], [136.5889, 35.1237], [136.5891, 35.1231], [136.5901, 35.1226], [136.5903, 35.1231], [136.5908, 35.1233], [136.5917, 35.1223], [136.5923, 35.1221], [136.5914, 35.1216], [136.5913, 35.1213], [136.5914, 35.12], [136.5917, 35.1196], [136.5916, 35.1186], [136.5923, 35.1184], [136.5934, 35.1187], [136.5945, 35.1183], [136.5939, 35.1177], [136.5942, 35.1174], [136.5948, 35.1172], [136.5948, 35.1164], [136.5953, 35.1162], [136.5966, 35.1162], [136.5971, 35.1158], [136.5978, 35.1159], [136.5973, 35.1148], [136.5975, 35.1144], [136.598, 35.1141], [136.5979, 35.1137], [136.5985, 35.1131], [136.5987, 35.1124], [136.5995, 35.1121], [136.5999, 35.1125], [136.6005, 35.1125], [136.6014, 35.1133], [136.6013, 35.1124], [136.6023, 35.1121], [136.6023, 35.1118], [136.6019, 35.1112], [136.6034, 35.1102], [136.6035, 35.11], [136.6031, 35.1095], [136.6023, 35.1093], [136.6023, 35.1086], [136.6016, 35.1073], [136.6016, 35.1069], [136.6025, 35.1065], [136.6023, 35.106], [136.6026, 35.1053], [136.6024, 35.1038], [136.6027, 35.1035], [136.6036, 35.1036], [136.6039, 35.1034], [136.6039, 35.1027], [136.6042, 35.1026], [136.6042, 35.102], [136.6044, 35.1018], [136.6056, 35.101], [136.6066, 35.1005], [136.6071, 35.1011], [136.6075, 35.1011], [136.608, 35.1001], [136.6085, 35.1], [136.609, 35.1001], [136.6091, 35.0998], [136.609, 35.0989], [136.6098, 35.099], [136.6104, 35.0986], [136.6107, 35.099], [136.6112, 35.0991], [136.6113, 35.0994], [136.612, 35.0996], [136.6124, 35.0995], [136.613, 35.0975], [136.6134, 35.0973], [136.6145, 35.0976], [136.6149, 35.0975], [136.6151, 35.0968], [136.6154, 35.0965], [136.618, 35.0952], [136.6206, 35.0943], [136.6193, 35.0932], [136.6186, 35.0931], [136.6182, 35.0925], [136.6172, 35.0932], [136.6155, 35.0912], [136.6162, 35.0907], [136.6159, 35.0904], [136.6166, 35.09], [136.6157, 35.0885], [136.6152, 35.0884], [136.6151, 35.0879], [136.6148, 35.0877], [136.615, 35.0869], [136.6149, 35.0864], [136.6146, 35.0861], [136.6141, 35.0849], [136.6138, 35.0848], [136.6129, 35.0837], [136.613, 35.0828], [136.6032, 35.0858], [136.6031, 35.0846], [136.6022, 35.0838], [136.6022, 35.0835], [136.6031, 35.0824], [136.6039, 35.082], [136.6055, 35.0806], [136.6055, 35.0803], [136.6062, 35.0797], [136.6063, 35.0794], [136.6069, 35.0793], [136.6076, 35.0788], [136.6072, 35.0784], [136.6077, 35.0778], [136.6075, 35.0776], [136.6078, 35.0769], [136.6082, 35.0767], [136.6081, 35.0761], [136.6086, 35.0759], [136.6089, 35.0755], [136.609, 35.0751], [136.6094, 35.0749], [136.6094, 35.0743], [136.6097, 35.0736], [136.611, 35.073], [136.6107, 35.0724], [136.6101, 35.0721], [136.6098, 35.0713], [136.6096, 35.0714], [136.61, 35.0712], [136.6098, 35.0704], [136.6096, 35.0705], [136.6095, 35.0703], [136.6097, 35.0702], [136.6089, 35.0685], [136.6085, 35.0686], [136.6083, 35.0683], [136.6086, 35.068], [136.6082, 35.0674], [136.6084, 35.0662], [136.6089, 35.0659], [136.6091, 35.0656], [136.6104, 35.0653], [136.6102, 35.0646], [136.6095, 35.0646], [136.6095, 35.064], [136.6086, 35.0625], [136.6095, 35.0617], [136.6093, 35.0615], [136.6065, 35.0614], [136.6066, 35.06], [136.6029, 35.0603], [136.6025, 35.0587], [136.6034, 35.0584], [136.6032, 35.0579], [136.6036, 35.0578], [136.6034, 35.0573], [136.604, 35.0572], [136.6028, 35.0564], [136.6006, 35.052], [136.6001, 35.0499], [136.5994, 35.0499], [136.5998, 35.0494], [136.5995, 35.049], [136.6023, 35.0485], [136.6041, 35.0484], [136.6045, 35.0483], [136.6051, 35.0478], [136.6062, 35.0472], [136.6082, 35.0467], [136.6093, 35.0471], [136.6098, 35.0476], [136.6099, 35.048], [136.6095, 35.0491], [136.6103, 35.0489], [136.6108, 35.0484], [136.6115, 35.0464], [136.6124, 35.0463], [136.6131, 35.046], [136.6139, 35.046], [136.6154, 35.0464], [136.616, 35.047], [136.6175, 35.0473], [136.6183, 35.0476], [136.6191, 35.0469], [136.6194, 35.0468], [136.6199, 35.047], [136.6211, 35.0465], [136.6244, 35.0467], [136.6276, 35.0464], [136.6279, 35.0463], [136.6281, 35.0459], [136.6289, 35.0458], [136.6291, 35.0449], [136.6304, 35.0447], [136.6307, 35.0444], [136.6316, 35.0441], [136.6334, 35.044], [136.6335, 35.0446], [136.6343, 35.045], [136.635, 35.0452], [136.636, 35.0458], [136.6371, 35.0456], [136.6372, 35.0453], [136.6369, 35.0447], [136.6376, 35.0444], [136.6385, 35.0448], [136.6396, 35.0445], [136.6402, 35.0447], [136.6409, 35.0446], [136.641, 35.0441], [136.6416, 35.0439], [136.6416, 35.0434], [136.6418, 35.0431]]]}, "properties": {"name": "三重県桑名市"}}, {"type": "Feature", "geometry": {"type": "Polygon", "coordinates": [[[136.5705, 34.8044], [136.5709, 34.8047], [136.5708, 34.805], [136.571, 34.8055], [136.5809, 34.8155], [136.5904, 34.8256], [136.5916, 34.8265], [136.593, 34.8256], [136.5931, 34.8257], [136.5917, 34.8265], [136.592, 34.8268], [136.5923, 34.8266], [136.5925, 34.8269], [136.5928, 34.8267], [136.5941, 34.8281], [136.5955, 34.8281], [136.5965, 34.8292], [136.5973, 34.8293], [136.5953, 34.8293], [136.5946, 34.8295], [136.5938, 34.8299], [136.5934, 34.8299], [136.5919, 34.8282], [136.5914, 34.8286], [136.5915, 34.8287], [136.5913, 34.8286], [136.5912, 34.8288], [136.5913, 34.8289], [136.5912, 34.8288], [136.591, 34.829], [136.5912, 34.8291], [136.5909, 34.829], [136.5908, 34.8292], [136.5909, 34.8293], [136.5908, 34.8292], [136.5906, 34.8294], [136.5908, 34.8295], [136.5905, 34.8294], [136.5904, 34.8295], [136.5912, 34.83], [136.5913, 34.8299], [136.5929, 34.831], [136.5949, 34.8332], [136.5953, 34.833], [136.5937, 34.8312], [136.5935, 34.8313], [136.5934, 34.8312], [136.5937, 34.831], [136.5937, 34.8307], [136.5939, 34.8307], [136.5941, 34.8309], [136.5957, 34.8302], [136.5972, 34.8299], [136.5972, 34.83], [136.5961, 34.8301], [136.595, 34.8306], [136.595, 34.8314], [136.5952, 34.8319], [136.5953, 34.8319], [136.5953, 34.8321], [136.5955, 34.8322], [136.5957, 34.8327], [136.596, 34.8328], [136.5961, 34.8331], [136.5963, 34.833], [136.5963, 34.8333], [136.5965, 34.8334], [136.597, 34.8341], [136.5972, 34.8341], [136.5972, 34.8343], [136.5975, 34.8347], [136.5997, 34.837], [136.601, 34.8387], [136.6012, 34.8387], [136.6012, 34.839], [136.6016, 34.8394], [136.6017, 34.8393], [136.6017, 34.8395], [136.6021, 34.8399], [136.6023, 34.8399], [136.6022, 34.8401], [136.6027, 34.8406], [136.6029, 34.8406], [136.6029, 34.8409], [136.6038, 34.8418], [136.6035, 34.842], [136.6038, 34.8418], [136.6069, 34.8446], [136.6073, 34.8444], [136.6069, 34.8446], [136.6114, 34.8489], [136.6157, 34.8534], [136.6161, 34.8533], [136.6166, 34.8536], [136.6184, 34.855], [136.6166, 34.8536], [136.6162, 34.8535], [136.6148, 34.8536], [136.6129, 34.8542], [136.6123, 34.8543], [136.6114, 34.8541], [136.6109, 34.8542], [136.6111, 34.8544], [136.6115, 34.8543], [136.6111, 34.8545], [136.6116, 34.8549], [136.6127, 34.8547], [136.6131, 34.8548], [136.6134, 34.8552], [136.6138, 34.8553], [136.6141, 34.8552], [136.6136, 34.8544], [136.6137, 34.8543], [136.614, 34.8542], [136.6144, 34.8547], [136.6154, 34.8541], [136.6161, 34.8539], [136.6156, 34.8541], [136.6158, 34.8544], [136.616, 34.8543], [136.6151, 34.8548], [136.6159, 34.8558], [136.6172, 34.855], [136.6157, 34.8561], [136.616, 34.8563], [136.6162, 34.8562], [136.6161, 34.8566], [136.6166, 34.8571], [136.6169, 34.8571], [136.6167, 34.8572], [136.6169, 34.8576], [136.6173, 34.8579], [136.6175, 34.8578], [136.6174, 34.858], [136.6175, 34.8582], [136.6179, 34.8587], [136.6182, 34.8588], [136.6179, 34.8591], [136.6181, 34.8594], [136.6182, 34.8596], [136.6186, 34.8596], [136.6183, 34.8597], [136.6183, 34.8599], [136.6186, 34.8603], [136.6189, 34.8602], [136.6187, 34.8603], [136.6188, 34.8605], [136.6191, 34.8609], [136.6194, 34.8608], [136.6192, 34.8611], [136.6196, 34.8616], [136.62, 34.8615], [136.6197, 34.8617], [136.6201, 34.8622], [136.6204, 34.862], [136.6201, 34.8622], [136.6203, 34.8625], [136.6205, 34.8627], [136.6208, 34.8626], [136.6206, 34.8627], [136.6208, 34.8631], [136.621, 34.863], [136.6209, 34.8631], [136.621, 34.8633], [136.6213, 34.8635], [136.6214, 34.8635], [136.6214, 34.8637], [136.6218, 34.8639], [136.6226, 34.8649], [136.623, 34.8651], [136.6231, 34.8654], [136.6235, 34.8656], [136.6234, 34.866], [136.6238, 34.8664], [136.624, 34.8663], [136.6239, 34.8665], [136.6243, 34.8667], [136.6244, 34.8671], [136.6267, 34.8692], [136.6257, 34.8684], [136.625, 34.8688], [136.6252, 34.8695], [136.625, 34.8697], [136.6255, 34.8698], [136.6261, 34.8694], [136.6257, 34.8697], [136.6259, 34.8702], [136.6276, 34.872], [136.6274, 34.8728], [136.6269, 34.873], [136.6266, 34.8733], [136.6269, 34.8734], [136.6272, 34.8731], [136.6275, 34.8731], [136.6277, 34.8724], [136.6293, 34.8749], [136.6297, 34.8753], [136.6297, 34.8755], [136.632, 34.8784], [136.6315, 34.8787], [136.6319, 34.8785], [136.6322, 34.8792], [136.6325, 34.8794], [136.6328, 34.8802], [136.6331, 34.8805], [136.6331, 34.8808], [136.6336, 34.8815], [136.6336, 34.8818], [136.6343, 34.883], [136.634, 34.8831], [136.6343, 34.883], [136.6346, 34.8835], [136.6348, 34.8836], [136.6346, 34.8838], [136.6348, 34.8842], [136.6357, 34.8853], [136.636, 34.8856], [136.6363, 34.8856], [136.634, 34.8859], [136.634, 34.8854], [136.6343, 34.8844], [136.6336, 34.8845], [136.6336, 34.8859], [136.6332, 34.886], [136.6332, 34.8868], [136.6333, 34.8867], [136.6333, 34.8869], [136.6332, 34.8868], [136.6332, 34.887], [136.6336, 34.8872], [136.6337, 34.8875], [136.634, 34.8875], [136.6338, 34.8876], [136.6338, 34.8877], [136.6339, 34.8877], [136.6338, 34.8877], [136.6337, 34.8882], [136.634, 34.8882], [136.6337, 34.8882], [136.6339, 34.8883], [136.6337, 34.8884], [136.6339, 34.8884], [136.6337, 34.8884], [136.6337, 34.889], [136.6344, 34.8891], [136.6345, 34.8884], [136.6345, 34.8866], [136.6347, 34.8864], [136.6354, 34.8862], [136.6346, 34.8865], [136.6346, 34.8872], [136.6354, 34.8888], [136.6354, 34.8894], [136.6356, 34.8896], [136.6355, 34.8899], [136.6359, 34.8904], [136.6358, 34.8906], [136.6361, 34.8913], [136.6361, 34.8918], [136.6364, 34.8923], [136.6361, 34.8925], [136.6362, 34.8927], [136.6366, 34.8938], [136.6371, 34.8944], [136.6371, 34.8951], [136.6387, 34.897], [136.6386, 34.8971], [136.6388, 34.8971], [136.6397, 34.898], [136.642, 34.9002], [136.642, 34.9003], [136.6421, 34.9002], [136.6426, 34.9007], [136.6413, 34.9013], [136.6413, 34.9014], [136.6407, 34.9018], [136.6375, 34.9029], [136.6364, 34.9029], [136.6342, 34.9035], [136.6146, 34.9042], [136.6094, 34.9047], [136.6076, 34.905], [136.6055, 34.9058], [136.6031, 34.9062], [136.6037, 34.9085], [136.6028, 34.9084], [136.6013, 34.9076], [136.5993, 34.9069], [136.598, 34.9062], [136.5975, 34.9061], [136.5973, 34.9066], [136.5982, 34.9069], [136.5981, 34.9072], [136.5963, 34.9075], [136.5965, 34.9079], [136.5958, 34.9079], [136.5957, 34.9084], [136.5958, 34.9086], [136.5962, 34.9084], [136.5962, 34.9086], [136.5947, 34.909], [136.5947, 34.9091], [136.595, 34.9091], [136.5949, 34.9095], [136.5951, 34.9097], [136.5949, 34.9096], [136.5946, 34.9099], [136.5941, 34.9098], [136.5943, 34.9106], [136.5933, 34.9103], [136.5916, 34.9105], [136.5893, 34.91], [136.5888, 34.9105], [136.5875, 34.9103], [136.5877, 34.9092], [136.587, 34.9091], [136.5855, 34.9106], [136.5853, 34.9111], [136.5849, 34.9112], [136.5846, 34.9114], [136.5842, 34.9124], [136.5846, 34.9138], [136.5839, 34.9139], [136.5836, 34.9132], [136.5839, 34.9131], [136.5829, 34.9124], [136.5826, 34.9124], [136.5818, 34.9116], [136.5813, 34.9115], [136.5811, 34.9113], [136.5808, 34.9114], [136.5805, 34.9112], [136.58, 34.9114], [136.5791, 34.911], [136.5788, 34.9117], [136.5782, 34.9118], [136.578, 34.9129], [136.5777, 34.9134], [136.5775, 34.9146], [136.578, 34.9149], [136.5787, 34.9152], [136.5784, 34.9159], [136.5772, 34.9152], [136.5768, 34.9146], [136.5765, 34.9145], [136.5763, 34.9147], [136.5748, 34.9141], [136.5739, 34.914], [136.5731, 34.9136], [136.5722, 34.9136], [136.5715, 34.9139], [136.5702, 34.9136], [136.5693, 34.9132], [136.5685, 34.9138], [136.5685, 34.9141], [136.5677, 34.9143], [136.5675, 34.9136], [136.5661, 34.9138], [136.5647, 34.9136], [136.5639, 34.914], [136.5607, 34.9143], [136.5601, 34.9146], [136.5606, 34.9156], [136.5578, 34.9162], [136.5566, 34.9177], [136.5561, 34.9181], [136.5546, 34.9188], [136.5525, 34.9195], [136.5524, 34.9198], [136.551, 34.9209], [136.549, 34.9218], [136.5446, 34.9232], [136.5408, 34.9238], [136.5367, 34.9257], [136.5366, 34.9255], [136.5349, 34.9263], [136.5338, 34.9265], [136.5327, 34.9265], [136.5315, 34.927], [136.5302, 34.9279], [136.53, 34.9282], [136.5283, 34.9292], [136.523, 34.9317], [136.5232, 34.9318], [136.5215, 34.9331], [136.5198, 34.9342], [136.5201, 34.9346], [136.5178, 34.9356], [136.5175, 34.9356], [136.5155, 34.9366], [136.5127, 34.9383], [136.5112, 34.9396], [136.5131, 34.942], [136.5133, 34.9426], [136.5133, 34.9443], [136.5069, 34.9489], [136.5053, 34.9497], [136.503, 34.9505], [136.497, 34.9522], [136.4968, 34.9519], [136.4974, 34.9508], [136.4971, 34.9506], [136.4967, 34.9506], [136.4959, 34.951], [136.4908, 34.9556], [136.4898, 34.9558], [136.4893, 34.9555], [136.4904, 34.9545], [136.4886, 34.9537], [136.4881, 34.9537], [136.486, 34.9545], [136.4805, 34.9581], [136.4801, 34.9574], [136.4757, 34.9586], [136.4769, 34.9604], [136.4751, 34.9617], [136.4762, 34.9638], [136.4756, 34.9642], [136.4743, 34.9642], [136.4717, 34.9651], [136.4719, 34.9655], [136.4726, 34.9654], [136.4732, 34.9664], [136.4721, 34.967], [136.472, 34.9677], [136.4714, 34.9687], [136.4706, 34.9706], [136.4682, 34.9724], [136.4635, 34.9766], [136.4613, 34.9778], [136.4603, 34.9782], [136.4566, 34.9791], [136.4555, 34.9795], [136.4533, 34.981], [136.4513, 34.9819], [136.449, 34.9838], [136.4486, 34.9838], [136.4478, 34.9835], [136.4474, 34.9835], [136.4471, 34.984], [136.4466, 34.9841], [136.4465, 34.9849], [136.4458, 34.9849], [136.4447, 34.9859], [136.4441, 34.9872], [136.4433, 34.9875], [136.4425, 34.9876], [136.4418, 34.9883], [136.4404, 34.988], [136.4397, 34.9875], [136.4392, 34.9876], [136.4377, 34.9875], [136.437, 34.9877], [136.4364, 34.9873], [136.4361, 34.9867], [136.4355, 34.9865], [136.4352, 34.9866], [136.4343, 34.9865], [136.4339, 34.9869], [136.4327, 34.9869], [136.4323, 34.9871], [136.4316, 34.9871], [136.4307, 34.9874], [136.4299, 34.9874], [136.4292, 34.9876], [136.428, 34.9875], [136.4276, 34.9866], [136.427, 34.9865], [136.4261, 34.9853], [136.4251, 34.9848], [136.424, 34.9851], [136.4226, 34.9851], [136.422, 34.985], [136.4217, 34.9852], [136.4208, 34.9846], [136.4195, 34.9843], [136.4177, 34.9845], [136.4171, 34.9847], [136.415, 34.9848], [136.4149, 34.9819], [136.416, 34.9805], [136.4158, 34.9803], [136.4149, 34.98], [136.4145, 34.9795], [136.4144, 34.9786], [136.4141, 34.9785], [136.4138, 34.978], [136.4121, 34.9772], [136.412, 34.9769], [136.4118, 34.977], [136.4115, 34.9769], [136.411, 34.9765], [136.4107, 34.9759], [136.4101, 34.9759], [136.4089, 34.975], [136.4086, 34.9743], [136.4078, 34.9739], [136.4075, 34.9735], [136.4076, 34.9725], [136.407, 34.9717], [136.4056, 34.9707], [136.4052, 34.9708], [136.4047, 34.9707], [136.404, 34.9699], [136.4039, 34.9695], [136.4032, 34.9693], [136.403, 34.9686], [136.4035, 34.9672], [136.4035, 34.9664], [136.4028, 34.966], [136.4023, 34.9658], [136.4022, 34.9656], [136.4021, 34.965], [136.4019, 34.9648], [136.4001, 34.9638], [136.3995, 34.9636], [136.3995, 34.9634], [136.3992, 34.9633], [136.4, 34.9616], [136.3997, 34.9609], [136.3991, 34.9607], [136.3989, 34.9602], [136.3975, 34.9589], [136.3976, 34.9584], [136.3967, 34.9576], [136.3964, 34.9564], [136.3965, 34.9544], [136.3963, 34.9538], [136.3953, 34.9528], [136.3955, 34.9519], [136.3964, 34.9516], [136.3967, 34.9513], [136.3972, 34.9512], [136.3976, 34.9508], [136.3987, 34.9507], [136.3987, 34.9503], [136.3994, 34.9502], [136.3998, 34.9496], [136.4003, 34.9498], [136.401, 34.9495], [136.4014, 34.9491], [136.4026, 34.9498], [136.4038, 34.9499], [136.405, 34.9503], [136.4063, 34.9494], [136.407, 34.9495], [136.4075, 34.9494], [136.4085, 34.9482], [136.4101, 34.9478], [136.4108, 34.9474], [136.4135, 34.9474], [136.4199, 34.9446], [136.4203, 34.9438], [136.4202, 34.942], [136.4203, 34.9413], [136.4211, 34.9414], [136.4214, 34.9413], [136.4227, 34.9397], [136.4227, 34.9382], [136.4238, 34.9375], [136.4248, 34.9364], [136.4253, 34.9354], [136.4247, 34.9345], [136.4248, 34.9341], [136.4253, 34.9337], [136.4262, 34.9333], [136.4268, 34.9325], [136.4267, 34.9322], [136.4276, 34.9322], [136.4289, 34.9312], [136.4297, 34.9313], [136.4312, 34.931], [136.431, 34.9296], [136.4313, 34.9294], [136.4305, 34.9275], [136.4304, 34.9263], [136.4304, 34.926], [136.4312, 34.9252], [136.4312, 34.9241], [136.4303, 34.9227], [136.4307, 34.9218], [136.4307, 34.9215], [136.4309, 34.9213], [136.4309, 34.9208], [136.4314, 34.9205], [136.4326, 34.9204], [136.4328, 34.9199], [136.4335, 34.9192], [136.4352, 34.9186], [136.4354, 34.9179], [136.435, 34.9173], [136.4354, 34.9162], [136.4363, 34.9162], [136.4365, 34.916], [136.4367, 34.916], [136.4389, 34.9171], [136.4398, 34.9172], [136.441, 34.9168], [136.4414, 34.9165], [136.4412, 34.9153], [136.4417, 34.9146], [136.4436, 34.9148], [136.4441, 34.9142], [136.4452, 34.9137], [136.4455, 34.9127], [136.4453, 34.9123], [136.4447, 34.9119], [136.4446, 34.9115], [136.4455, 34.9099], [136.4459, 34.9095], [136.4459, 34.9089], [136.4476, 34.9081], [136.4487, 34.9072], [136.4488, 34.9069], [136.4495, 34.9067], [136.4499, 34.9056], [136.4511, 34.9056], [136.4528, 34.9063], [136.4541, 34.9063], [136.4549, 34.9061], [136.4549, 34.9056], [136.4557, 34.9042], [136.4562, 34.9042], [136.4565, 34.9046], [136.4577, 34.9049], [136.4588, 34.9048], [136.459, 34.9046], [136.4598, 34.9046], [136.4604, 34.9041], [136.4611, 34.9041], [136.462, 34.9043], [136.4628, 34.9042], [136.4642, 34.9048], [136.4652, 34.9041], [136.4654, 34.9042], [136.4657, 34.9041], [136.4662, 34.9037], [136.467, 34.9035], [136.4682, 34.9038], [136.47, 34.9051], [136.4709, 34.9049], [136.4715, 34.9051], [136.4715, 34.9047], [136.4726, 34.9051], [136.4726, 34.9053], [136.4737, 34.905], [136.4738, 34.9052], [136.474, 34.9052], [136.4739, 34.9049], [136.4742, 34.9048], [136.4743, 34.905], [136.4746, 34.9049], [136.4747, 34.9052], [136.475, 34.9051], [136.4753, 34.9057], [136.477, 34.9051], [136.4773, 34.9059], [136.4771, 34.9059], [136.4774, 34.9066], [136.4792, 34.9053], [136.4794, 34.9058], [136.4803, 34.9056], [136.4809, 34.9075], [136.4825, 34.9083], [136.4829, 34.9088], [136.483, 34.9102], [136.4835, 34.9109], [136.4835, 34.9113], [136.4846, 34.9116], [136.4847, 34.9117], [136.4852, 34.9117], [136.486, 34.9112], [136.4855, 34.9104], [136.486, 34.9102], [136.4859, 34.9092], [136.4857, 34.9086], [136.4855, 34.9086], [136.4854, 34.9084], [136.485, 34.9084], [136.4849, 34.9082], [136.4847, 34.9082], [136.485, 34.9074], [136.4847, 34.9069], [136.4841, 34.9063], [136.4841, 34.9059], [136.4843, 34.9057], [136.4853, 34.9057], [136.4867, 34.9051], [136.4866, 34.9044], [136.486, 34.9039], [136.4855, 34.9031], [136.4884, 34.9026], [136.488, 34.9015], [136.49, 34.9011], [136.4901, 34.9016], [136.4921, 34.9012], [136.4923, 34.9018], [136.4943, 34.9014], [136.4916, 34.8923], [136.4936, 34.8919], [136.4927, 34.8889], [136.496, 34.8883], [136.4957, 34.8873], [136.4934, 34.8877], [136.4939, 34.8861], [136.4955, 34.886], [136.495, 34.8833], [136.4948, 34.8829], [136.4948, 34.8826], [136.4946, 34.8822], [136.4945, 34.881], [136.495, 34.8806], [136.4947, 34.8795], [136.4945, 34.8793], [136.4945, 34.8774], [136.4934, 34.8758], [136.4919, 34.8764], [136.4919, 34.876], [136.4915, 34.8761], [136.4912, 34.8764], [136.4904, 34.8756], [136.4897, 34.8758], [136.4896, 34.8755], [136.4891, 34.8753], [136.4894, 34.8751], [136.4898, 34.8751], [136.4899, 34.874], [136.4893, 34.874], [136.4897, 34.8731], [136.4895, 34.8725], [136.4889, 34.8727], [136.4888, 34.8736], [136.4886, 34.8738], [136.4882, 34.8737], [136.4882, 34.8735], [136.4884, 34.8734], [136.4885, 34.8724], [136.4892, 34.872], [136.4888, 34.8712], [136.4895, 34.871], [136.4896, 34.8707], [136.4898, 34.8706], [136.4906, 34.8706], [136.4913, 34.8703], [136.4925, 34.8709], [136.493, 34.8709], [136.4937, 34.8711], [136.4939, 34.8709], [136.494, 34.8702], [136.4943, 34.87], [136.495, 34.8687], [136.4963, 34.8672], [136.4958, 34.867], [136.4959, 34.8666], [136.4958, 34.8666], [136.4963, 34.8655], [136.4961, 34.8654], [136.4964, 34.8648], [136.4939, 34.8636], [136.4929, 34.8624], [136.4916, 34.8599], [136.4915, 34.8575], [136.4905, 34.8548], [136.489, 34.8523], [136.4872, 34.8511], [136.4876, 34.8503], [136.4884, 34.8497], [136.4872, 34.8487], [136.4862, 34.8474], [136.4865, 34.8467], [136.4862, 34.8463], [136.4862, 34.8461], [136.4867, 34.8458], [136.4864, 34.8456], [136.4863, 34.8452], [136.4859, 34.8446], [136.4861, 34.8437], [136.4849, 34.8427], [136.4837, 34.8426], [136.4837, 34.8424], [136.4834, 34.8423], [136.4833, 34.8419], [136.4829, 34.8419], [136.4829, 34.8412], [136.4825, 34.8406], [136.4818, 34.84], [136.4817, 34.8397], [136.4818, 34.8393], [136.4827, 34.8383], [136.4826, 34.8375], [136.4815, 34.8368], [136.4818, 34.8365], [136.4818, 34.8362], [136.4852, 34.8352], [136.4859, 34.8346], [136.4861, 34.8343], [136.486, 34.8338], [136.4854, 34.8328], [136.4878, 34.8313], [136.4888, 34.8298], [136.4891, 34.8293], [136.4894, 34.8282], [136.4909, 34.8261], [136.4913, 34.824], [136.4917, 34.8235], [136.4916, 34.8211], [136.4911, 34.8206], [136.4913, 34.82], [136.491, 34.819], [136.4903, 34.8176], [136.49, 34.8174], [136.4901, 34.8164], [136.4897, 34.816], [136.4896, 34.8156], [136.4892, 34.8156], [136.4891, 34.8154], [136.4888, 34.8154], [136.4883, 34.815], [136.4884, 34.8144], [136.4882, 34.8139], [136.4886, 34.8132], [136.489, 34.8131], [136.4893, 34.8126], [136.4899, 34.8119], [136.4905, 34.8123], [136.4916, 34.8123], [136.4918, 34.8118], [136.4922, 34.8117], [136.492, 34.8112], [136.4926, 34.8104], [136.4926, 34.8099], [136.4922, 34.8092], [136.4922, 34.8087], [136.4913, 34.8077], [136.491, 34.8067], [136.4904, 34.8067], [136.49, 34.8064], [136.4894, 34.8065], [136.4892, 34.8057], [136.488, 34.8061], [136.4879, 34.8057], [136.4875, 34.8056], [136.4871, 34.8047], [136.4871, 34.8042], [136.4868, 34.8039], [136.4869, 34.8033], [136.4867, 34.8032], [136.4867, 34.8028], [136.4871, 34.8022], [136.4881, 34.8021], [136.4884, 34.8018], [136.4889, 34.8018], [136.4891, 34.8018], [136.4892, 34.8022], [136.4894, 34.8022], [136.4899, 34.8014], [136.4895, 34.8007], [136.4895, 34.8003], [136.4897, 34.8], [136.4903, 34.7998], [136.4905, 34.7993], [136.491, 34.7988], [136.4916, 34.7987], [136.4927, 34.7992], [136.493, 34.7991], [136.4934, 34.7995], [136.4939, 34.7993], [136.4954, 34.7995], [136.4959, 34.8], [136.4977, 34.8006], [136.4972, 34.8013], [136.4972, 34.8016], [136.4977, 34.8025], [136.4981, 34.8028], [136.4981, 34.8041], [136.4993, 34.8044], [136.4999, 34.8054], [136.4998, 34.8059], [136.5, 34.8061], [136.5009, 34.8058], [136.5013, 34.8062], [136.5019, 34.8062], [136.503, 34.8055], [136.5043, 34.8052], [136.5058, 34.8058], [136.5061, 34.8056], [136.5065, 34.8057], [136.5067, 34.8055], [136.5087, 34.8046], [136.5099, 34.8047], [136.5111, 34.8052], [136.5111, 34.8055], [136.5116, 34.8058], [136.5114, 34.8067], [136.5119, 34.8076], [136.5115, 34.8078], [136.512, 34.8089], [136.512, 34.8103], [136.5118, 34.8104], [136.511, 34.8101], [136.5108, 34.8101], [136.5113, 34.8106], [136.5117, 34.8107], [136.5119, 34.8113], [136.5129, 34.8118], [136.5134, 34.8116], [136.5132, 34.8115], [136.5137, 34.8112], [136.5147, 34.811], [136.5149, 34.8105], [136.5152, 34.8102], [136.5144, 34.8096], [136.5148, 34.8085], [136.5155, 34.8081], [136.5162, 34.8085], [136.516, 34.8091], [136.5162, 34.8096], [136.5166, 34.8097], [136.5167, 34.8099], [136.5171, 34.8099], [136.5173, 34.8092], [136.5176, 34.8096], [136.5192, 34.8092], [136.5199, 34.8094], [136.521, 34.8103], [136.5217, 34.8103], [136.5218, 34.8108], [136.5226, 34.8118], [136.523, 34.812], [136.5232, 34.8125], [136.5235, 34.8127], [136.5241, 34.8128], [136.5246, 34.8134], [136.5254, 34.8132], [136.5271, 34.8122], [136.5266, 34.8113], [136.5268, 34.8105], [136.528, 34.8102], [136.5284, 34.8093], [136.5284, 34.8088], [136.5288, 34.8086], [136.529, 34.8082], [136.5317, 34.8084], [136.5331, 34.808], [136.534, 34.8079], [136.5394, 34.8081], [136.5414, 34.8076], [136.5413, 34.8085], [136.5418, 34.8091], [136.5418, 34.81], [136.5422, 34.8102], [136.5429, 34.8101], [136.5436, 34.8103], [136.5443, 34.8099], [136.5447, 34.8098], [136.5448, 34.8101], [136.5455, 34.81], [136.5456, 34.8104], [136.5459, 34.8106], [136.5458, 34.8101], [136.5464, 34.8099], [136.5474, 34.8104], [136.5476, 34.8112], [136.551, 34.8109], [136.5516, 34.8111], [136.5519, 34.8132], [136.5516, 34.8139], [136.5519, 34.8147], [136.5549, 34.8139], [136.5543, 34.8123], [136.5549, 34.8122], [136.5547, 34.8117], [136.5569, 34.8108], [136.5578, 34.8124], [136.559, 34.8119], [136.5598, 34.8116], [136.5608, 34.8108], [136.5615, 34.8106], [136.5616, 34.81], [136.5619, 34.8097], [136.5656, 34.8077], [136.5662, 34.8074], [136.5677, 34.8073], [136.5686, 34.8069], [136.5705, 34.8044]]]}, "properties": {"name": "三重県鈴鹿市"}}, {"type": "Feature", "geometry": {"type": "Polygon", "coordinates": [[[136.1948, 34.5678], [136.1947, 34.5686], [136.1939, 34.5695], [136.194, 34.5705], [136.1933, 34.5709], [136.1921, 34.5719], [136.1924, 34.5721], [136.193, 34.572], [136.1932, 34.5723], [136.1938, 34.5724], [136.1941, 34.5727], [136.1947, 34.5734], [136.1944, 34.5743], [136.1935, 34.5753], [136.1921, 34.5756], [136.1907, 34.5757], [136.1905, 34.5758], [136.1903, 34.5766], [136.1899, 34.5769], [136.1892, 34.5773], [136.1876, 34.5777], [136.1874, 34.578], [136.1877, 34.5787], [136.187, 34.5792], [136.1868, 34.5795], [136.1872, 34.5799], [136.187, 34.5802], [136.1871, 34.5815], [136.1879, 34.5827], [136.188, 34.5831], [136.1879, 34.5835], [136.1876, 34.5838], [136.1877, 34.5843], [136.1872, 34.5848], [136.1871, 34.5853], [136.1869, 34.5856], [136.1869, 34.5862], [136.1873, 34.5872], [136.1869, 34.5876], [136.1865, 34.5886], [136.1868, 34.5891], [136.1865, 34.5895], [136.1866, 34.5902], [136.1863, 34.5912], [136.187, 34.5917], [136.187, 34.5919], [136.1864, 34.5917], [136.1861, 34.5917], [136.1861, 34.5921], [136.1864, 34.5923], [136.1863, 34.5926], [136.186, 34.5932], [136.1857, 34.5935], [136.1849, 34.5934], [136.1846, 34.593], [136.184, 34.593], [136.1838, 34.5932], [136.1839, 34.5937], [136.1837, 34.594], [136.182, 34.5945], [136.1812, 34.5944], [136.1809, 34.5962], [136.1805, 34.5969], [136.1807, 34.5975], [136.1802, 34.598], [136.1802, 34.5986], [136.1809, 34.5994], [136.1817, 34.5995], [136.182, 34.5999], [136.1822, 34.6008], [136.1826, 34.6013], [136.1827, 34.6026], [136.1824, 34.6029], [136.1816, 34.6028], [136.1804, 34.6036], [136.1797, 34.6058], [136.18, 34.607], [136.1793, 34.6077], [136.1793, 34.6079], [136.1794, 34.6083], [136.1798, 34.6087], [136.1803, 34.6089], [136.181, 34.6095], [136.1819, 34.6097], [136.1819, 34.6109], [136.1805, 34.6118], [136.1804, 34.6123], [136.1797, 34.6123], [136.1794, 34.6135], [136.1779, 34.614], [136.1772, 34.615], [136.1762, 34.6155], [136.1756, 34.6162], [136.1763, 34.6171], [136.1759, 34.6179], [136.1774, 34.6192], [136.1775, 34.6197], [136.1772, 34.6205], [136.1772, 34.6222], [136.178, 34.6229], [136.1778, 34.6234], [136.1779, 34.6242], [136.1785, 34.6248], [136.1784, 34.6251], [136.1786, 34.6254], [136.1787, 34.6259], [136.1794, 34.6266], [136.1791, 34.6265], [136.179, 34.6268], [136.1781, 34.6269], [136.1783, 34.6274], [136.176, 34.6293], [136.1748, 34.6301], [136.1751, 34.6305], [136.1744, 34.6311], [136.1736, 34.6317], [136.1725, 34.6315], [136.1715, 34.6321], [136.1722, 34.633], [136.1688, 34.6352], [136.1672, 34.6367], [136.1645, 34.6377], [136.1622, 34.6389], [136.1612, 34.6391], [136.1608, 34.6408], [136.1575, 34.6419], [136.1574, 34.6422], [136.1572, 34.6425], [136.1568, 34.6425], [136.1559, 34.6427], [136.1556, 34.6425], [136.1551, 34.6438], [136.1543, 34.6446], [136.1532, 34.6448], [136.1524, 34.6454], [136.1524, 34.6457], [136.1516, 34.6474], [136.1519, 34.6483], [136.1519, 34.649], [136.1522, 34.6498], [136.1531, 34.651], [136.153, 34.6528], [136.1532, 34.6535], [136.1532, 34.6542], [136.1522, 34.6542], [136.151, 34.6538], [136.1503, 34.6532], [136.1499, 34.6541], [136.1503, 34.6548], [136.1503, 34.6554], [136.1501, 34.6555], [136.15, 34.6562], [136.1504, 34.6569], [136.1499, 34.657], [136.1496, 34.6576], [136.1492, 34.6577], [136.1489, 34.6589], [136.1494, 34.6594], [136.1496, 34.6598], [136.1493, 34.6603], [136.1494, 34.6611], [136.1476, 34.6619], [136.1466, 34.6621], [136.1465, 34.6628], [136.1461, 34.6629], [136.1455, 34.6636], [136.1448, 34.6633], [136.1447, 34.6626], [136.144, 34.6624], [136.1443, 34.6641], [136.1429, 34.6639], [136.1421, 34.6644], [136.1422, 34.6646], [136.1426, 34.6649], [136.1426, 34.6651], [136.142, 34.6659], [136.1432, 34.6655], [136.1425, 34.6661], [136.1425, 34.6664], [136.1427, 34.6666], [136.1433, 34.6664], [136.1439, 34.6665], [136.1445, 34.6671], [136.1431, 34.6677], [136.1423, 34.6684], [136.1438, 34.6684], [136.1447, 34.6689], [136.1447, 34.6691], [136.1442, 34.6695], [136.1432, 34.6697], [136.1427, 34.67], [136.1423, 34.6699], [136.1428, 34.6708], [136.1421, 34.6711], [136.141, 34.6698], [136.1405, 34.6699], [136.1403, 34.6703], [136.1395, 34.6704], [136.1392, 34.6708], [136.1394, 34.671], [136.1388, 34.6711], [136.1387, 34.6708], [136.138, 34.6705], [136.1377, 34.6705], [136.1374, 34.6708], [136.1371, 34.6708], [136.1367, 34.6705], [136.1368, 34.67], [136.1355, 34.6696], [136.1344, 34.6697], [136.135, 34.6701], [136.1347, 34.6701], [136.1343, 34.6706], [136.1332, 34.6707], [136.1328, 34.6703], [136.1326, 34.6698], [136.1318, 34.6699], [136.1315, 34.6703], [136.1303, 34.6698], [136.1302, 34.6694], [136.1291, 34.6694], [136.1286, 34.6698], [136.1289, 34.67], [136.1285, 34.6705], [136.1284, 34.6712], [136.1281, 34.6709], [136.1275, 34.6708], [136.1269, 34.6697], [136.1257, 34.6687], [136.1257, 34.6685], [136.1251, 34.6684], [136.1242, 34.6678], [136.124, 34.6678], [136.1241, 34.668], [136.1237, 34.6686], [136.1226, 34.6712], [136.1219, 34.672], [136.121, 34.6727], [136.1211, 34.6741], [136.1213, 34.6741], [136.1219, 34.6746], [136.1225, 34.6747], [136.123, 34.6752], [136.1234, 34.6752], [136.1249, 34.6758], [136.1253, 34.6771], [136.1263, 34.6775], [136.1266, 34.6785], [136.1288, 34.68], [136.1294, 34.6806], [136.13, 34.6807], [136.1302, 34.6809], [136.13, 34.6811], [136.1309, 34.6816], [136.1302, 34.6825], [136.1296, 34.6824], [136.1287, 34.6831], [136.1282, 34.6833], [136.1271, 34.6831], [136.1261, 34.6833], [136.1257, 34.684], [136.1252, 34.6842], [136.124, 34.6852], [136.1237, 34.6852], [136.1239, 34.6858], [136.1245, 34.6862], [136.1245, 34.6867], [136.1239, 34.6867], [136.1231, 34.687], [136.122, 34.6867], [136.1211, 34.6868], [136.1203, 34.6874], [136.1199, 34.6875], [136.1196, 34.687], [136.1193, 34.686], [136.1189, 34.6858], [136.1183, 34.6857], [136.1178, 34.6849], [136.1168, 34.6849], [136.1164, 34.6841], [136.116, 34.6837], [136.1167, 34.6833], [136.1163, 34.6826], [136.1168, 34.6823], [136.1169, 34.6819], [136.1159, 34.6812], [136.1157, 34.6799], [136.1151, 34.6794], [136.1151, 34.6791], [136.1141, 34.6777], [136.1147, 34.6763], [136.1142, 34.6755], [136.1141, 34.6736], [136.1147, 34.6732], [136.1147, 34.6729], [136.114, 34.6724], [136.1136, 34.6723], [136.1125, 34.6712], [136.1123, 34.6704], [136.1115, 34.6697], [136.1096, 34.6706], [136.1089, 34.6704], [136.1089, 34.6707], [136.1074, 34.6707], [136.1062, 34.6702], [136.106, 34.6696], [136.1056, 34.6695], [136.1049, 34.6689], [136.1046, 34.6691], [136.1043, 34.6698], [136.1039, 34.6701], [136.1035, 34.6698], [136.1027, 34.6703], [136.1026, 34.6709], [136.1024, 34.6713], [136.1012, 34.6715], [136.1008, 34.6725], [136.1007, 34.6737], [136.1005, 34.674], [136.099, 34.674], [136.0969, 34.6746], [136.0948, 34.6743], [136.0941, 34.6747], [136.0934, 34.6747], [136.0929, 34.6749], [136.092, 34.6757], [136.091, 34.676], [136.0904, 34.676], [136.0885, 34.6754], [136.0876, 34.6757], [136.0873, 34.6758], [136.0865, 34.6755], [136.0859, 34.6751], [136.0851, 34.674], [136.0842, 34.674], [136.0849, 34.6718], [136.084, 34.6713], [136.0832, 34.6712], [136.0823, 34.67], [136.0822, 34.6695], [136.0827, 34.6683], [136.0834, 34.6677], [136.0831, 34.667], [136.0825, 34.6665], [136.082, 34.6652], [136.0813, 34.6652], [136.0803, 34.6649], [136.0786, 34.6639], [136.0776, 34.6624], [136.0782, 34.6611], [136.0779, 34.66], [136.0778, 34.6587], [136.0773, 34.6588], [136.0766, 34.6593], [136.0759, 34.6593], [136.0748, 34.6588], [136.0734, 34.6588], [136.0724, 34.658], [136.0707, 34.6578], [136.0703, 34.6575], [136.0702, 34.6568], [136.0701, 34.6567], [136.0695, 34.6565], [136.0692, 34.656], [136.0684, 34.6558], [136.068, 34.6555], [136.0677, 34.6546], [136.0665, 34.6534], [136.0653, 34.653], [136.0643, 34.6522], [136.0628, 34.6528], [136.0621, 34.6527], [136.0608, 34.6533], [136.0598, 34.6538], [136.0594, 34.6542], [136.0585, 34.6544], [136.0565, 34.6555], [136.056, 34.6556], [136.0542, 34.6564], [136.053, 34.6563], [136.0528, 34.6565], [136.0525, 34.6575], [136.0516, 34.6576], [136.0496, 34.6585], [136.047, 34.6589], [136.0454, 34.6599], [136.0444, 34.66], [136.0441, 34.6602], [136.044, 34.6607], [136.0433, 34.6616], [136.0433, 34.6621], [136.0431, 34.6623], [136.0427, 34.6622], [136.0424, 34.663], [136.0412, 34.6635], [136.0411, 34.6638], [136.0405, 34.6636], [136.0391, 34.6618], [136.0391, 34.6614], [136.0394, 34.661], [136.0403, 34.6606], [136.0411, 34.6587], [136.0428, 34.6583], [136.0431, 34.6581], [136.0432, 34.6578], [136.0436, 34.6575], [136.0463, 34.6562], [136.0475, 34.6546], [136.0478, 34.6543], [136.0486, 34.6541], [136.049, 34.6537], [136.0495, 34.653], [136.0495, 34.6525], [136.0502, 34.6525], [136.0509, 34.6521], [136.0514, 34.6521], [136.055, 34.6528], [136.0561, 34.6525], [136.0572, 34.6529], [136.0582, 34.6529], [136.0596, 34.652], [136.06, 34.6514], [136.061, 34.6508], [136.0625, 34.6502], [136.0635, 34.6502], [136.0639, 34.6504], [136.0646, 34.6517], [136.0649, 34.6519], [136.065, 34.6513], [136.0647, 34.6501], [136.0653, 34.6493], [136.0657, 34.6479], [136.0665, 34.6477], [136.0664, 34.647], [136.0675, 34.6458], [136.0672, 34.6446], [136.0681, 34.6437], [136.0692, 34.6432], [136.0694, 34.6429], [136.0693, 34.6419], [136.0701, 34.6413], [136.0702, 34.6409], [136.0712, 34.6406], [136.0709, 34.6394], [136.0712, 34.6389], [136.0717, 34.6385], [136.0713, 34.6371], [136.0716, 34.6369], [136.0727, 34.6368], [136.0732, 34.6366], [136.0734, 34.6361], [136.0734, 34.6351], [136.0737, 34.6345], [136.0736, 34.6338], [136.0732, 34.6334], [136.0722, 34.6329], [136.0721, 34.6327], [136.0721, 34.6321], [136.073, 34.6315], [136.0723, 34.63], [136.071, 34.6293], [136.0701, 34.6291], [136.0694, 34.6285], [136.0695, 34.628], [136.0692, 34.6272], [136.0685, 34.6263], [136.0685, 34.6254], [136.0687, 34.6247], [136.0692, 34.6244], [136.0692, 34.6231], [136.069, 34.6228], [136.069, 34.6223], [136.0678, 34.6218], [136.0667, 34.622], [136.0663, 34.6219], [136.066, 34.6213], [136.065, 34.6205], [136.0631, 34.6202], [136.0624, 34.6198], [136.0623, 34.619], [136.0626, 34.6187], [136.0623, 34.6178], [136.0625, 34.6172], [136.0623, 34.6168], [136.0612, 34.6168], [136.0608, 34.616], [136.0602, 34.6158], [136.059, 34.6144], [136.058, 34.614], [136.0581, 34.6136], [136.0587, 34.6133], [136.0587, 34.6131], [136.0578, 34.6126], [136.0566, 34.6114], [136.0566, 34.6111], [136.0562, 34.6109], [136.056, 34.6102], [136.0553, 34.6101], [136.0541, 34.6096], [136.053, 34.6083], [136.052, 34.6079], [136.0516, 34.6074], [136.0508, 34.607], [136.0507, 34.6056], [136.0503, 34.6044], [136.0498, 34.6038], [136.0486, 34.6031], [136.0475, 34.6022], [136.0466, 34.6009], [136.0465, 34.6005], [136.0475, 34.5992], [136.0473, 34.5983], [136.0475, 34.5978], [136.0487, 34.5971], [136.0487, 34.5955], [136.049, 34.5951], [136.0496, 34.5945], [136.0507, 34.5939], [136.0523, 34.5936], [136.0529, 34.5937], [136.0531, 34.5933], [136.0531, 34.5925], [136.0527, 34.5917], [136.0521, 34.5916], [136.0518, 34.5914], [136.0512, 34.5904], [136.0513, 34.5895], [136.0518, 34.5888], [136.0516, 34.5883], [136.0513, 34.5882], [136.0499, 34.5882], [136.0487, 34.5875], [136.0482, 34.5874], [136.0471, 34.5864], [136.0464, 34.5854], [136.0465, 34.5847], [136.0479, 34.5839], [136.0491, 34.5821], [136.0493, 34.5809], [136.0498, 34.5802], [136.0498, 34.58], [136.0502, 34.5796], [136.0519, 34.5808], [136.0521, 34.5805], [136.0521, 34.5792], [136.0525, 34.5786], [136.0538, 34.5783], [136.0548, 34.5787], [136.0557, 34.578], [136.0562, 34.5779], [136.0569, 34.5782], [136.0583, 34.5778], [136.0583, 34.5774], [136.0578, 34.577], [136.0577, 34.5767], [136.058, 34.5764], [136.0591, 34.576], [136.0597, 34.5759], [136.0603, 34.5754], [136.0611, 34.5739], [136.0609, 34.5734], [136.0601, 34.5729], [136.0603, 34.572], [136.0602, 34.5696], [136.0607, 34.5692], [136.0626, 34.5686], [136.0635, 34.5684], [136.0647, 34.5673], [136.0658, 34.567], [136.0673, 34.5678], [136.068, 34.5678], [136.0689, 34.5677], [136.0692, 34.5671], [136.07, 34.567], [136.0708, 34.5677], [136.0712, 34.5678], [136.0723, 34.567], [136.0742, 34.5665], [136.075, 34.5656], [136.0755, 34.5647], [136.0767, 34.5639], [136.0788, 34.5632], [136.0793, 34.5633], [136.0807, 34.5631], [136.081, 34.5628], [136.0822, 34.5623], [136.0826, 34.5616], [136.0825, 34.5611], [136.0832, 34.5606], [136.0831, 34.5602], [136.0833, 34.5592], [136.0841, 34.5592], [136.0848, 34.5595], [136.0859, 34.5587], [136.087, 34.5588], [136.0888, 34.5587], [136.0894, 34.5586], [136.0897, 34.5587], [136.0898, 34.559], [136.0905, 34.5586], [136.0909, 34.5578], [136.0909, 34.5574], [136.0919, 34.5565], [136.0921, 34.5562], [136.0932, 34.5563], [136.0937, 34.5567], [136.0942, 34.5578], [136.0944, 34.558], [136.0953, 34.558], [136.0958, 34.5575], [136.0967, 34.5575], [136.0971, 34.557], [136.0982, 34.5568], [136.0992, 34.5561], [136.0995, 34.5562], [136.0997, 34.5565], [136.1, 34.5566], [136.1002, 34.5562], [136.1015, 34.557], [136.1017, 34.557], [136.1018, 34.5566], [136.1025, 34.5568], [136.1036, 34.5564], [136.1047, 34.5564], [136.1051, 34.5571], [136.106, 34.5577], [136.1063, 34.557], [136.107, 34.5568], [136.1075, 34.5559], [136.108, 34.5559], [136.1087, 34.5569], [136.1103, 34.5569], [136.1109, 34.5564], [136.111, 34.5557], [136.1115, 34.5548], [136.1116, 34.5541], [136.1112, 34.553], [136.1116, 34.5524], [136.1123, 34.552], [136.1123, 34.5518], [136.1115, 34.5514], [136.1114, 34.5511], [136.1123, 34.5504], [136.1126, 34.5497], [136.1124, 34.5491], [136.1127, 34.5484], [136.1134, 34.5478], [136.1135, 34.5462], [136.1137, 34.546], [136.1145, 34.5458], [136.1154, 34.5465], [136.1167, 34.5468], [136.1175, 34.5463], [136.1184, 34.5463], [136.1189, 34.5469], [136.1192, 34.5476], [136.1196, 34.5479], [136.1207, 34.5481], [136.1214, 34.5485], [136.1218, 34.5485], [136.1222, 34.548], [136.1232, 34.5479], [136.1239, 34.5482], [136.124, 34.5483], [136.1237, 34.5489], [136.1241, 34.5495], [136.1255, 34.55], [136.1258, 34.5504], [136.1271, 34.5511], [136.1287, 34.5515], [136.129, 34.5521], [136.1307, 34.5536], [136.1322, 34.5541], [136.1341, 34.5553], [136.1358, 34.5573], [136.1361, 34.5583], [136.1367, 34.5588], [136.137, 34.5592], [136.1376, 34.5595], [136.1378, 34.5606], [136.1381, 34.5609], [136.1394, 34.5597], [136.1395, 34.5591], [136.1404, 34.5593], [136.1408, 34.5595], [136.1417, 34.5594], [136.1417, 34.5592], [136.1425, 34.5583], [136.1428, 34.5576], [136.1452, 34.5568], [136.1466, 34.5557], [136.1474, 34.5556], [136.1492, 34.5557], [136.1506, 34.5551], [136.1514, 34.5557], [136.1512, 34.5558], [136.1512, 34.5561], [136.1514, 34.5567], [136.1513, 34.558], [136.1507, 34.559], [136.1526, 34.5595], [136.1536, 34.5594], [136.1538, 34.5595], [136.1545, 34.5595], [136.1549, 34.5597], [136.1555, 34.5597], [136.1557, 34.5585], [136.1552, 34.5577], [136.1557, 34.5565], [136.1556, 34.5557], [136.1574, 34.5554], [136.1583, 34.5548], [136.1583, 34.5544], [136.1578, 34.5539], [136.1576, 34.5533], [136.1576, 34.5526], [136.1585, 34.5521], [136.1593, 34.5513], [136.1596, 34.55], [136.1608, 34.5497], [136.1613, 34.5494], [136.162, 34.5485], [136.163, 34.5482], [136.1634, 34.5483], [136.1635, 34.5485], [136.1642, 34.549], [136.1641, 34.5498], [136.1644, 34.5505], [136.1652, 34.5509], [136.1652, 34.5514], [136.1659, 34.5518], [136.1659, 34.5526], [136.1666, 34.5531], [136.1666, 34.5536], [136.1673, 34.5541], [136.1673, 34.5546], [136.1667, 34.5553], [136.167, 34.5554], [136.1671, 34.556], [136.168, 34.5574], [136.1685, 34.5576], [136.1689, 34.5583], [136.1701, 34.5594], [136.1701, 34.5597], [136.1707, 34.5604], [136.1707, 34.5616], [136.1719, 34.5619], [136.1725, 34.5617], [136.1738, 34.5622], [136.1743, 34.563], [136.1747, 34.5645], [136.1752, 34.5649], [136.1754, 34.5656], [136.1759, 34.5658], [136.1762, 34.5665], [136.1767, 34.5667], [136.1768, 34.5681], [136.1787, 34.5683], [136.1796, 34.5683], [136.182, 34.5679], [136.1838, 34.5672], [136.1845, 34.5671], [136.1849, 34.5674], [136.1848, 34.5684], [136.1851, 34.5689], [136.1876, 34.5694], [136.19, 34.5694], [136.1934, 34.5675], [136.1948, 34.5678]]]}, "properties": {"name": "三重県名張市"}}, {"type": "Feature", "geometry": {"type": "MultiPolygon", "coordinates": [[[[136.2068, 34.0619], [136.2051, 34.0626], [136.2052, 34.0629], [136.2063, 34.0624], [136.2095, 34.0646], [136.2155, 34.065], [136.2164, 34.0643], [136.2163, 34.0642], [136.2529, 34.0718], [136.2537, 34.0713], [136.254, 34.071], [136.254, 34.0704], [136.2545, 34.0702], [136.2544, 34.0697], [136.2553, 34.069], [136.2561, 34.0697], [136.2555, 34.0699], [136.2566, 34.07], [136.2567, 34.0702], [136.2554, 34.0712], [136.2553, 34.0714], [136.2546, 34.0713], [136.2551, 34.0716], [136.2549, 34.0716], [136.2535, 34.0726], [136.2534, 34.0729], [136.2531, 34.073], [136.253, 34.0732], [136.2524, 34.073], [136.252, 34.0725], [136.2363, 34.0868], [136.2322, 34.0888], [136.2312, 34.0894], [136.2304, 34.0894], [136.2292, 34.0899], [136.2289, 34.0901], [136.2288, 34.0905], [136.2278, 34.091], [136.226, 34.0923], [136.2239, 34.0916], [136.223, 34.0916], [136.2225, 34.0913], [136.2207, 34.0917], [136.2179, 34.092], [136.217, 34.0923], [136.2159, 34.093], [136.2153, 34.0932], [136.2138, 34.0924], [136.2131, 34.0924], [136.2123, 34.0919], [136.2116, 34.0919], [136.2108, 34.0921], [136.2101, 34.0916], [136.2094, 34.0918], [136.209, 34.0914], [136.2073, 34.091], [136.2071, 34.0906], [136.2068, 34.0905], [136.2059, 34.0906], [136.205, 34.0912], [136.2045, 34.0917], [136.2036, 34.092], [136.203, 34.0918], [136.2014, 34.0918], [136.2001, 34.0924], [136.1988, 34.0922], [136.1971, 34.0913], [136.196, 34.0912], [136.1945, 34.0914], [136.1941, 34.0913], [136.1936, 34.0909], [136.1917, 34.0907], [136.1911, 34.0909], [136.1898, 34.09], [136.1883, 34.0914], [136.1871, 34.0917], [136.1854, 34.0925], [136.184, 34.0937], [136.1837, 34.095], [136.1825, 34.0944], [136.1811, 34.0932], [136.1801, 34.0929], [136.1794, 34.0922], [136.1784, 34.0922], [136.1775, 34.0917], [136.1756, 34.0912], [136.175, 34.0907], [136.1736, 34.0902], [136.1726, 34.0902], [136.1718, 34.0905], [136.1706, 34.0919], [136.1699, 34.0925], [136.1675, 34.0922], [136.1675, 34.0927], [136.1678, 34.0935], [136.1674, 34.0944], [136.168, 34.095], [136.1685, 34.0964], [136.1682, 34.0971], [136.1682, 34.0977], [136.1677, 34.0995], [136.168, 34.0999], [136.1672, 34.1022], [136.1666, 34.103], [136.1661, 34.1042], [136.1659, 34.1053], [136.1651, 34.1059], [136.1646, 34.1067], [136.1648, 34.1073], [136.1644, 34.1085], [136.1634, 34.1089], [136.1621, 34.1097], [136.1592, 34.1095], [136.1561, 34.1111], [136.1546, 34.1123], [136.1533, 34.113], [136.1527, 34.1137], [136.1506, 34.1146], [136.1498, 34.1157], [136.1488, 34.116], [136.1485, 34.1167], [136.1483, 34.1177], [136.1479, 34.1183], [136.1473, 34.1187], [136.1473, 34.1191], [136.147, 34.1193], [136.1451, 34.1195], [136.1435, 34.1194], [136.1408, 34.1189], [136.1392, 34.1188], [136.1374, 34.119], [136.1365, 34.1187], [136.1346, 34.1192], [136.1325, 34.1188], [136.131, 34.1176], [136.1298, 34.1171], [136.129, 34.1171], [136.1284, 34.1167], [136.1275, 34.1171], [136.1248, 34.1178], [136.1234, 34.1178], [136.1218, 34.1173], [136.1203, 34.1173], [136.119, 34.1179], [136.1178, 34.118], [136.115, 34.1173], [136.1137, 34.1162], [136.1127, 34.1156], [136.1113, 34.1157], [136.1091, 34.1152], [136.1082, 34.1154], [136.1046, 34.1142], [136.1046, 34.1128], [136.1053, 34.1117], [136.1051, 34.1112], [136.1056, 34.1107], [136.1055, 34.1103], [136.1058, 34.1096], [136.1051, 34.1089], [136.1045, 34.1088], [136.1041, 34.1086], [136.1039, 34.1076], [136.104, 34.1067], [136.1046, 34.1057], [136.1056, 34.1047], [136.1079, 34.1033], [136.1046, 34.1001], [136.104, 34.0998], [136.1032, 34.0986], [136.1037, 34.0978], [136.1038, 34.0974], [136.1032, 34.097], [136.1031, 34.0966], [136.1022, 34.0961], [136.1036, 34.0953], [136.1036, 34.095], [136.1032, 34.0944], [136.1039, 34.0941], [136.1045, 34.0934], [136.1057, 34.0932], [136.1062, 34.0929], [136.1071, 34.0912], [136.1074, 34.091], [136.108, 34.091], [136.1085, 34.0904], [136.1093, 34.0899], [136.1099, 34.0888], [136.1118, 34.0878], [136.1128, 34.0866], [136.1144, 34.0858], [136.1148, 34.0853], [136.1155, 34.0848], [136.1171, 34.0842], [136.1175, 34.0828], [136.1183, 34.0824], [136.1178, 34.0821], [136.116, 34.0818], [136.1144, 34.0826], [136.1118, 34.0823], [136.1108, 34.0829], [136.1088, 34.0834], [136.1082, 34.0838], [136.108, 34.0836], [136.1076, 34.0837], [136.1068, 34.0836], [136.1056, 34.084], [136.1038, 34.084], [136.1022, 34.0847], [136.1017, 34.0853], [136.1006, 34.0861], [136.0997, 34.0864], [136.0993, 34.0867], [136.0986, 34.0867], [136.0981, 34.0869], [136.0959, 34.0864], [136.0943, 34.085], [136.0941, 34.084], [136.0936, 34.0837], [136.0931, 34.0828], [136.0937, 34.0818], [136.0942, 34.0815], [136.0963, 34.079], [136.0968, 34.0773], [136.0966, 34.0762], [136.0956, 34.0759], [136.0947, 34.075], [136.0947, 34.074], [136.0943, 34.0736], [136.094, 34.0723], [136.0946, 34.0706], [136.0945, 34.0698], [136.0941, 34.0691], [136.0942, 34.0679], [136.0939, 34.0668], [136.0928, 34.0654], [136.0927, 34.0649], [136.0929, 34.0633], [136.0934, 34.0629], [136.0936, 34.0623], [136.0943, 34.062], [136.0945, 34.0617], [136.0945, 34.0592], [136.0937, 34.0578], [136.0933, 34.0565], [136.0927, 34.056], [136.0923, 34.0553], [136.0914, 34.0533], [136.0898, 34.0519], [136.0889, 34.0508], [136.0895, 34.0503], [136.0903, 34.0502], [136.0907, 34.05], [136.0917, 34.0487], [136.0923, 34.0481], [136.0936, 34.0476], [136.0942, 34.0475], [136.0945, 34.047], [136.097, 34.0453], [136.0972, 34.0449], [136.0978, 34.0448], [136.0981, 34.0443], [136.0986, 34.0422], [136.0997, 34.0403], [136.0999, 34.04], [136.1011, 34.0393], [136.1011, 34.0385], [136.1013, 34.0381], [136.101, 34.0373], [136.101, 34.037], [136.1016, 34.0364], [136.1019, 34.0357], [136.1027, 34.0349], [136.1024, 34.0335], [136.1028, 34.0311], [136.1034, 34.0295], [136.1046, 34.028], [136.1047, 34.027], [136.1043, 34.0255], [136.104, 34.0255], [136.1036, 34.0259], [136.1033, 34.0259], [136.1013, 34.0257], [136.1033, 34.0245], [136.104, 34.0237], [136.1053, 34.0232], [136.1095, 34.0234], [136.1145, 34.0233], [136.1173, 34.0236], [136.1183, 34.0234], [136.1186, 34.0246], [136.1192, 34.025], [136.1195, 34.0255], [136.1216, 34.0265], [136.1218, 34.0264], [136.1228, 34.0267], [136.1232, 34.0275], [136.1235, 34.0276], [136.1239, 34.0281], [136.1242, 34.028], [136.1256, 34.0274], [136.126, 34.0269], [136.1271, 34.0263], [136.1276, 34.0266], [136.1286, 34.0266], [136.13, 34.026], [136.1304, 34.0261], [136.131, 34.0266], [136.1317, 34.0265], [136.1322, 34.027], [136.1335, 34.027], [136.1345, 34.0267], [136.1353, 34.027], [136.1379, 34.0265], [136.1387, 34.027], [136.1394, 34.0271], [136.1413, 34.0264], [136.1418, 34.0267], [136.1435, 34.0267], [136.1456, 34.0257], [136.148, 34.0254], [136.1487, 34.025], [136.1491, 34.0242], [136.1489, 34.0236], [136.1493, 34.0234], [136.1501, 34.0223], [136.1512, 34.0214], [136.1519, 34.0201], [136.1516, 34.0193], [136.1515, 34.0181], [136.1518, 34.017], [136.1517, 34.016], [136.1515, 34.0155], [136.1512, 34.0151], [136.1509, 34.0143], [136.151, 34.0137], [136.1505, 34.0133], [136.1501, 34.0134], [136.1492, 34.0133], [136.1489, 34.013], [136.1481, 34.0127], [136.1467, 34.0113], [136.1462, 34.0106], [136.1455, 34.01], [136.1438, 34.0102], [136.1432, 34.0101], [136.1428, 34.0104], [136.1419, 34.0106], [136.1393, 34.0096], [136.1389, 34.0093], [136.139, 34.0088], [136.1374, 34.0085], [136.1365, 34.0078], [136.137, 34.0067], [136.137, 34.0059], [136.1365, 34.004], [136.1366, 34.0016], [136.1369, 34.001], [136.1368, 33.9998], [136.1366, 33.9995], [136.1355, 33.9989], [136.1342, 33.9973], [136.1336, 33.9971], [136.1333, 33.9967], [136.1322, 33.9963], [136.1317, 33.9956], [136.1316, 33.9952], [136.1324, 33.9939], [136.1323, 33.9928], [136.1328, 33.9907], [136.1326, 33.9896], [136.1335, 33.9879], [136.1338, 33.9875], [136.1336, 33.9856], [136.134, 33.9854], [136.1349, 33.9848], [136.1359, 33.9846], [136.1362, 33.9837], [136.1365, 33.9834], [136.1364, 33.9821], [136.1361, 33.9816], [136.1364, 33.9792], [136.1367, 33.9788], [136.1359, 33.9778], [136.1358, 33.9769], [136.1361, 33.9762], [136.1362, 33.975], [136.136, 33.9741], [136.1375, 33.9718], [136.1379, 33.9715], [136.138, 33.9709], [136.1384, 33.9705], [136.1385, 33.9698], [136.1389, 33.9689], [136.1387, 33.9676], [136.1392, 33.9657], [136.1403, 33.9648], [136.1405, 33.9644], [136.141, 33.9642], [136.1414, 33.9637], [136.1436, 33.9634], [136.1446, 33.9631], [136.145, 33.9628], [136.1466, 33.9622], [136.147, 33.9614], [136.1475, 33.9613], [136.1475, 33.961], [136.1488, 33.9598], [136.1493, 33.9598], [136.1496, 33.9589], [136.1508, 33.9584], [136.151, 33.9578], [136.152, 33.9577], [136.1533, 33.9572], [136.1541, 33.9572], [136.1553, 33.9574], [136.1563, 33.9586], [136.1571, 33.9586], [136.1578, 33.9582], [136.1608, 33.9581], [136.1617, 33.9578], [136.1625, 33.9578], [136.1634, 33.9574], [136.164, 33.9574], [136.1655, 33.9577], [136.1679, 33.9571], [136.1681, 33.9572], [136.1679, 33.9578], [136.1681, 33.9584], [136.1686, 33.959], [136.1686, 33.9601], [136.1693, 33.9614], [136.1697, 33.9631], [136.1705, 33.9636], [136.1716, 33.965], [136.1734, 33.9655], [136.174, 33.9662], [136.1744, 33.9663], [136.1755, 33.9661], [136.1757, 33.9664], [136.1766, 33.9668], [136.177, 33.9664], [136.1772, 33.9661], [136.1783, 33.9654], [136.18, 33.9649], [136.1813, 33.9648], [136.1813, 33.9634], [136.1818, 33.963], [136.1815, 33.9626], [136.1819, 33.9624], [136.1827, 33.9614], [136.1831, 33.9606], [136.1832, 33.9594], [136.1836, 33.959], [136.1847, 33.9588], [136.1848, 33.9583], [136.1853, 33.9581], [136.1859, 33.9582], [136.1864, 33.9579], [136.1871, 33.9576], [136.1874, 33.9573], [136.1882, 33.9573], [136.1886, 33.9571], [136.1892, 33.9573], [136.1898, 33.9573], [136.19, 33.957], [136.19, 33.9562], [136.1906, 33.9556], [136.1909, 33.9549], [136.1913, 33.9545], [136.1923, 33.9544], [136.1928, 33.954], [136.1932, 33.954], [136.194, 33.9543], [136.1946, 33.9556], [136.1964, 33.9555], [136.1972, 33.9553], [136.198, 33.9556], [136.1987, 33.9554], [136.1989, 33.955], [136.1994, 33.9552], [136.2003, 33.955], [136.2006, 33.9545], [136.2024, 33.9537], [136.2028, 33.9539], [136.2041, 33.9537], [136.2057, 33.9529], [136.2061, 33.9523], [136.2069, 33.9522], [136.2078, 33.9526], [136.2081, 33.953], [136.2089, 33.9535], [136.209, 33.9539], [136.2094, 33.9541], [136.2097, 33.955], [136.2108, 33.9552], [136.2116, 33.9559], [136.213, 33.956], [136.214, 33.9557], [136.2148, 33.9551], [136.2156, 33.9551], [136.2166, 33.9548], [136.2187, 33.9547], [136.219, 33.9541], [136.2184, 33.9528], [136.2205, 33.9516], [136.2219, 33.9512], [136.2225, 33.9507], [136.2226, 33.9499], [136.2239, 33.9489], [136.2247, 33.9487], [136.225, 33.9481], [136.2291, 33.9472], [136.2301, 33.9475], [136.2319, 33.9476], [136.2319, 33.9478], [136.2316, 33.9479], [136.2311, 33.948], [136.2306, 33.9477], [136.2299, 33.948], [136.229, 33.9487], [136.2289, 33.9489], [136.229, 33.949], [136.2289, 33.9493], [136.2282, 33.9496], [136.2279, 33.9501], [136.2277, 33.9512], [136.2281, 33.9514], [136.228, 33.9516], [136.2274, 33.9518], [136.2281, 33.9531], [136.228, 33.954], [136.2286, 33.9551], [136.2293, 33.9548], [136.2297, 33.9549], [136.2292, 33.9552], [136.2283, 33.9553], [136.2277, 33.9561], [136.227, 33.9562], [136.2259, 33.9568], [136.2252, 33.9576], [136.225, 33.9585], [136.2258, 33.9586], [136.226, 33.9588], [136.2254, 33.9592], [136.2247, 33.9599], [136.2247, 33.9602], [136.225, 33.9603], [136.2245, 33.9606], [136.2245, 33.9608], [136.2248, 33.961], [136.2244, 33.9617], [136.2246, 33.9619], [136.2242, 33.9622], [136.2242, 33.9625], [136.2249, 33.9632], [136.2266, 33.9636], [136.227, 33.9641], [136.2267, 33.9646], [136.2256, 33.965], [136.2258, 33.9654], [136.2256, 33.9658], [136.2253, 33.9659], [136.225, 33.9667], [136.2243, 33.9672], [136.2233, 33.9674], [136.2223, 33.9671], [136.2217, 33.9668], [136.2207, 33.9671], [136.2193, 33.9671], [136.2191, 33.9676], [136.2192, 33.967], [136.2183, 33.9667], [136.2178, 33.966], [136.2176, 33.9652], [136.2166, 33.9653], [136.2167, 33.965], [136.2166, 33.965], [136.2165, 33.9656], [136.2169, 33.9666], [136.2185, 33.9682], [136.2189, 33.9682], [136.2191, 33.9679], [136.2189, 33.9684], [136.2195, 33.9691], [136.2195, 33.9694], [136.2202, 33.97], [136.2202, 33.9702], [136.2206, 33.9702], [136.2209, 33.9705], [136.221, 33.9704], [136.221, 33.9708], [136.2212, 33.971], [136.2213, 33.9712], [136.2218, 33.9715], [136.2217, 33.9718], [136.2217, 33.9725], [136.2221, 33.9727], [136.2219, 33.9733], [136.2222, 33.9735], [136.2222, 33.9739], [136.2221, 33.9743], [136.2217, 33.9746], [136.2198, 33.9745], [136.219, 33.9747], [136.2184, 33.9746], [136.2175, 33.9742], [136.2153, 33.9723], [136.2152, 33.9721], [136.2154, 33.9718], [136.2154, 33.9716], [136.2151, 33.9715], [136.215, 33.971], [136.2142, 33.9699], [136.2124, 33.9695], [136.2117, 33.9696], [136.2109, 33.9695], [136.2106, 33.9692], [136.2103, 33.9682], [136.2095, 33.9681], [136.2095, 33.9677], [136.2092, 33.9673], [136.2086, 33.9674], [136.2085, 33.9676], [136.2086, 33.9674], [136.2066, 33.9668], [136.2063, 33.9662], [136.2056, 33.9659], [136.2057, 33.9657], [136.2051, 33.9656], [136.2043, 33.9652], [136.2036, 33.9646], [136.2033, 33.9635], [136.2024, 33.9632], [136.2016, 33.9638], [136.2005, 33.9642], [136.2005, 33.9643], [136.199, 33.9642], [136.1984, 33.9642], [136.1986, 33.9642], [136.1984, 33.9644], [136.1987, 33.9646], [136.1986, 33.9648], [136.1977, 33.9658], [136.1974, 33.9656], [136.1971, 33.9658], [136.197, 33.9662], [136.197, 33.9665], [136.1972, 33.9667], [136.1974, 33.9666], [136.1975, 33.966], [136.1974, 33.9666], [136.1976, 33.9672], [136.1975, 33.9673], [136.1977, 33.9674], [136.1975, 33.9673], [136.1972, 33.9677], [136.1964, 33.9679], [136.1966, 33.9682], [136.1964, 33.9682], [136.1964, 33.9679], [136.1961, 33.9679], [136.1959, 33.9677], [136.1957, 33.9678], [136.1959, 33.9683], [136.1957, 33.9678], [136.1955, 33.968], [136.1954, 33.9679], [136.1957, 33.9677], [136.195, 33.9676], [136.1952, 33.968], [136.1944, 33.9681], [136.1945, 33.9682], [136.1943, 33.9681], [136.1941, 33.9684], [136.1944, 33.9686], [136.1939, 33.9685], [136.1934, 33.9695], [136.1938, 33.9697], [136.1934, 33.9695], [136.1927, 33.97], [136.1929, 33.9702], [136.1917, 33.9711], [136.1924, 33.9719], [136.1935, 33.9714], [136.1939, 33.9718], [136.1906, 33.9735], [136.189, 33.9735], [136.1891, 33.974], [136.1908, 33.974], [136.1908, 33.9742], [136.1895, 33.9746], [136.1894, 33.9748], [136.1911, 33.9747], [136.194, 33.9738], [136.1949, 33.9731], [136.1961, 33.9726], [136.1961, 33.9722], [136.1961, 33.9726], [136.1977, 33.9721], [136.1985, 33.9719], [136.1989, 33.972], [136.199, 33.9718], [136.199, 33.9719], [136.1996, 33.9719], [136.2005, 33.9713], [136.201, 33.9712], [136.2019, 33.9712], [136.2023, 33.9715], [136.2028, 33.9716], [136.2025, 33.9714], [136.2028, 33.9715], [136.203, 33.9713], [136.2028, 33.9716], [136.2033, 33.9717], [136.2043, 33.9723], [136.2053, 33.9737], [136.2058, 33.9738], [136.2065, 33.9746], [136.2068, 33.9752], [136.2067, 33.9766], [136.2069, 33.9768], [136.2075, 33.9766], [136.2074, 33.9765], [136.2076, 33.9761], [136.2075, 33.9764], [136.2095, 33.9803], [136.2096, 33.9807], [136.2104, 33.9816], [136.2113, 33.982], [136.2131, 33.9824], [136.2135, 33.9826], [136.214, 33.9826], [136.214, 33.9828], [136.2148, 33.9832], [136.2153, 33.9832], [136.2155, 33.9834], [136.2153, 33.9839], [136.2152, 33.9851], [136.2144, 33.9862], [136.2144, 33.9873], [136.2139, 33.9882], [136.2137, 33.989], [136.2134, 33.9892], [136.2131, 33.99], [136.2135, 33.9911], [136.2132, 33.9929], [136.213, 33.9933], [136.2124, 33.9953], [136.2117, 33.9959], [136.2109, 33.9973], [136.2108, 33.9976], [136.211, 33.9978], [136.2106, 33.9977], [136.211, 33.9982], [136.2103, 33.9983], [136.2102, 33.9988], [136.2105, 33.9995], [136.211, 34], [136.2132, 34.0011], [136.2131, 34.0017], [136.2133, 34.0017], [136.2132, 34.0014], [136.2137, 34.0013], [136.2137, 34.0011], [136.215, 34.0013], [136.2165, 34.0011], [136.2177, 34.0006], [136.2181, 34.0003], [136.2185, 33.9995], [136.2179, 33.9985], [136.2176, 33.9986], [136.2172, 33.9983], [136.2172, 33.9979], [136.2175, 33.9972], [136.2187, 33.9964], [136.2204, 33.9961], [136.2205, 33.9958], [136.2207, 33.9957], [136.2211, 33.9961], [136.2212, 33.996], [136.2214, 33.9957], [136.221, 33.9951], [136.2207, 33.9952], [136.2207, 33.995], [136.2208, 33.994], [136.2245, 33.9908], [136.2258, 33.9902], [136.2257, 33.9901], [136.226, 33.9893], [136.2265, 33.9891], [136.2268, 33.9887], [136.2273, 33.9889], [136.2283, 33.9887], [136.2284, 33.9885], [136.2289, 33.9885], [136.2304, 33.9877], [136.2315, 33.9875], [136.2321, 33.9876], [136.2327, 33.9878], [136.2332, 33.9877], [136.2332, 33.988], [136.2335, 33.988], [136.2334, 33.9878], [136.2336, 33.9878], [136.2337, 33.988], [136.236, 33.9876], [136.2369, 33.9873], [136.237, 33.9872], [136.237, 33.987], [136.2376, 33.9867], [136.238, 33.9869], [136.238, 33.9865], [136.2382, 33.9862], [136.2384, 33.9863], [136.2383, 33.987], [136.2386, 33.987], [136.2387, 33.9866], [136.2387, 33.9867], [136.2409, 33.9864], [136.241, 33.9863], [136.2408, 33.9859], [136.2413, 33.9857], [136.2422, 33.9855], [136.2427, 33.9858], [136.2436, 33.9858], [136.2441, 33.9855], [136.2444, 33.985], [136.245, 33.9848], [136.2458, 33.9847], [136.2464, 33.9851], [136.2481, 33.9854], [136.2484, 33.9852], [136.2483, 33.9848], [136.2489, 33.9845], [136.2499, 33.9843], [136.2503, 33.9845], [136.2504, 33.9849], [136.2509, 33.9852], [136.2515, 33.9852], [136.2518, 33.9839], [136.2521, 33.9842], [136.2524, 33.9844], [136.2534, 33.9846], [136.2524, 33.9844], [136.2521, 33.9841], [136.2517, 33.9838], [136.2518, 33.9837], [136.2517, 33.9834], [136.2515, 33.9832], [136.2511, 33.9833], [136.2511, 33.983], [136.2509, 33.9827], [136.2501, 33.9829], [136.2496, 33.9827], [136.2494, 33.9829], [136.2493, 33.9827], [136.2494, 33.9823], [136.2497, 33.9821], [136.2503, 33.982], [136.2506, 33.9816], [136.2514, 33.9815], [136.2518, 33.9812], [136.2532, 33.9808], [136.2519, 33.9804], [136.2509, 33.9804], [136.2504, 33.9801], [136.2488, 33.9804], [136.2475, 33.981], [136.2471, 33.9807], [136.2472, 33.9799], [136.2469, 33.9799], [136.2467, 33.9801], [136.2465, 33.9801], [136.2461, 33.9811], [136.2463, 33.9812], [136.2461, 33.9812], [136.2459, 33.9814], [136.2449, 33.9809], [136.2445, 33.981], [136.2444, 33.982], [136.2434, 33.9823], [136.243, 33.9822], [136.2428, 33.9824], [136.2424, 33.9824], [136.2421, 33.9819], [136.2418, 33.9818], [136.2413, 33.9822], [136.241, 33.9831], [136.2405, 33.9833], [136.2398, 33.9829], [136.2395, 33.9823], [136.239, 33.9822], [136.239, 33.9816], [136.2385, 33.9814], [136.2382, 33.9815], [136.2378, 33.9814], [136.2373, 33.9818], [136.2363, 33.9816], [136.2362, 33.981], [136.2357, 33.9807], [136.2355, 33.9802], [136.2371, 33.9795], [136.2368, 33.9791], [136.2363, 33.9788], [136.2367, 33.978], [136.2368, 33.9773], [136.2367, 33.9768], [136.2357, 33.9753], [136.2354, 33.9743], [136.2358, 33.9735], [136.2357, 33.9727], [136.237, 33.972], [136.2378, 33.9707], [136.238, 33.9706], [136.2376, 33.9698], [136.2377, 33.9693], [136.238, 33.9693], [136.2387, 33.9696], [136.2389, 33.9698], [136.2393, 33.9697], [136.2393, 33.9693], [136.239, 33.9689], [136.239, 33.9687], [136.2394, 33.9687], [136.2402, 33.9689], [136.2403, 33.9692], [136.24, 33.9699], [136.2402, 33.9703], [136.2409, 33.9703], [136.2408, 33.9707], [136.2418, 33.9712], [136.2422, 33.9711], [136.2421, 33.9708], [136.2422, 33.9707], [136.2438, 33.9705], [136.2435, 33.9703], [136.244, 33.9702], [136.2441, 33.9705], [136.2447, 33.9708], [136.2452, 33.9717], [136.2451, 33.9721], [136.2453, 33.9724], [136.2448, 33.9726], [136.2448, 33.9728], [136.2457, 33.973], [136.2472, 33.9729], [136.2475, 33.9727], [136.248, 33.9729], [136.2487, 33.9727], [136.2504, 33.9717], [136.2501, 33.9716], [136.2501, 33.9712], [136.2503, 33.971], [136.2507, 33.9711], [136.2506, 33.9707], [136.2512, 33.9704], [136.2518, 33.9694], [136.2519, 33.9691], [136.2515, 33.9688], [136.2519, 33.9689], [136.2522, 33.9678], [136.2526, 33.9671], [136.2526, 33.9664], [136.2527, 33.9661], [136.2525, 33.9657], [136.2529, 33.9657], [136.2522, 33.9654], [136.2521, 33.9652], [136.2522, 33.9651], [136.2526, 33.9654], [136.2528, 33.9649], [136.2534, 33.9652], [136.254, 33.9651], [136.2533, 33.9647], [136.2534, 33.9644], [136.2541, 33.9645], [136.2544, 33.9643], [136.2542, 33.9642], [136.2546, 33.9641], [136.254, 33.9639], [136.2541, 33.9638], [136.2553, 33.9642], [136.2545, 33.9646], [136.2549, 33.9648], [136.2549, 33.9653], [136.255, 33.9654], [136.255, 33.9657], [136.2547, 33.9658], [136.2548, 33.966], [136.2548, 33.9666], [136.2553, 33.9667], [136.2553, 33.9668], [136.2549, 33.967], [136.2553, 33.9672], [136.255, 33.9674], [136.2562, 33.9684], [136.2567, 33.9684], [136.2567, 33.9681], [136.2578, 33.9675], [136.2582, 33.9676], [136.2579, 33.9681], [136.2581, 33.9683], [136.2584, 33.9682], [136.2584, 33.9677], [136.259, 33.9677], [136.2592, 33.9675], [136.2594, 33.9675], [136.2593, 33.9679], [136.2599, 33.9681], [136.2601, 33.9681], [136.26, 33.9678], [136.2602, 33.9675], [136.2605, 33.9678], [136.2607, 33.9677], [136.2608, 33.9675], [136.2614, 33.9676], [136.2612, 33.9673], [136.2614, 33.9673], [136.262, 33.9676], [136.2619, 33.9674], [136.2625, 33.9674], [136.2625, 33.9672], [136.2628, 33.9672], [136.2644, 33.9681], [136.2641, 33.9688], [136.2637, 33.9689], [136.2636, 33.9694], [136.2643, 33.9705], [136.2652, 33.9713], [136.2654, 33.9713], [136.2659, 33.9708], [136.2672, 33.9705], [136.2682, 33.9701], [136.269, 33.9699], [136.2685, 33.9704], [136.2693, 33.9703], [136.2686, 33.9714], [136.2689, 33.9718], [136.2696, 33.9714], [136.2709, 33.9714], [136.2713, 33.9719], [136.2713, 33.9722], [136.2706, 33.9725], [136.2719, 33.9724], [136.2722, 33.9726], [136.2716, 33.9733], [136.2719, 33.9734], [136.2718, 33.9738], [136.271, 33.9742], [136.2714, 33.9743], [136.2714, 33.9747], [136.2717, 33.9749], [136.272, 33.9753], [136.2718, 33.9758], [136.272, 33.9758], [136.2721, 33.976], [136.2716, 33.9763], [136.2722, 33.9763], [136.2716, 33.9766], [136.2719, 33.9769], [136.2717, 33.9771], [136.2719, 33.9774], [136.2716, 33.9775], [136.2713, 33.9788], [136.2697, 33.9811], [136.2696, 33.9819], [136.2698, 33.9823], [136.2696, 33.9824], [136.2701, 33.9835], [136.2705, 33.9833], [136.271, 33.9835], [136.2706, 33.9839], [136.2709, 33.984], [136.2709, 33.9841], [136.2705, 33.9843], [136.2709, 33.9848], [136.2708, 33.985], [136.2715, 33.9848], [136.2734, 33.9856], [136.2735, 33.9858], [136.2732, 33.9861], [136.2723, 33.9861], [136.2724, 33.9865], [136.2719, 33.9866], [136.2732, 33.9866], [136.2733, 33.9873], [136.2732, 33.9874], [136.2729, 33.9871], [136.2721, 33.9872], [136.2729, 33.988], [136.2723, 33.988], [136.2725, 33.9884], [136.272, 33.9882], [136.2719, 33.9884], [136.2706, 33.9888], [136.2703, 33.9891], [136.2706, 33.9894], [136.2701, 33.9894], [136.2696, 33.9897], [136.2692, 33.9896], [136.2688, 33.9896], [136.2688, 33.9895], [136.2682, 33.9896], [136.2679, 33.9898], [136.2674, 33.9894], [136.2661, 33.989], [136.2655, 33.989], [136.264, 33.9897], [136.2635, 33.9897], [136.262, 33.9887], [136.2609, 33.9884], [136.2601, 33.9884], [136.2602, 33.9889], [136.2605, 33.9896], [136.2601, 33.9906], [136.2603, 33.9912], [136.261, 33.992], [136.2608, 33.9921], [136.2604, 33.9927], [136.2609, 33.9934], [136.2611, 33.9934], [136.2611, 33.9939], [136.2608, 33.9942], [136.26, 33.9944], [136.2596, 33.9955], [136.2592, 33.9958], [136.2588, 33.9958], [136.2581, 33.9966], [136.2582, 33.9967], [136.258, 33.9969], [136.2581, 33.9971], [136.2572, 33.9974], [136.2569, 33.9979], [136.2576, 33.9982], [136.2591, 33.9979], [136.2599, 33.9975], [136.2589, 33.9968], [136.2589, 33.9966], [136.26, 33.9975], [136.2606, 33.9972], [136.2607, 33.9969], [136.2613, 33.9967], [136.2615, 33.9961], [136.262, 33.9961], [136.2624, 33.9953], [136.2632, 33.9946], [136.2638, 33.9947], [136.2641, 33.9946], [136.2646, 33.9939], [136.2643, 33.9936], [136.2645, 33.9933], [136.2651, 33.9932], [136.2664, 33.9935], [136.2664, 33.9938], [136.2673, 33.9941], [136.2679, 33.9946], [136.2676, 33.9949], [136.2671, 33.995], [136.2667, 33.9955], [136.2658, 33.9961], [136.2664, 33.9971], [136.2671, 33.9976], [136.2664, 33.9988], [136.2667, 33.9988], [136.2667, 33.9989], [136.2662, 33.9994], [136.2665, 33.9998], [136.2662, 34.0003], [136.2667, 34.0012], [136.2669, 34.0016], [136.2677, 34.0011], [136.2687, 34.0009], [136.2691, 34.0003], [136.2694, 34.0002], [136.2693, 34.0006], [136.2695, 34.0008], [136.2695, 34.0012], [136.2697, 34.0014], [136.2696, 34.0016], [136.2701, 34.0019], [136.2709, 34.004], [136.2716, 34.0046], [136.2723, 34.0044], [136.2729, 34.0048], [136.2717, 34.0053], [136.2711, 34.006], [136.2707, 34.006], [136.2703, 34.0064], [136.2682, 34.0072], [136.2665, 34.0071], [136.2654, 34.0067], [136.2652, 34.0056], [136.264, 34.0043], [136.2634, 34.0039], [136.2628, 34.0046], [136.2618, 34.0051], [136.2604, 34.0052], [136.2596, 34.005], [136.2584, 34.0052], [136.2566, 34.0052], [136.2563, 34.0054], [136.2561, 34.0059], [136.2557, 34.0061], [136.2557, 34.0065], [136.2551, 34.0064], [136.2542, 34.0065], [136.254, 34.0063], [136.2536, 34.0064], [136.2533, 34.0066], [136.2534, 34.0072], [136.2537, 34.0074], [136.2534, 34.0076], [136.2533, 34.008], [136.2539, 34.0084], [136.2539, 34.0086], [136.2544, 34.0085], [136.255, 34.0086], [136.255, 34.0088], [136.2547, 34.0087], [136.255, 34.0091], [136.2541, 34.0098], [136.2541, 34.01], [136.2538, 34.0104], [136.2534, 34.0109], [136.2528, 34.0111], [136.2524, 34.0119], [136.2509, 34.0128], [136.2508, 34.0132], [136.2501, 34.0129], [136.2501, 34.0135], [136.2489, 34.0138], [136.2478, 34.0134], [136.2475, 34.0134], [136.2474, 34.0131], [136.2463, 34.0129], [136.2471, 34.0132], [136.2472, 34.0142], [136.2469, 34.0143], [136.2455, 34.0142], [136.2449, 34.0143], [136.243, 34.0142], [136.2422, 34.0143], [136.2419, 34.0146], [136.2422, 34.015], [136.2427, 34.0147], [136.243, 34.0148], [136.244, 34.0157], [136.2434, 34.0167], [136.2439, 34.0167], [136.244, 34.0164], [136.2453, 34.0157], [136.2459, 34.0158], [136.2465, 34.0159], [136.2471, 34.0166], [136.2476, 34.0169], [136.2491, 34.0168], [136.2492, 34.0171], [136.2505, 34.0172], [136.2509, 34.0169], [136.251, 34.017], [136.2512, 34.0169], [136.2514, 34.016], [136.2513, 34.0155], [136.252, 34.0148], [136.2527, 34.0145], [136.2526, 34.0142], [136.2537, 34.0142], [136.2542, 34.014], [136.2541, 34.0135], [136.2556, 34.0124], [136.2561, 34.0124], [136.2563, 34.0119], [136.2567, 34.0118], [136.2571, 34.011], [136.2579, 34.0104], [136.2583, 34.0104], [136.2585, 34.0106], [136.258, 34.011], [136.2581, 34.0113], [136.2579, 34.0117], [136.258, 34.0119], [136.2579, 34.0121], [136.2583, 34.0124], [136.2592, 34.0126], [136.2597, 34.0122], [136.2606, 34.0123], [136.2619, 34.0119], [136.262, 34.0117], [136.2615, 34.0115], [136.2616, 34.0112], [136.2631, 34.0109], [136.2635, 34.0106], [136.2646, 34.0119], [136.2674, 34.0131], [136.2677, 34.0131], [136.2679, 34.0135], [136.2683, 34.0135], [136.2683, 34.014], [136.2686, 34.0137], [136.2692, 34.0138], [136.2693, 34.0139], [136.269, 34.0144], [136.2695, 34.0142], [136.2694, 34.0146], [136.2697, 34.0144], [136.2698, 34.0149], [136.2701, 34.0143], [136.2705, 34.0143], [136.2711, 34.0145], [136.2708, 34.0147], [136.271, 34.0149], [136.2705, 34.0152], [136.2709, 34.0158], [136.2718, 34.0153], [136.2721, 34.0154], [136.272, 34.0158], [136.2724, 34.0154], [136.2726, 34.0155], [136.2729, 34.0163], [136.2732, 34.0162], [136.2734, 34.0163], [136.2732, 34.0167], [136.2734, 34.0166], [136.2735, 34.0168], [136.274, 34.0166], [136.275, 34.017], [136.2746, 34.0179], [136.2749, 34.018], [136.2753, 34.0174], [136.2766, 34.0176], [136.2767, 34.0179], [136.276, 34.0184], [136.277, 34.018], [136.2773, 34.018], [136.2775, 34.0182], [136.277, 34.0188], [136.2774, 34.0185], [136.2774, 34.0188], [136.2783, 34.0182], [136.2783, 34.0184], [136.2785, 34.0185], [136.2781, 34.0191], [136.2789, 34.0184], [136.2789, 34.0187], [136.2793, 34.0184], [136.2795, 34.0184], [136.2797, 34.0188], [136.2802, 34.0183], [136.28, 34.0189], [136.2803, 34.0192], [136.2806, 34.0194], [136.281, 34.019], [136.2814, 34.019], [136.281, 34.0195], [136.2818, 34.0195], [136.2817, 34.0201], [136.2826, 34.0192], [136.2828, 34.0193], [136.282, 34.0204], [136.2812, 34.0207], [136.2811, 34.021], [136.2814, 34.0209], [136.2815, 34.0212], [136.2811, 34.0213], [136.281, 34.022], [136.2814, 34.0221], [136.2811, 34.0225], [136.2812, 34.0226], [136.2803, 34.023], [136.2793, 34.0236], [136.2782, 34.0239], [136.2768, 34.0252], [136.276, 34.0255], [136.2759, 34.0257], [136.275, 34.0258], [136.2747, 34.0261], [136.2738, 34.0263], [136.2726, 34.0271], [136.272, 34.0277], [136.272, 34.0279], [136.2723, 34.0279], [136.2723, 34.028], [136.2714, 34.0283], [136.2717, 34.0288], [136.272, 34.0286], [136.2722, 34.0287], [136.2719, 34.0292], [136.2715, 34.0292], [136.271, 34.0289], [136.2703, 34.0297], [136.27, 34.0297], [136.2701, 34.0299], [136.2699, 34.0301], [136.269, 34.0303], [136.2682, 34.0302], [136.2679, 34.0305], [136.2668, 34.0302], [136.2657, 34.0309], [136.2659, 34.0314], [136.2657, 34.0317], [136.2652, 34.0317], [136.2649, 34.0319], [136.2639, 34.0318], [136.2639, 34.032], [136.2629, 34.0322], [136.2624, 34.0319], [136.2616, 34.032], [136.2613, 34.0319], [136.2606, 34.0324], [136.2592, 34.0328], [136.2585, 34.0327], [136.2584, 34.0324], [136.2582, 34.0324], [136.2578, 34.0329], [136.257, 34.033], [136.2571, 34.0334], [136.2567, 34.0336], [136.2567, 34.0337], [136.2561, 34.0339], [136.2562, 34.0342], [136.256, 34.0342], [136.2564, 34.0346], [136.2563, 34.0349], [136.2565, 34.0351], [136.2561, 34.0352], [136.2555, 34.0362], [136.2551, 34.0364], [136.2544, 34.0363], [136.2539, 34.036], [136.2536, 34.0359], [136.2532, 34.036], [136.2533, 34.0362], [136.253, 34.0364], [136.2528, 34.0363], [136.2521, 34.0363], [136.2517, 34.0373], [136.251, 34.0377], [136.2503, 34.038], [136.2492, 34.0378], [136.2484, 34.0383], [136.2479, 34.0383], [136.2473, 34.0379], [136.2467, 34.0378], [136.2462, 34.038], [136.2457, 34.0378], [136.2455, 34.0381], [136.245, 34.0378], [136.2445, 34.0383], [136.2441, 34.0396], [136.2444, 34.04], [136.2441, 34.0402], [136.2447, 34.0408], [136.2447, 34.041], [136.2455, 34.0419], [136.2454, 34.0426], [136.245, 34.0432], [136.2456, 34.045], [136.2453, 34.0451], [136.2449, 34.0459], [136.2448, 34.0468], [136.2445, 34.0477], [136.2439, 34.0484], [136.2435, 34.05], [136.2437, 34.0503], [136.2438, 34.0515], [136.2442, 34.0522], [136.2446, 34.0525], [136.2453, 34.0524], [136.2455, 34.0525], [136.2448, 34.0528], [136.2448, 34.053], [136.2446, 34.0532], [136.2447, 34.0533], [136.2443, 34.0538], [136.2443, 34.0552], [136.2446, 34.0551], [136.2449, 34.0552], [136.2444, 34.0555], [136.2445, 34.0556], [136.2446, 34.0555], [136.2448, 34.0557], [136.2444, 34.0559], [136.2442, 34.0562], [136.2444, 34.0564], [136.2441, 34.0564], [136.2443, 34.0565], [136.2437, 34.0568], [136.2432, 34.0578], [136.2431, 34.0593], [136.2433, 34.0597], [136.2438, 34.0601], [136.2442, 34.0601], [136.2444, 34.0603], [136.2444, 34.0601], [136.2447, 34.0602], [136.2445, 34.0605], [136.2449, 34.0607], [136.2452, 34.0602], [136.2456, 34.0603], [136.2459, 34.0607], [136.2467, 34.0604], [136.2475, 34.0605], [136.2479, 34.0608], [136.2483, 34.0608], [136.249, 34.06], [136.2493, 34.06], [136.2495, 34.0599], [136.2497, 34.0599], [136.2495, 34.0598], [136.2496, 34.0597], [136.25, 34.0598], [136.2504, 34.0597], [136.2505, 34.0599], [136.2501, 34.06], [136.2501, 34.0602], [136.251, 34.0605], [136.2509, 34.0607], [136.252, 34.0609], [136.2522, 34.0612], [136.2528, 34.0613], [136.253, 34.0615], [136.2526, 34.0618], [136.2518, 34.0616], [136.2511, 34.0616], [136.2506, 34.0618], [136.2504, 34.062], [136.2492, 34.0622], [136.2489, 34.0626], [136.2491, 34.0628], [136.249, 34.0632], [136.2494, 34.0633], [136.249, 34.0633], [136.2491, 34.0635], [136.2479, 34.0639], [136.2467, 34.0635], [136.246, 34.0638], [136.2454, 34.0636], [136.2451, 34.0632], [136.2445, 34.0632], [136.2441, 34.0636], [136.2441, 34.0642], [136.2438, 34.0654], [136.2429, 34.0654], [136.2425, 34.0641], [136.2416, 34.064], [136.2419, 34.0639], [136.2418, 34.0635], [136.2411, 34.0639], [136.2412, 34.0643], [136.241, 34.0644], [136.2409, 34.0642], [136.2401, 34.0642], [136.2398, 34.0638], [136.239, 34.0638], [136.2385, 34.064], [136.2383, 34.0644], [136.2377, 34.0646], [136.2374, 34.065], [136.2364, 34.0646], [136.2364, 34.0644], [136.2348, 34.0639], [136.2337, 34.0643], [136.2332, 34.065], [136.2332, 34.0653], [136.2328, 34.0655], [136.2318, 34.0651], [136.2309, 34.065], [136.2308, 34.0652], [136.2305, 34.0651], [136.2297, 34.0652], [136.2284, 34.0652], [136.2284, 34.0654], [136.2279, 34.0654], [136.228, 34.0656], [136.2275, 34.0657], [136.2271, 34.0655], [136.2269, 34.0656], [136.2266, 34.0656], [136.2268, 34.0647], [136.2271, 34.0645], [136.227, 34.0644], [136.2268, 34.0641], [136.2255, 34.0635], [136.2248, 34.0634], [136.2248, 34.0633], [136.2245, 34.0635], [136.224, 34.0634], [136.2233, 34.0633], [136.2232, 34.063], [136.2233, 34.0633], [136.223, 34.0633], [136.2214, 34.0628], [136.2208, 34.0624], [136.2203, 34.0624], [136.219, 34.0628], [136.2186, 34.0616], [136.2178, 34.0607], [136.217, 34.0611], [136.216, 34.0623], [136.2159, 34.0632], [136.216, 34.0638], [136.2151, 34.0642], [136.214, 34.0642], [136.2134, 34.0637], [136.2118, 34.0634], [136.2109, 34.0628], [136.2097, 34.0624], [136.2092, 34.0625], [136.2082, 34.0632], [136.2079, 34.0629], [136.2085, 34.0625], [136.2077, 34.0627], [136.2077, 34.0624], [136.2088, 34.0616], [136.2086, 34.0616], [136.2077, 34.0624], [136.2075, 34.0617], [136.2068, 34.0619]]], [[[136.2515, 34.059], [136.2512, 34.0591], [136.2512, 34.0588], [136.2515, 34.0585], [136.252, 34.0587], [136.252, 34.059], [136.2515, 34.059]]], [[[136.2537, 34.0646], [136.254, 34.0648], [136.2542, 34.0652], [136.2536, 34.0645], [136.2537, 34.0646]]], [[[136.2379, 34.0665], [136.2377, 34.0667], [136.2378, 34.0664], [136.2376, 34.0666], [136.2376, 34.0663], [136.2374, 34.0661], [136.2377, 34.0655], [136.2381, 34.0655], [136.2382, 34.0657], [136.2379, 34.0657], [136.2379, 34.0658], [136.2382, 34.0659], [136.2382, 34.0663], [136.2381, 34.0664], [136.2379, 34.0665]]], [[[136.2439, 34.0662], [136.244, 34.0664], [136.2438, 34.0666], [136.2433, 34.0665], [136.2431, 34.0663], [136.2432, 34.0661], [136.2435, 34.066], [136.2439, 34.0662]]], [[[136.2496, 34.0779], [136.2494, 34.0785], [136.2488, 34.0789], [136.2493, 34.078], [136.2496, 34.0779]]], [[[136.2603, 34.0577], [136.2608, 34.0579], [136.2615, 34.0577], [136.2618, 34.058], [136.2622, 34.0579], [136.2631, 34.0581], [136.2634, 34.0583], [136.2632, 34.0588], [136.2627, 34.0593], [136.2627, 34.0602], [136.2629, 34.0602], [136.2623, 34.061], [136.2614, 34.0609], [136.2609, 34.0613], [136.2604, 34.0611], [136.2599, 34.0614], [136.2598, 34.0613], [136.2589, 34.0612], [136.2576, 34.0608], [136.2571, 34.0608], [136.2562, 34.0604], [136.2564, 34.0599], [136.2572, 34.0596], [136.2571, 34.0594], [136.2577, 34.0594], [136.2578, 34.059], [136.2576, 34.0591], [136.2577, 34.0587], [136.259, 34.059], [136.2587, 34.0587], [136.2588, 34.0586], [136.2593, 34.0586], [136.2595, 34.058], [136.2597, 34.058], [136.2597, 34.0582], [136.2602, 34.0582], [136.2602, 34.0584], [136.2605, 34.0581], [136.26, 34.0577], [136.2603, 34.0577]]], [[[136.2914, 34.0815], [136.2925, 34.0819], [136.2927, 34.082], [136.2925, 34.0821], [136.293, 34.0822], [136.2931, 34.0826], [136.2928, 34.0827], [136.2917, 34.0824], [136.2916, 34.0822], [136.2919, 34.0821], [136.2915, 34.082], [136.2912, 34.0815], [136.2914, 34.0815]]], [[[136.3025, 34.0993], [136.3019, 34.0996], [136.3008, 34.1009], [136.3006, 34.1014], [136.2995, 34.1021], [136.2996, 34.1033], [136.2993, 34.1037], [136.2986, 34.1043], [136.2966, 34.105], [136.2952, 34.1047], [136.2949, 34.1051], [136.2938, 34.1056], [136.2934, 34.106], [136.2931, 34.1069], [136.2924, 34.1078], [136.2905, 34.1075], [136.2899, 34.1076], [136.289, 34.1086], [136.2884, 34.1089], [136.2878, 34.1105], [136.2861, 34.1105], [136.2856, 34.111], [136.2842, 34.1114], [136.2838, 34.1118], [136.2826, 34.112], [136.2823, 34.1128], [136.2804, 34.1132], [136.2794, 34.1133], [136.2783, 34.1127], [136.2774, 34.1127], [136.2768, 34.1124], [136.2759, 34.1123], [136.2757, 34.1102], [136.2751, 34.1094], [136.2734, 34.109], [136.2729, 34.1086], [136.2721, 34.1085], [136.2716, 34.1079], [136.2708, 34.1077], [136.2698, 34.1071], [136.2669, 34.1067], [136.2661, 34.1064], [136.2654, 34.1057], [136.2645, 34.1056], [136.2638, 34.1059], [136.2634, 34.1057], [136.2633, 34.105], [136.263, 34.1048], [136.2601, 34.1035], [136.2583, 34.1032], [136.2574, 34.1016], [136.2566, 34.1009], [136.2557, 34.1004], [136.2551, 34.099], [136.2547, 34.0972], [136.2546, 34.0953], [136.255, 34.0943], [136.2553, 34.0924], [136.2558, 34.0915], [136.2571, 34.0906], [136.2575, 34.09], [136.2565, 34.0892], [136.2548, 34.0886], [136.2542, 34.0882], [136.2548, 34.0881], [136.2552, 34.0882], [136.2546, 34.0882], [136.2548, 34.0883], [136.2563, 34.0884], [136.2558, 34.0881], [136.2564, 34.0882], [136.2568, 34.0879], [136.2568, 34.0878], [136.2574, 34.0879], [136.2572, 34.0875], [136.259, 34.0884], [136.2592, 34.089], [136.2597, 34.0889], [136.2599, 34.0895], [136.2604, 34.0898], [136.2606, 34.0905], [136.2605, 34.0916], [136.2601, 34.0917], [136.2596, 34.0931], [136.2599, 34.094], [136.2597, 34.0943], [136.2598, 34.0952], [136.2594, 34.0956], [136.2598, 34.0968], [136.2588, 34.0978], [136.2592, 34.0986], [136.2597, 34.0991], [136.2612, 34.0998], [136.2618, 34.1005], [136.2627, 34.1012], [136.2629, 34.1013], [136.2631, 34.1011], [136.263, 34.1013], [136.2647, 34.1018], [136.2667, 34.1028], [136.2669, 34.1026], [136.2669, 34.1027], [136.2676, 34.1026], [136.2684, 34.1022], [136.2692, 34.1016], [136.271, 34.1007], [136.2712, 34.101], [136.2712, 34.1022], [136.2718, 34.1023], [136.2723, 34.1022], [136.2724, 34.1025], [136.2725, 34.1021], [136.2733, 34.1022], [136.2738, 34.1025], [136.2735, 34.1022], [136.2736, 34.1018], [136.2726, 34.1016], [136.2728, 34.1], [136.2722, 34.0992], [136.271, 34.0988], [136.2705, 34.0989], [136.2683, 34.0986], [136.2681, 34.0988], [136.2679, 34.0996], [136.2667, 34.1001], [136.2653, 34.0987], [136.2647, 34.0974], [136.2648, 34.0972], [136.2647, 34.097], [136.2649, 34.0971], [136.2651, 34.0969], [136.2649, 34.0967], [136.2653, 34.0968], [136.2662, 34.0961], [136.2663, 34.0957], [136.2664, 34.0953], [136.2659, 34.0945], [136.2655, 34.0942], [136.2656, 34.0941], [136.2654, 34.0938], [136.2655, 34.0935], [136.2661, 34.0931], [136.2664, 34.093], [136.2667, 34.0925], [136.267, 34.0925], [136.2677, 34.0921], [136.2678, 34.0917], [136.2687, 34.0916], [136.2689, 34.0915], [136.2689, 34.0914], [136.2694, 34.0913], [136.2694, 34.0912], [136.2697, 34.0913], [136.2704, 34.0905], [136.2706, 34.0897], [136.2705, 34.0891], [136.2699, 34.0887], [136.2693, 34.0885], [136.2693, 34.0882], [136.269, 34.0882], [136.2692, 34.088], [136.2688, 34.0879], [136.2685, 34.0874], [136.2701, 34.087], [136.2719, 34.0872], [136.2719, 34.087], [136.2722, 34.0868], [136.2719, 34.0865], [136.2723, 34.0861], [136.272, 34.0859], [136.2723, 34.0859], [136.2722, 34.0858], [136.2725, 34.0857], [136.2722, 34.0855], [136.2718, 34.0855], [136.2724, 34.0853], [136.2722, 34.0852], [136.2726, 34.0849], [136.2722, 34.0849], [136.2721, 34.0846], [136.2725, 34.0843], [136.2719, 34.0839], [136.2715, 34.084], [136.2714, 34.0836], [136.271, 34.0837], [136.269, 34.0833], [136.2684, 34.083], [136.2684, 34.0826], [136.2681, 34.0827], [136.2673, 34.0825], [136.267, 34.0823], [136.2669, 34.0818], [136.267, 34.0816], [136.2676, 34.0817], [136.268, 34.0815], [136.2699, 34.0817], [136.27, 34.082], [136.2707, 34.0823], [136.2707, 34.0826], [136.2711, 34.0826], [136.2711, 34.0828], [136.2714, 34.083], [136.2715, 34.0827], [136.2721, 34.083], [136.273, 34.0831], [136.2729, 34.0826], [136.2734, 34.0826], [136.2749, 34.0839], [136.2758, 34.0845], [136.2769, 34.0848], [136.2775, 34.0853], [136.2784, 34.0852], [136.2796, 34.0857], [136.2799, 34.0859], [136.2797, 34.086], [136.2799, 34.0863], [136.2795, 34.0865], [136.2796, 34.0867], [136.2792, 34.0868], [136.2794, 34.0871], [136.279, 34.0872], [136.2795, 34.0874], [136.279, 34.0875], [136.2791, 34.088], [136.2804, 34.0882], [136.2807, 34.0886], [136.2802, 34.0886], [136.2806, 34.0889], [136.281, 34.089], [136.2815, 34.0894], [136.2812, 34.0898], [136.2809, 34.0898], [136.281, 34.0901], [136.2808, 34.09], [136.2806, 34.0907], [136.2803, 34.0909], [136.2802, 34.0913], [136.28, 34.0915], [136.2802, 34.0922], [136.2801, 34.0928], [136.2797, 34.0932], [136.2804, 34.0944], [136.2817, 34.095], [136.2827, 34.0952], [136.2835, 34.095], [136.2837, 34.0947], [136.2838, 34.0948], [136.2839, 34.0946], [136.2848, 34.0942], [136.2851, 34.0939], [136.2852, 34.0941], [136.2861, 34.0939], [136.2861, 34.0937], [136.2859, 34.0936], [136.286, 34.0935], [136.2866, 34.0935], [136.2866, 34.0937], [136.2863, 34.0937], [136.2869, 34.094], [136.2875, 34.094], [136.2876, 34.0938], [136.2881, 34.0939], [136.2882, 34.094], [136.288, 34.094], [136.2887, 34.0942], [136.2893, 34.0948], [136.289, 34.0956], [136.2893, 34.0963], [136.2898, 34.0968], [136.2903, 34.097], [136.2915, 34.097], [136.2918, 34.0967], [136.293, 34.0966], [136.2938, 34.0961], [136.2944, 34.095], [136.2943, 34.0947], [136.2939, 34.0946], [136.2937, 34.0942], [136.2934, 34.0942], [136.2936, 34.0941], [136.2936, 34.0939], [136.2934, 34.0936], [136.2933, 34.0925], [136.2929, 34.0922], [136.2934, 34.092], [136.2933, 34.0918], [136.2934, 34.0912], [136.2929, 34.0905], [136.293, 34.0904], [136.2928, 34.0903], [136.2929, 34.0901], [136.2926, 34.0899], [136.2925, 34.0894], [136.2924, 34.0893], [136.2919, 34.0894], [136.2921, 34.0891], [136.2918, 34.089], [136.2919, 34.0887], [136.2915, 34.0887], [136.2914, 34.0885], [136.2925, 34.0883], [136.2928, 34.0885], [136.2927, 34.0886], [136.2931, 34.0885], [136.2936, 34.0887], [136.2945, 34.0886], [136.2952, 34.0881], [136.2955, 34.0877], [136.2954, 34.0874], [136.2948, 34.0871], [136.2948, 34.0869], [136.2944, 34.0865], [136.2949, 34.0864], [136.295, 34.0862], [136.2949, 34.0862], [136.2953, 34.0861], [136.2961, 34.0865], [136.2965, 34.0868], [136.2966, 34.0867], [136.2963, 34.0865], [136.2965, 34.0864], [136.2963, 34.0862], [136.2966, 34.0861], [136.2972, 34.0864], [136.2971, 34.0865], [136.2977, 34.0866], [136.2979, 34.0869], [136.2975, 34.0871], [136.2973, 34.087], [136.2972, 34.0872], [136.297, 34.0873], [136.2969, 34.0877], [136.2968, 34.0876], [136.2966, 34.0879], [136.2965, 34.0885], [136.2971, 34.0895], [136.2975, 34.0896], [136.2977, 34.0899], [136.2982, 34.09], [136.298, 34.0901], [136.2983, 34.0905], [136.2984, 34.0914], [136.2991, 34.0915], [136.2992, 34.0917], [136.2991, 34.0921], [136.2992, 34.0924], [136.2994, 34.0927], [136.2999, 34.0929], [136.2997, 34.093], [136.3, 34.0931], [136.2997, 34.0933], [136.3003, 34.0938], [136.3, 34.0939], [136.3001, 34.0942], [136.2999, 34.0946], [136.3, 34.0949], [136.3008, 34.0955], [136.3011, 34.0954], [136.3014, 34.0956], [136.3011, 34.0958], [136.302, 34.0963], [136.3019, 34.0966], [136.3023, 34.0967], [136.3024, 34.097], [136.3042, 34.097], [136.3045, 34.0973], [136.3031, 34.0975], [136.3026, 34.0981], [136.3027, 34.0983], [136.3025, 34.0983], [136.3031, 34.0985], [136.3026, 34.0984], [136.3028, 34.0987], [136.3024, 34.0986], [136.3025, 34.0987], [136.3022, 34.0991], [136.3023, 34.0992], [136.3021, 34.0993], [136.3025, 34.0993]]], [[[136.2889, 34.0822], [136.2882, 34.0824], [136.2884, 34.0822], [136.2882, 34.0818], [136.2898, 34.0813], [136.291, 34.0818], [136.2908, 34.0819], [136.2908, 34.0821], [136.29, 34.082], [136.2901, 34.0822], [136.2889, 34.0822]]], [[[136.2574, 34.087], [136.2571, 34.0869], [136.2571, 34.0866], [136.2581, 34.0865], [136.2584, 34.0865], [136.2585, 34.0867], [136.258, 34.087], [136.2574, 34.087]]], [[[136.2979, 34.086], [136.2981, 34.0861], [136.2978, 34.0863], [136.2979, 34.0864], [136.2976, 34.0864], [136.2973, 34.0862], [136.2979, 34.086]]], [[[136.2971, 34.0856], [136.298, 34.0859], [136.2966, 34.0857], [136.2971, 34.0856]]], [[[136.2974, 34.0851], [136.2974, 34.0853], [136.2972, 34.0854], [136.2964, 34.085], [136.2975, 34.0848], [136.298, 34.085], [136.2981, 34.0852], [136.2977, 34.0853], [136.2974, 34.0851]]], [[[136.2808, 34.084], [136.2809, 34.0842], [136.2807, 34.0844], [136.2803, 34.0847], [136.2801, 34.0846], [136.2801, 34.0843], [136.2808, 34.084]]], [[[136.2707, 34.03], [136.2709, 34.0301], [136.2708, 34.0304], [136.2703, 34.0304], [136.2703, 34.0301], [136.2707, 34.03]]], [[[136.2401, 33.9685], [136.2401, 33.9686], [136.2397, 33.9687], [136.2391, 33.9684], [136.2397, 33.9681], [136.2404, 33.9685], [136.2401, 33.9685]]]]}, "properties": {"name": "三重県尾鷲市"}}, {"type": "Feature", "geometry": {"type": "Polygon", "coordinates": [[[136.4871, 34.8022], [136.4867, 34.8028], [136.4867, 34.8032], [136.4869, 34.8033], [136.4868, 34.8039], [136.4871, 34.8042], [136.4871, 34.8047], [136.4875, 34.8056], [136.4879, 34.8057], [136.488, 34.8061], [136.4892, 34.8057], [136.4894, 34.8065], [136.49, 34.8064], [136.4904, 34.8067], [136.491, 34.8067], [136.4913, 34.8077], [136.4922, 34.8087], [136.4922, 34.8092], [136.4926, 34.8099], [136.4926, 34.8104], [136.492, 34.8112], [136.4922, 34.8117], [136.4918, 34.8118], [136.4916, 34.8123], [136.4905, 34.8123], [136.4899, 34.8119], [136.4893, 34.8126], [136.489, 34.8131], [136.4886, 34.8132], [136.4882, 34.8139], [136.4884, 34.8144], [136.4883, 34.815], [136.4888, 34.8154], [136.4891, 34.8154], [136.4892, 34.8156], [136.4896, 34.8156], [136.4897, 34.816], [136.4901, 34.8164], [136.49, 34.8174], [136.4903, 34.8176], [136.491, 34.819], [136.4913, 34.82], [136.4911, 34.8206], [136.4916, 34.8211], [136.4917, 34.8235], [136.4913, 34.824], [136.4909, 34.8261], [136.4894, 34.8282], [136.4891, 34.8293], [136.4888, 34.8298], [136.4878, 34.8313], [136.4854, 34.8328], [136.486, 34.8338], [136.4861, 34.8343], [136.4859, 34.8346], [136.4852, 34.8352], [136.4818, 34.8362], [136.4818, 34.8365], [136.4815, 34.8368], [136.4826, 34.8375], [136.4827, 34.8383], [136.4818, 34.8393], [136.4817, 34.8397], [136.4818, 34.84], [136.4825, 34.8406], [136.4829, 34.8412], [136.4829, 34.8419], [136.4833, 34.8419], [136.4834, 34.8423], [136.4837, 34.8424], [136.4837, 34.8426], [136.4849, 34.8427], [136.4861, 34.8437], [136.4859, 34.8446], [136.4863, 34.8452], [136.4864, 34.8456], [136.4867, 34.8458], [136.4862, 34.8461], [136.4862, 34.8463], [136.4865, 34.8467], [136.4862, 34.8474], [136.4872, 34.8487], [136.4884, 34.8497], [136.4876, 34.8503], [136.4872, 34.8511], [136.489, 34.8523], [136.4905, 34.8548], [136.4915, 34.8575], [136.4916, 34.8599], [136.4929, 34.8624], [136.4939, 34.8636], [136.4964, 34.8648], [136.4961, 34.8654], [136.4963, 34.8655], [136.4958, 34.8666], [136.4959, 34.8666], [136.4958, 34.867], [136.4963, 34.8672], [136.495, 34.8687], [136.4943, 34.87], [136.494, 34.8702], [136.4939, 34.8709], [136.4937, 34.8711], [136.493, 34.8709], [136.4925, 34.8709], [136.4913, 34.8703], [136.4906, 34.8706], [136.4898, 34.8706], [136.4896, 34.8707], [136.4895, 34.871], [136.4888, 34.8712], [136.4892, 34.872], [136.4885, 34.8724], [136.4884, 34.8734], [136.4882, 34.8735], [136.4882, 34.8737], [136.4886, 34.8738], [136.4888, 34.8736], [136.4889, 34.8727], [136.4895, 34.8725], [136.4897, 34.8731], [136.4893, 34.874], [136.4899, 34.874], [136.4898, 34.8751], [136.4894, 34.8751], [136.4891, 34.8753], [136.4896, 34.8755], [136.4897, 34.8758], [136.4904, 34.8756], [136.4912, 34.8764], [136.4915, 34.8761], [136.4919, 34.876], [136.4919, 34.8764], [136.4934, 34.8758], [136.4945, 34.8774], [136.4945, 34.8793], [136.4947, 34.8795], [136.495, 34.8806], [136.4945, 34.881], [136.4946, 34.8822], [136.4948, 34.8826], [136.4948, 34.8829], [136.495, 34.8833], [136.4955, 34.886], [136.4939, 34.8861], [136.4934, 34.8877], [136.4957, 34.8873], [136.496, 34.8883], [136.4927, 34.8889], [136.4936, 34.8919], [136.4916, 34.8923], [136.4943, 34.9014], [136.4923, 34.9018], [136.4921, 34.9012], [136.4901, 34.9016], [136.49, 34.9011], [136.488, 34.9015], [136.4884, 34.9026], [136.4855, 34.9031], [136.486, 34.9039], [136.4866, 34.9044], [136.4867, 34.9051], [136.4853, 34.9057], [136.4843, 34.9057], [136.4841, 34.9059], [136.4841, 34.9063], [136.4847, 34.9069], [136.485, 34.9074], [136.4847, 34.9082], [136.4849, 34.9082], [136.485, 34.9084], [136.4854, 34.9084], [136.4855, 34.9086], [136.4857, 34.9086], [136.4859, 34.9092], [136.486, 34.9102], [136.4855, 34.9104], [136.486, 34.9112], [136.4852, 34.9117], [136.4847, 34.9117], [136.4846, 34.9116], [136.4835, 34.9113], [136.4835, 34.9109], [136.483, 34.9102], [136.4829, 34.9088], [136.4825, 34.9083], [136.4809, 34.9075], [136.4803, 34.9056], [136.4794, 34.9058], [136.4792, 34.9053], [136.4774, 34.9066], [136.4771, 34.9059], [136.4773, 34.9059], [136.477, 34.9051], [136.4753, 34.9057], [136.475, 34.9051], [136.4747, 34.9052], [136.4746, 34.9049], [136.4743, 34.905], [136.4742, 34.9048], [136.4739, 34.9049], [136.474, 34.9052], [136.4738, 34.9052], [136.4737, 34.905], [136.4726, 34.9053], [136.4726, 34.9051], [136.4715, 34.9047], [136.4715, 34.9051], [136.4709, 34.9049], [136.47, 34.9051], [136.4682, 34.9038], [136.467, 34.9035], [136.4662, 34.9037], [136.4657, 34.9041], [136.4654, 34.9042], [136.4652, 34.9041], [136.4642, 34.9048], [136.4628, 34.9042], [136.462, 34.9043], [136.4611, 34.9041], [136.4604, 34.9041], [136.4598, 34.9046], [136.459, 34.9046], [136.4588, 34.9048], [136.4577, 34.9049], [136.4565, 34.9046], [136.4562, 34.9042], [136.4557, 34.9042], [136.4549, 34.9056], [136.4549, 34.9061], [136.4541, 34.9063], [136.4528, 34.9063], [136.4511, 34.9056], [136.4499, 34.9056], [136.4495, 34.9067], [136.4488, 34.9069], [136.4487, 34.9072], [136.4476, 34.9081], [136.4459, 34.9089], [136.4459, 34.9095], [136.4455, 34.9099], [136.4446, 34.9115], [136.4447, 34.9119], [136.4453, 34.9123], [136.4455, 34.9127], [136.4452, 34.9137], [136.4441, 34.9142], [136.4436, 34.9148], [136.4417, 34.9146], [136.4412, 34.9153], [136.4414, 34.9165], [136.441, 34.9168], [136.4398, 34.9172], [136.4389, 34.9171], [136.4367, 34.916], [136.4365, 34.916], [136.4363, 34.9162], [136.4354, 34.9162], [136.435, 34.9173], [136.4354, 34.9179], [136.4352, 34.9186], [136.4335, 34.9192], [136.4328, 34.9199], [136.4326, 34.9204], [136.4314, 34.9205], [136.4309, 34.9208], [136.4309, 34.9213], [136.4307, 34.9215], [136.4307, 34.9218], [136.4303, 34.9227], [136.4312, 34.9241], [136.4312, 34.9252], [136.4304, 34.926], [136.4304, 34.9263], [136.4305, 34.9275], [136.4313, 34.9294], [136.431, 34.9296], [136.4312, 34.931], [136.4297, 34.9313], [136.4289, 34.9312], [136.4276, 34.9322], [136.4267, 34.9322], [136.4268, 34.9325], [136.4262, 34.9333], [136.4253, 34.9337], [136.4248, 34.9341], [136.4247, 34.9345], [136.4253, 34.9354], [136.4248, 34.9364], [136.4238, 34.9375], [136.4227, 34.9382], [136.4227, 34.9397], [136.4214, 34.9413], [136.4211, 34.9414], [136.4203, 34.9413], [136.4202, 34.942], [136.4203, 34.9438], [136.4199, 34.9446], [136.4135, 34.9474], [136.4108, 34.9474], [136.4101, 34.9478], [136.4085, 34.9482], [136.4075, 34.9494], [136.407, 34.9495], [136.4063, 34.9494], [136.405, 34.9503], [136.4038, 34.9499], [136.4026, 34.9498], [136.4014, 34.9491], [136.401, 34.9495], [136.4003, 34.9498], [136.3998, 34.9496], [136.3994, 34.9502], [136.3987, 34.9503], [136.3987, 34.9507], [136.3976, 34.9508], [136.3972, 34.9512], [136.3967, 34.9513], [136.3964, 34.9516], [136.3955, 34.9519], [136.3948, 34.9514], [136.3931, 34.9509], [136.3922, 34.9511], [136.3914, 34.9514], [136.3904, 34.9515], [136.3902, 34.9521], [136.3899, 34.9524], [136.3885, 34.9524], [136.3875, 34.9531], [136.3865, 34.9525], [136.3857, 34.9526], [136.3847, 34.9515], [136.3845, 34.9508], [136.3826, 34.9497], [136.3818, 34.9485], [136.3804, 34.9479], [136.38, 34.9473], [136.3798, 34.9468], [136.379, 34.946], [136.3772, 34.9455], [136.3757, 34.9442], [136.374, 34.9433], [136.3732, 34.9424], [136.3725, 34.9422], [136.3731, 34.9415], [136.3741, 34.9406], [136.3755, 34.94], [136.3753, 34.9388], [136.3749, 34.9386], [136.375, 34.9382], [136.3749, 34.9377], [136.3741, 34.9367], [136.3742, 34.9364], [136.373, 34.9356], [136.3727, 34.9349], [136.3721, 34.9346], [136.3718, 34.9342], [136.3718, 34.9329], [136.3722, 34.932], [136.3717, 34.9307], [136.3727, 34.9296], [136.3729, 34.9282], [136.3723, 34.9275], [136.3727, 34.9267], [136.3742, 34.9254], [136.3752, 34.9251], [136.3753, 34.9245], [136.3742, 34.9241], [136.3739, 34.9239], [136.3732, 34.9239], [136.3725, 34.9236], [136.3706, 34.9236], [136.3697, 34.9231], [136.3691, 34.9229], [136.3686, 34.9224], [136.3681, 34.9224], [136.3679, 34.9221], [136.3679, 34.9215], [136.3671, 34.9204], [136.3675, 34.92], [136.3679, 34.9198], [136.368, 34.9194], [136.3682, 34.9191], [136.3672, 34.9168], [136.3678, 34.9164], [136.368, 34.916], [136.3683, 34.9159], [136.3685, 34.9149], [136.3673, 34.9141], [136.367, 34.9137], [136.3654, 34.9132], [136.3651, 34.9129], [136.3646, 34.9118], [136.3647, 34.91], [136.3651, 34.9095], [136.3649, 34.909], [136.366, 34.9082], [136.3656, 34.9069], [136.3659, 34.905], [136.3628, 34.9052], [136.3619, 34.905], [136.3613, 34.9045], [136.36, 34.9043], [136.3599, 34.9032], [136.3592, 34.9022], [136.3587, 34.9019], [136.3581, 34.9012], [136.3552, 34.8997], [136.3535, 34.8998], [136.3529, 34.8995], [136.3522, 34.8996], [136.3519, 34.8994], [136.3504, 34.8992], [136.35, 34.8989], [136.3497, 34.8975], [136.3492, 34.8968], [136.3479, 34.8957], [136.347, 34.8955], [136.3462, 34.8948], [136.3454, 34.8955], [136.3446, 34.8954], [136.344, 34.8956], [136.3437, 34.8959], [136.3434, 34.8959], [136.3431, 34.8955], [136.3425, 34.8959], [136.3421, 34.8956], [136.3415, 34.8958], [136.3405, 34.8957], [136.34, 34.8955], [136.3396, 34.8956], [136.3387, 34.8951], [136.3383, 34.8947], [136.3349, 34.8931], [136.334, 34.8929], [136.3335, 34.8926], [136.3321, 34.8924], [136.3304, 34.8923], [136.3298, 34.8913], [136.3291, 34.8908], [136.3285, 34.8899], [136.3277, 34.8895], [136.3272, 34.8893], [136.3268, 34.889], [136.3267, 34.8887], [136.3263, 34.8884], [136.3254, 34.8888], [136.3244, 34.8899], [136.3224, 34.8892], [136.3208, 34.8897], [136.3195, 34.8896], [136.3188, 34.8894], [136.318, 34.8889], [136.3174, 34.8881], [136.3164, 34.8879], [136.3159, 34.8874], [136.3143, 34.8869], [136.3133, 34.887], [136.3131, 34.8857], [136.3135, 34.8848], [136.3138, 34.8831], [136.3134, 34.882], [136.3137, 34.8816], [136.3133, 34.8813], [136.313, 34.8804], [136.3123, 34.8803], [136.3115, 34.8799], [136.3103, 34.8799], [136.3103, 34.8793], [136.3101, 34.8788], [136.3091, 34.8786], [136.3083, 34.8782], [136.3081, 34.8775], [136.3064, 34.8765], [136.306, 34.8755], [136.3052, 34.8753], [136.3049, 34.8748], [136.3041, 34.8749], [136.3035, 34.8748], [136.3033, 34.8753], [136.3023, 34.8763], [136.3018, 34.8764], [136.3014, 34.8761], [136.3008, 34.8762], [136.3003, 34.8758], [136.2994, 34.8759], [136.2988, 34.8755], [136.2985, 34.8747], [136.2981, 34.8746], [136.2978, 34.8734], [136.297, 34.8727], [136.2945, 34.872], [136.2942, 34.8715], [136.2928, 34.8703], [136.2923, 34.8707], [136.2918, 34.8707], [136.2914, 34.8704], [136.2907, 34.8704], [136.2904, 34.87], [136.2899, 34.8699], [136.2893, 34.8696], [136.2885, 34.8698], [136.2875, 34.8703], [136.2865, 34.8701], [136.2851, 34.8706], [136.2838, 34.8703], [136.2836, 34.8699], [136.2836, 34.869], [136.2832, 34.8687], [136.283, 34.8682], [136.2832, 34.8676], [136.2822, 34.8666], [136.2812, 34.8662], [136.281, 34.8659], [136.2808, 34.8652], [136.2812, 34.8649], [136.2813, 34.8645], [136.2805, 34.8636], [136.2803, 34.8626], [136.2797, 34.8623], [136.2792, 34.8613], [136.2786, 34.8608], [136.2781, 34.8608], [136.2777, 34.8605], [136.2777, 34.86], [136.2781, 34.8588], [136.2791, 34.858], [136.2799, 34.8568], [136.2807, 34.8565], [136.2827, 34.8566], [136.2843, 34.8555], [136.2839, 34.8547], [136.2839, 34.854], [136.2856, 34.8512], [136.2858, 34.8499], [136.2871, 34.8467], [136.2877, 34.8459], [136.2876, 34.8453], [136.2881, 34.8451], [136.2895, 34.8449], [136.2898, 34.8447], [136.2898, 34.8418], [136.2899, 34.841], [136.2893, 34.8406], [136.2891, 34.8403], [136.2875, 34.8396], [136.2867, 34.8384], [136.2856, 34.8375], [136.2851, 34.8376], [136.2846, 34.8379], [136.2839, 34.838], [136.2826, 34.8365], [136.2822, 34.8363], [136.2806, 34.8362], [136.2804, 34.8361], [136.2803, 34.8355], [136.28, 34.8353], [136.2785, 34.8352], [136.2783, 34.8348], [136.2785, 34.8341], [136.2776, 34.8329], [136.2772, 34.8327], [136.2777, 34.832], [136.2777, 34.831], [136.2769, 34.8304], [136.2767, 34.83], [136.2768, 34.8298], [136.2767, 34.8289], [136.2772, 34.8282], [136.2774, 34.8276], [136.2787, 34.827], [136.2789, 34.8266], [136.2784, 34.8254], [136.2786, 34.8248], [136.2784, 34.8244], [136.2777, 34.8235], [136.2777, 34.8233], [136.2782, 34.8231], [136.278, 34.8229], [136.2778, 34.822], [136.2773, 34.8214], [136.2765, 34.8209], [136.2759, 34.8208], [136.2754, 34.8196], [136.2749, 34.8194], [136.274, 34.8194], [136.273, 34.8191], [136.2724, 34.8194], [136.2708, 34.8196], [136.2706, 34.8196], [136.2699, 34.8187], [136.2687, 34.8187], [136.2679, 34.8189], [136.2667, 34.8188], [136.2669, 34.818], [136.2672, 34.8177], [136.2671, 34.817], [136.2673, 34.8159], [136.2678, 34.8155], [136.2694, 34.8157], [136.2703, 34.8154], [136.2719, 34.8154], [136.272, 34.8143], [136.2731, 34.8138], [136.2731, 34.8135], [136.2725, 34.8129], [136.2725, 34.8126], [136.2736, 34.812], [136.274, 34.8126], [136.2749, 34.8119], [136.2756, 34.8125], [136.276, 34.8121], [136.2766, 34.812], [136.2764, 34.8113], [136.2775, 34.8106], [136.278, 34.8107], [136.2783, 34.8104], [136.2791, 34.8107], [136.2799, 34.8105], [136.2804, 34.8107], [136.281, 34.8105], [136.2815, 34.8105], [136.2817, 34.8106], [136.2818, 34.8111], [136.2823, 34.8115], [136.2824, 34.8119], [136.2832, 34.8119], [136.284, 34.8125], [136.2849, 34.8123], [136.2859, 34.8124], [136.2869, 34.8124], [136.2876, 34.8127], [136.288, 34.8125], [136.2888, 34.8125], [136.2893, 34.8122], [136.2895, 34.8117], [136.2918, 34.812], [136.293, 34.8127], [136.2938, 34.8129], [136.2951, 34.8121], [136.2957, 34.8121], [136.2976, 34.8111], [136.2983, 34.811], [136.2997, 34.8106], [136.3003, 34.8107], [136.3007, 34.8105], [136.301, 34.81], [136.3016, 34.8097], [136.3021, 34.8096], [136.3026, 34.8099], [136.3029, 34.8099], [136.3039, 34.8087], [136.3046, 34.8085], [136.3049, 34.8081], [136.3057, 34.8081], [136.3063, 34.8083], [136.3071, 34.8083], [136.3078, 34.8081], [136.3087, 34.8079], [136.3091, 34.8074], [136.3102, 34.8075], [136.3105, 34.8072], [136.3122, 34.807], [136.3124, 34.8073], [136.3131, 34.8077], [136.3129, 34.8083], [136.3132, 34.809], [136.313, 34.8095], [136.3128, 34.8106], [136.3133, 34.8111], [136.3137, 34.8124], [136.3141, 34.8128], [136.3157, 34.8127], [136.3169, 34.8134], [136.3171, 34.8129], [136.3176, 34.8128], [136.3185, 34.812], [136.3199, 34.8123], [136.3209, 34.8119], [136.3213, 34.8122], [136.3218, 34.8122], [136.3223, 34.8125], [136.3223, 34.8128], [136.3228, 34.8132], [136.3227, 34.8135], [136.3227, 34.814], [136.3223, 34.8144], [136.323, 34.8152], [136.3225, 34.8159], [136.3228, 34.8163], [136.3228, 34.8167], [136.3231, 34.8168], [136.3232, 34.8173], [136.323, 34.8177], [136.3231, 34.8182], [136.3227, 34.8193], [136.3235, 34.8201], [136.3252, 34.8209], [136.3256, 34.8215], [136.3266, 34.8222], [136.3268, 34.8223], [136.3267, 34.8212], [136.3271, 34.8206], [136.3274, 34.8203], [136.3279, 34.8202], [136.3285, 34.8204], [136.329, 34.8198], [136.3315, 34.819], [136.3325, 34.8191], [136.3329, 34.8193], [136.3334, 34.8186], [136.334, 34.8183], [136.3347, 34.8185], [136.3356, 34.8192], [136.3374, 34.8198], [136.3382, 34.8191], [136.3392, 34.8194], [136.3394, 34.8192], [136.3405, 34.8189], [136.3418, 34.8192], [136.3423, 34.8187], [136.3434, 34.8185], [136.3443, 34.819], [136.345, 34.8188], [136.3456, 34.8191], [136.346, 34.8187], [136.347, 34.8192], [136.3479, 34.8192], [136.3484, 34.8193], [136.3487, 34.8199], [136.3496, 34.8205], [136.35, 34.8202], [136.3504, 34.8201], [136.3512, 34.8207], [136.3525, 34.8209], [136.353, 34.8215], [136.354, 34.8214], [136.3544, 34.8211], [136.3551, 34.8211], [136.3559, 34.8214], [136.3572, 34.8216], [136.3577, 34.8221], [136.3592, 34.8227], [136.3609, 34.8227], [136.362, 34.8224], [136.3625, 34.8227], [136.3632, 34.8226], [136.3646, 34.823], [136.3651, 34.8227], [136.3658, 34.8227], [136.3658, 34.8219], [136.3665, 34.8211], [136.3678, 34.8209], [136.3683, 34.8204], [136.3689, 34.8206], [136.3696, 34.8204], [136.3709, 34.8197], [136.3718, 34.82], [136.3736, 34.8199], [136.3744, 34.8204], [136.3754, 34.8205], [136.3756, 34.8215], [136.3772, 34.8223], [136.3783, 34.8225], [136.3786, 34.8228], [136.3788, 34.8233], [136.3794, 34.8235], [136.3798, 34.8252], [136.3806, 34.8256], [136.3813, 34.8269], [136.3812, 34.828], [136.383, 34.8285], [136.3838, 34.8291], [136.3842, 34.8301], [136.3847, 34.8303], [136.3858, 34.8313], [136.3862, 34.832], [136.3869, 34.8324], [136.3865, 34.8334], [136.3867, 34.8338], [136.3885, 34.8346], [136.3885, 34.8354], [136.3889, 34.8359], [136.3895, 34.8359], [136.3904, 34.8353], [136.391, 34.8351], [136.3916, 34.8352], [136.3933, 34.8359], [136.3937, 34.8358], [136.3944, 34.8354], [136.3953, 34.836], [136.3969, 34.8356], [136.3983, 34.837], [136.3997, 34.8368], [136.4026, 34.8371], [136.403, 34.8375], [136.4041, 34.838], [136.4045, 34.8384], [136.4038, 34.8394], [136.4037, 34.8407], [136.4031, 34.8411], [136.4032, 34.8417], [136.4034, 34.842], [136.4042, 34.8422], [136.4048, 34.8422], [136.4053, 34.8427], [136.4058, 34.8429], [136.4083, 34.8433], [136.4094, 34.8434], [136.4099, 34.8436], [136.4105, 34.8433], [136.4108, 34.8429], [136.4115, 34.8429], [136.4124, 34.8423], [136.4139, 34.8424], [136.4144, 34.842], [136.4151, 34.8411], [136.4157, 34.8411], [136.4167, 34.8404], [136.4175, 34.8395], [136.4181, 34.8395], [136.4194, 34.8401], [136.4198, 34.8406], [136.4214, 34.8408], [136.4218, 34.8411], [136.4223, 34.8426], [136.4223, 34.8437], [136.4221, 34.8442], [136.4221, 34.8446], [136.4232, 34.8439], [136.424, 34.8438], [136.4244, 34.8437], [136.425, 34.8433], [136.4256, 34.8432], [136.4259, 34.8428], [136.4264, 34.843], [136.4274, 34.8428], [136.4276, 34.8421], [136.4282, 34.8416], [136.4289, 34.8416], [136.4295, 34.841], [136.4308, 34.8407], [136.4313, 34.8417], [136.4327, 34.8415], [136.4332, 34.8411], [136.4338, 34.8405], [136.4348, 34.8401], [136.4347, 34.8393], [136.4349, 34.8391], [136.434, 34.838], [136.4353, 34.8376], [136.4355, 34.836], [136.4353, 34.8359], [136.4353, 34.8355], [136.4351, 34.8354], [136.4346, 34.8357], [136.4337, 34.8357], [136.4339, 34.8352], [136.4343, 34.8354], [136.435, 34.835], [136.4349, 34.8348], [136.434, 34.8344], [136.4338, 34.8332], [136.434, 34.833], [136.4335, 34.8325], [136.4343, 34.8319], [136.4344, 34.8314], [136.4351, 34.8314], [136.4349, 34.8302], [136.435, 34.8288], [136.4343, 34.8278], [136.4343, 34.8276], [136.4348, 34.8268], [136.4351, 34.8258], [136.4364, 34.8252], [136.4369, 34.8243], [136.4364, 34.8238], [136.4363, 34.8234], [136.4357, 34.8227], [136.4358, 34.8223], [136.436, 34.8219], [136.4365, 34.822], [136.4373, 34.8214], [136.4381, 34.8213], [136.4379, 34.8208], [136.4382, 34.8204], [136.4389, 34.8204], [136.4392, 34.8209], [136.4395, 34.8209], [136.4408, 34.8205], [136.4414, 34.8205], [136.4418, 34.8194], [136.4421, 34.8191], [136.4421, 34.8182], [136.4427, 34.8181], [136.4438, 34.8184], [136.447, 34.8159], [136.447, 34.8152], [136.4483, 34.8143], [136.4488, 34.8145], [136.4493, 34.8144], [136.4495, 34.814], [136.4495, 34.8132], [136.4497, 34.8125], [136.4496, 34.812], [136.4497, 34.8113], [136.4502, 34.8109], [136.4515, 34.8103], [136.4521, 34.8107], [136.4527, 34.8108], [136.4531, 34.8107], [136.4536, 34.8109], [136.4544, 34.8111], [136.4546, 34.8115], [136.4548, 34.8133], [136.4557, 34.8137], [136.4561, 34.8119], [136.4567, 34.812], [136.4577, 34.8116], [136.4587, 34.812], [136.459, 34.8122], [136.4589, 34.8128], [136.4596, 34.814], [136.461, 34.8145], [136.4611, 34.8154], [136.4623, 34.8151], [136.4625, 34.8148], [136.4629, 34.8147], [136.4625, 34.8141], [136.4621, 34.8138], [136.4619, 34.8131], [136.4616, 34.8127], [136.463, 34.8128], [136.463, 34.812], [136.4626, 34.8119], [136.4623, 34.8113], [136.4626, 34.8108], [136.4631, 34.8107], [136.4638, 34.8104], [136.4643, 34.811], [136.4639, 34.8117], [136.4649, 34.8131], [136.4657, 34.8126], [136.4658, 34.812], [136.4662, 34.812], [136.4666, 34.8116], [136.467, 34.8116], [136.4668, 34.8108], [136.4666, 34.8106], [136.4673, 34.8106], [136.4677, 34.8112], [136.4681, 34.8108], [136.4684, 34.8109], [136.4677, 34.8102], [136.4679, 34.8097], [136.467, 34.8093], [136.4666, 34.8092], [136.4663, 34.8089], [136.4664, 34.8084], [136.467, 34.8079], [136.4672, 34.8084], [136.4674, 34.8085], [136.4675, 34.809], [136.468, 34.8091], [136.4681, 34.8089], [136.469, 34.8089], [136.4702, 34.8103], [136.4701, 34.811], [136.4703, 34.8111], [136.4703, 34.8116], [136.4705, 34.8122], [136.4716, 34.8123], [136.4721, 34.8115], [136.4717, 34.8107], [136.4712, 34.8108], [136.4709, 34.81], [136.4731, 34.8097], [136.472, 34.809], [136.4723, 34.8087], [136.4734, 34.8088], [136.4744, 34.8095], [136.4747, 34.8094], [136.475, 34.809], [136.4749, 34.8087], [136.4743, 34.8086], [136.4744, 34.8081], [136.4755, 34.8083], [136.4763, 34.8075], [136.4767, 34.8074], [136.4772, 34.808], [136.4773, 34.8084], [136.4779, 34.8085], [136.4779, 34.8087], [136.4781, 34.8088], [136.4782, 34.8085], [136.4788, 34.8085], [136.4795, 34.8067], [136.4791, 34.8058], [136.4787, 34.8058], [136.4783, 34.8064], [136.4777, 34.8064], [136.4773, 34.8062], [136.4775, 34.8059], [136.4774, 34.8041], [136.478, 34.8036], [136.4786, 34.8034], [136.4798, 34.8038], [136.4794, 34.8045], [136.4794, 34.8049], [136.4792, 34.8056], [136.4795, 34.8062], [136.4817, 34.8063], [136.4817, 34.8058], [136.482, 34.8053], [136.4821, 34.8049], [136.482, 34.8043], [136.4824, 34.8045], [136.4826, 34.8064], [136.4823, 34.8068], [136.4827, 34.8071], [136.4831, 34.8067], [136.4831, 34.8063], [136.4833, 34.8059], [136.4829, 34.8056], [136.4828, 34.8053], [136.4833, 34.8049], [136.4845, 34.8049], [136.4846, 34.8043], [136.4851, 34.8042], [136.485, 34.8037], [136.4855, 34.8034], [136.4855, 34.8022], [136.4863, 34.8021], [136.4871, 34.8022]]]}, "properties": {"name": "三重県亀山市"}}, {"type": "Feature", "geometry": {"type": "MultiPolygon", "coordinates": [[[[136.8768, 34.38], [136.8774, 34.3799], [136.8798, 34.3805], [136.8804, 34.3804], [136.8805, 34.3802], [136.8807, 34.3802], [136.881, 34.3807], [136.8819, 34.381], [136.8817, 34.3811], [136.8818, 34.3818], [136.8813, 34.3821], [136.8814, 34.3824], [136.8812, 34.3826], [136.8813, 34.3832], [136.8818, 34.3838], [136.8829, 34.3845], [136.8828, 34.3851], [136.8831, 34.3855], [136.8827, 34.3857], [136.8827, 34.3859], [136.8833, 34.3873], [136.883, 34.3877], [136.8817, 34.3871], [136.882, 34.3877], [136.8814, 34.3876], [136.8811, 34.3878], [136.8804, 34.388], [136.8796, 34.388], [136.8792, 34.3881], [136.8792, 34.3886], [136.8794, 34.3887], [136.8798, 34.3885], [136.8801, 34.3887], [136.8807, 34.3887], [136.8811, 34.3886], [136.8812, 34.3884], [136.8815, 34.3884], [136.8818, 34.3885], [136.8825, 34.3884], [136.8821, 34.3891], [136.8821, 34.3903], [136.8826, 34.3904], [136.8829, 34.3898], [136.8837, 34.3895], [136.8838, 34.3892], [136.8837, 34.3889], [136.8841, 34.3884], [136.8845, 34.3885], [136.8847, 34.3884], [136.8848, 34.3885], [136.8852, 34.3884], [136.8858, 34.3894], [136.8865, 34.3894], [136.8872, 34.3899], [136.8876, 34.3904], [136.8881, 34.3904], [136.8888, 34.3907], [136.8889, 34.39], [136.8886, 34.3895], [136.8874, 34.3894], [136.8869, 34.3891], [136.8866, 34.3887], [136.8862, 34.3888], [136.8861, 34.3868], [136.8863, 34.3864], [136.8859, 34.386], [136.8862, 34.3858], [136.8863, 34.3853], [136.8859, 34.3844], [136.8869, 34.384], [136.8867, 34.3838], [136.887, 34.3834], [136.8875, 34.3841], [136.8878, 34.3841], [136.888, 34.3843], [136.8884, 34.3843], [136.8883, 34.3846], [136.8886, 34.3848], [136.8892, 34.385], [136.8894, 34.385], [136.889, 34.3853], [136.8894, 34.3862], [136.8897, 34.3864], [136.8898, 34.3867], [136.8896, 34.3868], [136.89, 34.3875], [136.8923, 34.3884], [136.8927, 34.3887], [136.893, 34.3894], [136.896, 34.3893], [136.8963, 34.3893], [136.8962, 34.3889], [136.8964, 34.3894], [136.8972, 34.3891], [136.8971, 34.389], [136.8972, 34.3891], [136.8975, 34.389], [136.898, 34.3886], [136.8985, 34.388], [136.8983, 34.3876], [136.8983, 34.3873], [136.8984, 34.3873], [136.8985, 34.3875], [136.8988, 34.3873], [136.8992, 34.3866], [136.899, 34.3867], [136.8989, 34.3866], [136.8993, 34.3862], [136.8991, 34.3861], [136.8989, 34.3862], [136.899, 34.3861], [136.8988, 34.3856], [136.8984, 34.3856], [136.8988, 34.3855], [136.8988, 34.3853], [136.8985, 34.3853], [136.8988, 34.3853], [136.8987, 34.3851], [136.8986, 34.3851], [136.8987, 34.385], [136.8986, 34.384], [136.8983, 34.3838], [136.8982, 34.3835], [136.8986, 34.3822], [136.8982, 34.3811], [136.8985, 34.3802], [136.8979, 34.3798], [136.898, 34.3793], [136.8977, 34.3789], [136.8977, 34.3787], [136.8985, 34.3787], [136.8995, 34.3785], [136.8998, 34.3788], [136.9, 34.3788], [136.9003, 34.3792], [136.9005, 34.3791], [136.9003, 34.3793], [136.9006, 34.3792], [136.9004, 34.3795], [136.9006, 34.3794], [136.9006, 34.3795], [136.9007, 34.3794], [136.9006, 34.3795], [136.9008, 34.3794], [136.9008, 34.3796], [136.9009, 34.3797], [136.9011, 34.3796], [136.901, 34.3797], [136.9014, 34.3802], [136.902, 34.3805], [136.9023, 34.3803], [136.9026, 34.3805], [136.9031, 34.3801], [136.9029, 34.3798], [136.9022, 34.3796], [136.9013, 34.3789], [136.9017, 34.3782], [136.9015, 34.378], [136.901, 34.3782], [136.9011, 34.3785], [136.901, 34.3787], [136.9002, 34.3783], [136.9007, 34.3776], [136.9016, 34.3776], [136.9019, 34.3775], [136.902, 34.3772], [136.9029, 34.3769], [136.9038, 34.3767], [136.9041, 34.3765], [136.9053, 34.3764], [136.906, 34.376], [136.9061, 34.3756], [136.9065, 34.3757], [136.907, 34.3756], [136.9083, 34.3758], [136.9084, 34.3757], [136.9085, 34.3759], [136.9092, 34.3759], [136.9097, 34.3757], [136.9111, 34.3761], [136.9123, 34.3761], [136.9125, 34.3759], [136.9128, 34.3759], [136.9126, 34.376], [136.9125, 34.3763], [136.9127, 34.3769], [136.9129, 34.3771], [136.9129, 34.3776], [136.9131, 34.378], [136.9134, 34.378], [136.9136, 34.3787], [136.9136, 34.3793], [136.9133, 34.3794], [136.9133, 34.3796], [136.913, 34.3799], [136.9131, 34.3802], [136.9125, 34.3803], [136.912, 34.3812], [136.912, 34.3814], [136.9122, 34.3815], [136.9119, 34.3816], [136.9111, 34.3823], [136.9106, 34.3821], [136.9092, 34.3832], [136.9088, 34.383], [136.9085, 34.3831], [136.9075, 34.3843], [136.9069, 34.3852], [136.907, 34.3857], [136.9089, 34.3854], [136.9095, 34.3859], [136.9093, 34.386], [136.9088, 34.3856], [136.9074, 34.3858], [136.9074, 34.3861], [136.9072, 34.3861], [136.9076, 34.3871], [136.9082, 34.3875], [136.9084, 34.3877], [136.9089, 34.3872], [136.9085, 34.3877], [136.9092, 34.3882], [136.9103, 34.3875], [136.9098, 34.3863], [136.9104, 34.3875], [136.9108, 34.3877], [136.9118, 34.3875], [136.9124, 34.3876], [136.9133, 34.3869], [136.9132, 34.3867], [136.9134, 34.3866], [136.9136, 34.3868], [136.9135, 34.387], [136.9139, 34.387], [136.9143, 34.3869], [136.9141, 34.3868], [136.9148, 34.3868], [136.915, 34.3873], [136.9148, 34.3877], [136.9145, 34.3876], [136.9145, 34.3878], [136.9143, 34.3877], [136.9142, 34.3879], [136.9139, 34.3879], [136.9138, 34.3881], [136.9137, 34.388], [136.9137, 34.3881], [136.9122, 34.3879], [136.9114, 34.388], [136.9103, 34.3887], [136.9097, 34.3894], [136.9092, 34.3908], [136.909, 34.3921], [136.9091, 34.3925], [136.9095, 34.3925], [136.9094, 34.3927], [136.9095, 34.3931], [136.9099, 34.3933], [136.9097, 34.3935], [136.9093, 34.3935], [136.9097, 34.3936], [136.9094, 34.3939], [136.909, 34.3951], [136.9089, 34.3961], [136.9092, 34.3979], [136.9093, 34.3981], [136.9095, 34.3981], [136.9094, 34.3981], [136.9095, 34.3983], [136.9101, 34.3986], [136.9103, 34.3984], [136.911, 34.3985], [136.9108, 34.3988], [136.9119, 34.4], [136.9119, 34.4005], [136.9127, 34.4012], [136.9137, 34.4012], [136.914, 34.401], [136.9144, 34.4015], [136.915, 34.4015], [136.9152, 34.4017], [136.9151, 34.4015], [136.9152, 34.4016], [136.9154, 34.4016], [136.9153, 34.4015], [136.9159, 34.4017], [136.9158, 34.4019], [136.9162, 34.4021], [136.9156, 34.4021], [136.9156, 34.4022], [136.9152, 34.4024], [136.9153, 34.4028], [136.9156, 34.403], [136.916, 34.4031], [136.916, 34.4029], [136.9166, 34.4033], [136.9171, 34.4033], [136.9175, 34.4031], [136.9173, 34.403], [136.9178, 34.4032], [136.9177, 34.4034], [136.9176, 34.4034], [136.9177, 34.4036], [136.9177, 34.404], [136.9172, 34.4041], [136.9172, 34.4045], [136.9178, 34.4052], [136.9182, 34.4052], [136.9182, 34.4054], [136.9186, 34.4053], [136.9184, 34.4061], [136.9177, 34.4064], [136.9177, 34.4067], [136.918, 34.4067], [136.918, 34.4069], [136.9176, 34.4068], [136.9173, 34.407], [136.9171, 34.4075], [136.9175, 34.4077], [136.9172, 34.4078], [136.9172, 34.4079], [136.917, 34.4081], [136.9159, 34.4082], [136.9166, 34.4089], [136.9162, 34.4082], [136.9169, 34.4082], [136.9179, 34.4094], [136.9182, 34.4094], [136.9184, 34.4092], [136.9185, 34.4094], [136.9186, 34.4091], [136.9194, 34.4091], [136.9193, 34.4093], [136.919, 34.4093], [136.9189, 34.4094], [136.9193, 34.4099], [136.9194, 34.4104], [136.92, 34.411], [136.9207, 34.4114], [136.9209, 34.4115], [136.9215, 34.4112], [136.9219, 34.4113], [136.9226, 34.4111], [136.9219, 34.4114], [136.9215, 34.4113], [136.921, 34.4115], [136.9214, 34.4121], [136.9222, 34.4126], [136.9221, 34.4128], [136.9223, 34.4126], [136.923, 34.4126], [136.9228, 34.4124], [136.9239, 34.412], [136.9237, 34.4114], [136.9229, 34.4105], [136.9238, 34.4114], [136.9241, 34.4121], [136.9243, 34.4121], [136.9249, 34.4125], [136.9253, 34.4124], [136.9255, 34.413], [136.9267, 34.4134], [136.9269, 34.4132], [136.9267, 34.4129], [136.9271, 34.4129], [136.927, 34.4127], [136.9272, 34.4127], [136.9286, 34.4136], [136.9283, 34.4137], [136.9283, 34.4135], [136.9278, 34.4137], [136.9273, 34.4136], [136.9271, 34.4141], [136.9271, 34.4143], [136.9273, 34.4143], [136.927, 34.4143], [136.927, 34.4149], [136.9268, 34.4147], [136.9265, 34.4147], [136.9263, 34.415], [136.926, 34.415], [136.926, 34.4153], [136.9257, 34.4153], [136.925, 34.4156], [136.9245, 34.4164], [136.9247, 34.4166], [136.9244, 34.4168], [136.9243, 34.4184], [136.9243, 34.4187], [136.9245, 34.4187], [136.9244, 34.4189], [136.9245, 34.4189], [136.9242, 34.4191], [136.9244, 34.4193], [136.924, 34.4195], [136.9241, 34.4197], [136.9237, 34.4206], [136.9237, 34.4211], [136.9232, 34.4215], [136.9219, 34.422], [136.9215, 34.4224], [136.9203, 34.4228], [136.9199, 34.4232], [136.9194, 34.4244], [136.9196, 34.4247], [136.9195, 34.4253], [136.9197, 34.4255], [136.9192, 34.4255], [136.919, 34.4261], [136.9191, 34.4271], [136.9198, 34.4283], [136.9201, 34.4283], [136.9203, 34.4284], [136.9205, 34.4284], [136.9205, 34.4286], [136.9208, 34.4287], [136.9207, 34.429], [136.9212, 34.4295], [136.9214, 34.4294], [136.9219, 34.4298], [136.9222, 34.4296], [136.9228, 34.4297], [136.9227, 34.4304], [136.9229, 34.4306], [136.9224, 34.4306], [136.9226, 34.4307], [136.9224, 34.4307], [136.9225, 34.431], [136.9223, 34.4312], [136.9223, 34.4314], [136.9215, 34.432], [136.9213, 34.4326], [136.9218, 34.4346], [136.9228, 34.4352], [136.9226, 34.4355], [136.9228, 34.4357], [136.9231, 34.4355], [136.9232, 34.4357], [136.923, 34.4359], [136.9226, 34.4359], [136.9224, 34.4364], [136.9217, 34.4366], [136.9198, 34.4382], [136.9196, 34.4385], [136.9196, 34.4393], [136.9199, 34.4399], [136.9196, 34.44], [136.9194, 34.4398], [136.9191, 34.4399], [136.9193, 34.4399], [136.9196, 34.44], [136.9199, 34.44], [136.9203, 34.4403], [136.9209, 34.4404], [136.9217, 34.4404], [136.9216, 34.4402], [136.9219, 34.44], [136.9229, 34.4401], [136.9228, 34.4402], [136.9225, 34.4403], [136.9224, 34.4405], [136.9226, 34.4408], [136.9229, 34.4409], [136.9232, 34.4408], [136.9238, 34.4412], [136.9234, 34.4418], [136.9234, 34.4421], [136.9239, 34.4433], [136.9241, 34.4434], [136.9242, 34.4433], [136.9246, 34.4434], [136.9245, 34.4437], [136.9247, 34.4439], [136.9245, 34.4442], [136.9237, 34.4448], [136.9233, 34.4448], [136.9229, 34.4457], [136.9227, 34.4471], [136.9228, 34.4458], [136.9226, 34.4457], [136.9221, 34.4455], [136.9217, 34.4454], [136.9215, 34.4455], [136.9213, 34.4454], [136.921, 34.4457], [136.9211, 34.4455], [136.9205, 34.4451], [136.9202, 34.4452], [136.92, 34.4451], [136.9193, 34.4453], [136.9192, 34.4456], [136.9195, 34.4456], [136.9194, 34.4457], [136.9193, 34.446], [136.9197, 34.4461], [136.9193, 34.446], [136.9188, 34.447], [136.9195, 34.4473], [136.92, 34.4465], [136.9203, 34.4464], [136.9201, 34.4465], [136.9193, 34.4479], [136.9183, 34.4475], [136.9186, 34.4478], [136.9183, 34.4477], [136.9176, 34.4484], [136.9169, 34.4483], [136.9162, 34.4486], [136.9157, 34.4491], [136.9158, 34.4497], [136.9154, 34.4498], [136.9151, 34.4502], [136.915, 34.4508], [136.9154, 34.4514], [136.915, 34.4518], [136.9151, 34.4524], [136.9148, 34.4524], [136.9149, 34.4527], [136.9147, 34.4525], [136.9143, 34.4527], [136.9136, 34.4535], [136.9131, 34.4534], [136.9126, 34.4536], [136.9122, 34.454], [136.9123, 34.4544], [136.912, 34.4545], [136.9116, 34.4543], [136.9113, 34.4545], [136.9108, 34.4558], [136.9106, 34.4558], [136.9107, 34.4555], [136.9105, 34.4554], [136.9103, 34.4558], [136.9098, 34.4555], [136.9102, 34.4551], [136.9102, 34.4546], [136.9104, 34.4545], [136.9101, 34.4537], [136.9101, 34.4533], [136.9105, 34.4531], [136.9105, 34.4527], [136.9096, 34.452], [136.9079, 34.4514], [136.907, 34.4514], [136.9061, 34.4517], [136.9055, 34.4517], [136.9047, 34.4521], [136.904, 34.452], [136.9038, 34.4518], [136.9032, 34.4518], [136.9027, 34.452], [136.9022, 34.452], [136.9012, 34.4524], [136.9009, 34.4527], [136.9006, 34.4526], [136.9003, 34.4527], [136.8998, 34.4531], [136.8996, 34.4529], [136.8994, 34.4532], [136.8987, 34.4535], [136.8985, 34.4534], [136.8981, 34.4535], [136.8979, 34.4538], [136.8975, 34.4536], [136.8969, 34.4537], [136.8967, 34.4534], [136.896, 34.4533], [136.8958, 34.453], [136.896, 34.4529], [136.8958, 34.4527], [136.8948, 34.4526], [136.8947, 34.4524], [136.8941, 34.4522], [136.894, 34.452], [136.8935, 34.4519], [136.8934, 34.4517], [136.8931, 34.4517], [136.8928, 34.4512], [136.8928, 34.4506], [136.8942, 34.4497], [136.8941, 34.4495], [136.8942, 34.4496], [136.8952, 34.4492], [136.897, 34.4489], [136.8972, 34.4491], [136.8975, 34.4491], [136.898, 34.4487], [136.8987, 34.4484], [136.8988, 34.448], [136.8992, 34.448], [136.8994, 34.4476], [136.8986, 34.4478], [136.8986, 34.4476], [136.8983, 34.4479], [136.8979, 34.4473], [136.8978, 34.4467], [136.8973, 34.4465], [136.8969, 34.4468], [136.8966, 34.4478], [136.8956, 34.4473], [136.8954, 34.4474], [136.8945, 34.4473], [136.8942, 34.4471], [136.8936, 34.4473], [136.8934, 34.4473], [136.8933, 34.4471], [136.8931, 34.4471], [136.8931, 34.4472], [136.8929, 34.4471], [136.893, 34.4476], [136.8924, 34.4477], [136.8923, 34.448], [136.8918, 34.4481], [136.8913, 34.448], [136.8906, 34.4476], [136.8907, 34.4464], [136.8903, 34.4459], [136.891, 34.4454], [136.8911, 34.4455], [136.8912, 34.4446], [136.8916, 34.4444], [136.8915, 34.4444], [136.8918, 34.4443], [136.892, 34.4438], [136.8915, 34.4436], [136.8916, 34.4434], [136.8908, 34.4432], [136.8897, 34.4434], [136.8897, 34.4442], [136.8899, 34.4443], [136.8896, 34.4443], [136.889, 34.4445], [136.8887, 34.4451], [136.8865, 34.4443], [136.8866, 34.4434], [136.8859, 34.4432], [136.886, 34.4438], [136.8859, 34.4437], [136.8859, 34.4432], [136.8856, 34.4436], [136.8856, 34.4435], [136.8851, 34.4434], [136.8852, 34.4432], [136.885, 34.4432], [136.8851, 34.4431], [136.8849, 34.443], [136.885, 34.4426], [136.8848, 34.4426], [136.8849, 34.4426], [136.8847, 34.4426], [136.8846, 34.4421], [136.8847, 34.442], [136.8844, 34.4421], [136.8839, 34.4417], [136.884, 34.4416], [136.8834, 34.4411], [136.8834, 34.4407], [136.883, 34.4404], [136.8831, 34.4403], [136.8828, 34.4399], [136.8834, 34.4393], [136.8834, 34.4391], [136.8838, 34.4391], [136.8839, 34.4388], [136.8837, 34.4386], [136.8838, 34.438], [136.8837, 34.4379], [136.8833, 34.4379], [136.8832, 34.4376], [136.8829, 34.4374], [136.8832, 34.437], [136.8838, 34.4369], [136.8846, 34.4377], [136.8853, 34.4379], [136.8853, 34.4376], [136.8858, 34.4382], [136.8861, 34.4379], [136.8859, 34.4377], [136.8861, 34.4373], [136.8868, 34.4369], [136.8878, 34.437], [136.8882, 34.4376], [136.8888, 34.4371], [136.8899, 34.4366], [136.8896, 34.4359], [136.891, 34.4354], [136.8912, 34.4353], [136.891, 34.4353], [136.891, 34.4349], [136.8895, 34.4351], [136.8887, 34.4355], [136.8886, 34.436], [136.8881, 34.4359], [136.8878, 34.4356], [136.8876, 34.436], [136.8874, 34.436], [136.887, 34.4357], [136.8869, 34.4351], [136.8867, 34.4351], [136.8867, 34.4346], [136.8868, 34.4341], [136.8863, 34.4338], [136.8863, 34.4332], [136.8857, 34.4333], [136.8847, 34.4325], [136.8828, 34.4319], [136.8823, 34.4319], [136.8815, 34.4314], [136.8815, 34.4311], [136.8813, 34.4307], [136.8809, 34.4308], [136.8809, 34.4307], [136.88, 34.4304], [136.88, 34.4303], [136.8797, 34.4302], [136.8785, 34.4304], [136.8771, 34.4291], [136.8769, 34.4285], [136.8758, 34.4287], [136.8762, 34.4299], [136.8769, 34.4309], [136.8787, 34.4319], [136.879, 34.4322], [136.8793, 34.4326], [136.8804, 34.4333], [136.8805, 34.4336], [136.8818, 34.4338], [136.8835, 34.4346], [136.8837, 34.435], [136.8835, 34.4352], [136.8832, 34.4351], [136.8828, 34.4351], [136.8825, 34.4357], [136.8822, 34.4357], [136.8821, 34.436], [136.8812, 34.4369], [136.8814, 34.4377], [136.8811, 34.4383], [136.88, 34.4384], [136.88, 34.4385], [136.8796, 34.4383], [136.8793, 34.4383], [136.8791, 34.4387], [136.8785, 34.4384], [136.878, 34.4387], [136.8778, 34.4387], [136.8777, 34.4384], [136.8767, 34.4381], [136.8757, 34.439], [136.876, 34.4392], [136.8768, 34.4391], [136.8771, 34.4396], [136.8771, 34.4398], [136.8773, 34.4399], [136.8776, 34.4397], [136.878, 34.4399], [136.8783, 34.4398], [136.8783, 34.4397], [136.8788, 34.4396], [136.8789, 34.4399], [136.8798, 34.44], [136.88, 34.4398], [136.8808, 34.4401], [136.8811, 34.4411], [136.8809, 34.4414], [136.8804, 34.4415], [136.8803, 34.4418], [136.8809, 34.4443], [136.8812, 34.4447], [136.8822, 34.4452], [136.8825, 34.4456], [136.8836, 34.4456], [136.8842, 34.4462], [136.884, 34.4468], [136.8842, 34.4468], [136.8844, 34.4472], [136.8841, 34.4468], [136.884, 34.4469], [136.8842, 34.4473], [136.8839, 34.4469], [136.8836, 34.4471], [136.8838, 34.4474], [136.8835, 34.447], [136.8833, 34.447], [136.8831, 34.4473], [136.883, 34.4472], [136.8833, 34.4474], [136.8835, 34.4478], [136.8842, 34.4476], [136.8842, 34.4475], [136.8845, 34.4476], [136.8844, 34.4473], [136.8848, 34.4476], [136.8848, 34.4478], [136.8844, 34.4479], [136.8843, 34.4486], [136.8846, 34.449], [136.8848, 34.4499], [136.8847, 34.4501], [136.8845, 34.4501], [136.8841, 34.4497], [136.8828, 34.4502], [136.8823, 34.4506], [136.882, 34.4504], [136.8812, 34.4506], [136.8805, 34.451], [136.8806, 34.4512], [136.8801, 34.4509], [136.8788, 34.4512], [136.8781, 34.4508], [136.8772, 34.4508], [136.877, 34.4503], [136.8762, 34.4502], [136.8758, 34.4498], [136.8759, 34.45], [136.8751, 34.4506], [136.8749, 34.4511], [136.875, 34.4514], [136.8754, 34.4514], [136.8758, 34.4517], [136.8747, 34.453], [136.875, 34.4535], [136.875, 34.4537], [136.8751, 34.4538], [136.8752, 34.4545], [136.8762, 34.4547], [136.8768, 34.4549], [136.8766, 34.4554], [136.8768, 34.4558], [136.8771, 34.4559], [136.877, 34.456], [136.8771, 34.4562], [136.8767, 34.4564], [136.8764, 34.4564], [136.8761, 34.456], [136.8753, 34.456], [136.8747, 34.4557], [136.8745, 34.4555], [136.8739, 34.4554], [136.8735, 34.4551], [136.8734, 34.4547], [136.8729, 34.4546], [136.8725, 34.4546], [136.8719, 34.4548], [136.871, 34.4549], [136.8706, 34.4548], [136.8698, 34.4551], [136.8696, 34.4547], [136.8683, 34.4543], [136.8682, 34.454], [136.8686, 34.4539], [136.868, 34.4536], [136.8676, 34.4538], [136.8678, 34.4539], [136.8677, 34.454], [136.8667, 34.4542], [136.8662, 34.4544], [136.8657, 34.4544], [136.8654, 34.4545], [136.865, 34.4543], [136.8651, 34.4549], [136.8654, 34.455], [136.8656, 34.4552], [136.8657, 34.4557], [136.866, 34.4558], [136.8666, 34.4554], [136.8672, 34.4554], [136.8677, 34.4557], [136.868, 34.4557], [136.8683, 34.4561], [136.8683, 34.4566], [136.8687, 34.4572], [136.8704, 34.457], [136.8722, 34.457], [136.8725, 34.4573], [136.8722, 34.4576], [136.8718, 34.4575], [136.8713, 34.4577], [136.8707, 34.4575], [136.87, 34.4579], [136.8697, 34.4584], [136.8703, 34.4586], [136.8701, 34.459], [136.8703, 34.4592], [136.8699, 34.4596], [136.8694, 34.4598], [136.869, 34.4598], [136.8687, 34.4597], [136.8684, 34.4598], [136.868, 34.4605], [136.8681, 34.4612], [136.8675, 34.4611], [136.8674, 34.4612], [136.8672, 34.4614], [136.8674, 34.4619], [136.8672, 34.4619], [136.8668, 34.4614], [136.8658, 34.4615], [136.866, 34.4609], [136.8659, 34.4605], [136.8662, 34.4602], [136.8659, 34.4598], [136.8654, 34.4599], [136.865, 34.4602], [136.8645, 34.4602], [136.8643, 34.4607], [136.8645, 34.4609], [136.8647, 34.4608], [136.865, 34.4609], [136.865, 34.4612], [136.8652, 34.4617], [136.8654, 34.4617], [136.865, 34.4618], [136.8647, 34.4625], [136.8656, 34.4628], [136.866, 34.4626], [136.8668, 34.4627], [136.8668, 34.4629], [136.8669, 34.4627], [136.867, 34.463], [136.8676, 34.4632], [136.8678, 34.4631], [136.8678, 34.463], [136.8679, 34.4631], [136.8685, 34.4626], [136.8695, 34.4625], [136.8709, 34.462], [136.8707, 34.4612], [136.8711, 34.4622], [136.8719, 34.4618], [136.8724, 34.4619], [136.8723, 34.462], [136.872, 34.4619], [136.8719, 34.4622], [136.8718, 34.4634], [136.8723, 34.4642], [136.8727, 34.4641], [136.8722, 34.4644], [136.8717, 34.4653], [136.8717, 34.4664], [136.8713, 34.4673], [136.8717, 34.4679], [136.8713, 34.4681], [136.8713, 34.4686], [136.8716, 34.469], [136.8723, 34.469], [136.8729, 34.4692], [136.8724, 34.4695], [136.8725, 34.4698], [136.872, 34.4697], [136.8718, 34.4699], [136.8715, 34.4703], [136.8715, 34.4708], [136.8718, 34.471], [136.8724, 34.4713], [136.8732, 34.4712], [136.8737, 34.4715], [136.8745, 34.4715], [136.8751, 34.4719], [136.8752, 34.4718], [136.8762, 34.4729], [136.8766, 34.4728], [136.8767, 34.473], [136.877, 34.473], [136.8775, 34.4737], [136.8774, 34.4743], [136.877, 34.4747], [136.8762, 34.4748], [136.8756, 34.4744], [136.8746, 34.4744], [136.8728, 34.4741], [136.8727, 34.4739], [136.8713, 34.474], [136.8708, 34.4743], [136.8709, 34.4746], [136.8703, 34.4748], [136.87, 34.4745], [136.8695, 34.4748], [136.8696, 34.4749], [136.8689, 34.4748], [136.8679, 34.4754], [136.8677, 34.4758], [136.8677, 34.4767], [136.868, 34.4775], [136.8677, 34.478], [136.8675, 34.4781], [136.8677, 34.4786], [136.8675, 34.4786], [136.8675, 34.4782], [136.8671, 34.478], [136.8665, 34.4783], [136.8663, 34.4786], [136.8662, 34.4793], [136.8667, 34.4798], [136.8669, 34.4804], [136.8665, 34.4811], [136.8659, 34.481], [136.8655, 34.4808], [136.8644, 34.4805], [136.8632, 34.4809], [136.8626, 34.4808], [136.8623, 34.4802], [136.8617, 34.48], [136.8616, 34.4795], [136.8614, 34.4792], [136.8604, 34.4788], [136.8599, 34.4784], [136.8584, 34.4779], [136.856, 34.4784], [136.8555, 34.4786], [136.8555, 34.4788], [136.8536, 34.4792], [136.8535, 34.479], [136.8533, 34.479], [136.8533, 34.4791], [136.8533, 34.479], [136.8531, 34.479], [136.8519, 34.4799], [136.8514, 34.4798], [136.8514, 34.4799], [136.851, 34.4799], [136.8509, 34.48], [136.8507, 34.4799], [136.8504, 34.4801], [136.8497, 34.4798], [136.8494, 34.4794], [136.8495, 34.4791], [136.8492, 34.479], [136.8492, 34.4786], [136.8495, 34.4784], [136.8493, 34.4782], [136.8495, 34.4781], [136.8493, 34.4779], [136.8489, 34.4779], [136.8488, 34.4777], [136.8489, 34.4777], [136.8487, 34.4771], [136.8488, 34.477], [136.8486, 34.4769], [136.8487, 34.4769], [136.8487, 34.4766], [136.8488, 34.4764], [136.8485, 34.4763], [136.8488, 34.4764], [136.8492, 34.4761], [136.8488, 34.4757], [136.849, 34.4751], [136.8487, 34.4751], [136.849, 34.4751], [136.8492, 34.4747], [136.849, 34.4745], [136.8492, 34.4746], [136.8501, 34.4737], [136.8501, 34.4736], [136.8502, 34.4737], [136.8505, 34.4737], [136.8503, 34.4735], [136.8505, 34.4736], [136.851, 34.4727], [136.8508, 34.4726], [136.851, 34.4726], [136.851, 34.4724], [136.8504, 34.4722], [136.8504, 34.4723], [136.8502, 34.4721], [136.849, 34.4719], [136.8476, 34.4713], [136.8475, 34.4714], [136.8474, 34.4713], [136.8468, 34.4723], [136.8471, 34.4724], [136.8474, 34.4723], [136.8471, 34.4725], [136.8477, 34.4729], [136.8465, 34.4752], [136.8459, 34.4753], [136.8459, 34.4757], [136.8457, 34.4758], [136.8462, 34.4758], [136.8457, 34.4758], [136.8458, 34.4764], [136.846, 34.4764], [136.8459, 34.4762], [136.8465, 34.4761], [136.8467, 34.4773], [136.8464, 34.4773], [136.8463, 34.4776], [136.8463, 34.4773], [136.8459, 34.4772], [136.846, 34.4787], [136.847, 34.4789], [136.8474, 34.4805], [136.8471, 34.4807], [136.8472, 34.4809], [136.8471, 34.481], [136.8475, 34.4815], [136.8472, 34.4812], [136.847, 34.4809], [136.8471, 34.4811], [136.8469, 34.4811], [136.8468, 34.481], [136.8464, 34.4813], [136.8466, 34.4814], [136.8464, 34.4813], [136.8462, 34.4815], [136.8464, 34.4817], [136.8462, 34.4815], [136.8452, 34.4824], [136.8454, 34.4826], [136.8452, 34.4825], [136.845, 34.4827], [136.8452, 34.4828], [136.845, 34.4827], [136.8447, 34.4829], [136.8448, 34.4835], [136.845, 34.4834], [136.8451, 34.4836], [136.8458, 34.4835], [136.8463, 34.4825], [136.8473, 34.4828], [136.8474, 34.4826], [136.8473, 34.4828], [136.8479, 34.4833], [136.8469, 34.4843], [136.8457, 34.4837], [136.8457, 34.4835], [136.845, 34.4837], [136.8452, 34.4841], [136.8452, 34.4839], [136.8453, 34.4841], [136.8452, 34.4841], [136.8453, 34.4845], [136.8456, 34.4845], [136.8453, 34.4845], [136.8454, 34.4847], [136.8458, 34.4849], [136.8455, 34.4854], [136.8453, 34.4853], [136.8448, 34.4862], [136.8452, 34.4877], [136.8449, 34.489], [136.8448, 34.4889], [136.8446, 34.4892], [136.8448, 34.4893], [136.8446, 34.4897], [136.8448, 34.4915], [136.8446, 34.4897], [136.8444, 34.4897], [136.8443, 34.4899], [136.8443, 34.4897], [136.8438, 34.4896], [136.8438, 34.4898], [136.8438, 34.4895], [136.8436, 34.4895], [136.8435, 34.4896], [136.8436, 34.4895], [136.8434, 34.4895], [136.8433, 34.4897], [136.8434, 34.4895], [136.8432, 34.4894], [136.8433, 34.4893], [136.8429, 34.4892], [136.8433, 34.4892], [136.8433, 34.489], [136.8432, 34.4889], [136.8433, 34.489], [136.8434, 34.4887], [136.8432, 34.4886], [136.8434, 34.4887], [136.8435, 34.4885], [136.8429, 34.4884], [136.8429, 34.4886], [136.8429, 34.4884], [136.8426, 34.4884], [136.8426, 34.4885], [136.8426, 34.4884], [136.842, 34.4883], [136.8417, 34.4888], [136.8419, 34.4889], [136.8416, 34.4888], [136.8415, 34.489], [136.8419, 34.49], [136.8415, 34.4903], [136.8411, 34.4904], [136.8421, 34.4906], [136.8411, 34.4904], [136.8411, 34.4906], [136.8422, 34.4913], [136.8426, 34.4915], [136.8423, 34.4925], [136.8412, 34.4927], [136.8408, 34.4929], [136.8405, 34.4927], [136.8404, 34.4925], [136.84, 34.4924], [136.8401, 34.4921], [136.84, 34.4915], [136.8397, 34.4912], [136.8391, 34.4915], [136.8387, 34.4915], [136.8387, 34.4911], [136.8394, 34.4904], [136.839, 34.4904], [136.8388, 34.49], [136.839, 34.49], [136.8389, 34.4897], [136.8388, 34.4898], [136.8386, 34.4896], [136.8383, 34.4897], [136.8383, 34.4899], [136.8381, 34.4899], [136.8379, 34.4897], [136.8383, 34.4894], [136.838, 34.4892], [136.8378, 34.4893], [136.8379, 34.4891], [136.8377, 34.4892], [136.8379, 34.489], [136.8376, 34.489], [136.8378, 34.4889], [136.8375, 34.489], [136.8374, 34.4892], [136.8374, 34.489], [136.8371, 34.4891], [136.8371, 34.4893], [136.8373, 34.4894], [136.837, 34.4893], [136.8368, 34.4895], [136.837, 34.4897], [136.8368, 34.4896], [136.8366, 34.4897], [136.8364, 34.49], [136.8367, 34.4903], [136.8366, 34.4902], [136.8364, 34.4904], [136.8358, 34.4905], [136.8359, 34.4906], [136.8349, 34.4914], [136.8351, 34.4915], [136.8349, 34.4914], [136.8348, 34.4915], [136.8349, 34.4926], [136.8346, 34.4924], [136.8347, 34.4928], [136.835, 34.4928], [136.8349, 34.4932], [136.8351, 34.4934], [136.8355, 34.4933], [136.8355, 34.4939], [136.8359, 34.4942], [136.8366, 34.4946], [136.8368, 34.4944], [136.8367, 34.4946], [136.8371, 34.4952], [136.8366, 34.4959], [136.8357, 34.4959], [136.8353, 34.4965], [136.8358, 34.4969], [136.836, 34.4976], [136.8357, 34.4979], [136.8359, 34.4984], [136.8356, 34.4996], [136.8357, 34.4984], [136.8352, 34.4983], [136.8345, 34.4999], [136.8344, 34.5], [136.8345, 34.4992], [136.8337, 34.4991], [136.8336, 34.4999], [136.8338, 34.5], [136.8336, 34.5], [136.8338, 34.5003], [136.8337, 34.5006], [136.8351, 34.501], [136.8353, 34.5014], [136.8343, 34.5018], [136.834, 34.5014], [136.8336, 34.5015], [136.8333, 34.501], [136.8328, 34.5009], [136.8324, 34.501], [136.8324, 34.5012], [136.8331, 34.5015], [136.833, 34.5018], [136.8335, 34.5018], [136.8335, 34.502], [136.8337, 34.502], [136.8343, 34.5025], [136.8342, 34.5027], [136.8344, 34.5028], [136.8341, 34.5033], [136.8343, 34.5037], [136.834, 34.5036], [136.8335, 34.5038], [136.8325, 34.5045], [136.8324, 34.5048], [136.8328, 34.5052], [136.8328, 34.5059], [136.8325, 34.5062], [136.8312, 34.5062], [136.8301, 34.5058], [136.8276, 34.5057], [136.8264, 34.5052], [136.8252, 34.5052], [136.8243, 34.505], [136.8239, 34.5046], [136.8232, 34.5045], [136.823, 34.5042], [136.8232, 34.504], [136.8241, 34.504], [136.8244, 34.5036], [136.8249, 34.5037], [136.8257, 34.5031], [136.8257, 34.5024], [136.8253, 34.5021], [136.8257, 34.5018], [136.8257, 34.5013], [136.8254, 34.5011], [136.8253, 34.5009], [136.8249, 34.5009], [136.8248, 34.5008], [136.825, 34.5005], [136.8255, 34.5004], [136.8257, 34.5001], [136.826, 34.5], [136.8259, 34.4995], [136.8257, 34.4993], [136.8261, 34.4991], [136.8268, 34.4992], [136.8273, 34.4989], [136.8273, 34.4985], [136.8271, 34.498], [136.8263, 34.498], [136.8264, 34.4975], [136.8262, 34.4972], [136.8271, 34.4968], [136.827, 34.4963], [136.8273, 34.4962], [136.8271, 34.4958], [136.8266, 34.4952], [136.8272, 34.4952], [136.8275, 34.4949], [136.8275, 34.4945], [136.8271, 34.4938], [136.8272, 34.4936], [136.8276, 34.4939], [136.8278, 34.4938], [136.8284, 34.4933], [136.8284, 34.493], [136.8288, 34.4928], [136.8288, 34.4919], [136.8285, 34.4915], [136.8288, 34.4913], [136.8282, 34.4907], [136.8271, 34.4907], [136.8269, 34.491], [136.8266, 34.491], [136.8262, 34.4912], [136.8259, 34.491], [136.8261, 34.4908], [136.8259, 34.4906], [136.8255, 34.4906], [136.8252, 34.4908], [136.8246, 34.4905], [136.8243, 34.4906], [136.824, 34.4901], [136.8243, 34.49], [136.8243, 34.4897], [136.8246, 34.4896], [136.8246, 34.4892], [136.8252, 34.4886], [136.825, 34.4883], [136.8256, 34.4881], [136.8257, 34.4877], [136.8261, 34.4877], [136.8263, 34.4878], [136.8266, 34.4876], [136.8279, 34.4875], [136.8284, 34.4872], [136.8291, 34.4872], [136.8293, 34.4874], [136.8294, 34.4872], [136.8291, 34.4871], [136.8285, 34.4872], [136.8284, 34.4869], [136.8271, 34.4866], [136.8271, 34.4862], [136.8266, 34.4859], [136.8263, 34.486], [136.8261, 34.4864], [136.8254, 34.4863], [136.8253, 34.486], [136.826, 34.4852], [136.8251, 34.4843], [136.825, 34.4844], [136.8252, 34.4847], [136.8251, 34.4851], [136.8247, 34.4851], [136.8249, 34.4855], [136.8246, 34.4854], [136.8246, 34.4858], [136.8246, 34.4853], [136.8245, 34.4852], [136.8246, 34.485], [136.8244, 34.4848], [136.8237, 34.4849], [136.8233, 34.4858], [136.8233, 34.4865], [136.8224, 34.4876], [136.8218, 34.4877], [136.8215, 34.4873], [136.8218, 34.4866], [136.8216, 34.4859], [136.8217, 34.4853], [136.8214, 34.4852], [136.8212, 34.4849], [136.8208, 34.4848], [136.8207, 34.4845], [136.8204, 34.4845], [136.8204, 34.484], [136.8198, 34.4842], [136.8195, 34.4841], [136.8208, 34.4819], [136.8197, 34.4838], [136.8191, 34.4842], [136.8178, 34.4842], [136.8176, 34.4854], [136.8173, 34.4869], [136.816, 34.4859], [136.816, 34.4853], [136.8157, 34.4852], [136.8155, 34.4858], [136.8149, 34.4856], [136.8152, 34.4855], [136.8148, 34.4856], [136.8149, 34.4848], [136.8153, 34.4847], [136.8149, 34.4841], [136.8148, 34.4836], [136.8139, 34.4829], [136.8128, 34.4823], [136.811, 34.4823], [136.8107, 34.482], [136.8103, 34.4819], [136.809, 34.482], [136.8087, 34.4818], [136.8081, 34.4816], [136.8073, 34.4811], [136.8059, 34.4812], [136.8046, 34.4805], [136.8038, 34.4805], [136.8036, 34.4795], [136.8032, 34.4789], [136.8033, 34.4783], [136.8038, 34.478], [136.8039, 34.4777], [136.8049, 34.4777], [136.805, 34.4766], [136.8043, 34.4764], [136.8041, 34.4761], [136.8033, 34.4759], [136.8028, 34.4756], [136.8029, 34.4743], [136.8032, 34.4736], [136.8036, 34.4733], [136.8047, 34.4732], [136.8052, 34.4734], [136.806, 34.4731], [136.8062, 34.4728], [136.8061, 34.4718], [136.8058, 34.4709], [136.8064, 34.4703], [136.8059, 34.4699], [136.8056, 34.4699], [136.8052, 34.4696], [136.8048, 34.4695], [136.8036, 34.468], [136.8035, 34.4674], [136.8039, 34.4672], [136.804, 34.4662], [136.803, 34.4643], [136.8022, 34.4638], [136.8013, 34.4638], [136.801, 34.4629], [136.8012, 34.4618], [136.8007, 34.461], [136.8007, 34.46], [136.8009, 34.4596], [136.8007, 34.4591], [136.8005, 34.4591], [136.7995, 34.4597], [136.7986, 34.4593], [136.7978, 34.4596], [136.7969, 34.4598], [136.7954, 34.4595], [136.7938, 34.4598], [136.7932, 34.4597], [136.7921, 34.4593], [136.791, 34.4577], [136.79, 34.4583], [136.7892, 34.4582], [136.7882, 34.4577], [136.7873, 34.4571], [136.7872, 34.4565], [136.7867, 34.456], [136.7856, 34.456], [136.7846, 34.4548], [136.7849, 34.454], [136.7858, 34.4532], [136.7856, 34.4528], [136.7856, 34.4522], [136.7847, 34.4516], [136.7832, 34.4503], [136.7825, 34.4482], [136.7817, 34.4467], [136.7817, 34.446], [136.7824, 34.4445], [136.7831, 34.4436], [136.7829, 34.4427], [136.783, 34.4422], [136.7828, 34.4399], [136.7832, 34.439], [136.7829, 34.4373], [136.7824, 34.4367], [136.7829, 34.4353], [136.7827, 34.4333], [136.7841, 34.4324], [136.7846, 34.431], [136.7846, 34.429], [136.7843, 34.4284], [136.7847, 34.4267], [136.7846, 34.4257], [136.7853, 34.4253], [136.786, 34.4245], [136.7867, 34.4241], [136.7872, 34.4235], [136.7875, 34.4234], [136.7882, 34.4235], [136.7902, 34.4245], [136.7928, 34.4244], [136.7937, 34.4242], [136.7954, 34.4224], [136.7976, 34.4227], [136.7985, 34.4223], [136.8001, 34.4224], [136.8015, 34.422], [136.8026, 34.422], [136.8034, 34.4218], [136.804, 34.4213], [136.8045, 34.4205], [136.8057, 34.4199], [136.8064, 34.4185], [136.8074, 34.4176], [136.8077, 34.4171], [136.8118, 34.4144], [136.8124, 34.4142], [136.8137, 34.4142], [136.8155, 34.4129], [136.8187, 34.4129], [136.8202, 34.4122], [136.82, 34.4103], [136.8204, 34.4097], [136.8211, 34.4093], [136.8215, 34.4085], [136.8221, 34.4083], [136.8241, 34.4089], [136.8249, 34.4074], [136.8262, 34.4066], [136.8273, 34.4064], [136.828, 34.4065], [136.8291, 34.4064], [136.8296, 34.4059], [136.8303, 34.4058], [136.8305, 34.4051], [136.831, 34.4046], [136.831, 34.4041], [136.8306, 34.4026], [136.8309, 34.4019], [136.8308, 34.4013], [136.8318, 34.4009], [136.8325, 34.4011], [136.8336, 34.4008], [136.834, 34.4009], [136.8347, 34.4003], [136.8356, 34.3992], [136.8367, 34.3993], [136.8374, 34.4001], [136.8382, 34.4001], [136.8387, 34.4004], [136.8391, 34.4002], [136.8398, 34.4003], [136.8403, 34.4008], [136.8409, 34.4009], [136.8421, 34.4005], [136.8427, 34.3999], [136.8431, 34.3997], [136.8442, 34.3995], [136.8447, 34.3997], [136.8447, 34.4], [136.8441, 34.4006], [136.8442, 34.4012], [136.8444, 34.4016], [136.8446, 34.4021], [136.8445, 34.4028], [136.8446, 34.4033], [136.8458, 34.4042], [136.8461, 34.4049], [136.8467, 34.4053], [136.8467, 34.4062], [136.8465, 34.4067], [136.8468, 34.4077], [136.8478, 34.4079], [136.8491, 34.4075], [136.8495, 34.4077], [136.8514, 34.4079], [136.8524, 34.4077], [136.8534, 34.4081], [136.8545, 34.4071], [136.855, 34.4051], [136.8566, 34.405], [136.8577, 34.4054], [136.8582, 34.405], [136.8589, 34.4051], [136.8594, 34.4045], [136.8597, 34.4044], [136.8614, 34.4051], [136.8622, 34.405], [136.8626, 34.4054], [136.8639, 34.4055], [136.8644, 34.4049], [136.865, 34.4045], [136.8657, 34.4032], [136.866, 34.4031], [136.8674, 34.4031], [136.8681, 34.4025], [136.8686, 34.402], [136.8683, 34.4014], [136.8684, 34.4008], [136.8683, 34.4005], [136.8679, 34.4003], [136.8669, 34.4003], [136.8666, 34.3997], [136.866, 34.3992], [136.8655, 34.3991], [136.8642, 34.3993], [136.8629, 34.3991], [136.8618, 34.3981], [136.8607, 34.3976], [136.8606, 34.3973], [136.8611, 34.3961], [136.8604, 34.3944], [136.8606, 34.394], [136.8605, 34.3936], [136.8607, 34.3929], [136.8609, 34.3928], [136.863, 34.3942], [136.8649, 34.3945], [136.8652, 34.3944], [136.8655, 34.3939], [136.8663, 34.3939], [136.8665, 34.3936], [136.866, 34.3928], [136.8663, 34.3922], [136.867, 34.3921], [136.868, 34.3913], [136.8678, 34.3903], [136.8679, 34.3897], [136.8687, 34.3888], [136.8691, 34.3885], [136.8701, 34.3873], [136.8709, 34.3857], [136.8717, 34.3851], [136.8729, 34.3837], [136.8768, 34.38]]], [[[136.8201, 34.5127], [136.8205, 34.513], [136.8205, 34.5131], [136.82, 34.513], [136.8201, 34.5127]]], [[[136.8261, 34.5142], [136.826, 34.5144], [136.8258, 34.5144], [136.8257, 34.5139], [136.8252, 34.5139], [136.8248, 34.5136], [136.8246, 34.5132], [136.8248, 34.5131], [136.8259, 34.5133], [136.8273, 34.5139], [136.8271, 34.5139], [136.8269, 34.5142], [136.8261, 34.5142]]], [[[136.8237, 34.5134], [136.8232, 34.5134], [136.8234, 34.5129], [136.8236, 34.5131], [136.8237, 34.5134]]], [[[136.8376, 34.5073], [136.8375, 34.5074], [136.8373, 34.5073], [136.8362, 34.5073], [136.8351, 34.5069], [136.8351, 34.5066], [136.8355, 34.5067], [136.8356, 34.5066], [136.8357, 34.5062], [136.8355, 34.5058], [136.8358, 34.5054], [136.8353, 34.5049], [136.8348, 34.5047], [136.8351, 34.5047], [136.835, 34.5046], [136.8352, 34.5047], [136.8354, 34.5045], [136.835, 34.5044], [136.8354, 34.5045], [136.8354, 34.5043], [136.8352, 34.5042], [136.8356, 34.5041], [136.8354, 34.5036], [136.8357, 34.5036], [136.8358, 34.5034], [136.8352, 34.5023], [136.8354, 34.5021], [136.8363, 34.5023], [136.8361, 34.5029], [136.8365, 34.5046], [136.8384, 34.5062], [136.8385, 34.5067], [136.8377, 34.5068], [136.8374, 34.5072], [136.8376, 34.5073]]], [[[136.8189, 34.5131], [136.818, 34.5133], [136.8177, 34.5132], [136.8175, 34.5129], [136.8177, 34.5127], [136.8182, 34.5126], [136.8197, 34.5126], [136.8194, 34.5131], [136.8189, 34.5131]]], [[[136.8223, 34.5134], [136.8219, 34.5131], [136.8217, 34.5131], [136.8215, 34.5129], [136.8228, 34.5124], [136.8229, 34.5129], [136.8224, 34.5134], [136.8223, 34.5134]]], [[[136.8302, 34.515], [136.8302, 34.5152], [136.83, 34.5151], [136.8302, 34.515]]], [[[136.8285, 34.5145], [136.8282, 34.5146], [136.8279, 34.5145], [136.8281, 34.5141], [136.8287, 34.5145], [136.8285, 34.5145]]], [[[136.9172, 34.3926], [136.9168, 34.3926], [136.9174, 34.3925], [136.9174, 34.3926], [136.9172, 34.3926]]], [[[136.8899, 34.4535], [136.8897, 34.4537], [136.8893, 34.4535], [136.8887, 34.4536], [136.8888, 34.4528], [136.8878, 34.4521], [136.8876, 34.4518], [136.8883, 34.4517], [136.8886, 34.4513], [136.8886, 34.4509], [136.8891, 34.4508], [136.8899, 34.4511], [136.8906, 34.4523], [136.891, 34.4525], [136.8908, 34.4528], [136.8899, 34.4535]]], [[[136.8979, 34.461], [136.8979, 34.4611], [136.8974, 34.461], [136.8971, 34.4607], [136.8968, 34.4608], [136.897, 34.4611], [136.8965, 34.4609], [136.8955, 34.4599], [136.8954, 34.4595], [136.8944, 34.4588], [136.8936, 34.4589], [136.893, 34.4585], [136.8926, 34.4585], [136.8926, 34.4588], [136.8922, 34.4587], [136.8919, 34.458], [136.8923, 34.4579], [136.8924, 34.4578], [136.8921, 34.4573], [136.8916, 34.4571], [136.8914, 34.4569], [136.8916, 34.4562], [136.8924, 34.4562], [136.8927, 34.4559], [136.8933, 34.4558], [136.8937, 34.4555], [136.8946, 34.4558], [136.8952, 34.4557], [136.8952, 34.456], [136.8957, 34.4561], [136.896, 34.4567], [136.8957, 34.4566], [136.8953, 34.4567], [136.8952, 34.4575], [136.8953, 34.4579], [136.8956, 34.4581], [136.8959, 34.458], [136.8964, 34.4581], [136.8965, 34.4585], [136.897, 34.4587], [136.8971, 34.4587], [136.8974, 34.4584], [136.8977, 34.4585], [136.8983, 34.459], [136.8981, 34.4592], [136.8976, 34.459], [136.8973, 34.4594], [136.8975, 34.4599], [136.8975, 34.4605], [136.8977, 34.4606], [136.8979, 34.461]]], [[[136.8478, 34.5144], [136.8474, 34.5142], [136.8478, 34.5143], [136.8478, 34.5144]]], [[[136.866, 34.5099], [136.8671, 34.5107], [136.8674, 34.5107], [136.8675, 34.5106], [136.8676, 34.5108], [136.8689, 34.5109], [136.8698, 34.5106], [136.8699, 34.5104], [136.8695, 34.5099], [136.8697, 34.5096], [136.8699, 34.5096], [136.8706, 34.5099], [136.871, 34.51], [136.8711, 34.5105], [136.8707, 34.5106], [136.8707, 34.5108], [136.871, 34.5112], [136.872, 34.5116], [136.8729, 34.5116], [136.8735, 34.5114], [136.8736, 34.5108], [136.8746, 34.5102], [136.8747, 34.5098], [136.8745, 34.5097], [136.8744, 34.5091], [136.8753, 34.5091], [136.8756, 34.5101], [136.8756, 34.5114], [136.8763, 34.5126], [136.8763, 34.5133], [136.8769, 34.5134], [136.8771, 34.5139], [136.8778, 34.5147], [136.8794, 34.5154], [136.8799, 34.5153], [136.8797, 34.515], [136.88, 34.5149], [136.8818, 34.5154], [136.8823, 34.515], [136.8827, 34.5151], [136.8829, 34.5149], [136.8834, 34.5149], [136.884, 34.5157], [136.8844, 34.5156], [136.8851, 34.516], [136.8852, 34.5158], [136.8853, 34.5161], [136.8856, 34.516], [136.886, 34.5161], [136.886, 34.5163], [136.8864, 34.5165], [136.8866, 34.517], [136.8869, 34.517], [136.887, 34.5167], [136.8872, 34.5168], [136.8874, 34.5175], [136.8877, 34.5176], [136.8876, 34.5178], [136.8879, 34.5179], [136.8878, 34.5185], [136.8883, 34.5193], [136.8892, 34.5203], [136.8898, 34.5206], [136.89, 34.5205], [136.8907, 34.5206], [136.8915, 34.5216], [136.8916, 34.522], [136.8934, 34.523], [136.8949, 34.5231], [136.8954, 34.5228], [136.8957, 34.523], [136.8957, 34.5232], [136.8968, 34.5232], [136.8971, 34.5231], [136.897, 34.5229], [136.8968, 34.5222], [136.897, 34.5229], [136.8971, 34.5229], [136.8969, 34.5222], [136.8971, 34.5227], [136.8987, 34.5224], [136.8986, 34.522], [136.8987, 34.522], [136.8992, 34.5226], [136.8997, 34.5224], [136.9001, 34.5217], [136.8997, 34.5215], [136.9001, 34.5216], [136.9004, 34.521], [136.8997, 34.5206], [136.8984, 34.5214], [136.8965, 34.5217], [136.8984, 34.5213], [136.8997, 34.5206], [136.8994, 34.5198], [136.8991, 34.5195], [136.8989, 34.5196], [136.8987, 34.5191], [136.8988, 34.519], [136.8986, 34.5187], [136.8992, 34.5185], [136.8993, 34.5183], [136.9, 34.5187], [136.9003, 34.5186], [136.9004, 34.5188], [136.9009, 34.5185], [136.9018, 34.519], [136.9024, 34.519], [136.9043, 34.5198], [136.9044, 34.5202], [136.904, 34.5208], [136.9033, 34.5211], [136.9028, 34.521], [136.9021, 34.5218], [136.9018, 34.5225], [136.9017, 34.5239], [136.9014, 34.5239], [136.901, 34.5245], [136.9009, 34.5249], [136.9012, 34.5257], [136.9023, 34.5265], [136.9025, 34.5264], [136.9027, 34.5268], [136.9033, 34.5271], [136.9036, 34.5271], [136.9037, 34.5272], [136.9035, 34.5272], [136.9037, 34.5274], [136.9034, 34.5273], [136.9034, 34.5275], [136.9046, 34.529], [136.9054, 34.5288], [136.9057, 34.529], [136.9055, 34.5295], [136.9052, 34.5295], [136.9053, 34.5298], [136.9046, 34.5298], [136.9045, 34.5303], [136.9048, 34.5305], [136.9048, 34.5314], [136.9047, 34.5305], [136.9045, 34.5303], [136.9044, 34.5289], [136.904, 34.5283], [136.9034, 34.5277], [136.9023, 34.5279], [136.9024, 34.5285], [136.9028, 34.5287], [136.9032, 34.5286], [136.9033, 34.5287], [136.9031, 34.529], [136.9037, 34.5293], [136.904, 34.5292], [136.9042, 34.53], [136.9041, 34.5302], [136.9036, 34.53], [136.9033, 34.5302], [136.9035, 34.5304], [136.9033, 34.5302], [136.9031, 34.5303], [136.9034, 34.5306], [136.9031, 34.5307], [136.9028, 34.5304], [136.9025, 34.5306], [136.9019, 34.5312], [136.9022, 34.5314], [136.9018, 34.5315], [136.9011, 34.5322], [136.9011, 34.5329], [136.9014, 34.533], [136.9017, 34.5327], [136.9014, 34.5332], [136.902, 34.5335], [136.9019, 34.5338], [136.9015, 34.534], [136.9018, 34.5353], [136.902, 34.5355], [136.9017, 34.5354], [136.9017, 34.5352], [136.901, 34.5352], [136.9017, 34.5351], [136.9015, 34.5343], [136.9006, 34.5343], [136.9006, 34.5352], [136.9005, 34.534], [136.8997, 34.5341], [136.8993, 34.5347], [136.9003, 34.536], [136.8998, 34.5362], [136.9002, 34.5365], [136.9001, 34.5372], [136.9006, 34.5376], [136.8992, 34.538], [136.8989, 34.5386], [136.8984, 34.5387], [136.8983, 34.5389], [136.8981, 34.5389], [136.8981, 34.5387], [136.8978, 34.5388], [136.8975, 34.5386], [136.8969, 34.5381], [136.8969, 34.5376], [136.8962, 34.5368], [136.8957, 34.5365], [136.8948, 34.5362], [136.8945, 34.5363], [136.8944, 34.5365], [136.894, 34.5366], [136.8938, 34.5363], [136.8934, 34.5363], [136.8928, 34.5361], [136.8927, 34.536], [136.893, 34.5355], [136.8923, 34.5352], [136.8918, 34.5345], [136.8912, 34.5344], [136.8908, 34.5347], [136.8908, 34.5349], [136.8903, 34.5349], [136.8903, 34.5344], [136.8898, 34.5343], [136.8893, 34.5344], [136.8886, 34.534], [136.8883, 34.5331], [136.8875, 34.5326], [136.886, 34.532], [136.8853, 34.5323], [136.8849, 34.5321], [136.8845, 34.5317], [136.884, 34.5316], [136.8837, 34.5312], [136.8841, 34.531], [136.8847, 34.5311], [136.885, 34.5306], [136.8849, 34.5302], [136.8843, 34.5298], [136.8829, 34.5299], [136.8825, 34.5296], [136.8815, 34.5295], [136.8807, 34.5299], [136.8807, 34.5303], [136.8812, 34.5308], [136.8806, 34.531], [136.8802, 34.5308], [136.8796, 34.531], [136.8792, 34.5307], [136.8789, 34.5304], [136.8788, 34.5302], [136.8785, 34.53], [136.8767, 34.5298], [136.8763, 34.5295], [136.8757, 34.5293], [136.873, 34.5293], [136.8726, 34.5296], [136.8714, 34.5295], [136.8706, 34.5293], [136.8702, 34.5294], [136.8687, 34.5293], [136.8674, 34.5281], [136.867, 34.528], [136.8666, 34.5274], [136.8661, 34.5273], [136.8659, 34.5269], [136.8656, 34.5269], [136.8657, 34.5267], [136.8667, 34.5267], [136.8682, 34.5259], [136.8687, 34.5264], [136.8697, 34.5264], [136.8699, 34.5266], [136.8707, 34.5265], [136.8709, 34.5267], [136.8714, 34.5267], [136.8715, 34.527], [136.871, 34.5276], [136.8706, 34.5278], [136.8707, 34.528], [136.871, 34.5281], [136.8721, 34.528], [136.8735, 34.5273], [136.8746, 34.5272], [136.8752, 34.5261], [136.8759, 34.5261], [136.8773, 34.5266], [136.8779, 34.5266], [136.8786, 34.5273], [136.8795, 34.5266], [136.8784, 34.5259], [136.8779, 34.5257], [136.8776, 34.5252], [136.8769, 34.5249], [136.8763, 34.5241], [136.8761, 34.524], [136.8756, 34.5245], [136.8748, 34.5248], [136.8725, 34.5252], [136.8718, 34.5232], [136.8715, 34.523], [136.8711, 34.5231], [136.8705, 34.5229], [136.8707, 34.5225], [136.8702, 34.5219], [136.8701, 34.5216], [136.8708, 34.5216], [136.8719, 34.5219], [136.8723, 34.5211], [136.8722, 34.5198], [136.8719, 34.519], [136.871, 34.5186], [136.87, 34.5178], [136.8696, 34.5178], [136.8677, 34.5171], [136.8664, 34.5175], [136.8647, 34.5174], [136.8639, 34.5188], [136.8634, 34.519], [136.8629, 34.5187], [136.862, 34.5185], [136.8595, 34.5179], [136.8596, 34.5177], [136.8586, 34.517], [136.8584, 34.5171], [136.8586, 34.5176], [136.8584, 34.5177], [136.8566, 34.5176], [136.8564, 34.5174], [136.8569, 34.5167], [136.856, 34.5157], [136.856, 34.5155], [136.8556, 34.5155], [136.8556, 34.5157], [136.8556, 34.5155], [136.8553, 34.5155], [136.8546, 34.5159], [136.8549, 34.5164], [136.8555, 34.5171], [136.8548, 34.5164], [136.8538, 34.5166], [136.8528, 34.5164], [136.8524, 34.5157], [136.8506, 34.5147], [136.85, 34.5141], [136.8522, 34.5155], [136.8525, 34.5152], [136.8522, 34.515], [136.8527, 34.5144], [136.8524, 34.5141], [136.8522, 34.5142], [136.8523, 34.5141], [136.8517, 34.5136], [136.8512, 34.514], [136.8521, 34.5133], [136.8513, 34.5127], [136.8514, 34.5123], [136.8512, 34.5123], [136.851, 34.5127], [136.8508, 34.5127], [136.8508, 34.5124], [136.8497, 34.5123], [136.8497, 34.5126], [136.8495, 34.5122], [136.849, 34.5117], [136.848, 34.5114], [136.8477, 34.5101], [136.8473, 34.5096], [136.847, 34.5086], [136.8467, 34.5086], [136.847, 34.5085], [136.847, 34.5084], [136.8463, 34.5081], [136.846, 34.5078], [136.848, 34.5078], [136.8484, 34.5079], [136.8486, 34.5082], [136.8491, 34.5084], [136.8495, 34.5081], [136.8499, 34.5081], [136.8509, 34.5075], [136.852, 34.5072], [136.8526, 34.5064], [136.8532, 34.5066], [136.8539, 34.5064], [136.8543, 34.5066], [136.8547, 34.5064], [136.8549, 34.5062], [136.8551, 34.5063], [136.8564, 34.5061], [136.8571, 34.5063], [136.8573, 34.5062], [136.8572, 34.5061], [136.8573, 34.5062], [136.8579, 34.5061], [136.8581, 34.5057], [136.8583, 34.5059], [136.8587, 34.5059], [136.8589, 34.5062], [136.8592, 34.5063], [136.8596, 34.5063], [136.86, 34.506], [136.8602, 34.506], [136.8604, 34.5062], [136.8602, 34.5062], [136.8602, 34.5065], [136.8605, 34.5069], [136.8612, 34.5073], [136.8617, 34.5072], [136.8621, 34.507], [136.8625, 34.5075], [136.863, 34.5074], [136.8631, 34.507], [136.8635, 34.5071], [136.8637, 34.5074], [136.8644, 34.5074], [136.8649, 34.5073], [136.865, 34.507], [136.8653, 34.507], [136.8654, 34.5066], [136.8659, 34.5067], [136.8655, 34.5077], [136.865, 34.5083], [136.8655, 34.5091], [136.8659, 34.5094], [136.8658, 34.5097], [136.866, 34.5099]]], [[[136.8466, 34.5116], [136.8467, 34.5118], [136.8459, 34.5116], [136.8453, 34.5118], [136.8451, 34.5116], [136.8454, 34.5112], [136.8456, 34.5112], [136.8466, 34.5116]]], [[[136.8565, 34.5226], [136.856, 34.5223], [136.8558, 34.5212], [136.8553, 34.5206], [136.8539, 34.5201], [136.8522, 34.5199], [136.8518, 34.5197], [136.8518, 34.5195], [136.853, 34.5196], [136.8533, 34.5195], [136.8537, 34.5195], [136.8541, 34.5193], [136.8544, 34.5193], [136.8553, 34.5199], [136.8556, 34.5204], [136.8566, 34.5211], [136.8581, 34.5206], [136.8587, 34.5201], [136.859, 34.5201], [136.8593, 34.5203], [136.8604, 34.5198], [136.8625, 34.5203], [136.8628, 34.5206], [136.8628, 34.5208], [136.8621, 34.521], [136.8612, 34.5208], [136.8612, 34.521], [136.8606, 34.5207], [136.8601, 34.5209], [136.8596, 34.5206], [136.8591, 34.521], [136.8578, 34.5211], [136.8573, 34.5214], [136.8569, 34.5223], [136.8565, 34.5226]]], [[[136.8445, 34.5203], [136.8444, 34.5204], [136.8444, 34.5202], [136.844, 34.5202], [136.8431, 34.5194], [136.842, 34.5199], [136.8417, 34.5196], [136.8415, 34.5191], [136.8406, 34.519], [136.8398, 34.5187], [136.8391, 34.5186], [136.8387, 34.5183], [136.8368, 34.518], [136.8357, 34.5172], [136.8356, 34.5168], [136.8361, 34.5165], [136.837, 34.5167], [136.838, 34.5165], [136.8397, 34.5168], [136.8403, 34.5164], [136.8404, 34.5161], [136.8403, 34.5158], [136.8406, 34.5158], [136.8413, 34.5166], [136.8424, 34.5166], [136.8428, 34.5168], [136.8429, 34.517], [136.8429, 34.5177], [136.8438, 34.5184], [136.8462, 34.519], [136.8468, 34.5194], [136.8477, 34.5196], [136.848, 34.5198], [136.8473, 34.5198], [136.847, 34.5199], [136.8471, 34.5201], [136.8468, 34.5202], [136.8461, 34.5198], [136.846, 34.52], [136.8452, 34.52], [136.8448, 34.5203], [136.8445, 34.5203]]], [[[136.9131, 34.5375], [136.9138, 34.538], [136.9137, 34.5381], [136.9134, 34.5382], [136.9127, 34.5378], [136.9126, 34.5375], [136.9131, 34.5375]]], [[[136.9255, 34.55], [136.9253, 34.5502], [136.9239, 34.5496], [136.924, 34.5495], [136.9236, 34.5492], [136.9238, 34.5488], [136.9238, 34.5486], [136.9232, 34.5483], [136.9231, 34.5481], [136.9248, 34.5485], [136.9251, 34.5493], [136.9258, 34.55], [136.9255, 34.55]]], [[[136.9161, 34.5436], [136.9165, 34.5445], [136.9147, 34.5436], [136.914, 34.5436], [136.9136, 34.5435], [136.9119, 34.5432], [136.9094, 34.5436], [136.9091, 34.544], [136.9087, 34.5435], [136.9083, 34.5434], [136.9081, 34.5435], [136.9076, 34.5432], [136.9068, 34.5433], [136.9064, 34.5429], [136.9073, 34.5428], [136.9072, 34.5426], [136.9075, 34.5427], [136.9076, 34.5425], [136.9075, 34.5417], [136.908, 34.5414], [136.9083, 34.5414], [136.9095, 34.541], [136.9098, 34.5407], [136.9099, 34.5403], [136.9108, 34.5407], [136.9115, 34.5407], [136.9128, 34.5399], [136.9132, 34.54], [136.9129, 34.5407], [136.9136, 34.5418], [136.9143, 34.5425], [136.9149, 34.5427], [136.9153, 34.5432], [136.9161, 34.5436]]], [[[136.9035, 34.538], [136.9032, 34.5382], [136.9031, 34.5387], [136.9029, 34.5387], [136.9023, 34.5385], [136.902, 34.538], [136.902, 34.5379], [136.9033, 34.5378], [136.9039, 34.5377], [136.9043, 34.5379], [136.904, 34.538], [136.9035, 34.538]]], [[[136.9042, 34.5031], [136.904, 34.5033], [136.9035, 34.5029], [136.9035, 34.5025], [136.903, 34.5019], [136.9025, 34.5019], [136.9013, 34.5025], [136.9003, 34.5024], [136.9013, 34.5025], [136.9023, 34.5019], [136.9016, 34.5011], [136.9014, 34.5012], [136.9008, 34.5004], [136.9003, 34.5005], [136.9012, 34.4998], [136.9007, 34.4993], [136.9003, 34.4995], [136.8999, 34.4993], [136.8997, 34.4995], [136.8987, 34.4992], [136.8989, 34.4989], [136.8977, 34.4985], [136.8977, 34.4986], [136.8976, 34.4986], [136.8977, 34.4984], [136.8971, 34.4982], [136.8969, 34.4987], [136.8976, 34.4988], [136.8975, 34.4989], [136.8968, 34.4987], [136.8971, 34.4981], [136.8969, 34.4979], [136.8965, 34.4978], [136.8953, 34.4979], [136.8951, 34.4982], [136.8948, 34.4982], [136.8944, 34.4976], [136.8941, 34.4976], [136.8942, 34.4975], [136.894, 34.4977], [136.8937, 34.4977], [136.8939, 34.4971], [136.8935, 34.4968], [136.8917, 34.4967], [136.8905, 34.4961], [136.8895, 34.4959], [136.8884, 34.4961], [136.8858, 34.4956], [136.8847, 34.4956], [136.8836, 34.4953], [136.8831, 34.4954], [136.8828, 34.495], [136.8821, 34.4947], [136.8805, 34.4948], [136.8798, 34.4946], [136.8783, 34.4943], [136.8767, 34.4933], [136.8763, 34.4932], [136.8765, 34.493], [136.8763, 34.4925], [136.8749, 34.4906], [136.8742, 34.49], [136.8735, 34.4889], [136.8736, 34.4888], [136.8735, 34.4884], [136.8722, 34.4866], [136.8721, 34.4857], [136.8731, 34.4851], [136.8732, 34.4845], [136.8731, 34.484], [136.8731, 34.4838], [136.8738, 34.4835], [136.8752, 34.4837], [136.8753, 34.4847], [136.8758, 34.4849], [136.876, 34.4845], [136.8759, 34.4849], [136.8765, 34.4846], [136.8769, 34.4839], [136.878, 34.4831], [136.8781, 34.4832], [136.8785, 34.4831], [136.8798, 34.4835], [136.8802, 34.4838], [136.8802, 34.4836], [136.8804, 34.4838], [136.8802, 34.4838], [136.8803, 34.4842], [136.8806, 34.4843], [136.881, 34.4841], [136.881, 34.4845], [136.881, 34.4841], [136.8807, 34.4835], [136.8806, 34.4835], [136.8807, 34.4835], [136.8806, 34.4831], [136.8804, 34.483], [136.8805, 34.483], [136.8802, 34.4817], [136.88, 34.4815], [136.8794, 34.4816], [136.8794, 34.4811], [136.8797, 34.4808], [136.8797, 34.4807], [136.8804, 34.4809], [136.8815, 34.481], [136.8817, 34.4815], [136.8825, 34.4817], [136.8828, 34.4819], [136.8837, 34.4817], [136.8844, 34.4813], [136.8844, 34.4806], [136.8849, 34.4806], [136.8854, 34.4798], [136.8853, 34.4791], [136.8851, 34.4788], [136.8842, 34.4787], [136.8838, 34.4785], [136.8843, 34.4782], [136.8843, 34.4779], [136.884, 34.4777], [136.8848, 34.4775], [136.8849, 34.4773], [136.8848, 34.477], [136.8856, 34.4769], [136.8858, 34.4763], [136.8863, 34.4766], [136.8865, 34.4772], [136.887, 34.4773], [136.8875, 34.4772], [136.8877, 34.4768], [136.8882, 34.4767], [136.888, 34.4769], [136.8881, 34.4772], [136.888, 34.4775], [136.8877, 34.4776], [136.8881, 34.4782], [136.8875, 34.4783], [136.8872, 34.4789], [136.8873, 34.4797], [136.8876, 34.4802], [136.8884, 34.4808], [136.8887, 34.4813], [136.8892, 34.4815], [136.8894, 34.4821], [136.89, 34.4828], [136.8918, 34.4831], [136.8926, 34.4829], [136.8935, 34.4836], [136.8956, 34.4839], [136.8964, 34.4848], [136.8965, 34.4853], [136.8968, 34.4857], [136.8973, 34.4859], [136.8982, 34.4859], [136.898, 34.4861], [136.8983, 34.4863], [136.8982, 34.4865], [136.898, 34.4867], [136.8975, 34.4868], [136.8974, 34.4871], [136.898, 34.4872], [136.8975, 34.4877], [136.8981, 34.4882], [136.8985, 34.4882], [136.8987, 34.4887], [136.8991, 34.489], [136.9007, 34.4896], [136.9013, 34.4899], [136.9015, 34.4899], [136.9031, 34.4903], [136.9035, 34.4902], [136.9038, 34.4905], [136.9043, 34.4905], [136.9054, 34.4901], [136.9054, 34.4899], [136.9052, 34.4896], [136.9056, 34.4892], [136.9061, 34.489], [136.9068, 34.4892], [136.9067, 34.4895], [136.9061, 34.4896], [136.906, 34.4898], [136.9063, 34.4902], [136.9067, 34.4901], [136.9067, 34.4903], [136.9065, 34.4903], [136.9065, 34.4907], [136.907, 34.491], [136.9069, 34.4912], [136.9064, 34.491], [136.9061, 34.4912], [136.9058, 34.4923], [136.9078, 34.4958], [136.9084, 34.4976], [136.9086, 34.4988], [136.9089, 34.4991], [136.9098, 34.4997], [136.9093, 34.5005], [136.9094, 34.5006], [136.9093, 34.5008], [136.9095, 34.501], [136.9096, 34.5013], [136.909, 34.5019], [136.9087, 34.5031], [136.9083, 34.5031], [136.9084, 34.5028], [136.9081, 34.5025], [136.9071, 34.5024], [136.9059, 34.5025], [136.9042, 34.5031]]], [[[136.9808, 34.5521], [136.9796, 34.5514], [136.9805, 34.5518], [136.9807, 34.5515], [136.9811, 34.5517], [136.9814, 34.5513], [136.9811, 34.5512], [136.9805, 34.5514], [136.9796, 34.5509], [136.9775, 34.5506], [136.9761, 34.5498], [136.977, 34.5502], [136.9771, 34.5501], [136.977, 34.5502], [136.9776, 34.5505], [136.9798, 34.5509], [136.9806, 34.5513], [136.9811, 34.5511], [136.9804, 34.5504], [136.9802, 34.5506], [136.9803, 34.5504], [136.9796, 34.55], [136.9793, 34.5503], [136.9791, 34.5502], [136.9793, 34.5499], [136.9781, 34.5492], [136.978, 34.5493], [136.9781, 34.5492], [136.9779, 34.549], [136.9777, 34.5491], [136.9778, 34.549], [136.9773, 34.5486], [136.9766, 34.5493], [136.9772, 34.5486], [136.9772, 34.5482], [136.9766, 34.5475], [136.9764, 34.547], [136.9766, 34.547], [136.9771, 34.5464], [136.9771, 34.5461], [136.9773, 34.5458], [136.9773, 34.5453], [136.9778, 34.5454], [136.9794, 34.545], [136.9796, 34.5447], [136.9798, 34.5447], [136.9809, 34.5439], [136.9808, 34.5434], [136.9811, 34.5435], [136.9813, 34.5434], [136.9815, 34.5429], [136.9812, 34.5427], [136.9815, 34.5418], [136.9811, 34.5414], [136.9814, 34.5415], [136.9818, 34.5413], [136.9819, 34.5406], [136.9821, 34.5406], [136.9819, 34.5402], [136.9822, 34.5401], [136.9824, 34.5402], [136.9824, 34.5406], [136.9826, 34.5406], [136.9827, 34.5411], [136.983, 34.5413], [136.9828, 34.5419], [136.9832, 34.5425], [136.9829, 34.5428], [136.9832, 34.543], [136.9832, 34.5433], [136.9834, 34.5435], [136.9838, 34.5434], [136.9842, 34.5439], [136.9848, 34.5441], [136.9852, 34.5447], [136.9862, 34.5454], [136.9862, 34.5455], [136.9864, 34.5456], [136.987, 34.5465], [136.9876, 34.5465], [136.9874, 34.5467], [136.9873, 34.5466], [136.9872, 34.547], [136.9873, 34.5473], [136.9877, 34.5476], [136.9878, 34.5479], [136.9875, 34.5483], [136.9875, 34.5493], [136.9872, 34.55], [136.9871, 34.55], [136.9858, 34.5506], [136.9848, 34.5503], [136.9831, 34.5507], [136.9815, 34.5514], [136.9808, 34.5521]]], [[[136.8597, 34.4908], [136.8585, 34.4908], [136.8576, 34.4905], [136.8563, 34.4903], [136.8549, 34.4898], [136.8532, 34.4886], [136.8522, 34.4884], [136.8517, 34.4885], [136.8515, 34.4884], [136.8511, 34.4884], [136.8514, 34.4883], [136.8514, 34.4882], [136.8511, 34.4882], [136.8513, 34.4881], [136.8511, 34.4874], [136.8518, 34.4869], [136.8517, 34.4867], [136.852, 34.4869], [136.8523, 34.4867], [136.8535, 34.4852], [136.8537, 34.4845], [136.8536, 34.4844], [136.8534, 34.4845], [136.8543, 34.484], [136.855, 34.4831], [136.8551, 34.4832], [136.8561, 34.4825], [136.8567, 34.4826], [136.8578, 34.4836], [136.8581, 34.4834], [136.8578, 34.4836], [136.8583, 34.484], [136.8585, 34.4838], [136.8584, 34.4841], [136.8597, 34.4847], [136.86, 34.4843], [136.8598, 34.4842], [136.8594, 34.4836], [136.8589, 34.4834], [136.8587, 34.4829], [136.8589, 34.4834], [136.8595, 34.4837], [136.8598, 34.4842], [136.8626, 34.4853], [136.8631, 34.4854], [136.8631, 34.4852], [136.8631, 34.4854], [136.8632, 34.4853], [136.8635, 34.4854], [136.8639, 34.4859], [136.8641, 34.4877], [136.864, 34.4879], [136.8642, 34.488], [136.864, 34.4881], [136.8641, 34.4884], [136.8649, 34.4891], [136.866, 34.4894], [136.8659, 34.4897], [136.8657, 34.4894], [136.8651, 34.4896], [136.8647, 34.4892], [136.8636, 34.4892], [136.8623, 34.4897], [136.8616, 34.4906], [136.8604, 34.4904], [136.8601, 34.4907], [136.8597, 34.4908]]]]}, "properties": {"name": "三重県鳥羽市"}}, {"type": "Feature", "geometry": {"type": "Polygon", "coordinates": [[[136.1013, 34.0257], [136.1011, 34.0256], [136.1012, 34.0251], [136.1009, 34.0245], [136.1, 34.0238], [136.0988, 34.0239], [136.0976, 34.0238], [136.0973, 34.0237], [136.0972, 34.0234], [136.0974, 34.0232], [136.0974, 34.0231], [136.0968, 34.0229], [136.0967, 34.0225], [136.0951, 34.0228], [136.0934, 34.0234], [136.0927, 34.0243], [136.0915, 34.0254], [136.0905, 34.0255], [136.09, 34.0261], [136.0892, 34.026], [136.0888, 34.0261], [136.0886, 34.0263], [136.0888, 34.0269], [136.0887, 34.0271], [136.0883, 34.0271], [136.0878, 34.027], [136.0872, 34.0271], [136.0868, 34.0278], [136.0871, 34.0283], [136.0861, 34.029], [136.0851, 34.029], [136.0831, 34.0284], [136.0829, 34.0279], [136.0823, 34.0278], [136.081, 34.0288], [136.0817, 34.0293], [136.0818, 34.0298], [136.0806, 34.0297], [136.0799, 34.03], [136.0797, 34.0298], [136.0797, 34.0291], [136.0794, 34.0288], [136.0787, 34.0287], [136.0785, 34.0291], [136.0786, 34.0313], [136.0766, 34.0309], [136.0764, 34.0313], [136.0766, 34.0317], [136.0764, 34.0323], [136.0763, 34.0324], [136.0753, 34.0322], [136.0742, 34.0327], [136.0734, 34.0326], [136.0736, 34.0331], [136.073, 34.0342], [136.069, 34.0339], [136.0679, 34.0335], [136.0672, 34.0341], [136.0664, 34.0343], [136.0656, 34.0338], [136.0643, 34.0338], [136.0638, 34.033], [136.063, 34.0325], [136.0627, 34.0325], [136.0618, 34.0329], [136.0614, 34.0334], [136.0611, 34.0336], [136.0601, 34.0335], [136.0597, 34.034], [136.0581, 34.0343], [136.0565, 34.0344], [136.0562, 34.0345], [136.0557, 34.0351], [136.0548, 34.0355], [136.0541, 34.0355], [136.0533, 34.0346], [136.0535, 34.0334], [136.0532, 34.0326], [136.0528, 34.032], [136.0525, 34.032], [136.0516, 34.0325], [136.0508, 34.0334], [136.0438, 34.0357], [136.0436, 34.0361], [136.0435, 34.0369], [136.0432, 34.0377], [136.0432, 34.0378], [136.0437, 34.038], [136.0439, 34.0383], [136.0442, 34.0391], [136.0439, 34.0403], [136.0432, 34.0408], [136.0423, 34.0404], [136.0414, 34.0396], [136.0411, 34.0393], [136.0411, 34.037], [136.0405, 34.0364], [136.0398, 34.0363], [136.039, 34.0365], [136.0383, 34.037], [136.0379, 34.0375], [136.0377, 34.038], [136.0377, 34.0387], [136.038, 34.0396], [136.038, 34.0405], [136.0377, 34.041], [136.0373, 34.0408], [136.0355, 34.0387], [136.0333, 34.0348], [136.0323, 34.0333], [136.0316, 34.0318], [136.0287, 34.0326], [136.0276, 34.0327], [136.0271, 34.0334], [136.026, 34.0344], [136.025, 34.0347], [136.0244, 34.0357], [136.0235, 34.0362], [136.0214, 34.0366], [136.0197, 34.0367], [136.0194, 34.0366], [136.0187, 34.0358], [136.0181, 34.0357], [136.0179, 34.0347], [136.0174, 34.0343], [136.0168, 34.0333], [136.0167, 34.0328], [136.0169, 34.0325], [136.0171, 34.0316], [136.0166, 34.031], [136.0163, 34.0281], [136.0154, 34.0277], [136.015, 34.0248], [136.0144, 34.0242], [136.0136, 34.0238], [136.0133, 34.023], [136.0121, 34.0226], [136.0106, 34.0211], [136.0087, 34.0208], [136.0081, 34.0201], [136.0074, 34.0199], [136.0073, 34.0193], [136.0077, 34.0184], [136.0071, 34.0178], [136.0064, 34.0158], [136.0064, 34.0152], [136.0056, 34.0145], [136.0032, 34.0132], [136.003, 34.0114], [136.0033, 34.0106], [136.0033, 34.0097], [136.0057, 34.0092], [136.0067, 34.0083], [136.007, 34.0076], [136.0068, 34.0067], [136.0056, 34.0047], [136.0052, 34.0033], [136.0044, 34.0018], [136.0034, 34.0014], [136.0017, 34.0014], [135.997, 34.0026], [135.9956, 34.0021], [135.9953, 34.0017], [135.9953, 34.0004], [135.9963, 33.9986], [135.9969, 33.9979], [136.0032, 33.9927], [136.0045, 33.991], [136.0046, 33.9906], [136.0043, 33.9882], [136.0044, 33.9857], [136.0054, 33.9832], [136.0068, 33.9808], [136.0085, 33.9789], [136.0114, 33.9767], [136.0133, 33.9743], [136.0132, 33.9687], [136.0124, 33.9672], [136.0112, 33.9662], [136.0094, 33.9653], [136.0038, 33.9628], [136.0033, 33.9622], [136.0014, 33.9572], [136.001, 33.9565], [136.0003, 33.9558], [135.9994, 33.9556], [135.9985, 33.9559], [135.997, 33.9569], [135.9952, 33.9586], [135.9949, 33.9591], [135.9933, 33.9611], [135.992, 33.9645], [135.9912, 33.9653], [135.988, 33.9679], [135.9861, 33.9686], [135.9843, 33.9688], [135.982, 33.9686], [135.9806, 33.968], [135.9784, 33.9675], [135.977, 33.9667], [135.9761, 33.9657], [135.9751, 33.963], [135.975, 33.9613], [135.975, 33.9607], [135.9754, 33.9603], [135.9769, 33.9588], [135.9772, 33.9579], [135.977, 33.9538], [135.9778, 33.9519], [135.9775, 33.9498], [135.9775, 33.9478], [135.9772, 33.9473], [135.9761, 33.9463], [135.9757, 33.9448], [135.9755, 33.9419], [135.9733, 33.9376], [135.9728, 33.9365], [135.9725, 33.9351], [135.9708, 33.933], [135.9693, 33.9299], [135.9678, 33.9285], [135.9668, 33.928], [135.9663, 33.9279], [135.9652, 33.928], [135.9647, 33.9282], [135.964, 33.9287], [135.9622, 33.9305], [135.958, 33.9342], [135.9555, 33.9355], [135.9535, 33.9362], [135.9471, 33.9378], [135.946, 33.9383], [135.9444, 33.9394], [135.9439, 33.9397], [135.9423, 33.9399], [135.9381, 33.9393], [135.9365, 33.9392], [135.9338, 33.9395], [135.9302, 33.9411], [135.9291, 33.9414], [135.9281, 33.9413], [135.9278, 33.9411], [135.9275, 33.9403], [135.9277, 33.9393], [135.9288, 33.9371], [135.9306, 33.9346], [135.9311, 33.9342], [135.9313, 33.9336], [135.9309, 33.9333], [135.9305, 33.9333], [135.9284, 33.9344], [135.9275, 33.9348], [135.923, 33.9346], [135.9215, 33.9341], [135.9212, 33.9337], [135.9196, 33.9325], [135.9187, 33.9311], [135.9184, 33.9299], [135.9181, 33.9274], [135.9173, 33.9252], [135.9173, 33.9237], [135.918, 33.9223], [135.9191, 33.9212], [135.9206, 33.9205], [135.9232, 33.92], [135.9239, 33.9201], [135.9252, 33.9205], [135.9279, 33.9225], [135.9287, 33.9229], [135.9305, 33.9233], [135.9321, 33.9229], [135.9331, 33.9223], [135.9344, 33.9202], [135.9346, 33.9192], [135.9334, 33.9175], [135.9322, 33.9169], [135.9278, 33.9158], [135.9231, 33.9142], [135.922, 33.9142], [135.9217, 33.9143], [135.9218, 33.9146], [135.9214, 33.916], [135.9214, 33.9168], [135.9199, 33.9175], [135.9193, 33.9183], [135.9181, 33.9193], [135.9166, 33.92], [135.9151, 33.9197], [135.9128, 33.9189], [135.9099, 33.9185], [135.9089, 33.9185], [135.9058, 33.9194], [135.9026, 33.9211], [135.9009, 33.921], [135.8985, 33.9216], [135.8967, 33.9215], [135.8948, 33.9209], [135.8942, 33.9204], [135.8938, 33.9196], [135.8937, 33.9194], [135.8946, 33.918], [135.8963, 33.9164], [135.8972, 33.915], [135.8977, 33.9136], [135.8978, 33.9125], [135.8975, 33.9103], [135.8964, 33.9079], [135.8953, 33.9066], [135.8947, 33.9063], [135.8938, 33.9062], [135.8868, 33.907], [135.8848, 33.9069], [135.882, 33.9079], [135.8811, 33.9091], [135.8806, 33.9094], [135.8797, 33.9093], [135.8787, 33.9088], [135.88, 33.9041], [135.8807, 33.9024], [135.8818, 33.9012], [135.8838, 33.8996], [135.8844, 33.8984], [135.8849, 33.8979], [135.8875, 33.8964], [135.888, 33.8953], [135.888, 33.8944], [135.8871, 33.8926], [135.8859, 33.8919], [135.8853, 33.8908], [135.8849, 33.8891], [135.8844, 33.8881], [135.8841, 33.8855], [135.8854, 33.8837], [135.886, 33.883], [135.8871, 33.8824], [135.8908, 33.8809], [135.8914, 33.8811], [135.8928, 33.882], [135.8929, 33.8826], [135.8927, 33.8833], [135.892, 33.8842], [135.8928, 33.8863], [135.8931, 33.889], [135.8928, 33.8894], [135.8915, 33.8897], [135.8906, 33.8901], [135.8902, 33.8906], [135.8907, 33.8919], [135.8915, 33.8933], [135.8919, 33.8938], [135.8924, 33.8939], [135.8936, 33.893], [135.8975, 33.8889], [135.9005, 33.8863], [135.9016, 33.8848], [135.9017, 33.8841], [135.9019, 33.8824], [135.9016, 33.8812], [135.9012, 33.8801], [135.8992, 33.8787], [135.8983, 33.8771], [135.8978, 33.8748], [135.8976, 33.8723], [135.8977, 33.8702], [135.8975, 33.8698], [135.8949, 33.8687], [135.8935, 33.8684], [135.892, 33.8682], [135.8902, 33.8687], [135.8892, 33.8692], [135.8874, 33.8706], [135.8862, 33.8721], [135.8859, 33.8723], [135.8843, 33.8726], [135.8824, 33.8727], [135.8783, 33.8718], [135.8776, 33.8714], [135.8776, 33.8711], [135.8774, 33.8687], [135.8777, 33.8661], [135.878, 33.865], [135.878, 33.864], [135.8773, 33.8632], [135.8754, 33.8618], [135.874, 33.8614], [135.8719, 33.8613], [135.8716, 33.8603], [135.8708, 33.8595], [135.87, 33.8596], [135.8693, 33.86], [135.8686, 33.8601], [135.8685, 33.8599], [135.8679, 33.8602], [135.8668, 33.8601], [135.8666, 33.8606], [135.8661, 33.8608], [135.8653, 33.8607], [135.865, 33.8611], [135.8642, 33.8614], [135.8642, 33.8618], [135.8639, 33.8621], [135.8621, 33.8628], [135.8611, 33.8645], [135.8607, 33.8658], [135.861, 33.8665], [135.8618, 33.8675], [135.8617, 33.8698], [135.8622, 33.8705], [135.8619, 33.8729], [135.8622, 33.8739], [135.8621, 33.8766], [135.8614, 33.8762], [135.8598, 33.876], [135.8586, 33.875], [135.8577, 33.8731], [135.8577, 33.8723], [135.8578, 33.8709], [135.8589, 33.8682], [135.8589, 33.8677], [135.8582, 33.8669], [135.8577, 33.8659], [135.8567, 33.8647], [135.8554, 33.8638], [135.8535, 33.8629], [135.8532, 33.8622], [135.8534, 33.8613], [135.8529, 33.8595], [135.8531, 33.8583], [135.855, 33.8552], [135.8556, 33.8546], [135.8586, 33.8528], [135.86, 33.851], [135.8605, 33.8496], [135.8606, 33.8482], [135.8598, 33.846], [135.8594, 33.8454], [135.8574, 33.8431], [135.8571, 33.8425], [135.8562, 33.8395], [135.8558, 33.8369], [135.8556, 33.8351], [135.8559, 33.8342], [135.8565, 33.8334], [135.8575, 33.8328], [135.8581, 33.8322], [135.8588, 33.8309], [135.8591, 33.83], [135.8582, 33.8264], [135.8561, 33.8222], [135.8558, 33.8211], [135.8558, 33.8201], [135.8564, 33.8187], [135.8569, 33.8178], [135.8634, 33.8111], [135.8664, 33.81], [135.8712, 33.8089], [135.8721, 33.8086], [135.8732, 33.8079], [135.8747, 33.8074], [135.8815, 33.8023], [135.8829, 33.8016], [135.8839, 33.8014], [135.8859, 33.8022], [135.8885, 33.8025], [135.8898, 33.8022], [135.8915, 33.8013], [135.8935, 33.7992], [135.8951, 33.7958], [135.8966, 33.7941], [135.8979, 33.7921], [135.8981, 33.7914], [135.8979, 33.7897], [135.8967, 33.7873], [135.8968, 33.7868], [135.8975, 33.7862], [135.8981, 33.7855], [135.8994, 33.7833], [135.9008, 33.7817], [135.9017, 33.7802], [135.9023, 33.7811], [135.9031, 33.7828], [135.9046, 33.7842], [135.9071, 33.7838], [135.9084, 33.7841], [135.9088, 33.7843], [135.9092, 33.7852], [135.9099, 33.7851], [135.9104, 33.7853], [135.911, 33.7859], [135.9125, 33.7863], [135.913, 33.7866], [135.9131, 33.7875], [135.9133, 33.7877], [135.9143, 33.7877], [135.9156, 33.7874], [135.9161, 33.7876], [135.9167, 33.7881], [135.9188, 33.789], [135.919, 33.7897], [135.9198, 33.7902], [135.92, 33.7905], [135.9222, 33.791], [135.9238, 33.7891], [135.9266, 33.7887], [135.9278, 33.7881], [135.9286, 33.7879], [135.9295, 33.7884], [135.93, 33.7892], [135.9304, 33.7894], [135.9307, 33.7897], [135.9316, 33.7901], [135.9321, 33.7912], [135.9313, 33.7928], [135.9306, 33.7938], [135.9305, 33.7945], [135.9297, 33.7952], [135.9296, 33.7959], [135.9288, 33.7973], [135.9288, 33.7979], [135.9283, 33.7985], [135.9278, 33.8], [135.9272, 33.8006], [135.9268, 33.8019], [135.9267, 33.8028], [135.9274, 33.8031], [135.9279, 33.8038], [135.9291, 33.8045], [135.9305, 33.8047], [135.9312, 33.8057], [135.9319, 33.8061], [135.9329, 33.8073], [135.9337, 33.8077], [135.9336, 33.808], [135.9338, 33.8086], [135.9333, 33.8095], [135.9335, 33.8101], [135.9347, 33.8114], [135.9352, 33.8117], [135.9357, 33.8117], [135.9364, 33.8113], [135.9372, 33.8114], [135.9376, 33.8117], [135.9378, 33.8126], [135.9387, 33.8134], [135.9393, 33.8136], [135.9397, 33.814], [135.941, 33.8144], [135.9417, 33.8143], [135.9425, 33.8145], [135.9441, 33.8156], [135.946, 33.8158], [135.946, 33.819], [135.9467, 33.8196], [135.9484, 33.8205], [135.9484, 33.8209], [135.9477, 33.8215], [135.9472, 33.8225], [135.9477, 33.823], [135.9478, 33.8234], [135.947, 33.8237], [135.9467, 33.8243], [135.9467, 33.8252], [135.9471, 33.8261], [135.9468, 33.8273], [135.9468, 33.8279], [135.9465, 33.8276], [135.9456, 33.8275], [135.9452, 33.8276], [135.9445, 33.8281], [135.9424, 33.8301], [135.9421, 33.831], [135.9416, 33.8318], [135.9413, 33.8319], [135.9398, 33.8318], [135.9385, 33.8344], [135.9377, 33.8347], [135.9359, 33.8362], [135.936, 33.8368], [135.9369, 33.8372], [135.9375, 33.839], [135.938, 33.8394], [135.9382, 33.8405], [135.9386, 33.841], [135.9388, 33.8422], [135.9384, 33.8428], [135.9379, 33.8432], [135.9376, 33.8439], [135.938, 33.8449], [135.9388, 33.8456], [135.9405, 33.8459], [135.9416, 33.8463], [135.9423, 33.8466], [135.9432, 33.8467], [135.9449, 33.8466], [135.9456, 33.8462], [135.9466, 33.846], [135.9485, 33.8462], [135.9493, 33.8466], [135.9524, 33.8473], [135.9536, 33.8468], [135.9541, 33.8456], [135.9551, 33.8455], [135.956, 33.8457], [135.9583, 33.8452], [135.9595, 33.8452], [135.96, 33.8463], [135.9605, 33.8465], [135.9611, 33.8464], [135.9618, 33.8467], [135.9617, 33.8474], [135.962, 33.8484], [135.9614, 33.8496], [135.961, 33.8515], [135.9615, 33.8527], [135.9629, 33.8534], [135.9624, 33.8541], [135.9621, 33.855], [135.9623, 33.8568], [135.962, 33.8574], [135.962, 33.8579], [135.9625, 33.8586], [135.9671, 33.8613], [135.969, 33.8611], [135.9699, 33.8614], [135.9706, 33.8632], [135.9705, 33.8634], [135.97, 33.8637], [135.9694, 33.8649], [135.9698, 33.8666], [135.9706, 33.8681], [135.9706, 33.8684], [135.97, 33.8693], [135.9701, 33.8697], [135.9695, 33.8712], [135.9694, 33.8725], [135.9702, 33.8733], [135.9694, 33.8739], [135.9692, 33.8743], [135.9693, 33.8749], [135.9689, 33.8767], [135.9683, 33.8776], [135.9682, 33.8784], [135.9679, 33.8789], [135.9677, 33.8799], [135.9703, 33.8811], [135.9701, 33.8821], [135.9702, 33.8826], [135.9719, 33.8835], [135.9733, 33.885], [135.9735, 33.8861], [135.9745, 33.8869], [135.9747, 33.887], [135.9772, 33.8853], [135.9778, 33.886], [135.9783, 33.8872], [135.9789, 33.8874], [135.9793, 33.8878], [135.9796, 33.8889], [135.9802, 33.8892], [135.9814, 33.8904], [135.9822, 33.8905], [135.9845, 33.8897], [135.9874, 33.8871], [135.9877, 33.8873], [135.9876, 33.8885], [135.9878, 33.8886], [135.9883, 33.8897], [135.9883, 33.8899], [135.9879, 33.8904], [135.9883, 33.8912], [135.9894, 33.891], [135.9904, 33.891], [135.9907, 33.8909], [135.9909, 33.8903], [135.9906, 33.8891], [135.9911, 33.8886], [135.9913, 33.8879], [135.9912, 33.8874], [135.992, 33.8876], [135.9922, 33.888], [135.9927, 33.8882], [135.9935, 33.8898], [135.9933, 33.8902], [135.9934, 33.8909], [135.9933, 33.8913], [135.9932, 33.8927], [135.9935, 33.8935], [135.9942, 33.8943], [135.995, 33.8942], [135.9953, 33.8944], [135.9964, 33.8946], [135.9965, 33.8944], [135.9956, 33.8934], [135.995, 33.8933], [135.9963, 33.8921], [135.9971, 33.8916], [135.9973, 33.8912], [135.9979, 33.8905], [135.9984, 33.8903], [136.0008, 33.8904], [136.0018, 33.8899], [136.0036, 33.8893], [136.0046, 33.8894], [136.0054, 33.8892], [136.0068, 33.8892], [136.0079, 33.8894], [136.0084, 33.8897], [136.0091, 33.8914], [136.01, 33.8921], [136.0139, 33.8923], [136.0158, 33.8926], [136.0169, 33.8926], [136.0181, 33.8929], [136.0197, 33.8924], [136.0207, 33.8926], [136.0249, 33.8923], [136.0253, 33.8924], [136.0257, 33.8931], [136.0268, 33.8925], [136.0275, 33.8925], [136.0293, 33.8919], [136.0303, 33.8921], [136.031, 33.8924], [136.0319, 33.8923], [136.0328, 33.8925], [136.0341, 33.8929], [136.0351, 33.8927], [136.0356, 33.8911], [136.0353, 33.8906], [136.0345, 33.8899], [136.0348, 33.889], [136.0343, 33.8882], [136.0343, 33.8877], [136.0349, 33.8868], [136.0381, 33.8852], [136.0384, 33.8845], [136.0383, 33.884], [136.0388, 33.8832], [136.0387, 33.8825], [136.0385, 33.8822], [136.0386, 33.8819], [136.0383, 33.8805], [136.0385, 33.8795], [136.0377, 33.8786], [136.0373, 33.8785], [136.0357, 33.8778], [136.0353, 33.877], [136.0362, 33.8759], [136.0378, 33.8747], [136.0382, 33.8743], [136.0379, 33.8727], [136.0394, 33.8725], [136.0398, 33.8714], [136.04, 33.8713], [136.0402, 33.8703], [136.0404, 33.87], [136.0412, 33.8699], [136.0421, 33.8694], [136.0423, 33.869], [136.0423, 33.8682], [136.0442, 33.8659], [136.0443, 33.8653], [136.0451, 33.8648], [136.045, 33.8644], [136.0456, 33.8633], [136.0464, 33.8629], [136.0474, 33.8628], [136.048, 33.8626], [136.0506, 33.8627], [136.0513, 33.8629], [136.0522, 33.8638], [136.0526, 33.8639], [136.0533, 33.8631], [136.054, 33.8628], [136.0552, 33.8627], [136.0561, 33.8624], [136.0596, 33.8606], [136.0594, 33.8581], [136.0604, 33.8578], [136.063, 33.8564], [136.0658, 33.8546], [136.0673, 33.8536], [136.068, 33.8527], [136.0677, 33.852], [136.0656, 33.8481], [136.0643, 33.8466], [136.0639, 33.8457], [136.0641, 33.8448], [136.0653, 33.8429], [136.0651, 33.8395], [136.0661, 33.8407], [136.0679, 33.8434], [136.0714, 33.8497], [136.0786, 33.8605], [136.0836, 33.8669], [136.0864, 33.8701], [136.0933, 33.8778], [136.0991, 33.8838], [136.1009, 33.8854], [136.1013, 33.8857], [136.1016, 33.8857], [136.1016, 33.8859], [136.103, 33.8869], [136.1058, 33.8894], [136.1077, 33.8907], [136.1089, 33.891], [136.1096, 33.8909], [136.1099, 33.8906], [136.1096, 33.8903], [136.1096, 33.89], [136.1106, 33.8895], [136.1113, 33.8896], [136.1114, 33.8891], [136.1121, 33.8892], [136.1118, 33.889], [136.1124, 33.8889], [136.1143, 33.8891], [136.1146, 33.8893], [136.1145, 33.8894], [136.1148, 33.8894], [136.1149, 33.8897], [136.1157, 33.89], [136.1163, 33.8901], [136.117, 33.8906], [136.1167, 33.8908], [136.1171, 33.8917], [136.1165, 33.892], [136.1164, 33.8922], [136.1166, 33.8921], [136.1163, 33.8923], [136.1165, 33.8924], [136.1164, 33.8926], [136.1161, 33.8927], [136.1162, 33.8928], [136.1153, 33.8938], [136.1154, 33.8946], [136.1158, 33.8953], [136.1161, 33.8955], [136.1176, 33.8951], [136.1179, 33.8952], [136.1181, 33.8954], [136.1185, 33.8955], [136.1186, 33.8962], [136.1185, 33.8962], [136.1182, 33.8957], [136.118, 33.8956], [136.1177, 33.8957], [136.1176, 33.8968], [136.1171, 33.8971], [136.117, 33.8975], [136.1159, 33.899], [136.1159, 33.8992], [136.1161, 33.8993], [136.1162, 33.9006], [136.1165, 33.9007], [136.1166, 33.9004], [136.1162, 33.8988], [136.1166, 33.8985], [136.1167, 33.8979], [136.1171, 33.8975], [136.1172, 33.8981], [136.1175, 33.8985], [136.1184, 33.8991], [136.1193, 33.8994], [136.1196, 33.8991], [136.1204, 33.8991], [136.1208, 33.8989], [136.1213, 33.8984], [136.1217, 33.8983], [136.1218, 33.8981], [136.1223, 33.8979], [136.1232, 33.8978], [136.1231, 33.8977], [136.1233, 33.8976], [136.1244, 33.8975], [136.125, 33.8973], [136.1255, 33.8968], [136.1258, 33.8957], [136.1256, 33.8956], [136.126, 33.8952], [136.1257, 33.895], [136.1263, 33.895], [136.1267, 33.8944], [136.1268, 33.8939], [136.1265, 33.8937], [136.127, 33.8939], [136.1278, 33.8936], [136.1281, 33.8929], [136.1283, 33.8927], [136.1282, 33.8928], [136.1278, 33.8927], [136.1274, 33.8928], [136.1275, 33.893], [136.127, 33.8926], [136.1257, 33.8934], [136.1256, 33.8933], [136.1268, 33.8925], [136.1269, 33.8916], [136.1279, 33.8901], [136.1278, 33.8899], [136.128, 33.8898], [136.1284, 33.8886], [136.1283, 33.8877], [136.1285, 33.8876], [136.1283, 33.8871], [136.1284, 33.8865], [136.1293, 33.8856], [136.1305, 33.8851], [136.1313, 33.8852], [136.132, 33.886], [136.1312, 33.8863], [136.1316, 33.8863], [136.1315, 33.8866], [136.1308, 33.8868], [136.131, 33.8874], [136.1315, 33.8874], [136.1312, 33.8877], [136.1312, 33.8878], [136.1315, 33.8878], [136.1314, 33.8881], [136.1316, 33.8881], [136.1319, 33.8877], [136.1323, 33.8876], [136.1336, 33.8874], [136.1336, 33.8875], [136.1328, 33.888], [136.1332, 33.8881], [136.1341, 33.8878], [136.1334, 33.8881], [136.1338, 33.8881], [136.1336, 33.8883], [136.1339, 33.8885], [136.1338, 33.8885], [136.1342, 33.8887], [136.134, 33.889], [136.1347, 33.8884], [136.1356, 33.8883], [136.1361, 33.888], [136.1372, 33.888], [136.1365, 33.8883], [136.1369, 33.8885], [136.1367, 33.8889], [136.1373, 33.8892], [136.1372, 33.8894], [136.1374, 33.89], [136.1373, 33.8907], [136.1382, 33.8908], [136.1379, 33.8911], [136.1387, 33.8916], [136.1386, 33.8919], [136.1379, 33.8917], [136.1382, 33.8923], [136.1376, 33.8927], [136.1379, 33.8927], [136.1377, 33.8934], [136.1386, 33.8931], [136.1387, 33.8935], [136.1383, 33.8937], [136.1378, 33.8945], [136.137, 33.8946], [136.1382, 33.8949], [136.1383, 33.8951], [136.1367, 33.8957], [136.1362, 33.896], [136.1362, 33.8961], [136.1357, 33.8963], [136.1339, 33.8983], [136.1338, 33.8986], [136.1342, 33.8991], [136.1356, 33.8993], [136.1383, 33.8988], [136.1391, 33.8983], [136.1388, 33.8983], [136.139, 33.8982], [136.1388, 33.8979], [136.1389, 33.8977], [136.1405, 33.8974], [136.1407, 33.8973], [136.1404, 33.897], [136.1407, 33.8968], [136.1411, 33.8969], [136.1408, 33.8972], [136.1409, 33.8974], [136.1415, 33.8972], [136.1416, 33.8974], [136.1417, 33.8973], [136.1426, 33.8975], [136.1428, 33.8971], [136.1435, 33.8971], [136.1436, 33.8968], [136.1439, 33.8968], [136.1439, 33.8966], [136.1447, 33.896], [136.1454, 33.8959], [136.1456, 33.896], [136.145, 33.8964], [136.1452, 33.8965], [136.1451, 33.8966], [136.1452, 33.8967], [136.1456, 33.8965], [136.1457, 33.8966], [136.1453, 33.8972], [136.1461, 33.8968], [136.1465, 33.8963], [136.147, 33.8964], [136.1466, 33.8969], [136.146, 33.897], [136.1466, 33.8971], [136.1463, 33.8973], [136.1472, 33.8978], [136.1472, 33.898], [136.1479, 33.8978], [136.1478, 33.8975], [136.1486, 33.8972], [136.1493, 33.8973], [136.1489, 33.8975], [136.1482, 33.8975], [136.1483, 33.8976], [136.148, 33.8978], [136.1485, 33.8978], [136.1488, 33.898], [136.1484, 33.8984], [136.1487, 33.8984], [136.1484, 33.8986], [136.1487, 33.8989], [136.1491, 33.8988], [136.1494, 33.899], [136.1491, 33.8996], [136.1498, 33.899], [136.1501, 33.899], [136.1494, 33.8996], [136.1494, 33.8997], [136.1497, 33.8997], [136.1504, 33.8993], [136.1508, 33.9002], [136.15, 33.9005], [136.1494, 33.9004], [136.15, 33.9007], [136.1497, 33.9008], [136.1494, 33.9008], [136.1491, 33.9009], [136.1488, 33.9007], [136.1486, 33.9007], [136.1487, 33.9011], [136.1483, 33.9012], [136.1486, 33.9014], [136.1477, 33.9016], [136.1476, 33.9019], [136.1479, 33.9021], [136.1475, 33.902], [136.1474, 33.9021], [136.1477, 33.9022], [136.147, 33.9024], [136.1475, 33.9028], [136.1474, 33.9029], [136.1464, 33.903], [136.1458, 33.9027], [136.1452, 33.903], [136.145, 33.9032], [136.1445, 33.9033], [136.1441, 33.9042], [136.1434, 33.9043], [136.1432, 33.904], [136.1429, 33.9039], [136.1418, 33.9041], [136.1412, 33.9049], [136.1414, 33.9051], [136.1407, 33.9054], [136.1406, 33.9058], [136.1409, 33.906], [136.1406, 33.9063], [136.1407, 33.9065], [136.1402, 33.9067], [136.1403, 33.9069], [136.1398, 33.9071], [136.1397, 33.9074], [136.1391, 33.9078], [136.1389, 33.9087], [136.1385, 33.9089], [136.1389, 33.9088], [136.1396, 33.9096], [136.1404, 33.9093], [136.1404, 33.9094], [136.1414, 33.91], [136.1417, 33.9103], [136.1427, 33.9099], [136.1434, 33.91], [136.1426, 33.9105], [136.1426, 33.9106], [136.1431, 33.9113], [136.1436, 33.9115], [136.1436, 33.9117], [136.1438, 33.9117], [136.1439, 33.9116], [136.1439, 33.9118], [136.1446, 33.912], [136.1451, 33.9119], [136.1452, 33.9121], [136.1468, 33.9123], [136.147, 33.9121], [136.1472, 33.9123], [136.1484, 33.9123], [136.1485, 33.9122], [136.1481, 33.912], [136.1489, 33.9118], [136.1495, 33.9115], [136.1493, 33.9116], [136.1502, 33.9118], [136.1496, 33.912], [136.1498, 33.9121], [136.1498, 33.9123], [136.1494, 33.9126], [136.1509, 33.9122], [136.1517, 33.9122], [136.1521, 33.9126], [136.1512, 33.9128], [136.1512, 33.9129], [136.1519, 33.913], [136.1517, 33.9132], [136.1519, 33.9134], [136.1515, 33.9132], [136.1511, 33.9133], [136.1507, 33.914], [136.151, 33.9142], [136.1511, 33.9146], [136.1509, 33.9147], [136.1505, 33.9146], [136.1506, 33.9148], [136.1503, 33.9149], [136.1502, 33.9151], [136.1504, 33.9158], [136.1514, 33.916], [136.1513, 33.9167], [136.1508, 33.9173], [136.1516, 33.9167], [136.1528, 33.9169], [136.1513, 33.9175], [136.1512, 33.9188], [136.1518, 33.9195], [136.1527, 33.9199], [136.1529, 33.9201], [136.1538, 33.9197], [136.1544, 33.9197], [136.1545, 33.9199], [136.155, 33.92], [136.1547, 33.9203], [136.1547, 33.9207], [136.1537, 33.9215], [136.1538, 33.9219], [136.1536, 33.922], [136.1536, 33.9226], [136.153, 33.9234], [136.1519, 33.9239], [136.1511, 33.9241], [136.1511, 33.9248], [136.151, 33.9241], [136.1502, 33.9241], [136.1483, 33.9245], [136.148, 33.9243], [136.1483, 33.9245], [136.1484, 33.9249], [136.1473, 33.9265], [136.1472, 33.9271], [136.1474, 33.9277], [136.1481, 33.9292], [136.1489, 33.9301], [136.15, 33.931], [136.1507, 33.9312], [136.151, 33.9311], [136.1514, 33.9305], [136.1519, 33.9307], [136.1526, 33.9305], [136.1525, 33.9304], [136.1537, 33.9305], [136.1542, 33.9303], [136.1547, 33.9304], [136.1553, 33.9303], [136.1568, 33.9309], [136.1574, 33.9309], [136.1573, 33.931], [136.1588, 33.9313], [136.159, 33.9311], [136.1598, 33.9312], [136.1602, 33.9309], [136.1601, 33.9308], [136.1603, 33.9306], [136.1605, 33.9307], [136.1608, 33.9304], [136.1617, 33.9304], [136.1617, 33.9302], [136.1616, 33.9302], [136.1617, 33.9301], [136.1624, 33.9299], [136.163, 33.9295], [136.1635, 33.9296], [136.1636, 33.9294], [136.1635, 33.9298], [136.1644, 33.9297], [136.1644, 33.9295], [136.1645, 33.9296], [136.1649, 33.9293], [136.1649, 33.9288], [136.1653, 33.9285], [136.1655, 33.928], [136.166, 33.9279], [136.1662, 33.9276], [136.1669, 33.9275], [136.167, 33.9272], [136.1682, 33.9269], [136.1686, 33.9263], [136.1693, 33.926], [136.1691, 33.9258], [136.1693, 33.926], [136.1701, 33.9254], [136.1707, 33.9254], [136.1709, 33.9258], [136.1713, 33.9259], [136.1707, 33.9258], [136.1706, 33.926], [136.1724, 33.926], [136.1727, 33.9253], [136.1721, 33.9248], [136.1713, 33.9248], [136.1702, 33.925], [136.1685, 33.925], [136.1685, 33.9255], [136.1683, 33.9255], [136.1684, 33.9249], [136.1679, 33.9246], [136.168, 33.9239], [136.1678, 33.9233], [136.1682, 33.9227], [136.1682, 33.9215], [136.1683, 33.9212], [136.168, 33.9212], [136.1684, 33.921], [136.1683, 33.9208], [136.1686, 33.9208], [136.1693, 33.92], [136.1691, 33.9198], [136.1694, 33.9197], [136.169, 33.9195], [136.1691, 33.919], [136.1695, 33.9189], [136.1693, 33.9187], [136.1696, 33.9185], [136.1697, 33.9182], [136.1699, 33.9171], [136.1696, 33.9167], [136.1701, 33.9149], [136.1701, 33.9146], [136.1698, 33.9144], [136.1702, 33.9139], [136.1697, 33.9138], [136.1697, 33.9134], [136.1706, 33.9128], [136.1717, 33.9128], [136.1719, 33.9125], [136.1726, 33.9127], [136.1727, 33.9124], [136.1732, 33.9123], [136.1738, 33.9125], [136.1736, 33.9128], [136.1761, 33.9124], [136.1765, 33.9127], [136.1763, 33.9131], [136.1765, 33.9133], [136.1772, 33.913], [136.1782, 33.9136], [136.1784, 33.9135], [136.1779, 33.9132], [136.1779, 33.9131], [136.1784, 33.913], [136.1788, 33.9131], [136.179, 33.9129], [136.1799, 33.9128], [136.1802, 33.9129], [136.1805, 33.913], [136.1805, 33.9133], [136.1799, 33.9136], [136.1805, 33.914], [136.181, 33.914], [136.1814, 33.9145], [136.1822, 33.9146], [136.1825, 33.9149], [136.183, 33.9146], [136.1832, 33.9148], [136.183, 33.9149], [136.1831, 33.9152], [136.1838, 33.9149], [136.1846, 33.9149], [136.1849, 33.9155], [136.1837, 33.916], [136.1852, 33.9159], [136.1851, 33.9166], [136.1848, 33.917], [136.185, 33.9171], [136.185, 33.9169], [136.1852, 33.9168], [136.1854, 33.9171], [136.1848, 33.9178], [136.1854, 33.9182], [136.1856, 33.918], [136.1862, 33.9179], [136.1863, 33.9176], [136.1866, 33.9175], [136.1868, 33.9178], [136.1864, 33.918], [136.1876, 33.9179], [136.1877, 33.9178], [136.1878, 33.918], [136.1875, 33.9183], [136.1879, 33.9182], [136.188, 33.9183], [136.1877, 33.9184], [136.1878, 33.9185], [136.188, 33.9186], [136.1882, 33.9184], [136.1885, 33.9186], [136.1886, 33.9183], [136.1884, 33.9182], [136.1884, 33.918], [136.1899, 33.9176], [136.1902, 33.9179], [136.1894, 33.9183], [136.1894, 33.9185], [136.1898, 33.9186], [136.1898, 33.9187], [136.1902, 33.9187], [136.1901, 33.9189], [136.1902, 33.919], [136.1905, 33.9189], [136.1908, 33.9191], [136.191, 33.9187], [136.1915, 33.9185], [136.192, 33.9187], [136.1919, 33.9184], [136.1923, 33.9181], [136.1918, 33.9178], [136.192, 33.9177], [136.1922, 33.9178], [136.1921, 33.9175], [136.1938, 33.9171], [136.1938, 33.9173], [136.193, 33.9177], [136.1938, 33.9176], [136.1933, 33.9178], [136.1944, 33.9176], [136.1943, 33.9179], [136.1938, 33.9181], [136.1937, 33.9185], [136.194, 33.9184], [136.194, 33.9186], [136.1943, 33.9187], [136.1942, 33.919], [136.195, 33.9189], [136.196, 33.9193], [136.1959, 33.9194], [136.1951, 33.9193], [136.196, 33.9196], [136.1962, 33.9199], [136.1958, 33.9204], [136.1965, 33.9201], [136.1965, 33.9203], [136.1963, 33.9204], [136.1969, 33.9205], [136.1973, 33.9199], [136.1984, 33.9196], [136.1992, 33.9203], [136.1983, 33.9207], [136.1983, 33.9213], [136.198, 33.9217], [136.1984, 33.9222], [136.198, 33.9221], [136.1977, 33.9223], [136.1971, 33.9221], [136.1973, 33.9225], [136.1968, 33.9225], [136.1966, 33.9229], [136.1958, 33.9233], [136.1954, 33.9233], [136.195, 33.9238], [136.1944, 33.9239], [136.195, 33.9241], [136.1945, 33.9243], [136.1948, 33.9244], [136.1949, 33.9246], [136.1946, 33.9248], [136.195, 33.9249], [136.1949, 33.9251], [136.1942, 33.9254], [136.1947, 33.9256], [136.1942, 33.926], [136.1946, 33.9272], [136.1948, 33.9273], [136.1949, 33.9277], [136.196, 33.9278], [136.1956, 33.9281], [136.1957, 33.9284], [136.1962, 33.9285], [136.196, 33.9286], [136.196, 33.9289], [136.1971, 33.929], [136.1965, 33.9291], [136.1964, 33.9296], [136.1966, 33.9298], [136.197, 33.9296], [136.1975, 33.9298], [136.1969, 33.9308], [136.1972, 33.9312], [136.1978, 33.9311], [136.1974, 33.9317], [136.1983, 33.9318], [136.1988, 33.9324], [136.1984, 33.9331], [136.1985, 33.9332], [136.1984, 33.9333], [136.1986, 33.9333], [136.1987, 33.9336], [136.1981, 33.9338], [136.1984, 33.934], [136.1978, 33.9341], [136.1979, 33.9347], [136.1972, 33.9357], [136.1965, 33.9361], [136.1951, 33.9358], [136.1945, 33.9353], [136.1943, 33.9347], [136.1937, 33.9341], [136.1913, 33.9343], [136.1905, 33.9341], [136.1891, 33.934], [136.1858, 33.9356], [136.1854, 33.9361], [136.1849, 33.936], [136.1846, 33.9361], [136.1846, 33.9358], [136.1841, 33.9358], [136.1839, 33.9359], [136.1839, 33.9361], [136.1832, 33.9361], [136.1827, 33.9364], [136.1811, 33.9377], [136.1805, 33.938], [136.1806, 33.9381], [136.1807, 33.938], [136.1815, 33.9389], [136.1823, 33.9384], [136.1824, 33.9387], [136.1817, 33.9391], [136.1818, 33.9393], [136.1817, 33.9395], [136.1822, 33.9396], [136.183, 33.9389], [136.1836, 33.9386], [136.1845, 33.9388], [136.1857, 33.9386], [136.1873, 33.9393], [136.1876, 33.939], [136.1875, 33.9395], [136.1882, 33.9398], [136.1883, 33.9396], [136.1885, 33.9399], [136.1886, 33.9398], [136.1904, 33.9398], [136.1906, 33.9398], [136.1905, 33.9396], [136.1908, 33.939], [136.1907, 33.9397], [136.1922, 33.9405], [136.1922, 33.9407], [136.1926, 33.9406], [136.1926, 33.941], [136.1931, 33.9409], [136.1934, 33.9412], [136.1938, 33.9411], [136.194, 33.9413], [136.1937, 33.9414], [136.1941, 33.9416], [136.1941, 33.9415], [136.1945, 33.9414], [136.1944, 33.9416], [136.1947, 33.9418], [136.1948, 33.942], [136.1951, 33.9423], [136.1962, 33.9425], [136.1972, 33.9423], [136.1976, 33.9424], [136.1986, 33.942], [136.1989, 33.9421], [136.1992, 33.9419], [136.1994, 33.9421], [136.1997, 33.942], [136.2005, 33.9419], [136.2004, 33.942], [136.2009, 33.9424], [136.2007, 33.9429], [136.2008, 33.9432], [136.2011, 33.9434], [136.2018, 33.9436], [136.2011, 33.9435], [136.2011, 33.9437], [136.2014, 33.9439], [136.2013, 33.9441], [136.201, 33.9441], [136.2007, 33.9445], [136.2006, 33.9448], [136.201, 33.9448], [136.2009, 33.9451], [136.2016, 33.9445], [136.2014, 33.9442], [136.2016, 33.9442], [136.2017, 33.9444], [136.2027, 33.9442], [136.2036, 33.9439], [136.2045, 33.9433], [136.2057, 33.9421], [136.2061, 33.942], [136.2058, 33.9415], [136.2061, 33.9412], [136.2067, 33.9408], [136.2071, 33.9408], [136.2069, 33.9406], [136.2081, 33.9405], [136.2108, 33.9391], [136.2116, 33.939], [136.2128, 33.9389], [136.2132, 33.9387], [136.2133, 33.9379], [136.2128, 33.9376], [136.2122, 33.9375], [136.2122, 33.9373], [136.2118, 33.9375], [136.2112, 33.9374], [136.2109, 33.9372], [136.211, 33.9364], [136.2103, 33.936], [136.2083, 33.9365], [136.2079, 33.9362], [136.2076, 33.9358], [136.2078, 33.9348], [136.2087, 33.9343], [136.2091, 33.9339], [136.2092, 33.9335], [136.209, 33.9325], [136.2085, 33.9321], [136.2082, 33.9321], [136.2082, 33.9317], [136.21, 33.9312], [136.2108, 33.9317], [136.2116, 33.9319], [136.2117, 33.9317], [136.2119, 33.9316], [136.2117, 33.932], [136.2125, 33.9316], [136.2125, 33.9313], [136.2129, 33.9312], [136.2129, 33.931], [136.2131, 33.931], [136.2133, 33.9314], [136.2132, 33.9318], [136.2139, 33.9317], [136.2139, 33.9318], [136.2132, 33.9321], [136.2129, 33.9322], [136.2126, 33.9321], [136.2118, 33.9323], [136.2129, 33.9343], [136.2138, 33.9338], [136.2143, 33.9337], [136.2144, 33.9338], [136.2145, 33.9342], [136.2139, 33.9352], [136.2142, 33.9353], [136.2146, 33.9349], [136.2159, 33.9341], [136.2167, 33.9344], [136.2173, 33.9345], [136.2181, 33.9347], [136.2189, 33.9354], [136.2177, 33.9365], [136.2166, 33.9368], [136.2159, 33.9373], [136.2149, 33.9376], [136.2148, 33.9378], [136.2148, 33.9381], [136.2154, 33.938], [136.2158, 33.9381], [136.215, 33.9383], [136.2151, 33.9385], [136.2154, 33.9385], [136.2153, 33.9385], [136.2157, 33.9385], [136.2155, 33.9386], [136.2158, 33.939], [136.2163, 33.9389], [136.2161, 33.9391], [136.2164, 33.9395], [136.2182, 33.9396], [136.2192, 33.9401], [136.2194, 33.9405], [136.2188, 33.941], [136.2194, 33.9409], [136.2199, 33.9412], [136.2193, 33.942], [136.219, 33.9427], [136.2183, 33.9435], [136.2177, 33.9437], [136.2176, 33.9449], [136.2179, 33.9451], [136.2178, 33.9452], [136.2167, 33.9457], [136.2166, 33.9461], [136.2167, 33.9467], [136.2175, 33.9476], [136.2184, 33.9478], [136.2188, 33.9477], [136.2194, 33.9479], [136.2192, 33.9476], [136.2194, 33.9475], [136.2193, 33.9474], [136.2203, 33.9475], [136.2207, 33.9473], [136.2206, 33.9476], [136.2211, 33.9478], [136.2216, 33.9469], [136.2221, 33.9469], [136.2226, 33.9471], [136.2229, 33.947], [136.2228, 33.9464], [136.2235, 33.9461], [136.2241, 33.9461], [136.2241, 33.9463], [136.2244, 33.9461], [136.2248, 33.9461], [136.2242, 33.9464], [136.2253, 33.9464], [136.2254, 33.9466], [136.2252, 33.9469], [136.2259, 33.9469], [136.2267, 33.9457], [136.2274, 33.9463], [136.2273, 33.9466], [136.2285, 33.9462], [136.2292, 33.9461], [136.2291, 33.9464], [136.2294, 33.9465], [136.2294, 33.9463], [136.2296, 33.9461], [136.2299, 33.9461], [136.23, 33.9463], [136.2307, 33.9463], [136.231, 33.9461], [136.2315, 33.946], [136.2318, 33.9463], [136.2316, 33.9467], [136.2305, 33.9469], [136.2311, 33.9471], [136.2311, 33.9472], [136.2313, 33.9471], [136.2317, 33.9471], [136.2321, 33.9474], [136.2319, 33.9476], [136.2301, 33.9475], [136.2291, 33.9472], [136.225, 33.9481], [136.2247, 33.9487], [136.2239, 33.9489], [136.2226, 33.9499], [136.2225, 33.9507], [136.2219, 33.9512], [136.2205, 33.9516], [136.2184, 33.9528], [136.219, 33.9541], [136.2187, 33.9547], [136.2166, 33.9548], [136.2156, 33.9551], [136.2148, 33.9551], [136.214, 33.9557], [136.213, 33.956], [136.2116, 33.9559], [136.2108, 33.9552], [136.2097, 33.955], [136.2094, 33.9541], [136.209, 33.9539], [136.2089, 33.9535], [136.2081, 33.953], [136.2078, 33.9526], [136.2069, 33.9522], [136.2061, 33.9523], [136.2057, 33.9529], [136.2041, 33.9537], [136.2028, 33.9539], [136.2024, 33.9537], [136.2006, 33.9545], [136.2003, 33.955], [136.1994, 33.9552], [136.1989, 33.955], [136.1987, 33.9554], [136.198, 33.9556], [136.1972, 33.9553], [136.1964, 33.9555], [136.1946, 33.9556], [136.194, 33.9543], [136.1932, 33.954], [136.1928, 33.954], [136.1923, 33.9544], [136.1913, 33.9545], [136.1909, 33.9549], [136.1906, 33.9556], [136.19, 33.9562], [136.19, 33.957], [136.1898, 33.9573], [136.1892, 33.9573], [136.1886, 33.9571], [136.1882, 33.9573], [136.1874, 33.9573], [136.1871, 33.9576], [136.1864, 33.9579], [136.1859, 33.9582], [136.1853, 33.9581], [136.1848, 33.9583], [136.1847, 33.9588], [136.1836, 33.959], [136.1832, 33.9594], [136.1831, 33.9606], [136.1827, 33.9614], [136.1819, 33.9624], [136.1815, 33.9626], [136.1818, 33.963], [136.1813, 33.9634], [136.1813, 33.9648], [136.18, 33.9649], [136.1783, 33.9654], [136.1772, 33.9661], [136.177, 33.9664], [136.1766, 33.9668], [136.1757, 33.9664], [136.1755, 33.9661], [136.1744, 33.9663], [136.174, 33.9662], [136.1734, 33.9655], [136.1716, 33.965], [136.1705, 33.9636], [136.1697, 33.9631], [136.1693, 33.9614], [136.1686, 33.9601], [136.1686, 33.959], [136.1681, 33.9584], [136.1679, 33.9578], [136.1681, 33.9572], [136.1679, 33.9571], [136.1655, 33.9577], [136.164, 33.9574], [136.1634, 33.9574], [136.1625, 33.9578], [136.1617, 33.9578], [136.1608, 33.9581], [136.1578, 33.9582], [136.1571, 33.9586], [136.1563, 33.9586], [136.1553, 33.9574], [136.1541, 33.9572], [136.1533, 33.9572], [136.152, 33.9577], [136.151, 33.9578], [136.1508, 33.9584], [136.1496, 33.9589], [136.1493, 33.9598], [136.1488, 33.9598], [136.1475, 33.961], [136.1475, 33.9613], [136.147, 33.9614], [136.1466, 33.9622], [136.145, 33.9628], [136.1446, 33.9631], [136.1436, 33.9634], [136.1414, 33.9637], [136.141, 33.9642], [136.1405, 33.9644], [136.1403, 33.9648], [136.1392, 33.9657], [136.1387, 33.9676], [136.1389, 33.9689], [136.1385, 33.9698], [136.1384, 33.9705], [136.138, 33.9709], [136.1379, 33.9715], [136.1375, 33.9718], [136.136, 33.9741], [136.1362, 33.975], [136.1361, 33.9762], [136.1358, 33.9769], [136.1359, 33.9778], [136.1367, 33.9788], [136.1364, 33.9792], [136.1361, 33.9816], [136.1364, 33.9821], [136.1365, 33.9834], [136.1362, 33.9837], [136.1359, 33.9846], [136.1349, 33.9848], [136.134, 33.9854], [136.1336, 33.9856], [136.1338, 33.9875], [136.1335, 33.9879], [136.1326, 33.9896], [136.1328, 33.9907], [136.1323, 33.9928], [136.1324, 33.9939], [136.1316, 33.9952], [136.1317, 33.9956], [136.1322, 33.9963], [136.1333, 33.9967], [136.1336, 33.9971], [136.1342, 33.9973], [136.1355, 33.9989], [136.1366, 33.9995], [136.1368, 33.9998], [136.1369, 34.001], [136.1366, 34.0016], [136.1365, 34.004], [136.137, 34.0059], [136.137, 34.0067], [136.1365, 34.0078], [136.1374, 34.0085], [136.139, 34.0088], [136.1389, 34.0093], [136.1393, 34.0096], [136.1419, 34.0106], [136.1428, 34.0104], [136.1432, 34.0101], [136.1438, 34.0102], [136.1455, 34.01], [136.1462, 34.0106], [136.1467, 34.0113], [136.1481, 34.0127], [136.1489, 34.013], [136.1492, 34.0133], [136.1501, 34.0134], [136.1505, 34.0133], [136.151, 34.0137], [136.1509, 34.0143], [136.1512, 34.0151], [136.1515, 34.0155], [136.1517, 34.016], [136.1518, 34.017], [136.1515, 34.0181], [136.1516, 34.0193], [136.1519, 34.0201], [136.1512, 34.0214], [136.1501, 34.0223], [136.1493, 34.0234], [136.1489, 34.0236], [136.1491, 34.0242], [136.1487, 34.025], [136.148, 34.0254], [136.1456, 34.0257], [136.1435, 34.0267], [136.1418, 34.0267], [136.1413, 34.0264], [136.1394, 34.0271], [136.1387, 34.027], [136.1379, 34.0265], [136.1353, 34.027], [136.1345, 34.0267], [136.1335, 34.027], [136.1322, 34.027], [136.1317, 34.0265], [136.131, 34.0266], [136.1304, 34.0261], [136.13, 34.026], [136.1286, 34.0266], [136.1276, 34.0266], [136.1271, 34.0263], [136.126, 34.0269], [136.1256, 34.0274], [136.1242, 34.028], [136.1239, 34.0281], [136.1235, 34.0276], [136.1232, 34.0275], [136.1228, 34.0267], [136.1218, 34.0264], [136.1216, 34.0265], [136.1195, 34.0255], [136.1192, 34.025], [136.1186, 34.0246], [136.1183, 34.0234], [136.1173, 34.0236], [136.1145, 34.0233], [136.1095, 34.0234], [136.1053, 34.0232], [136.104, 34.0237], [136.1033, 34.0245], [136.1013, 34.0257]]]}, "properties": {"name": "三重県熊野市"}}, {"type": "Feature", "geometry": {"type": "Polygon", "coordinates": [[[136.5624, 35.0647], [136.5626, 35.0648], [136.5628, 35.0644], [136.5641, 35.0644], [136.5644, 35.0644], [136.5642, 35.065], [136.5645, 35.0653], [136.5648, 35.0649], [136.5646, 35.0658], [136.5643, 35.0661], [136.5647, 35.0665], [136.564, 35.067], [136.5639, 35.0674], [136.5635, 35.0678], [136.5634, 35.0682], [136.5636, 35.0687], [136.5655, 35.0676], [136.5663, 35.0697], [136.5652, 35.07], [136.5658, 35.072], [136.5663, 35.0729], [136.5661, 35.073], [136.5666, 35.0739], [136.5656, 35.0744], [136.566, 35.0754], [136.5661, 35.0766], [136.5665, 35.077], [136.5632, 35.0811], [136.5634, 35.0813], [136.5627, 35.082], [136.5629, 35.0822], [136.5618, 35.0826], [136.5618, 35.0828], [136.5676, 35.0852], [136.5685, 35.087], [136.5683, 35.0877], [136.5686, 35.088], [136.5685, 35.0882], [136.5687, 35.0886], [136.5691, 35.0885], [136.5696, 35.0891], [136.5714, 35.0888], [136.5729, 35.0898], [136.5745, 35.0922], [136.575, 35.0924], [136.5751, 35.0932], [136.5758, 35.0932], [136.5758, 35.0934], [136.5765, 35.094], [136.5787, 35.0966], [136.578, 35.0975], [136.5778, 35.0976], [136.5779, 35.0979], [136.5787, 35.0976], [136.5791, 35.0977], [136.5805, 35.1003], [136.5811, 35.0996], [136.5824, 35.1005], [136.5809, 35.1021], [136.5814, 35.103], [136.5825, 35.1036], [136.5824, 35.1044], [136.5826, 35.1044], [136.5827, 35.1047], [136.5836, 35.105], [136.587, 35.107], [136.5865, 35.1073], [136.5867, 35.1076], [136.5862, 35.1079], [136.5873, 35.1097], [136.5866, 35.1101], [136.5872, 35.1106], [136.5873, 35.1112], [136.588, 35.1123], [136.5882, 35.1135], [136.5896, 35.1145], [136.5912, 35.1152], [136.5915, 35.1156], [136.5924, 35.1161], [136.5943, 35.1157], [136.5946, 35.1159], [136.5948, 35.1164], [136.5948, 35.1172], [136.5942, 35.1174], [136.5939, 35.1177], [136.5945, 35.1183], [136.5934, 35.1187], [136.5923, 35.1184], [136.5916, 35.1186], [136.5917, 35.1196], [136.5914, 35.12], [136.5913, 35.1213], [136.5914, 35.1216], [136.5923, 35.1221], [136.5917, 35.1223], [136.5908, 35.1233], [136.5903, 35.1231], [136.5901, 35.1226], [136.5891, 35.1231], [136.5889, 35.1237], [136.5891, 35.1248], [136.5893, 35.1251], [136.5892, 35.1254], [136.5884, 35.1253], [136.5883, 35.1248], [136.5879, 35.1246], [136.587, 35.1246], [136.5866, 35.1261], [136.5875, 35.1269], [136.5865, 35.127], [136.5862, 35.1266], [136.5857, 35.1265], [136.5849, 35.1269], [136.5838, 35.1277], [136.5837, 35.1282], [136.5843, 35.1292], [136.5844, 35.13], [136.5847, 35.1303], [136.5841, 35.131], [136.5843, 35.1318], [136.584, 35.1332], [136.5843, 35.1341], [136.5826, 35.1343], [136.5824, 35.1345], [136.5816, 35.1355], [136.5796, 35.1374], [136.5794, 35.1379], [136.5779, 35.1398], [136.5774, 35.1399], [136.5772, 35.1402], [136.5769, 35.1404], [136.5765, 35.1414], [136.5759, 35.1415], [136.5751, 35.1418], [136.575, 35.1422], [136.5747, 35.1426], [136.5746, 35.1434], [136.5743, 35.1437], [136.5742, 35.1442], [136.5738, 35.1447], [136.5741, 35.1451], [136.574, 35.1456], [136.5737, 35.146], [136.5728, 35.1465], [136.5735, 35.1472], [136.5737, 35.1479], [136.5742, 35.1486], [136.574, 35.1494], [136.5733, 35.15], [136.5739, 35.1509], [136.5726, 35.1526], [136.5738, 35.1532], [136.5732, 35.1538], [136.5732, 35.1545], [136.5749, 35.1556], [136.5753, 35.1566], [136.5753, 35.1573], [136.5761, 35.1578], [136.5766, 35.1584], [136.5776, 35.1585], [136.5774, 35.1591], [136.5769, 35.1596], [136.5768, 35.1604], [136.5759, 35.1617], [136.5759, 35.1627], [136.5753, 35.1635], [136.575, 35.1642], [136.5749, 35.1665], [136.5754, 35.168], [136.576, 35.1687], [136.5765, 35.1688], [136.5768, 35.1694], [136.5767, 35.17], [136.5773, 35.1705], [136.5775, 35.1713], [136.5794, 35.1718], [136.5797, 35.1721], [136.5804, 35.1722], [136.5821, 35.1735], [136.583, 35.1733], [136.5841, 35.1735], [136.5857, 35.1745], [136.5861, 35.1746], [136.5864, 35.175], [136.5864, 35.1754], [136.5869, 35.1759], [136.5885, 35.1764], [136.5892, 35.1768], [136.5894, 35.1773], [136.5902, 35.1775], [136.5913, 35.178], [136.5914, 35.179], [136.5926, 35.1793], [136.5925, 35.1798], [136.5931, 35.1808], [136.5944, 35.1809], [136.5941, 35.1813], [136.5933, 35.1817], [136.5931, 35.1824], [136.5929, 35.1826], [136.5926, 35.1836], [136.5921, 35.1838], [136.5921, 35.1844], [136.5916, 35.1853], [136.5916, 35.1856], [136.5931, 35.1862], [136.5924, 35.1865], [136.5918, 35.1862], [136.5911, 35.1856], [136.5897, 35.1851], [136.589, 35.1846], [136.5879, 35.1844], [136.5876, 35.1845], [136.5882, 35.187], [136.5874, 35.1878], [136.5871, 35.1888], [136.5859, 35.1884], [136.5846, 35.1886], [136.5846, 35.1899], [136.584, 35.1912], [136.5841, 35.1915], [136.5847, 35.192], [136.5841, 35.1927], [136.5843, 35.1933], [136.5847, 35.1933], [136.5848, 35.194], [136.5851, 35.1945], [136.5846, 35.1949], [136.5843, 35.1948], [136.584, 35.1954], [136.583, 35.1961], [136.5831, 35.1966], [136.5824, 35.1967], [136.5821, 35.197], [136.5808, 35.1969], [136.5796, 35.1964], [136.5774, 35.1967], [136.577, 35.1972], [136.577, 35.1984], [136.5764, 35.1986], [136.5759, 35.1991], [136.5756, 35.2002], [136.5759, 35.2011], [136.5759, 35.2023], [136.5745, 35.2015], [136.5726, 35.2022], [136.572, 35.2026], [136.5707, 35.2026], [136.5701, 35.2025], [136.5697, 35.2029], [136.5696, 35.2037], [136.5687, 35.2039], [136.5679, 35.2046], [136.5666, 35.2045], [136.5659, 35.2051], [136.5655, 35.2056], [136.5634, 35.2056], [136.5626, 35.206], [136.5617, 35.2056], [136.5615, 35.2056], [136.5611, 35.2065], [136.5606, 35.2067], [136.5602, 35.2077], [136.5603, 35.2079], [136.5615, 35.2089], [136.5607, 35.2103], [136.5606, 35.2108], [136.56, 35.2115], [136.5601, 35.2118], [136.5599, 35.2126], [136.5595, 35.2129], [136.5594, 35.2132], [136.5595, 35.214], [136.5594, 35.2146], [136.5602, 35.2155], [136.5593, 35.2159], [136.5593, 35.2164], [136.5585, 35.2168], [136.5578, 35.2165], [136.5574, 35.2168], [136.5575, 35.2172], [136.5578, 35.2178], [136.5575, 35.218], [136.5572, 35.2184], [136.5573, 35.2189], [136.557, 35.2202], [136.557, 35.2207], [136.555, 35.2199], [136.5543, 35.2204], [136.5522, 35.22], [136.5515, 35.2194], [136.5497, 35.219], [136.5495, 35.2192], [136.5493, 35.2197], [136.5483, 35.2201], [136.5473, 35.2201], [136.5472, 35.2205], [136.5477, 35.2209], [136.5477, 35.2214], [136.5472, 35.2216], [136.5472, 35.2221], [136.5468, 35.2226], [136.5469, 35.2233], [136.5475, 35.2239], [136.5474, 35.2248], [136.5479, 35.225], [136.5481, 35.2256], [136.548, 35.2269], [136.547, 35.2277], [136.5478, 35.2282], [136.5484, 35.2292], [136.549, 35.2293], [136.5492, 35.2295], [136.5491, 35.2297], [136.5484, 35.23], [136.5485, 35.2306], [136.5502, 35.2319], [136.55, 35.2325], [136.5503, 35.2328], [136.5503, 35.2332], [136.5496, 35.2342], [136.548, 35.2348], [136.5475, 35.2346], [136.5472, 35.2353], [136.5467, 35.2351], [136.5461, 35.2352], [136.5447, 35.2349], [136.5441, 35.235], [136.5428, 35.2357], [136.5417, 35.2369], [136.5407, 35.2374], [136.541, 35.2383], [136.54, 35.2393], [136.5401, 35.2396], [136.5399, 35.2402], [136.5396, 35.2403], [136.5395, 35.2409], [136.5404, 35.2421], [136.5405, 35.2431], [136.5409, 35.2437], [136.5416, 35.244], [136.5412, 35.2449], [136.5413, 35.2456], [136.5407, 35.2461], [136.5401, 35.2461], [136.5394, 35.2467], [136.5386, 35.2466], [136.5378, 35.2467], [136.5374, 35.2469], [136.5373, 35.2471], [136.5364, 35.2474], [136.5361, 35.2482], [136.5366, 35.2488], [136.5364, 35.2495], [136.5367, 35.2498], [136.5361, 35.2501], [136.5364, 35.2509], [136.5358, 35.2511], [136.5355, 35.2514], [136.5356, 35.2516], [136.5352, 35.2518], [136.535, 35.2527], [136.5345, 35.2532], [136.534, 35.2535], [136.534, 35.254], [136.5336, 35.2545], [136.5333, 35.2556], [136.5337, 35.2558], [136.5342, 35.2571], [136.5333, 35.257], [136.5327, 35.2573], [136.5309, 35.2572], [136.5302, 35.2576], [136.5298, 35.2574], [136.5286, 35.2575], [136.5283, 35.2577], [136.5279, 35.2575], [136.5276, 35.2577], [136.5271, 35.2573], [136.5266, 35.2572], [136.5264, 35.2568], [136.5246, 35.2559], [136.5244, 35.2555], [136.5231, 35.2549], [136.5219, 35.2548], [136.5207, 35.254], [136.52, 35.2539], [136.519, 35.2544], [136.5174, 35.2546], [136.516, 35.2539], [136.515, 35.2526], [136.515, 35.2518], [136.5148, 35.2515], [136.515, 35.2511], [136.5146, 35.2505], [136.5141, 35.2506], [136.5135, 35.2504], [136.5136, 35.2495], [136.5133, 35.2491], [136.5137, 35.2488], [136.5141, 35.2487], [136.5141, 35.2483], [136.5138, 35.2478], [136.5133, 35.2477], [136.5131, 35.2473], [136.5134, 35.2464], [136.5129, 35.246], [136.5122, 35.2457], [136.5117, 35.2446], [136.5117, 35.2438], [136.5121, 35.2428], [136.5117, 35.2421], [136.5119, 35.2414], [136.5114, 35.241], [136.5115, 35.2404], [136.5107, 35.2398], [136.5111, 35.2386], [136.5101, 35.2377], [136.5087, 35.2375], [136.5086, 35.2369], [136.5082, 35.2362], [136.5074, 35.2357], [136.5069, 35.2356], [136.5067, 35.2354], [136.5062, 35.2354], [136.5058, 35.235], [136.5051, 35.235], [136.5042, 35.2353], [136.5031, 35.235], [136.5026, 35.2345], [136.5022, 35.235], [136.5003, 35.2354], [136.4999, 35.2358], [136.4989, 35.2361], [136.4986, 35.2364], [136.4975, 35.2369], [136.4971, 35.2372], [136.4973, 35.2378], [136.4971, 35.2379], [136.4957, 35.2379], [136.4952, 35.2382], [136.4921, 35.2373], [136.4913, 35.2374], [136.4908, 35.237], [136.4904, 35.2371], [136.49, 35.2361], [136.4895, 35.2354], [136.4879, 35.2368], [136.4872, 35.2372], [136.4869, 35.2377], [136.4869, 35.238], [136.4867, 35.2382], [136.4857, 35.2388], [136.4852, 35.2389], [136.4846, 35.2393], [136.4836, 35.2394], [136.4832, 35.2398], [136.4824, 35.24], [136.4822, 35.2398], [136.4831, 35.2386], [136.4829, 35.238], [136.4833, 35.2374], [136.4831, 35.237], [136.4825, 35.2369], [136.4823, 35.2363], [136.4816, 35.2363], [136.4813, 35.236], [136.4814, 35.2353], [136.4809, 35.2351], [136.4805, 35.235], [136.4803, 35.2345], [136.4798, 35.2346], [136.4785, 35.2356], [136.4767, 35.2364], [136.476, 35.2362], [136.4747, 35.2371], [136.4733, 35.2375], [136.4723, 35.2367], [136.4724, 35.236], [136.4721, 35.2355], [136.4715, 35.2354], [136.471, 35.2344], [136.4702, 35.2341], [136.4695, 35.2346], [136.4687, 35.2349], [136.4685, 35.2352], [136.4687, 35.2358], [136.4679, 35.236], [136.4672, 35.2365], [136.467, 35.2368], [136.4671, 35.2373], [136.4665, 35.2375], [136.4666, 35.2379], [136.4662, 35.2381], [136.4658, 35.2373], [136.4655, 35.2372], [136.4649, 35.2372], [136.4648, 35.2367], [136.4644, 35.2367], [136.4636, 35.2362], [136.4635, 35.2357], [136.463, 35.2358], [136.4617, 35.2364], [136.461, 35.2351], [136.4608, 35.2344], [136.4598, 35.2336], [136.4583, 35.233], [136.4577, 35.2326], [136.4572, 35.2325], [136.4567, 35.2318], [136.4561, 35.2317], [136.4561, 35.2313], [136.4558, 35.231], [136.4557, 35.2302], [136.4552, 35.2293], [136.4548, 35.2297], [136.4539, 35.2298], [136.4531, 35.2289], [136.4527, 35.2288], [136.4517, 35.2272], [136.4515, 35.227], [136.4515, 35.2264], [136.4508, 35.2242], [136.45, 35.2236], [136.45, 35.2231], [136.4492, 35.2228], [136.4489, 35.2226], [136.4488, 35.2223], [136.4469, 35.221], [136.4466, 35.2201], [136.4459, 35.2192], [136.4452, 35.2185], [136.444, 35.2178], [136.4423, 35.2171], [136.4407, 35.2169], [136.4392, 35.2178], [136.4379, 35.2183], [136.4368, 35.2193], [136.4357, 35.2197], [136.4346, 35.2204], [136.4345, 35.2214], [136.4341, 35.2225], [136.4329, 35.224], [136.433, 35.2253], [136.4326, 35.2262], [136.4326, 35.2266], [136.4328, 35.2275], [136.4333, 35.2283], [136.4319, 35.2293], [136.4308, 35.2295], [136.4295, 35.2289], [136.429, 35.2284], [136.4273, 35.2273], [136.4267, 35.2264], [136.426, 35.2261], [136.4254, 35.2255], [136.4249, 35.2252], [136.4247, 35.2243], [136.4232, 35.2241], [136.4217, 35.2229], [136.4192, 35.2215], [136.4186, 35.2213], [136.4178, 35.2206], [136.4164, 35.2204], [136.4155, 35.2195], [136.4151, 35.2175], [136.4155, 35.2173], [136.4158, 35.217], [136.4162, 35.2149], [136.4167, 35.2143], [136.4161, 35.2112], [136.4165, 35.2083], [136.4159, 35.2065], [136.4162, 35.2053], [136.4179, 35.2037], [136.4173, 35.2028], [136.4154, 35.2019], [136.4141, 35.1995], [136.414, 35.1975], [136.4135, 35.1965], [136.4128, 35.1958], [136.4132, 35.1943], [136.413, 35.1917], [136.4114, 35.1904], [136.4109, 35.1896], [136.4102, 35.1888], [136.4098, 35.1878], [136.4086, 35.1872], [136.4106, 35.1862], [136.4118, 35.1861], [136.413, 35.1862], [136.4165, 35.185], [136.4173, 35.1843], [136.4186, 35.1836], [136.4195, 35.1827], [136.4217, 35.1831], [136.423, 35.1839], [136.4244, 35.1844], [136.4247, 35.1843], [136.4257, 35.183], [136.4264, 35.1829], [136.4283, 35.1819], [136.4289, 35.1813], [136.4299, 35.181], [136.4307, 35.18], [136.432, 35.1794], [136.4326, 35.1787], [136.4335, 35.1782], [136.434, 35.177], [136.4345, 35.1767], [136.4355, 35.1764], [136.4361, 35.1759], [136.4368, 35.1745], [136.4368, 35.1736], [136.4373, 35.173], [136.4387, 35.172], [136.4404, 35.1714], [136.4421, 35.1716], [136.443, 35.1713], [136.4439, 35.1717], [136.4445, 35.1714], [136.4449, 35.1709], [136.4449, 35.1702], [136.4452, 35.17], [136.4456, 35.1694], [136.4461, 35.1685], [136.4448, 35.1679], [136.4448, 35.1666], [136.4451, 35.1662], [136.4456, 35.1662], [136.4473, 35.1658], [136.4479, 35.1665], [136.4491, 35.1667], [136.4505, 35.1666], [136.452, 35.1662], [136.4529, 35.165], [136.453, 35.1644], [136.454, 35.1634], [136.4545, 35.1624], [136.4545, 35.1615], [136.4528, 35.1587], [136.4534, 35.1583], [136.4542, 35.1573], [136.4543, 35.1555], [136.4545, 35.1549], [136.4544, 35.1537], [136.4549, 35.1525], [136.4546, 35.1522], [136.4534, 35.1518], [136.4518, 35.151], [136.4513, 35.15], [136.4509, 35.1495], [136.4501, 35.1494], [136.4482, 35.1495], [136.4472, 35.1498], [136.4462, 35.1498], [136.4451, 35.1496], [136.4443, 35.1493], [136.4444, 35.1486], [136.4449, 35.1477], [136.4443, 35.1467], [136.4442, 35.1462], [136.4432, 35.145], [136.4434, 35.1439], [136.4437, 35.1436], [136.4442, 35.1424], [136.4438, 35.1413], [136.4437, 35.1404], [136.4431, 35.1395], [136.443, 35.1388], [136.442, 35.1387], [136.4406, 35.1383], [136.4397, 35.1377], [136.4389, 35.1367], [136.438, 35.1365], [136.4375, 35.1349], [136.4376, 35.1344], [136.4374, 35.1323], [136.4354, 35.1307], [136.4362, 35.1302], [136.437, 35.13], [136.4387, 35.1288], [136.4397, 35.1287], [136.4415, 35.1278], [136.4431, 35.1276], [136.4446, 35.1265], [136.4448, 35.126], [136.4468, 35.1249], [136.4476, 35.124], [136.4478, 35.1236], [136.4474, 35.1228], [136.4464, 35.1227], [136.4459, 35.1224], [136.4459, 35.122], [136.4454, 35.1208], [136.4451, 35.1192], [136.4443, 35.1188], [136.4432, 35.1185], [136.4415, 35.1171], [136.4403, 35.1168], [136.4399, 35.1159], [136.4403, 35.1149], [136.4414, 35.1133], [136.4413, 35.1122], [136.4414, 35.1119], [136.4413, 35.1116], [136.4418, 35.1114], [136.4425, 35.1105], [136.4425, 35.1103], [136.4419, 35.1099], [136.4419, 35.1096], [136.4415, 35.109], [136.4418, 35.1081], [136.4414, 35.1081], [136.4409, 35.1077], [136.4411, 35.1074], [136.4411, 35.1068], [136.4416, 35.1061], [136.4417, 35.1056], [136.442, 35.1053], [136.4419, 35.1043], [136.4415, 35.1041], [136.4416, 35.1038], [136.4414, 35.1033], [136.4417, 35.1026], [136.4416, 35.1022], [136.4423, 35.1015], [136.4413, 35.1004], [136.4408, 35.0999], [136.4401, 35.0996], [136.4394, 35.0983], [136.4393, 35.0975], [136.4388, 35.0969], [136.4387, 35.0964], [136.4389, 35.0958], [136.4392, 35.0955], [136.4392, 35.0949], [136.4398, 35.0934], [136.4391, 35.0928], [136.4383, 35.0917], [136.439, 35.0911], [136.4393, 35.0908], [136.4398, 35.0907], [136.4402, 35.0895], [136.4413, 35.0884], [136.4417, 35.0876], [136.4417, 35.087], [136.4421, 35.0866], [136.4427, 35.0872], [136.4435, 35.0875], [136.4439, 35.0879], [136.4446, 35.0883], [136.4452, 35.0883], [136.4457, 35.0886], [136.4461, 35.0891], [136.4471, 35.0898], [136.4486, 35.0852], [136.4495, 35.0852], [136.4509, 35.0859], [136.4532, 35.0866], [136.4554, 35.0866], [136.4559, 35.0863], [136.4577, 35.0864], [136.4583, 35.0862], [136.4586, 35.0856], [136.4614, 35.0868], [136.4615, 35.0879], [136.4621, 35.0885], [136.4632, 35.0904], [136.4664, 35.0901], [136.4714, 35.0903], [136.4723, 35.0906], [136.4729, 35.0913], [136.4733, 35.0913], [136.4736, 35.0917], [136.4745, 35.0918], [136.4759, 35.0924], [136.4765, 35.0929], [136.477, 35.093], [136.4786, 35.0925], [136.4796, 35.0928], [136.4801, 35.0927], [136.481, 35.0924], [136.4823, 35.0927], [136.4831, 35.0927], [136.4836, 35.0929], [136.484, 35.0925], [136.4845, 35.0925], [136.4854, 35.0922], [136.486, 35.0922], [136.4866, 35.0925], [136.4871, 35.092], [136.4875, 35.0922], [136.4877, 35.092], [136.4883, 35.0919], [136.489, 35.0921], [136.4895, 35.0917], [136.4898, 35.0917], [136.4907, 35.0911], [136.4913, 35.0914], [136.492, 35.091], [136.4925, 35.0914], [136.4936, 35.0915], [136.494, 35.0914], [136.4945, 35.0917], [136.4948, 35.0915], [136.4951, 35.0916], [136.497, 35.091], [136.4975, 35.0905], [136.4978, 35.0906], [136.4998, 35.0904], [136.5016, 35.0905], [136.5078, 35.0876], [136.5086, 35.0898], [136.5106, 35.0896], [136.5119, 35.0893], [136.5135, 35.0898], [136.5156, 35.0888], [136.5161, 35.0893], [136.5171, 35.089], [136.5175, 35.0896], [136.5184, 35.0898], [136.5212, 35.0878], [136.5215, 35.0876], [136.5216, 35.0879], [136.5221, 35.0878], [136.5218, 35.0875], [136.5233, 35.0864], [136.5238, 35.0862], [136.5247, 35.0863], [136.5256, 35.0858], [136.5269, 35.0846], [136.528, 35.0846], [136.5291, 35.0841], [136.529, 35.0827], [136.5294, 35.0825], [136.529, 35.0817], [136.5296, 35.0811], [136.5292, 35.0805], [136.5286, 35.0787], [136.5276, 35.0777], [136.5272, 35.0766], [136.5304, 35.0754], [136.535, 35.0732], [136.5365, 35.0715], [136.5386, 35.0703], [136.5397, 35.0705], [136.5406, 35.07], [136.5428, 35.0705], [136.5441, 35.07], [136.5463, 35.0689], [136.5469, 35.0689], [136.5471, 35.0691], [136.5487, 35.0683], [136.5492, 35.0677], [136.5498, 35.0674], [136.5501, 35.0664], [136.551, 35.0667], [136.5514, 35.0663], [136.5527, 35.0663], [136.5531, 35.0658], [136.5535, 35.0657], [136.5543, 35.0661], [136.5549, 35.066], [136.5554, 35.0655], [136.5558, 35.0655], [136.5559, 35.0658], [136.5561, 35.0659], [136.5564, 35.0652], [136.557, 35.0654], [136.5574, 35.0652], [136.5574, 35.065], [136.5588, 35.0645], [136.5593, 35.0645], [136.5602, 35.0648], [136.5624, 35.0647]]]}, "properties": {"name": "三重県いなべ市"}}, {"type": "Feature", "geometry": {"type": "Polygon", "coordinates": [[[136.3122, 34.807], [136.3105, 34.8072], [136.3102, 34.8075], [136.3091, 34.8074], [136.3087, 34.8079], [136.3078, 34.8081], [136.3071, 34.8083], [136.3063, 34.8083], [136.3057, 34.8081], [136.3049, 34.8081], [136.3046, 34.8085], [136.3039, 34.8087], [136.3029, 34.8099], [136.3026, 34.8099], [136.3021, 34.8096], [136.3016, 34.8097], [136.301, 34.81], [136.3007, 34.8105], [136.3003, 34.8107], [136.2997, 34.8106], [136.2983, 34.811], [136.2976, 34.8111], [136.2957, 34.8121], [136.2951, 34.8121], [136.2938, 34.8129], [136.293, 34.8127], [136.2918, 34.812], [136.2895, 34.8117], [136.2893, 34.8122], [136.2888, 34.8125], [136.288, 34.8125], [136.2876, 34.8127], [136.2869, 34.8124], [136.2859, 34.8124], [136.2849, 34.8123], [136.284, 34.8125], [136.2832, 34.8119], [136.2824, 34.8119], [136.2823, 34.8115], [136.2818, 34.8111], [136.2817, 34.8106], [136.2815, 34.8105], [136.281, 34.8105], [136.2804, 34.8107], [136.2799, 34.8105], [136.2791, 34.8107], [136.2783, 34.8104], [136.278, 34.8107], [136.2775, 34.8106], [136.2764, 34.8113], [136.2766, 34.812], [136.276, 34.8121], [136.2756, 34.8125], [136.2749, 34.8119], [136.274, 34.8126], [136.2736, 34.812], [136.2725, 34.8126], [136.2725, 34.8129], [136.2731, 34.8135], [136.2731, 34.8138], [136.272, 34.8143], [136.2719, 34.8154], [136.2703, 34.8154], [136.2694, 34.8157], [136.2678, 34.8155], [136.2673, 34.8159], [136.2671, 34.817], [136.2672, 34.8177], [136.2669, 34.818], [136.2667, 34.8188], [136.2679, 34.8189], [136.2687, 34.8187], [136.2699, 34.8187], [136.2706, 34.8196], [136.2708, 34.8196], [136.2724, 34.8194], [136.273, 34.8191], [136.274, 34.8194], [136.2749, 34.8194], [136.2754, 34.8196], [136.2759, 34.8208], [136.2765, 34.8209], [136.2773, 34.8214], [136.2778, 34.822], [136.278, 34.8229], [136.2782, 34.8231], [136.2777, 34.8233], [136.2777, 34.8235], [136.2784, 34.8244], [136.2786, 34.8248], [136.2784, 34.8254], [136.2789, 34.8266], [136.2787, 34.827], [136.2774, 34.8276], [136.2772, 34.8282], [136.2767, 34.8289], [136.2768, 34.8298], [136.2767, 34.83], [136.2769, 34.8304], [136.2777, 34.831], [136.2777, 34.832], [136.2772, 34.8327], [136.2776, 34.8329], [136.2785, 34.8341], [136.2783, 34.8348], [136.2785, 34.8352], [136.28, 34.8353], [136.2803, 34.8355], [136.2804, 34.8361], [136.2806, 34.8362], [136.2822, 34.8363], [136.2826, 34.8365], [136.2839, 34.838], [136.2846, 34.8379], [136.2851, 34.8376], [136.2856, 34.8375], [136.2867, 34.8384], [136.2875, 34.8396], [136.2891, 34.8403], [136.2893, 34.8406], [136.2899, 34.841], [136.2898, 34.8418], [136.2898, 34.8447], [136.2895, 34.8449], [136.2881, 34.8451], [136.2876, 34.8453], [136.2877, 34.8459], [136.2871, 34.8467], [136.2858, 34.8499], [136.2856, 34.8512], [136.2839, 34.854], [136.2839, 34.8547], [136.2843, 34.8555], [136.2827, 34.8566], [136.2807, 34.8565], [136.2799, 34.8568], [136.2791, 34.858], [136.2781, 34.8588], [136.2777, 34.86], [136.2777, 34.8605], [136.2781, 34.8608], [136.2786, 34.8608], [136.2792, 34.8613], [136.2797, 34.8623], [136.2803, 34.8626], [136.2805, 34.8636], [136.2813, 34.8645], [136.2812, 34.8649], [136.2808, 34.8652], [136.281, 34.8659], [136.2812, 34.8662], [136.2822, 34.8666], [136.2832, 34.8676], [136.283, 34.8682], [136.2832, 34.8687], [136.2836, 34.869], [136.2836, 34.8699], [136.2838, 34.8703], [136.2826, 34.8711], [136.2823, 34.8712], [136.2817, 34.8711], [136.2817, 34.871], [136.2816, 34.8724], [136.2805, 34.8733], [136.28, 34.8733], [136.2794, 34.8737], [136.2782, 34.8738], [136.2773, 34.8741], [136.2763, 34.8726], [136.276, 34.8717], [136.2749, 34.8708], [136.2743, 34.8705], [136.2737, 34.8698], [136.2725, 34.8692], [136.2701, 34.8691], [136.2697, 34.8688], [136.2688, 34.8679], [136.2687, 34.8653], [136.2679, 34.8645], [136.2656, 34.8639], [136.2652, 34.8635], [136.2625, 34.8625], [136.2603, 34.8615], [136.2582, 34.8608], [136.2566, 34.8599], [136.2548, 34.8591], [136.2543, 34.8584], [136.2517, 34.8579], [136.2498, 34.8579], [136.2491, 34.8581], [136.2484, 34.8587], [136.2469, 34.8588], [136.246, 34.8592], [136.2455, 34.8592], [136.2446, 34.8587], [136.244, 34.8586], [136.2435, 34.8587], [136.243, 34.8594], [136.2425, 34.8597], [136.2418, 34.8597], [136.2407, 34.8594], [136.239, 34.8598], [136.2383, 34.8595], [136.2377, 34.8595], [136.2373, 34.8599], [136.237, 34.8608], [136.2362, 34.8609], [136.2356, 34.8615], [136.2334, 34.8609], [136.2329, 34.8609], [136.2314, 34.8615], [136.229, 34.8615], [136.2279, 34.861], [136.2266, 34.8613], [136.2254, 34.8619], [136.2254, 34.8621], [136.2244, 34.8628], [136.2238, 34.8628], [136.2233, 34.8633], [136.2208, 34.8635], [136.2206, 34.8634], [136.2201, 34.863], [136.2196, 34.8635], [136.2196, 34.864], [136.2191, 34.8643], [136.2186, 34.8657], [136.2179, 34.8654], [136.2165, 34.8651], [136.2163, 34.8654], [136.216, 34.8655], [136.2124, 34.8657], [136.2115, 34.8664], [136.2113, 34.8668], [136.2101, 34.8671], [136.209, 34.868], [136.2083, 34.8682], [136.2074, 34.8687], [136.2069, 34.8685], [136.2054, 34.8688], [136.2042, 34.8687], [136.2039, 34.8683], [136.2031, 34.8683], [136.2026, 34.8686], [136.2021, 34.8691], [136.202, 34.8695], [136.2012, 34.8694], [136.1998, 34.8697], [136.1982, 34.8697], [136.1976, 34.8704], [136.197, 34.8708], [136.1968, 34.8715], [136.1959, 34.8719], [136.1958, 34.8721], [136.1948, 34.8727], [136.194, 34.873], [136.1936, 34.8727], [136.1927, 34.8725], [136.1903, 34.8731], [136.19, 34.8736], [136.19, 34.8741], [136.1904, 34.8756], [136.1893, 34.8757], [136.1888, 34.8761], [136.1886, 34.8767], [136.1889, 34.8773], [136.1888, 34.8777], [136.1876, 34.8779], [136.1871, 34.8783], [136.1861, 34.8781], [136.184, 34.8785], [136.182, 34.8783], [136.1809, 34.8787], [136.1805, 34.8797], [136.179, 34.8795], [136.1784, 34.8796], [136.1789, 34.8801], [136.1791, 34.8808], [136.1785, 34.8822], [136.1785, 34.8828], [136.1797, 34.8838], [136.1803, 34.8845], [136.1807, 34.8858], [136.1803, 34.8864], [136.1792, 34.8867], [136.1787, 34.8875], [136.1785, 34.8875], [136.1775, 34.887], [136.1762, 34.8871], [136.1756, 34.8869], [136.1747, 34.8872], [136.1732, 34.8872], [136.1719, 34.8874], [136.171, 34.887], [136.169, 34.8869], [136.168, 34.8871], [136.1671, 34.888], [136.1656, 34.8879], [136.1648, 34.8871], [136.163, 34.887], [136.1618, 34.8872], [136.1613, 34.887], [136.1611, 34.8868], [136.1601, 34.8866], [136.1596, 34.8863], [136.1594, 34.886], [136.1594, 34.8848], [136.1564, 34.8847], [136.1557, 34.8848], [136.1535, 34.8845], [136.1526, 34.8837], [136.151, 34.8827], [136.1501, 34.8829], [136.1479, 34.8819], [136.1473, 34.8821], [136.1473, 34.8827], [136.1471, 34.8829], [136.1454, 34.8837], [136.1445, 34.8839], [136.1444, 34.8843], [136.1445, 34.8849], [136.1441, 34.8855], [136.1425, 34.8859], [136.1405, 34.8871], [136.1398, 34.887], [136.1391, 34.8871], [136.1368, 34.8887], [136.1365, 34.8885], [136.1352, 34.8865], [136.135, 34.8859], [136.1353, 34.8856], [136.1352, 34.8851], [136.1317, 34.8831], [136.1312, 34.883], [136.1296, 34.8843], [136.1291, 34.8844], [136.1285, 34.8849], [136.1275, 34.8852], [136.1271, 34.8861], [136.1273, 34.8865], [136.1266, 34.8872], [136.1257, 34.8876], [136.1255, 34.8884], [136.1247, 34.8884], [136.1235, 34.8889], [136.1224, 34.8882], [136.1218, 34.8883], [136.121, 34.8888], [136.1206, 34.8893], [136.1206, 34.8895], [136.1201, 34.8906], [136.1197, 34.8908], [136.1184, 34.892], [136.1182, 34.8925], [136.1172, 34.8925], [136.1169, 34.8921], [136.1166, 34.8921], [136.1159, 34.8923], [136.1155, 34.893], [136.1149, 34.8931], [136.1152, 34.8937], [136.1148, 34.8939], [136.1145, 34.8949], [136.1146, 34.895], [136.1151, 34.8954], [136.1156, 34.8966], [136.1149, 34.8971], [136.1145, 34.8979], [136.1151, 34.8988], [136.1148, 34.899], [136.1145, 34.8996], [136.1135, 34.8997], [136.1132, 34.9001], [136.1134, 34.9006], [136.1136, 34.9008], [136.1135, 34.9012], [136.113, 34.9013], [136.1122, 34.9019], [136.1108, 34.9019], [136.1105, 34.9017], [136.1104, 34.9012], [136.11, 34.9011], [136.1102, 34.9008], [136.1092, 34.9003], [136.1086, 34.9003], [136.1081, 34.9005], [136.1078, 34.9005], [136.1076, 34.9002], [136.107, 34.9], [136.1061, 34.9], [136.1058, 34.8995], [136.1052, 34.8994], [136.1056, 34.8984], [136.1051, 34.8982], [136.1049, 34.898], [136.1043, 34.8978], [136.1034, 34.8965], [136.1029, 34.8963], [136.1027, 34.896], [136.1021, 34.8959], [136.1018, 34.8961], [136.1014, 34.8958], [136.1013, 34.8952], [136.1008, 34.8949], [136.1011, 34.8943], [136.1009, 34.8938], [136.101, 34.8935], [136.1003, 34.8933], [136.0999, 34.893], [136.1004, 34.8925], [136.0998, 34.8917], [136.0987, 34.8909], [136.0984, 34.8896], [136.0977, 34.8891], [136.0973, 34.8889], [136.0965, 34.8889], [136.0956, 34.8887], [136.0953, 34.8884], [136.0953, 34.8881], [136.095, 34.8879], [136.0937, 34.8876], [136.0928, 34.8878], [136.0925, 34.8881], [136.092, 34.8883], [136.0908, 34.8885], [136.0905, 34.8884], [136.0903, 34.889], [136.0893, 34.889], [136.0884, 34.8905], [136.0881, 34.8907], [136.0874, 34.8905], [136.0872, 34.8898], [136.0869, 34.8895], [136.0861, 34.8894], [136.0865, 34.8887], [136.0863, 34.8883], [136.0864, 34.8879], [136.0855, 34.887], [136.0858, 34.8859], [136.086, 34.8858], [136.087, 34.8859], [136.0873, 34.8854], [136.0878, 34.8849], [136.088, 34.884], [136.0879, 34.8838], [136.0882, 34.8838], [136.0889, 34.883], [136.0895, 34.8828], [136.0894, 34.8823], [136.089, 34.8819], [136.089, 34.8807], [136.0883, 34.8808], [136.0879, 34.8803], [136.0873, 34.8807], [136.0859, 34.8798], [136.0853, 34.8791], [136.0852, 34.8789], [136.0855, 34.8779], [136.0863, 34.8763], [136.0877, 34.8766], [136.0884, 34.8761], [136.09, 34.8759], [136.0904, 34.8755], [136.0927, 34.8738], [136.0943, 34.8733], [136.0948, 34.8733], [136.0956, 34.8735], [136.0965, 34.8732], [136.0964, 34.8725], [136.0986, 34.8717], [136.099, 34.8705], [136.0997, 34.8704], [136.1002, 34.8708], [136.1012, 34.8704], [136.102, 34.8704], [136.103, 34.8697], [136.1037, 34.8702], [136.1047, 34.8701], [136.1052, 34.8704], [136.1056, 34.8703], [136.1058, 34.8701], [136.1063, 34.8702], [136.1067, 34.8699], [136.1071, 34.8699], [136.1073, 34.8699], [136.1077, 34.8706], [136.1079, 34.8707], [136.1086, 34.8706], [136.1091, 34.87], [136.1093, 34.87], [136.1097, 34.8704], [136.1099, 34.8704], [136.1118, 34.8697], [136.1134, 34.8694], [136.1142, 34.8699], [136.1144, 34.871], [136.1152, 34.8711], [136.1153, 34.8714], [136.115, 34.8717], [136.1155, 34.8721], [136.1159, 34.8721], [136.1167, 34.8719], [136.1169, 34.8717], [136.117, 34.8713], [136.1173, 34.871], [136.1176, 34.871], [136.1178, 34.8712], [136.1186, 34.8708], [136.119, 34.8707], [136.1192, 34.8711], [136.1195, 34.8712], [136.1199, 34.8717], [136.1198, 34.8719], [136.1202, 34.8721], [136.1208, 34.8719], [136.121, 34.8725], [136.1222, 34.8729], [136.1226, 34.8729], [136.1231, 34.8726], [136.1237, 34.8728], [136.1247, 34.8722], [136.1246, 34.8718], [136.1248, 34.8716], [136.1258, 34.8718], [136.1256, 34.8712], [136.1259, 34.871], [136.1256, 34.8709], [136.1259, 34.87], [136.1255, 34.8697], [136.1251, 34.869], [136.1248, 34.8684], [136.1248, 34.8681], [136.1237, 34.8676], [136.1228, 34.8669], [136.1226, 34.8665], [136.1237, 34.8654], [136.1246, 34.865], [136.1252, 34.8635], [136.1256, 34.8634], [136.1262, 34.8624], [136.1264, 34.8623], [136.1265, 34.862], [136.1247, 34.861], [136.1226, 34.8602], [136.1214, 34.8603], [136.1201, 34.8602], [136.1195, 34.859], [136.1195, 34.8585], [136.1193, 34.8584], [136.1198, 34.8583], [136.1185, 34.8579], [136.1176, 34.8566], [136.1176, 34.8558], [136.1171, 34.8554], [136.1165, 34.8555], [136.1156, 34.8562], [136.1148, 34.8558], [136.1134, 34.8559], [136.113, 34.8556], [136.1124, 34.8559], [136.1122, 34.8556], [136.111, 34.8554], [136.1104, 34.8546], [136.1099, 34.8547], [136.1097, 34.8545], [136.1096, 34.854], [136.1086, 34.8527], [136.1081, 34.8528], [136.1075, 34.8527], [136.107, 34.8523], [136.108, 34.852], [136.1083, 34.8516], [136.1087, 34.8501], [136.1078, 34.8489], [136.107, 34.8484], [136.1068, 34.8481], [136.1069, 34.8476], [136.1075, 34.8468], [136.1077, 34.8464], [136.1074, 34.8452], [136.1063, 34.8431], [136.1059, 34.8429], [136.1055, 34.8424], [136.1045, 34.8419], [136.104, 34.8414], [136.1023, 34.8412], [136.1005, 34.8399], [136.1001, 34.8391], [136.0994, 34.8392], [136.099, 34.839], [136.0983, 34.8394], [136.0966, 34.8396], [136.0956, 34.8402], [136.095, 34.8401], [136.0943, 34.8396], [136.0942, 34.8394], [136.0937, 34.8389], [136.0936, 34.8385], [136.0931, 34.8381], [136.0928, 34.8371], [136.0921, 34.8367], [136.0916, 34.8369], [136.0912, 34.8367], [136.0906, 34.8372], [136.0899, 34.8371], [136.0892, 34.8374], [136.0889, 34.8374], [136.0875, 34.8381], [136.0869, 34.8381], [136.0859, 34.8376], [136.0862, 34.8369], [136.0861, 34.8366], [136.0865, 34.8365], [136.0873, 34.8358], [136.0872, 34.8355], [136.0881, 34.8346], [136.0887, 34.8346], [136.0895, 34.8343], [136.0901, 34.8336], [136.0895, 34.8327], [136.0898, 34.8315], [136.0889, 34.8311], [136.0886, 34.8307], [136.088, 34.8308], [136.0875, 34.8306], [136.0874, 34.8301], [136.0879, 34.8292], [136.0888, 34.8284], [136.0888, 34.8275], [136.0896, 34.8271], [136.0898, 34.8266], [136.0904, 34.8265], [136.0907, 34.8262], [136.091, 34.8261], [136.0911, 34.8255], [136.0906, 34.8251], [136.0909, 34.8247], [136.0907, 34.8242], [136.0917, 34.824], [136.0923, 34.8227], [136.0929, 34.8223], [136.0931, 34.8218], [136.0932, 34.8215], [136.0925, 34.8211], [136.0923, 34.8206], [136.0926, 34.8204], [136.0934, 34.8207], [136.0938, 34.8206], [136.0941, 34.8203], [136.0942, 34.8198], [136.0952, 34.8194], [136.0954, 34.819], [136.0948, 34.8188], [136.094, 34.819], [136.0939, 34.8185], [136.0934, 34.8182], [136.0934, 34.8179], [136.0926, 34.8169], [136.0921, 34.817], [136.0916, 34.8168], [136.0907, 34.8159], [136.0904, 34.8148], [136.0906, 34.8142], [136.0911, 34.8142], [136.0911, 34.8139], [136.0906, 34.8126], [136.0901, 34.812], [136.0894, 34.8121], [136.0886, 34.8117], [136.0883, 34.8114], [136.0873, 34.811], [136.0855, 34.811], [136.0849, 34.8105], [136.0846, 34.81], [136.0831, 34.8097], [136.0829, 34.8092], [136.0823, 34.8084], [136.0813, 34.8077], [136.0808, 34.8077], [136.08, 34.8083], [136.0792, 34.8077], [136.0787, 34.8076], [136.077, 34.8084], [136.0762, 34.8081], [136.0757, 34.8081], [136.0752, 34.8075], [136.0747, 34.8073], [136.0735, 34.8057], [136.0727, 34.8055], [136.0732, 34.8042], [136.0724, 34.8041], [136.0718, 34.8043], [136.0706, 34.8043], [136.0697, 34.8034], [136.0686, 34.8041], [136.0678, 34.8035], [136.0673, 34.8036], [136.0662, 34.8024], [136.0651, 34.8023], [136.0644, 34.8019], [136.0643, 34.801], [136.0645, 34.8005], [136.0643, 34.7998], [136.0637, 34.7999], [136.0631, 34.8003], [136.0624, 34.7998], [136.0613, 34.7999], [136.0607, 34.8003], [136.0601, 34.8008], [136.0599, 34.8017], [136.0595, 34.802], [136.059, 34.802], [136.0581, 34.8023], [136.0579, 34.8025], [136.0574, 34.8039], [136.0565, 34.8033], [136.0568, 34.8026], [136.0567, 34.8014], [136.0556, 34.8006], [136.0557, 34.7998], [136.0555, 34.7994], [136.0551, 34.7992], [136.0546, 34.7993], [136.0534, 34.7985], [136.0528, 34.7984], [136.0522, 34.7987], [136.0518, 34.7984], [136.0515, 34.7985], [136.0505, 34.7988], [136.0504, 34.7992], [136.05, 34.7994], [136.0485, 34.7997], [136.0483, 34.8], [136.0484, 34.801], [136.0477, 34.8014], [136.0476, 34.8019], [136.0465, 34.8017], [136.0462, 34.8007], [136.046, 34.8007], [136.0459, 34.8003], [136.0452, 34.7997], [136.0452, 34.7994], [136.0442, 34.7991], [136.0433, 34.7995], [136.0428, 34.799], [136.0423, 34.7987], [136.041, 34.7987], [136.0407, 34.7977], [136.0409, 34.7973], [136.0407, 34.797], [136.0406, 34.7964], [136.0397, 34.7961], [136.039, 34.7962], [136.0388, 34.7956], [136.039, 34.7953], [136.0394, 34.7953], [136.0397, 34.7948], [136.039, 34.7943], [136.0379, 34.794], [136.0374, 34.794], [136.0371, 34.7938], [136.0366, 34.7939], [136.0363, 34.7937], [136.036, 34.794], [136.0356, 34.7939], [136.035, 34.7939], [136.0347, 34.7943], [136.0326, 34.7944], [136.0326, 34.7941], [136.0321, 34.7935], [136.0321, 34.7932], [136.0317, 34.7932], [136.0308, 34.7928], [136.0308, 34.7923], [136.0302, 34.7918], [136.0294, 34.7919], [136.029, 34.7912], [136.0286, 34.7911], [136.0282, 34.7906], [136.0275, 34.7909], [136.0267, 34.7907], [136.0264, 34.7909], [136.0263, 34.7914], [136.0252, 34.7917], [136.025, 34.7917], [136.0244, 34.7921], [136.0234, 34.7919], [136.0223, 34.7919], [136.022, 34.7915], [136.022, 34.791], [136.0216, 34.7905], [136.0206, 34.7907], [136.02, 34.7905], [136.02, 34.7901], [136.0208, 34.7891], [136.0204, 34.7886], [136.0203, 34.7876], [136.0199, 34.7867], [136.0202, 34.7861], [136.0209, 34.7857], [136.0211, 34.7846], [136.0219, 34.7839], [136.0218, 34.7836], [136.0224, 34.7824], [136.0229, 34.7822], [136.0236, 34.7824], [136.0253, 34.7813], [136.0258, 34.7814], [136.0272, 34.7809], [136.0284, 34.7815], [136.0284, 34.7812], [136.0292, 34.781], [136.0293, 34.7806], [136.0295, 34.7809], [136.0296, 34.7809], [136.0297, 34.7805], [136.0302, 34.7807], [136.0309, 34.7795], [136.0311, 34.7794], [136.0315, 34.7801], [136.0321, 34.7803], [136.0324, 34.7803], [136.0332, 34.78], [136.0338, 34.779], [136.0334, 34.7772], [136.0337, 34.7768], [136.0335, 34.776], [136.0336, 34.7759], [136.0339, 34.7742], [136.0337, 34.7738], [136.0337, 34.7734], [136.0334, 34.7726], [136.0331, 34.7726], [136.0329, 34.7722], [136.0328, 34.7716], [136.031, 34.7699], [136.031, 34.7694], [136.0307, 34.7693], [136.0303, 34.7685], [136.0302, 34.7675], [136.0294, 34.7656], [136.0286, 34.7648], [136.0299, 34.7637], [136.03, 34.7632], [136.0306, 34.7628], [136.0315, 34.7627], [136.0318, 34.7621], [136.0304, 34.761], [136.0302, 34.7607], [136.0303, 34.7602], [136.0302, 34.7598], [136.0295, 34.7594], [136.0294, 34.7591], [136.0295, 34.7585], [136.03, 34.7579], [136.0299, 34.7571], [136.0304, 34.7566], [136.03, 34.7559], [136.031, 34.7559], [136.0343, 34.7569], [136.0358, 34.7566], [136.038, 34.7565], [136.0381, 34.7563], [136.0372, 34.7544], [136.0382, 34.7531], [136.0384, 34.7524], [136.0387, 34.7522], [136.0385, 34.7509], [136.0387, 34.75], [136.039, 34.7494], [136.0406, 34.7485], [136.0416, 34.7486], [136.0423, 34.7483], [136.0426, 34.7483], [136.0428, 34.7486], [136.0434, 34.7487], [136.044, 34.7481], [136.0446, 34.748], [136.0448, 34.7476], [136.0453, 34.7475], [136.046, 34.7467], [136.0459, 34.7459], [136.0461, 34.7456], [136.0466, 34.745], [136.0478, 34.7444], [136.048, 34.744], [136.0479, 34.7432], [136.0483, 34.7428], [136.0482, 34.7423], [136.0486, 34.7422], [136.0496, 34.7407], [136.0508, 34.7402], [136.0509, 34.7399], [136.0521, 34.7404], [136.0528, 34.7403], [136.0531, 34.7401], [136.0536, 34.7393], [136.0541, 34.7388], [136.0551, 34.7387], [136.0552, 34.7382], [136.0575, 34.7373], [136.0578, 34.7368], [136.0579, 34.7354], [136.0585, 34.735], [136.0606, 34.7351], [136.0612, 34.7345], [136.0613, 34.7338], [136.0621, 34.7329], [136.0623, 34.7315], [136.0626, 34.7308], [136.0624, 34.7301], [136.0625, 34.7293], [136.0633, 34.7273], [136.0639, 34.7264], [136.0649, 34.7259], [136.0661, 34.7257], [136.0674, 34.7243], [136.0682, 34.7241], [136.0689, 34.7227], [136.0691, 34.7215], [136.0686, 34.7204], [136.0689, 34.72], [136.0682, 34.7196], [136.0676, 34.719], [136.0674, 34.7186], [136.0674, 34.7177], [136.0677, 34.7176], [136.069, 34.7174], [136.0698, 34.717], [136.0697, 34.7162], [136.0703, 34.7156], [136.071, 34.7153], [136.0708, 34.7144], [136.07, 34.7127], [136.0696, 34.7125], [136.0686, 34.7125], [136.068, 34.7122], [136.0678, 34.7116], [136.0679, 34.7109], [136.0668, 34.7105], [136.0664, 34.7098], [136.0649, 34.709], [136.0643, 34.7084], [136.064, 34.7083], [136.0632, 34.7087], [136.062, 34.7078], [136.0615, 34.7079], [136.0608, 34.7077], [136.0597, 34.7082], [136.0595, 34.7078], [136.0578, 34.7069], [136.0573, 34.7064], [136.057, 34.7064], [136.0567, 34.7061], [136.0553, 34.7063], [136.0541, 34.7062], [136.0536, 34.7051], [136.0538, 34.7047], [136.055, 34.7031], [136.0559, 34.7036], [136.0564, 34.7035], [136.0574, 34.703], [136.0582, 34.7023], [136.059, 34.7003], [136.0601, 34.6998], [136.0619, 34.6998], [136.0638, 34.6987], [136.0655, 34.6987], [136.0681, 34.6978], [136.071, 34.6979], [136.0731, 34.6984], [136.0742, 34.6984], [136.0748, 34.6982], [136.0751, 34.6977], [136.0756, 34.6958], [136.0764, 34.6943], [136.0766, 34.6931], [136.0773, 34.6919], [136.0776, 34.6909], [136.0787, 34.6902], [136.0793, 34.689], [136.0794, 34.6874], [136.0792, 34.6867], [136.0798, 34.6855], [136.0797, 34.6838], [136.0802, 34.6832], [136.0825, 34.6821], [136.0827, 34.6817], [136.0828, 34.6802], [136.0822, 34.6793], [136.0824, 34.6789], [136.0829, 34.6785], [136.0841, 34.6784], [136.0852, 34.677], [136.0852, 34.6764], [136.0857, 34.6762], [136.087, 34.6762], [136.0876, 34.6757], [136.0885, 34.6754], [136.0904, 34.676], [136.091, 34.676], [136.092, 34.6757], [136.0929, 34.6749], [136.0934, 34.6747], [136.0941, 34.6747], [136.0948, 34.6743], [136.0969, 34.6746], [136.099, 34.674], [136.1005, 34.674], [136.1007, 34.6737], [136.1008, 34.6725], [136.1012, 34.6715], [136.1024, 34.6713], [136.1026, 34.6709], [136.1027, 34.6703], [136.1035, 34.6698], [136.1039, 34.6701], [136.1043, 34.6698], [136.1046, 34.6691], [136.1049, 34.6689], [136.1056, 34.6695], [136.106, 34.6696], [136.1062, 34.6702], [136.1074, 34.6707], [136.1089, 34.6707], [136.1089, 34.6704], [136.1096, 34.6706], [136.1115, 34.6697], [136.1123, 34.6704], [136.1125, 34.6712], [136.1136, 34.6723], [136.114, 34.6724], [136.1147, 34.6729], [136.1147, 34.6732], [136.1141, 34.6736], [136.1142, 34.6755], [136.1147, 34.6763], [136.1141, 34.6777], [136.1151, 34.6791], [136.1151, 34.6794], [136.1157, 34.6799], [136.1159, 34.6812], [136.1169, 34.6819], [136.1168, 34.6823], [136.1163, 34.6826], [136.1167, 34.6833], [136.116, 34.6837], [136.1164, 34.6841], [136.1168, 34.6849], [136.1178, 34.6849], [136.1183, 34.6857], [136.1189, 34.6858], [136.1193, 34.686], [136.1196, 34.687], [136.1199, 34.6875], [136.1203, 34.6874], [136.1211, 34.6868], [136.122, 34.6867], [136.1231, 34.687], [136.1239, 34.6867], [136.1245, 34.6867], [136.1245, 34.6862], [136.1239, 34.6858], [136.1237, 34.6852], [136.124, 34.6852], [136.1252, 34.6842], [136.1257, 34.684], [136.1261, 34.6833], [136.1271, 34.6831], [136.1282, 34.6833], [136.1287, 34.6831], [136.1296, 34.6824], [136.1302, 34.6825], [136.1309, 34.6816], [136.13, 34.6811], [136.1302, 34.6809], [136.13, 34.6807], [136.1294, 34.6806], [136.1288, 34.68], [136.1266, 34.6785], [136.1263, 34.6775], [136.1253, 34.6771], [136.1249, 34.6758], [136.1234, 34.6752], [136.123, 34.6752], [136.1225, 34.6747], [136.1219, 34.6746], [136.1213, 34.6741], [136.1211, 34.6741], [136.121, 34.6727], [136.1219, 34.672], [136.1226, 34.6712], [136.1237, 34.6686], [136.1241, 34.668], [136.124, 34.6678], [136.1242, 34.6678], [136.1251, 34.6684], [136.1257, 34.6685], [136.1257, 34.6687], [136.1269, 34.6697], [136.1275, 34.6708], [136.1281, 34.6709], [136.1284, 34.6712], [136.1285, 34.6705], [136.1289, 34.67], [136.1286, 34.6698], [136.1291, 34.6694], [136.1302, 34.6694], [136.1303, 34.6698], [136.1315, 34.6703], [136.1318, 34.6699], [136.1326, 34.6698], [136.1328, 34.6703], [136.1332, 34.6707], [136.1343, 34.6706], [136.1347, 34.6701], [136.135, 34.6701], [136.1344, 34.6697], [136.1355, 34.6696], [136.1368, 34.67], [136.1367, 34.6705], [136.1371, 34.6708], [136.1374, 34.6708], [136.1377, 34.6705], [136.138, 34.6705], [136.1387, 34.6708], [136.1388, 34.6711], [136.1394, 34.671], [136.1392, 34.6708], [136.1395, 34.6704], [136.1403, 34.6703], [136.1405, 34.6699], [136.141, 34.6698], [136.1421, 34.6711], [136.1428, 34.6708], [136.1423, 34.6699], [136.1427, 34.67], [136.1432, 34.6697], [136.1442, 34.6695], [136.1447, 34.6691], [136.1447, 34.6689], [136.1438, 34.6684], [136.1423, 34.6684], [136.1431, 34.6677], [136.1445, 34.6671], [136.1439, 34.6665], [136.1433, 34.6664], [136.1427, 34.6666], [136.1425, 34.6664], [136.1425, 34.6661], [136.1432, 34.6655], [136.142, 34.6659], [136.1426, 34.6651], [136.1426, 34.6649], [136.1422, 34.6646], [136.1421, 34.6644], [136.1429, 34.6639], [136.1443, 34.6641], [136.144, 34.6624], [136.1447, 34.6626], [136.1448, 34.6633], [136.1455, 34.6636], [136.1461, 34.6629], [136.1465, 34.6628], [136.1466, 34.6621], [136.1476, 34.6619], [136.1494, 34.6611], [136.1493, 34.6603], [136.1496, 34.6598], [136.1494, 34.6594], [136.1489, 34.6589], [136.1492, 34.6577], [136.1496, 34.6576], [136.1499, 34.657], [136.1504, 34.6569], [136.15, 34.6562], [136.1501, 34.6555], [136.1503, 34.6554], [136.1503, 34.6548], [136.1499, 34.6541], [136.1503, 34.6532], [136.151, 34.6538], [136.1522, 34.6542], [136.1532, 34.6542], [136.1532, 34.6535], [136.153, 34.6528], [136.1531, 34.651], [136.1522, 34.6498], [136.1519, 34.649], [136.1519, 34.6483], [136.1516, 34.6474], [136.1524, 34.6457], [136.1524, 34.6454], [136.1532, 34.6448], [136.1543, 34.6446], [136.1551, 34.6438], [136.1556, 34.6425], [136.1559, 34.6427], [136.1568, 34.6425], [136.1572, 34.6425], [136.1574, 34.6422], [136.1575, 34.6419], [136.1608, 34.6408], [136.1612, 34.6391], [136.1622, 34.6389], [136.1645, 34.6377], [136.1672, 34.6367], [136.1688, 34.6352], [136.1722, 34.633], [136.1715, 34.6321], [136.1725, 34.6315], [136.1736, 34.6317], [136.1744, 34.6311], [136.1751, 34.6305], [136.1748, 34.6301], [136.176, 34.6293], [136.1783, 34.6274], [136.1781, 34.6269], [136.179, 34.6268], [136.1791, 34.6265], [136.1794, 34.6266], [136.1787, 34.6259], [136.1786, 34.6254], [136.1784, 34.6251], [136.1785, 34.6248], [136.1779, 34.6242], [136.1778, 34.6234], [136.178, 34.6229], [136.1772, 34.6222], [136.1772, 34.6205], [136.1775, 34.6197], [136.1774, 34.6192], [136.1759, 34.6179], [136.1763, 34.6171], [136.1756, 34.6162], [136.1762, 34.6155], [136.1772, 34.615], [136.1779, 34.614], [136.1794, 34.6135], [136.1797, 34.6123], [136.1804, 34.6123], [136.1805, 34.6118], [136.1819, 34.6109], [136.1819, 34.6097], [136.181, 34.6095], [136.1803, 34.6089], [136.1798, 34.6087], [136.1794, 34.6083], [136.1793, 34.6079], [136.1793, 34.6077], [136.18, 34.607], [136.1797, 34.6058], [136.1804, 34.6036], [136.1816, 34.6028], [136.1824, 34.6029], [136.1827, 34.6026], [136.1826, 34.6013], [136.1822, 34.6008], [136.182, 34.5999], [136.1817, 34.5995], [136.1809, 34.5994], [136.1802, 34.5986], [136.1802, 34.598], [136.1807, 34.5975], [136.1805, 34.5969], [136.1809, 34.5962], [136.1812, 34.5944], [136.182, 34.5945], [136.1837, 34.594], [136.1839, 34.5937], [136.1838, 34.5932], [136.184, 34.593], [136.1846, 34.593], [136.1849, 34.5934], [136.1857, 34.5935], [136.186, 34.5932], [136.1863, 34.5926], [136.1864, 34.5923], [136.1861, 34.5921], [136.1861, 34.5917], [136.1864, 34.5917], [136.187, 34.5919], [136.187, 34.5917], [136.1863, 34.5912], [136.1866, 34.5902], [136.1865, 34.5895], [136.1868, 34.5891], [136.1865, 34.5886], [136.1869, 34.5876], [136.1873, 34.5872], [136.1869, 34.5862], [136.1869, 34.5856], [136.1871, 34.5853], [136.1872, 34.5848], [136.1877, 34.5843], [136.1876, 34.5838], [136.1879, 34.5835], [136.188, 34.5831], [136.1879, 34.5827], [136.1871, 34.5815], [136.187, 34.5802], [136.1872, 34.5799], [136.1868, 34.5795], [136.187, 34.5792], [136.1877, 34.5787], [136.1874, 34.578], [136.1876, 34.5777], [136.1892, 34.5773], [136.1899, 34.5769], [136.1903, 34.5766], [136.1905, 34.5758], [136.1907, 34.5757], [136.1921, 34.5756], [136.1935, 34.5753], [136.1944, 34.5743], [136.1947, 34.5734], [136.1941, 34.5727], [136.1938, 34.5724], [136.1932, 34.5723], [136.193, 34.572], [136.1924, 34.5721], [136.1921, 34.5719], [136.1933, 34.5709], [136.194, 34.5705], [136.1939, 34.5695], [136.1947, 34.5686], [136.1948, 34.5678], [136.1955, 34.5667], [136.1965, 34.5665], [136.1969, 34.5661], [136.1977, 34.5636], [136.1984, 34.564], [136.1987, 34.5654], [136.199, 34.5656], [136.1992, 34.5662], [136.2012, 34.567], [136.2016, 34.567], [136.2022, 34.5665], [136.2028, 34.5651], [136.203, 34.5641], [136.2036, 34.5648], [136.2048, 34.5647], [136.2054, 34.5649], [136.2062, 34.5656], [136.2086, 34.567], [136.2091, 34.5658], [136.2101, 34.5656], [136.2103, 34.5652], [136.211, 34.5645], [136.2113, 34.5639], [136.2132, 34.5629], [136.2138, 34.5621], [136.2148, 34.5616], [136.2146, 34.5609], [136.2147, 34.5606], [136.2156, 34.5602], [136.2164, 34.5601], [136.2168, 34.5596], [136.2196, 34.5575], [136.22, 34.5578], [136.2198, 34.5588], [136.2185, 34.5615], [136.2184, 34.5619], [136.219, 34.5623], [136.2194, 34.5629], [136.2188, 34.564], [136.2187, 34.5645], [136.2195, 34.5653], [136.219, 34.5664], [136.2193, 34.5677], [136.2196, 34.5682], [136.2212, 34.5686], [136.2223, 34.5696], [136.2231, 34.5729], [136.2235, 34.5737], [136.2245, 34.574], [136.2256, 34.5782], [136.2265, 34.5795], [136.2271, 34.5796], [136.2282, 34.5793], [136.2289, 34.5793], [136.2301, 34.5787], [136.2308, 34.5796], [136.2318, 34.5797], [136.2331, 34.5795], [136.2342, 34.5796], [136.235, 34.5792], [136.2352, 34.5789], [136.2363, 34.5792], [136.2371, 34.5788], [136.2375, 34.5789], [136.238, 34.5796], [136.2392, 34.5807], [136.2399, 34.5806], [136.2409, 34.5813], [136.2422, 34.5815], [136.2436, 34.5822], [136.2471, 34.5823], [136.2476, 34.5822], [136.2476, 34.582], [136.2481, 34.582], [136.2484, 34.5821], [136.2487, 34.5831], [136.2491, 34.5833], [136.2501, 34.5832], [136.2516, 34.5836], [136.252, 34.5832], [136.2532, 34.5838], [136.2537, 34.5838], [136.2546, 34.5835], [136.2551, 34.5835], [136.2559, 34.5841], [136.2563, 34.5847], [136.2557, 34.5855], [136.2555, 34.5862], [136.2545, 34.5867], [136.2513, 34.5868], [136.2508, 34.5873], [136.2512, 34.5889], [136.2528, 34.5906], [136.2543, 34.5907], [136.2556, 34.5912], [136.2573, 34.5924], [136.2588, 34.5927], [136.2591, 34.5931], [136.2602, 34.5939], [136.2638, 34.5945], [136.2635, 34.5946], [136.2627, 34.5954], [136.2613, 34.5955], [136.2601, 34.5947], [136.259, 34.5944], [136.2576, 34.5951], [136.2578, 34.5962], [136.2574, 34.5966], [136.256, 34.597], [136.2537, 34.5989], [136.2523, 34.5993], [136.2503, 34.5995], [136.2501, 34.5997], [136.2499, 34.601], [136.2505, 34.6019], [136.2491, 34.6036], [136.2491, 34.6042], [136.2495, 34.6045], [136.2492, 34.6055], [136.2496, 34.6057], [136.25, 34.6066], [136.2509, 34.6072], [136.2508, 34.6079], [136.2503, 34.6083], [136.2499, 34.6095], [136.2502, 34.6105], [136.2512, 34.6119], [136.2513, 34.6123], [136.2499, 34.6126], [136.2493, 34.6131], [136.25, 34.6149], [136.2495, 34.6162], [136.2503, 34.6184], [136.2504, 34.6191], [136.2494, 34.6201], [136.2496, 34.6203], [136.2497, 34.6208], [136.2491, 34.6213], [136.249, 34.6218], [136.2495, 34.6225], [136.2488, 34.6241], [136.2474, 34.6249], [136.2467, 34.6246], [136.2464, 34.625], [136.2455, 34.6254], [136.2459, 34.6257], [136.2456, 34.6267], [136.2468, 34.6279], [136.2461, 34.6282], [136.2464, 34.6287], [136.2462, 34.629], [136.246, 34.6299], [136.2455, 34.6301], [136.2455, 34.6304], [136.2456, 34.6309], [136.2461, 34.6311], [136.2472, 34.6311], [136.248, 34.6321], [136.2485, 34.6322], [136.2489, 34.6327], [136.2497, 34.6327], [136.2499, 34.6335], [136.2514, 34.6335], [136.2513, 34.634], [136.2516, 34.6343], [136.2502, 34.6349], [136.2501, 34.635], [136.2505, 34.6355], [136.2504, 34.6357], [136.2496, 34.636], [136.2501, 34.6372], [136.2498, 34.6376], [136.2501, 34.6379], [136.2499, 34.6386], [136.2503, 34.6393], [136.2502, 34.6399], [136.2504, 34.6405], [136.2503, 34.6411], [136.2506, 34.6415], [136.2514, 34.642], [136.251, 34.6428], [136.2513, 34.6433], [136.2514, 34.6439], [136.2523, 34.6445], [136.2531, 34.6448], [136.2546, 34.6441], [136.2556, 34.6441], [136.256, 34.6444], [136.2563, 34.6448], [136.257, 34.645], [136.2575, 34.6453], [136.2583, 34.6457], [136.2579, 34.6462], [136.2577, 34.6469], [136.2568, 34.6476], [136.2581, 34.6485], [136.259, 34.6497], [136.2599, 34.6518], [136.2606, 34.6524], [136.2607, 34.6531], [136.2613, 34.654], [136.261, 34.6548], [136.261, 34.6553], [136.2611, 34.6556], [136.2627, 34.6561], [136.2634, 34.6558], [136.2647, 34.6562], [136.2657, 34.656], [136.2662, 34.6562], [136.2664, 34.6565], [136.2669, 34.6564], [136.2683, 34.6571], [136.2681, 34.658], [136.2681, 34.6594], [136.2677, 34.6598], [136.2673, 34.6598], [136.267, 34.6604], [136.2678, 34.6603], [136.269, 34.6608], [136.2694, 34.6627], [136.2694, 34.6636], [136.27, 34.6639], [136.2705, 34.6639], [136.2708, 34.6634], [136.2712, 34.6632], [136.2715, 34.6624], [136.2718, 34.6623], [136.2732, 34.663], [136.2745, 34.6629], [136.2751, 34.6632], [136.2751, 34.6637], [136.2737, 34.666], [136.2741, 34.6669], [136.2725, 34.6676], [136.2721, 34.6681], [136.2709, 34.6688], [136.2705, 34.6694], [136.2697, 34.6696], [136.2693, 34.6701], [136.2672, 34.6709], [136.2671, 34.6719], [136.2665, 34.6721], [136.2664, 34.6723], [136.2671, 34.6746], [136.2676, 34.6755], [136.2682, 34.6756], [136.2689, 34.6754], [136.2696, 34.6754], [136.2706, 34.675], [136.2713, 34.6755], [136.2712, 34.676], [136.2715, 34.6765], [136.2731, 34.6766], [136.2724, 34.6772], [136.2725, 34.6777], [136.2729, 34.6782], [136.2726, 34.6789], [136.2732, 34.6792], [136.2733, 34.6798], [136.2728, 34.6829], [136.2724, 34.6837], [136.271, 34.6855], [136.2724, 34.6859], [136.276, 34.688], [136.2765, 34.6898], [136.2779, 34.6899], [136.2787, 34.6903], [136.2791, 34.6914], [136.2803, 34.6921], [136.2802, 34.6923], [136.2794, 34.6928], [136.2795, 34.6936], [136.2799, 34.6937], [136.2802, 34.6941], [136.2809, 34.6941], [136.2816, 34.6947], [136.2834, 34.6956], [136.2834, 34.6958], [136.2821, 34.6966], [136.282, 34.6973], [136.2821, 34.6975], [136.2837, 34.6982], [136.2833, 34.6989], [136.2836, 34.6994], [136.2838, 34.7001], [136.2851, 34.7004], [136.2851, 34.7007], [136.2846, 34.7021], [136.2855, 34.703], [136.2858, 34.7041], [136.2874, 34.7047], [136.2884, 34.7073], [136.2898, 34.7079], [136.2894, 34.7092], [136.2911, 34.7092], [136.292, 34.7107], [136.2924, 34.7111], [136.293, 34.7114], [136.2942, 34.7114], [136.2947, 34.7116], [136.2951, 34.7123], [136.2953, 34.7133], [136.2946, 34.7143], [136.2944, 34.7151], [136.295, 34.7155], [136.2953, 34.7157], [136.2971, 34.7153], [136.2987, 34.7162], [136.3, 34.7163], [136.3004, 34.7165], [136.3006, 34.7169], [136.3001, 34.7175], [136.3, 34.7181], [136.3008, 34.7194], [136.3007, 34.7201], [136.3009, 34.7205], [136.3014, 34.7206], [136.3018, 34.721], [136.3015, 34.7217], [136.3016, 34.722], [136.303, 34.7225], [136.3037, 34.723], [136.3051, 34.7228], [136.3058, 34.7229], [136.3071, 34.7236], [136.3096, 34.7246], [136.3097, 34.7252], [136.3093, 34.7255], [136.3091, 34.726], [136.3087, 34.7277], [136.3089, 34.7285], [136.3087, 34.7291], [136.3059, 34.7311], [136.3042, 34.7318], [136.3037, 34.7319], [136.3028, 34.7317], [136.3013, 34.7315], [136.2995, 34.7325], [136.2991, 34.7332], [136.2972, 34.7347], [136.2979, 34.7372], [136.2995, 34.7381], [136.2997, 34.7386], [136.3005, 34.7389], [136.301, 34.7394], [136.3012, 34.7403], [136.301, 34.7411], [136.3007, 34.7413], [136.3005, 34.7425], [136.3023, 34.7439], [136.3031, 34.7442], [136.3035, 34.7441], [136.3042, 34.7444], [136.3048, 34.7442], [136.306, 34.7443], [136.307, 34.7449], [136.3099, 34.7456], [136.3111, 34.7463], [136.3114, 34.7468], [136.3123, 34.7472], [136.3143, 34.7469], [136.3159, 34.7475], [136.3171, 34.7477], [136.3176, 34.7492], [136.3188, 34.7495], [136.3193, 34.7502], [136.3189, 34.7517], [136.3191, 34.7532], [136.3188, 34.7537], [136.3189, 34.7551], [136.3198, 34.7554], [136.3205, 34.7559], [136.321, 34.7568], [136.3215, 34.7573], [136.323, 34.7577], [136.3233, 34.7583], [136.3243, 34.7593], [136.3252, 34.7609], [136.3261, 34.7612], [136.3271, 34.7617], [136.3282, 34.7628], [136.3284, 34.7631], [136.3286, 34.7633], [136.3294, 34.7634], [136.3298, 34.7639], [136.3309, 34.7642], [136.3326, 34.7639], [136.3332, 34.7643], [136.3335, 34.7659], [136.3337, 34.7662], [136.3344, 34.766], [136.3356, 34.7664], [136.3358, 34.7668], [136.3365, 34.767], [136.3377, 34.7678], [136.3388, 34.768], [136.3401, 34.768], [136.3411, 34.7684], [136.3414, 34.769], [136.3418, 34.7691], [136.3421, 34.7696], [136.3418, 34.77], [136.3423, 34.7715], [136.3419, 34.7727], [136.3419, 34.7733], [136.3413, 34.7736], [136.3405, 34.7746], [136.3399, 34.775], [136.3398, 34.776], [136.3394, 34.7766], [136.3375, 34.7769], [136.3366, 34.7775], [136.3366, 34.7788], [136.3372, 34.7795], [136.3371, 34.78], [136.3373, 34.7811], [136.3367, 34.782], [136.336, 34.7822], [136.3347, 34.7821], [136.3342, 34.7829], [136.3338, 34.7832], [136.3339, 34.7843], [136.3337, 34.7847], [136.334, 34.7851], [136.3333, 34.7856], [136.3332, 34.7859], [136.3326, 34.786], [136.3324, 34.7863], [136.3326, 34.7868], [136.3323, 34.7872], [136.3311, 34.787], [136.3307, 34.7871], [136.3294, 34.7871], [136.3293, 34.7868], [136.3281, 34.7863], [136.3276, 34.7855], [136.3265, 34.7857], [136.3242, 34.7855], [136.3237, 34.7863], [136.3232, 34.7864], [136.3225, 34.7869], [136.3213, 34.7872], [136.3205, 34.7872], [136.3202, 34.7874], [136.3191, 34.7875], [136.3184, 34.7879], [136.3176, 34.7878], [136.3167, 34.7886], [136.3161, 34.7897], [136.3159, 34.7905], [136.3148, 34.7912], [136.3147, 34.7914], [136.3146, 34.7919], [136.315, 34.7922], [136.3152, 34.7928], [136.3144, 34.794], [136.3138, 34.7946], [136.3142, 34.7953], [136.3133, 34.7962], [136.3135, 34.797], [136.3141, 34.7977], [136.3135, 34.799], [136.3131, 34.7993], [136.3134, 34.8001], [136.3124, 34.8], [136.3112, 34.8012], [136.3103, 34.8015], [136.3098, 34.8024], [136.3102, 34.8035], [136.31, 34.8045], [136.3105, 34.8047], [136.3112, 34.8058], [136.3119, 34.8062], [136.3122, 34.807]]]}, "properties": {"name": "三重県伊賀市"}}, {"type": "Feature", "geometry": {"type": "Polygon", "coordinates": [[[136.746, 35.034], [136.7572, 35.0197], [136.7709, 35.0215], [136.7696, 35.023], [136.7719, 35.0244], [136.7607, 35.0369], [136.753, 35.0534], [136.7521, 35.0604], [136.7518, 35.0605], [136.7515, 35.0635], [136.7516, 35.0681], [136.7518, 35.0701], [136.7517, 35.0724], [136.7507, 35.0786], [136.7502, 35.0799], [136.7497, 35.0804], [136.7412, 35.0866], [136.7389, 35.0892], [136.7348, 35.0934], [136.7329, 35.0957], [136.732, 35.0964], [136.7279, 35.0989], [136.7242, 35.1005], [136.7247, 35.1012], [136.7216, 35.1026], [136.7213, 35.1021], [136.7207, 35.1031], [136.7205, 35.103], [136.7197, 35.1032], [136.7184, 35.1028], [136.7129, 35.1047], [136.7147, 35.1016], [136.7163, 35.0974], [136.7191, 35.0837], [136.7211, 35.0775], [136.7227, 35.074], [136.7246, 35.071], [136.7256, 35.066], [136.7274, 35.0619], [136.7293, 35.0583], [136.7378, 35.0482], [136.7389, 35.0459], [136.7431, 35.0392], [136.7519, 35.0445], [136.7553, 35.0395], [136.746, 35.034]]]}, "properties": {"name": "三重県木曽岬町"}}, {"type": "Feature", "geometry": {"type": "Polygon", "coordinates": [[[136.5995, 35.049], [136.5998, 35.0494], [136.5994, 35.0499], [136.6001, 35.0499], [136.6006, 35.052], [136.6028, 35.0564], [136.604, 35.0572], [136.6034, 35.0573], [136.6036, 35.0578], [136.6032, 35.0579], [136.6034, 35.0584], [136.6025, 35.0587], [136.6029, 35.0603], [136.6066, 35.06], [136.6065, 35.0614], [136.6093, 35.0615], [136.6095, 35.0617], [136.6086, 35.0625], [136.6095, 35.064], [136.6095, 35.0646], [136.6102, 35.0646], [136.6104, 35.0653], [136.6091, 35.0656], [136.6089, 35.0659], [136.6084, 35.0662], [136.6082, 35.0674], [136.6086, 35.068], [136.6083, 35.0683], [136.6085, 35.0686], [136.6089, 35.0685], [136.6097, 35.0702], [136.6095, 35.0703], [136.6096, 35.0705], [136.6098, 35.0704], [136.61, 35.0712], [136.6096, 35.0714], [136.6098, 35.0713], [136.6101, 35.0721], [136.6107, 35.0724], [136.611, 35.073], [136.6097, 35.0736], [136.6094, 35.0743], [136.6094, 35.0749], [136.609, 35.0751], [136.6089, 35.0755], [136.6086, 35.0759], [136.6081, 35.0761], [136.6082, 35.0767], [136.6078, 35.0769], [136.6075, 35.0776], [136.6077, 35.0778], [136.6072, 35.0784], [136.6076, 35.0788], [136.6069, 35.0793], [136.6063, 35.0794], [136.6062, 35.0797], [136.6055, 35.0803], [136.6055, 35.0806], [136.6039, 35.082], [136.6031, 35.0824], [136.6022, 35.0835], [136.6022, 35.0838], [136.6031, 35.0846], [136.6032, 35.0858], [136.613, 35.0828], [136.6129, 35.0837], [136.6138, 35.0848], [136.6141, 35.0849], [136.6146, 35.0861], [136.6149, 35.0864], [136.615, 35.0869], [136.6148, 35.0877], [136.6151, 35.0879], [136.6152, 35.0884], [136.6157, 35.0885], [136.6166, 35.09], [136.6159, 35.0904], [136.6162, 35.0907], [136.6155, 35.0912], [136.6172, 35.0932], [136.6182, 35.0925], [136.6186, 35.0931], [136.6193, 35.0932], [136.6206, 35.0943], [136.618, 35.0952], [136.6154, 35.0965], [136.6151, 35.0968], [136.6149, 35.0975], [136.6145, 35.0976], [136.6134, 35.0973], [136.613, 35.0975], [136.6124, 35.0995], [136.612, 35.0996], [136.6113, 35.0994], [136.6112, 35.0991], [136.6107, 35.099], [136.6104, 35.0986], [136.6098, 35.099], [136.609, 35.0989], [136.6091, 35.0998], [136.609, 35.1001], [136.6085, 35.1], [136.608, 35.1001], [136.6075, 35.1011], [136.6071, 35.1011], [136.6066, 35.1005], [136.6056, 35.101], [136.6044, 35.1018], [136.6042, 35.102], [136.6042, 35.1026], [136.6039, 35.1027], [136.6039, 35.1034], [136.6036, 35.1036], [136.6027, 35.1035], [136.6024, 35.1038], [136.6026, 35.1053], [136.6023, 35.106], [136.6025, 35.1065], [136.6016, 35.1069], [136.6016, 35.1073], [136.6023, 35.1086], [136.6023, 35.1093], [136.6031, 35.1095], [136.6035, 35.11], [136.6034, 35.1102], [136.6019, 35.1112], [136.6023, 35.1118], [136.6023, 35.1121], [136.6013, 35.1124], [136.6014, 35.1133], [136.6005, 35.1125], [136.5999, 35.1125], [136.5995, 35.1121], [136.5987, 35.1124], [136.5985, 35.1131], [136.5979, 35.1137], [136.598, 35.1141], [136.5975, 35.1144], [136.5973, 35.1148], [136.5978, 35.1159], [136.5971, 35.1158], [136.5966, 35.1162], [136.5953, 35.1162], [136.5948, 35.1164], [136.5946, 35.1159], [136.5943, 35.1157], [136.5924, 35.1161], [136.5915, 35.1156], [136.5912, 35.1152], [136.5896, 35.1145], [136.5882, 35.1135], [136.588, 35.1123], [136.5873, 35.1112], [136.5872, 35.1106], [136.5866, 35.1101], [136.5873, 35.1097], [136.5862, 35.1079], [136.5867, 35.1076], [136.5865, 35.1073], [136.587, 35.107], [136.5836, 35.105], [136.5827, 35.1047], [136.5826, 35.1044], [136.5824, 35.1044], [136.5825, 35.1036], [136.5814, 35.103], [136.5809, 35.1021], [136.5824, 35.1005], [136.5811, 35.0996], [136.5805, 35.1003], [136.5791, 35.0977], [136.5787, 35.0976], [136.5779, 35.0979], [136.5778, 35.0976], [136.578, 35.0975], [136.5787, 35.0966], [136.5765, 35.094], [136.5758, 35.0934], [136.5758, 35.0932], [136.5751, 35.0932], [136.575, 35.0924], [136.5745, 35.0922], [136.5729, 35.0898], [136.5714, 35.0888], [136.5696, 35.0891], [136.5691, 35.0885], [136.5687, 35.0886], [136.5685, 35.0882], [136.5686, 35.088], [136.5683, 35.0877], [136.5685, 35.087], [136.5676, 35.0852], [136.5618, 35.0828], [136.5618, 35.0826], [136.5629, 35.0822], [136.5627, 35.082], [136.5634, 35.0813], [136.5632, 35.0811], [136.5665, 35.077], [136.5661, 35.0766], [136.566, 35.0754], [136.5656, 35.0744], [136.5666, 35.0739], [136.5661, 35.073], [136.5663, 35.0729], [136.5658, 35.072], [136.5652, 35.07], [136.5663, 35.0697], [136.5655, 35.0676], [136.5636, 35.0687], [136.5634, 35.0682], [136.5635, 35.0678], [136.5639, 35.0674], [136.564, 35.067], [136.5647, 35.0665], [136.5643, 35.0661], [136.5646, 35.0658], [136.5648, 35.0649], [136.5645, 35.0653], [136.5642, 35.065], [136.5644, 35.0644], [136.5641, 35.0644], [136.5628, 35.0644], [136.5626, 35.0648], [136.5624, 35.0647], [136.563, 35.063], [136.563, 35.0619], [136.5676, 35.0615], [136.5682, 35.0603], [136.5681, 35.0596], [136.5687, 35.0563], [136.5692, 35.0559], [136.5693, 35.0555], [136.5716, 35.0541], [136.5758, 35.0529], [136.5832, 35.0515], [136.5884, 35.05], [136.589, 35.0501], [136.5893, 35.0499], [136.5892, 35.0497], [136.5906, 35.0494], [136.5968, 35.0494], [136.5995, 35.049]]]}, "properties": {"name": "三重県東員町"}}, {"type": "Feature", "geometry": {"type": "Polygon", "coordinates": [[[136.5386, 35.0703], [136.5365, 35.0715], [136.535, 35.0732], [136.5304, 35.0754], [136.5272, 35.0766], [136.5276, 35.0777], [136.5286, 35.0787], [136.5292, 35.0805], [136.5296, 35.0811], [136.529, 35.0817], [136.5294, 35.0825], [136.529, 35.0827], [136.5291, 35.0841], [136.528, 35.0846], [136.5269, 35.0846], [136.5256, 35.0858], [136.5247, 35.0863], [136.5238, 35.0862], [136.5233, 35.0864], [136.5218, 35.0875], [136.5221, 35.0878], [136.5216, 35.0879], [136.5215, 35.0876], [136.5212, 35.0878], [136.5184, 35.0898], [136.5175, 35.0896], [136.5171, 35.089], [136.5161, 35.0893], [136.5156, 35.0888], [136.5135, 35.0898], [136.5119, 35.0893], [136.5106, 35.0896], [136.5086, 35.0898], [136.5078, 35.0876], [136.5016, 35.0905], [136.4998, 35.0904], [136.4978, 35.0906], [136.4975, 35.0905], [136.497, 35.091], [136.4951, 35.0916], [136.4948, 35.0915], [136.4945, 35.0917], [136.494, 35.0914], [136.4936, 35.0915], [136.4925, 35.0914], [136.492, 35.091], [136.4913, 35.0914], [136.4907, 35.0911], [136.4898, 35.0917], [136.4895, 35.0917], [136.489, 35.0921], [136.4883, 35.0919], [136.4877, 35.092], [136.4875, 35.0922], [136.4871, 35.092], [136.4866, 35.0925], [136.486, 35.0922], [136.4854, 35.0922], [136.4845, 35.0925], [136.484, 35.0925], [136.4836, 35.0929], [136.4831, 35.0927], [136.4823, 35.0927], [136.481, 35.0924], [136.4801, 35.0927], [136.4796, 35.0928], [136.4786, 35.0925], [136.477, 35.093], [136.4765, 35.0929], [136.4759, 35.0924], [136.4745, 35.0918], [136.4736, 35.0917], [136.4733, 35.0913], [136.4729, 35.0913], [136.4723, 35.0906], [136.4714, 35.0903], [136.4664, 35.0901], [136.4632, 35.0904], [136.4621, 35.0885], [136.4615, 35.0879], [136.4614, 35.0868], [136.4586, 35.0856], [136.4583, 35.0862], [136.4577, 35.0864], [136.4559, 35.0863], [136.4554, 35.0866], [136.4532, 35.0866], [136.4509, 35.0859], [136.4495, 35.0852], [136.4486, 35.0852], [136.4471, 35.0898], [136.4461, 35.0891], [136.4457, 35.0886], [136.4452, 35.0883], [136.4446, 35.0883], [136.4439, 35.0879], [136.4435, 35.0875], [136.4427, 35.0872], [136.4421, 35.0866], [136.4423, 35.0859], [136.4428, 35.0856], [136.4418, 35.0857], [136.4411, 35.0853], [136.441, 35.0855], [136.4406, 35.0853], [136.4396, 35.0846], [136.4393, 35.0841], [136.4383, 35.0838], [136.4384, 35.0833], [136.4382, 35.0831], [136.4369, 35.083], [136.4365, 35.0827], [136.436, 35.0827], [136.4358, 35.0829], [136.4353, 35.0825], [136.436, 35.0819], [136.4361, 35.0813], [136.4362, 35.0808], [136.436, 35.0807], [136.4359, 35.0799], [136.4364, 35.0794], [136.4364, 35.0791], [136.4368, 35.079], [136.4367, 35.0787], [136.437, 35.0785], [136.4371, 35.0782], [136.4375, 35.0778], [136.4375, 35.0776], [136.4372, 35.077], [136.4375, 35.0768], [136.4378, 35.0769], [136.4381, 35.0766], [136.4385, 35.0765], [136.4392, 35.076], [136.4406, 35.0745], [136.4397, 35.0726], [136.4405, 35.0712], [136.4408, 35.0704], [136.4411, 35.0703], [136.4412, 35.0701], [136.441, 35.0692], [136.4417, 35.0665], [136.4413, 35.0656], [136.4415, 35.0652], [136.4412, 35.065], [136.4409, 35.0643], [136.4403, 35.0646], [136.4398, 35.0652], [136.4392, 35.0654], [136.4385, 35.0654], [136.438, 35.0646], [136.4381, 35.0642], [136.4376, 35.0638], [136.437, 35.0635], [136.4364, 35.0634], [136.4354, 35.0622], [136.4345, 35.0622], [136.4334, 35.0614], [136.4334, 35.0606], [136.4337, 35.0604], [136.4338, 35.0598], [136.4335, 35.0594], [136.4323, 35.0592], [136.4317, 35.0593], [136.4311, 35.0592], [136.4306, 35.0587], [136.4303, 35.0587], [136.43, 35.058], [136.43, 35.0576], [136.4296, 35.0573], [136.4294, 35.0567], [136.4289, 35.0562], [136.4272, 35.0569], [136.4257, 35.0568], [136.4251, 35.0566], [136.4251, 35.055], [136.4245, 35.0544], [136.4242, 35.0544], [136.4233, 35.0531], [136.4228, 35.0531], [136.4223, 35.0513], [136.4218, 35.0509], [136.4213, 35.0509], [136.42, 35.0503], [136.4198, 35.0496], [136.418, 35.0492], [136.418, 35.0489], [136.4186, 35.0484], [136.4182, 35.0476], [136.4183, 35.0472], [136.4178, 35.0469], [136.4177, 35.0457], [136.4179, 35.0455], [136.4179, 35.0446], [136.4174, 35.0439], [136.418, 35.0426], [136.4176, 35.0422], [136.4163, 35.0423], [136.4159, 35.0414], [136.4162, 35.0409], [136.417, 35.0406], [136.4172, 35.04], [136.417, 35.0387], [136.4166, 35.0383], [136.4168, 35.0379], [136.4165, 35.0372], [136.4167, 35.0368], [136.4166, 35.0364], [136.4169, 35.0356], [136.4171, 35.0353], [136.4169, 35.0339], [136.4176, 35.0335], [136.4185, 35.0319], [136.418, 35.031], [136.4183, 35.0304], [136.4187, 35.03], [136.4203, 35.0299], [136.421, 35.0297], [136.4224, 35.0299], [136.4242, 35.0299], [136.4246, 35.0296], [136.4246, 35.0292], [136.4241, 35.029], [136.4242, 35.0286], [136.4228, 35.0281], [136.4222, 35.0269], [136.4229, 35.0265], [136.4231, 35.0259], [136.4229, 35.0253], [136.4223, 35.0253], [136.4217, 35.0251], [136.4215, 35.0248], [136.4214, 35.0241], [136.4218, 35.0227], [136.4215, 35.0219], [136.4214, 35.0211], [136.4191, 35.0204], [136.4182, 35.0204], [136.4176, 35.0199], [136.4177, 35.0184], [136.4182, 35.0182], [136.4184, 35.0179], [136.4188, 35.017], [136.4188, 35.0167], [136.418, 35.0167], [136.4174, 35.0155], [136.4168, 35.0149], [136.4167, 35.0138], [136.4172, 35.013], [136.417, 35.0112], [136.4173, 35.0109], [136.4173, 35.0101], [136.4177, 35.0098], [136.4178, 35.0092], [136.4184, 35.009], [136.4185, 35.0086], [136.4183, 35.0082], [136.4186, 35.0079], [136.4188, 35.0062], [136.4194, 35.0053], [136.4199, 35.0051], [136.42, 35.0049], [136.4197, 35.0043], [136.4196, 35.0033], [136.4199, 35.0028], [136.4204, 35.0024], [136.4207, 35.0026], [136.4208, 35.0024], [136.4213, 35.0016], [136.4211, 35.0008], [136.4212, 34.9997], [136.4223, 34.9995], [136.4244, 34.9996], [136.4247, 34.9994], [136.425, 34.9995], [136.4262, 34.9995], [136.4273, 35], [136.4276, 34.9999], [136.4282, 35], [136.4285, 35.0002], [136.4287, 35.0008], [136.4293, 35.0011], [136.4308, 35.0012], [136.4316, 35.0014], [136.4337, 35.0007], [136.4343, 35.0008], [136.4362, 35.0006], [136.4366, 35.0007], [136.4371, 35.0006], [136.4388, 34.999], [136.4408, 34.9995], [136.4414, 34.9999], [136.4432, 35], [136.4441, 35.0005], [136.4455, 35.0005], [136.4462, 35.0002], [136.4468, 35.0002], [136.4474, 35], [136.4478, 35], [136.4485, 34.9992], [136.4497, 34.9986], [136.4507, 34.9973], [136.4518, 34.9975], [136.4544, 34.9972], [136.4549, 34.9963], [136.4556, 34.9957], [136.4556, 34.9952], [136.4562, 34.9943], [136.458, 34.993], [136.4594, 34.9912], [136.4612, 34.9911], [136.4616, 34.9907], [136.4616, 34.99], [136.462, 34.9905], [136.4642, 34.9917], [136.4646, 34.992], [136.4653, 34.9922], [136.4657, 34.9925], [136.4673, 34.9928], [136.4683, 34.9928], [136.4713, 34.9941], [136.4737, 34.9942], [136.4739, 34.9945], [136.4734, 34.9955], [136.4735, 34.9957], [136.4749, 34.9957], [136.4759, 34.9947], [136.4768, 34.9946], [136.4773, 34.9941], [136.4783, 34.9936], [136.4785, 34.9938], [136.4798, 34.9937], [136.4808, 34.9944], [136.4819, 34.9945], [136.4823, 34.9948], [136.4832, 34.9947], [136.4838, 34.9951], [136.4844, 34.9949], [136.4854, 34.995], [136.486, 34.9958], [136.487, 34.9955], [136.4886, 34.9956], [136.4899, 34.9962], [136.4904, 34.9968], [136.4911, 34.997], [136.4915, 34.9975], [136.4924, 34.9975], [136.4927, 34.9971], [136.4938, 34.9964], [136.4951, 34.9965], [136.4975, 34.997], [136.4982, 34.9969], [136.4985, 34.9966], [136.4987, 34.9965], [136.4999, 34.997], [136.5012, 34.9972], [136.5022, 34.9976], [136.5035, 34.9978], [136.5039, 34.9981], [136.5072, 34.9985], [136.5087, 34.9989], [136.5091, 34.9989], [136.51, 34.9985], [136.5103, 34.998], [136.5104, 34.9967], [136.5118, 34.9967], [136.5129, 34.9973], [136.515, 34.997], [136.5158, 34.9967], [136.5164, 34.997], [136.5169, 34.9975], [136.5179, 34.9978], [136.5186, 34.9984], [136.5188, 34.9993], [136.5199, 34.9996], [136.521, 35.0004], [136.5217, 35.0003], [136.522, 35.0006], [136.5229, 35.0007], [136.5235, 35.0005], [136.5238, 35.0002], [136.5242, 35.0002], [136.5249, 34.9999], [136.5249, 34.9997], [136.5258, 34.9995], [136.5263, 34.999], [136.5269, 34.999], [136.5274, 34.9988], [136.5289, 34.9989], [136.5313, 34.9979], [136.5323, 34.9983], [136.5336, 34.9984], [136.5335, 34.9995], [136.5342, 34.9993], [136.5351, 34.9993], [136.5352, 34.999], [136.539, 34.9994], [136.5424, 34.9995], [136.5427, 35.0002], [136.5433, 35.0003], [136.5435, 34.9999], [136.544, 35], [136.5443, 35.0006], [136.5449, 35.0008], [136.5452, 35.0013], [136.5455, 35.0016], [136.5459, 35.0016], [136.5422, 35.0066], [136.5405, 35.0092], [136.5401, 35.0091], [136.5396, 35.0092], [136.5388, 35.009], [136.5374, 35.0098], [136.5365, 35.01], [136.5363, 35.0103], [136.5358, 35.0105], [136.5351, 35.0119], [136.5341, 35.0128], [136.5345, 35.0139], [136.5349, 35.0138], [136.535, 35.0146], [136.5354, 35.0152], [136.5356, 35.0152], [136.5367, 35.0173], [136.5373, 35.0171], [136.5378, 35.0181], [136.5414, 35.017], [136.5418, 35.0181], [136.5474, 35.0165], [136.5469, 35.0154], [136.5493, 35.0148], [136.5514, 35.0144], [136.5514, 35.015], [136.552, 35.0153], [136.5517, 35.0155], [136.5512, 35.0152], [136.551, 35.0156], [136.5535, 35.0169], [136.5543, 35.017], [136.5545, 35.0176], [136.5541, 35.0191], [136.5542, 35.0195], [136.5551, 35.0199], [136.5553, 35.0206], [136.5545, 35.0207], [136.5554, 35.0226], [136.5551, 35.0235], [136.5555, 35.024], [136.5552, 35.0245], [136.5553, 35.0246], [136.5548, 35.0257], [136.5552, 35.0261], [136.5558, 35.0264], [136.5564, 35.0275], [136.5565, 35.0288], [136.556, 35.0292], [136.5565, 35.0302], [136.557, 35.0301], [136.5573, 35.0308], [136.5575, 35.0309], [136.5578, 35.0321], [136.5586, 35.0333], [136.5591, 35.0363], [136.5544, 35.0369], [136.5507, 35.037], [136.5478, 35.0376], [136.5436, 35.038], [136.5409, 35.0381], [136.5341, 35.0379], [136.5345, 35.0387], [136.536, 35.0402], [136.5366, 35.0417], [136.5373, 35.0423], [136.5369, 35.0428], [136.5358, 35.0432], [136.5345, 35.0432], [136.5342, 35.0429], [136.5338, 35.0435], [136.5339, 35.0438], [136.5333, 35.0446], [136.5354, 35.0455], [136.5358, 35.0465], [136.5356, 35.0466], [136.5367, 35.0475], [136.5372, 35.0479], [136.5369, 35.0483], [136.5375, 35.0487], [136.5375, 35.0489], [136.5373, 35.0489], [136.5374, 35.0496], [136.5379, 35.0496], [136.5381, 35.0494], [136.5385, 35.0496], [136.5386, 35.0499], [136.5383, 35.0501], [136.5386, 35.0511], [136.5381, 35.051], [136.5381, 35.0512], [136.5389, 35.0514], [136.5392, 35.0519], [136.5393, 35.0524], [136.5376, 35.0526], [136.5408, 35.0578], [136.54, 35.0583], [136.5416, 35.0608], [136.5404, 35.0613], [136.541, 35.0623], [136.5407, 35.0633], [136.5396, 35.0635], [136.5374, 35.0646], [136.5371, 35.065], [136.5374, 35.0653], [136.5369, 35.0654], [136.5366, 35.0659], [136.536, 35.0663], [136.5356, 35.0669], [136.5357, 35.0671], [136.539, 35.0662], [136.5392, 35.0668], [136.5387, 35.0671], [136.5389, 35.0677], [136.5382, 35.07], [136.539, 35.0699], [136.5386, 35.0703]]]}, "properties": {"name": "三重県菰野町"}}, {"type": "Feature", "geometry": {"type": "Polygon", "coordinates": [[[136.6573, 35.025], [136.6575, 35.0257], [136.6599, 35.0275], [136.6606, 35.0282], [136.6644, 35.0295], [136.6669, 35.0298], [136.6698, 35.0287], [136.6716, 35.0278], [136.6727, 35.0281], [136.6732, 35.0286], [136.6738, 35.0283], [136.6742, 35.0288], [136.6745, 35.0287], [136.6758, 35.0309], [136.6759, 35.0305], [136.6764, 35.0302], [136.6778, 35.0313], [136.6785, 35.0323], [136.6789, 35.0327], [136.6793, 35.0323], [136.6794, 35.0324], [136.6789, 35.0332], [136.6794, 35.0337], [136.6794, 35.0339], [136.6779, 35.0352], [136.6772, 35.0366], [136.6769, 35.0369], [136.6773, 35.0371], [136.6772, 35.0377], [136.6767, 35.0381], [136.6765, 35.0386], [136.6765, 35.039], [136.6768, 35.0391], [136.677, 35.0389], [136.6775, 35.0391], [136.6778, 35.0386], [136.6779, 35.0386], [136.6781, 35.0384], [136.6779, 35.0383], [136.6786, 35.0372], [136.6783, 35.0371], [136.6788, 35.0366], [136.6791, 35.0366], [136.68, 35.0351], [136.6795, 35.0349], [136.6804, 35.0335], [136.6809, 35.0337], [136.6816, 35.0327], [136.6821, 35.0329], [136.6827, 35.032], [136.6833, 35.0323], [136.684, 35.0312], [136.6855, 35.0319], [136.6842, 35.0338], [136.6833, 35.0332], [136.6823, 35.0346], [136.6818, 35.0344], [136.6816, 35.0347], [136.6807, 35.0341], [136.68, 35.0352], [136.6805, 35.0355], [136.6797, 35.0366], [136.6801, 35.0368], [136.68, 35.037], [136.6806, 35.0373], [136.6811, 35.0366], [136.6815, 35.0368], [136.6818, 35.0364], [136.6813, 35.0362], [136.6816, 35.0358], [136.6821, 35.036], [136.6834, 35.034], [136.6839, 35.0343], [136.6842, 35.0338], [136.6859, 35.0346], [136.6827, 35.0368], [136.6802, 35.038], [136.6812, 35.039], [136.679, 35.0409], [136.6767, 35.0448], [136.6754, 35.0467], [136.6726, 35.0451], [136.671, 35.0456], [136.6711, 35.046], [136.6711, 35.0464], [136.6698, 35.0472], [136.6696, 35.0473], [136.6692, 35.047], [136.669, 35.0464], [136.668, 35.0459], [136.6671, 35.0464], [136.6666, 35.0464], [136.6658, 35.0467], [136.6646, 35.0475], [136.6638, 35.0476], [136.663, 35.0474], [136.6618, 35.0469], [136.6612, 35.0472], [136.6607, 35.0464], [136.6612, 35.0439], [136.6608, 35.0433], [136.6608, 35.0427], [136.6612, 35.0423], [136.6612, 35.0421], [136.6607, 35.0417], [136.6605, 35.0411], [136.6603, 35.0411], [136.6603, 35.0416], [136.66, 35.0419], [136.6593, 35.0417], [136.6583, 35.0427], [136.6576, 35.0426], [136.6567, 35.0427], [136.656, 35.0422], [136.6554, 35.0422], [136.6546, 35.0419], [136.6536, 35.0421], [136.6522, 35.0418], [136.6509, 35.0424], [136.6493, 35.0419], [136.6491, 35.042], [136.6479, 35.0415], [136.6475, 35.0417], [136.6473, 35.0425], [136.6469, 35.0427], [136.6458, 35.0421], [136.6455, 35.0429], [136.6447, 35.0434], [136.6435, 35.0433], [136.6427, 35.0429], [136.6418, 35.0431], [136.6419, 35.042], [136.6415, 35.041], [136.6422, 35.0405], [136.6421, 35.0401], [136.642, 35.0398], [136.6413, 35.0399], [136.6406, 35.0394], [136.6411, 35.0387], [136.6406, 35.037], [136.641, 35.0367], [136.6409, 35.036], [136.6411, 35.0352], [136.6415, 35.0348], [136.6413, 35.0346], [136.6419, 35.0333], [136.6421, 35.0332], [136.6424, 35.0333], [136.6428, 35.0331], [136.6432, 35.0332], [136.6433, 35.033], [136.6431, 35.0327], [136.6432, 35.0322], [136.6445, 35.0314], [136.644, 35.0308], [136.6448, 35.0293], [136.6456, 35.029], [136.6461, 35.0285], [136.6476, 35.0271], [136.6497, 35.0277], [136.6513, 35.0281], [136.6514, 35.028], [136.6523, 35.0284], [136.6531, 35.0279], [136.6521, 35.0274], [136.6531, 35.0269], [136.6534, 35.0265], [136.6529, 35.0266], [136.6529, 35.0261], [136.6546, 35.026], [136.6545, 35.0256], [136.656, 35.0249], [136.6573, 35.025]]]}, "properties": {"name": "三重県朝日町"}}, {"type": "Feature", "geometry": {"type": "Polygon", "coordinates": [[[136.6887, 35.0046], [136.6912, 35.0052], [136.6913, 35.0048], [136.691, 35.0047], [136.6911, 35.0045], [136.6916, 35.0046], [136.6913, 35.0053], [136.6941, 35.0059], [136.6942, 35.0051], [136.6956, 35.0054], [136.6952, 35.0061], [136.7, 35.0072], [136.6971, 35.0159], [136.6978, 35.0161], [136.6979, 35.0157], [136.6981, 35.0158], [136.698, 35.0161], [136.6988, 35.0163], [136.698, 35.0192], [136.7004, 35.0196], [136.699, 35.0213], [136.6988, 35.0219], [136.6969, 35.0261], [136.6951, 35.0283], [136.6928, 35.0306], [136.6919, 35.0318], [136.69, 35.0333], [136.6867, 35.0355], [136.6812, 35.039], [136.6802, 35.038], [136.6827, 35.0368], [136.6859, 35.0346], [136.6842, 35.0338], [136.6839, 35.0343], [136.6834, 35.034], [136.6821, 35.036], [136.6816, 35.0358], [136.6813, 35.0362], [136.6818, 35.0364], [136.6815, 35.0368], [136.6811, 35.0366], [136.6806, 35.0373], [136.68, 35.037], [136.6801, 35.0368], [136.6797, 35.0366], [136.6805, 35.0355], [136.68, 35.0352], [136.6807, 35.0341], [136.6816, 35.0347], [136.6818, 35.0344], [136.6823, 35.0346], [136.6833, 35.0332], [136.6842, 35.0338], [136.6855, 35.0319], [136.684, 35.0312], [136.6833, 35.0323], [136.6827, 35.032], [136.6821, 35.0329], [136.6816, 35.0327], [136.6809, 35.0337], [136.6804, 35.0335], [136.6795, 35.0349], [136.68, 35.0351], [136.6791, 35.0366], [136.6788, 35.0366], [136.6783, 35.0371], [136.6786, 35.0372], [136.6779, 35.0383], [136.6781, 35.0384], [136.6779, 35.0386], [136.6778, 35.0386], [136.6775, 35.0391], [136.677, 35.0389], [136.6768, 35.0391], [136.6765, 35.039], [136.6765, 35.0386], [136.6767, 35.0381], [136.6772, 35.0377], [136.6773, 35.0371], [136.6769, 35.0369], [136.6772, 35.0366], [136.6779, 35.0352], [136.6794, 35.0339], [136.6794, 35.0337], [136.6789, 35.0332], [136.6794, 35.0324], [136.6793, 35.0323], [136.6789, 35.0327], [136.6785, 35.0323], [136.6778, 35.0313], [136.6764, 35.0302], [136.6759, 35.0305], [136.6758, 35.0309], [136.6745, 35.0287], [136.6742, 35.0288], [136.6738, 35.0283], [136.6732, 35.0286], [136.6727, 35.0281], [136.6716, 35.0278], [136.6698, 35.0287], [136.6669, 35.0298], [136.6644, 35.0295], [136.6606, 35.0282], [136.6599, 35.0275], [136.6575, 35.0257], [136.6573, 35.025], [136.6591, 35.0245], [136.659, 35.0239], [136.6583, 35.0227], [136.6594, 35.0218], [136.6583, 35.021], [136.6577, 35.02], [136.6565, 35.019], [136.6553, 35.0199], [136.6537, 35.0186], [136.657, 35.0169], [136.6562, 35.0162], [136.6612, 35.0118], [136.6616, 35.0116], [136.6621, 35.0121], [136.6623, 35.012], [136.6647, 35.014], [136.6643, 35.0144], [136.6671, 35.0167], [136.6677, 35.0162], [136.6682, 35.0166], [136.6686, 35.0163], [136.67, 35.0176], [136.6728, 35.0151], [136.6728, 35.0148], [136.6727, 35.0147], [136.6739, 35.0123], [136.6717, 35.0119], [136.6721, 35.0107], [136.6714, 35.0105], [136.6738, 35.0063], [136.6751, 35.0069], [136.6756, 35.0086], [136.6759, 35.0086], [136.6755, 35.0068], [136.6757, 35.0068], [136.6763, 35.0093], [136.6776, 35.0089], [136.6792, 35.0088], [136.68, 35.0088], [136.6805, 35.009], [136.6803, 35.0103], [136.6787, 35.0137], [136.6793, 35.0143], [136.682, 35.0103], [136.6841, 35.0083], [136.6847, 35.008], [136.6859, 35.004], [136.6887, 35.0046]]]}, "properties": {"name": "三重県川越町"}}, {"type": "Feature", "geometry": {"type": "Polygon", "coordinates": [[[136.4074, 34.4175], [136.409, 34.4164], [136.4098, 34.4164], [136.4117, 34.4154], [136.4127, 34.4166], [136.4132, 34.4169], [136.4149, 34.417], [136.4163, 34.4176], [136.4171, 34.4171], [136.4176, 34.4171], [136.4184, 34.4179], [136.4182, 34.4188], [136.4188, 34.4194], [136.4204, 34.4189], [136.4213, 34.419], [136.4225, 34.4186], [136.4234, 34.4185], [136.4246, 34.4193], [136.425, 34.419], [136.4259, 34.4176], [136.4264, 34.4172], [136.4281, 34.417], [136.4288, 34.4161], [136.4298, 34.4159], [136.4306, 34.416], [136.4323, 34.4153], [136.433, 34.4154], [136.4333, 34.4156], [136.4334, 34.416], [136.4339, 34.4166], [136.4351, 34.417], [136.4357, 34.4171], [136.436, 34.417], [136.4373, 34.4179], [136.4403, 34.4179], [136.4412, 34.4184], [136.4432, 34.419], [136.4445, 34.4196], [136.4465, 34.4201], [136.4483, 34.4196], [136.4498, 34.4202], [136.4503, 34.4206], [136.4509, 34.4205], [136.4517, 34.4207], [136.4522, 34.4204], [136.4525, 34.4204], [136.4539, 34.4212], [136.4542, 34.4218], [136.4557, 34.4226], [136.4562, 34.4233], [136.4567, 34.4233], [136.4581, 34.4237], [136.4589, 34.4252], [136.4617, 34.426], [136.4621, 34.4262], [136.4628, 34.4262], [136.4641, 34.4271], [136.4669, 34.4278], [136.4662, 34.4302], [136.4651, 34.4323], [136.4652, 34.4329], [136.4657, 34.4332], [136.4664, 34.4334], [136.4668, 34.4337], [136.4671, 34.4346], [136.4677, 34.4352], [136.4681, 34.4352], [136.4691, 34.4358], [136.4701, 34.4354], [136.4712, 34.4353], [136.4716, 34.4349], [136.4733, 34.4345], [136.4747, 34.4347], [136.4758, 34.4347], [136.4767, 34.435], [136.4773, 34.4349], [136.4779, 34.4353], [136.4788, 34.4353], [136.4793, 34.4356], [136.4803, 34.4357], [136.4818, 34.4361], [136.4827, 34.4358], [136.4834, 34.4362], [136.4846, 34.4362], [136.4851, 34.4365], [136.4857, 34.4365], [136.486, 34.4368], [136.4884, 34.4381], [136.4892, 34.4383], [136.4913, 34.4382], [136.4924, 34.4384], [136.4925, 34.4388], [136.4938, 34.4391], [136.4947, 34.4394], [136.4955, 34.4394], [136.4962, 34.4397], [136.4964, 34.4397], [136.4961, 34.4404], [136.4965, 34.4415], [136.495, 34.4431], [136.495, 34.4449], [136.4953, 34.4453], [136.4966, 34.4456], [136.4971, 34.4461], [136.4981, 34.4464], [136.5002, 34.4474], [136.5007, 34.4472], [136.5013, 34.4475], [136.5026, 34.4472], [136.5034, 34.4472], [136.504, 34.4475], [136.5043, 34.4481], [136.5047, 34.4485], [136.5054, 34.4483], [136.5056, 34.449], [136.507, 34.4486], [136.5075, 34.4487], [136.5082, 34.4499], [136.5073, 34.4501], [136.507, 34.45], [136.5076, 34.4511], [136.5073, 34.4524], [136.5067, 34.4525], [136.5064, 34.4533], [136.5057, 34.454], [136.5059, 34.4545], [136.5064, 34.4547], [136.5072, 34.4545], [136.5076, 34.4551], [136.5085, 34.4551], [136.5086, 34.4547], [136.5094, 34.4542], [136.5105, 34.453], [136.5106, 34.4524], [136.5111, 34.4518], [136.5124, 34.4524], [136.5132, 34.4526], [136.5144, 34.4524], [136.5155, 34.4526], [136.516, 34.4534], [136.5166, 34.4536], [136.5177, 34.4546], [136.5193, 34.4554], [136.5198, 34.4552], [136.5209, 34.4551], [136.5218, 34.4554], [136.5233, 34.4547], [136.5253, 34.4549], [136.5258, 34.4546], [136.526, 34.4542], [136.5292, 34.4548], [136.5297, 34.4548], [136.5301, 34.4554], [136.5309, 34.4557], [136.5333, 34.4558], [136.5351, 34.4565], [136.536, 34.4566], [136.5365, 34.4568], [136.5368, 34.4573], [136.5369, 34.4584], [136.538, 34.4595], [136.5391, 34.4595], [136.54, 34.4587], [136.5409, 34.4584], [136.5424, 34.4573], [136.543, 34.4572], [136.5436, 34.4573], [136.5445, 34.4581], [136.5454, 34.4584], [136.5464, 34.4593], [136.5471, 34.4595], [136.5481, 34.4586], [136.5491, 34.4565], [136.549, 34.4563], [136.5481, 34.4559], [136.5469, 34.455], [136.5466, 34.4538], [136.5468, 34.4529], [136.547, 34.4527], [136.5481, 34.4527], [136.5482, 34.4518], [136.5493, 34.4512], [136.5497, 34.4505], [136.5499, 34.4497], [136.5507, 34.4494], [136.5516, 34.4503], [136.5519, 34.4503], [136.5526, 34.4499], [136.5528, 34.4497], [136.5529, 34.4498], [136.5533, 34.4506], [136.554, 34.4513], [136.5568, 34.451], [136.559, 34.451], [136.5602, 34.4514], [136.5604, 34.4522], [136.5609, 34.4524], [136.5641, 34.4518], [136.5647, 34.4521], [136.5664, 34.4523], [136.5671, 34.4521], [136.5679, 34.4523], [136.5691, 34.452], [136.5705, 34.4521], [136.5719, 34.4518], [136.573, 34.4518], [136.576, 34.4513], [136.5767, 34.4515], [136.5784, 34.4514], [136.579, 34.4517], [136.5789, 34.4523], [136.5789, 34.4538], [136.5794, 34.4553], [136.5781, 34.4569], [136.5786, 34.4576], [136.5788, 34.4596], [136.5792, 34.4601], [136.5792, 34.4607], [136.5796, 34.4616], [136.5804, 34.4622], [136.5809, 34.4632], [136.5814, 34.4633], [136.582, 34.4637], [136.5824, 34.4646], [136.5829, 34.4649], [136.5835, 34.4658], [136.5839, 34.4667], [136.5832, 34.4678], [136.5823, 34.4684], [136.5817, 34.469], [136.5814, 34.4713], [136.5815, 34.4717], [136.5811, 34.4733], [136.5811, 34.4745], [136.5801, 34.4772], [136.58, 34.479], [136.5793, 34.4806], [136.5804, 34.4808], [136.5809, 34.481], [136.5813, 34.4809], [136.5819, 34.481], [136.5828, 34.4805], [136.5821, 34.4853], [136.5823, 34.4855], [136.583, 34.4854], [136.5837, 34.4872], [136.584, 34.488], [136.5833, 34.4882], [136.5832, 34.4883], [136.5876, 34.4919], [136.5883, 34.4923], [136.5891, 34.4921], [136.5894, 34.4927], [136.5904, 34.4925], [136.5911, 34.4942], [136.5925, 34.4939], [136.5931, 34.4956], [136.5942, 34.4963], [136.5947, 34.4963], [136.597, 34.4958], [136.5978, 34.4975], [136.5977, 34.4981], [136.5979, 34.4984], [136.5993, 34.4986], [136.6015, 34.4985], [136.6018, 34.4987], [136.6019, 34.4993], [136.6016, 34.4996], [136.6002, 34.5005], [136.5992, 34.5007], [136.5992, 34.501], [136.5995, 34.5013], [136.5987, 34.5022], [136.5983, 34.5029], [136.5984, 34.5033], [136.599, 34.503], [136.5995, 34.5032], [136.5998, 34.5025], [136.6007, 34.5017], [136.601, 34.5014], [136.602, 34.5012], [136.6021, 34.5023], [136.6008, 34.5034], [136.6008, 34.5038], [136.6004, 34.5041], [136.6005, 34.5043], [136.6, 34.5058], [136.5993, 34.5068], [136.598, 34.5061], [136.5974, 34.506], [136.597, 34.5062], [136.5965, 34.5068], [136.5958, 34.5068], [136.595, 34.5077], [136.5946, 34.5076], [136.594, 34.5078], [136.5927, 34.5071], [136.5923, 34.5059], [136.5918, 34.5056], [136.5904, 34.5065], [136.5901, 34.5073], [136.5892, 34.5075], [136.5886, 34.5081], [136.5876, 34.5101], [136.588, 34.5104], [136.5883, 34.5112], [136.5888, 34.5114], [136.589, 34.5124], [136.5901, 34.5123], [136.5905, 34.5119], [136.5912, 34.5122], [136.5911, 34.5135], [136.5915, 34.5144], [136.5909, 34.5155], [136.5911, 34.5158], [136.5918, 34.5161], [136.5914, 34.5169], [136.5917, 34.5178], [136.5914, 34.5183], [136.5914, 34.5187], [136.5912, 34.5194], [136.5908, 34.5198], [136.5911, 34.5204], [136.5905, 34.521], [136.5897, 34.5208], [136.5896, 34.5213], [136.5891, 34.5218], [136.5882, 34.5216], [136.5882, 34.5235], [136.5858, 34.5226], [136.5841, 34.5236], [136.5836, 34.5236], [136.5823, 34.523], [136.5815, 34.5228], [136.5807, 34.5228], [136.5797, 34.5232], [136.5786, 34.5233], [136.5745, 34.5226], [136.5717, 34.5226], [136.5655, 34.5215], [136.5638, 34.5205], [136.5605, 34.5174], [136.5575, 34.5151], [136.5544, 34.5129], [136.5532, 34.5127], [136.5508, 34.5126], [136.5482, 34.5119], [136.5472, 34.5109], [136.5455, 34.508], [136.5451, 34.5076], [136.5434, 34.5068], [136.538, 34.5054], [136.5332, 34.5058], [136.5307, 34.5055], [136.5286, 34.5048], [136.5257, 34.5045], [136.5242, 34.5045], [136.5229, 34.5047], [136.518, 34.5059], [136.5173, 34.5057], [136.5162, 34.505], [136.5126, 34.502], [136.5078, 34.5002], [136.5059, 34.4996], [136.5042, 34.4995], [136.5014, 34.4997], [136.5004, 34.5], [136.4997, 34.5005], [136.4986, 34.5038], [136.4972, 34.5068], [136.497, 34.5083], [136.4967, 34.5087], [136.4959, 34.509], [136.4935, 34.5084], [136.4916, 34.5083], [136.4908, 34.5079], [136.4902, 34.5071], [136.4882, 34.5034], [136.4879, 34.5024], [136.487, 34.5015], [136.4855, 34.5007], [136.483, 34.5007], [136.479, 34.5001], [136.478, 34.4996], [136.4776, 34.4989], [136.4777, 34.4978], [136.4781, 34.4969], [136.4791, 34.4959], [136.4813, 34.4943], [136.482, 34.4942], [136.4829, 34.4945], [136.4856, 34.4943], [136.4867, 34.4939], [136.4878, 34.4932], [136.4885, 34.4931], [136.49, 34.4936], [136.4919, 34.4937], [136.4928, 34.4935], [136.494, 34.4927], [136.494, 34.4919], [136.4935, 34.4907], [136.4914, 34.4898], [136.4894, 34.4884], [136.4884, 34.4879], [136.4873, 34.4876], [136.4841, 34.4873], [136.483, 34.4867], [136.4813, 34.4851], [136.4793, 34.4853], [136.4787, 34.4852], [136.4779, 34.4856], [136.4772, 34.4854], [136.476, 34.4854], [136.4754, 34.4855], [136.4737, 34.4855], [136.473, 34.486], [136.4725, 34.4867], [136.4718, 34.4867], [136.4713, 34.4865], [136.4706, 34.4868], [136.4699, 34.4867], [136.4695, 34.4863], [136.4684, 34.4864], [136.4679, 34.4861], [136.467, 34.4863], [136.4665, 34.4861], [136.4655, 34.4862], [136.465, 34.4864], [136.4644, 34.4863], [136.4632, 34.4854], [136.4619, 34.4858], [136.4606, 34.4866], [136.4593, 34.4867], [136.459, 34.4873], [136.4584, 34.4877], [136.4567, 34.4875], [136.4563, 34.4874], [136.4549, 34.4862], [136.4541, 34.485], [136.4531, 34.4849], [136.4522, 34.4842], [136.449, 34.48], [136.4477, 34.4769], [136.4467, 34.4767], [136.4447, 34.4768], [136.4412, 34.4783], [136.4407, 34.4784], [136.4399, 34.4792], [136.4377, 34.4808], [136.4376, 34.4811], [136.435, 34.4827], [136.4332, 34.4833], [136.4314, 34.4832], [136.4296, 34.4835], [136.429, 34.4832], [136.4279, 34.4818], [136.4278, 34.4804], [136.4284, 34.4799], [136.4284, 34.4796], [136.4281, 34.4792], [136.4272, 34.4786], [136.4233, 34.4772], [136.4219, 34.4766], [136.4197, 34.4763], [136.4183, 34.4763], [136.4146, 34.4754], [136.4135, 34.4753], [136.4128, 34.4749], [136.4107, 34.4744], [136.4096, 34.4744], [136.4069, 34.473], [136.406, 34.4728], [136.4054, 34.472], [136.4047, 34.4717], [136.4032, 34.4714], [136.4016, 34.4713], [136.3999, 34.4707], [136.4001, 34.4703], [136.4013, 34.4689], [136.4027, 34.4695], [136.4029, 34.4689], [136.4041, 34.469], [136.4049, 34.4681], [136.4054, 34.4681], [136.406, 34.4679], [136.4069, 34.4679], [136.4078, 34.4678], [136.4086, 34.4679], [136.4103, 34.4688], [136.4111, 34.4688], [136.4121, 34.4684], [136.4128, 34.4678], [136.4141, 34.4677], [136.4153, 34.4671], [136.416, 34.4674], [136.417, 34.4666], [136.4176, 34.4663], [136.4179, 34.4664], [136.4189, 34.4662], [136.4203, 34.4658], [136.421, 34.4653], [136.4206, 34.4646], [136.4205, 34.4639], [136.4211, 34.4631], [136.421, 34.4614], [136.4201, 34.4608], [136.4199, 34.4603], [136.4192, 34.46], [136.4186, 34.4595], [136.419, 34.4581], [136.4185, 34.4564], [136.4189, 34.4556], [136.4187, 34.4548], [136.4188, 34.4541], [136.4186, 34.4524], [136.4182, 34.4516], [136.4187, 34.4513], [136.4203, 34.4478], [136.4205, 34.4467], [136.4211, 34.4456], [136.4219, 34.4449], [136.4223, 34.4442], [136.4224, 34.4438], [136.4227, 34.4433], [136.4227, 34.4425], [136.4229, 34.4417], [136.4222, 34.4412], [136.4203, 34.4408], [136.4189, 34.4402], [136.4182, 34.4396], [136.4172, 34.4395], [136.4166, 34.4391], [136.4163, 34.4386], [136.4155, 34.4382], [136.4156, 34.4373], [136.4151, 34.4362], [136.4147, 34.436], [136.4136, 34.4351], [136.4124, 34.4337], [136.4119, 34.4334], [136.4119, 34.4331], [136.411, 34.4319], [136.4101, 34.4314], [136.4098, 34.4309], [136.4101, 34.4301], [136.4101, 34.4297], [136.4089, 34.4282], [136.4085, 34.4273], [136.4079, 34.4267], [136.4082, 34.4247], [136.4081, 34.424], [136.4077, 34.4237], [136.4079, 34.4229], [136.4078, 34.4225], [136.4085, 34.4221], [136.4092, 34.4209], [136.4093, 34.42], [136.4088, 34.4192], [136.4081, 34.4188], [136.4074, 34.4175]]]}, "properties": {"name": "三重県多気町"}}, {"type": "Feature", "geometry": {"type": "Polygon", "coordinates": [[[136.6579, 34.5208], [136.6578, 34.5205], [136.6601, 34.521], [136.6604, 34.5205], [136.6612, 34.5212], [136.6605, 34.5218], [136.6614, 34.5224], [136.659, 34.5237], [136.6609, 34.5274], [136.6599, 34.5278], [136.6605, 34.5286], [136.6517, 34.5347], [136.6498, 34.5349], [136.6497, 34.5348], [136.647, 34.5357], [136.6469, 34.536], [136.6453, 34.5362], [136.6453, 34.5367], [136.6455, 34.5394], [136.6461, 34.5406], [136.646, 34.5408], [136.6474, 34.5443], [136.6466, 34.5444], [136.6474, 34.5458], [136.648, 34.5461], [136.6493, 34.5465], [136.6497, 34.5465], [136.6508, 34.5484], [136.6517, 34.5491], [136.6568, 34.551], [136.6582, 34.5513], [136.6587, 34.5517], [136.6579, 34.5531], [136.6578, 34.5538], [136.6572, 34.5541], [136.6567, 34.5545], [136.656, 34.5565], [136.6559, 34.5574], [136.6561, 34.5579], [136.6572, 34.5592], [136.6588, 34.5601], [136.6596, 34.5609], [136.6596, 34.5613], [136.6593, 34.5618], [136.6585, 34.5616], [136.6574, 34.5627], [136.657, 34.5634], [136.6584, 34.5648], [136.6588, 34.5645], [136.6595, 34.565], [136.6591, 34.5655], [136.66, 34.5665], [136.6605, 34.567], [136.6582, 34.57], [136.6541, 34.5768], [136.6521, 34.5806], [136.649, 34.5874], [136.6485, 34.5882], [136.6475, 34.589], [136.6445, 34.5908], [136.6403, 34.5928], [136.6384, 34.5933], [136.6364, 34.5937], [136.6346, 34.5943], [136.6323, 34.5955], [136.6301, 34.5969], [136.6232, 34.5992], [136.6191, 34.6001], [136.6069, 34.6006], [136.604, 34.601], [136.604, 34.6008], [136.6037, 34.5993], [136.6048, 34.5991], [136.6045, 34.5982], [136.6073, 34.5974], [136.6069, 34.5964], [136.6054, 34.5953], [136.6052, 34.5947], [136.606, 34.5944], [136.6059, 34.5943], [136.6086, 34.5936], [136.6099, 34.5935], [136.6098, 34.5931], [136.6121, 34.5929], [136.6143, 34.593], [136.6142, 34.5915], [136.6148, 34.5889], [136.6131, 34.5888], [136.6131, 34.5884], [136.6125, 34.5876], [136.6117, 34.5875], [136.611, 34.5868], [136.6112, 34.5859], [136.6107, 34.585], [136.611, 34.5831], [136.6112, 34.5829], [136.6103, 34.581], [136.61, 34.5811], [136.61, 34.5813], [136.6087, 34.5812], [136.609, 34.5806], [136.6082, 34.5802], [136.6078, 34.5797], [136.6078, 34.5791], [136.6081, 34.5786], [136.6077, 34.5783], [136.6092, 34.5772], [136.609, 34.5767], [136.6097, 34.5749], [136.6093, 34.5735], [136.6083, 34.5717], [136.6084, 34.5707], [136.6087, 34.5702], [136.6092, 34.5696], [136.6101, 34.5691], [136.611, 34.5689], [136.6104, 34.5705], [136.6136, 34.5704], [136.6135, 34.5694], [136.616, 34.5695], [136.6164, 34.5689], [136.6165, 34.5664], [136.6166, 34.5661], [136.6169, 34.566], [136.6163, 34.5649], [136.6164, 34.563], [136.6166, 34.5624], [136.6146, 34.562], [136.6139, 34.5621], [136.6131, 34.5632], [136.6127, 34.5626], [136.6115, 34.5623], [136.6109, 34.5618], [136.6106, 34.5618], [136.61, 34.5612], [136.6092, 34.5611], [136.609, 34.5608], [136.6088, 34.56], [136.6085, 34.5598], [136.6089, 34.5593], [136.6082, 34.5588], [136.6075, 34.5567], [136.6077, 34.5555], [136.607, 34.5544], [136.6072, 34.5544], [136.6072, 34.5534], [136.6077, 34.5522], [136.6077, 34.5506], [136.6074, 34.5503], [136.6072, 34.5495], [136.6068, 34.5496], [136.6051, 34.5451], [136.6042, 34.5453], [136.6035, 34.5438], [136.6027, 34.5427], [136.6024, 34.542], [136.6016, 34.5409], [136.6011, 34.5395], [136.603, 34.5386], [136.6013, 34.5365], [136.6006, 34.5364], [136.6004, 34.5361], [136.5997, 34.5365], [136.599, 34.5363], [136.5975, 34.5352], [136.5974, 34.5347], [136.598, 34.5334], [136.5983, 34.5318], [136.598, 34.5313], [136.5966, 34.5306], [136.5962, 34.5278], [136.5951, 34.5272], [136.593, 34.527], [136.5898, 34.5263], [136.5893, 34.526], [136.5889, 34.5255], [136.5888, 34.5247], [136.5882, 34.5235], [136.5882, 34.5216], [136.5891, 34.5218], [136.5896, 34.5213], [136.5897, 34.5208], [136.5905, 34.521], [136.5911, 34.5204], [136.5908, 34.5198], [136.5912, 34.5194], [136.5914, 34.5187], [136.5914, 34.5183], [136.5917, 34.5178], [136.5914, 34.5169], [136.5918, 34.5161], [136.5911, 34.5158], [136.5909, 34.5155], [136.5915, 34.5144], [136.5911, 34.5135], [136.5912, 34.5122], [136.5905, 34.5119], [136.5901, 34.5123], [136.589, 34.5124], [136.5888, 34.5114], [136.5883, 34.5112], [136.588, 34.5104], [136.5876, 34.5101], [136.5886, 34.5081], [136.5892, 34.5075], [136.5901, 34.5073], [136.5904, 34.5065], [136.5918, 34.5056], [136.5923, 34.5059], [136.5927, 34.5071], [136.594, 34.5078], [136.5946, 34.5076], [136.595, 34.5077], [136.5958, 34.5068], [136.5965, 34.5068], [136.597, 34.5062], [136.5974, 34.506], [136.598, 34.5061], [136.5993, 34.5068], [136.6, 34.5058], [136.6003, 34.5057], [136.6006, 34.5058], [136.6004, 34.5056], [136.6005, 34.5053], [136.6012, 34.5048], [136.6013, 34.504], [136.6019, 34.5035], [136.6022, 34.505], [136.6025, 34.5051], [136.6029, 34.5051], [136.6031, 34.5048], [136.6044, 34.5051], [136.6047, 34.505], [136.6056, 34.505], [136.6066, 34.5042], [136.6092, 34.5059], [136.6096, 34.5064], [136.6101, 34.5065], [136.6105, 34.5063], [136.6107, 34.5065], [136.6108, 34.5062], [136.6113, 34.5058], [136.6111, 34.5062], [136.6113, 34.5065], [136.6119, 34.5065], [136.6122, 34.5063], [136.6129, 34.5064], [136.6127, 34.5067], [136.6115, 34.5071], [136.6115, 34.5074], [136.6126, 34.5074], [136.6128, 34.5076], [136.6126, 34.5079], [136.6118, 34.508], [136.6113, 34.5085], [136.6114, 34.5091], [136.612, 34.5094], [136.6146, 34.5092], [136.6155, 34.5107], [136.6152, 34.512], [136.6149, 34.5124], [136.615, 34.5129], [136.6143, 34.5138], [136.6136, 34.5141], [136.6123, 34.5141], [136.6139, 34.515], [136.6135, 34.5152], [136.6136, 34.5159], [136.6132, 34.5166], [136.6138, 34.5172], [136.6139, 34.5178], [136.6157, 34.5177], [136.6165, 34.518], [136.6174, 34.5179], [136.6179, 34.5174], [136.6217, 34.5164], [136.622, 34.5163], [136.622, 34.5165], [136.6223, 34.5165], [136.6228, 34.5159], [136.6232, 34.5161], [136.6239, 34.5161], [136.6247, 34.5159], [136.6247, 34.5158], [136.6268, 34.516], [136.6266, 34.5169], [136.6314, 34.5175], [136.6314, 34.5171], [136.6339, 34.5173], [136.6341, 34.5177], [136.6345, 34.5177], [136.6346, 34.518], [136.6348, 34.518], [136.6362, 34.5179], [136.6362, 34.5177], [136.637, 34.5176], [136.6374, 34.5172], [136.6376, 34.5174], [136.6386, 34.5171], [136.6391, 34.5181], [136.6411, 34.5197], [136.6457, 34.5191], [136.6452, 34.5188], [136.645, 34.5183], [136.6455, 34.5182], [136.6462, 34.517], [136.6473, 34.5168], [136.6477, 34.5163], [136.648, 34.5158], [136.6483, 34.5163], [136.6481, 34.5165], [136.6485, 34.5167], [136.648, 34.5166], [136.6477, 34.5169], [136.6473, 34.5172], [136.6467, 34.5185], [136.6467, 34.519], [136.6466, 34.5191], [136.6468, 34.5205], [136.6467, 34.5217], [136.6474, 34.5222], [136.6474, 34.523], [136.6482, 34.5231], [136.6495, 34.5225], [136.6499, 34.522], [136.6502, 34.522], [136.6501, 34.5227], [136.6505, 34.5239], [136.6513, 34.5238], [136.6513, 34.5234], [136.6508, 34.522], [136.6505, 34.522], [136.6504, 34.5207], [136.6511, 34.5209], [136.6511, 34.5198], [136.6516, 34.5183], [136.6519, 34.5184], [136.6526, 34.5186], [136.653, 34.5191], [136.6534, 34.5192], [136.6542, 34.5202], [136.6539, 34.5209], [136.6543, 34.5215], [136.6542, 34.5225], [136.654, 34.5227], [136.6535, 34.5222], [136.653, 34.5225], [136.6537, 34.5227], [136.6541, 34.5235], [136.6544, 34.5237], [136.6544, 34.5239], [136.6546, 34.524], [136.655, 34.5238], [136.6547, 34.5232], [136.6552, 34.5235], [136.657, 34.5233], [136.6575, 34.5244], [136.658, 34.5242], [136.6579, 34.5241], [136.6582, 34.5236], [136.6585, 34.5233], [136.6578, 34.5225], [136.6574, 34.5218], [136.6574, 34.5214], [136.6579, 34.5208]]]}, "properties": {"name": "三重県明和町"}}, {"type": "Feature", "geometry": {"type": "Polygon", "coordinates": [[[136.1296, 34.3162], [136.1284, 34.3151], [136.1259, 34.314], [136.1244, 34.3122], [136.123, 34.3111], [136.1221, 34.3102], [136.1192, 34.3105], [136.1162, 34.3095], [136.1157, 34.309], [136.1149, 34.3087], [136.1131, 34.3064], [136.1122, 34.306], [136.1118, 34.3051], [136.1109, 34.3051], [136.1101, 34.3053], [136.1094, 34.3049], [136.1081, 34.3046], [136.1073, 34.3049], [136.1066, 34.3047], [136.1062, 34.305], [136.1045, 34.3055], [136.1026, 34.3056], [136.1018, 34.3054], [136.1002, 34.3054], [136.0979, 34.3037], [136.0961, 34.3031], [136.0952, 34.3021], [136.0949, 34.3014], [136.095, 34.3011], [136.0957, 34.3], [136.0955, 34.2993], [136.0957, 34.298], [136.0961, 34.2972], [136.0961, 34.2953], [136.0958, 34.2947], [136.096, 34.2937], [136.0969, 34.2931], [136.0975, 34.2915], [136.0981, 34.2908], [136.0976, 34.29], [136.0978, 34.2887], [136.1002, 34.2881], [136.1014, 34.2862], [136.1036, 34.2851], [136.1047, 34.2837], [136.1056, 34.2829], [136.1067, 34.2826], [136.1075, 34.2821], [136.1077, 34.2817], [136.1088, 34.2815], [136.1097, 34.2812], [136.1101, 34.2809], [136.1117, 34.2809], [136.1122, 34.2801], [136.1133, 34.2787], [136.1134, 34.2776], [136.1145, 34.2763], [136.1148, 34.2748], [136.1153, 34.2741], [136.1166, 34.2739], [136.1166, 34.2733], [136.1169, 34.2728], [136.1168, 34.2724], [136.1171, 34.272], [136.1169, 34.2715], [136.1171, 34.2711], [136.1191, 34.27], [136.12, 34.2702], [136.1203, 34.2696], [136.1207, 34.2694], [136.1205, 34.2686], [136.1207, 34.2682], [136.1213, 34.268], [136.1218, 34.2671], [136.1212, 34.2664], [136.1196, 34.266], [136.1188, 34.2654], [136.1188, 34.265], [136.1184, 34.2646], [136.1185, 34.2638], [136.1183, 34.2633], [136.119, 34.2624], [136.1188, 34.2618], [136.1179, 34.2604], [136.1193, 34.2602], [136.1204, 34.2603], [136.1223, 34.2592], [136.1227, 34.2585], [136.1239, 34.2582], [136.1255, 34.2582], [136.1262, 34.2573], [136.1268, 34.257], [136.1276, 34.2567], [136.1278, 34.2565], [136.1279, 34.2549], [136.1281, 34.2545], [136.1283, 34.2538], [136.1297, 34.2534], [136.1308, 34.2523], [136.1314, 34.252], [136.1309, 34.2516], [136.1309, 34.2513], [136.1306, 34.251], [136.1295, 34.2503], [136.1293, 34.25], [136.1294, 34.2495], [136.1293, 34.2486], [136.1299, 34.2483], [136.1302, 34.2478], [136.1302, 34.247], [136.1307, 34.2468], [136.1305, 34.2461], [136.1306, 34.2458], [136.1303, 34.2454], [136.1305, 34.2443], [136.1301, 34.2431], [136.1292, 34.243], [136.126, 34.2417], [136.1246, 34.2413], [136.1241, 34.2408], [136.1225, 34.2398], [136.1217, 34.2384], [136.1212, 34.2371], [136.1201, 34.2366], [136.1195, 34.2359], [136.119, 34.2355], [136.1189, 34.235], [136.1183, 34.2348], [136.1174, 34.2339], [136.1173, 34.233], [136.1163, 34.2315], [136.1166, 34.2305], [136.1158, 34.2297], [136.1149, 34.2296], [136.1137, 34.2289], [136.1119, 34.2293], [136.1105, 34.2293], [136.1102, 34.2292], [136.1102, 34.2288], [136.1097, 34.2282], [136.1101, 34.228], [136.1105, 34.2273], [136.1099, 34.2264], [136.1098, 34.2253], [136.1095, 34.2245], [136.1096, 34.2242], [136.1107, 34.2239], [136.1115, 34.2241], [136.1118, 34.2243], [136.1124, 34.2245], [136.1127, 34.2243], [136.1133, 34.2243], [136.1138, 34.2238], [136.1152, 34.2233], [136.1166, 34.2234], [136.1172, 34.2231], [136.1162, 34.2197], [136.1163, 34.2194], [136.1169, 34.2192], [136.1166, 34.2182], [136.117, 34.2181], [136.1172, 34.217], [136.1178, 34.2161], [136.1186, 34.2155], [136.1182, 34.2151], [136.1182, 34.2143], [136.1171, 34.214], [136.1169, 34.2128], [136.1164, 34.2122], [136.1164, 34.212], [136.115, 34.2108], [136.1142, 34.2108], [136.1131, 34.2105], [136.1121, 34.2107], [136.1113, 34.2112], [136.111, 34.2111], [136.1104, 34.2114], [136.1096, 34.2113], [136.1082, 34.2108], [136.1072, 34.2095], [136.1074, 34.209], [136.1072, 34.208], [136.1075, 34.2076], [136.106, 34.2063], [136.1048, 34.2065], [136.1038, 34.2062], [136.1033, 34.2056], [136.1022, 34.2051], [136.1019, 34.2047], [136.1011, 34.2036], [136.1002, 34.2035], [136.0994, 34.2031], [136.0975, 34.2026], [136.0969, 34.2008], [136.0966, 34.2004], [136.0967, 34.1993], [136.0964, 34.1985], [136.0948, 34.1967], [136.0937, 34.1962], [136.0932, 34.1957], [136.0936, 34.1953], [136.0936, 34.1941], [136.0941, 34.1934], [136.0935, 34.1926], [136.0934, 34.1917], [136.0928, 34.1908], [136.0926, 34.1902], [136.0943, 34.1898], [136.0948, 34.1894], [136.095, 34.1886], [136.0962, 34.1875], [136.0974, 34.1874], [136.0987, 34.1866], [136.1, 34.1863], [136.1007, 34.1862], [136.1024, 34.1865], [136.1046, 34.1859], [136.106, 34.1853], [136.107, 34.185], [136.1076, 34.1851], [136.1081, 34.1849], [136.1091, 34.185], [136.1091, 34.1846], [136.1088, 34.1839], [136.1091, 34.1831], [136.1084, 34.1821], [136.1088, 34.181], [136.1077, 34.18], [136.1069, 34.1774], [136.107, 34.1752], [136.1064, 34.1751], [136.1056, 34.1753], [136.1048, 34.1738], [136.1049, 34.173], [136.1051, 34.1721], [136.1057, 34.1714], [136.1073, 34.1706], [136.1084, 34.1693], [136.11, 34.1685], [136.1102, 34.1679], [136.1121, 34.1675], [136.1139, 34.1668], [136.1155, 34.167], [136.1181, 34.1668], [136.1204, 34.1656], [136.1218, 34.1684], [136.1228, 34.1683], [136.1242, 34.1688], [136.128, 34.1694], [136.1287, 34.1665], [136.1293, 34.1655], [136.1309, 34.1654], [136.1321, 34.1647], [136.1341, 34.1653], [136.1354, 34.1652], [136.1361, 34.1659], [136.1365, 34.1668], [136.1383, 34.1677], [136.1398, 34.1679], [136.1419, 34.1667], [136.1423, 34.1677], [136.1433, 34.169], [136.1451, 34.1696], [136.1456, 34.1701], [136.1465, 34.1707], [136.147, 34.1706], [136.1467, 34.1715], [136.1462, 34.1721], [136.1461, 34.1725], [136.1462, 34.173], [136.1466, 34.1735], [136.1463, 34.1745], [136.1461, 34.1746], [136.1463, 34.1754], [136.1464, 34.1771], [136.1477, 34.1779], [136.1491, 34.179], [136.1487, 34.1799], [136.1501, 34.1827], [136.1501, 34.1833], [136.1509, 34.1841], [136.152, 34.1846], [136.1525, 34.1856], [136.1532, 34.1862], [136.1543, 34.1852], [136.155, 34.185], [136.157, 34.1847], [136.1589, 34.1848], [136.1613, 34.1863], [136.1634, 34.1864], [136.1665, 34.1875], [136.1673, 34.1874], [136.1679, 34.1876], [136.1688, 34.1876], [136.1699, 34.1878], [136.1711, 34.1877], [136.1721, 34.1881], [136.1729, 34.1882], [136.1734, 34.189], [136.1741, 34.1892], [136.1752, 34.1901], [136.1757, 34.1902], [136.1762, 34.1899], [136.1766, 34.1898], [136.1815, 34.1909], [136.1822, 34.1909], [136.1829, 34.1904], [136.1838, 34.1907], [136.1846, 34.1906], [136.1857, 34.1911], [136.1865, 34.1909], [136.1874, 34.1925], [136.1883, 34.1934], [136.19, 34.1935], [136.1909, 34.1937], [136.1916, 34.1935], [136.1924, 34.1938], [136.1922, 34.1946], [136.1924, 34.1955], [136.1913, 34.196], [136.1909, 34.1967], [136.1913, 34.1982], [136.1904, 34.1983], [136.1897, 34.1996], [136.1899, 34.2002], [136.1898, 34.2019], [136.1903, 34.2025], [136.1901, 34.2031], [136.1896, 34.2037], [136.1896, 34.2045], [136.1898, 34.2051], [136.1896, 34.2058], [136.1899, 34.2064], [136.1897, 34.207], [136.1891, 34.2072], [136.1888, 34.208], [136.1889, 34.2089], [136.1887, 34.2096], [136.1891, 34.211], [136.1897, 34.2118], [136.1897, 34.2126], [136.1907, 34.2133], [136.1917, 34.2156], [136.1916, 34.2166], [136.1949, 34.2193], [136.1955, 34.2201], [136.1961, 34.2201], [136.197, 34.2205], [136.1978, 34.2199], [136.1994, 34.2194], [136.2015, 34.2196], [136.204, 34.2185], [136.2049, 34.2183], [136.2053, 34.2186], [136.2073, 34.2208], [136.2076, 34.2213], [136.2078, 34.2228], [136.2066, 34.224], [136.206, 34.2259], [136.2055, 34.2266], [136.2056, 34.2285], [136.2062, 34.2294], [136.2072, 34.2302], [136.2117, 34.2314], [136.2135, 34.2323], [136.2144, 34.2342], [136.2166, 34.2368], [136.2174, 34.238], [136.218, 34.24], [136.2174, 34.2409], [136.2173, 34.2422], [136.2175, 34.2432], [136.2173, 34.2455], [136.2175, 34.246], [136.2184, 34.2464], [136.2201, 34.2461], [136.2235, 34.2467], [136.2243, 34.2468], [136.2261, 34.2464], [136.2282, 34.2453], [136.2319, 34.2468], [136.2342, 34.247], [136.2358, 34.2472], [136.2364, 34.2475], [136.2388, 34.2478], [136.2404, 34.2476], [136.24, 34.2489], [136.2402, 34.2495], [136.2413, 34.2513], [136.2405, 34.2518], [136.2401, 34.2523], [136.2399, 34.2531], [136.2385, 34.2556], [136.2384, 34.2561], [136.2388, 34.2572], [136.2401, 34.2582], [136.2411, 34.2587], [136.2425, 34.2606], [136.2429, 34.2614], [136.2445, 34.2621], [136.2449, 34.2629], [136.2471, 34.2641], [136.2496, 34.2647], [136.2509, 34.2645], [136.253, 34.2632], [136.2542, 34.2629], [136.2559, 34.2637], [136.2577, 34.2643], [136.2582, 34.2652], [136.2591, 34.2653], [136.261, 34.2668], [136.262, 34.2681], [136.2632, 34.2691], [136.2639, 34.2695], [136.2648, 34.2702], [136.2666, 34.2711], [136.2676, 34.2725], [136.2688, 34.2733], [136.2696, 34.2744], [136.2682, 34.2748], [136.2675, 34.2758], [136.2659, 34.2768], [136.2652, 34.2779], [136.2651, 34.2787], [136.2646, 34.2799], [136.264, 34.2804], [136.2648, 34.2813], [136.2655, 34.2817], [136.266, 34.2823], [136.2664, 34.2839], [136.2675, 34.2856], [136.268, 34.2869], [136.2689, 34.2878], [136.2691, 34.289], [136.271, 34.2887], [136.2726, 34.2888], [136.2751, 34.288], [136.2775, 34.2884], [136.2782, 34.2886], [136.2812, 34.2885], [136.2815, 34.2889], [136.2814, 34.2899], [136.2817, 34.2904], [136.2833, 34.2916], [136.2838, 34.2922], [136.2849, 34.2931], [136.2856, 34.294], [136.2866, 34.2948], [136.2878, 34.2952], [136.2893, 34.2955], [136.2914, 34.2956], [136.2933, 34.2963], [136.294, 34.2968], [136.2956, 34.2967], [136.2964, 34.2964], [136.2979, 34.2955], [136.2985, 34.2953], [136.3009, 34.2966], [136.3026, 34.2968], [136.3033, 34.2971], [136.3055, 34.2969], [136.308, 34.2984], [136.3094, 34.2998], [136.3105, 34.3003], [136.3123, 34.3001], [136.3136, 34.2996], [136.314, 34.2992], [136.3152, 34.301], [136.3171, 34.3024], [136.3179, 34.3054], [136.3183, 34.3061], [136.3184, 34.307], [136.3186, 34.3073], [136.3189, 34.3089], [136.3203, 34.3098], [136.3209, 34.3106], [136.3215, 34.311], [136.322, 34.3119], [136.3221, 34.3124], [136.3227, 34.313], [136.3236, 34.3144], [136.3239, 34.3157], [136.3236, 34.3169], [136.3241, 34.3177], [136.3244, 34.3188], [136.3258, 34.319], [136.3265, 34.3188], [136.327, 34.3192], [136.329, 34.319], [136.3304, 34.3178], [136.3317, 34.3176], [136.3324, 34.3164], [136.3331, 34.3162], [136.3367, 34.3164], [136.3382, 34.3163], [136.3388, 34.3165], [136.3403, 34.3165], [136.342, 34.3162], [136.3436, 34.3168], [136.3441, 34.3168], [136.3448, 34.3166], [136.3475, 34.3169], [136.3504, 34.3186], [136.3518, 34.319], [136.3532, 34.319], [136.3541, 34.3192], [136.3545, 34.3196], [136.3546, 34.32], [136.3545, 34.3214], [136.3547, 34.3224], [136.3564, 34.3241], [136.3578, 34.3247], [136.3587, 34.3255], [136.3606, 34.3261], [136.3616, 34.3276], [136.3631, 34.3288], [136.3648, 34.3295], [136.366, 34.3303], [136.3664, 34.3315], [136.3676, 34.3322], [136.3682, 34.3323], [136.3693, 34.3328], [136.3697, 34.3332], [136.3716, 34.3365], [136.3725, 34.3375], [136.3729, 34.3384], [136.3728, 34.3398], [136.3741, 34.3404], [136.3747, 34.3401], [136.3762, 34.3403], [136.3783, 34.3413], [136.3795, 34.3422], [136.38, 34.3423], [136.3813, 34.3429], [136.3817, 34.3429], [136.3821, 34.3434], [136.3826, 34.3435], [136.3831, 34.3441], [136.3836, 34.3442], [136.3838, 34.3439], [136.3852, 34.3442], [136.3878, 34.3465], [136.3894, 34.3464], [136.3899, 34.3463], [136.3911, 34.347], [136.3916, 34.3467], [136.3918, 34.3464], [136.3937, 34.3469], [136.3951, 34.348], [136.3969, 34.3484], [136.3985, 34.35], [136.3987, 34.35], [136.3992, 34.3497], [136.3996, 34.3503], [136.4, 34.3502], [136.4008, 34.3503], [136.4008, 34.3509], [136.4011, 34.3513], [136.4029, 34.3529], [136.4033, 34.3532], [136.4049, 34.3534], [136.4063, 34.3535], [136.4088, 34.3542], [136.4095, 34.354], [136.4111, 34.3545], [136.4113, 34.3547], [136.4116, 34.3558], [136.4134, 34.3575], [136.4152, 34.36], [136.417, 34.3642], [136.4169, 34.3651], [136.4152, 34.3652], [136.4145, 34.3657], [136.4146, 34.3671], [136.4155, 34.3679], [136.4164, 34.3694], [136.4158, 34.3702], [136.4161, 34.3713], [136.4164, 34.3719], [136.4168, 34.3736], [136.4167, 34.3739], [136.4159, 34.3739], [136.4154, 34.3741], [136.4151, 34.3748], [136.4149, 34.3762], [136.4164, 34.3778], [136.4172, 34.3785], [136.4173, 34.379], [136.4176, 34.3798], [136.4188, 34.3819], [136.4177, 34.3834], [136.4154, 34.384], [136.4139, 34.3841], [136.4131, 34.3845], [136.4122, 34.3853], [136.4114, 34.3865], [136.4098, 34.3875], [136.4089, 34.3879], [136.407, 34.388], [136.4064, 34.3882], [136.4055, 34.3895], [136.4055, 34.3902], [136.4058, 34.3906], [136.4075, 34.3912], [136.4083, 34.3913], [136.41, 34.3921], [136.4123, 34.3939], [136.4144, 34.3941], [136.4158, 34.3945], [136.4165, 34.3951], [136.4191, 34.3969], [136.4197, 34.3974], [136.4221, 34.3984], [136.4235, 34.3986], [136.4246, 34.3997], [136.4257, 34.3997], [136.4282, 34.3985], [136.4295, 34.3976], [136.4309, 34.3969], [136.4318, 34.3956], [136.4319, 34.395], [136.4312, 34.3939], [136.4312, 34.393], [136.4314, 34.3926], [136.4326, 34.3918], [136.4335, 34.3908], [136.4337, 34.39], [136.4338, 34.3874], [136.4341, 34.3868], [136.4347, 34.3863], [136.4343, 34.3857], [136.4338, 34.3852], [136.4339, 34.3845], [136.4329, 34.3836], [136.4322, 34.3834], [136.4314, 34.3834], [136.4301, 34.3829], [136.4289, 34.383], [136.4282, 34.3827], [136.4291, 34.3805], [136.429, 34.3798], [136.4292, 34.3789], [136.4297, 34.3783], [136.4306, 34.3776], [136.4326, 34.3775], [136.4329, 34.3771], [136.4333, 34.3769], [136.4342, 34.3758], [136.435, 34.3756], [136.4357, 34.3751], [136.4361, 34.3747], [136.4362, 34.3741], [136.4366, 34.3735], [136.437, 34.3727], [136.4383, 34.3711], [136.439, 34.3709], [136.4392, 34.3705], [136.4405, 34.3702], [136.441, 34.3697], [136.4417, 34.3694], [136.4424, 34.3695], [136.4427, 34.3691], [136.4431, 34.3691], [136.4449, 34.3684], [136.4451, 34.368], [136.446, 34.3676], [136.4471, 34.3677], [136.4482, 34.3682], [136.4487, 34.3687], [136.4486, 34.3708], [136.4492, 34.3716], [136.4494, 34.3739], [136.4503, 34.3748], [136.4504, 34.3754], [136.4508, 34.3763], [136.4508, 34.3766], [136.4505, 34.3768], [136.4492, 34.3773], [136.4474, 34.3776], [136.4455, 34.3788], [136.4447, 34.3789], [136.443, 34.3809], [136.4451, 34.3815], [136.446, 34.3824], [136.4474, 34.3831], [136.4478, 34.3835], [136.4482, 34.385], [136.4484, 34.3863], [136.4481, 34.3875], [136.4462, 34.3907], [136.4458, 34.3924], [136.4461, 34.3932], [136.4489, 34.3942], [136.4524, 34.3943], [136.4547, 34.3946], [136.4557, 34.395], [136.4564, 34.3958], [136.4568, 34.3967], [136.4576, 34.3979], [136.4584, 34.4006], [136.4589, 34.4014], [136.4614, 34.4028], [136.4649, 34.4051], [136.4665, 34.407], [136.4681, 34.4093], [136.4693, 34.4118], [136.4702, 34.413], [136.474, 34.4157], [136.4769, 34.4184], [136.4783, 34.4195], [136.4788, 34.4197], [136.4795, 34.4196], [136.4834, 34.4185], [136.4842, 34.4188], [136.487, 34.4209], [136.4884, 34.4215], [136.4888, 34.4215], [136.4906, 34.421], [136.4937, 34.4204], [136.4945, 34.4205], [136.4955, 34.4209], [136.4958, 34.4212], [136.4958, 34.4216], [136.494, 34.4301], [136.4946, 34.4313], [136.498, 34.4346], [136.499, 34.4348], [136.5043, 34.4336], [136.5083, 34.4333], [136.5102, 34.4326], [136.5119, 34.4314], [136.5142, 34.4303], [136.5159, 34.4298], [136.5168, 34.4297], [136.5176, 34.4298], [136.5187, 34.4305], [136.5194, 34.4312], [136.5202, 34.4327], [136.5218, 34.4339], [136.5226, 34.4341], [136.5242, 34.4343], [136.5263, 34.4352], [136.5284, 34.4369], [136.5308, 34.4379], [136.5323, 34.4383], [136.5355, 34.4385], [136.5449, 34.4379], [136.5475, 34.4386], [136.5479, 34.439], [136.5483, 34.4402], [136.5477, 34.4416], [136.5475, 34.4425], [136.5477, 34.4429], [136.5483, 34.4433], [136.5503, 34.4433], [136.5516, 34.4436], [136.5527, 34.4447], [136.5529, 34.4457], [136.5525, 34.4485], [136.5526, 34.4499], [136.5519, 34.4503], [136.5516, 34.4503], [136.5507, 34.4494], [136.5499, 34.4497], [136.5497, 34.4505], [136.5493, 34.4512], [136.5482, 34.4518], [136.5481, 34.4527], [136.547, 34.4527], [136.5468, 34.4529], [136.5466, 34.4538], [136.5469, 34.455], [136.5481, 34.4559], [136.549, 34.4563], [136.5491, 34.4565], [136.5481, 34.4586], [136.5471, 34.4595], [136.5464, 34.4593], [136.5454, 34.4584], [136.5445, 34.4581], [136.5436, 34.4573], [136.543, 34.4572], [136.5424, 34.4573], [136.5409, 34.4584], [136.54, 34.4587], [136.5391, 34.4595], [136.538, 34.4595], [136.5369, 34.4584], [136.5368, 34.4573], [136.5365, 34.4568], [136.536, 34.4566], [136.5351, 34.4565], [136.5333, 34.4558], [136.5309, 34.4557], [136.5301, 34.4554], [136.5297, 34.4548], [136.5292, 34.4548], [136.526, 34.4542], [136.5258, 34.4546], [136.5253, 34.4549], [136.5233, 34.4547], [136.5218, 34.4554], [136.5209, 34.4551], [136.5198, 34.4552], [136.5193, 34.4554], [136.5177, 34.4546], [136.5166, 34.4536], [136.516, 34.4534], [136.5155, 34.4526], [136.5144, 34.4524], [136.5132, 34.4526], [136.5124, 34.4524], [136.5111, 34.4518], [136.5106, 34.4524], [136.5105, 34.453], [136.5094, 34.4542], [136.5086, 34.4547], [136.5085, 34.4551], [136.5076, 34.4551], [136.5072, 34.4545], [136.5064, 34.4547], [136.5059, 34.4545], [136.5057, 34.454], [136.5064, 34.4533], [136.5067, 34.4525], [136.5073, 34.4524], [136.5076, 34.4511], [136.507, 34.45], [136.5073, 34.4501], [136.5082, 34.4499], [136.5075, 34.4487], [136.507, 34.4486], [136.5056, 34.449], [136.5054, 34.4483], [136.5047, 34.4485], [136.5043, 34.4481], [136.504, 34.4475], [136.5034, 34.4472], [136.5026, 34.4472], [136.5013, 34.4475], [136.5007, 34.4472], [136.5002, 34.4474], [136.4981, 34.4464], [136.4971, 34.4461], [136.4966, 34.4456], [136.4953, 34.4453], [136.495, 34.4449], [136.495, 34.4431], [136.4965, 34.4415], [136.4961, 34.4404], [136.4964, 34.4397], [136.4962, 34.4397], [136.4955, 34.4394], [136.4947, 34.4394], [136.4938, 34.4391], [136.4925, 34.4388], [136.4924, 34.4384], [136.4913, 34.4382], [136.4892, 34.4383], [136.4884, 34.4381], [136.486, 34.4368], [136.4857, 34.4365], [136.4851, 34.4365], [136.4846, 34.4362], [136.4834, 34.4362], [136.4827, 34.4358], [136.4818, 34.4361], [136.4803, 34.4357], [136.4793, 34.4356], [136.4788, 34.4353], [136.4779, 34.4353], [136.4773, 34.4349], [136.4767, 34.435], [136.4758, 34.4347], [136.4747, 34.4347], [136.4733, 34.4345], [136.4716, 34.4349], [136.4712, 34.4353], [136.4701, 34.4354], [136.4691, 34.4358], [136.4681, 34.4352], [136.4677, 34.4352], [136.4671, 34.4346], [136.4668, 34.4337], [136.4664, 34.4334], [136.4657, 34.4332], [136.4652, 34.4329], [136.4651, 34.4323], [136.4662, 34.4302], [136.4669, 34.4278], [136.4641, 34.4271], [136.4628, 34.4262], [136.4621, 34.4262], [136.4617, 34.426], [136.4589, 34.4252], [136.4581, 34.4237], [136.4567, 34.4233], [136.4562, 34.4233], [136.4557, 34.4226], [136.4542, 34.4218], [136.4539, 34.4212], [136.4525, 34.4204], [136.4522, 34.4204], [136.4517, 34.4207], [136.4509, 34.4205], [136.4503, 34.4206], [136.4498, 34.4202], [136.4483, 34.4196], [136.4465, 34.4201], [136.4445, 34.4196], [136.4432, 34.419], [136.4412, 34.4184], [136.4403, 34.4179], [136.4373, 34.4179], [136.436, 34.417], [136.4357, 34.4171], [136.4351, 34.417], [136.4339, 34.4166], [136.4334, 34.416], [136.4333, 34.4156], [136.433, 34.4154], [136.4323, 34.4153], [136.4306, 34.416], [136.4298, 34.4159], [136.4288, 34.4161], [136.4281, 34.417], [136.4264, 34.4172], [136.4259, 34.4176], [136.425, 34.419], [136.4246, 34.4193], [136.4234, 34.4185], [136.4225, 34.4186], [136.4213, 34.419], [136.4204, 34.4189], [136.4188, 34.4194], [136.4182, 34.4188], [136.4184, 34.4179], [136.4176, 34.4171], [136.4171, 34.4171], [136.4163, 34.4176], [136.4149, 34.417], [136.4132, 34.4169], [136.4127, 34.4166], [136.4117, 34.4154], [136.4098, 34.4164], [136.409, 34.4164], [136.4074, 34.4175], [136.4063, 34.4174], [136.4055, 34.4177], [136.4035, 34.4165], [136.4026, 34.4164], [136.4011, 34.4159], [136.4003, 34.4159], [136.3984, 34.4161], [136.3975, 34.4156], [136.3969, 34.415], [136.3961, 34.4147], [136.3956, 34.4147], [136.3954, 34.414], [136.3949, 34.4139], [136.3945, 34.4139], [136.3936, 34.4129], [136.3928, 34.4127], [136.3916, 34.4118], [136.3893, 34.4111], [136.3875, 34.4103], [136.3867, 34.4103], [136.3864, 34.4101], [136.3861, 34.4102], [136.3852, 34.4098], [136.3841, 34.4087], [136.3841, 34.4083], [136.3834, 34.408], [136.3833, 34.4078], [136.3827, 34.4076], [136.3821, 34.4077], [136.3812, 34.4073], [136.3801, 34.4073], [136.3782, 34.4066], [136.378, 34.4064], [136.3781, 34.4057], [136.3775, 34.4047], [136.3772, 34.4029], [136.3766, 34.4028], [136.3757, 34.4028], [136.3736, 34.4032], [136.3728, 34.4029], [136.3719, 34.4036], [136.371, 34.4035], [136.3702, 34.4032], [136.3698, 34.4032], [136.3689, 34.404], [136.3684, 34.4049], [136.3674, 34.4051], [136.367, 34.4054], [136.3659, 34.406], [136.3638, 34.4058], [136.3618, 34.4062], [136.3598, 34.4076], [136.3591, 34.4077], [136.3574, 34.4075], [136.3571, 34.4062], [136.3558, 34.4051], [136.3552, 34.4058], [136.3547, 34.406], [136.3531, 34.4061], [136.3523, 34.4059], [136.3516, 34.4061], [136.3511, 34.4058], [136.3496, 34.4054], [136.3487, 34.4056], [136.346, 34.4054], [136.3452, 34.4051], [136.3441, 34.4052], [136.3434, 34.405], [136.3429, 34.4045], [136.3424, 34.4045], [136.3416, 34.4049], [136.3397, 34.4054], [136.3386, 34.4051], [136.3367, 34.4052], [136.3351, 34.4047], [136.3345, 34.4047], [136.3335, 34.4058], [136.3332, 34.406], [136.3312, 34.4062], [136.3296, 34.4078], [136.3288, 34.4075], [136.3282, 34.4076], [136.3282, 34.4071], [136.3277, 34.4064], [136.327, 34.4055], [136.3258, 34.4046], [136.325, 34.4042], [136.3236, 34.404], [136.3232, 34.4042], [136.3224, 34.4052], [136.3218, 34.4054], [136.3209, 34.4053], [136.319, 34.4048], [136.318, 34.4047], [136.3123, 34.4067], [136.3111, 34.4061], [136.3101, 34.406], [136.302, 34.4068], [136.2983, 34.408], [136.2978, 34.4075], [136.2963, 34.407], [136.2953, 34.4064], [136.2932, 34.406], [136.2913, 34.4052], [136.2902, 34.4052], [136.2891, 34.4052], [136.2878, 34.4056], [136.282, 34.4072], [136.2795, 34.4074], [136.2749, 34.4073], [136.2732, 34.4069], [136.2709, 34.4041], [136.2704, 34.4032], [136.27, 34.4019], [136.2696, 34.4017], [136.2679, 34.4017], [136.2673, 34.4011], [136.2669, 34.4004], [136.2668, 34.3989], [136.2652, 34.3973], [136.2648, 34.3958], [136.2642, 34.3952], [136.2638, 34.3951], [136.2633, 34.3943], [136.2626, 34.3938], [136.2627, 34.3934], [136.2625, 34.3922], [136.261, 34.3908], [136.2603, 34.3898], [136.2602, 34.3891], [136.2597, 34.3876], [136.2587, 34.3867], [136.257, 34.386], [136.2565, 34.3854], [136.2564, 34.3832], [136.2565, 34.3827], [136.2567, 34.3825], [136.2612, 34.3816], [136.2617, 34.3814], [136.2622, 34.3805], [136.2627, 34.3785], [136.2633, 34.3776], [136.2625, 34.3763], [136.2624, 34.3759], [136.2627, 34.3756], [136.2642, 34.3746], [136.2654, 34.3742], [136.2682, 34.3725], [136.2709, 34.3701], [136.2713, 34.3691], [136.2711, 34.3687], [136.2679, 34.368], [136.2655, 34.367], [136.2631, 34.3654], [136.262, 34.3653], [136.2607, 34.3648], [136.2596, 34.3645], [136.2591, 34.364], [136.2586, 34.3629], [136.2566, 34.3621], [136.2562, 34.3615], [136.2557, 34.3601], [136.2558, 34.3586], [136.2545, 34.3576], [136.2535, 34.3563], [136.2529, 34.355], [136.2494, 34.3548], [136.2359, 34.353], [136.2336, 34.3519], [136.2315, 34.3516], [136.2298, 34.3517], [136.2281, 34.3506], [136.2268, 34.3501], [136.2244, 34.3497], [136.2225, 34.3498], [136.2211, 34.3493], [136.2176, 34.349], [136.2151, 34.3481], [136.2146, 34.3482], [136.2121, 34.3494], [136.2115, 34.3493], [136.2109, 34.3491], [136.2099, 34.3491], [136.209, 34.3495], [136.2076, 34.3503], [136.2073, 34.3494], [136.2068, 34.3488], [136.2061, 34.3483], [136.2049, 34.3478], [136.2014, 34.3474], [136.2004, 34.3471], [136.1989, 34.346], [136.1971, 34.3456], [136.1952, 34.3455], [136.1897, 34.3411], [136.1876, 34.3402], [136.1863, 34.34], [136.188, 34.3365], [136.1886, 34.3348], [136.1886, 34.3341], [136.188, 34.3318], [136.1874, 34.3312], [136.1866, 34.331], [136.1863, 34.3306], [136.186, 34.3275], [136.1863, 34.3265], [136.1879, 34.3248], [136.1879, 34.3245], [136.1862, 34.3242], [136.1839, 34.3233], [136.1826, 34.323], [136.1817, 34.323], [136.1811, 34.3233], [136.1803, 34.3234], [136.1786, 34.3226], [136.1775, 34.3224], [136.1754, 34.3227], [136.1708, 34.3239], [136.1681, 34.325], [136.1668, 34.3246], [136.1654, 34.3239], [136.1626, 34.3221], [136.1616, 34.3218], [136.1605, 34.3209], [136.1602, 34.3203], [136.1604, 34.3194], [136.1584, 34.3164], [136.1584, 34.3141], [136.1586, 34.3134], [136.1562, 34.3136], [136.1461, 34.3152], [136.145, 34.3152], [136.141, 34.316], [136.1373, 34.3152], [136.1334, 34.3149], [136.1307, 34.3156], [136.1296, 34.3162]]]}, "properties": {"name": "三重県大台町"}}, {"type": "Feature", "geometry": {"type": "MultiPolygon", "coordinates": [[[[136.6519, 34.5184], [136.6516, 34.5183], [136.6511, 34.5198], [136.6509, 34.5197], [136.6504, 34.5201], [136.6502, 34.5207], [136.6498, 34.5199], [136.65, 34.5208], [136.6491, 34.5206], [136.6485, 34.5209], [136.6484, 34.5212], [136.648, 34.5216], [136.6477, 34.521], [136.6481, 34.5205], [136.6487, 34.5202], [136.6488, 34.5196], [136.6491, 34.5194], [136.6488, 34.5192], [136.6485, 34.5198], [136.6482, 34.5199], [136.6475, 34.5191], [136.6467, 34.519], [136.6467, 34.5185], [136.6473, 34.5172], [136.6477, 34.5169], [136.6484, 34.5169], [136.6497, 34.5174], [136.6497, 34.5172], [136.6488, 34.5166], [136.6488, 34.5159], [136.6484, 34.5155], [136.649, 34.5149], [136.6493, 34.5141], [136.6485, 34.5144], [136.6478, 34.5156], [136.6477, 34.5163], [136.6473, 34.5168], [136.6462, 34.517], [136.6455, 34.5182], [136.645, 34.5183], [136.6452, 34.5188], [136.6457, 34.5191], [136.6411, 34.5197], [136.6391, 34.5181], [136.6386, 34.5171], [136.6376, 34.5174], [136.6374, 34.5172], [136.637, 34.5176], [136.6362, 34.5177], [136.6362, 34.5179], [136.6348, 34.518], [136.6346, 34.518], [136.6345, 34.5177], [136.6341, 34.5177], [136.6339, 34.5173], [136.6314, 34.5171], [136.6314, 34.5175], [136.6266, 34.5169], [136.6268, 34.516], [136.6247, 34.5158], [136.6247, 34.5159], [136.6239, 34.5161], [136.6232, 34.5161], [136.6228, 34.5159], [136.6223, 34.5165], [136.622, 34.5165], [136.622, 34.5163], [136.6217, 34.5164], [136.6179, 34.5174], [136.6174, 34.5179], [136.6165, 34.518], [136.6157, 34.5177], [136.6139, 34.5178], [136.6138, 34.5172], [136.6132, 34.5166], [136.6136, 34.5159], [136.6135, 34.5152], [136.6139, 34.515], [136.6123, 34.5141], [136.6136, 34.5141], [136.6143, 34.5138], [136.615, 34.5129], [136.6149, 34.5124], [136.6152, 34.512], [136.6155, 34.5107], [136.6146, 34.5092], [136.612, 34.5094], [136.6114, 34.5091], [136.6113, 34.5085], [136.6118, 34.508], [136.6126, 34.5079], [136.6128, 34.5076], [136.6126, 34.5074], [136.6115, 34.5074], [136.6115, 34.5071], [136.6127, 34.5067], [136.6129, 34.5064], [136.6122, 34.5063], [136.6119, 34.5065], [136.6113, 34.5065], [136.6111, 34.5062], [136.6113, 34.5058], [136.6108, 34.5062], [136.6107, 34.5065], [136.6105, 34.5063], [136.6101, 34.5065], [136.6096, 34.5064], [136.6092, 34.5059], [136.6066, 34.5042], [136.6056, 34.505], [136.6047, 34.505], [136.6044, 34.5051], [136.6031, 34.5048], [136.6029, 34.5051], [136.6025, 34.5051], [136.6022, 34.505], [136.6019, 34.5035], [136.6013, 34.504], [136.6012, 34.5048], [136.6005, 34.5053], [136.6004, 34.5056], [136.6006, 34.5058], [136.6003, 34.5057], [136.6, 34.5058], [136.6005, 34.5043], [136.6004, 34.5041], [136.6008, 34.5038], [136.6008, 34.5034], [136.6021, 34.5023], [136.602, 34.5012], [136.601, 34.5014], [136.6007, 34.5017], [136.5998, 34.5025], [136.5995, 34.5032], [136.599, 34.503], [136.5984, 34.5033], [136.5983, 34.5029], [136.5987, 34.5022], [136.5995, 34.5013], [136.5992, 34.501], [136.5992, 34.5007], [136.6002, 34.5005], [136.6016, 34.4996], [136.6019, 34.4993], [136.6018, 34.4987], [136.6015, 34.4985], [136.5993, 34.4986], [136.5979, 34.4984], [136.5977, 34.4981], [136.5978, 34.4975], [136.597, 34.4958], [136.5947, 34.4963], [136.5942, 34.4963], [136.5931, 34.4956], [136.5925, 34.4939], [136.5911, 34.4942], [136.5904, 34.4925], [136.5894, 34.4927], [136.5891, 34.4921], [136.5883, 34.4923], [136.5876, 34.4919], [136.5832, 34.4883], [136.5833, 34.4882], [136.584, 34.488], [136.5837, 34.4872], [136.583, 34.4854], [136.5823, 34.4855], [136.5821, 34.4853], [136.5828, 34.4805], [136.5819, 34.481], [136.5813, 34.4809], [136.5809, 34.481], [136.5804, 34.4808], [136.5793, 34.4806], [136.58, 34.479], [136.5801, 34.4772], [136.5811, 34.4745], [136.5811, 34.4733], [136.5815, 34.4717], [136.5814, 34.4713], [136.5817, 34.469], [136.5823, 34.4684], [136.5832, 34.4678], [136.5839, 34.4667], [136.5835, 34.4658], [136.5829, 34.4649], [136.5824, 34.4646], [136.582, 34.4637], [136.5814, 34.4633], [136.5809, 34.4632], [136.5804, 34.4622], [136.5796, 34.4616], [136.5792, 34.4607], [136.5792, 34.4601], [136.5788, 34.4596], [136.5786, 34.4576], [136.5781, 34.4569], [136.5794, 34.4553], [136.5789, 34.4538], [136.5789, 34.4523], [136.579, 34.4517], [136.5794, 34.4514], [136.5801, 34.451], [136.581, 34.4496], [136.5817, 34.4491], [136.5867, 34.4476], [136.5895, 34.4474], [136.5912, 34.4452], [136.5919, 34.4449], [136.592, 34.4451], [136.5908, 34.4469], [136.5896, 34.4481], [136.5872, 34.4484], [136.5865, 34.4486], [136.5862, 34.4488], [136.5858, 34.4495], [136.587, 34.4507], [136.5857, 34.4527], [136.5872, 34.4541], [136.5886, 34.4546], [136.5893, 34.4534], [136.591, 34.4515], [136.5919, 34.4514], [136.5924, 34.4507], [136.5933, 34.4505], [136.5943, 34.4506], [136.595, 34.4502], [136.5965, 34.4503], [136.5975, 34.4498], [136.5987, 34.45], [136.5995, 34.4503], [136.6008, 34.45], [136.6014, 34.4501], [136.6019, 34.4496], [136.6046, 34.4497], [136.6049, 34.4535], [136.6055, 34.4538], [136.6062, 34.4538], [136.6066, 34.4542], [136.6087, 34.4551], [136.6095, 34.4558], [136.6113, 34.456], [136.612, 34.4566], [136.612, 34.4584], [136.6132, 34.459], [136.6138, 34.459], [136.616, 34.4585], [136.6183, 34.4585], [136.6187, 34.4569], [136.619, 34.4563], [136.6205, 34.4557], [136.6204, 34.4552], [136.6216, 34.4546], [136.622, 34.4539], [136.6233, 34.4532], [136.6243, 34.452], [136.6265, 34.4522], [136.6275, 34.4526], [136.6281, 34.4524], [136.6291, 34.4523], [136.6314, 34.4527], [136.6326, 34.4538], [136.6333, 34.454], [136.6347, 34.4529], [136.6388, 34.4536], [136.6395, 34.4542], [136.6401, 34.4542], [136.6406, 34.4538], [136.6409, 34.4538], [136.6422, 34.4544], [136.643, 34.4551], [136.6436, 34.4563], [136.6436, 34.4569], [136.6449, 34.4567], [136.6468, 34.456], [136.6506, 34.4564], [136.6504, 34.4572], [136.6489, 34.4576], [136.6485, 34.4584], [136.6493, 34.4595], [136.6508, 34.4605], [136.6512, 34.461], [136.653, 34.4622], [136.657, 34.4655], [136.6591, 34.4676], [136.6618, 34.4688], [136.667, 34.4738], [136.6679, 34.4744], [136.6705, 34.4745], [136.6692, 34.4771], [136.6694, 34.4786], [136.6697, 34.4789], [136.6691, 34.4795], [136.6694, 34.4797], [136.6686, 34.4804], [136.6673, 34.4793], [136.6664, 34.48], [136.6638, 34.4779], [136.6631, 34.4786], [136.6624, 34.478], [136.662, 34.4783], [136.6616, 34.4781], [136.6586, 34.4784], [136.6587, 34.4787], [136.6578, 34.4788], [136.6579, 34.4794], [136.6574, 34.4795], [136.6577, 34.4798], [136.6569, 34.4804], [136.657, 34.4807], [136.6564, 34.4808], [136.6556, 34.4813], [136.6553, 34.4809], [136.6546, 34.4813], [136.6544, 34.4811], [136.6536, 34.4813], [136.6552, 34.4842], [136.6573, 34.4863], [136.6568, 34.4881], [136.6558, 34.488], [136.6554, 34.4894], [136.6529, 34.489], [136.6531, 34.4883], [136.6521, 34.4881], [136.6527, 34.485], [136.6496, 34.4861], [136.6464, 34.4832], [136.6447, 34.4844], [136.6454, 34.4853], [136.6461, 34.4858], [136.6468, 34.4878], [136.6468, 34.4884], [136.6473, 34.4889], [136.6472, 34.4903], [136.6475, 34.4912], [136.6476, 34.4927], [136.6479, 34.4948], [136.6517, 34.4968], [136.6568, 34.499], [136.6577, 34.5002], [136.6573, 34.5005], [136.6564, 34.4997], [136.6566, 34.5001], [136.6559, 34.5006], [136.6552, 34.4999], [136.6549, 34.5001], [136.6571, 34.5025], [136.6564, 34.5029], [136.6579, 34.504], [136.6574, 34.5045], [136.6553, 34.5035], [136.6544, 34.5029], [136.654, 34.5033], [136.6527, 34.5021], [136.6531, 34.5017], [136.6506, 34.4996], [136.6501, 34.4998], [136.6492, 34.4983], [136.6497, 34.4981], [136.6495, 34.4978], [136.6481, 34.4985], [136.6474, 34.4985], [136.6472, 34.4996], [136.6467, 34.4995], [136.6466, 34.4984], [136.6461, 34.4985], [136.6459, 34.5007], [136.6389, 34.4999], [136.6425, 34.5043], [136.6429, 34.5076], [136.6435, 34.5083], [136.646, 34.509], [136.646, 34.5091], [136.6495, 34.5104], [136.6483, 34.5118], [136.6465, 34.5123], [136.6452, 34.5124], [136.6413, 34.5121], [136.6413, 34.5122], [136.6421, 34.5124], [136.6422, 34.5126], [136.6423, 34.5142], [136.6413, 34.5148], [136.6409, 34.516], [136.6399, 34.5171], [136.6402, 34.5171], [136.6409, 34.5166], [136.6417, 34.5155], [136.6424, 34.5151], [136.643, 34.5153], [136.6425, 34.5165], [136.642, 34.5171], [136.6433, 34.5163], [136.6437, 34.5166], [136.6436, 34.5173], [136.643, 34.5179], [136.6437, 34.5173], [136.6439, 34.5168], [136.6451, 34.5168], [136.6457, 34.5167], [136.6467, 34.5158], [136.6475, 34.5156], [136.6478, 34.5148], [136.6471, 34.5143], [136.6464, 34.5148], [136.6455, 34.5146], [136.6454, 34.5136], [136.646, 34.5129], [136.6464, 34.5128], [136.6465, 34.513], [136.6478, 34.5122], [136.6485, 34.512], [136.6489, 34.5121], [136.65, 34.5119], [136.6498, 34.5122], [136.6501, 34.5128], [136.6507, 34.513], [136.6509, 34.513], [136.651, 34.5127], [136.6514, 34.5129], [136.6514, 34.5131], [136.652, 34.5134], [136.6521, 34.5141], [136.6524, 34.5142], [136.6529, 34.5138], [136.6545, 34.5146], [136.6543, 34.5156], [136.654, 34.5158], [136.6529, 34.5163], [136.6522, 34.5161], [136.6524, 34.5164], [136.6525, 34.5169], [136.6527, 34.5167], [136.6533, 34.5166], [136.654, 34.5171], [136.6543, 34.5182], [136.6541, 34.5185], [136.6537, 34.5185], [136.6542, 34.5188], [136.6542, 34.5191], [136.6539, 34.5192], [136.6534, 34.5191], [136.6529, 34.5183], [136.6526, 34.5185], [136.6519, 34.5184]], [[136.6539, 34.4839], [136.6518, 34.482], [136.6505, 34.4829], [136.6528, 34.485], [136.6543, 34.4845], [136.6539, 34.4839]], [[136.6556, 34.4989], [136.6549, 34.4994], [136.655, 34.4996], [136.6559, 34.4991], [136.6556, 34.4989]], [[136.6476, 34.5132], [136.6475, 34.5126], [136.6471, 34.5127], [136.6473, 34.5132], [136.6476, 34.5132]]], [[[136.6604, 34.5205], [136.6601, 34.521], [136.6578, 34.5205], [136.6579, 34.5208], [136.6558, 34.521], [136.6552, 34.5213], [136.6551, 34.5218], [136.6547, 34.5218], [136.6545, 34.5199], [136.6551, 34.518], [136.6555, 34.5178], [136.656, 34.518], [136.6565, 34.5178], [136.6574, 34.5183], [136.6575, 34.5186], [136.6575, 34.5188], [136.6569, 34.5188], [136.6567, 34.5191], [136.6575, 34.5192], [136.6573, 34.5196], [136.6575, 34.5196], [136.6574, 34.5202], [136.6578, 34.5202], [136.6577, 34.5181], [136.6582, 34.5178], [136.6588, 34.5167], [136.6602, 34.5193], [136.6601, 34.5197], [136.6594, 34.5197], [136.6594, 34.5199], [136.6604, 34.5199], [136.6604, 34.5205]]]]}, "properties": {"name": "三重県玉城町"}}, {"type": "Feature", "geometry": {"type": "Polygon", "coordinates": [[[136.6434, 34.3986], [136.6437, 34.3996], [136.644, 34.4], [136.644, 34.4006], [136.6446, 34.401], [136.6448, 34.4015], [136.6441, 34.4037], [136.6437, 34.4041], [136.6435, 34.4046], [136.6427, 34.4052], [136.6424, 34.4063], [136.6425, 34.4066], [136.6431, 34.4073], [136.6426, 34.4081], [136.6422, 34.4095], [136.6425, 34.4099], [136.6431, 34.4101], [136.6434, 34.4121], [136.6433, 34.4124], [136.643, 34.4125], [136.6425, 34.4137], [136.6423, 34.4143], [136.6423, 34.4152], [136.6426, 34.4158], [136.6433, 34.416], [136.645, 34.4175], [136.6441, 34.4201], [136.6438, 34.4204], [136.6438, 34.4209], [136.6434, 34.4213], [136.6438, 34.4218], [136.6432, 34.4225], [136.6433, 34.4233], [136.6426, 34.4238], [136.6422, 34.4243], [136.6401, 34.4252], [136.6399, 34.4254], [136.6401, 34.4259], [136.6397, 34.4268], [136.6383, 34.428], [136.6363, 34.4282], [136.6342, 34.4297], [136.6336, 34.4303], [136.6331, 34.4315], [136.6335, 34.432], [136.6422, 34.4381], [136.6442, 34.4424], [136.6436, 34.4449], [136.644, 34.4459], [136.6445, 34.4466], [136.6457, 34.4474], [136.6491, 34.4483], [136.6522, 34.4505], [136.6524, 34.4513], [136.6515, 34.4533], [136.6506, 34.4564], [136.6468, 34.456], [136.6449, 34.4567], [136.6436, 34.4569], [136.6436, 34.4563], [136.643, 34.4551], [136.6422, 34.4544], [136.6409, 34.4538], [136.6406, 34.4538], [136.6401, 34.4542], [136.6395, 34.4542], [136.6388, 34.4536], [136.6347, 34.4529], [136.6333, 34.454], [136.6326, 34.4538], [136.6314, 34.4527], [136.6291, 34.4523], [136.6281, 34.4524], [136.6275, 34.4526], [136.6265, 34.4522], [136.6243, 34.452], [136.6233, 34.4532], [136.622, 34.4539], [136.6216, 34.4546], [136.6204, 34.4552], [136.6205, 34.4557], [136.619, 34.4563], [136.6187, 34.4569], [136.6183, 34.4585], [136.616, 34.4585], [136.6138, 34.459], [136.6132, 34.459], [136.612, 34.4584], [136.612, 34.4566], [136.6113, 34.456], [136.6095, 34.4558], [136.6087, 34.4551], [136.6066, 34.4542], [136.6062, 34.4538], [136.6055, 34.4538], [136.6049, 34.4535], [136.6046, 34.4497], [136.6019, 34.4496], [136.6014, 34.4501], [136.6008, 34.45], [136.5995, 34.4503], [136.5987, 34.45], [136.5975, 34.4498], [136.5965, 34.4503], [136.595, 34.4502], [136.5943, 34.4506], [136.5933, 34.4505], [136.5924, 34.4507], [136.5919, 34.4514], [136.591, 34.4515], [136.5893, 34.4534], [136.5886, 34.4546], [136.5872, 34.4541], [136.5857, 34.4527], [136.587, 34.4507], [136.5858, 34.4495], [136.5862, 34.4488], [136.5865, 34.4486], [136.5872, 34.4484], [136.5896, 34.4481], [136.5908, 34.4469], [136.592, 34.4451], [136.5919, 34.4449], [136.5912, 34.4452], [136.5895, 34.4474], [136.5867, 34.4476], [136.5817, 34.4491], [136.581, 34.4496], [136.5801, 34.451], [136.5794, 34.4514], [136.579, 34.4517], [136.5784, 34.4514], [136.5767, 34.4515], [136.576, 34.4513], [136.573, 34.4518], [136.5719, 34.4518], [136.5705, 34.4521], [136.5691, 34.452], [136.5679, 34.4523], [136.5671, 34.4521], [136.5664, 34.4523], [136.5647, 34.4521], [136.5641, 34.4518], [136.5609, 34.4524], [136.5604, 34.4522], [136.5602, 34.4514], [136.559, 34.451], [136.5568, 34.451], [136.554, 34.4513], [136.5533, 34.4506], [136.5529, 34.4498], [136.5528, 34.4497], [136.5526, 34.4499], [136.5525, 34.4485], [136.5529, 34.4457], [136.5527, 34.4447], [136.5516, 34.4436], [136.5503, 34.4433], [136.5483, 34.4433], [136.5477, 34.4429], [136.5475, 34.4425], [136.5477, 34.4416], [136.5483, 34.4402], [136.5479, 34.439], [136.5475, 34.4386], [136.5449, 34.4379], [136.5355, 34.4385], [136.5323, 34.4383], [136.5308, 34.4379], [136.5284, 34.4369], [136.5263, 34.4352], [136.5274, 34.4345], [136.5293, 34.4339], [136.53, 34.4322], [136.5298, 34.4318], [136.5293, 34.4313], [136.5292, 34.4309], [136.5292, 34.4307], [136.5298, 34.4304], [136.5297, 34.43], [136.5294, 34.4297], [136.5296, 34.4292], [136.5296, 34.4282], [136.5291, 34.4282], [136.5296, 34.4276], [136.5295, 34.4271], [136.5292, 34.4268], [136.5302, 34.4247], [136.5306, 34.4244], [136.5303, 34.424], [136.5304, 34.4235], [136.5313, 34.4231], [136.5317, 34.423], [136.5326, 34.4231], [136.5332, 34.423], [136.534, 34.4236], [136.5345, 34.4237], [136.5347, 34.4235], [136.5351, 34.4219], [136.5348, 34.4215], [136.5337, 34.4206], [136.5335, 34.4198], [136.5337, 34.4157], [136.5341, 34.4151], [136.5342, 34.4144], [136.5345, 34.4141], [136.5344, 34.4138], [136.5336, 34.4132], [136.5333, 34.4123], [136.5327, 34.412], [136.5306, 34.4079], [136.5295, 34.4066], [136.5283, 34.4058], [136.5273, 34.4047], [136.5271, 34.4043], [136.5274, 34.4033], [136.527, 34.4025], [136.5271, 34.4009], [136.5268, 34.3992], [136.526, 34.3984], [136.5246, 34.3976], [136.524, 34.3966], [136.5224, 34.395], [136.5212, 34.3942], [136.5209, 34.3938], [136.5211, 34.3929], [136.521, 34.3925], [136.5213, 34.3905], [136.5217, 34.3899], [136.5219, 34.3888], [136.5224, 34.3878], [136.5235, 34.3867], [136.5238, 34.3855], [136.5247, 34.3848], [136.525, 34.3834], [136.5255, 34.3829], [136.5255, 34.382], [136.5263, 34.3816], [136.5269, 34.381], [136.528, 34.3805], [136.5269, 34.3794], [136.5252, 34.3788], [136.5242, 34.3787], [136.5237, 34.378], [136.5231, 34.3779], [136.5225, 34.3774], [136.5217, 34.3773], [136.5213, 34.3766], [136.52, 34.376], [136.5192, 34.3753], [136.5183, 34.375], [136.5172, 34.3749], [136.5165, 34.3746], [136.5164, 34.3739], [136.5158, 34.3731], [136.5162, 34.3727], [136.5166, 34.3714], [136.5171, 34.3708], [136.5174, 34.3695], [136.5189, 34.3688], [136.5194, 34.368], [136.5187, 34.3664], [136.5183, 34.3661], [136.5178, 34.3652], [136.518, 34.3638], [136.5175, 34.3632], [136.5199, 34.3605], [136.5207, 34.3589], [136.5205, 34.3587], [136.5203, 34.358], [136.5197, 34.3571], [136.5189, 34.3569], [136.5189, 34.3567], [136.5177, 34.3558], [136.5173, 34.3544], [136.516, 34.3531], [136.5157, 34.3515], [136.5149, 34.351], [136.5141, 34.3501], [136.5145, 34.3486], [136.5142, 34.3474], [136.5154, 34.3459], [136.5155, 34.3456], [136.5146, 34.3445], [136.5137, 34.3431], [136.5135, 34.342], [136.5127, 34.3412], [136.5123, 34.3381], [136.5137, 34.3375], [136.515, 34.3376], [136.5152, 34.3375], [136.5169, 34.3363], [136.5189, 34.3356], [136.5189, 34.3347], [136.5196, 34.3343], [136.5219, 34.334], [136.5227, 34.334], [136.5234, 34.3343], [136.5243, 34.3342], [136.5253, 34.3343], [136.5262, 34.3336], [136.5271, 34.3334], [136.5277, 34.333], [136.5275, 34.3324], [136.5281, 34.3314], [136.5283, 34.3304], [136.5281, 34.3295], [136.5286, 34.329], [136.5284, 34.3283], [136.5288, 34.3278], [136.5295, 34.3277], [136.5297, 34.3272], [136.5296, 34.3267], [136.5298, 34.3264], [136.5307, 34.3262], [136.5314, 34.3263], [136.5317, 34.3259], [136.5319, 34.3253], [136.5332, 34.3242], [136.5346, 34.3244], [136.537, 34.3239], [136.5374, 34.3241], [136.5386, 34.3243], [136.5395, 34.3248], [136.5412, 34.3249], [136.5417, 34.3245], [136.5427, 34.323], [136.5437, 34.3222], [136.5449, 34.3219], [136.5449, 34.321], [136.5454, 34.3203], [136.5471, 34.3194], [136.5486, 34.3194], [136.5501, 34.3199], [136.5554, 34.319], [136.5559, 34.3191], [136.5568, 34.3201], [136.5575, 34.3205], [136.5581, 34.3201], [136.5591, 34.3203], [136.56, 34.3207], [136.5606, 34.3207], [136.5619, 34.3204], [136.5638, 34.3205], [136.565, 34.3212], [136.5663, 34.3212], [136.5671, 34.3216], [136.5679, 34.3218], [136.5688, 34.3216], [136.5698, 34.3216], [136.5709, 34.322], [136.5714, 34.3224], [136.5729, 34.3228], [136.5739, 34.3226], [136.5745, 34.3222], [136.5749, 34.3223], [136.5757, 34.3223], [136.5761, 34.3221], [136.5763, 34.3217], [136.5773, 34.3211], [136.578, 34.321], [136.5795, 34.3205], [136.5803, 34.3206], [136.5812, 34.3193], [136.5816, 34.3192], [136.5821, 34.3188], [136.5822, 34.3185], [136.5828, 34.3183], [136.5834, 34.3176], [136.5842, 34.3173], [136.5853, 34.3168], [136.5865, 34.3167], [136.5879, 34.3175], [136.5884, 34.3183], [136.5886, 34.3188], [136.5886, 34.32], [136.5894, 34.3238], [136.59, 34.3246], [136.5905, 34.3262], [136.5911, 34.3267], [136.5922, 34.3272], [136.5927, 34.3278], [136.5925, 34.3287], [136.5937, 34.3292], [136.5941, 34.3296], [136.5973, 34.3296], [136.5995, 34.3301], [136.6035, 34.3293], [136.6047, 34.329], [136.6054, 34.3303], [136.6057, 34.3303], [136.6065, 34.3314], [136.6076, 34.3324], [136.6073, 34.3336], [136.6062, 34.3357], [136.6057, 34.3359], [136.6054, 34.337], [136.6046, 34.3407], [136.6048, 34.3415], [136.6044, 34.3424], [136.605, 34.3431], [136.605, 34.3442], [136.6072, 34.3455], [136.6074, 34.3459], [136.6083, 34.3468], [136.6086, 34.3476], [136.6093, 34.3482], [136.6098, 34.3497], [136.6105, 34.35], [136.611, 34.3506], [136.611, 34.3511], [136.6101, 34.3533], [136.6097, 34.3547], [136.6094, 34.3551], [136.6099, 34.3556], [136.6102, 34.3567], [136.611, 34.3576], [136.6119, 34.358], [136.6123, 34.3588], [136.6126, 34.3598], [136.6126, 34.3604], [136.612, 34.3613], [136.6129, 34.3639], [136.6138, 34.3647], [136.6139, 34.3655], [136.6147, 34.3664], [136.6158, 34.3669], [136.6162, 34.3676], [136.6168, 34.3683], [136.6169, 34.3688], [136.6174, 34.3691], [136.6182, 34.3701], [136.6189, 34.3701], [136.62, 34.37], [136.6215, 34.3706], [136.6222, 34.3705], [136.6232, 34.3707], [136.6243, 34.3712], [136.625, 34.3718], [136.6289, 34.3728], [136.6315, 34.3737], [136.632, 34.3732], [136.6344, 34.3724], [136.6345, 34.3728], [136.636, 34.3739], [136.6361, 34.3745], [136.6366, 34.375], [136.6366, 34.3755], [136.6371, 34.3769], [136.6377, 34.3779], [136.6375, 34.3785], [136.6378, 34.3791], [136.6376, 34.3795], [136.6375, 34.3808], [136.6373, 34.3814], [136.6377, 34.3869], [136.6369, 34.3872], [136.6364, 34.3872], [136.635, 34.3878], [136.6343, 34.3878], [136.6338, 34.3881], [136.6322, 34.3882], [136.6318, 34.3887], [136.6311, 34.3889], [136.6312, 34.3897], [136.6305, 34.3915], [136.6311, 34.3917], [136.6322, 34.3917], [136.6334, 34.3921], [136.6341, 34.3921], [136.6346, 34.3928], [136.6352, 34.3939], [136.6357, 34.3944], [136.6363, 34.3944], [136.6369, 34.395], [136.6375, 34.3951], [136.6381, 34.3955], [136.6391, 34.3967], [136.6392, 34.3973], [136.6396, 34.3978], [136.6408, 34.398], [136.6418, 34.3985], [136.6434, 34.3986]]]}, "properties": {"name": "三重県度会町"}}, {"type": "Feature", "geometry": {"type": "MultiPolygon", "coordinates": [[[[136.5123, 34.3381], [136.5127, 34.3412], [136.5135, 34.342], [136.5137, 34.3431], [136.5146, 34.3445], [136.5155, 34.3456], [136.5154, 34.3459], [136.5142, 34.3474], [136.5145, 34.3486], [136.5141, 34.3501], [136.5149, 34.351], [136.5157, 34.3515], [136.516, 34.3531], [136.5173, 34.3544], [136.5177, 34.3558], [136.5189, 34.3567], [136.5189, 34.3569], [136.5197, 34.3571], [136.5203, 34.358], [136.5205, 34.3587], [136.5207, 34.3589], [136.5199, 34.3605], [136.5175, 34.3632], [136.518, 34.3638], [136.5178, 34.3652], [136.5183, 34.3661], [136.5187, 34.3664], [136.5194, 34.368], [136.5189, 34.3688], [136.5174, 34.3695], [136.5171, 34.3708], [136.5166, 34.3714], [136.5162, 34.3727], [136.5158, 34.3731], [136.5164, 34.3739], [136.5165, 34.3746], [136.5172, 34.3749], [136.5183, 34.375], [136.5192, 34.3753], [136.52, 34.376], [136.5213, 34.3766], [136.5217, 34.3773], [136.5225, 34.3774], [136.5231, 34.3779], [136.5237, 34.378], [136.5242, 34.3787], [136.5252, 34.3788], [136.5269, 34.3794], [136.528, 34.3805], [136.5269, 34.381], [136.5263, 34.3816], [136.5255, 34.382], [136.5255, 34.3829], [136.525, 34.3834], [136.5247, 34.3848], [136.5238, 34.3855], [136.5235, 34.3867], [136.5224, 34.3878], [136.5219, 34.3888], [136.5217, 34.3899], [136.5213, 34.3905], [136.521, 34.3925], [136.5211, 34.3929], [136.5209, 34.3938], [136.5212, 34.3942], [136.5224, 34.395], [136.524, 34.3966], [136.5246, 34.3976], [136.526, 34.3984], [136.5268, 34.3992], [136.5271, 34.4009], [136.527, 34.4025], [136.5274, 34.4033], [136.5271, 34.4043], [136.5273, 34.4047], [136.5283, 34.4058], [136.5295, 34.4066], [136.5306, 34.4079], [136.5327, 34.412], [136.5333, 34.4123], [136.5336, 34.4132], [136.5344, 34.4138], [136.5345, 34.4141], [136.5342, 34.4144], [136.5341, 34.4151], [136.5337, 34.4157], [136.5335, 34.4198], [136.5337, 34.4206], [136.5348, 34.4215], [136.5351, 34.4219], [136.5347, 34.4235], [136.5345, 34.4237], [136.534, 34.4236], [136.5332, 34.423], [136.5326, 34.4231], [136.5317, 34.423], [136.5313, 34.4231], [136.5304, 34.4235], [136.5303, 34.424], [136.5306, 34.4244], [136.5302, 34.4247], [136.5292, 34.4268], [136.5295, 34.4271], [136.5296, 34.4276], [136.5291, 34.4282], [136.5296, 34.4282], [136.5296, 34.4292], [136.5294, 34.4297], [136.5297, 34.43], [136.5298, 34.4304], [136.5292, 34.4307], [136.5292, 34.4309], [136.5293, 34.4313], [136.5298, 34.4318], [136.53, 34.4322], [136.5293, 34.4339], [136.5274, 34.4345], [136.5263, 34.4352], [136.5242, 34.4343], [136.5226, 34.4341], [136.5218, 34.4339], [136.5202, 34.4327], [136.5194, 34.4312], [136.5187, 34.4305], [136.5176, 34.4298], [136.5168, 34.4297], [136.5159, 34.4298], [136.5142, 34.4303], [136.5119, 34.4314], [136.5102, 34.4326], [136.5083, 34.4333], [136.5043, 34.4336], [136.499, 34.4348], [136.498, 34.4346], [136.4946, 34.4313], [136.494, 34.4301], [136.4958, 34.4216], [136.4958, 34.4212], [136.4955, 34.4209], [136.4945, 34.4205], [136.4937, 34.4204], [136.4906, 34.421], [136.4888, 34.4215], [136.4884, 34.4215], [136.487, 34.4209], [136.4842, 34.4188], [136.4834, 34.4185], [136.4795, 34.4196], [136.4788, 34.4197], [136.4783, 34.4195], [136.4769, 34.4184], [136.474, 34.4157], [136.4702, 34.413], [136.4693, 34.4118], [136.4681, 34.4093], [136.4665, 34.407], [136.4649, 34.4051], [136.4614, 34.4028], [136.4589, 34.4014], [136.4584, 34.4006], [136.4576, 34.3979], [136.4568, 34.3967], [136.4564, 34.3958], [136.4557, 34.395], [136.4547, 34.3946], [136.4524, 34.3943], [136.4489, 34.3942], [136.4461, 34.3932], [136.4458, 34.3924], [136.4462, 34.3907], [136.4481, 34.3875], [136.4484, 34.3863], [136.4482, 34.385], [136.4478, 34.3835], [136.4474, 34.3831], [136.446, 34.3824], [136.4451, 34.3815], [136.443, 34.3809], [136.4447, 34.3789], [136.4455, 34.3788], [136.4474, 34.3776], [136.4492, 34.3773], [136.4505, 34.3768], [136.4508, 34.3766], [136.4508, 34.3763], [136.4504, 34.3754], [136.4503, 34.3748], [136.4494, 34.3739], [136.4492, 34.3716], [136.4486, 34.3708], [136.4487, 34.3687], [136.4482, 34.3682], [136.4471, 34.3677], [136.446, 34.3676], [136.4451, 34.368], [136.4449, 34.3684], [136.4431, 34.3691], [136.4427, 34.3691], [136.4424, 34.3695], [136.4417, 34.3694], [136.441, 34.3697], [136.4405, 34.3702], [136.4392, 34.3705], [136.439, 34.3709], [136.4383, 34.3711], [136.437, 34.3727], [136.4366, 34.3735], [136.4362, 34.3741], [136.4361, 34.3747], [136.4357, 34.3751], [136.435, 34.3756], [136.4342, 34.3758], [136.4333, 34.3769], [136.4329, 34.3771], [136.4326, 34.3775], [136.4306, 34.3776], [136.4297, 34.3783], [136.4292, 34.3789], [136.429, 34.3798], [136.4291, 34.3805], [136.4282, 34.3827], [136.4289, 34.383], [136.4301, 34.3829], [136.4314, 34.3834], [136.4322, 34.3834], [136.4329, 34.3836], [136.4339, 34.3845], [136.4338, 34.3852], [136.4343, 34.3857], [136.4347, 34.3863], [136.4341, 34.3868], [136.4338, 34.3874], [136.4337, 34.39], [136.4335, 34.3908], [136.4326, 34.3918], [136.4314, 34.3926], [136.4312, 34.393], [136.4312, 34.3939], [136.4319, 34.395], [136.4318, 34.3956], [136.4309, 34.3969], [136.4295, 34.3976], [136.4282, 34.3985], [136.4257, 34.3997], [136.4246, 34.3997], [136.4235, 34.3986], [136.4221, 34.3984], [136.4197, 34.3974], [136.4191, 34.3969], [136.4165, 34.3951], [136.4158, 34.3945], [136.4144, 34.3941], [136.4123, 34.3939], [136.41, 34.3921], [136.4083, 34.3913], [136.4075, 34.3912], [136.4058, 34.3906], [136.4055, 34.3902], [136.4055, 34.3895], [136.4064, 34.3882], [136.407, 34.388], [136.4089, 34.3879], [136.4098, 34.3875], [136.4114, 34.3865], [136.4122, 34.3853], [136.4131, 34.3845], [136.4139, 34.3841], [136.4154, 34.384], [136.4177, 34.3834], [136.4188, 34.3819], [136.4176, 34.3798], [136.4173, 34.379], [136.4172, 34.3785], [136.4164, 34.3778], [136.4149, 34.3762], [136.4151, 34.3748], [136.4154, 34.3741], [136.4159, 34.3739], [136.4167, 34.3739], [136.4168, 34.3736], [136.4164, 34.3719], [136.4161, 34.3713], [136.4158, 34.3702], [136.4164, 34.3694], [136.4155, 34.3679], [136.4146, 34.3671], [136.4145, 34.3657], [136.4152, 34.3652], [136.4169, 34.3651], [136.417, 34.3642], [136.4152, 34.36], [136.4134, 34.3575], [136.4116, 34.3558], [136.4113, 34.3547], [136.4111, 34.3545], [136.4095, 34.354], [136.4088, 34.3542], [136.4063, 34.3535], [136.4049, 34.3534], [136.4033, 34.3532], [136.4029, 34.3529], [136.4011, 34.3513], [136.4008, 34.3509], [136.4008, 34.3503], [136.4, 34.3502], [136.3996, 34.3503], [136.3992, 34.3497], [136.3987, 34.35], [136.3985, 34.35], [136.3969, 34.3484], [136.3951, 34.348], [136.3937, 34.3469], [136.3918, 34.3464], [136.3916, 34.3467], [136.3911, 34.347], [136.3899, 34.3463], [136.3894, 34.3464], [136.3878, 34.3465], [136.3852, 34.3442], [136.3838, 34.3439], [136.3836, 34.3442], [136.3831, 34.3441], [136.3826, 34.3435], [136.3821, 34.3434], [136.3817, 34.3429], [136.3813, 34.3429], [136.38, 34.3423], [136.3795, 34.3422], [136.3783, 34.3413], [136.3762, 34.3403], [136.3747, 34.3401], [136.3741, 34.3404], [136.3728, 34.3398], [136.3729, 34.3384], [136.3725, 34.3375], [136.3716, 34.3365], [136.3697, 34.3332], [136.3693, 34.3328], [136.3682, 34.3323], [136.3676, 34.3322], [136.3664, 34.3315], [136.366, 34.3303], [136.3648, 34.3295], [136.3631, 34.3288], [136.3616, 34.3276], [136.3606, 34.3261], [136.3587, 34.3255], [136.3578, 34.3247], [136.3564, 34.3241], [136.3547, 34.3224], [136.3545, 34.3214], [136.3546, 34.32], [136.3545, 34.3196], [136.3541, 34.3192], [136.3532, 34.319], [136.3518, 34.319], [136.3504, 34.3186], [136.3475, 34.3169], [136.3448, 34.3166], [136.3441, 34.3168], [136.3436, 34.3168], [136.342, 34.3162], [136.3403, 34.3165], [136.3388, 34.3165], [136.3382, 34.3163], [136.3367, 34.3164], [136.3331, 34.3162], [136.3324, 34.3164], [136.3317, 34.3176], [136.3304, 34.3178], [136.329, 34.319], [136.327, 34.3192], [136.3265, 34.3188], [136.3258, 34.319], [136.3244, 34.3188], [136.3241, 34.3177], [136.3236, 34.3169], [136.3239, 34.3157], [136.3236, 34.3144], [136.3227, 34.313], [136.3221, 34.3124], [136.322, 34.3119], [136.3215, 34.311], [136.3209, 34.3106], [136.3203, 34.3098], [136.3189, 34.3089], [136.3186, 34.3073], [136.3184, 34.307], [136.3183, 34.3061], [136.3179, 34.3054], [136.3171, 34.3024], [136.3152, 34.301], [136.314, 34.2992], [136.3136, 34.2996], [136.3123, 34.3001], [136.3105, 34.3003], [136.3094, 34.2998], [136.308, 34.2984], [136.3055, 34.2969], [136.3033, 34.2971], [136.3026, 34.2968], [136.3009, 34.2966], [136.2985, 34.2953], [136.2979, 34.2955], [136.2964, 34.2964], [136.2956, 34.2967], [136.294, 34.2968], [136.2933, 34.2963], [136.2914, 34.2956], [136.2893, 34.2955], [136.2878, 34.2952], [136.2866, 34.2948], [136.2856, 34.294], [136.2849, 34.2931], [136.2838, 34.2922], [136.2833, 34.2916], [136.2817, 34.2904], [136.2814, 34.2899], [136.2815, 34.2889], [136.2812, 34.2885], [136.2782, 34.2886], [136.2775, 34.2884], [136.2751, 34.288], [136.2726, 34.2888], [136.271, 34.2887], [136.2691, 34.289], [136.2689, 34.2878], [136.268, 34.2869], [136.2675, 34.2856], [136.2664, 34.2839], [136.266, 34.2823], [136.2655, 34.2817], [136.2648, 34.2813], [136.264, 34.2804], [136.2646, 34.2799], [136.2651, 34.2787], [136.2652, 34.2779], [136.2659, 34.2768], [136.2675, 34.2758], [136.2682, 34.2748], [136.2696, 34.2744], [136.2707, 34.2742], [136.2711, 34.2737], [136.2714, 34.273], [136.2721, 34.2725], [136.2728, 34.2721], [136.274, 34.2718], [136.2756, 34.2718], [136.2763, 34.2724], [136.2771, 34.2729], [136.2785, 34.2734], [136.2796, 34.2727], [136.2798, 34.2723], [136.2807, 34.2725], [136.283, 34.2725], [136.2848, 34.2722], [136.2851, 34.2723], [136.2867, 34.2717], [136.2875, 34.2716], [136.2884, 34.2717], [136.2887, 34.2712], [136.2892, 34.2708], [136.2913, 34.2704], [136.2931, 34.2691], [136.2936, 34.2684], [136.2943, 34.2682], [136.2947, 34.2676], [136.2956, 34.2672], [136.2962, 34.2673], [136.2969, 34.2671], [136.297, 34.2664], [136.2977, 34.2654], [136.2978, 34.2648], [136.2992, 34.2635], [136.2996, 34.2628], [136.2993, 34.2624], [136.2981, 34.2617], [136.2975, 34.2611], [136.2971, 34.2603], [136.2965, 34.2602], [136.2957, 34.2597], [136.296, 34.2586], [136.2956, 34.2576], [136.2958, 34.2569], [136.297, 34.2565], [136.2978, 34.2551], [136.2993, 34.2542], [136.2996, 34.2534], [136.2995, 34.2526], [136.3, 34.2516], [136.3019, 34.2506], [136.3024, 34.2506], [136.3035, 34.2509], [136.3038, 34.2508], [136.3041, 34.2503], [136.3051, 34.2502], [136.3055, 34.2497], [136.3062, 34.2493], [136.3068, 34.248], [136.3072, 34.2477], [136.3084, 34.2472], [136.3094, 34.2467], [136.3094, 34.2465], [136.3089, 34.2459], [136.3089, 34.2454], [136.3099, 34.2449], [136.3099, 34.2445], [136.3104, 34.2441], [136.3107, 34.2435], [136.3115, 34.2432], [136.3123, 34.2426], [136.3142, 34.2429], [136.3154, 34.2428], [136.3168, 34.2429], [136.3172, 34.2432], [136.3178, 34.2433], [136.3182, 34.2432], [136.3186, 34.2433], [136.3198, 34.2432], [136.3203, 34.2433], [136.3209, 34.2428], [136.3213, 34.2428], [136.3233, 34.243], [136.3241, 34.2433], [136.3251, 34.243], [136.3263, 34.2434], [136.327, 34.2435], [136.3286, 34.2428], [136.3296, 34.2428], [136.331, 34.2425], [136.3321, 34.2414], [136.3327, 34.2417], [136.333, 34.2416], [136.3337, 34.2417], [136.3341, 34.2412], [136.3355, 34.2405], [136.3362, 34.2406], [136.3372, 34.2403], [136.3378, 34.2405], [136.3385, 34.2406], [136.3394, 34.2414], [136.3402, 34.2417], [136.34, 34.2425], [136.3407, 34.2433], [136.3432, 34.2445], [136.3458, 34.2442], [136.3469, 34.2431], [136.347, 34.2425], [136.3473, 34.2421], [136.3473, 34.2416], [136.3478, 34.2415], [136.3481, 34.241], [136.3494, 34.2409], [136.3506, 34.2404], [136.3516, 34.2408], [136.3525, 34.2407], [136.3528, 34.2404], [136.3532, 34.2405], [136.3537, 34.2405], [136.3557, 34.2402], [136.3568, 34.2402], [136.3568, 34.2396], [136.3573, 34.2384], [136.3578, 34.2378], [136.3579, 34.2367], [136.3589, 34.2356], [136.3591, 34.235], [136.3596, 34.2349], [136.3604, 34.2338], [136.3608, 34.2328], [136.3612, 34.2325], [136.3619, 34.2308], [136.3627, 34.2303], [136.3632, 34.2304], [136.3642, 34.2295], [136.3651, 34.2291], [136.3663, 34.2289], [136.3666, 34.2283], [136.3677, 34.227], [136.3685, 34.2266], [136.3685, 34.2248], [136.3693, 34.2242], [136.3703, 34.2232], [136.3723, 34.2227], [136.3731, 34.2223], [136.3727, 34.2214], [136.3728, 34.22], [136.3724, 34.2195], [136.3726, 34.219], [136.3725, 34.2182], [136.3719, 34.2171], [136.3716, 34.2161], [136.3724, 34.2147], [136.3735, 34.2135], [136.374, 34.2123], [136.374, 34.2115], [136.3742, 34.211], [136.3738, 34.2102], [136.373, 34.2095], [136.3728, 34.2081], [136.3723, 34.2074], [136.3712, 34.2065], [136.3708, 34.2058], [136.3709, 34.2055], [136.3705, 34.2045], [136.3711, 34.2038], [136.3712, 34.2024], [136.3716, 34.2017], [136.3721, 34.2014], [136.3728, 34.1996], [136.3735, 34.1991], [136.3738, 34.1985], [136.3741, 34.1974], [136.3743, 34.1972], [136.3745, 34.1975], [136.3744, 34.1978], [136.3747, 34.1989], [136.3753, 34.1999], [136.3768, 34.1998], [136.3775, 34.1999], [136.3771, 34.2005], [136.3767, 34.2004], [136.3762, 34.201], [136.3761, 34.2016], [136.3765, 34.2022], [136.3766, 34.2023], [136.3773, 34.2021], [136.3783, 34.2023], [136.3785, 34.2022], [136.3789, 34.2023], [136.3798, 34.203], [136.3799, 34.2033], [136.3795, 34.2035], [136.3795, 34.2037], [136.3786, 34.2034], [136.3784, 34.2036], [136.3784, 34.2043], [136.3791, 34.2053], [136.3807, 34.2062], [136.383, 34.2069], [136.3836, 34.2068], [136.3835, 34.2076], [136.3839, 34.208], [136.3843, 34.2082], [136.3849, 34.2081], [136.3854, 34.2083], [136.3857, 34.2083], [136.3856, 34.2081], [136.3859, 34.2081], [136.3872, 34.2092], [136.3868, 34.2093], [136.3866, 34.2096], [136.3856, 34.2098], [136.3854, 34.21], [136.3853, 34.2106], [136.3855, 34.2109], [136.3853, 34.2111], [136.3854, 34.2114], [136.3851, 34.2115], [136.385, 34.2119], [136.3854, 34.2127], [136.3861, 34.2134], [136.3866, 34.2142], [136.3863, 34.2144], [136.3857, 34.2144], [136.3849, 34.2148], [136.3846, 34.2147], [136.3843, 34.2145], [136.3838, 34.2146], [136.3836, 34.2152], [136.3834, 34.2153], [136.3836, 34.2153], [136.3838, 34.2163], [136.3842, 34.2167], [136.3845, 34.2168], [136.3849, 34.2166], [136.3854, 34.2167], [136.3867, 34.2164], [136.3873, 34.2168], [136.3883, 34.2166], [136.3886, 34.2168], [136.3889, 34.2174], [136.3888, 34.2177], [136.3886, 34.2178], [136.3888, 34.2181], [136.3894, 34.2183], [136.3897, 34.2183], [136.39, 34.2185], [136.3898, 34.2188], [136.3901, 34.219], [136.3907, 34.2192], [136.3913, 34.2192], [136.3921, 34.2187], [136.3918, 34.2182], [136.3919, 34.218], [136.3923, 34.218], [136.3923, 34.2182], [136.3928, 34.2184], [136.3926, 34.218], [136.3928, 34.2179], [136.3933, 34.2157], [136.3934, 34.2157], [136.3931, 34.2172], [136.3946, 34.2174], [136.3947, 34.217], [136.3946, 34.2174], [136.396, 34.2176], [136.3964, 34.2187], [136.3963, 34.2192], [136.3969, 34.2199], [136.3975, 34.2199], [136.3973, 34.2185], [136.3968, 34.2179], [136.3973, 34.2185], [136.3994, 34.2184], [136.3994, 34.2181], [136.3995, 34.2189], [136.4002, 34.219], [136.4002, 34.218], [136.3999, 34.2169], [136.3997, 34.2169], [136.3998, 34.2164], [136.4007, 34.216], [136.4013, 34.2159], [136.4015, 34.2155], [136.4014, 34.215], [136.4019, 34.2143], [136.402, 34.2138], [136.4004, 34.2139], [136.4005, 34.2145], [136.4004, 34.214], [136.3993, 34.2141], [136.3994, 34.2149], [136.3983, 34.2151], [136.3981, 34.2168], [136.3975, 34.2167], [136.3975, 34.2171], [136.3972, 34.2172], [136.3973, 34.2161], [136.3971, 34.2153], [136.3968, 34.2149], [136.3958, 34.2149], [136.3955, 34.2133], [136.3948, 34.2133], [136.3946, 34.2129], [136.3941, 34.2126], [136.3927, 34.2119], [136.3924, 34.2119], [136.3912, 34.2123], [136.3914, 34.2121], [136.3923, 34.2119], [136.3918, 34.2115], [136.393, 34.2116], [136.3933, 34.2114], [136.3935, 34.2111], [136.3943, 34.2111], [136.3954, 34.2107], [136.3962, 34.2102], [136.3971, 34.2091], [136.3972, 34.209], [136.3969, 34.2078], [136.3979, 34.2061], [136.3981, 34.2053], [136.3972, 34.2039], [136.3964, 34.2033], [136.3968, 34.2031], [136.3979, 34.2032], [136.3983, 34.2029], [136.3987, 34.2029], [136.399, 34.203], [136.3996, 34.2044], [136.4001, 34.205], [136.4018, 34.2057], [136.4027, 34.2066], [136.4054, 34.2068], [136.4064, 34.2067], [136.4072, 34.2068], [136.4074, 34.2066], [136.4088, 34.2068], [136.4092, 34.2067], [136.4095, 34.2069], [136.4094, 34.2071], [136.4105, 34.2078], [136.4112, 34.2079], [136.4126, 34.2078], [136.413, 34.2084], [136.4129, 34.2089], [136.4126, 34.2098], [136.4127, 34.2104], [136.4131, 34.2108], [136.4137, 34.211], [136.4142, 34.211], [136.4143, 34.2108], [136.4147, 34.2116], [136.4164, 34.2118], [136.4165, 34.212], [136.4163, 34.2125], [136.4164, 34.2127], [136.416, 34.2133], [136.4163, 34.2136], [136.4171, 34.2137], [136.4179, 34.2129], [136.4185, 34.2128], [136.4188, 34.2122], [136.4183, 34.2117], [136.4182, 34.2112], [136.4183, 34.2111], [136.419, 34.2114], [136.4196, 34.2121], [136.4195, 34.2125], [136.4191, 34.2127], [136.4192, 34.2131], [136.4199, 34.2134], [136.4199, 34.2138], [136.4202, 34.2141], [136.4213, 34.2147], [136.422, 34.2148], [136.4233, 34.2143], [136.4234, 34.2136], [136.424, 34.2133], [136.4245, 34.2134], [136.4261, 34.2146], [136.4266, 34.214], [136.4272, 34.2139], [136.4274, 34.2137], [136.4277, 34.2138], [136.4279, 34.2137], [136.4291, 34.2139], [136.4285, 34.2145], [136.4283, 34.2156], [136.4278, 34.2161], [136.4278, 34.2163], [136.4276, 34.2165], [136.4277, 34.2176], [136.4281, 34.2185], [136.4291, 34.2193], [136.4299, 34.2196], [136.4308, 34.2197], [136.4302, 34.2204], [136.4291, 34.2212], [136.4284, 34.2224], [136.4254, 34.2235], [136.4235, 34.2253], [136.4225, 34.226], [136.4219, 34.2267], [136.4209, 34.2291], [136.4206, 34.2302], [136.4209, 34.2324], [136.4208, 34.2329], [136.42, 34.2337], [136.4189, 34.234], [136.4184, 34.2343], [136.4183, 34.235], [136.4184, 34.2356], [136.418, 34.2363], [136.418, 34.237], [136.4174, 34.2375], [136.4169, 34.2376], [136.4165, 34.2382], [136.4169, 34.2401], [136.4168, 34.2419], [136.4173, 34.2425], [136.4174, 34.2431], [136.4188, 34.2446], [136.4195, 34.2471], [136.4193, 34.2481], [136.4181, 34.2493], [136.4176, 34.2501], [136.4174, 34.2509], [136.4175, 34.2523], [136.4183, 34.253], [136.4175, 34.2543], [136.4173, 34.2551], [136.4179, 34.2553], [136.4183, 34.2556], [136.4188, 34.2571], [136.4193, 34.2575], [136.4184, 34.2613], [136.4194, 34.2629], [136.421, 34.2642], [136.422, 34.266], [136.4226, 34.2663], [136.4237, 34.2662], [136.4254, 34.2664], [136.4263, 34.2672], [136.4271, 34.2687], [136.4281, 34.2692], [136.4286, 34.2698], [136.4275, 34.2712], [136.4263, 34.2724], [136.4258, 34.2734], [136.4245, 34.2742], [136.424, 34.2757], [136.4233, 34.2763], [136.4231, 34.2773], [136.4234, 34.2784], [136.4222, 34.28], [136.4213, 34.2808], [136.4209, 34.2817], [136.4204, 34.2822], [136.4202, 34.2826], [136.4193, 34.2835], [136.4197, 34.2854], [136.4206, 34.2858], [136.4219, 34.286], [136.4237, 34.287], [136.4256, 34.2857], [136.4274, 34.285], [136.4297, 34.285], [136.4309, 34.2853], [136.432, 34.2844], [136.433, 34.284], [136.4343, 34.2851], [136.4355, 34.2865], [136.4365, 34.2871], [136.4377, 34.2877], [136.4395, 34.2883], [136.4421, 34.2884], [136.4423, 34.2889], [136.4429, 34.2895], [136.4436, 34.2899], [136.4458, 34.2903], [136.448, 34.29], [136.4499, 34.29], [136.4508, 34.2898], [136.4511, 34.2901], [136.4531, 34.2911], [136.4538, 34.2917], [136.4541, 34.2923], [136.4541, 34.2928], [136.4538, 34.2935], [136.4547, 34.2957], [136.4541, 34.2963], [136.4532, 34.2968], [136.4528, 34.2973], [136.4528, 34.2985], [136.4539, 34.2997], [136.4534, 34.301], [136.4537, 34.3027], [136.455, 34.3051], [136.457, 34.3069], [136.4571, 34.308], [136.4584, 34.309], [136.4579, 34.3098], [136.4577, 34.3104], [136.4567, 34.3117], [136.4568, 34.3129], [136.4566, 34.3152], [136.4572, 34.3171], [136.457, 34.3183], [136.4574, 34.3193], [136.4572, 34.3201], [136.4584, 34.3215], [136.4585, 34.3225], [136.459, 34.3237], [136.4601, 34.3238], [136.461, 34.3243], [136.4613, 34.3247], [136.4625, 34.3256], [136.4637, 34.3267], [136.4639, 34.3275], [136.4652, 34.327], [136.4673, 34.3273], [136.469, 34.3272], [136.4699, 34.3279], [136.4704, 34.3288], [136.4707, 34.3285], [136.4727, 34.3283], [136.4742, 34.3274], [136.4752, 34.327], [136.4799, 34.3269], [136.4823, 34.327], [136.4828, 34.3273], [136.4836, 34.3271], [136.4841, 34.3272], [136.4859, 34.3255], [136.4873, 34.3253], [136.4888, 34.3248], [136.4903, 34.325], [136.491, 34.3254], [136.4922, 34.3257], [136.4929, 34.3262], [136.4942, 34.3267], [136.4976, 34.3266], [136.5, 34.3275], [136.5002, 34.3278], [136.5006, 34.3287], [136.5016, 34.3292], [136.5018, 34.3297], [136.5032, 34.3302], [136.5033, 34.3306], [136.5029, 34.3317], [136.5029, 34.3322], [136.5035, 34.3332], [136.504, 34.3336], [136.5043, 34.3345], [136.5053, 34.3356], [136.5061, 34.3373], [136.5085, 34.338], [136.5113, 34.3382], [136.5123, 34.3381]]], [[[136.3812, 34.182], [136.3814, 34.182], [136.3818, 34.1824], [136.3817, 34.1826], [136.3812, 34.1827], [136.3812, 34.182]]], [[[136.3815, 34.1925], [136.3811, 34.1929], [136.381, 34.1925], [136.3807, 34.1926], [136.3804, 34.1923], [136.3803, 34.1924], [136.3801, 34.1921], [136.3804, 34.192], [136.3814, 34.1923], [136.3815, 34.1925]]], [[[136.3811, 34.1836], [136.3815, 34.1836], [136.3821, 34.1842], [136.3814, 34.1844], [136.3811, 34.1842], [136.381, 34.1844], [136.3811, 34.1836]]], [[[136.3798, 34.1938], [136.3799, 34.194], [136.3797, 34.1941], [136.3795, 34.1947], [136.3799, 34.1947], [136.3798, 34.1948], [136.3799, 34.195], [136.3796, 34.1949], [136.38, 34.1952], [136.3796, 34.195], [136.3795, 34.1953], [136.3794, 34.1951], [136.3791, 34.1953], [136.379, 34.1957], [136.3781, 34.196], [136.3776, 34.1957], [136.377, 34.1957], [136.3765, 34.1958], [136.3761, 34.1961], [136.3766, 34.1956], [136.3785, 34.195], [136.379, 34.1947], [136.3794, 34.194], [136.3798, 34.1938]]]]}, "properties": {"name": "三重県大紀町"}}, {"type": "Feature", "geometry": {"type": "MultiPolygon", "coordinates": [[[[136.2363, 34.0868], [136.2369, 34.0877], [136.2367, 34.0888], [136.237, 34.0892], [136.2362, 34.0899], [136.2353, 34.0901], [136.2353, 34.0906], [136.2352, 34.0907], [136.2343, 34.0908], [136.2343, 34.0913], [136.2345, 34.0916], [136.2344, 34.0916], [136.2344, 34.0918], [136.2342, 34.0921], [136.2336, 34.0922], [136.2329, 34.0928], [136.2333, 34.0931], [136.2326, 34.0932], [136.2327, 34.0934], [136.2324, 34.0933], [136.2325, 34.0936], [136.2324, 34.0939], [136.2322, 34.0939], [136.2323, 34.0942], [136.2321, 34.0942], [136.2322, 34.0944], [136.2319, 34.0944], [136.2317, 34.0947], [136.2315, 34.0947], [136.2317, 34.0951], [136.2316, 34.0954], [136.2313, 34.0953], [136.2313, 34.0956], [136.2309, 34.0959], [136.231, 34.0961], [136.2306, 34.096], [136.2303, 34.0963], [136.2304, 34.0966], [136.2296, 34.0971], [136.2295, 34.0975], [136.2292, 34.0975], [136.2296, 34.0978], [136.2295, 34.0981], [136.2289, 34.0979], [136.2286, 34.0982], [136.2279, 34.0984], [136.2278, 34.0986], [136.2274, 34.0986], [136.2274, 34.0993], [136.2281, 34.1006], [136.2289, 34.1016], [136.2301, 34.1023], [136.2305, 34.1027], [136.2315, 34.1031], [136.2328, 34.103], [136.2334, 34.1025], [136.2347, 34.1022], [136.2346, 34.1028], [136.2351, 34.1033], [136.2367, 34.1042], [136.241, 34.1051], [136.2416, 34.1053], [136.2417, 34.1055], [136.2439, 34.1052], [136.2422, 34.1056], [136.2363, 34.1048], [136.2361, 34.1051], [136.2366, 34.1053], [136.2385, 34.1052], [136.2385, 34.1054], [136.2398, 34.1055], [136.2405, 34.1057], [136.2431, 34.1059], [136.2432, 34.1065], [136.2428, 34.107], [136.2417, 34.1073], [136.2411, 34.1077], [136.2411, 34.1081], [136.2423, 34.1091], [136.2429, 34.1095], [136.2458, 34.1095], [136.2475, 34.1092], [136.2475, 34.1104], [136.2483, 34.1105], [136.2483, 34.1103], [136.2483, 34.1105], [136.2494, 34.1105], [136.2493, 34.1112], [136.2504, 34.1112], [136.2504, 34.1107], [136.25, 34.1107], [136.2505, 34.1107], [136.2505, 34.1112], [136.2508, 34.1112], [136.2511, 34.1114], [136.2527, 34.1117], [136.2529, 34.1127], [136.2522, 34.1126], [136.2524, 34.1127], [136.253, 34.1127], [136.2529, 34.1128], [136.2534, 34.1135], [136.2539, 34.1135], [136.2539, 34.1134], [136.2542, 34.1136], [136.2543, 34.1134], [136.2542, 34.1136], [136.2547, 34.1137], [136.2553, 34.1144], [136.2559, 34.1158], [136.2565, 34.1161], [136.2562, 34.1166], [136.2565, 34.117], [136.2572, 34.1177], [136.2573, 34.1186], [136.2578, 34.1196], [136.2582, 34.1197], [136.2586, 34.1201], [136.2588, 34.1198], [136.2589, 34.1199], [136.2586, 34.1201], [136.2591, 34.1203], [136.2609, 34.1209], [136.261, 34.1208], [136.2609, 34.1209], [136.2611, 34.1211], [136.2615, 34.1213], [136.2618, 34.1218], [136.2619, 34.1218], [136.2618, 34.1218], [136.2619, 34.1222], [136.2622, 34.1221], [136.2619, 34.1222], [136.2621, 34.123], [136.2627, 34.1245], [136.2634, 34.125], [136.2633, 34.1252], [136.2635, 34.125], [136.2637, 34.1251], [136.2643, 34.125], [136.2645, 34.1248], [136.2643, 34.1245], [136.2645, 34.1248], [136.2651, 34.1242], [136.2656, 34.1243], [136.2659, 34.1249], [136.266, 34.1248], [136.2659, 34.1249], [136.266, 34.1252], [136.2663, 34.1249], [136.2664, 34.1251], [136.266, 34.1252], [136.2662, 34.1255], [136.2664, 34.1254], [136.2662, 34.1255], [136.2663, 34.1256], [136.2665, 34.1256], [136.2663, 34.1256], [136.2669, 34.1263], [136.2671, 34.1269], [136.2675, 34.1268], [136.2671, 34.1269], [136.2673, 34.127], [136.2672, 34.1271], [136.268, 34.129], [136.2683, 34.129], [136.2683, 34.1289], [136.2684, 34.1291], [136.2701, 34.1287], [136.2714, 34.128], [136.2712, 34.1279], [136.2711, 34.1276], [136.2714, 34.128], [136.2715, 34.1277], [136.2718, 34.1278], [136.2725, 34.1273], [136.2729, 34.1273], [136.2731, 34.1275], [136.2728, 34.127], [136.2732, 34.1269], [136.2728, 34.127], [136.2726, 34.1267], [136.271, 34.1269], [136.2711, 34.1263], [136.272, 34.125], [136.2719, 34.1245], [136.2721, 34.1241], [136.2729, 34.1237], [136.2735, 34.123], [136.2744, 34.1226], [136.2756, 34.1224], [136.2756, 34.1221], [136.2753, 34.1215], [136.2738, 34.1215], [136.2718, 34.1205], [136.2716, 34.1206], [136.2711, 34.1215], [136.2699, 34.1217], [136.2694, 34.1208], [136.2699, 34.1202], [136.27, 34.1198], [136.2697, 34.1192], [136.2693, 34.1188], [136.2699, 34.1183], [136.2702, 34.1183], [136.2698, 34.1177], [136.2694, 34.1175], [136.2701, 34.1168], [136.2695, 34.1164], [136.2688, 34.1171], [136.2682, 34.1166], [136.2679, 34.1172], [136.2672, 34.1172], [136.2666, 34.1176], [136.2663, 34.1175], [136.2661, 34.117], [136.2663, 34.1164], [136.2661, 34.1163], [136.2654, 34.1164], [136.265, 34.1161], [136.2647, 34.1158], [136.2647, 34.1153], [136.2642, 34.1148], [136.2643, 34.1139], [136.2645, 34.1137], [136.2647, 34.1136], [136.2657, 34.1137], [136.2663, 34.1134], [136.2654, 34.1121], [136.2643, 34.1117], [136.2641, 34.1112], [136.2634, 34.1107], [136.2627, 34.1106], [136.2618, 34.11], [136.2615, 34.1091], [136.2606, 34.1087], [136.2602, 34.109], [136.2601, 34.108], [136.2598, 34.1077], [136.2589, 34.1074], [136.2584, 34.107], [136.2568, 34.107], [136.2551, 34.1064], [136.2549, 34.1064], [136.2549, 34.1066], [136.2547, 34.1066], [136.2547, 34.1056], [136.2541, 34.1046], [136.2535, 34.1045], [136.2521, 34.1044], [136.2505, 34.1047], [136.25, 34.1044], [136.2495, 34.1038], [136.248, 34.1029], [136.2484, 34.1029], [136.2491, 34.1021], [136.2493, 34.1017], [136.2491, 34.1012], [136.2495, 34.1009], [136.2506, 34.0995], [136.2511, 34.0978], [136.2511, 34.0971], [136.2505, 34.0957], [136.2499, 34.0954], [136.2495, 34.0955], [136.249, 34.0954], [136.249, 34.0952], [136.2497, 34.0944], [136.2495, 34.0942], [136.25, 34.0942], [136.2505, 34.0936], [136.2503, 34.0933], [136.2508, 34.0932], [136.2511, 34.0928], [136.2526, 34.0918], [136.2524, 34.0916], [136.2527, 34.0916], [136.2527, 34.0913], [136.2532, 34.0912], [136.2531, 34.091], [136.2534, 34.0908], [136.253, 34.0905], [136.2537, 34.0904], [136.2536, 34.0901], [136.2534, 34.09], [136.2535, 34.0899], [136.2547, 34.0896], [136.2548, 34.0892], [136.2543, 34.0888], [136.2543, 34.0885], [136.2541, 34.0883], [136.2542, 34.0882], [136.2548, 34.0886], [136.2565, 34.0892], [136.2575, 34.09], [136.2571, 34.0906], [136.2558, 34.0915], [136.2553, 34.0924], [136.255, 34.0943], [136.2546, 34.0953], [136.2547, 34.0972], [136.2551, 34.099], [136.2557, 34.1004], [136.2566, 34.1009], [136.2574, 34.1016], [136.2583, 34.1032], [136.2601, 34.1035], [136.263, 34.1048], [136.2633, 34.105], [136.2634, 34.1057], [136.2638, 34.1059], [136.2645, 34.1056], [136.2654, 34.1057], [136.2661, 34.1064], [136.2669, 34.1067], [136.2698, 34.1071], [136.2708, 34.1077], [136.2716, 34.1079], [136.2721, 34.1085], [136.2729, 34.1086], [136.2734, 34.109], [136.2751, 34.1094], [136.2757, 34.1102], [136.2759, 34.1123], [136.2768, 34.1124], [136.2774, 34.1127], [136.2783, 34.1127], [136.2794, 34.1133], [136.2804, 34.1132], [136.2823, 34.1128], [136.2826, 34.112], [136.2838, 34.1118], [136.2842, 34.1114], [136.2856, 34.111], [136.2861, 34.1105], [136.2878, 34.1105], [136.2884, 34.1089], [136.289, 34.1086], [136.2899, 34.1076], [136.2905, 34.1075], [136.2924, 34.1078], [136.2931, 34.1069], [136.2934, 34.106], [136.2938, 34.1056], [136.2949, 34.1051], [136.2952, 34.1047], [136.2966, 34.105], [136.2986, 34.1043], [136.2993, 34.1037], [136.2996, 34.1033], [136.2995, 34.1021], [136.3006, 34.1014], [136.3008, 34.1009], [136.3019, 34.0996], [136.3025, 34.0993], [136.3022, 34.0995], [136.3022, 34.0997], [136.3032, 34.0996], [136.303, 34.0998], [136.3025, 34.0999], [136.3027, 34.1], [136.3022, 34.1002], [136.3022, 34.1007], [136.304, 34.1026], [136.3038, 34.1027], [136.304, 34.1027], [136.3038, 34.1028], [136.304, 34.1029], [136.3038, 34.1031], [136.3038, 34.1034], [136.3041, 34.1039], [136.305, 34.1046], [136.3056, 34.1047], [136.3055, 34.1048], [136.3057, 34.1048], [136.3056, 34.1049], [136.3059, 34.105], [136.306, 34.1054], [136.3065, 34.1051], [136.3067, 34.1052], [136.3065, 34.1053], [136.3074, 34.1051], [136.3077, 34.1052], [136.3076, 34.1059], [136.3071, 34.1059], [136.3074, 34.1061], [136.3069, 34.1061], [136.3057, 34.1069], [136.3055, 34.1077], [136.3056, 34.1081], [136.3062, 34.1081], [136.3061, 34.1084], [136.3063, 34.1084], [136.306, 34.1087], [136.306, 34.1088], [136.3072, 34.1092], [136.3071, 34.1093], [136.3077, 34.1096], [136.3075, 34.1097], [136.3078, 34.1099], [136.3076, 34.1099], [136.3082, 34.1101], [136.3075, 34.11], [136.3078, 34.1113], [136.308, 34.1114], [136.308, 34.1119], [136.3083, 34.112], [136.3079, 34.1122], [136.3081, 34.1123], [136.3079, 34.1123], [136.3077, 34.1126], [136.3077, 34.1135], [136.3084, 34.1137], [136.3085, 34.1139], [136.3088, 34.1137], [136.3091, 34.1137], [136.3095, 34.1138], [136.3096, 34.1142], [136.3097, 34.1139], [136.3103, 34.114], [136.3101, 34.1143], [136.3098, 34.1144], [136.3101, 34.1149], [136.3108, 34.115], [136.3108, 34.1147], [136.3111, 34.1146], [136.3111, 34.1151], [136.3118, 34.1152], [136.3117, 34.115], [136.312, 34.1151], [136.3122, 34.1148], [136.3126, 34.1149], [136.3128, 34.1152], [136.3125, 34.1146], [136.3129, 34.1146], [136.3132, 34.1147], [136.313, 34.1145], [136.3131, 34.1143], [136.3133, 34.1145], [136.3137, 34.1142], [136.3154, 34.1141], [136.3155, 34.1143], [136.3154, 34.1144], [136.3152, 34.1143], [136.3153, 34.1144], [136.3151, 34.1145], [136.3154, 34.1146], [136.315, 34.1146], [136.3156, 34.1148], [136.3154, 34.1149], [136.3156, 34.115], [136.3155, 34.1152], [136.3153, 34.1152], [136.3155, 34.1153], [136.3146, 34.1153], [136.3144, 34.1155], [136.3142, 34.1154], [136.3144, 34.1158], [136.314, 34.1157], [136.3136, 34.1152], [136.3133, 34.1154], [136.3129, 34.1159], [136.3129, 34.1163], [136.3127, 34.1164], [136.3129, 34.1167], [136.3128, 34.1169], [136.3129, 34.117], [136.3127, 34.117], [136.3129, 34.1171], [136.3126, 34.1171], [136.313, 34.1172], [136.3128, 34.1173], [136.3131, 34.1173], [136.3132, 34.1175], [136.313, 34.1177], [136.3124, 34.1177], [136.3124, 34.1178], [136.313, 34.1179], [136.3129, 34.1181], [136.3116, 34.1181], [136.3111, 34.1179], [136.3111, 34.1176], [136.3109, 34.1175], [136.3097, 34.1176], [136.3096, 34.1178], [136.3093, 34.1179], [136.309, 34.1182], [136.3087, 34.118], [136.3088, 34.118], [136.3088, 34.1177], [136.3084, 34.1177], [136.3085, 34.1175], [136.308, 34.1175], [136.3071, 34.1179], [136.307, 34.118], [136.3072, 34.1181], [136.3069, 34.1179], [136.3066, 34.1182], [136.3064, 34.1186], [136.3069, 34.1187], [136.3071, 34.119], [136.3073, 34.119], [136.3072, 34.1193], [136.3068, 34.1193], [136.307, 34.1191], [136.3067, 34.1192], [136.3063, 34.1188], [136.3063, 34.119], [136.3061, 34.119], [136.306, 34.1192], [136.3056, 34.1191], [136.3055, 34.119], [136.3057, 34.1189], [136.3057, 34.1187], [136.3061, 34.1186], [136.3059, 34.1184], [136.306, 34.1181], [136.3059, 34.1178], [136.305, 34.1172], [136.3042, 34.117], [136.3031, 34.1171], [136.3022, 34.1174], [136.3021, 34.1177], [136.3018, 34.1178], [136.3014, 34.1178], [136.3012, 34.118], [136.3011, 34.1184], [136.301, 34.1183], [136.3008, 34.1184], [136.3002, 34.1182], [136.2983, 34.1185], [136.2981, 34.1183], [136.2987, 34.1177], [136.2982, 34.117], [136.2968, 34.1165], [136.2964, 34.1169], [136.296, 34.1169], [136.2962, 34.1161], [136.2961, 34.1158], [136.2969, 34.1152], [136.297, 34.1147], [136.2948, 34.1141], [136.2956, 34.1142], [136.2966, 34.1146], [136.2973, 34.1142], [136.2975, 34.1144], [136.2987, 34.113], [136.2957, 34.1121], [136.2957, 34.1123], [136.2951, 34.1123], [136.2951, 34.1131], [136.295, 34.1123], [136.2931, 34.1124], [136.293, 34.1121], [136.293, 34.1124], [136.2926, 34.1125], [136.2928, 34.1128], [136.2921, 34.1128], [136.292, 34.1131], [136.2918, 34.113], [136.2917, 34.1133], [136.2908, 34.1134], [136.2898, 34.1142], [136.2894, 34.1148], [136.2893, 34.1154], [136.2899, 34.1162], [136.2907, 34.1164], [136.2909, 34.1166], [136.2911, 34.117], [136.2909, 34.1172], [136.2913, 34.1174], [136.2911, 34.1175], [136.2913, 34.1176], [136.2901, 34.1174], [136.289, 34.1176], [136.2889, 34.1177], [136.2875, 34.1176], [136.2872, 34.1169], [136.2865, 34.1168], [136.2865, 34.1166], [136.2864, 34.1168], [136.2855, 34.1171], [136.2852, 34.1175], [136.2845, 34.1177], [136.2838, 34.1185], [136.2833, 34.1199], [136.2829, 34.1217], [136.2832, 34.1226], [136.2857, 34.1239], [136.2878, 34.1253], [136.2905, 34.1261], [136.2907, 34.1263], [136.2912, 34.1266], [136.2914, 34.1269], [136.2928, 34.1271], [136.2922, 34.1273], [136.2916, 34.1272], [136.2912, 34.1277], [136.2914, 34.1279], [136.2914, 34.128], [136.291, 34.1281], [136.2907, 34.1279], [136.2908, 34.1282], [136.2903, 34.1281], [136.2902, 34.1284], [136.2904, 34.1286], [136.2901, 34.1286], [136.2897, 34.1288], [136.2897, 34.1287], [136.2894, 34.1288], [136.289, 34.1292], [136.289, 34.1299], [136.2895, 34.1303], [136.2895, 34.1304], [136.2894, 34.1304], [136.2896, 34.1309], [136.2893, 34.131], [136.2902, 34.1314], [136.2895, 34.1316], [136.289, 34.1324], [136.2887, 34.1324], [136.2885, 34.1322], [136.2879, 34.132], [136.2883, 34.1318], [136.2884, 34.1311], [136.2881, 34.1305], [136.2875, 34.1302], [136.2876, 34.1301], [136.2862, 34.1305], [136.2867, 34.1302], [136.2873, 34.13], [136.2874, 34.1294], [136.2872, 34.1293], [136.2875, 34.1291], [136.2865, 34.1285], [136.2865, 34.1286], [136.2865, 34.1285], [136.2855, 34.1287], [136.2853, 34.1288], [136.2854, 34.1289], [136.2852, 34.1297], [136.2858, 34.1303], [136.2851, 34.1297], [136.2848, 34.1297], [136.2845, 34.1299], [136.2846, 34.1303], [136.284, 34.1304], [136.2839, 34.1306], [136.2832, 34.1304], [136.2831, 34.1298], [136.2828, 34.1298], [136.2822, 34.1299], [136.2818, 34.1301], [136.2812, 34.13], [136.2805, 34.1305], [136.28, 34.1314], [136.28, 34.1319], [136.2803, 34.1321], [136.28, 34.132], [136.2799, 34.1322], [136.2801, 34.1325], [136.2805, 34.1327], [136.2803, 34.1327], [136.2808, 34.133], [136.2804, 34.133], [136.2802, 34.1336], [136.2806, 34.1342], [136.2802, 34.1343], [136.2802, 34.1341], [136.2801, 34.1343], [136.2799, 34.1341], [136.2795, 34.1341], [136.279, 34.1347], [136.2791, 34.1351], [136.2795, 34.1353], [136.2798, 34.1357], [136.2798, 34.1359], [136.2796, 34.1359], [136.2797, 34.136], [136.2794, 34.1362], [136.2797, 34.1365], [136.2794, 34.1367], [136.2791, 34.1367], [136.279, 34.1365], [136.279, 34.1367], [136.2784, 34.1363], [136.2777, 34.1365], [136.277, 34.1364], [136.2774, 34.1366], [136.2768, 34.1366], [136.2771, 34.1366], [136.2767, 34.1372], [136.2765, 34.1379], [136.2765, 34.1387], [136.2767, 34.1396], [136.2781, 34.1421], [136.2791, 34.1428], [136.2798, 34.1429], [136.2802, 34.1426], [136.2802, 34.1425], [136.2805, 34.1424], [136.2812, 34.1428], [136.2817, 34.1432], [136.2814, 34.1432], [136.2813, 34.1437], [136.2815, 34.1444], [136.2818, 34.1449], [136.2828, 34.1454], [136.2837, 34.1455], [136.2841, 34.1468], [136.2843, 34.1471], [136.2841, 34.147], [136.2844, 34.1473], [136.2842, 34.1472], [136.2846, 34.1478], [136.2848, 34.1478], [136.2849, 34.148], [136.2851, 34.1478], [136.2854, 34.1479], [136.2857, 34.1481], [136.2857, 34.1482], [136.2861, 34.1482], [136.3104, 34.1427], [136.3127, 34.1425], [136.3184, 34.143], [136.3298, 34.1451], [136.3704, 34.1457], [136.375, 34.1466], [136.3363, 34.183], [136.3365, 34.1832], [136.3359, 34.1832], [136.3351, 34.1834], [136.3342, 34.184], [136.3337, 34.1847], [136.3336, 34.1855], [136.3331, 34.1857], [136.3323, 34.1867], [136.3322, 34.1877], [136.3326, 34.1891], [136.3332, 34.19], [136.3341, 34.1906], [136.3351, 34.1909], [136.3354, 34.1908], [136.3361, 34.1909], [136.336, 34.1911], [136.3368, 34.1913], [136.3372, 34.1918], [136.3381, 34.1919], [136.3382, 34.1923], [136.3386, 34.1929], [136.3387, 34.1938], [136.3386, 34.1939], [136.3383, 34.1956], [136.3388, 34.1964], [136.338, 34.1967], [136.3375, 34.1972], [136.3352, 34.1969], [136.3339, 34.197], [136.3337, 34.1968], [136.3329, 34.1967], [136.3311, 34.1969], [136.3307, 34.1966], [136.3309, 34.1963], [136.3322, 34.1959], [136.333, 34.1951], [136.331, 34.1934], [136.3303, 34.1932], [136.3304, 34.1933], [136.3295, 34.1938], [136.3292, 34.1943], [136.3292, 34.1954], [136.3301, 34.1966], [136.3299, 34.1966], [136.3299, 34.1967], [136.3293, 34.197], [136.3285, 34.197], [136.3279, 34.1958], [136.3275, 34.1954], [136.3273, 34.1957], [136.3258, 34.1949], [136.3246, 34.1953], [136.3241, 34.1943], [136.3243, 34.1942], [136.3243, 34.194], [136.3236, 34.1936], [136.3234, 34.1937], [136.3235, 34.1941], [136.3234, 34.1945], [136.3219, 34.1949], [136.322, 34.1949], [136.3219, 34.1952], [136.3221, 34.1955], [136.3217, 34.1958], [136.3221, 34.196], [136.3221, 34.1962], [136.3218, 34.1962], [136.3218, 34.1964], [136.3219, 34.1962], [136.3226, 34.1963], [136.3253, 34.1971], [136.3251, 34.1972], [136.3253, 34.1971], [136.3261, 34.1978], [136.3265, 34.1982], [136.3271, 34.1983], [136.3277, 34.1988], [136.3282, 34.1995], [136.329, 34.1983], [136.3292, 34.1982], [136.331, 34.1988], [136.3315, 34.1986], [136.3318, 34.1982], [136.3325, 34.1977], [136.3329, 34.1976], [136.3338, 34.1981], [136.3349, 34.1975], [136.3352, 34.1975], [136.3368, 34.1979], [136.3382, 34.2005], [136.3388, 34.2003], [136.339, 34.2007], [136.3381, 34.2011], [136.3385, 34.2018], [136.3398, 34.2015], [136.3379, 34.2024], [136.3376, 34.2042], [136.3394, 34.2044], [136.3399, 34.2042], [136.3399, 34.2047], [136.3412, 34.2054], [136.3437, 34.2064], [136.3441, 34.2061], [136.3442, 34.2062], [136.3439, 34.2063], [136.3439, 34.2066], [136.3441, 34.2066], [136.3439, 34.2068], [136.3441, 34.2068], [136.3442, 34.2069], [136.3443, 34.2066], [136.3443, 34.2069], [136.3442, 34.2069], [136.344, 34.2068], [136.3439, 34.2067], [136.3439, 34.2068], [136.3445, 34.2071], [136.3466, 34.2076], [136.3466, 34.2074], [136.3463, 34.2073], [136.3465, 34.2073], [136.3475, 34.2077], [136.3479, 34.2075], [136.3492, 34.2078], [136.3495, 34.2082], [136.3494, 34.2092], [136.3491, 34.2092], [136.3493, 34.21], [136.35, 34.2103], [136.3502, 34.2101], [136.3501, 34.2103], [136.3506, 34.2104], [136.3507, 34.2102], [136.3506, 34.2104], [136.3518, 34.2107], [136.3519, 34.2109], [136.3519, 34.2112], [136.3527, 34.2117], [136.3521, 34.2119], [136.3529, 34.2122], [136.3539, 34.2114], [136.3536, 34.2108], [136.3521, 34.2098], [136.3524, 34.2091], [136.3537, 34.2083], [136.3546, 34.2081], [136.3552, 34.2085], [136.3558, 34.2084], [136.3558, 34.2083], [136.3558, 34.2084], [136.3573, 34.2083], [136.3583, 34.2085], [136.3583, 34.209], [136.3584, 34.2085], [136.3587, 34.2081], [136.3594, 34.2081], [136.3593, 34.208], [136.3601, 34.2079], [136.3598, 34.2073], [136.3602, 34.2072], [136.3591, 34.2071], [136.3585, 34.2068], [136.3564, 34.2066], [136.3554, 34.2063], [136.3544, 34.2062], [136.3529, 34.2057], [136.3524, 34.2052], [136.3517, 34.2052], [136.3517, 34.2048], [136.3513, 34.2046], [136.3503, 34.2046], [136.3493, 34.205], [136.3487, 34.2049], [136.3485, 34.2047], [136.3489, 34.2046], [136.3488, 34.2044], [136.3489, 34.2042], [136.3491, 34.2043], [136.3495, 34.2039], [136.3509, 34.2036], [136.3516, 34.2021], [136.3514, 34.201], [136.3508, 34.2001], [136.3503, 34.1998], [136.3493, 34.2002], [136.3488, 34.1998], [136.3488, 34.1996], [136.3491, 34.1997], [136.3496, 34.1993], [136.3496, 34.199], [136.35, 34.1987], [136.3502, 34.1983], [136.35, 34.1978], [136.3502, 34.1977], [136.3501, 34.1975], [136.3504, 34.1971], [136.35, 34.1968], [136.3507, 34.1961], [136.3504, 34.1958], [136.3507, 34.1956], [136.3496, 34.195], [136.3495, 34.1945], [136.3497, 34.1945], [136.3501, 34.1946], [136.3503, 34.1944], [136.3507, 34.1946], [136.3506, 34.1948], [136.3509, 34.1946], [136.3516, 34.1947], [136.3514, 34.1945], [136.3516, 34.1945], [136.3518, 34.1946], [136.3517, 34.1949], [136.352, 34.195], [136.3525, 34.195], [136.3526, 34.1946], [136.353, 34.1946], [136.3531, 34.1949], [136.3533, 34.1948], [136.3531, 34.1951], [136.3533, 34.1949], [136.3533, 34.1952], [136.3535, 34.195], [136.3539, 34.1957], [136.3541, 34.1956], [136.3542, 34.1954], [136.3545, 34.1954], [136.3545, 34.1958], [136.3547, 34.1956], [136.3548, 34.196], [136.3544, 34.1963], [136.3547, 34.1967], [136.3545, 34.1969], [136.3548, 34.197], [136.3551, 34.1976], [136.3555, 34.1977], [136.3555, 34.1979], [136.3559, 34.198], [136.3559, 34.1989], [136.3566, 34.1992], [136.3572, 34.1992], [136.3586, 34.1989], [136.3597, 34.1982], [136.3597, 34.1979], [136.3595, 34.1979], [136.3596, 34.1977], [136.3598, 34.1979], [136.3601, 34.1978], [136.3603, 34.1971], [136.3602, 34.1965], [136.3599, 34.1962], [136.3589, 34.1961], [136.3588, 34.1958], [136.359, 34.1954], [136.3602, 34.1948], [136.3612, 34.194], [136.3622, 34.1927], [136.3626, 34.1911], [136.3625, 34.1897], [136.3624, 34.1894], [136.3615, 34.1893], [136.3618, 34.1892], [136.3617, 34.1891], [136.3625, 34.189], [136.3632, 34.1893], [136.3631, 34.1894], [136.3638, 34.1895], [136.3636, 34.1893], [136.364, 34.1892], [136.3646, 34.1895], [136.3643, 34.1902], [136.3647, 34.19], [136.3654, 34.1902], [136.365, 34.1906], [136.3654, 34.1916], [136.366, 34.1921], [136.3673, 34.1927], [136.3677, 34.1925], [136.3673, 34.1929], [136.3676, 34.1932], [136.368, 34.1931], [136.3679, 34.1934], [136.3685, 34.1935], [136.369, 34.1933], [136.3691, 34.1935], [136.3694, 34.1933], [136.3707, 34.1942], [136.3706, 34.1943], [136.3708, 34.1946], [136.3705, 34.1949], [136.3708, 34.1953], [136.3706, 34.1954], [136.3706, 34.1959], [136.3708, 34.1962], [136.371, 34.1962], [136.3711, 34.1967], [136.3721, 34.1971], [136.3736, 34.1969], [136.3743, 34.1972], [136.3741, 34.1974], [136.3738, 34.1985], [136.3735, 34.1991], [136.3728, 34.1996], [136.3721, 34.2014], [136.3716, 34.2017], [136.3712, 34.2024], [136.3711, 34.2038], [136.3705, 34.2045], [136.3709, 34.2055], [136.3708, 34.2058], [136.3712, 34.2065], [136.3723, 34.2074], [136.3728, 34.2081], [136.373, 34.2095], [136.3738, 34.2102], [136.3742, 34.211], [136.374, 34.2115], [136.374, 34.2123], [136.3735, 34.2135], [136.3724, 34.2147], [136.3716, 34.2161], [136.3719, 34.2171], [136.3725, 34.2182], [136.3726, 34.219], [136.3724, 34.2195], [136.3728, 34.22], [136.3727, 34.2214], [136.3731, 34.2223], [136.3723, 34.2227], [136.3703, 34.2232], [136.3693, 34.2242], [136.3685, 34.2248], [136.3685, 34.2266], [136.3677, 34.227], [136.3666, 34.2283], [136.3663, 34.2289], [136.3651, 34.2291], [136.3642, 34.2295], [136.3632, 34.2304], [136.3627, 34.2303], [136.3619, 34.2308], [136.3612, 34.2325], [136.3608, 34.2328], [136.3604, 34.2338], [136.3596, 34.2349], [136.3591, 34.235], [136.3589, 34.2356], [136.3579, 34.2367], [136.3578, 34.2378], [136.3573, 34.2384], [136.3568, 34.2396], [136.3568, 34.2402], [136.3557, 34.2402], [136.3537, 34.2405], [136.3532, 34.2405], [136.3528, 34.2404], [136.3525, 34.2407], [136.3516, 34.2408], [136.3506, 34.2404], [136.3494, 34.2409], [136.3481, 34.241], [136.3478, 34.2415], [136.3473, 34.2416], [136.3473, 34.2421], [136.347, 34.2425], [136.3469, 34.2431], [136.3458, 34.2442], [136.3432, 34.2445], [136.3407, 34.2433], [136.34, 34.2425], [136.3402, 34.2417], [136.3394, 34.2414], [136.3385, 34.2406], [136.3378, 34.2405], [136.3372, 34.2403], [136.3362, 34.2406], [136.3355, 34.2405], [136.3341, 34.2412], [136.3337, 34.2417], [136.333, 34.2416], [136.3327, 34.2417], [136.3321, 34.2414], [136.331, 34.2425], [136.3296, 34.2428], [136.3286, 34.2428], [136.327, 34.2435], [136.3263, 34.2434], [136.3251, 34.243], [136.3241, 34.2433], [136.3233, 34.243], [136.3213, 34.2428], [136.3209, 34.2428], [136.3203, 34.2433], [136.3198, 34.2432], [136.3186, 34.2433], [136.3182, 34.2432], [136.3178, 34.2433], [136.3172, 34.2432], [136.3168, 34.2429], [136.3154, 34.2428], [136.3142, 34.2429], [136.3123, 34.2426], [136.3115, 34.2432], [136.3107, 34.2435], [136.3104, 34.2441], [136.3099, 34.2445], [136.3099, 34.2449], [136.3089, 34.2454], [136.3089, 34.2459], [136.3094, 34.2465], [136.3094, 34.2467], [136.3084, 34.2472], [136.3072, 34.2477], [136.3068, 34.248], [136.3062, 34.2493], [136.3055, 34.2497], [136.3051, 34.2502], [136.3041, 34.2503], [136.3038, 34.2508], [136.3035, 34.2509], [136.3024, 34.2506], [136.3019, 34.2506], [136.3, 34.2516], [136.2995, 34.2526], [136.2996, 34.2534], [136.2993, 34.2542], [136.2978, 34.2551], [136.297, 34.2565], [136.2958, 34.2569], [136.2956, 34.2576], [136.296, 34.2586], [136.2957, 34.2597], [136.2965, 34.2602], [136.2971, 34.2603], [136.2975, 34.2611], [136.2981, 34.2617], [136.2993, 34.2624], [136.2996, 34.2628], [136.2992, 34.2635], [136.2978, 34.2648], [136.2977, 34.2654], [136.297, 34.2664], [136.2969, 34.2671], [136.2962, 34.2673], [136.2956, 34.2672], [136.2947, 34.2676], [136.2943, 34.2682], [136.2936, 34.2684], [136.2931, 34.2691], [136.2913, 34.2704], [136.2892, 34.2708], [136.2887, 34.2712], [136.2884, 34.2717], [136.2875, 34.2716], [136.2867, 34.2717], [136.2851, 34.2723], [136.2848, 34.2722], [136.283, 34.2725], [136.2807, 34.2725], [136.2798, 34.2723], [136.2796, 34.2727], [136.2785, 34.2734], [136.2771, 34.2729], [136.2763, 34.2724], [136.2756, 34.2718], [136.274, 34.2718], [136.2728, 34.2721], [136.2721, 34.2725], [136.2714, 34.273], [136.2711, 34.2737], [136.2707, 34.2742], [136.2696, 34.2744], [136.2688, 34.2733], [136.2676, 34.2725], [136.2666, 34.2711], [136.2648, 34.2702], [136.2639, 34.2695], [136.2632, 34.2691], [136.262, 34.2681], [136.261, 34.2668], [136.2591, 34.2653], [136.2582, 34.2652], [136.2577, 34.2643], [136.2559, 34.2637], [136.2542, 34.2629], [136.253, 34.2632], [136.2509, 34.2645], [136.2496, 34.2647], [136.2471, 34.2641], [136.2449, 34.2629], [136.2445, 34.2621], [136.2429, 34.2614], [136.2425, 34.2606], [136.2411, 34.2587], [136.2401, 34.2582], [136.2388, 34.2572], [136.2384, 34.2561], [136.2385, 34.2556], [136.2399, 34.2531], [136.2401, 34.2523], [136.2405, 34.2518], [136.2413, 34.2513], [136.2402, 34.2495], [136.24, 34.2489], [136.2404, 34.2476], [136.2388, 34.2478], [136.2364, 34.2475], [136.2358, 34.2472], [136.2342, 34.247], [136.2319, 34.2468], [136.2282, 34.2453], [136.2261, 34.2464], [136.2243, 34.2468], [136.2235, 34.2467], [136.2201, 34.2461], [136.2184, 34.2464], [136.2175, 34.246], [136.2173, 34.2455], [136.2175, 34.2432], [136.2173, 34.2422], [136.2174, 34.2409], [136.218, 34.24], [136.2174, 34.238], [136.2166, 34.2368], [136.2144, 34.2342], [136.2135, 34.2323], [136.2117, 34.2314], [136.2072, 34.2302], [136.2062, 34.2294], [136.2056, 34.2285], [136.2055, 34.2266], [136.206, 34.2259], [136.2066, 34.224], [136.2078, 34.2228], [136.2076, 34.2213], [136.2073, 34.2208], [136.2053, 34.2186], [136.2049, 34.2183], [136.204, 34.2185], [136.2015, 34.2196], [136.1994, 34.2194], [136.1978, 34.2199], [136.197, 34.2205], [136.1961, 34.2201], [136.1955, 34.2201], [136.1949, 34.2193], [136.1916, 34.2166], [136.1917, 34.2156], [136.1907, 34.2133], [136.1897, 34.2126], [136.1897, 34.2118], [136.1891, 34.211], [136.1887, 34.2096], [136.1889, 34.2089], [136.1888, 34.208], [136.1891, 34.2072], [136.1897, 34.207], [136.1899, 34.2064], [136.1896, 34.2058], [136.1898, 34.2051], [136.1896, 34.2045], [136.1896, 34.2037], [136.1901, 34.2031], [136.1903, 34.2025], [136.1898, 34.2019], [136.1899, 34.2002], [136.1897, 34.1996], [136.1904, 34.1983], [136.1913, 34.1982], [136.1909, 34.1967], [136.1913, 34.196], [136.1924, 34.1955], [136.1922, 34.1946], [136.1924, 34.1938], [136.1916, 34.1935], [136.1909, 34.1937], [136.19, 34.1935], [136.1883, 34.1934], [136.1874, 34.1925], [136.1865, 34.1909], [136.1857, 34.1911], [136.1846, 34.1906], [136.1838, 34.1907], [136.1829, 34.1904], [136.1822, 34.1909], [136.1815, 34.1909], [136.1766, 34.1898], [136.1762, 34.1899], [136.1757, 34.1902], [136.1752, 34.1901], [136.1741, 34.1892], [136.1734, 34.189], [136.1729, 34.1882], [136.1721, 34.1881], [136.1711, 34.1877], [136.1699, 34.1878], [136.1688, 34.1876], [136.1679, 34.1876], [136.1673, 34.1874], [136.1665, 34.1875], [136.1634, 34.1864], [136.1613, 34.1863], [136.1589, 34.1848], [136.157, 34.1847], [136.155, 34.185], [136.1543, 34.1852], [136.1532, 34.1862], [136.1525, 34.1856], [136.152, 34.1846], [136.1509, 34.1841], [136.1501, 34.1833], [136.1501, 34.1827], [136.1487, 34.1799], [136.1491, 34.179], [136.1477, 34.1779], [136.1464, 34.1771], [136.1463, 34.1754], [136.1461, 34.1746], [136.1463, 34.1745], [136.1466, 34.1735], [136.1462, 34.173], [136.1461, 34.1725], [136.1462, 34.1721], [136.1467, 34.1715], [136.147, 34.1706], [136.1465, 34.1707], [136.1456, 34.1701], [136.1451, 34.1696], [136.1433, 34.169], [136.1423, 34.1677], [136.1419, 34.1667], [136.1398, 34.1679], [136.1383, 34.1677], [136.1365, 34.1668], [136.1361, 34.1659], [136.1354, 34.1652], [136.1341, 34.1653], [136.1321, 34.1647], [136.1309, 34.1654], [136.1293, 34.1655], [136.1287, 34.1665], [136.128, 34.1694], [136.1242, 34.1688], [136.1228, 34.1683], [136.1218, 34.1684], [136.1204, 34.1656], [136.1181, 34.1668], [136.1155, 34.167], [136.1139, 34.1668], [136.1121, 34.1675], [136.1118, 34.1663], [136.1113, 34.1655], [136.1112, 34.1646], [136.1119, 34.1641], [136.1133, 34.1637], [136.1136, 34.1634], [136.1138, 34.1621], [136.1148, 34.1607], [136.1149, 34.1599], [136.1145, 34.1595], [136.1134, 34.1587], [136.1127, 34.1578], [136.1119, 34.1572], [136.1115, 34.1566], [136.1112, 34.1549], [136.1087, 34.1539], [136.1073, 34.1539], [136.1058, 34.1525], [136.1058, 34.1505], [136.1064, 34.1492], [136.1057, 34.1485], [136.1061, 34.1481], [136.1063, 34.1477], [136.1061, 34.1464], [136.1065, 34.1453], [136.1062, 34.1437], [136.1049, 34.1435], [136.1027, 34.1426], [136.1017, 34.1415], [136.1022, 34.1405], [136.1027, 34.1401], [136.103, 34.1394], [136.1031, 34.137], [136.1034, 34.1368], [136.1044, 34.1369], [136.1044, 34.1365], [136.1048, 34.136], [136.1047, 34.1353], [136.1052, 34.1343], [136.1064, 34.1329], [136.1072, 34.1305], [136.1083, 34.1295], [136.1079, 34.1283], [136.1082, 34.1268], [136.1071, 34.1257], [136.107, 34.1247], [136.1068, 34.1243], [136.1056, 34.1235], [136.1054, 34.1231], [136.1014, 34.1223], [136.0996, 34.1205], [136.0999, 34.1198], [136.0994, 34.1187], [136.0995, 34.1185], [136.1001, 34.1183], [136.1003, 34.118], [136.1001, 34.1169], [136.1015, 34.1168], [136.1018, 34.1159], [136.1029, 34.1153], [136.104, 34.1151], [136.1046, 34.1142], [136.1082, 34.1154], [136.1091, 34.1152], [136.1113, 34.1157], [136.1127, 34.1156], [136.1137, 34.1162], [136.115, 34.1173], [136.1178, 34.118], [136.119, 34.1179], [136.1203, 34.1173], [136.1218, 34.1173], [136.1234, 34.1178], [136.1248, 34.1178], [136.1275, 34.1171], [136.1284, 34.1167], [136.129, 34.1171], [136.1298, 34.1171], [136.131, 34.1176], [136.1325, 34.1188], [136.1346, 34.1192], [136.1365, 34.1187], [136.1374, 34.119], [136.1392, 34.1188], [136.1408, 34.1189], [136.1435, 34.1194], [136.1451, 34.1195], [136.147, 34.1193], [136.1473, 34.1191], [136.1473, 34.1187], [136.1479, 34.1183], [136.1483, 34.1177], [136.1485, 34.1167], [136.1488, 34.116], [136.1498, 34.1157], [136.1506, 34.1146], [136.1527, 34.1137], [136.1533, 34.113], [136.1546, 34.1123], [136.1561, 34.1111], [136.1592, 34.1095], [136.1621, 34.1097], [136.1634, 34.1089], [136.1644, 34.1085], [136.1648, 34.1073], [136.1646, 34.1067], [136.1651, 34.1059], [136.1659, 34.1053], [136.1661, 34.1042], [136.1666, 34.103], [136.1672, 34.1022], [136.168, 34.0999], [136.1677, 34.0995], [136.1682, 34.0977], [136.1682, 34.0971], [136.1685, 34.0964], [136.168, 34.095], [136.1674, 34.0944], [136.1678, 34.0935], [136.1675, 34.0927], [136.1675, 34.0922], [136.1699, 34.0925], [136.1706, 34.0919], [136.1718, 34.0905], [136.1726, 34.0902], [136.1736, 34.0902], [136.175, 34.0907], [136.1756, 34.0912], [136.1775, 34.0917], [136.1784, 34.0922], [136.1794, 34.0922], [136.1801, 34.0929], [136.1811, 34.0932], [136.1825, 34.0944], [136.1837, 34.095], [136.184, 34.0937], [136.1854, 34.0925], [136.1871, 34.0917], [136.1883, 34.0914], [136.1898, 34.09], [136.1911, 34.0909], [136.1917, 34.0907], [136.1936, 34.0909], [136.1941, 34.0913], [136.1945, 34.0914], [136.196, 34.0912], [136.1971, 34.0913], [136.1988, 34.0922], [136.2001, 34.0924], [136.2014, 34.0918], [136.203, 34.0918], [136.2036, 34.092], [136.2045, 34.0917], [136.205, 34.0912], [136.2059, 34.0906], [136.2068, 34.0905], [136.2071, 34.0906], [136.2073, 34.091], [136.209, 34.0914], [136.2094, 34.0918], [136.2101, 34.0916], [136.2108, 34.0921], [136.2116, 34.0919], [136.2123, 34.0919], [136.2131, 34.0924], [136.2138, 34.0924], [136.2153, 34.0932], [136.2159, 34.093], [136.217, 34.0923], [136.2179, 34.092], [136.2207, 34.0917], [136.2225, 34.0913], [136.223, 34.0916], [136.2239, 34.0916], [136.226, 34.0923], [136.2278, 34.091], [136.2288, 34.0905], [136.2289, 34.0901], [136.2292, 34.0899], [136.2304, 34.0894], [136.2312, 34.0894], [136.2322, 34.0888], [136.2363, 34.0868]]], [[[136.3812, 34.1827], [136.381, 34.1827], [136.3809, 34.1823], [136.3812, 34.182], [136.3812, 34.1827]]], [[[136.381, 34.1844], [136.3795, 34.1843], [136.3791, 34.1841], [136.3786, 34.1842], [136.3782, 34.1841], [136.3785, 34.1837], [136.3793, 34.1834], [136.3795, 34.1836], [136.3804, 34.1836], [136.3806, 34.1839], [136.3808, 34.1839], [136.3811, 34.1836], [136.381, 34.1844]]], [[[136.3761, 34.1961], [136.3764, 34.1954], [136.377, 34.1951], [136.3767, 34.1947], [136.3773, 34.1949], [136.3792, 34.1936], [136.3798, 34.1938], [136.3794, 34.194], [136.379, 34.1947], [136.3785, 34.195], [136.3766, 34.1956], [136.3761, 34.1961]]], [[[136.3793, 34.1908], [136.3791, 34.1909], [136.3787, 34.1907], [136.3783, 34.1907], [136.3784, 34.1902], [136.3793, 34.1908]]], [[[136.3769, 34.1898], [136.3777, 34.1904], [136.3766, 34.1899], [136.3765, 34.1897], [136.3769, 34.1898]]], [[[136.3602, 34.1891], [136.3597, 34.1893], [136.3592, 34.1891], [136.3598, 34.1888], [136.3605, 34.1888], [136.3607, 34.189], [136.3602, 34.1891]]], [[[136.3594, 34.188], [136.3595, 34.1882], [136.359, 34.1884], [136.3585, 34.1883], [136.359, 34.188], [136.3594, 34.188]]], [[[136.3589, 34.1862], [136.3587, 34.1866], [136.3587, 34.1864], [136.358, 34.1861], [136.358, 34.1859], [136.3589, 34.1862]]], [[[136.3778, 34.1846], [136.378, 34.1849], [136.3777, 34.1852], [136.3775, 34.185], [136.3774, 34.1844], [136.3778, 34.1846]]], [[[136.3755, 34.1845], [136.3751, 34.1847], [136.3749, 34.1845], [136.3751, 34.184], [136.3762, 34.184], [136.3767, 34.1842], [136.3765, 34.1843], [136.376, 34.1842], [136.3755, 34.1845]]], [[[136.3812, 34.1831], [136.381, 34.1832], [136.3802, 34.1833], [136.3803, 34.183], [136.3809, 34.1828], [136.3812, 34.1831]]]]}, "properties": {"name": "三重県紀北町"}}, {"type": "Feature", "geometry": {"type": "Polygon", "coordinates": [[[135.9468, 33.8279], [135.9482, 33.8303], [135.9488, 33.8303], [135.9501, 33.8297], [135.9509, 33.8289], [135.9508, 33.8263], [135.951, 33.8255], [135.952, 33.8249], [135.9523, 33.8248], [135.953, 33.8249], [135.9533, 33.8248], [135.9536, 33.8249], [135.9541, 33.8245], [135.9554, 33.8241], [135.9561, 33.8237], [135.9573, 33.8235], [135.9581, 33.823], [135.9591, 33.8229], [135.9599, 33.8225], [135.9603, 33.8223], [135.9603, 33.8219], [135.962, 33.8209], [135.9618, 33.8204], [135.9623, 33.8202], [135.9626, 33.8196], [135.9636, 33.8193], [135.9637, 33.8188], [135.9643, 33.8181], [135.9639, 33.8174], [135.9646, 33.8172], [135.9666, 33.817], [135.9682, 33.8181], [135.9687, 33.8178], [135.9694, 33.8168], [135.9698, 33.8165], [135.9701, 33.8164], [135.9712, 33.8164], [135.9718, 33.8166], [135.9721, 33.8169], [135.9733, 33.8178], [135.9737, 33.8183], [135.9764, 33.818], [135.9776, 33.8185], [135.9801, 33.8185], [135.9807, 33.819], [135.9826, 33.8216], [135.9828, 33.8215], [135.9834, 33.8206], [135.9839, 33.8203], [135.9843, 33.8191], [135.9857, 33.8187], [135.9862, 33.8184], [135.9864, 33.8178], [135.9884, 33.8173], [135.9902, 33.8161], [135.9904, 33.8158], [135.9903, 33.8144], [135.9907, 33.8134], [135.9905, 33.8121], [135.9911, 33.8112], [135.9913, 33.8111], [135.992, 33.8115], [135.994, 33.8116], [135.9949, 33.811], [135.995, 33.8107], [135.9948, 33.8104], [135.9948, 33.8095], [135.9973, 33.8058], [135.9972, 33.8046], [135.9974, 33.8037], [135.9972, 33.8032], [135.9974, 33.8021], [135.9973, 33.8015], [135.9976, 33.801], [135.9974, 33.799], [135.9979, 33.7985], [135.9978, 33.7975], [135.9984, 33.7968], [135.9992, 33.7951], [135.9996, 33.7947], [136, 33.7946], [136.0009, 33.7949], [136.0016, 33.7949], [136.0021, 33.7951], [136.0032, 33.7952], [136.0039, 33.795], [136.0048, 33.7928], [136.0056, 33.7924], [136.0059, 33.7918], [136.0065, 33.7916], [136.0065, 33.7909], [136.0062, 33.7904], [136.0064, 33.7897], [136.0064, 33.789], [136.0072, 33.7874], [136.0071, 33.7861], [136.0075, 33.7832], [136.0073, 33.7824], [136.0061, 33.7814], [136.0055, 33.7803], [136.0064, 33.78], [136.0068, 33.7791], [136.0063, 33.7782], [136.006, 33.7772], [136.0069, 33.7774], [136.0081, 33.7774], [136.0089, 33.7772], [136.0093, 33.777], [136.01, 33.7776], [136.0131, 33.779], [136.015, 33.7787], [136.016, 33.7788], [136.017, 33.7787], [136.0174, 33.7786], [136.0179, 33.7781], [136.0205, 33.7776], [136.0218, 33.777], [136.023, 33.777], [136.0233, 33.7766], [136.024, 33.7762], [136.024, 33.7759], [136.0242, 33.7756], [136.0245, 33.7755], [136.0248, 33.7758], [136.0253, 33.7757], [136.0256, 33.7751], [136.0267, 33.7744], [136.0282, 33.774], [136.0318, 33.7726], [136.0324, 33.7736], [136.032, 33.7733], [136.0319, 33.7733], [136.0317, 33.7747], [136.0313, 33.7746], [136.031, 33.7741], [136.0308, 33.774], [136.0311, 33.7747], [136.0318, 33.7748], [136.032, 33.7733], [136.0326, 33.7738], [136.0328, 33.7743], [136.0346, 33.7794], [136.0361, 33.7819], [136.036, 33.7824], [136.0363, 33.7825], [136.037, 33.784], [136.0374, 33.7855], [136.0381, 33.7862], [136.0387, 33.7881], [136.0399, 33.7908], [136.0411, 33.7951], [136.0426, 33.7987], [136.0482, 33.8096], [136.0497, 33.8118], [136.0518, 33.8137], [136.0524, 33.8147], [136.0533, 33.8181], [136.0563, 33.8249], [136.058, 33.8279], [136.0603, 33.8307], [136.0636, 33.8373], [136.0651, 33.8395], [136.0653, 33.8429], [136.0641, 33.8448], [136.0639, 33.8457], [136.0643, 33.8466], [136.0656, 33.8481], [136.0677, 33.852], [136.068, 33.8527], [136.0673, 33.8536], [136.0658, 33.8546], [136.063, 33.8564], [136.0604, 33.8578], [136.0594, 33.8581], [136.0596, 33.8606], [136.0561, 33.8624], [136.0552, 33.8627], [136.054, 33.8628], [136.0533, 33.8631], [136.0526, 33.8639], [136.0522, 33.8638], [136.0513, 33.8629], [136.0506, 33.8627], [136.048, 33.8626], [136.0474, 33.8628], [136.0464, 33.8629], [136.0456, 33.8633], [136.045, 33.8644], [136.0451, 33.8648], [136.0443, 33.8653], [136.0442, 33.8659], [136.0423, 33.8682], [136.0423, 33.869], [136.0421, 33.8694], [136.0412, 33.8699], [136.0404, 33.87], [136.0402, 33.8703], [136.04, 33.8713], [136.0398, 33.8714], [136.0394, 33.8725], [136.0379, 33.8727], [136.0382, 33.8743], [136.0378, 33.8747], [136.0362, 33.8759], [136.0353, 33.877], [136.0357, 33.8778], [136.0373, 33.8785], [136.0377, 33.8786], [136.0385, 33.8795], [136.0383, 33.8805], [136.0386, 33.8819], [136.0385, 33.8822], [136.0387, 33.8825], [136.0388, 33.8832], [136.0383, 33.884], [136.0384, 33.8845], [136.0381, 33.8852], [136.0349, 33.8868], [136.0343, 33.8877], [136.0343, 33.8882], [136.0348, 33.889], [136.0345, 33.8899], [136.0353, 33.8906], [136.0356, 33.8911], [136.0351, 33.8927], [136.0341, 33.8929], [136.0328, 33.8925], [136.0319, 33.8923], [136.031, 33.8924], [136.0303, 33.8921], [136.0293, 33.8919], [136.0275, 33.8925], [136.0268, 33.8925], [136.0257, 33.8931], [136.0253, 33.8924], [136.0249, 33.8923], [136.0207, 33.8926], [136.0197, 33.8924], [136.0181, 33.8929], [136.0169, 33.8926], [136.0158, 33.8926], [136.0139, 33.8923], [136.01, 33.8921], [136.0091, 33.8914], [136.0084, 33.8897], [136.0079, 33.8894], [136.0068, 33.8892], [136.0054, 33.8892], [136.0046, 33.8894], [136.0036, 33.8893], [136.0018, 33.8899], [136.0008, 33.8904], [135.9984, 33.8903], [135.9979, 33.8905], [135.9973, 33.8912], [135.9971, 33.8916], [135.9963, 33.8921], [135.995, 33.8933], [135.9956, 33.8934], [135.9965, 33.8944], [135.9964, 33.8946], [135.9953, 33.8944], [135.995, 33.8942], [135.9942, 33.8943], [135.9935, 33.8935], [135.9932, 33.8927], [135.9933, 33.8913], [135.9934, 33.8909], [135.9933, 33.8902], [135.9935, 33.8898], [135.9927, 33.8882], [135.9922, 33.888], [135.992, 33.8876], [135.9912, 33.8874], [135.9913, 33.8879], [135.9911, 33.8886], [135.9906, 33.8891], [135.9909, 33.8903], [135.9907, 33.8909], [135.9904, 33.891], [135.9894, 33.891], [135.9883, 33.8912], [135.9879, 33.8904], [135.9883, 33.8899], [135.9883, 33.8897], [135.9878, 33.8886], [135.9876, 33.8885], [135.9877, 33.8873], [135.9874, 33.8871], [135.9845, 33.8897], [135.9822, 33.8905], [135.9814, 33.8904], [135.9802, 33.8892], [135.9796, 33.8889], [135.9793, 33.8878], [135.9789, 33.8874], [135.9783, 33.8872], [135.9778, 33.886], [135.9772, 33.8853], [135.9747, 33.887], [135.9745, 33.8869], [135.9735, 33.8861], [135.9733, 33.885], [135.9719, 33.8835], [135.9702, 33.8826], [135.9701, 33.8821], [135.9703, 33.8811], [135.9677, 33.8799], [135.9679, 33.8789], [135.9682, 33.8784], [135.9683, 33.8776], [135.9689, 33.8767], [135.9693, 33.8749], [135.9692, 33.8743], [135.9694, 33.8739], [135.9702, 33.8733], [135.9694, 33.8725], [135.9695, 33.8712], [135.9701, 33.8697], [135.97, 33.8693], [135.9706, 33.8684], [135.9706, 33.8681], [135.9698, 33.8666], [135.9694, 33.8649], [135.97, 33.8637], [135.9705, 33.8634], [135.9706, 33.8632], [135.9699, 33.8614], [135.969, 33.8611], [135.9671, 33.8613], [135.9625, 33.8586], [135.962, 33.8579], [135.962, 33.8574], [135.9623, 33.8568], [135.9621, 33.855], [135.9624, 33.8541], [135.9629, 33.8534], [135.9615, 33.8527], [135.961, 33.8515], [135.9614, 33.8496], [135.962, 33.8484], [135.9617, 33.8474], [135.9618, 33.8467], [135.9611, 33.8464], [135.9605, 33.8465], [135.96, 33.8463], [135.9595, 33.8452], [135.9583, 33.8452], [135.956, 33.8457], [135.9551, 33.8455], [135.9541, 33.8456], [135.9536, 33.8468], [135.9524, 33.8473], [135.9493, 33.8466], [135.9485, 33.8462], [135.9466, 33.846], [135.9456, 33.8462], [135.9449, 33.8466], [135.9432, 33.8467], [135.9423, 33.8466], [135.9416, 33.8463], [135.9405, 33.8459], [135.9388, 33.8456], [135.938, 33.8449], [135.9376, 33.8439], [135.9379, 33.8432], [135.9384, 33.8428], [135.9388, 33.8422], [135.9386, 33.841], [135.9382, 33.8405], [135.938, 33.8394], [135.9375, 33.839], [135.9369, 33.8372], [135.936, 33.8368], [135.9359, 33.8362], [135.9377, 33.8347], [135.9385, 33.8344], [135.9398, 33.8318], [135.9413, 33.8319], [135.9416, 33.8318], [135.9421, 33.831], [135.9424, 33.8301], [135.9445, 33.8281], [135.9452, 33.8276], [135.9456, 33.8275], [135.9465, 33.8276], [135.9468, 33.8279]]]}, "properties": {"name": "三重県御浜町"}}, {"type": "Feature", "geometry": {"type": "Polygon", "coordinates": [[[135.9017, 33.7802], [135.9021, 33.7799], [135.9032, 33.7773], [135.9046, 33.7718], [135.9057, 33.7682], [135.9061, 33.7677], [135.9076, 33.7668], [135.9091, 33.7665], [135.9101, 33.7665], [135.9127, 33.7673], [135.9152, 33.7671], [135.9175, 33.7663], [135.9191, 33.7644], [135.9196, 33.7632], [135.9203, 33.76], [135.9208, 33.7587], [135.9215, 33.7578], [135.926, 33.7552], [135.9283, 33.754], [135.9294, 33.7538], [135.9303, 33.7539], [135.9318, 33.7547], [135.9333, 33.7558], [135.9357, 33.758], [135.9363, 33.7581], [135.9371, 33.7579], [135.9385, 33.757], [135.9389, 33.7565], [135.9392, 33.7543], [135.9392, 33.7516], [135.9387, 33.7486], [135.9391, 33.7445], [135.94, 33.7383], [135.9415, 33.7353], [135.9426, 33.7343], [135.9445, 33.7328], [135.9457, 33.7321], [135.9508, 33.7297], [135.956, 33.728], [135.9586, 33.7268], [135.9635, 33.724], [135.9747, 33.7228], [135.9763, 33.7232], [135.977, 33.7239], [135.9772, 33.7248], [135.9769, 33.7264], [135.9765, 33.7275], [135.9759, 33.7283], [135.973, 33.7299], [135.9717, 33.7314], [135.9716, 33.7317], [135.9726, 33.7346], [135.9729, 33.7352], [135.975, 33.7361], [135.9777, 33.7367], [135.9798, 33.7369], [135.9837, 33.7362], [135.9903, 33.7335], [135.9973, 33.7304], [135.9987, 33.7326], [135.9999, 33.734], [136.0026, 33.733], [136.0044, 33.7327], [136.0127, 33.73], [136.0151, 33.7298], [136.0178, 33.7305], [136.0205, 33.7346], [136.0223, 33.7354], [136.0228, 33.7354], [136.0228, 33.7358], [136.0222, 33.7358], [136.0202, 33.7349], [136.0191, 33.7331], [136.0188, 33.7331], [136.0182, 33.7323], [136.0159, 33.7333], [136.0153, 33.7338], [136.0159, 33.7333], [136.0151, 33.7329], [136.0141, 33.7345], [136.0139, 33.7345], [136.014, 33.7347], [136.0142, 33.7347], [136.0159, 33.7355], [136.0169, 33.735], [136.0167, 33.7348], [136.0164, 33.7348], [136.0159, 33.7346], [136.0153, 33.7342], [136.0153, 33.734], [136.016, 33.734], [136.0164, 33.7343], [136.017, 33.7343], [136.0174, 33.7347], [136.0173, 33.7349], [136.0184, 33.7353], [136.0195, 33.7364], [136.02, 33.7365], [136.0201, 33.7369], [136.0206, 33.7369], [136.0201, 33.7371], [136.0206, 33.7384], [136.0229, 33.7379], [136.0229, 33.738], [136.0229, 33.7381], [136.0205, 33.7387], [136.0217, 33.7421], [136.0216, 33.7431], [136.0239, 33.7501], [136.0244, 33.7506], [136.0241, 33.7515], [136.0243, 33.7522], [136.0275, 33.7626], [136.0315, 33.7714], [136.0318, 33.7726], [136.0282, 33.774], [136.0267, 33.7744], [136.0256, 33.7751], [136.0253, 33.7757], [136.0248, 33.7758], [136.0245, 33.7755], [136.0242, 33.7756], [136.024, 33.7759], [136.024, 33.7762], [136.0233, 33.7766], [136.023, 33.777], [136.0218, 33.777], [136.0205, 33.7776], [136.0179, 33.7781], [136.0174, 33.7786], [136.017, 33.7787], [136.016, 33.7788], [136.015, 33.7787], [136.0131, 33.779], [136.01, 33.7776], [136.0093, 33.777], [136.0089, 33.7772], [136.0081, 33.7774], [136.0069, 33.7774], [136.006, 33.7772], [136.0063, 33.7782], [136.0068, 33.7791], [136.0064, 33.78], [136.0055, 33.7803], [136.0061, 33.7814], [136.0073, 33.7824], [136.0075, 33.7832], [136.0071, 33.7861], [136.0072, 33.7874], [136.0064, 33.789], [136.0064, 33.7897], [136.0062, 33.7904], [136.0065, 33.7909], [136.0065, 33.7916], [136.0059, 33.7918], [136.0056, 33.7924], [136.0048, 33.7928], [136.0039, 33.795], [136.0032, 33.7952], [136.0021, 33.7951], [136.0016, 33.7949], [136.0009, 33.7949], [136, 33.7946], [135.9996, 33.7947], [135.9992, 33.7951], [135.9984, 33.7968], [135.9978, 33.7975], [135.9979, 33.7985], [135.9974, 33.799], [135.9976, 33.801], [135.9973, 33.8015], [135.9974, 33.8021], [135.9972, 33.8032], [135.9974, 33.8037], [135.9972, 33.8046], [135.9973, 33.8058], [135.9948, 33.8095], [135.9948, 33.8104], [135.995, 33.8107], [135.9949, 33.811], [135.994, 33.8116], [135.992, 33.8115], [135.9913, 33.8111], [135.9911, 33.8112], [135.9905, 33.8121], [135.9907, 33.8134], [135.9903, 33.8144], [135.9904, 33.8158], [135.9902, 33.8161], [135.9884, 33.8173], [135.9864, 33.8178], [135.9862, 33.8184], [135.9857, 33.8187], [135.9843, 33.8191], [135.9839, 33.8203], [135.9834, 33.8206], [135.9828, 33.8215], [135.9826, 33.8216], [135.9807, 33.819], [135.9801, 33.8185], [135.9776, 33.8185], [135.9764, 33.818], [135.9737, 33.8183], [135.9733, 33.8178], [135.9721, 33.8169], [135.9718, 33.8166], [135.9712, 33.8164], [135.9701, 33.8164], [135.9698, 33.8165], [135.9694, 33.8168], [135.9687, 33.8178], [135.9682, 33.8181], [135.9666, 33.817], [135.9646, 33.8172], [135.9639, 33.8174], [135.9643, 33.8181], [135.9637, 33.8188], [135.9636, 33.8193], [135.9626, 33.8196], [135.9623, 33.8202], [135.9618, 33.8204], [135.962, 33.8209], [135.9603, 33.8219], [135.9603, 33.8223], [135.9599, 33.8225], [135.9591, 33.8229], [135.9581, 33.823], [135.9573, 33.8235], [135.9561, 33.8237], [135.9554, 33.8241], [135.9541, 33.8245], [135.9536, 33.8249], [135.9533, 33.8248], [135.953, 33.8249], [135.9523, 33.8248], [135.952, 33.8249], [135.951, 33.8255], [135.9508, 33.8263], [135.9509, 33.8289], [135.9501, 33.8297], [135.9488, 33.8303], [135.9482, 33.8303], [135.9468, 33.8279], [135.9468, 33.8273], [135.9471, 33.8261], [135.9467, 33.8252], [135.9467, 33.8243], [135.947, 33.8237], [135.9478, 33.8234], [135.9477, 33.823], [135.9472, 33.8225], [135.9477, 33.8215], [135.9484, 33.8209], [135.9484, 33.8205], [135.9467, 33.8196], [135.946, 33.819], [135.946, 33.8158], [135.9441, 33.8156], [135.9425, 33.8145], [135.9417, 33.8143], [135.941, 33.8144], [135.9397, 33.814], [135.9393, 33.8136], [135.9387, 33.8134], [135.9378, 33.8126], [135.9376, 33.8117], [135.9372, 33.8114], [135.9364, 33.8113], [135.9357, 33.8117], [135.9352, 33.8117], [135.9347, 33.8114], [135.9335, 33.8101], [135.9333, 33.8095], [135.9338, 33.8086], [135.9336, 33.808], [135.9337, 33.8077], [135.9329, 33.8073], [135.9319, 33.8061], [135.9312, 33.8057], [135.9305, 33.8047], [135.9291, 33.8045], [135.9279, 33.8038], [135.9274, 33.8031], [135.9267, 33.8028], [135.9268, 33.8019], [135.9272, 33.8006], [135.9278, 33.8], [135.9283, 33.7985], [135.9288, 33.7979], [135.9288, 33.7973], [135.9296, 33.7959], [135.9297, 33.7952], [135.9305, 33.7945], [135.9306, 33.7938], [135.9313, 33.7928], [135.9321, 33.7912], [135.9316, 33.7901], [135.9307, 33.7897], [135.9304, 33.7894], [135.93, 33.7892], [135.9295, 33.7884], [135.9286, 33.7879], [135.9278, 33.7881], [135.9266, 33.7887], [135.9238, 33.7891], [135.9222, 33.791], [135.92, 33.7905], [135.9198, 33.7902], [135.919, 33.7897], [135.9188, 33.789], [135.9167, 33.7881], [135.9161, 33.7876], [135.9156, 33.7874], [135.9143, 33.7877], [135.9133, 33.7877], [135.9131, 33.7875], [135.913, 33.7866], [135.9125, 33.7863], [135.911, 33.7859], [135.9104, 33.7853], [135.9099, 33.7851], [135.9092, 33.7852], [135.9088, 33.7843], [135.9084, 33.7841], [135.9071, 33.7838], [135.9046, 33.7842], [135.9031, 33.7828], [135.9023, 33.7811], [135.9017, 33.7802]]]}, "properties": {"name": "三重県紀宝町"}}]}