{"type": "FeatureCollection", "features": [{"type": "Feature", "geometry": {"type": "Polygon", "coordinates": [[[130.2444, 33.2515], [130.2435, 33.2514], [130.2434, 33.2523], [130.2424, 33.2522], [130.2423, 33.2531], [130.2415, 33.253], [130.2417, 33.2515], [130.2396, 33.2524], [130.2389, 33.2521], [130.2371, 33.252], [130.2354, 33.2524], [130.2355, 33.253], [130.2346, 33.2569], [130.2324, 33.2567], [130.2321, 33.2569], [130.2275, 33.2559], [130.2275, 33.255], [130.2249, 33.2547], [130.2249, 33.2545], [130.2237, 33.2543], [130.2236, 33.2551], [130.2225, 33.2552], [130.2224, 33.2543], [130.2217, 33.2542], [130.2218, 33.253], [130.2207, 33.2529], [130.2208, 33.2522], [130.2202, 33.2522], [130.2197, 33.2519], [130.2195, 33.2498], [130.2184, 33.2486], [130.2185, 33.2465], [130.2198, 33.2441], [130.2225, 33.2418], [130.2233, 33.2403], [130.2216, 33.2327], [130.2226, 33.2327], [130.223, 33.2314], [130.2216, 33.2314], [130.2213, 33.2292], [130.2223, 33.2285], [130.223, 33.2284], [130.2237, 33.2276], [130.2238, 33.227], [130.2253, 33.2266], [130.2254, 33.2257], [130.2251, 33.2248], [130.2259, 33.2232], [130.2263, 33.2214], [130.2273, 33.2205], [130.2275, 33.2189], [130.228, 33.2181], [130.2287, 33.2176], [130.2289, 33.2161], [130.2298, 33.215], [130.2298, 33.2147], [130.2288, 33.2143], [130.2299, 33.2125], [130.2301, 33.2118], [130.2299, 33.2114], [130.2284, 33.211], [130.2281, 33.2098], [130.2282, 33.2081], [130.2293, 33.2045], [130.2294, 33.2042], [130.2348, 33.2044], [130.2352, 33.1981], [130.2323, 33.198], [130.2329, 33.1957], [130.2331, 33.1956], [130.2329, 33.1955], [130.2333, 33.1942], [130.2464, 33.1918], [130.247, 33.1917], [130.2474, 33.192], [130.2475, 33.1925], [130.2462, 33.2014], [130.2466, 33.2079], [130.2473, 33.2081], [130.2468, 33.2089], [130.2467, 33.2101], [130.2471, 33.2114], [130.2481, 33.2124], [130.2478, 33.2127], [130.2482, 33.2125], [130.2484, 33.2128], [130.2479, 33.2132], [130.2486, 33.213], [130.2488, 33.2138], [130.2494, 33.2138], [130.2511, 33.2159], [130.2509, 33.2161], [130.2507, 33.2159], [130.2505, 33.216], [130.2509, 33.2166], [130.2509, 33.2162], [130.2512, 33.2161], [130.2516, 33.2171], [130.2516, 33.2185], [130.2513, 33.2196], [130.2521, 33.2195], [130.2523, 33.2178], [130.2521, 33.2164], [130.2488, 33.2117], [130.2484, 33.2101], [130.2483, 33.2089], [130.2487, 33.2085], [130.2487, 33.2081], [130.2485, 33.2082], [130.2488, 33.2075], [130.2485, 33.2062], [130.2485, 33.2031], [130.2515, 33.2028], [130.2524, 33.2031], [130.253, 33.2043], [130.2531, 33.2059], [130.2538, 33.2069], [130.2534, 33.2071], [130.2541, 33.2072], [130.2548, 33.2077], [130.2542, 33.2091], [130.2545, 33.2092], [130.2549, 33.2102], [130.2554, 33.2106], [130.2578, 33.211], [130.2581, 33.2114], [130.2581, 33.2123], [130.2586, 33.2123], [130.2587, 33.2115], [130.2585, 33.2109], [130.2588, 33.2107], [130.2578, 33.2102], [130.2561, 33.2101], [130.2564, 33.2096], [130.2558, 33.21], [130.2553, 33.2097], [130.2552, 33.2093], [130.256, 33.2091], [130.2552, 33.2091], [130.2556, 33.2078], [130.255, 33.2069], [130.254, 33.2062], [130.2538, 33.2054], [130.2542, 33.2048], [130.2539, 33.2049], [130.254, 33.2037], [130.2545, 33.204], [130.2541, 33.2022], [130.2558, 33.2009], [130.2567, 33.1995], [130.2564, 33.1993], [130.2564, 33.1989], [130.2568, 33.1995], [130.2592, 33.1972], [130.2588, 33.1969], [130.2576, 33.1971], [130.2577, 33.1974], [130.2576, 33.1971], [130.2558, 33.1971], [130.2554, 33.1973], [130.2557, 33.1971], [130.2555, 33.197], [130.2541, 33.1942], [130.2516, 33.1902], [130.2554, 33.1863], [130.2605, 33.1802], [130.2781, 33.1693], [130.2774, 33.1676], [130.2772, 33.1662], [130.2773, 33.1654], [130.2781, 33.1642], [130.2841, 33.1623], [130.2818, 33.1564], [130.2861, 33.1458], [130.3365, 33.1411], [130.3454, 33.1411], [130.3508, 33.1459], [130.3526, 33.1506], [130.3533, 33.1537], [130.3539, 33.1589], [130.3538, 33.1804], [130.3469, 33.1818], [130.3471, 33.1823], [130.3469, 33.1836], [130.3465, 33.1838], [130.3443, 33.1866], [130.3429, 33.1876], [130.3427, 33.1883], [130.3422, 33.1885], [130.3421, 33.1881], [130.3405, 33.1883], [130.3404, 33.1917], [130.3396, 33.1976], [130.3395, 33.2035], [130.3397, 33.205], [130.34, 33.2059], [130.3412, 33.2072], [130.3426, 33.2081], [130.3425, 33.2083], [130.3433, 33.2086], [130.3456, 33.209], [130.3508, 33.2088], [130.3555, 33.2093], [130.3583, 33.2112], [130.3631, 33.2158], [130.3711, 33.2189], [130.3725, 33.2193], [130.3757, 33.2197], [130.378, 33.221], [130.3789, 33.2229], [130.3789, 33.2261], [130.3794, 33.229], [130.3764, 33.2311], [130.3756, 33.2324], [130.3748, 33.2327], [130.3732, 33.2327], [130.3728, 33.2337], [130.3705, 33.2363], [130.3701, 33.2373], [130.3698, 33.2388], [130.37, 33.2396], [130.3724, 33.2416], [130.3732, 33.2442], [130.373, 33.2464], [130.3748, 33.2473], [130.3745, 33.2476], [130.3754, 33.2492], [130.3766, 33.2492], [130.3771, 33.2511], [130.3766, 33.251], [130.3765, 33.252], [130.3743, 33.2518], [130.3741, 33.2534], [130.3739, 33.2534], [130.3739, 33.2538], [130.3727, 33.2538], [130.3729, 33.2557], [130.3735, 33.2575], [130.3669, 33.2575], [130.3669, 33.2572], [130.3644, 33.2572], [130.3644, 33.2566], [130.3634, 33.2563], [130.3621, 33.2565], [130.362, 33.2573], [130.3586, 33.2573], [130.3589, 33.2558], [130.3538, 33.2557], [130.3538, 33.2562], [130.3513, 33.2563], [130.3513, 33.2559], [130.35, 33.2558], [130.3507, 33.2506], [130.35, 33.25], [130.348, 33.2499], [130.3475, 33.2502], [130.3469, 33.2502], [130.3437, 33.25], [130.3424, 33.2529], [130.3434, 33.2533], [130.3427, 33.2553], [130.3432, 33.2587], [130.343, 33.2591], [130.3435, 33.2593], [130.3431, 33.2597], [130.3435, 33.2599], [130.342, 33.2638], [130.3417, 33.2652], [130.3419, 33.2653], [130.3403, 33.2684], [130.3408, 33.2686], [130.3408, 33.277], [130.3406, 33.2786], [130.3393, 33.2819], [130.3401, 33.2819], [130.3398, 33.284], [130.3385, 33.29], [130.3377, 33.2922], [130.3361, 33.2943], [130.3358, 33.2953], [130.3355, 33.2977], [130.3435, 33.2988], [130.3435, 33.299], [130.343, 33.3003], [130.3429, 33.3026], [130.3426, 33.3041], [130.3427, 33.3066], [130.3421, 33.3082], [130.3425, 33.3083], [130.3423, 33.3092], [130.3405, 33.3168], [130.3402, 33.3179], [130.338, 33.3218], [130.3381, 33.3221], [130.3376, 33.3229], [130.3371, 33.3249], [130.3375, 33.3271], [130.3367, 33.3291], [130.3369, 33.3305], [130.3368, 33.3313], [130.3371, 33.3323], [130.3381, 33.3335], [130.3382, 33.3348], [130.3369, 33.3381], [130.337, 33.3386], [130.3366, 33.3394], [130.3367, 33.3408], [130.3362, 33.3412], [130.3355, 33.3422], [130.3359, 33.3431], [130.3352, 33.3444], [130.3354, 33.3453], [130.3348, 33.3455], [130.3348, 33.3462], [130.3337, 33.3476], [130.3343, 33.3498], [130.3367, 33.3505], [130.3369, 33.3523], [130.3375, 33.3537], [130.3356, 33.3545], [130.3347, 33.3544], [130.3346, 33.3547], [130.3339, 33.3549], [130.3332, 33.3546], [130.3328, 33.355], [130.332, 33.355], [130.3318, 33.3561], [130.3306, 33.3566], [130.3298, 33.3567], [130.3298, 33.3572], [130.3291, 33.3578], [130.3283, 33.3593], [130.3275, 33.3595], [130.3267, 33.3607], [130.3263, 33.3599], [130.3253, 33.3596], [130.3239, 33.3603], [130.3225, 33.3601], [130.3222, 33.3597], [130.3212, 33.3594], [130.3194, 33.3596], [130.3186, 33.3585], [130.3177, 33.3594], [130.317, 33.3591], [130.3157, 33.3591], [130.3155, 33.3595], [130.3157, 33.3606], [130.3149, 33.3609], [130.3139, 33.3606], [130.3117, 33.3591], [130.3107, 33.3592], [130.3096, 33.3587], [130.3085, 33.3574], [130.3076, 33.3568], [130.3071, 33.3557], [130.3075, 33.3547], [130.3064, 33.3532], [130.3066, 33.3527], [130.3062, 33.3509], [130.3068, 33.3497], [130.3066, 33.3487], [130.3059, 33.3483], [130.3047, 33.3483], [130.3042, 33.3487], [130.3052, 33.3503], [130.3048, 33.352], [130.3038, 33.3524], [130.3029, 33.3531], [130.3023, 33.354], [130.3018, 33.3543], [130.3006, 33.3557], [130.3, 33.356], [130.3, 33.3564], [130.2994, 33.3565], [130.2987, 33.3573], [130.298, 33.3575], [130.2975, 33.3573], [130.2982, 33.3582], [130.3001, 33.3597], [130.3008, 33.3619], [130.3003, 33.3622], [130.299, 33.362], [130.2989, 33.3629], [130.2978, 33.3636], [130.2971, 33.363], [130.2965, 33.3631], [130.2961, 33.3626], [130.2955, 33.3625], [130.2953, 33.363], [130.294, 33.3636], [130.2923, 33.3648], [130.2916, 33.3667], [130.2907, 33.3668], [130.2902, 33.3671], [130.2898, 33.3669], [130.2887, 33.3685], [130.2888, 33.3691], [130.2901, 33.3699], [130.2909, 33.3701], [130.2915, 33.371], [130.2926, 33.3712], [130.2931, 33.3723], [130.2936, 33.3751], [130.2929, 33.3763], [130.2935, 33.3773], [130.2936, 33.3792], [130.2931, 33.3803], [130.292, 33.3809], [130.2919, 33.382], [130.2914, 33.3821], [130.2886, 33.381], [130.288, 33.3816], [130.2875, 33.3825], [130.2863, 33.3818], [130.2859, 33.3811], [130.2847, 33.3803], [130.2835, 33.3802], [130.2819, 33.3797], [130.2811, 33.3799], [130.2805, 33.3805], [130.28, 33.3814], [130.28, 33.382], [130.279, 33.3819], [130.2768, 33.3806], [130.2763, 33.3813], [130.2759, 33.3826], [130.2764, 33.3848], [130.2754, 33.3852], [130.274, 33.3867], [130.2736, 33.3874], [130.2738, 33.3887], [130.2742, 33.3893], [130.2755, 33.3896], [130.2758, 33.3899], [130.2765, 33.3924], [130.276, 33.3938], [130.2761, 33.3962], [130.2755, 33.3971], [130.2754, 33.3981], [130.2776, 33.3997], [130.2772, 33.4008], [130.2776, 33.4018], [130.2783, 33.4022], [130.2787, 33.4029], [130.2795, 33.4026], [130.2806, 33.4033], [130.2814, 33.4027], [130.283, 33.4034], [130.2859, 33.4027], [130.2866, 33.4038], [130.2871, 33.4034], [130.2877, 33.4019], [130.2892, 33.403], [130.2902, 33.4032], [130.2923, 33.4034], [130.2925, 33.4025], [130.2937, 33.4028], [130.2943, 33.4037], [130.2959, 33.404], [130.2977, 33.405], [130.2973, 33.4057], [130.2966, 33.4061], [130.2975, 33.4069], [130.2971, 33.4073], [130.2981, 33.4082], [130.2982, 33.4091], [130.2993, 33.41], [130.2998, 33.4101], [130.3, 33.4098], [130.301, 33.41], [130.3014, 33.4099], [130.3022, 33.4106], [130.3051, 33.4117], [130.3066, 33.4129], [130.3077, 33.4129], [130.3085, 33.4119], [130.3095, 33.4115], [130.3111, 33.4122], [130.3122, 33.4118], [130.3131, 33.4117], [130.3134, 33.4127], [130.3144, 33.4138], [130.3144, 33.415], [130.3154, 33.4154], [130.3159, 33.4161], [130.3169, 33.4163], [130.3171, 33.4158], [130.3176, 33.4157], [130.3189, 33.4163], [130.3199, 33.4181], [130.3205, 33.4202], [130.3213, 33.42], [130.3222, 33.4209], [130.3237, 33.4212], [130.3241, 33.4216], [130.3257, 33.422], [130.3274, 33.4221], [130.328, 33.4237], [130.3277, 33.4247], [130.3285, 33.4259], [130.3291, 33.4278], [130.329, 33.429], [130.3285, 33.43], [130.329, 33.4303], [130.3301, 33.4326], [130.3302, 33.4339], [130.3307, 33.4348], [130.331, 33.4351], [130.3316, 33.4348], [130.3319, 33.4353], [130.3336, 33.4367], [130.3338, 33.4379], [130.3342, 33.4387], [130.3332, 33.4393], [130.3328, 33.4397], [130.3328, 33.4401], [130.3345, 33.4408], [130.335, 33.4404], [130.3371, 33.44], [130.3372, 33.4404], [130.3383, 33.4407], [130.3389, 33.4406], [130.3395, 33.4409], [130.3399, 33.4415], [130.3399, 33.443], [130.3403, 33.4438], [130.3401, 33.4444], [130.3394, 33.4444], [130.3366, 33.4452], [130.3365, 33.4463], [130.3359, 33.4468], [130.3362, 33.448], [130.3351, 33.4491], [130.3352, 33.45], [130.3347, 33.4504], [130.3315, 33.4513], [130.3281, 33.4536], [130.3273, 33.4545], [130.3264, 33.4545], [130.3259, 33.4551], [130.3227, 33.456], [130.322, 33.4566], [130.3216, 33.4577], [130.321, 33.4582], [130.3198, 33.4586], [130.3166, 33.4587], [130.3158, 33.4584], [130.3151, 33.4584], [130.3137, 33.4578], [130.3136, 33.4592], [130.3129, 33.4594], [130.3131, 33.4607], [130.3126, 33.4612], [130.3113, 33.4615], [130.3106, 33.462], [130.3077, 33.4627], [130.3061, 33.4635], [130.305, 33.4624], [130.304, 33.4622], [130.3032, 33.4615], [130.3026, 33.4613], [130.3013, 33.4622], [130.2987, 33.4622], [130.2984, 33.4625], [130.2959, 33.4635], [130.2955, 33.464], [130.2956, 33.4647], [130.2924, 33.4667], [130.2909, 33.4696], [130.288, 33.4696], [130.2862, 33.4716], [130.2845, 33.4723], [130.282, 33.4745], [130.2785, 33.4762], [130.2787, 33.477], [130.2771, 33.4786], [130.2763, 33.4791], [130.2744, 33.4798], [130.2721, 33.4794], [130.2709, 33.4799], [130.2704, 33.4796], [130.2687, 33.4793], [130.2678, 33.4786], [130.267, 33.4786], [130.2659, 33.4779], [130.2647, 33.4778], [130.2645, 33.4775], [130.2626, 33.478], [130.2605, 33.4768], [130.2596, 33.4768], [130.2578, 33.4763], [130.2564, 33.4752], [130.2557, 33.4742], [130.2545, 33.4735], [130.2537, 33.4723], [130.2522, 33.471], [130.2498, 33.4707], [130.2468, 33.4714], [130.2459, 33.4721], [130.245, 33.4738], [130.2439, 33.4745], [130.2427, 33.4748], [130.2417, 33.4748], [130.2377, 33.4739], [130.2375, 33.4748], [130.2378, 33.4761], [130.2373, 33.4765], [130.2369, 33.4773], [130.2358, 33.4781], [130.2341, 33.4781], [130.2334, 33.4789], [130.2318, 33.4784], [130.2301, 33.4784], [130.2268, 33.4767], [130.2246, 33.4775], [130.2233, 33.4783], [130.2211, 33.4776], [130.2186, 33.4781], [130.2181, 33.4783], [130.2178, 33.479], [130.2167, 33.4794], [130.2163, 33.4798], [130.2147, 33.4797], [130.2124, 33.4807], [130.2103, 33.4808], [130.2099, 33.481], [130.209, 33.4808], [130.2075, 33.4812], [130.2044, 33.4813], [130.2039, 33.4815], [130.2036, 33.4809], [130.2016, 33.48], [130.1987, 33.4811], [130.1979, 33.4805], [130.198, 33.4792], [130.1991, 33.4782], [130.1986, 33.4773], [130.1961, 33.478], [130.1946, 33.4762], [130.1926, 33.4761], [130.1916, 33.4765], [130.1903, 33.4754], [130.1888, 33.4748], [130.1884, 33.4723], [130.1888, 33.4709], [130.1875, 33.471], [130.1866, 33.4708], [130.1864, 33.47], [130.1865, 33.4689], [130.1863, 33.4682], [130.1833, 33.4668], [130.1804, 33.4663], [130.1792, 33.4663], [130.1778, 33.4667], [130.1757, 33.4657], [130.1756, 33.4666], [130.1746, 33.4673], [130.1726, 33.4674], [130.172, 33.4671], [130.1709, 33.4677], [130.1688, 33.4676], [130.1687, 33.4664], [130.1693, 33.465], [130.1692, 33.4645], [130.1698, 33.4639], [130.1698, 33.4633], [130.169, 33.4622], [130.1688, 33.4612], [130.1683, 33.4609], [130.1683, 33.4601], [130.1676, 33.4591], [130.1662, 33.459], [130.1656, 33.4587], [130.1646, 33.455], [130.1652, 33.4542], [130.1652, 33.4535], [130.1659, 33.4532], [130.1666, 33.4525], [130.1683, 33.4518], [130.1691, 33.4517], [130.1698, 33.4496], [130.1701, 33.4493], [130.1689, 33.4466], [130.169, 33.4458], [130.1681, 33.445], [130.1679, 33.4446], [130.1685, 33.444], [130.1686, 33.4429], [130.169, 33.4421], [130.1683, 33.4401], [130.1684, 33.4397], [130.1687, 33.4394], [130.1686, 33.4383], [130.1691, 33.4381], [130.1698, 33.4375], [130.1701, 33.4365], [130.1687, 33.4355], [130.1673, 33.435], [130.1668, 33.4343], [130.1667, 33.4337], [130.1672, 33.4323], [130.168, 33.4318], [130.1677, 33.4306], [130.1673, 33.4299], [130.1673, 33.4289], [130.1666, 33.4286], [130.1661, 33.4273], [130.1648, 33.4268], [130.1637, 33.4254], [130.1635, 33.4234], [130.1625, 33.4228], [130.1608, 33.4223], [130.1602, 33.4222], [130.1595, 33.4226], [130.1586, 33.422], [130.1578, 33.4222], [130.1578, 33.4206], [130.1563, 33.4197], [130.1583, 33.4189], [130.1583, 33.4184], [130.1589, 33.4177], [130.1589, 33.4164], [130.1596, 33.4159], [130.1618, 33.4161], [130.1621, 33.4166], [130.1628, 33.4166], [130.1636, 33.4163], [130.1641, 33.4163], [130.1654, 33.4155], [130.1664, 33.4156], [130.1667, 33.4162], [130.1663, 33.4166], [130.1667, 33.4174], [130.1671, 33.4175], [130.1684, 33.4166], [130.1706, 33.4168], [130.1705, 33.4156], [130.17, 33.4147], [130.1683, 33.4137], [130.1683, 33.4128], [130.1678, 33.412], [130.1669, 33.4118], [130.1653, 33.41], [130.1643, 33.4093], [130.1639, 33.4092], [130.1633, 33.4097], [130.1626, 33.4092], [130.1612, 33.4094], [130.1601, 33.4088], [130.1589, 33.4094], [130.158, 33.4089], [130.1567, 33.4094], [130.1559, 33.4088], [130.1554, 33.4066], [130.1556, 33.4062], [130.1554, 33.4057], [130.1564, 33.4054], [130.1566, 33.4052], [130.156, 33.403], [130.1576, 33.4017], [130.1579, 33.4008], [130.1565, 33.399], [130.1567, 33.398], [130.1565, 33.3975], [130.1553, 33.3969], [130.1546, 33.3956], [130.1537, 33.3951], [130.1536, 33.3944], [130.1541, 33.3928], [130.1538, 33.3917], [130.1533, 33.3914], [130.1522, 33.3912], [130.1514, 33.3892], [130.1487, 33.3889], [130.1474, 33.3878], [130.1469, 33.387], [130.1457, 33.3864], [130.1452, 33.3859], [130.145, 33.384], [130.1438, 33.3838], [130.1434, 33.3826], [130.1412, 33.3811], [130.1409, 33.3805], [130.1414, 33.3798], [130.1405, 33.3788], [130.1403, 33.378], [130.1408, 33.3764], [130.1394, 33.3738], [130.1395, 33.3731], [130.1393, 33.3723], [130.1403, 33.3709], [130.1426, 33.3689], [130.1424, 33.3676], [130.1425, 33.367], [130.143, 33.3666], [130.1436, 33.3652], [130.1441, 33.3649], [130.1445, 33.3642], [130.1446, 33.3627], [130.1441, 33.3618], [130.1443, 33.3606], [130.1447, 33.3601], [130.1446, 33.3589], [130.1451, 33.3581], [130.1446, 33.3573], [130.146, 33.356], [130.1462, 33.3556], [130.1457, 33.3542], [130.1458, 33.3521], [130.1438, 33.3508], [130.1426, 33.3504], [130.1421, 33.3498], [130.1421, 33.3484], [130.1416, 33.3479], [130.1409, 33.3466], [130.1413, 33.3457], [130.142, 33.3452], [130.142, 33.3434], [130.1425, 33.3426], [130.1424, 33.3415], [130.143, 33.3389], [130.1465, 33.3398], [130.1483, 33.3392], [130.1492, 33.3395], [130.1525, 33.3391], [130.1532, 33.3392], [130.1539, 33.3398], [130.1573, 33.3397], [130.1613, 33.3404], [130.1623, 33.34], [130.1644, 33.3402], [130.1662, 33.3399], [130.1668, 33.338], [130.1683, 33.3379], [130.1708, 33.3385], [130.1717, 33.3385], [130.1718, 33.3397], [130.1732, 33.3392], [130.1746, 33.3393], [130.1787, 33.3389], [130.1803, 33.3393], [130.181, 33.3403], [130.1821, 33.3409], [130.1829, 33.3408], [130.1852, 33.3415], [130.186, 33.3413], [130.1876, 33.3416], [130.1881, 33.3414], [130.1898, 33.3416], [130.1908, 33.3423], [130.1926, 33.3419], [130.1947, 33.342], [130.1955, 33.3414], [130.1969, 33.3411], [130.1979, 33.3412], [130.1985, 33.3409], [130.2002, 33.341], [130.2026, 33.3406], [130.2043, 33.3409], [130.2088, 33.3409], [130.2103, 33.3408], [130.2121, 33.3394], [130.2128, 33.3393], [130.214, 33.3384], [130.2149, 33.3383], [130.2156, 33.3378], [130.2168, 33.3366], [130.2188, 33.3367], [130.2205, 33.3347], [130.2208, 33.335], [130.2217, 33.3351], [130.2221, 33.3338], [130.2235, 33.3318], [130.2246, 33.3317], [130.2256, 33.3312], [130.2267, 33.3316], [130.2275, 33.3314], [130.2267, 33.33], [130.2256, 33.3291], [130.2257, 33.328], [130.2253, 33.326], [130.2248, 33.324], [130.2241, 33.323], [130.2244, 33.322], [130.2238, 33.3207], [130.2249, 33.3186], [130.2247, 33.3171], [130.2256, 33.3162], [130.2257, 33.3149], [130.2264, 33.3142], [130.227, 33.3129], [130.2276, 33.3126], [130.2278, 33.312], [130.2287, 33.3116], [130.2292, 33.3118], [130.2299, 33.3116], [130.2308, 33.3099], [130.2312, 33.3099], [130.2315, 33.3093], [130.2323, 33.3091], [130.2325, 33.3077], [130.2331, 33.3072], [130.2337, 33.3032], [130.2334, 33.3032], [130.2335, 33.3014], [130.2339, 33.3004], [130.2337, 33.3002], [130.2342, 33.2997], [130.234, 33.299], [130.232, 33.2987], [130.232, 33.2982], [130.2316, 33.2983], [130.2314, 33.2981], [130.2323, 33.298], [130.2329, 33.2958], [130.2349, 33.2962], [130.2351, 33.2952], [130.2361, 33.2954], [130.2364, 33.2944], [130.2376, 33.2947], [130.2379, 33.2928], [130.2401, 33.2857], [130.2402, 33.283], [130.2425, 33.2802], [130.2431, 33.2785], [130.2445, 33.2729], [130.2437, 33.2706], [130.2446, 33.2703], [130.2437, 33.2673], [130.2442, 33.2584], [130.2441, 33.2557], [130.2444, 33.2515]]]}, "properties": {"name": "佐賀県佐賀市"}}, {"type": "Feature", "geometry": {"type": "MultiPolygon", "coordinates": [[[[130.1688, 33.4676], [130.1666, 33.4688], [130.1644, 33.4693], [130.164, 33.4704], [130.1642, 33.4714], [130.1637, 33.4725], [130.1629, 33.4723], [130.1616, 33.473], [130.1611, 33.4741], [130.1605, 33.4744], [130.1593, 33.4756], [130.1586, 33.4758], [130.1579, 33.4755], [130.1566, 33.4766], [130.1553, 33.4765], [130.1543, 33.4767], [130.1538, 33.4766], [130.1522, 33.477], [130.1516, 33.4769], [130.1507, 33.4776], [130.1485, 33.4773], [130.1484, 33.4764], [130.1479, 33.4757], [130.1459, 33.4744], [130.1446, 33.4742], [130.1425, 33.4744], [130.1412, 33.4721], [130.1397, 33.4714], [130.1395, 33.4704], [130.139, 33.4701], [130.1377, 33.4709], [130.1357, 33.4711], [130.1346, 33.4724], [130.1326, 33.4735], [130.132, 33.4743], [130.1306, 33.4746], [130.1295, 33.4756], [130.1277, 33.4754], [130.1257, 33.4759], [130.1219, 33.4754], [130.1196, 33.4759], [130.1177, 33.4751], [130.1137, 33.4752], [130.1102, 33.4759], [130.1093, 33.4763], [130.1079, 33.4777], [130.1069, 33.4778], [130.1065, 33.4776], [130.1054, 33.476], [130.103, 33.4759], [130.1022, 33.4721], [130.1013, 33.4712], [130.1005, 33.4707], [130.0987, 33.4699], [130.0952, 33.4694], [130.0934, 33.4689], [130.092, 33.4691], [130.0898, 33.4685], [130.0889, 33.4686], [130.088, 33.4692], [130.0859, 33.4697], [130.0842, 33.4692], [130.0831, 33.4695], [130.0826, 33.4692], [130.0818, 33.4693], [130.0813, 33.4689], [130.0794, 33.4685], [130.079, 33.4686], [130.0787, 33.4694], [130.077, 33.47], [130.0753, 33.4699], [130.0744, 33.4693], [130.0738, 33.4693], [130.0714, 33.4702], [130.0681, 33.4725], [130.0662, 33.4722], [130.0637, 33.471], [130.0629, 33.4711], [130.0606, 33.4704], [130.0599, 33.4704], [130.0591, 33.4706], [130.0585, 33.4711], [130.0576, 33.4712], [130.056, 33.4704], [130.055, 33.4694], [130.0542, 33.4696], [130.0537, 33.4691], [130.0528, 33.4693], [130.0519, 33.4687], [130.0508, 33.4695], [130.049, 33.4686], [130.0483, 33.4684], [130.0476, 33.4686], [130.047, 33.4683], [130.0463, 33.4682], [130.0449, 33.4674], [130.0428, 33.4681], [130.0397, 33.4702], [130.0393, 33.4702], [130.0388, 33.4698], [130.0394, 33.4695], [130.0386, 33.4683], [130.0382, 33.4679], [130.0375, 33.4677], [130.037, 33.4669], [130.036, 33.4668], [130.036, 33.4661], [130.0355, 33.4658], [130.036, 33.4654], [130.0361, 33.4646], [130.0364, 33.4644], [130.0368, 33.4633], [130.0364, 33.4618], [130.0369, 33.4614], [130.036, 33.4605], [130.0365, 33.4595], [130.0362, 33.4606], [130.0368, 33.4612], [130.0381, 33.46], [130.0372, 33.4594], [130.0368, 33.4594], [130.0371, 33.4593], [130.0374, 33.4594], [130.0382, 33.46], [130.0375, 33.4594], [130.0388, 33.4582], [130.0399, 33.4585], [130.0407, 33.4577], [130.0412, 33.456], [130.0419, 33.4557], [130.0421, 33.4542], [130.0414, 33.4546], [130.0415, 33.4548], [130.042, 33.4546], [130.0398, 33.4556], [130.0392, 33.4542], [130.0384, 33.4533], [130.0348, 33.451], [130.0292, 33.4486], [130.0277, 33.4483], [130.0268, 33.4476], [130.0255, 33.4477], [130.0245, 33.4471], [130.0232, 33.4473], [130.0224, 33.4467], [130.0138, 33.446], [130.0089, 33.446], [129.9997, 33.4467], [129.9947, 33.4478], [129.9944, 33.4548], [129.9944, 33.4741], [129.9947, 33.4762], [129.9944, 33.4771], [129.9927, 33.4794], [129.9912, 33.4805], [129.9897, 33.4808], [129.951, 33.4996], [129.9533, 33.5037], [129.9562, 33.5052], [129.9584, 33.5059], [129.9593, 33.5059], [129.959, 33.5057], [129.9593, 33.5048], [129.9598, 33.5049], [129.96, 33.5044], [129.96, 33.5047], [129.9617, 33.5045], [129.9613, 33.504], [129.9599, 33.5036], [129.9614, 33.5039], [129.9622, 33.505], [129.9628, 33.5054], [129.9635, 33.5054], [129.9646, 33.5057], [129.9653, 33.5067], [129.966, 33.5071], [129.9662, 33.5076], [129.9674, 33.5084], [129.9692, 33.5114], [129.9686, 33.5131], [129.9682, 33.5134], [129.9669, 33.5137], [129.9661, 33.5136], [129.9653, 33.5138], [129.9638, 33.5145], [129.9634, 33.5145], [129.9626, 33.5138], [129.9614, 33.5141], [129.9588, 33.5159], [129.9569, 33.518], [129.9563, 33.5199], [129.958, 33.5207], [129.9582, 33.5212], [129.9575, 33.5218], [129.9587, 33.523], [129.9577, 33.5246], [129.9579, 33.525], [129.9574, 33.5243], [129.9576, 33.5245], [129.9586, 33.523], [129.9578, 33.5223], [129.9569, 33.5236], [129.9573, 33.5241], [129.9569, 33.5237], [129.9559, 33.5233], [129.9558, 33.5251], [129.9565, 33.5249], [129.9567, 33.5251], [129.9559, 33.5254], [129.9567, 33.5261], [129.9578, 33.5261], [129.9591, 33.5247], [129.9574, 33.5266], [129.9573, 33.5275], [129.9579, 33.5291], [129.9572, 33.5295], [129.9565, 33.5293], [129.9558, 33.5294], [129.9544, 33.53], [129.9527, 33.5298], [129.9518, 33.5301], [129.9519, 33.5306], [129.9515, 33.5308], [129.9513, 33.5303], [129.9515, 33.5299], [129.9513, 33.5299], [129.9509, 33.5292], [129.9509, 33.5287], [129.9503, 33.5283], [129.9493, 33.528], [129.9493, 33.5275], [129.9487, 33.5271], [129.9496, 33.527], [129.9469, 33.5271], [129.9485, 33.5271], [129.9492, 33.5275], [129.9492, 33.5279], [129.9474, 33.528], [129.946, 33.5284], [129.9414, 33.5312], [129.9397, 33.5319], [129.9391, 33.5319], [129.9388, 33.5323], [129.938, 33.5325], [129.9372, 33.5332], [129.9354, 33.5341], [129.9326, 33.5348], [129.9321, 33.5355], [129.9306, 33.536], [129.93, 33.5365], [129.9302, 33.5371], [129.9299, 33.5365], [129.9291, 33.5375], [129.9307, 33.5374], [129.9291, 33.5375], [129.9289, 33.5387], [129.9297, 33.5399], [129.9299, 33.5407], [129.9297, 33.5413], [129.9306, 33.5431], [129.9308, 33.5443], [129.9307, 33.5453], [129.9311, 33.5455], [129.9321, 33.5476], [129.9319, 33.5476], [129.9325, 33.548], [129.9324, 33.5483], [129.9323, 33.548], [129.9321, 33.5482], [129.9332, 33.5492], [129.9328, 33.5496], [129.9323, 33.549], [129.9314, 33.5489], [129.9319, 33.5495], [129.9319, 33.5499], [129.9299, 33.5497], [129.9308, 33.5501], [129.9306, 33.5501], [129.9307, 33.5504], [129.93, 33.5502], [129.93, 33.5506], [129.9304, 33.5507], [129.9302, 33.551], [129.9286, 33.5508], [129.9277, 33.55], [129.9285, 33.5498], [129.928, 33.5498], [129.9284, 33.5496], [129.9278, 33.5494], [129.9284, 33.5484], [129.9283, 33.5472], [129.928, 33.5469], [129.9285, 33.547], [129.9285, 33.5463], [129.9281, 33.5458], [129.9264, 33.5455], [129.924, 33.5444], [129.9227, 33.5444], [129.9224, 33.5439], [129.9214, 33.5437], [129.9216, 33.5437], [129.9216, 33.5434], [129.9194, 33.5422], [129.9178, 33.5418], [129.9156, 33.5423], [129.9149, 33.5422], [129.9118, 33.5433], [129.9102, 33.545], [129.9101, 33.5484], [129.9092, 33.5494], [129.9062, 33.5486], [129.905, 33.5485], [129.9034, 33.5471], [129.9035, 33.547], [129.9047, 33.5481], [129.9055, 33.5475], [129.9052, 33.5466], [129.9046, 33.546], [129.9053, 33.5465], [129.9062, 33.5466], [129.9065, 33.5461], [129.9063, 33.5449], [129.9048, 33.5449], [129.9048, 33.5455], [129.9048, 33.5449], [129.9028, 33.5449], [129.9029, 33.5454], [129.9028, 33.5449], [129.902, 33.5453], [129.9024, 33.5457], [129.902, 33.5453], [129.9012, 33.5458], [129.9009, 33.5456], [129.8993, 33.5474], [129.8985, 33.5478], [129.8979, 33.5491], [129.8965, 33.5496], [129.8951, 33.551], [129.8965, 33.5495], [129.8952, 33.5489], [129.8948, 33.5482], [129.8935, 33.5472], [129.8929, 33.547], [129.8923, 33.5477], [129.8916, 33.5473], [129.8923, 33.5476], [129.8926, 33.5473], [129.8917, 33.5467], [129.8912, 33.5471], [129.891, 33.5469], [129.8907, 33.5471], [129.8911, 33.5466], [129.8911, 33.5461], [129.8901, 33.5456], [129.8904, 33.5445], [129.8903, 33.5455], [129.8911, 33.546], [129.8913, 33.5449], [129.8911, 33.5448], [129.8912, 33.5435], [129.8912, 33.5447], [129.8918, 33.545], [129.8923, 33.5434], [129.8921, 33.5434], [129.8923, 33.543], [129.8925, 33.5431], [129.8935, 33.5421], [129.8948, 33.5399], [129.8946, 33.5379], [129.8942, 33.5378], [129.8939, 33.5382], [129.8929, 33.5375], [129.8924, 33.5362], [129.8926, 33.5361], [129.8925, 33.5356], [129.8923, 33.5355], [129.892, 33.5359], [129.8921, 33.5366], [129.8917, 33.5372], [129.8914, 33.537], [129.8912, 33.5373], [129.8921, 33.5382], [129.8924, 33.5382], [129.8927, 33.5388], [129.8929, 33.5387], [129.8931, 33.5398], [129.8928, 33.5406], [129.8909, 33.5416], [129.8906, 33.5413], [129.8906, 33.5418], [129.89, 33.5415], [129.8891, 33.5419], [129.8884, 33.5417], [129.888, 33.5412], [129.8875, 33.5412], [129.8871, 33.5417], [129.8861, 33.5417], [129.8861, 33.5404], [129.8857, 33.5404], [129.8857, 33.5408], [129.8841, 33.5406], [129.884, 33.5411], [129.8827, 33.5405], [129.8828, 33.5403], [129.8824, 33.5406], [129.8825, 33.5409], [129.8821, 33.5407], [129.8817, 33.5411], [129.882, 33.541], [129.8821, 33.5419], [129.8815, 33.5419], [129.8812, 33.5425], [129.8806, 33.5445], [129.8811, 33.5443], [129.881, 33.5448], [129.8812, 33.5457], [129.8806, 33.547], [129.881, 33.5472], [129.8812, 33.547], [129.8811, 33.5473], [129.885, 33.5482], [129.8868, 33.5502], [129.8901, 33.5518], [129.8905, 33.5522], [129.8902, 33.5544], [129.8906, 33.5548], [129.8912, 33.5547], [129.8912, 33.5543], [129.8916, 33.5543], [129.8913, 33.5535], [129.8917, 33.5539], [129.8917, 33.5544], [129.8929, 33.5548], [129.8936, 33.5543], [129.8937, 33.5545], [129.8932, 33.5548], [129.8933, 33.5555], [129.8926, 33.5562], [129.8907, 33.5566], [129.8903, 33.5571], [129.8905, 33.5566], [129.8898, 33.5562], [129.8895, 33.5558], [129.8891, 33.5557], [129.8894, 33.5556], [129.8892, 33.5554], [129.889, 33.5553], [129.8882, 33.556], [129.8887, 33.5568], [129.8885, 33.5569], [129.8886, 33.5571], [129.8889, 33.5571], [129.8889, 33.5568], [129.8892, 33.5565], [129.889, 33.5568], [129.8896, 33.5578], [129.8901, 33.5575], [129.8907, 33.5576], [129.8898, 33.5578], [129.89, 33.5588], [129.8896, 33.5598], [129.8883, 33.5607], [129.8879, 33.5613], [129.8867, 33.5625], [129.8855, 33.5631], [129.8853, 33.564], [129.884, 33.5652], [129.8827, 33.5672], [129.882, 33.5677], [129.8814, 33.5675], [129.881, 33.5677], [129.8805, 33.5671], [129.8788, 33.5665], [129.8785, 33.5658], [129.8791, 33.5641], [129.8789, 33.5634], [129.8778, 33.5627], [129.8771, 33.5615], [129.876, 33.5614], [129.8759, 33.561], [129.8751, 33.5608], [129.8746, 33.56], [129.8739, 33.5596], [129.8742, 33.5588], [129.8739, 33.5577], [129.8742, 33.5559], [129.8756, 33.5545], [129.8753, 33.5537], [129.8747, 33.5532], [129.8747, 33.5527], [129.874, 33.5522], [129.8742, 33.5515], [129.875, 33.5509], [129.8759, 33.5507], [129.8764, 33.5501], [129.8764, 33.5497], [129.8762, 33.5495], [129.8757, 33.5496], [129.8751, 33.5494], [129.8753, 33.5491], [129.8741, 33.5482], [129.8743, 33.5477], [129.8738, 33.547], [129.8732, 33.5468], [129.8731, 33.5472], [129.8724, 33.5473], [129.8718, 33.5469], [129.8721, 33.5466], [129.8729, 33.5468], [129.8732, 33.5466], [129.8733, 33.5445], [129.8745, 33.5443], [129.8754, 33.5438], [129.8762, 33.5439], [129.8764, 33.5437], [129.8762, 33.5439], [129.8778, 33.5449], [129.8799, 33.5446], [129.8802, 33.5447], [129.8804, 33.5445], [129.881, 33.5425], [129.8807, 33.5423], [129.8809, 33.5418], [129.8807, 33.5415], [129.881, 33.5416], [129.8813, 33.5415], [129.8817, 33.5409], [129.8829, 33.5402], [129.8831, 33.5394], [129.8842, 33.5389], [129.8842, 33.5386], [129.8836, 33.5384], [129.8838, 33.5382], [129.8843, 33.5386], [129.8847, 33.5379], [129.8842, 33.5371], [129.8825, 33.536], [129.8823, 33.5344], [129.882, 33.5344], [129.8824, 33.532], [129.8835, 33.5305], [129.8839, 33.5307], [129.8836, 33.5302], [129.8822, 33.5294], [129.8821, 33.5289], [129.8813, 33.5289], [129.8815, 33.5275], [129.8819, 33.5268], [129.8831, 33.5263], [129.8836, 33.5265], [129.884, 33.5262], [129.8834, 33.5258], [129.8822, 33.5258], [129.8819, 33.5252], [129.8823, 33.5234], [129.8841, 33.5227], [129.8846, 33.5228], [129.8865, 33.5224], [129.8875, 33.5225], [129.89, 33.5217], [129.8908, 33.5211], [129.8922, 33.519], [129.8911, 33.5204], [129.8899, 33.5212], [129.8871, 33.5222], [129.8864, 33.5222], [129.8846, 33.5209], [129.884, 33.5207], [129.883, 33.5209], [129.8825, 33.5212], [129.8825, 33.5214], [129.8817, 33.5214], [129.8803, 33.5229], [129.879, 33.5229], [129.8787, 33.5225], [129.8784, 33.5206], [129.8776, 33.5203], [129.8769, 33.5193], [129.8767, 33.5182], [129.8764, 33.5181], [129.8767, 33.5178], [129.8763, 33.5165], [129.8743, 33.5161], [129.8744, 33.5165], [129.874, 33.5169], [129.8747, 33.5185], [129.8743, 33.5192], [129.8744, 33.5204], [129.8752, 33.5207], [129.8758, 33.5214], [129.8759, 33.5213], [129.8758, 33.5214], [129.8763, 33.5219], [129.8758, 33.5222], [129.8759, 33.5225], [129.8755, 33.5231], [129.8768, 33.5239], [129.8777, 33.5237], [129.8783, 33.5239], [129.8787, 33.5245], [129.8783, 33.5257], [129.8783, 33.5268], [129.8791, 33.5276], [129.8803, 33.5279], [129.8807, 33.5283], [129.8802, 33.5305], [129.8792, 33.5317], [129.8788, 33.5334], [129.8801, 33.5338], [129.8795, 33.5338], [129.8779, 33.5369], [129.8774, 33.5367], [129.8769, 33.5376], [129.8785, 33.5382], [129.8757, 33.5372], [129.8741, 33.5373], [129.8735, 33.5364], [129.871, 33.5374], [129.8698, 33.5372], [129.8689, 33.5374], [129.868, 33.5386], [129.8664, 33.5389], [129.8657, 33.5394], [129.8653, 33.5411], [129.8644, 33.5422], [129.8638, 33.5425], [129.8619, 33.5421], [129.8605, 33.5423], [129.8605, 33.5433], [129.8601, 33.5434], [129.8594, 33.5432], [129.8587, 33.5435], [129.8576, 33.5448], [129.858, 33.545], [129.8578, 33.5452], [129.8576, 33.545], [129.8567, 33.546], [129.8568, 33.5461], [129.8563, 33.5459], [129.8563, 33.5467], [129.8577, 33.5471], [129.8578, 33.5467], [129.8572, 33.5462], [129.8576, 33.5464], [129.8577, 33.5463], [129.8587, 33.5468], [129.8593, 33.5457], [129.8593, 33.5462], [129.8586, 33.547], [129.8593, 33.5473], [129.8595, 33.5484], [129.8592, 33.5488], [129.8583, 33.5492], [129.8584, 33.5497], [129.8588, 33.5499], [129.8591, 33.5497], [129.8592, 33.5498], [129.859, 33.5502], [129.8583, 33.5503], [129.8581, 33.5512], [129.8577, 33.5515], [129.8543, 33.5525], [129.854, 33.5532], [129.8538, 33.5531], [129.8539, 33.5535], [129.8535, 33.5538], [129.8522, 33.5537], [129.8515, 33.5546], [129.8516, 33.5558], [129.8523, 33.5561], [129.8516, 33.5559], [129.8504, 33.5565], [129.8486, 33.5559], [129.8463, 33.5558], [129.8463, 33.5548], [129.847, 33.5548], [129.8476, 33.5551], [129.848, 33.5549], [129.8476, 33.5552], [129.8482, 33.5555], [129.8506, 33.5546], [129.851, 33.5537], [129.8516, 33.5538], [129.8518, 33.5535], [129.8516, 33.5528], [129.8508, 33.5528], [129.8508, 33.5532], [129.8507, 33.5528], [129.85, 33.5524], [129.8503, 33.552], [129.8501, 33.5504], [129.8497, 33.5505], [129.8499, 33.5501], [129.8501, 33.5501], [129.8498, 33.5498], [129.8503, 33.5494], [129.8493, 33.5492], [129.8494, 33.5489], [129.8491, 33.5486], [129.8484, 33.5489], [129.8479, 33.5488], [129.8476, 33.5485], [129.8486, 33.5476], [129.849, 33.5476], [129.8491, 33.5474], [129.8488, 33.547], [129.8473, 33.5474], [129.8483, 33.5442], [129.8481, 33.5439], [129.8473, 33.5436], [129.8467, 33.5425], [129.8481, 33.5428], [129.8484, 33.5433], [129.8487, 33.5434], [129.8492, 33.5431], [129.8492, 33.5424], [129.8499, 33.5424], [129.8505, 33.5419], [129.8506, 33.542], [129.851, 33.5415], [129.8515, 33.5418], [129.8509, 33.5406], [129.8513, 33.5402], [129.8518, 33.5405], [129.8518, 33.5398], [129.8506, 33.5393], [129.8502, 33.5408], [129.8506, 33.5391], [129.8501, 33.5388], [129.849, 33.5391], [129.8484, 33.5385], [129.8481, 33.5377], [129.8491, 33.5367], [129.8501, 33.5369], [129.8507, 33.5368], [129.8524, 33.5358], [129.8529, 33.535], [129.8551, 33.5345], [129.8563, 33.5337], [129.8565, 33.5328], [129.8559, 33.5311], [129.8532, 33.5284], [129.8526, 33.5273], [129.8523, 33.5259], [129.8532, 33.5251], [129.8545, 33.5247], [129.8544, 33.5233], [129.8537, 33.5224], [129.8538, 33.5219], [129.8545, 33.5216], [129.8551, 33.5209], [129.8562, 33.5207], [129.8565, 33.5201], [129.8571, 33.5203], [129.8571, 33.5194], [129.8566, 33.5191], [129.8557, 33.5193], [129.8546, 33.5201], [129.8534, 33.5203], [129.8519, 33.5213], [129.8519, 33.5226], [129.8525, 33.5226], [129.8517, 33.5226], [129.8512, 33.5232], [129.8503, 33.5233], [129.8486, 33.5239], [129.8478, 33.5249], [129.847, 33.5252], [129.8461, 33.5251], [129.8456, 33.5248], [129.8455, 33.5244], [129.844, 33.5239], [129.843, 33.5243], [129.8424, 33.5251], [129.842, 33.5251], [129.8418, 33.5244], [129.8414, 33.5242], [129.8408, 33.5243], [129.8403, 33.5247], [129.8404, 33.5233], [129.8398, 33.5223], [129.8405, 33.5221], [129.8418, 33.5228], [129.8426, 33.5221], [129.8436, 33.5219], [129.8449, 33.5225], [129.8456, 33.5218], [129.8483, 33.5223], [129.8489, 33.522], [129.8492, 33.5217], [129.8494, 33.5209], [129.8482, 33.5201], [129.8482, 33.5193], [129.8485, 33.5186], [129.8481, 33.5181], [129.8473, 33.5178], [129.8476, 33.5172], [129.8485, 33.5167], [129.8484, 33.516], [129.8502, 33.5145], [129.8511, 33.5142], [129.8515, 33.5143], [129.8524, 33.5135], [129.8541, 33.5133], [129.8546, 33.5134], [129.8549, 33.5138], [129.8564, 33.5132], [129.8571, 33.5135], [129.8582, 33.5119], [129.8579, 33.5116], [129.8568, 33.5114], [129.86, 33.509], [129.8611, 33.5086], [129.8633, 33.5089], [129.8635, 33.5092], [129.864, 33.5094], [129.8642, 33.5103], [129.8659, 33.5094], [129.8688, 33.5088], [129.8707, 33.5071], [129.8713, 33.5058], [129.8727, 33.5047], [129.873, 33.5039], [129.8737, 33.5033], [129.8753, 33.5023], [129.8763, 33.5021], [129.8769, 33.5015], [129.8792, 33.5016], [129.8823, 33.5013], [129.8843, 33.4987], [129.8846, 33.4981], [129.8844, 33.4968], [129.8859, 33.4964], [129.8862, 33.4952], [129.8873, 33.4942], [129.888, 33.4929], [129.8891, 33.4921], [129.89, 33.4921], [129.8907, 33.491], [129.8917, 33.4909], [129.8926, 33.4902], [129.8942, 33.4908], [129.8947, 33.4907], [129.8972, 33.4897], [129.8975, 33.4879], [129.8981, 33.4868], [129.8982, 33.4862], [129.9, 33.4855], [129.9014, 33.4855], [129.9012, 33.4844], [129.9016, 33.4841], [129.9013, 33.4834], [129.9025, 33.4828], [129.9023, 33.4821], [129.9018, 33.4818], [129.9019, 33.4811], [129.9022, 33.4808], [129.9038, 33.4803], [129.9039, 33.48], [129.903, 33.4788], [129.9033, 33.4774], [129.904, 33.4771], [129.904, 33.4753], [129.9037, 33.4748], [129.9045, 33.4741], [129.9044, 33.4721], [129.905, 33.4709], [129.9018, 33.4692], [129.9016, 33.4687], [129.8999, 33.4672], [129.8991, 33.4675], [129.8989, 33.4684], [129.8965, 33.4674], [129.8947, 33.4652], [129.8948, 33.4639], [129.8958, 33.4631], [129.897, 33.4635], [129.8972, 33.4642], [129.8976, 33.4642], [129.8979, 33.4644], [129.8984, 33.4641], [129.8983, 33.4637], [129.8986, 33.4636], [129.8985, 33.4627], [129.8976, 33.4617], [129.8979, 33.4606], [129.8963, 33.4605], [129.896, 33.4601], [129.8962, 33.4597], [129.8957, 33.4592], [129.8941, 33.4583], [129.8943, 33.4577], [129.8958, 33.4569], [129.8963, 33.4569], [129.8964, 33.4566], [129.8958, 33.4562], [129.8958, 33.4559], [129.8959, 33.4553], [129.8965, 33.4551], [129.8968, 33.4546], [129.8953, 33.4547], [129.8945, 33.4552], [129.8941, 33.4546], [129.8928, 33.4543], [129.8927, 33.4534], [129.8919, 33.4524], [129.8913, 33.4525], [129.891, 33.4531], [129.8912, 33.4542], [129.8908, 33.4547], [129.89, 33.455], [129.8889, 33.4545], [129.8889, 33.4539], [129.8884, 33.4532], [129.8881, 33.4519], [129.8882, 33.4514], [129.8893, 33.4505], [129.8894, 33.4497], [129.8892, 33.4489], [129.8877, 33.4463], [129.8871, 33.4447], [129.8871, 33.4432], [129.8878, 33.4427], [129.8896, 33.4422], [129.8909, 33.4428], [129.8919, 33.4437], [129.8916, 33.4431], [129.8898, 33.442], [129.8886, 33.4418], [129.8874, 33.4413], [129.886, 33.441], [129.8834, 33.4413], [129.882, 33.441], [129.8807, 33.4414], [129.8803, 33.4409], [129.8802, 33.4402], [129.8806, 33.4387], [129.8804, 33.4374], [129.8806, 33.4364], [129.8791, 33.4343], [129.8791, 33.4333], [129.8788, 33.4332], [129.8784, 33.4325], [129.8773, 33.4319], [129.8755, 33.4315], [129.8752, 33.4308], [129.8741, 33.431], [129.8721, 33.4306], [129.8713, 33.4302], [129.8718, 33.431], [129.8716, 33.4313], [129.8717, 33.4325], [129.8706, 33.4332], [129.871, 33.4347], [129.8689, 33.4356], [129.8682, 33.4356], [129.8674, 33.435], [129.8671, 33.4351], [129.8667, 33.4364], [129.8664, 33.4366], [129.8652, 33.4353], [129.8648, 33.4343], [129.864, 33.4345], [129.8635, 33.4339], [129.8632, 33.4339], [129.8604, 33.4345], [129.86, 33.4339], [129.8587, 33.4337], [129.8596, 33.4356], [129.8595, 33.4362], [129.8594, 33.4367], [129.8581, 33.4383], [129.858, 33.439], [129.8583, 33.4405], [129.8597, 33.4408], [129.86, 33.4413], [129.8597, 33.4422], [129.8601, 33.4433], [129.8623, 33.4439], [129.8626, 33.4448], [129.863, 33.4449], [129.8633, 33.4454], [129.8611, 33.4464], [129.8604, 33.4472], [129.8597, 33.4473], [129.8595, 33.4478], [129.8585, 33.448], [129.8584, 33.4484], [129.8578, 33.4487], [129.8569, 33.4483], [129.8562, 33.4476], [129.8552, 33.4471], [129.853, 33.4468], [129.8516, 33.4473], [129.8507, 33.4467], [129.8509, 33.4465], [129.8508, 33.4461], [129.8504, 33.4461], [129.8498, 33.4456], [129.8495, 33.4448], [129.8485, 33.4451], [129.8485, 33.4456], [129.8477, 33.4463], [129.8472, 33.4461], [129.8464, 33.445], [129.8462, 33.4452], [129.8458, 33.4451], [129.8445, 33.4444], [129.8445, 33.4442], [129.8431, 33.4449], [129.8431, 33.446], [129.8426, 33.446], [129.8431, 33.4464], [129.8433, 33.447], [129.8428, 33.4473], [129.8422, 33.4487], [129.8414, 33.4494], [129.8402, 33.4497], [129.8399, 33.4499], [129.8399, 33.4504], [129.8393, 33.4502], [129.8392, 33.4507], [129.8375, 33.4499], [129.8361, 33.4502], [129.8348, 33.4508], [129.8348, 33.4513], [129.8351, 33.4514], [129.8348, 33.4515], [129.8348, 33.4523], [129.8351, 33.4531], [129.8354, 33.4531], [129.8352, 33.4532], [129.8354, 33.4543], [129.8362, 33.4544], [129.8369, 33.4559], [129.8366, 33.4565], [129.8376, 33.457], [129.8379, 33.4568], [129.8376, 33.457], [129.8388, 33.4587], [129.8393, 33.4586], [129.8388, 33.4587], [129.8394, 33.4605], [129.8391, 33.4623], [129.8381, 33.4632], [129.8379, 33.4639], [129.8375, 33.4638], [129.8373, 33.4641], [129.8343, 33.4639], [129.8334, 33.4651], [129.8333, 33.4657], [129.8322, 33.4658], [129.831, 33.4664], [129.8304, 33.4664], [129.8301, 33.4669], [129.8295, 33.467], [129.829, 33.4676], [129.8286, 33.4676], [129.8277, 33.4682], [129.827, 33.4681], [129.8259, 33.4685], [129.8256, 33.4702], [129.8252, 33.4703], [129.8248, 33.471], [129.8249, 33.4722], [129.824, 33.4725], [129.8234, 33.4735], [129.8235, 33.4749], [129.8237, 33.4754], [129.8242, 33.4757], [129.8256, 33.4761], [129.8259, 33.4759], [129.8256, 33.4762], [129.8267, 33.4783], [129.8264, 33.4793], [129.8247, 33.4803], [129.8231, 33.4803], [129.8215, 33.4809], [129.8206, 33.4816], [129.8209, 33.483], [129.8207, 33.4833], [129.8201, 33.4837], [129.8197, 33.4837], [129.8195, 33.4829], [129.819, 33.4827], [129.8172, 33.4828], [129.8151, 33.4834], [129.8153, 33.4797], [129.8148, 33.4795], [129.8143, 33.4795], [129.8138, 33.4808], [129.8135, 33.4795], [129.8128, 33.4794], [129.8111, 33.4813], [129.8099, 33.4818], [129.8089, 33.4834], [129.8078, 33.4846], [129.8078, 33.4851], [129.8071, 33.4852], [129.8065, 33.4857], [129.8052, 33.4836], [129.805, 33.4821], [129.8044, 33.4812], [129.8044, 33.4805], [129.8036, 33.479], [129.8037, 33.4784], [129.8041, 33.4781], [129.8039, 33.4776], [129.8035, 33.4774], [129.8023, 33.4776], [129.802, 33.4773], [129.8015, 33.4773], [129.802, 33.477], [129.8016, 33.4763], [129.8017, 33.4759], [129.8008, 33.4753], [129.801, 33.4749], [129.8005, 33.4744], [129.8, 33.4744], [129.7993, 33.475], [129.798, 33.475], [129.7967, 33.4755], [129.7962, 33.4755], [129.7957, 33.4746], [129.7948, 33.4738], [129.7948, 33.4732], [129.7939, 33.4726], [129.7936, 33.4721], [129.7939, 33.4715], [129.7954, 33.4715], [129.7957, 33.4712], [129.7958, 33.471], [129.7949, 33.4697], [129.7948, 33.4681], [129.796, 33.4676], [129.7968, 33.4662], [129.798, 33.4655], [129.7984, 33.465], [129.7986, 33.4652], [129.7986, 33.4642], [129.7982, 33.4637], [129.799, 33.4635], [129.8001, 33.4636], [129.8014, 33.4628], [129.8043, 33.4622], [129.8046, 33.4619], [129.805, 33.4606], [129.8047, 33.4618], [129.8049, 33.4619], [129.8053, 33.4614], [129.8053, 33.4619], [129.8059, 33.462], [129.8058, 33.4618], [129.8062, 33.4619], [129.8064, 33.4621], [129.8063, 33.4619], [129.8071, 33.461], [129.8066, 33.4603], [129.8062, 33.4605], [129.8083, 33.4591], [129.8079, 33.458], [129.8069, 33.4572], [129.8063, 33.4564], [129.8056, 33.4563], [129.8051, 33.456], [129.8049, 33.4555], [129.8034, 33.455], [129.8033, 33.4532], [129.8031, 33.4533], [129.8019, 33.4535], [129.8015, 33.4541], [129.8002, 33.4548], [129.7994, 33.4546], [129.7986, 33.453], [129.7981, 33.4535], [129.7981, 33.4547], [129.7986, 33.4558], [129.7991, 33.4563], [129.7986, 33.4571], [129.7973, 33.4576], [129.7963, 33.4577], [129.7941, 33.4573], [129.7942, 33.4584], [129.7948, 33.4588], [129.7944, 33.4592], [129.7945, 33.4597], [129.7935, 33.4597], [129.7929, 33.4586], [129.7926, 33.4585], [129.7902, 33.459], [129.7883, 33.4577], [129.787, 33.4574], [129.7842, 33.4561], [129.7836, 33.4548], [129.7835, 33.4534], [129.7828, 33.4513], [129.7848, 33.4489], [129.7859, 33.4482], [129.7865, 33.4482], [129.7874, 33.4488], [129.788, 33.4489], [129.7881, 33.4487], [129.7888, 33.449], [129.7888, 33.4496], [129.7885, 33.4497], [129.7886, 33.4501], [129.7889, 33.451], [129.7893, 33.4509], [129.7902, 33.4496], [129.7904, 33.449], [129.7912, 33.4482], [129.7908, 33.448], [129.7906, 33.4482], [129.7906, 33.448], [129.7898, 33.448], [129.7902, 33.4477], [129.7897, 33.4477], [129.7896, 33.4469], [129.7889, 33.4467], [129.7897, 33.4456], [129.7899, 33.445], [129.7904, 33.4448], [129.7911, 33.4449], [129.7909, 33.4445], [129.7896, 33.4435], [129.7895, 33.4431], [129.7897, 33.4427], [129.7895, 33.4423], [129.7893, 33.4423], [129.7895, 33.442], [129.7899, 33.4421], [129.7903, 33.4425], [129.7914, 33.4423], [129.792, 33.4433], [129.794, 33.4431], [129.7955, 33.4438], [129.7961, 33.4435], [129.7961, 33.4432], [129.7964, 33.4431], [129.7973, 33.4436], [129.7979, 33.4431], [129.7978, 33.4424], [129.7962, 33.4414], [129.7962, 33.4408], [129.7965, 33.4406], [129.7971, 33.4407], [129.798, 33.4414], [129.7996, 33.4418], [129.7999, 33.4417], [129.7999, 33.4412], [129.8012, 33.441], [129.8018, 33.4403], [129.8013, 33.4399], [129.8011, 33.4392], [129.8009, 33.4393], [129.8009, 33.4389], [129.8012, 33.4384], [129.8007, 33.4378], [129.801, 33.4374], [129.8019, 33.437], [129.8028, 33.436], [129.8034, 33.4358], [129.804, 33.4359], [129.8054, 33.4354], [129.8059, 33.4356], [129.8063, 33.4353], [129.8077, 33.4349], [129.8079, 33.4347], [129.8101, 33.4347], [129.8107, 33.4343], [129.8104, 33.4346], [129.811, 33.4356], [129.8117, 33.4353], [129.8118, 33.4347], [129.8132, 33.4349], [129.8129, 33.4345], [129.8131, 33.4343], [129.8124, 33.4343], [129.8124, 33.434], [129.812, 33.4338], [129.8119, 33.4339], [129.8115, 33.4333], [129.8112, 33.4331], [129.8119, 33.4327], [129.8127, 33.4334], [129.813, 33.4331], [129.8137, 33.4333], [129.8137, 33.4328], [129.8145, 33.4331], [129.8142, 33.4327], [129.8143, 33.4322], [129.8134, 33.432], [129.8137, 33.4317], [129.8147, 33.4316], [129.815, 33.4314], [129.8139, 33.431], [129.8141, 33.4307], [129.8149, 33.4306], [129.8137, 33.43], [129.8136, 33.4297], [129.8144, 33.4293], [129.8136, 33.4286], [129.8154, 33.4271], [129.8162, 33.4272], [129.8168, 33.4265], [129.8174, 33.427], [129.8179, 33.4268], [129.8182, 33.427], [129.8188, 33.4269], [129.8199, 33.4271], [129.8201, 33.4269], [129.8194, 33.4259], [129.8189, 33.4259], [129.8187, 33.4257], [129.819, 33.4243], [129.8194, 33.4243], [129.8195, 33.4246], [129.82, 33.4247], [129.8217, 33.4244], [129.8213, 33.424], [129.8214, 33.4235], [129.8226, 33.4231], [129.8233, 33.4221], [129.8227, 33.4231], [129.8231, 33.4233], [129.8237, 33.4231], [129.8234, 33.4235], [129.8235, 33.424], [129.8241, 33.4243], [129.8249, 33.424], [129.8251, 33.4233], [129.8251, 33.4231], [129.8245, 33.4229], [129.8251, 33.423], [129.8262, 33.4223], [129.8258, 33.4217], [129.8264, 33.422], [129.8275, 33.4214], [129.8277, 33.4216], [129.828, 33.4212], [129.8278, 33.4216], [129.8291, 33.4215], [129.8299, 33.4218], [129.8302, 33.4221], [129.8314, 33.4223], [129.8318, 33.4221], [129.8303, 33.4205], [129.8291, 33.42], [129.8292, 33.4196], [129.829, 33.4196], [129.8288, 33.42], [129.8273, 33.4204], [129.8266, 33.4202], [129.8267, 33.4204], [129.8264, 33.4204], [129.8265, 33.4201], [129.8243, 33.4195], [129.8237, 33.421], [129.8241, 33.4195], [129.8233, 33.4191], [129.8233, 33.418], [129.8229, 33.4177], [129.8228, 33.4167], [129.8222, 33.4164], [129.8226, 33.4155], [129.8222, 33.4142], [129.8235, 33.4131], [129.8235, 33.4122], [129.8239, 33.4119], [129.8255, 33.4118], [129.8268, 33.4121], [129.8281, 33.412], [129.8303, 33.4129], [129.8306, 33.4143], [129.8319, 33.4138], [129.8333, 33.414], [129.8341, 33.4132], [129.8347, 33.413], [129.8349, 33.4122], [129.8354, 33.4124], [129.8353, 33.4121], [129.8359, 33.412], [129.8363, 33.4124], [129.8367, 33.4122], [129.8367, 33.4115], [129.8371, 33.4115], [129.8373, 33.412], [129.8383, 33.4113], [129.838, 33.4107], [129.8381, 33.4102], [129.8379, 33.4097], [129.8381, 33.4087], [129.8379, 33.4079], [129.8383, 33.4076], [129.8388, 33.4078], [129.84, 33.4072], [129.8408, 33.4073], [129.8419, 33.4083], [129.8426, 33.4084], [129.8426, 33.4088], [129.8428, 33.4083], [129.8439, 33.4077], [129.8446, 33.4065], [129.8452, 33.407], [129.8461, 33.4072], [129.8464, 33.4065], [129.8472, 33.4059], [129.848, 33.4068], [129.8486, 33.4058], [129.8493, 33.4063], [129.8501, 33.4058], [129.8506, 33.4059], [129.8521, 33.4057], [129.853, 33.4051], [129.8537, 33.4032], [129.8536, 33.4036], [129.8539, 33.4039], [129.8545, 33.4038], [129.8545, 33.4032], [129.8547, 33.4038], [129.8552, 33.4042], [129.8566, 33.404], [129.8565, 33.4034], [129.8571, 33.4029], [129.8571, 33.4026], [129.856, 33.4039], [129.8557, 33.404], [129.8555, 33.4037], [129.8555, 33.4032], [129.8557, 33.4035], [129.8565, 33.4029], [129.8567, 33.4024], [129.8564, 33.4023], [129.8566, 33.4023], [129.8571, 33.4025], [129.8577, 33.4023], [129.8577, 33.4032], [129.8586, 33.4022], [129.859, 33.4025], [129.8588, 33.4031], [129.8593, 33.4035], [129.8592, 33.404], [129.8584, 33.4035], [129.8586, 33.4042], [129.8582, 33.4045], [129.8572, 33.4039], [129.8577, 33.4047], [129.8571, 33.405], [129.8561, 33.4048], [129.8559, 33.4042], [129.8552, 33.4043], [129.8549, 33.4058], [129.8572, 33.4064], [129.8574, 33.406], [129.8581, 33.406], [129.8592, 33.4065], [129.8594, 33.4063], [129.8595, 33.406], [129.8606, 33.4054], [129.8601, 33.4053], [129.86, 33.405], [129.8605, 33.4045], [129.8607, 33.4046], [129.8605, 33.4053], [129.8609, 33.4055], [129.8607, 33.4062], [129.8614, 33.4061], [129.8612, 33.4066], [129.8615, 33.4069], [129.8615, 33.4073], [129.8608, 33.4075], [129.8601, 33.4067], [129.8599, 33.4072], [129.8593, 33.407], [129.8589, 33.4076], [129.8591, 33.4082], [129.8597, 33.4083], [129.86, 33.408], [129.8602, 33.4081], [129.8599, 33.4085], [129.8608, 33.4086], [129.8607, 33.4089], [129.8601, 33.4092], [129.8602, 33.4099], [129.8606, 33.4102], [129.8609, 33.41], [129.8609, 33.4104], [129.8608, 33.4106], [129.8599, 33.4106], [129.86, 33.4109], [129.8594, 33.411], [129.8591, 33.4115], [129.8606, 33.4124], [129.8615, 33.4118], [129.8633, 33.4127], [129.8638, 33.4123], [129.8642, 33.411], [129.8646, 33.4105], [129.8644, 33.4091], [129.864, 33.4087], [129.864, 33.4082], [129.8644, 33.408], [129.8654, 33.4085], [129.8661, 33.4091], [129.8664, 33.4097], [129.8665, 33.4093], [129.8661, 33.4086], [129.8662, 33.4082], [129.8658, 33.4082], [129.8657, 33.4079], [129.8653, 33.4079], [129.8649, 33.4074], [129.8647, 33.4074], [129.8645, 33.4069], [129.8642, 33.4073], [129.864, 33.4071], [129.8637, 33.4066], [129.8639, 33.4061], [129.8649, 33.4062], [129.8671, 33.4076], [129.8678, 33.4083], [129.8683, 33.4083], [129.8691, 33.4076], [129.8683, 33.4067], [129.8676, 33.4064], [129.8678, 33.4062], [129.8685, 33.406], [129.8668, 33.4058], [129.8666, 33.4052], [129.8672, 33.405], [129.8685, 33.4053], [129.8697, 33.405], [129.8703, 33.4052], [129.8706, 33.4049], [129.8697, 33.4045], [129.8685, 33.4048], [129.8681, 33.4047], [129.8682, 33.4045], [129.8677, 33.404], [129.8675, 33.4045], [129.8665, 33.4042], [129.8664, 33.4037], [129.8668, 33.4031], [129.8677, 33.403], [129.868, 33.4026], [129.8669, 33.4024], [129.8665, 33.4015], [129.8678, 33.4014], [129.8679, 33.4009], [129.8686, 33.4012], [129.8688, 33.4011], [129.8688, 33.3999], [129.8673, 33.3998], [129.8671, 33.3996], [129.8675, 33.3991], [129.8673, 33.3988], [129.8663, 33.3994], [129.8658, 33.399], [129.8659, 33.3984], [129.8667, 33.3978], [129.8666, 33.3968], [129.8661, 33.3962], [129.8671, 33.3961], [129.8677, 33.3964], [129.8681, 33.396], [129.8684, 33.3962], [129.8682, 33.3971], [129.8686, 33.397], [129.8689, 33.3963], [129.8701, 33.3969], [129.8707, 33.3969], [129.8698, 33.3964], [129.8701, 33.3961], [129.8695, 33.3957], [129.871, 33.395], [129.8719, 33.3938], [129.8703, 33.3927], [129.8704, 33.3923], [129.8707, 33.3922], [129.8706, 33.3916], [129.8697, 33.3918], [129.87, 33.3926], [129.8699, 33.3929], [129.8705, 33.3933], [129.8701, 33.3938], [129.8687, 33.3937], [129.8677, 33.3939], [129.8667, 33.3937], [129.8652, 33.394], [129.865, 33.3938], [129.8658, 33.3934], [129.8678, 33.3934], [129.869, 33.3924], [129.8695, 33.3912], [129.8708, 33.3912], [129.8708, 33.3909], [129.8713, 33.3909], [129.8719, 33.3903], [129.8727, 33.3906], [129.8732, 33.3901], [129.8733, 33.3894], [129.8742, 33.3887], [129.8749, 33.3886], [129.8744, 33.3877], [129.8747, 33.3873], [129.8753, 33.3876], [129.8761, 33.3874], [129.8765, 33.3876], [129.8773, 33.3876], [129.8779, 33.388], [129.8782, 33.3891], [129.8801, 33.389], [129.8802, 33.3886], [129.8811, 33.389], [129.8812, 33.3893], [129.8809, 33.3895], [129.8812, 33.3902], [129.8804, 33.3908], [129.8819, 33.3908], [129.882, 33.3913], [129.8813, 33.3917], [129.881, 33.3922], [129.8816, 33.3924], [129.881, 33.3927], [129.882, 33.3937], [129.8815, 33.3943], [129.8819, 33.395], [129.8814, 33.3955], [129.8815, 33.3963], [129.8809, 33.3963], [129.8804, 33.3965], [129.8805, 33.3975], [129.8795, 33.4002], [129.8799, 33.4006], [129.8817, 33.4018], [129.882, 33.4028], [129.8815, 33.4034], [129.8815, 33.4038], [129.882, 33.4045], [129.8813, 33.406], [129.8822, 33.4077], [129.884, 33.4083], [129.8863, 33.4073], [129.8875, 33.4072], [129.8891, 33.4065], [129.8913, 33.4065], [129.8921, 33.4071], [129.8949, 33.4079], [129.8976, 33.4098], [129.8989, 33.4101], [129.9007, 33.412], [129.9018, 33.4121], [129.9028, 33.4127], [129.9034, 33.4123], [129.904, 33.4119], [129.9038, 33.411], [129.9045, 33.4092], [129.905, 33.4085], [129.9056, 33.4081], [129.9054, 33.4073], [129.9057, 33.4068], [129.9063, 33.4069], [129.9068, 33.4062], [129.9082, 33.4061], [129.9098, 33.4048], [129.9106, 33.4047], [129.9108, 33.4039], [129.9135, 33.4024], [129.9137, 33.4017], [129.9152, 33.4002], [129.9151, 33.3992], [129.9166, 33.3978], [129.9176, 33.3983], [129.9182, 33.3973], [129.9196, 33.3963], [129.9202, 33.3948], [129.9205, 33.3932], [129.9201, 33.3928], [129.9196, 33.3927], [129.9194, 33.3916], [129.9188, 33.3907], [129.9187, 33.3895], [129.9183, 33.3889], [129.9176, 33.3881], [129.9174, 33.3886], [129.9171, 33.3884], [129.9175, 33.3863], [129.9165, 33.3844], [129.9167, 33.3838], [129.9175, 33.3831], [129.9176, 33.3827], [129.9161, 33.3802], [129.9165, 33.3796], [129.9151, 33.3786], [129.9149, 33.3774], [129.9154, 33.3765], [129.9162, 33.3761], [129.9166, 33.375], [129.9175, 33.3746], [129.9176, 33.3744], [129.9171, 33.3737], [129.9181, 33.3727], [129.9184, 33.372], [129.9183, 33.3706], [129.9192, 33.3699], [129.9192, 33.3682], [129.92, 33.3672], [129.9189, 33.3655], [129.9191, 33.3645], [129.9197, 33.3645], [129.9207, 33.3654], [129.9216, 33.3657], [129.9231, 33.3655], [129.923, 33.3644], [129.9234, 33.3633], [129.923, 33.3618], [129.9239, 33.3612], [129.925, 33.3599], [129.9258, 33.3577], [129.9259, 33.3575], [129.9281, 33.3579], [129.9301, 33.3572], [129.9298, 33.3561], [129.9298, 33.355], [129.9307, 33.3551], [129.9309, 33.3545], [129.9317, 33.3541], [129.9325, 33.353], [129.9319, 33.3513], [129.9321, 33.3507], [129.9334, 33.3506], [129.9339, 33.3503], [129.9344, 33.3487], [129.9353, 33.3477], [129.9363, 33.3474], [129.9382, 33.3475], [129.9384, 33.3469], [129.9375, 33.3463], [129.9375, 33.3459], [129.9387, 33.3453], [129.9401, 33.3454], [129.9407, 33.345], [129.9413, 33.3451], [129.9422, 33.3447], [129.944, 33.3446], [129.9446, 33.3455], [129.9451, 33.3453], [129.9446, 33.3433], [129.9447, 33.343], [129.9452, 33.3427], [129.9451, 33.3417], [129.946, 33.3394], [129.9466, 33.339], [129.9466, 33.3383], [129.9485, 33.337], [129.949, 33.336], [129.9498, 33.3358], [129.9502, 33.3353], [129.95, 33.3337], [129.9507, 33.3331], [129.9519, 33.331], [129.9521, 33.3299], [129.9519, 33.3284], [129.9532, 33.327], [129.953, 33.3266], [129.953, 33.3262], [129.9539, 33.3256], [129.9533, 33.3248], [129.9545, 33.3235], [129.9547, 33.3229], [129.955, 33.3228], [129.9559, 33.3232], [129.9557, 33.324], [129.9559, 33.3244], [129.9583, 33.3253], [129.9583, 33.326], [129.9591, 33.3262], [129.9598, 33.3278], [129.9598, 33.3286], [129.959, 33.3296], [129.9595, 33.3303], [129.9595, 33.3306], [129.9589, 33.3317], [129.9586, 33.3337], [129.9574, 33.3341], [129.9567, 33.3354], [129.9571, 33.3365], [129.9581, 33.3372], [129.9565, 33.3383], [129.9564, 33.339], [129.9568, 33.3393], [129.9564, 33.3403], [129.9552, 33.3417], [129.9556, 33.343], [129.9554, 33.3448], [129.9556, 33.3456], [129.9563, 33.3463], [129.9573, 33.3468], [129.9583, 33.3469], [129.9589, 33.3477], [129.9594, 33.3478], [129.9599, 33.3474], [129.9609, 33.3473], [129.9618, 33.3469], [129.9632, 33.3457], [129.9634, 33.3448], [129.963, 33.3443], [129.9641, 33.3438], [129.9638, 33.343], [129.9645, 33.3431], [129.9652, 33.3428], [129.9644, 33.3408], [129.9645, 33.3401], [129.9651, 33.3393], [129.9667, 33.3379], [129.9678, 33.3362], [129.9702, 33.3353], [129.971, 33.3345], [129.9722, 33.3345], [129.9726, 33.3343], [129.9735, 33.3337], [129.974, 33.3327], [129.9749, 33.3323], [129.9753, 33.3314], [129.979, 33.3308], [129.9802, 33.3295], [129.9809, 33.3281], [129.9821, 33.3265], [129.9828, 33.3262], [129.9836, 33.3265], [129.9846, 33.3258], [129.9867, 33.326], [129.9889, 33.3255], [129.9899, 33.3263], [129.9908, 33.3262], [129.9917, 33.3266], [129.9925, 33.3266], [129.9933, 33.3271], [129.994, 33.3267], [129.9942, 33.326], [129.9965, 33.3243], [129.997, 33.3234], [129.9977, 33.323], [129.999, 33.3214], [130.0001, 33.3204], [130.0006, 33.3202], [130.0017, 33.3203], [130.0023, 33.3199], [130.0033, 33.3197], [130.0045, 33.3184], [130.0079, 33.3166], [130.0082, 33.3159], [130.0091, 33.3153], [130.0087, 33.3136], [130.008, 33.3129], [130.0085, 33.3126], [130.0084, 33.3115], [130.0082, 33.3097], [130.0076, 33.3088], [130.0084, 33.3083], [130.0091, 33.3066], [130.0089, 33.3049], [130.0098, 33.3038], [130.0095, 33.3028], [130.0115, 33.3007], [130.0115, 33.2994], [130.0118, 33.298], [130.0129, 33.2966], [130.0141, 33.2957], [130.0145, 33.2943], [130.0157, 33.294], [130.0176, 33.2942], [130.0194, 33.2931], [130.0205, 33.2916], [130.021, 33.2883], [130.0219, 33.2866], [130.025, 33.2838], [130.0254, 33.2831], [130.0257, 33.2828], [130.0272, 33.2823], [130.0276, 33.2804], [130.029, 33.2808], [130.0304, 33.2802], [130.0321, 33.2789], [130.033, 33.2787], [130.0345, 33.2774], [130.0358, 33.2779], [130.0368, 33.2778], [130.0371, 33.2786], [130.037, 33.2796], [130.038, 33.2804], [130.039, 33.2809], [130.0395, 33.2815], [130.0408, 33.2814], [130.0414, 33.2823], [130.0453, 33.2861], [130.0466, 33.2866], [130.0473, 33.2867], [130.0484, 33.2865], [130.0492, 33.2868], [130.0505, 33.2863], [130.0508, 33.286], [130.0517, 33.2874], [130.052, 33.2887], [130.0531, 33.2887], [130.0543, 33.2882], [130.0553, 33.2888], [130.0561, 33.2898], [130.0581, 33.2914], [130.0621, 33.2928], [130.061, 33.295], [130.0614, 33.2959], [130.0625, 33.2962], [130.0655, 33.298], [130.0666, 33.2979], [130.068, 33.2989], [130.0692, 33.2991], [130.0719, 33.2991], [130.0742, 33.2999], [130.0762, 33.3015], [130.0782, 33.3026], [130.078, 33.3034], [130.0784, 33.3054], [130.0783, 33.3061], [130.0792, 33.3066], [130.0795, 33.3066], [130.0798, 33.3061], [130.0802, 33.3059], [130.082, 33.3066], [130.0825, 33.3075], [130.083, 33.3079], [130.0829, 33.3083], [130.0836, 33.3092], [130.0836, 33.31], [130.0851, 33.311], [130.0859, 33.3122], [130.0904, 33.3132], [130.0909, 33.3131], [130.0914, 33.3133], [130.0917, 33.3137], [130.0923, 33.3139], [130.0934, 33.3139], [130.0946, 33.3137], [130.0951, 33.3143], [130.0958, 33.3143], [130.0962, 33.3145], [130.0976, 33.3144], [130.0996, 33.3166], [130.1017, 33.317], [130.1033, 33.3185], [130.104, 33.3182], [130.1046, 33.3192], [130.1055, 33.3193], [130.1061, 33.3204], [130.1074, 33.3208], [130.109, 33.3226], [130.1112, 33.3241], [130.112, 33.325], [130.1136, 33.3255], [130.1155, 33.3267], [130.1167, 33.3268], [130.1168, 33.3276], [130.1197, 33.3333], [130.1206, 33.3338], [130.1219, 33.3354], [130.1226, 33.3356], [130.1235, 33.3362], [130.1241, 33.337], [130.1275, 33.3397], [130.1291, 33.3401], [130.1321, 33.3392], [130.136, 33.339], [130.1382, 33.3385], [130.1429, 33.3389], [130.143, 33.3389], [130.1424, 33.3415], [130.1425, 33.3426], [130.142, 33.3434], [130.142, 33.3452], [130.1413, 33.3457], [130.1409, 33.3466], [130.1416, 33.3479], [130.1421, 33.3484], [130.1421, 33.3498], [130.1426, 33.3504], [130.1438, 33.3508], [130.1458, 33.3521], [130.1457, 33.3542], [130.1462, 33.3556], [130.146, 33.356], [130.1446, 33.3573], [130.1451, 33.3581], [130.1446, 33.3589], [130.1447, 33.3601], [130.1443, 33.3606], [130.1441, 33.3618], [130.1446, 33.3627], [130.1445, 33.3642], [130.1441, 33.3649], [130.1436, 33.3652], [130.143, 33.3666], [130.1425, 33.367], [130.1424, 33.3676], [130.1426, 33.3689], [130.1403, 33.3709], [130.1393, 33.3723], [130.1395, 33.3731], [130.1394, 33.3738], [130.1408, 33.3764], [130.1403, 33.378], [130.1405, 33.3788], [130.1414, 33.3798], [130.1409, 33.3805], [130.1412, 33.3811], [130.1434, 33.3826], [130.1438, 33.3838], [130.145, 33.384], [130.1452, 33.3859], [130.1457, 33.3864], [130.1469, 33.387], [130.1474, 33.3878], [130.1487, 33.3889], [130.1514, 33.3892], [130.1522, 33.3912], [130.1533, 33.3914], [130.1538, 33.3917], [130.1541, 33.3928], [130.1536, 33.3944], [130.1537, 33.3951], [130.1546, 33.3956], [130.1553, 33.3969], [130.1565, 33.3975], [130.1567, 33.398], [130.1565, 33.399], [130.1579, 33.4008], [130.1576, 33.4017], [130.156, 33.403], [130.1566, 33.4052], [130.1564, 33.4054], [130.1554, 33.4057], [130.1556, 33.4062], [130.1554, 33.4066], [130.1559, 33.4088], [130.1567, 33.4094], [130.158, 33.4089], [130.1589, 33.4094], [130.1601, 33.4088], [130.1612, 33.4094], [130.1626, 33.4092], [130.1633, 33.4097], [130.1639, 33.4092], [130.1643, 33.4093], [130.1653, 33.41], [130.1669, 33.4118], [130.1678, 33.412], [130.1683, 33.4128], [130.1683, 33.4137], [130.17, 33.4147], [130.1705, 33.4156], [130.1706, 33.4168], [130.1684, 33.4166], [130.1671, 33.4175], [130.1667, 33.4174], [130.1663, 33.4166], [130.1667, 33.4162], [130.1664, 33.4156], [130.1654, 33.4155], [130.1641, 33.4163], [130.1636, 33.4163], [130.1628, 33.4166], [130.1621, 33.4166], [130.1618, 33.4161], [130.1596, 33.4159], [130.1589, 33.4164], [130.1589, 33.4177], [130.1583, 33.4184], [130.1583, 33.4189], [130.1563, 33.4197], [130.1578, 33.4206], [130.1578, 33.4222], [130.1586, 33.422], [130.1595, 33.4226], [130.1602, 33.4222], [130.1608, 33.4223], [130.1625, 33.4228], [130.1635, 33.4234], [130.1637, 33.4254], [130.1648, 33.4268], [130.1661, 33.4273], [130.1666, 33.4286], [130.1673, 33.4289], [130.1673, 33.4299], [130.1677, 33.4306], [130.168, 33.4318], [130.1672, 33.4323], [130.1667, 33.4337], [130.1668, 33.4343], [130.1673, 33.435], [130.1687, 33.4355], [130.1701, 33.4365], [130.1698, 33.4375], [130.1691, 33.4381], [130.1686, 33.4383], [130.1687, 33.4394], [130.1684, 33.4397], [130.1683, 33.4401], [130.169, 33.4421], [130.1686, 33.4429], [130.1685, 33.444], [130.1679, 33.4446], [130.1681, 33.445], [130.169, 33.4458], [130.1689, 33.4466], [130.1701, 33.4493], [130.1698, 33.4496], [130.1691, 33.4517], [130.1683, 33.4518], [130.1666, 33.4525], [130.1659, 33.4532], [130.1652, 33.4535], [130.1652, 33.4542], [130.1646, 33.455], [130.1656, 33.4587], [130.1662, 33.459], [130.1676, 33.4591], [130.1683, 33.4601], [130.1683, 33.4609], [130.1688, 33.4612], [130.169, 33.4622], [130.1698, 33.4633], [130.1698, 33.4639], [130.1692, 33.4645], [130.1693, 33.465], [130.1687, 33.4664], [130.1688, 33.4676]]], [[[129.9748, 33.5432], [129.9744, 33.5435], [129.9735, 33.5436], [129.973, 33.5432], [129.9716, 33.5431], [129.9698, 33.5423], [129.9684, 33.542], [129.9651, 33.5391], [129.9644, 33.5381], [129.9639, 33.5383], [129.9643, 33.5381], [129.9643, 33.5377], [129.9647, 33.5374], [129.9654, 33.5372], [129.9655, 33.5375], [129.9652, 33.5382], [129.9659, 33.539], [129.9667, 33.5393], [129.9671, 33.5388], [129.9667, 33.5393], [129.9678, 33.5402], [129.968, 33.54], [129.9679, 33.5402], [129.9684, 33.5405], [129.9696, 33.5409], [129.9701, 33.5403], [129.9697, 33.5407], [129.9701, 33.5409], [129.9707, 33.5405], [129.9705, 33.5402], [129.9708, 33.5404], [129.9717, 33.5392], [129.9711, 33.5389], [129.9703, 33.54], [129.971, 33.5389], [129.9704, 33.5383], [129.9698, 33.5387], [129.9697, 33.5385], [129.9702, 33.5381], [129.9691, 33.5371], [129.9671, 33.5376], [129.9698, 33.5368], [129.97, 33.5363], [129.9698, 33.5357], [129.9695, 33.5358], [129.9698, 33.5356], [129.9692, 33.5351], [129.9685, 33.5355], [129.9692, 33.535], [129.969, 33.5341], [129.9664, 33.5323], [129.9659, 33.5314], [129.9644, 33.5298], [129.9652, 33.5285], [129.9671, 33.5271], [129.9712, 33.5288], [129.9725, 33.5289], [129.9729, 33.528], [129.9727, 33.5286], [129.9738, 33.5287], [129.9739, 33.5289], [129.9738, 33.5279], [129.9732, 33.5276], [129.9739, 33.5278], [129.974, 33.5287], [129.976, 33.5304], [129.9769, 33.5318], [129.9777, 33.5345], [129.9777, 33.5362], [129.978, 33.5385], [129.9769, 33.541], [129.9754, 33.5428], [129.9748, 33.5432]]], [[[129.8664, 33.4031], [129.8658, 33.4037], [129.865, 33.4037], [129.8654, 33.403], [129.8645, 33.4033], [129.8645, 33.4023], [129.8639, 33.4017], [129.8631, 33.4015], [129.8622, 33.4018], [129.8619, 33.4016], [129.862, 33.4011], [129.8615, 33.4008], [129.8609, 33.4011], [129.8607, 33.401], [129.861, 33.4004], [129.8605, 33.4002], [129.8603, 33.3995], [129.8617, 33.4], [129.862, 33.401], [129.8628, 33.4008], [129.8642, 33.4009], [129.8654, 33.402], [129.8651, 33.4023], [129.8654, 33.4026], [129.8659, 33.4023], [129.8665, 33.4024], [129.8664, 33.4031]]], [[[129.8642, 33.3977], [129.8649, 33.3982], [129.8643, 33.3987], [129.8639, 33.3979], [129.8632, 33.3976], [129.8629, 33.3979], [129.862, 33.3974], [129.8622, 33.3972], [129.863, 33.3975], [129.8638, 33.3972], [129.8642, 33.3977]]], [[[129.8597, 33.3994], [129.8594, 33.3994], [129.8595, 33.3991], [129.8597, 33.3992], [129.8597, 33.3994]]], [[[129.8147, 33.4265], [129.815, 33.4268], [129.8145, 33.4266], [129.8147, 33.4265]]], [[[129.8106, 33.4277], [129.8108, 33.4284], [129.8104, 33.4282], [129.8106, 33.4277]]], [[[129.8109, 33.4269], [129.811, 33.4272], [129.8105, 33.4275], [129.8109, 33.4269]]], [[[129.814, 33.4267], [129.8132, 33.427], [129.8136, 33.4267], [129.8135, 33.4263], [129.8139, 33.4263], [129.8143, 33.4267], [129.814, 33.4267]]], [[[129.8457, 33.4549], [129.8455, 33.455], [129.8451, 33.4545], [129.8452, 33.4543], [129.8458, 33.4546], [129.8466, 33.453], [129.8465, 33.4528], [129.8459, 33.4534], [129.8454, 33.4528], [129.8459, 33.4528], [129.8462, 33.4524], [129.8461, 33.452], [129.8472, 33.4517], [129.8475, 33.4522], [129.8471, 33.4526], [129.8473, 33.4528], [129.8477, 33.4526], [129.8481, 33.4529], [129.8486, 33.4539], [129.8481, 33.4541], [129.8482, 33.4538], [129.8474, 33.4532], [129.8472, 33.4538], [129.8468, 33.4537], [129.8464, 33.454], [129.8464, 33.4545], [129.846, 33.4549], [129.8457, 33.4549]]], [[[129.8446, 33.4558], [129.8447, 33.4561], [129.8443, 33.4557], [129.8437, 33.4559], [129.8442, 33.4556], [129.844, 33.4552], [129.8438, 33.4548], [129.8431, 33.4547], [129.8426, 33.454], [129.8435, 33.4542], [129.8448, 33.4552], [129.8449, 33.4556], [129.8446, 33.4558]]], [[[129.8476, 33.4549], [129.8472, 33.4555], [129.8469, 33.4555], [129.8469, 33.4553], [129.8476, 33.4549]]], [[[129.8488, 33.4565], [129.8481, 33.457], [129.8479, 33.4564], [129.8467, 33.456], [129.8463, 33.4563], [129.8456, 33.4554], [129.8459, 33.4553], [129.8464, 33.4557], [129.8467, 33.4556], [129.8468, 33.4558], [129.8473, 33.4559], [129.8477, 33.4556], [129.8479, 33.456], [129.8483, 33.4557], [129.8489, 33.456], [129.849, 33.4558], [129.8488, 33.4553], [129.8489, 33.4552], [129.8494, 33.4558], [129.85, 33.456], [129.8493, 33.4564], [129.8495, 33.4569], [129.8488, 33.4565]]], [[[129.808, 33.4327], [129.8077, 33.433], [129.8072, 33.4329], [129.808, 33.4323], [129.808, 33.4327]]], [[[129.8051, 33.4318], [129.8044, 33.4323], [129.8039, 33.432], [129.8041, 33.4317], [129.8048, 33.4316], [129.8055, 33.4311], [129.8059, 33.4312], [129.8058, 33.4317], [129.8051, 33.4318]]], [[[129.8569, 33.4015], [129.8571, 33.4018], [129.8567, 33.4016], [129.8569, 33.4015]]], [[[129.7824, 33.4766], [129.7824, 33.477], [129.7816, 33.4769], [129.7813, 33.4763], [129.7824, 33.4766]]], [[[129.7785, 33.4929], [129.7782, 33.4934], [129.7775, 33.4939], [129.7746, 33.4952], [129.7739, 33.4949], [129.7736, 33.4935], [129.7731, 33.4929], [129.7725, 33.4928], [129.7724, 33.4929], [129.7717, 33.4925], [129.7721, 33.4925], [129.7722, 33.4923], [129.7729, 33.4926], [129.7736, 33.4925], [129.7743, 33.4917], [129.7741, 33.4909], [129.7746, 33.4909], [129.7747, 33.4906], [129.7742, 33.4901], [129.7742, 33.4897], [129.7738, 33.4894], [129.7744, 33.4893], [129.7734, 33.4885], [129.7738, 33.4884], [129.7737, 33.4882], [129.7742, 33.4881], [129.7754, 33.4875], [129.776, 33.4875], [129.7764, 33.4884], [129.7775, 33.4887], [129.7763, 33.4887], [129.7761, 33.4895], [129.7768, 33.4899], [129.7777, 33.4898], [129.7778, 33.4891], [129.7776, 33.489], [129.778, 33.4888], [129.7779, 33.4899], [129.7791, 33.4902], [129.779, 33.4893], [129.7792, 33.4902], [129.7798, 33.4903], [129.7803, 33.4885], [129.7805, 33.4885], [129.7798, 33.4912], [129.7785, 33.4929]]], [[[129.7508, 33.5661], [129.75, 33.5661], [129.7499, 33.5658], [129.7508, 33.5661]]], [[[129.7484, 33.5819], [129.7475, 33.5827], [129.7471, 33.5827], [129.746, 33.5821], [129.746, 33.5814], [129.7457, 33.5811], [129.7443, 33.581], [129.7424, 33.5795], [129.742, 33.5791], [129.7421, 33.5783], [129.7426, 33.5781], [129.7434, 33.5781], [129.7437, 33.5777], [129.7444, 33.5774], [129.7448, 33.576], [129.7445, 33.5756], [129.7426, 33.575], [129.7423, 33.5751], [129.7423, 33.5747], [129.7419, 33.5745], [129.7421, 33.5745], [129.7422, 33.5737], [129.741, 33.5737], [129.7396, 33.5733], [129.7399, 33.5729], [129.7426, 33.5719], [129.7432, 33.5712], [129.7437, 33.5715], [129.7437, 33.5708], [129.7446, 33.5704], [129.745, 33.5704], [129.7454, 33.57], [129.7455, 33.5695], [129.7462, 33.5693], [129.7474, 33.5696], [129.7479, 33.5693], [129.7504, 33.5689], [129.7512, 33.568], [129.7513, 33.5673], [129.7511, 33.5671], [129.752, 33.5668], [129.7522, 33.5665], [129.7532, 33.5669], [129.754, 33.5665], [129.7543, 33.5648], [129.7553, 33.5637], [129.7571, 33.5635], [129.7582, 33.5631], [129.7598, 33.563], [129.7601, 33.5628], [129.7611, 33.563], [129.7617, 33.5635], [129.7626, 33.5634], [129.7632, 33.5639], [129.7633, 33.5645], [129.7647, 33.5647], [129.7641, 33.5648], [129.7633, 33.5646], [129.7636, 33.5651], [129.7632, 33.5649], [129.7628, 33.5654], [129.7609, 33.5669], [129.7612, 33.5673], [129.7623, 33.5667], [129.7631, 33.5666], [129.7634, 33.5662], [129.764, 33.5661], [129.7639, 33.5654], [129.7644, 33.5668], [129.7653, 33.5672], [129.766, 33.5659], [129.7648, 33.5652], [129.7652, 33.5654], [129.7653, 33.5653], [129.7653, 33.5655], [129.7661, 33.5659], [129.7652, 33.5675], [129.7656, 33.5678], [129.7655, 33.5681], [129.7659, 33.5689], [129.7673, 33.5692], [129.7683, 33.5699], [129.7697, 33.5701], [129.7697, 33.5699], [129.7714, 33.5698], [129.7713, 33.5686], [129.7699, 33.5679], [129.7714, 33.5686], [129.7716, 33.5708], [129.7734, 33.5724], [129.7736, 33.5751], [129.7731, 33.5769], [129.772, 33.5781], [129.7713, 33.5794], [129.7718, 33.5794], [129.7693, 33.5809], [129.7692, 33.5815], [129.7688, 33.5817], [129.769, 33.5821], [129.7682, 33.5821], [129.7677, 33.5819], [129.7665, 33.5822], [129.7659, 33.5819], [129.7647, 33.5823], [129.7639, 33.5822], [129.763, 33.5826], [129.7623, 33.5823], [129.7606, 33.5827], [129.7595, 33.5825], [129.7591, 33.5822], [129.7563, 33.5814], [129.7549, 33.58], [129.7545, 33.5783], [129.7539, 33.5778], [129.7525, 33.5784], [129.7523, 33.579], [129.7507, 33.5789], [129.751, 33.5793], [129.7508, 33.5794], [129.7488, 33.5787], [129.7486, 33.5802], [129.749, 33.5806], [129.7491, 33.5812], [129.7499, 33.5817], [129.7484, 33.5819]]], [[[129.7375, 33.5753], [129.7376, 33.5757], [129.7368, 33.5755], [129.7375, 33.5753]]], [[[129.8384, 33.5825], [129.8384, 33.5827], [129.8376, 33.5827], [129.838, 33.5823], [129.8384, 33.5825]]], [[[129.8356, 33.5828], [129.8358, 33.583], [129.8355, 33.583], [129.8356, 33.5828]]], [[[129.8458, 33.5919], [129.8443, 33.5918], [129.8424, 33.591], [129.8417, 33.59], [129.8412, 33.5898], [129.8412, 33.5894], [129.8407, 33.5891], [129.8401, 33.5878], [129.8397, 33.5878], [129.8388, 33.5884], [129.8385, 33.5883], [129.8374, 33.5894], [129.8367, 33.5893], [129.8356, 33.588], [129.8356, 33.5871], [129.8353, 33.5868], [129.8354, 33.5849], [129.8358, 33.5849], [129.8368, 33.5838], [129.8382, 33.5837], [129.8396, 33.5841], [129.8402, 33.5848], [129.8408, 33.5847], [129.8402, 33.5848], [129.8402, 33.5854], [129.8406, 33.5857], [129.8414, 33.5852], [129.8412, 33.5846], [129.8414, 33.5851], [129.8426, 33.5851], [129.8422, 33.5841], [129.8426, 33.5851], [129.8446, 33.5849], [129.846, 33.5864], [129.8462, 33.5873], [129.8469, 33.588], [129.8472, 33.5896], [129.8479, 33.5902], [129.8469, 33.5914], [129.8458, 33.5919]]], [[[129.8633, 33.6175], [129.8625, 33.6179], [129.8625, 33.6189], [129.8622, 33.6174], [129.8618, 33.6178], [129.8615, 33.6173], [129.8612, 33.6176], [129.86, 33.6171], [129.8595, 33.6174], [129.859, 33.6169], [129.8578, 33.6164], [129.8565, 33.6169], [129.8559, 33.6167], [129.8571, 33.6146], [129.8577, 33.6146], [129.8578, 33.615], [129.8584, 33.6151], [129.8583, 33.6145], [129.8587, 33.6144], [129.8584, 33.6141], [129.8589, 33.6139], [129.8587, 33.6134], [129.8596, 33.613], [129.8597, 33.6127], [129.8592, 33.6123], [129.8581, 33.6126], [129.8584, 33.6124], [129.8582, 33.6121], [129.8576, 33.612], [129.8572, 33.6115], [129.8569, 33.6117], [129.8564, 33.6115], [129.8558, 33.6108], [129.8542, 33.6097], [129.8538, 33.6088], [129.8525, 33.6072], [129.8525, 33.6057], [129.8534, 33.6054], [129.8536, 33.6049], [129.8533, 33.604], [129.8527, 33.6047], [129.851, 33.6035], [129.8513, 33.6029], [129.8509, 33.6024], [129.8511, 33.602], [129.8508, 33.6016], [129.8509, 33.6004], [129.8518, 33.5993], [129.8508, 33.5994], [129.8497, 33.6004], [129.8492, 33.6005], [129.8487, 33.6005], [129.8489, 33.5998], [129.8482, 33.5994], [129.8494, 33.5981], [129.8499, 33.5978], [129.8498, 33.5977], [129.8514, 33.5957], [129.8519, 33.5957], [129.8518, 33.5951], [129.8524, 33.595], [129.8527, 33.5945], [129.8537, 33.5942], [129.8539, 33.5936], [129.8548, 33.5933], [129.8555, 33.5935], [129.856, 33.5928], [129.8575, 33.5923], [129.8585, 33.5923], [129.8586, 33.5917], [129.8579, 33.5914], [129.8576, 33.5907], [129.8578, 33.5902], [129.8588, 33.5898], [129.858, 33.5892], [129.8575, 33.5879], [129.8585, 33.5871], [129.8602, 33.5871], [129.8605, 33.5864], [129.8602, 33.5873], [129.8602, 33.5872], [129.8585, 33.5871], [129.8582, 33.5874], [129.8585, 33.5877], [129.8581, 33.5875], [129.8578, 33.5878], [129.8587, 33.5889], [129.8597, 33.5884], [129.8596, 33.5881], [129.8598, 33.588], [129.8602, 33.5882], [129.86, 33.5875], [129.8603, 33.5882], [129.8606, 33.5882], [129.8608, 33.5881], [129.8607, 33.5878], [129.8611, 33.5875], [129.8613, 33.5876], [129.8618, 33.5872], [129.8613, 33.5868], [129.8608, 33.5868], [129.8614, 33.5867], [129.8618, 33.5872], [129.8623, 33.5871], [129.8627, 33.5875], [129.8643, 33.5876], [129.8642, 33.5862], [129.8635, 33.5859], [129.8643, 33.5862], [129.8644, 33.588], [129.8649, 33.5883], [129.8651, 33.5895], [129.8658, 33.5904], [129.8654, 33.5913], [129.8646, 33.5913], [129.8649, 33.5919], [129.8665, 33.5932], [129.8667, 33.5946], [129.8679, 33.596], [129.8681, 33.5966], [129.8666, 33.5972], [129.8653, 33.597], [129.8652, 33.5973], [129.864, 33.5971], [129.864, 33.5969], [129.8621, 33.5967], [129.8623, 33.5975], [129.862, 33.5977], [129.8615, 33.5973], [129.8613, 33.5975], [129.8611, 33.5986], [129.8607, 33.5988], [129.8608, 33.5992], [129.8606, 33.5997], [129.8608, 33.6], [129.8603, 33.6006], [129.86, 33.6021], [129.8593, 33.6031], [129.8593, 33.6037], [129.8598, 33.6041], [129.86, 33.604], [129.8605, 33.6056], [129.8609, 33.6057], [129.861, 33.6052], [129.8623, 33.6063], [129.8632, 33.6084], [129.8629, 33.6086], [129.8625, 33.6096], [129.861, 33.6098], [129.8611, 33.61], [129.8602, 33.6094], [129.86, 33.6096], [129.8601, 33.6092], [129.8595, 33.6093], [129.859, 33.6089], [129.8589, 33.6094], [129.8606, 33.6104], [129.861, 33.6103], [129.8609, 33.6105], [129.8611, 33.6106], [129.8628, 33.6108], [129.8631, 33.6104], [129.8629, 33.6108], [129.8633, 33.6111], [129.8637, 33.6119], [129.8636, 33.6131], [129.8633, 33.6134], [129.8627, 33.6134], [129.8631, 33.6139], [129.864, 33.6138], [129.8648, 33.6147], [129.8645, 33.6174], [129.8643, 33.6176], [129.8633, 33.6175]]], [[[129.8689, 33.5908], [129.8685, 33.5909], [129.8683, 33.5905], [129.8688, 33.59], [129.8694, 33.5901], [129.8696, 33.5906], [129.8689, 33.5908]]], [[[129.85, 33.6041], [129.8504, 33.6044], [129.8503, 33.6046], [129.8497, 33.6045], [129.8496, 33.6041], [129.85, 33.6041]]], [[[129.9109, 33.5825], [129.911, 33.5828], [129.9105, 33.5829], [129.9109, 33.5825]]], [[[129.8918, 33.594], [129.8916, 33.5941], [129.8915, 33.594], [129.8915, 33.5931], [129.8918, 33.594]]], [[[129.8978, 33.6036], [129.8974, 33.6033], [129.8976, 33.6031], [129.8971, 33.6025], [129.8957, 33.602], [129.8948, 33.6013], [129.8945, 33.6014], [129.8935, 33.5992], [129.8936, 33.5982], [129.8933, 33.5976], [129.8936, 33.5972], [129.8934, 33.597], [129.8939, 33.597], [129.8947, 33.5966], [129.8945, 33.5961], [129.8947, 33.5964], [129.8951, 33.5962], [129.8946, 33.5952], [129.8933, 33.5945], [129.8934, 33.5941], [129.8938, 33.5942], [129.894, 33.5939], [129.8935, 33.5931], [129.894, 33.5932], [129.894, 33.593], [129.8977, 33.5928], [129.8987, 33.5926], [129.8986, 33.5928], [129.8951, 33.593], [129.8952, 33.5943], [129.8962, 33.5943], [129.8962, 33.594], [129.8964, 33.5943], [129.8974, 33.5942], [129.899, 33.5935], [129.8977, 33.5942], [129.8987, 33.5944], [129.8988, 33.5946], [129.8984, 33.5946], [129.8983, 33.5954], [129.8988, 33.5955], [129.8989, 33.5952], [129.899, 33.5954], [129.8994, 33.5954], [129.8998, 33.5951], [129.9, 33.5948], [129.8998, 33.5945], [129.8991, 33.5944], [129.8999, 33.5944], [129.9008, 33.5936], [129.8994, 33.5932], [129.9013, 33.5936], [129.9022, 33.5946], [129.9024, 33.595], [129.9031, 33.5955], [129.903, 33.596], [129.9016, 33.597], [129.9011, 33.598], [129.9013, 33.5987], [129.9016, 33.5987], [129.9014, 33.5988], [129.9015, 33.599], [129.902, 33.599], [129.902, 33.5987], [129.902, 33.599], [129.9029, 33.5993], [129.9032, 33.5998], [129.9031, 33.6002], [129.9029, 33.6], [129.9027, 33.6002], [129.9025, 33.6007], [129.9031, 33.6014], [129.9033, 33.6025], [129.9025, 33.6026], [129.9023, 33.6029], [129.9018, 33.6024], [129.9007, 33.6022], [129.8992, 33.6028], [129.8993, 33.603], [129.8988, 33.603], [129.8986, 33.6032], [129.899, 33.6034], [129.8986, 33.6033], [129.8978, 33.6036]]], [[[129.9105, 33.5818], [129.9106, 33.5821], [129.9102, 33.5818], [129.9105, 33.5818]]], [[[129.9087, 33.5854], [129.9088, 33.5858], [129.9084, 33.5858], [129.9087, 33.5854]]], [[[129.9035, 33.5581], [129.9037, 33.5588], [129.9042, 33.5591], [129.9037, 33.5595], [129.9026, 33.5588], [129.9023, 33.5582], [129.9032, 33.5578], [129.9035, 33.5581]]], [[[129.8968, 33.5647], [129.8963, 33.5647], [129.8961, 33.5643], [129.897, 33.5643], [129.897, 33.5646], [129.8968, 33.5647]]]]}, "properties": {"name": "佐賀県唐津市"}}, {"type": "Feature", "geometry": {"type": "Polygon", "coordinates": [[[130.5259, 33.3403], [130.5275, 33.3406], [130.5298, 33.3423], [130.5323, 33.3449], [130.533, 33.3463], [130.5339, 33.3461], [130.5338, 33.3442], [130.5349, 33.3434], [130.536, 33.3429], [130.5374, 33.3524], [130.5379, 33.354], [130.5375, 33.3539], [130.538, 33.3565], [130.5394, 33.359], [130.5396, 33.3615], [130.5403, 33.3633], [130.5402, 33.3653], [130.5406, 33.3653], [130.5406, 33.3662], [130.5411, 33.3662], [130.5422, 33.3704], [130.5424, 33.372], [130.542, 33.3763], [130.5423, 33.38], [130.542, 33.3858], [130.5422, 33.3866], [130.5421, 33.3876], [130.5419, 33.3876], [130.5417, 33.3942], [130.5405, 33.3942], [130.5407, 33.3956], [130.5405, 33.3967], [130.5403, 33.3967], [130.5405, 33.3975], [130.5401, 33.3988], [130.5408, 33.4006], [130.5401, 33.4022], [130.5402, 33.4032], [130.5407, 33.4042], [130.5386, 33.4043], [130.5384, 33.404], [130.5385, 33.4033], [130.5378, 33.4032], [130.5333, 33.4033], [130.5332, 33.4031], [130.5325, 33.4032], [130.5319, 33.4029], [130.5305, 33.4033], [130.5303, 33.4029], [130.5285, 33.4026], [130.5272, 33.4029], [130.5275, 33.4041], [130.5272, 33.4042], [130.5269, 33.4051], [130.5277, 33.4051], [130.5276, 33.4041], [130.5281, 33.4047], [130.5289, 33.4045], [130.5289, 33.4049], [130.5286, 33.4069], [130.5278, 33.4085], [130.5278, 33.4095], [130.5275, 33.4093], [130.5271, 33.4097], [130.527, 33.4113], [130.5242, 33.4115], [130.5231, 33.4114], [130.5225, 33.4116], [130.5213, 33.4113], [130.521, 33.4117], [130.5199, 33.4116], [130.5199, 33.4119], [130.5196, 33.4119], [130.519, 33.4117], [130.5189, 33.4122], [130.5171, 33.4121], [130.5176, 33.4114], [130.5173, 33.4107], [130.5175, 33.4098], [130.5134, 33.4098], [130.5104, 33.4085], [130.51, 33.4079], [130.5085, 33.4079], [130.5085, 33.4082], [130.5092, 33.4084], [130.5094, 33.4088], [130.5089, 33.4086], [130.5073, 33.4086], [130.5064, 33.408], [130.5052, 33.4078], [130.5047, 33.4068], [130.5034, 33.4065], [130.5025, 33.4058], [130.5019, 33.4055], [130.5005, 33.4057], [130.4986, 33.4064], [130.4968, 33.4085], [130.4964, 33.4081], [130.4958, 33.4082], [130.4953, 33.4081], [130.4946, 33.4087], [130.4945, 33.409], [130.4927, 33.4098], [130.4924, 33.4112], [130.4917, 33.4116], [130.4908, 33.4116], [130.4902, 33.4123], [130.4904, 33.4136], [130.4886, 33.4132], [130.487, 33.4147], [130.4866, 33.4165], [130.4867, 33.4176], [130.4846, 33.4186], [130.4841, 33.419], [130.484, 33.4199], [130.4836, 33.4201], [130.4828, 33.42], [130.4822, 33.4205], [130.4804, 33.4208], [130.4798, 33.4213], [130.4789, 33.4216], [130.4786, 33.4219], [130.4789, 33.4224], [130.4783, 33.4229], [130.4778, 33.4239], [130.4765, 33.4244], [130.4746, 33.4243], [130.4732, 33.4257], [130.4714, 33.4262], [130.469, 33.4259], [130.4682, 33.4271], [130.4669, 33.4275], [130.4657, 33.4276], [130.4651, 33.4272], [130.4644, 33.4272], [130.4623, 33.4279], [130.4616, 33.4282], [130.4612, 33.4272], [130.4602, 33.4266], [130.4596, 33.4248], [130.4587, 33.4248], [130.4591, 33.4224], [130.4583, 33.4198], [130.4571, 33.4191], [130.4548, 33.4197], [130.4536, 33.4197], [130.4517, 33.4193], [130.451, 33.4185], [130.4492, 33.4188], [130.4474, 33.4182], [130.4462, 33.4184], [130.4459, 33.4172], [130.4451, 33.4164], [130.4434, 33.4154], [130.4426, 33.4153], [130.4424, 33.4143], [130.4427, 33.4129], [130.4415, 33.4115], [130.4407, 33.4113], [130.4406, 33.4111], [130.4414, 33.41], [130.4422, 33.4098], [130.441, 33.409], [130.4412, 33.4085], [130.4403, 33.4075], [130.4401, 33.4058], [130.439, 33.4049], [130.438, 33.4045], [130.4382, 33.4033], [130.4387, 33.4026], [130.4387, 33.401], [130.4389, 33.4003], [130.4403, 33.3996], [130.441, 33.3985], [130.4402, 33.398], [130.4408, 33.396], [130.4399, 33.3942], [130.4402, 33.393], [130.4399, 33.3923], [130.4401, 33.392], [130.441, 33.3918], [130.4413, 33.3913], [130.4408, 33.3904], [130.4424, 33.3883], [130.442, 33.3879], [130.4419, 33.3868], [130.4416, 33.3865], [130.4432, 33.3845], [130.4438, 33.3834], [130.4446, 33.3832], [130.4459, 33.382], [130.4474, 33.3814], [130.4477, 33.3811], [130.448, 33.3797], [130.4478, 33.3778], [130.4479, 33.3771], [130.4497, 33.3756], [130.4519, 33.3742], [130.4528, 33.3729], [130.4538, 33.3722], [130.454, 33.3696], [130.4561, 33.3668], [130.4562, 33.3656], [130.4559, 33.3648], [130.4569, 33.3632], [130.4553, 33.3611], [130.4556, 33.3609], [130.4552, 33.3599], [130.4558, 33.3595], [130.4556, 33.359], [130.456, 33.3587], [130.4557, 33.3568], [130.4567, 33.3542], [130.4572, 33.3543], [130.4579, 33.3524], [130.4576, 33.3501], [130.4579, 33.349], [130.4575, 33.3478], [130.4576, 33.3477], [130.4586, 33.3481], [130.4626, 33.3509], [130.4643, 33.3511], [130.4643, 33.3507], [130.4648, 33.3501], [130.4655, 33.3501], [130.4658, 33.3499], [130.4653, 33.3494], [130.4659, 33.3495], [130.4662, 33.3488], [130.4663, 33.3494], [130.4669, 33.3495], [130.4676, 33.3479], [130.4693, 33.3469], [130.469, 33.3457], [130.4696, 33.344], [130.4692, 33.3432], [130.4698, 33.343], [130.4703, 33.3422], [130.4711, 33.3422], [130.4715, 33.3412], [130.472, 33.3406], [130.4718, 33.3392], [130.4725, 33.3384], [130.4729, 33.3374], [130.4738, 33.3377], [130.475, 33.3374], [130.4764, 33.3378], [130.4777, 33.3378], [130.4789, 33.3374], [130.4798, 33.3365], [130.4798, 33.3353], [130.4793, 33.3343], [130.4799, 33.3342], [130.48, 33.3344], [130.4802, 33.3342], [130.4803, 33.3337], [130.4798, 33.3334], [130.4806, 33.3325], [130.4801, 33.3322], [130.4794, 33.3304], [130.4796, 33.3303], [130.4824, 33.3321], [130.4844, 33.3328], [130.4855, 33.3325], [130.4863, 33.3327], [130.4873, 33.3326], [130.4883, 33.3321], [130.4895, 33.3302], [130.4903, 33.3296], [130.4947, 33.3274], [130.4972, 33.3258], [130.499, 33.3258], [130.4998, 33.3257], [130.5028, 33.3278], [130.5049, 33.3301], [130.506, 33.3339], [130.506, 33.3384], [130.5065, 33.3408], [130.5072, 33.3422], [130.5088, 33.3433], [130.5103, 33.3439], [130.5119, 33.3441], [130.5146, 33.3433], [130.518, 33.341], [130.5195, 33.3404], [130.5226, 33.3401], [130.5259, 33.3403]]]}, "properties": {"name": "佐賀県鳥栖市"}}, {"type": "Feature", "geometry": {"type": "Polygon", "coordinates": [[[130.0276, 33.2804], [130.0252, 33.2761], [130.0265, 33.2738], [130.026, 33.2713], [130.025, 33.2694], [130.0238, 33.2686], [130.0231, 33.2672], [130.0229, 33.2662], [130.0231, 33.2653], [130.0221, 33.2618], [130.0231, 33.2601], [130.0229, 33.2581], [130.0256, 33.2572], [130.026, 33.2554], [130.0284, 33.2541], [130.0285, 33.2531], [130.0282, 33.2522], [130.0276, 33.2518], [130.0278, 33.2497], [130.0285, 33.2496], [130.0311, 33.2503], [130.034, 33.2506], [130.0353, 33.2504], [130.0354, 33.2499], [130.0365, 33.2494], [130.0379, 33.25], [130.0384, 33.25], [130.0397, 33.2503], [130.0398, 33.2511], [130.0404, 33.2513], [130.0438, 33.2506], [130.0449, 33.2491], [130.0467, 33.2477], [130.0477, 33.2475], [130.0485, 33.2469], [130.0483, 33.246], [130.0484, 33.2452], [130.0494, 33.2439], [130.0497, 33.243], [130.0486, 33.2417], [130.0488, 33.2411], [130.0498, 33.2404], [130.0516, 33.2404], [130.0541, 33.2397], [130.0554, 33.2387], [130.0558, 33.2393], [130.0572, 33.2404], [130.0599, 33.2412], [130.0617, 33.2426], [130.0625, 33.2438], [130.0642, 33.244], [130.0644, 33.2432], [130.0663, 33.243], [130.0666, 33.2423], [130.0676, 33.2414], [130.0686, 33.2411], [130.0694, 33.2396], [130.0722, 33.2394], [130.0736, 33.2397], [130.074, 33.2402], [130.0746, 33.2402], [130.0755, 33.2399], [130.0756, 33.2393], [130.0771, 33.2389], [130.0777, 33.2381], [130.0784, 33.2377], [130.0791, 33.2371], [130.0804, 33.237], [130.081, 33.2373], [130.0824, 33.2369], [130.0843, 33.237], [130.0863, 33.238], [130.0885, 33.238], [130.0889, 33.2382], [130.0905, 33.238], [130.091, 33.2382], [130.0926, 33.2382], [130.0956, 33.2388], [130.0963, 33.2387], [130.0979, 33.2377], [130.0993, 33.2364], [130.1027, 33.2355], [130.1034, 33.2351], [130.1054, 33.2351], [130.1059, 33.2355], [130.1077, 33.2361], [130.1092, 33.2372], [130.1096, 33.2379], [130.1107, 33.2384], [130.1107, 33.2389], [130.1116, 33.2393], [130.1127, 33.2381], [130.1145, 33.2368], [130.1177, 33.2358], [130.1188, 33.2363], [130.12, 33.2358], [130.1211, 33.2358], [130.1222, 33.2344], [130.124, 33.2344], [130.1245, 33.2347], [130.1253, 33.2357], [130.1282, 33.2357], [130.1278, 33.2365], [130.1263, 33.2375], [130.1266, 33.2388], [130.1279, 33.2384], [130.1295, 33.2397], [130.1314, 33.2394], [130.1327, 33.2405], [130.1327, 33.2415], [130.1338, 33.2432], [130.1335, 33.2437], [130.1336, 33.2449], [130.1349, 33.2468], [130.1349, 33.2475], [130.136, 33.2459], [130.1364, 33.2458], [130.1375, 33.2442], [130.1374, 33.2446], [130.1388, 33.2457], [130.1391, 33.2468], [130.1407, 33.2469], [130.1411, 33.2465], [130.141, 33.2454], [130.1414, 33.2446], [130.1419, 33.2447], [130.1426, 33.2455], [130.1433, 33.2451], [130.1453, 33.2463], [130.1462, 33.2461], [130.1461, 33.2453], [130.1466, 33.2451], [130.1475, 33.2452], [130.1491, 33.2445], [130.1497, 33.244], [130.15, 33.2442], [130.1499, 33.2449], [130.1491, 33.2466], [130.1497, 33.247], [130.1499, 33.2478], [130.1538, 33.2485], [130.1545, 33.25], [130.1544, 33.2508], [130.1547, 33.2515], [130.1559, 33.2515], [130.1572, 33.252], [130.1577, 33.2524], [130.1577, 33.2534], [130.1589, 33.254], [130.1595, 33.2535], [130.1602, 33.2523], [130.1606, 33.2501], [130.165, 33.2448], [130.1655, 33.2446], [130.1656, 33.2436], [130.1667, 33.2441], [130.1689, 33.244], [130.17, 33.2457], [130.1713, 33.2456], [130.1724, 33.2441], [130.1726, 33.2444], [130.1728, 33.2442], [130.1732, 33.2442], [130.1739, 33.2451], [130.1745, 33.2451], [130.1758, 33.2467], [130.1765, 33.2468], [130.1768, 33.2465], [130.1775, 33.2468], [130.1785, 33.2461], [130.1791, 33.2468], [130.1816, 33.2464], [130.1789, 33.2481], [130.1829, 33.2505], [130.181, 33.2545], [130.181, 33.2561], [130.1806, 33.2568], [130.1783, 33.2587], [130.1768, 33.2604], [130.1764, 33.2615], [130.1749, 33.2635], [130.1741, 33.2651], [130.1715, 33.266], [130.1699, 33.267], [130.1699, 33.2677], [130.1706, 33.2685], [130.1707, 33.2695], [130.1696, 33.2701], [130.1682, 33.2722], [130.168, 33.2735], [130.1667, 33.2751], [130.1666, 33.2766], [130.166, 33.2772], [130.1657, 33.278], [130.165, 33.2785], [130.1638, 33.2788], [130.1633, 33.2792], [130.1633, 33.2797], [130.1636, 33.28], [130.1668, 33.2813], [130.1684, 33.2813], [130.1704, 33.2827], [130.1705, 33.2842], [130.1711, 33.286], [130.1694, 33.2869], [130.1683, 33.288], [130.1671, 33.2882], [130.1661, 33.289], [130.1655, 33.2889], [130.1652, 33.2893], [130.1645, 33.2889], [130.1635, 33.2902], [130.1628, 33.29], [130.1621, 33.2907], [130.1602, 33.2913], [130.1596, 33.2921], [130.1574, 33.293], [130.1568, 33.2948], [130.1568, 33.2963], [130.156, 33.2996], [130.1577, 33.3014], [130.1581, 33.3021], [130.1571, 33.3034], [130.1561, 33.3042], [130.1553, 33.3052], [130.1542, 33.3056], [130.1524, 33.308], [130.1521, 33.3081], [130.1512, 33.3076], [130.1507, 33.3076], [130.1502, 33.308], [130.1499, 33.3094], [130.148, 33.3102], [130.1431, 33.3089], [130.1422, 33.3112], [130.1415, 33.3118], [130.1411, 33.3119], [130.1384, 33.3116], [130.1375, 33.3159], [130.1378, 33.3172], [130.1385, 33.3182], [130.1365, 33.3203], [130.138, 33.3221], [130.1385, 33.3231], [130.1398, 33.3239], [130.1391, 33.3265], [130.1392, 33.3279], [130.1385, 33.3292], [130.1381, 33.3332], [130.1386, 33.3341], [130.1385, 33.3348], [130.1403, 33.3355], [130.141, 33.3371], [130.1429, 33.3389], [130.1382, 33.3385], [130.136, 33.339], [130.1321, 33.3392], [130.1291, 33.3401], [130.1275, 33.3397], [130.1241, 33.337], [130.1235, 33.3362], [130.1226, 33.3356], [130.1219, 33.3354], [130.1206, 33.3338], [130.1197, 33.3333], [130.1168, 33.3276], [130.1167, 33.3268], [130.1155, 33.3267], [130.1136, 33.3255], [130.112, 33.325], [130.1112, 33.3241], [130.109, 33.3226], [130.1074, 33.3208], [130.1061, 33.3204], [130.1055, 33.3193], [130.1046, 33.3192], [130.104, 33.3182], [130.1033, 33.3185], [130.1017, 33.317], [130.0996, 33.3166], [130.0976, 33.3144], [130.0962, 33.3145], [130.0958, 33.3143], [130.0951, 33.3143], [130.0946, 33.3137], [130.0934, 33.3139], [130.0923, 33.3139], [130.0917, 33.3137], [130.0914, 33.3133], [130.0909, 33.3131], [130.0904, 33.3132], [130.0859, 33.3122], [130.0851, 33.311], [130.0836, 33.31], [130.0836, 33.3092], [130.0829, 33.3083], [130.083, 33.3079], [130.0825, 33.3075], [130.082, 33.3066], [130.0802, 33.3059], [130.0798, 33.3061], [130.0795, 33.3066], [130.0792, 33.3066], [130.0783, 33.3061], [130.0784, 33.3054], [130.078, 33.3034], [130.0782, 33.3026], [130.0762, 33.3015], [130.0742, 33.2999], [130.0719, 33.2991], [130.0692, 33.2991], [130.068, 33.2989], [130.0666, 33.2979], [130.0655, 33.298], [130.0625, 33.2962], [130.0614, 33.2959], [130.061, 33.295], [130.0621, 33.2928], [130.0581, 33.2914], [130.0561, 33.2898], [130.0553, 33.2888], [130.0543, 33.2882], [130.0531, 33.2887], [130.052, 33.2887], [130.0517, 33.2874], [130.0508, 33.286], [130.0505, 33.2863], [130.0492, 33.2868], [130.0484, 33.2865], [130.0473, 33.2867], [130.0466, 33.2866], [130.0453, 33.2861], [130.0414, 33.2823], [130.0408, 33.2814], [130.0395, 33.2815], [130.039, 33.2809], [130.038, 33.2804], [130.037, 33.2796], [130.0371, 33.2786], [130.0368, 33.2778], [130.0358, 33.2779], [130.0345, 33.2774], [130.033, 33.2787], [130.0321, 33.2789], [130.0304, 33.2802], [130.029, 33.2808], [130.0276, 33.2804]]]}, "properties": {"name": "佐賀県多久市"}}, {"type": "Feature", "geometry": {"type": "Polygon", "coordinates": [[[129.865, 33.3938], [129.865, 33.3932], [129.8673, 33.3929], [129.8689, 33.3921], [129.8693, 33.3908], [129.8699, 33.3897], [129.8698, 33.3895], [129.8691, 33.3897], [129.869, 33.3894], [129.8696, 33.3887], [129.8708, 33.3886], [129.871, 33.3882], [129.8702, 33.3876], [129.8705, 33.3872], [129.8703, 33.3867], [129.8692, 33.3862], [129.8688, 33.3865], [129.8684, 33.3862], [129.8683, 33.3867], [129.8686, 33.3873], [129.8677, 33.3879], [129.867, 33.3877], [129.8668, 33.3884], [129.8663, 33.3883], [129.8655, 33.3888], [129.8652, 33.3884], [129.8653, 33.3876], [129.8661, 33.387], [129.8655, 33.3865], [129.8653, 33.3858], [129.8648, 33.3858], [129.8646, 33.3849], [129.8646, 33.3839], [129.8654, 33.3825], [129.8671, 33.3826], [129.8675, 33.3831], [129.8675, 33.3822], [129.8669, 33.3821], [129.867, 33.3814], [129.866, 33.3816], [129.8657, 33.3814], [129.8657, 33.3807], [129.8663, 33.3792], [129.8664, 33.3788], [129.8659, 33.3787], [129.8664, 33.3788], [129.8665, 33.3772], [129.8669, 33.376], [129.8664, 33.3758], [129.8669, 33.376], [129.8677, 33.3748], [129.8676, 33.3747], [129.8678, 33.3748], [129.8686, 33.3739], [129.8685, 33.3735], [129.8689, 33.3729], [129.8682, 33.373], [129.8675, 33.3734], [129.8674, 33.3737], [129.8657, 33.3755], [129.866, 33.3757], [129.8657, 33.3755], [129.8651, 33.3762], [129.8653, 33.3763], [129.8648, 33.376], [129.8639, 33.3765], [129.8629, 33.3762], [129.8627, 33.3759], [129.8631, 33.375], [129.8629, 33.3747], [129.8633, 33.3745], [129.8633, 33.3742], [129.8625, 33.3741], [129.8625, 33.3736], [129.8624, 33.3735], [129.8619, 33.3739], [129.8613, 33.3734], [129.8596, 33.374], [129.8592, 33.3735], [129.8592, 33.3731], [129.8585, 33.3726], [129.8592, 33.371], [129.8589, 33.3708], [129.8593, 33.3701], [129.8588, 33.3695], [129.8585, 33.3698], [129.8581, 33.3691], [129.8584, 33.3679], [129.8574, 33.3678], [129.8539, 33.3657], [129.8537, 33.3654], [129.8535, 33.3656], [129.8536, 33.3646], [129.8534, 33.3641], [129.8526, 33.3639], [129.8526, 33.3635], [129.8518, 33.3637], [129.8516, 33.3644], [129.8513, 33.3643], [129.8508, 33.3652], [129.85, 33.3654], [129.8498, 33.366], [129.8492, 33.3654], [129.849, 33.364], [129.8485, 33.3641], [129.8482, 33.3632], [129.8469, 33.3631], [129.8474, 33.3624], [129.848, 33.362], [129.8485, 33.3623], [129.8491, 33.3621], [129.8501, 33.3607], [129.8494, 33.3599], [129.8485, 33.36], [129.8484, 33.3605], [129.848, 33.3606], [129.8479, 33.3595], [129.8481, 33.3589], [129.8495, 33.3596], [129.8499, 33.3593], [129.8506, 33.36], [129.8511, 33.3594], [129.8505, 33.3588], [129.8498, 33.3586], [129.8509, 33.3577], [129.8505, 33.3572], [129.8503, 33.3565], [129.851, 33.3562], [129.8509, 33.356], [129.8506, 33.3556], [129.8494, 33.3557], [129.8495, 33.3554], [129.8499, 33.3553], [129.8498, 33.355], [129.8508, 33.3548], [129.8508, 33.3543], [129.8503, 33.3544], [129.85, 33.3541], [129.8498, 33.3544], [129.8495, 33.3543], [129.8492, 33.3546], [129.8489, 33.3543], [129.8487, 33.3553], [129.8482, 33.3553], [129.8486, 33.3557], [129.848, 33.3569], [129.8464, 33.3571], [129.8464, 33.3578], [129.8461, 33.3578], [129.8459, 33.3586], [129.8457, 33.3578], [129.8459, 33.357], [129.8464, 33.3571], [129.8476, 33.3567], [129.8476, 33.3558], [129.8469, 33.3556], [129.8466, 33.355], [129.8469, 33.3542], [129.8488, 33.3524], [129.848, 33.352], [129.8496, 33.3528], [129.8502, 33.3522], [129.8496, 33.3518], [129.8503, 33.3521], [129.8509, 33.3517], [129.8505, 33.3508], [129.8507, 33.3506], [129.8506, 33.35], [129.8503, 33.3501], [129.8506, 33.35], [129.8505, 33.3489], [129.8498, 33.3489], [129.8505, 33.3481], [129.849, 33.3473], [129.8496, 33.3473], [129.8491, 33.3469], [129.8486, 33.3475], [129.8487, 33.348], [129.8478, 33.3493], [129.8475, 33.3493], [129.8472, 33.349], [129.8466, 33.349], [129.8455, 33.3481], [129.8447, 33.3488], [129.8436, 33.3493], [129.8428, 33.3488], [129.8302, 33.3458], [129.8253, 33.3418], [129.8226, 33.3407], [129.8198, 33.3404], [129.8142, 33.3407], [129.8109, 33.3411], [129.8095, 33.3408], [129.7908, 33.3404], [129.7891, 33.3406], [129.7881, 33.3405], [129.7874, 33.3401], [129.7868, 33.3393], [129.785, 33.3385], [129.7839, 33.3375], [129.7826, 33.3369], [129.7816, 33.3353], [129.7776, 33.3333], [129.7765, 33.333], [129.7764, 33.3315], [129.776, 33.3302], [129.7748, 33.3287], [129.7736, 33.3262], [129.7717, 33.3235], [129.771, 33.3215], [129.7695, 33.3201], [129.769, 33.3193], [129.7698, 33.3172], [129.7693, 33.3155], [129.7661, 33.3113], [129.7667, 33.3087], [129.7666, 33.3071], [129.7662, 33.3066], [129.7644, 33.3064], [129.7637, 33.3057], [129.7634, 33.3036], [129.7626, 33.3022], [129.7618, 33.2982], [129.7587, 33.2909], [129.759, 33.2906], [129.7615, 33.2898], [129.7629, 33.2903], [129.7633, 33.2902], [129.7639, 33.2892], [129.7642, 33.2881], [129.7651, 33.2872], [129.7656, 33.2863], [129.7662, 33.2859], [129.7678, 33.2858], [129.7696, 33.283], [129.7723, 33.2803], [129.7746, 33.2757], [129.776, 33.2739], [129.7762, 33.2724], [129.7791, 33.2684], [129.7809, 33.2666], [129.7837, 33.2654], [129.784, 33.2651], [129.7841, 33.2638], [129.7893, 33.259], [129.7907, 33.2575], [129.7953, 33.2551], [129.7963, 33.2541], [129.7984, 33.2533], [129.7998, 33.2522], [129.8012, 33.2505], [129.8032, 33.2495], [129.8033, 33.2487], [129.805, 33.2478], [129.8071, 33.2458], [129.8082, 33.244], [129.8095, 33.2428], [129.81, 33.2426], [129.8115, 33.2426], [129.8133, 33.243], [129.8139, 33.2427], [129.8144, 33.2418], [129.8145, 33.2403], [129.8155, 33.2389], [129.8141, 33.2364], [129.8173, 33.2359], [129.8232, 33.237], [129.8242, 33.2368], [129.8255, 33.2369], [129.8284, 33.2359], [129.8307, 33.2355], [129.8321, 33.2349], [129.837, 33.2351], [129.8384, 33.236], [129.84, 33.2364], [129.8419, 33.2365], [129.8435, 33.2361], [129.8476, 33.238], [129.8487, 33.238], [129.8492, 33.2384], [129.8502, 33.2407], [129.8513, 33.2418], [129.8529, 33.2405], [129.8534, 33.2398], [129.8544, 33.2392], [129.8545, 33.2387], [129.856, 33.2391], [129.8579, 33.2406], [129.8592, 33.2412], [129.8601, 33.2412], [129.8606, 33.2414], [129.8639, 33.2412], [129.8642, 33.2402], [129.8655, 33.2395], [129.8665, 33.2393], [129.8678, 33.2403], [129.8695, 33.2411], [129.8698, 33.2377], [129.8711, 33.236], [129.8713, 33.2342], [129.8723, 33.234], [129.8729, 33.231], [129.8771, 33.2298], [129.8785, 33.2282], [129.8793, 33.2255], [129.8819, 33.2261], [129.8838, 33.2257], [129.8851, 33.2257], [129.8876, 33.2244], [129.89, 33.2249], [129.8907, 33.2249], [129.8914, 33.2252], [129.8951, 33.2242], [129.8966, 33.2235], [129.8975, 33.2234], [129.8995, 33.2252], [129.8999, 33.2267], [129.9035, 33.2278], [129.9046, 33.2278], [129.909, 33.2269], [129.9129, 33.2274], [129.9163, 33.2275], [129.9169, 33.2273], [129.9174, 33.2267], [129.9179, 33.2264], [129.9198, 33.2265], [129.9203, 33.2264], [129.9208, 33.2259], [129.9213, 33.2262], [129.9213, 33.2266], [129.9232, 33.2278], [129.9239, 33.2285], [129.924, 33.2295], [129.9245, 33.2298], [129.9256, 33.2293], [129.9273, 33.2296], [129.9297, 33.2294], [129.9312, 33.2299], [129.931, 33.2301], [129.9316, 33.231], [129.9313, 33.2322], [129.9332, 33.2334], [129.9343, 33.2358], [129.9357, 33.2361], [129.9366, 33.2373], [129.9368, 33.238], [129.9372, 33.2382], [129.9377, 33.2381], [129.9378, 33.2388], [129.9391, 33.2403], [129.9414, 33.2417], [129.9408, 33.2429], [129.9415, 33.2439], [129.9416, 33.2446], [129.9434, 33.246], [129.9442, 33.2485], [129.9441, 33.2491], [129.9451, 33.2507], [129.9468, 33.2519], [129.9468, 33.2528], [129.9472, 33.2536], [129.9481, 33.2543], [129.9493, 33.2549], [129.95, 33.2548], [129.9505, 33.2541], [129.951, 33.2542], [129.9511, 33.255], [129.9505, 33.2571], [129.9513, 33.2573], [129.9546, 33.2571], [129.9548, 33.2565], [129.9568, 33.2564], [129.9573, 33.2559], [129.9594, 33.2547], [129.9609, 33.2547], [129.9637, 33.2568], [129.9639, 33.2573], [129.9649, 33.2582], [129.9653, 33.2592], [129.9654, 33.2605], [129.9669, 33.2607], [129.9674, 33.2615], [129.9703, 33.2613], [129.9712, 33.2618], [129.9714, 33.2623], [129.971, 33.2634], [129.9721, 33.2645], [129.972, 33.2656], [129.9729, 33.2672], [129.9725, 33.2686], [129.9761, 33.2709], [129.977, 33.2724], [129.9811, 33.2748], [129.9836, 33.2754], [129.9846, 33.2752], [129.9878, 33.2761], [129.9889, 33.276], [129.9915, 33.2774], [129.9921, 33.2785], [129.9988, 33.2792], [129.9998, 33.2798], [130.0011, 33.2799], [130.0021, 33.2809], [130.0064, 33.2806], [130.0066, 33.2801], [130.0082, 33.2796], [130.0093, 33.2801], [130.0096, 33.2806], [130.0108, 33.281], [130.0115, 33.281], [130.012, 33.2815], [130.0132, 33.2821], [130.0145, 33.2813], [130.0173, 33.2814], [130.0222, 33.2811], [130.0235, 33.2816], [130.0254, 33.2831], [130.025, 33.2838], [130.0219, 33.2866], [130.021, 33.2883], [130.0205, 33.2916], [130.0194, 33.2931], [130.0176, 33.2942], [130.0157, 33.294], [130.0145, 33.2943], [130.0141, 33.2957], [130.0129, 33.2966], [130.0118, 33.298], [130.0115, 33.2994], [130.0115, 33.3007], [130.0095, 33.3028], [130.0098, 33.3038], [130.0089, 33.3049], [130.0091, 33.3066], [130.0084, 33.3083], [130.0076, 33.3088], [130.0082, 33.3097], [130.0084, 33.3115], [130.0085, 33.3126], [130.008, 33.3129], [130.0087, 33.3136], [130.0091, 33.3153], [130.0082, 33.3159], [130.0079, 33.3166], [130.0045, 33.3184], [130.0033, 33.3197], [130.0023, 33.3199], [130.0017, 33.3203], [130.0006, 33.3202], [130.0001, 33.3204], [129.999, 33.3214], [129.9977, 33.323], [129.997, 33.3234], [129.9965, 33.3243], [129.9942, 33.326], [129.994, 33.3267], [129.9933, 33.3271], [129.9925, 33.3266], [129.9917, 33.3266], [129.9908, 33.3262], [129.9899, 33.3263], [129.9889, 33.3255], [129.9867, 33.326], [129.9846, 33.3258], [129.9836, 33.3265], [129.9828, 33.3262], [129.9821, 33.3265], [129.9809, 33.3281], [129.9802, 33.3295], [129.979, 33.3308], [129.9753, 33.3314], [129.9749, 33.3323], [129.974, 33.3327], [129.9735, 33.3337], [129.9726, 33.3343], [129.9722, 33.3345], [129.971, 33.3345], [129.9702, 33.3353], [129.9678, 33.3362], [129.9667, 33.3379], [129.9651, 33.3393], [129.9645, 33.3401], [129.9644, 33.3408], [129.9652, 33.3428], [129.9645, 33.3431], [129.9638, 33.343], [129.9641, 33.3438], [129.963, 33.3443], [129.9634, 33.3448], [129.9632, 33.3457], [129.9618, 33.3469], [129.9609, 33.3473], [129.9599, 33.3474], [129.9594, 33.3478], [129.9589, 33.3477], [129.9583, 33.3469], [129.9573, 33.3468], [129.9563, 33.3463], [129.9556, 33.3456], [129.9554, 33.3448], [129.9556, 33.343], [129.9552, 33.3417], [129.9564, 33.3403], [129.9568, 33.3393], [129.9564, 33.339], [129.9565, 33.3383], [129.9581, 33.3372], [129.9571, 33.3365], [129.9567, 33.3354], [129.9574, 33.3341], [129.9586, 33.3337], [129.9589, 33.3317], [129.9595, 33.3306], [129.9595, 33.3303], [129.959, 33.3296], [129.9598, 33.3286], [129.9598, 33.3278], [129.9591, 33.3262], [129.9583, 33.326], [129.9583, 33.3253], [129.9559, 33.3244], [129.9557, 33.324], [129.9559, 33.3232], [129.955, 33.3228], [129.9547, 33.3229], [129.9545, 33.3235], [129.9533, 33.3248], [129.9539, 33.3256], [129.953, 33.3262], [129.953, 33.3266], [129.9532, 33.327], [129.9519, 33.3284], [129.9521, 33.3299], [129.9519, 33.331], [129.9507, 33.3331], [129.95, 33.3337], [129.9502, 33.3353], [129.9498, 33.3358], [129.949, 33.336], [129.9485, 33.337], [129.9466, 33.3383], [129.9466, 33.339], [129.946, 33.3394], [129.9451, 33.3417], [129.9452, 33.3427], [129.9447, 33.343], [129.9446, 33.3433], [129.9451, 33.3453], [129.9446, 33.3455], [129.944, 33.3446], [129.9422, 33.3447], [129.9413, 33.3451], [129.9407, 33.345], [129.9401, 33.3454], [129.9387, 33.3453], [129.9375, 33.3459], [129.9375, 33.3463], [129.9384, 33.3469], [129.9382, 33.3475], [129.9363, 33.3474], [129.9353, 33.3477], [129.9344, 33.3487], [129.9339, 33.3503], [129.9334, 33.3506], [129.9321, 33.3507], [129.9319, 33.3513], [129.9325, 33.353], [129.9317, 33.3541], [129.9309, 33.3545], [129.9307, 33.3551], [129.9298, 33.355], [129.9298, 33.3561], [129.9301, 33.3572], [129.9281, 33.3579], [129.9259, 33.3575], [129.9258, 33.3577], [129.925, 33.3599], [129.9239, 33.3612], [129.923, 33.3618], [129.9234, 33.3633], [129.923, 33.3644], [129.9231, 33.3655], [129.9216, 33.3657], [129.9207, 33.3654], [129.9197, 33.3645], [129.9191, 33.3645], [129.9189, 33.3655], [129.92, 33.3672], [129.9192, 33.3682], [129.9192, 33.3699], [129.9183, 33.3706], [129.9184, 33.372], [129.9181, 33.3727], [129.9171, 33.3737], [129.9176, 33.3744], [129.9175, 33.3746], [129.9166, 33.375], [129.9162, 33.3761], [129.9154, 33.3765], [129.9149, 33.3774], [129.9151, 33.3786], [129.9165, 33.3796], [129.9161, 33.3802], [129.9176, 33.3827], [129.9175, 33.3831], [129.9167, 33.3838], [129.9165, 33.3844], [129.9175, 33.3863], [129.9171, 33.3884], [129.9174, 33.3886], [129.9176, 33.3881], [129.9183, 33.3889], [129.9187, 33.3895], [129.9188, 33.3907], [129.9194, 33.3916], [129.9196, 33.3927], [129.9201, 33.3928], [129.9205, 33.3932], [129.9202, 33.3948], [129.9196, 33.3963], [129.9182, 33.3973], [129.9176, 33.3983], [129.9166, 33.3978], [129.9151, 33.3992], [129.9152, 33.4002], [129.9137, 33.4017], [129.9135, 33.4024], [129.9108, 33.4039], [129.9106, 33.4047], [129.9098, 33.4048], [129.9082, 33.4061], [129.9068, 33.4062], [129.9063, 33.4069], [129.9057, 33.4068], [129.9054, 33.4073], [129.9056, 33.4081], [129.905, 33.4085], [129.9045, 33.4092], [129.9038, 33.411], [129.904, 33.4119], [129.9034, 33.4123], [129.9028, 33.4127], [129.9018, 33.4121], [129.9007, 33.412], [129.8989, 33.4101], [129.8976, 33.4098], [129.8949, 33.4079], [129.8921, 33.4071], [129.8913, 33.4065], [129.8891, 33.4065], [129.8875, 33.4072], [129.8863, 33.4073], [129.884, 33.4083], [129.8822, 33.4077], [129.8813, 33.406], [129.882, 33.4045], [129.8815, 33.4038], [129.8815, 33.4034], [129.882, 33.4028], [129.8817, 33.4018], [129.8799, 33.4006], [129.8795, 33.4002], [129.8805, 33.3975], [129.8804, 33.3965], [129.8809, 33.3963], [129.8815, 33.3963], [129.8814, 33.3955], [129.8819, 33.395], [129.8815, 33.3943], [129.882, 33.3937], [129.881, 33.3927], [129.8816, 33.3924], [129.881, 33.3922], [129.8813, 33.3917], [129.882, 33.3913], [129.8819, 33.3908], [129.8804, 33.3908], [129.8812, 33.3902], [129.8809, 33.3895], [129.8812, 33.3893], [129.8811, 33.389], [129.8802, 33.3886], [129.8801, 33.389], [129.8782, 33.3891], [129.8779, 33.388], [129.8773, 33.3876], [129.8765, 33.3876], [129.8761, 33.3874], [129.8753, 33.3876], [129.8747, 33.3873], [129.8744, 33.3877], [129.8749, 33.3886], [129.8742, 33.3887], [129.8733, 33.3894], [129.8732, 33.3901], [129.8727, 33.3906], [129.8719, 33.3903], [129.8713, 33.3909], [129.8708, 33.3909], [129.8708, 33.3912], [129.8695, 33.3912], [129.869, 33.3924], [129.8678, 33.3934], [129.8658, 33.3934], [129.865, 33.3938]]]}, "properties": {"name": "佐賀県伊万里市"}}, {"type": "Feature", "geometry": {"type": "Polygon", "coordinates": [[[130.0254, 33.2831], [130.0235, 33.2816], [130.0222, 33.2811], [130.0173, 33.2814], [130.0145, 33.2813], [130.0132, 33.2821], [130.012, 33.2815], [130.0115, 33.281], [130.0108, 33.281], [130.0096, 33.2806], [130.0093, 33.2801], [130.0082, 33.2796], [130.0066, 33.2801], [130.0064, 33.2806], [130.0021, 33.2809], [130.0011, 33.2799], [129.9998, 33.2798], [129.9988, 33.2792], [129.9921, 33.2785], [129.9915, 33.2774], [129.9889, 33.276], [129.9878, 33.2761], [129.9846, 33.2752], [129.9836, 33.2754], [129.9811, 33.2748], [129.977, 33.2724], [129.9761, 33.2709], [129.9725, 33.2686], [129.9729, 33.2672], [129.972, 33.2656], [129.9721, 33.2645], [129.971, 33.2634], [129.9714, 33.2623], [129.9712, 33.2618], [129.9703, 33.2613], [129.9674, 33.2615], [129.9669, 33.2607], [129.9654, 33.2605], [129.9653, 33.2592], [129.9649, 33.2582], [129.9639, 33.2573], [129.9637, 33.2568], [129.9609, 33.2547], [129.9594, 33.2547], [129.9573, 33.2559], [129.9568, 33.2564], [129.9548, 33.2565], [129.9546, 33.2571], [129.9513, 33.2573], [129.9505, 33.2571], [129.9511, 33.255], [129.951, 33.2542], [129.9505, 33.2541], [129.95, 33.2548], [129.9493, 33.2549], [129.9481, 33.2543], [129.9472, 33.2536], [129.9468, 33.2528], [129.9468, 33.2519], [129.9451, 33.2507], [129.9441, 33.2491], [129.9442, 33.2485], [129.9434, 33.246], [129.9416, 33.2446], [129.9415, 33.2439], [129.9408, 33.2429], [129.9414, 33.2417], [129.9391, 33.2403], [129.9378, 33.2388], [129.9377, 33.2381], [129.9372, 33.2382], [129.9368, 33.238], [129.9366, 33.2373], [129.9357, 33.2361], [129.9343, 33.2358], [129.9332, 33.2334], [129.9313, 33.2322], [129.9316, 33.231], [129.931, 33.2301], [129.9312, 33.2299], [129.9297, 33.2294], [129.9273, 33.2296], [129.9256, 33.2293], [129.9245, 33.2298], [129.924, 33.2295], [129.9239, 33.2285], [129.9232, 33.2278], [129.9213, 33.2266], [129.9213, 33.2262], [129.9208, 33.2259], [129.9203, 33.2264], [129.9198, 33.2265], [129.9179, 33.2264], [129.9174, 33.2267], [129.9169, 33.2273], [129.9163, 33.2275], [129.9129, 33.2274], [129.909, 33.2269], [129.9046, 33.2278], [129.9035, 33.2278], [129.8999, 33.2267], [129.8995, 33.2252], [129.8975, 33.2234], [129.8986, 33.2223], [129.8994, 33.2209], [129.9, 33.2207], [129.9008, 33.2199], [129.9008, 33.2192], [129.9012, 33.2185], [129.9011, 33.2176], [129.9022, 33.2164], [129.9015, 33.2154], [129.9014, 33.2141], [129.9012, 33.214], [129.9033, 33.2117], [129.9043, 33.2088], [129.9049, 33.2084], [129.9055, 33.2072], [129.9062, 33.2071], [129.9064, 33.2067], [129.9064, 33.2057], [129.9057, 33.2048], [129.9057, 33.2041], [129.9048, 33.2025], [129.9055, 33.2003], [129.906, 33.1995], [129.9069, 33.1988], [129.9081, 33.1983], [129.9096, 33.1982], [129.912, 33.1975], [129.9129, 33.1961], [129.9124, 33.1954], [129.9127, 33.1949], [129.9115, 33.1939], [129.9124, 33.1932], [129.9128, 33.192], [129.9128, 33.1912], [129.9119, 33.1903], [129.912, 33.1896], [129.9115, 33.1888], [129.9119, 33.1863], [129.9125, 33.1859], [129.9135, 33.1865], [129.9138, 33.1864], [129.9143, 33.1866], [129.9147, 33.1862], [129.9149, 33.1856], [129.9146, 33.1839], [129.9151, 33.1836], [129.9163, 33.1836], [129.9179, 33.1828], [129.9182, 33.1825], [129.9185, 33.1814], [129.9184, 33.1809], [129.9188, 33.1805], [129.9175, 33.1793], [129.9177, 33.1789], [129.9177, 33.178], [129.9173, 33.1772], [129.9177, 33.1767], [129.9175, 33.1753], [129.9177, 33.1744], [129.9171, 33.1711], [129.9177, 33.1712], [129.9194, 33.1722], [129.9211, 33.1724], [129.9217, 33.1729], [129.9219, 33.1736], [129.9235, 33.1735], [129.9246, 33.1739], [129.925, 33.1737], [129.9264, 33.1742], [129.927, 33.1739], [129.9282, 33.1738], [129.9292, 33.1726], [129.9298, 33.1727], [129.93, 33.1719], [129.9297, 33.1716], [129.9302, 33.171], [129.9303, 33.1703], [129.9306, 33.1703], [129.9312, 33.1697], [129.9332, 33.1697], [129.9344, 33.1685], [129.9356, 33.1679], [129.9361, 33.167], [129.9369, 33.1664], [129.9384, 33.1655], [129.941, 33.1641], [129.9417, 33.164], [129.9435, 33.1644], [129.943, 33.1634], [129.942, 33.1624], [129.9421, 33.1608], [129.9413, 33.1597], [129.9416, 33.159], [129.9412, 33.158], [129.9429, 33.1553], [129.9428, 33.1547], [129.9433, 33.1533], [129.9439, 33.1523], [129.9436, 33.1518], [129.9437, 33.1507], [129.9443, 33.1492], [129.9453, 33.1479], [129.945, 33.1461], [129.9456, 33.1453], [129.9459, 33.1442], [129.9466, 33.1441], [129.9473, 33.1433], [129.9473, 33.142], [129.9483, 33.1402], [129.9483, 33.1393], [129.9478, 33.1381], [129.9494, 33.1371], [129.9491, 33.1361], [129.9493, 33.1347], [129.9491, 33.1338], [129.9504, 33.1331], [129.9513, 33.132], [129.952, 33.132], [129.9523, 33.1324], [129.9529, 33.1325], [129.9536, 33.1324], [129.9539, 33.1316], [129.9546, 33.1312], [129.9547, 33.1305], [129.9555, 33.1301], [129.9565, 33.1282], [129.9568, 33.1256], [129.9567, 33.1238], [129.9564, 33.123], [129.9566, 33.1212], [129.9564, 33.1204], [129.9566, 33.1177], [129.9564, 33.1175], [129.9558, 33.1172], [129.9554, 33.1165], [129.9547, 33.1142], [129.9531, 33.1132], [129.953, 33.1126], [129.9522, 33.1119], [129.9517, 33.111], [129.9516, 33.1101], [129.9546, 33.108], [129.9581, 33.109], [129.9589, 33.1098], [129.9591, 33.1105], [129.9591, 33.1113], [129.9599, 33.1128], [129.9607, 33.1133], [129.9628, 33.114], [129.9644, 33.1154], [129.9652, 33.1146], [129.9659, 33.1143], [129.9672, 33.1145], [129.9676, 33.1148], [129.968, 33.1147], [129.9686, 33.1151], [129.9693, 33.1152], [129.9708, 33.1135], [129.9717, 33.1129], [129.9732, 33.1125], [129.9734, 33.1117], [129.9749, 33.1104], [129.9763, 33.1102], [129.9767, 33.1106], [129.9776, 33.1107], [129.9776, 33.1114], [129.9789, 33.1113], [129.9793, 33.1121], [129.98, 33.1126], [129.9818, 33.113], [129.9825, 33.1138], [129.9826, 33.115], [129.9844, 33.1148], [129.986, 33.1162], [129.9869, 33.1177], [129.9874, 33.1173], [129.9879, 33.1172], [129.9882, 33.1168], [129.9889, 33.1169], [129.9906, 33.1154], [129.9915, 33.1153], [129.9924, 33.1157], [129.9924, 33.1165], [129.9931, 33.1167], [129.9939, 33.1174], [129.9939, 33.1179], [129.9932, 33.1182], [129.993, 33.1185], [129.9945, 33.1216], [129.9945, 33.1237], [129.995, 33.124], [129.9948, 33.1247], [129.9952, 33.1255], [129.9949, 33.1266], [129.9943, 33.127], [129.9939, 33.1279], [129.9936, 33.128], [129.9912, 33.1299], [129.9908, 33.13], [129.9908, 33.1304], [129.9896, 33.1318], [129.9899, 33.132], [129.9888, 33.1331], [129.9883, 33.1344], [129.9886, 33.1352], [129.9894, 33.1354], [129.9904, 33.1347], [129.9924, 33.1361], [129.9928, 33.1367], [129.9936, 33.1367], [129.9947, 33.1371], [129.9969, 33.1369], [129.9984, 33.137], [130, 33.1366], [130.0012, 33.1371], [130.0018, 33.1377], [130.0036, 33.1383], [130.0044, 33.139], [130.0046, 33.1395], [130.0045, 33.1406], [130.0036, 33.1421], [130.0037, 33.1432], [130.0042, 33.1441], [130.004, 33.1451], [130.0056, 33.146], [130.0059, 33.1465], [130.0081, 33.1471], [130.009, 33.1478], [130.0097, 33.148], [130.0121, 33.1476], [130.0133, 33.1478], [130.0145, 33.1489], [130.0158, 33.1491], [130.0172, 33.1509], [130.0196, 33.1515], [130.0215, 33.1513], [130.0224, 33.1508], [130.0229, 33.1499], [130.0232, 33.1498], [130.0287, 33.1481], [130.0303, 33.1497], [130.0306, 33.1505], [130.0305, 33.1515], [130.0308, 33.1519], [130.0314, 33.1522], [130.0318, 33.1528], [130.0337, 33.1535], [130.0336, 33.1548], [130.0329, 33.1568], [130.0336, 33.1578], [130.0347, 33.1574], [130.0359, 33.1575], [130.0385, 33.1593], [130.0419, 33.1597], [130.0423, 33.158], [130.0425, 33.1578], [130.043, 33.1578], [130.046, 33.1585], [130.0485, 33.1589], [130.0502, 33.1605], [130.0504, 33.1615], [130.0517, 33.162], [130.0538, 33.1623], [130.0549, 33.1614], [130.0556, 33.1616], [130.0558, 33.1619], [130.0564, 33.1618], [130.0568, 33.1625], [130.0566, 33.1654], [130.0581, 33.1664], [130.0588, 33.1661], [130.0595, 33.1646], [130.06, 33.1648], [130.0603, 33.165], [130.0599, 33.1662], [130.0605, 33.1663], [130.0603, 33.1671], [130.0595, 33.1674], [130.0608, 33.1679], [130.0619, 33.1677], [130.0629, 33.1673], [130.063, 33.1676], [130.0644, 33.168], [130.0647, 33.1675], [130.0654, 33.1679], [130.067, 33.1675], [130.0678, 33.1668], [130.0697, 33.1669], [130.0704, 33.1664], [130.0711, 33.1663], [130.0722, 33.1669], [130.0729, 33.168], [130.0744, 33.1695], [130.076, 33.1716], [130.0769, 33.1722], [130.0771, 33.1735], [130.0766, 33.1744], [130.0749, 33.1759], [130.0746, 33.1772], [130.0712, 33.1795], [130.0712, 33.1805], [130.07, 33.1816], [130.0734, 33.1842], [130.0768, 33.1843], [130.0783, 33.1837], [130.0791, 33.1837], [130.0808, 33.1841], [130.0813, 33.1839], [130.0825, 33.1842], [130.0842, 33.1843], [130.0832, 33.1845], [130.0829, 33.1849], [130.0829, 33.1855], [130.084, 33.1857], [130.0838, 33.1876], [130.0854, 33.1882], [130.0859, 33.1888], [130.0861, 33.1901], [130.0866, 33.1908], [130.0868, 33.1953], [130.0886, 33.1971], [130.0888, 33.1996], [130.0908, 33.202], [130.0926, 33.2008], [130.0942, 33.2031], [130.0945, 33.203], [130.0947, 33.2032], [130.0965, 33.2055], [130.0983, 33.2047], [130.0997, 33.2063], [130.0999, 33.2071], [130.0989, 33.2086], [130.0967, 33.2105], [130.0887, 33.2141], [130.0899, 33.2153], [130.0904, 33.2154], [130.094, 33.2146], [130.0941, 33.2149], [130.0936, 33.215], [130.0941, 33.2159], [130.0938, 33.2161], [130.0947, 33.217], [130.095, 33.2178], [130.0952, 33.2179], [130.0958, 33.2186], [130.0961, 33.2216], [130.0967, 33.2204], [130.0976, 33.2215], [130.0974, 33.2221], [130.0976, 33.2224], [130.0986, 33.2231], [130.1001, 33.2236], [130.1001, 33.2264], [130.1004, 33.2272], [130.1, 33.2276], [130.1001, 33.2281], [130.1012, 33.229], [130.1019, 33.2301], [130.1022, 33.2313], [130.1017, 33.2319], [130.102, 33.2328], [130.1034, 33.2351], [130.1027, 33.2355], [130.0993, 33.2364], [130.0979, 33.2377], [130.0963, 33.2387], [130.0956, 33.2388], [130.0926, 33.2382], [130.091, 33.2382], [130.0905, 33.238], [130.0889, 33.2382], [130.0885, 33.238], [130.0863, 33.238], [130.0843, 33.237], [130.0824, 33.2369], [130.081, 33.2373], [130.0804, 33.237], [130.0791, 33.2371], [130.0784, 33.2377], [130.0777, 33.2381], [130.0771, 33.2389], [130.0756, 33.2393], [130.0755, 33.2399], [130.0746, 33.2402], [130.074, 33.2402], [130.0736, 33.2397], [130.0722, 33.2394], [130.0694, 33.2396], [130.0686, 33.2411], [130.0676, 33.2414], [130.0666, 33.2423], [130.0663, 33.243], [130.0644, 33.2432], [130.0642, 33.244], [130.0625, 33.2438], [130.0617, 33.2426], [130.0599, 33.2412], [130.0572, 33.2404], [130.0558, 33.2393], [130.0554, 33.2387], [130.0541, 33.2397], [130.0516, 33.2404], [130.0498, 33.2404], [130.0488, 33.2411], [130.0486, 33.2417], [130.0497, 33.243], [130.0494, 33.2439], [130.0484, 33.2452], [130.0483, 33.246], [130.0485, 33.2469], [130.0477, 33.2475], [130.0467, 33.2477], [130.0449, 33.2491], [130.0438, 33.2506], [130.0404, 33.2513], [130.0398, 33.2511], [130.0397, 33.2503], [130.0384, 33.25], [130.0379, 33.25], [130.0365, 33.2494], [130.0354, 33.2499], [130.0353, 33.2504], [130.034, 33.2506], [130.0311, 33.2503], [130.0285, 33.2496], [130.0278, 33.2497], [130.0276, 33.2518], [130.0282, 33.2522], [130.0285, 33.2531], [130.0284, 33.2541], [130.026, 33.2554], [130.0256, 33.2572], [130.0229, 33.2581], [130.0231, 33.2601], [130.0221, 33.2618], [130.0231, 33.2653], [130.0229, 33.2662], [130.0231, 33.2672], [130.0238, 33.2686], [130.025, 33.2694], [130.026, 33.2713], [130.0265, 33.2738], [130.0252, 33.2761], [130.0276, 33.2804], [130.0272, 33.2823], [130.0257, 33.2828], [130.0254, 33.2831]]]}, "properties": {"name": "佐賀県武雄市"}}, {"type": "Feature", "geometry": {"type": "Polygon", "coordinates": [[[130.0827, 33.1101], [130.0822, 33.1108], [130.0798, 33.1094], [130.0799, 33.1091], [130.0793, 33.1095], [130.079, 33.1076], [130.0804, 33.1077], [130.0804, 33.1067], [130.0776, 33.1044], [130.0766, 33.1042], [130.076, 33.1035], [130.0754, 33.1033], [130.0745, 33.1034], [130.0731, 33.1041], [130.0717, 33.1046], [130.0708, 33.1042], [130.0708, 33.1038], [130.0703, 33.1035], [130.0703, 33.1032], [130.0716, 33.1028], [130.0712, 33.1023], [130.0719, 33.1016], [130.0724, 33.1015], [130.0734, 33.1009], [130.0746, 33.1012], [130.0743, 33.1003], [130.0754, 33.1001], [130.0754, 33.0998], [130.0761, 33.0997], [130.0757, 33.0986], [130.075, 33.0987], [130.0748, 33.098], [130.0737, 33.0981], [130.073, 33.0982], [130.0731, 33.0984], [130.0724, 33.0989], [130.0715, 33.0989], [130.0718, 33.0992], [130.0717, 33.0993], [130.0712, 33.0993], [130.0709, 33.099], [130.0702, 33.0992], [130.0699, 33.0982], [130.0679, 33.098], [130.0673, 33.0974], [130.0672, 33.0976], [130.0676, 33.0981], [130.0683, 33.0987], [130.0679, 33.099], [130.0669, 33.0987], [130.0664, 33.0977], [130.0661, 33.0977], [130.0659, 33.0982], [130.0662, 33.0994], [130.0659, 33.0996], [130.0644, 33.0999], [130.0629, 33.0996], [130.0629, 33.0988], [130.0627, 33.0987], [130.0621, 33.0992], [130.0614, 33.0992], [130.0615, 33.0986], [130.0611, 33.0986], [130.061, 33.0982], [130.0612, 33.0965], [130.0631, 33.0941], [130.0617, 33.094], [130.0607, 33.0934], [130.0605, 33.0929], [130.06, 33.0928], [130.0593, 33.092], [130.0584, 33.0915], [130.0573, 33.0899], [130.0551, 33.0888], [130.0545, 33.0874], [130.0534, 33.0873], [130.0526, 33.0869], [130.0519, 33.0871], [130.0501, 33.0868], [130.0493, 33.0862], [130.0488, 33.0853], [130.0478, 33.0849], [130.0472, 33.0843], [130.0468, 33.0843], [130.0457, 33.0834], [130.0453, 33.0826], [130.044, 33.0821], [130.0434, 33.081], [130.0423, 33.0801], [130.0404, 33.0797], [130.0394, 33.0793], [130.0397, 33.0788], [130.0396, 33.0781], [130.0404, 33.0774], [130.0406, 33.0766], [130.0411, 33.0761], [130.0412, 33.0748], [130.0421, 33.0737], [130.0424, 33.0735], [130.0426, 33.0721], [130.0416, 33.0714], [130.0417, 33.0711], [130.0412, 33.0706], [130.0415, 33.0696], [130.0427, 33.069], [130.0426, 33.0684], [130.0434, 33.0676], [130.0457, 33.0669], [130.0458, 33.0656], [130.0473, 33.0648], [130.0479, 33.0629], [130.0468, 33.0597], [130.0471, 33.0588], [130.0469, 33.0574], [130.046, 33.0547], [130.0452, 33.0541], [130.0455, 33.0534], [130.0462, 33.0528], [130.0453, 33.05], [130.0454, 33.0479], [130.0445, 33.0465], [130.0451, 33.0433], [130.0436, 33.042], [130.044, 33.0415], [130.0439, 33.0409], [130.0424, 33.0387], [130.0421, 33.0378], [130.0412, 33.0377], [130.0406, 33.0371], [130.0399, 33.0358], [130.0393, 33.0353], [130.0378, 33.0305], [130.0379, 33.0297], [130.0384, 33.0293], [130.0388, 33.0275], [130.0398, 33.0258], [130.0406, 33.0255], [130.0418, 33.0257], [130.0422, 33.0254], [130.0427, 33.0257], [130.0436, 33.0258], [130.0448, 33.0242], [130.0446, 33.023], [130.044, 33.0225], [130.044, 33.0218], [130.0434, 33.0211], [130.0438, 33.0205], [130.0429, 33.0189], [130.0423, 33.0182], [130.0423, 33.017], [130.0429, 33.0155], [130.0429, 33.0144], [130.0437, 33.0142], [130.0442, 33.013], [130.0453, 33.0121], [130.0461, 33.0093], [130.0473, 33.0076], [130.0466, 33.0072], [130.0451, 33.007], [130.0448, 33.0061], [130.0439, 33.0057], [130.044, 33.0048], [130.0443, 33.0042], [130.046, 33.0019], [130.047, 33.0016], [130.0467, 33.0006], [130.047, 33], [130.0468, 32.9983], [130.0474, 32.9981], [130.0489, 32.9979], [130.0497, 32.997], [130.0509, 32.995], [130.0515, 32.9945], [130.0511, 32.9924], [130.0527, 32.9917], [130.0537, 32.9917], [130.0545, 32.9911], [130.055, 32.9901], [130.0564, 32.9899], [130.0577, 32.9881], [130.0592, 32.9872], [130.0595, 32.9866], [130.0613, 32.9859], [130.0623, 32.9866], [130.064, 32.9864], [130.0648, 32.987], [130.0656, 32.9872], [130.0663, 32.9866], [130.0684, 32.9865], [130.069, 32.9862], [130.0724, 32.9877], [130.0749, 32.9879], [130.0765, 32.9877], [130.0773, 32.9883], [130.0778, 32.9891], [130.078, 32.9904], [130.0804, 32.993], [130.0819, 32.9936], [130.0834, 32.9937], [130.0848, 32.9941], [130.0859, 32.9941], [130.0874, 32.9936], [130.0881, 32.9937], [130.0915, 32.997], [130.0935, 32.9998], [130.0951, 33.0008], [130.0955, 33.0015], [130.0956, 33.003], [130.0966, 33.0055], [130.0972, 33.0079], [130.097, 33.0089], [130.0973, 33.0103], [130.0966, 33.0108], [130.0963, 33.0121], [130.097, 33.0144], [130.1009, 33.0176], [130.1043, 33.0195], [130.1082, 33.0209], [130.1099, 33.0231], [130.1101, 33.0237], [130.1115, 33.0237], [130.1131, 33.0233], [130.1134, 33.0243], [130.1132, 33.0253], [130.1137, 33.0258], [130.1142, 33.0269], [130.1148, 33.0255], [130.1152, 33.0228], [130.1183, 33.0235], [130.1193, 33.024], [130.121, 33.0243], [130.1231, 33.0256], [130.1237, 33.0264], [130.1254, 33.0272], [130.1256, 33.0279], [130.1265, 33.0281], [130.1285, 33.0293], [130.1329, 33.0309], [130.1404, 33.0351], [130.142, 33.0362], [130.143, 33.0367], [130.1453, 33.0371], [130.1476, 33.0388], [130.1519, 33.04], [130.1536, 33.0403], [130.155, 33.0413], [130.1557, 33.0424], [130.1562, 33.0427], [130.1589, 33.0441], [130.1613, 33.0449], [130.1626, 33.0458], [130.1642, 33.0463], [130.1648, 33.0472], [130.1662, 33.0481], [130.1696, 33.0511], [130.1692, 33.0519], [130.1684, 33.0516], [130.1685, 33.0512], [130.1682, 33.0518], [130.1678, 33.0514], [130.166, 33.0521], [130.1666, 33.0527], [130.1662, 33.0535], [130.1653, 33.0531], [130.1662, 33.0536], [130.1655, 33.0549], [130.1641, 33.0547], [130.1617, 33.0548], [130.1598, 33.0562], [130.162, 33.0585], [130.1615, 33.058], [130.1607, 33.0585], [130.1615, 33.058], [130.1604, 33.0569], [130.1596, 33.0575], [130.1588, 33.0573], [130.1591, 33.0571], [130.1589, 33.0567], [130.1581, 33.0571], [130.158, 33.0574], [130.1582, 33.0575], [130.1582, 33.0579], [130.1587, 33.0578], [130.1581, 33.058], [130.1587, 33.0592], [130.1601, 33.0583], [130.1587, 33.0592], [130.1585, 33.0601], [130.1589, 33.0612], [130.1576, 33.0612], [130.157, 33.0615], [130.1552, 33.0628], [130.1558, 33.0634], [130.1547, 33.0646], [130.1541, 33.0645], [130.1534, 33.0656], [130.1535, 33.0657], [130.151, 33.0671], [130.1499, 33.0673], [130.1492, 33.0682], [130.1503, 33.0691], [130.1492, 33.0715], [130.1481, 33.0719], [130.1485, 33.0717], [130.1484, 33.0713], [130.148, 33.0713], [130.1479, 33.0712], [130.1448, 33.073], [130.1447, 33.0732], [130.146, 33.0741], [130.1459, 33.0765], [130.145, 33.0776], [130.1451, 33.0779], [130.1449, 33.0785], [130.1444, 33.0781], [130.1448, 33.0785], [130.1442, 33.079], [130.1435, 33.0788], [130.1428, 33.0796], [130.1427, 33.0809], [130.1431, 33.0825], [130.1402, 33.0831], [130.1402, 33.0832], [130.1407, 33.0832], [130.143, 33.0831], [130.1459, 33.0866], [130.1407, 33.0944], [130.1359, 33.0955], [130.1305, 33.0918], [130.1305, 33.0927], [130.1304, 33.0918], [130.1291, 33.0918], [130.1293, 33.0929], [130.1256, 33.0935], [130.1254, 33.0938], [130.1255, 33.094], [130.1254, 33.0938], [130.1225, 33.0933], [130.1207, 33.0921], [130.1205, 33.0923], [130.1223, 33.0937], [130.1243, 33.0944], [130.1268, 33.0946], [130.1265, 33.0952], [130.1268, 33.0953], [130.1272, 33.0946], [130.1281, 33.0949], [130.1295, 33.0939], [130.1293, 33.0941], [130.1314, 33.0954], [130.135, 33.097], [130.1352, 33.0976], [130.135, 33.0983], [130.1321, 33.1041], [130.1306, 33.1044], [130.1216, 33.102], [130.1178, 33.1014], [130.1169, 33.1009], [130.1144, 33.1011], [130.1142, 33.1015], [130.1144, 33.1013], [130.1153, 33.1014], [130.1155, 33.1012], [130.1158, 33.1013], [130.115, 33.1017], [130.1137, 33.1018], [130.1128, 33.1015], [130.1121, 33.1009], [130.1126, 33.1012], [130.1131, 33.1013], [130.1121, 33.1008], [130.1112, 33.1004], [130.111, 33.1006], [130.1131, 33.1018], [130.1119, 33.1016], [130.1115, 33.102], [130.1121, 33.1018], [130.1131, 33.1021], [130.1154, 33.1021], [130.1176, 33.1023], [130.118, 33.1025], [130.118, 33.1029], [130.1193, 33.1035], [130.1197, 33.1034], [130.1202, 33.1037], [130.1191, 33.1053], [130.1188, 33.1052], [130.1187, 33.106], [130.117, 33.1073], [130.1166, 33.1082], [130.1168, 33.1076], [130.1163, 33.1086], [130.1149, 33.1101], [130.1154, 33.1101], [130.1155, 33.1103], [130.1147, 33.1106], [130.113, 33.1124], [130.1124, 33.112], [130.1119, 33.1128], [130.1103, 33.1135], [130.1104, 33.1137], [130.1117, 33.1132], [130.1123, 33.1125], [130.112, 33.1132], [130.1105, 33.1138], [130.1105, 33.1139], [130.1113, 33.1137], [130.1106, 33.114], [130.1108, 33.1145], [130.1128, 33.1135], [130.1141, 33.1121], [130.1134, 33.1131], [130.1161, 33.1108], [130.1175, 33.1094], [130.1181, 33.1083], [130.1198, 33.1065], [130.1241, 33.1064], [130.1273, 33.1074], [130.1282, 33.1082], [130.1287, 33.1097], [130.1287, 33.1121], [130.1278, 33.1139], [130.1262, 33.1151], [130.1261, 33.1172], [130.1237, 33.1219], [130.1222, 33.1224], [130.1216, 33.1235], [130.1218, 33.1236], [130.1205, 33.1244], [130.1196, 33.1259], [130.1203, 33.1271], [130.1201, 33.1276], [130.1195, 33.1277], [130.1163, 33.1274], [130.115, 33.1279], [130.1132, 33.1281], [130.112, 33.1285], [130.111, 33.1296], [130.1108, 33.1296], [130.1111, 33.1302], [130.1106, 33.131], [130.1094, 33.131], [130.1082, 33.1306], [130.1076, 33.1306], [130.1077, 33.1309], [130.1067, 33.1311], [130.1046, 33.1312], [130.1009, 33.1305], [130.0987, 33.1311], [130.0965, 33.1312], [130.0948, 33.1309], [130.0931, 33.1295], [130.092, 33.1293], [130.089, 33.1297], [130.0862, 33.1298], [130.0824, 33.1307], [130.0823, 33.1303], [130.0819, 33.1303], [130.0816, 33.1292], [130.0813, 33.1293], [130.0809, 33.1277], [130.0821, 33.1273], [130.0818, 33.1262], [130.0824, 33.126], [130.0819, 33.1248], [130.0844, 33.124], [130.0842, 33.123], [130.0839, 33.1223], [130.0836, 33.1221], [130.0816, 33.1227], [130.0784, 33.1173], [130.0806, 33.1166], [130.0805, 33.1154], [130.0817, 33.1129], [130.0826, 33.1128], [130.0846, 33.1119], [130.0845, 33.1109], [130.0838, 33.1109], [130.0827, 33.1101]]]}, "properties": {"name": "佐賀県鹿島市"}}, {"type": "Feature", "geometry": {"type": "Polygon", "coordinates": [[[130.143, 33.3389], [130.1429, 33.3389], [130.141, 33.3371], [130.1403, 33.3355], [130.1385, 33.3348], [130.1386, 33.3341], [130.1381, 33.3332], [130.1385, 33.3292], [130.1392, 33.3279], [130.1391, 33.3265], [130.1398, 33.3239], [130.1385, 33.3231], [130.138, 33.3221], [130.1365, 33.3203], [130.1385, 33.3182], [130.1378, 33.3172], [130.1375, 33.3159], [130.1384, 33.3116], [130.1411, 33.3119], [130.1415, 33.3118], [130.1422, 33.3112], [130.1431, 33.3089], [130.148, 33.3102], [130.1499, 33.3094], [130.1502, 33.308], [130.1507, 33.3076], [130.1512, 33.3076], [130.1521, 33.3081], [130.1524, 33.308], [130.1542, 33.3056], [130.1553, 33.3052], [130.1561, 33.3042], [130.1571, 33.3034], [130.1581, 33.3021], [130.1577, 33.3014], [130.156, 33.2996], [130.1568, 33.2963], [130.1568, 33.2948], [130.1574, 33.293], [130.1596, 33.2921], [130.1602, 33.2913], [130.1621, 33.2907], [130.1628, 33.29], [130.1635, 33.2902], [130.1645, 33.2889], [130.1652, 33.2893], [130.1655, 33.2889], [130.1661, 33.289], [130.1671, 33.2882], [130.1683, 33.288], [130.1694, 33.2869], [130.1711, 33.286], [130.1705, 33.2842], [130.1704, 33.2827], [130.1684, 33.2813], [130.1668, 33.2813], [130.1636, 33.28], [130.1633, 33.2797], [130.1633, 33.2792], [130.1638, 33.2788], [130.165, 33.2785], [130.1657, 33.278], [130.166, 33.2772], [130.1666, 33.2766], [130.1667, 33.2751], [130.168, 33.2735], [130.1682, 33.2722], [130.1696, 33.2701], [130.1707, 33.2695], [130.1706, 33.2685], [130.1699, 33.2677], [130.1699, 33.267], [130.1715, 33.266], [130.1741, 33.2651], [130.1749, 33.2635], [130.1764, 33.2615], [130.1768, 33.2604], [130.1783, 33.2587], [130.1806, 33.2568], [130.181, 33.2561], [130.181, 33.2545], [130.1829, 33.2505], [130.1789, 33.2481], [130.1816, 33.2464], [130.1791, 33.2468], [130.1785, 33.2461], [130.1775, 33.2468], [130.1768, 33.2465], [130.1765, 33.2468], [130.1758, 33.2467], [130.1745, 33.2451], [130.1739, 33.2451], [130.1732, 33.2442], [130.1728, 33.2442], [130.1726, 33.2444], [130.1724, 33.2441], [130.1713, 33.2456], [130.17, 33.2457], [130.1689, 33.244], [130.1667, 33.2441], [130.1656, 33.2436], [130.1656, 33.2426], [130.1644, 33.2402], [130.1638, 33.2397], [130.1626, 33.2397], [130.1612, 33.239], [130.1606, 33.2379], [130.1598, 33.2375], [130.1591, 33.2328], [130.1604, 33.231], [130.1612, 33.2305], [130.1618, 33.2292], [130.1629, 33.2283], [130.1649, 33.2286], [130.1663, 33.2292], [130.1672, 33.2298], [130.1691, 33.2284], [130.1705, 33.228], [130.1711, 33.2276], [130.1725, 33.2287], [130.1739, 33.229], [130.1747, 33.2283], [130.1759, 33.2277], [130.1788, 33.2283], [130.1807, 33.2253], [130.1798, 33.2248], [130.1804, 33.2238], [130.1813, 33.2243], [130.1845, 33.2198], [130.1883, 33.2216], [130.1887, 33.221], [130.1902, 33.2217], [130.1905, 33.2214], [130.1915, 33.2208], [130.1908, 33.2205], [130.1902, 33.2198], [130.19, 33.2185], [130.1903, 33.2178], [130.1909, 33.2167], [130.1932, 33.2144], [130.1937, 33.2141], [130.1954, 33.2139], [130.1985, 33.2146], [130.199, 33.2144], [130.1996, 33.2139], [130.2013, 33.2109], [130.2015, 33.2102], [130.2003, 33.2071], [130.1995, 33.206], [130.1983, 33.2055], [130.1971, 33.2056], [130.1965, 33.206], [130.1952, 33.2077], [130.1944, 33.2082], [130.1938, 33.2082], [130.1922, 33.2078], [130.1923, 33.2075], [130.1913, 33.2054], [130.2002, 33.1954], [130.2012, 33.1946], [130.2025, 33.1941], [130.2038, 33.1939], [130.2054, 33.1941], [130.2159, 33.1968], [130.216, 33.1994], [130.2214, 33.1981], [130.2238, 33.1989], [130.2254, 33.1986], [130.2266, 33.1986], [130.2292, 33.1991], [130.2297, 33.1993], [130.2299, 33.2005], [130.2312, 33.2006], [130.2319, 33.2002], [130.2323, 33.198], [130.2352, 33.1981], [130.2348, 33.2044], [130.2294, 33.2042], [130.2293, 33.2045], [130.2282, 33.2081], [130.2281, 33.2098], [130.2284, 33.211], [130.2299, 33.2114], [130.2301, 33.2118], [130.2299, 33.2125], [130.2288, 33.2143], [130.2298, 33.2147], [130.2298, 33.215], [130.2289, 33.2161], [130.2287, 33.2176], [130.228, 33.2181], [130.2275, 33.2189], [130.2273, 33.2205], [130.2263, 33.2214], [130.2259, 33.2232], [130.2251, 33.2248], [130.2254, 33.2257], [130.2253, 33.2266], [130.2238, 33.227], [130.2237, 33.2276], [130.223, 33.2284], [130.2223, 33.2285], [130.2213, 33.2292], [130.2216, 33.2314], [130.223, 33.2314], [130.2226, 33.2327], [130.2216, 33.2327], [130.2233, 33.2403], [130.2225, 33.2418], [130.2198, 33.2441], [130.2185, 33.2465], [130.2184, 33.2486], [130.2195, 33.2498], [130.2197, 33.2519], [130.2202, 33.2522], [130.2208, 33.2522], [130.2207, 33.2529], [130.2218, 33.253], [130.2217, 33.2542], [130.2224, 33.2543], [130.2225, 33.2552], [130.2236, 33.2551], [130.2237, 33.2543], [130.2249, 33.2545], [130.2249, 33.2547], [130.2275, 33.255], [130.2275, 33.2559], [130.2321, 33.2569], [130.2324, 33.2567], [130.2346, 33.2569], [130.2355, 33.253], [130.2354, 33.2524], [130.2371, 33.252], [130.2389, 33.2521], [130.2396, 33.2524], [130.2417, 33.2515], [130.2415, 33.253], [130.2423, 33.2531], [130.2424, 33.2522], [130.2434, 33.2523], [130.2435, 33.2514], [130.2444, 33.2515], [130.2441, 33.2557], [130.2442, 33.2584], [130.2437, 33.2673], [130.2446, 33.2703], [130.2437, 33.2706], [130.2445, 33.2729], [130.2431, 33.2785], [130.2425, 33.2802], [130.2402, 33.283], [130.2401, 33.2857], [130.2379, 33.2928], [130.2376, 33.2947], [130.2364, 33.2944], [130.2361, 33.2954], [130.2351, 33.2952], [130.2349, 33.2962], [130.2329, 33.2958], [130.2323, 33.298], [130.2314, 33.2981], [130.2316, 33.2983], [130.232, 33.2982], [130.232, 33.2987], [130.234, 33.299], [130.2342, 33.2997], [130.2337, 33.3002], [130.2339, 33.3004], [130.2335, 33.3014], [130.2334, 33.3032], [130.2337, 33.3032], [130.2331, 33.3072], [130.2325, 33.3077], [130.2323, 33.3091], [130.2315, 33.3093], [130.2312, 33.3099], [130.2308, 33.3099], [130.2299, 33.3116], [130.2292, 33.3118], [130.2287, 33.3116], [130.2278, 33.312], [130.2276, 33.3126], [130.227, 33.3129], [130.2264, 33.3142], [130.2257, 33.3149], [130.2256, 33.3162], [130.2247, 33.3171], [130.2249, 33.3186], [130.2238, 33.3207], [130.2244, 33.322], [130.2241, 33.323], [130.2248, 33.324], [130.2253, 33.326], [130.2257, 33.328], [130.2256, 33.3291], [130.2267, 33.33], [130.2275, 33.3314], [130.2267, 33.3316], [130.2256, 33.3312], [130.2246, 33.3317], [130.2235, 33.3318], [130.2221, 33.3338], [130.2217, 33.3351], [130.2208, 33.335], [130.2205, 33.3347], [130.2188, 33.3367], [130.2168, 33.3366], [130.2156, 33.3378], [130.2149, 33.3383], [130.214, 33.3384], [130.2128, 33.3393], [130.2121, 33.3394], [130.2103, 33.3408], [130.2088, 33.3409], [130.2043, 33.3409], [130.2026, 33.3406], [130.2002, 33.341], [130.1985, 33.3409], [130.1979, 33.3412], [130.1969, 33.3411], [130.1955, 33.3414], [130.1947, 33.342], [130.1926, 33.3419], [130.1908, 33.3423], [130.1898, 33.3416], [130.1881, 33.3414], [130.1876, 33.3416], [130.186, 33.3413], [130.1852, 33.3415], [130.1829, 33.3408], [130.1821, 33.3409], [130.181, 33.3403], [130.1803, 33.3393], [130.1787, 33.3389], [130.1746, 33.3393], [130.1732, 33.3392], [130.1718, 33.3397], [130.1717, 33.3385], [130.1708, 33.3385], [130.1683, 33.3379], [130.1668, 33.338], [130.1662, 33.3399], [130.1644, 33.3402], [130.1623, 33.34], [130.1613, 33.3404], [130.1573, 33.3397], [130.1539, 33.3398], [130.1532, 33.3392], [130.1525, 33.3391], [130.1492, 33.3395], [130.1483, 33.3392], [130.1465, 33.3398], [130.143, 33.3389]]]}, "properties": {"name": "佐賀県小城市"}}, {"type": "Feature", "geometry": {"type": "Polygon", "coordinates": [[[129.9516, 33.1101], [129.9508, 33.11], [129.9485, 33.1107], [129.9475, 33.1103], [129.9458, 33.1114], [129.9448, 33.1113], [129.9426, 33.1117], [129.9408, 33.1128], [129.9387, 33.1127], [129.9371, 33.1123], [129.9358, 33.1118], [129.9347, 33.111], [129.934, 33.1109], [129.9331, 33.1112], [129.9328, 33.1111], [129.9311, 33.1097], [129.9303, 33.1093], [129.9299, 33.1079], [129.9287, 33.1072], [129.9267, 33.1077], [129.9257, 33.1068], [129.9253, 33.1057], [129.9255, 33.1051], [129.9264, 33.1041], [129.9264, 33.1028], [129.9268, 33.1021], [129.9258, 33.1004], [129.9263, 33.0981], [129.9251, 33.0972], [129.9247, 33.0966], [129.9242, 33.0939], [129.9232, 33.0932], [129.9232, 33.092], [129.9224, 33.0905], [129.9284, 33.09], [129.9299, 33.0896], [129.9331, 33.0884], [129.9334, 33.0879], [129.9329, 33.0867], [129.9334, 33.0853], [129.9337, 33.085], [129.9347, 33.085], [129.9356, 33.083], [129.9352, 33.0811], [129.9367, 33.0796], [129.938, 33.0794], [129.938, 33.0791], [129.9397, 33.0777], [129.9394, 33.0758], [129.9388, 33.0747], [129.9388, 33.0741], [129.9394, 33.0733], [129.9395, 33.0729], [129.9406, 33.0729], [129.9417, 33.072], [129.943, 33.0716], [129.9461, 33.0717], [129.9472, 33.0697], [129.9485, 33.0692], [129.9493, 33.0693], [129.9498, 33.0689], [129.9503, 33.0677], [129.9519, 33.0674], [129.9547, 33.066], [129.9587, 33.0655], [129.9616, 33.0641], [129.9623, 33.064], [129.9643, 33.0643], [129.9649, 33.0636], [129.9666, 33.0631], [129.9667, 33.0624], [129.9681, 33.0622], [129.9688, 33.0626], [129.9694, 33.0625], [129.9702, 33.0614], [129.9719, 33.0601], [129.9738, 33.0609], [129.9751, 33.0591], [129.9771, 33.0583], [129.9782, 33.0573], [129.9794, 33.0571], [129.9798, 33.0576], [129.9823, 33.0574], [129.9833, 33.0568], [129.9843, 33.0554], [129.9864, 33.0535], [129.9877, 33.0512], [129.9904, 33.0506], [129.9916, 33.0483], [129.9927, 33.047], [129.9931, 33.0455], [129.9923, 33.0422], [129.9922, 33.041], [129.9932, 33.04], [129.9931, 33.0392], [129.9942, 33.0371], [129.9963, 33.0358], [129.998, 33.0328], [129.9989, 33.0323], [129.9997, 33.0312], [129.9997, 33.0306], [129.9989, 33.0293], [130.0005, 33.0261], [130.001, 33.0256], [130.0048, 33.0253], [130.0055, 33.025], [130.0067, 33.0229], [130.0079, 33.02], [130.0085, 33.0195], [130.0094, 33.019], [130.0103, 33.0195], [130.0109, 33.0196], [130.0125, 33.0186], [130.0152, 33.0175], [130.017, 33.018], [130.0183, 33.0191], [130.0209, 33.0194], [130.0231, 33.0202], [130.024, 33.0212], [130.0274, 33.0204], [130.0288, 33.0192], [130.029, 33.0186], [130.0281, 33.0179], [130.0285, 33.0169], [130.0295, 33.0164], [130.0288, 33.0151], [130.0289, 33.0145], [130.0282, 33.0138], [130.0279, 33.0126], [130.0291, 33.0115], [130.0318, 33.0101], [130.033, 33.0102], [130.0343, 33.0091], [130.0367, 33.0087], [130.0381, 33.0088], [130.04, 33.0071], [130.041, 33.005], [130.0422, 33.004], [130.0429, 33.0039], [130.0443, 33.0042], [130.044, 33.0048], [130.0439, 33.0057], [130.0448, 33.0061], [130.0451, 33.007], [130.0466, 33.0072], [130.0473, 33.0076], [130.0461, 33.0093], [130.0453, 33.0121], [130.0442, 33.013], [130.0437, 33.0142], [130.0429, 33.0144], [130.0429, 33.0155], [130.0423, 33.017], [130.0423, 33.0182], [130.0429, 33.0189], [130.0438, 33.0205], [130.0434, 33.0211], [130.044, 33.0218], [130.044, 33.0225], [130.0446, 33.023], [130.0448, 33.0242], [130.0436, 33.0258], [130.0427, 33.0257], [130.0422, 33.0254], [130.0418, 33.0257], [130.0406, 33.0255], [130.0398, 33.0258], [130.0388, 33.0275], [130.0384, 33.0293], [130.0379, 33.0297], [130.0378, 33.0305], [130.0393, 33.0353], [130.0399, 33.0358], [130.0406, 33.0371], [130.0412, 33.0377], [130.0421, 33.0378], [130.0424, 33.0387], [130.0439, 33.0409], [130.044, 33.0415], [130.0436, 33.042], [130.0451, 33.0433], [130.0445, 33.0465], [130.0454, 33.0479], [130.0453, 33.05], [130.0462, 33.0528], [130.0455, 33.0534], [130.0452, 33.0541], [130.046, 33.0547], [130.0469, 33.0574], [130.0471, 33.0588], [130.0468, 33.0597], [130.0479, 33.0629], [130.0473, 33.0648], [130.0458, 33.0656], [130.0457, 33.0669], [130.0434, 33.0676], [130.0426, 33.0684], [130.0427, 33.069], [130.0415, 33.0696], [130.0412, 33.0706], [130.0417, 33.0711], [130.0416, 33.0714], [130.0426, 33.0721], [130.0424, 33.0735], [130.0421, 33.0737], [130.0412, 33.0748], [130.0411, 33.0761], [130.0406, 33.0766], [130.0404, 33.0774], [130.0396, 33.0781], [130.0397, 33.0788], [130.0394, 33.0793], [130.0404, 33.0797], [130.0423, 33.0801], [130.0434, 33.081], [130.044, 33.0821], [130.0453, 33.0826], [130.0457, 33.0834], [130.0468, 33.0843], [130.0472, 33.0843], [130.0478, 33.0849], [130.0488, 33.0853], [130.0493, 33.0862], [130.0501, 33.0868], [130.0519, 33.0871], [130.0526, 33.0869], [130.0534, 33.0873], [130.0545, 33.0874], [130.0551, 33.0888], [130.0573, 33.0899], [130.0584, 33.0915], [130.0593, 33.092], [130.06, 33.0928], [130.0605, 33.0929], [130.0607, 33.0934], [130.0617, 33.094], [130.0631, 33.0941], [130.0612, 33.0965], [130.061, 33.0982], [130.0611, 33.0986], [130.0615, 33.0986], [130.0614, 33.0992], [130.0621, 33.0992], [130.0627, 33.0987], [130.0629, 33.0988], [130.0629, 33.0996], [130.0644, 33.0999], [130.0659, 33.0996], [130.0662, 33.0994], [130.0659, 33.0982], [130.0661, 33.0977], [130.0664, 33.0977], [130.0669, 33.0987], [130.0679, 33.099], [130.0683, 33.0987], [130.0676, 33.0981], [130.0672, 33.0976], [130.0673, 33.0974], [130.0679, 33.098], [130.0699, 33.0982], [130.0702, 33.0992], [130.0709, 33.099], [130.0712, 33.0993], [130.0717, 33.0993], [130.0718, 33.0992], [130.0715, 33.0989], [130.0724, 33.0989], [130.0731, 33.0984], [130.073, 33.0982], [130.0737, 33.0981], [130.0748, 33.098], [130.075, 33.0987], [130.0757, 33.0986], [130.0761, 33.0997], [130.0754, 33.0998], [130.0754, 33.1001], [130.0743, 33.1003], [130.0746, 33.1012], [130.0734, 33.1009], [130.0724, 33.1015], [130.0719, 33.1016], [130.0712, 33.1023], [130.0716, 33.1028], [130.0703, 33.1032], [130.0703, 33.1035], [130.0708, 33.1038], [130.0708, 33.1042], [130.0717, 33.1046], [130.0731, 33.1041], [130.0745, 33.1034], [130.0754, 33.1033], [130.076, 33.1035], [130.0766, 33.1042], [130.0776, 33.1044], [130.0804, 33.1067], [130.0804, 33.1077], [130.079, 33.1076], [130.0793, 33.1095], [130.0799, 33.1091], [130.0798, 33.1094], [130.0822, 33.1108], [130.0827, 33.1101], [130.0838, 33.1109], [130.0845, 33.1109], [130.0846, 33.1119], [130.0826, 33.1128], [130.0817, 33.1129], [130.0805, 33.1154], [130.0806, 33.1166], [130.0784, 33.1173], [130.0816, 33.1227], [130.0836, 33.1221], [130.0839, 33.1223], [130.0842, 33.123], [130.0844, 33.124], [130.0819, 33.1248], [130.0824, 33.126], [130.0818, 33.1262], [130.0821, 33.1273], [130.0809, 33.1277], [130.0813, 33.1293], [130.0816, 33.1292], [130.0819, 33.1303], [130.0823, 33.1303], [130.0824, 33.1307], [130.0808, 33.1311], [130.0808, 33.1297], [130.0804, 33.1294], [130.0778, 33.1293], [130.0784, 33.131], [130.075, 33.1305], [130.0728, 33.1311], [130.0715, 33.1324], [130.0718, 33.1335], [130.0705, 33.1347], [130.0724, 33.1349], [130.0737, 33.1367], [130.0735, 33.137], [130.0739, 33.1378], [130.0781, 33.1405], [130.0796, 33.1411], [130.0811, 33.1412], [130.0818, 33.1411], [130.0838, 33.1415], [130.0866, 33.1493], [130.0876, 33.1501], [130.088, 33.1513], [130.0877, 33.1524], [130.0855, 33.1535], [130.0843, 33.1544], [130.0838, 33.1584], [130.0823, 33.1586], [130.0798, 33.1616], [130.0792, 33.1632], [130.0793, 33.1648], [130.08, 33.1671], [130.0795, 33.1683], [130.0793, 33.17], [130.0791, 33.1704], [130.078, 33.171], [130.0777, 33.1717], [130.0769, 33.1722], [130.076, 33.1716], [130.0744, 33.1695], [130.0729, 33.168], [130.0722, 33.1669], [130.0711, 33.1663], [130.0704, 33.1664], [130.0697, 33.1669], [130.0678, 33.1668], [130.067, 33.1675], [130.0654, 33.1679], [130.0647, 33.1675], [130.0644, 33.168], [130.063, 33.1676], [130.0629, 33.1673], [130.0619, 33.1677], [130.0608, 33.1679], [130.0595, 33.1674], [130.0603, 33.1671], [130.0605, 33.1663], [130.0599, 33.1662], [130.0603, 33.165], [130.06, 33.1648], [130.0595, 33.1646], [130.0588, 33.1661], [130.0581, 33.1664], [130.0566, 33.1654], [130.0568, 33.1625], [130.0564, 33.1618], [130.0558, 33.1619], [130.0556, 33.1616], [130.0549, 33.1614], [130.0538, 33.1623], [130.0517, 33.162], [130.0504, 33.1615], [130.0502, 33.1605], [130.0485, 33.1589], [130.046, 33.1585], [130.043, 33.1578], [130.0425, 33.1578], [130.0423, 33.158], [130.0419, 33.1597], [130.0385, 33.1593], [130.0359, 33.1575], [130.0347, 33.1574], [130.0336, 33.1578], [130.0329, 33.1568], [130.0336, 33.1548], [130.0337, 33.1535], [130.0318, 33.1528], [130.0314, 33.1522], [130.0308, 33.1519], [130.0305, 33.1515], [130.0306, 33.1505], [130.0303, 33.1497], [130.0287, 33.1481], [130.0232, 33.1498], [130.0229, 33.1499], [130.0224, 33.1508], [130.0215, 33.1513], [130.0196, 33.1515], [130.0172, 33.1509], [130.0158, 33.1491], [130.0145, 33.1489], [130.0133, 33.1478], [130.0121, 33.1476], [130.0097, 33.148], [130.009, 33.1478], [130.0081, 33.1471], [130.0059, 33.1465], [130.0056, 33.146], [130.004, 33.1451], [130.0042, 33.1441], [130.0037, 33.1432], [130.0036, 33.1421], [130.0045, 33.1406], [130.0046, 33.1395], [130.0044, 33.139], [130.0036, 33.1383], [130.0018, 33.1377], [130.0012, 33.1371], [130, 33.1366], [129.9984, 33.137], [129.9969, 33.1369], [129.9947, 33.1371], [129.9936, 33.1367], [129.9928, 33.1367], [129.9924, 33.1361], [129.9904, 33.1347], [129.9894, 33.1354], [129.9886, 33.1352], [129.9883, 33.1344], [129.9888, 33.1331], [129.9899, 33.132], [129.9896, 33.1318], [129.9908, 33.1304], [129.9908, 33.13], [129.9912, 33.1299], [129.9936, 33.128], [129.9939, 33.1279], [129.9943, 33.127], [129.9949, 33.1266], [129.9952, 33.1255], [129.9948, 33.1247], [129.995, 33.124], [129.9945, 33.1237], [129.9945, 33.1216], [129.993, 33.1185], [129.9932, 33.1182], [129.9939, 33.1179], [129.9939, 33.1174], [129.9931, 33.1167], [129.9924, 33.1165], [129.9924, 33.1157], [129.9915, 33.1153], [129.9906, 33.1154], [129.9889, 33.1169], [129.9882, 33.1168], [129.9879, 33.1172], [129.9874, 33.1173], [129.9869, 33.1177], [129.986, 33.1162], [129.9844, 33.1148], [129.9826, 33.115], [129.9825, 33.1138], [129.9818, 33.113], [129.98, 33.1126], [129.9793, 33.1121], [129.9789, 33.1113], [129.9776, 33.1114], [129.9776, 33.1107], [129.9767, 33.1106], [129.9763, 33.1102], [129.9749, 33.1104], [129.9734, 33.1117], [129.9732, 33.1125], [129.9717, 33.1129], [129.9708, 33.1135], [129.9693, 33.1152], [129.9686, 33.1151], [129.968, 33.1147], [129.9676, 33.1148], [129.9672, 33.1145], [129.9659, 33.1143], [129.9652, 33.1146], [129.9644, 33.1154], [129.9628, 33.114], [129.9607, 33.1133], [129.9599, 33.1128], [129.9591, 33.1113], [129.9591, 33.1105], [129.9589, 33.1098], [129.9581, 33.109], [129.9546, 33.108], [129.9516, 33.1101]]]}, "properties": {"name": "佐賀県嬉野市"}}, {"type": "Feature", "geometry": {"type": "Polygon", "coordinates": [[[130.3732, 33.2442], [130.3749, 33.2448], [130.3755, 33.2445], [130.3761, 33.2445], [130.3773, 33.2437], [130.378, 33.2422], [130.3786, 33.2414], [130.3821, 33.2411], [130.3851, 33.2404], [130.3877, 33.2431], [130.3905, 33.2454], [130.391, 33.2499], [130.3907, 33.2513], [130.3891, 33.254], [130.3888, 33.2564], [130.3892, 33.2581], [130.3908, 33.2597], [130.3922, 33.2602], [130.3934, 33.2598], [130.3943, 33.2606], [130.396, 33.2605], [130.3984, 33.2599], [130.3995, 33.2592], [130.4005, 33.258], [130.4009, 33.2569], [130.4011, 33.2557], [130.4009, 33.2531], [130.4018, 33.2507], [130.4019, 33.2485], [130.4082, 33.2492], [130.4101, 33.2497], [130.4119, 33.2505], [130.4146, 33.2522], [130.4156, 33.2533], [130.4196, 33.2617], [130.4177, 33.2639], [130.4179, 33.2645], [130.417, 33.266], [130.4168, 33.2671], [130.4172, 33.2681], [130.4165, 33.2682], [130.4156, 33.268], [130.4151, 33.2684], [130.4132, 33.2689], [130.4124, 33.2684], [130.4116, 33.2684], [130.411, 33.2681], [130.4109, 33.2689], [130.4103, 33.2689], [130.4101, 33.2714], [130.4089, 33.271], [130.4088, 33.2713], [130.408, 33.2713], [130.4074, 33.2721], [130.4075, 33.2725], [130.407, 33.2733], [130.4066, 33.2749], [130.4069, 33.2825], [130.4052, 33.282], [130.4043, 33.2819], [130.4042, 33.2821], [130.4046, 33.2826], [130.4052, 33.2829], [130.4052, 33.2837], [130.4056, 33.2838], [130.4059, 33.2834], [130.4064, 33.2834], [130.4062, 33.2851], [130.4042, 33.2848], [130.404, 33.2855], [130.4015, 33.2851], [130.4013, 33.2861], [130.4011, 33.2861], [130.4013, 33.285], [130.4009, 33.285], [130.4011, 33.284], [130.4003, 33.2838], [130.4004, 33.2836], [130.3972, 33.283], [130.392, 33.3002], [130.3911, 33.3], [130.3916, 33.3009], [130.3905, 33.3061], [130.3892, 33.3103], [130.3881, 33.3124], [130.3882, 33.3132], [130.3871, 33.315], [130.3874, 33.3166], [130.3871, 33.3182], [130.3836, 33.3176], [130.3828, 33.3202], [130.3821, 33.3231], [130.3823, 33.3233], [130.3842, 33.3237], [130.3841, 33.324], [130.3846, 33.3241], [130.3845, 33.3249], [130.3853, 33.328], [130.385, 33.3285], [130.3843, 33.3288], [130.3841, 33.3292], [130.3845, 33.3297], [130.3854, 33.33], [130.3853, 33.3337], [130.3855, 33.3358], [130.3841, 33.34], [130.3835, 33.3437], [130.3822, 33.348], [130.3825, 33.349], [130.3799, 33.353], [130.3802, 33.3555], [130.3799, 33.3562], [130.3799, 33.3578], [130.3791, 33.3585], [130.3791, 33.359], [130.3785, 33.3597], [130.3783, 33.3613], [130.3776, 33.3623], [130.3782, 33.363], [130.3792, 33.3651], [130.3789, 33.3659], [130.3792, 33.3665], [130.3786, 33.3671], [130.3778, 33.3673], [130.377, 33.368], [130.3771, 33.3685], [130.3751, 33.3709], [130.3766, 33.3723], [130.3762, 33.373], [130.3768, 33.3743], [130.3772, 33.378], [130.3756, 33.378], [130.3742, 33.3778], [130.3725, 33.3782], [130.3722, 33.3794], [130.3713, 33.3801], [130.3705, 33.3823], [130.3693, 33.3832], [130.3683, 33.3835], [130.368, 33.3856], [130.3667, 33.3862], [130.367, 33.387], [130.3668, 33.3875], [130.3651, 33.3894], [130.3652, 33.3902], [130.3666, 33.3907], [130.3672, 33.3917], [130.367, 33.3923], [130.3665, 33.3926], [130.3663, 33.3932], [130.3665, 33.3935], [130.3675, 33.3938], [130.3694, 33.3934], [130.3701, 33.3945], [130.3708, 33.395], [130.3723, 33.3954], [130.3749, 33.3946], [130.3763, 33.3947], [130.3776, 33.3953], [130.3787, 33.3972], [130.3802, 33.3979], [130.381, 33.3987], [130.3821, 33.4021], [130.383, 33.4032], [130.3836, 33.4048], [130.3836, 33.4053], [130.3824, 33.4068], [130.3826, 33.4075], [130.3835, 33.4083], [130.3836, 33.4089], [130.3834, 33.4098], [130.3821, 33.4112], [130.3809, 33.4114], [130.3796, 33.4126], [130.3788, 33.4128], [130.3779, 33.414], [130.3783, 33.4148], [130.3777, 33.4157], [130.3784, 33.4166], [130.3784, 33.4174], [130.3774, 33.4181], [130.3766, 33.4192], [130.3768, 33.4213], [130.3779, 33.4227], [130.378, 33.4251], [130.3779, 33.4271], [130.3768, 33.4279], [130.3761, 33.4293], [130.3751, 33.4302], [130.3731, 33.4312], [130.3721, 33.4322], [130.3717, 33.4322], [130.3712, 33.4328], [130.3706, 33.4331], [130.3699, 33.435], [130.3687, 33.4365], [130.3683, 33.435], [130.367, 33.4342], [130.3652, 33.4341], [130.3633, 33.4346], [130.3615, 33.4344], [130.3604, 33.434], [130.3582, 33.4335], [130.3574, 33.4344], [130.3569, 33.4346], [130.356, 33.4334], [130.3552, 33.4334], [130.3544, 33.4339], [130.3535, 33.4359], [130.3519, 33.4369], [130.3519, 33.4375], [130.3512, 33.4393], [130.3499, 33.4394], [130.3491, 33.4406], [130.3483, 33.441], [130.3472, 33.4424], [130.3468, 33.4433], [130.3459, 33.444], [130.3454, 33.4451], [130.3442, 33.4443], [130.3434, 33.4442], [130.3418, 33.4449], [130.3412, 33.4454], [130.3401, 33.4444], [130.3403, 33.4438], [130.3399, 33.443], [130.3399, 33.4415], [130.3395, 33.4409], [130.3389, 33.4406], [130.3383, 33.4407], [130.3372, 33.4404], [130.3371, 33.44], [130.335, 33.4404], [130.3345, 33.4408], [130.3328, 33.4401], [130.3328, 33.4397], [130.3332, 33.4393], [130.3342, 33.4387], [130.3338, 33.4379], [130.3336, 33.4367], [130.3319, 33.4353], [130.3316, 33.4348], [130.331, 33.4351], [130.3307, 33.4348], [130.3302, 33.4339], [130.3301, 33.4326], [130.329, 33.4303], [130.3285, 33.43], [130.329, 33.429], [130.3291, 33.4278], [130.3285, 33.4259], [130.3277, 33.4247], [130.328, 33.4237], [130.3274, 33.4221], [130.3257, 33.422], [130.3241, 33.4216], [130.3237, 33.4212], [130.3222, 33.4209], [130.3213, 33.42], [130.3205, 33.4202], [130.3199, 33.4181], [130.3189, 33.4163], [130.3176, 33.4157], [130.3171, 33.4158], [130.3169, 33.4163], [130.3159, 33.4161], [130.3154, 33.4154], [130.3144, 33.415], [130.3144, 33.4138], [130.3134, 33.4127], [130.3131, 33.4117], [130.3122, 33.4118], [130.3111, 33.4122], [130.3095, 33.4115], [130.3085, 33.4119], [130.3077, 33.4129], [130.3066, 33.4129], [130.3051, 33.4117], [130.3022, 33.4106], [130.3014, 33.4099], [130.301, 33.41], [130.3, 33.4098], [130.2998, 33.4101], [130.2993, 33.41], [130.2982, 33.4091], [130.2981, 33.4082], [130.2971, 33.4073], [130.2975, 33.4069], [130.2966, 33.4061], [130.2973, 33.4057], [130.2977, 33.405], [130.2959, 33.404], [130.2943, 33.4037], [130.2937, 33.4028], [130.2925, 33.4025], [130.2923, 33.4034], [130.2902, 33.4032], [130.2892, 33.403], [130.2877, 33.4019], [130.2871, 33.4034], [130.2866, 33.4038], [130.2859, 33.4027], [130.283, 33.4034], [130.2814, 33.4027], [130.2806, 33.4033], [130.2795, 33.4026], [130.2787, 33.4029], [130.2783, 33.4022], [130.2776, 33.4018], [130.2772, 33.4008], [130.2776, 33.3997], [130.2754, 33.3981], [130.2755, 33.3971], [130.2761, 33.3962], [130.276, 33.3938], [130.2765, 33.3924], [130.2758, 33.3899], [130.2755, 33.3896], [130.2742, 33.3893], [130.2738, 33.3887], [130.2736, 33.3874], [130.274, 33.3867], [130.2754, 33.3852], [130.2764, 33.3848], [130.2759, 33.3826], [130.2763, 33.3813], [130.2768, 33.3806], [130.279, 33.3819], [130.28, 33.382], [130.28, 33.3814], [130.2805, 33.3805], [130.2811, 33.3799], [130.2819, 33.3797], [130.2835, 33.3802], [130.2847, 33.3803], [130.2859, 33.3811], [130.2863, 33.3818], [130.2875, 33.3825], [130.288, 33.3816], [130.2886, 33.381], [130.2914, 33.3821], [130.2919, 33.382], [130.292, 33.3809], [130.2931, 33.3803], [130.2936, 33.3792], [130.2935, 33.3773], [130.2929, 33.3763], [130.2936, 33.3751], [130.2931, 33.3723], [130.2926, 33.3712], [130.2915, 33.371], [130.2909, 33.3701], [130.2901, 33.3699], [130.2888, 33.3691], [130.2887, 33.3685], [130.2898, 33.3669], [130.2902, 33.3671], [130.2907, 33.3668], [130.2916, 33.3667], [130.2923, 33.3648], [130.294, 33.3636], [130.2953, 33.363], [130.2955, 33.3625], [130.2961, 33.3626], [130.2965, 33.3631], [130.2971, 33.363], [130.2978, 33.3636], [130.2989, 33.3629], [130.299, 33.362], [130.3003, 33.3622], [130.3008, 33.3619], [130.3001, 33.3597], [130.2982, 33.3582], [130.2975, 33.3573], [130.298, 33.3575], [130.2987, 33.3573], [130.2994, 33.3565], [130.3, 33.3564], [130.3, 33.356], [130.3006, 33.3557], [130.3018, 33.3543], [130.3023, 33.354], [130.3029, 33.3531], [130.3038, 33.3524], [130.3048, 33.352], [130.3052, 33.3503], [130.3042, 33.3487], [130.3047, 33.3483], [130.3059, 33.3483], [130.3066, 33.3487], [130.3068, 33.3497], [130.3062, 33.3509], [130.3066, 33.3527], [130.3064, 33.3532], [130.3075, 33.3547], [130.3071, 33.3557], [130.3076, 33.3568], [130.3085, 33.3574], [130.3096, 33.3587], [130.3107, 33.3592], [130.3117, 33.3591], [130.3139, 33.3606], [130.3149, 33.3609], [130.3157, 33.3606], [130.3155, 33.3595], [130.3157, 33.3591], [130.317, 33.3591], [130.3177, 33.3594], [130.3186, 33.3585], [130.3194, 33.3596], [130.3212, 33.3594], [130.3222, 33.3597], [130.3225, 33.3601], [130.3239, 33.3603], [130.3253, 33.3596], [130.3263, 33.3599], [130.3267, 33.3607], [130.3275, 33.3595], [130.3283, 33.3593], [130.3291, 33.3578], [130.3298, 33.3572], [130.3298, 33.3567], [130.3306, 33.3566], [130.3318, 33.3561], [130.332, 33.355], [130.3328, 33.355], [130.3332, 33.3546], [130.3339, 33.3549], [130.3346, 33.3547], [130.3347, 33.3544], [130.3356, 33.3545], [130.3375, 33.3537], [130.3369, 33.3523], [130.3367, 33.3505], [130.3343, 33.3498], [130.3337, 33.3476], [130.3348, 33.3462], [130.3348, 33.3455], [130.3354, 33.3453], [130.3352, 33.3444], [130.3359, 33.3431], [130.3355, 33.3422], [130.3362, 33.3412], [130.3367, 33.3408], [130.3366, 33.3394], [130.337, 33.3386], [130.3369, 33.3381], [130.3382, 33.3348], [130.3381, 33.3335], [130.3371, 33.3323], [130.3368, 33.3313], [130.3369, 33.3305], [130.3367, 33.3291], [130.3375, 33.3271], [130.3371, 33.3249], [130.3376, 33.3229], [130.3381, 33.3221], [130.338, 33.3218], [130.3402, 33.3179], [130.3405, 33.3168], [130.3423, 33.3092], [130.3425, 33.3083], [130.3421, 33.3082], [130.3427, 33.3066], [130.3426, 33.3041], [130.3429, 33.3026], [130.343, 33.3003], [130.3435, 33.299], [130.3435, 33.2988], [130.3355, 33.2977], [130.3358, 33.2953], [130.3361, 33.2943], [130.3377, 33.2922], [130.3385, 33.29], [130.3398, 33.284], [130.3401, 33.2819], [130.3393, 33.2819], [130.3406, 33.2786], [130.3408, 33.277], [130.3408, 33.2686], [130.3403, 33.2684], [130.3419, 33.2653], [130.3417, 33.2652], [130.342, 33.2638], [130.3435, 33.2599], [130.3431, 33.2597], [130.3435, 33.2593], [130.343, 33.2591], [130.3432, 33.2587], [130.3427, 33.2553], [130.3434, 33.2533], [130.3424, 33.2529], [130.3437, 33.25], [130.3469, 33.2502], [130.3475, 33.2502], [130.348, 33.2499], [130.35, 33.25], [130.3507, 33.2506], [130.35, 33.2558], [130.3513, 33.2559], [130.3513, 33.2563], [130.3538, 33.2562], [130.3538, 33.2557], [130.3589, 33.2558], [130.3586, 33.2573], [130.362, 33.2573], [130.3621, 33.2565], [130.3634, 33.2563], [130.3644, 33.2566], [130.3644, 33.2572], [130.3669, 33.2572], [130.3669, 33.2575], [130.3735, 33.2575], [130.3729, 33.2557], [130.3727, 33.2538], [130.3739, 33.2538], [130.3739, 33.2534], [130.3741, 33.2534], [130.3743, 33.2518], [130.3765, 33.252], [130.3766, 33.251], [130.3771, 33.2511], [130.3766, 33.2492], [130.3754, 33.2492], [130.3745, 33.2476], [130.3748, 33.2473], [130.373, 33.2464], [130.3732, 33.2442]]]}, "properties": {"name": "佐賀県神埼市"}}, {"type": "Feature", "geometry": {"type": "Polygon", "coordinates": [[[130.4013, 33.2861], [130.4008, 33.2885], [130.4008, 33.2908], [130.4055, 33.2914], [130.4056, 33.2937], [130.4052, 33.2954], [130.4062, 33.2956], [130.406, 33.2966], [130.4056, 33.2984], [130.4065, 33.2986], [130.4058, 33.3016], [130.4058, 33.303], [130.4065, 33.3031], [130.4064, 33.3037], [130.4068, 33.3039], [130.4064, 33.3049], [130.4071, 33.305], [130.4069, 33.3059], [130.4091, 33.3064], [130.4089, 33.3068], [130.4092, 33.3072], [130.4097, 33.3071], [130.4098, 33.3063], [130.4106, 33.3063], [130.4105, 33.3073], [130.4103, 33.3073], [130.4101, 33.3079], [130.4111, 33.3099], [130.4113, 33.312], [130.412, 33.3134], [130.413, 33.3147], [130.4152, 33.3296], [130.4152, 33.3303], [130.4145, 33.3317], [130.4145, 33.3322], [130.4148, 33.3323], [130.4148, 33.3328], [130.4145, 33.3331], [130.4161, 33.3347], [130.4158, 33.3356], [130.4161, 33.3356], [130.4163, 33.3348], [130.4182, 33.3359], [130.4179, 33.3366], [130.4181, 33.3375], [130.418, 33.3406], [130.4177, 33.3409], [130.4174, 33.3423], [130.4168, 33.3426], [130.4162, 33.3455], [130.4152, 33.3462], [130.4148, 33.3493], [130.4143, 33.3497], [130.4127, 33.3499], [130.4126, 33.3502], [130.4122, 33.3523], [130.4131, 33.3531], [130.4132, 33.3553], [130.4128, 33.3559], [130.4129, 33.3573], [130.4111, 33.3588], [130.4111, 33.3599], [130.4117, 33.3604], [130.4125, 33.3618], [130.4139, 33.3632], [130.4142, 33.3653], [130.4154, 33.3671], [130.4162, 33.3671], [130.4164, 33.3676], [130.4172, 33.3684], [130.4177, 33.3697], [130.4176, 33.3705], [130.4181, 33.3721], [130.419, 33.3737], [130.4194, 33.3751], [130.4187, 33.3764], [130.4187, 33.3773], [130.4201, 33.379], [130.4195, 33.3803], [130.4197, 33.3816], [130.4194, 33.3823], [130.4195, 33.3836], [130.4181, 33.3859], [130.4173, 33.3868], [130.4177, 33.387], [130.4173, 33.3888], [130.4158, 33.3896], [130.4152, 33.3895], [130.4139, 33.3897], [130.413, 33.3906], [130.4119, 33.3909], [130.4116, 33.3925], [130.4108, 33.3936], [130.4112, 33.3939], [130.4114, 33.3951], [130.4111, 33.3958], [130.4105, 33.396], [130.4105, 33.3964], [130.4097, 33.3968], [130.4084, 33.3983], [130.4077, 33.3987], [130.408, 33.3999], [130.4078, 33.4006], [130.4082, 33.4013], [130.408, 33.4024], [130.4111, 33.4037], [130.4131, 33.407], [130.4134, 33.4073], [130.4141, 33.4074], [130.4152, 33.4092], [130.4158, 33.4095], [130.4154, 33.4102], [130.4169, 33.41], [130.4172, 33.4102], [130.4156, 33.4108], [130.4139, 33.4109], [130.4108, 33.4127], [130.4102, 33.4132], [130.4092, 33.4132], [130.4076, 33.4141], [130.4071, 33.4146], [130.4072, 33.4155], [130.4045, 33.4162], [130.4034, 33.4178], [130.4035, 33.4188], [130.4028, 33.4192], [130.4024, 33.4201], [130.401, 33.4207], [130.4009, 33.4215], [130.399, 33.4214], [130.3983, 33.4217], [130.3977, 33.4233], [130.3987, 33.4244], [130.3987, 33.4249], [130.3978, 33.4255], [130.3978, 33.4264], [130.3962, 33.4275], [130.3957, 33.4269], [130.39, 33.426], [130.3887, 33.4263], [130.3879, 33.4276], [130.3865, 33.4283], [130.3836, 33.4274], [130.3827, 33.4262], [130.3792, 33.4257], [130.378, 33.4251], [130.3779, 33.4227], [130.3768, 33.4213], [130.3766, 33.4192], [130.3774, 33.4181], [130.3784, 33.4174], [130.3784, 33.4166], [130.3777, 33.4157], [130.3783, 33.4148], [130.3779, 33.414], [130.3788, 33.4128], [130.3796, 33.4126], [130.3809, 33.4114], [130.3821, 33.4112], [130.3834, 33.4098], [130.3836, 33.4089], [130.3835, 33.4083], [130.3826, 33.4075], [130.3824, 33.4068], [130.3836, 33.4053], [130.3836, 33.4048], [130.383, 33.4032], [130.3821, 33.4021], [130.381, 33.3987], [130.3802, 33.3979], [130.3787, 33.3972], [130.3776, 33.3953], [130.3763, 33.3947], [130.3749, 33.3946], [130.3723, 33.3954], [130.3708, 33.395], [130.3701, 33.3945], [130.3694, 33.3934], [130.3675, 33.3938], [130.3665, 33.3935], [130.3663, 33.3932], [130.3665, 33.3926], [130.367, 33.3923], [130.3672, 33.3917], [130.3666, 33.3907], [130.3652, 33.3902], [130.3651, 33.3894], [130.3668, 33.3875], [130.367, 33.387], [130.3667, 33.3862], [130.368, 33.3856], [130.3683, 33.3835], [130.3693, 33.3832], [130.3705, 33.3823], [130.3713, 33.3801], [130.3722, 33.3794], [130.3725, 33.3782], [130.3742, 33.3778], [130.3756, 33.378], [130.3772, 33.378], [130.3768, 33.3743], [130.3762, 33.373], [130.3766, 33.3723], [130.3751, 33.3709], [130.3771, 33.3685], [130.377, 33.368], [130.3778, 33.3673], [130.3786, 33.3671], [130.3792, 33.3665], [130.3789, 33.3659], [130.3792, 33.3651], [130.3782, 33.363], [130.3776, 33.3623], [130.3783, 33.3613], [130.3785, 33.3597], [130.3791, 33.359], [130.3791, 33.3585], [130.3799, 33.3578], [130.3799, 33.3562], [130.3802, 33.3555], [130.3799, 33.353], [130.3825, 33.349], [130.3822, 33.348], [130.3835, 33.3437], [130.3841, 33.34], [130.3855, 33.3358], [130.3853, 33.3337], [130.3854, 33.33], [130.3845, 33.3297], [130.3841, 33.3292], [130.3843, 33.3288], [130.385, 33.3285], [130.3853, 33.328], [130.3845, 33.3249], [130.3846, 33.3241], [130.3841, 33.324], [130.3842, 33.3237], [130.3823, 33.3233], [130.3821, 33.3231], [130.3828, 33.3202], [130.3836, 33.3176], [130.3871, 33.3182], [130.3874, 33.3166], [130.3871, 33.315], [130.3882, 33.3132], [130.3881, 33.3124], [130.3892, 33.3103], [130.3905, 33.3061], [130.3916, 33.3009], [130.3911, 33.3], [130.392, 33.3002], [130.3972, 33.283], [130.4004, 33.2836], [130.4003, 33.2838], [130.4011, 33.284], [130.4009, 33.285], [130.4013, 33.285], [130.4011, 33.2861], [130.4013, 33.2861]]]}, "properties": {"name": "佐賀県吉野ヶ里町"}}, {"type": "Feature", "geometry": {"type": "Polygon", "coordinates": [[[130.5417, 33.3942], [130.5415, 33.3998], [130.5417, 33.4035], [130.5414, 33.4051], [130.5413, 33.4129], [130.5409, 33.4145], [130.5411, 33.4145], [130.5413, 33.4158], [130.541, 33.4187], [130.5411, 33.4206], [130.5401, 33.4227], [130.5373, 33.4263], [130.537, 33.4283], [130.5371, 33.4304], [130.5362, 33.4313], [130.5365, 33.4314], [130.5366, 33.4317], [130.5358, 33.4325], [130.5352, 33.4342], [130.5357, 33.435], [130.5355, 33.4354], [130.5357, 33.436], [130.5352, 33.4368], [130.5354, 33.4377], [130.5359, 33.4377], [130.5366, 33.4385], [130.5355, 33.4398], [130.5348, 33.4402], [130.5345, 33.441], [130.5338, 33.4415], [130.5326, 33.4418], [130.5307, 33.4414], [130.5299, 33.4421], [130.5297, 33.4429], [130.5283, 33.443], [130.5274, 33.4438], [130.526, 33.4443], [130.525, 33.4442], [130.5231, 33.4458], [130.5213, 33.4461], [130.5189, 33.446], [130.5183, 33.4457], [130.5176, 33.4457], [130.5163, 33.4478], [130.5147, 33.4479], [130.5124, 33.4495], [130.511, 33.4492], [130.5112, 33.4488], [130.5109, 33.4483], [130.5114, 33.4473], [130.5113, 33.4467], [130.5098, 33.4458], [130.5094, 33.4439], [130.5078, 33.4439], [130.507, 33.4442], [130.5068, 33.4448], [130.5059, 33.4454], [130.506, 33.4461], [130.5057, 33.4464], [130.5044, 33.4464], [130.5036, 33.4469], [130.5025, 33.4466], [130.5023, 33.4461], [130.5018, 33.446], [130.5015, 33.4456], [130.5005, 33.4454], [130.4998, 33.445], [130.4983, 33.4451], [130.4974, 33.4449], [130.4964, 33.4449], [130.4956, 33.4443], [130.495, 33.4444], [130.4944, 33.4436], [130.4942, 33.4425], [130.4935, 33.4421], [130.4929, 33.4422], [130.4926, 33.4416], [130.4913, 33.4406], [130.4908, 33.4398], [130.4892, 33.4399], [130.488, 33.4404], [130.4873, 33.4404], [130.4869, 33.4397], [130.4871, 33.4391], [130.4857, 33.438], [130.4847, 33.438], [130.4843, 33.4376], [130.4825, 33.4379], [130.4812, 33.437], [130.4805, 33.4369], [130.4802, 33.4361], [130.4789, 33.4367], [130.4787, 33.4376], [130.4781, 33.4373], [130.4775, 33.4374], [130.4775, 33.4379], [130.4772, 33.4385], [130.4763, 33.4383], [130.4756, 33.4372], [130.4741, 33.436], [130.4734, 33.4358], [130.4729, 33.4346], [130.4714, 33.4343], [130.4709, 33.4334], [130.4662, 33.4314], [130.4659, 33.4304], [130.4655, 33.4301], [130.4654, 33.4294], [130.4623, 33.4279], [130.4644, 33.4272], [130.4651, 33.4272], [130.4657, 33.4276], [130.4669, 33.4275], [130.4682, 33.4271], [130.469, 33.4259], [130.4714, 33.4262], [130.4732, 33.4257], [130.4746, 33.4243], [130.4765, 33.4244], [130.4778, 33.4239], [130.4783, 33.4229], [130.4789, 33.4224], [130.4786, 33.4219], [130.4789, 33.4216], [130.4798, 33.4213], [130.4804, 33.4208], [130.4822, 33.4205], [130.4828, 33.42], [130.4836, 33.4201], [130.484, 33.4199], [130.4841, 33.419], [130.4846, 33.4186], [130.4867, 33.4176], [130.4866, 33.4165], [130.487, 33.4147], [130.4886, 33.4132], [130.4904, 33.4136], [130.4902, 33.4123], [130.4908, 33.4116], [130.4917, 33.4116], [130.4924, 33.4112], [130.4927, 33.4098], [130.4945, 33.409], [130.4946, 33.4087], [130.4953, 33.4081], [130.4958, 33.4082], [130.4964, 33.4081], [130.4968, 33.4085], [130.4986, 33.4064], [130.5005, 33.4057], [130.5019, 33.4055], [130.5025, 33.4058], [130.5034, 33.4065], [130.5047, 33.4068], [130.5052, 33.4078], [130.5064, 33.408], [130.5073, 33.4086], [130.5089, 33.4086], [130.5094, 33.4088], [130.5092, 33.4084], [130.5085, 33.4082], [130.5085, 33.4079], [130.51, 33.4079], [130.5104, 33.4085], [130.5134, 33.4098], [130.5175, 33.4098], [130.5173, 33.4107], [130.5176, 33.4114], [130.5171, 33.4121], [130.5189, 33.4122], [130.519, 33.4117], [130.5196, 33.4119], [130.5199, 33.4119], [130.5199, 33.4116], [130.521, 33.4117], [130.5213, 33.4113], [130.5225, 33.4116], [130.5231, 33.4114], [130.5242, 33.4115], [130.527, 33.4113], [130.5271, 33.4097], [130.5275, 33.4093], [130.5278, 33.4095], [130.5278, 33.4085], [130.5286, 33.4069], [130.5289, 33.4049], [130.5289, 33.4045], [130.5281, 33.4047], [130.5276, 33.4041], [130.5277, 33.4051], [130.5269, 33.4051], [130.5272, 33.4042], [130.5275, 33.4041], [130.5272, 33.4029], [130.5285, 33.4026], [130.5303, 33.4029], [130.5305, 33.4033], [130.5319, 33.4029], [130.5325, 33.4032], [130.5332, 33.4031], [130.5333, 33.4033], [130.5378, 33.4032], [130.5385, 33.4033], [130.5384, 33.404], [130.5386, 33.4043], [130.5407, 33.4042], [130.5402, 33.4032], [130.5401, 33.4022], [130.5408, 33.4006], [130.5401, 33.3988], [130.5405, 33.3975], [130.5403, 33.3967], [130.5405, 33.3967], [130.5407, 33.3956], [130.5405, 33.3942], [130.5417, 33.3942]]]}, "properties": {"name": "佐賀県基山町"}}, {"type": "Feature", "geometry": {"type": "Polygon", "coordinates": [[[130.406, 33.2966], [130.4107, 33.2973], [130.411, 33.2963], [130.4162, 33.2966], [130.4157, 33.302], [130.4161, 33.3025], [130.4169, 33.3026], [130.4167, 33.3035], [130.418, 33.3037], [130.4181, 33.3025], [130.4228, 33.3024], [130.4233, 33.2987], [130.4241, 33.298], [130.425, 33.2979], [130.4267, 33.2984], [130.4273, 33.2983], [130.4291, 33.2986], [130.4311, 33.2994], [130.4316, 33.299], [130.4321, 33.2995], [130.4326, 33.299], [130.4333, 33.2996], [130.4335, 33.3002], [130.4338, 33.3001], [130.434, 33.3006], [130.4338, 33.3007], [130.4341, 33.3012], [130.4343, 33.3011], [130.4348, 33.3021], [130.4346, 33.3021], [130.4345, 33.3035], [130.4336, 33.3064], [130.434, 33.3072], [130.4351, 33.3077], [130.4395, 33.3087], [130.4397, 33.3093], [130.4393, 33.3106], [130.4428, 33.3114], [130.4421, 33.3132], [130.4387, 33.3125], [130.437, 33.3183], [130.4326, 33.3174], [130.4317, 33.3215], [130.428, 33.3209], [130.4275, 33.323], [130.4281, 33.3231], [130.428, 33.3237], [130.4273, 33.3237], [130.427, 33.3277], [130.4272, 33.3278], [130.427, 33.3284], [130.4273, 33.3299], [130.4264, 33.3314], [130.4269, 33.3325], [130.4252, 33.3337], [130.4256, 33.3346], [130.4261, 33.3349], [130.4254, 33.3361], [130.4256, 33.3373], [130.429, 33.3378], [130.4308, 33.3388], [130.432, 33.3387], [130.4342, 33.3394], [130.434, 33.3404], [130.4336, 33.3402], [130.4336, 33.3414], [130.4327, 33.3407], [130.432, 33.3408], [130.4317, 33.3412], [130.4315, 33.3431], [130.4306, 33.3434], [130.4291, 33.3435], [130.4304, 33.3448], [130.4305, 33.3454], [130.4309, 33.346], [130.4301, 33.3464], [130.4306, 33.3475], [130.4304, 33.3477], [130.4299, 33.3479], [130.4297, 33.3483], [130.4283, 33.3483], [130.4286, 33.3472], [130.4284, 33.3471], [130.4277, 33.3478], [130.427, 33.3479], [130.4267, 33.3485], [130.4272, 33.3504], [130.4267, 33.3506], [130.4284, 33.3516], [130.4283, 33.3522], [130.429, 33.3523], [130.4296, 33.3549], [130.4289, 33.3556], [130.4288, 33.3566], [130.4286, 33.3569], [130.4287, 33.358], [130.4283, 33.3591], [130.4284, 33.3599], [130.4268, 33.3611], [130.4267, 33.3615], [130.427, 33.3624], [130.4268, 33.363], [130.4253, 33.3646], [130.4253, 33.3654], [130.4259, 33.3667], [130.4251, 33.3683], [130.4236, 33.37], [130.4232, 33.3718], [130.4235, 33.3749], [130.4215, 33.3777], [130.4203, 33.379], [130.4201, 33.379], [130.4187, 33.3773], [130.4187, 33.3764], [130.4194, 33.3751], [130.419, 33.3737], [130.4181, 33.3721], [130.4176, 33.3705], [130.4177, 33.3697], [130.4172, 33.3684], [130.4164, 33.3676], [130.4162, 33.3671], [130.4154, 33.3671], [130.4142, 33.3653], [130.4139, 33.3632], [130.4125, 33.3618], [130.4117, 33.3604], [130.4111, 33.3599], [130.4111, 33.3588], [130.4129, 33.3573], [130.4128, 33.3559], [130.4132, 33.3553], [130.4131, 33.3531], [130.4122, 33.3523], [130.4126, 33.3502], [130.4127, 33.3499], [130.4143, 33.3497], [130.4148, 33.3493], [130.4152, 33.3462], [130.4162, 33.3455], [130.4168, 33.3426], [130.4174, 33.3423], [130.4177, 33.3409], [130.418, 33.3406], [130.4181, 33.3375], [130.4179, 33.3366], [130.4182, 33.3359], [130.4163, 33.3348], [130.4161, 33.3356], [130.4158, 33.3356], [130.4161, 33.3347], [130.4145, 33.3331], [130.4148, 33.3328], [130.4148, 33.3323], [130.4145, 33.3322], [130.4145, 33.3317], [130.4152, 33.3303], [130.4152, 33.3296], [130.413, 33.3147], [130.412, 33.3134], [130.4113, 33.312], [130.4111, 33.3099], [130.4101, 33.3079], [130.4103, 33.3073], [130.4105, 33.3073], [130.4106, 33.3063], [130.4098, 33.3063], [130.4097, 33.3071], [130.4092, 33.3072], [130.4089, 33.3068], [130.4091, 33.3064], [130.4069, 33.3059], [130.4071, 33.305], [130.4064, 33.3049], [130.4068, 33.3039], [130.4064, 33.3037], [130.4065, 33.3031], [130.4058, 33.303], [130.4058, 33.3016], [130.4065, 33.2986], [130.4056, 33.2984], [130.406, 33.2966]]]}, "properties": {"name": "佐賀県上峰町"}}, {"type": "Feature", "geometry": {"type": "Polygon", "coordinates": [[[130.4389, 33.4003], [130.4378, 33.3995], [130.4359, 33.3987], [130.4348, 33.3986], [130.4333, 33.3989], [130.4322, 33.3988], [130.4306, 33.3979], [130.43, 33.3973], [130.4281, 33.397], [130.4275, 33.3975], [130.4268, 33.3975], [130.4244, 33.3984], [130.4237, 33.3982], [130.423, 33.3983], [130.4216, 33.3991], [130.4195, 33.4011], [130.4176, 33.4007], [130.4165, 33.3994], [130.4146, 33.3991], [130.4143, 33.3978], [130.4149, 33.3973], [130.4148, 33.397], [130.4139, 33.3961], [130.4118, 33.3955], [130.4114, 33.3951], [130.4112, 33.3939], [130.4108, 33.3936], [130.4116, 33.3925], [130.4119, 33.3909], [130.413, 33.3906], [130.4139, 33.3897], [130.4152, 33.3895], [130.4158, 33.3896], [130.4173, 33.3888], [130.4177, 33.387], [130.4173, 33.3868], [130.4181, 33.3859], [130.4195, 33.3836], [130.4194, 33.3823], [130.4197, 33.3816], [130.4195, 33.3803], [130.4201, 33.379], [130.4203, 33.379], [130.4215, 33.3777], [130.4235, 33.3749], [130.4232, 33.3718], [130.4236, 33.37], [130.4251, 33.3683], [130.4259, 33.3667], [130.4253, 33.3654], [130.4253, 33.3646], [130.4268, 33.363], [130.427, 33.3624], [130.4267, 33.3615], [130.4268, 33.3611], [130.4284, 33.3599], [130.4283, 33.3591], [130.4287, 33.358], [130.4286, 33.3569], [130.4288, 33.3566], [130.4289, 33.3556], [130.4296, 33.3549], [130.429, 33.3523], [130.4283, 33.3522], [130.4284, 33.3516], [130.4267, 33.3506], [130.4272, 33.3504], [130.4267, 33.3485], [130.427, 33.3479], [130.4277, 33.3478], [130.4284, 33.3471], [130.4286, 33.3472], [130.4283, 33.3483], [130.4297, 33.3483], [130.4299, 33.3479], [130.4304, 33.3477], [130.4306, 33.3475], [130.4301, 33.3464], [130.4309, 33.346], [130.4305, 33.3454], [130.4304, 33.3448], [130.4291, 33.3435], [130.4306, 33.3434], [130.4315, 33.3431], [130.4317, 33.3412], [130.432, 33.3408], [130.4327, 33.3407], [130.4336, 33.3414], [130.4336, 33.3402], [130.434, 33.3404], [130.4342, 33.3394], [130.432, 33.3387], [130.4308, 33.3388], [130.429, 33.3378], [130.4256, 33.3373], [130.4254, 33.3361], [130.4261, 33.3349], [130.4256, 33.3346], [130.4252, 33.3337], [130.4269, 33.3325], [130.4264, 33.3314], [130.4273, 33.3299], [130.427, 33.3284], [130.4272, 33.3278], [130.427, 33.3277], [130.4273, 33.3237], [130.428, 33.3237], [130.4281, 33.3231], [130.4275, 33.323], [130.428, 33.3209], [130.4317, 33.3215], [130.4326, 33.3174], [130.437, 33.3183], [130.4387, 33.3125], [130.4421, 33.3132], [130.4428, 33.3114], [130.4393, 33.3106], [130.4397, 33.3093], [130.4395, 33.3087], [130.4351, 33.3077], [130.434, 33.3072], [130.4336, 33.3064], [130.4345, 33.3035], [130.4346, 33.3021], [130.4348, 33.3021], [130.4343, 33.3011], [130.4341, 33.3012], [130.4338, 33.3007], [130.434, 33.3006], [130.4338, 33.3001], [130.4335, 33.3002], [130.4333, 33.2996], [130.4326, 33.299], [130.4321, 33.2995], [130.4316, 33.299], [130.4311, 33.2994], [130.4291, 33.2986], [130.4273, 33.2983], [130.4267, 33.2984], [130.425, 33.2979], [130.4241, 33.298], [130.4233, 33.2987], [130.4228, 33.3024], [130.4181, 33.3025], [130.418, 33.3037], [130.4167, 33.3035], [130.4169, 33.3026], [130.4161, 33.3025], [130.4157, 33.302], [130.4162, 33.2966], [130.411, 33.2963], [130.4107, 33.2973], [130.406, 33.2966], [130.4062, 33.2956], [130.4052, 33.2954], [130.4056, 33.2937], [130.4055, 33.2914], [130.4008, 33.2908], [130.4008, 33.2885], [130.4013, 33.2861], [130.4015, 33.2851], [130.404, 33.2855], [130.4042, 33.2848], [130.4062, 33.2851], [130.4064, 33.2834], [130.4059, 33.2834], [130.4056, 33.2838], [130.4052, 33.2837], [130.4052, 33.2829], [130.4046, 33.2826], [130.4042, 33.2821], [130.4043, 33.2819], [130.4052, 33.282], [130.4069, 33.2825], [130.4066, 33.2749], [130.407, 33.2733], [130.4075, 33.2725], [130.4074, 33.2721], [130.408, 33.2713], [130.4088, 33.2713], [130.4089, 33.271], [130.4101, 33.2714], [130.4103, 33.2689], [130.4109, 33.2689], [130.411, 33.2681], [130.4116, 33.2684], [130.4124, 33.2684], [130.4132, 33.2689], [130.4151, 33.2684], [130.4156, 33.268], [130.4165, 33.2682], [130.4172, 33.2681], [130.419, 33.2708], [130.4208, 33.2719], [130.4246, 33.272], [130.4258, 33.2712], [130.4262, 33.2705], [130.4282, 33.2715], [130.4286, 33.272], [130.4285, 33.2725], [130.4298, 33.2742], [130.4298, 33.2772], [130.4302, 33.2786], [130.4312, 33.2805], [130.4312, 33.281], [130.4307, 33.2819], [130.4306, 33.2847], [130.4301, 33.2861], [130.429, 33.2869], [130.4272, 33.2871], [130.4265, 33.2879], [130.4259, 33.2892], [130.4264, 33.2904], [130.4273, 33.2911], [130.4289, 33.2918], [130.4301, 33.2925], [130.4313, 33.2928], [130.4336, 33.2928], [130.4363, 33.2913], [130.4366, 33.2908], [130.4381, 33.2898], [130.4375, 33.2868], [130.4369, 33.2854], [130.4375, 33.2843], [130.4376, 33.2837], [130.4362, 33.281], [130.4355, 33.2785], [130.4356, 33.2751], [130.4359, 33.2736], [130.4351, 33.2714], [130.4357, 33.2696], [130.4398, 33.2655], [130.4419, 33.2643], [130.4444, 33.2638], [130.4465, 33.2639], [130.449, 33.2646], [130.4499, 33.2649], [130.4503, 33.2654], [130.4508, 33.2667], [130.4506, 33.2698], [130.4484, 33.2744], [130.4476, 33.2767], [130.4531, 33.2834], [130.4552, 33.2836], [130.4557, 33.2834], [130.456, 33.2836], [130.4585, 33.2831], [130.4654, 33.2852], [130.4672, 33.2862], [130.4677, 33.287], [130.4677, 33.2881], [130.4685, 33.2885], [130.4679, 33.2892], [130.4656, 33.2905], [130.4596, 33.2923], [130.4574, 33.2933], [130.4555, 33.2947], [130.455, 33.2957], [130.4543, 33.2984], [130.4545, 33.3002], [130.4551, 33.3015], [130.4583, 33.3039], [130.4599, 33.3045], [130.4623, 33.3049], [130.4691, 33.3046], [130.4689, 33.3032], [130.4704, 33.303], [130.4706, 33.3045], [130.4794, 33.3044], [130.4824, 33.3048], [130.4838, 33.3055], [130.4848, 33.3068], [130.4878, 33.3137], [130.4896, 33.3164], [130.4895, 33.3174], [130.4876, 33.3198], [130.4844, 33.3201], [130.4824, 33.3207], [130.4799, 33.3225], [130.4772, 33.3255], [130.4767, 33.3265], [130.4772, 33.3281], [130.4781, 33.3293], [130.4794, 33.3304], [130.4801, 33.3322], [130.4806, 33.3325], [130.4798, 33.3334], [130.4803, 33.3337], [130.4802, 33.3342], [130.48, 33.3344], [130.4799, 33.3342], [130.4793, 33.3343], [130.4798, 33.3353], [130.4798, 33.3365], [130.4789, 33.3374], [130.4777, 33.3378], [130.4764, 33.3378], [130.475, 33.3374], [130.4738, 33.3377], [130.4729, 33.3374], [130.4725, 33.3384], [130.4718, 33.3392], [130.472, 33.3406], [130.4715, 33.3412], [130.4711, 33.3422], [130.4703, 33.3422], [130.4698, 33.343], [130.4692, 33.3432], [130.4696, 33.344], [130.469, 33.3457], [130.4693, 33.3469], [130.4676, 33.3479], [130.4669, 33.3495], [130.4663, 33.3494], [130.4662, 33.3488], [130.4659, 33.3495], [130.4653, 33.3494], [130.4658, 33.3499], [130.4655, 33.3501], [130.4648, 33.3501], [130.4643, 33.3507], [130.4643, 33.3511], [130.4626, 33.3509], [130.4586, 33.3481], [130.4576, 33.3477], [130.4575, 33.3478], [130.4579, 33.349], [130.4576, 33.3501], [130.4579, 33.3524], [130.4572, 33.3543], [130.4567, 33.3542], [130.4557, 33.3568], [130.456, 33.3587], [130.4556, 33.359], [130.4558, 33.3595], [130.4552, 33.3599], [130.4556, 33.3609], [130.4553, 33.3611], [130.4569, 33.3632], [130.4559, 33.3648], [130.4562, 33.3656], [130.4561, 33.3668], [130.454, 33.3696], [130.4538, 33.3722], [130.4528, 33.3729], [130.4519, 33.3742], [130.4497, 33.3756], [130.4479, 33.3771], [130.4478, 33.3778], [130.448, 33.3797], [130.4477, 33.3811], [130.4474, 33.3814], [130.4459, 33.382], [130.4446, 33.3832], [130.4438, 33.3834], [130.4432, 33.3845], [130.4416, 33.3865], [130.4419, 33.3868], [130.442, 33.3879], [130.4424, 33.3883], [130.4408, 33.3904], [130.4413, 33.3913], [130.441, 33.3918], [130.4401, 33.392], [130.4399, 33.3923], [130.4402, 33.393], [130.4399, 33.3942], [130.4408, 33.396], [130.4402, 33.398], [130.441, 33.3985], [130.4403, 33.3996], [130.4389, 33.4003]]]}, "properties": {"name": "佐賀県みやき町"}}, {"type": "Feature", "geometry": {"type": "MultiPolygon", "coordinates": [[[[129.8568, 33.5114], [129.8563, 33.511], [129.8559, 33.51], [129.8558, 33.5087], [129.8561, 33.5084], [129.8559, 33.5076], [129.8564, 33.5069], [129.8573, 33.5064], [129.8575, 33.5053], [129.856, 33.5052], [129.8555, 33.5054], [129.8547, 33.5068], [129.853, 33.5073], [129.8523, 33.5072], [129.8511, 33.5064], [129.8503, 33.5067], [129.8514, 33.5086], [129.851, 33.5113], [129.8502, 33.5126], [129.8498, 33.5123], [129.8481, 33.5123], [129.8479, 33.5127], [129.8482, 33.514], [129.8479, 33.5147], [129.8466, 33.5155], [129.8457, 33.5158], [129.8451, 33.5167], [129.8455, 33.5172], [129.8449, 33.5167], [129.8435, 33.5165], [129.8431, 33.5173], [129.8433, 33.5175], [129.8428, 33.5179], [129.8425, 33.5177], [129.8421, 33.5178], [129.8417, 33.5176], [129.8414, 33.5168], [129.8404, 33.5165], [129.8401, 33.5166], [129.8403, 33.5167], [129.8398, 33.5171], [129.8395, 33.5168], [129.839, 33.5173], [129.8391, 33.5176], [129.8389, 33.5181], [129.8376, 33.5188], [129.8346, 33.5183], [129.833, 33.5194], [129.8312, 33.5194], [129.8307, 33.5196], [129.8297, 33.5183], [129.8287, 33.5185], [129.8278, 33.5181], [129.8285, 33.5174], [129.829, 33.5175], [129.8297, 33.5173], [129.8309, 33.5166], [129.8306, 33.5162], [129.8311, 33.516], [129.8306, 33.5158], [129.8303, 33.515], [129.8305, 33.5147], [129.8312, 33.5148], [129.8328, 33.5146], [129.8358, 33.5138], [129.8359, 33.5135], [129.8363, 33.5138], [129.8366, 33.5135], [129.8363, 33.5132], [129.836, 33.5116], [129.8355, 33.5113], [129.8356, 33.511], [129.8337, 33.5115], [129.8334, 33.5114], [129.8331, 33.5118], [129.8327, 33.5117], [129.8331, 33.5106], [129.8328, 33.5095], [129.8333, 33.5093], [129.8333, 33.5089], [129.834, 33.5083], [129.8335, 33.5079], [129.8341, 33.5083], [129.8343, 33.5081], [129.8334, 33.5073], [129.8318, 33.5066], [129.8302, 33.5064], [129.8297, 33.5052], [129.8305, 33.5044], [129.8321, 33.5033], [129.8322, 33.5028], [129.8334, 33.5024], [129.8338, 33.5018], [129.8343, 33.4996], [129.8355, 33.4987], [129.837, 33.4965], [129.8384, 33.4959], [129.8381, 33.4953], [129.8384, 33.4948], [129.8397, 33.4948], [129.8403, 33.4946], [129.8403, 33.494], [129.8406, 33.4938], [129.8403, 33.4932], [129.8405, 33.4926], [129.8415, 33.4914], [129.8415, 33.4909], [129.8408, 33.4904], [129.8394, 33.4909], [129.8389, 33.4914], [129.8384, 33.4913], [129.8381, 33.4908], [129.8373, 33.4916], [129.8368, 33.4913], [129.8366, 33.492], [129.8363, 33.492], [129.8361, 33.4915], [129.8363, 33.4907], [129.8359, 33.4912], [129.8356, 33.4912], [129.8357, 33.4909], [129.8354, 33.4908], [129.8352, 33.4903], [129.8358, 33.4899], [129.8351, 33.4899], [129.8347, 33.4893], [129.8358, 33.4892], [129.8364, 33.4895], [129.8367, 33.4891], [129.8371, 33.4889], [129.8372, 33.488], [129.8368, 33.4871], [129.8379, 33.4864], [129.8379, 33.4855], [129.8387, 33.485], [129.8401, 33.485], [129.8409, 33.4846], [129.8413, 33.484], [129.8409, 33.4834], [129.8409, 33.4823], [129.8418, 33.4827], [129.8422, 33.4821], [129.8433, 33.4818], [129.8432, 33.4813], [129.8428, 33.4811], [129.8429, 33.4809], [129.8449, 33.4807], [129.845, 33.4802], [129.8447, 33.4798], [129.8453, 33.4798], [129.8456, 33.4795], [129.8453, 33.479], [129.8447, 33.4788], [129.8437, 33.4792], [129.8423, 33.4791], [129.8415, 33.4795], [129.8406, 33.4794], [129.8384, 33.4786], [129.8377, 33.4786], [129.8372, 33.4782], [129.8368, 33.4775], [129.836, 33.4772], [129.8352, 33.4763], [129.8343, 33.4761], [129.832, 33.4763], [129.8316, 33.4749], [129.8332, 33.4742], [129.8346, 33.4747], [129.8346, 33.474], [129.835, 33.4738], [129.8354, 33.474], [129.8356, 33.4738], [129.835, 33.473], [129.8349, 33.472], [129.8367, 33.4718], [129.8366, 33.4727], [129.837, 33.4728], [129.8375, 33.4723], [129.8381, 33.4723], [129.8384, 33.471], [129.8388, 33.4709], [129.8391, 33.4704], [129.84, 33.4705], [129.8405, 33.4698], [129.8408, 33.47], [129.8405, 33.4704], [129.8405, 33.4713], [129.8413, 33.4709], [129.8415, 33.4712], [129.8418, 33.4713], [129.8432, 33.471], [129.844, 33.4718], [129.843, 33.4724], [129.8431, 33.4726], [129.845, 33.4729], [129.8455, 33.4733], [129.8461, 33.4743], [129.8484, 33.4758], [129.8491, 33.4759], [129.85, 33.4752], [129.851, 33.4758], [129.851, 33.4756], [129.8502, 33.475], [129.849, 33.4737], [129.8492, 33.4731], [129.8498, 33.473], [129.8504, 33.4722], [129.8495, 33.4719], [129.8494, 33.4725], [129.849, 33.4728], [129.8487, 33.4726], [129.8479, 33.4731], [129.8483, 33.4728], [129.8484, 33.4718], [129.849, 33.4717], [129.8495, 33.4706], [129.85, 33.4707], [129.8501, 33.4704], [129.8494, 33.4699], [129.85, 33.4696], [129.849, 33.4695], [129.8485, 33.4684], [129.8492, 33.4684], [129.8493, 33.4689], [129.8502, 33.469], [129.8505, 33.4693], [129.8507, 33.4711], [129.8505, 33.4714], [129.85, 33.4714], [129.8499, 33.4716], [129.8504, 33.4716], [129.8505, 33.4722], [129.8507, 33.4717], [129.8521, 33.4714], [129.8522, 33.471], [129.853, 33.4706], [129.8529, 33.4698], [129.8533, 33.4699], [129.8534, 33.4697], [129.8539, 33.4704], [129.8542, 33.4704], [129.8573, 33.4691], [129.8525, 33.4687], [129.8525, 33.4683], [129.8571, 33.4648], [129.8571, 33.4622], [129.8564, 33.4623], [129.8562, 33.4621], [129.8564, 33.4616], [129.8567, 33.4614], [129.8568, 33.4603], [129.8572, 33.46], [129.8578, 33.4601], [129.8567, 33.4587], [129.8566, 33.4581], [129.8569, 33.4574], [129.8573, 33.4574], [129.8589, 33.4554], [129.8587, 33.454], [129.8584, 33.4535], [129.8582, 33.4545], [129.8574, 33.4552], [129.856, 33.4557], [129.8555, 33.4561], [129.8551, 33.4573], [129.8547, 33.4573], [129.8547, 33.4567], [129.8543, 33.4566], [129.8539, 33.4562], [129.8535, 33.4564], [129.8532, 33.4563], [129.8531, 33.4556], [129.852, 33.455], [129.8514, 33.4536], [129.8517, 33.453], [129.851, 33.4528], [129.8508, 33.4529], [129.8505, 33.4526], [129.8505, 33.4524], [129.8508, 33.4524], [129.8507, 33.4519], [129.8511, 33.4521], [129.8512, 33.4517], [129.8516, 33.4517], [129.8516, 33.4514], [129.851, 33.451], [129.8501, 33.451], [129.8501, 33.4508], [129.8505, 33.4504], [129.85, 33.4504], [129.8499, 33.4501], [129.8493, 33.4505], [129.8491, 33.4499], [129.8488, 33.4499], [129.8486, 33.4497], [129.8501, 33.4494], [129.8514, 33.4503], [129.8513, 33.4498], [129.8518, 33.4493], [129.8517, 33.4491], [129.8526, 33.4486], [129.8516, 33.4473], [129.853, 33.4468], [129.8552, 33.4471], [129.8562, 33.4476], [129.8569, 33.4483], [129.8578, 33.4487], [129.8584, 33.4484], [129.8585, 33.448], [129.8595, 33.4478], [129.8597, 33.4473], [129.8604, 33.4472], [129.8611, 33.4464], [129.8633, 33.4454], [129.863, 33.4449], [129.8626, 33.4448], [129.8623, 33.4439], [129.8601, 33.4433], [129.8597, 33.4422], [129.86, 33.4413], [129.8597, 33.4408], [129.8583, 33.4405], [129.858, 33.439], [129.8581, 33.4383], [129.8594, 33.4367], [129.8595, 33.4362], [129.8596, 33.4356], [129.8587, 33.4337], [129.86, 33.4339], [129.8604, 33.4345], [129.8632, 33.4339], [129.8635, 33.4339], [129.864, 33.4345], [129.8648, 33.4343], [129.8652, 33.4353], [129.8664, 33.4366], [129.8667, 33.4364], [129.8671, 33.4351], [129.8674, 33.435], [129.8682, 33.4356], [129.8689, 33.4356], [129.871, 33.4347], [129.8706, 33.4332], [129.8717, 33.4325], [129.8716, 33.4313], [129.8718, 33.431], [129.8713, 33.4302], [129.8721, 33.4306], [129.8741, 33.431], [129.8752, 33.4308], [129.8755, 33.4315], [129.8773, 33.4319], [129.8784, 33.4325], [129.8788, 33.4332], [129.8791, 33.4333], [129.8791, 33.4343], [129.8806, 33.4364], [129.8804, 33.4374], [129.8806, 33.4387], [129.8802, 33.4402], [129.8803, 33.4409], [129.8807, 33.4414], [129.882, 33.441], [129.8834, 33.4413], [129.886, 33.441], [129.8874, 33.4413], [129.8886, 33.4418], [129.8898, 33.442], [129.8916, 33.4431], [129.8919, 33.4437], [129.8909, 33.4428], [129.8896, 33.4422], [129.8878, 33.4427], [129.8871, 33.4432], [129.8871, 33.4447], [129.8877, 33.4463], [129.8892, 33.4489], [129.8894, 33.4497], [129.8893, 33.4505], [129.8882, 33.4514], [129.8881, 33.4519], [129.8884, 33.4532], [129.8889, 33.4539], [129.8889, 33.4545], [129.89, 33.455], [129.8908, 33.4547], [129.8912, 33.4542], [129.891, 33.4531], [129.8913, 33.4525], [129.8919, 33.4524], [129.8927, 33.4534], [129.8928, 33.4543], [129.8941, 33.4546], [129.8945, 33.4552], [129.8953, 33.4547], [129.8968, 33.4546], [129.8965, 33.4551], [129.8959, 33.4553], [129.8958, 33.4559], [129.8958, 33.4562], [129.8964, 33.4566], [129.8963, 33.4569], [129.8958, 33.4569], [129.8943, 33.4577], [129.8941, 33.4583], [129.8957, 33.4592], [129.8962, 33.4597], [129.896, 33.4601], [129.8963, 33.4605], [129.8979, 33.4606], [129.8976, 33.4617], [129.8985, 33.4627], [129.8986, 33.4636], [129.8983, 33.4637], [129.8984, 33.4641], [129.8979, 33.4644], [129.8976, 33.4642], [129.8972, 33.4642], [129.897, 33.4635], [129.8958, 33.4631], [129.8948, 33.4639], [129.8947, 33.4652], [129.8965, 33.4674], [129.8989, 33.4684], [129.8991, 33.4675], [129.8999, 33.4672], [129.9016, 33.4687], [129.9018, 33.4692], [129.905, 33.4709], [129.9044, 33.4721], [129.9045, 33.4741], [129.9037, 33.4748], [129.904, 33.4753], [129.904, 33.4771], [129.9033, 33.4774], [129.903, 33.4788], [129.9039, 33.48], [129.9038, 33.4803], [129.9022, 33.4808], [129.9019, 33.4811], [129.9018, 33.4818], [129.9023, 33.4821], [129.9025, 33.4828], [129.9013, 33.4834], [129.9016, 33.4841], [129.9012, 33.4844], [129.9014, 33.4855], [129.9, 33.4855], [129.8982, 33.4862], [129.8981, 33.4868], [129.8975, 33.4879], [129.8972, 33.4897], [129.8947, 33.4907], [129.8942, 33.4908], [129.8926, 33.4902], [129.8917, 33.4909], [129.8907, 33.491], [129.89, 33.4921], [129.8891, 33.4921], [129.888, 33.4929], [129.8873, 33.4942], [129.8862, 33.4952], [129.8859, 33.4964], [129.8844, 33.4968], [129.8846, 33.4981], [129.8843, 33.4987], [129.8823, 33.5013], [129.8792, 33.5016], [129.8769, 33.5015], [129.8763, 33.5021], [129.8753, 33.5023], [129.8737, 33.5033], [129.873, 33.5039], [129.8727, 33.5047], [129.8713, 33.5058], [129.8707, 33.5071], [129.8688, 33.5088], [129.8659, 33.5094], [129.8642, 33.5103], [129.864, 33.5094], [129.8635, 33.5092], [129.8633, 33.5089], [129.8611, 33.5086], [129.86, 33.509], [129.8568, 33.5114]]], [[[129.8558, 33.5109], [129.856, 33.5112], [129.8558, 33.5115], [129.8555, 33.5111], [129.8558, 33.5109]]]]}, "properties": {"name": "佐賀県玄海町"}}, {"type": "Feature", "geometry": {"type": "Polygon", "coordinates": [[[129.8141, 33.2364], [129.8135, 33.2349], [129.8129, 33.2341], [129.8129, 33.2337], [129.8133, 33.2333], [129.8127, 33.2321], [129.8108, 33.2315], [129.81, 33.2303], [129.8105, 33.228], [129.8105, 33.2265], [129.811, 33.2263], [129.8111, 33.2254], [129.8122, 33.2242], [129.813, 33.2227], [129.8129, 33.2221], [129.8133, 33.2207], [129.8112, 33.2193], [129.8096, 33.2188], [129.8094, 33.2175], [129.8087, 33.2161], [129.8077, 33.215], [129.8079, 33.2139], [129.8069, 33.2112], [129.8074, 33.2103], [129.8088, 33.2097], [129.8091, 33.2091], [129.8093, 33.2091], [129.8086, 33.2086], [129.8079, 33.207], [129.8088, 33.2062], [129.8093, 33.2045], [129.8099, 33.2042], [129.8112, 33.2029], [129.8106, 33.2024], [129.8105, 33.2019], [129.8108, 33.2014], [129.8135, 33.2], [129.8143, 33.1992], [129.8141, 33.1987], [129.8145, 33.1982], [129.8167, 33.1976], [129.8162, 33.197], [129.8156, 33.1948], [129.8164, 33.1939], [129.817, 33.1923], [129.8166, 33.1918], [129.8167, 33.191], [129.8161, 33.1903], [129.8162, 33.1896], [129.8157, 33.1891], [129.8156, 33.1883], [129.8158, 33.1879], [129.817, 33.1873], [129.8174, 33.1869], [129.817, 33.1854], [129.817, 33.1845], [129.8183, 33.1839], [129.8202, 33.1824], [129.8233, 33.1819], [129.8243, 33.1813], [129.8257, 33.1799], [129.8268, 33.1798], [129.8281, 33.1802], [129.8296, 33.1802], [129.8306, 33.178], [129.8308, 33.1769], [129.8313, 33.1762], [129.8339, 33.1747], [129.836, 33.1741], [129.8384, 33.1744], [129.8396, 33.1752], [129.841, 33.1756], [129.842, 33.1763], [129.8434, 33.177], [129.847, 33.1771], [129.8487, 33.1776], [129.8518, 33.1772], [129.8531, 33.1763], [129.8549, 33.1731], [129.8563, 33.1721], [129.8571, 33.1705], [129.8578, 33.1705], [129.8588, 33.1709], [129.861, 33.1704], [129.8624, 33.1709], [129.8633, 33.1709], [129.8641, 33.1706], [129.8644, 33.1702], [129.8669, 33.1692], [129.8686, 33.1688], [129.8693, 33.1694], [129.8698, 33.1684], [129.8722, 33.1666], [129.8726, 33.1653], [129.8731, 33.1649], [129.8741, 33.1643], [129.8746, 33.1647], [129.8753, 33.1643], [129.8769, 33.1649], [129.877, 33.1639], [129.8776, 33.1629], [129.8788, 33.1618], [129.8792, 33.1619], [129.88, 33.1615], [129.8804, 33.1617], [129.8805, 33.1614], [129.8811, 33.1615], [129.8816, 33.1626], [129.8818, 33.1624], [129.8826, 33.1627], [129.8825, 33.1633], [129.8832, 33.1619], [129.884, 33.162], [129.8846, 33.1615], [129.8859, 33.1621], [129.8862, 33.1619], [129.8864, 33.1618], [129.8863, 33.1608], [129.8867, 33.1598], [129.8876, 33.1597], [129.8874, 33.1581], [129.8877, 33.1564], [129.888, 33.1562], [129.8886, 33.1564], [129.8885, 33.1569], [129.8895, 33.1566], [129.8901, 33.1561], [129.8905, 33.1562], [129.8909, 33.1585], [129.8914, 33.1589], [129.8919, 33.1588], [129.8921, 33.1584], [129.8929, 33.1585], [129.8936, 33.1579], [129.8951, 33.1596], [129.8977, 33.1583], [129.8983, 33.1583], [129.8987, 33.158], [129.8994, 33.1584], [129.8997, 33.1579], [129.9009, 33.158], [129.9019, 33.1583], [129.9026, 33.1579], [129.9032, 33.158], [129.9037, 33.1585], [129.9045, 33.158], [129.9058, 33.1578], [129.9063, 33.1586], [129.9069, 33.1587], [129.907, 33.159], [129.909, 33.1601], [129.9101, 33.1611], [129.9108, 33.1611], [129.9114, 33.1614], [129.9114, 33.1621], [129.9116, 33.1623], [129.9135, 33.1624], [129.9142, 33.1627], [129.9146, 33.1619], [129.9159, 33.1618], [129.9166, 33.1609], [129.9171, 33.1609], [129.9169, 33.1603], [129.9177, 33.1598], [129.9188, 33.1613], [129.9192, 33.1615], [129.9199, 33.1614], [129.9202, 33.1622], [129.9212, 33.1616], [129.9228, 33.1617], [129.9233, 33.1619], [129.9232, 33.1625], [129.9238, 33.163], [129.9249, 33.1627], [129.9252, 33.1628], [129.9254, 33.1636], [129.9263, 33.1634], [129.9266, 33.1637], [129.9278, 33.1641], [129.9301, 33.1638], [129.9311, 33.1639], [129.9323, 33.1638], [129.9331, 33.1632], [129.9349, 33.1631], [129.9353, 33.1633], [129.9358, 33.164], [129.9374, 33.1647], [129.9382, 33.1647], [129.9384, 33.1655], [129.9369, 33.1664], [129.9361, 33.167], [129.9356, 33.1679], [129.9344, 33.1685], [129.9332, 33.1697], [129.9312, 33.1697], [129.9306, 33.1703], [129.9303, 33.1703], [129.9302, 33.171], [129.9297, 33.1716], [129.93, 33.1719], [129.9298, 33.1727], [129.9292, 33.1726], [129.9282, 33.1738], [129.927, 33.1739], [129.9264, 33.1742], [129.925, 33.1737], [129.9246, 33.1739], [129.9235, 33.1735], [129.9219, 33.1736], [129.9217, 33.1729], [129.9211, 33.1724], [129.9194, 33.1722], [129.9177, 33.1712], [129.9171, 33.1711], [129.9177, 33.1744], [129.9175, 33.1753], [129.9177, 33.1767], [129.9173, 33.1772], [129.9177, 33.178], [129.9177, 33.1789], [129.9175, 33.1793], [129.9188, 33.1805], [129.9184, 33.1809], [129.9185, 33.1814], [129.9182, 33.1825], [129.9179, 33.1828], [129.9163, 33.1836], [129.9151, 33.1836], [129.9146, 33.1839], [129.9149, 33.1856], [129.9147, 33.1862], [129.9143, 33.1866], [129.9138, 33.1864], [129.9135, 33.1865], [129.9125, 33.1859], [129.9119, 33.1863], [129.9115, 33.1888], [129.912, 33.1896], [129.9119, 33.1903], [129.9128, 33.1912], [129.9128, 33.192], [129.9124, 33.1932], [129.9115, 33.1939], [129.9127, 33.1949], [129.9124, 33.1954], [129.9129, 33.1961], [129.912, 33.1975], [129.9096, 33.1982], [129.9081, 33.1983], [129.9069, 33.1988], [129.906, 33.1995], [129.9055, 33.2003], [129.9048, 33.2025], [129.9057, 33.2041], [129.9057, 33.2048], [129.9064, 33.2057], [129.9064, 33.2067], [129.9062, 33.2071], [129.9055, 33.2072], [129.9049, 33.2084], [129.9043, 33.2088], [129.9033, 33.2117], [129.9012, 33.214], [129.9014, 33.2141], [129.9015, 33.2154], [129.9022, 33.2164], [129.9011, 33.2176], [129.9012, 33.2185], [129.9008, 33.2192], [129.9008, 33.2199], [129.9, 33.2207], [129.8994, 33.2209], [129.8986, 33.2223], [129.8975, 33.2234], [129.8966, 33.2235], [129.8951, 33.2242], [129.8914, 33.2252], [129.8907, 33.2249], [129.89, 33.2249], [129.8876, 33.2244], [129.8851, 33.2257], [129.8838, 33.2257], [129.8819, 33.2261], [129.8793, 33.2255], [129.8785, 33.2282], [129.8771, 33.2298], [129.8729, 33.231], [129.8723, 33.234], [129.8713, 33.2342], [129.8711, 33.236], [129.8698, 33.2377], [129.8695, 33.2411], [129.8678, 33.2403], [129.8665, 33.2393], [129.8655, 33.2395], [129.8642, 33.2402], [129.8639, 33.2412], [129.8606, 33.2414], [129.8601, 33.2412], [129.8592, 33.2412], [129.8579, 33.2406], [129.856, 33.2391], [129.8545, 33.2387], [129.8544, 33.2392], [129.8534, 33.2398], [129.8529, 33.2405], [129.8513, 33.2418], [129.8502, 33.2407], [129.8492, 33.2384], [129.8487, 33.238], [129.8476, 33.238], [129.8435, 33.2361], [129.8419, 33.2365], [129.84, 33.2364], [129.8384, 33.236], [129.837, 33.2351], [129.8321, 33.2349], [129.8307, 33.2355], [129.8284, 33.2359], [129.8255, 33.2369], [129.8242, 33.2368], [129.8232, 33.237], [129.8173, 33.2359], [129.8141, 33.2364]]]}, "properties": {"name": "佐賀県有田町"}}, {"type": "Feature", "geometry": {"type": "Polygon", "coordinates": [[[130.1034, 33.2351], [130.102, 33.2328], [130.1017, 33.2319], [130.1022, 33.2313], [130.1019, 33.2301], [130.1012, 33.229], [130.1001, 33.2281], [130.1, 33.2276], [130.1004, 33.2272], [130.1001, 33.2264], [130.1001, 33.2236], [130.0986, 33.2231], [130.0976, 33.2224], [130.0974, 33.2221], [130.0976, 33.2215], [130.0967, 33.2204], [130.0961, 33.2216], [130.0958, 33.2186], [130.0952, 33.2179], [130.095, 33.2178], [130.0947, 33.217], [130.0938, 33.2161], [130.0941, 33.2159], [130.0936, 33.215], [130.0941, 33.2149], [130.094, 33.2146], [130.0904, 33.2154], [130.0899, 33.2153], [130.0887, 33.2141], [130.0967, 33.2105], [130.0989, 33.2086], [130.0999, 33.2071], [130.0997, 33.2063], [130.0983, 33.2047], [130.0984, 33.2033], [130.0993, 33.2026], [130.1059, 33.2028], [130.1061, 33.2036], [130.1054, 33.2057], [130.1061, 33.2082], [130.1064, 33.2088], [130.108, 33.21], [130.1091, 33.2105], [130.1103, 33.2105], [130.1111, 33.2098], [130.1113, 33.2087], [130.1112, 33.2063], [130.1099, 33.2051], [130.1097, 33.2045], [130.1097, 33.204], [130.1106, 33.2031], [130.1123, 33.2023], [130.1154, 33.2019], [130.117, 33.2], [130.1183, 33.199], [130.1207, 33.1986], [130.1221, 33.1987], [130.1237, 33.1974], [130.1251, 33.1967], [130.1268, 33.1961], [130.1276, 33.1962], [130.1286, 33.1965], [130.1295, 33.1974], [130.1302, 33.1987], [130.1306, 33.2007], [130.1304, 33.2013], [130.13, 33.2017], [130.1293, 33.2019], [130.1273, 33.2018], [130.1263, 33.2021], [130.126, 33.2025], [130.1259, 33.2032], [130.1262, 33.2044], [130.127, 33.2054], [130.1278, 33.2059], [130.1306, 33.2064], [130.1322, 33.2072], [130.1344, 33.2088], [130.1352, 33.2086], [130.1354, 33.209], [130.1347, 33.2108], [130.1351, 33.211], [130.134, 33.2137], [130.1363, 33.2144], [130.1359, 33.2153], [130.1378, 33.2159], [130.1372, 33.2174], [130.1368, 33.2175], [130.1363, 33.2171], [130.1357, 33.2179], [130.1367, 33.2186], [130.1355, 33.219], [130.1346, 33.2188], [130.1343, 33.2193], [130.1331, 33.2198], [130.1331, 33.2202], [130.1324, 33.2206], [130.1321, 33.2206], [130.1312, 33.2214], [130.1303, 33.2217], [130.1303, 33.2223], [130.1298, 33.2225], [130.1297, 33.2231], [130.1289, 33.2244], [130.1275, 33.2249], [130.1276, 33.2263], [130.1264, 33.2268], [130.125, 33.2268], [130.1246, 33.229], [130.126, 33.2295], [130.1264, 33.2298], [130.126, 33.231], [130.1265, 33.2322], [130.1257, 33.2329], [130.1256, 33.2343], [130.1264, 33.2351], [130.1282, 33.2357], [130.1253, 33.2357], [130.1245, 33.2347], [130.124, 33.2344], [130.1222, 33.2344], [130.1211, 33.2358], [130.12, 33.2358], [130.1188, 33.2363], [130.1177, 33.2358], [130.1145, 33.2368], [130.1127, 33.2381], [130.1116, 33.2393], [130.1107, 33.2389], [130.1107, 33.2384], [130.1096, 33.2379], [130.1092, 33.2372], [130.1077, 33.2361], [130.1059, 33.2355], [130.1054, 33.2351], [130.1034, 33.2351]]]}, "properties": {"name": "佐賀県大町町"}}, {"type": "Feature", "geometry": {"type": "Polygon", "coordinates": [[[130.1282, 33.2357], [130.1264, 33.2351], [130.1256, 33.2343], [130.1257, 33.2329], [130.1265, 33.2322], [130.126, 33.231], [130.1264, 33.2298], [130.126, 33.2295], [130.1246, 33.229], [130.125, 33.2268], [130.1264, 33.2268], [130.1276, 33.2263], [130.1275, 33.2249], [130.1289, 33.2244], [130.1297, 33.2231], [130.1298, 33.2225], [130.1303, 33.2223], [130.1303, 33.2217], [130.1312, 33.2214], [130.1321, 33.2206], [130.1324, 33.2206], [130.1331, 33.2202], [130.1331, 33.2198], [130.1343, 33.2193], [130.1346, 33.2188], [130.1355, 33.219], [130.1367, 33.2186], [130.1357, 33.2179], [130.1363, 33.2171], [130.1368, 33.2175], [130.1372, 33.2174], [130.1378, 33.2159], [130.1359, 33.2153], [130.1363, 33.2144], [130.134, 33.2137], [130.1351, 33.211], [130.1347, 33.2108], [130.1354, 33.209], [130.1352, 33.2086], [130.1362, 33.2081], [130.138, 33.2066], [130.141, 33.206], [130.1417, 33.2054], [130.142, 33.2048], [130.142, 33.204], [130.1416, 33.2031], [130.1407, 33.2026], [130.1378, 33.2021], [130.1358, 33.2004], [130.1355, 33.1995], [130.1355, 33.1983], [130.1359, 33.1974], [130.1368, 33.1964], [130.138, 33.1957], [130.1398, 33.1954], [130.1435, 33.1957], [130.1446, 33.1956], [130.1481, 33.1941], [130.1534, 33.1931], [130.1556, 33.1921], [130.1586, 33.1892], [130.1603, 33.1885], [130.1613, 33.1886], [130.1628, 33.1892], [130.1668, 33.1917], [130.1677, 33.1927], [130.1679, 33.1935], [130.1678, 33.1955], [130.1663, 33.1997], [130.1668, 33.2013], [130.168, 33.2023], [130.1701, 33.2029], [130.1724, 33.2029], [130.175, 33.202], [130.1778, 33.2002], [130.1795, 33.1999], [130.1813, 33.1999], [130.1828, 33.2004], [130.1841, 33.2012], [130.1866, 33.2048], [130.1877, 33.2057], [130.1899, 33.2062], [130.1909, 33.2059], [130.1913, 33.2054], [130.1923, 33.2075], [130.1922, 33.2078], [130.1938, 33.2082], [130.1944, 33.2082], [130.1952, 33.2077], [130.1965, 33.206], [130.1971, 33.2056], [130.1983, 33.2055], [130.1995, 33.206], [130.2003, 33.2071], [130.2015, 33.2102], [130.2013, 33.2109], [130.1996, 33.2139], [130.199, 33.2144], [130.1985, 33.2146], [130.1954, 33.2139], [130.1937, 33.2141], [130.1932, 33.2144], [130.1909, 33.2167], [130.1903, 33.2178], [130.19, 33.2185], [130.1902, 33.2198], [130.1908, 33.2205], [130.1915, 33.2208], [130.1905, 33.2214], [130.1902, 33.2217], [130.1887, 33.221], [130.1883, 33.2216], [130.1845, 33.2198], [130.1813, 33.2243], [130.1804, 33.2238], [130.1798, 33.2248], [130.1807, 33.2253], [130.1788, 33.2283], [130.1759, 33.2277], [130.1747, 33.2283], [130.1739, 33.229], [130.1725, 33.2287], [130.1711, 33.2276], [130.1705, 33.228], [130.1691, 33.2284], [130.1672, 33.2298], [130.1663, 33.2292], [130.1649, 33.2286], [130.1629, 33.2283], [130.1618, 33.2292], [130.1612, 33.2305], [130.1604, 33.231], [130.1591, 33.2328], [130.1598, 33.2375], [130.1606, 33.2379], [130.1612, 33.239], [130.1626, 33.2397], [130.1638, 33.2397], [130.1644, 33.2402], [130.1656, 33.2426], [130.1656, 33.2436], [130.1655, 33.2446], [130.165, 33.2448], [130.1606, 33.2501], [130.1602, 33.2523], [130.1595, 33.2535], [130.1589, 33.254], [130.1577, 33.2534], [130.1577, 33.2524], [130.1572, 33.252], [130.1559, 33.2515], [130.1547, 33.2515], [130.1544, 33.2508], [130.1545, 33.25], [130.1538, 33.2485], [130.1499, 33.2478], [130.1497, 33.247], [130.1491, 33.2466], [130.1499, 33.2449], [130.15, 33.2442], [130.1497, 33.244], [130.1491, 33.2445], [130.1475, 33.2452], [130.1466, 33.2451], [130.1461, 33.2453], [130.1462, 33.2461], [130.1453, 33.2463], [130.1433, 33.2451], [130.1426, 33.2455], [130.1419, 33.2447], [130.1414, 33.2446], [130.141, 33.2454], [130.1411, 33.2465], [130.1407, 33.2469], [130.1391, 33.2468], [130.1388, 33.2457], [130.1374, 33.2446], [130.1375, 33.2442], [130.1364, 33.2458], [130.136, 33.2459], [130.1349, 33.2475], [130.1349, 33.2468], [130.1336, 33.2449], [130.1335, 33.2437], [130.1338, 33.2432], [130.1327, 33.2415], [130.1327, 33.2405], [130.1314, 33.2394], [130.1295, 33.2397], [130.1279, 33.2384], [130.1266, 33.2388], [130.1263, 33.2375], [130.1278, 33.2365], [130.1282, 33.2357]]]}, "properties": {"name": "佐賀県江北町"}}, {"type": "Feature", "geometry": {"type": "Polygon", "coordinates": [[[130.0769, 33.1722], [130.0777, 33.1717], [130.078, 33.171], [130.0791, 33.1704], [130.0793, 33.17], [130.0795, 33.1683], [130.08, 33.1671], [130.0793, 33.1648], [130.0792, 33.1632], [130.0798, 33.1616], [130.0823, 33.1586], [130.0838, 33.1584], [130.0843, 33.1544], [130.0855, 33.1535], [130.0877, 33.1524], [130.088, 33.1513], [130.0876, 33.1501], [130.0866, 33.1493], [130.0838, 33.1415], [130.0818, 33.1411], [130.0811, 33.1412], [130.0796, 33.1411], [130.0781, 33.1405], [130.0739, 33.1378], [130.0735, 33.137], [130.0737, 33.1367], [130.0724, 33.1349], [130.0705, 33.1347], [130.0718, 33.1335], [130.0715, 33.1324], [130.0728, 33.1311], [130.075, 33.1305], [130.0784, 33.131], [130.0778, 33.1293], [130.0804, 33.1294], [130.0808, 33.1297], [130.0808, 33.1311], [130.0824, 33.1307], [130.0862, 33.1298], [130.089, 33.1297], [130.092, 33.1293], [130.0931, 33.1295], [130.0948, 33.1309], [130.0965, 33.1312], [130.0987, 33.1311], [130.1009, 33.1305], [130.1046, 33.1312], [130.1067, 33.1311], [130.1077, 33.1309], [130.1099, 33.1321], [130.1111, 33.1321], [130.112, 33.1313], [130.1122, 33.1296], [130.1125, 33.1291], [130.1173, 33.1284], [130.1184, 33.1287], [130.119, 33.1293], [130.121, 33.13], [130.122, 33.1275], [130.1225, 33.1251], [130.1228, 33.1249], [130.1304, 33.1258], [130.13, 33.1244], [130.1302, 33.1243], [130.1298, 33.124], [130.1301, 33.1227], [130.13, 33.1185], [130.1304, 33.1176], [130.1322, 33.1156], [130.1354, 33.1146], [130.1356, 33.1149], [130.1349, 33.1152], [130.1354, 33.115], [130.136, 33.1152], [130.1364, 33.116], [130.1362, 33.115], [130.1373, 33.1146], [130.1361, 33.1148], [130.1359, 33.1146], [130.1376, 33.1143], [130.1386, 33.1138], [130.1381, 33.1143], [130.1396, 33.1142], [130.1486, 33.1122], [130.1487, 33.1122], [130.1485, 33.1124], [130.15, 33.1124], [130.1544, 33.1162], [130.1542, 33.1164], [130.1554, 33.1177], [130.156, 33.1171], [130.1554, 33.1177], [130.1597, 33.1216], [130.1601, 33.1215], [130.1603, 33.1216], [130.1674, 33.1279], [130.1682, 33.1289], [130.168, 33.1291], [130.1684, 33.129], [130.1683, 33.1292], [130.1691, 33.1299], [130.169, 33.1301], [130.1694, 33.1303], [130.1699, 33.1302], [130.17, 33.1296], [130.1706, 33.1291], [130.1706, 33.1294], [130.1701, 33.1296], [130.17, 33.1303], [130.1709, 33.1307], [130.171, 33.1311], [130.1714, 33.1309], [130.1825, 33.1366], [130.183, 33.1359], [130.1832, 33.136], [130.1826, 33.1367], [130.1832, 33.1371], [130.1836, 33.1372], [130.1911, 33.1411], [130.1914, 33.1407], [130.1913, 33.1404], [130.1917, 33.1405], [130.1918, 33.1408], [130.1915, 33.1407], [130.1913, 33.1411], [130.1924, 33.1417], [130.1926, 33.1425], [130.1902, 33.146], [130.2067, 33.1559], [130.2065, 33.1563], [130.2067, 33.1564], [130.2072, 33.1562], [130.2227, 33.1656], [130.2252, 33.1704], [130.2255, 33.1704], [130.2252, 33.1706], [130.2255, 33.171], [130.2257, 33.1707], [130.2255, 33.171], [130.2289, 33.1773], [130.2294, 33.1775], [130.2293, 33.178], [130.2321, 33.1832], [130.2323, 33.1845], [130.232, 33.1861], [130.2314, 33.1886], [130.2288, 33.1908], [130.2264, 33.1922], [130.2229, 33.1927], [130.2216, 33.1923], [130.2161, 33.1955], [130.2159, 33.1968], [130.2054, 33.1941], [130.2038, 33.1939], [130.2025, 33.1941], [130.2012, 33.1946], [130.2002, 33.1954], [130.1913, 33.2054], [130.1909, 33.2059], [130.1899, 33.2062], [130.1877, 33.2057], [130.1866, 33.2048], [130.1841, 33.2012], [130.1828, 33.2004], [130.1813, 33.1999], [130.1795, 33.1999], [130.1778, 33.2002], [130.175, 33.202], [130.1724, 33.2029], [130.1701, 33.2029], [130.168, 33.2023], [130.1668, 33.2013], [130.1663, 33.1997], [130.1678, 33.1955], [130.1679, 33.1935], [130.1677, 33.1927], [130.1668, 33.1917], [130.1628, 33.1892], [130.1613, 33.1886], [130.1603, 33.1885], [130.1586, 33.1892], [130.1556, 33.1921], [130.1534, 33.1931], [130.1481, 33.1941], [130.1446, 33.1956], [130.1435, 33.1957], [130.1398, 33.1954], [130.138, 33.1957], [130.1368, 33.1964], [130.1359, 33.1974], [130.1355, 33.1983], [130.1355, 33.1995], [130.1358, 33.2004], [130.1378, 33.2021], [130.1407, 33.2026], [130.1416, 33.2031], [130.142, 33.204], [130.142, 33.2048], [130.1417, 33.2054], [130.141, 33.206], [130.138, 33.2066], [130.1362, 33.2081], [130.1352, 33.2086], [130.1344, 33.2088], [130.1322, 33.2072], [130.1306, 33.2064], [130.1278, 33.2059], [130.127, 33.2054], [130.1262, 33.2044], [130.1259, 33.2032], [130.126, 33.2025], [130.1263, 33.2021], [130.1273, 33.2018], [130.1293, 33.2019], [130.13, 33.2017], [130.1304, 33.2013], [130.1306, 33.2007], [130.1302, 33.1987], [130.1295, 33.1974], [130.1286, 33.1965], [130.1276, 33.1962], [130.1268, 33.1961], [130.1251, 33.1967], [130.1237, 33.1974], [130.1221, 33.1987], [130.1207, 33.1986], [130.1183, 33.199], [130.117, 33.2], [130.1154, 33.2019], [130.1123, 33.2023], [130.1106, 33.2031], [130.1097, 33.204], [130.1097, 33.2045], [130.1099, 33.2051], [130.1112, 33.2063], [130.1113, 33.2087], [130.1111, 33.2098], [130.1103, 33.2105], [130.1091, 33.2105], [130.108, 33.21], [130.1064, 33.2088], [130.1061, 33.2082], [130.1054, 33.2057], [130.1061, 33.2036], [130.1059, 33.2028], [130.0993, 33.2026], [130.0984, 33.2033], [130.0983, 33.2047], [130.0965, 33.2055], [130.0947, 33.2032], [130.0945, 33.203], [130.0942, 33.2031], [130.0926, 33.2008], [130.0908, 33.202], [130.0888, 33.1996], [130.0886, 33.1971], [130.0868, 33.1953], [130.0866, 33.1908], [130.0861, 33.1901], [130.0859, 33.1888], [130.0854, 33.1882], [130.0838, 33.1876], [130.084, 33.1857], [130.0829, 33.1855], [130.0829, 33.1849], [130.0832, 33.1845], [130.0842, 33.1843], [130.0825, 33.1842], [130.0813, 33.1839], [130.0808, 33.1841], [130.0791, 33.1837], [130.0783, 33.1837], [130.0768, 33.1843], [130.0734, 33.1842], [130.07, 33.1816], [130.0712, 33.1805], [130.0712, 33.1795], [130.0746, 33.1772], [130.0749, 33.1759], [130.0766, 33.1744], [130.0771, 33.1735], [130.0769, 33.1722]]]}, "properties": {"name": "佐賀県白石町"}}, {"type": "Feature", "geometry": {"type": "MultiPolygon", "coordinates": [[[[130.0765, 32.9877], [130.0762, 32.9874], [130.0769, 32.9872], [130.0774, 32.9865], [130.0776, 32.9847], [130.0792, 32.9841], [130.0806, 32.9831], [130.0816, 32.9829], [130.0822, 32.9825], [130.0828, 32.9811], [130.0836, 32.9812], [130.0838, 32.9805], [130.0857, 32.9794], [130.0864, 32.9752], [130.0879, 32.9747], [130.0886, 32.9741], [130.0938, 32.9752], [130.0955, 32.9753], [130.098, 32.9749], [130.1, 32.9742], [130.1017, 32.9744], [130.1029, 32.9743], [130.1083, 32.9718], [130.11, 32.9716], [130.1122, 32.9722], [130.1143, 32.9724], [130.1169, 32.9709], [130.119, 32.9703], [130.123, 32.9709], [130.1248, 32.9703], [130.1274, 32.9689], [130.1308, 32.9684], [130.133, 32.9687], [130.1348, 32.9685], [130.1369, 32.9686], [130.1382, 32.9683], [130.1388, 32.9685], [130.1397, 32.9696], [130.1415, 32.9708], [130.1434, 32.9717], [130.1443, 32.9718], [130.1474, 32.9691], [130.149, 32.9655], [130.1494, 32.9631], [130.1505, 32.9624], [130.154, 32.9626], [130.1552, 32.9634], [130.157, 32.9621], [130.1627, 32.9609], [130.1653, 32.9606], [130.1668, 32.9606], [130.1714, 32.9616], [130.174, 32.9617], [130.1773, 32.9609], [130.1783, 32.9602], [130.1792, 32.9599], [130.1825, 32.9601], [130.1845, 32.9598], [130.1876, 32.9586], [130.1916, 32.9592], [130.1929, 32.9586], [130.1936, 32.9589], [130.1957, 32.959], [130.1985, 32.9595], [130.1994, 32.9589], [130.2011, 32.9589], [130.2014, 32.9586], [130.2024, 32.9586], [130.2032, 32.957], [130.2036, 32.9567], [130.2038, 32.9576], [130.2053, 32.9575], [130.2074, 32.9568], [130.2081, 32.9568], [130.2088, 32.9572], [130.2099, 32.9567], [130.2111, 32.9574], [130.2123, 32.9576], [130.2125, 32.9579], [130.2115, 32.9586], [130.2116, 32.961], [130.2098, 32.9628], [130.2087, 32.9644], [130.207, 32.9637], [130.2033, 32.965], [130.2045, 32.9648], [130.2072, 32.9638], [130.2088, 32.9645], [130.2096, 32.9637], [130.2112, 32.9625], [130.2117, 32.9625], [130.2116, 32.962], [130.2132, 32.9608], [130.2136, 32.9597], [130.2143, 32.9596], [130.2144, 32.9593], [130.2151, 32.9593], [130.2167, 32.96], [130.2171, 32.9593], [130.2172, 32.9597], [130.2187, 32.9601], [130.2186, 32.9594], [130.2191, 32.9594], [130.2187, 32.9595], [130.2187, 32.9597], [130.2191, 32.9596], [130.2195, 32.9597], [130.2194, 32.9594], [130.2196, 32.9597], [130.2208, 32.9598], [130.2206, 32.9608], [130.2195, 32.9609], [130.2192, 32.9621], [130.2201, 32.9622], [130.2211, 32.9609], [130.221, 32.9611], [130.2214, 32.9614], [130.2219, 32.9613], [130.2214, 32.9615], [130.2217, 32.9626], [130.2215, 32.9627], [130.2215, 32.9631], [130.2221, 32.9636], [130.2228, 32.9636], [130.223, 32.9611], [130.223, 32.9623], [130.2244, 32.9623], [130.2244, 32.9657], [130.2256, 32.9665], [130.2257, 32.9671], [130.2256, 32.9675], [130.2246, 32.9677], [130.2246, 32.9685], [130.2241, 32.969], [130.2237, 32.9702], [130.2239, 32.9712], [130.2231, 32.9721], [130.2233, 32.9723], [130.2244, 32.9726], [130.2226, 32.9722], [130.2226, 32.9727], [130.2233, 32.9727], [130.2231, 32.9727], [130.2231, 32.9737], [130.2233, 32.9739], [130.2239, 32.974], [130.2248, 32.9727], [130.2239, 32.974], [130.2232, 32.974], [130.2232, 32.9744], [130.2223, 32.9746], [130.2217, 32.9758], [130.2212, 32.9758], [130.2205, 32.9763], [130.2207, 32.9766], [130.2204, 32.9765], [130.2203, 32.9761], [130.2197, 32.9763], [130.2194, 32.9767], [130.2199, 32.9769], [130.2203, 32.9768], [130.2208, 32.977], [130.221, 32.9769], [130.2208, 32.9771], [130.2203, 32.9768], [130.2199, 32.977], [130.2193, 32.9768], [130.2195, 32.9772], [130.2198, 32.9772], [130.2199, 32.977], [130.2198, 32.9773], [130.2183, 32.9773], [130.2167, 32.9784], [130.2152, 32.9801], [130.2139, 32.98], [130.2132, 32.9793], [130.2124, 32.9792], [130.2118, 32.9793], [130.2111, 32.98], [130.21, 32.9802], [130.2096, 32.9805], [130.21, 32.98], [130.2093, 32.9792], [130.2094, 32.9797], [130.2092, 32.9802], [130.2094, 32.9804], [130.2089, 32.9803], [130.208, 32.9816], [130.2079, 32.9821], [130.2097, 32.9836], [130.21, 32.9835], [130.2103, 32.9827], [130.2101, 32.9835], [130.2108, 32.9838], [130.2111, 32.9842], [130.2107, 32.9846], [130.2107, 32.9852], [130.2108, 32.9852], [130.2105, 32.9865], [130.2099, 32.9864], [130.2074, 32.9873], [130.2081, 32.9881], [130.208, 32.9884], [130.2075, 32.9883], [130.2075, 32.988], [130.2072, 32.9878], [130.2061, 32.9883], [130.2059, 32.9891], [130.2068, 32.9897], [130.2068, 32.99], [130.206, 32.9899], [130.2049, 32.9907], [130.205, 32.9909], [130.2045, 32.9911], [130.2044, 32.9901], [130.2043, 32.9904], [130.2019, 32.991], [130.2004, 32.9916], [130.1979, 32.9906], [130.1967, 32.9893], [130.1964, 32.9891], [130.1958, 32.9893], [130.1964, 32.9891], [130.1961, 32.9888], [130.1948, 32.9884], [130.1921, 32.9893], [130.191, 32.9903], [130.191, 32.9914], [130.1912, 32.9913], [130.1914, 32.9919], [130.1918, 32.9917], [130.1917, 32.9924], [130.1919, 32.9929], [130.1934, 32.9942], [130.1939, 32.9955], [130.1934, 32.9955], [130.1928, 32.9967], [130.1932, 32.9969], [130.1933, 32.9975], [130.1927, 32.9979], [130.1925, 32.9979], [130.1922, 32.9988], [130.1927, 32.9994], [130.1906, 32.9995], [130.1904, 32.9999], [130.1904, 32.9995], [130.1901, 32.9995], [130.1886, 33.0002], [130.1885, 33.0006], [130.1889, 33.001], [130.1895, 33.0008], [130.1899, 33.0001], [130.1899, 33.0004], [130.1896, 33.0008], [130.1889, 33.0011], [130.1889, 33.0022], [130.1872, 33.0049], [130.1877, 33.0087], [130.1871, 33.0099], [130.1878, 33.011], [130.1875, 33.0118], [130.1864, 33.0122], [130.1859, 33.0121], [130.186, 33.0118], [130.1855, 33.0116], [130.1843, 33.0119], [130.1845, 33.0121], [130.184, 33.0122], [130.1838, 33.0125], [130.1834, 33.0124], [130.1827, 33.0133], [130.1829, 33.0134], [130.1824, 33.0137], [130.1826, 33.0138], [130.1825, 33.014], [130.1823, 33.0139], [130.1813, 33.0152], [130.1817, 33.0154], [130.1812, 33.0161], [130.1808, 33.0159], [130.1823, 33.0166], [130.1819, 33.0165], [130.1817, 33.0168], [130.1847, 33.0184], [130.1852, 33.0191], [130.1847, 33.0184], [130.1815, 33.0168], [130.1801, 33.0167], [130.1798, 33.0171], [130.1799, 33.0173], [130.1806, 33.0172], [130.1805, 33.0173], [130.1809, 33.0174], [130.1808, 33.0178], [130.18, 33.0177], [130.1798, 33.0179], [130.1793, 33.0177], [130.1792, 33.0179], [130.181, 33.0183], [130.1819, 33.0175], [130.1825, 33.0179], [130.1816, 33.0187], [130.1811, 33.0208], [130.1792, 33.0212], [130.1793, 33.0215], [130.18, 33.0216], [130.1805, 33.0235], [130.1803, 33.0239], [130.18, 33.0239], [130.1795, 33.0231], [130.179, 33.0234], [130.1794, 33.0237], [130.1795, 33.0242], [130.1828, 33.0247], [130.1828, 33.0249], [130.1816, 33.0246], [130.1814, 33.0253], [130.1801, 33.0251], [130.1789, 33.0295], [130.1778, 33.03], [130.1774, 33.0305], [130.1776, 33.0307], [130.1791, 33.031], [130.1823, 33.0306], [130.1791, 33.031], [130.1776, 33.0307], [130.1778, 33.031], [130.1766, 33.0316], [130.1762, 33.0315], [130.1758, 33.0324], [130.1762, 33.0313], [130.1758, 33.0311], [130.1754, 33.0318], [130.1757, 33.0319], [130.1754, 33.0318], [130.1749, 33.0325], [130.1754, 33.0328], [130.1749, 33.0326], [130.1726, 33.0343], [130.1715, 33.0355], [130.1712, 33.0362], [130.1712, 33.0373], [130.1718, 33.039], [130.1724, 33.0393], [130.1721, 33.0395], [130.1715, 33.0395], [130.1714, 33.0409], [130.1711, 33.0415], [130.1728, 33.0427], [130.1718, 33.0422], [130.171, 33.0431], [130.1716, 33.0435], [130.1725, 33.0431], [130.1716, 33.0435], [130.17, 33.0427], [130.17, 33.0433], [130.1688, 33.0447], [130.1688, 33.0451], [130.1692, 33.0455], [130.1696, 33.0456], [130.1698, 33.0491], [130.1695, 33.0492], [130.1696, 33.0511], [130.1662, 33.0481], [130.1648, 33.0472], [130.1642, 33.0463], [130.1626, 33.0458], [130.1613, 33.0449], [130.1589, 33.0441], [130.1562, 33.0427], [130.1557, 33.0424], [130.155, 33.0413], [130.1536, 33.0403], [130.1519, 33.04], [130.1476, 33.0388], [130.1453, 33.0371], [130.143, 33.0367], [130.142, 33.0362], [130.1404, 33.0351], [130.1329, 33.0309], [130.1285, 33.0293], [130.1265, 33.0281], [130.1256, 33.0279], [130.1254, 33.0272], [130.1237, 33.0264], [130.1231, 33.0256], [130.121, 33.0243], [130.1193, 33.024], [130.1183, 33.0235], [130.1152, 33.0228], [130.1148, 33.0255], [130.1142, 33.0269], [130.1137, 33.0258], [130.1132, 33.0253], [130.1134, 33.0243], [130.1131, 33.0233], [130.1115, 33.0237], [130.1101, 33.0237], [130.1099, 33.0231], [130.1082, 33.0209], [130.1043, 33.0195], [130.1009, 33.0176], [130.097, 33.0144], [130.0963, 33.0121], [130.0966, 33.0108], [130.0973, 33.0103], [130.097, 33.0089], [130.0972, 33.0079], [130.0966, 33.0055], [130.0956, 33.003], [130.0955, 33.0015], [130.0951, 33.0008], [130.0935, 32.9998], [130.0915, 32.997], [130.0881, 32.9937], [130.0874, 32.9936], [130.0859, 32.9941], [130.0848, 32.9941], [130.0834, 32.9937], [130.0819, 32.9936], [130.0804, 32.993], [130.078, 32.9904], [130.0778, 32.9891], [130.0773, 32.9883], [130.0765, 32.9877]]], [[[130.2231, 32.9604], [130.223, 32.9606], [130.2231, 32.9591], [130.2227, 32.9587], [130.2212, 32.9584], [130.2208, 32.9592], [130.2193, 32.9589], [130.2184, 32.9594], [130.2169, 32.9592], [130.2165, 32.9585], [130.216, 32.9563], [130.2133, 32.9545], [130.2128, 32.9548], [130.2132, 32.9545], [130.2141, 32.953], [130.2149, 32.9526], [130.216, 32.9525], [130.2171, 32.952], [130.2171, 32.9515], [130.2181, 32.9505], [130.2189, 32.9515], [130.2198, 32.952], [130.2198, 32.9527], [130.2207, 32.9531], [130.2199, 32.9528], [130.2197, 32.953], [130.22, 32.9533], [130.2196, 32.953], [130.2192, 32.9534], [130.2195, 32.9537], [130.2191, 32.9535], [130.2186, 32.954], [130.2187, 32.9544], [130.2195, 32.9552], [130.2205, 32.9552], [130.2207, 32.9548], [130.2203, 32.9545], [130.2207, 32.9547], [130.2211, 32.9543], [130.2209, 32.9541], [130.2212, 32.9543], [130.2213, 32.9542], [130.221, 32.9534], [130.2213, 32.954], [130.2225, 32.954], [130.2225, 32.9544], [130.2231, 32.9546], [130.224, 32.9557], [130.2245, 32.9557], [130.225, 32.9562], [130.2253, 32.9574], [130.2246, 32.9577], [130.2244, 32.9582], [130.2241, 32.9583], [130.224, 32.9586], [130.2232, 32.9593], [130.2231, 32.9604]]]]}, "properties": {"name": "佐賀県太良町"}}]}