{"type": "FeatureCollection", "features": [{"type": "Feature", "geometry": {"type": "MultiPolygon", "coordinates": [[[[124.0402, 24.354], [124.0404, 24.3544], [124.0406, 24.3566], [124.0397, 24.3549], [124.0402, 24.354]]], [[[123.7758, 24.4027], [123.7755, 24.4026], [123.7744, 24.4043], [123.7739, 24.4046], [123.7735, 24.4045], [123.7734, 24.404], [123.7727, 24.4037], [123.7726, 24.4043], [123.7719, 24.4042], [123.772, 24.4047], [123.7723, 24.4048], [123.7719, 24.4049], [123.7714, 24.4047], [123.7715, 24.4049], [123.7702, 24.4042], [123.7683, 24.4036], [123.7682, 24.4038], [123.7686, 24.4048], [123.7684, 24.406], [123.7687, 24.4062], [123.7726, 24.4056], [123.7731, 24.406], [123.7738, 24.4076], [123.7741, 24.4089], [123.7735, 24.4125], [123.7728, 24.4145], [123.7729, 24.4149], [123.7737, 24.4161], [123.7735, 24.4175], [123.7729, 24.4177], [123.7718, 24.4173], [123.7711, 24.4174], [123.7691, 24.4167], [123.7681, 24.4165], [123.7674, 24.4171], [123.7666, 24.4172], [123.7664, 24.4166], [123.7641, 24.4154], [123.7622, 24.415], [123.7616, 24.4151], [123.7612, 24.4143], [123.7616, 24.4134], [123.7607, 24.4121], [123.7608, 24.4112], [123.7598, 24.4099], [123.759, 24.4093], [123.7587, 24.4085], [123.7555, 24.4063], [123.7531, 24.4053], [123.7523, 24.4042], [123.751, 24.403], [123.7508, 24.4023], [123.751, 24.4013], [123.7522, 24.4005], [123.7538, 24.3977], [123.7543, 24.3975], [123.7544, 24.3962], [123.7538, 24.3934], [123.7526, 24.3914], [123.7518, 24.3911], [123.7517, 24.3916], [123.7511, 24.3917], [123.7488, 24.3911], [123.7467, 24.3913], [123.7466, 24.3919], [123.7459, 24.3926], [123.746, 24.3937], [123.7457, 24.3941], [123.7456, 24.3936], [123.743, 24.3936], [123.7432, 24.3918], [123.7429, 24.3914], [123.7424, 24.3901], [123.7428, 24.3891], [123.7434, 24.3888], [123.7431, 24.3884], [123.7434, 24.3881], [123.7438, 24.3881], [123.744, 24.3886], [123.7451, 24.3886], [123.7454, 24.389], [123.7462, 24.3886], [123.7469, 24.387], [123.7473, 24.3851], [123.7468, 24.3851], [123.7471, 24.385], [123.7472, 24.3845], [123.7467, 24.3845], [123.7466, 24.3851], [123.7466, 24.3843], [123.7479, 24.3844], [123.7478, 24.383], [123.7484, 24.3818], [123.7486, 24.3815], [123.7497, 24.3812], [123.7504, 24.3806], [123.753, 24.3769], [123.7529, 24.3745], [123.7526, 24.3736], [123.7505, 24.3712], [123.7455, 24.3689], [123.7449, 24.3688], [123.7438, 24.369], [123.7435, 24.3693], [123.7435, 24.3688], [123.743, 24.3684], [123.743, 24.368], [123.7433, 24.3679], [123.743, 24.3673], [123.7435, 24.3667], [123.7438, 24.3654], [123.7447, 24.3644], [123.7448, 24.3637], [123.7454, 24.3632], [123.7456, 24.3625], [123.7461, 24.3622], [123.7453, 24.3606], [123.7466, 24.3594], [123.7481, 24.3597], [123.7482, 24.3593], [123.7487, 24.3594], [123.7488, 24.3598], [123.751, 24.3599], [123.751, 24.3595], [123.7521, 24.3593], [123.7524, 24.3585], [123.7524, 24.359], [123.7528, 24.359], [123.7528, 24.3586], [123.7536, 24.358], [123.7524, 24.3583], [123.752, 24.3577], [123.7525, 24.3574], [123.7526, 24.3555], [123.7536, 24.3543], [123.7535, 24.3532], [123.7541, 24.352], [123.7559, 24.3513], [123.7567, 24.3504], [123.7588, 24.349], [123.7599, 24.3491], [123.7609, 24.3489], [123.7623, 24.3473], [123.7627, 24.3472], [123.7634, 24.3451], [123.7641, 24.3444], [123.7641, 24.3434], [123.7637, 24.3419], [123.7614, 24.3398], [123.7605, 24.3374], [123.7592, 24.3374], [123.7592, 24.3387], [123.7596, 24.3396], [123.7603, 24.3406], [123.761, 24.3421], [123.7619, 24.343], [123.7624, 24.3442], [123.7624, 24.3454], [123.7618, 24.3467], [123.76, 24.3479], [123.759, 24.348], [123.7578, 24.3474], [123.7566, 24.3475], [123.7542, 24.3482], [123.7532, 24.3482], [123.7528, 24.3483], [123.7511, 24.3499], [123.7508, 24.3499], [123.7506, 24.3502], [123.7494, 24.3503], [123.749, 24.3499], [123.7498, 24.349], [123.749, 24.3485], [123.7476, 24.3463], [123.7466, 24.346], [123.7466, 24.3455], [123.7471, 24.3453], [123.747, 24.3447], [123.7458, 24.3444], [123.7444, 24.3425], [123.7446, 24.342], [123.7451, 24.342], [123.746, 24.3415], [123.7463, 24.3407], [123.7467, 24.3406], [123.7471, 24.34], [123.7485, 24.3391], [123.7493, 24.339], [123.75, 24.3386], [123.7503, 24.3373], [123.7501, 24.3357], [123.7487, 24.3332], [123.7474, 24.3314], [123.747, 24.3289], [123.7474, 24.3268], [123.7473, 24.3251], [123.7464, 24.3234], [123.7469, 24.3222], [123.7481, 24.322], [123.7477, 24.3209], [123.7479, 24.3204], [123.7485, 24.32], [123.7489, 24.3189], [123.7496, 24.3185], [123.7496, 24.3179], [123.7503, 24.3165], [123.7502, 24.3144], [123.7516, 24.3133], [123.7515, 24.3112], [123.7487, 24.3072], [123.7475, 24.3003], [123.7485, 24.2993], [123.7491, 24.2991], [123.7497, 24.2983], [123.748, 24.2988], [123.7467, 24.3002], [123.7471, 24.3055], [123.7466, 24.3055], [123.7464, 24.3064], [123.7472, 24.3082], [123.7495, 24.3104], [123.7498, 24.3116], [123.7487, 24.3114], [123.7481, 24.3117], [123.7475, 24.3127], [123.7463, 24.314], [123.746, 24.3153], [123.7455, 24.3159], [123.7457, 24.3165], [123.7452, 24.3176], [123.7452, 24.3184], [123.7444, 24.3195], [123.7437, 24.3196], [123.7435, 24.3194], [123.7434, 24.3204], [123.743, 24.3203], [123.7421, 24.3192], [123.7415, 24.3173], [123.7402, 24.3152], [123.7397, 24.3148], [123.7394, 24.3149], [123.7393, 24.3161], [123.7395, 24.3171], [123.7391, 24.3189], [123.7395, 24.3194], [123.7402, 24.3195], [123.7406, 24.3208], [123.7394, 24.3215], [123.7374, 24.3243], [123.737, 24.327], [123.7361, 24.3278], [123.7365, 24.3286], [123.7377, 24.3289], [123.7377, 24.3295], [123.7368, 24.3301], [123.7369, 24.3305], [123.7367, 24.331], [123.7358, 24.3311], [123.7356, 24.3315], [123.7349, 24.3318], [123.7331, 24.3318], [123.7329, 24.3304], [123.7315, 24.3308], [123.731, 24.3305], [123.73, 24.3289], [123.729, 24.3281], [123.7294, 24.3293], [123.7293, 24.3312], [123.7284, 24.3331], [123.7286, 24.3336], [123.7283, 24.3339], [123.7284, 24.3351], [123.7291, 24.3356], [123.7291, 24.337], [123.7293, 24.3367], [123.7295, 24.3371], [123.7291, 24.3374], [123.73, 24.3394], [123.7296, 24.34], [123.7295, 24.3415], [123.7269, 24.3434], [123.7248, 24.3436], [123.7248, 24.3428], [123.7243, 24.3419], [123.7245, 24.3407], [123.7238, 24.3399], [123.7218, 24.3387], [123.7209, 24.3389], [123.7194, 24.3381], [123.7198, 24.3373], [123.7193, 24.3368], [123.7193, 24.3365], [123.7184, 24.3363], [123.7171, 24.3355], [123.7169, 24.3348], [123.7147, 24.3347], [123.7147, 24.3344], [123.714, 24.334], [123.7144, 24.3333], [123.7139, 24.3326], [123.7156, 24.3278], [123.7143, 24.3295], [123.7125, 24.3309], [123.7115, 24.3311], [123.7113, 24.3314], [123.7107, 24.3317], [123.7107, 24.3323], [123.7113, 24.3333], [123.7113, 24.3336], [123.7108, 24.3349], [123.71, 24.3358], [123.7095, 24.3374], [123.7082, 24.3386], [123.7059, 24.34], [123.7061, 24.3409], [123.7056, 24.3426], [123.7038, 24.3452], [123.7043, 24.3462], [123.7057, 24.347], [123.7061, 24.3477], [123.706, 24.3483], [123.7049, 24.3486], [123.7043, 24.3498], [123.7035, 24.3502], [123.7033, 24.3501], [123.7035, 24.3492], [123.701, 24.348], [123.7005, 24.348], [123.7, 24.3472], [123.7, 24.3465], [123.7011, 24.3451], [123.7012, 24.3427], [123.7006, 24.3417], [123.7007, 24.3395], [123.7012, 24.3378], [123.7018, 24.337], [123.7017, 24.3358], [123.7029, 24.3334], [123.7038, 24.3327], [123.7044, 24.3325], [123.7052, 24.3303], [123.706, 24.3298], [123.7063, 24.3288], [123.7064, 24.3268], [123.7068, 24.326], [123.7078, 24.3254], [123.7084, 24.3245], [123.7086, 24.3239], [123.708, 24.321], [123.7083, 24.3195], [123.7089, 24.3186], [123.7098, 24.3182], [123.7116, 24.3179], [123.7111, 24.316], [123.7089, 24.3136], [123.7086, 24.3136], [123.708, 24.3145], [123.7079, 24.3152], [123.7067, 24.3155], [123.706, 24.3154], [123.7051, 24.3148], [123.7046, 24.3152], [123.7038, 24.3134], [123.7031, 24.3136], [123.7031, 24.3144], [123.7026, 24.315], [123.7031, 24.316], [123.7035, 24.316], [123.7037, 24.3181], [123.7045, 24.318], [123.7047, 24.3182], [123.7047, 24.3187], [123.704, 24.3204], [123.7023, 24.3222], [123.7023, 24.3238], [123.7007, 24.3259], [123.7001, 24.3261], [123.6991, 24.3261], [123.6987, 24.3267], [123.6983, 24.3268], [123.6955, 24.327], [123.6941, 24.3275], [123.6932, 24.3275], [123.6916, 24.3285], [123.6915, 24.3289], [123.6898, 24.3301], [123.6884, 24.3315], [123.6865, 24.3324], [123.6854, 24.3326], [123.6832, 24.3309], [123.6808, 24.3256], [123.6802, 24.3251], [123.6806, 24.3239], [123.68, 24.3223], [123.6803, 24.3218], [123.6809, 24.3222], [123.6821, 24.3221], [123.6832, 24.322], [123.6836, 24.3215], [123.684, 24.32], [123.6832, 24.3181], [123.6832, 24.3169], [123.6838, 24.316], [123.684, 24.315], [123.6849, 24.3135], [123.6848, 24.313], [123.6856, 24.3121], [123.6874, 24.3109], [123.6874, 24.3106], [123.6848, 24.3087], [123.6819, 24.3078], [123.6809, 24.3088], [123.6802, 24.3102], [123.68, 24.3108], [123.6801, 24.3114], [123.6794, 24.3129], [123.6786, 24.3128], [123.6785, 24.3126], [123.6772, 24.3121], [123.6768, 24.3117], [123.6756, 24.3114], [123.6743, 24.3115], [123.674, 24.3124], [123.6709, 24.3141], [123.6704, 24.3139], [123.6699, 24.3132], [123.6678, 24.312], [123.6656, 24.3102], [123.6648, 24.3098], [123.6642, 24.3099], [123.6641, 24.3104], [123.6636, 24.3107], [123.6634, 24.3104], [123.6627, 24.3103], [123.6618, 24.3096], [123.6617, 24.3084], [123.6637, 24.3064], [123.6636, 24.3053], [123.6639, 24.3048], [123.6644, 24.3041], [123.6655, 24.3039], [123.666, 24.303], [123.6676, 24.3017], [123.6686, 24.3], [123.6691, 24.2979], [123.6699, 24.2964], [123.671, 24.2952], [123.6721, 24.2934], [123.6737, 24.292], [123.675, 24.2895], [123.6769, 24.2875], [123.6773, 24.2865], [123.6796, 24.2846], [123.6803, 24.2833], [123.68, 24.283], [123.6804, 24.2826], [123.6821, 24.2832], [123.686, 24.2821], [123.6907, 24.2818], [123.6923, 24.2825], [123.693, 24.2833], [123.6951, 24.2835], [123.6958, 24.2833], [123.6965, 24.2835], [123.6989, 24.282], [123.6998, 24.2817], [123.7008, 24.281], [123.7013, 24.281], [123.7014, 24.2805], [123.7033, 24.2792], [123.7048, 24.2792], [123.7062, 24.2784], [123.7074, 24.2782], [123.7099, 24.2782], [123.7116, 24.2779], [123.7156, 24.2776], [123.719, 24.2782], [123.7192, 24.2801], [123.7201, 24.2814], [123.7198, 24.2828], [123.7217, 24.2875], [123.7214, 24.2883], [123.7201, 24.2891], [123.7199, 24.2902], [123.7203, 24.2925], [123.7216, 24.2969], [123.7208, 24.2981], [123.7207, 24.2986], [123.7212, 24.2992], [123.722, 24.2995], [123.7237, 24.2996], [123.7246, 24.299], [123.7257, 24.299], [123.7273, 24.2982], [123.7327, 24.2964], [123.7346, 24.2951], [123.7366, 24.2945], [123.741, 24.2902], [123.741, 24.289], [123.7405, 24.2884], [123.7408, 24.2886], [123.7411, 24.2882], [123.7415, 24.2883], [123.7421, 24.2881], [123.7424, 24.2877], [123.7436, 24.2875], [123.7441, 24.2869], [123.7493, 24.284], [123.7496, 24.2836], [123.7522, 24.2811], [123.7554, 24.2794], [123.7559, 24.2797], [123.7603, 24.2786], [123.7637, 24.2782], [123.7672, 24.277], [123.7733, 24.2762], [123.7763, 24.275], [123.7762, 24.2749], [123.7763, 24.2747], [123.7786, 24.2748], [123.7809, 24.2763], [123.7843, 24.2764], [123.7863, 24.2755], [123.7861, 24.2753], [123.7863, 24.2752], [123.7892, 24.2752], [123.7913, 24.2749], [123.7934, 24.2739], [123.7936, 24.2735], [123.7942, 24.2737], [123.795, 24.2736], [123.7987, 24.2719], [123.8018, 24.2712], [123.8047, 24.2698], [123.8057, 24.2697], [123.8081, 24.2703], [123.8094, 24.2704], [123.8115, 24.2711], [123.8171, 24.2702], [123.8173, 24.2705], [123.8204, 24.2705], [123.8223, 24.2714], [123.8235, 24.2716], [123.8263, 24.2716], [123.8303, 24.2722], [123.8325, 24.2722], [123.8358, 24.2713], [123.8388, 24.2699], [123.8409, 24.2692], [123.8449, 24.2675], [123.8475, 24.2658], [123.8484, 24.2647], [123.8496, 24.2643], [123.8502, 24.2636], [123.8504, 24.2631], [123.8524, 24.2619], [123.8553, 24.2606], [123.857, 24.2592], [123.8599, 24.2578], [123.8621, 24.2563], [123.8631, 24.2561], [123.8634, 24.2555], [123.8639, 24.2554], [123.8644, 24.2557], [123.8667, 24.2558], [123.8673, 24.2562], [123.8684, 24.2562], [123.8735, 24.2551], [123.8764, 24.2552], [123.8781, 24.2553], [123.8809, 24.2562], [123.8807, 24.257], [123.8821, 24.2597], [123.8825, 24.2612], [123.8821, 24.263], [123.8818, 24.263], [123.8811, 24.2646], [123.881, 24.2662], [123.8817, 24.2659], [123.8845, 24.2705], [123.8829, 24.2713], [123.8841, 24.2733], [123.8836, 24.2728], [123.8828, 24.2731], [123.8832, 24.2738], [123.8833, 24.2747], [123.8834, 24.2746], [123.8836, 24.2748], [123.8859, 24.2728], [123.8831, 24.2758], [123.8825, 24.2754], [123.8808, 24.2757], [123.8803, 24.2755], [123.879, 24.2762], [123.8791, 24.2777], [123.8796, 24.2782], [123.8792, 24.2786], [123.8794, 24.2789], [123.8809, 24.2803], [123.8825, 24.2812], [123.8841, 24.2807], [123.8847, 24.2809], [123.8852, 24.2801], [123.8869, 24.2798], [123.8888, 24.2804], [123.8905, 24.2805], [123.8905, 24.2814], [123.8913, 24.28], [123.8916, 24.2803], [123.8917, 24.2789], [123.892, 24.2782], [123.8958, 24.2779], [123.8968, 24.2777], [123.8975, 24.277], [123.8985, 24.275], [123.8996, 24.2744], [123.8994, 24.2741], [123.9, 24.2739], [123.9007, 24.2739], [123.9007, 24.2736], [123.9011, 24.2736], [123.9033, 24.2744], [123.9044, 24.2752], [123.9039, 24.2778], [123.9031, 24.2789], [123.9031, 24.2803], [123.9025, 24.2819], [123.9026, 24.2831], [123.9034, 24.2836], [123.9034, 24.2838], [123.903, 24.2839], [123.9035, 24.285], [123.903, 24.2857], [123.9033, 24.286], [123.9033, 24.2887], [123.9028, 24.2901], [123.9021, 24.2909], [123.9019, 24.2921], [123.9025, 24.2929], [123.9024, 24.294], [123.9011, 24.2966], [123.899, 24.2978], [123.8989, 24.2982], [123.8996, 24.2988], [123.8995, 24.2992], [123.8992, 24.2992], [123.8996, 24.3001], [123.8991, 24.3011], [123.8997, 24.3021], [123.901, 24.3027], [123.9012, 24.3034], [123.9016, 24.3034], [123.902, 24.3042], [123.9012, 24.3058], [123.9015, 24.3066], [123.9012, 24.3069], [123.902, 24.3076], [123.902, 24.3083], [123.9025, 24.3085], [123.9027, 24.3089], [123.9036, 24.3094], [123.9043, 24.3094], [123.9044, 24.3098], [123.9051, 24.31], [123.9069, 24.3118], [123.9071, 24.3123], [123.9069, 24.3128], [123.9061, 24.313], [123.9078, 24.3151], [123.9086, 24.3177], [123.9094, 24.3186], [123.9116, 24.3199], [123.9125, 24.3198], [123.913, 24.32], [123.9132, 24.3205], [123.9128, 24.321], [123.9117, 24.3209], [123.9109, 24.3211], [123.9106, 24.3215], [123.9111, 24.3246], [123.9126, 24.3249], [123.9126, 24.3257], [123.9144, 24.3253], [123.9144, 24.3258], [123.9148, 24.3258], [123.9149, 24.3261], [123.9153, 24.3261], [123.9158, 24.3241], [123.9179, 24.3246], [123.9178, 24.3243], [123.9184, 24.3241], [123.9206, 24.3217], [123.9216, 24.3214], [123.9228, 24.3192], [123.9229, 24.3182], [123.9234, 24.3177], [123.9247, 24.3177], [123.9259, 24.3169], [123.926, 24.3157], [123.9264, 24.3154], [123.9271, 24.3152], [123.9284, 24.3162], [123.9278, 24.3163], [123.9277, 24.3165], [123.9285, 24.3186], [123.9283, 24.3199], [123.9276, 24.3201], [123.9272, 24.3207], [123.926, 24.3217], [123.9257, 24.3215], [123.9251, 24.3222], [123.9245, 24.3245], [123.9246, 24.3249], [123.925, 24.3251], [123.9251, 24.3262], [123.9259, 24.3264], [123.9275, 24.3275], [123.9283, 24.3267], [123.9291, 24.3265], [123.9296, 24.3269], [123.93, 24.3278], [123.9295, 24.3283], [123.9291, 24.3298], [123.927, 24.332], [123.9266, 24.3336], [123.9269, 24.3345], [123.9274, 24.3345], [123.9276, 24.3348], [123.9273, 24.336], [123.9278, 24.336], [123.9282, 24.3368], [123.9279, 24.3374], [123.9283, 24.3378], [123.9266, 24.3406], [123.927, 24.3417], [123.9268, 24.3428], [123.9274, 24.3438], [123.9286, 24.3453], [123.929, 24.3455], [123.9289, 24.3459], [123.9293, 24.3457], [123.9302, 24.346], [123.9308, 24.3471], [123.9317, 24.3473], [123.9324, 24.3471], [123.933, 24.3475], [123.9331, 24.3478], [123.9346, 24.3484], [123.935, 24.3497], [123.9358, 24.3493], [123.9364, 24.3497], [123.9369, 24.352], [123.9374, 24.3534], [123.9381, 24.3537], [123.9382, 24.354], [123.9377, 24.355], [123.9382, 24.3587], [123.9385, 24.359], [123.9396, 24.3593], [123.9406, 24.3606], [123.9402, 24.3634], [123.9396, 24.3651], [123.9384, 24.3657], [123.9275, 24.3657], [123.9223, 24.3668], [123.9218, 24.3678], [123.9218, 24.3685], [123.9198, 24.37], [123.9182, 24.3719], [123.9184, 24.3745], [123.9176, 24.3768], [123.9173, 24.3786], [123.9168, 24.3785], [123.9152, 24.3792], [123.9113, 24.3815], [123.9081, 24.3829], [123.9072, 24.3839], [123.9073, 24.3843], [123.907, 24.3848], [123.9058, 24.3849], [123.903, 24.3856], [123.9001, 24.384], [123.8995, 24.3839], [123.8962, 24.3848], [123.895, 24.3857], [123.8946, 24.387], [123.8923, 24.3877], [123.8912, 24.3875], [123.8912, 24.3865], [123.8898, 24.385], [123.889, 24.3849], [123.8872, 24.3841], [123.8868, 24.3849], [123.8854, 24.3865], [123.8847, 24.3866], [123.8822, 24.3887], [123.8817, 24.3903], [123.881, 24.3913], [123.8807, 24.3927], [123.8813, 24.3948], [123.8808, 24.3962], [123.8807, 24.3983], [123.8815, 24.4], [123.8797, 24.401], [123.8773, 24.4017], [123.8745, 24.4029], [123.8734, 24.4039], [123.8714, 24.4038], [123.8701, 24.4046], [123.8687, 24.4044], [123.8682, 24.4041], [123.8681, 24.4015], [123.8669, 24.3994], [123.8673, 24.3984], [123.8672, 24.3979], [123.8661, 24.3967], [123.864, 24.395], [123.8633, 24.395], [123.8635, 24.3944], [123.863, 24.3951], [123.8625, 24.3953], [123.8619, 24.3953], [123.8614, 24.3948], [123.8609, 24.3953], [123.8572, 24.3971], [123.8551, 24.3984], [123.8545, 24.3992], [123.855, 24.3997], [123.8548, 24.4026], [123.8543, 24.403], [123.8537, 24.4029], [123.8528, 24.4035], [123.8522, 24.4033], [123.8503, 24.404], [123.8488, 24.4042], [123.8484, 24.4046], [123.8479, 24.4039], [123.8456, 24.4034], [123.8444, 24.4024], [123.8394, 24.4035], [123.8373, 24.4045], [123.8359, 24.4056], [123.8337, 24.4066], [123.8329, 24.4078], [123.8324, 24.4074], [123.8316, 24.4055], [123.8309, 24.4053], [123.8302, 24.4054], [123.8299, 24.405], [123.8301, 24.4048], [123.8298, 24.4022], [123.83, 24.401], [123.8294, 24.3997], [123.8295, 24.3991], [123.8286, 24.3981], [123.828, 24.3984], [123.827, 24.3974], [123.8262, 24.397], [123.8254, 24.397], [123.824, 24.3972], [123.8239, 24.3983], [123.8223, 24.3985], [123.8221, 24.398], [123.8225, 24.3966], [123.8218, 24.3937], [123.8224, 24.3936], [123.8219, 24.3932], [123.822, 24.3927], [123.8224, 24.3923], [123.8212, 24.3915], [123.821, 24.3919], [123.8201, 24.3923], [123.8159, 24.3905], [123.8157, 24.3908], [123.8165, 24.3916], [123.8166, 24.393], [123.8158, 24.3936], [123.8156, 24.3942], [123.8149, 24.3939], [123.8143, 24.3943], [123.8106, 24.3983], [123.8094, 24.4002], [123.8093, 24.4009], [123.8097, 24.4008], [123.8096, 24.4004], [123.8102, 24.4], [123.815, 24.399], [123.815, 24.3993], [123.8109, 24.4004], [123.8104, 24.401], [123.8102, 24.4028], [123.8104, 24.4041], [123.8112, 24.405], [123.8115, 24.4048], [123.8116, 24.4051], [123.812, 24.4051], [123.8125, 24.4068], [123.8121, 24.4069], [123.8126, 24.4073], [123.813, 24.4091], [123.812, 24.411], [123.808, 24.4119], [123.8078, 24.4122], [123.8052, 24.4129], [123.8012, 24.4153], [123.8008, 24.4159], [123.801, 24.4169], [123.8, 24.4174], [123.7997, 24.4183], [123.7994, 24.4182], [123.7993, 24.4185], [123.7996, 24.419], [123.8006, 24.4191], [123.8008, 24.4187], [123.8012, 24.4188], [123.8015, 24.4183], [123.8006, 24.4205], [123.7999, 24.4211], [123.7998, 24.4223], [123.7983, 24.4234], [123.7979, 24.4239], [123.7962, 24.4246], [123.7955, 24.4256], [123.7945, 24.4258], [123.7932, 24.4268], [123.7924, 24.427], [123.791, 24.4282], [123.7905, 24.4289], [123.7897, 24.4293], [123.7873, 24.4321], [123.784, 24.4351], [123.7831, 24.4364], [123.7834, 24.4376], [123.7824, 24.4373], [123.7811, 24.4375], [123.7761, 24.4362], [123.7756, 24.4362], [123.7749, 24.4372], [123.7737, 24.437], [123.7729, 24.4373], [123.7722, 24.4369], [123.7715, 24.437], [123.7711, 24.4368], [123.7702, 24.4369], [123.7702, 24.4366], [123.7695, 24.4367], [123.7691, 24.4363], [123.7669, 24.4351], [123.7666, 24.4341], [123.7663, 24.4339], [123.7658, 24.434], [123.7662, 24.4333], [123.7659, 24.4327], [123.7647, 24.4316], [123.7644, 24.4308], [123.7642, 24.4308], [123.7641, 24.4299], [123.7646, 24.4291], [123.7644, 24.4286], [123.7647, 24.4286], [123.7649, 24.4279], [123.7646, 24.4268], [123.7656, 24.4257], [123.7653, 24.4253], [123.7656, 24.4251], [123.7669, 24.4259], [123.7672, 24.4276], [123.7671, 24.4278], [123.7674, 24.428], [123.7677, 24.4279], [123.7678, 24.4284], [123.7704, 24.4283], [123.7712, 24.4281], [123.7732, 24.4258], [123.7745, 24.4232], [123.7742, 24.4212], [123.7736, 24.4199], [123.7737, 24.4194], [123.7748, 24.419], [123.7759, 24.419], [123.778, 24.4178], [123.7779, 24.4169], [123.7784, 24.4158], [123.7783, 24.4152], [123.7785, 24.4133], [123.7772, 24.4119], [123.7774, 24.4114], [123.7773, 24.4105], [123.7774, 24.4087], [123.7771, 24.4055], [123.7774, 24.4041], [123.7758, 24.4027]]], [[[123.7768, 24.4381], [123.7766, 24.4385], [123.7762, 24.4381], [123.7763, 24.4377], [123.7769, 24.4377], [123.7772, 24.4373], [123.7776, 24.4374], [123.7775, 24.4382], [123.7769, 24.4379], [123.7768, 24.4381]]], [[[123.7721, 24.4192], [123.7713, 24.4188], [123.7714, 24.4183], [123.7719, 24.418], [123.7728, 24.418], [123.7721, 24.4192]]], [[[123.8186, 24.42], [123.8184, 24.4202], [123.8183, 24.4198], [123.8191, 24.4196], [123.8191, 24.4199], [123.8186, 24.42]]], [[[123.8216, 24.4192], [123.8204, 24.4196], [123.8201, 24.4193], [123.8215, 24.4183], [123.8218, 24.4186], [123.8216, 24.4192]]], [[[123.9359, 24.3443], [123.9361, 24.3451], [123.9358, 24.3461], [123.9352, 24.3471], [123.9343, 24.3458], [123.9347, 24.3442], [123.9344, 24.344], [123.9328, 24.344], [123.9314, 24.3435], [123.9305, 24.3425], [123.931, 24.3419], [123.931, 24.3414], [123.9325, 24.3414], [123.9339, 24.3421], [123.9354, 24.3434], [123.9359, 24.3443]]], [[[123.8685, 24.405], [123.8686, 24.4052], [123.8682, 24.4055], [123.8673, 24.4055], [123.8675, 24.4052], [123.8685, 24.405]]], [[[123.8674, 24.4049], [123.8673, 24.4052], [123.8666, 24.4053], [123.866, 24.405], [123.8663, 24.4048], [123.8674, 24.4049]]], [[[123.9428, 24.368], [123.9429, 24.3684], [123.9421, 24.3675], [123.9415, 24.3656], [123.9418, 24.3649], [123.9421, 24.3651], [123.9429, 24.3665], [123.9439, 24.3672], [123.9436, 24.3683], [123.9428, 24.368]]], [[[123.9035, 24.2927], [123.9036, 24.2934], [123.9032, 24.2939], [123.9028, 24.2936], [123.9028, 24.2931], [123.903, 24.2927], [123.9035, 24.2927]]], [[[123.7451, 24.3857], [123.7445, 24.3861], [123.7446, 24.3856], [123.7451, 24.3857]]], [[[123.7252, 24.38], [123.7241, 24.3798], [123.724, 24.3795], [123.7206, 24.3789], [123.7178, 24.378], [123.7158, 24.3776], [123.7152, 24.378], [123.7144, 24.3779], [123.7134, 24.3771], [123.7126, 24.3768], [123.7116, 24.3756], [123.711, 24.3734], [123.7113, 24.3712], [123.7116, 24.3705], [123.713, 24.3694], [123.7139, 24.3689], [123.7146, 24.3681], [123.7165, 24.3668], [123.7168, 24.3661], [123.7182, 24.3652], [123.7186, 24.3652], [123.7191, 24.3664], [123.7194, 24.3664], [123.7209, 24.3657], [123.7196, 24.3675], [123.7195, 24.3679], [123.7201, 24.3703], [123.7203, 24.3725], [123.7211, 24.3742], [123.7222, 24.3757], [123.7236, 24.3765], [123.7256, 24.3769], [123.7267, 24.3766], [123.7272, 24.3758], [123.7282, 24.3757], [123.7286, 24.376], [123.7286, 24.3771], [123.7283, 24.3778], [123.7274, 24.3788], [123.726, 24.3792], [123.7252, 24.38]]], [[[123.7313, 24.363], [123.7326, 24.3634], [123.7334, 24.3644], [123.7315, 24.3657], [123.7308, 24.3654], [123.73, 24.364], [123.7299, 24.3629], [123.7278, 24.3631], [123.7255, 24.3639], [123.7251, 24.365], [123.7247, 24.3651], [123.7241, 24.3646], [123.724, 24.3637], [123.7245, 24.3611], [123.7239, 24.3608], [123.7242, 24.3604], [123.724, 24.3591], [123.725, 24.3578], [123.7272, 24.3571], [123.7301, 24.3529], [123.7308, 24.3527], [123.7313, 24.3519], [123.7333, 24.3513], [123.7349, 24.3495], [123.7369, 24.3486], [123.7407, 24.3459], [123.7422, 24.3459], [123.7437, 24.3474], [123.7445, 24.3479], [123.7443, 24.3499], [123.7434, 24.3509], [123.7437, 24.3513], [123.7444, 24.3515], [123.7443, 24.3519], [123.7438, 24.3524], [123.744, 24.3532], [123.7439, 24.3539], [123.7427, 24.3548], [123.7417, 24.3553], [123.7417, 24.3562], [123.7413, 24.3571], [123.7396, 24.3585], [123.7393, 24.3583], [123.7361, 24.3588], [123.7336, 24.3597], [123.7317, 24.3611], [123.7312, 24.3624], [123.7313, 24.363]]], [[[123.6979, 24.3461], [123.6975, 24.3458], [123.6976, 24.3456], [123.6988, 24.3456], [123.6986, 24.346], [123.6979, 24.3461]]], [[[123.6837, 24.3329], [123.6839, 24.3334], [123.6832, 24.3333], [123.6829, 24.333], [123.6837, 24.3329]]], [[[123.6906, 24.2804], [123.691, 24.2809], [123.6904, 24.2807], [123.6906, 24.2804]]], [[[123.6917, 24.2803], [123.6918, 24.2807], [123.6913, 24.2807], [123.6914, 24.2802], [123.6917, 24.2803]]], [[[123.5649, 24.1958], [123.5642, 24.1964], [123.5615, 24.1956], [123.5609, 24.1958], [123.5608, 24.1955], [123.5611, 24.1947], [123.5607, 24.1943], [123.5582, 24.193], [123.5551, 24.1924], [123.5563, 24.192], [123.5571, 24.192], [123.5584, 24.1924], [123.5591, 24.1922], [123.5609, 24.1925], [123.5618, 24.1928], [123.5628, 24.1938], [123.5655, 24.1946], [123.5663, 24.1953], [123.5688, 24.1954], [123.5695, 24.1951], [123.5697, 24.1955], [123.5694, 24.1965], [123.5649, 24.1958]]], [[[123.8206, 24.4672], [123.8209, 24.4672], [123.8209, 24.4678], [123.8216, 24.4678], [123.8217, 24.4681], [123.824, 24.468], [123.8248, 24.4682], [123.8253, 24.4689], [123.8262, 24.4708], [123.8263, 24.4719], [123.8247, 24.4745], [123.8238, 24.4753], [123.8235, 24.4753], [123.8229, 24.4762], [123.8216, 24.4767], [123.8184, 24.477], [123.8178, 24.4769], [123.8171, 24.4772], [123.8156, 24.4771], [123.8149, 24.4766], [123.8138, 24.4752], [123.8138, 24.4733], [123.8144, 24.4724], [123.8163, 24.4701], [123.8169, 24.4689], [123.8185, 24.4683], [123.8196, 24.4682], [123.8196, 24.4678], [123.8207, 24.4677], [123.8206, 24.4672]]], [[[123.9733, 24.3549], [123.9723, 24.3549], [123.9716, 24.3542], [123.9711, 24.3542], [123.9694, 24.3533], [123.9673, 24.3527], [123.9647, 24.3514], [123.9645, 24.3506], [123.9633, 24.3494], [123.9635, 24.3482], [123.9657, 24.3463], [123.9674, 24.3453], [123.9699, 24.343], [123.9694, 24.3412], [123.9702, 24.3402], [123.9699, 24.3392], [123.9689, 24.3385], [123.9663, 24.3382], [123.9649, 24.3373], [123.9627, 24.3369], [123.9626, 24.3362], [123.9614, 24.3358], [123.9598, 24.3361], [123.9585, 24.3356], [123.9565, 24.3359], [123.954, 24.3368], [123.9525, 24.335], [123.9522, 24.3338], [123.9515, 24.3326], [123.9522, 24.3323], [123.9524, 24.3327], [123.953, 24.3324], [123.9531, 24.3328], [123.9546, 24.332], [123.955, 24.333], [123.9573, 24.3336], [123.9614, 24.3344], [123.9624, 24.3341], [123.9626, 24.3337], [123.9623, 24.3332], [123.9629, 24.3325], [123.9632, 24.3329], [123.9671, 24.3331], [123.9682, 24.3327], [123.9687, 24.3329], [123.971, 24.3326], [123.9714, 24.3324], [123.9715, 24.3317], [123.972, 24.3316], [123.9727, 24.3319], [123.9734, 24.332], [123.9795, 24.3312], [123.981, 24.3313], [123.9841, 24.3309], [123.9862, 24.3304], [123.9878, 24.3298], [123.9884, 24.3291], [123.9886, 24.3274], [123.9884, 24.3259], [123.9889, 24.3255], [123.9888, 24.3246], [123.991, 24.3238], [123.9919, 24.3236], [123.9933, 24.3236], [123.9965, 24.3254], [124.0031, 24.3273], [124.0036, 24.3283], [124.0036, 24.3297], [124.0016, 24.3332], [123.9991, 24.335], [123.998, 24.3348], [123.9961, 24.3354], [123.9935, 24.3368], [123.9915, 24.3384], [123.9895, 24.3411], [123.9894, 24.344], [123.9897, 24.3445], [123.9901, 24.3448], [123.9904, 24.3448], [123.9914, 24.344], [123.9921, 24.3448], [123.9918, 24.345], [123.9926, 24.3457], [123.9938, 24.3455], [123.9939, 24.3458], [123.9933, 24.3457], [123.9932, 24.3459], [123.9934, 24.3459], [123.9935, 24.3464], [123.9928, 24.3464], [123.9897, 24.3486], [123.9849, 24.3512], [123.9825, 24.3528], [123.9785, 24.354], [123.9769, 24.354], [123.9764, 24.3543], [123.9757, 24.3543], [123.9751, 24.3547], [123.9733, 24.3549]]], [[[124.0027, 24.3636], [124.0017, 24.3654], [124, 24.3664], [123.9999, 24.3668], [123.9993, 24.367], [123.9985, 24.3666], [123.998, 24.3659], [123.9967, 24.3654], [123.9958, 24.3643], [123.9967, 24.362], [123.9977, 24.3618], [123.9991, 24.3608], [124.0009, 24.3602], [124.0025, 24.3609], [124.0036, 24.361], [124.0043, 24.362], [124.0027, 24.3636]]], [[[124.0919, 24.3368], [124.0907, 24.3375], [124.0906, 24.3379], [124.0903, 24.3382], [124.09, 24.3383], [124.087, 24.3404], [124.0857, 24.3404], [124.0841, 24.34], [124.0832, 24.3392], [124.083, 24.3385], [124.0822, 24.3378], [124.0806, 24.3358], [124.0799, 24.3333], [124.0795, 24.3294], [124.0782, 24.3259], [124.0778, 24.3256], [124.0759, 24.3252], [124.077, 24.3219], [124.0767, 24.3207], [124.0779, 24.3172], [124.0802, 24.3134], [124.0824, 24.3121], [124.0857, 24.3117], [124.0891, 24.3122], [124.0915, 24.3131], [124.0934, 24.3143], [124.0977, 24.3186], [124.0996, 24.3198], [124.1016, 24.3202], [124.102, 24.3207], [124.1004, 24.3238], [124.0988, 24.3291], [124.0972, 24.3307], [124.0955, 24.3332], [124.096, 24.3336], [124.0957, 24.334], [124.0952, 24.3337], [124.095, 24.334], [124.0954, 24.3343], [124.0942, 24.3354], [124.095, 24.3359], [124.0946, 24.3365], [124.0938, 24.3359], [124.0931, 24.3367], [124.0925, 24.3363], [124.0919, 24.3368]]], [[[124.0017, 24.2545], [123.9994, 24.2539], [123.9984, 24.254], [123.9965, 24.2524], [123.996, 24.2527], [123.996, 24.2523], [123.9932, 24.2506], [123.9925, 24.2499], [123.9916, 24.2489], [123.9911, 24.2474], [123.9913, 24.2441], [123.9911, 24.2417], [123.9913, 24.2411], [123.9919, 24.2406], [123.9925, 24.2392], [123.9922, 24.2382], [123.9929, 24.2375], [123.9934, 24.2374], [123.9941, 24.2366], [123.9942, 24.2368], [123.9947, 24.2365], [123.9962, 24.2329], [123.9982, 24.2308], [123.9989, 24.2297], [123.9998, 24.2271], [124.0014, 24.2241], [124.0027, 24.2233], [124.0042, 24.2214], [124.0057, 24.2208], [124.0069, 24.2208], [124.0079, 24.2204], [124.0109, 24.2207], [124.0117, 24.2211], [124.0126, 24.2211], [124.0158, 24.2226], [124.0163, 24.2231], [124.0205, 24.2257], [124.0207, 24.2261], [124.022, 24.2269], [124.0219, 24.2273], [124.0223, 24.2271], [124.0234, 24.228], [124.0234, 24.2282], [124.0237, 24.2281], [124.0242, 24.2286], [124.0241, 24.2289], [124.0244, 24.229], [124.0246, 24.2296], [124.0253, 24.2297], [124.0255, 24.2301], [124.0261, 24.2299], [124.0274, 24.2307], [124.0291, 24.2333], [124.0294, 24.2349], [124.0298, 24.2357], [124.0302, 24.2378], [124.0298, 24.242], [124.0286, 24.2454], [124.0268, 24.2482], [124.0259, 24.2488], [124.0259, 24.2492], [124.0256, 24.2492], [124.0255, 24.2497], [124.0242, 24.2501], [124.024, 24.2504], [124.0236, 24.2496], [124.0228, 24.2493], [124.0226, 24.2485], [124.0215, 24.2477], [124.0184, 24.2472], [124.016, 24.2472], [124.0104, 24.2496], [124.0072, 24.2507], [124.0028, 24.2527], [124.0029, 24.2531], [124.0024, 24.2532], [124.0025, 24.2535], [124.0015, 24.2537], [124.0015, 24.254], [124.0014, 24.2538], [124.001, 24.2539], [124.001, 24.2541], [124.0017, 24.2545]]], [[[123.9344, 24.2209], [123.9336, 24.2215], [123.9321, 24.2209], [123.9289, 24.2205], [123.927, 24.2208], [123.9264, 24.2212], [123.9249, 24.2209], [123.9249, 24.2204], [123.9241, 24.2201], [123.9241, 24.2198], [123.9233, 24.219], [123.9216, 24.2183], [123.9208, 24.2173], [123.9221, 24.2164], [123.923, 24.2138], [123.9235, 24.2134], [123.9239, 24.2134], [123.9255, 24.2114], [123.9262, 24.2112], [123.927, 24.2104], [123.9295, 24.2092], [123.9315, 24.2088], [123.9326, 24.209], [123.9333, 24.2096], [123.9343, 24.2101], [123.9359, 24.2119], [123.9367, 24.215], [123.9365, 24.2176], [123.9361, 24.2183], [123.9349, 24.2191], [123.9344, 24.2209]]], [[[123.9542, 24.2374], [123.9546, 24.2388], [123.9545, 24.2396], [123.9524, 24.2422], [123.9505, 24.243], [123.9491, 24.2429], [123.9479, 24.2421], [123.946, 24.2402], [123.9438, 24.2388], [123.9424, 24.2376], [123.9414, 24.2369], [123.9412, 24.2373], [123.9408, 24.2373], [123.941, 24.2368], [123.9408, 24.2365], [123.9406, 24.2367], [123.9408, 24.2362], [123.9404, 24.2359], [123.94, 24.2358], [123.9392, 24.236], [123.9395, 24.2353], [123.9391, 24.2348], [123.9393, 24.2339], [123.9386, 24.2316], [123.9362, 24.2279], [123.936, 24.2268], [123.9363, 24.2254], [123.9366, 24.2252], [123.9384, 24.2249], [123.9389, 24.2252], [123.9399, 24.2251], [123.9404, 24.2256], [123.9416, 24.2258], [123.9428, 24.2268], [123.9453, 24.2298], [123.9476, 24.2315], [123.9478, 24.2315], [123.9483, 24.2322], [123.9492, 24.2323], [123.9542, 24.2374]]], [[[123.7868, 24.0717], [123.78, 24.0716], [123.7795, 24.0712], [123.7774, 24.0715], [123.7762, 24.0713], [123.7736, 24.0703], [123.7724, 24.0693], [123.7697, 24.0681], [123.769, 24.068], [123.7688, 24.0684], [123.7669, 24.0676], [123.7664, 24.0679], [123.7661, 24.0677], [123.7665, 24.0671], [123.7644, 24.0662], [123.7641, 24.0658], [123.7643, 24.0655], [123.7632, 24.0648], [123.7592, 24.0635], [123.7547, 24.0631], [123.7541, 24.0628], [123.754, 24.0622], [123.7548, 24.059], [123.7546, 24.0583], [123.7536, 24.0578], [123.7533, 24.057], [123.7534, 24.0562], [123.7529, 24.0554], [123.7528, 24.0545], [123.7535, 24.0525], [123.7562, 24.05], [123.757, 24.0495], [123.7596, 24.0488], [123.7615, 24.0485], [123.7626, 24.0486], [123.7629, 24.0488], [123.765, 24.0486], [123.7661, 24.0481], [123.7667, 24.0482], [123.767, 24.0477], [123.7682, 24.0477], [123.7689, 24.0479], [123.7692, 24.0477], [123.77, 24.0478], [123.7718, 24.0474], [123.7725, 24.0476], [123.7749, 24.0469], [123.7753, 24.0471], [123.7756, 24.0468], [123.7766, 24.0472], [123.7818, 24.0479], [123.7827, 24.0477], [123.7837, 24.0471], [123.7848, 24.0459], [123.7861, 24.046], [123.7882, 24.0457], [123.7893, 24.0459], [123.7906, 24.0458], [123.7934, 24.0458], [123.7947, 24.0461], [123.7955, 24.046], [123.796, 24.0468], [123.7957, 24.0474], [123.7959, 24.0473], [123.7968, 24.0483], [123.7972, 24.048], [123.7979, 24.0487], [123.7983, 24.0485], [123.7988, 24.0491], [123.7999, 24.0488], [123.8018, 24.0491], [123.8031, 24.0489], [123.8031, 24.0493], [123.8036, 24.0492], [123.8038, 24.0499], [123.804, 24.0496], [123.8052, 24.0497], [123.8054, 24.05], [123.8048, 24.0504], [123.8056, 24.0517], [123.8062, 24.0543], [123.8087, 24.057], [123.8101, 24.0594], [123.8106, 24.0615], [123.8101, 24.0635], [123.8093, 24.0649], [123.8069, 24.0664], [123.8047, 24.0674], [123.8, 24.0688], [123.7959, 24.0703], [123.7896, 24.0717], [123.7868, 24.0717]]]]}, "properties": {"name": "沖縄県竹富町"}}, {"type": "Feature", "geometry": {"type": "MultiPolygon", "coordinates": [[[[127.9179, 26.909], [127.9181, 26.9094], [127.9173, 26.9096], [127.9174, 26.9092], [127.9179, 26.909]]], [[[127.9583, 26.9193], [127.9581, 26.9195], [127.9574, 26.9191], [127.9573, 26.9183], [127.958, 26.9185], [127.958, 26.919], [127.9586, 26.9186], [127.9594, 26.9189], [127.9591, 26.9193], [127.9583, 26.9193]]], [[[127.9535, 26.9292], [127.9544, 26.9298], [127.9549, 26.9329], [127.9543, 26.933], [127.9553, 26.9335], [127.956, 26.9347], [127.9568, 26.935], [127.957, 26.9347], [127.9573, 26.9349], [127.9572, 26.936], [127.9569, 26.9362], [127.9569, 26.9377], [127.9572, 26.9383], [127.9567, 26.9418], [127.9567, 26.9431], [127.957, 26.9432], [127.957, 26.9435], [127.9565, 26.9437], [127.9565, 26.9448], [127.9563, 26.9449], [127.9561, 26.9447], [127.9556, 26.9453], [127.9555, 26.9457], [127.9539, 26.9465], [127.9538, 26.9469], [127.9523, 26.9471], [127.9509, 26.9477], [127.9488, 26.9497], [127.949, 26.9498], [127.9489, 26.95], [127.9486, 26.9499], [127.9482, 26.9503], [127.9483, 26.9511], [127.9474, 26.9511], [127.9469, 26.9505], [127.9459, 26.9505], [127.9456, 26.9507], [127.9457, 26.9514], [127.9454, 26.9518], [127.9435, 26.9522], [127.9428, 26.952], [127.9428, 26.9526], [127.9423, 26.9527], [127.9417, 26.9533], [127.9414, 26.9531], [127.9407, 26.9539], [127.9404, 26.9537], [127.94, 26.9539], [127.9384, 26.9552], [127.9382, 26.9556], [127.9376, 26.9557], [127.9367, 26.9548], [127.9366, 26.954], [127.9356, 26.953], [127.9333, 26.952], [127.9299, 26.951], [127.9285, 26.9507], [127.9283, 26.9511], [127.9277, 26.9504], [127.9245, 26.9498], [127.924, 26.9488], [127.9233, 26.9482], [127.9208, 26.9477], [127.9199, 26.948], [127.919, 26.9475], [127.9184, 26.9465], [127.9169, 26.9457], [127.9165, 26.9457], [127.9165, 26.9437], [127.9162, 26.9433], [127.9153, 26.9428], [127.9155, 26.9424], [127.9133, 26.9384], [127.912, 26.9375], [127.9118, 26.9371], [127.9134, 26.9348], [127.9148, 26.9343], [127.915, 26.9343], [127.9156, 26.935], [127.9179, 26.9353], [127.9189, 26.9358], [127.9201, 26.9347], [127.9193, 26.9358], [127.9195, 26.936], [127.9199, 26.9358], [127.9206, 26.9363], [127.921, 26.9359], [127.9212, 26.9361], [127.9217, 26.9356], [127.9214, 26.9354], [127.9218, 26.935], [127.9209, 26.9342], [127.9203, 26.9344], [127.9221, 26.9309], [127.9218, 26.9304], [127.921, 26.9302], [127.9213, 26.9301], [127.9209, 26.9296], [127.9208, 26.927], [127.9198, 26.9263], [127.9201, 26.9256], [127.92, 26.9251], [127.9189, 26.9247], [127.9192, 26.9244], [127.9198, 26.9246], [127.9201, 26.924], [127.9198, 26.9234], [127.9187, 26.9227], [127.9187, 26.9224], [127.9191, 26.9224], [127.9196, 26.9227], [127.9196, 26.9222], [127.92, 26.9221], [127.9204, 26.9223], [127.9206, 26.9221], [127.9206, 26.9218], [127.9195, 26.9212], [127.9196, 26.921], [127.9204, 26.921], [127.921, 26.9205], [127.9214, 26.9191], [127.9227, 26.9183], [127.9223, 26.9179], [127.9236, 26.918], [127.9239, 26.9183], [127.9263, 26.918], [127.9284, 26.9162], [127.9297, 26.9144], [127.9292, 26.9138], [127.9294, 26.9137], [127.9295, 26.9141], [127.9301, 26.9138], [127.9299, 26.9135], [127.9296, 26.9136], [127.9301, 26.9132], [127.9312, 26.9134], [127.9332, 26.9143], [127.9343, 26.9145], [127.9349, 26.9143], [127.9352, 26.9132], [127.9362, 26.9126], [127.9354, 26.9132], [127.9356, 26.9141], [127.936, 26.9142], [127.936, 26.9136], [127.936, 26.9139], [127.9365, 26.9139], [127.9365, 26.9134], [127.9361, 26.9133], [127.9366, 26.9133], [127.9369, 26.9126], [127.9369, 26.9131], [127.9374, 26.9135], [127.9389, 26.9118], [127.9388, 26.911], [127.9373, 26.9121], [127.9368, 26.912], [127.9373, 26.912], [127.9388, 26.9109], [127.939, 26.9109], [127.9389, 26.9105], [127.9397, 26.9112], [127.9399, 26.9117], [127.9413, 26.9123], [127.9419, 26.9121], [127.9427, 26.9121], [127.9445, 26.9134], [127.9458, 26.9132], [127.9459, 26.9129], [127.9462, 26.9136], [127.947, 26.9137], [127.9474, 26.9131], [127.9479, 26.913], [127.9488, 26.9138], [127.9493, 26.9137], [127.9495, 26.9132], [127.9496, 26.9138], [127.9499, 26.9138], [127.9507, 26.9132], [127.9512, 26.9134], [127.9513, 26.9137], [127.9518, 26.9135], [127.9517, 26.9138], [127.9522, 26.9136], [127.9528, 26.9137], [127.9528, 26.9141], [127.9533, 26.914], [127.9533, 26.9143], [127.9538, 26.9142], [127.9541, 26.9146], [127.9538, 26.9149], [127.9541, 26.9149], [127.9538, 26.9153], [127.9539, 26.9158], [127.9534, 26.916], [127.9536, 26.9161], [127.9532, 26.9163], [127.9531, 26.9167], [127.9527, 26.9164], [127.9517, 26.9174], [127.9511, 26.9197], [127.9512, 26.9202], [127.9516, 26.9202], [127.9516, 26.9205], [127.9512, 26.9204], [127.9509, 26.9206], [127.9503, 26.9217], [127.95, 26.9235], [127.9501, 26.924], [127.9506, 26.9239], [127.9507, 26.9249], [127.9516, 26.9247], [127.9517, 26.9252], [127.951, 26.9253], [127.9509, 26.9251], [127.9503, 26.9254], [127.9504, 26.9262], [127.9507, 26.9262], [127.9508, 26.927], [127.9506, 26.9271], [127.9506, 26.9275], [127.9503, 26.9276], [127.9507, 26.9286], [127.9524, 26.9284], [127.9524, 26.9286], [127.9532, 26.9286], [127.9535, 26.9292]]], [[[127.9239, 26.9026], [127.9222, 26.9026], [127.9206, 26.9021], [127.9202, 26.9015], [127.9212, 26.8999], [127.922, 26.8976], [127.9219, 26.8966], [127.9213, 26.8957], [127.9215, 26.8949], [127.9212, 26.8945], [127.9233, 26.894], [127.9237, 26.8937], [127.9241, 26.8938], [127.9267, 26.8931], [127.929, 26.8916], [127.9307, 26.8917], [127.9329, 26.8936], [127.9339, 26.8941], [127.934, 26.8945], [127.932, 26.8952], [127.9294, 26.8951], [127.9282, 26.8953], [127.9269, 26.8968], [127.9262, 26.8988], [127.9264, 26.9], [127.9269, 26.9009], [127.9275, 26.901], [127.9287, 26.9005], [127.9294, 26.9007], [127.9304, 26.9016], [127.9302, 26.902], [127.9296, 26.902], [127.9291, 26.9013], [127.9279, 26.9014], [127.9258, 26.9025], [127.9239, 26.9026]]], [[[127.9182, 26.9016], [127.9176, 26.9014], [127.918, 26.9009], [127.9183, 26.9013], [127.9185, 26.9011], [127.9185, 26.9014], [127.9182, 26.9016]]], [[[127.9516, 26.9819], [127.951, 26.9816], [127.951, 26.9813], [127.9518, 26.9815], [127.9519, 26.9817], [127.9515, 26.9818], [127.9516, 26.9819]]], [[[127.9507, 26.9859], [127.9501, 26.9859], [127.95, 26.9856], [127.9506, 26.9856], [127.9507, 26.9859]]], [[[127.9478, 26.9776], [127.9483, 26.9789], [127.9478, 26.9789], [127.9476, 26.9776], [127.9462, 26.9776], [127.9444, 26.9779], [127.9421, 26.9776], [127.9413, 26.9768], [127.9413, 26.9764], [127.9425, 26.9758], [127.9434, 26.977], [127.9445, 26.9768], [127.9463, 26.9753], [127.947, 26.9743], [127.9487, 26.9734], [127.9544, 26.9734], [127.9577, 26.9737], [127.9583, 26.9747], [127.9596, 26.9749], [127.9596, 26.9752], [127.9579, 26.9758], [127.9566, 26.976], [127.9548, 26.9757], [127.9543, 26.9761], [127.9546, 26.9766], [127.9545, 26.9767], [127.9535, 26.9763], [127.9528, 26.9764], [127.9512, 26.977], [127.9481, 26.9773], [127.9478, 26.9776]]]]}, "properties": {"name": "沖縄県伊是名村"}}, {"type": "Feature", "geometry": {"type": "Polygon", "coordinates": [[[128.0988, 26.6146], [128.0988, 26.615], [128.1005, 26.6159], [128.1006, 26.6167], [128.101, 26.6171], [128.1014, 26.6173], [128.1019, 26.6171], [128.103, 26.6174], [128.1037, 26.6195], [128.1049, 26.6208], [128.1061, 26.621], [128.1068, 26.622], [128.1076, 26.6224], [128.109, 26.6217], [128.108, 26.6236], [128.1073, 26.6258], [128.1077, 26.6268], [128.1075, 26.6274], [128.1083, 26.6282], [128.1086, 26.6295], [128.1092, 26.6299], [128.1095, 26.6304], [128.1105, 26.6305], [128.1116, 26.631], [128.1122, 26.6316], [128.1137, 26.6319], [128.1146, 26.6314], [128.1153, 26.6298], [128.1163, 26.6293], [128.1167, 26.6295], [128.1173, 26.6303], [128.1183, 26.6329], [128.1182, 26.6345], [128.1185, 26.6356], [128.1192, 26.6361], [128.1197, 26.6358], [128.1206, 26.6359], [128.1213, 26.6363], [128.1212, 26.637], [128.1217, 26.637], [128.1219, 26.6375], [128.123, 26.6378], [128.1235, 26.6385], [128.1238, 26.6394], [128.1255, 26.6414], [128.1266, 26.6407], [128.1269, 26.6402], [128.1278, 26.6399], [128.1284, 26.6389], [128.1289, 26.6388], [128.1288, 26.6401], [128.1297, 26.6409], [128.13, 26.6416], [128.1306, 26.6418], [128.131, 26.6423], [128.1321, 26.6439], [128.1325, 26.6442], [128.1317, 26.6449], [128.133, 26.6461], [128.1334, 26.6477], [128.1349, 26.6478], [128.1364, 26.6485], [128.1373, 26.6481], [128.1387, 26.6478], [128.1391, 26.6471], [128.1426, 26.6462], [128.1432, 26.6471], [128.1445, 26.6477], [128.1452, 26.6472], [128.1448, 26.6462], [128.1449, 26.6458], [128.1458, 26.6455], [128.147, 26.6445], [128.1474, 26.6436], [128.1482, 26.6436], [128.149, 26.6432], [128.1498, 26.644], [128.1509, 26.6447], [128.1512, 26.6446], [128.1518, 26.6437], [128.1525, 26.6435], [128.153, 26.6445], [128.1533, 26.6445], [128.1552, 26.6436], [128.1567, 26.6419], [128.1572, 26.6418], [128.1577, 26.6439], [128.1582, 26.6443], [128.1586, 26.6457], [128.161, 26.6464], [128.1628, 26.6481], [128.1627, 26.6494], [128.1632, 26.6504], [128.1651, 26.6517], [128.166, 26.6518], [128.1669, 26.6514], [128.1691, 26.6525], [128.1692, 26.6536], [128.1699, 26.6538], [128.1698, 26.6551], [128.1705, 26.6552], [128.1709, 26.6556], [128.1706, 26.6564], [128.1708, 26.6573], [128.1718, 26.658], [128.172, 26.6595], [128.1735, 26.6604], [128.1744, 26.6633], [128.175, 26.6636], [128.1758, 26.6652], [128.1786, 26.6656], [128.1788, 26.6668], [128.1807, 26.6689], [128.1835, 26.6694], [128.1856, 26.6704], [128.1868, 26.6703], [128.1869, 26.6711], [128.1878, 26.6719], [128.1883, 26.6739], [128.1882, 26.6749], [128.1896, 26.6763], [128.1923, 26.6777], [128.193, 26.679], [128.1927, 26.6794], [128.193, 26.6809], [128.1923, 26.6816], [128.1933, 26.6824], [128.1929, 26.6831], [128.193, 26.6836], [128.1971, 26.6859], [128.1973, 26.6869], [128.199, 26.688], [128.2001, 26.6894], [128.1989, 26.69], [128.1987, 26.6908], [128.1975, 26.6916], [128.1965, 26.693], [128.1961, 26.6932], [128.1956, 26.6943], [128.1941, 26.695], [128.1927, 26.6968], [128.1919, 26.6972], [128.1912, 26.6981], [128.1911, 26.6988], [128.1903, 26.6992], [128.1903, 26.6999], [128.1892, 26.7], [128.1886, 26.7005], [128.1864, 26.7014], [128.1857, 26.702], [128.1834, 26.7033], [128.1823, 26.7036], [128.1814, 26.7035], [128.1808, 26.7041], [128.1797, 26.7046], [128.1791, 26.7046], [128.1788, 26.7043], [128.1778, 26.7046], [128.1767, 26.7043], [128.176, 26.7053], [128.1744, 26.7064], [128.1736, 26.7063], [128.1731, 26.7059], [128.1728, 26.7061], [128.1711, 26.7082], [128.1709, 26.709], [128.1701, 26.7098], [128.1697, 26.7106], [128.1685, 26.7111], [128.1684, 26.7117], [128.1675, 26.7119], [128.1671, 26.7116], [128.1668, 26.7118], [128.1663, 26.7126], [128.1654, 26.7128], [128.1649, 26.7134], [128.1634, 26.7131], [128.1619, 26.7132], [128.1612, 26.7135], [128.1603, 26.7145], [128.1595, 26.7147], [128.1586, 26.7154], [128.1582, 26.7161], [128.1577, 26.716], [128.1573, 26.717], [128.1563, 26.717], [128.1557, 26.7168], [128.1549, 26.717], [128.1547, 26.7172], [128.1538, 26.7176], [128.1537, 26.7172], [128.152, 26.716], [128.1514, 26.7158], [128.1511, 26.7161], [128.1509, 26.7156], [128.1495, 26.7146], [128.1467, 26.7136], [128.1463, 26.7129], [128.1461, 26.7116], [128.144, 26.7086], [128.1433, 26.7086], [128.1414, 26.7076], [128.1333, 26.7047], [128.133, 26.7049], [128.1325, 26.7047], [128.1313, 26.705], [128.124, 26.7029], [128.1232, 26.7032], [128.1232, 26.703], [128.119, 26.7032], [128.1174, 26.7024], [128.1153, 26.7005], [128.1147, 26.6998], [128.1142, 26.6973], [128.1133, 26.696], [128.1077, 26.6909], [128.1069, 26.6897], [128.1066, 26.6896], [128.1066, 26.6891], [128.1051, 26.6871], [128.1036, 26.6857], [128.1037, 26.6855], [128.1047, 26.6847], [128.1043, 26.6843], [128.1032, 26.685], [128.1028, 26.6849], [128.099, 26.6811], [128.0982, 26.6798], [128.0984, 26.6786], [128.0995, 26.6768], [128.103, 26.6752], [128.103, 26.6732], [128.1027, 26.6732], [128.103, 26.6731], [128.103, 26.6728], [128.1032, 26.6745], [128.1041, 26.6743], [128.1041, 26.6732], [128.1036, 26.6731], [128.105, 26.6731], [128.105, 26.6701], [128.1041, 26.6676], [128.1034, 26.6685], [128.1035, 26.6688], [128.1024, 26.6691], [128.1013, 26.6702], [128.1009, 26.6696], [128.1007, 26.6698], [128.1005, 26.6697], [128.1005, 26.6692], [128.0998, 26.6682], [128.099, 26.6677], [128.0988, 26.668], [128.0976, 26.6679], [128.0973, 26.6672], [128.0979, 26.6668], [128.1003, 26.6666], [128.1009, 26.666], [128.1011, 26.6653], [128.102, 26.6654], [128.1036, 26.6645], [128.1033, 26.664], [128.1029, 26.6638], [128.1024, 26.6625], [128.1009, 26.6617], [128.1007, 26.6613], [128.1012, 26.6611], [128.1009, 26.6612], [128.0999, 26.6606], [128.0975, 26.662], [128.0974, 26.6622], [128.0969, 26.662], [128.0916, 26.6548], [128.091, 26.6533], [128.0889, 26.6525], [128.0884, 26.6519], [128.0885, 26.6511], [128.0878, 26.6504], [128.0863, 26.65], [128.0841, 26.6498], [128.084, 26.6479], [128.0833, 26.647], [128.0812, 26.6458], [128.0804, 26.6458], [128.0811, 26.6451], [128.0818, 26.643], [128.0827, 26.6426], [128.0833, 26.6417], [128.0828, 26.6389], [128.0833, 26.6385], [128.0836, 26.6375], [128.0848, 26.6363], [128.0845, 26.6353], [128.0846, 26.6346], [128.0843, 26.633], [128.0851, 26.6313], [128.0853, 26.63], [128.085, 26.6291], [128.0864, 26.6281], [128.0865, 26.6273], [128.0875, 26.6273], [128.0885, 26.627], [128.0895, 26.6267], [128.0903, 26.6261], [128.0907, 26.625], [128.0915, 26.6242], [128.0926, 26.6223], [128.0957, 26.6207], [128.0961, 26.6192], [128.0976, 26.6171], [128.0979, 26.6159], [128.0988, 26.6146]]]}, "properties": {"name": "沖縄県大宜味村"}}, {"type": "Feature", "geometry": {"type": "Polygon", "coordinates": [[[127.685, 26.2424], [127.6807, 26.244], [127.6798, 26.244], [127.6798, 26.2443], [127.6749, 26.2461], [127.647, 26.2467], [127.6362, 26.2206], [127.6358, 26.2072], [127.6364, 26.1987], [127.6374, 26.1978], [127.6378, 26.1978], [127.6398, 26.1928], [127.6401, 26.1927], [127.6414, 26.1908], [127.6419, 26.1906], [127.6423, 26.1897], [127.6431, 26.1895], [127.6434, 26.1891], [127.6437, 26.1892], [127.6435, 26.189], [127.6438, 26.1888], [127.6442, 26.1777], [127.6445, 26.1777], [127.6443, 26.1807], [127.6465, 26.1808], [127.6466, 26.1773], [127.6469, 26.1768], [127.6467, 26.1808], [127.6475, 26.1809], [127.6482, 26.1813], [127.6495, 26.1805], [127.6501, 26.1791], [127.6505, 26.1791], [127.6503, 26.1788], [127.6518, 26.1765], [127.6527, 26.1764], [127.6553, 26.1767], [127.6562, 26.1779], [127.657, 26.178], [127.6576, 26.1777], [127.6593, 26.1788], [127.6601, 26.1789], [127.6607, 26.1797], [127.6618, 26.1806], [127.6617, 26.1811], [127.662, 26.1817], [127.6635, 26.1821], [127.6645, 26.183], [127.6649, 26.1822], [127.6658, 26.182], [127.6665, 26.1833], [127.6677, 26.1833], [127.6677, 26.1827], [127.6681, 26.1827], [127.6682, 26.1823], [127.668, 26.1819], [127.6682, 26.1821], [127.6707, 26.1822], [127.6714, 26.1829], [127.6715, 26.1827], [127.6716, 26.1831], [127.6719, 26.1831], [127.6718, 26.1832], [127.6721, 26.1833], [127.6727, 26.1843], [127.6735, 26.1847], [127.6742, 26.1855], [127.676, 26.1857], [127.6765, 26.1864], [127.679, 26.1872], [127.6803, 26.1887], [127.6804, 26.1891], [127.6816, 26.1897], [127.681, 26.191], [127.6814, 26.1914], [127.681, 26.1916], [127.6811, 26.1927], [127.6821, 26.1965], [127.6832, 26.1985], [127.6857, 26.1968], [127.6905, 26.1943], [127.6932, 26.1944], [127.6953, 26.1952], [127.6963, 26.196], [127.6979, 26.1961], [127.7005, 26.1948], [127.7039, 26.1913], [127.7049, 26.1906], [127.7071, 26.1906], [127.7077, 26.1903], [127.71, 26.1919], [127.71, 26.1927], [127.7108, 26.1932], [127.7113, 26.1933], [127.712, 26.1939], [127.7124, 26.1948], [127.7132, 26.1952], [127.713, 26.1958], [127.7133, 26.1961], [127.7137, 26.1959], [127.7144, 26.196], [127.7151, 26.1965], [127.7158, 26.1966], [127.7168, 26.1959], [127.7172, 26.196], [127.7176, 26.1956], [127.7179, 26.1959], [127.7178, 26.1961], [127.7181, 26.1963], [127.7182, 26.1962], [127.7185, 26.1966], [127.7189, 26.1966], [127.7197, 26.1973], [127.721, 26.1975], [127.7212, 26.1982], [127.7217, 26.1985], [127.7217, 26.1992], [127.7227, 26.1998], [127.7227, 26.2002], [127.7233, 26.2009], [127.7229, 26.2022], [127.7224, 26.2022], [127.7229, 26.2032], [127.7226, 26.2032], [127.7225, 26.2046], [127.7228, 26.2054], [127.7225, 26.206], [127.7221, 26.206], [127.7219, 26.2062], [127.7227, 26.2066], [127.7224, 26.207], [127.7224, 26.2082], [127.723, 26.2087], [127.7228, 26.2097], [127.7231, 26.2103], [127.7239, 26.2107], [127.724, 26.2115], [127.7245, 26.2114], [127.7252, 26.2124], [127.7254, 26.2124], [127.7255, 26.212], [127.726, 26.2121], [127.7263, 26.2131], [127.7268, 26.2134], [127.7268, 26.2139], [127.7277, 26.215], [127.7285, 26.215], [127.7287, 26.2155], [127.7291, 26.2156], [127.7297, 26.2162], [127.7304, 26.2161], [127.7307, 26.2164], [127.7319, 26.2166], [127.7323, 26.2178], [127.734, 26.2183], [127.736, 26.2179], [127.7357, 26.2191], [127.7364, 26.22], [127.736, 26.2206], [127.7359, 26.2216], [127.7368, 26.223], [127.7364, 26.224], [127.7364, 26.2252], [127.7351, 26.2249], [127.7341, 26.2261], [127.7335, 26.2262], [127.7329, 26.2267], [127.7334, 26.2273], [127.7334, 26.228], [127.7356, 26.2302], [127.7359, 26.23], [127.7363, 26.2302], [127.7363, 26.2305], [127.737, 26.2308], [127.7371, 26.2313], [127.738, 26.2313], [127.7382, 26.2316], [127.7378, 26.2322], [127.7388, 26.2341], [127.7386, 26.2347], [127.7389, 26.2355], [127.7385, 26.2364], [127.7376, 26.2369], [127.7367, 26.2363], [127.7343, 26.236], [127.7345, 26.2356], [127.7337, 26.236], [127.7328, 26.2374], [127.7298, 26.2355], [127.7273, 26.2346], [127.7267, 26.2337], [127.7257, 26.2331], [127.7252, 26.2334], [127.7247, 26.2333], [127.7234, 26.2337], [127.7216, 26.2332], [127.7213, 26.2334], [127.7209, 26.2333], [127.7204, 26.2336], [127.7189, 26.2333], [127.7179, 26.2334], [127.7175, 26.2331], [127.7168, 26.2335], [127.7166, 26.2332], [127.7149, 26.2337], [127.7116, 26.2336], [127.7113, 26.2339], [127.7102, 26.2339], [127.7094, 26.2342], [127.7089, 26.2336], [127.7083, 26.2333], [127.7066, 26.2346], [127.7056, 26.2343], [127.7056, 26.234], [127.705, 26.2336], [127.7038, 26.2339], [127.7033, 26.2343], [127.7035, 26.2347], [127.7033, 26.235], [127.7028, 26.2352], [127.7016, 26.235], [127.701, 26.2361], [127.701, 26.2373], [127.7008, 26.2374], [127.6996, 26.2373], [127.6995, 26.2368], [127.6981, 26.2367], [127.6975, 26.2369], [127.6973, 26.2371], [127.697, 26.239], [127.6963, 26.2397], [127.691, 26.2411], [127.6904, 26.2416], [127.6902, 26.2414], [127.6887, 26.2424], [127.6851, 26.2426], [127.685, 26.2424]]]}, "properties": {"name": "沖縄県那覇市"}}, {"type": "Feature", "geometry": {"type": "Polygon", "coordinates": [[[127.7574, 26.2947], [127.7571, 26.2951], [127.7558, 26.2939], [127.7538, 26.2935], [127.7524, 26.2917], [127.7539, 26.2908], [127.7524, 26.2916], [127.7514, 26.2904], [127.751, 26.2902], [127.7509, 26.2904], [127.7507, 26.2903], [127.7508, 26.2901], [127.7475, 26.2897], [127.7466, 26.2894], [127.7455, 26.2885], [127.745, 26.2875], [127.7427, 26.2882], [127.7422, 26.287], [127.7416, 26.2866], [127.7423, 26.287], [127.743, 26.2867], [127.743, 26.2865], [127.7431, 26.2868], [127.7426, 26.2869], [127.7428, 26.2874], [127.7432, 26.2872], [127.7432, 26.287], [127.7434, 26.2876], [127.7441, 26.2874], [127.7438, 26.2866], [127.7433, 26.2867], [127.7439, 26.2865], [127.7436, 26.2856], [127.743, 26.2858], [127.7433, 26.2857], [127.7431, 26.2852], [127.7426, 26.2854], [127.7428, 26.286], [127.7426, 26.2854], [127.7418, 26.2856], [127.7419, 26.2861], [127.741, 26.2841], [127.7393, 26.2839], [127.7377, 26.285], [127.7392, 26.2834], [127.7407, 26.2835], [127.741, 26.2822], [127.7405, 26.2822], [127.7402, 26.2818], [127.7402, 26.2817], [127.7405, 26.2821], [127.741, 26.2822], [127.7408, 26.282], [127.741, 26.2819], [127.7407, 26.2819], [127.7411, 26.2819], [127.7408, 26.2817], [127.7411, 26.2818], [127.7408, 26.2815], [127.7411, 26.2816], [127.7408, 26.2815], [127.741, 26.2813], [127.7404, 26.2812], [127.7404, 26.2815], [127.7404, 26.2812], [127.7388, 26.281], [127.7384, 26.2829], [127.738, 26.2833], [127.7327, 26.2821], [127.7321, 26.2827], [127.7326, 26.2829], [127.7323, 26.2831], [127.7313, 26.2832], [127.7303, 26.2829], [127.7302, 26.2826], [127.731, 26.2827], [127.7314, 26.2823], [127.7311, 26.2811], [127.7308, 26.2808], [127.7304, 26.2808], [127.7307, 26.2805], [127.7249, 26.2785], [127.7251, 26.2784], [127.7301, 26.2801], [127.731, 26.2795], [127.7306, 26.2791], [127.7309, 26.2793], [127.7312, 26.2791], [127.7309, 26.2788], [127.7312, 26.2791], [127.7313, 26.2789], [127.7311, 26.2787], [127.7314, 26.2789], [127.7316, 26.2786], [127.73, 26.2773], [127.7298, 26.2775], [127.731, 26.2784], [127.7298, 26.2775], [127.7296, 26.2778], [127.7307, 26.2787], [127.7296, 26.2778], [127.7293, 26.278], [127.7305, 26.2789], [127.7293, 26.278], [127.7291, 26.2783], [127.7303, 26.2792], [127.7291, 26.2783], [127.7283, 26.279], [127.7288, 26.2785], [127.7279, 26.278], [127.7279, 26.2776], [127.7288, 26.2785], [127.7292, 26.2782], [127.728, 26.2774], [127.7282, 26.2772], [127.7292, 26.2781], [127.7295, 26.2778], [127.7283, 26.277], [127.7284, 26.2769], [127.7283, 26.2769], [127.7285, 26.2767], [127.7283, 26.2768], [127.7284, 26.2769], [127.7286, 26.2768], [127.7285, 26.2769], [127.7288, 26.277], [127.7287, 26.2771], [127.729, 26.2771], [127.7289, 26.2773], [127.7291, 26.2772], [127.729, 26.2774], [127.7292, 26.2773], [127.7291, 26.2774], [127.7294, 26.2775], [127.7294, 26.2777], [127.7295, 26.2775], [127.7295, 26.2778], [127.73, 26.2773], [127.7285, 26.2762], [127.7274, 26.2774], [127.7272, 26.2772], [127.7268, 26.2776], [127.7265, 26.2774], [127.7263, 26.2776], [127.7264, 26.2783], [127.7262, 26.2776], [127.7264, 26.2774], [127.7263, 26.2772], [127.7282, 26.2751], [127.7276, 26.2757], [127.7271, 26.2756], [127.7271, 26.2761], [127.726, 26.2771], [127.726, 26.2741], [127.7261, 26.2747], [127.7266, 26.2751], [127.7272, 26.2745], [127.7266, 26.2741], [127.7268, 26.2739], [127.726, 26.2736], [127.7261, 26.2715], [127.7255, 26.2709], [127.727, 26.2686], [127.7272, 26.2674], [127.7295, 26.2679], [127.7297, 26.2672], [127.7303, 26.2671], [127.7297, 26.2668], [127.7301, 26.2661], [127.7305, 26.266], [127.7302, 26.2658], [127.7307, 26.2654], [127.7302, 26.265], [127.7307, 26.2646], [127.7303, 26.2638], [127.7298, 26.2635], [127.7295, 26.2635], [127.7295, 26.2632], [127.7294, 26.2635], [127.729, 26.2633], [127.7291, 26.2626], [127.7285, 26.262], [127.7279, 26.2618], [127.728, 26.2612], [127.7285, 26.2607], [127.73, 26.2604], [127.7302, 26.2606], [127.7318, 26.2591], [127.732, 26.2588], [127.7315, 26.2581], [127.7317, 26.258], [127.7313, 26.2576], [127.7317, 26.2572], [127.7314, 26.257], [127.7314, 26.2562], [127.732, 26.2561], [127.7319, 26.2553], [127.7335, 26.2547], [127.7337, 26.2549], [127.7341, 26.2548], [127.7343, 26.2541], [127.7353, 26.2535], [127.7365, 26.2539], [127.7376, 26.2538], [127.7381, 26.2534], [127.7391, 26.2535], [127.7392, 26.2548], [127.7397, 26.2549], [127.7399, 26.2552], [127.7395, 26.2555], [127.7399, 26.2558], [127.7392, 26.2565], [127.7393, 26.2566], [127.7389, 26.2572], [127.7402, 26.2579], [127.742, 26.2581], [127.7431, 26.2569], [127.744, 26.2565], [127.7447, 26.2558], [127.7464, 26.2554], [127.7466, 26.2544], [127.7474, 26.2544], [127.7479, 26.2541], [127.7484, 26.2533], [127.7496, 26.2525], [127.751, 26.2525], [127.7512, 26.2526], [127.7514, 26.2531], [127.7521, 26.2531], [127.7525, 26.2527], [127.7521, 26.2522], [127.7524, 26.2519], [127.7528, 26.2522], [127.7529, 26.2518], [127.7531, 26.2518], [127.754, 26.2515], [127.7543, 26.2518], [127.7549, 26.2515], [127.7561, 26.2515], [127.7568, 26.2513], [127.7571, 26.2508], [127.7568, 26.2502], [127.7575, 26.25], [127.7584, 26.251], [127.7595, 26.2517], [127.7595, 26.2526], [127.7598, 26.2531], [127.7611, 26.2525], [127.7617, 26.2519], [127.7631, 26.2527], [127.7635, 26.2532], [127.7636, 26.2539], [127.764, 26.2544], [127.7647, 26.2561], [127.7654, 26.2563], [127.766, 26.2571], [127.7664, 26.2569], [127.7659, 26.2554], [127.7665, 26.2551], [127.7667, 26.2544], [127.7678, 26.2546], [127.7692, 26.2542], [127.7691, 26.2549], [127.7683, 26.2563], [127.7686, 26.2577], [127.7675, 26.2587], [127.768, 26.2591], [127.769, 26.2608], [127.7711, 26.2619], [127.7713, 26.2627], [127.771, 26.2633], [127.7725, 26.2643], [127.7725, 26.2657], [127.7737, 26.2674], [127.7735, 26.2684], [127.7738, 26.2693], [127.7752, 26.2712], [127.7765, 26.2722], [127.7769, 26.2737], [127.7774, 26.2745], [127.778, 26.2752], [127.7787, 26.2754], [127.7792, 26.2767], [127.7797, 26.2771], [127.78, 26.2777], [127.781, 26.2784], [127.7817, 26.2793], [127.7823, 26.2796], [127.783, 26.2804], [127.7827, 26.2808], [127.7836, 26.2818], [127.7833, 26.2828], [127.7834, 26.284], [127.7838, 26.284], [127.7842, 26.2844], [127.7851, 26.2838], [127.7857, 26.2841], [127.7848, 26.285], [127.7845, 26.2849], [127.7858, 26.2864], [127.7871, 26.2856], [127.7869, 26.2864], [127.7874, 26.2875], [127.7861, 26.2875], [127.7859, 26.2888], [127.7841, 26.2894], [127.7842, 26.2903], [127.7851, 26.2903], [127.7851, 26.2907], [127.7841, 26.291], [127.7843, 26.2919], [127.7837, 26.2925], [127.7842, 26.2929], [127.7834, 26.2935], [127.7825, 26.2934], [127.7821, 26.2936], [127.7817, 26.2953], [127.7809, 26.2944], [127.7797, 26.2943], [127.7796, 26.2947], [127.7801, 26.2952], [127.7794, 26.2962], [127.778, 26.2963], [127.7776, 26.2966], [127.7766, 26.2967], [127.7754, 26.2973], [127.7744, 26.2972], [127.7738, 26.2974], [127.7722, 26.2966], [127.7702, 26.2966], [127.7694, 26.2972], [127.7672, 26.2977], [127.7661, 26.2976], [127.7663, 26.2972], [127.7658, 26.2971], [127.7656, 26.2964], [127.7649, 26.2963], [127.7646, 26.2965], [127.7643, 26.2961], [127.7643, 26.2952], [127.7637, 26.2949], [127.7636, 26.2946], [127.763, 26.2944], [127.7628, 26.2941], [127.7625, 26.2941], [127.7624, 26.2935], [127.7619, 26.2935], [127.7616, 26.293], [127.7597, 26.2938], [127.7599, 26.2942], [127.7585, 26.2944], [127.7583, 26.2939], [127.7574, 26.2947]]]}, "properties": {"name": "沖縄県宜野湾市"}}, {"type": "Feature", "geometry": {"type": "MultiPolygon", "coordinates": [[[[124.111, 24.3657], [124.1107, 24.3654], [124.1081, 24.348], [124.108, 24.3442], [124.1085, 24.3412], [124.1097, 24.3378], [124.1118, 24.3349], [124.1165, 24.3307], [124.1201, 24.3262], [124.1227, 24.3237], [124.1275, 24.321], [124.1323, 24.3195], [124.1375, 24.3186], [124.1431, 24.3187], [124.147, 24.3196], [124.1814, 24.3302], [124.1871, 24.3329], [124.1884, 24.3324], [124.1877, 24.3327], [124.1879, 24.333], [124.1894, 24.3339], [124.1911, 24.3339], [124.1911, 24.3333], [124.1912, 24.3344], [124.1923, 24.3348], [124.1927, 24.3356], [124.1975, 24.3412], [124.1987, 24.342], [124.1986, 24.3422], [124.1987, 24.342], [124.1998, 24.3426], [124.2018, 24.344], [124.2016, 24.3443], [124.2018, 24.3446], [124.2015, 24.3447], [124.2014, 24.3463], [124.2002, 24.3471], [124.1998, 24.3476], [124.1984, 24.3483], [124.1993, 24.3493], [124.1997, 24.3502], [124.1997, 24.3508], [124.1992, 24.3513], [124.1989, 24.3525], [124.199, 24.353], [124.1994, 24.3535], [124.201, 24.3544], [124.2028, 24.3544], [124.2028, 24.3547], [124.2037, 24.3545], [124.2054, 24.3546], [124.2075, 24.3553], [124.2093, 24.3556], [124.2111, 24.355], [124.2127, 24.3551], [124.2138, 24.3557], [124.2138, 24.3562], [124.2147, 24.3562], [124.2153, 24.355], [124.2177, 24.3545], [124.2176, 24.3536], [124.2181, 24.353], [124.2184, 24.3519], [124.2208, 24.3496], [124.2258, 24.347], [124.2264, 24.3464], [124.2289, 24.3456], [124.2361, 24.3451], [124.2376, 24.3455], [124.2392, 24.3464], [124.2421, 24.349], [124.2432, 24.3503], [124.2457, 24.3543], [124.2486, 24.3573], [124.2499, 24.3594], [124.25, 24.3611], [124.2496, 24.3644], [124.2498, 24.3671], [124.2506, 24.3698], [124.2515, 24.3715], [124.2525, 24.3743], [124.2538, 24.3798], [124.2542, 24.3803], [124.2537, 24.3805], [124.2534, 24.3816], [124.2522, 24.3831], [124.2521, 24.3857], [124.2525, 24.3889], [124.2519, 24.3917], [124.2521, 24.393], [124.25, 24.3933], [124.2522, 24.3931], [124.2525, 24.3963], [124.2531, 24.3987], [124.2549, 24.4032], [124.2545, 24.4033], [124.255, 24.4033], [124.2564, 24.4078], [124.2566, 24.4095], [124.2575, 24.4113], [124.2581, 24.4116], [124.2584, 24.4113], [124.2586, 24.4116], [124.2582, 24.4118], [124.2588, 24.4117], [124.2581, 24.4122], [124.2581, 24.4126], [124.2587, 24.4131], [124.2581, 24.4132], [124.2575, 24.4148], [124.2576, 24.4152], [124.2581, 24.4152], [124.2582, 24.4155], [124.2577, 24.4156], [124.2576, 24.4159], [124.2578, 24.416], [124.2567, 24.4174], [124.2566, 24.4186], [124.2561, 24.419], [124.2555, 24.4203], [124.255, 24.4227], [124.2515, 24.4267], [124.2502, 24.43], [124.2499, 24.4314], [124.2499, 24.4324], [124.2504, 24.4328], [124.2508, 24.4353], [124.2518, 24.4386], [124.2528, 24.4395], [124.2537, 24.4392], [124.2542, 24.4394], [124.2546, 24.4392], [124.2545, 24.4394], [124.2552, 24.4392], [124.2568, 24.4421], [124.2574, 24.4429], [124.2578, 24.443], [124.2575, 24.4431], [124.2579, 24.4437], [124.2574, 24.4441], [124.2579, 24.4449], [124.2577, 24.4467], [124.2562, 24.4469], [124.2519, 24.4507], [124.2512, 24.4516], [124.2508, 24.4535], [124.2501, 24.4548], [124.2492, 24.4552], [124.2485, 24.4549], [124.2492, 24.4553], [124.2503, 24.455], [124.2504, 24.4561], [124.251, 24.4561], [124.2514, 24.4564], [124.2507, 24.4561], [124.2507, 24.4565], [124.2511, 24.4565], [124.2509, 24.4566], [124.2508, 24.4572], [124.2513, 24.4572], [124.2513, 24.4567], [124.2513, 24.4576], [124.2506, 24.4576], [124.2509, 24.4606], [124.2508, 24.462], [124.2517, 24.4644], [124.2518, 24.4657], [124.2526, 24.4674], [124.2538, 24.4693], [124.2545, 24.4699], [124.2555, 24.47], [124.2561, 24.4706], [124.256, 24.4715], [124.2564, 24.4708], [124.2567, 24.472], [124.2574, 24.4732], [124.2584, 24.474], [124.2601, 24.4769], [124.2609, 24.4778], [124.261, 24.4782], [124.2607, 24.4791], [124.2613, 24.4782], [124.2628, 24.48], [124.265, 24.4814], [124.2651, 24.4817], [124.2648, 24.4819], [124.2662, 24.4814], [124.2671, 24.4818], [124.2671, 24.4815], [124.2678, 24.4815], [124.2678, 24.4818], [124.2675, 24.4819], [124.2681, 24.4825], [124.2688, 24.4825], [124.269, 24.4828], [124.2695, 24.4825], [124.2697, 24.4828], [124.2699, 24.4826], [124.2706, 24.4833], [124.2703, 24.4839], [124.2704, 24.4846], [124.2716, 24.4856], [124.2734, 24.4866], [124.2785, 24.4884], [124.2809, 24.4886], [124.2815, 24.4879], [124.2815, 24.4884], [124.2824, 24.4891], [124.2819, 24.4892], [124.2822, 24.4895], [124.2818, 24.4898], [124.282, 24.49], [124.2813, 24.4904], [124.2809, 24.4932], [124.281, 24.4967], [124.2816, 24.4985], [124.2813, 24.4997], [124.2816, 24.5011], [124.2815, 24.5026], [124.282, 24.5051], [124.2837, 24.5083], [124.2856, 24.5099], [124.287, 24.5093], [124.2875, 24.5094], [124.2884, 24.5101], [124.2891, 24.5104], [124.2911, 24.5132], [124.2918, 24.5137], [124.2927, 24.5138], [124.2931, 24.5135], [124.2954, 24.5147], [124.2984, 24.5193], [124.3011, 24.5219], [124.3019, 24.5232], [124.3035, 24.5247], [124.3041, 24.5244], [124.3038, 24.525], [124.3041, 24.5251], [124.3043, 24.5247], [124.3045, 24.525], [124.3047, 24.5248], [124.3043, 24.5252], [124.3045, 24.5254], [124.3055, 24.5254], [124.305, 24.5257], [124.3055, 24.5259], [124.3056, 24.5261], [124.306, 24.5261], [124.3058, 24.5264], [124.3062, 24.5263], [124.3066, 24.5274], [124.3072, 24.5273], [124.3071, 24.5275], [124.3068, 24.5275], [124.3068, 24.5279], [124.3071, 24.5291], [124.3077, 24.5299], [124.3081, 24.5301], [124.3079, 24.5305], [124.3085, 24.5306], [124.3082, 24.5308], [124.3087, 24.5309], [124.3088, 24.5314], [124.309, 24.5314], [124.3094, 24.5321], [124.3091, 24.5322], [124.3089, 24.532], [124.3076, 24.5327], [124.3072, 24.5336], [124.3063, 24.5341], [124.3064, 24.5347], [124.3063, 24.5345], [124.306, 24.5349], [124.3065, 24.5352], [124.306, 24.5351], [124.306, 24.5354], [124.3057, 24.5352], [124.3054, 24.5355], [124.3045, 24.5355], [124.3037, 24.5363], [124.3034, 24.537], [124.3031, 24.5379], [124.3032, 24.5412], [124.3034, 24.5436], [124.3041, 24.5458], [124.3044, 24.5465], [124.3053, 24.5473], [124.3064, 24.5479], [124.3073, 24.5479], [124.3076, 24.5492], [124.3088, 24.55], [124.3099, 24.5527], [124.3126, 24.5559], [124.3133, 24.5559], [124.3135, 24.5564], [124.3141, 24.5565], [124.3147, 24.557], [124.3153, 24.5572], [124.3158, 24.5569], [124.3158, 24.5572], [124.3162, 24.5572], [124.3166, 24.5576], [124.3169, 24.5576], [124.317, 24.5573], [124.3174, 24.5574], [124.3174, 24.5572], [124.3177, 24.5575], [124.3179, 24.5573], [124.3183, 24.5573], [124.318, 24.5576], [124.3186, 24.5586], [124.3189, 24.5585], [124.3191, 24.5587], [124.3195, 24.5583], [124.3199, 24.5584], [124.3199, 24.5588], [124.3202, 24.5586], [124.3202, 24.5589], [124.3205, 24.5592], [124.321, 24.559], [124.3211, 24.5593], [124.3213, 24.5588], [124.3215, 24.5591], [124.3218, 24.559], [124.322, 24.5595], [124.3222, 24.5593], [124.3221, 24.56], [124.3224, 24.5601], [124.3226, 24.5599], [124.3228, 24.5601], [124.3233, 24.56], [124.3231, 24.5608], [124.3234, 24.5611], [124.3232, 24.561], [124.323, 24.5613], [124.3232, 24.562], [124.3245, 24.564], [124.3258, 24.565], [124.3267, 24.5651], [124.3289, 24.5662], [124.3299, 24.5663], [124.3317, 24.5692], [124.3319, 24.5692], [124.332, 24.5698], [124.3326, 24.5703], [124.3333, 24.5704], [124.3334, 24.5708], [124.3345, 24.5711], [124.3341, 24.5711], [124.3351, 24.5722], [124.3351, 24.5729], [124.336, 24.5753], [124.3368, 24.5764], [124.3368, 24.5768], [124.337, 24.5768], [124.3371, 24.5792], [124.3364, 24.5801], [124.3371, 24.5828], [124.3385, 24.5843], [124.339, 24.5854], [124.3396, 24.5852], [124.3393, 24.5856], [124.3395, 24.5859], [124.3405, 24.5859], [124.3406, 24.5857], [124.3406, 24.586], [124.3409, 24.586], [124.3405, 24.5866], [124.3409, 24.5872], [124.3403, 24.5869], [124.3409, 24.5876], [124.3408, 24.5879], [124.3403, 24.5878], [124.3401, 24.5881], [124.3403, 24.5884], [124.3395, 24.5888], [124.3398, 24.589], [124.3391, 24.589], [124.3391, 24.5894], [124.3386, 24.5899], [124.338, 24.5912], [124.3372, 24.5933], [124.3373, 24.5936], [124.3369, 24.5939], [124.3366, 24.595], [124.3366, 24.5968], [124.337, 24.5973], [124.3371, 24.5985], [124.3375, 24.5988], [124.3387, 24.5989], [124.3387, 24.5994], [124.3392, 24.5997], [124.3386, 24.6004], [124.3387, 24.6007], [124.3391, 24.6007], [124.3387, 24.6008], [124.339, 24.601], [124.3386, 24.6013], [124.3387, 24.6031], [124.3393, 24.604], [124.3402, 24.6041], [124.3398, 24.6046], [124.3404, 24.6052], [124.3401, 24.6053], [124.34, 24.6049], [124.3399, 24.6056], [124.3391, 24.6056], [124.339, 24.6053], [124.3396, 24.6047], [124.3392, 24.605], [124.3384, 24.6049], [124.3351, 24.6052], [124.3319, 24.6063], [124.3305, 24.6063], [124.3298, 24.6059], [124.3285, 24.606], [124.3227, 24.6073], [124.3195, 24.6089], [124.3183, 24.61], [124.3182, 24.6103], [124.3184, 24.6105], [124.3182, 24.6106], [124.3182, 24.611], [124.3176, 24.6112], [124.3178, 24.6114], [124.3176, 24.6116], [124.3173, 24.6114], [124.317, 24.6115], [124.3171, 24.6119], [124.3168, 24.6117], [124.3165, 24.6122], [124.3159, 24.6118], [124.3152, 24.6118], [124.3152, 24.6113], [124.3149, 24.6116], [124.3148, 24.6112], [124.3141, 24.6113], [124.3131, 24.6109], [124.3126, 24.6104], [124.3125, 24.6107], [124.3122, 24.6106], [124.3121, 24.6102], [124.3124, 24.6099], [124.3122, 24.6097], [124.3121, 24.6098], [124.3117, 24.6097], [124.3118, 24.6083], [124.3115, 24.6081], [124.3119, 24.6075], [124.3116, 24.6067], [124.3119, 24.6063], [124.3117, 24.6054], [124.3115, 24.6053], [124.3118, 24.6051], [124.3117, 24.6045], [124.3114, 24.6043], [124.3114, 24.6035], [124.3118, 24.6032], [124.3113, 24.6031], [124.3115, 24.6029], [124.3112, 24.6029], [124.3112, 24.6013], [124.3109, 24.6013], [124.3112, 24.6011], [124.3109, 24.6008], [124.3112, 24.6006], [124.3109, 24.6003], [124.3109, 24.5997], [124.3111, 24.5998], [124.3112, 24.5988], [124.3109, 24.5985], [124.3113, 24.5981], [124.311, 24.5979], [124.3115, 24.5977], [124.3111, 24.5964], [124.3114, 24.5962], [124.3111, 24.5959], [124.3116, 24.5953], [124.3113, 24.5951], [124.3115, 24.5948], [124.3116, 24.5938], [124.3111, 24.5928], [124.3113, 24.5943], [124.3098, 24.5912], [124.309, 24.5901], [124.3088, 24.5901], [124.3093, 24.5894], [124.3092, 24.5888], [124.309, 24.5888], [124.3088, 24.5884], [124.3087, 24.5884], [124.3088, 24.5881], [124.3082, 24.5876], [124.3084, 24.5875], [124.3081, 24.5869], [124.3073, 24.5866], [124.3076, 24.5863], [124.3075, 24.586], [124.3066, 24.5851], [124.3061, 24.5852], [124.3057, 24.5844], [124.3049, 24.5839], [124.3046, 24.5839], [124.3047, 24.5837], [124.3043, 24.5834], [124.3045, 24.5832], [124.3041, 24.5831], [124.304, 24.5828], [124.3037, 24.5828], [124.3036, 24.5825], [124.3035, 24.5825], [124.3035, 24.5823], [124.303, 24.582], [124.3031, 24.5818], [124.3029, 24.5819], [124.3027, 24.5813], [124.3021, 24.5808], [124.3018, 24.5809], [124.3019, 24.5797], [124.3014, 24.5793], [124.3017, 24.5787], [124.3008, 24.5772], [124.3003, 24.5769], [124.3004, 24.5762], [124.3, 24.5758], [124.3, 24.5754], [124.2997, 24.5753], [124.2999, 24.5751], [124.2996, 24.5748], [124.2996, 24.5745], [124.2994, 24.5745], [124.2994, 24.5741], [124.2992, 24.5742], [124.2991, 24.5738], [124.2993, 24.5738], [124.2993, 24.5737], [124.2986, 24.5732], [124.299, 24.5726], [124.2981, 24.5716], [124.2983, 24.5713], [124.2981, 24.5709], [124.2978, 24.5709], [124.2982, 24.5705], [124.2979, 24.5702], [124.297, 24.5698], [124.2971, 24.5694], [124.2975, 24.5693], [124.2976, 24.5691], [124.2967, 24.5696], [124.2958, 24.5689], [124.2935, 24.568], [124.2928, 24.5678], [124.2927, 24.568], [124.2926, 24.5678], [124.2925, 24.568], [124.292, 24.5673], [124.2914, 24.5675], [124.2914, 24.567], [124.2911, 24.5671], [124.2911, 24.5668], [124.2907, 24.567], [124.2906, 24.5666], [124.2902, 24.5668], [124.2904, 24.5663], [124.2899, 24.5663], [124.29, 24.566], [124.289, 24.5657], [124.289, 24.5654], [124.2884, 24.5652], [124.2882, 24.5648], [124.2877, 24.5647], [124.2879, 24.5645], [124.2875, 24.5644], [124.2875, 24.5641], [124.2873, 24.5642], [124.2864, 24.5636], [124.285, 24.5622], [124.2846, 24.5623], [124.2842, 24.562], [124.2839, 24.5621], [124.2839, 24.5619], [124.2836, 24.5616], [124.2831, 24.5615], [124.283, 24.5618], [124.2826, 24.5611], [124.2829, 24.5611], [124.2827, 24.5604], [124.2825, 24.5602], [124.2828, 24.5593], [124.2826, 24.5591], [124.2822, 24.5592], [124.2825, 24.559], [124.2821, 24.5587], [124.2827, 24.5588], [124.283, 24.5584], [124.283, 24.5571], [124.2834, 24.5569], [124.2834, 24.5564], [124.2838, 24.5563], [124.2839, 24.5558], [124.2864, 24.5554], [124.2872, 24.5549], [124.2885, 24.553], [124.2888, 24.5516], [124.2893, 24.5515], [124.2904, 24.5505], [124.2919, 24.5511], [124.2927, 24.5507], [124.2934, 24.5496], [124.2935, 24.5487], [124.2929, 24.5484], [124.2936, 24.5483], [124.2939, 24.5478], [124.2942, 24.5453], [124.2938, 24.5445], [124.2942, 24.544], [124.2945, 24.542], [124.2954, 24.5421], [124.2955, 24.5419], [124.2947, 24.5416], [124.2937, 24.54], [124.2929, 24.5394], [124.2924, 24.5393], [124.2899, 24.5397], [124.2886, 24.5393], [124.2877, 24.5382], [124.287, 24.5382], [124.2856, 24.5359], [124.2858, 24.5352], [124.2856, 24.5349], [124.286, 24.5342], [124.2856, 24.5332], [124.286, 24.5326], [124.2858, 24.5319], [124.2859, 24.5314], [124.2863, 24.5313], [124.2871, 24.5316], [124.2873, 24.5314], [124.2879, 24.5319], [124.287, 24.5311], [124.2867, 24.5313], [124.286, 24.5312], [124.2851, 24.529], [124.2848, 24.5289], [124.2849, 24.5288], [124.2846, 24.5281], [124.2827, 24.5264], [124.2828, 24.5255], [124.2825, 24.525], [124.2821, 24.5249], [124.2822, 24.5248], [124.2818, 24.5243], [124.2815, 24.5243], [124.2817, 24.5238], [124.2813, 24.5233], [124.2815, 24.5231], [124.2813, 24.5224], [124.2807, 24.5213], [124.2802, 24.5213], [124.2798, 24.5208], [124.28, 24.5204], [124.2792, 24.5188], [124.2794, 24.5176], [124.279, 24.5164], [124.2783, 24.5156], [124.2781, 24.5134], [124.2775, 24.5117], [124.2782, 24.5093], [124.2771, 24.5093], [124.2775, 24.5086], [124.2769, 24.5083], [124.2773, 24.5075], [124.277, 24.5083], [124.2776, 24.5085], [124.2779, 24.5076], [124.2781, 24.5077], [124.2787, 24.507], [124.2791, 24.5071], [124.2797, 24.5066], [124.2793, 24.5064], [124.2789, 24.5067], [124.2787, 24.5064], [124.2776, 24.5061], [124.2768, 24.5052], [124.2754, 24.5049], [124.275, 24.5045], [124.2747, 24.506], [124.2737, 24.5075], [124.2723, 24.5077], [124.2718, 24.5078], [124.2717, 24.5082], [124.2713, 24.5081], [124.2704, 24.5085], [124.2701, 24.5085], [124.2704, 24.5087], [124.2702, 24.5088], [124.2699, 24.5086], [124.2702, 24.5089], [124.271, 24.5086], [124.2707, 24.5097], [124.2701, 24.5107], [124.2689, 24.5112], [124.2682, 24.5129], [124.2674, 24.5135], [124.2674, 24.5146], [124.2658, 24.5152], [124.2658, 24.5156], [124.2648, 24.5159], [124.2643, 24.5166], [124.2639, 24.5165], [124.2633, 24.5167], [124.2629, 24.5171], [124.2629, 24.5176], [124.2627, 24.5173], [124.2623, 24.5174], [124.2597, 24.5184], [124.2592, 24.5188], [124.2594, 24.5189], [124.2593, 24.5191], [124.2585, 24.5197], [124.258, 24.5196], [124.2578, 24.5193], [124.2566, 24.5198], [124.2562, 24.5195], [124.2559, 24.5188], [124.2563, 24.5187], [124.256, 24.5182], [124.2556, 24.5182], [124.2556, 24.5175], [124.255, 24.5174], [124.2545, 24.5165], [124.2543, 24.5167], [124.2541, 24.5164], [124.2538, 24.5166], [124.2536, 24.516], [124.2533, 24.516], [124.2534, 24.5154], [124.2531, 24.5152], [124.2531, 24.5146], [124.2519, 24.5141], [124.2521, 24.5136], [124.252, 24.5136], [124.2518, 24.513], [124.2521, 24.5125], [124.2517, 24.5131], [124.2517, 24.5133], [124.2511, 24.5137], [124.2511, 24.5133], [124.2514, 24.513], [124.2513, 24.5127], [124.2504, 24.512], [124.2499, 24.512], [124.2499, 24.5116], [124.2495, 24.5114], [124.2489, 24.5105], [124.2481, 24.5101], [124.2477, 24.5102], [124.2478, 24.5098], [124.2469, 24.5089], [124.2469, 24.5086], [124.2462, 24.5081], [124.2462, 24.5077], [124.246, 24.5077], [124.2462, 24.5074], [124.2461, 24.5065], [124.2457, 24.5062], [124.2459, 24.506], [124.2467, 24.5059], [124.2468, 24.5054], [124.2476, 24.5054], [124.2468, 24.5053], [124.2466, 24.5059], [124.2461, 24.5059], [124.2449, 24.5045], [124.2451, 24.5043], [124.2449, 24.5042], [124.2446, 24.5037], [124.2445, 24.5037], [124.2445, 24.5035], [124.2431, 24.5027], [124.2425, 24.5019], [124.242, 24.5018], [124.2413, 24.5013], [124.2414, 24.5011], [124.2408, 24.5007], [124.241, 24.5005], [124.2406, 24.5005], [124.2404, 24.5], [124.2396, 24.4997], [124.2396, 24.4993], [124.2392, 24.4992], [124.2389, 24.4986], [124.236, 24.4984], [124.2336, 24.4985], [124.2324, 24.4981], [124.2306, 24.4985], [124.2304, 24.4988], [124.2307, 24.4991], [124.2304, 24.4991], [124.2304, 24.4997], [124.2292, 24.4996], [124.2285, 24.4991], [124.2282, 24.4984], [124.2285, 24.4981], [124.2293, 24.4979], [124.2294, 24.4971], [124.2297, 24.4965], [124.2301, 24.4963], [124.2304, 24.4954], [124.2304, 24.4951], [124.2293, 24.4937], [124.2296, 24.4935], [124.2295, 24.4931], [124.2297, 24.4931], [124.2299, 24.4923], [124.2293, 24.4914], [124.2295, 24.4908], [124.2293, 24.4903], [124.2297, 24.4895], [124.2304, 24.4894], [124.231, 24.489], [124.2311, 24.4884], [124.2306, 24.4872], [124.2298, 24.4868], [124.2295, 24.4869], [124.2293, 24.4875], [124.2288, 24.4873], [124.2283, 24.4867], [124.2275, 24.4864], [124.2269, 24.4856], [124.2266, 24.4857], [124.2267, 24.4855], [124.2263, 24.4852], [124.2263, 24.4847], [124.226, 24.4844], [124.2258, 24.4836], [124.2249, 24.4826], [124.2238, 24.4803], [124.2226, 24.4745], [124.2219, 24.4733], [124.2215, 24.4729], [124.2212, 24.4729], [124.2217, 24.4724], [124.2211, 24.4724], [124.2205, 24.4713], [124.2208, 24.4702], [124.2207, 24.4693], [124.2209, 24.4692], [124.2206, 24.4687], [124.221, 24.4687], [124.2214, 24.4681], [124.2221, 24.4685], [124.2223, 24.4682], [124.2232, 24.4679], [124.2232, 24.4676], [124.2247, 24.4679], [124.2256, 24.4667], [124.2264, 24.4647], [124.2258, 24.4618], [124.2257, 24.4608], [124.2264, 24.4603], [124.2258, 24.4588], [124.226, 24.4583], [124.2257, 24.4585], [124.2244, 24.4566], [124.2235, 24.4558], [124.2221, 24.4551], [124.2225, 24.4546], [124.2219, 24.455], [124.2193, 24.4543], [124.2175, 24.4543], [124.2168, 24.4548], [124.217, 24.4555], [124.2167, 24.4559], [124.2146, 24.4557], [124.2145, 24.4563], [124.2145, 24.4557], [124.2115, 24.4559], [124.2113, 24.4556], [124.211, 24.4556], [124.2109, 24.455], [124.2095, 24.455], [124.2087, 24.4554], [124.2086, 24.4558], [124.2089, 24.4563], [124.2081, 24.4564], [124.2077, 24.457], [124.2077, 24.4567], [124.2072, 24.4566], [124.2067, 24.4572], [124.2061, 24.4572], [124.2062, 24.4577], [124.2058, 24.4582], [124.2058, 24.458], [124.2053, 24.4578], [124.2044, 24.458], [124.2037, 24.4578], [124.203, 24.4582], [124.2028, 24.4579], [124.2026, 24.4581], [124.2024, 24.4577], [124.2019, 24.4575], [124.2015, 24.4578], [124.2009, 24.4574], [124.2008, 24.4576], [124.2009, 24.4569], [124.1999, 24.4567], [124.1997, 24.457], [124.1996, 24.4568], [124.199, 24.4568], [124.1985, 24.4577], [124.1981, 24.4574], [124.1968, 24.4575], [124.1968, 24.4572], [124.1966, 24.4571], [124.1963, 24.4576], [124.1957, 24.4572], [124.1953, 24.4572], [124.1949, 24.4573], [124.1948, 24.4576], [124.1946, 24.4573], [124.1943, 24.4574], [124.1943, 24.4577], [124.194, 24.4574], [124.1937, 24.4577], [124.1928, 24.4577], [124.1924, 24.457], [124.1901, 24.457], [124.1882, 24.4562], [124.1858, 24.4541], [124.184, 24.4515], [124.183, 24.4514], [124.1828, 24.451], [124.1819, 24.4508], [124.1819, 24.4505], [124.1816, 24.4505], [124.18, 24.4491], [124.1787, 24.4488], [124.1778, 24.449], [124.1775, 24.4495], [124.1765, 24.4491], [124.1747, 24.4497], [124.1743, 24.4493], [124.1744, 24.4475], [124.1741, 24.4492], [124.1736, 24.4491], [124.173, 24.4496], [124.1728, 24.4495], [124.1724, 24.4498], [124.1714, 24.4498], [124.1695, 24.4494], [124.1695, 24.4497], [124.1685, 24.4498], [124.1659, 24.4509], [124.1642, 24.4511], [124.1626, 24.4517], [124.1623, 24.4521], [124.1595, 24.4524], [124.1582, 24.453], [124.1569, 24.4532], [124.1566, 24.4535], [124.1567, 24.4541], [124.1564, 24.4538], [124.1565, 24.4543], [124.1562, 24.454], [124.1556, 24.4541], [124.1557, 24.4544], [124.1553, 24.4541], [124.155, 24.4543], [124.1543, 24.4538], [124.1526, 24.4543], [124.1525, 24.4547], [124.1509, 24.4526], [124.1501, 24.4521], [124.1498, 24.4507], [124.1494, 24.4502], [124.1485, 24.4497], [124.1465, 24.4493], [124.1467, 24.4486], [124.1461, 24.4479], [124.1448, 24.4475], [124.1432, 24.4465], [124.1431, 24.4459], [124.1424, 24.4452], [124.142, 24.4437], [124.1422, 24.4431], [124.1412, 24.4424], [124.1404, 24.4422], [124.1392, 24.4423], [124.1393, 24.4428], [124.1376, 24.4435], [124.135, 24.4462], [124.1341, 24.4481], [124.1343, 24.4481], [124.1357, 24.4494], [124.1358, 24.4493], [124.1369, 24.4501], [124.1381, 24.4501], [124.1393, 24.4498], [124.1411, 24.4504], [124.1408, 24.451], [124.1411, 24.4513], [124.1409, 24.4518], [124.1406, 24.4517], [124.1399, 24.4523], [124.1392, 24.4524], [124.1393, 24.4527], [124.1391, 24.453], [124.1395, 24.4541], [124.1394, 24.4545], [124.1397, 24.455], [124.1394, 24.4552], [124.1391, 24.4551], [124.1391, 24.4556], [124.1395, 24.4566], [124.1405, 24.4569], [124.141, 24.4574], [124.1408, 24.4578], [124.1412, 24.458], [124.1411, 24.4589], [124.1418, 24.4596], [124.1429, 24.46], [124.144, 24.4625], [124.1439, 24.4639], [124.143, 24.4653], [124.1435, 24.4661], [124.1431, 24.4667], [124.1432, 24.467], [124.1416, 24.4682], [124.1406, 24.4703], [124.1396, 24.4713], [124.1382, 24.4722], [124.1375, 24.4733], [124.1346, 24.4748], [124.1342, 24.4752], [124.1344, 24.4754], [124.1338, 24.4756], [124.1337, 24.4759], [124.1334, 24.4759], [124.133, 24.4765], [124.1328, 24.4763], [124.1308, 24.4769], [124.1307, 24.4767], [124.13, 24.4769], [124.127, 24.4778], [124.1222, 24.4805], [124.121, 24.481], [124.1204, 24.4818], [124.118, 24.4822], [124.1178, 24.4825], [124.1177, 24.4822], [124.117, 24.4821], [124.1173, 24.4824], [124.1172, 24.4828], [124.117, 24.4828], [124.1164, 24.4824], [124.1166, 24.4822], [124.1161, 24.4823], [124.1164, 24.482], [124.1158, 24.482], [124.1153, 24.4814], [124.1148, 24.4815], [124.1147, 24.4806], [124.1145, 24.4811], [124.1142, 24.4811], [124.1141, 24.4809], [124.1144, 24.4807], [124.1141, 24.4803], [124.1135, 24.48], [124.1129, 24.4801], [124.1127, 24.4796], [124.1124, 24.4794], [124.113, 24.4791], [124.1129, 24.4785], [124.1133, 24.4785], [124.1131, 24.4783], [124.1133, 24.4779], [124.113, 24.4778], [124.1131, 24.4772], [124.1136, 24.4774], [124.1136, 24.4771], [124.1137, 24.4773], [124.114, 24.4772], [124.1145, 24.4765], [124.1156, 24.4765], [124.1177, 24.4772], [124.1198, 24.476], [124.1204, 24.4761], [124.1219, 24.4747], [124.122, 24.4744], [124.1231, 24.4744], [124.1237, 24.4738], [124.1249, 24.4718], [124.1255, 24.47], [124.1251, 24.4675], [124.1256, 24.4669], [124.1255, 24.4661], [124.1256, 24.4668], [124.1254, 24.4671], [124.1249, 24.4671], [124.1243, 24.4661], [124.1233, 24.4653], [124.1221, 24.465], [124.1216, 24.4653], [124.1192, 24.4644], [124.1186, 24.4639], [124.1176, 24.464], [124.1167, 24.4626], [124.1179, 24.4612], [124.1176, 24.4598], [124.1171, 24.459], [124.118, 24.4582], [124.1182, 24.4571], [124.118, 24.4562], [124.1184, 24.4552], [124.1183, 24.455], [124.1183, 24.4552], [124.1164, 24.4551], [124.1162, 24.4542], [124.1164, 24.4542], [124.1164, 24.4535], [124.1168, 24.4535], [124.1168, 24.4524], [124.1186, 24.4524], [124.119, 24.4522], [124.1195, 24.451], [124.1193, 24.4504], [124.1194, 24.4495], [124.1203, 24.4483], [124.1202, 24.4475], [124.1197, 24.4469], [124.1203, 24.4465], [124.1193, 24.4465], [124.1177, 24.4455], [124.116, 24.4451], [124.1154, 24.4451], [124.1135, 24.4458], [124.1128, 24.4456], [124.112, 24.445], [124.1114, 24.4451], [124.1112, 24.4443], [124.1087, 24.4442], [124.1068, 24.4446], [124.106, 24.445], [124.1061, 24.4463], [124.1058, 24.4487], [124.1054, 24.4488], [124.1053, 24.4485], [124.1048, 24.4484], [124.1037, 24.4488], [124.1035, 24.4492], [124.1037, 24.4495], [124.1036, 24.4499], [124.1027, 24.4504], [124.1025, 24.4509], [124.1019, 24.4507], [124.1005, 24.4513], [124.1, 24.4523], [124.1004, 24.4526], [124.1003, 24.4528], [124.1, 24.4528], [124.1002, 24.4531], [124.1, 24.453], [124.0995, 24.4536], [124.0994, 24.4533], [124.099, 24.4533], [124.0989, 24.4536], [124.0987, 24.4532], [124.0985, 24.4535], [124.0985, 24.4532], [124.0979, 24.453], [124.0973, 24.4533], [124.0961, 24.4533], [124.0957, 24.4537], [124.0953, 24.4536], [124.0953, 24.4539], [124.095, 24.4537], [124.0946, 24.4541], [124.0941, 24.4539], [124.094, 24.4542], [124.0939, 24.4539], [124.0937, 24.4541], [124.0934, 24.4538], [124.0922, 24.4538], [124.0914, 24.4532], [124.091, 24.4532], [124.0908, 24.4525], [124.0898, 24.4525], [124.0897, 24.4522], [124.0877, 24.4519], [124.087, 24.4523], [124.0866, 24.4523], [124.0866, 24.452], [124.0862, 24.4522], [124.0862, 24.452], [124.086, 24.4523], [124.0856, 24.4521], [124.0843, 24.4524], [124.0842, 24.4521], [124.0839, 24.4522], [124.0833, 24.4521], [124.0833, 24.4519], [124.0829, 24.4524], [124.0825, 24.4524], [124.0827, 24.4521], [124.0821, 24.452], [124.0795, 24.454], [124.0792, 24.4539], [124.0793, 24.4537], [124.0788, 24.4531], [124.0787, 24.4533], [124.0784, 24.4532], [124.0781, 24.4537], [124.0767, 24.4534], [124.0768, 24.4531], [124.0766, 24.453], [124.077, 24.4524], [124.0767, 24.452], [124.077, 24.452], [124.0772, 24.4512], [124.0768, 24.4515], [124.0766, 24.4513], [124.0771, 24.451], [124.0772, 24.4511], [124.0775, 24.4509], [124.0774, 24.4507], [124.0779, 24.4498], [124.0806, 24.4491], [124.0806, 24.4482], [124.079, 24.4469], [124.0789, 24.4461], [124.0778, 24.4437], [124.0779, 24.4433], [124.0781, 24.4433], [124.0782, 24.4427], [124.077, 24.4406], [124.0761, 24.4409], [124.076, 24.4405], [124.0753, 24.44], [124.0755, 24.4397], [124.0752, 24.4395], [124.0742, 24.4392], [124.0736, 24.4394], [124.0723, 24.4386], [124.0725, 24.438], [124.0719, 24.4373], [124.0723, 24.4367], [124.0714, 24.4365], [124.0716, 24.4361], [124.0713, 24.4351], [124.071, 24.4348], [124.0711, 24.4346], [124.0715, 24.4348], [124.072, 24.4341], [124.0717, 24.4331], [124.071, 24.4323], [124.0703, 24.4328], [124.0703, 24.4322], [124.07, 24.4323], [124.0696, 24.4316], [124.0691, 24.4318], [124.0693, 24.4315], [124.0691, 24.4314], [124.0702, 24.4307], [124.0699, 24.43], [124.0704, 24.4295], [124.0702, 24.4292], [124.0699, 24.4292], [124.0705, 24.4282], [124.0711, 24.4279], [124.0717, 24.4279], [124.0721, 24.4274], [124.0724, 24.4274], [124.0726, 24.4269], [124.0735, 24.4268], [124.0739, 24.4264], [124.0748, 24.4267], [124.0753, 24.4262], [124.0761, 24.4264], [124.077, 24.4261], [124.0776, 24.4254], [124.0778, 24.4257], [124.0777, 24.4254], [124.0794, 24.4236], [124.081, 24.4205], [124.082, 24.4199], [124.0825, 24.4189], [124.0829, 24.4187], [124.0834, 24.4175], [124.084, 24.4172], [124.0845, 24.4161], [124.0851, 24.4159], [124.0855, 24.4161], [124.0853, 24.4163], [124.0855, 24.4163], [124.0859, 24.4172], [124.0856, 24.4176], [124.0859, 24.4181], [124.0855, 24.4189], [124.0855, 24.4193], [124.0863, 24.4204], [124.0877, 24.4215], [124.0877, 24.4225], [124.0882, 24.4233], [124.0909, 24.4254], [124.0926, 24.4262], [124.093, 24.4271], [124.0937, 24.4277], [124.0956, 24.4286], [124.0961, 24.4292], [124.0979, 24.43], [124.098, 24.4301], [124.0974, 24.4302], [124.098, 24.4302], [124.1002, 24.4323], [124.1018, 24.433], [124.1043, 24.4333], [124.1033, 24.4339], [124.1048, 24.4332], [124.1075, 24.4335], [124.1089, 24.4333], [124.1105, 24.4327], [124.1114, 24.4321], [124.1115, 24.4324], [124.1114, 24.4303], [124.1119, 24.4298], [124.1125, 24.4299], [124.1125, 24.4303], [124.1129, 24.4303], [124.1147, 24.4316], [124.1145, 24.4336], [124.1151, 24.4342], [124.1164, 24.4345], [124.1161, 24.4348], [124.1162, 24.4349], [124.1164, 24.4345], [124.1182, 24.4347], [124.12, 24.4346], [124.1219, 24.4341], [124.1234, 24.4333], [124.1246, 24.4315], [124.1248, 24.4308], [124.1247, 24.4299], [124.124, 24.4283], [124.1256, 24.4275], [124.1287, 24.4252], [124.1292, 24.4241], [124.13, 24.4233], [124.1313, 24.4228], [124.1328, 24.4215], [124.1343, 24.4184], [124.1341, 24.4176], [124.1333, 24.4167], [124.1342, 24.4155], [124.137, 24.4145], [124.1379, 24.415], [124.1415, 24.4146], [124.1431, 24.4138], [124.1435, 24.4132], [124.1438, 24.4117], [124.1443, 24.4107], [124.144, 24.4077], [124.1434, 24.406], [124.1416, 24.4041], [124.1407, 24.4018], [124.1399, 24.4015], [124.1395, 24.4006], [124.1409, 24.3965], [124.1412, 24.3934], [124.1414, 24.3926], [124.1417, 24.3925], [124.1414, 24.3918], [124.1411, 24.392], [124.1408, 24.3915], [124.1389, 24.3873], [124.1364, 24.3846], [124.1352, 24.3839], [124.1317, 24.3805], [124.1305, 24.3796], [124.1303, 24.3792], [124.1302, 24.3794], [124.1291, 24.3787], [124.1269, 24.378], [124.1256, 24.3779], [124.1261, 24.3772], [124.1254, 24.3781], [124.1243, 24.3781], [124.1234, 24.3791], [124.1201, 24.3776], [124.119, 24.3764], [124.1162, 24.3743], [124.1163, 24.3739], [124.1158, 24.3728], [124.1136, 24.3705], [124.1113, 24.3672], [124.1117, 24.3669], [124.1118, 24.3661], [124.111, 24.3657]]], [[[124.0744, 24.4398], [124.0741, 24.4401], [124.0739, 24.4401], [124.074, 24.4398], [124.0744, 24.4398]]], [[[124.0783, 24.4543], [124.0779, 24.4541], [124.0774, 24.4542], [124.0773, 24.4539], [124.0778, 24.4538], [124.0782, 24.454], [124.0783, 24.4543]]], [[[124.1466, 24.465], [124.1465, 24.4652], [124.146, 24.4646], [124.1463, 24.4638], [124.146, 24.4636], [124.1463, 24.4635], [124.1464, 24.4626], [124.1468, 24.4629], [124.1474, 24.463], [124.147, 24.4637], [124.1472, 24.4639], [124.1471, 24.4645], [124.1466, 24.465]]], [[[124.1122, 24.4783], [124.1126, 24.4785], [124.1118, 24.4789], [124.1119, 24.4784], [124.1122, 24.4783]]], [[[124.1477, 24.4628], [124.1474, 24.4627], [124.1473, 24.4621], [124.1479, 24.4625], [124.1477, 24.4628]]], [[[124.1496, 24.4608], [124.1488, 24.4614], [124.1483, 24.4623], [124.1467, 24.4606], [124.1468, 24.4601], [124.1474, 24.4597], [124.1462, 24.4585], [124.1467, 24.4575], [124.1468, 24.4571], [124.1475, 24.4569], [124.1477, 24.4563], [124.1481, 24.4563], [124.1481, 24.4559], [124.149, 24.4542], [124.1488, 24.4532], [124.1491, 24.4523], [124.15, 24.4529], [124.1508, 24.4541], [124.1515, 24.4542], [124.1522, 24.4548], [124.1527, 24.4554], [124.1525, 24.456], [124.1528, 24.4565], [124.1518, 24.4585], [124.1511, 24.459], [124.1511, 24.4594], [124.1501, 24.4601], [124.15, 24.4607], [124.1496, 24.4608]]], [[[124.1466, 24.4606], [124.1471, 24.4614], [124.1471, 24.4619], [124.1467, 24.4615], [124.1466, 24.4606]]], [[[124.1448, 24.4608], [124.1449, 24.4614], [124.1448, 24.4615], [124.1442, 24.461], [124.1443, 24.4607], [124.1445, 24.4607], [124.1444, 24.4602], [124.1448, 24.4608]]], [[[124.1172, 24.4848], [124.1167, 24.4852], [124.1168, 24.4847], [124.1174, 24.4845], [124.1172, 24.4848]]], [[[124.1156, 24.485], [124.1152, 24.485], [124.1155, 24.4844], [124.1166, 24.4839], [124.1164, 24.4835], [124.1167, 24.4835], [124.1169, 24.4839], [124.1175, 24.4843], [124.1172, 24.4845], [124.1167, 24.4843], [124.1161, 24.485], [124.1156, 24.485]]], [[[124.1156, 24.4839], [124.115, 24.4842], [124.1155, 24.4838], [124.1161, 24.4839], [124.1156, 24.4839]]], [[[124.1175, 24.4835], [124.1165, 24.4833], [124.1172, 24.483], [124.1175, 24.4835]]], [[[124.2811, 24.4874], [124.2806, 24.4873], [124.2809, 24.4868], [124.2815, 24.4866], [124.2816, 24.4869], [124.2811, 24.4874]]], [[[124.3181, 24.618], [124.3179, 24.6182], [124.3169, 24.6174], [124.3168, 24.6165], [124.3172, 24.6159], [124.3185, 24.6169], [124.3183, 24.6173], [124.3186, 24.6178], [124.3181, 24.618]]], [[[124.3404, 24.6047], [124.3408, 24.6048], [124.3407, 24.6052], [124.3404, 24.6051], [124.3402, 24.6048], [124.3404, 24.6047]]], [[[124.339, 24.5841], [124.3388, 24.5843], [124.3386, 24.5842], [124.339, 24.5838], [124.3389, 24.5838], [124.3392, 24.5832], [124.3395, 24.5839], [124.339, 24.5841]]], [[[123.5545, 25.7232], [123.5538, 25.7238], [123.5513, 25.7254], [123.549, 25.7256], [123.5457, 25.7249], [123.5448, 25.7241], [123.5449, 25.7238], [123.5447, 25.7236], [123.545, 25.7224], [123.5452, 25.7227], [123.5459, 25.7222], [123.5473, 25.7223], [123.5476, 25.7219], [123.5487, 25.7218], [123.5491, 25.7214], [123.551, 25.7211], [123.5523, 25.7204], [123.5538, 25.7204], [123.5553, 25.7208], [123.5555, 25.7216], [123.5545, 25.7232]]], [[[123.5416, 25.7793], [123.5406, 25.7792], [123.5409, 25.7788], [123.5418, 25.7789], [123.5419, 25.7792], [123.5416, 25.7793]]], [[[123.5667, 25.7552], [123.5663, 25.7555], [123.5664, 25.755], [123.5672, 25.7548], [123.568, 25.7553], [123.5677, 25.7555], [123.5667, 25.7552]]], [[[123.5398, 25.7795], [123.5395, 25.7795], [123.5394, 25.7791], [123.54, 25.7787], [123.5405, 25.7788], [123.5404, 25.7793], [123.5398, 25.7795]]], [[[123.6806, 25.9289], [123.6802, 25.9287], [123.6803, 25.9283], [123.6798, 25.9287], [123.6799, 25.9282], [123.6796, 25.9277], [123.6792, 25.9275], [123.679, 25.9277], [123.6789, 25.9273], [123.6782, 25.9269], [123.678, 25.927], [123.678, 25.9266], [123.6765, 25.925], [123.6764, 25.9244], [123.676, 25.9244], [123.6763, 25.9241], [123.676, 25.9232], [123.6762, 25.9233], [123.6772, 25.9225], [123.6772, 25.9222], [123.6777, 25.9219], [123.6776, 25.9215], [123.6782, 25.9212], [123.6781, 25.9209], [123.6784, 25.9208], [123.6783, 25.9205], [123.6786, 25.9207], [123.6785, 25.9203], [123.6789, 25.9203], [123.6794, 25.9197], [123.6799, 25.9198], [123.6799, 25.9196], [123.6801, 25.9197], [123.6812, 25.9193], [123.6813, 25.9191], [123.6817, 25.9194], [123.6821, 25.919], [123.6823, 25.9193], [123.6828, 25.9192], [123.6831, 25.9189], [123.6836, 25.9195], [123.6837, 25.9193], [123.6857, 25.9198], [123.6859, 25.9196], [123.6863, 25.92], [123.6869, 25.9201], [123.6869, 25.9204], [123.6873, 25.9203], [123.6878, 25.9207], [123.6876, 25.9211], [123.688, 25.9211], [123.6877, 25.9213], [123.6881, 25.9214], [123.6883, 25.9218], [123.6881, 25.9219], [123.6886, 25.9221], [123.6883, 25.9222], [123.6884, 25.9225], [123.6882, 25.923], [123.6887, 25.9235], [123.6881, 25.9231], [123.6879, 25.9232], [123.6878, 25.9235], [123.6881, 25.9238], [123.6876, 25.9238], [123.6873, 25.9241], [123.6877, 25.9245], [123.6873, 25.9245], [123.6871, 25.9251], [123.6867, 25.9251], [123.6858, 25.9262], [123.6846, 25.9271], [123.6846, 25.9276], [123.6844, 25.9275], [123.684, 25.9277], [123.6841, 25.9281], [123.6838, 25.9284], [123.6833, 25.9286], [123.6828, 25.9285], [123.6825, 25.9289], [123.682, 25.9286], [123.6816, 25.9289], [123.6816, 25.9286], [123.681, 25.9284], [123.6806, 25.9289]]], [[[123.4784, 25.7514], [123.4765, 25.7517], [123.4757, 25.7514], [123.4739, 25.7512], [123.4706, 25.7503], [123.4686, 25.7491], [123.4664, 25.7486], [123.4614, 25.7451], [123.4599, 25.7437], [123.4579, 25.7399], [123.4584, 25.7375], [123.4587, 25.7366], [123.4592, 25.7365], [123.4594, 25.7354], [123.4599, 25.7353], [123.4605, 25.7354], [123.4608, 25.7351], [123.4622, 25.7348], [123.4624, 25.735], [123.4626, 25.7348], [123.4636, 25.735], [123.4645, 25.7348], [123.4655, 25.7357], [123.4671, 25.7359], [123.4678, 25.7365], [123.4699, 25.7371], [123.4707, 25.7376], [123.4709, 25.7381], [123.472, 25.7385], [123.4724, 25.7389], [123.4727, 25.7385], [123.473, 25.7386], [123.4733, 25.7383], [123.474, 25.7381], [123.4737, 25.7385], [123.4741, 25.7394], [123.4745, 25.7397], [123.4752, 25.7392], [123.4754, 25.7402], [123.4769, 25.7413], [123.4782, 25.7411], [123.4787, 25.7415], [123.4794, 25.7408], [123.4804, 25.741], [123.4807, 25.7407], [123.481, 25.741], [123.4814, 25.7409], [123.4816, 25.7406], [123.4829, 25.7406], [123.4841, 25.7412], [123.4883, 25.7406], [123.4915, 25.7414], [123.4933, 25.7427], [123.4935, 25.7434], [123.4925, 25.7452], [123.4907, 25.7469], [123.4902, 25.7469], [123.4892, 25.7479], [123.4876, 25.7486], [123.487, 25.7495], [123.4839, 25.7498], [123.4833, 25.7496], [123.4812, 25.7499], [123.4795, 25.7505], [123.4784, 25.7514]]], [[[124.5603, 25.9221], [124.5601, 25.9225], [124.5589, 25.9225], [124.5588, 25.923], [124.5582, 25.9231], [124.5569, 25.9229], [124.5571, 25.9225], [124.5553, 25.922], [124.5555, 25.9215], [124.5567, 25.9214], [124.5573, 25.9216], [124.5582, 25.9215], [124.5584, 25.9217], [124.5594, 25.9216], [124.5603, 25.9221]]], [[[123.5439, 25.7821], [123.5435, 25.7821], [123.5434, 25.7803], [123.544, 25.7808], [123.5449, 25.7809], [123.5439, 25.7821]]], [[[123.5418, 25.7331], [123.5417, 25.7338], [123.542, 25.7342], [123.5419, 25.7345], [123.5414, 25.7346], [123.5408, 25.7344], [123.5397, 25.7328], [123.5391, 25.7328], [123.5381, 25.7319], [123.5377, 25.7319], [123.5379, 25.7317], [123.5388, 25.7318], [123.5399, 25.73], [123.5408, 25.7279], [123.5413, 25.7278], [123.5414, 25.7259], [123.5418, 25.7258], [123.5425, 25.7261], [123.5422, 25.7254], [123.5425, 25.7254], [123.5446, 25.7262], [123.5445, 25.727], [123.5449, 25.7275], [123.5448, 25.7279], [123.5453, 25.7284], [123.5455, 25.7289], [123.5453, 25.7292], [123.544, 25.7293], [123.5436, 25.7296], [123.5423, 25.7316], [123.5425, 25.732], [123.542, 25.732], [123.5418, 25.7331]]], [[[123.5067, 25.7348], [123.5073, 25.7362], [123.5071, 25.7364], [123.5059, 25.7353], [123.5058, 25.735], [123.5063, 25.7347], [123.5067, 25.7348]]]]}, "properties": {"name": "沖縄県石垣市"}}, {"type": "Feature", "geometry": {"type": "Polygon", "coordinates": [[[127.7385, 26.2364], [127.739, 26.2367], [127.7393, 26.2375], [127.7392, 26.2383], [127.7397, 26.2393], [127.7395, 26.2399], [127.7401, 26.24], [127.7401, 26.2397], [127.7405, 26.2397], [127.7405, 26.24], [127.7418, 26.2402], [127.7433, 26.2418], [127.7431, 26.2426], [127.7437, 26.2434], [127.7439, 26.2434], [127.744, 26.243], [127.7445, 26.2431], [127.7448, 26.2437], [127.7465, 26.2441], [127.7473, 26.2446], [127.748, 26.2457], [127.7493, 26.2465], [127.7494, 26.2473], [127.7503, 26.2487], [127.7508, 26.2489], [127.7503, 26.2508], [127.7516, 26.2513], [127.7517, 26.2515], [127.7525, 26.2512], [127.7531, 26.2518], [127.7529, 26.2518], [127.7528, 26.2522], [127.7524, 26.2519], [127.7521, 26.2522], [127.7525, 26.2527], [127.7521, 26.2531], [127.7514, 26.2531], [127.7512, 26.2526], [127.751, 26.2525], [127.7496, 26.2525], [127.7484, 26.2533], [127.7479, 26.2541], [127.7474, 26.2544], [127.7466, 26.2544], [127.7464, 26.2554], [127.7447, 26.2558], [127.744, 26.2565], [127.7431, 26.2569], [127.742, 26.2581], [127.7402, 26.2579], [127.7389, 26.2572], [127.7393, 26.2566], [127.7392, 26.2565], [127.7399, 26.2558], [127.7395, 26.2555], [127.7399, 26.2552], [127.7397, 26.2549], [127.7392, 26.2548], [127.7391, 26.2535], [127.7381, 26.2534], [127.7376, 26.2538], [127.7365, 26.2539], [127.7353, 26.2535], [127.7343, 26.2541], [127.7341, 26.2548], [127.7337, 26.2549], [127.7335, 26.2547], [127.7319, 26.2553], [127.732, 26.2561], [127.7314, 26.2562], [127.7314, 26.257], [127.7317, 26.2572], [127.7313, 26.2576], [127.7317, 26.258], [127.7315, 26.2581], [127.732, 26.2588], [127.7318, 26.2591], [127.7302, 26.2606], [127.73, 26.2604], [127.7285, 26.2607], [127.728, 26.2612], [127.7279, 26.2618], [127.7285, 26.262], [127.7291, 26.2626], [127.729, 26.2633], [127.7294, 26.2635], [127.7295, 26.2632], [127.7295, 26.2635], [127.7298, 26.2635], [127.7303, 26.2638], [127.7307, 26.2646], [127.7302, 26.265], [127.7307, 26.2654], [127.7302, 26.2658], [127.7305, 26.266], [127.7301, 26.2661], [127.7297, 26.2668], [127.7303, 26.2671], [127.7297, 26.2672], [127.7295, 26.2679], [127.7272, 26.2674], [127.727, 26.2686], [127.7255, 26.2709], [127.7251, 26.2708], [127.7238, 26.2724], [127.7227, 26.2727], [127.7232, 26.2725], [127.7235, 26.2715], [127.722, 26.271], [127.7217, 26.2716], [127.7214, 26.2715], [127.7212, 26.2722], [127.7224, 26.2732], [127.7226, 26.2736], [127.7205, 26.2721], [127.7211, 26.2709], [127.7203, 26.2705], [127.7199, 26.2708], [127.7195, 26.2726], [127.7209, 26.2742], [127.7195, 26.273], [127.7199, 26.2738], [127.7195, 26.2746], [127.7181, 26.2746], [127.7179, 26.2748], [127.7156, 26.2748], [127.7155, 26.2746], [127.7143, 26.2746], [127.714, 26.2748], [127.7138, 26.2746], [127.7126, 26.2745], [127.7126, 26.2737], [127.7121, 26.2732], [127.7124, 26.273], [127.711, 26.2719], [127.7118, 26.2701], [127.7115, 26.2702], [127.7111, 26.2712], [127.7108, 26.2711], [127.7095, 26.2722], [127.7093, 26.2721], [127.7088, 26.2728], [127.7085, 26.274], [127.7083, 26.2739], [127.7084, 26.2832], [127.6922, 26.2979], [127.6489, 26.2592], [127.647, 26.2467], [127.6749, 26.2461], [127.6798, 26.2443], [127.6798, 26.244], [127.6807, 26.244], [127.685, 26.2424], [127.6851, 26.2426], [127.6887, 26.2424], [127.6902, 26.2414], [127.6904, 26.2416], [127.691, 26.2411], [127.6963, 26.2397], [127.697, 26.239], [127.6973, 26.2371], [127.6975, 26.2369], [127.6981, 26.2367], [127.6995, 26.2368], [127.6996, 26.2373], [127.7008, 26.2374], [127.701, 26.2373], [127.701, 26.2361], [127.7016, 26.235], [127.7028, 26.2352], [127.7033, 26.235], [127.7035, 26.2347], [127.7033, 26.2343], [127.7038, 26.2339], [127.705, 26.2336], [127.7056, 26.234], [127.7056, 26.2343], [127.7066, 26.2346], [127.7083, 26.2333], [127.7089, 26.2336], [127.7094, 26.2342], [127.7102, 26.2339], [127.7113, 26.2339], [127.7116, 26.2336], [127.7149, 26.2337], [127.7166, 26.2332], [127.7168, 26.2335], [127.7175, 26.2331], [127.7179, 26.2334], [127.7189, 26.2333], [127.7204, 26.2336], [127.7209, 26.2333], [127.7213, 26.2334], [127.7216, 26.2332], [127.7234, 26.2337], [127.7247, 26.2333], [127.7252, 26.2334], [127.7257, 26.2331], [127.7267, 26.2337], [127.7273, 26.2346], [127.7298, 26.2355], [127.7328, 26.2374], [127.7337, 26.236], [127.7345, 26.2356], [127.7343, 26.236], [127.7367, 26.2363], [127.7376, 26.2369], [127.7385, 26.2364]]]}, "properties": {"name": "沖縄県浦添市"}}, {"type": "Feature", "geometry": {"type": "Polygon", "coordinates": [[[128.0804, 26.6458], [128.0803, 26.645], [128.0793, 26.6443], [128.0768, 26.6444], [128.0746, 26.6441], [128.0722, 26.6444], [128.0714, 26.6442], [128.0697, 26.643], [128.0677, 26.6427], [128.0661, 26.6417], [128.0634, 26.6408], [128.0615, 26.6396], [128.0591, 26.6375], [128.0563, 26.6368], [128.0548, 26.6358], [128.0526, 26.635], [128.0482, 26.6344], [128.0397, 26.6366], [128.0376, 26.6357], [128.0359, 26.636], [128.034, 26.6359], [128.0339, 26.6365], [128.0346, 26.6371], [128.0345, 26.6379], [128.0347, 26.6384], [128.0354, 26.6389], [128.0354, 26.641], [128.0343, 26.6419], [128.0337, 26.6414], [128.0322, 26.6424], [128.0332, 26.6463], [128.034, 26.6469], [128.0341, 26.6475], [128.0335, 26.6486], [128.0335, 26.6495], [128.0347, 26.6505], [128.0349, 26.6511], [128.0345, 26.6524], [128.0347, 26.6527], [128.034, 26.6539], [128.0343, 26.6543], [128.0327, 26.6563], [128.0323, 26.6576], [128.0326, 26.6581], [128.0332, 26.658], [128.0332, 26.6585], [128.0337, 26.659], [128.0335, 26.6594], [128.0331, 26.6591], [128.0326, 26.6595], [128.0323, 26.659], [128.0317, 26.659], [128.0303, 26.6601], [128.0296, 26.661], [128.0289, 26.6607], [128.0282, 26.6612], [128.0266, 26.663], [128.0232, 26.6679], [128.0217, 26.6709], [128.0212, 26.6722], [128.0222, 26.6724], [128.0226, 26.6712], [128.0233, 26.671], [128.0243, 26.6715], [128.0236, 26.6714], [128.0233, 26.6723], [128.0246, 26.6728], [128.0248, 26.6723], [128.0242, 26.6721], [128.024, 26.6724], [128.0241, 26.672], [128.0249, 26.6723], [128.0251, 26.6718], [128.0247, 26.6716], [128.0252, 26.6718], [128.0255, 26.6713], [128.0249, 26.6733], [128.0245, 26.6736], [128.0226, 26.6731], [128.0222, 26.6729], [128.0222, 26.6724], [128.0212, 26.6723], [128.0211, 26.6746], [128.0212, 26.6749], [128.0219, 26.6751], [128.0217, 26.6756], [128.0212, 26.675], [128.0208, 26.675], [128.0202, 26.6741], [128.0207, 26.675], [128.0212, 26.6751], [128.0206, 26.6761], [128.0206, 26.6768], [128.0209, 26.6771], [128.0212, 26.6771], [128.0205, 26.6788], [128.0207, 26.679], [128.0206, 26.6796], [128.021, 26.6796], [128.0211, 26.6799], [128.021, 26.6802], [128.0205, 26.6803], [128.0199, 26.6808], [128.0207, 26.6867], [128.0192, 26.6866], [128.0132, 26.6845], [128.0096, 26.6824], [128.0057, 26.6792], [128.0044, 26.6784], [128.001, 26.6768], [127.9982, 26.6762], [127.9963, 26.6732], [127.9943, 26.6713], [127.9943, 26.67], [127.9949, 26.6678], [127.9948, 26.6674], [127.9937, 26.6662], [127.9941, 26.6642], [127.994, 26.6627], [127.9928, 26.6614], [127.9927, 26.6611], [127.9949, 26.6507], [127.9949, 26.6496], [127.9945, 26.649], [127.9939, 26.6488], [127.9911, 26.6485], [127.9896, 26.6487], [127.9891, 26.6484], [127.9877, 26.6436], [127.9872, 26.6429], [127.9871, 26.642], [127.9864, 26.6414], [127.9863, 26.6405], [127.9857, 26.6403], [127.9858, 26.6395], [127.9842, 26.6394], [127.9832, 26.6386], [127.9818, 26.6382], [127.9812, 26.639], [127.9796, 26.6376], [127.9781, 26.6373], [127.9778, 26.637], [127.9763, 26.6381], [127.9762, 26.6391], [127.9757, 26.6396], [127.9757, 26.6408], [127.9752, 26.6414], [127.9746, 26.6414], [127.9741, 26.6402], [127.9732, 26.6402], [127.973, 26.64], [127.9728, 26.6394], [127.972, 26.6387], [127.9719, 26.6377], [127.9698, 26.6357], [127.9692, 26.6368], [127.9679, 26.6381], [127.9665, 26.6382], [127.9649, 26.6404], [127.964, 26.6405], [127.9634, 26.6396], [127.9624, 26.639], [127.9609, 26.6395], [127.9591, 26.6393], [127.958, 26.639], [127.9568, 26.6391], [127.9535, 26.6376], [127.9528, 26.6377], [127.951, 26.6371], [127.9504, 26.636], [127.9507, 26.6351], [127.9506, 26.6347], [127.9491, 26.6335], [127.9482, 26.6331], [127.9474, 26.632], [127.9465, 26.6319], [127.9459, 26.6309], [127.9448, 26.6309], [127.9433, 26.6318], [127.9425, 26.6318], [127.9411, 26.6314], [127.9402, 26.6315], [127.9395, 26.6312], [127.9376, 26.6309], [127.9372, 26.6316], [127.9353, 26.6333], [127.9351, 26.6339], [127.9338, 26.6345], [127.9331, 26.6343], [127.9318, 26.6334], [127.9313, 26.6342], [127.9309, 26.6343], [127.9281, 26.6345], [127.9261, 26.6343], [127.9253, 26.6349], [127.9249, 26.6348], [127.9247, 26.6343], [127.9244, 26.6347], [127.9237, 26.6345], [127.9228, 26.6348], [127.9218, 26.6336], [127.9207, 26.6342], [127.9168, 26.6309], [127.9165, 26.6299], [127.9169, 26.6286], [127.9167, 26.628], [127.9125, 26.6284], [127.9113, 26.6267], [127.9115, 26.6264], [127.9107, 26.6266], [127.9107, 26.6255], [127.9093, 26.6236], [127.9085, 26.6229], [127.9086, 26.6218], [127.9094, 26.6203], [127.9089, 26.6189], [127.9084, 26.6187], [127.9071, 26.6191], [127.9061, 26.6188], [127.905, 26.6182], [127.9039, 26.6169], [127.9017, 26.6167], [127.9002, 26.6148], [127.8986, 26.61], [127.8993, 26.6092], [127.9001, 26.609], [127.9009, 26.6078], [127.8998, 26.605], [127.9076, 26.6023], [127.9118, 26.6012], [127.9134, 26.6011], [127.915, 26.6016], [127.9163, 26.6027], [127.9171, 26.6039], [127.9177, 26.6052], [127.9179, 26.6063], [127.9186, 26.6072], [127.9187, 26.6079], [127.9201, 26.6091], [127.9208, 26.6093], [127.9232, 26.6095], [127.9239, 26.6093], [127.9241, 26.6087], [127.926, 26.6087], [127.9259, 26.6078], [127.9263, 26.6078], [127.9261, 26.6078], [127.9261, 26.6087], [127.9268, 26.6087], [127.9268, 26.6093], [127.9291, 26.6081], [127.9289, 26.6079], [127.9291, 26.6078], [127.9293, 26.608], [127.9301, 26.6076], [127.9331, 26.6048], [127.933, 26.6045], [127.9332, 26.6046], [127.9344, 26.6038], [127.9354, 26.6036], [127.9366, 26.6028], [127.9369, 26.6028], [127.9369, 26.6032], [127.9377, 26.6031], [127.9381, 26.6033], [127.9392, 26.6019], [127.9397, 26.6021], [127.9406, 26.6016], [127.9408, 26.602], [127.9413, 26.6023], [127.9426, 26.6024], [127.9439, 26.6029], [127.9455, 26.6025], [127.9472, 26.6015], [127.9522, 26.5972], [127.9526, 26.5974], [127.952, 26.5977], [127.9505, 26.6006], [127.9506, 26.6007], [127.951, 26.6001], [127.9517, 26.5998], [127.9529, 26.6001], [127.953, 26.5998], [127.9522, 26.5996], [127.952, 26.5991], [127.9523, 26.5989], [127.9523, 26.5985], [127.9528, 26.598], [127.9526, 26.5975], [127.9533, 26.5962], [127.9589, 26.5945], [127.9619, 26.5928], [127.9638, 26.5921], [127.9648, 26.5914], [127.9646, 26.5911], [127.9648, 26.591], [127.965, 26.5905], [127.9651, 26.5903], [127.9653, 26.5901], [127.9655, 26.5902], [127.9654, 26.5902], [127.9651, 26.5904], [127.9649, 26.591], [127.9662, 26.5915], [127.9679, 26.5913], [127.9684, 26.5909], [127.9682, 26.5905], [127.9685, 26.5904], [127.9691, 26.5905], [127.9687, 26.5909], [127.9688, 26.5911], [127.9698, 26.5913], [127.9724, 26.5903], [127.973, 26.5898], [127.9728, 26.5893], [127.9734, 26.5894], [127.9739, 26.5902], [127.9784, 26.5882], [127.9788, 26.5876], [127.9792, 26.586], [127.9808, 26.5834], [127.9796, 26.5857], [127.98, 26.5861], [127.9796, 26.5857], [127.979, 26.5869], [127.9796, 26.5878], [127.98, 26.5875], [127.9795, 26.588], [127.9799, 26.5883], [127.9812, 26.5872], [127.9802, 26.5863], [127.9804, 26.5864], [127.9814, 26.5855], [127.9819, 26.5859], [127.9814, 26.5855], [127.981, 26.5859], [127.9818, 26.5866], [127.983, 26.5855], [127.9816, 26.5842], [127.983, 26.5854], [127.9836, 26.5856], [127.983, 26.585], [127.9835, 26.5809], [127.9835, 26.5763], [127.984, 26.5756], [127.9839, 26.5754], [127.9835, 26.5757], [127.9834, 26.5746], [127.9819, 26.5731], [127.9813, 26.5722], [127.9803, 26.5661], [127.9795, 26.5645], [127.9778, 26.5623], [127.9761, 26.559], [127.9752, 26.558], [127.9726, 26.556], [127.9707, 26.5532], [127.968, 26.5519], [127.9672, 26.5509], [127.9666, 26.5482], [127.9649, 26.5447], [127.9646, 26.5419], [127.9641, 26.5413], [127.963, 26.5414], [127.9628, 26.5421], [127.9622, 26.5425], [127.962, 26.5421], [127.9623, 26.5417], [127.9623, 26.5407], [127.9613, 26.541], [127.9613, 26.5415], [127.9609, 26.5415], [127.9609, 26.5411], [127.9599, 26.5414], [127.9596, 26.5427], [127.9601, 26.5434], [127.9601, 26.5444], [127.9609, 26.5444], [127.9585, 26.5456], [127.9584, 26.5468], [127.9582, 26.5469], [127.958, 26.5465], [127.9567, 26.5462], [127.956, 26.5463], [127.9557, 26.5458], [127.9549, 26.5457], [127.9546, 26.5454], [127.9535, 26.5452], [127.9523, 26.5445], [127.9519, 26.5446], [127.952, 26.5448], [127.9517, 26.5448], [127.9516, 26.5452], [127.9514, 26.544], [127.9517, 26.5433], [127.9511, 26.5423], [127.9515, 26.5421], [127.9511, 26.5422], [127.9477, 26.5387], [127.9482, 26.5384], [127.9477, 26.5387], [127.9468, 26.5384], [127.9465, 26.5386], [127.9463, 26.5375], [127.945, 26.5365], [127.9433, 26.536], [127.941, 26.5357], [127.9409, 26.5355], [127.9407, 26.5358], [127.9412, 26.5359], [127.9393, 26.5363], [127.9376, 26.5373], [127.9366, 26.5382], [127.9364, 26.5389], [127.937, 26.5393], [127.9373, 26.5402], [127.937, 26.541], [127.9372, 26.5416], [127.9363, 26.5422], [127.9363, 26.5429], [127.9358, 26.5426], [127.9348, 26.5427], [127.9336, 26.5437], [127.933, 26.5437], [127.9327, 26.5429], [127.932, 26.5423], [127.9304, 26.5424], [127.9326, 26.5421], [127.9327, 26.5414], [127.9345, 26.5411], [127.9349, 26.5405], [127.9347, 26.5394], [127.9343, 26.5395], [127.9346, 26.5394], [127.9339, 26.5377], [127.9331, 26.5365], [127.9326, 26.5362], [127.9312, 26.5344], [127.9305, 26.5329], [127.9293, 26.5331], [127.9291, 26.5335], [127.9283, 26.5334], [127.9284, 26.5324], [127.9291, 26.5324], [127.9293, 26.5322], [127.9293, 26.5319], [127.929, 26.5318], [127.9293, 26.5318], [127.9293, 26.5314], [127.931, 26.5313], [127.9319, 26.5295], [127.9324, 26.5298], [127.9331, 26.5297], [127.9327, 26.5294], [127.9328, 26.529], [127.933, 26.5288], [127.9337, 26.529], [127.9343, 26.528], [127.9346, 26.5265], [127.9361, 26.5257], [127.9361, 26.5252], [127.937, 26.5239], [127.9371, 26.5229], [127.9377, 26.5227], [127.9378, 26.5224], [127.9376, 26.521], [127.9371, 26.5207], [127.9372, 26.5203], [127.9367, 26.5201], [127.9363, 26.5193], [127.937, 26.5183], [127.9371, 26.5169], [127.9374, 26.5164], [127.9379, 26.5162], [127.9385, 26.515], [127.9397, 26.5135], [127.9409, 26.5103], [127.942, 26.5104], [127.9438, 26.5116], [127.9449, 26.512], [127.9463, 26.5118], [127.9471, 26.5112], [127.9479, 26.5113], [127.9479, 26.5122], [127.9481, 26.5124], [127.9489, 26.5121], [127.9499, 26.5122], [127.9504, 26.5118], [127.9521, 26.5116], [127.9533, 26.5109], [127.9538, 26.5109], [127.9569, 26.5123], [127.9578, 26.5133], [127.9592, 26.5141], [127.9593, 26.5153], [127.9588, 26.5156], [127.9585, 26.5176], [127.9597, 26.5185], [127.9602, 26.5187], [127.9615, 26.5184], [127.9624, 26.5186], [127.9638, 26.5212], [127.965, 26.5221], [127.9652, 26.5225], [127.9666, 26.5232], [127.9677, 26.523], [127.969, 26.5235], [127.9706, 26.5231], [127.9715, 26.5224], [127.9736, 26.5229], [127.9732, 26.5245], [127.9738, 26.5255], [127.9739, 26.5272], [127.9737, 26.5278], [127.9743, 26.5283], [127.9742, 26.5297], [127.9752, 26.5292], [127.9763, 26.5282], [127.9778, 26.528], [127.9792, 26.5273], [127.9789, 26.5269], [127.979, 26.5264], [127.9785, 26.5256], [127.9785, 26.5252], [127.9792, 26.525], [127.9772, 26.5244], [127.9773, 26.5236], [127.9778, 26.5224], [127.9798, 26.5206], [127.9803, 26.5198], [127.9806, 26.5197], [127.9823, 26.52], [127.9833, 26.5193], [127.9845, 26.5189], [127.9856, 26.519], [127.9867, 26.5184], [127.9897, 26.518], [127.9907, 26.5184], [127.9915, 26.5179], [127.993, 26.5177], [127.9931, 26.5172], [127.9936, 26.5169], [127.9944, 26.5154], [127.9959, 26.5153], [127.9967, 26.5145], [127.9965, 26.5138], [127.9967, 26.5119], [127.9964, 26.5112], [127.9974, 26.5097], [127.9983, 26.5097], [127.9984, 26.5092], [127.9985, 26.5094], [127.999, 26.5093], [127.9991, 26.5104], [127.9995, 26.5113], [128.0003, 26.5115], [128.0008, 26.511], [128.0013, 26.5115], [128.0017, 26.5115], [128.0009, 26.5109], [128.0012, 26.5108], [128.0024, 26.5117], [128.0027, 26.5132], [128.0017, 26.5134], [128.0014, 26.5137], [128.0016, 26.5141], [128.0023, 26.5145], [128.0014, 26.5137], [128.0028, 26.5133], [128.0027, 26.512], [128.002, 26.5109], [128.0014, 26.5107], [128.0003, 26.511], [128.0001, 26.5097], [128.0004, 26.5089], [128.0011, 26.5086], [128.0018, 26.5075], [128.0022, 26.5061], [128.002, 26.5059], [128.0036, 26.5053], [128.0043, 26.5056], [128.0049, 26.5055], [128.0049, 26.5058], [128.0052, 26.5061], [128.0067, 26.5064], [128.0066, 26.5066], [128.0069, 26.5072], [128.0066, 26.5077], [128.0065, 26.5083], [128.005, 26.5092], [128.0048, 26.5098], [128.0051, 26.5112], [128.0047, 26.5121], [128.0058, 26.5131], [128.0059, 26.5137], [128.0057, 26.5146], [128.006, 26.5147], [128.0061, 26.5134], [128.0057, 26.5127], [128.0049, 26.5122], [128.005, 26.5117], [128.0057, 26.512], [128.0067, 26.5133], [128.0079, 26.5143], [128.0093, 26.5149], [128.0108, 26.5151], [128.0112, 26.515], [128.0115, 26.5138], [128.0122, 26.5131], [128.0149, 26.513], [128.0151, 26.5133], [128.015, 26.513], [128.0162, 26.5122], [128.0167, 26.5123], [128.0165, 26.5127], [128.0167, 26.5123], [128.0164, 26.512], [128.0178, 26.5118], [128.018, 26.5115], [128.0188, 26.5117], [128.0191, 26.5124], [128.0188, 26.5117], [128.0191, 26.5116], [128.0206, 26.5112], [128.022, 26.5112], [128.0231, 26.5116], [128.0234, 26.5115], [128.0233, 26.5113], [128.024, 26.5114], [128.0256, 26.5106], [128.0265, 26.5113], [128.0274, 26.5117], [128.0277, 26.5116], [128.0282, 26.512], [128.029, 26.5119], [128.0311, 26.5123], [128.0324, 26.5134], [128.0324, 26.5138], [128.033, 26.5144], [128.0325, 26.5149], [128.0325, 26.5154], [128.0327, 26.5163], [128.0332, 26.5166], [128.0331, 26.5169], [128.0327, 26.5172], [128.0323, 26.5171], [128.0319, 26.5178], [128.0312, 26.5181], [128.0308, 26.5186], [128.0308, 26.5199], [128.0293, 26.5208], [128.0294, 26.521], [128.031, 26.52], [128.032, 26.5197], [128.0327, 26.5191], [128.0334, 26.519], [128.0339, 26.5174], [128.0345, 26.5171], [128.0339, 26.5174], [128.0335, 26.5188], [128.0346, 26.5191], [128.0345, 26.5193], [128.0348, 26.5194], [128.0353, 26.5176], [128.0356, 26.5175], [128.0356, 26.5178], [128.0353, 26.5178], [128.0349, 26.5194], [128.0366, 26.5203], [128.0367, 26.5207], [128.0367, 26.5203], [128.0395, 26.521], [128.0413, 26.5207], [128.0423, 26.521], [128.0437, 26.5207], [128.045, 26.521], [128.0448, 26.5215], [128.0452, 26.521], [128.0456, 26.5212], [128.0471, 26.5208], [128.0486, 26.5208], [128.0507, 26.5212], [128.0524, 26.5206], [128.0529, 26.5206], [128.053, 26.5213], [128.0518, 26.5224], [128.0514, 26.5241], [128.0507, 26.5245], [128.0511, 26.5252], [128.0505, 26.5252], [128.0506, 26.5259], [128.0499, 26.5252], [128.0487, 26.5259], [128.0485, 26.5263], [128.0471, 26.5265], [128.0469, 26.5269], [128.0466, 26.5269], [128.0468, 26.527], [128.0473, 26.5266], [128.0481, 26.5267], [128.0475, 26.5284], [128.0472, 26.5284], [128.047, 26.5288], [128.0463, 26.5291], [128.0458, 26.5308], [128.046, 26.5317], [128.0454, 26.5313], [128.0447, 26.5312], [128.0446, 26.5304], [128.0446, 26.5312], [128.0454, 26.5314], [128.046, 26.5319], [128.0458, 26.5319], [128.0459, 26.5322], [128.0454, 26.533], [128.0457, 26.5339], [128.0453, 26.534], [128.0451, 26.5344], [128.0452, 26.5357], [128.0447, 26.5357], [128.0446, 26.5361], [128.0447, 26.5362], [128.0442, 26.5367], [128.0441, 26.5374], [128.0433, 26.5376], [128.0434, 26.5381], [128.043, 26.538], [128.0428, 26.5384], [128.0418, 26.5387], [128.0415, 26.5398], [128.041, 26.5395], [128.0415, 26.5399], [128.0418, 26.5409], [128.0398, 26.5425], [128.039, 26.5434], [128.0376, 26.546], [128.0366, 26.5468], [128.0359, 26.548], [128.0358, 26.5489], [128.035, 26.5498], [128.0349, 26.5485], [128.0348, 26.5499], [128.0338, 26.5514], [128.0332, 26.553], [128.0338, 26.5536], [128.034, 26.5535], [128.0344, 26.5538], [128.0353, 26.5532], [128.0351, 26.5529], [128.0354, 26.5518], [128.0361, 26.5516], [128.038, 26.5519], [128.0387, 26.5522], [128.04, 26.5532], [128.0407, 26.5543], [128.0413, 26.5547], [128.0418, 26.5546], [128.0419, 26.5541], [128.0414, 26.5517], [128.0416, 26.5506], [128.0419, 26.5501], [128.0436, 26.5487], [128.0435, 26.5483], [128.0439, 26.5479], [128.0443, 26.548], [128.0444, 26.5477], [128.0448, 26.548], [128.0455, 26.5481], [128.046, 26.5486], [128.0493, 26.549], [128.05, 26.5488], [128.0504, 26.5484], [128.0502, 26.5474], [128.0513, 26.5476], [128.0514, 26.5474], [128.0524, 26.5481], [128.0532, 26.548], [128.0531, 26.5485], [128.0537, 26.5493], [128.0535, 26.5499], [128.0538, 26.5494], [128.0551, 26.5505], [128.0567, 26.5513], [128.0579, 26.5509], [128.0579, 26.5506], [128.0588, 26.5508], [128.0591, 26.5506], [128.0592, 26.5509], [128.0603, 26.5514], [128.0603, 26.5516], [128.0609, 26.5516], [128.0629, 26.5522], [128.0631, 26.5511], [128.0631, 26.5514], [128.0636, 26.5514], [128.0636, 26.5507], [128.0628, 26.5506], [128.0631, 26.5506], [128.0632, 26.55], [128.0619, 26.5497], [128.0617, 26.5504], [128.0623, 26.5505], [128.0617, 26.5504], [128.0619, 26.5492], [128.0635, 26.5495], [128.0638, 26.55], [128.0642, 26.5516], [128.064, 26.5523], [128.0646, 26.5525], [128.0649, 26.553], [128.0652, 26.5528], [128.0652, 26.5511], [128.0655, 26.5506], [128.0665, 26.5507], [128.0673, 26.5505], [128.0682, 26.5494], [128.0686, 26.5492], [128.0687, 26.5488], [128.0694, 26.5492], [128.0709, 26.5494], [128.0719, 26.5489], [128.0729, 26.5489], [128.0743, 26.5477], [128.077, 26.5465], [128.0796, 26.5441], [128.0801, 26.5434], [128.0799, 26.5428], [128.0809, 26.5417], [128.0812, 26.541], [128.0864, 26.5388], [128.0865, 26.5384], [128.0869, 26.5384], [128.0877, 26.5377], [128.0873, 26.5371], [128.0877, 26.5366], [128.0887, 26.5367], [128.0911, 26.5365], [128.0924, 26.5356], [128.0932, 26.5346], [128.0936, 26.5346], [128.0936, 26.5349], [128.0941, 26.5345], [128.0943, 26.5346], [128.0948, 26.5343], [128.0954, 26.5346], [128.0949, 26.5354], [128.0937, 26.5366], [128.0927, 26.5367], [128.0924, 26.5374], [128.0908, 26.5384], [128.0904, 26.5399], [128.0908, 26.5402], [128.0906, 26.5398], [128.0908, 26.5384], [128.0919, 26.5377], [128.0926, 26.5397], [128.0935, 26.5409], [128.0945, 26.5416], [128.0956, 26.5418], [128.0968, 26.5415], [128.097, 26.5411], [128.098, 26.5408], [128.0981, 26.5405], [128.0992, 26.5398], [128.1012, 26.5389], [128.1017, 26.539], [128.1021, 26.5403], [128.1009, 26.542], [128.1004, 26.5424], [128.1003, 26.543], [128.1006, 26.5436], [128.1036, 26.5465], [128.106, 26.5477], [128.1057, 26.5486], [128.1062, 26.548], [128.108, 26.5497], [128.1094, 26.5502], [128.1104, 26.5509], [128.1127, 26.551], [128.1147, 26.5516], [128.1164, 26.5515], [128.1205, 26.5536], [128.1225, 26.5539], [128.1264, 26.5553], [128.1273, 26.5552], [128.1275, 26.5547], [128.129, 26.5548], [128.1292, 26.5552], [128.1295, 26.5552], [128.1297, 26.5547], [128.1303, 26.5553], [128.1309, 26.5555], [128.1344, 26.5557], [128.1349, 26.5555], [128.135, 26.5552], [128.1378, 26.5544], [128.1382, 26.5538], [128.1378, 26.5535], [128.1385, 26.5535], [128.1398, 26.5558], [128.1397, 26.5564], [128.1395, 26.5565], [128.1392, 26.5602], [128.1389, 26.5603], [128.1388, 26.5623], [128.1374, 26.5648], [128.1377, 26.5664], [128.1371, 26.5664], [128.1364, 26.5667], [128.137, 26.5665], [128.1379, 26.5667], [128.138, 26.567], [128.1381, 26.5668], [128.1395, 26.567], [128.1408, 26.568], [128.1417, 26.5682], [128.1423, 26.5683], [128.1426, 26.5678], [128.1432, 26.5675], [128.1434, 26.5679], [128.1435, 26.5676], [128.1437, 26.5677], [128.1438, 26.568], [128.1444, 26.5684], [128.1462, 26.5687], [128.1466, 26.5686], [128.1466, 26.5682], [128.1468, 26.5686], [128.148, 26.5685], [128.1485, 26.5684], [128.1487, 26.5681], [128.1491, 26.5683], [128.1496, 26.5683], [128.1505, 26.5677], [128.1511, 26.5685], [128.1506, 26.569], [128.1502, 26.5689], [128.1493, 26.5693], [128.1479, 26.5708], [128.1466, 26.5709], [128.1458, 26.5714], [128.1438, 26.5733], [128.1418, 26.5761], [128.1404, 26.5792], [128.1393, 26.5808], [128.1389, 26.5821], [128.1393, 26.5828], [128.1389, 26.5828], [128.1382, 26.5834], [128.1379, 26.5846], [128.1375, 26.585], [128.138, 26.5854], [128.1374, 26.5856], [128.1377, 26.586], [128.1372, 26.586], [128.1368, 26.5864], [128.1368, 26.5868], [128.1365, 26.5868], [128.1368, 26.587], [128.1361, 26.587], [128.1356, 26.5874], [128.1356, 26.588], [128.1359, 26.5884], [128.1355, 26.5883], [128.1342, 26.5893], [128.1312, 26.5902], [128.1311, 26.5901], [128.1312, 26.5897], [128.1311, 26.5896], [128.1298, 26.5899], [128.131, 26.5897], [128.1311, 26.5898], [128.1307, 26.5906], [128.1296, 26.5913], [128.1285, 26.5928], [128.1267, 26.591], [128.1253, 26.5908], [128.1242, 26.5899], [128.1233, 26.5902], [128.1225, 26.59], [128.122, 26.5901], [128.1209, 26.5894], [128.1202, 26.5893], [128.1183, 26.5904], [128.1174, 26.5905], [128.1168, 26.5916], [128.1175, 26.5926], [128.1169, 26.593], [128.1167, 26.5934], [128.1135, 26.5944], [128.1127, 26.595], [128.1123, 26.5962], [128.1126, 26.5988], [128.1123, 26.5994], [128.1115, 26.5997], [128.1114, 26.6002], [128.1102, 26.6002], [128.1097, 26.5995], [128.1088, 26.5996], [128.1085, 26.5999], [128.1084, 26.6006], [128.1067, 26.601], [128.1047, 26.6027], [128.1042, 26.6026], [128.1033, 26.602], [128.103, 26.602], [128.1023, 26.6041], [128.1015, 26.6047], [128.1006, 26.6064], [128.0976, 26.6079], [128.0962, 26.6088], [128.096, 26.6092], [128.0956, 26.6093], [128.0954, 26.6102], [128.096, 26.6112], [128.0963, 26.6114], [128.0973, 26.6111], [128.0978, 26.6114], [128.098, 26.6117], [128.0986, 26.6118], [128.0988, 26.6122], [128.0996, 26.6129], [128.0996, 26.6139], [128.0988, 26.6146], [128.0979, 26.6159], [128.0976, 26.6171], [128.0961, 26.6192], [128.0957, 26.6207], [128.0926, 26.6223], [128.0915, 26.6242], [128.0907, 26.625], [128.0903, 26.6261], [128.0895, 26.6267], [128.0885, 26.627], [128.0875, 26.6273], [128.0865, 26.6273], [128.0864, 26.6281], [128.085, 26.6291], [128.0853, 26.63], [128.0851, 26.6313], [128.0843, 26.633], [128.0846, 26.6346], [128.0845, 26.6353], [128.0848, 26.6363], [128.0836, 26.6375], [128.0833, 26.6385], [128.0828, 26.6389], [128.0833, 26.6417], [128.0827, 26.6426], [128.0818, 26.643], [128.0811, 26.6451], [128.0804, 26.6458]]]}, "properties": {"name": "沖縄県名護市"}}, {"type": "Feature", "geometry": {"type": "MultiPolygon", "coordinates": [[[[127.669, 26.1257], [127.668, 26.1251], [127.6653, 26.1244], [127.6624, 26.1211], [127.6619, 26.121], [127.6621, 26.1206], [127.6627, 26.1209], [127.6631, 26.1208], [127.663, 26.1203], [127.6627, 26.12], [127.661, 26.1193], [127.6611, 26.1192], [127.662, 26.1196], [127.6623, 26.1191], [127.6616, 26.1176], [127.6617, 26.1172], [127.6612, 26.1159], [127.6607, 26.1157], [127.6601, 26.1162], [127.6605, 26.1156], [127.6648, 26.1146], [127.6645, 26.1135], [127.6641, 26.1132], [127.6645, 26.1132], [127.6642, 26.1131], [127.6639, 26.1119], [127.6622, 26.1106], [127.6617, 26.1098], [127.6622, 26.1098], [127.6618, 26.1097], [127.6613, 26.1089], [127.6611, 26.1065], [127.6599, 26.1057], [127.6594, 26.1047], [127.6588, 26.101], [127.6588, 26.0988], [127.6584, 26.0976], [127.6588, 26.0971], [127.6588, 26.0962], [127.6579, 26.096], [127.6587, 26.0962], [127.6588, 26.0956], [127.6584, 26.0955], [127.6589, 26.0956], [127.6589, 26.095], [127.6584, 26.0949], [127.6583, 26.0952], [127.6584, 26.0947], [127.658, 26.0947], [127.6579, 26.0955], [127.6578, 26.0954], [127.658, 26.0947], [127.6588, 26.0946], [127.6589, 26.0934], [127.6585, 26.0919], [127.6574, 26.0917], [127.6569, 26.0912], [127.6571, 26.0902], [127.6579, 26.0886], [127.6579, 26.0878], [127.6572, 26.0869], [127.6568, 26.0842], [127.6583, 26.082], [127.6592, 26.0822], [127.6593, 26.082], [127.6586, 26.0817], [127.6584, 26.0812], [127.6589, 26.0806], [127.6597, 26.0811], [127.66, 26.0811], [127.6602, 26.0813], [127.6608, 26.0811], [127.6609, 26.0815], [127.6619, 26.0815], [127.6633, 26.081], [127.6638, 26.0806], [127.6636, 26.0803], [127.6641, 26.0803], [127.664, 26.08], [127.6644, 26.0801], [127.665, 26.0798], [127.6651, 26.08], [127.6664, 26.0796], [127.6666, 26.0792], [127.6669, 26.0792], [127.6676, 26.0786], [127.6687, 26.0785], [127.6688, 26.078], [127.6691, 26.0781], [127.6691, 26.0784], [127.6693, 26.0783], [127.6692, 26.0786], [127.6695, 26.0784], [127.6698, 26.0788], [127.6702, 26.0784], [127.6703, 26.0787], [127.6706, 26.0788], [127.671, 26.0785], [127.6733, 26.0785], [127.6747, 26.0777], [127.675, 26.0769], [127.6752, 26.0769], [127.6755, 26.0763], [127.676, 26.0758], [127.6764, 26.0758], [127.6759, 26.0754], [127.6761, 26.0749], [127.6768, 26.0745], [127.6811, 26.0752], [127.6823, 26.0766], [127.6827, 26.0776], [127.683, 26.0777], [127.6849, 26.0802], [127.6879, 26.0822], [127.6948, 26.0854], [127.6955, 26.0862], [127.6971, 26.087], [127.697, 26.0872], [127.6971, 26.087], [127.7005, 26.0877], [127.7039, 26.0888], [127.7062, 26.0899], [127.7081, 26.0903], [127.7091, 26.09], [127.7104, 26.0892], [127.7108, 26.0893], [127.7116, 26.0881], [127.7122, 26.088], [127.712, 26.0883], [127.7124, 26.0884], [127.7128, 26.0882], [127.7128, 26.088], [127.7132, 26.0878], [127.7131, 26.0875], [127.7135, 26.0873], [127.7142, 26.0875], [127.7145, 26.0873], [127.7147, 26.0876], [127.7151, 26.0875], [127.7157, 26.0879], [127.7159, 26.0878], [127.7166, 26.0883], [127.7174, 26.0881], [127.7175, 26.0884], [127.7172, 26.0885], [127.7177, 26.0883], [127.718, 26.0887], [127.7182, 26.0886], [127.7181, 26.0888], [127.7184, 26.0888], [127.7184, 26.0891], [127.7191, 26.0891], [127.7193, 26.0894], [127.7198, 26.0897], [127.7199, 26.0895], [127.7202, 26.0898], [127.7219, 26.0897], [127.7241, 26.09], [127.7245, 26.0903], [127.7248, 26.0903], [127.7249, 26.0907], [127.7256, 26.0909], [127.7254, 26.0912], [127.7259, 26.0915], [127.7256, 26.0917], [127.7259, 26.092], [127.7258, 26.0922], [127.7262, 26.0925], [127.7269, 26.0941], [127.7265, 26.0949], [127.7273, 26.0966], [127.7281, 26.0973], [127.7297, 26.0976], [127.731, 26.0982], [127.7309, 26.0995], [127.7306, 26.0993], [127.7301, 26.0998], [127.7292, 26.1001], [127.7277, 26.1023], [127.7261, 26.1033], [127.7251, 26.1057], [127.7242, 26.1065], [127.7238, 26.1066], [127.7222, 26.1057], [127.7213, 26.1058], [127.7201, 26.1054], [127.7201, 26.1066], [127.7204, 26.1071], [127.7202, 26.1076], [127.7204, 26.1081], [127.7196, 26.1089], [127.7198, 26.1092], [127.7196, 26.1094], [127.7192, 26.1093], [127.7186, 26.11], [127.718, 26.1116], [127.7173, 26.1122], [127.7183, 26.1127], [127.7178, 26.1135], [127.7173, 26.1135], [127.717, 26.1141], [127.7158, 26.1143], [127.7159, 26.1147], [127.7162, 26.1148], [127.7156, 26.1156], [127.716, 26.1157], [127.7154, 26.117], [127.7147, 26.1166], [127.714, 26.1171], [127.7139, 26.1168], [127.7137, 26.1169], [127.7131, 26.1174], [127.713, 26.1179], [127.7135, 26.1183], [127.7129, 26.1182], [127.7129, 26.1184], [127.7124, 26.1184], [127.7117, 26.1187], [127.7132, 26.1222], [127.7126, 26.1223], [127.7122, 26.1229], [127.7124, 26.1236], [127.7116, 26.1241], [127.7119, 26.1247], [127.7111, 26.1253], [127.7105, 26.1253], [127.7082, 26.1265], [127.7078, 26.129], [127.7072, 26.1305], [127.7072, 26.1315], [127.7061, 26.1319], [127.7058, 26.1323], [127.7059, 26.133], [127.7055, 26.1333], [127.7055, 26.1336], [127.7068, 26.1337], [127.7074, 26.1342], [127.7086, 26.1341], [127.7088, 26.1345], [127.7094, 26.1345], [127.7101, 26.1348], [127.7108, 26.1364], [127.7105, 26.1377], [127.7121, 26.1388], [127.7119, 26.1396], [127.7121, 26.1412], [127.713, 26.1434], [127.714, 26.1446], [127.7135, 26.1448], [127.7126, 26.1446], [127.7125, 26.145], [127.7109, 26.1462], [127.7103, 26.1479], [127.709, 26.1483], [127.7082, 26.148], [127.7075, 26.1484], [127.7067, 26.1485], [127.7045, 26.1475], [127.7033, 26.1463], [127.7029, 26.1457], [127.7025, 26.1456], [127.7025, 26.1449], [127.702, 26.1468], [127.7012, 26.147], [127.7011, 26.1473], [127.7005, 26.1467], [127.7002, 26.1475], [127.6996, 26.1473], [127.6996, 26.1476], [127.6992, 26.1478], [127.6993, 26.149], [127.6989, 26.1498], [127.6979, 26.1494], [127.6975, 26.1496], [127.6973, 26.1499], [127.6976, 26.1502], [127.6974, 26.151], [127.6976, 26.1513], [127.6974, 26.1515], [127.6966, 26.1514], [127.6983, 26.154], [127.6987, 26.1553], [127.6995, 26.1561], [127.7005, 26.1562], [127.7014, 26.1577], [127.7024, 26.1584], [127.7027, 26.1596], [127.7027, 26.1615], [127.7041, 26.1622], [127.7053, 26.1637], [127.7064, 26.1643], [127.7066, 26.1647], [127.7061, 26.1652], [127.7072, 26.1656], [127.707, 26.1661], [127.7064, 26.1661], [127.7054, 26.1667], [127.7057, 26.1677], [127.7052, 26.1684], [127.7051, 26.1698], [127.7048, 26.1698], [127.7044, 26.1698], [127.7039, 26.1693], [127.702, 26.1695], [127.7015, 26.169], [127.7016, 26.1687], [127.7019, 26.1685], [127.7004, 26.1678], [127.701, 26.1669], [127.7027, 26.1665], [127.7028, 26.1661], [127.7025, 26.1655], [127.7022, 26.1656], [127.702, 26.1654], [127.7009, 26.164], [127.7005, 26.1647], [127.6998, 26.1645], [127.6972, 26.1659], [127.6964, 26.1656], [127.6949, 26.1661], [127.694, 26.1658], [127.6938, 26.166], [127.6936, 26.1658], [127.6929, 26.1661], [127.6928, 26.1663], [127.6924, 26.1659], [127.6909, 26.1659], [127.6904, 26.1648], [127.6898, 26.1645], [127.6905, 26.1635], [127.6911, 26.1634], [127.6907, 26.1628], [127.69, 26.163], [127.6898, 26.1628], [127.6889, 26.1603], [127.6885, 26.1602], [127.6884, 26.1589], [127.6872, 26.1584], [127.6856, 26.157], [127.685, 26.1568], [127.685, 26.1566], [127.6828, 26.1565], [127.6823, 26.1569], [127.6818, 26.1579], [127.6802, 26.159], [127.6796, 26.1591], [127.6758, 26.1571], [127.6753, 26.1567], [127.6754, 26.1564], [127.6735, 26.1553], [127.6733, 26.1545], [127.6723, 26.1536], [127.6691, 26.1524], [127.6693, 26.1522], [127.6649, 26.1512], [127.6651, 26.1505], [127.6663, 26.1493], [127.6658, 26.1492], [127.665, 26.1499], [127.6641, 26.1503], [127.6594, 26.1492], [127.6577, 26.1475], [127.648, 26.1453], [127.651, 26.1349], [127.6509, 26.1346], [127.6498, 26.1343], [127.649, 26.1338], [127.6496, 26.1316], [127.6493, 26.1336], [127.6498, 26.1339], [127.6502, 26.1336], [127.6507, 26.1323], [127.6502, 26.1322], [127.6506, 26.1318], [127.651, 26.1321], [127.6513, 26.1314], [127.6514, 26.1307], [127.651, 26.1305], [127.6509, 26.1301], [127.6502, 26.1302], [127.6505, 26.1298], [127.6504, 26.1288], [127.6509, 26.1276], [127.6506, 26.1286], [127.6508, 26.1288], [127.6521, 26.129], [127.6527, 26.1268], [127.6519, 26.1266], [127.6518, 26.1271], [127.6518, 26.1265], [127.6502, 26.1272], [127.6508, 26.1268], [127.6536, 26.1258], [127.6535, 26.1268], [127.6581, 26.1279], [127.6558, 26.1273], [127.6558, 26.1281], [127.6554, 26.1285], [127.6549, 26.1303], [127.6546, 26.1302], [127.6539, 26.133], [127.6541, 26.133], [127.654, 26.1335], [127.6537, 26.1334], [127.6532, 26.1352], [127.6558, 26.1358], [127.6562, 26.1341], [127.6554, 26.1338], [127.6563, 26.134], [127.6562, 26.1345], [127.6566, 26.1346], [127.6562, 26.1345], [127.6558, 26.1358], [127.6568, 26.136], [127.6571, 26.1347], [127.6568, 26.1346], [127.6571, 26.1347], [127.6576, 26.1348], [127.6572, 26.1348], [127.6568, 26.1361], [127.6578, 26.1363], [127.6581, 26.135], [127.6578, 26.1349], [127.6585, 26.135], [127.6582, 26.135], [127.6578, 26.1363], [127.6585, 26.1365], [127.6588, 26.1355], [127.659, 26.1356], [127.6588, 26.1356], [127.6586, 26.1365], [127.6594, 26.1367], [127.6596, 26.1359], [127.6594, 26.1367], [127.6602, 26.1368], [127.6605, 26.1355], [127.6598, 26.1354], [127.6597, 26.1356], [127.6597, 26.1354], [127.6591, 26.1352], [127.6606, 26.1355], [127.6609, 26.1342], [127.6586, 26.1336], [127.6583, 26.1343], [127.6589, 26.1321], [127.6575, 26.1317], [127.6617, 26.1327], [127.6619, 26.132], [127.663, 26.1324], [127.6632, 26.1319], [127.663, 26.1324], [127.6639, 26.1327], [127.6638, 26.133], [127.6642, 26.1331], [127.6662, 26.1336], [127.6666, 26.1335], [127.6675, 26.1338], [127.6671, 26.1339], [127.6675, 26.134], [127.6685, 26.1335], [127.6682, 26.1335], [127.6683, 26.1321], [127.6686, 26.1322], [127.6685, 26.1312], [127.6682, 26.1314], [127.6683, 26.1296], [127.6673, 26.1296], [127.6671, 26.132], [127.6669, 26.1324], [127.6657, 26.132], [127.6661, 26.1321], [127.6662, 26.1317], [127.6649, 26.1311], [127.6646, 26.1312], [127.6641, 26.131], [127.6644, 26.1311], [127.6644, 26.1308], [127.664, 26.1309], [127.6641, 26.1307], [127.6626, 26.1301], [127.6627, 26.129], [127.6612, 26.1286], [127.6627, 26.1289], [127.6634, 26.1265], [127.6629, 26.1264], [127.6632, 26.1254], [127.6635, 26.1255], [127.6632, 26.1255], [127.663, 26.126], [127.6636, 26.1261], [127.6637, 26.1256], [127.6636, 26.1261], [127.6647, 26.1264], [127.6651, 26.1249], [127.6644, 26.1248], [127.6638, 26.1251], [127.6626, 26.1248], [127.6638, 26.1251], [127.6644, 26.1248], [127.6693, 26.1259], [127.669, 26.1257]]], [[[127.6582, 26.1094], [127.658, 26.1096], [127.6582, 26.1089], [127.6581, 26.1085], [127.6589, 26.1082], [127.6599, 26.1083], [127.6601, 26.1087], [127.6606, 26.1085], [127.661, 26.1088], [127.6609, 26.1092], [127.6602, 26.1091], [127.6596, 26.1094], [127.6582, 26.1094]]]]}, "properties": {"name": "沖縄県糸満市"}}, {"type": "Feature", "geometry": {"type": "Polygon", "coordinates": [[[127.8056, 26.3262], [127.8067, 26.3258], [127.8071, 26.3262], [127.8074, 26.3261], [127.8076, 26.3254], [127.8073, 26.3247], [127.8079, 26.3234], [127.8087, 26.3227], [127.8076, 26.3188], [127.8069, 26.3186], [127.807, 26.3182], [127.8066, 26.3178], [127.8075, 26.3158], [127.8068, 26.3139], [127.8076, 26.3124], [127.8077, 26.3109], [127.8085, 26.3101], [127.8088, 26.3086], [127.8095, 26.3076], [127.8098, 26.306], [127.8111, 26.3059], [127.8106, 26.3051], [127.8136, 26.3051], [127.814, 26.3053], [127.8141, 26.3059], [127.8154, 26.307], [127.8159, 26.3067], [127.8163, 26.3061], [127.8211, 26.3068], [127.8211, 26.307], [127.8216, 26.3071], [127.8216, 26.3068], [127.8236, 26.3073], [127.8243, 26.3072], [127.8247, 26.3077], [127.8257, 26.3072], [127.8288, 26.3041], [127.9089, 26.2636], [127.9214, 26.2572], [127.9141, 26.2659], [127.8555, 26.3262], [127.8483, 26.334], [127.8462, 26.3322], [127.842, 26.335], [127.8398, 26.338], [127.8384, 26.3392], [127.8376, 26.3394], [127.8376, 26.3398], [127.8368, 26.3405], [127.8361, 26.3407], [127.8354, 26.3412], [127.8348, 26.3409], [127.8329, 26.3414], [127.8327, 26.3418], [127.8328, 26.3425], [127.8316, 26.3441], [127.8312, 26.3439], [127.8306, 26.3444], [127.8301, 26.3441], [127.8299, 26.3445], [127.8294, 26.3445], [127.8289, 26.3466], [127.8283, 26.3473], [127.828, 26.3482], [127.8267, 26.3481], [127.8246, 26.3518], [127.8245, 26.3535], [127.8248, 26.3539], [127.8247, 26.3545], [127.8244, 26.3545], [127.8247, 26.3554], [127.8258, 26.3558], [127.8264, 26.3564], [127.8266, 26.3574], [127.8249, 26.3583], [127.8238, 26.3581], [127.8228, 26.3575], [127.8222, 26.3576], [127.8213, 26.359], [127.8213, 26.3596], [127.822, 26.3606], [127.822, 26.3621], [127.8228, 26.3632], [127.8237, 26.3631], [127.8245, 26.3623], [127.8267, 26.364], [127.8271, 26.365], [127.8278, 26.3655], [127.8284, 26.3667], [127.8288, 26.3667], [127.8294, 26.3675], [127.8299, 26.3674], [127.8303, 26.3675], [127.8298, 26.3682], [127.8302, 26.3687], [127.8298, 26.3697], [127.831, 26.3702], [127.8301, 26.3711], [127.8305, 26.3718], [127.8305, 26.3728], [127.8297, 26.3732], [127.8295, 26.3737], [127.8295, 26.3742], [127.8303, 26.3747], [127.8297, 26.3751], [127.8286, 26.375], [127.8289, 26.3761], [127.8296, 26.3761], [127.831, 26.377], [127.8326, 26.3775], [127.8329, 26.3783], [127.8336, 26.3785], [127.834, 26.3792], [127.8348, 26.3791], [127.8348, 26.3798], [127.8358, 26.3809], [127.8369, 26.3803], [127.8368, 26.381], [127.8371, 26.3822], [127.8363, 26.3826], [127.8363, 26.3837], [127.8351, 26.3829], [127.8327, 26.3837], [127.8327, 26.3841], [127.8322, 26.3842], [127.8313, 26.3863], [127.831, 26.3891], [127.8291, 26.3911], [127.8267, 26.3922], [127.8258, 26.3931], [127.8251, 26.393], [127.8247, 26.3918], [127.8233, 26.3901], [127.822, 26.3896], [127.8218, 26.3881], [127.8211, 26.3875], [127.8206, 26.3875], [127.8208, 26.3887], [127.8188, 26.3916], [127.817, 26.3929], [127.8157, 26.3945], [127.8154, 26.3956], [127.8141, 26.3964], [127.8118, 26.3989], [127.8111, 26.3992], [127.8105, 26.3988], [127.8103, 26.3982], [127.8098, 26.3951], [127.8091, 26.3947], [127.8083, 26.3933], [127.807, 26.3929], [127.8061, 26.3917], [127.8053, 26.3916], [127.8044, 26.3909], [127.8032, 26.3919], [127.8028, 26.3928], [127.8019, 26.3932], [127.8017, 26.3939], [127.8, 26.395], [127.8001, 26.3959], [127.7996, 26.3964], [127.798, 26.3994], [127.7978, 26.4006], [127.7974, 26.4009], [127.7959, 26.4011], [127.7952, 26.4023], [127.7954, 26.4028], [127.795, 26.4037], [127.7944, 26.4036], [127.7938, 26.4055], [127.7936, 26.4068], [127.7933, 26.4073], [127.7935, 26.4077], [127.7934, 26.4083], [127.7922, 26.4094], [127.7923, 26.41], [127.7928, 26.4097], [127.7938, 26.4096], [127.794, 26.4098], [127.7938, 26.4108], [127.7922, 26.4129], [127.7916, 26.416], [127.7912, 26.4169], [127.7907, 26.4177], [127.7888, 26.4195], [127.788, 26.4207], [127.7876, 26.4201], [127.7864, 26.4158], [127.7853, 26.4136], [127.7849, 26.4112], [127.7853, 26.4079], [127.788, 26.4077], [127.7887, 26.4061], [127.7883, 26.4013], [127.7871, 26.4004], [127.7875, 26.3991], [127.7867, 26.3975], [127.7866, 26.3969], [127.7872, 26.3952], [127.7866, 26.3927], [127.7864, 26.3887], [127.7859, 26.3865], [127.7855, 26.3859], [127.7839, 26.3845], [127.7832, 26.3849], [127.7828, 26.3848], [127.7826, 26.3845], [127.7828, 26.3836], [127.7813, 26.3827], [127.7813, 26.3824], [127.7825, 26.3823], [127.7829, 26.3819], [127.7817, 26.3799], [127.7829, 26.3797], [127.7832, 26.3772], [127.7821, 26.3774], [127.7816, 26.3769], [127.7819, 26.3767], [127.7823, 26.3752], [127.7827, 26.3749], [127.7824, 26.3742], [127.7828, 26.3728], [127.7824, 26.3719], [127.7815, 26.3715], [127.7811, 26.3701], [127.7812, 26.3696], [127.7805, 26.3683], [127.78, 26.3679], [127.7791, 26.3679], [127.778, 26.3661], [127.779, 26.3607], [127.7789, 26.3567], [127.7795, 26.3529], [127.7794, 26.3512], [127.7814, 26.3514], [127.7815, 26.3527], [127.7831, 26.3527], [127.7834, 26.3504], [127.7841, 26.3498], [127.7845, 26.3486], [127.7836, 26.347], [127.781, 26.3439], [127.7809, 26.3419], [127.7805, 26.3413], [127.7797, 26.3411], [127.779, 26.3418], [127.7785, 26.3428], [127.7776, 26.3432], [127.7772, 26.3431], [127.7771, 26.3425], [127.773, 26.3394], [127.7738, 26.3385], [127.7738, 26.3378], [127.7754, 26.3355], [127.7758, 26.3342], [127.7772, 26.3337], [127.7774, 26.3332], [127.7771, 26.3322], [127.7772, 26.3317], [127.7786, 26.3297], [127.7783, 26.328], [127.7773, 26.327], [127.7775, 26.3255], [127.7782, 26.3246], [127.7793, 26.3244], [127.7801, 26.3224], [127.7814, 26.3223], [127.782, 26.3217], [127.7816, 26.3199], [127.7795, 26.3196], [127.7796, 26.3194], [127.7787, 26.3186], [127.7785, 26.3175], [127.7796, 26.3172], [127.7803, 26.3176], [127.781, 26.3175], [127.7813, 26.3177], [127.7842, 26.3181], [127.7845, 26.3171], [127.7849, 26.3177], [127.7856, 26.318], [127.7884, 26.3172], [127.7896, 26.3153], [127.7889, 26.3151], [127.789, 26.3147], [127.7901, 26.3144], [127.791, 26.3145], [127.7911, 26.3155], [127.7923, 26.3163], [127.7925, 26.3162], [127.7925, 26.3168], [127.7929, 26.3168], [127.793, 26.3171], [127.7938, 26.3176], [127.7946, 26.3172], [127.7949, 26.3184], [127.7954, 26.3184], [127.7959, 26.3188], [127.7951, 26.3192], [127.7947, 26.3199], [127.7931, 26.32], [127.7929, 26.3202], [127.7928, 26.3206], [127.7947, 26.3211], [127.7952, 26.3218], [127.7952, 26.3226], [127.7959, 26.3228], [127.7961, 26.3217], [127.7968, 26.3216], [127.7972, 26.321], [127.7976, 26.3209], [127.7976, 26.3217], [127.7989, 26.323], [127.7992, 26.3245], [127.7999, 26.3249], [127.8004, 26.3258], [127.8017, 26.3263], [127.8025, 26.326], [127.803, 26.3249], [127.8033, 26.3249], [127.8049, 26.3252], [127.8052, 26.326], [127.8056, 26.3262]]]}, "properties": {"name": "沖縄県沖縄市"}}, {"type": "Feature", "geometry": {"type": "Polygon", "coordinates": [[[127.6527, 26.1764], [127.6531, 26.1762], [127.6526, 26.1756], [127.6522, 26.1756], [127.6524, 26.1761], [127.6518, 26.176], [127.6511, 26.1755], [127.647, 26.1753], [127.6467, 26.1767], [127.6466, 26.1752], [127.646, 26.1771], [127.6458, 26.1772], [127.6446, 26.1768], [127.6445, 26.1776], [127.6442, 26.1776], [127.6441, 26.1769], [127.6433, 26.1765], [127.6413, 26.1774], [127.6406, 26.1772], [127.64, 26.1766], [127.6401, 26.1752], [127.6411, 26.1747], [127.6421, 26.1737], [127.6431, 26.1733], [127.6452, 26.1741], [127.6456, 26.1744], [127.6455, 26.1746], [127.6461, 26.1749], [127.6468, 26.175], [127.647, 26.1728], [127.6469, 26.175], [127.6499, 26.1752], [127.6503, 26.1752], [127.6503, 26.1747], [127.6503, 26.1751], [127.6513, 26.1752], [127.6513, 26.1748], [127.651, 26.1747], [127.652, 26.1748], [127.652, 26.1752], [127.6527, 26.1749], [127.6532, 26.1751], [127.6534, 26.1749], [127.6538, 26.175], [127.6547, 26.1741], [127.6562, 26.1733], [127.6561, 26.1731], [127.6558, 26.1733], [127.656, 26.173], [127.6558, 26.1731], [127.6556, 26.1722], [127.6557, 26.1731], [127.6531, 26.1742], [127.6484, 26.1738], [127.6486, 26.1691], [127.6525, 26.1692], [127.6526, 26.1669], [127.654, 26.1661], [127.6493, 26.1661], [127.6492, 26.1654], [127.6494, 26.1658], [127.6498, 26.1658], [127.6498, 26.1656], [127.6499, 26.1656], [127.6498, 26.1658], [127.6504, 26.1659], [127.6504, 26.165], [127.6499, 26.1649], [127.6498, 26.1653], [127.6498, 26.1649], [127.6504, 26.1649], [127.6505, 26.1645], [127.6508, 26.1645], [127.6496, 26.1642], [127.6494, 26.1649], [127.6496, 26.1642], [127.6519, 26.1643], [127.6525, 26.1651], [127.6536, 26.1654], [127.6539, 26.1645], [127.6529, 26.1642], [127.653, 26.164], [127.653, 26.1642], [127.6536, 26.1644], [127.6539, 26.1633], [127.6529, 26.1631], [127.6523, 26.164], [127.6529, 26.163], [127.6552, 26.1636], [127.6551, 26.1633], [127.6551, 26.1635], [127.6518, 26.1622], [127.6516, 26.1618], [127.6502, 26.1614], [127.6483, 26.1602], [127.6465, 26.1602], [127.6456, 26.1597], [127.6456, 26.1583], [127.646, 26.1584], [127.6459, 26.159], [127.6467, 26.1589], [127.6472, 26.1577], [127.6472, 26.1567], [127.6462, 26.1565], [127.6465, 26.1553], [127.6469, 26.1553], [127.6467, 26.1561], [127.6474, 26.1562], [127.6481, 26.1547], [127.6482, 26.1539], [127.6475, 26.1534], [127.6472, 26.1536], [127.6471, 26.1533], [127.6479, 26.153], [127.6489, 26.1533], [127.6495, 26.1543], [127.6493, 26.1554], [127.6499, 26.1555], [127.6502, 26.1544], [127.6499, 26.1529], [127.6518, 26.1524], [127.6596, 26.1517], [127.6666, 26.1534], [127.6679, 26.1542], [127.6691, 26.1524], [127.6723, 26.1536], [127.6733, 26.1545], [127.6735, 26.1553], [127.6754, 26.1564], [127.6753, 26.1567], [127.6758, 26.1571], [127.6796, 26.1591], [127.6802, 26.159], [127.6818, 26.1579], [127.6823, 26.1569], [127.6828, 26.1565], [127.685, 26.1566], [127.685, 26.1568], [127.6856, 26.157], [127.6872, 26.1584], [127.6884, 26.1589], [127.6885, 26.1602], [127.6889, 26.1603], [127.6898, 26.1628], [127.69, 26.163], [127.6907, 26.1628], [127.6911, 26.1634], [127.6905, 26.1635], [127.6898, 26.1645], [127.6904, 26.1648], [127.6909, 26.1659], [127.6924, 26.1659], [127.6928, 26.1663], [127.6929, 26.1661], [127.6936, 26.1658], [127.6938, 26.166], [127.694, 26.1658], [127.6949, 26.1661], [127.6964, 26.1656], [127.6972, 26.1659], [127.6998, 26.1645], [127.7005, 26.1647], [127.7009, 26.164], [127.702, 26.1654], [127.7022, 26.1656], [127.7025, 26.1655], [127.7028, 26.1661], [127.7027, 26.1665], [127.701, 26.1669], [127.7004, 26.1678], [127.7019, 26.1685], [127.7016, 26.1687], [127.7015, 26.169], [127.702, 26.1695], [127.7039, 26.1693], [127.7044, 26.1698], [127.7048, 26.1698], [127.7041, 26.1723], [127.7059, 26.1738], [127.7072, 26.1743], [127.7074, 26.175], [127.7086, 26.1757], [127.7092, 26.1757], [127.7107, 26.1763], [127.711, 26.178], [127.7118, 26.1795], [127.7134, 26.1794], [127.7138, 26.1802], [127.7136, 26.1804], [127.714, 26.181], [127.7139, 26.1819], [127.7128, 26.1818], [127.7123, 26.183], [127.7124, 26.1837], [127.7107, 26.184], [127.7105, 26.185], [127.7099, 26.1848], [127.7094, 26.1849], [127.7096, 26.1861], [127.7086, 26.1873], [127.7081, 26.1887], [127.7081, 26.1896], [127.7077, 26.1903], [127.7071, 26.1906], [127.7049, 26.1906], [127.7039, 26.1913], [127.7005, 26.1948], [127.6979, 26.1961], [127.6963, 26.196], [127.6953, 26.1952], [127.6932, 26.1944], [127.6905, 26.1943], [127.6857, 26.1968], [127.6832, 26.1985], [127.6821, 26.1965], [127.6811, 26.1927], [127.681, 26.1916], [127.6814, 26.1914], [127.681, 26.191], [127.6816, 26.1897], [127.6804, 26.1891], [127.6803, 26.1887], [127.679, 26.1872], [127.6765, 26.1864], [127.676, 26.1857], [127.6742, 26.1855], [127.6735, 26.1847], [127.6727, 26.1843], [127.6721, 26.1833], [127.6718, 26.1832], [127.6719, 26.1831], [127.6716, 26.1831], [127.6715, 26.1827], [127.6714, 26.1829], [127.6707, 26.1822], [127.6682, 26.1821], [127.668, 26.1819], [127.6682, 26.1823], [127.6681, 26.1827], [127.6677, 26.1827], [127.6677, 26.1833], [127.6665, 26.1833], [127.6658, 26.182], [127.6649, 26.1822], [127.6645, 26.183], [127.6635, 26.1821], [127.662, 26.1817], [127.6617, 26.1811], [127.6618, 26.1806], [127.6607, 26.1797], [127.6601, 26.1789], [127.6593, 26.1788], [127.6576, 26.1777], [127.657, 26.178], [127.6562, 26.1779], [127.6553, 26.1767], [127.6527, 26.1764]]]}, "properties": {"name": "沖縄県豊見城市"}}, {"type": "Feature", "geometry": {"type": "MultiPolygon", "coordinates": [[[[127.9214, 26.2572], [127.9413, 26.2337], [127.9454, 26.2408], [127.9541, 26.2562], [127.948, 26.2635], [127.9483, 26.2648], [127.9479, 26.2651], [127.9469, 26.2648], [127.9214, 26.2949], [127.9866, 26.2946], [127.9889, 26.3001], [127.9901, 26.2986], [127.9924, 26.2984], [127.9953, 26.3004], [127.9961, 26.3003], [127.9954, 26.302], [127.9956, 26.3027], [127.995, 26.3029], [127.9949, 26.3025], [127.9943, 26.3024], [127.9931, 26.3029], [127.9928, 26.3032], [127.9931, 26.304], [127.9923, 26.3045], [127.992, 26.3044], [127.9921, 26.3035], [127.9902, 26.303], [128.0019, 26.3309], [128.0062, 26.4066], [128.0011, 26.4044], [127.9898, 26.3995], [127.8416, 26.4355], [127.841, 26.4368], [127.8405, 26.4372], [127.8409, 26.4386], [127.8405, 26.4392], [127.8405, 26.4399], [127.8412, 26.4405], [127.8411, 26.441], [127.8408, 26.442], [127.8397, 26.4423], [127.8395, 26.443], [127.8391, 26.4434], [127.8385, 26.4465], [127.8382, 26.447], [127.8384, 26.4478], [127.8379, 26.4488], [127.8362, 26.4486], [127.8357, 26.4495], [127.8342, 26.4492], [127.8336, 26.4494], [127.8332, 26.4498], [127.8319, 26.4499], [127.8313, 26.4502], [127.83, 26.4499], [127.8293, 26.45], [127.8283, 26.4496], [127.8276, 26.4488], [127.827, 26.4485], [127.8242, 26.4487], [127.8238, 26.4481], [127.8237, 26.4473], [127.8233, 26.4471], [127.8223, 26.4476], [127.8215, 26.4477], [127.8204, 26.4459], [127.8195, 26.4454], [127.8173, 26.4453], [127.8166, 26.4447], [127.8161, 26.4428], [127.8151, 26.4418], [127.8145, 26.4416], [127.8144, 26.441], [127.814, 26.4406], [127.8135, 26.4404], [127.8113, 26.4406], [127.8095, 26.439], [127.8096, 26.4371], [127.8089, 26.4365], [127.8082, 26.4365], [127.8076, 26.4355], [127.8077, 26.4345], [127.8074, 26.4335], [127.8062, 26.4333], [127.8044, 26.4325], [127.8036, 26.4314], [127.8029, 26.4311], [127.8027, 26.4308], [127.8016, 26.4309], [127.8005, 26.4303], [127.7999, 26.4295], [127.7979, 26.4284], [127.7975, 26.427], [127.7952, 26.4266], [127.7942, 26.4255], [127.7937, 26.4243], [127.7915, 26.4236], [127.7898, 26.4225], [127.7891, 26.4225], [127.7885, 26.4218], [127.788, 26.4207], [127.7888, 26.4195], [127.7907, 26.4177], [127.7912, 26.4169], [127.7916, 26.416], [127.7922, 26.4129], [127.7938, 26.4108], [127.794, 26.4098], [127.7938, 26.4096], [127.7928, 26.4097], [127.7923, 26.41], [127.7922, 26.4094], [127.7934, 26.4083], [127.7935, 26.4077], [127.7933, 26.4073], [127.7936, 26.4068], [127.7938, 26.4055], [127.7944, 26.4036], [127.795, 26.4037], [127.7954, 26.4028], [127.7952, 26.4023], [127.7959, 26.4011], [127.7974, 26.4009], [127.7978, 26.4006], [127.798, 26.3994], [127.7996, 26.3964], [127.8001, 26.3959], [127.8, 26.395], [127.8017, 26.3939], [127.8019, 26.3932], [127.8028, 26.3928], [127.8032, 26.3919], [127.8044, 26.3909], [127.8053, 26.3916], [127.8061, 26.3917], [127.807, 26.3929], [127.8083, 26.3933], [127.8091, 26.3947], [127.8098, 26.3951], [127.8103, 26.3982], [127.8105, 26.3988], [127.8111, 26.3992], [127.8118, 26.3989], [127.8141, 26.3964], [127.8154, 26.3956], [127.8157, 26.3945], [127.817, 26.3929], [127.8188, 26.3916], [127.8208, 26.3887], [127.8206, 26.3875], [127.8211, 26.3875], [127.8218, 26.3881], [127.822, 26.3896], [127.8233, 26.3901], [127.8247, 26.3918], [127.8251, 26.393], [127.8258, 26.3931], [127.8267, 26.3922], [127.8291, 26.3911], [127.831, 26.3891], [127.8313, 26.3863], [127.8322, 26.3842], [127.8327, 26.3841], [127.8327, 26.3837], [127.8351, 26.3829], [127.8363, 26.3837], [127.8363, 26.3826], [127.8371, 26.3822], [127.8368, 26.381], [127.8369, 26.3803], [127.8358, 26.3809], [127.8348, 26.3798], [127.8348, 26.3791], [127.834, 26.3792], [127.8336, 26.3785], [127.8329, 26.3783], [127.8326, 26.3775], [127.831, 26.377], [127.8296, 26.3761], [127.8289, 26.3761], [127.8286, 26.375], [127.8297, 26.3751], [127.8303, 26.3747], [127.8295, 26.3742], [127.8295, 26.3737], [127.8297, 26.3732], [127.8305, 26.3728], [127.8305, 26.3718], [127.8301, 26.3711], [127.831, 26.3702], [127.8298, 26.3697], [127.8302, 26.3687], [127.8298, 26.3682], [127.8303, 26.3675], [127.8299, 26.3674], [127.8294, 26.3675], [127.8288, 26.3667], [127.8284, 26.3667], [127.8278, 26.3655], [127.8271, 26.365], [127.8267, 26.364], [127.8245, 26.3623], [127.8237, 26.3631], [127.8228, 26.3632], [127.822, 26.3621], [127.822, 26.3606], [127.8213, 26.3596], [127.8213, 26.359], [127.8222, 26.3576], [127.8228, 26.3575], [127.8238, 26.3581], [127.8249, 26.3583], [127.8266, 26.3574], [127.8264, 26.3564], [127.8258, 26.3558], [127.8247, 26.3554], [127.8244, 26.3545], [127.8247, 26.3545], [127.8248, 26.3539], [127.8245, 26.3535], [127.8246, 26.3518], [127.8267, 26.3481], [127.828, 26.3482], [127.8283, 26.3473], [127.8289, 26.3466], [127.8294, 26.3445], [127.8299, 26.3445], [127.8301, 26.3441], [127.8306, 26.3444], [127.8312, 26.3439], [127.8316, 26.3441], [127.8328, 26.3425], [127.8327, 26.3418], [127.8329, 26.3414], [127.8348, 26.3409], [127.8354, 26.3412], [127.8361, 26.3407], [127.8368, 26.3405], [127.8376, 26.3398], [127.8376, 26.3394], [127.8384, 26.3392], [127.8398, 26.338], [127.842, 26.335], [127.8462, 26.3322], [127.8483, 26.334], [127.8555, 26.3262], [127.9141, 26.2659], [127.9214, 26.2572]]], [[[127.9576, 26.2752], [127.9574, 26.2752], [127.9575, 26.2748], [127.958, 26.2747], [127.9581, 26.275], [127.9576, 26.2752]]], [[[127.9801, 26.2905], [127.9796, 26.2914], [127.9801, 26.2916], [127.9801, 26.2919], [127.9789, 26.2922], [127.9786, 26.292], [127.9793, 26.2905], [127.9798, 26.2884], [127.9811, 26.2873], [127.9815, 26.288], [127.9813, 26.2902], [127.9809, 26.2906], [127.9804, 26.2903], [127.9801, 26.2905]]]]}, "properties": {"name": "沖縄県うるま市"}}, {"type": "Feature", "geometry": {"type": "MultiPolygon", "coordinates": [[[[125.3309, 24.8102], [125.3307, 24.8115], [125.3309, 24.8138], [125.3317, 24.8177], [125.3336, 24.8191], [125.3342, 24.8192], [125.3345, 24.8198], [125.3356, 24.821], [125.3356, 24.822], [125.3353, 24.8223], [125.3342, 24.8226], [125.3327, 24.8239], [125.3293, 24.8259], [125.3273, 24.8274], [125.3261, 24.8286], [125.3261, 24.8294], [125.3253, 24.8305], [125.325, 24.8306], [125.3243, 24.8301], [125.3236, 24.83], [125.3226, 24.8304], [125.322, 24.831], [125.3224, 24.8315], [125.3213, 24.8332], [125.3223, 24.8315], [125.3217, 24.8309], [125.3214, 24.8311], [125.3216, 24.8314], [125.3213, 24.8312], [125.3205, 24.8319], [125.3211, 24.8324], [125.3203, 24.833], [125.3192, 24.8321], [125.3186, 24.8324], [125.3165, 24.8347], [125.3146, 24.8354], [125.3135, 24.8362], [125.3129, 24.8372], [125.3123, 24.8383], [125.3132, 24.8388], [125.313, 24.8393], [125.312, 24.8402], [125.3121, 24.8408], [125.3118, 24.8412], [125.3105, 24.8416], [125.3098, 24.8422], [125.3091, 24.8438], [125.3091, 24.8461], [125.308, 24.8478], [125.308, 24.8482], [125.3063, 24.849], [125.3058, 24.8499], [125.3059, 24.8511], [125.3055, 24.8514], [125.3056, 24.8526], [125.3052, 24.8534], [125.3052, 24.8556], [125.3061, 24.8598], [125.3059, 24.8621], [125.3049, 24.8643], [125.305, 24.8649], [125.3035, 24.8663], [125.3014, 24.8703], [125.3012, 24.8711], [125.3001, 24.8721], [125.2994, 24.8735], [125.2998, 24.8748], [125.2995, 24.8751], [125.2991, 24.875], [125.2986, 24.8762], [125.2985, 24.8788], [125.2974, 24.8789], [125.2975, 24.8781], [125.297, 24.878], [125.297, 24.8781], [125.2965, 24.8781], [125.2964, 24.8786], [125.2969, 24.8786], [125.297, 24.8789], [125.2969, 24.8791], [125.2959, 24.8789], [125.2962, 24.8788], [125.2962, 24.8779], [125.2966, 24.8772], [125.2954, 24.8771], [125.2937, 24.8778], [125.2908, 24.8801], [125.29, 24.8798], [125.2885, 24.8804], [125.2876, 24.8812], [125.2873, 24.8818], [125.2864, 24.8819], [125.2859, 24.881], [125.2855, 24.881], [125.2851, 24.8817], [125.2856, 24.8825], [125.2852, 24.8832], [125.2854, 24.8838], [125.2849, 24.8837], [125.2843, 24.8838], [125.2841, 24.8842], [125.284, 24.8853], [125.2844, 24.8856], [125.2847, 24.8855], [125.2841, 24.8858], [125.284, 24.8854], [125.2834, 24.8863], [125.2834, 24.8876], [125.2832, 24.8879], [125.2834, 24.8886], [125.2831, 24.8891], [125.2829, 24.889], [125.2825, 24.89], [125.2829, 24.8906], [125.283, 24.8918], [125.2827, 24.8925], [125.2822, 24.8928], [125.2821, 24.8936], [125.2812, 24.894], [125.2798, 24.8954], [125.2783, 24.8964], [125.2772, 24.8983], [125.2753, 24.8993], [125.2721, 24.9022], [125.2711, 24.9062], [125.2713, 24.9067], [125.271, 24.9072], [125.2711, 24.9085], [125.2706, 24.9094], [125.2704, 24.9103], [125.2686, 24.9134], [125.2679, 24.9141], [125.2679, 24.9137], [125.2674, 24.9142], [125.2676, 24.9143], [125.2673, 24.9148], [125.2669, 24.915], [125.2659, 24.9161], [125.2655, 24.9157], [125.2673, 24.9142], [125.2687, 24.9125], [125.2688, 24.9116], [125.2698, 24.9103], [125.2698, 24.9093], [125.2701, 24.909], [125.2704, 24.907], [125.2707, 24.9065], [125.2704, 24.9048], [125.2696, 24.904], [125.2689, 24.9038], [125.2688, 24.9032], [125.2684, 24.9029], [125.2663, 24.9025], [125.2664, 24.9035], [125.2649, 24.9036], [125.2641, 24.9045], [125.2649, 24.9035], [125.2664, 24.9034], [125.2661, 24.9024], [125.2652, 24.9025], [125.2652, 24.903], [125.2651, 24.9025], [125.2646, 24.9025], [125.2643, 24.9033], [125.2636, 24.9032], [125.262, 24.9045], [125.2617, 24.9054], [125.2595, 24.9084], [125.258, 24.9091], [125.2577, 24.9098], [125.2559, 24.9104], [125.2559, 24.9101], [125.2552, 24.9102], [125.2571, 24.9094], [125.2576, 24.9087], [125.2571, 24.9083], [125.2573, 24.9082], [125.2573, 24.9077], [125.2582, 24.9072], [125.2587, 24.9074], [125.2589, 24.9068], [125.2592, 24.9072], [125.2593, 24.9067], [125.2606, 24.9059], [125.2606, 24.9053], [125.2603, 24.905], [125.2609, 24.9048], [125.2617, 24.904], [125.2616, 24.9032], [125.2612, 24.9029], [125.2615, 24.9026], [125.2619, 24.9028], [125.2621, 24.9023], [125.2618, 24.9019], [125.262, 24.9018], [125.2623, 24.9021], [125.2627, 24.902], [125.2629, 24.9016], [125.2625, 24.9013], [125.263, 24.9014], [125.2638, 24.9004], [125.2637, 24.9001], [125.2642, 24.8999], [125.2645, 24.8988], [125.2643, 24.8978], [125.2658, 24.8978], [125.2676, 24.8962], [125.2679, 24.8963], [125.2685, 24.8955], [125.2691, 24.8955], [125.27, 24.8939], [125.2705, 24.8939], [125.2709, 24.8932], [125.2711, 24.8932], [125.2713, 24.8929], [125.2716, 24.8924], [125.2717, 24.8913], [125.2714, 24.8908], [125.2709, 24.8909], [125.2709, 24.8906], [125.2712, 24.8905], [125.2715, 24.8907], [125.2717, 24.8906], [125.2717, 24.8899], [125.2714, 24.8895], [125.2717, 24.8892], [125.2709, 24.8892], [125.2711, 24.8888], [125.2716, 24.8885], [125.2717, 24.8882], [125.2712, 24.8882], [125.2712, 24.8877], [125.2704, 24.8873], [125.2705, 24.887], [125.2711, 24.8869], [125.2707, 24.8864], [125.271, 24.8854], [125.2716, 24.8853], [125.2715, 24.8846], [125.2722, 24.8847], [125.2718, 24.884], [125.2722, 24.8837], [125.273, 24.8842], [125.2734, 24.8839], [125.2729, 24.8832], [125.2725, 24.8831], [125.2726, 24.8827], [125.2723, 24.8821], [125.2731, 24.8816], [125.2729, 24.8813], [125.2728, 24.8815], [125.2726, 24.8815], [125.2723, 24.8809], [125.2726, 24.8806], [125.273, 24.8807], [125.2727, 24.8802], [125.273, 24.88], [125.2743, 24.8805], [125.2751, 24.88], [125.2751, 24.879], [125.2742, 24.879], [125.274, 24.8787], [125.2751, 24.8784], [125.2756, 24.8785], [125.2759, 24.8775], [125.2758, 24.8772], [125.2749, 24.8772], [125.2748, 24.8768], [125.2756, 24.8768], [125.2762, 24.8772], [125.2775, 24.8762], [125.2785, 24.876], [125.2785, 24.8752], [125.2783, 24.8746], [125.2771, 24.8749], [125.2766, 24.8747], [125.2765, 24.8743], [125.2785, 24.8742], [125.2786, 24.8737], [125.2777, 24.8732], [125.2776, 24.8728], [125.2781, 24.8729], [125.2784, 24.8723], [125.2794, 24.8726], [125.2795, 24.8723], [125.2786, 24.8721], [125.2787, 24.8717], [125.2794, 24.8716], [125.2795, 24.8714], [125.2792, 24.8711], [125.2799, 24.8711], [125.2799, 24.8704], [125.2808, 24.8704], [125.2811, 24.8699], [125.2815, 24.8697], [125.2813, 24.869], [125.2814, 24.8687], [125.282, 24.8688], [125.2821, 24.8683], [125.2819, 24.8681], [125.281, 24.8684], [125.2803, 24.8689], [125.2802, 24.8694], [125.2803, 24.8688], [125.2811, 24.8681], [125.2823, 24.8678], [125.2823, 24.8676], [125.282, 24.8675], [125.2824, 24.8671], [125.2829, 24.867], [125.283, 24.8667], [125.2833, 24.8668], [125.2837, 24.8666], [125.2843, 24.8652], [125.2842, 24.8642], [125.2848, 24.8639], [125.2848, 24.8629], [125.2843, 24.8629], [125.2846, 24.8626], [125.2841, 24.8622], [125.2843, 24.8618], [125.2849, 24.8619], [125.2857, 24.8613], [125.2854, 24.8606], [125.2848, 24.8607], [125.2853, 24.8599], [125.2855, 24.8589], [125.2853, 24.8588], [125.2855, 24.8588], [125.2855, 24.8581], [125.2867, 24.858], [125.2874, 24.8584], [125.2893, 24.8575], [125.2906, 24.8551], [125.291, 24.8551], [125.2915, 24.8545], [125.2924, 24.853], [125.2924, 24.8521], [125.294, 24.8508], [125.2945, 24.8507], [125.2946, 24.8501], [125.2954, 24.8495], [125.2953, 24.8481], [125.2964, 24.8472], [125.2965, 24.8466], [125.2964, 24.8455], [125.2719, 24.8496], [125.2658, 24.8405], [125.2489, 24.8038], [125.2563, 24.7949], [125.2561, 24.7946], [125.2567, 24.7924], [125.2564, 24.7915], [125.2566, 24.7914], [125.2563, 24.7908], [125.2566, 24.79], [125.2564, 24.7895], [125.257, 24.7882], [125.2566, 24.7879], [125.2569, 24.7881], [125.2572, 24.7877], [125.2568, 24.7877], [125.2576, 24.7875], [125.2577, 24.787], [125.2594, 24.784], [125.2596, 24.7841], [125.2631, 24.7817], [125.262, 24.7826], [125.263, 24.784], [125.264, 24.7835], [125.2641, 24.783], [125.2637, 24.7826], [125.2639, 24.7825], [125.2646, 24.7835], [125.2654, 24.783], [125.265, 24.7824], [125.2651, 24.7823], [125.2655, 24.7827], [125.2661, 24.7823], [125.2657, 24.7817], [125.2649, 24.7818], [125.2657, 24.7817], [125.2664, 24.7827], [125.268, 24.784], [125.2681, 24.7831], [125.2693, 24.7823], [125.2696, 24.7813], [125.2705, 24.7804], [125.2708, 24.7798], [125.2711, 24.7794], [125.2719, 24.7794], [125.273, 24.7788], [125.2744, 24.7759], [125.2759, 24.7747], [125.2761, 24.7738], [125.2766, 24.7734], [125.2779, 24.7734], [125.2767, 24.7729], [125.2765, 24.7725], [125.2775, 24.7723], [125.2769, 24.7716], [125.2777, 24.7713], [125.278, 24.7708], [125.2783, 24.7707], [125.2787, 24.7693], [125.279, 24.7693], [125.2791, 24.7697], [125.2792, 24.7688], [125.2797, 24.769], [125.2795, 24.7678], [125.2799, 24.7672], [125.2807, 24.7672], [125.2804, 24.7665], [125.2812, 24.766], [125.2823, 24.7645], [125.2826, 24.7631], [125.2817, 24.7621], [125.2817, 24.7615], [125.2819, 24.7613], [125.2823, 24.7619], [125.2829, 24.7612], [125.2827, 24.7608], [125.2833, 24.7605], [125.2833, 24.76], [125.2829, 24.7598], [125.2823, 24.76], [125.2837, 24.7591], [125.2837, 24.7588], [125.2831, 24.7583], [125.283, 24.7574], [125.2827, 24.7576], [125.2831, 24.7568], [125.282, 24.7566], [125.2824, 24.7564], [125.282, 24.7562], [125.2824, 24.7558], [125.2818, 24.7557], [125.2821, 24.7552], [125.2824, 24.7552], [125.2826, 24.7544], [125.283, 24.7547], [125.2833, 24.7546], [125.284, 24.7536], [125.2851, 24.7532], [125.2847, 24.7522], [125.284, 24.7514], [125.2806, 24.7501], [125.2779, 24.7499], [125.2775, 24.7496], [125.2762, 24.7504], [125.276, 24.7511], [125.2763, 24.752], [125.2762, 24.7522], [125.2757, 24.752], [125.2756, 24.7525], [125.2746, 24.7528], [125.2735, 24.7537], [125.2733, 24.7533], [125.2731, 24.7537], [125.2721, 24.7542], [125.2715, 24.7541], [125.2702, 24.7527], [125.2699, 24.7527], [125.2697, 24.7518], [125.2693, 24.7521], [125.2687, 24.7514], [125.2684, 24.7518], [125.2678, 24.7511], [125.2673, 24.7512], [125.2677, 24.7518], [125.2675, 24.7519], [125.267, 24.7513], [125.2664, 24.7514], [125.2665, 24.7523], [125.2668, 24.7525], [125.2662, 24.7533], [125.265, 24.7539], [125.2646, 24.7549], [125.2636, 24.7561], [125.2602, 24.7597], [125.2604, 24.7612], [125.2608, 24.7626], [125.2621, 24.7636], [125.2626, 24.7648], [125.2624, 24.7679], [125.2621, 24.7685], [125.2617, 24.7688], [125.2613, 24.7685], [125.2609, 24.768], [125.2603, 24.7664], [125.2599, 24.7637], [125.2592, 24.7629], [125.2566, 24.7613], [125.2564, 24.7588], [125.2554, 24.7584], [125.2544, 24.757], [125.2538, 24.7567], [125.2524, 24.7566], [125.2537, 24.7542], [125.2536, 24.7533], [125.254, 24.7527], [125.2549, 24.752], [125.2551, 24.7511], [125.256, 24.7501], [125.2562, 24.7494], [125.2568, 24.749], [125.2568, 24.7486], [125.2575, 24.7482], [125.2593, 24.7449], [125.2606, 24.74], [125.2612, 24.736], [125.2619, 24.7346], [125.2624, 24.7343], [125.2649, 24.7342], [125.2653, 24.734], [125.265, 24.7338], [125.2651, 24.7337], [125.2655, 24.734], [125.2663, 24.7333], [125.2668, 24.7338], [125.2683, 24.7331], [125.2698, 24.7316], [125.27, 24.7309], [125.271, 24.7299], [125.2712, 24.7295], [125.2729, 24.7286], [125.2731, 24.7282], [125.2763, 24.7277], [125.2771, 24.7273], [125.2775, 24.7268], [125.2786, 24.7263], [125.2788, 24.7251], [125.2793, 24.7246], [125.2792, 24.7254], [125.2794, 24.7261], [125.2806, 24.7262], [125.2809, 24.7262], [125.2809, 24.7259], [125.2812, 24.7259], [125.2814, 24.7253], [125.2816, 24.7256], [125.2817, 24.7252], [125.2818, 24.7256], [125.2823, 24.7256], [125.2823, 24.7254], [125.2823, 24.7257], [125.2829, 24.7256], [125.2836, 24.7252], [125.2833, 24.725], [125.2833, 24.7247], [125.2838, 24.725], [125.2845, 24.7247], [125.2846, 24.725], [125.2847, 24.7245], [125.2853, 24.7247], [125.2858, 24.7246], [125.286, 24.7238], [125.2866, 24.724], [125.2871, 24.7239], [125.2873, 24.7235], [125.2888, 24.7234], [125.289, 24.723], [125.2893, 24.723], [125.2893, 24.7225], [125.2899, 24.723], [125.2897, 24.7222], [125.2901, 24.7215], [125.2909, 24.7213], [125.2915, 24.7205], [125.2922, 24.7207], [125.2922, 24.7198], [125.2934, 24.7195], [125.2936, 24.7197], [125.294, 24.7188], [125.295, 24.7183], [125.2955, 24.7189], [125.2961, 24.7223], [125.2973, 24.7239], [125.2969, 24.724], [125.2972, 24.7243], [125.2972, 24.7249], [125.2976, 24.7254], [125.298, 24.7254], [125.2983, 24.7252], [125.2982, 24.7247], [125.2978, 24.7238], [125.2968, 24.7225], [125.2963, 24.7206], [125.2977, 24.7197], [125.2974, 24.7192], [125.2977, 24.7183], [125.2985, 24.7181], [125.299, 24.7174], [125.2993, 24.7177], [125.2996, 24.7175], [125.2999, 24.7174], [125.2996, 24.7171], [125.3001, 24.7164], [125.3004, 24.7162], [125.3008, 24.7164], [125.3016, 24.7156], [125.302, 24.7158], [125.3024, 24.7155], [125.303, 24.7156], [125.3031, 24.7151], [125.3029, 24.7148], [125.3042, 24.7137], [125.3055, 24.7132], [125.3056, 24.7125], [125.3062, 24.7133], [125.3065, 24.7143], [125.3071, 24.7147], [125.3065, 24.7136], [125.3066, 24.7129], [125.307, 24.7125], [125.308, 24.7123], [125.3081, 24.7119], [125.3086, 24.7118], [125.3089, 24.7115], [125.3098, 24.7119], [125.3101, 24.7124], [125.3105, 24.7122], [125.311, 24.7126], [125.3114, 24.7123], [125.3124, 24.7126], [125.3128, 24.7124], [125.3135, 24.7125], [125.3144, 24.7123], [125.3174, 24.713], [125.3177, 24.7132], [125.3178, 24.7139], [125.3181, 24.7138], [125.3184, 24.714], [125.3182, 24.7157], [125.3195, 24.7156], [125.3197, 24.7162], [125.3207, 24.7165], [125.3209, 24.7172], [125.322, 24.718], [125.3228, 24.7173], [125.3224, 24.7184], [125.3218, 24.7186], [125.3214, 24.7184], [125.321, 24.7185], [125.3222, 24.7188], [125.3226, 24.7186], [125.323, 24.7191], [125.3232, 24.719], [125.3229, 24.7183], [125.3235, 24.7179], [125.3235, 24.7169], [125.3248, 24.7173], [125.3249, 24.7176], [125.3256, 24.7176], [125.3257, 24.7179], [125.3253, 24.7183], [125.3254, 24.7188], [125.3258, 24.7187], [125.3263, 24.7192], [125.3269, 24.7191], [125.3271, 24.7195], [125.3281, 24.7197], [125.3282, 24.7188], [125.3283, 24.7193], [125.3288, 24.7192], [125.3288, 24.7182], [125.3276, 24.718], [125.3274, 24.7182], [125.3276, 24.7175], [125.3266, 24.7174], [125.3293, 24.7177], [125.3293, 24.7191], [125.3308, 24.7192], [125.3303, 24.7185], [125.3305, 24.7183], [125.331, 24.7187], [125.331, 24.7194], [125.3313, 24.7196], [125.3332, 24.7189], [125.3336, 24.7185], [125.3342, 24.7191], [125.3349, 24.7188], [125.3358, 24.7189], [125.3368, 24.7187], [125.337, 24.719], [125.3371, 24.7186], [125.3377, 24.7183], [125.3383, 24.7187], [125.3399, 24.7174], [125.3401, 24.7175], [125.3413, 24.717], [125.3422, 24.7182], [125.3414, 24.7184], [125.3408, 24.7195], [125.3408, 24.7201], [125.341, 24.7202], [125.3421, 24.7195], [125.3429, 24.7196], [125.3436, 24.7202], [125.3439, 24.7198], [125.3449, 24.7199], [125.3451, 24.7193], [125.3456, 24.7195], [125.3463, 24.7193], [125.3467, 24.7199], [125.3471, 24.7197], [125.3474, 24.7206], [125.3468, 24.7207], [125.3475, 24.7212], [125.3474, 24.7207], [125.3477, 24.7203], [125.3483, 24.7204], [125.3482, 24.7207], [125.3492, 24.7208], [125.3493, 24.7214], [125.3495, 24.7213], [125.35, 24.7213], [125.3503, 24.7217], [125.3506, 24.7216], [125.3512, 24.722], [125.3516, 24.7217], [125.3537, 24.7216], [125.3547, 24.7219], [125.3547, 24.7222], [125.3553, 24.7226], [125.3566, 24.723], [125.3589, 24.7225], [125.3588, 24.7232], [125.3578, 24.7238], [125.3562, 24.7238], [125.3558, 24.7247], [125.356, 24.7248], [125.3564, 24.7244], [125.3584, 24.7246], [125.3581, 24.7237], [125.3584, 24.7236], [125.3586, 24.7236], [125.3586, 24.7242], [125.3589, 24.7247], [125.3597, 24.724], [125.3598, 24.7247], [125.3601, 24.7246], [125.3603, 24.7252], [125.3611, 24.7248], [125.3613, 24.7249], [125.3613, 24.7246], [125.3623, 24.7249], [125.3624, 24.7247], [125.3628, 24.7248], [125.3629, 24.7242], [125.3634, 24.7242], [125.3637, 24.7244], [125.3636, 24.7248], [125.363, 24.7251], [125.3634, 24.7254], [125.3634, 24.726], [125.3653, 24.7263], [125.3654, 24.7261], [125.3658, 24.7263], [125.3656, 24.7266], [125.3665, 24.7269], [125.3668, 24.7265], [125.3672, 24.7266], [125.3681, 24.7272], [125.3686, 24.7279], [125.3684, 24.7282], [125.3689, 24.7287], [125.3703, 24.7293], [125.3713, 24.7292], [125.3726, 24.7287], [125.3764, 24.7258], [125.3773, 24.7254], [125.3775, 24.7247], [125.3777, 24.7254], [125.3788, 24.7255], [125.3799, 24.7255], [125.3828, 24.7249], [125.3833, 24.725], [125.3844, 24.7259], [125.3851, 24.727], [125.3869, 24.7277], [125.389, 24.7281], [125.3903, 24.7287], [125.3925, 24.7289], [125.3946, 24.7284], [125.3955, 24.7291], [125.398, 24.729], [125.3996, 24.7296], [125.4013, 24.7296], [125.4024, 24.7293], [125.4033, 24.7285], [125.4038, 24.729], [125.4038, 24.7294], [125.4044, 24.7297], [125.4054, 24.7293], [125.406, 24.7294], [125.4061, 24.7299], [125.407, 24.7297], [125.4076, 24.7292], [125.4089, 24.7285], [125.4115, 24.729], [125.4126, 24.7287], [125.4131, 24.7282], [125.4147, 24.7287], [125.4157, 24.7284], [125.4165, 24.7287], [125.4178, 24.7285], [125.4196, 24.7274], [125.4226, 24.7275], [125.4234, 24.7272], [125.4241, 24.7266], [125.4248, 24.7262], [125.429, 24.728], [125.431, 24.7296], [125.4331, 24.7296], [125.4344, 24.7289], [125.4357, 24.7287], [125.4363, 24.7281], [125.4371, 24.7281], [125.438, 24.7288], [125.4384, 24.7295], [125.4391, 24.7297], [125.4406, 24.7294], [125.4422, 24.7285], [125.4433, 24.727], [125.4445, 24.7262], [125.4447, 24.7257], [125.4461, 24.7251], [125.4467, 24.7251], [125.4496, 24.7257], [125.4499, 24.7259], [125.45, 24.727], [125.4504, 24.7271], [125.4501, 24.7279], [125.4503, 24.7287], [125.45, 24.7293], [125.4513, 24.7302], [125.4536, 24.7307], [125.4548, 24.7305], [125.456, 24.7298], [125.4581, 24.7271], [125.4583, 24.7261], [125.4664, 24.7194], [125.468, 24.719], [125.4687, 24.7186], [125.4692, 24.7187], [125.4695, 24.719], [125.4687, 24.72], [125.4666, 24.7214], [125.4642, 24.724], [125.4638, 24.7239], [125.4619, 24.7245], [125.4607, 24.7267], [125.4592, 24.7283], [125.4584, 24.7295], [125.4564, 24.7309], [125.4555, 24.7321], [125.4546, 24.7326], [125.4545, 24.7338], [125.4542, 24.7342], [125.4544, 24.7351], [125.4542, 24.7354], [125.4538, 24.7353], [125.4538, 24.7356], [125.4513, 24.7382], [125.4508, 24.7391], [125.4471, 24.7419], [125.445, 24.7456], [125.4441, 24.7458], [125.4432, 24.7465], [125.4422, 24.7512], [125.4415, 24.7534], [125.4407, 24.7543], [125.4407, 24.7551], [125.4403, 24.7551], [125.4398, 24.7559], [125.4387, 24.7568], [125.4376, 24.7571], [125.4366, 24.7578], [125.4367, 24.7582], [125.4356, 24.7589], [125.435, 24.7597], [125.4333, 24.7611], [125.4312, 24.7612], [125.4306, 24.761], [125.4293, 24.7602], [125.4264, 24.7603], [125.4258, 24.7601], [125.419, 24.7626], [125.4185, 24.7642], [125.4179, 24.7645], [125.4159, 24.7642], [125.4158, 24.764], [125.4138, 24.764], [125.4126, 24.7637], [125.41, 24.7652], [125.4081, 24.7668], [125.4072, 24.7671], [125.4059, 24.7673], [125.4048, 24.767], [125.4044, 24.7663], [125.4027, 24.7663], [125.3999, 24.7679], [125.3984, 24.7692], [125.398, 24.7699], [125.3983, 24.7703], [125.3971, 24.771], [125.3966, 24.7711], [125.3963, 24.7708], [125.3958, 24.7711], [125.396, 24.7718], [125.3956, 24.7717], [125.3931, 24.7731], [125.3916, 24.7746], [125.3908, 24.7756], [125.3907, 24.7776], [125.3889, 24.7835], [125.3861, 24.7859], [125.3844, 24.7871], [125.3837, 24.7872], [125.3833, 24.7877], [125.3812, 24.7878], [125.3779, 24.7894], [125.3754, 24.79], [125.3739, 24.7906], [125.3727, 24.7908], [125.3712, 24.7914], [125.3707, 24.7922], [125.3692, 24.7926], [125.369, 24.7922], [125.368, 24.7922], [125.3678, 24.7917], [125.3668, 24.7911], [125.3664, 24.7904], [125.3657, 24.7903], [125.3658, 24.7898], [125.3645, 24.7892], [125.3577, 24.7887], [125.3547, 24.789], [125.3536, 24.7894], [125.3525, 24.79], [125.3519, 24.7909], [125.3512, 24.7913], [125.3509, 24.7923], [125.3498, 24.794], [125.3478, 24.795], [125.3475, 24.7956], [125.3467, 24.7957], [125.3462, 24.7962], [125.3458, 24.796], [125.3438, 24.796], [125.3419, 24.7968], [125.341, 24.7968], [125.3391, 24.7977], [125.3373, 24.7977], [125.3352, 24.7989], [125.3367, 24.7997], [125.3352, 24.8025], [125.3344, 24.8022], [125.3339, 24.8031], [125.334, 24.8027], [125.3331, 24.8023], [125.3326, 24.8034], [125.3328, 24.8035], [125.3322, 24.8037], [125.332, 24.8042], [125.3328, 24.8046], [125.3338, 24.8041], [125.3328, 24.8046], [125.332, 24.8042], [125.3316, 24.805], [125.331, 24.8075], [125.3309, 24.8102]]], [[[125.2507, 24.925], [125.251, 24.9244], [125.2537, 24.9245], [125.2551, 24.9241], [125.2556, 24.9242], [125.2558, 24.925], [125.2547, 24.9267], [125.2546, 24.9278], [125.2539, 24.9287], [125.2542, 24.929], [125.2528, 24.9303], [125.2529, 24.9307], [125.2524, 24.9311], [125.2519, 24.9325], [125.2505, 24.9334], [125.2494, 24.9347], [125.2475, 24.9359], [125.2464, 24.937], [125.2462, 24.9368], [125.246, 24.9372], [125.2452, 24.9375], [125.2452, 24.938], [125.2449, 24.9382], [125.2439, 24.9385], [125.2435, 24.9384], [125.2431, 24.939], [125.2421, 24.9384], [125.2409, 24.9383], [125.2398, 24.9383], [125.2391, 24.9386], [125.2393, 24.9388], [125.2389, 24.9389], [125.2366, 24.938], [125.2361, 24.9373], [125.2357, 24.9373], [125.2355, 24.9376], [125.2346, 24.9368], [125.2329, 24.9364], [125.2332, 24.9364], [125.2319, 24.9358], [125.2322, 24.9356], [125.2322, 24.9353], [125.231, 24.9353], [125.2312, 24.9348], [125.2311, 24.9346], [125.2317, 24.9343], [125.2318, 24.9331], [125.233, 24.932], [125.2327, 24.9315], [125.2329, 24.9312], [125.2327, 24.9309], [125.2321, 24.9309], [125.2321, 24.9306], [125.233, 24.9302], [125.2329, 24.9298], [125.2335, 24.9289], [125.234, 24.9287], [125.235, 24.9276], [125.2356, 24.9277], [125.2357, 24.9274], [125.2365, 24.9272], [125.2368, 24.9266], [125.2373, 24.9265], [125.2377, 24.9267], [125.2392, 24.9259], [125.2394, 24.9254], [125.2399, 24.9251], [125.2403, 24.9253], [125.2404, 24.9249], [125.2415, 24.9245], [125.2419, 24.9239], [125.242, 24.9233], [125.2422, 24.9235], [125.2425, 24.9226], [125.2432, 24.9221], [125.2434, 24.9217], [125.2444, 24.9212], [125.2445, 24.9214], [125.2442, 24.922], [125.2447, 24.9225], [125.2456, 24.9226], [125.2456, 24.9223], [125.246, 24.9223], [125.2468, 24.9215], [125.2472, 24.9215], [125.2474, 24.9212], [125.2472, 24.921], [125.2481, 24.9204], [125.2482, 24.9196], [125.2486, 24.9204], [125.2491, 24.9205], [125.2486, 24.9207], [125.2489, 24.9209], [125.2486, 24.921], [125.2487, 24.9216], [125.2484, 24.9224], [125.2494, 24.9228], [125.2493, 24.9237], [125.2467, 24.925], [125.2471, 24.9255], [125.2472, 24.9255], [125.2473, 24.9257], [125.2472, 24.9255], [125.2468, 24.9257], [125.2467, 24.9258], [125.2472, 24.9263], [125.2476, 24.9262], [125.2474, 24.9259], [125.2478, 24.9264], [125.2486, 24.926], [125.2483, 24.9255], [125.248, 24.9257], [125.2487, 24.9253], [125.2483, 24.9255], [125.2486, 24.9259], [125.2495, 24.9255], [125.2492, 24.925], [125.2489, 24.9252], [125.2492, 24.925], [125.2497, 24.9256], [125.2488, 24.9262], [125.2491, 24.9266], [125.2502, 24.9259], [125.2498, 24.9253], [125.2506, 24.9248], [125.2507, 24.925]]], [[[125.3069, 24.9198], [125.3066, 24.9198], [125.3067, 24.9195], [125.3065, 24.9197], [125.3062, 24.9195], [125.3063, 24.9192], [125.3059, 24.9191], [125.3061, 24.9177], [125.3052, 24.9156], [125.3059, 24.9154], [125.3061, 24.9145], [125.3067, 24.9135], [125.3064, 24.9127], [125.3071, 24.9123], [125.3065, 24.9127], [125.3068, 24.9134], [125.3077, 24.9131], [125.3076, 24.9129], [125.3077, 24.9132], [125.308, 24.9132], [125.3077, 24.9123], [125.3074, 24.912], [125.3078, 24.9123], [125.3081, 24.9133], [125.3092, 24.9136], [125.3094, 24.9135], [125.3093, 24.9138], [125.3108, 24.9152], [125.3108, 24.9159], [125.3103, 24.9162], [125.3102, 24.9167], [125.31, 24.9166], [125.3098, 24.9177], [125.3094, 24.9181], [125.309, 24.9181], [125.3087, 24.9188], [125.3074, 24.9193], [125.3069, 24.9198]]], [[[125.2432, 24.7317], [125.2423, 24.7314], [125.2416, 24.7317], [125.2413, 24.7314], [125.2407, 24.7314], [125.2405, 24.731], [125.24, 24.727], [125.2385, 24.7217], [125.2394, 24.7182], [125.2398, 24.718], [125.24, 24.7175], [125.241, 24.7164], [125.2435, 24.7145], [125.2452, 24.7141], [125.2455, 24.7134], [125.2466, 24.7135], [125.2505, 24.713], [125.2531, 24.7139], [125.2568, 24.7154], [125.257, 24.7169], [125.2585, 24.7192], [125.2581, 24.7205], [125.2561, 24.7231], [125.2576, 24.7241], [125.2564, 24.7234], [125.2559, 24.724], [125.2564, 24.7242], [125.2563, 24.7244], [125.2573, 24.7246], [125.2566, 24.7246], [125.2555, 24.724], [125.2551, 24.7248], [125.2557, 24.7252], [125.255, 24.7249], [125.2545, 24.7249], [125.252, 24.7276], [125.2515, 24.7277], [125.251, 24.7282], [125.2495, 24.7286], [125.2448, 24.7313], [125.2432, 24.7317]]], [[[125.1981, 24.8053], [125.1993, 24.8052], [125.1994, 24.8047], [125.1998, 24.8047], [125.1999, 24.8044], [125.2003, 24.8048], [125.2008, 24.8046], [125.2006, 24.8039], [125.2009, 24.8032], [125.2044, 24.8005], [125.2047, 24.8008], [125.2011, 24.8033], [125.2018, 24.8048], [125.2016, 24.805], [125.2017, 24.8055], [125.2036, 24.8049], [125.2036, 24.8046], [125.204, 24.8047], [125.2033, 24.8028], [125.2038, 24.8039], [125.2048, 24.8036], [125.2051, 24.8042], [125.2051, 24.804], [125.2054, 24.804], [125.206, 24.8048], [125.2073, 24.8049], [125.208, 24.8046], [125.2084, 24.8051], [125.2088, 24.8049], [125.21, 24.8056], [125.2121, 24.8058], [125.2129, 24.8062], [125.2139, 24.8063], [125.2143, 24.8067], [125.2159, 24.8067], [125.2171, 24.8073], [125.2179, 24.8085], [125.2196, 24.81], [125.2202, 24.8107], [125.2209, 24.8125], [125.2214, 24.8128], [125.2216, 24.8143], [125.2213, 24.8146], [125.2209, 24.8159], [125.2215, 24.821], [125.2214, 24.8223], [125.2208, 24.8234], [125.2212, 24.8237], [125.22, 24.8257], [125.2202, 24.8263], [125.2197, 24.8275], [125.2171, 24.8309], [125.2154, 24.8343], [125.2165, 24.8347], [125.2161, 24.8346], [125.2156, 24.8351], [125.2154, 24.8359], [125.2157, 24.8361], [125.2156, 24.8364], [125.2158, 24.8365], [125.2149, 24.8364], [125.2148, 24.8367], [125.215, 24.8368], [125.2147, 24.8379], [125.2149, 24.838], [125.2143, 24.8378], [125.2142, 24.8381], [125.2145, 24.8383], [125.2141, 24.8382], [125.2137, 24.8393], [125.2132, 24.8391], [125.2124, 24.8413], [125.2121, 24.8414], [125.2119, 24.842], [125.2126, 24.8422], [125.2129, 24.8414], [125.2128, 24.8417], [125.2132, 24.8418], [125.2121, 24.8438], [125.2116, 24.8446], [125.2102, 24.8456], [125.2097, 24.8468], [125.2088, 24.8473], [125.2074, 24.8472], [125.2067, 24.8468], [125.2063, 24.8474], [125.2056, 24.8476], [125.2049, 24.8482], [125.2037, 24.8486], [125.2014, 24.8505], [125.1991, 24.8508], [125.1986, 24.8512], [125.194, 24.8526], [125.1892, 24.8545], [125.1857, 24.8571], [125.1842, 24.8577], [125.1829, 24.8589], [125.1819, 24.8593], [125.1791, 24.8614], [125.1778, 24.8618], [125.1749, 24.8617], [125.1726, 24.8627], [125.1723, 24.8631], [125.1713, 24.8633], [125.17, 24.864], [125.168, 24.8643], [125.1648, 24.8652], [125.1645, 24.8652], [125.1646, 24.8648], [125.1642, 24.8648], [125.1639, 24.8652], [125.1636, 24.8648], [125.1636, 24.8653], [125.1632, 24.8655], [125.1624, 24.8653], [125.1622, 24.8652], [125.163, 24.8635], [125.1625, 24.864], [125.1617, 24.864], [125.1614, 24.8636], [125.1615, 24.8632], [125.1609, 24.8632], [125.1606, 24.8628], [125.1601, 24.8629], [125.1602, 24.862], [125.1598, 24.8621], [125.1599, 24.8613], [125.1591, 24.8617], [125.1588, 24.8612], [125.1585, 24.8612], [125.1587, 24.8604], [125.158, 24.8594], [125.1581, 24.8589], [125.1575, 24.8587], [125.1576, 24.8582], [125.157, 24.8575], [125.157, 24.8569], [125.1562, 24.8567], [125.1573, 24.8561], [125.1573, 24.854], [125.1579, 24.852], [125.1558, 24.8512], [125.1558, 24.8492], [125.1564, 24.8492], [125.1564, 24.8504], [125.1567, 24.8501], [125.1566, 24.8505], [125.1571, 24.8506], [125.157, 24.8511], [125.158, 24.8515], [125.1579, 24.8513], [125.1585, 24.8506], [125.159, 24.8483], [125.1595, 24.8477], [125.1586, 24.8464], [125.1587, 24.845], [125.1582, 24.8445], [125.1589, 24.8436], [125.1587, 24.8431], [125.1591, 24.8427], [125.1589, 24.8423], [125.1595, 24.8422], [125.1596, 24.8409], [125.16, 24.8402], [125.1587, 24.8388], [125.1559, 24.8372], [125.1554, 24.8371], [125.1558, 24.8363], [125.1563, 24.8344], [125.1559, 24.8333], [125.1564, 24.8325], [125.1563, 24.8319], [125.1559, 24.8315], [125.1548, 24.8316], [125.1538, 24.831], [125.1532, 24.8311], [125.1529, 24.8317], [125.1525, 24.8315], [125.1509, 24.8322], [125.1508, 24.8312], [125.1511, 24.8309], [125.1508, 24.8304], [125.151, 24.83], [125.1515, 24.8297], [125.1512, 24.8295], [125.1512, 24.8291], [125.1516, 24.8289], [125.151, 24.8291], [125.1506, 24.8297], [125.1506, 24.8321], [125.1499, 24.8321], [125.1499, 24.8312], [125.1493, 24.8315], [125.1487, 24.8313], [125.1485, 24.8308], [125.148, 24.8311], [125.1492, 24.8319], [125.1494, 24.8324], [125.1486, 24.8323], [125.1484, 24.8326], [125.1475, 24.832], [125.1475, 24.8323], [125.1479, 24.8327], [125.1474, 24.8333], [125.147, 24.8328], [125.1469, 24.8337], [125.1472, 24.8342], [125.1469, 24.8346], [125.1467, 24.834], [125.1456, 24.8332], [125.1432, 24.8412], [125.1421, 24.8409], [125.1415, 24.8419], [125.1398, 24.8415], [125.1399, 24.8411], [125.1391, 24.8386], [125.1401, 24.8368], [125.1392, 24.8366], [125.1391, 24.8368], [125.1388, 24.8365], [125.1382, 24.8366], [125.1379, 24.8361], [125.1371, 24.8363], [125.1364, 24.8357], [125.1367, 24.8356], [125.1366, 24.8353], [125.1354, 24.8352], [125.1352, 24.835], [125.1355, 24.8347], [125.1358, 24.8331], [125.1364, 24.8318], [125.1361, 24.8307], [125.1356, 24.8309], [125.1354, 24.8307], [125.1366, 24.8296], [125.1363, 24.8287], [125.1354, 24.8284], [125.1352, 24.8281], [125.1353, 24.8276], [125.1358, 24.8273], [125.137, 24.8281], [125.1382, 24.8276], [125.1394, 24.8279], [125.1395, 24.8277], [125.1393, 24.8274], [125.1374, 24.8271], [125.1363, 24.8267], [125.1354, 24.8254], [125.1354, 24.8247], [125.135, 24.8243], [125.1357, 24.8242], [125.1355, 24.8239], [125.1358, 24.8226], [125.1365, 24.8217], [125.1375, 24.8223], [125.138, 24.8228], [125.1381, 24.8234], [125.1386, 24.824], [125.1387, 24.8237], [125.1391, 24.8238], [125.1396, 24.8228], [125.1395, 24.8218], [125.1399, 24.8213], [125.1397, 24.8209], [125.1403, 24.8208], [125.1404, 24.8206], [125.1395, 24.8198], [125.1397, 24.8191], [125.14, 24.819], [125.1399, 24.8184], [125.1403, 24.8181], [125.1395, 24.8176], [125.1393, 24.8177], [125.1394, 24.8182], [125.1389, 24.818], [125.1383, 24.8171], [125.1388, 24.8158], [125.1394, 24.8154], [125.1395, 24.8148], [125.1401, 24.8144], [125.1407, 24.815], [125.1409, 24.8148], [125.1424, 24.8158], [125.1426, 24.8153], [125.1405, 24.8139], [125.1414, 24.8131], [125.1419, 24.8139], [125.1426, 24.8141], [125.143, 24.8147], [125.1451, 24.8139], [125.1451, 24.8134], [125.143, 24.8115], [125.1432, 24.8112], [125.1442, 24.8113], [125.1448, 24.811], [125.1442, 24.8103], [125.1446, 24.809], [125.146, 24.8094], [125.1457, 24.8088], [125.1445, 24.8084], [125.1445, 24.8081], [125.1461, 24.8084], [125.1449, 24.8076], [125.145, 24.8073], [125.1464, 24.8074], [125.1466, 24.8072], [125.1466, 24.8066], [125.1468, 24.8067], [125.1468, 24.8072], [125.1472, 24.8071], [125.1471, 24.8069], [125.1472, 24.8065], [125.1476, 24.8064], [125.1477, 24.8067], [125.1484, 24.8066], [125.149, 24.8071], [125.1499, 24.8073], [125.1498, 24.8069], [125.1491, 24.8061], [125.1499, 24.8064], [125.1502, 24.8062], [125.1502, 24.8059], [125.1507, 24.8057], [125.1512, 24.806], [125.1517, 24.8055], [125.1526, 24.8053], [125.1526, 24.8049], [125.1537, 24.8056], [125.1543, 24.805], [125.1545, 24.8053], [125.1554, 24.8055], [125.156, 24.8048], [125.1572, 24.8048], [125.1575, 24.804], [125.1579, 24.8041], [125.1586, 24.8037], [125.1593, 24.8037], [125.1596, 24.8034], [125.1607, 24.8031], [125.1617, 24.8025], [125.1623, 24.8026], [125.1625, 24.8023], [125.1629, 24.8027], [125.1635, 24.8027], [125.1637, 24.8026], [125.1641, 24.8029], [125.1647, 24.8026], [125.1655, 24.8031], [125.166, 24.8029], [125.1661, 24.8031], [125.1668, 24.803], [125.1673, 24.8033], [125.1676, 24.8029], [125.1679, 24.8033], [125.1681, 24.8031], [125.1685, 24.8031], [125.169, 24.8035], [125.1695, 24.8032], [125.1697, 24.8043], [125.1698, 24.8038], [125.1704, 24.8036], [125.1711, 24.804], [125.1713, 24.8046], [125.1719, 24.8046], [125.172, 24.805], [125.1732, 24.8056], [125.1732, 24.8062], [125.1739, 24.8064], [125.174, 24.8069], [125.1755, 24.8086], [125.175, 24.8088], [125.1754, 24.8095], [125.1751, 24.8097], [125.1749, 24.8105], [125.176, 24.8117], [125.1754, 24.8128], [125.1754, 24.8139], [125.1752, 24.814], [125.1761, 24.8138], [125.1763, 24.8131], [125.1775, 24.8117], [125.1776, 24.8109], [125.1779, 24.8108], [125.178, 24.8114], [125.1789, 24.812], [125.1801, 24.8121], [125.1833, 24.8118], [125.186, 24.8104], [125.1871, 24.8095], [125.1873, 24.809], [125.1879, 24.8092], [125.1881, 24.8086], [125.1885, 24.8086], [125.1888, 24.8082], [125.1892, 24.8086], [125.1897, 24.8082], [125.1893, 24.8076], [125.1902, 24.8074], [125.1905, 24.8081], [125.1921, 24.8074], [125.1922, 24.8071], [125.1925, 24.8071], [125.192, 24.8064], [125.193, 24.8062], [125.1931, 24.8066], [125.1933, 24.8067], [125.1936, 24.8066], [125.1935, 24.8059], [125.1939, 24.8066], [125.1942, 24.8064], [125.1942, 24.8057], [125.1947, 24.8061], [125.1951, 24.8061], [125.1948, 24.8058], [125.1949, 24.8052], [125.1953, 24.8057], [125.1964, 24.8055], [125.1971, 24.8056], [125.1981, 24.8053]]]]}, "properties": {"name": "沖縄県宮古島市"}}, {"type": "Feature", "geometry": {"type": "Polygon", "coordinates": [[[127.8045, 26.1476], [127.8049, 26.1478], [127.805, 26.1476], [127.8053, 26.1477], [127.8055, 26.1481], [127.8066, 26.1469], [127.8052, 26.1486], [127.8068, 26.1495], [127.8074, 26.1488], [127.8066, 26.1479], [127.8069, 26.1481], [127.8075, 26.1478], [127.8074, 26.148], [127.8081, 26.1485], [127.8086, 26.1478], [127.8069, 26.1461], [127.8104, 26.1489], [127.8083, 26.1517], [127.8086, 26.1521], [127.8098, 26.1532], [127.8101, 26.1529], [127.8104, 26.1531], [127.8101, 26.153], [127.8099, 26.1534], [127.8103, 26.1535], [127.8105, 26.1532], [127.8102, 26.1536], [127.8119, 26.1553], [127.8129, 26.1554], [127.8136, 26.1557], [127.8139, 26.1556], [127.8139, 26.1561], [127.8153, 26.157], [127.816, 26.157], [127.8173, 26.1574], [127.8183, 26.1573], [127.8188, 26.158], [127.8192, 26.158], [127.8195, 26.1576], [127.8191, 26.1581], [127.8197, 26.1584], [127.8198, 26.1577], [127.82, 26.1582], [127.8196, 26.1586], [127.8226, 26.162], [127.8239, 26.1646], [127.8239, 26.1643], [127.8251, 26.1656], [127.8254, 26.1659], [127.8256, 26.1658], [127.8255, 26.1659], [127.8258, 26.1664], [127.8267, 26.1668], [127.8286, 26.166], [127.8292, 26.1654], [127.8299, 26.1654], [127.8308, 26.1661], [127.831, 26.1669], [127.8839, 26.1563], [127.8838, 26.1549], [127.8845, 26.1547], [127.8856, 26.155], [127.8858, 26.1543], [127.8863, 26.154], [127.8851, 26.1523], [127.8847, 26.1525], [127.8848, 26.1529], [127.8845, 26.1531], [127.8842, 26.1529], [127.8827, 26.1555], [127.8825, 26.1554], [127.884, 26.1526], [127.8851, 26.152], [127.8866, 26.1539], [127.8874, 26.1538], [127.8883, 26.1542], [127.892, 26.1576], [127.8938, 26.159], [127.8951, 26.1598], [127.8994, 26.1619], [127.9002, 26.1627], [127.9005, 26.1634], [127.9007, 26.1632], [127.9013, 26.1639], [127.9075, 26.1678], [127.9096, 26.1696], [127.9105, 26.1716], [127.7874, 26.2319], [127.7878, 26.2312], [127.79, 26.23], [127.7935, 26.1875], [127.776, 26.1888], [127.7745, 26.1882], [127.7736, 26.1868], [127.773, 26.1874], [127.7712, 26.1866], [127.7708, 26.1867], [127.7698, 26.1862], [127.7692, 26.1866], [127.7682, 26.1863], [127.7677, 26.1867], [127.7665, 26.1865], [127.766, 26.1868], [127.7659, 26.1865], [127.7658, 26.1875], [127.7645, 26.1883], [127.764, 26.1898], [127.7642, 26.1906], [127.7639, 26.1908], [127.7638, 26.1917], [127.7632, 26.1924], [127.7626, 26.1949], [127.7604, 26.1945], [127.7599, 26.1947], [127.7587, 26.1946], [127.7585, 26.195], [127.758, 26.1953], [127.7574, 26.1963], [127.7546, 26.1965], [127.7543, 26.1961], [127.7539, 26.1959], [127.7532, 26.1959], [127.7525, 26.1966], [127.75, 26.1965], [127.7491, 26.1974], [127.7482, 26.1978], [127.748, 26.197], [127.7477, 26.1971], [127.7473, 26.1967], [127.747, 26.196], [127.7465, 26.1966], [127.7465, 26.1976], [127.7459, 26.1989], [127.7444, 26.1981], [127.7432, 26.1979], [127.7417, 26.1982], [127.7408, 26.1975], [127.7404, 26.196], [127.7415, 26.1959], [127.7413, 26.1948], [127.7403, 26.1949], [127.7403, 26.1942], [127.7396, 26.1939], [127.7394, 26.1931], [127.7402, 26.1918], [127.7399, 26.191], [127.7392, 26.1905], [127.7396, 26.1901], [127.7397, 26.1893], [127.7381, 26.1876], [127.7376, 26.1868], [127.7373, 26.1867], [127.7366, 26.1853], [127.7355, 26.1842], [127.7352, 26.1842], [127.734, 26.1821], [127.7341, 26.1798], [127.7336, 26.1792], [127.7332, 26.178], [127.7332, 26.1763], [127.7337, 26.1752], [127.7338, 26.1736], [127.7345, 26.1729], [127.7331, 26.1706], [127.7318, 26.1699], [127.7312, 26.1686], [127.7304, 26.1684], [127.7301, 26.1687], [127.7295, 26.1684], [127.7308, 26.1666], [127.7316, 26.1663], [127.7305, 26.1636], [127.731, 26.1634], [127.7308, 26.1628], [127.7301, 26.1622], [127.7301, 26.1618], [127.731, 26.1611], [127.7299, 26.1587], [127.7303, 26.1559], [127.7309, 26.1544], [127.7305, 26.1536], [127.7309, 26.1524], [127.7342, 26.1511], [127.7357, 26.1515], [127.7364, 26.1526], [127.7373, 26.1526], [127.7378, 26.1522], [127.7394, 26.1517], [127.74, 26.1509], [127.7396, 26.1503], [127.7403, 26.1495], [127.7404, 26.1481], [127.7413, 26.1482], [127.7418, 26.1477], [127.742, 26.1468], [127.7418, 26.1465], [127.7423, 26.1461], [127.7426, 26.1452], [127.7421, 26.1449], [127.7422, 26.1444], [127.7432, 26.1445], [127.7429, 26.144], [127.7435, 26.1438], [127.7445, 26.1424], [127.7449, 26.1422], [127.746, 26.1423], [127.7456, 26.1413], [127.7466, 26.1409], [127.7468, 26.1405], [127.7472, 26.1405], [127.7488, 26.1391], [127.7496, 26.1391], [127.7499, 26.1382], [127.751, 26.1366], [127.7509, 26.1357], [127.7529, 26.1345], [127.7531, 26.1333], [127.7543, 26.133], [127.7554, 26.1321], [127.7572, 26.1316], [127.758, 26.1318], [127.7584, 26.1329], [127.7594, 26.1328], [127.7605, 26.1293], [127.7608, 26.1295], [127.7614, 26.1282], [127.7632, 26.1263], [127.7629, 26.1251], [127.7633, 26.1263], [127.7641, 26.1259], [127.7671, 26.1263], [127.7673, 26.1261], [127.768, 26.1266], [127.7682, 26.1277], [127.7679, 26.1295], [127.7673, 26.1304], [127.7684, 26.1318], [127.7695, 26.1325], [127.7709, 26.1323], [127.7721, 26.1328], [127.7723, 26.132], [127.7722, 26.1317], [127.7717, 26.1317], [127.7716, 26.1319], [127.7717, 26.1317], [127.7712, 26.1317], [127.771, 26.1314], [127.7707, 26.1298], [127.7709, 26.1288], [127.7704, 26.1288], [127.7701, 26.129], [127.7694, 26.1287], [127.7699, 26.128], [127.7704, 26.1279], [127.7703, 26.1282], [127.7708, 26.1285], [127.7717, 26.1276], [127.7731, 26.127], [127.7732, 26.1272], [127.7758, 26.1286], [127.7759, 26.1293], [127.7768, 26.1293], [127.7767, 26.1317], [127.7759, 26.1317], [127.7763, 26.1317], [127.7764, 26.131], [127.7754, 26.131], [127.7754, 26.1316], [127.7756, 26.1316], [127.7752, 26.1316], [127.7752, 26.1327], [127.7749, 26.1325], [127.7749, 26.132], [127.7739, 26.132], [127.7739, 26.1322], [127.7733, 26.1323], [127.7732, 26.1325], [127.7731, 26.1319], [127.7724, 26.1319], [127.7721, 26.1331], [127.7755, 26.1351], [127.7793, 26.1351], [127.7794, 26.1352], [127.7795, 26.1351], [127.7812, 26.135], [127.7822, 26.1345], [127.7825, 26.1347], [127.7823, 26.1344], [127.7835, 26.1342], [127.7846, 26.1333], [127.7849, 26.1326], [127.7865, 26.1322], [127.7869, 26.1326], [127.7884, 26.133], [127.7899, 26.1339], [127.7921, 26.1345], [127.7932, 26.1352], [127.7952, 26.1374], [127.7965, 26.1396], [127.7972, 26.1395], [127.797, 26.1401], [127.7984, 26.1414], [127.7986, 26.1425], [127.7992, 26.1428], [127.7996, 26.1418], [127.7992, 26.1428], [127.7998, 26.1429], [127.7998, 26.1422], [127.8003, 26.1421], [127.8006, 26.1424], [127.8006, 26.1431], [127.8001, 26.1434], [127.8004, 26.1442], [127.8036, 26.1476], [127.8039, 26.1479], [127.8045, 26.1476]]]}, "properties": {"name": "沖縄県南城市"}}, {"type": "Feature", "geometry": {"type": "Polygon", "coordinates": [[[128.2001, 26.6894], [128.2004, 26.6895], [128.2012, 26.689], [128.2021, 26.6893], [128.2033, 26.6892], [128.2039, 26.6895], [128.2056, 26.6893], [128.2062, 26.6896], [128.2063, 26.6907], [128.2067, 26.6914], [128.2063, 26.6938], [128.2065, 26.6945], [128.2073, 26.695], [128.2074, 26.6958], [128.2086, 26.6961], [128.2086, 26.6971], [128.2085, 26.6981], [128.2087, 26.6985], [128.2084, 26.6988], [128.2087, 26.6991], [128.2102, 26.6995], [128.2104, 26.6998], [128.2109, 26.6996], [128.2113, 26.7002], [128.2121, 26.7002], [128.2127, 26.7011], [128.214, 26.7002], [128.2148, 26.7009], [128.2144, 26.7017], [128.2151, 26.7023], [128.2151, 26.7028], [128.2164, 26.7026], [128.2175, 26.7036], [128.2181, 26.7037], [128.2187, 26.7042], [128.2195, 26.7041], [128.2203, 26.7046], [128.2214, 26.7046], [128.2214, 26.7051], [128.2205, 26.7061], [128.2207, 26.7066], [128.2222, 26.7067], [128.2219, 26.7082], [128.2221, 26.7086], [128.2233, 26.7084], [128.2241, 26.7075], [128.2251, 26.7075], [128.2259, 26.707], [128.2263, 26.706], [128.2277, 26.7068], [128.2284, 26.7058], [128.2297, 26.706], [128.2304, 26.7052], [128.2316, 26.7046], [128.2324, 26.7045], [128.2325, 26.7039], [128.2338, 26.7036], [128.2347, 26.7044], [128.235, 26.7042], [128.2356, 26.7044], [128.2373, 26.7035], [128.2382, 26.7036], [128.239, 26.7022], [128.2407, 26.7031], [128.2412, 26.7032], [128.2424, 26.7029], [128.2423, 26.7004], [128.2414, 26.6984], [128.2418, 26.6978], [128.2428, 26.6973], [128.2434, 26.6957], [128.2436, 26.6944], [128.2433, 26.6935], [128.244, 26.6922], [128.2442, 26.6905], [128.2438, 26.69], [128.2438, 26.6897], [128.2448, 26.6887], [128.2456, 26.6883], [128.246, 26.6873], [128.2479, 26.6871], [128.2486, 26.6873], [128.25, 26.6862], [128.25, 26.6848], [128.2504, 26.6839], [128.2508, 26.6822], [128.251, 26.6794], [128.2523, 26.6786], [128.2527, 26.6775], [128.2547, 26.6764], [128.2556, 26.6756], [128.2557, 26.6742], [128.2571, 26.6729], [128.2581, 26.6717], [128.2584, 26.6709], [128.2593, 26.67], [128.2602, 26.6698], [128.2603, 26.6686], [128.2614, 26.6681], [128.2625, 26.6682], [128.2647, 26.6677], [128.265, 26.6681], [128.2677, 26.6686], [128.2692, 26.6701], [128.2703, 26.6702], [128.2709, 26.6708], [128.2717, 26.671], [128.274, 26.6709], [128.2744, 26.6716], [128.2744, 26.6722], [128.2748, 26.6726], [128.2751, 26.6725], [128.2751, 26.6729], [128.2763, 26.674], [128.2766, 26.6747], [128.2782, 26.6751], [128.2786, 26.6755], [128.2791, 26.6769], [128.2793, 26.679], [128.2788, 26.6802], [128.2778, 26.6814], [128.2788, 26.6826], [128.2791, 26.6826], [128.2789, 26.6834], [128.2793, 26.6837], [128.2792, 26.6843], [128.2796, 26.6845], [128.2787, 26.6855], [128.2789, 26.6861], [128.2797, 26.6865], [128.2801, 26.6876], [128.2797, 26.6904], [128.2798, 26.6916], [128.2809, 26.6925], [128.2821, 26.6926], [128.2831, 26.693], [128.2836, 26.694], [128.2823, 26.6955], [128.282, 26.6968], [128.2824, 26.6969], [128.2835, 26.6976], [128.2843, 26.6977], [128.2847, 26.6974], [128.2849, 26.697], [128.2866, 26.6963], [128.287, 26.6968], [128.2875, 26.6967], [128.2881, 26.697], [128.2883, 26.6978], [128.2877, 26.6983], [128.2879, 26.6986], [128.2889, 26.6989], [128.2899, 26.6988], [128.2906, 26.699], [128.2911, 26.6996], [128.2912, 26.6994], [128.2917, 26.7013], [128.2924, 26.7016], [128.2931, 26.7013], [128.294, 26.7015], [128.2941, 26.7019], [128.2938, 26.7026], [128.2933, 26.7029], [128.2924, 26.704], [128.2915, 26.7046], [128.2905, 26.706], [128.2909, 26.7082], [128.2926, 26.7095], [128.2953, 26.7107], [128.296, 26.7108], [128.297, 26.7106], [128.297, 26.7103], [128.2974, 26.7103], [128.2974, 26.71], [128.2978, 26.71], [128.2979, 26.7097], [128.2977, 26.7104], [128.2981, 26.7102], [128.2982, 26.7109], [128.2989, 26.711], [128.2992, 26.712], [128.2995, 26.7121], [128.2991, 26.7132], [128.2985, 26.7139], [128.2987, 26.7145], [128.2982, 26.7151], [128.2982, 26.7155], [128.298, 26.7154], [128.2978, 26.7159], [128.2975, 26.7158], [128.2973, 26.716], [128.2971, 26.7156], [128.2964, 26.7158], [128.2963, 26.7155], [128.2956, 26.7155], [128.2946, 26.7147], [128.2932, 26.7149], [128.2904, 26.7159], [128.2896, 26.7163], [128.2896, 26.7167], [128.2933, 26.7161], [128.2947, 26.7151], [128.2951, 26.7156], [128.2939, 26.7166], [128.2936, 26.7173], [128.2957, 26.7195], [128.2964, 26.7197], [128.2971, 26.7203], [128.2978, 26.7204], [128.2989, 26.721], [128.2992, 26.7208], [128.3002, 26.7211], [128.3009, 26.7212], [128.3013, 26.7207], [128.3014, 26.7211], [128.3022, 26.7209], [128.3029, 26.7216], [128.3035, 26.7217], [128.3035, 26.7226], [128.3047, 26.7238], [128.3048, 26.725], [128.3064, 26.7261], [128.3066, 26.7267], [128.3068, 26.7275], [128.3065, 26.7274], [128.3063, 26.728], [128.3058, 26.7283], [128.3059, 26.7287], [128.3057, 26.7292], [128.3063, 26.7299], [128.307, 26.7301], [128.3085, 26.7311], [128.309, 26.7309], [128.3095, 26.731], [128.3097, 26.7317], [128.3133, 26.7334], [128.3166, 26.7344], [128.3176, 26.7344], [128.3177, 26.7342], [128.3183, 26.7345], [128.3184, 26.7341], [128.3186, 26.7348], [128.3189, 26.7347], [128.319, 26.7356], [128.3186, 26.7357], [128.3181, 26.7367], [128.3181, 26.7377], [128.3196, 26.7397], [128.3203, 26.7397], [128.3214, 26.7418], [128.3213, 26.7419], [128.3204, 26.7404], [128.3195, 26.7405], [128.3192, 26.7402], [128.3189, 26.7404], [128.3187, 26.7418], [128.3185, 26.7418], [128.3185, 26.7423], [128.3205, 26.7424], [128.3208, 26.7422], [128.3207, 26.7424], [128.3228, 26.7427], [128.3183, 26.7423], [128.3178, 26.7428], [128.3178, 26.7432], [128.3183, 26.7428], [128.3187, 26.7433], [128.3204, 26.743], [128.3187, 26.7433], [128.319, 26.7446], [128.32, 26.7463], [128.3222, 26.7481], [128.3232, 26.7486], [128.3241, 26.7487], [128.325, 26.7482], [128.3255, 26.7484], [128.3255, 26.7488], [128.3268, 26.7493], [128.327, 26.7508], [128.3266, 26.7523], [128.3271, 26.7532], [128.3268, 26.7543], [128.3273, 26.755], [128.3271, 26.7554], [128.3273, 26.756], [128.3271, 26.7565], [128.3266, 26.7562], [128.3253, 26.754], [128.3248, 26.7539], [128.3237, 26.7542], [128.3229, 26.7547], [128.3208, 26.757], [128.3201, 26.7568], [128.3201, 26.7573], [128.3213, 26.7571], [128.3218, 26.7581], [128.3224, 26.7583], [128.3226, 26.7592], [128.3232, 26.7596], [128.3229, 26.7595], [128.323, 26.7598], [128.3228, 26.7599], [128.3225, 26.7612], [128.3231, 26.7629], [128.3238, 26.7633], [128.3238, 26.7643], [128.3244, 26.7652], [128.3249, 26.7657], [128.3251, 26.7654], [128.3253, 26.7656], [128.3255, 26.7653], [128.3255, 26.7658], [128.3251, 26.7669], [128.3251, 26.7679], [128.3249, 26.7676], [128.3244, 26.7678], [128.3246, 26.7685], [128.3244, 26.7687], [128.3244, 26.7685], [128.3239, 26.769], [128.3232, 26.7688], [128.3226, 26.7694], [128.3222, 26.7708], [128.3224, 26.7722], [128.3213, 26.772], [128.3206, 26.7728], [128.3202, 26.7729], [128.3207, 26.7729], [128.3212, 26.7722], [128.3217, 26.772], [128.3225, 26.7725], [128.3229, 26.7731], [128.3231, 26.7729], [128.3233, 26.7733], [128.324, 26.7734], [128.3249, 26.7747], [128.325, 26.7755], [128.3248, 26.7757], [128.3255, 26.7767], [128.3253, 26.7768], [128.3255, 26.7774], [128.326, 26.7775], [128.3263, 26.7781], [128.3264, 26.7787], [128.3258, 26.7794], [128.3257, 26.7802], [128.3259, 26.7811], [128.3264, 26.7808], [128.3266, 26.7811], [128.3263, 26.7817], [128.3258, 26.7812], [128.3257, 26.7816], [128.3261, 26.7819], [128.3261, 26.7823], [128.3258, 26.782], [128.3259, 26.7825], [128.3256, 26.7825], [128.3255, 26.7822], [128.3255, 26.7826], [128.3253, 26.7826], [128.3257, 26.7839], [128.3255, 26.7839], [128.3253, 26.7834], [128.3251, 26.7836], [128.3247, 26.7836], [128.3244, 26.7838], [128.3247, 26.7842], [128.3247, 26.785], [128.3241, 26.7845], [128.3237, 26.7849], [128.3238, 26.7851], [128.3235, 26.7851], [128.3233, 26.7865], [128.3235, 26.7872], [128.323, 26.7876], [128.3237, 26.7876], [128.3227, 26.7889], [128.3223, 26.7888], [128.3219, 26.7891], [128.3214, 26.7887], [128.3211, 26.7889], [128.3206, 26.7887], [128.3202, 26.789], [128.3198, 26.789], [128.3202, 26.7891], [128.3204, 26.7897], [128.3201, 26.7896], [128.3199, 26.7901], [128.3196, 26.7901], [128.3195, 26.7905], [128.3194, 26.7904], [128.3191, 26.7905], [128.3188, 26.7912], [128.3184, 26.7914], [128.3178, 26.791], [128.3168, 26.791], [128.3178, 26.7913], [128.3169, 26.7922], [128.3171, 26.7936], [128.3176, 26.7944], [128.318, 26.7947], [128.3185, 26.7943], [128.3192, 26.7942], [128.3191, 26.7944], [128.3196, 26.7944], [128.3199, 26.7949], [128.3204, 26.7946], [128.3203, 26.7951], [128.321, 26.7952], [128.3213, 26.7948], [128.3217, 26.7956], [128.3211, 26.7963], [128.3215, 26.7966], [128.3209, 26.7973], [128.3213, 26.798], [128.3211, 26.7979], [128.3208, 26.7981], [128.3208, 26.7987], [128.3201, 26.7985], [128.3195, 26.7991], [128.3185, 26.8031], [128.3184, 26.8039], [128.3187, 26.8043], [128.3183, 26.8043], [128.318, 26.8046], [128.3177, 26.8061], [128.3178, 26.8068], [128.3173, 26.8066], [128.3165, 26.8067], [128.3182, 26.8073], [128.318, 26.808], [128.3185, 26.8085], [128.3182, 26.8089], [128.3182, 26.8098], [128.319, 26.811], [128.3194, 26.8112], [128.3194, 26.8115], [128.3199, 26.8117], [128.3198, 26.8124], [128.32, 26.8121], [128.3203, 26.8131], [128.3195, 26.8127], [128.3195, 26.8135], [128.3189, 26.8134], [128.318, 26.8143], [128.3181, 26.8148], [128.3179, 26.8146], [128.3174, 26.8149], [128.3172, 26.816], [128.317, 26.8161], [128.3169, 26.8159], [128.317, 26.8163], [128.3167, 26.8163], [128.3171, 26.8166], [128.3164, 26.8167], [128.3161, 26.8172], [128.3156, 26.8197], [128.3145, 26.8197], [128.3143, 26.8199], [128.3147, 26.8198], [128.3162, 26.8201], [128.3162, 26.8209], [128.3166, 26.8211], [128.3163, 26.8211], [128.3161, 26.8215], [128.3163, 26.822], [128.3158, 26.8216], [128.3157, 26.822], [128.3155, 26.8217], [128.3157, 26.8215], [128.3154, 26.8217], [128.3152, 26.8212], [128.3141, 26.8213], [128.312, 26.8222], [128.3102, 26.8235], [128.3088, 26.8233], [128.3103, 26.8238], [128.3093, 26.8241], [128.3087, 26.8249], [128.3088, 26.8255], [128.3086, 26.826], [128.3075, 26.8273], [128.3068, 26.8271], [128.3064, 26.8274], [128.3056, 26.8285], [128.3055, 26.8297], [128.3047, 26.8307], [128.3047, 26.8314], [128.305, 26.8329], [128.3065, 26.8347], [128.3066, 26.8357], [128.3059, 26.8362], [128.3065, 26.8365], [128.3064, 26.837], [128.306, 26.8375], [128.3061, 26.8381], [128.3064, 26.8382], [128.3066, 26.8385], [128.3064, 26.8392], [128.3061, 26.8392], [128.306, 26.8399], [128.3054, 26.8401], [128.3055, 26.8409], [128.3051, 26.8409], [128.3049, 26.8413], [128.3057, 26.8416], [128.3053, 26.8419], [128.3057, 26.842], [128.3057, 26.8425], [128.306, 26.8429], [128.3062, 26.8428], [128.3065, 26.8436], [128.306, 26.8436], [128.3061, 26.844], [128.3059, 26.8441], [128.3059, 26.8447], [128.3057, 26.8445], [128.3053, 26.8448], [128.3049, 26.8447], [128.3048, 26.8453], [128.3043, 26.8453], [128.3039, 26.846], [128.3033, 26.8457], [128.3033, 26.8452], [128.303, 26.8452], [128.3024, 26.8459], [128.3023, 26.8457], [128.3018, 26.8456], [128.3016, 26.8466], [128.3014, 26.846], [128.3004, 26.8459], [128.3006, 26.8463], [128.3005, 26.847], [128.2997, 26.8463], [128.2995, 26.8464], [128.2994, 26.8461], [128.2991, 26.8463], [128.2988, 26.846], [128.2985, 26.846], [128.2985, 26.8463], [128.298, 26.8461], [128.298, 26.8463], [128.2971, 26.8456], [128.2967, 26.8457], [128.296, 26.8449], [128.2961, 26.8444], [128.2949, 26.8455], [128.295, 26.846], [128.2948, 26.8455], [128.2935, 26.8465], [128.296, 26.8444], [128.2962, 26.8439], [128.296, 26.8437], [128.2952, 26.8441], [128.295, 26.8439], [128.2955, 26.8433], [128.2956, 26.8425], [128.295, 26.842], [128.2934, 26.8418], [128.2931, 26.841], [128.2923, 26.8407], [128.2919, 26.8408], [128.2916, 26.8402], [128.2912, 26.8401], [128.2917, 26.8408], [128.2926, 26.8413], [128.2901, 26.8418], [128.2896, 26.843], [128.2898, 26.8434], [128.2901, 26.8434], [128.2901, 26.8446], [128.2894, 26.8446], [128.2894, 26.8452], [128.2921, 26.8452], [128.2922, 26.8455], [128.2894, 26.8455], [128.2898, 26.8464], [128.2891, 26.8462], [128.2887, 26.8464], [128.2885, 26.8473], [128.2877, 26.8468], [128.287, 26.847], [128.2862, 26.8463], [128.2857, 26.8463], [128.2862, 26.8464], [128.2865, 26.8468], [128.2843, 26.8479], [128.2825, 26.85], [128.2825, 26.8504], [128.2824, 26.85], [128.2821, 26.8498], [128.2819, 26.8501], [128.2805, 26.8509], [128.2802, 26.8518], [128.2812, 26.854], [128.2812, 26.8551], [128.281, 26.8554], [128.2804, 26.8557], [128.2802, 26.8562], [128.2799, 26.8562], [128.2791, 26.8559], [128.2786, 26.856], [128.2785, 26.8557], [128.2777, 26.856], [128.2776, 26.8557], [128.278, 26.8553], [128.2775, 26.8555], [128.2768, 26.855], [128.276, 26.8552], [128.277, 26.8552], [128.2774, 26.8561], [128.2735, 26.8576], [128.2731, 26.858], [128.2731, 26.8585], [128.2718, 26.8587], [128.2715, 26.8592], [128.2707, 26.8587], [128.2698, 26.8592], [128.2685, 26.8604], [128.2682, 26.862], [128.2675, 26.8625], [128.2679, 26.8631], [128.267, 26.8631], [128.2659, 26.8639], [128.2653, 26.8635], [128.2638, 26.8647], [128.2634, 26.8646], [128.2635, 26.865], [128.2619, 26.8664], [128.2616, 26.8675], [128.2618, 26.8684], [128.2616, 26.8685], [128.2622, 26.8705], [128.2624, 26.8704], [128.2623, 26.8706], [128.2629, 26.871], [128.2631, 26.8715], [128.264, 26.8716], [128.2641, 26.8719], [128.2651, 26.8722], [128.2658, 26.872], [128.2648, 26.8733], [128.2635, 26.8742], [128.2625, 26.8743], [128.2624, 26.874], [128.2621, 26.8741], [128.262, 26.8743], [128.2612, 26.8746], [128.2605, 26.8746], [128.2588, 26.8752], [128.2586, 26.875], [128.2582, 26.8754], [128.2574, 26.8757], [128.2572, 26.8754], [128.2581, 26.875], [128.2566, 26.8753], [128.2566, 26.875], [128.2562, 26.875], [128.2562, 26.8748], [128.2561, 26.8749], [128.2558, 26.8746], [128.2555, 26.8746], [128.2555, 26.8741], [128.2553, 26.8742], [128.2548, 26.8737], [128.2546, 26.8738], [128.2538, 26.8723], [128.2537, 26.8726], [128.2518, 26.8713], [128.2522, 26.871], [128.252, 26.8708], [128.2512, 26.8706], [128.2504, 26.8712], [128.2498, 26.871], [128.2498, 26.8706], [128.2494, 26.8706], [128.2478, 26.8689], [128.2471, 26.8685], [128.2461, 26.8669], [128.2455, 26.8651], [128.246, 26.8646], [128.2456, 26.8642], [128.2452, 26.8641], [128.2452, 26.8634], [128.2444, 26.8615], [128.2447, 26.8608], [128.2444, 26.8603], [128.2441, 26.8587], [128.2457, 26.8558], [128.2462, 26.8556], [128.2464, 26.8546], [128.2492, 26.8537], [128.2499, 26.8537], [128.2515, 26.8519], [128.2513, 26.8517], [128.2516, 26.8518], [128.2521, 26.8515], [128.2528, 26.8514], [128.2533, 26.8509], [128.2535, 26.8501], [128.253, 26.8501], [128.2525, 26.8499], [128.2532, 26.85], [128.2533, 26.8482], [128.2524, 26.8482], [128.2518, 26.8502], [128.2513, 26.8505], [128.2516, 26.8501], [128.2523, 26.8481], [128.2536, 26.8482], [128.2534, 26.8439], [128.2529, 26.841], [128.2523, 26.8396], [128.2512, 26.8389], [128.2506, 26.8379], [128.2487, 26.8373], [128.2487, 26.837], [128.249, 26.8368], [128.2484, 26.8359], [128.2484, 26.8353], [128.2463, 26.8314], [128.2456, 26.8308], [128.2445, 26.8309], [128.2439, 26.8294], [128.244, 26.829], [128.2437, 26.828], [128.2434, 26.828], [128.243, 26.8273], [128.2437, 26.8266], [128.2441, 26.8256], [128.2439, 26.825], [128.2442, 26.8249], [128.2439, 26.825], [128.2423, 26.8224], [128.2416, 26.822], [128.2409, 26.8212], [128.2394, 26.8204], [128.2381, 26.8182], [128.2374, 26.8159], [128.2365, 26.8152], [128.236, 26.8144], [128.2354, 26.8142], [128.2348, 26.8127], [128.2341, 26.812], [128.2337, 26.8106], [128.2342, 26.8098], [128.2343, 26.809], [128.2328, 26.8066], [128.2321, 26.8061], [128.232, 26.8057], [128.2314, 26.8051], [128.2311, 26.8052], [128.2306, 26.804], [128.2308, 26.8028], [128.2305, 26.8021], [128.2314, 26.8008], [128.2324, 26.7999], [128.232, 26.7981], [128.2323, 26.7977], [128.2314, 26.7973], [128.228, 26.7977], [128.2262, 26.7972], [128.2253, 26.7959], [128.2249, 26.7942], [128.2247, 26.7921], [128.2242, 26.791], [128.2239, 26.7894], [128.2234, 26.7886], [128.2224, 26.7879], [128.2215, 26.7876], [128.2207, 26.7882], [128.2204, 26.7878], [128.2207, 26.7876], [128.2206, 26.7871], [128.2193, 26.7856], [128.2186, 26.7843], [128.2169, 26.7838], [128.2169, 26.7835], [128.2163, 26.7833], [128.2159, 26.7826], [128.2143, 26.7819], [128.2125, 26.7796], [128.2099, 26.7773], [128.2053, 26.7751], [128.205, 26.7751], [128.2047, 26.7754], [128.2045, 26.7732], [128.2051, 26.7694], [128.2042, 26.7679], [128.2045, 26.7677], [128.2045, 26.7672], [128.2039, 26.7664], [128.2037, 26.7662], [128.2036, 26.7665], [128.2042, 26.7667], [128.2044, 26.7673], [128.2041, 26.7678], [128.2036, 26.7668], [128.2025, 26.766], [128.2007, 26.7662], [128.199, 26.7661], [128.1988, 26.7674], [128.1978, 26.768], [128.1981, 26.7674], [128.1976, 26.7665], [128.1965, 26.7659], [128.1956, 26.7646], [128.1917, 26.7626], [128.1906, 26.7617], [128.1893, 26.7602], [128.1891, 26.7573], [128.188, 26.7559], [128.1881, 26.7553], [128.1878, 26.7539], [128.1872, 26.7529], [128.1869, 26.7529], [128.1852, 26.7508], [128.1843, 26.7501], [128.1844, 26.7494], [128.184, 26.7499], [128.1823, 26.749], [128.1822, 26.7484], [128.182, 26.7488], [128.1798, 26.7482], [128.1793, 26.7483], [128.1793, 26.7492], [128.1778, 26.7495], [128.1779, 26.7493], [128.1792, 26.7491], [128.1792, 26.7481], [128.1777, 26.7482], [128.1779, 26.749], [128.1777, 26.7484], [128.1771, 26.7485], [128.1769, 26.7481], [128.1763, 26.7481], [128.1762, 26.7484], [128.1763, 26.7481], [128.1758, 26.748], [128.1755, 26.7476], [128.1755, 26.7483], [128.1749, 26.7482], [128.1754, 26.7482], [128.1755, 26.7477], [128.1722, 26.747], [128.1719, 26.7466], [128.1702, 26.7461], [128.1654, 26.7435], [128.1623, 26.7429], [128.1591, 26.7426], [128.1574, 26.7427], [128.1567, 26.7432], [128.1571, 26.7435], [128.1569, 26.7436], [128.1571, 26.7441], [128.1564, 26.7443], [128.1563, 26.7457], [128.1555, 26.7452], [128.1547, 26.7451], [128.1537, 26.7454], [128.1533, 26.7459], [128.153, 26.7459], [128.1529, 26.7452], [128.152, 26.7448], [128.1524, 26.7443], [128.1517, 26.7435], [128.1514, 26.7426], [128.1505, 26.7413], [128.1515, 26.7406], [128.1527, 26.7408], [128.1534, 26.7413], [128.1548, 26.741], [128.1566, 26.739], [128.1598, 26.7335], [128.1606, 26.7301], [128.1604, 26.7281], [128.1641, 26.729], [128.1646, 26.7296], [128.1646, 26.7305], [128.1648, 26.7295], [128.1652, 26.7293], [128.1681, 26.7304], [128.1689, 26.7305], [128.1686, 26.7301], [128.1642, 26.7286], [128.1606, 26.7278], [128.1606, 26.7256], [128.1597, 26.7227], [128.1595, 26.7224], [128.1589, 26.7228], [128.1594, 26.7224], [128.1588, 26.7215], [128.1585, 26.7217], [128.1583, 26.7215], [128.1578, 26.7218], [128.1583, 26.7229], [128.1578, 26.7218], [128.1586, 26.7213], [128.1582, 26.7206], [128.1562, 26.7182], [128.1556, 26.718], [128.1548, 26.7179], [128.1547, 26.7172], [128.1549, 26.717], [128.1557, 26.7168], [128.1563, 26.717], [128.1573, 26.717], [128.1577, 26.716], [128.1582, 26.7161], [128.1586, 26.7154], [128.1595, 26.7147], [128.1603, 26.7145], [128.1612, 26.7135], [128.1619, 26.7132], [128.1634, 26.7131], [128.1649, 26.7134], [128.1654, 26.7128], [128.1663, 26.7126], [128.1668, 26.7118], [128.1671, 26.7116], [128.1675, 26.7119], [128.1684, 26.7117], [128.1685, 26.7111], [128.1697, 26.7106], [128.1701, 26.7098], [128.1709, 26.709], [128.1711, 26.7082], [128.1728, 26.7061], [128.1731, 26.7059], [128.1736, 26.7063], [128.1744, 26.7064], [128.176, 26.7053], [128.1767, 26.7043], [128.1778, 26.7046], [128.1788, 26.7043], [128.1791, 26.7046], [128.1797, 26.7046], [128.1808, 26.7041], [128.1814, 26.7035], [128.1823, 26.7036], [128.1834, 26.7033], [128.1857, 26.702], [128.1864, 26.7014], [128.1886, 26.7005], [128.1892, 26.7], [128.1903, 26.6999], [128.1903, 26.6992], [128.1911, 26.6988], [128.1912, 26.6981], [128.1919, 26.6972], [128.1927, 26.6968], [128.1941, 26.695], [128.1956, 26.6943], [128.1961, 26.6932], [128.1965, 26.693], [128.1975, 26.6916], [128.1987, 26.6908], [128.1989, 26.69], [128.2001, 26.6894]]]}, "properties": {"name": "沖縄県国頭村"}}, {"type": "Feature", "geometry": {"type": "Polygon", "coordinates": [[[128.0988, 26.6146], [128.0996, 26.6139], [128.0996, 26.6129], [128.0988, 26.6122], [128.0986, 26.6118], [128.098, 26.6117], [128.0978, 26.6114], [128.0973, 26.6111], [128.0963, 26.6114], [128.096, 26.6112], [128.0954, 26.6102], [128.0956, 26.6093], [128.096, 26.6092], [128.0962, 26.6088], [128.0976, 26.6079], [128.1006, 26.6064], [128.1015, 26.6047], [128.1023, 26.6041], [128.103, 26.602], [128.1033, 26.602], [128.1042, 26.6026], [128.1047, 26.6027], [128.1067, 26.601], [128.1084, 26.6006], [128.1085, 26.5999], [128.1088, 26.5996], [128.1097, 26.5995], [128.1102, 26.6002], [128.1114, 26.6002], [128.1115, 26.5997], [128.1123, 26.5994], [128.1126, 26.5988], [128.1123, 26.5962], [128.1127, 26.595], [128.1135, 26.5944], [128.1167, 26.5934], [128.1169, 26.593], [128.1175, 26.5926], [128.1168, 26.5916], [128.1174, 26.5905], [128.1183, 26.5904], [128.1202, 26.5893], [128.1209, 26.5894], [128.122, 26.5901], [128.1225, 26.59], [128.1233, 26.5902], [128.1242, 26.5899], [128.1253, 26.5908], [128.1267, 26.591], [128.1285, 26.5928], [128.1273, 26.5953], [128.1273, 26.5958], [128.1276, 26.5959], [128.1273, 26.596], [128.1271, 26.5967], [128.1259, 26.5983], [128.125, 26.6005], [128.1236, 26.6031], [128.1236, 26.6039], [128.1233, 26.6043], [128.1237, 26.6042], [128.124, 26.6032], [128.125, 26.6032], [128.1259, 26.6027], [128.1264, 26.6029], [128.1269, 26.6028], [128.128, 26.6018], [128.1294, 26.6015], [128.1301, 26.6011], [128.1302, 26.6008], [128.1313, 26.6006], [128.1322, 26.6011], [128.1331, 26.6012], [128.1339, 26.6009], [128.1342, 26.6006], [128.1343, 26.6009], [128.1351, 26.601], [128.1356, 26.6006], [128.1359, 26.6008], [128.1358, 26.5994], [128.1359, 26.5999], [128.1376, 26.5998], [128.1376, 26.6001], [128.1386, 26.6], [128.1382, 26.599], [128.1359, 26.5987], [128.1382, 26.5989], [128.1386, 26.5995], [128.1386, 26.6005], [128.1388, 26.6007], [128.139, 26.6006], [128.139, 26.601], [128.1397, 26.6012], [128.141, 26.6011], [128.1427, 26.6028], [128.1436, 26.6035], [128.1442, 26.6036], [128.1422, 26.6014], [128.1412, 26.601], [128.141, 26.6003], [128.1412, 26.6002], [128.1413, 26.5996], [128.1409, 26.599], [128.1416, 26.5992], [128.1419, 26.5989], [128.1431, 26.5989], [128.1454, 26.5982], [128.1472, 26.5982], [128.1473, 26.5979], [128.1476, 26.5981], [128.1489, 26.598], [128.1501, 26.5975], [128.1507, 26.5978], [128.1515, 26.5974], [128.1521, 26.5976], [128.1521, 26.5982], [128.1517, 26.5981], [128.1517, 26.5984], [128.1514, 26.5983], [128.1515, 26.5989], [128.1513, 26.5988], [128.1511, 26.5997], [128.1511, 26.6005], [128.1518, 26.6009], [128.1514, 26.6011], [128.1516, 26.602], [128.1521, 26.6024], [128.1526, 26.6023], [128.153, 26.603], [128.1532, 26.6044], [128.1536, 26.6049], [128.155, 26.6056], [128.1551, 26.6089], [128.1544, 26.6096], [128.1544, 26.61], [128.1536, 26.6113], [128.1532, 26.6132], [128.1526, 26.6136], [128.1524, 26.614], [128.152, 26.6141], [128.1499, 26.6133], [128.1506, 26.6137], [128.1495, 26.6144], [128.1489, 26.6159], [128.149, 26.6169], [128.1496, 26.6172], [128.1478, 26.6189], [128.1467, 26.6212], [128.1457, 26.6219], [128.1455, 26.6224], [128.1461, 26.6257], [128.1468, 26.6273], [128.1474, 26.6279], [128.1477, 26.6278], [128.1478, 26.6291], [128.1497, 26.6299], [128.149, 26.63], [128.1498, 26.6299], [128.1495, 26.6297], [128.1508, 26.6304], [128.1523, 26.6307], [128.1571, 26.6302], [128.1583, 26.6306], [128.1598, 26.6307], [128.1605, 26.6299], [128.1613, 26.6297], [128.1622, 26.6292], [128.1624, 26.6287], [128.1628, 26.6289], [128.163, 26.6286], [128.1633, 26.6288], [128.1647, 26.6288], [128.1654, 26.6286], [128.1656, 26.6275], [128.1663, 26.6276], [128.1656, 26.6276], [128.1655, 26.6283], [128.1674, 26.6286], [128.1673, 26.6277], [128.1663, 26.6272], [128.1674, 26.6276], [128.1674, 26.6283], [128.1692, 26.6284], [128.1694, 26.6288], [128.1693, 26.6283], [128.1699, 26.6284], [128.1711, 26.628], [128.1728, 26.6278], [128.1741, 26.6273], [128.1741, 26.6275], [128.1745, 26.6266], [128.1759, 26.6261], [128.1787, 26.6256], [128.1787, 26.6266], [128.1791, 26.6254], [128.1797, 26.6246], [128.1808, 26.6246], [128.1808, 26.6243], [128.181, 26.6245], [128.1814, 26.6241], [128.1822, 26.6241], [128.1825, 26.6237], [128.1832, 26.6241], [128.1838, 26.6239], [128.1844, 26.6242], [128.1856, 26.6242], [128.1888, 26.6249], [128.1898, 26.6247], [128.1909, 26.625], [128.1915, 26.625], [128.1917, 26.6248], [128.1923, 26.625], [128.1951, 26.6247], [128.198, 26.6258], [128.1987, 26.6257], [128.2, 26.626], [128.2003, 26.626], [128.2013, 26.6247], [128.2014, 26.6249], [128.2019, 26.6248], [128.2022, 26.6257], [128.2025, 26.6259], [128.2041, 26.6259], [128.2049, 26.6253], [128.2056, 26.6253], [128.2059, 26.6254], [128.2062, 26.6253], [128.2065, 26.6256], [128.2073, 26.6257], [128.2076, 26.6261], [128.2085, 26.6263], [128.2091, 26.6262], [128.2104, 26.6269], [128.2113, 26.6264], [128.2125, 26.6264], [128.2126, 26.6261], [128.213, 26.6267], [128.2135, 26.6267], [128.2144, 26.6273], [128.215, 26.6283], [128.2165, 26.629], [128.2171, 26.6291], [128.218, 26.6289], [128.2183, 26.6291], [128.2189, 26.6289], [128.2208, 26.6296], [128.2211, 26.6292], [128.2215, 26.6295], [128.2216, 26.6293], [128.222, 26.6295], [128.2224, 26.629], [128.2228, 26.6291], [128.2233, 26.6287], [128.2237, 26.6292], [128.2234, 26.6297], [128.2241, 26.6296], [128.2239, 26.6299], [128.2244, 26.6303], [128.2262, 26.63], [128.2273, 26.6305], [128.228, 26.6312], [128.2292, 26.6314], [128.2316, 26.6316], [128.232, 26.6314], [128.2321, 26.6306], [128.2326, 26.6305], [128.2327, 26.6309], [128.233, 26.6307], [128.233, 26.6309], [128.2335, 26.631], [128.2338, 26.6308], [128.2344, 26.6308], [128.2345, 26.6305], [128.2353, 26.6305], [128.2367, 26.6315], [128.2377, 26.6318], [128.2379, 26.6321], [128.238, 26.6319], [128.2382, 26.6323], [128.2384, 26.6318], [128.2385, 26.6326], [128.2391, 26.6332], [128.2387, 26.6336], [128.2388, 26.6345], [128.2395, 26.6349], [128.2405, 26.6344], [128.2406, 26.6354], [128.2402, 26.636], [128.2406, 26.6366], [128.241, 26.6368], [128.2423, 26.6365], [128.2434, 26.6369], [128.2436, 26.6373], [128.2445, 26.6376], [128.2444, 26.6386], [128.2435, 26.6393], [128.2435, 26.6396], [128.244, 26.6404], [128.2444, 26.6405], [128.2447, 26.6402], [128.2457, 26.6408], [128.2456, 26.6411], [128.246, 26.6412], [128.246, 26.6414], [128.2464, 26.6413], [128.2465, 26.6418], [128.2462, 26.642], [128.2466, 26.6431], [128.2476, 26.6437], [128.2491, 26.6432], [128.25, 26.6432], [128.2512, 26.6453], [128.2516, 26.6452], [128.2518, 26.6454], [128.252, 26.646], [128.2514, 26.6473], [128.2526, 26.6481], [128.2522, 26.6492], [128.2514, 26.65], [128.2514, 26.6504], [128.2513, 26.6502], [128.2509, 26.6507], [128.251, 26.6516], [128.2524, 26.6534], [128.2535, 26.6535], [128.2541, 26.6542], [128.2546, 26.6542], [128.2548, 26.6545], [128.2552, 26.6542], [128.2559, 26.6552], [128.256, 26.6563], [128.2557, 26.6563], [128.2556, 26.6566], [128.2563, 26.658], [128.2563, 26.659], [128.2568, 26.6598], [128.2569, 26.6592], [128.2574, 26.6589], [128.258, 26.659], [128.2589, 26.6584], [128.2595, 26.6573], [128.2598, 26.6581], [128.26, 26.6574], [128.261, 26.6583], [128.2608, 26.6586], [128.2614, 26.6595], [128.2622, 26.6597], [128.2627, 26.6594], [128.2636, 26.6595], [128.2638, 26.6593], [128.2639, 26.6602], [128.2632, 26.6612], [128.2635, 26.6622], [128.2647, 26.6632], [128.2653, 26.6647], [128.2651, 26.6646], [128.2652, 26.6651], [128.2649, 26.6654], [128.2649, 26.6663], [128.2646, 26.6667], [128.2647, 26.6677], [128.2625, 26.6682], [128.2614, 26.6681], [128.2603, 26.6686], [128.2602, 26.6698], [128.2593, 26.67], [128.2584, 26.6709], [128.2581, 26.6717], [128.2571, 26.6729], [128.2557, 26.6742], [128.2556, 26.6756], [128.2547, 26.6764], [128.2527, 26.6775], [128.2523, 26.6786], [128.251, 26.6794], [128.2508, 26.6822], [128.2504, 26.6839], [128.25, 26.6848], [128.25, 26.6862], [128.2486, 26.6873], [128.2479, 26.6871], [128.246, 26.6873], [128.2456, 26.6883], [128.2448, 26.6887], [128.2438, 26.6897], [128.2438, 26.69], [128.2442, 26.6905], [128.244, 26.6922], [128.2433, 26.6935], [128.2436, 26.6944], [128.2434, 26.6957], [128.2428, 26.6973], [128.2418, 26.6978], [128.2414, 26.6984], [128.2423, 26.7004], [128.2424, 26.7029], [128.2412, 26.7032], [128.2407, 26.7031], [128.239, 26.7022], [128.2382, 26.7036], [128.2373, 26.7035], [128.2356, 26.7044], [128.235, 26.7042], [128.2347, 26.7044], [128.2338, 26.7036], [128.2325, 26.7039], [128.2324, 26.7045], [128.2316, 26.7046], [128.2304, 26.7052], [128.2297, 26.706], [128.2284, 26.7058], [128.2277, 26.7068], [128.2263, 26.706], [128.2259, 26.707], [128.2251, 26.7075], [128.2241, 26.7075], [128.2233, 26.7084], [128.2221, 26.7086], [128.2219, 26.7082], [128.2222, 26.7067], [128.2207, 26.7066], [128.2205, 26.7061], [128.2214, 26.7051], [128.2214, 26.7046], [128.2203, 26.7046], [128.2195, 26.7041], [128.2187, 26.7042], [128.2181, 26.7037], [128.2175, 26.7036], [128.2164, 26.7026], [128.2151, 26.7028], [128.2151, 26.7023], [128.2144, 26.7017], [128.2148, 26.7009], [128.214, 26.7002], [128.2127, 26.7011], [128.2121, 26.7002], [128.2113, 26.7002], [128.2109, 26.6996], [128.2104, 26.6998], [128.2102, 26.6995], [128.2087, 26.6991], [128.2084, 26.6988], [128.2087, 26.6985], [128.2085, 26.6981], [128.2086, 26.6971], [128.2086, 26.6961], [128.2074, 26.6958], [128.2073, 26.695], [128.2065, 26.6945], [128.2063, 26.6938], [128.2067, 26.6914], [128.2063, 26.6907], [128.2062, 26.6896], [128.2056, 26.6893], [128.2039, 26.6895], [128.2033, 26.6892], [128.2021, 26.6893], [128.2012, 26.689], [128.2004, 26.6895], [128.2001, 26.6894], [128.199, 26.688], [128.1973, 26.6869], [128.1971, 26.6859], [128.193, 26.6836], [128.1929, 26.6831], [128.1933, 26.6824], [128.1923, 26.6816], [128.193, 26.6809], [128.1927, 26.6794], [128.193, 26.679], [128.1923, 26.6777], [128.1896, 26.6763], [128.1882, 26.6749], [128.1883, 26.6739], [128.1878, 26.6719], [128.1869, 26.6711], [128.1868, 26.6703], [128.1856, 26.6704], [128.1835, 26.6694], [128.1807, 26.6689], [128.1788, 26.6668], [128.1786, 26.6656], [128.1758, 26.6652], [128.175, 26.6636], [128.1744, 26.6633], [128.1735, 26.6604], [128.172, 26.6595], [128.1718, 26.658], [128.1708, 26.6573], [128.1706, 26.6564], [128.1709, 26.6556], [128.1705, 26.6552], [128.1698, 26.6551], [128.1699, 26.6538], [128.1692, 26.6536], [128.1691, 26.6525], [128.1669, 26.6514], [128.166, 26.6518], [128.1651, 26.6517], [128.1632, 26.6504], [128.1627, 26.6494], [128.1628, 26.6481], [128.161, 26.6464], [128.1586, 26.6457], [128.1582, 26.6443], [128.1577, 26.6439], [128.1572, 26.6418], [128.1567, 26.6419], [128.1552, 26.6436], [128.1533, 26.6445], [128.153, 26.6445], [128.1525, 26.6435], [128.1518, 26.6437], [128.1512, 26.6446], [128.1509, 26.6447], [128.1498, 26.644], [128.149, 26.6432], [128.1482, 26.6436], [128.1474, 26.6436], [128.147, 26.6445], [128.1458, 26.6455], [128.1449, 26.6458], [128.1448, 26.6462], [128.1452, 26.6472], [128.1445, 26.6477], [128.1432, 26.6471], [128.1426, 26.6462], [128.1391, 26.6471], [128.1387, 26.6478], [128.1373, 26.6481], [128.1364, 26.6485], [128.1349, 26.6478], [128.1334, 26.6477], [128.133, 26.6461], [128.1317, 26.6449], [128.1325, 26.6442], [128.1321, 26.6439], [128.131, 26.6423], [128.1306, 26.6418], [128.13, 26.6416], [128.1297, 26.6409], [128.1288, 26.6401], [128.1289, 26.6388], [128.1284, 26.6389], [128.1278, 26.6399], [128.1269, 26.6402], [128.1266, 26.6407], [128.1255, 26.6414], [128.1238, 26.6394], [128.1235, 26.6385], [128.123, 26.6378], [128.1219, 26.6375], [128.1217, 26.637], [128.1212, 26.637], [128.1213, 26.6363], [128.1206, 26.6359], [128.1197, 26.6358], [128.1192, 26.6361], [128.1185, 26.6356], [128.1182, 26.6345], [128.1183, 26.6329], [128.1173, 26.6303], [128.1167, 26.6295], [128.1163, 26.6293], [128.1153, 26.6298], [128.1146, 26.6314], [128.1137, 26.6319], [128.1122, 26.6316], [128.1116, 26.631], [128.1105, 26.6305], [128.1095, 26.6304], [128.1092, 26.6299], [128.1086, 26.6295], [128.1083, 26.6282], [128.1075, 26.6274], [128.1077, 26.6268], [128.1073, 26.6258], [128.108, 26.6236], [128.109, 26.6217], [128.1076, 26.6224], [128.1068, 26.622], [128.1061, 26.621], [128.1049, 26.6208], [128.1037, 26.6195], [128.103, 26.6174], [128.1019, 26.6171], [128.1014, 26.6173], [128.101, 26.6171], [128.1006, 26.6167], [128.1005, 26.6159], [128.0988, 26.615], [128.0988, 26.6146]]]}, "properties": {"name": "沖縄県東村"}}, {"type": "Feature", "geometry": {"type": "Polygon", "coordinates": [[[128.0207, 26.6867], [128.0217, 26.6943], [128.0222, 26.6945], [128.0223, 26.6951], [128.0237, 26.6954], [128.0246, 26.6964], [128.0248, 26.6975], [128.0258, 26.6993], [128.0266, 26.6999], [128.0273, 26.7], [128.0273, 26.7005], [128.0269, 26.7013], [128.0272, 26.7023], [128.027, 26.7027], [128.0274, 26.703], [128.0271, 26.7032], [128.0272, 26.7055], [128.0269, 26.7062], [128.0272, 26.7069], [128.0268, 26.7075], [128.0267, 26.7083], [128.027, 26.709], [128.0278, 26.7089], [128.028, 26.7093], [128.0275, 26.7105], [128.0272, 26.7104], [128.027, 26.7098], [128.0265, 26.7102], [128.0269, 26.7104], [128.0271, 26.711], [128.0267, 26.7109], [128.0264, 26.7114], [128.0263, 26.7112], [128.0259, 26.7115], [128.0258, 26.7112], [128.025, 26.7114], [128.0225, 26.7124], [128.0208, 26.7128], [128.0195, 26.7135], [128.0196, 26.7139], [128.0193, 26.7141], [128.0189, 26.7141], [128.019, 26.7137], [128.0184, 26.7138], [128.0184, 26.7144], [128.0174, 26.7143], [128.0171, 26.7141], [128.0165, 26.7145], [128.0159, 26.714], [128.0152, 26.7142], [128.0144, 26.7136], [128.0136, 26.714], [128.0132, 26.7138], [128.0122, 26.714], [128.0126, 26.7136], [128.0126, 26.7133], [128.0117, 26.7132], [128.0113, 26.7126], [128.0109, 26.7126], [128.0109, 26.7122], [128.0105, 26.7122], [128.0098, 26.7116], [128.0098, 26.7111], [128.0094, 26.7108], [128.0087, 26.7088], [128.0084, 26.7086], [128.0083, 26.7076], [128.0009, 26.7045], [127.9982, 26.7037], [127.998, 26.6926], [127.9973, 26.6923], [127.9967, 26.6911], [127.9956, 26.6916], [127.9922, 26.6916], [127.9888, 26.6923], [127.9881, 26.6926], [127.9877, 26.693], [127.9878, 26.6933], [127.9875, 26.6935], [127.9873, 26.6931], [127.9868, 26.693], [127.9835, 26.6937], [127.9788, 26.6957], [127.9783, 26.6963], [127.9784, 26.6976], [127.978, 26.6972], [127.9764, 26.6974], [127.976, 26.697], [127.9756, 26.6969], [127.9735, 26.6972], [127.9729, 26.6975], [127.9719, 26.6973], [127.9715, 26.6969], [127.9717, 26.6961], [127.9742, 26.692], [127.9748, 26.6915], [127.9748, 26.6909], [127.9744, 26.69], [127.9744, 26.689], [127.9752, 26.6876], [127.9753, 26.6861], [127.9758, 26.6856], [127.977, 26.6853], [127.9756, 26.6854], [127.9754, 26.6857], [127.975, 26.6857], [127.9749, 26.6876], [127.9737, 26.6893], [127.9747, 26.6872], [127.9745, 26.6871], [127.9738, 26.6881], [127.9729, 26.69], [127.9729, 26.6907], [127.9724, 26.6917], [127.9726, 26.6928], [127.9719, 26.6938], [127.9716, 26.6938], [127.9716, 26.6942], [127.9712, 26.6937], [127.9704, 26.6937], [127.9699, 26.695], [127.9693, 26.6949], [127.9689, 26.6953], [127.967, 26.696], [127.966, 26.6974], [127.9665, 26.6982], [127.9674, 26.6987], [127.9677, 26.6997], [127.9696, 26.7005], [127.9705, 26.7027], [127.9694, 26.7032], [127.9683, 26.7027], [127.9667, 26.7029], [127.9657, 26.7041], [127.9639, 26.7049], [127.9618, 26.7052], [127.9609, 26.7064], [127.9591, 26.7073], [127.9579, 26.7073], [127.9525, 26.7083], [127.9515, 26.7075], [127.951, 26.7082], [127.9506, 26.7083], [127.9502, 26.7079], [127.95, 26.7079], [127.9497, 26.7081], [127.95, 26.7084], [127.9496, 26.7085], [127.9495, 26.7083], [127.9487, 26.7082], [127.9489, 26.7077], [127.9484, 26.7076], [127.9481, 26.7058], [127.945, 26.7057], [127.9447, 26.7058], [127.9446, 26.7061], [127.9439, 26.7059], [127.9429, 26.7064], [127.9427, 26.7058], [127.9419, 26.7056], [127.9418, 26.7051], [127.9415, 26.7052], [127.9415, 26.705], [127.941, 26.705], [127.9408, 26.7052], [127.9405, 26.7049], [127.9386, 26.7051], [127.9383, 26.705], [127.9383, 26.7045], [127.9373, 26.7039], [127.9365, 26.7038], [127.9346, 26.7039], [127.9344, 26.7035], [127.9353, 26.7031], [127.9355, 26.7023], [127.9353, 26.7022], [127.9351, 26.703], [127.9339, 26.7026], [127.9318, 26.7027], [127.9318, 26.7023], [127.9323, 26.7017], [127.9321, 26.7016], [127.9315, 26.7021], [127.932, 26.7032], [127.9313, 26.7045], [127.9288, 26.7043], [127.9274, 26.7046], [127.9268, 26.7042], [127.9258, 26.7042], [127.9257, 26.7029], [127.9249, 26.7025], [127.9258, 26.7014], [127.9248, 26.7025], [127.9224, 26.7024], [127.9202, 26.7019], [127.9185, 26.702], [127.9191, 26.6983], [127.9188, 26.6973], [127.9194, 26.6941], [127.9193, 26.6915], [127.9188, 26.6904], [127.9193, 26.69], [127.9202, 26.6884], [127.9195, 26.6868], [127.9176, 26.6848], [127.9173, 26.6833], [127.9178, 26.6829], [127.9209, 26.6827], [127.9231, 26.6823], [127.9231, 26.6814], [127.9236, 26.6804], [127.9252, 26.6785], [127.9251, 26.677], [127.9277, 26.6747], [127.9294, 26.6743], [127.9296, 26.6741], [127.9298, 26.6733], [127.9295, 26.6722], [127.9314, 26.6715], [127.9329, 26.6713], [127.9346, 26.6714], [127.9357, 26.6699], [127.9372, 26.67], [127.9377, 26.6705], [127.9395, 26.6708], [127.94, 26.6712], [127.9421, 26.6714], [127.9428, 26.6709], [127.9451, 26.6716], [127.9454, 26.6702], [127.9464, 26.6691], [127.949, 26.6677], [127.9492, 26.6673], [127.949, 26.6667], [127.9496, 26.6662], [127.95, 26.6666], [127.9508, 26.6666], [127.953, 26.6677], [127.9532, 26.6684], [127.9542, 26.6697], [127.9551, 26.6703], [127.9564, 26.6707], [127.9576, 26.6702], [127.9583, 26.6695], [127.9588, 26.668], [127.9585, 26.667], [127.9584, 26.6657], [127.9588, 26.6643], [127.9586, 26.6597], [127.959, 26.6584], [127.9597, 26.6579], [127.9602, 26.6569], [127.9601, 26.6561], [127.9604, 26.6547], [127.9598, 26.654], [127.9596, 26.653], [127.9617, 26.6512], [127.9618, 26.6496], [127.9629, 26.6488], [127.9626, 26.648], [127.9629, 26.6472], [127.9626, 26.6464], [127.9614, 26.6456], [127.9609, 26.6444], [127.9603, 26.6442], [127.96, 26.6433], [127.9602, 26.6428], [127.9591, 26.6409], [127.9591, 26.6393], [127.9609, 26.6395], [127.9624, 26.639], [127.9634, 26.6396], [127.964, 26.6405], [127.9649, 26.6404], [127.9665, 26.6382], [127.9679, 26.6381], [127.9692, 26.6368], [127.9698, 26.6357], [127.9719, 26.6377], [127.972, 26.6387], [127.9728, 26.6394], [127.973, 26.64], [127.9732, 26.6402], [127.9741, 26.6402], [127.9746, 26.6414], [127.9752, 26.6414], [127.9757, 26.6408], [127.9757, 26.6396], [127.9762, 26.6391], [127.9763, 26.6381], [127.9778, 26.637], [127.9781, 26.6373], [127.9796, 26.6376], [127.9812, 26.639], [127.9818, 26.6382], [127.9832, 26.6386], [127.9842, 26.6394], [127.9858, 26.6395], [127.9857, 26.6403], [127.9863, 26.6405], [127.9864, 26.6414], [127.9871, 26.642], [127.9872, 26.6429], [127.9877, 26.6436], [127.9891, 26.6484], [127.9896, 26.6487], [127.9911, 26.6485], [127.9939, 26.6488], [127.9945, 26.649], [127.9949, 26.6496], [127.9949, 26.6507], [127.9927, 26.6611], [127.9928, 26.6614], [127.994, 26.6627], [127.9941, 26.6642], [127.9937, 26.6662], [127.9948, 26.6674], [127.9949, 26.6678], [127.9943, 26.67], [127.9943, 26.6713], [127.9963, 26.6732], [127.9982, 26.6762], [128.001, 26.6768], [128.0044, 26.6784], [128.0057, 26.6792], [128.0096, 26.6824], [128.0132, 26.6845], [128.0192, 26.6866], [128.0207, 26.6867]]]}, "properties": {"name": "沖縄県今帰仁村"}}, {"type": "Feature", "geometry": {"type": "MultiPolygon", "coordinates": [[[[127.9591, 26.6393], [127.9591, 26.6409], [127.9602, 26.6428], [127.96, 26.6433], [127.9603, 26.6442], [127.9609, 26.6444], [127.9614, 26.6456], [127.9626, 26.6464], [127.9629, 26.6472], [127.9626, 26.648], [127.9629, 26.6488], [127.9618, 26.6496], [127.9617, 26.6512], [127.9596, 26.653], [127.9598, 26.654], [127.9604, 26.6547], [127.9601, 26.6561], [127.9602, 26.6569], [127.9597, 26.6579], [127.959, 26.6584], [127.9586, 26.6597], [127.9588, 26.6643], [127.9584, 26.6657], [127.9585, 26.667], [127.9588, 26.668], [127.9583, 26.6695], [127.9576, 26.6702], [127.9564, 26.6707], [127.9551, 26.6703], [127.9542, 26.6697], [127.9532, 26.6684], [127.953, 26.6677], [127.9508, 26.6666], [127.95, 26.6666], [127.9496, 26.6662], [127.949, 26.6667], [127.9492, 26.6673], [127.949, 26.6677], [127.9464, 26.6691], [127.9454, 26.6702], [127.9451, 26.6716], [127.9428, 26.6709], [127.9421, 26.6714], [127.94, 26.6712], [127.9395, 26.6708], [127.9377, 26.6705], [127.9372, 26.67], [127.9357, 26.6699], [127.9346, 26.6714], [127.9329, 26.6713], [127.9314, 26.6715], [127.9295, 26.6722], [127.9298, 26.6733], [127.9296, 26.6741], [127.9294, 26.6743], [127.9277, 26.6747], [127.9251, 26.677], [127.9252, 26.6785], [127.9236, 26.6804], [127.9231, 26.6814], [127.9231, 26.6823], [127.9209, 26.6827], [127.9178, 26.6829], [127.9173, 26.6833], [127.9176, 26.6848], [127.9195, 26.6868], [127.9202, 26.6884], [127.9193, 26.69], [127.9188, 26.6904], [127.9193, 26.6915], [127.9194, 26.6941], [127.9188, 26.6973], [127.9191, 26.6983], [127.9185, 26.702], [127.9167, 26.7019], [127.9163, 26.7023], [127.9163, 26.7026], [127.9153, 26.7032], [127.9145, 26.7033], [127.9141, 26.703], [127.9135, 26.7031], [127.9134, 26.7029], [127.9124, 26.7024], [127.9112, 26.7024], [127.9108, 26.7021], [127.9107, 26.7019], [127.911, 26.7014], [127.911, 26.7009], [127.9108, 26.7013], [127.9097, 26.7009], [127.9095, 26.7001], [127.9087, 26.6994], [127.9078, 26.6991], [127.9059, 26.699], [127.9055, 26.6987], [127.9057, 26.6985], [127.9054, 26.6988], [127.9056, 26.699], [127.9036, 26.699], [127.9024, 26.6995], [127.9027, 26.7005], [127.9014, 26.701], [127.9013, 26.7014], [127.9016, 26.7032], [127.8991, 26.7035], [127.8995, 26.7034], [127.8994, 26.7026], [127.8995, 26.7029], [127.9011, 26.7027], [127.9009, 26.7017], [127.8999, 26.7019], [127.8999, 26.7016], [127.8993, 26.7017], [127.8993, 26.7021], [127.8992, 26.7018], [127.8983, 26.7016], [127.8966, 26.7016], [127.8954, 26.7023], [127.8937, 26.7026], [127.8926, 26.7041], [127.8918, 26.7041], [127.8916, 26.7039], [127.8895, 26.7041], [127.8887, 26.7046], [127.8883, 26.7053], [127.8874, 26.7056], [127.886, 26.7067], [127.8856, 26.7072], [127.8859, 26.7074], [127.8857, 26.708], [127.8854, 26.7078], [127.8849, 26.7083], [127.8846, 26.7082], [127.8832, 26.7086], [127.8827, 26.7089], [127.8825, 26.7094], [127.8821, 26.7093], [127.88, 26.7098], [127.8796, 26.7089], [127.8802, 26.7065], [127.8801, 26.7034], [127.8792, 26.7009], [127.8789, 26.7006], [127.8785, 26.7007], [127.8789, 26.7005], [127.8786, 26.6997], [127.878, 26.6994], [127.8773, 26.6994], [127.8769, 26.6996], [127.8768, 26.7002], [127.8765, 26.6994], [127.8766, 26.6993], [127.8769, 26.6994], [127.877, 26.6991], [127.8767, 26.6978], [127.877, 26.6978], [127.8772, 26.6982], [127.8777, 26.6982], [127.8781, 26.6977], [127.8781, 26.6971], [127.8774, 26.6959], [127.877, 26.6957], [127.8769, 26.6952], [127.8766, 26.6951], [127.8765, 26.6948], [127.8767, 26.6946], [127.8766, 26.6944], [127.8767, 26.6946], [127.8762, 26.6948], [127.8759, 26.6943], [127.8756, 26.6943], [127.8745, 26.6925], [127.8745, 26.6922], [127.8742, 26.6922], [127.8743, 26.6915], [127.8739, 26.6907], [127.8739, 26.6886], [127.8737, 26.6881], [127.874, 26.6874], [127.874, 26.6859], [127.8744, 26.6851], [127.8742, 26.6847], [127.8751, 26.6841], [127.8756, 26.6841], [127.8767, 26.6835], [127.878, 26.6825], [127.8796, 26.6817], [127.8803, 26.6806], [127.8821, 26.6798], [127.8828, 26.6793], [127.8833, 26.678], [127.883, 26.6788], [127.884, 26.6791], [127.8842, 26.6784], [127.884, 26.6782], [127.8842, 26.6783], [127.885, 26.6773], [127.8841, 26.6771], [127.8842, 26.6768], [127.8839, 26.6767], [127.8837, 26.6769], [127.8835, 26.676], [127.8831, 26.6759], [127.8835, 26.676], [127.8846, 26.6755], [127.8849, 26.6747], [127.8851, 26.6733], [127.885, 26.6747], [127.8856, 26.6745], [127.8849, 26.676], [127.8854, 26.6765], [127.886, 26.6762], [127.8866, 26.675], [127.8878, 26.6748], [127.8882, 26.6743], [127.8893, 26.672], [127.8898, 26.6692], [127.8895, 26.6689], [127.8897, 26.669], [127.8903, 26.6662], [127.8902, 26.6646], [127.8907, 26.6633], [127.8907, 26.6625], [127.8902, 26.662], [127.8899, 26.6617], [127.8891, 26.6617], [127.8885, 26.6612], [127.8891, 26.6617], [127.8908, 26.6618], [127.8907, 26.6612], [127.8911, 26.6613], [127.891, 26.6608], [127.8919, 26.6606], [127.892, 26.661], [127.8945, 26.6609], [127.895, 26.6605], [127.8932, 26.6592], [127.8909, 26.659], [127.8908, 26.6594], [127.8909, 26.659], [127.8897, 26.6589], [127.8897, 26.6593], [127.8896, 26.6592], [127.8885, 26.6596], [127.8885, 26.6606], [127.8879, 26.6598], [127.8858, 26.6595], [127.8791, 26.6541], [127.8801, 26.6527], [127.8804, 26.6518], [127.88, 26.6518], [127.8805, 26.6513], [127.8806, 26.6505], [127.8741, 26.649], [127.8739, 26.6495], [127.873, 26.6496], [127.8722, 26.6513], [127.8706, 26.6528], [127.8678, 26.6538], [127.8654, 26.6539], [127.8628, 26.6534], [127.8616, 26.653], [127.8596, 26.6518], [127.8582, 26.6514], [127.8568, 26.6505], [127.8551, 26.6485], [127.8551, 26.6473], [127.856, 26.6456], [127.8557, 26.645], [127.8561, 26.6444], [127.8555, 26.644], [127.8565, 26.6435], [127.8565, 26.6427], [127.8572, 26.6425], [127.8566, 26.6426], [127.8566, 26.6424], [127.8575, 26.6406], [127.8581, 26.6402], [127.8595, 26.6384], [127.8595, 26.6365], [127.8592, 26.636], [127.8594, 26.6356], [127.8587, 26.634], [127.8585, 26.6327], [127.8582, 26.6325], [127.8584, 26.6322], [127.858, 26.6321], [127.8582, 26.6316], [127.8586, 26.6316], [127.8583, 26.6313], [127.8587, 26.6311], [127.8585, 26.6308], [127.8588, 26.6302], [127.86, 26.629], [127.8623, 26.6295], [127.8636, 26.6338], [127.8642, 26.6346], [127.8641, 26.6349], [127.8647, 26.6359], [127.8652, 26.6362], [127.8654, 26.6359], [127.8652, 26.6362], [127.8662, 26.637], [127.8666, 26.6376], [127.8707, 26.6407], [127.8706, 26.6411], [127.8709, 26.6413], [127.871, 26.6418], [127.8713, 26.6418], [127.8713, 26.6428], [127.872, 26.6439], [127.8726, 26.6464], [127.8736, 26.6484], [127.8739, 26.6486], [127.8742, 26.6484], [127.874, 26.6487], [127.8741, 26.6489], [127.8806, 26.6504], [127.8797, 26.6476], [127.8792, 26.647], [127.8791, 26.6463], [127.8785, 26.6458], [127.8792, 26.6463], [127.8793, 26.6458], [127.8799, 26.6453], [127.8801, 26.6454], [127.8798, 26.6451], [127.88, 26.6447], [127.88, 26.6437], [127.8791, 26.6437], [127.8785, 26.6442], [127.8789, 26.6438], [127.8789, 26.6421], [127.8786, 26.6419], [127.879, 26.642], [127.879, 26.643], [127.8801, 26.643], [127.8801, 26.6412], [127.8786, 26.6408], [127.8793, 26.6403], [127.8801, 26.6374], [127.8811, 26.6376], [127.8827, 26.637], [127.883, 26.6365], [127.8828, 26.6362], [127.8831, 26.6362], [127.8849, 26.634], [127.8852, 26.6336], [127.8849, 26.6331], [127.8855, 26.633], [127.8864, 26.6316], [127.8862, 26.6311], [127.8868, 26.6309], [127.8875, 26.6288], [127.8871, 26.6275], [127.8864, 26.6269], [127.887, 26.6268], [127.8868, 26.6268], [127.8868, 26.6262], [127.8874, 26.6244], [127.8889, 26.6234], [127.8893, 26.6228], [127.8899, 26.6214], [127.89, 26.6197], [127.8913, 26.6187], [127.8923, 26.6171], [127.8933, 26.617], [127.8924, 26.617], [127.8938, 26.6158], [127.8941, 26.6156], [127.8936, 26.6162], [127.8937, 26.6163], [127.8938, 26.6164], [127.894, 26.6163], [127.8942, 26.616], [127.8946, 26.6158], [127.8942, 26.616], [127.894, 26.6163], [127.8938, 26.6163], [127.8937, 26.6162], [127.8937, 26.6161], [127.8941, 26.6157], [127.8941, 26.6155], [127.8949, 26.6146], [127.8952, 26.6137], [127.8951, 26.6129], [127.8938, 26.6126], [127.8942, 26.6119], [127.8948, 26.6118], [127.895, 26.6115], [127.8942, 26.61], [127.8945, 26.6091], [127.8942, 26.6081], [127.8948, 26.6076], [127.8946, 26.6072], [127.8948, 26.6067], [127.899, 26.605], [127.8998, 26.605], [127.9009, 26.6078], [127.9001, 26.609], [127.8993, 26.6092], [127.8986, 26.61], [127.9002, 26.6148], [127.9017, 26.6167], [127.9039, 26.6169], [127.905, 26.6182], [127.9061, 26.6188], [127.9071, 26.6191], [127.9084, 26.6187], [127.9089, 26.6189], [127.9094, 26.6203], [127.9086, 26.6218], [127.9085, 26.6229], [127.9093, 26.6236], [127.9107, 26.6255], [127.9107, 26.6266], [127.9115, 26.6264], [127.9113, 26.6267], [127.9125, 26.6284], [127.9167, 26.628], [127.9169, 26.6286], [127.9165, 26.6299], [127.9168, 26.6309], [127.9207, 26.6342], [127.9218, 26.6336], [127.9228, 26.6348], [127.9237, 26.6345], [127.9244, 26.6347], [127.9247, 26.6343], [127.9249, 26.6348], [127.9253, 26.6349], [127.9261, 26.6343], [127.9281, 26.6345], [127.9309, 26.6343], [127.9313, 26.6342], [127.9318, 26.6334], [127.9331, 26.6343], [127.9338, 26.6345], [127.9351, 26.6339], [127.9353, 26.6333], [127.9372, 26.6316], [127.9376, 26.6309], [127.9395, 26.6312], [127.9402, 26.6315], [127.9411, 26.6314], [127.9425, 26.6318], [127.9433, 26.6318], [127.9448, 26.6309], [127.9459, 26.6309], [127.9465, 26.6319], [127.9474, 26.632], [127.9482, 26.6331], [127.9491, 26.6335], [127.9506, 26.6347], [127.9507, 26.6351], [127.9504, 26.636], [127.951, 26.6371], [127.9528, 26.6377], [127.9535, 26.6376], [127.9568, 26.6391], [127.958, 26.639], [127.9591, 26.6393]]], [[[127.8152, 26.6512], [127.8154, 26.6514], [127.8149, 26.6508], [127.8134, 26.6509], [127.8127, 26.6506], [127.8115, 26.6495], [127.8109, 26.6485], [127.8104, 26.6482], [127.8101, 26.6477], [127.8101, 26.6471], [127.8097, 26.6468], [127.8097, 26.6466], [127.8101, 26.6463], [127.8108, 26.6467], [127.8117, 26.6466], [127.8129, 26.6484], [127.8137, 26.6487], [127.8154, 26.648], [127.8158, 26.6474], [127.8157, 26.6466], [127.8162, 26.6459], [127.8156, 26.6465], [127.8155, 26.6464], [127.8153, 26.6466], [127.8149, 26.6461], [127.8153, 26.6456], [127.8143, 26.646], [127.8136, 26.6459], [127.813, 26.6455], [127.8131, 26.6451], [127.8174, 26.6438], [127.8211, 26.6448], [127.8214, 26.6459], [127.8207, 26.6472], [127.8174, 26.6498], [127.8178, 26.6504], [127.8182, 26.6504], [127.8184, 26.6507], [127.8179, 26.651], [127.8173, 26.6498], [127.815, 26.6507], [127.8152, 26.6512]]]]}, "properties": {"name": "沖縄県本部町"}}, {"type": "Feature", "geometry": {"type": "Polygon", "coordinates": [[[127.9293, 26.5314], [127.9276, 26.5285], [127.9279, 26.5282], [127.9275, 26.5284], [127.9265, 26.5277], [127.9256, 26.5273], [127.9255, 26.5277], [127.9254, 26.5273], [127.924, 26.5274], [127.9233, 26.5279], [127.923, 26.5274], [127.9228, 26.5277], [127.9235, 26.5282], [127.9234, 26.5284], [127.9226, 26.5285], [127.9223, 26.5287], [127.9223, 26.5289], [127.9215, 26.5288], [127.921, 26.5282], [127.9213, 26.5278], [127.921, 26.5272], [127.9214, 26.527], [127.9214, 26.5266], [127.921, 26.5261], [127.9213, 26.5257], [127.9215, 26.5239], [127.9209, 26.5222], [127.9209, 26.5207], [127.9195, 26.5193], [127.9194, 26.5177], [127.9189, 26.5176], [127.9169, 26.516], [127.9162, 26.5158], [127.9162, 26.5156], [127.9154, 26.5166], [127.9125, 26.5164], [127.9103, 26.5169], [127.9101, 26.5176], [127.9094, 26.5179], [127.909, 26.5184], [127.9095, 26.519], [127.9091, 26.5196], [127.9093, 26.5201], [127.9089, 26.5199], [127.9087, 26.5201], [127.9081, 26.5198], [127.9077, 26.5191], [127.9065, 26.5184], [127.906, 26.5184], [127.9058, 26.5179], [127.9061, 26.5176], [127.906, 26.5174], [127.9054, 26.5168], [127.9046, 26.5166], [127.9046, 26.5168], [127.9041, 26.5165], [127.9041, 26.5162], [127.9033, 26.5151], [127.9025, 26.5148], [127.9008, 26.5145], [127.8988, 26.5131], [127.8974, 26.5127], [127.8974, 26.5124], [127.898, 26.5123], [127.8979, 26.5118], [127.8978, 26.5122], [127.8974, 26.5124], [127.8972, 26.5126], [127.8965, 26.5124], [127.8954, 26.5125], [127.8952, 26.5135], [127.8935, 26.5125], [127.892, 26.5122], [127.8919, 26.5118], [127.8913, 26.5114], [127.8909, 26.5116], [127.8909, 26.5107], [127.8914, 26.5106], [127.8918, 26.5099], [127.8915, 26.5078], [127.8908, 26.5074], [127.8908, 26.5066], [127.89, 26.5056], [127.8898, 26.5046], [127.888, 26.5034], [127.8861, 26.5028], [127.8857, 26.5012], [127.8855, 26.5013], [127.8859, 26.5027], [127.8837, 26.5025], [127.8834, 26.5028], [127.8821, 26.5031], [127.8821, 26.5034], [127.8811, 26.5035], [127.8799, 26.5044], [127.8796, 26.5043], [127.8799, 26.5053], [127.8798, 26.5058], [127.8799, 26.5063], [127.8797, 26.5062], [127.8797, 26.5067], [127.877, 26.5071], [127.8743, 26.5082], [127.8737, 26.5091], [127.8731, 26.5094], [127.873, 26.5104], [127.8733, 26.5107], [127.8739, 26.5104], [127.8738, 26.51], [127.8742, 26.5102], [127.8733, 26.5107], [127.8732, 26.5114], [127.873, 26.5114], [127.8726, 26.5122], [127.8722, 26.5116], [127.8723, 26.5107], [127.8715, 26.5101], [127.8719, 26.5098], [127.8718, 26.5094], [127.8708, 26.509], [127.8699, 26.5093], [127.8691, 26.5102], [127.8693, 26.5111], [127.8699, 26.5115], [127.8694, 26.5133], [127.8692, 26.5131], [127.8684, 26.5131], [127.8684, 26.5127], [127.8671, 26.513], [127.867, 26.5127], [127.8676, 26.5126], [127.8679, 26.5117], [127.8683, 26.5114], [127.8688, 26.5114], [127.8692, 26.511], [127.869, 26.5103], [127.8686, 26.5099], [127.8674, 26.5099], [127.8665, 26.5093], [127.8658, 26.5076], [127.8651, 26.507], [127.864, 26.5068], [127.8629, 26.5049], [127.8621, 26.5044], [127.8625, 26.5042], [127.862, 26.5044], [127.8622, 26.5046], [127.8617, 26.5047], [127.8624, 26.5047], [127.8621, 26.505], [127.861, 26.5049], [127.8606, 26.5051], [127.8605, 26.5062], [127.8596, 26.5073], [127.8593, 26.5081], [127.8592, 26.5092], [127.8595, 26.5094], [127.8592, 26.5093], [127.8592, 26.5095], [127.8585, 26.51], [127.8573, 26.5097], [127.8574, 26.5091], [127.8564, 26.5087], [127.8569, 26.5085], [127.8568, 26.5075], [127.8572, 26.5078], [127.8578, 26.5075], [127.8579, 26.5077], [127.8587, 26.5076], [127.8591, 26.5072], [127.8591, 26.5053], [127.859, 26.5051], [127.8586, 26.5051], [127.8589, 26.505], [127.8592, 26.5043], [127.8585, 26.503], [127.8586, 26.5023], [127.8592, 26.5014], [127.8582, 26.5012], [127.8555, 26.5013], [127.8572, 26.5012], [127.8575, 26.5004], [127.8564, 26.5002], [127.8564, 26.5004], [127.8557, 26.5], [127.8554, 26.5005], [127.8558, 26.4994], [127.8556, 26.4991], [127.8548, 26.4993], [127.855, 26.5003], [127.8545, 26.5017], [127.8537, 26.5022], [127.8526, 26.5037], [127.851, 26.5047], [127.851, 26.505], [127.8505, 26.5054], [127.8497, 26.5052], [127.8498, 26.5047], [127.8489, 26.5049], [127.8481, 26.5047], [127.8477, 26.5045], [127.8478, 26.5042], [127.8471, 26.5044], [127.8464, 26.5041], [127.8463, 26.5045], [127.8455, 26.5044], [127.8454, 26.5047], [127.8439, 26.5039], [127.8431, 26.5029], [127.8434, 26.5025], [127.8441, 26.5025], [127.8437, 26.5015], [127.8438, 26.5012], [127.8434, 26.5011], [127.8435, 26.5004], [127.8432, 26.5002], [127.8424, 26.5001], [127.8425, 26.4998], [127.8415, 26.4992], [127.8418, 26.4988], [127.8422, 26.4991], [127.8424, 26.4989], [127.8424, 26.4983], [127.8415, 26.4979], [127.8415, 26.4973], [127.841, 26.4968], [127.8409, 26.4965], [127.8396, 26.4963], [127.839, 26.4966], [127.8388, 26.4964], [127.8396, 26.4959], [127.84, 26.4959], [127.8402, 26.4954], [127.84, 26.4948], [127.8411, 26.494], [127.8412, 26.4934], [127.8418, 26.4929], [127.8424, 26.493], [127.8428, 26.4926], [127.8434, 26.4916], [127.843, 26.491], [127.8431, 26.4907], [127.8441, 26.4907], [127.8433, 26.4902], [127.8446, 26.489], [127.845, 26.4874], [127.8448, 26.4872], [127.845, 26.4874], [127.8453, 26.4872], [127.8456, 26.4862], [127.8454, 26.4862], [127.8454, 26.4856], [127.8458, 26.4827], [127.8456, 26.4817], [127.8459, 26.4812], [127.8457, 26.4813], [127.8447, 26.4804], [127.8411, 26.4782], [127.8385, 26.4779], [127.8378, 26.4784], [127.8379, 26.4787], [127.8366, 26.4791], [127.8354, 26.479], [127.8327, 26.4753], [127.8328, 26.4745], [127.8316, 26.4725], [127.8319, 26.4722], [127.8307, 26.4709], [127.8267, 26.468], [127.8253, 26.4674], [127.8238, 26.4669], [127.8228, 26.4669], [127.8225, 26.4673], [127.8222, 26.467], [127.8216, 26.467], [127.8211, 26.4673], [127.8203, 26.4659], [127.8143, 26.4623], [127.8128, 26.4631], [127.8101, 26.4597], [127.8103, 26.4596], [127.8108, 26.4603], [127.8116, 26.4599], [127.8108, 26.4589], [127.8099, 26.4595], [127.8099, 26.4593], [127.811, 26.4586], [127.811, 26.458], [127.8097, 26.4567], [127.806, 26.4544], [127.8053, 26.4543], [127.8047, 26.455], [127.8037, 26.4548], [127.803, 26.4535], [127.8018, 26.4522], [127.8023, 26.4514], [127.8015, 26.4505], [127.8008, 26.4501], [127.8012, 26.4486], [127.8022, 26.4491], [127.8024, 26.4488], [127.8026, 26.4489], [127.8029, 26.4486], [127.8026, 26.4484], [127.8029, 26.4476], [127.8017, 26.4473], [127.8017, 26.4479], [127.8006, 26.448], [127.8014, 26.4479], [127.8012, 26.4475], [127.8016, 26.4473], [127.802, 26.4465], [127.8032, 26.4465], [127.8032, 26.4449], [127.804, 26.4449], [127.804, 26.4444], [127.8035, 26.4433], [127.8028, 26.4434], [127.801, 26.4408], [127.8028, 26.4433], [127.8035, 26.4433], [127.8029, 26.4422], [127.8026, 26.4424], [127.8017, 26.4411], [127.8021, 26.4408], [127.8012, 26.4393], [127.7991, 26.4373], [127.7992, 26.437], [127.7986, 26.437], [127.7963, 26.436], [127.7943, 26.4372], [127.7928, 26.4375], [127.7913, 26.4369], [127.7904, 26.437], [127.7904, 26.4364], [127.79, 26.4362], [127.7895, 26.4363], [127.7897, 26.4368], [127.789, 26.4367], [127.7892, 26.4363], [127.7888, 26.436], [127.7882, 26.4362], [127.7883, 26.4366], [127.7879, 26.4364], [127.7874, 26.4361], [127.7872, 26.4357], [127.7873, 26.4354], [127.7872, 26.435], [127.7868, 26.4349], [127.7855, 26.4348], [127.7826, 26.4355], [127.7823, 26.4353], [127.7825, 26.4356], [127.7819, 26.4358], [127.7812, 26.4364], [127.7812, 26.4368], [127.7817, 26.4369], [127.7821, 26.4375], [127.781, 26.439], [127.7803, 26.4394], [127.7768, 26.4402], [127.7737, 26.4422], [127.7735, 26.4428], [127.7725, 26.4437], [127.7725, 26.4445], [127.7721, 26.4442], [127.7716, 26.4447], [127.772, 26.4453], [127.7717, 26.4457], [127.7717, 26.446], [127.7712, 26.446], [127.7708, 26.4452], [127.7709, 26.4445], [127.77, 26.4446], [127.7704, 26.4441], [127.7698, 26.4441], [127.7696, 26.4438], [127.7692, 26.444], [127.7697, 26.4445], [127.769, 26.4443], [127.7687, 26.444], [127.7687, 26.4437], [127.769, 26.4436], [127.7689, 26.4432], [127.7687, 26.4429], [127.7683, 26.4428], [127.7685, 26.4425], [127.7679, 26.4419], [127.7681, 26.4416], [127.7675, 26.441], [127.7671, 26.4411], [127.7674, 26.4403], [127.7665, 26.4397], [127.766, 26.439], [127.7661, 26.4385], [127.7659, 26.4379], [127.7661, 26.4377], [127.7655, 26.4379], [127.765, 26.4386], [127.7644, 26.4389], [127.7638, 26.4396], [127.7616, 26.4382], [127.7618, 26.4379], [127.7631, 26.4387], [127.7636, 26.4381], [127.7633, 26.4378], [127.7637, 26.438], [127.7642, 26.4373], [127.7634, 26.4368], [127.763, 26.4372], [127.7633, 26.4366], [127.7627, 26.4365], [127.7624, 26.436], [127.7617, 26.4357], [127.7613, 26.4348], [127.7593, 26.4337], [127.7591, 26.4334], [127.7596, 26.4332], [127.7592, 26.4327], [127.7581, 26.4322], [127.7573, 26.4323], [127.7564, 26.4314], [127.7549, 26.4313], [127.7518, 26.4301], [127.7519, 26.4299], [127.7501, 26.4287], [127.748, 26.4275], [127.7476, 26.4276], [127.7477, 26.4271], [127.7473, 26.4271], [127.7472, 26.4267], [127.7457, 26.4258], [127.7461, 26.4253], [127.7455, 26.4239], [127.745, 26.4247], [127.7451, 26.4251], [127.7447, 26.4249], [127.7447, 26.4245], [127.7438, 26.4242], [127.7443, 26.4235], [127.7441, 26.4228], [127.743, 26.4224], [127.7428, 26.4232], [127.7421, 26.4234], [127.742, 26.4225], [127.7418, 26.4222], [127.7421, 26.4217], [127.7422, 26.4205], [127.7446, 26.4177], [127.7451, 26.4179], [127.7452, 26.4184], [127.7459, 26.4177], [127.7471, 26.4174], [127.7479, 26.4169], [127.7488, 26.4157], [127.7509, 26.4153], [127.7521, 26.4153], [127.753, 26.4158], [127.7528, 26.417], [127.7529, 26.4182], [127.7539, 26.4188], [127.7547, 26.4188], [127.755, 26.4198], [127.7559, 26.4205], [127.7575, 26.4208], [127.7587, 26.42], [127.7592, 26.4202], [127.7598, 26.4209], [127.7613, 26.4209], [127.7626, 26.4218], [127.7638, 26.422], [127.7644, 26.4223], [127.7655, 26.4224], [127.7666, 26.422], [127.7669, 26.4215], [127.768, 26.4218], [127.7692, 26.4214], [127.7696, 26.4215], [127.7713, 26.4206], [127.7722, 26.4208], [127.7731, 26.4197], [127.7744, 26.4193], [127.7749, 26.4189], [127.7755, 26.4182], [127.776, 26.4169], [127.7771, 26.4171], [127.7792, 26.416], [127.7796, 26.4169], [127.7799, 26.417], [127.7809, 26.4166], [127.783, 26.4165], [127.7833, 26.4163], [127.7833, 26.4153], [127.7848, 26.4157], [127.7864, 26.4158], [127.7876, 26.4201], [127.788, 26.4207], [127.7885, 26.4218], [127.7891, 26.4225], [127.7898, 26.4225], [127.7915, 26.4236], [127.7937, 26.4243], [127.7942, 26.4255], [127.7952, 26.4266], [127.7975, 26.427], [127.7979, 26.4284], [127.7999, 26.4295], [127.8005, 26.4303], [127.8016, 26.4309], [127.8027, 26.4308], [127.8029, 26.4311], [127.8036, 26.4314], [127.8044, 26.4325], [127.8062, 26.4333], [127.8074, 26.4335], [127.8077, 26.4345], [127.8076, 26.4355], [127.8082, 26.4365], [127.8089, 26.4365], [127.8096, 26.4371], [127.8095, 26.439], [127.8113, 26.4406], [127.8135, 26.4404], [127.814, 26.4406], [127.8144, 26.441], [127.8145, 26.4416], [127.8151, 26.4418], [127.8161, 26.4428], [127.8166, 26.4447], [127.8173, 26.4453], [127.8195, 26.4454], [127.8204, 26.4459], [127.8215, 26.4477], [127.8223, 26.4476], [127.8233, 26.4471], [127.8237, 26.4473], [127.8238, 26.4481], [127.8242, 26.4487], [127.827, 26.4485], [127.8276, 26.4488], [127.8283, 26.4496], [127.8293, 26.45], [127.83, 26.4499], [127.8313, 26.4502], [127.8319, 26.4499], [127.8332, 26.4498], [127.8336, 26.4494], [127.8342, 26.4492], [127.8357, 26.4495], [127.8355, 26.4502], [127.836, 26.4506], [127.8363, 26.4515], [127.8372, 26.4524], [127.8369, 26.4531], [127.8361, 26.4539], [127.8353, 26.4569], [127.8354, 26.4574], [127.8362, 26.458], [127.8363, 26.4586], [127.8379, 26.4586], [127.8398, 26.4608], [127.8407, 26.4625], [127.8415, 26.4628], [127.8423, 26.4626], [127.8444, 26.4633], [127.848, 26.4656], [127.8497, 26.4672], [127.8503, 26.4674], [127.8515, 26.4685], [127.8529, 26.4693], [127.8542, 26.4698], [127.857, 26.4692], [127.8579, 26.4695], [127.8597, 26.4711], [127.861, 26.4734], [127.8631, 26.4743], [127.8634, 26.4736], [127.864, 26.4729], [127.8661, 26.4727], [127.8661, 26.4735], [127.8669, 26.4741], [127.868, 26.4758], [127.8681, 26.4766], [127.8714, 26.4777], [127.8733, 26.479], [127.8753, 26.4786], [127.8749, 26.4774], [127.8754, 26.477], [127.8776, 26.4771], [127.8784, 26.4765], [127.8793, 26.4768], [127.8801, 26.4768], [127.8834, 26.4758], [127.8844, 26.4752], [127.8863, 26.4763], [127.8878, 26.4765], [127.8896, 26.4765], [127.8905, 26.4768], [127.8923, 26.4765], [127.8927, 26.4773], [127.8934, 26.4778], [127.8934, 26.4783], [127.8929, 26.48], [127.8918, 26.4814], [127.8916, 26.4825], [127.8918, 26.4834], [127.8929, 26.485], [127.8933, 26.4861], [127.8943, 26.4862], [127.8947, 26.4868], [127.8961, 26.4877], [127.8976, 26.4896], [127.901, 26.4905], [127.9015, 26.4909], [127.9023, 26.4909], [127.9036, 26.4917], [127.9044, 26.4917], [127.9051, 26.4914], [127.9048, 26.4911], [127.9052, 26.4893], [127.9045, 26.4885], [127.9046, 26.4878], [127.9053, 26.4874], [127.9059, 26.4876], [127.9075, 26.4855], [127.9083, 26.4852], [127.9083, 26.4845], [127.9088, 26.484], [127.9112, 26.4832], [127.9121, 26.4834], [127.9125, 26.4829], [127.9132, 26.4833], [127.9139, 26.483], [127.9143, 26.4838], [127.9152, 26.4838], [127.9158, 26.4841], [127.9159, 26.4844], [127.9156, 26.4862], [127.9169, 26.4874], [127.917, 26.4881], [127.9166, 26.4886], [127.9176, 26.4893], [127.9182, 26.4905], [127.9189, 26.4904], [127.919, 26.4908], [127.918, 26.494], [127.9182, 26.4949], [127.9175, 26.4963], [127.9195, 26.4961], [127.921, 26.4975], [127.9211, 26.498], [127.9199, 26.5007], [127.9221, 26.5018], [127.9234, 26.5021], [127.9245, 26.5015], [127.9262, 26.5016], [127.9282, 26.5001], [127.9294, 26.5011], [127.9301, 26.5022], [127.9323, 26.5031], [127.9348, 26.5045], [127.935, 26.5049], [127.9353, 26.5073], [127.9359, 26.508], [127.9386, 26.509], [127.94, 26.5093], [127.9409, 26.5103], [127.9397, 26.5135], [127.9385, 26.515], [127.9379, 26.5162], [127.9374, 26.5164], [127.9371, 26.5169], [127.937, 26.5183], [127.9363, 26.5193], [127.9367, 26.5201], [127.9372, 26.5203], [127.9371, 26.5207], [127.9376, 26.521], [127.9378, 26.5224], [127.9377, 26.5227], [127.9371, 26.5229], [127.937, 26.5239], [127.9361, 26.5252], [127.9361, 26.5257], [127.9346, 26.5265], [127.9343, 26.528], [127.9337, 26.529], [127.933, 26.5288], [127.9328, 26.529], [127.9327, 26.5294], [127.9331, 26.5297], [127.9324, 26.5298], [127.9319, 26.5295], [127.931, 26.5313], [127.9293, 26.5314]]]}, "properties": {"name": "沖縄県恩納村"}}, {"type": "Feature", "geometry": {"type": "Polygon", "coordinates": [[[127.9409, 26.5103], [127.94, 26.5093], [127.9386, 26.509], [127.9359, 26.508], [127.9353, 26.5073], [127.935, 26.5049], [127.9348, 26.5045], [127.9323, 26.5031], [127.9301, 26.5022], [127.9294, 26.5011], [127.9282, 26.5001], [127.9281, 26.4987], [127.9271, 26.4965], [127.9279, 26.4945], [127.9307, 26.493], [127.9323, 26.4909], [127.9332, 26.4907], [127.9336, 26.4886], [127.9342, 26.4877], [127.9352, 26.4873], [127.9349, 26.4866], [127.9357, 26.486], [127.9365, 26.4861], [127.9372, 26.4857], [127.9372, 26.4844], [127.9387, 26.4831], [127.9387, 26.4812], [127.9397, 26.4793], [127.9394, 26.4786], [127.9397, 26.4767], [127.9401, 26.4756], [127.9408, 26.4747], [127.9413, 26.4734], [127.941, 26.4721], [127.9412, 26.4707], [127.9436, 26.4678], [127.9442, 26.4666], [127.9449, 26.4664], [127.9466, 26.4649], [127.9473, 26.4645], [127.9898, 26.3995], [128.0011, 26.4044], [127.9673, 26.4678], [127.9675, 26.4681], [127.9697, 26.4691], [127.9716, 26.4692], [127.9721, 26.4694], [127.9724, 26.4693], [127.9728, 26.4696], [127.9752, 26.4704], [127.9761, 26.4709], [127.9764, 26.4706], [127.9766, 26.4707], [127.9763, 26.4709], [127.9765, 26.4712], [127.9781, 26.4721], [127.9788, 26.472], [127.9793, 26.4717], [127.9799, 26.4717], [127.9802, 26.4715], [127.9806, 26.4716], [127.9805, 26.4719], [127.9808, 26.4717], [127.9811, 26.4719], [127.9813, 26.4717], [127.9821, 26.4725], [127.9823, 26.4724], [127.9828, 26.4729], [127.9843, 26.4733], [127.9857, 26.474], [127.9866, 26.4743], [127.987, 26.4741], [127.9869, 26.4743], [127.9875, 26.4745], [127.9886, 26.4744], [127.9891, 26.4749], [127.9902, 26.475], [127.9901, 26.4752], [127.9905, 26.4753], [127.9911, 26.4751], [127.9911, 26.4753], [127.9908, 26.4757], [127.9912, 26.4757], [127.9912, 26.4762], [127.9913, 26.4762], [127.9914, 26.4767], [127.9913, 26.4763], [127.9908, 26.4761], [127.9907, 26.4768], [127.9911, 26.477], [127.9908, 26.4775], [127.9904, 26.4775], [127.9904, 26.4787], [127.9894, 26.4801], [127.9898, 26.4807], [127.99, 26.4806], [127.9915, 26.4816], [127.9921, 26.4813], [127.9931, 26.4811], [127.9935, 26.4803], [127.9945, 26.4802], [127.9955, 26.4809], [127.9966, 26.4809], [127.9978, 26.4814], [127.9981, 26.4812], [127.9989, 26.4816], [127.9991, 26.4814], [127.999, 26.4817], [128.0002, 26.4826], [128.001, 26.4828], [128.0009, 26.4831], [128.0012, 26.4834], [128.0011, 26.4843], [128.0014, 26.4847], [128.0008, 26.4851], [128.0015, 26.4849], [128.0023, 26.4857], [128.0021, 26.4856], [128.0019, 26.4861], [128.0024, 26.4894], [128.0014, 26.4902], [128.0012, 26.4907], [128.0009, 26.4908], [128.0005, 26.4914], [128.0004, 26.4928], [128.0011, 26.4933], [128.0005, 26.4938], [128.0009, 26.4943], [128.0003, 26.4942], [127.9999, 26.4944], [128, 26.4948], [127.9996, 26.4945], [127.9991, 26.4951], [127.9984, 26.4951], [127.9979, 26.4959], [127.9976, 26.497], [127.9971, 26.4968], [127.9962, 26.4969], [127.9951, 26.4986], [127.9943, 26.4989], [127.9941, 26.4996], [127.9938, 26.4997], [127.994, 26.5009], [127.9939, 26.5022], [127.9929, 26.5033], [127.9919, 26.5039], [127.9912, 26.5051], [127.9912, 26.5054], [127.9915, 26.5049], [127.9927, 26.5051], [127.9933, 26.5061], [127.9947, 26.5074], [127.9945, 26.5077], [127.9948, 26.5078], [127.9963, 26.5092], [127.9974, 26.5097], [127.9964, 26.5112], [127.9967, 26.5119], [127.9965, 26.5138], [127.9967, 26.5145], [127.9959, 26.5153], [127.9944, 26.5154], [127.9936, 26.5169], [127.9931, 26.5172], [127.993, 26.5177], [127.9915, 26.5179], [127.9907, 26.5184], [127.9897, 26.518], [127.9867, 26.5184], [127.9856, 26.519], [127.9845, 26.5189], [127.9833, 26.5193], [127.9823, 26.52], [127.9806, 26.5197], [127.9803, 26.5198], [127.9798, 26.5206], [127.9778, 26.5224], [127.9773, 26.5236], [127.9772, 26.5244], [127.9792, 26.525], [127.9785, 26.5252], [127.9785, 26.5256], [127.979, 26.5264], [127.9789, 26.5269], [127.9792, 26.5273], [127.9778, 26.528], [127.9763, 26.5282], [127.9752, 26.5292], [127.9742, 26.5297], [127.9743, 26.5283], [127.9737, 26.5278], [127.9739, 26.5272], [127.9738, 26.5255], [127.9732, 26.5245], [127.9736, 26.5229], [127.9715, 26.5224], [127.9706, 26.5231], [127.969, 26.5235], [127.9677, 26.523], [127.9666, 26.5232], [127.9652, 26.5225], [127.965, 26.5221], [127.9638, 26.5212], [127.9624, 26.5186], [127.9615, 26.5184], [127.9602, 26.5187], [127.9597, 26.5185], [127.9585, 26.5176], [127.9588, 26.5156], [127.9593, 26.5153], [127.9592, 26.5141], [127.9578, 26.5133], [127.9569, 26.5123], [127.9538, 26.5109], [127.9533, 26.5109], [127.9521, 26.5116], [127.9504, 26.5118], [127.9499, 26.5122], [127.9489, 26.5121], [127.9481, 26.5124], [127.9479, 26.5122], [127.9479, 26.5113], [127.9471, 26.5112], [127.9463, 26.5118], [127.9449, 26.512], [127.9438, 26.5116], [127.942, 26.5104], [127.9409, 26.5103]]]}, "properties": {"name": "沖縄県宜野座村"}}, {"type": "Feature", "geometry": {"type": "Polygon", "coordinates": [[[127.9898, 26.3995], [127.9473, 26.4645], [127.9466, 26.4649], [127.9449, 26.4664], [127.9442, 26.4666], [127.9436, 26.4678], [127.9412, 26.4707], [127.941, 26.4721], [127.9413, 26.4734], [127.9408, 26.4747], [127.9401, 26.4756], [127.9397, 26.4767], [127.9394, 26.4786], [127.9397, 26.4793], [127.9387, 26.4812], [127.9387, 26.4831], [127.9372, 26.4844], [127.9372, 26.4857], [127.9365, 26.4861], [127.9357, 26.486], [127.9349, 26.4866], [127.9352, 26.4873], [127.9342, 26.4877], [127.9336, 26.4886], [127.9332, 26.4907], [127.9323, 26.4909], [127.9307, 26.493], [127.9279, 26.4945], [127.9271, 26.4965], [127.9281, 26.4987], [127.9282, 26.5001], [127.9262, 26.5016], [127.9245, 26.5015], [127.9234, 26.5021], [127.9221, 26.5018], [127.9199, 26.5007], [127.9211, 26.498], [127.921, 26.4975], [127.9195, 26.4961], [127.9175, 26.4963], [127.9182, 26.4949], [127.918, 26.494], [127.919, 26.4908], [127.9189, 26.4904], [127.9182, 26.4905], [127.9176, 26.4893], [127.9166, 26.4886], [127.917, 26.4881], [127.9169, 26.4874], [127.9156, 26.4862], [127.9159, 26.4844], [127.9158, 26.4841], [127.9152, 26.4838], [127.9143, 26.4838], [127.9139, 26.483], [127.9132, 26.4833], [127.9125, 26.4829], [127.9121, 26.4834], [127.9112, 26.4832], [127.9088, 26.484], [127.9083, 26.4845], [127.9083, 26.4852], [127.9075, 26.4855], [127.9059, 26.4876], [127.9053, 26.4874], [127.9046, 26.4878], [127.9045, 26.4885], [127.9052, 26.4893], [127.9048, 26.4911], [127.9051, 26.4914], [127.9044, 26.4917], [127.9036, 26.4917], [127.9023, 26.4909], [127.9015, 26.4909], [127.901, 26.4905], [127.8976, 26.4896], [127.8961, 26.4877], [127.8947, 26.4868], [127.8943, 26.4862], [127.8933, 26.4861], [127.8929, 26.485], [127.8918, 26.4834], [127.8916, 26.4825], [127.8918, 26.4814], [127.8929, 26.48], [127.8934, 26.4783], [127.8934, 26.4778], [127.8927, 26.4773], [127.8923, 26.4765], [127.8905, 26.4768], [127.8896, 26.4765], [127.8878, 26.4765], [127.8863, 26.4763], [127.8844, 26.4752], [127.8834, 26.4758], [127.8801, 26.4768], [127.8793, 26.4768], [127.8784, 26.4765], [127.8776, 26.4771], [127.8754, 26.477], [127.8749, 26.4774], [127.8753, 26.4786], [127.8733, 26.479], [127.8714, 26.4777], [127.8681, 26.4766], [127.868, 26.4758], [127.8669, 26.4741], [127.8661, 26.4735], [127.8661, 26.4727], [127.864, 26.4729], [127.8634, 26.4736], [127.8631, 26.4743], [127.861, 26.4734], [127.8597, 26.4711], [127.8579, 26.4695], [127.857, 26.4692], [127.8542, 26.4698], [127.8529, 26.4693], [127.8515, 26.4685], [127.8503, 26.4674], [127.8497, 26.4672], [127.848, 26.4656], [127.8444, 26.4633], [127.8423, 26.4626], [127.8415, 26.4628], [127.8407, 26.4625], [127.8398, 26.4608], [127.8379, 26.4586], [127.8363, 26.4586], [127.8362, 26.458], [127.8354, 26.4574], [127.8353, 26.4569], [127.8361, 26.4539], [127.8369, 26.4531], [127.8372, 26.4524], [127.8363, 26.4515], [127.836, 26.4506], [127.8355, 26.4502], [127.8357, 26.4495], [127.8362, 26.4486], [127.8379, 26.4488], [127.8384, 26.4478], [127.8382, 26.447], [127.8385, 26.4465], [127.8391, 26.4434], [127.8395, 26.443], [127.8397, 26.4423], [127.8408, 26.442], [127.8411, 26.441], [127.8412, 26.4405], [127.8405, 26.4399], [127.8405, 26.4392], [127.8409, 26.4386], [127.8405, 26.4372], [127.841, 26.4368], [127.8416, 26.4355], [127.9898, 26.3995]]]}, "properties": {"name": "沖縄県金武町"}}, {"type": "Feature", "geometry": {"type": "Polygon", "coordinates": [[[127.793, 26.7341], [127.792, 26.7336], [127.7913, 26.7338], [127.7905, 26.7334], [127.7885, 26.7334], [127.787, 26.7336], [127.7867, 26.7341], [127.7858, 26.7344], [127.7858, 26.734], [127.7846, 26.7334], [127.7831, 26.7333], [127.7818, 26.7337], [127.7814, 26.7342], [127.7795, 26.7349], [127.7774, 26.7349], [127.7768, 26.7345], [127.7762, 26.7349], [127.7756, 26.7346], [127.7751, 26.7349], [127.7746, 26.7347], [127.7734, 26.735], [127.7725, 26.7356], [127.7691, 26.7371], [127.7607, 26.7379], [127.7565, 26.7369], [127.7545, 26.7355], [127.7527, 26.7331], [127.7526, 26.7315], [127.7519, 26.7305], [127.7521, 26.7293], [127.752, 26.7287], [127.7504, 26.7259], [127.7497, 26.7236], [127.7491, 26.7227], [127.7491, 26.7209], [127.7497, 26.7178], [127.7504, 26.7162], [127.7516, 26.7149], [127.7523, 26.7132], [127.754, 26.7112], [127.7557, 26.7098], [127.7596, 26.7087], [127.7616, 26.7086], [127.7616, 26.7077], [127.763, 26.7069], [127.7617, 26.7077], [127.7617, 26.7086], [127.7624, 26.7086], [127.7624, 26.7077], [127.7627, 26.7077], [127.7624, 26.7078], [127.7624, 26.7083], [127.7632, 26.7083], [127.7631, 26.7073], [127.7634, 26.7075], [127.7636, 26.7085], [127.7665, 26.7083], [127.7722, 26.7086], [127.7757, 26.7083], [127.7772, 26.7085], [127.7782, 26.709], [127.781, 26.7095], [127.7858, 26.7099], [127.792, 26.7098], [127.7928, 26.7096], [127.793, 26.7094], [127.7927, 26.7091], [127.7928, 26.709], [127.7932, 26.7092], [127.7935, 26.7088], [127.7951, 26.7086], [127.7952, 26.7093], [127.7972, 26.7088], [127.7969, 26.7071], [127.7971, 26.708], [127.7992, 26.7078], [127.7994, 26.7083], [127.8, 26.7079], [127.7997, 26.7063], [127.8006, 26.7062], [127.8008, 26.7071], [127.8014, 26.7071], [127.8015, 26.7072], [127.8022, 26.7068], [127.8024, 26.7072], [127.8034, 26.7071], [127.8032, 26.7061], [127.8038, 26.7051], [127.8049, 26.7051], [127.8052, 26.7047], [127.8049, 26.7052], [127.8049, 26.7061], [127.806, 26.7061], [127.8059, 26.7058], [127.8073, 26.7058], [127.8073, 26.7055], [127.8076, 26.7055], [127.8074, 26.706], [127.8084, 26.7059], [127.8084, 26.7055], [127.808, 26.7054], [127.8085, 26.7054], [127.8085, 26.706], [127.8099, 26.7059], [127.8099, 26.7054], [127.81, 26.7061], [127.8105, 26.7061], [127.8106, 26.7054], [127.8103, 26.7053], [127.811, 26.7051], [127.811, 26.7069], [127.8113, 26.7066], [127.8112, 26.7069], [127.8126, 26.7069], [127.8143, 26.7077], [127.8191, 26.708], [127.8284, 26.7099], [127.8286, 26.7115], [127.8299, 26.7137], [127.8304, 26.7154], [127.8313, 26.717], [127.831, 26.718], [127.8312, 26.7189], [127.8311, 26.7199], [127.8307, 26.7211], [127.8288, 26.7238], [127.8286, 26.7243], [127.8266, 26.7261], [127.8247, 26.7275], [127.824, 26.7273], [127.8215, 26.7284], [127.8204, 26.7298], [127.8202, 26.731], [127.8186, 26.7328], [127.815, 26.7348], [127.8137, 26.7362], [127.8115, 26.7378], [127.8087, 26.7391], [127.8072, 26.7392], [127.8058, 26.7389], [127.8031, 26.7381], [127.8008, 26.7377], [127.799, 26.7369], [127.7973, 26.7366], [127.7958, 26.7358], [127.7952, 26.7349], [127.793, 26.7341]]]}, "properties": {"name": "沖縄県伊江村"}}, {"type": "Feature", "geometry": {"type": "Polygon", "coordinates": [[[127.7864, 26.4158], [127.7848, 26.4157], [127.7833, 26.4153], [127.7833, 26.4163], [127.783, 26.4165], [127.7809, 26.4166], [127.7799, 26.417], [127.7796, 26.4169], [127.7792, 26.416], [127.7771, 26.4171], [127.776, 26.4169], [127.7755, 26.4182], [127.7749, 26.4189], [127.7744, 26.4193], [127.7731, 26.4197], [127.7722, 26.4208], [127.7713, 26.4206], [127.7696, 26.4215], [127.7692, 26.4214], [127.768, 26.4218], [127.7669, 26.4215], [127.7666, 26.422], [127.7655, 26.4224], [127.7644, 26.4223], [127.7638, 26.422], [127.7626, 26.4218], [127.7613, 26.4209], [127.7598, 26.4209], [127.7592, 26.4202], [127.7587, 26.42], [127.7575, 26.4208], [127.7559, 26.4205], [127.755, 26.4198], [127.7547, 26.4188], [127.7539, 26.4188], [127.7529, 26.4182], [127.7528, 26.417], [127.753, 26.4158], [127.7521, 26.4153], [127.7509, 26.4153], [127.7488, 26.4157], [127.7479, 26.4169], [127.7471, 26.4174], [127.7459, 26.4177], [127.7452, 26.4184], [127.7451, 26.4179], [127.7446, 26.4177], [127.7422, 26.4205], [127.7421, 26.4217], [127.7418, 26.4222], [127.7417, 26.4226], [127.7413, 26.4227], [127.7385, 26.4223], [127.7363, 26.4224], [127.7357, 26.4226], [127.7355, 26.4232], [127.7352, 26.4231], [127.7351, 26.4234], [127.7345, 26.4235], [127.7345, 26.4243], [127.7334, 26.4248], [127.7326, 26.4273], [127.7322, 26.4275], [127.732, 26.4284], [127.7321, 26.429], [127.7317, 26.4299], [127.7307, 26.431], [127.7302, 26.432], [127.7284, 26.4337], [127.7278, 26.4348], [127.7279, 26.4352], [127.7271, 26.4361], [127.7271, 26.4356], [127.7269, 26.4364], [127.7256, 26.4381], [127.7257, 26.439], [127.7247, 26.4395], [127.725, 26.4398], [127.7249, 26.4401], [127.7246, 26.4402], [127.7242, 26.4398], [127.7239, 26.4403], [127.7233, 26.4403], [127.7225, 26.4398], [127.7206, 26.4396], [127.7191, 26.4401], [127.7189, 26.4399], [127.7184, 26.4403], [127.7171, 26.4402], [127.7166, 26.4405], [127.7153, 26.4406], [127.7141, 26.4411], [127.7132, 26.4417], [127.7126, 26.4414], [127.7127, 26.441], [127.7119, 26.441], [127.7114, 26.4405], [127.7113, 26.4399], [127.7119, 26.4394], [127.7119, 26.439], [127.7121, 26.4389], [127.7123, 26.4393], [127.7122, 26.4389], [127.7128, 26.4391], [127.7126, 26.4388], [127.713, 26.4389], [127.7132, 26.4384], [127.714, 26.4382], [127.714, 26.4379], [127.7143, 26.438], [127.7144, 26.4376], [127.7146, 26.4376], [127.7146, 26.4366], [127.7149, 26.4364], [127.7147, 26.436], [127.715, 26.4364], [127.7157, 26.4357], [127.7158, 26.4347], [127.7153, 26.4346], [127.7167, 26.4344], [127.7172, 26.4333], [127.717, 26.4322], [127.7161, 26.4307], [127.7151, 26.4304], [127.7154, 26.43], [127.7153, 26.4287], [127.7145, 26.4257], [127.7145, 26.424], [127.7142, 26.4234], [127.7143, 26.4223], [127.7141, 26.4221], [127.7142, 26.4214], [127.7138, 26.4204], [127.7137, 26.4183], [127.7132, 26.4181], [127.7136, 26.4179], [127.7136, 26.4174], [127.7133, 26.4173], [127.7139, 26.4156], [127.7138, 26.4147], [127.7142, 26.4145], [127.7143, 26.4147], [127.7146, 26.4144], [127.715, 26.4129], [127.7146, 26.4119], [127.7136, 26.4116], [127.7137, 26.4114], [127.7134, 26.4112], [127.7141, 26.4108], [127.7141, 26.4102], [127.7138, 26.4101], [127.7138, 26.4098], [127.715, 26.4097], [127.7152, 26.4093], [127.7148, 26.4092], [127.7152, 26.4092], [127.7153, 26.409], [127.7147, 26.4083], [127.7142, 26.4082], [127.7148, 26.4083], [127.7153, 26.4089], [127.7155, 26.4076], [127.7157, 26.4076], [127.7158, 26.4067], [127.7162, 26.4062], [127.7164, 26.405], [127.7156, 26.4038], [127.716, 26.4038], [127.7168, 26.4022], [127.7172, 26.4021], [127.719, 26.398], [127.722, 26.3937], [127.7224, 26.3918], [127.723, 26.3914], [127.7229, 26.391], [127.7232, 26.391], [127.7235, 26.3906], [127.7226, 26.3905], [127.7226, 26.3897], [127.7228, 26.3898], [127.7228, 26.3901], [127.7238, 26.3901], [127.7239, 26.3897], [127.7235, 26.3897], [127.7237, 26.3897], [127.7237, 26.3894], [127.7234, 26.3891], [127.7229, 26.3893], [127.7231, 26.3891], [127.7236, 26.3891], [127.724, 26.3882], [127.723, 26.3876], [127.7225, 26.3889], [127.722, 26.3893], [127.7224, 26.3889], [127.7231, 26.387], [127.7249, 26.3876], [127.7251, 26.3875], [127.7258, 26.3865], [127.7252, 26.3865], [127.7255, 26.3862], [127.7259, 26.3862], [127.7261, 26.3859], [127.7262, 26.3853], [127.726, 26.3849], [127.7271, 26.385], [127.7277, 26.3843], [127.7275, 26.3838], [127.7281, 26.3835], [127.7281, 26.3833], [127.7276, 26.3832], [127.7276, 26.3831], [127.7283, 26.3831], [127.7296, 26.3818], [127.7303, 26.3802], [127.7311, 26.375], [127.7334, 26.3716], [127.7336, 26.3708], [127.7344, 26.3696], [127.7358, 26.3666], [127.7363, 26.3665], [127.7374, 26.3651], [127.7379, 26.364], [127.7376, 26.3638], [127.7373, 26.363], [127.7378, 26.3631], [127.7379, 26.3627], [127.7382, 26.3631], [127.7384, 26.3629], [127.7391, 26.363], [127.7402, 26.3636], [127.741, 26.3636], [127.7432, 26.363], [127.7443, 26.3619], [127.7464, 26.3616], [127.7461, 26.3635], [127.7462, 26.3639], [127.7465, 26.3642], [127.7472, 26.3644], [127.748, 26.3641], [127.7494, 26.3641], [127.7519, 26.3664], [127.7536, 26.3671], [127.7547, 26.368], [127.7553, 26.368], [127.7569, 26.3674], [127.7587, 26.3679], [127.7592, 26.3683], [127.7605, 26.3678], [127.7614, 26.3686], [127.7628, 26.3686], [127.764, 26.3678], [127.7645, 26.369], [127.7644, 26.3695], [127.7646, 26.3698], [127.7657, 26.3698], [127.7669, 26.3693], [127.768, 26.3692], [127.7687, 26.3698], [127.7698, 26.3701], [127.7699, 26.3703], [127.769, 26.3704], [127.7686, 26.3707], [127.7686, 26.3712], [127.7691, 26.3716], [127.7681, 26.3731], [127.7685, 26.3734], [127.7691, 26.3753], [127.7691, 26.3761], [127.7687, 26.3762], [127.7686, 26.3765], [127.7689, 26.3772], [127.7693, 26.3775], [127.769, 26.3783], [127.7685, 26.3786], [127.7687, 26.3796], [127.7694, 26.3806], [127.7702, 26.381], [127.7704, 26.3815], [127.7708, 26.3816], [127.7713, 26.3822], [127.7714, 26.3828], [127.7718, 26.383], [127.7715, 26.3854], [127.7723, 26.3861], [127.7731, 26.3882], [127.7725, 26.3895], [127.7735, 26.3899], [127.7732, 26.3913], [127.7738, 26.392], [127.774, 26.3928], [127.775, 26.3941], [127.7759, 26.396], [127.7765, 26.3958], [127.7773, 26.396], [127.7782, 26.3967], [127.7811, 26.4013], [127.7821, 26.4046], [127.7849, 26.4037], [127.7856, 26.4054], [127.7852, 26.4068], [127.7853, 26.4079], [127.7849, 26.4112], [127.7853, 26.4136], [127.7864, 26.4158]]]}, "properties": {"name": "沖縄県読谷村"}}, {"type": "Feature", "geometry": {"type": "Polygon", "coordinates": [[[127.7853, 26.4079], [127.7852, 26.4068], [127.7856, 26.4054], [127.7849, 26.4037], [127.7821, 26.4046], [127.7811, 26.4013], [127.7782, 26.3967], [127.7773, 26.396], [127.7765, 26.3958], [127.7759, 26.396], [127.775, 26.3941], [127.774, 26.3928], [127.7738, 26.392], [127.7732, 26.3913], [127.7735, 26.3899], [127.7725, 26.3895], [127.7731, 26.3882], [127.7723, 26.3861], [127.7715, 26.3854], [127.7718, 26.383], [127.7714, 26.3828], [127.7713, 26.3822], [127.7708, 26.3816], [127.7704, 26.3815], [127.7702, 26.381], [127.7694, 26.3806], [127.7687, 26.3796], [127.7685, 26.3786], [127.769, 26.3783], [127.7693, 26.3775], [127.7689, 26.3772], [127.7686, 26.3765], [127.7687, 26.3762], [127.7691, 26.3761], [127.7691, 26.3753], [127.7685, 26.3734], [127.7681, 26.3731], [127.7691, 26.3716], [127.7686, 26.3712], [127.7686, 26.3707], [127.769, 26.3704], [127.7699, 26.3703], [127.7698, 26.3701], [127.7687, 26.3698], [127.768, 26.3692], [127.7669, 26.3693], [127.7657, 26.3698], [127.7646, 26.3698], [127.7644, 26.3695], [127.7645, 26.369], [127.764, 26.3678], [127.7628, 26.3686], [127.7614, 26.3686], [127.7605, 26.3678], [127.7592, 26.3683], [127.7587, 26.3679], [127.7569, 26.3674], [127.7553, 26.368], [127.7547, 26.368], [127.7536, 26.3671], [127.7519, 26.3664], [127.7494, 26.3641], [127.748, 26.3641], [127.7464, 26.3636], [127.7466, 26.3626], [127.7474, 26.3614], [127.7468, 26.3607], [127.7463, 26.3606], [127.7453, 26.361], [127.7436, 26.3612], [127.7424, 26.362], [127.7413, 26.3622], [127.7407, 26.3617], [127.7403, 26.3605], [127.7404, 26.3599], [127.7391, 26.3595], [127.7394, 26.3582], [127.7403, 26.3572], [127.7415, 26.3502], [127.7432, 26.3508], [127.7426, 26.3526], [127.7434, 26.3528], [127.7439, 26.3518], [127.7454, 26.3516], [127.7452, 26.351], [127.7446, 26.3511], [127.7447, 26.3507], [127.7452, 26.351], [127.7451, 26.3504], [127.7448, 26.3501], [127.7449, 26.35], [127.7453, 26.3503], [127.7454, 26.3491], [127.7452, 26.3487], [127.7444, 26.3487], [127.7443, 26.3485], [127.7453, 26.3481], [127.7461, 26.3484], [127.7445, 26.3476], [127.745, 26.3477], [127.7452, 26.3474], [127.7459, 26.3453], [127.7459, 26.3439], [127.7455, 26.3436], [127.746, 26.3426], [127.7484, 26.3429], [127.7503, 26.3436], [127.7509, 26.3432], [127.752, 26.3432], [127.7536, 26.3421], [127.7544, 26.3422], [127.7547, 26.342], [127.7549, 26.3422], [127.7553, 26.3421], [127.756, 26.3408], [127.7582, 26.3399], [127.7595, 26.3403], [127.7609, 26.3415], [127.7618, 26.3419], [127.7623, 26.3419], [127.7628, 26.3416], [127.7636, 26.3418], [127.7641, 26.3422], [127.7639, 26.3424], [127.7641, 26.3425], [127.7661, 26.3416], [127.767, 26.3417], [127.7674, 26.3409], [127.7682, 26.3413], [127.7683, 26.3417], [127.7694, 26.3411], [127.7707, 26.3427], [127.7709, 26.3436], [127.7716, 26.3434], [127.7731, 26.3462], [127.7741, 26.3464], [127.7744, 26.3463], [127.7747, 26.3456], [127.7758, 26.3455], [127.7762, 26.3448], [127.7763, 26.3431], [127.7772, 26.3431], [127.7776, 26.3432], [127.7785, 26.3428], [127.779, 26.3418], [127.7797, 26.3411], [127.7805, 26.3413], [127.7809, 26.3419], [127.781, 26.3439], [127.7836, 26.347], [127.7845, 26.3486], [127.7841, 26.3498], [127.7834, 26.3504], [127.7831, 26.3527], [127.7815, 26.3527], [127.7814, 26.3514], [127.7794, 26.3512], [127.7795, 26.3529], [127.7789, 26.3567], [127.779, 26.3607], [127.778, 26.3661], [127.7791, 26.3679], [127.78, 26.3679], [127.7805, 26.3683], [127.7812, 26.3696], [127.7811, 26.3701], [127.7815, 26.3715], [127.7824, 26.3719], [127.7828, 26.3728], [127.7824, 26.3742], [127.7827, 26.3749], [127.7823, 26.3752], [127.7819, 26.3767], [127.7816, 26.3769], [127.7821, 26.3774], [127.7832, 26.3772], [127.7829, 26.3797], [127.7817, 26.3799], [127.7829, 26.3819], [127.7825, 26.3823], [127.7813, 26.3824], [127.7813, 26.3827], [127.7828, 26.3836], [127.7826, 26.3845], [127.7828, 26.3848], [127.7832, 26.3849], [127.7839, 26.3845], [127.7855, 26.3859], [127.7859, 26.3865], [127.7864, 26.3887], [127.7866, 26.3927], [127.7872, 26.3952], [127.7866, 26.3969], [127.7867, 26.3975], [127.7875, 26.3991], [127.7871, 26.4004], [127.7883, 26.4013], [127.7887, 26.4061], [127.788, 26.4077], [127.7853, 26.4079]]]}, "properties": {"name": "沖縄県嘉手納町"}}, {"type": "Feature", "geometry": {"type": "Polygon", "coordinates": [[[127.7794, 26.2962], [127.7798, 26.2977], [127.7789, 26.2977], [127.7793, 26.2989], [127.7791, 26.3002], [127.7784, 26.3005], [127.7774, 26.3014], [127.7767, 26.3024], [127.7762, 26.3039], [127.7761, 26.3044], [127.7769, 26.3052], [127.777, 26.3064], [127.7761, 26.3085], [127.7776, 26.3094], [127.7798, 26.3089], [127.7806, 26.309], [127.7808, 26.3097], [127.7805, 26.3098], [127.7808, 26.3108], [127.7813, 26.3108], [127.7814, 26.3113], [127.7824, 26.3115], [127.7836, 26.3132], [127.7847, 26.3136], [127.7857, 26.3143], [127.786, 26.3156], [127.7845, 26.3171], [127.7842, 26.3181], [127.7813, 26.3177], [127.781, 26.3175], [127.7803, 26.3176], [127.7796, 26.3172], [127.7785, 26.3175], [127.7787, 26.3186], [127.7796, 26.3194], [127.7795, 26.3196], [127.7816, 26.3199], [127.782, 26.3217], [127.7814, 26.3223], [127.7801, 26.3224], [127.7793, 26.3244], [127.7782, 26.3246], [127.7775, 26.3255], [127.7773, 26.327], [127.7783, 26.328], [127.7786, 26.3297], [127.7772, 26.3317], [127.7771, 26.3322], [127.7774, 26.3332], [127.7772, 26.3337], [127.7758, 26.3342], [127.7754, 26.3355], [127.7738, 26.3378], [127.7738, 26.3385], [127.773, 26.3394], [127.7771, 26.3425], [127.7772, 26.3431], [127.7763, 26.3431], [127.7762, 26.3448], [127.7758, 26.3455], [127.7747, 26.3456], [127.7744, 26.3463], [127.7741, 26.3464], [127.7731, 26.3462], [127.7716, 26.3434], [127.7709, 26.3436], [127.7707, 26.3427], [127.7694, 26.3411], [127.7683, 26.3417], [127.7682, 26.3413], [127.7674, 26.3409], [127.767, 26.3417], [127.7661, 26.3416], [127.7641, 26.3425], [127.7639, 26.3424], [127.7641, 26.3422], [127.7636, 26.3418], [127.7628, 26.3416], [127.7623, 26.3419], [127.7618, 26.3419], [127.7609, 26.3415], [127.7595, 26.3403], [127.7582, 26.3399], [127.756, 26.3408], [127.7553, 26.3421], [127.7549, 26.3422], [127.7547, 26.342], [127.7544, 26.3422], [127.7536, 26.3421], [127.752, 26.3432], [127.7509, 26.3432], [127.7503, 26.3436], [127.7484, 26.3429], [127.746, 26.3426], [127.7458, 26.3422], [127.7461, 26.3418], [127.7468, 26.3416], [127.7468, 26.3407], [127.7475, 26.3408], [127.7469, 26.3404], [127.747, 26.34], [127.7474, 26.3396], [127.747, 26.3394], [127.7468, 26.3386], [127.7457, 26.3381], [127.7449, 26.3363], [127.7457, 26.3358], [127.7456, 26.3344], [127.7446, 26.3346], [127.7428, 26.3343], [127.7427, 26.3334], [127.7427, 26.3312], [127.7452, 26.327], [127.7457, 26.3239], [127.7464, 26.3227], [127.748, 26.322], [127.7483, 26.3214], [127.7486, 26.3215], [127.749, 26.3202], [127.7526, 26.3219], [127.752, 26.3232], [127.7537, 26.3241], [127.7547, 26.3225], [127.7555, 26.3229], [127.7546, 26.3239], [127.7548, 26.3239], [127.7563, 26.3222], [127.7558, 26.3223], [127.7556, 26.3227], [127.755, 26.3224], [127.755, 26.3219], [127.7531, 26.3209], [127.7537, 26.3193], [127.7535, 26.3188], [127.7527, 26.3184], [127.7538, 26.3166], [127.7534, 26.3155], [127.7538, 26.3144], [127.754, 26.314], [127.7544, 26.3143], [127.7548, 26.3143], [127.7553, 26.3138], [127.7555, 26.3128], [127.755, 26.3123], [127.7555, 26.3108], [127.7618, 26.3097], [127.7618, 26.3094], [127.76, 26.3092], [127.7601, 26.3085], [127.7596, 26.3073], [127.76, 26.3069], [127.7589, 26.3072], [127.7586, 26.3071], [127.7586, 26.3068], [127.7591, 26.3069], [127.7573, 26.3021], [127.757, 26.3022], [127.7567, 26.302], [127.7567, 26.3017], [127.7572, 26.3015], [127.7573, 26.3011], [127.7577, 26.3013], [127.7582, 26.3001], [127.758, 26.2977], [127.7574, 26.298], [127.7572, 26.2977], [127.7581, 26.2973], [127.7595, 26.297], [127.7573, 26.2969], [127.7571, 26.2951], [127.7574, 26.2947], [127.7583, 26.2939], [127.7585, 26.2944], [127.7599, 26.2942], [127.7597, 26.2938], [127.7616, 26.293], [127.7619, 26.2935], [127.7624, 26.2935], [127.7625, 26.2941], [127.7628, 26.2941], [127.763, 26.2944], [127.7636, 26.2946], [127.7637, 26.2949], [127.7643, 26.2952], [127.7643, 26.2961], [127.7646, 26.2965], [127.7649, 26.2963], [127.7656, 26.2964], [127.7658, 26.2971], [127.7663, 26.2972], [127.7661, 26.2976], [127.7672, 26.2977], [127.7694, 26.2972], [127.7702, 26.2966], [127.7722, 26.2966], [127.7738, 26.2974], [127.7744, 26.2972], [127.7754, 26.2973], [127.7766, 26.2967], [127.7776, 26.2966], [127.778, 26.2963], [127.7794, 26.2962]]]}, "properties": {"name": "沖縄県北谷町"}}, {"type": "Feature", "geometry": {"type": "Polygon", "coordinates": [[[127.7874, 26.2875], [127.7883, 26.2881], [127.7902, 26.2886], [127.7908, 26.2884], [127.7916, 26.2873], [127.7966, 26.2867], [127.7988, 26.2849], [127.7998, 26.2854], [127.8006, 26.2854], [127.8016, 26.2847], [127.8021, 26.2847], [127.8029, 26.2851], [127.8047, 26.2851], [127.8059, 26.2858], [127.806, 26.2864], [127.8067, 26.2862], [127.8071, 26.2869], [127.8077, 26.2866], [127.8083, 26.2871], [127.8095, 26.2873], [127.8097, 26.2878], [127.8096, 26.2881], [127.8104, 26.2886], [127.8114, 26.2883], [127.8146, 26.29], [127.8153, 26.2891], [127.8165, 26.2899], [127.8169, 26.2897], [127.8167, 26.2895], [127.8364, 26.2837], [127.8506, 26.2799], [127.8954, 26.2671], [127.9089, 26.2636], [127.8288, 26.3041], [127.8257, 26.3072], [127.8247, 26.3077], [127.8243, 26.3072], [127.8236, 26.3073], [127.8216, 26.3068], [127.8216, 26.3071], [127.8211, 26.307], [127.8211, 26.3068], [127.8163, 26.3061], [127.8159, 26.3067], [127.8154, 26.307], [127.8141, 26.3059], [127.814, 26.3053], [127.8136, 26.3051], [127.8106, 26.3051], [127.8111, 26.3059], [127.8098, 26.306], [127.8095, 26.3076], [127.8088, 26.3086], [127.8085, 26.3101], [127.8077, 26.3109], [127.8076, 26.3124], [127.8068, 26.3139], [127.8075, 26.3158], [127.8066, 26.3178], [127.807, 26.3182], [127.8069, 26.3186], [127.8076, 26.3188], [127.8087, 26.3227], [127.8079, 26.3234], [127.8073, 26.3247], [127.8076, 26.3254], [127.8074, 26.3261], [127.8071, 26.3262], [127.8067, 26.3258], [127.8056, 26.3262], [127.8052, 26.326], [127.8049, 26.3252], [127.8033, 26.3249], [127.803, 26.3249], [127.8025, 26.326], [127.8017, 26.3263], [127.8004, 26.3258], [127.7999, 26.3249], [127.7992, 26.3245], [127.7989, 26.323], [127.7976, 26.3217], [127.7976, 26.3209], [127.7972, 26.321], [127.7968, 26.3216], [127.7961, 26.3217], [127.7959, 26.3228], [127.7952, 26.3226], [127.7952, 26.3218], [127.7947, 26.3211], [127.7928, 26.3206], [127.7929, 26.3202], [127.7931, 26.32], [127.7947, 26.3199], [127.7951, 26.3192], [127.7959, 26.3188], [127.7954, 26.3184], [127.7949, 26.3184], [127.7946, 26.3172], [127.7938, 26.3176], [127.793, 26.3171], [127.7929, 26.3168], [127.7925, 26.3168], [127.7925, 26.3162], [127.7923, 26.3163], [127.7911, 26.3155], [127.791, 26.3145], [127.7901, 26.3144], [127.789, 26.3147], [127.7889, 26.3151], [127.7896, 26.3153], [127.7884, 26.3172], [127.7856, 26.318], [127.7849, 26.3177], [127.7845, 26.3171], [127.786, 26.3156], [127.7857, 26.3143], [127.7847, 26.3136], [127.7836, 26.3132], [127.7824, 26.3115], [127.7814, 26.3113], [127.7813, 26.3108], [127.7808, 26.3108], [127.7805, 26.3098], [127.7808, 26.3097], [127.7806, 26.309], [127.7798, 26.3089], [127.7776, 26.3094], [127.7761, 26.3085], [127.777, 26.3064], [127.7769, 26.3052], [127.7761, 26.3044], [127.7762, 26.3039], [127.7767, 26.3024], [127.7774, 26.3014], [127.7784, 26.3005], [127.7791, 26.3002], [127.7793, 26.2989], [127.7789, 26.2977], [127.7798, 26.2977], [127.7794, 26.2962], [127.7801, 26.2952], [127.7796, 26.2947], [127.7797, 26.2943], [127.7809, 26.2944], [127.7817, 26.2953], [127.7821, 26.2936], [127.7825, 26.2934], [127.7834, 26.2935], [127.7842, 26.2929], [127.7837, 26.2925], [127.7843, 26.2919], [127.7841, 26.291], [127.7851, 26.2907], [127.7851, 26.2903], [127.7842, 26.2903], [127.7841, 26.2894], [127.7859, 26.2888], [127.7861, 26.2875], [127.7874, 26.2875]]]}, "properties": {"name": "沖縄県北中城村"}}, {"type": "Feature", "geometry": {"type": "Polygon", "coordinates": [[[127.7692, 26.2542], [127.7694, 26.2525], [127.7683, 26.2512], [127.767, 26.2512], [127.7666, 26.2508], [127.7659, 26.2509], [127.7666, 26.2501], [127.7657, 26.25], [127.7654, 26.2493], [127.7656, 26.249], [127.7651, 26.2484], [127.766, 26.2462], [127.7659, 26.2456], [127.765, 26.2451], [127.7649, 26.2433], [127.7653, 26.2429], [127.7667, 26.2427], [127.7676, 26.242], [127.7678, 26.2415], [127.7683, 26.2411], [127.7664, 26.2406], [127.7662, 26.2401], [127.7668, 26.2392], [127.7668, 26.2387], [127.768, 26.2386], [127.7722, 26.2371], [127.7718, 26.2375], [127.772, 26.2378], [127.7753, 26.2377], [127.776, 26.2374], [127.7762, 26.2369], [127.777, 26.2363], [127.7777, 26.237], [127.7799, 26.2361], [127.7823, 26.2344], [127.7874, 26.2319], [127.9105, 26.1716], [127.9682, 26.2093], [127.9518, 26.2335], [127.9454, 26.2408], [127.9413, 26.2337], [127.9214, 26.2572], [127.9089, 26.2636], [127.8954, 26.2671], [127.8506, 26.2799], [127.8364, 26.2837], [127.8167, 26.2895], [127.8169, 26.2897], [127.8165, 26.2899], [127.8153, 26.2891], [127.8146, 26.29], [127.8114, 26.2883], [127.8104, 26.2886], [127.8096, 26.2881], [127.8097, 26.2878], [127.8095, 26.2873], [127.8083, 26.2871], [127.8077, 26.2866], [127.8071, 26.2869], [127.8067, 26.2862], [127.806, 26.2864], [127.8059, 26.2858], [127.8047, 26.2851], [127.8029, 26.2851], [127.8021, 26.2847], [127.8016, 26.2847], [127.8006, 26.2854], [127.7998, 26.2854], [127.7988, 26.2849], [127.7966, 26.2867], [127.7916, 26.2873], [127.7908, 26.2884], [127.7902, 26.2886], [127.7883, 26.2881], [127.7874, 26.2875], [127.7869, 26.2864], [127.7871, 26.2856], [127.7858, 26.2864], [127.7845, 26.2849], [127.7848, 26.285], [127.7857, 26.2841], [127.7851, 26.2838], [127.7842, 26.2844], [127.7838, 26.284], [127.7834, 26.284], [127.7833, 26.2828], [127.7836, 26.2818], [127.7827, 26.2808], [127.783, 26.2804], [127.7823, 26.2796], [127.7817, 26.2793], [127.781, 26.2784], [127.78, 26.2777], [127.7797, 26.2771], [127.7792, 26.2767], [127.7787, 26.2754], [127.778, 26.2752], [127.7774, 26.2745], [127.7769, 26.2737], [127.7765, 26.2722], [127.7752, 26.2712], [127.7738, 26.2693], [127.7735, 26.2684], [127.7737, 26.2674], [127.7725, 26.2657], [127.7725, 26.2643], [127.771, 26.2633], [127.7713, 26.2627], [127.7711, 26.2619], [127.769, 26.2608], [127.768, 26.2591], [127.7675, 26.2587], [127.7686, 26.2577], [127.7683, 26.2563], [127.7691, 26.2549], [127.7692, 26.2542]]]}, "properties": {"name": "沖縄県中城村"}}, {"type": "Feature", "geometry": {"type": "Polygon", "coordinates": [[[127.736, 26.2179], [127.7373, 26.2173], [127.7397, 26.2169], [127.7406, 26.2154], [127.7415, 26.215], [127.7436, 26.2138], [127.7445, 26.213], [127.7454, 26.2131], [127.7474, 26.2126], [127.75, 26.2129], [127.7515, 26.2134], [127.7528, 26.2134], [127.7543, 26.213], [127.7552, 26.2132], [127.7562, 26.2127], [127.7574, 26.213], [127.7585, 26.2129], [127.7613, 26.212], [127.7619, 26.2113], [127.7703, 26.2077], [127.7701, 26.2086], [127.7935, 26.1875], [127.79, 26.23], [127.7878, 26.2312], [127.7874, 26.2319], [127.7823, 26.2344], [127.7799, 26.2361], [127.7777, 26.237], [127.777, 26.2363], [127.7762, 26.2369], [127.776, 26.2374], [127.7753, 26.2377], [127.772, 26.2378], [127.7718, 26.2375], [127.7722, 26.2371], [127.768, 26.2386], [127.7668, 26.2387], [127.7668, 26.2392], [127.7662, 26.2401], [127.7664, 26.2406], [127.7683, 26.2411], [127.7678, 26.2415], [127.7676, 26.242], [127.7667, 26.2427], [127.7653, 26.2429], [127.7649, 26.2433], [127.765, 26.2451], [127.7659, 26.2456], [127.766, 26.2462], [127.7651, 26.2484], [127.7656, 26.249], [127.7654, 26.2493], [127.7657, 26.25], [127.7666, 26.2501], [127.7659, 26.2509], [127.7666, 26.2508], [127.767, 26.2512], [127.7683, 26.2512], [127.7694, 26.2525], [127.7692, 26.2542], [127.7678, 26.2546], [127.7667, 26.2544], [127.7665, 26.2551], [127.7659, 26.2554], [127.7664, 26.2569], [127.766, 26.2571], [127.7654, 26.2563], [127.7647, 26.2561], [127.764, 26.2544], [127.7636, 26.2539], [127.7635, 26.2532], [127.7631, 26.2527], [127.7617, 26.2519], [127.7611, 26.2525], [127.7598, 26.2531], [127.7595, 26.2526], [127.7595, 26.2517], [127.7584, 26.251], [127.7575, 26.25], [127.7568, 26.2502], [127.7571, 26.2508], [127.7568, 26.2513], [127.7561, 26.2515], [127.7549, 26.2515], [127.7543, 26.2518], [127.754, 26.2515], [127.7531, 26.2518], [127.7525, 26.2512], [127.7517, 26.2515], [127.7516, 26.2513], [127.7503, 26.2508], [127.7508, 26.2489], [127.7503, 26.2487], [127.7494, 26.2473], [127.7493, 26.2465], [127.748, 26.2457], [127.7473, 26.2446], [127.7465, 26.2441], [127.7448, 26.2437], [127.7445, 26.2431], [127.744, 26.243], [127.7439, 26.2434], [127.7437, 26.2434], [127.7431, 26.2426], [127.7433, 26.2418], [127.7418, 26.2402], [127.7405, 26.24], [127.7405, 26.2397], [127.7401, 26.2397], [127.7401, 26.24], [127.7395, 26.2399], [127.7397, 26.2393], [127.7392, 26.2383], [127.7393, 26.2375], [127.739, 26.2367], [127.7385, 26.2364], [127.7389, 26.2355], [127.7386, 26.2347], [127.7388, 26.2341], [127.7378, 26.2322], [127.7382, 26.2316], [127.738, 26.2313], [127.7371, 26.2313], [127.737, 26.2308], [127.7363, 26.2305], [127.7363, 26.2302], [127.7359, 26.23], [127.7356, 26.2302], [127.7334, 26.228], [127.7334, 26.2273], [127.7329, 26.2267], [127.7335, 26.2262], [127.7341, 26.2261], [127.7351, 26.2249], [127.7364, 26.2252], [127.7364, 26.224], [127.7368, 26.223], [127.7359, 26.2216], [127.736, 26.2206], [127.7364, 26.22], [127.7357, 26.2191], [127.736, 26.2179]]]}, "properties": {"name": "沖縄県西原町"}}, {"type": "Feature", "geometry": {"type": "Polygon", "coordinates": [[[127.7935, 26.1875], [127.7701, 26.2086], [127.7703, 26.2077], [127.7619, 26.2113], [127.7613, 26.212], [127.7585, 26.2129], [127.7574, 26.213], [127.7562, 26.2127], [127.7552, 26.2132], [127.7543, 26.213], [127.7528, 26.2134], [127.7515, 26.2134], [127.75, 26.2129], [127.7474, 26.2126], [127.7454, 26.2131], [127.7445, 26.213], [127.7436, 26.2138], [127.7415, 26.215], [127.7407, 26.2144], [127.7408, 26.2138], [127.7403, 26.2128], [127.7392, 26.2115], [127.7395, 26.2112], [127.7392, 26.2106], [127.7415, 26.2094], [127.7413, 26.209], [127.7431, 26.2083], [127.7429, 26.2079], [127.7434, 26.2077], [127.7434, 26.2081], [127.7439, 26.2077], [127.744, 26.2071], [127.7446, 26.207], [127.7449, 26.2063], [127.7454, 26.2063], [127.7453, 26.2058], [127.7456, 26.2049], [127.746, 26.2047], [127.746, 26.2042], [127.748, 26.2028], [127.7486, 26.2027], [127.7485, 26.2011], [127.7472, 26.2006], [127.7472, 26.2002], [127.7459, 26.1989], [127.7465, 26.1976], [127.7465, 26.1966], [127.747, 26.196], [127.7473, 26.1967], [127.7477, 26.1971], [127.748, 26.197], [127.7482, 26.1978], [127.7491, 26.1974], [127.75, 26.1965], [127.7525, 26.1966], [127.7532, 26.1959], [127.7539, 26.1959], [127.7543, 26.1961], [127.7546, 26.1965], [127.7574, 26.1963], [127.758, 26.1953], [127.7585, 26.195], [127.7587, 26.1946], [127.7599, 26.1947], [127.7604, 26.1945], [127.7626, 26.1949], [127.7632, 26.1924], [127.7638, 26.1917], [127.7639, 26.1908], [127.7642, 26.1906], [127.764, 26.1898], [127.7645, 26.1883], [127.7658, 26.1875], [127.7659, 26.1865], [127.766, 26.1868], [127.7665, 26.1865], [127.7677, 26.1867], [127.7682, 26.1863], [127.7692, 26.1866], [127.7698, 26.1862], [127.7708, 26.1867], [127.7712, 26.1866], [127.773, 26.1874], [127.7736, 26.1868], [127.7745, 26.1882], [127.776, 26.1888], [127.7935, 26.1875]]]}, "properties": {"name": "沖縄県与那原町"}}, {"type": "Feature", "geometry": {"type": "Polygon", "coordinates": [[[127.7077, 26.1903], [127.7081, 26.1896], [127.7081, 26.1887], [127.7086, 26.1873], [127.7096, 26.1861], [127.7094, 26.1849], [127.7099, 26.1848], [127.7105, 26.185], [127.7107, 26.184], [127.7124, 26.1837], [127.7123, 26.183], [127.7128, 26.1818], [127.7139, 26.1819], [127.714, 26.181], [127.7148, 26.1804], [127.7152, 26.1805], [127.716, 26.1802], [127.7164, 26.1797], [127.7174, 26.1796], [127.7175, 26.1793], [127.7173, 26.1787], [127.7182, 26.1789], [127.719, 26.1775], [127.7207, 26.1759], [127.7213, 26.1758], [127.7242, 26.1766], [127.7256, 26.1762], [127.7252, 26.1758], [127.7257, 26.1757], [127.7255, 26.1754], [127.7262, 26.1747], [127.7259, 26.1738], [127.7251, 26.1738], [127.7244, 26.1731], [127.7255, 26.1725], [127.7256, 26.172], [127.7252, 26.1717], [127.7242, 26.1718], [127.7244, 26.1712], [127.7241, 26.1711], [127.7252, 26.1698], [127.7266, 26.1702], [127.7267, 26.1688], [127.728, 26.1682], [127.7295, 26.1684], [127.7301, 26.1687], [127.7304, 26.1684], [127.7312, 26.1686], [127.7318, 26.1699], [127.7331, 26.1706], [127.7345, 26.1729], [127.7338, 26.1736], [127.7337, 26.1752], [127.7332, 26.1763], [127.7332, 26.178], [127.7336, 26.1792], [127.7341, 26.1798], [127.734, 26.1821], [127.7352, 26.1842], [127.7355, 26.1842], [127.7366, 26.1853], [127.7373, 26.1867], [127.7376, 26.1868], [127.7381, 26.1876], [127.7397, 26.1893], [127.7396, 26.1901], [127.7392, 26.1905], [127.7399, 26.191], [127.7402, 26.1918], [127.7394, 26.1931], [127.7396, 26.1939], [127.7403, 26.1942], [127.7403, 26.1949], [127.7413, 26.1948], [127.7415, 26.1959], [127.7404, 26.196], [127.7408, 26.1975], [127.7417, 26.1982], [127.7432, 26.1979], [127.7444, 26.1981], [127.7459, 26.1989], [127.7472, 26.2002], [127.7472, 26.2006], [127.7485, 26.2011], [127.7486, 26.2027], [127.748, 26.2028], [127.746, 26.2042], [127.746, 26.2047], [127.7456, 26.2049], [127.7453, 26.2058], [127.7454, 26.2063], [127.7449, 26.2063], [127.7446, 26.207], [127.744, 26.2071], [127.7439, 26.2077], [127.7434, 26.2081], [127.7434, 26.2077], [127.7429, 26.2079], [127.7431, 26.2083], [127.7413, 26.209], [127.7415, 26.2094], [127.7392, 26.2106], [127.7395, 26.2112], [127.7392, 26.2115], [127.7403, 26.2128], [127.7408, 26.2138], [127.7407, 26.2144], [127.7415, 26.215], [127.7406, 26.2154], [127.7397, 26.2169], [127.7373, 26.2173], [127.736, 26.2179], [127.734, 26.2183], [127.7323, 26.2178], [127.7319, 26.2166], [127.7307, 26.2164], [127.7304, 26.2161], [127.7297, 26.2162], [127.7291, 26.2156], [127.7287, 26.2155], [127.7285, 26.215], [127.7277, 26.215], [127.7268, 26.2139], [127.7268, 26.2134], [127.7263, 26.2131], [127.726, 26.2121], [127.7255, 26.212], [127.7254, 26.2124], [127.7252, 26.2124], [127.7245, 26.2114], [127.724, 26.2115], [127.7239, 26.2107], [127.7231, 26.2103], [127.7228, 26.2097], [127.723, 26.2087], [127.7224, 26.2082], [127.7224, 26.207], [127.7227, 26.2066], [127.7219, 26.2062], [127.7221, 26.206], [127.7225, 26.206], [127.7228, 26.2054], [127.7225, 26.2046], [127.7226, 26.2032], [127.7229, 26.2032], [127.7224, 26.2022], [127.7229, 26.2022], [127.7233, 26.2009], [127.7227, 26.2002], [127.7227, 26.1998], [127.7217, 26.1992], [127.7217, 26.1985], [127.7212, 26.1982], [127.721, 26.1975], [127.7197, 26.1973], [127.7189, 26.1966], [127.7185, 26.1966], [127.7182, 26.1962], [127.7181, 26.1963], [127.7178, 26.1961], [127.7179, 26.1959], [127.7176, 26.1956], [127.7172, 26.196], [127.7168, 26.1959], [127.7158, 26.1966], [127.7151, 26.1965], [127.7144, 26.196], [127.7137, 26.1959], [127.7133, 26.1961], [127.713, 26.1958], [127.7132, 26.1952], [127.7124, 26.1948], [127.712, 26.1939], [127.7113, 26.1933], [127.7108, 26.1932], [127.71, 26.1927], [127.71, 26.1919], [127.7077, 26.1903]]]}, "properties": {"name": "沖縄県南風原町"}}, {"type": "Feature", "geometry": {"type": "MultiPolygon", "coordinates": [[[[127.3685, 26.2371], [127.3689, 26.2379], [127.3686, 26.2382], [127.368, 26.2379], [127.368, 26.2372], [127.3685, 26.2371]]], [[[127.3689, 26.2362], [127.3687, 26.2369], [127.368, 26.2365], [127.367, 26.2342], [127.3663, 26.2337], [127.3668, 26.2335], [127.3666, 26.2324], [127.3662, 26.2318], [127.3663, 26.2314], [127.3669, 26.2313], [127.3676, 26.2304], [127.3682, 26.2281], [127.3671, 26.2252], [127.3671, 26.224], [127.3677, 26.2241], [127.3684, 26.2236], [127.369, 26.2236], [127.3693, 26.224], [127.3683, 26.2253], [127.3695, 26.2253], [127.371, 26.2266], [127.3716, 26.2266], [127.3714, 26.2272], [127.3722, 26.2277], [127.3718, 26.2283], [127.3719, 26.2288], [127.373, 26.2298], [127.3729, 26.2302], [127.3719, 26.2305], [127.3725, 26.2308], [127.3715, 26.2314], [127.3711, 26.2319], [127.3713, 26.2321], [127.3706, 26.2325], [127.3703, 26.2335], [127.3707, 26.2345], [127.3702, 26.2348], [127.3698, 26.2347], [127.3699, 26.2362], [127.3689, 26.2362]]], [[[127.372, 26.2315], [127.3722, 26.2319], [127.3716, 26.2319], [127.3715, 26.2316], [127.372, 26.2315]]], [[[127.3477, 26.1856], [127.3467, 26.1844], [127.3443, 26.1834], [127.3434, 26.1835], [127.3423, 26.1848], [127.3409, 26.185], [127.3405, 26.1844], [127.3397, 26.1839], [127.3388, 26.1826], [127.3392, 26.1824], [127.3391, 26.1815], [127.3396, 26.1816], [127.3404, 26.1803], [127.3404, 26.179], [127.341, 26.1786], [127.342, 26.175], [127.3417, 26.1715], [127.3408, 26.1706], [127.3409, 26.1696], [127.3411, 26.1694], [127.3416, 26.1698], [127.3438, 26.1703], [127.3455, 26.1701], [127.3472, 26.1689], [127.3479, 26.1677], [127.3477, 26.1669], [127.3482, 26.1669], [127.3481, 26.1656], [127.347, 26.1657], [127.347, 26.1648], [127.3459, 26.1622], [127.345, 26.1615], [127.3449, 26.1611], [127.3453, 26.1608], [127.3448, 26.1604], [127.345, 26.1598], [127.3467, 26.1588], [127.3468, 26.1586], [127.3466, 26.1579], [127.3459, 26.1577], [127.3463, 26.1573], [127.3463, 26.1569], [127.3457, 26.1563], [127.3463, 26.156], [127.3451, 26.155], [127.3447, 26.1541], [127.3455, 26.1532], [127.3456, 26.1526], [127.3447, 26.1517], [127.3448, 26.1514], [127.3446, 26.1515], [127.344, 26.151], [127.3447, 26.151], [127.345, 26.1506], [127.3458, 26.1508], [127.3462, 26.1504], [127.3467, 26.1485], [127.3464, 26.1477], [127.3458, 26.1472], [127.3457, 26.1463], [127.3473, 26.1458], [127.3479, 26.146], [127.3488, 26.1458], [127.3493, 26.1465], [127.3491, 26.1472], [127.3494, 26.1474], [127.3503, 26.1475], [127.3503, 26.1478], [127.3498, 26.148], [127.3501, 26.1481], [127.3503, 26.149], [127.3492, 26.1491], [127.3492, 26.1501], [127.3494, 26.1506], [127.3504, 26.1513], [127.3505, 26.1517], [127.3503, 26.1522], [127.3507, 26.153], [127.3508, 26.1539], [127.3519, 26.1556], [127.3524, 26.1557], [127.3523, 26.1559], [127.3544, 26.1569], [127.3549, 26.157], [127.3553, 26.1568], [127.3554, 26.1571], [127.3567, 26.1573], [127.3577, 26.1569], [127.3583, 26.1563], [127.3585, 26.1557], [127.3591, 26.1557], [127.3603, 26.1563], [127.3614, 26.1556], [127.3619, 26.1557], [127.3626, 26.1562], [127.3624, 26.1565], [127.3633, 26.1567], [127.3633, 26.157], [127.3637, 26.1569], [127.3644, 26.1573], [127.3639, 26.1577], [127.3627, 26.158], [127.3625, 26.1608], [127.3616, 26.1641], [127.3623, 26.165], [127.3619, 26.1667], [127.3622, 26.167], [127.3621, 26.1675], [127.3618, 26.1674], [127.3613, 26.168], [127.3608, 26.1701], [127.3612, 26.1706], [127.3609, 26.1706], [127.3607, 26.1719], [127.3616, 26.1719], [127.3618, 26.1723], [127.3611, 26.1723], [127.361, 26.1725], [127.3613, 26.1728], [127.3603, 26.1742], [127.3607, 26.1746], [127.3597, 26.1751], [127.3596, 26.1763], [127.3592, 26.1768], [127.3594, 26.1775], [127.3599, 26.1779], [127.3598, 26.1785], [127.3595, 26.1795], [127.3585, 26.1803], [127.3584, 26.1809], [127.36, 26.1828], [127.3631, 26.1844], [127.3641, 26.1846], [127.3648, 26.1859], [127.3661, 26.186], [127.366, 26.1866], [127.3668, 26.1875], [127.3675, 26.1877], [127.3683, 26.1884], [127.3682, 26.1892], [127.3694, 26.1896], [127.3705, 26.1894], [127.3715, 26.189], [127.372, 26.1901], [127.3728, 26.1901], [127.3727, 26.1902], [127.3713, 26.1905], [127.371, 26.1909], [127.371, 26.1914], [127.3702, 26.1921], [127.37, 26.193], [127.3704, 26.1936], [127.3704, 26.194], [127.3712, 26.1945], [127.3706, 26.1963], [127.3711, 26.1964], [127.3712, 26.1971], [127.373, 26.198], [127.3712, 26.1972], [127.3705, 26.1977], [127.3706, 26.1979], [127.3696, 26.1981], [127.3683, 26.1973], [127.3681, 26.1981], [127.3676, 26.1978], [127.3673, 26.1982], [127.3672, 26.1985], [127.3678, 26.1988], [127.368, 26.1983], [127.3683, 26.1983], [127.3678, 26.1998], [127.367, 26.1996], [127.3672, 26.2003], [127.3681, 26.2005], [127.3682, 26.1999], [127.3682, 26.2001], [127.3699, 26.2004], [127.3697, 26.2011], [127.3706, 26.2013], [127.3707, 26.2011], [127.371, 26.2012], [127.3711, 26.2007], [127.3702, 26.2004], [127.3714, 26.2006], [127.3712, 26.2018], [127.3739, 26.2022], [127.374, 26.2036], [127.3744, 26.2039], [127.3742, 26.2039], [127.3736, 26.2057], [127.374, 26.2059], [127.3734, 26.2071], [127.3737, 26.2081], [127.3725, 26.2082], [127.3718, 26.2091], [127.3712, 26.2113], [127.3713, 26.2127], [127.372, 26.2139], [127.3718, 26.2142], [127.3721, 26.2149], [127.372, 26.2154], [127.3712, 26.2157], [127.3713, 26.2172], [127.3707, 26.2175], [127.3705, 26.2181], [127.3699, 26.2184], [127.3698, 26.219], [127.3701, 26.2198], [127.3698, 26.2202], [127.3679, 26.22], [127.3674, 26.2205], [127.3665, 26.2225], [127.3655, 26.2225], [127.3641, 26.2235], [127.3627, 26.2235], [127.3624, 26.2241], [127.3609, 26.2244], [127.36, 26.225], [127.3578, 26.225], [127.3575, 26.2255], [127.3577, 26.2261], [127.3571, 26.2266], [127.3565, 26.2264], [127.3555, 26.2251], [127.3552, 26.2254], [127.3548, 26.2251], [127.3543, 26.2254], [127.354, 26.225], [127.3535, 26.225], [127.3532, 26.2257], [127.3528, 26.2255], [127.3526, 26.2249], [127.3527, 26.2228], [127.3528, 26.2225], [127.354, 26.2219], [127.3545, 26.2212], [127.3545, 26.2196], [127.3547, 26.219], [127.3546, 26.2184], [127.3553, 26.2174], [127.3546, 26.2164], [127.3532, 26.2151], [127.3517, 26.2143], [127.3508, 26.2122], [127.3482, 26.2109], [127.3483, 26.2102], [127.3497, 26.2087], [127.3499, 26.2075], [127.3497, 26.2065], [127.3482, 26.2037], [127.3454, 26.2016], [127.3459, 26.2015], [127.3455, 26.2003], [127.3454, 26.1983], [127.346, 26.1978], [127.3459, 26.1957], [127.3457, 26.1953], [127.3448, 26.1951], [127.3454, 26.1946], [127.3453, 26.1943], [127.3457, 26.1942], [127.3459, 26.1938], [127.346, 26.1924], [127.3457, 26.1914], [127.3454, 26.1914], [127.3442, 26.1905], [127.3457, 26.1895], [127.346, 26.1887], [127.3465, 26.1887], [127.3469, 26.188], [127.3478, 26.1882], [127.3481, 26.1876], [127.3477, 26.1856]]], [[[127.3763, 26.1999], [127.3749, 26.2007], [127.3754, 26.1994], [127.3762, 26.1987], [127.3761, 26.1979], [127.3765, 26.1972], [127.379, 26.1967], [127.3789, 26.197], [127.3791, 26.1969], [127.3791, 26.1972], [127.3796, 26.1974], [127.3795, 26.198], [127.3802, 26.198], [127.3803, 26.199], [127.3795, 26.1992], [127.3781, 26.1999], [127.3771, 26.1997], [127.3763, 26.1999]]], [[[127.365, 26.242], [127.3648, 26.2421], [127.3646, 26.2418], [127.365, 26.2414], [127.3652, 26.2417], [127.365, 26.242]]], [[[127.3671, 26.2401], [127.3676, 26.2406], [127.3672, 26.241], [127.3666, 26.2404], [127.3671, 26.2401]]], [[[127.3415, 26.169], [127.3413, 26.1695], [127.3411, 26.1689], [127.3415, 26.169]]], [[[127.3411, 26.1694], [127.3405, 26.169], [127.3407, 26.1687], [127.3411, 26.1694]]], [[[127.3406, 26.1645], [127.3404, 26.1648], [127.3393, 26.1642], [127.3386, 26.1642], [127.3372, 26.1637], [127.3373, 26.1629], [127.3383, 26.1631], [127.3386, 26.1629], [127.3386, 26.1625], [127.3382, 26.1622], [127.3373, 26.1622], [127.3371, 26.1619], [127.3373, 26.1617], [127.3364, 26.1609], [127.3372, 26.1607], [127.3375, 26.1604], [127.3375, 26.1598], [127.3371, 26.1596], [127.3375, 26.1594], [127.3372, 26.159], [127.3381, 26.1591], [127.3382, 26.1594], [127.338, 26.1598], [127.3391, 26.1605], [127.339, 26.1609], [127.3397, 26.1611], [127.3394, 26.1616], [127.3399, 26.1623], [127.3396, 26.1627], [127.3395, 26.1633], [127.3406, 26.1645]]], [[[127.3455, 26.146], [127.3452, 26.1465], [127.3445, 26.1466], [127.3436, 26.1463], [127.3438, 26.1459], [127.3432, 26.1459], [127.342, 26.1448], [127.3416, 26.1449], [127.3418, 26.1444], [127.3426, 26.1443], [127.3426, 26.1439], [127.3421, 26.1436], [127.3419, 26.1429], [127.3409, 26.1419], [127.3407, 26.1406], [127.3403, 26.1402], [127.3407, 26.14], [127.3418, 26.1402], [127.3418, 26.1398], [127.341, 26.1392], [127.3414, 26.1391], [127.3415, 26.1386], [127.3419, 26.1384], [127.3424, 26.1387], [127.342, 26.1394], [127.3431, 26.1388], [127.3439, 26.1392], [127.3437, 26.1395], [127.3433, 26.1395], [127.3431, 26.14], [127.3436, 26.1402], [127.3432, 26.1407], [127.3436, 26.1407], [127.3436, 26.141], [127.3445, 26.1414], [127.3445, 26.1417], [127.3442, 26.1418], [127.3447, 26.142], [127.3448, 26.1424], [127.3448, 26.1427], [127.3444, 26.1428], [127.3445, 26.143], [127.3449, 26.1427], [127.3456, 26.1428], [127.3459, 26.1437], [127.3458, 26.1439], [127.3453, 26.1439], [127.3453, 26.1445], [127.3462, 26.145], [127.3465, 26.1447], [127.3472, 26.1448], [127.3455, 26.146]]], [[[127.3419, 26.1365], [127.3422, 26.1369], [127.3416, 26.1371], [127.3405, 26.1367], [127.3407, 26.1364], [127.3419, 26.1365]]], [[[127.4555, 26.2362], [127.4547, 26.2365], [127.4536, 26.2361], [127.4529, 26.2363], [127.4526, 26.2361], [127.4523, 26.2349], [127.4529, 26.2344], [127.4531, 26.2345], [127.454, 26.234], [127.454, 26.2343], [127.4546, 26.2343], [127.4544, 26.2348], [127.4547, 26.2354], [127.4545, 26.236], [127.4555, 26.2359], [127.4555, 26.2362]]], [[[127.4033, 26.2567], [127.4024, 26.2565], [127.4022, 26.2554], [127.4011, 26.256], [127.4011, 26.2555], [127.4022, 26.2535], [127.4024, 26.2517], [127.4026, 26.2512], [127.4033, 26.2513], [127.4034, 26.2503], [127.404, 26.2502], [127.4034, 26.2494], [127.4036, 26.2492], [127.4047, 26.2489], [127.4052, 26.2492], [127.4064, 26.2486], [127.4063, 26.2478], [127.4068, 26.2477], [127.4073, 26.2481], [127.4069, 26.2482], [127.4067, 26.2487], [127.4072, 26.249], [127.4072, 26.2495], [127.4067, 26.2502], [127.4067, 26.2512], [127.4048, 26.2537], [127.4055, 26.255], [127.4045, 26.2552], [127.4046, 26.2561], [127.4038, 26.2555], [127.4034, 26.2556], [127.4033, 26.2567]]], [[[127.5539, 26.2658], [127.5467, 26.2671], [127.544, 26.267], [127.5414, 26.2665], [127.5407, 26.2663], [127.5405, 26.2657], [127.5411, 26.2645], [127.5426, 26.264], [127.5438, 26.265], [127.5456, 26.2655], [127.5539, 26.264], [127.5542, 26.2641], [127.5545, 26.2649], [127.5539, 26.2658]]], [[[127.578, 26.2593], [127.5792, 26.2604], [127.5784, 26.2617], [127.5783, 26.2623], [127.5793, 26.2643], [127.5784, 26.2651], [127.5777, 26.2636], [127.5767, 26.2626], [127.5749, 26.262], [127.5747, 26.2617], [127.5745, 26.2605], [127.5745, 26.2593], [127.5751, 26.2587], [127.577, 26.2592], [127.5776, 26.259], [127.578, 26.2593]]], [[[127.5842, 26.2637], [127.5794, 26.2627], [127.5791, 26.2621], [127.5793, 26.2618], [127.5799, 26.2609], [127.5803, 26.2609], [127.5844, 26.2622], [127.5849, 26.2627], [127.5849, 26.2632], [127.5842, 26.2637]]], [[[127.5605, 26.2506], [127.5583, 26.2505], [127.5581, 26.2503], [127.5606, 26.2501], [127.5609, 26.2498], [127.562, 26.2495], [127.5627, 26.25], [127.5605, 26.2506]]], [[[127.4581, 26.2419], [127.4581, 26.2421], [127.4576, 26.2421], [127.4575, 26.2425], [127.457, 26.2424], [127.457, 26.2421], [127.4563, 26.2418], [127.4561, 26.2418], [127.456, 26.242], [127.4558, 26.2418], [127.4559, 26.2414], [127.4556, 26.2414], [127.4555, 26.2405], [127.455, 26.2399], [127.4554, 26.2391], [127.4553, 26.2377], [127.4583, 26.2389], [127.4588, 26.239], [127.4591, 26.2387], [127.4593, 26.2389], [127.459, 26.2397], [127.4591, 26.2403], [127.4587, 26.241], [127.4589, 26.2412], [127.4589, 26.2415], [127.4587, 26.2414], [127.4588, 26.242], [127.4581, 26.2419]]], [[[127.4521, 26.2302], [127.4518, 26.2306], [127.4517, 26.232], [127.4522, 26.2342], [127.4515, 26.2344], [127.4501, 26.2342], [127.4496, 26.2333], [127.4487, 26.2329], [127.4489, 26.2324], [127.4486, 26.2318], [127.4492, 26.2314], [127.4495, 26.2299], [127.4502, 26.2295], [127.4504, 26.2285], [127.4511, 26.2281], [127.4519, 26.2271], [127.4525, 26.2287], [127.4524, 26.229], [127.4528, 26.2292], [127.4525, 26.2299], [127.4522, 26.2299], [127.4521, 26.2302]]], [[[127.4555, 26.2212], [127.4542, 26.223], [127.4541, 26.224], [127.4532, 26.2242], [127.4524, 26.2261], [127.4521, 26.2259], [127.4516, 26.2248], [127.4514, 26.2232], [127.4507, 26.2226], [127.45, 26.2212], [127.4483, 26.2204], [127.4481, 26.2198], [127.4476, 26.2196], [127.4476, 26.2191], [127.447, 26.2185], [127.4467, 26.2191], [127.4462, 26.2187], [127.4463, 26.2178], [127.4467, 26.2177], [127.4468, 26.2173], [127.4463, 26.2164], [127.4457, 26.2162], [127.4459, 26.2151], [127.4444, 26.2115], [127.4438, 26.2109], [127.444, 26.2107], [127.4435, 26.21], [127.4433, 26.2102], [127.4431, 26.2099], [127.4434, 26.2096], [127.4428, 26.209], [127.4405, 26.2041], [127.44, 26.2039], [127.4395, 26.2041], [127.4389, 26.2037], [127.4386, 26.2027], [127.4388, 26.2017], [127.4386, 26.202], [127.4385, 26.2018], [127.439, 26.2012], [127.4392, 26.2004], [127.4394, 26.2005], [127.4397, 26.2002], [127.4399, 26.2004], [127.4401, 26.2002], [127.4402, 26.2006], [127.4404, 26.2004], [127.4411, 26.2006], [127.4425, 26.2014], [127.4432, 26.2014], [127.4436, 26.2005], [127.4442, 26.2007], [127.4442, 26.201], [127.4446, 26.2009], [127.4454, 26.2015], [127.4459, 26.2025], [127.4462, 26.2022], [127.4464, 26.2027], [127.4467, 26.2025], [127.4467, 26.2035], [127.447, 26.2039], [127.4469, 26.2048], [127.4471, 26.2052], [127.4474, 26.2052], [127.4472, 26.2056], [127.4474, 26.2065], [127.4476, 26.2062], [127.448, 26.2064], [127.4475, 26.2071], [127.4477, 26.2078], [127.4479, 26.2079], [127.4477, 26.2082], [127.448, 26.2086], [127.4479, 26.2093], [127.4484, 26.2094], [127.4484, 26.2101], [127.4492, 26.2115], [127.4505, 26.2132], [127.4511, 26.2129], [127.4517, 26.2132], [127.4517, 26.2135], [127.4512, 26.2135], [127.4521, 26.2141], [127.4521, 26.2148], [127.4527, 26.2151], [127.454, 26.2172], [127.4538, 26.2174], [127.454, 26.2179], [127.4543, 26.2178], [127.4545, 26.2181], [127.4547, 26.2179], [127.4549, 26.2182], [127.4553, 26.2176], [127.4556, 26.2181], [127.4558, 26.2179], [127.4559, 26.2184], [127.4553, 26.2187], [127.4559, 26.219], [127.456, 26.2196], [127.4555, 26.2201], [127.4564, 26.2209], [127.4565, 26.2214], [127.4555, 26.2212]]]]}, "properties": {"name": "沖縄県渡嘉敷村"}}, {"type": "Feature", "geometry": {"type": "MultiPolygon", "coordinates": [[[[127.2949, 26.2128], [127.2956, 26.2131], [127.2955, 26.2134], [127.2959, 26.2139], [127.2959, 26.2172], [127.2956, 26.2181], [127.2953, 26.2182], [127.2941, 26.2168], [127.294, 26.2158], [127.2939, 26.2134], [127.2943, 26.2129], [127.2949, 26.2128]]], [[[127.2975, 26.2131], [127.2972, 26.2133], [127.2968, 26.213], [127.2969, 26.2127], [127.2974, 26.2125], [127.2975, 26.2131]]], [[[127.3266, 26.1986], [127.326, 26.1982], [127.3265, 26.198], [127.3266, 26.1986]]], [[[127.3156, 26.1858], [127.3154, 26.1865], [127.315, 26.1862], [127.3152, 26.1858], [127.3149, 26.1857], [127.3148, 26.185], [127.3153, 26.1853], [127.3149, 26.1847], [127.315, 26.1844], [127.3155, 26.185], [127.316, 26.1852], [127.316, 26.1856], [127.3156, 26.1858]]], [[[127.3129, 26.2322], [127.3127, 26.2322], [127.3124, 26.233], [127.313, 26.2341], [127.3128, 26.2346], [127.3122, 26.2344], [127.3109, 26.2351], [127.3109, 26.2361], [127.3113, 26.2361], [127.3113, 26.2365], [127.3107, 26.2365], [127.311, 26.2375], [127.3127, 26.2389], [127.3134, 26.2386], [127.3134, 26.2388], [127.316, 26.2399], [127.3187, 26.2403], [127.3199, 26.2401], [127.3205, 26.2393], [127.3198, 26.2385], [127.3208, 26.2381], [127.3216, 26.2372], [127.3224, 26.235], [127.3223, 26.2347], [127.3213, 26.2342], [127.3217, 26.2333], [127.3216, 26.2317], [127.32, 26.2301], [127.321, 26.2297], [127.3207, 26.23], [127.3214, 26.23], [127.3218, 26.2305], [127.322, 26.2303], [127.3235, 26.2316], [127.325, 26.232], [127.3273, 26.2321], [127.3286, 26.2317], [127.3303, 26.2307], [127.3317, 26.2294], [127.3322, 26.2281], [127.3328, 26.2283], [127.3332, 26.2287], [127.3332, 26.2291], [127.3327, 26.2296], [127.3331, 26.2306], [127.3328, 26.231], [127.333, 26.2314], [127.3326, 26.2315], [127.3331, 26.2329], [127.3325, 26.2331], [127.329, 26.2325], [127.3282, 26.2333], [127.3276, 26.2346], [127.3274, 26.2357], [127.3275, 26.2362], [127.3279, 26.2366], [127.3284, 26.2365], [127.3297, 26.2371], [127.3298, 26.2376], [127.3304, 26.2382], [127.3305, 26.2388], [127.3318, 26.2393], [127.3324, 26.2398], [127.3324, 26.2405], [127.3313, 26.2405], [127.331, 26.2401], [127.3302, 26.241], [127.3294, 26.2411], [127.3271, 26.2436], [127.3262, 26.2443], [127.3263, 26.2445], [127.3254, 26.2445], [127.3247, 26.2447], [127.3239, 26.2445], [127.3232, 26.245], [127.3223, 26.245], [127.3224, 26.2452], [127.3216, 26.2454], [127.3217, 26.2456], [127.3213, 26.2458], [127.3212, 26.2455], [127.3206, 26.2455], [127.3196, 26.2461], [127.3197, 26.2463], [127.3192, 26.2465], [127.3194, 26.2468], [127.3188, 26.2469], [127.3189, 26.2473], [127.3186, 26.2476], [127.3175, 26.248], [127.3175, 26.2466], [127.3163, 26.2464], [127.316, 26.2467], [127.3154, 26.2465], [127.3151, 26.2462], [127.3152, 26.2458], [127.3148, 26.2458], [127.3148, 26.2454], [127.3143, 26.2453], [127.3135, 26.2458], [127.3124, 26.246], [127.3124, 26.2463], [127.312, 26.2464], [127.3124, 26.2476], [127.3114, 26.2478], [127.3108, 26.2474], [127.3112, 26.2493], [127.3106, 26.2498], [127.311, 26.2512], [127.3106, 26.2515], [127.3104, 26.2514], [127.31, 26.2521], [127.3096, 26.2519], [127.3101, 26.2504], [127.3097, 26.2503], [127.3094, 26.2496], [127.3082, 26.2487], [127.3073, 26.2491], [127.3066, 26.2489], [127.3069, 26.2478], [127.3065, 26.2477], [127.3065, 26.2475], [127.3074, 26.2469], [127.3074, 26.2461], [127.3066, 26.247], [127.3054, 26.2472], [127.3066, 26.2465], [127.3069, 26.2458], [127.3077, 26.2455], [127.308, 26.2451], [127.3076, 26.2443], [127.3081, 26.2435], [127.308, 26.243], [127.3077, 26.2423], [127.307, 26.2419], [127.3073, 26.2415], [127.3071, 26.2413], [127.3074, 26.2411], [127.3071, 26.2405], [127.3065, 26.2405], [127.3061, 26.2401], [127.3055, 26.24], [127.3046, 26.2389], [127.303, 26.2382], [127.3024, 26.238], [127.3005, 26.2381], [127.3001, 26.239], [127.2993, 26.2396], [127.2991, 26.2407], [127.2985, 26.2412], [127.2983, 26.2411], [127.2976, 26.2416], [127.2969, 26.2414], [127.2962, 26.242], [127.295, 26.2422], [127.295, 26.2412], [127.2941, 26.2408], [127.2942, 26.2404], [127.2938, 26.2398], [127.2934, 26.24], [127.2936, 26.2386], [127.2932, 26.2382], [127.2936, 26.2373], [127.2931, 26.2372], [127.2935, 26.2362], [127.2932, 26.2353], [127.2917, 26.2346], [127.2914, 26.2353], [127.2912, 26.235], [127.2914, 26.2342], [127.2902, 26.2335], [127.2902, 26.2339], [127.2899, 26.234], [127.29, 26.2334], [127.2895, 26.2333], [127.289, 26.234], [127.2886, 26.234], [127.288, 26.2333], [127.2865, 26.233], [127.2852, 26.2333], [127.2848, 26.2327], [127.2837, 26.2325], [127.2835, 26.2336], [127.282, 26.2346], [127.2821, 26.2338], [127.2828, 26.2326], [127.2826, 26.2324], [127.2815, 26.233], [127.2812, 26.2327], [127.2809, 26.231], [127.2814, 26.2303], [127.2818, 26.2304], [127.2819, 26.2297], [127.2824, 26.2295], [127.2823, 26.2291], [127.2817, 26.2285], [127.2827, 26.2275], [127.2839, 26.2278], [127.2848, 26.2275], [127.2874, 26.2278], [127.2893, 26.2276], [127.2902, 26.2272], [127.2906, 26.2274], [127.2937, 26.226], [127.2935, 26.2258], [127.2937, 26.226], [127.2942, 26.2257], [127.2941, 26.2255], [127.2936, 26.2255], [127.2938, 26.2254], [127.2938, 26.2248], [127.2959, 26.2235], [127.2968, 26.2243], [127.2971, 26.225], [127.298, 26.2256], [127.2997, 26.2243], [127.2992, 26.2248], [127.3004, 26.2271], [127.3001, 26.2273], [127.3004, 26.2278], [127.3023, 26.2273], [127.3014, 26.2264], [127.3021, 26.2261], [127.3024, 26.2267], [127.303, 26.2269], [127.3038, 26.2264], [127.3032, 26.2251], [127.3036, 26.2256], [127.3041, 26.2253], [127.3035, 26.2243], [127.3025, 26.2246], [127.3019, 26.2236], [127.3009, 26.2238], [127.3027, 26.2233], [127.3023, 26.2226], [127.3038, 26.221], [127.3033, 26.2199], [127.3035, 26.2195], [127.3046, 26.2193], [127.305, 26.2195], [127.3078, 26.2186], [127.3081, 26.2189], [127.3078, 26.2191], [127.3082, 26.221], [127.3088, 26.2211], [127.3079, 26.2214], [127.308, 26.2223], [127.3092, 26.2241], [127.3105, 26.2255], [127.3115, 26.2259], [127.3128, 26.226], [127.3132, 26.226], [127.3136, 26.2254], [127.3143, 26.2253], [127.3145, 26.2256], [127.3153, 26.2258], [127.3155, 26.2261], [127.3156, 26.2267], [127.3151, 26.2271], [127.3148, 26.227], [127.3141, 26.2276], [127.3139, 26.2284], [127.3142, 26.2295], [127.3135, 26.2298], [127.3134, 26.2302], [127.3136, 26.2309], [127.3143, 26.2317], [127.3134, 26.2323], [127.3129, 26.2322]]], [[[127.3093, 26.2158], [127.3088, 26.2177], [127.3085, 26.2164], [127.3089, 26.2131], [127.3085, 26.2111], [127.3097, 26.2091], [127.3095, 26.2069], [127.3103, 26.2048], [127.3104, 26.2036], [127.3103, 26.2022], [127.3099, 26.2009], [127.3095, 26.2005], [127.3098, 26.1997], [127.3107, 26.199], [127.3111, 26.1983], [127.3119, 26.1982], [127.3127, 26.1979], [127.3128, 26.1975], [127.3131, 26.1976], [127.3136, 26.1983], [127.3134, 26.199], [127.3139, 26.2], [127.3159, 26.202], [127.3163, 26.2021], [127.3168, 26.203], [127.3171, 26.2028], [127.3172, 26.2044], [127.3163, 26.2056], [127.3152, 26.2064], [127.3141, 26.2065], [127.3128, 26.2071], [127.3112, 26.2084], [127.3105, 26.2126], [127.3106, 26.2151], [127.3101, 26.2157], [127.3093, 26.2158]]], [[[127.2746, 26.1789], [127.2744, 26.1791], [127.2744, 26.1789], [127.2737, 26.1787], [127.274, 26.1781], [127.2738, 26.178], [127.2744, 26.1776], [127.275, 26.1781], [127.2746, 26.1789]]], [[[127.2685, 26.2161], [127.2685, 26.2166], [127.268, 26.2171], [127.2673, 26.2161], [127.267, 26.216], [127.2671, 26.2157], [127.2677, 26.2153], [127.2685, 26.2161]]], [[[127.2698, 26.216], [127.2686, 26.2159], [127.2679, 26.2152], [127.2685, 26.2151], [127.2683, 26.2148], [127.2688, 26.2143], [127.2684, 26.2137], [127.2688, 26.2136], [127.2687, 26.2134], [127.2693, 26.2138], [127.2689, 26.2147], [127.2698, 26.216]]], [[[127.281, 26.211], [127.2809, 26.2132], [127.2799, 26.2126], [127.2795, 26.2115], [127.2785, 26.211], [127.2776, 26.211], [127.2771, 26.2103], [127.2772, 26.2098], [127.2745, 26.2084], [127.2735, 26.2082], [127.2723, 26.2086], [127.2711, 26.2082], [127.272, 26.2071], [127.2715, 26.2065], [127.2703, 26.2065], [127.2705, 26.2054], [127.2696, 26.2027], [127.2689, 26.2018], [127.2659, 26.1999], [127.2654, 26.1989], [127.2647, 26.1985], [127.2655, 26.1977], [127.2653, 26.1974], [127.2656, 26.1968], [127.2652, 26.1962], [127.2671, 26.197], [127.268, 26.1965], [127.2678, 26.1961], [127.2681, 26.1951], [127.2674, 26.1939], [127.2675, 26.1937], [127.2685, 26.194], [127.2691, 26.1945], [127.2697, 26.1946], [127.2701, 26.1953], [127.27, 26.1966], [127.2702, 26.1969], [127.2709, 26.1971], [127.2717, 26.1971], [127.2726, 26.196], [127.273, 26.1961], [127.2733, 26.1967], [127.2738, 26.197], [127.2752, 26.1965], [127.2757, 26.196], [127.2762, 26.1952], [127.276, 26.1949], [127.2761, 26.1939], [127.2743, 26.1918], [127.2746, 26.1915], [127.2748, 26.1917], [127.2751, 26.1915], [127.2749, 26.1911], [127.2751, 26.1904], [127.2759, 26.1903], [127.2761, 26.1896], [127.2761, 26.1892], [127.2754, 26.1891], [127.2756, 26.1886], [127.2752, 26.1885], [127.2756, 26.1883], [127.2755, 26.1872], [127.2752, 26.1869], [127.2753, 26.1867], [127.2767, 26.1867], [127.2774, 26.187], [127.2785, 26.1884], [127.2789, 26.1883], [127.2785, 26.1888], [127.2789, 26.1893], [127.2808, 26.1899], [127.2825, 26.1898], [127.2825, 26.1885], [127.2835, 26.1878], [127.2836, 26.1879], [127.2825, 26.1887], [127.2826, 26.1897], [127.2837, 26.1896], [127.2837, 26.1898], [127.2842, 26.1898], [127.2839, 26.1886], [127.2851, 26.1894], [127.2852, 26.1892], [127.2861, 26.1897], [127.2855, 26.1895], [127.2848, 26.1908], [127.285, 26.1912], [127.2863, 26.1918], [127.2867, 26.1911], [127.287, 26.1914], [127.2873, 26.1909], [127.287, 26.1901], [127.2874, 26.1909], [127.2863, 26.1927], [127.2869, 26.1933], [127.2873, 26.1932], [127.2874, 26.194], [127.2879, 26.1943], [127.2889, 26.1945], [127.2898, 26.1938], [127.2907, 26.1935], [127.2923, 26.1944], [127.2934, 26.1942], [127.2923, 26.1957], [127.292, 26.1958], [127.2921, 26.1965], [127.2915, 26.1967], [127.2916, 26.1976], [127.2919, 26.1977], [127.2917, 26.1986], [127.2904, 26.1986], [127.2898, 26.199], [127.286, 26.2042], [127.2847, 26.2063], [127.2846, 26.2069], [127.2843, 26.207], [127.284, 26.2078], [127.2828, 26.2078], [127.2817, 26.2089], [127.281, 26.211]]], [[[127.2375, 26.182], [127.2371, 26.1825], [127.2365, 26.1829], [127.2362, 26.1817], [127.2358, 26.1817], [127.2375, 26.1803], [127.237, 26.1794], [127.2344, 26.1764], [127.2337, 26.1765], [127.2327, 26.1758], [127.2331, 26.1756], [127.2336, 26.1746], [127.2333, 26.1735], [127.2338, 26.1719], [127.2339, 26.1701], [127.2336, 26.1698], [127.2337, 26.1694], [127.233, 26.1695], [127.233, 26.1686], [127.2323, 26.1687], [127.2319, 26.1681], [127.2324, 26.1666], [127.233, 26.1668], [127.2333, 26.1666], [127.2332, 26.166], [127.2336, 26.1654], [127.2336, 26.1652], [127.2333, 26.1653], [127.2331, 26.1651], [127.2337, 26.1647], [127.2327, 26.1645], [127.2326, 26.1639], [127.2321, 26.164], [127.232, 26.1633], [127.233, 26.1629], [127.234, 26.1634], [127.2342, 26.163], [127.2345, 26.1633], [127.2344, 26.1638], [127.2347, 26.1636], [127.2351, 26.1638], [127.235, 26.1643], [127.2355, 26.1641], [127.2357, 26.1645], [127.2371, 26.1644], [127.2377, 26.164], [127.2377, 26.1635], [127.2393, 26.1629], [127.2401, 26.1623], [127.2406, 26.1627], [127.2409, 26.1626], [127.2414, 26.1629], [127.2417, 26.1627], [127.2419, 26.1622], [127.2423, 26.1632], [127.2421, 26.1633], [127.2423, 26.1638], [127.2419, 26.1639], [127.2418, 26.1645], [127.241, 26.1649], [127.2409, 26.1653], [127.2413, 26.1653], [127.2409, 26.1657], [127.2413, 26.167], [127.2415, 26.1671], [127.2419, 26.1667], [127.242, 26.167], [127.2418, 26.1674], [127.2414, 26.1674], [127.2414, 26.1684], [127.2418, 26.1686], [127.2415, 26.1689], [127.2416, 26.1697], [127.2418, 26.1697], [127.2414, 26.1704], [127.2419, 26.1719], [127.2426, 26.172], [127.2424, 26.1728], [127.2419, 26.1732], [127.2421, 26.1738], [127.2426, 26.1743], [127.2431, 26.1742], [127.244, 26.1749], [127.2442, 26.1753], [127.2435, 26.1758], [127.2437, 26.1761], [127.2433, 26.1768], [127.2418, 26.1782], [127.2407, 26.1786], [127.239, 26.1802], [127.2377, 26.1807], [127.2375, 26.182]]], [[[127.2644, 26.2008], [127.2641, 26.2], [127.2644, 26.2], [127.2649, 26.2005], [127.2644, 26.2008]]], [[[127.2673, 26.2168], [127.2672, 26.2175], [127.2666, 26.2173], [127.2666, 26.2169], [127.2673, 26.2168]]], [[[127.2743, 26.1818], [127.274, 26.182], [127.2734, 26.1817], [127.2727, 26.1809], [127.2727, 26.1806], [127.2741, 26.1807], [127.2743, 26.1818]]], [[[127.2765, 26.1859], [127.2765, 26.1866], [127.2751, 26.1859], [127.2752, 26.1855], [127.2746, 26.1842], [127.2737, 26.1838], [127.2735, 26.1834], [127.2732, 26.1834], [127.2733, 26.183], [127.273, 26.183], [127.2727, 26.1823], [127.2732, 26.1826], [127.2738, 26.1826], [127.2743, 26.1823], [127.2746, 26.1824], [127.2748, 26.1828], [127.2746, 26.1831], [127.2749, 26.1835], [127.2747, 26.1842], [127.2761, 26.1856], [127.2764, 26.1856], [127.2765, 26.1859]]], [[[127.274, 26.1798], [127.2742, 26.1801], [127.2739, 26.1804], [127.2732, 26.1798], [127.274, 26.1798]]], [[[127.274, 26.1792], [127.2741, 26.1798], [127.2735, 26.1795], [127.2735, 26.1791], [127.274, 26.1792]]], [[[127.2746, 26.1926], [127.2744, 26.1931], [127.2741, 26.1931], [127.2739, 26.1921], [127.2742, 26.1921], [127.2746, 26.1926]]], [[[127.2726, 26.184], [127.2724, 26.1841], [127.2719, 26.1837], [127.2723, 26.1828], [127.2729, 26.1831], [127.2733, 26.1835], [127.2733, 26.1837], [127.2726, 26.184]]], [[[127.2737, 26.1804], [127.2738, 26.1806], [127.2731, 26.1805], [127.2728, 26.1803], [127.2729, 26.1801], [127.2732, 26.18], [127.2737, 26.1804]]], [[[127.2898, 26.1548], [127.2894, 26.1551], [127.2894, 26.1549], [127.2887, 26.1548], [127.2887, 26.1545], [127.2889, 26.1544], [127.2891, 26.1546], [127.2898, 26.1541], [127.2898, 26.1548]]], [[[127.2743, 26.1577], [127.2739, 26.1576], [127.2738, 26.1572], [127.2732, 26.1569], [127.2726, 26.1573], [127.2721, 26.1569], [127.2721, 26.1561], [127.2729, 26.1551], [127.2734, 26.1551], [127.2733, 26.1556], [127.2735, 26.1561], [127.2733, 26.1567], [127.2743, 26.1561], [127.2743, 26.1569], [127.2747, 26.1572], [127.2743, 26.1577]]], [[[127.2861, 26.1875], [127.2858, 26.188], [127.2849, 26.1867], [127.2849, 26.1855], [127.2829, 26.1841], [127.2828, 26.1834], [127.2822, 26.183], [127.2821, 26.1826], [127.2824, 26.1823], [127.2833, 26.1824], [127.2836, 26.1821], [127.284, 26.1804], [127.2844, 26.1802], [127.2844, 26.1793], [127.2849, 26.1791], [127.2855, 26.1783], [127.2856, 26.1771], [127.286, 26.1764], [127.2867, 26.176], [127.2879, 26.1758], [127.2888, 26.1761], [127.289, 26.1757], [127.2891, 26.176], [127.2893, 26.1754], [127.2892, 26.176], [127.2896, 26.1767], [127.2907, 26.1771], [127.2915, 26.1768], [127.2911, 26.1765], [127.2913, 26.1764], [127.2916, 26.1767], [127.2925, 26.1756], [127.2934, 26.1762], [127.2936, 26.1769], [127.2939, 26.1772], [127.2942, 26.1771], [127.2943, 26.1775], [127.2947, 26.1778], [127.295, 26.1776], [127.2951, 26.1779], [127.2963, 26.177], [127.2964, 26.1784], [127.2945, 26.179], [127.2938, 26.18], [127.2937, 26.1807], [127.2943, 26.1813], [127.2937, 26.1817], [127.2937, 26.1845], [127.2932, 26.1852], [127.2931, 26.1857], [127.2919, 26.1863], [127.2912, 26.187], [127.29, 26.1874], [127.2887, 26.1875], [127.2876, 26.1872], [127.2861, 26.1875]]], [[[127.2938, 26.1744], [127.2932, 26.1752], [127.2923, 26.175], [127.2921, 26.1732], [127.2905, 26.1725], [127.2901, 26.1713], [127.29, 26.1716], [127.2895, 26.1712], [127.2891, 26.1702], [127.2884, 26.1701], [127.2887, 26.1698], [127.2893, 26.17], [127.2894, 26.1696], [127.2889, 26.1691], [127.2885, 26.1678], [127.2881, 26.1679], [127.2879, 26.1676], [127.2874, 26.1673], [127.288, 26.1661], [127.2882, 26.1665], [127.2888, 26.1657], [127.2893, 26.166], [127.2897, 26.1659], [127.2899, 26.1653], [127.2898, 26.1649], [127.29, 26.1644], [127.29, 26.1637], [127.2895, 26.1632], [127.2908, 26.162], [127.2909, 26.1609], [127.2911, 26.1606], [127.2924, 26.1607], [127.2928, 26.1614], [127.2928, 26.1622], [127.2932, 26.1628], [127.2942, 26.163], [127.294, 26.1635], [127.2943, 26.1636], [127.295, 26.1644], [127.2956, 26.1666], [127.2966, 26.1672], [127.2963, 26.1677], [127.2963, 26.1684], [127.2967, 26.1682], [127.2966, 26.1685], [127.297, 26.1685], [127.2966, 26.1699], [127.2962, 26.1702], [127.2964, 26.1711], [127.2961, 26.1712], [127.296, 26.1726], [127.295, 26.1737], [127.2944, 26.1739], [127.2945, 26.1742], [127.2938, 26.1744]]], [[[127.2914, 26.1574], [127.2908, 26.1578], [127.2904, 26.1578], [127.2893, 26.157], [127.2887, 26.157], [127.2883, 26.1563], [127.2896, 26.1564], [127.2889, 26.1559], [127.2889, 26.1556], [127.2892, 26.1553], [127.2897, 26.1556], [127.2902, 26.1554], [127.2906, 26.1557], [127.2904, 26.1564], [127.2911, 26.1564], [127.2909, 26.1569], [127.2914, 26.1569], [127.2914, 26.1574]]], [[[127.2883, 26.1602], [127.2878, 26.1602], [127.2877, 26.1598], [127.288, 26.1597], [127.2883, 26.1602]]], [[[127.2918, 26.1601], [127.2912, 26.1601], [127.2917, 26.1589], [127.2919, 26.1589], [127.2918, 26.1595], [127.2921, 26.1592], [127.2923, 26.1591], [127.2925, 26.1593], [127.2928, 26.1591], [127.2928, 26.1601], [127.2918, 26.1601]]], [[[127.2927, 26.1573], [127.2929, 26.1575], [127.2928, 26.1579], [127.2922, 26.1577], [127.2924, 26.1572], [127.2927, 26.1573]]], [[[127.2975, 26.1672], [127.2972, 26.1677], [127.2969, 26.1676], [127.2971, 26.1672], [127.2975, 26.1672]]], [[[127.3055, 26.2493], [127.3053, 26.2498], [127.305, 26.2499], [127.3055, 26.2493]]], [[[127.283, 26.2253], [127.2831, 26.2255], [127.2829, 26.2257], [127.2827, 26.2254], [127.283, 26.2253]]], [[[127.3342, 26.2483], [127.3343, 26.2492], [127.334, 26.2491], [127.3336, 26.2484], [127.3338, 26.2482], [127.3342, 26.2483]]], [[[127.2868, 26.2344], [127.2868, 26.2349], [127.2862, 26.2348], [127.2863, 26.2344], [127.2868, 26.2344]]], [[[127.3361, 26.2276], [127.3364, 26.2281], [127.3358, 26.2283], [127.3357, 26.228], [127.3361, 26.2276]]], [[[127.2856, 26.2273], [127.2859, 26.2275], [127.285, 26.2272], [127.2844, 26.2274], [127.2833, 26.2267], [127.2831, 26.2264], [127.2836, 26.2255], [127.2843, 26.2258], [127.2856, 26.2273]]], [[[127.335, 26.2274], [127.3345, 26.2276], [127.3329, 26.2269], [127.333, 26.2273], [127.3328, 26.2273], [127.3324, 26.2272], [127.3323, 26.2269], [127.3327, 26.2262], [127.334, 26.2257], [127.3347, 26.2251], [127.3352, 26.2255], [127.3348, 26.2257], [127.3355, 26.2263], [127.335, 26.2274]]], [[[127.3356, 26.2268], [127.3356, 26.2271], [127.3351, 26.2275], [127.3356, 26.2268]]], [[[127.2818, 26.2271], [127.2818, 26.2274], [127.2816, 26.2274], [127.2818, 26.2271]]], [[[127.286, 26.2197], [127.2847, 26.2203], [127.2841, 26.2203], [127.2843, 26.2199], [127.2849, 26.2197], [127.2848, 26.2196], [127.2834, 26.2197], [127.283, 26.2193], [127.2832, 26.219], [127.2841, 26.2189], [127.2851, 26.2171], [127.287, 26.2164], [127.2877, 26.2164], [127.2879, 26.2167], [127.2876, 26.2174], [127.2885, 26.2189], [127.2884, 26.2191], [127.2869, 26.2192], [127.2863, 26.2197], [127.286, 26.2197]]], [[[127.2494, 26.2233], [127.2494, 26.2237], [127.2488, 26.2238], [127.2485, 26.2231], [127.2477, 26.2231], [127.2472, 26.222], [127.2457, 26.2211], [127.2455, 26.2216], [127.2451, 26.221], [127.2421, 26.2209], [127.2411, 26.2213], [127.2408, 26.2217], [127.2408, 26.2211], [127.2393, 26.2206], [127.2397, 26.2203], [127.2391, 26.2201], [127.2394, 26.2192], [127.2401, 26.2195], [127.2404, 26.2188], [127.2395, 26.2165], [127.2389, 26.216], [127.2388, 26.2153], [127.2395, 26.2135], [127.2392, 26.2114], [127.2393, 26.2113], [127.2397, 26.2114], [127.2417, 26.2092], [127.2425, 26.2088], [127.2427, 26.2086], [127.2423, 26.2081], [127.2436, 26.2086], [127.2438, 26.2084], [127.2439, 26.2088], [127.2455, 26.2104], [127.2457, 26.2111], [127.2482, 26.2127], [127.2489, 26.2139], [127.2492, 26.2153], [127.2499, 26.2158], [127.2501, 26.2168], [127.2498, 26.2184], [127.2504, 26.2199], [127.2501, 26.2201], [127.2505, 26.2206], [127.25, 26.221], [127.2504, 26.2214], [127.2501, 26.2216], [127.2504, 26.2222], [127.2496, 26.2226], [127.2494, 26.2233]]], [[[127.2411, 26.2241], [127.241, 26.2243], [127.241, 26.2237], [127.2414, 26.2233], [127.2411, 26.2241]]]]}, "properties": {"name": "沖縄県座間味村"}}, {"type": "Feature", "geometry": {"type": "Polygon", "coordinates": [[[127.231, 26.579], [127.2318, 26.5792], [127.2322, 26.5781], [127.233, 26.5776], [127.2344, 26.5774], [127.2344, 26.5776], [127.233, 26.5777], [127.2323, 26.5783], [127.2329, 26.5785], [127.2327, 26.579], [127.2334, 26.5792], [127.2333, 26.5795], [127.235, 26.5799], [127.2353, 26.5797], [127.2351, 26.5793], [127.2348, 26.5794], [127.2344, 26.5793], [127.2348, 26.5794], [127.2354, 26.579], [127.2355, 26.5783], [127.236, 26.5784], [127.2361, 26.5781], [127.2366, 26.578], [127.2366, 26.5771], [127.2372, 26.5774], [127.2373, 26.5764], [127.2375, 26.5767], [127.2375, 26.5772], [127.2379, 26.5771], [127.2377, 26.5766], [127.2383, 26.5765], [127.2383, 26.5762], [127.2386, 26.5762], [127.239, 26.5768], [127.2388, 26.5773], [127.2392, 26.5773], [127.2397, 26.5767], [127.2398, 26.577], [127.2402, 26.5769], [127.2402, 26.5767], [127.2405, 26.5768], [127.2404, 26.576], [127.2408, 26.576], [127.2415, 26.5766], [127.2415, 26.5768], [127.2413, 26.5769], [127.2414, 26.5775], [127.2424, 26.5785], [127.2432, 26.5799], [127.2444, 26.5812], [127.246, 26.5825], [127.2482, 26.5864], [127.2472, 26.5884], [127.2472, 26.5895], [127.247, 26.5893], [127.2469, 26.5898], [127.247, 26.5904], [127.2462, 26.5912], [127.2457, 26.5927], [127.2447, 26.5939], [127.2434, 26.5946], [127.243, 26.5956], [127.2416, 26.5975], [127.2408, 26.5981], [127.2401, 26.5992], [127.2404, 26.5993], [127.2403, 26.5997], [127.2371, 26.6017], [127.2364, 26.6015], [127.2348, 26.6019], [127.2325, 26.6018], [127.2312, 26.6021], [127.2283, 26.6013], [127.228, 26.6011], [127.2278, 26.6013], [127.2273, 26.6011], [127.2262, 26.6004], [127.2255, 26.5986], [127.2243, 26.5972], [127.2207, 26.5961], [127.2185, 26.5942], [127.2176, 26.5938], [127.2175, 26.5932], [127.2164, 26.5925], [127.2163, 26.5921], [127.2166, 26.5919], [127.2155, 26.591], [127.2149, 26.589], [127.2144, 26.5887], [127.2139, 26.5888], [127.2132, 26.5871], [127.2113, 26.5859], [127.2114, 26.5852], [127.2105, 26.5839], [127.21, 26.5824], [127.2105, 26.5805], [127.2099, 26.5794], [127.2089, 26.5784], [127.2083, 26.5771], [127.2081, 26.576], [127.2084, 26.5752], [127.2094, 26.5748], [127.212, 26.575], [127.214, 26.5758], [127.2154, 26.5761], [127.2169, 26.5768], [127.2176, 26.5775], [127.2186, 26.5773], [127.2182, 26.577], [127.2183, 26.5769], [127.2192, 26.5774], [127.2213, 26.5777], [127.222, 26.5777], [127.2222, 26.5772], [127.2225, 26.5775], [127.2235, 26.5777], [127.2237, 26.5776], [127.2244, 26.5778], [127.227, 26.5779], [127.2274, 26.5783], [127.229, 26.5788], [127.231, 26.579]]]}, "properties": {"name": "沖縄県粟国村"}}, {"type": "Feature", "geometry": {"type": "MultiPolygon", "coordinates": [[[[127.1467, 26.3822], [127.1457, 26.3819], [127.1454, 26.3809], [127.1456, 26.3801], [127.1453, 26.3797], [127.1446, 26.3777], [127.1435, 26.3767], [127.1418, 26.3761], [127.1394, 26.3766], [127.139, 26.3735], [127.1375, 26.3726], [127.139, 26.3734], [127.1392, 26.3743], [127.1407, 26.3741], [127.1403, 26.372], [127.1397, 26.3717], [127.1403, 26.3716], [127.1402, 26.3703], [127.1393, 26.3705], [127.1393, 26.3709], [127.1392, 26.3705], [127.1387, 26.3706], [127.1388, 26.3708], [127.1382, 26.3709], [127.1384, 26.3708], [127.1383, 26.3704], [127.1377, 26.3705], [127.1378, 26.3712], [127.139, 26.3715], [127.139, 26.3717], [127.137, 26.3711], [127.1366, 26.3715], [127.1369, 26.3711], [127.1373, 26.3687], [127.1379, 26.3683], [127.1376, 26.3664], [127.1369, 26.3657], [127.1368, 26.365], [127.1375, 26.3647], [127.1388, 26.3627], [127.1389, 26.362], [127.141, 26.3604], [127.1409, 26.3599], [127.1414, 26.36], [127.1421, 26.3593], [127.1424, 26.3581], [127.1413, 26.3571], [127.1408, 26.3557], [127.1411, 26.3558], [127.1423, 26.3553], [127.1425, 26.3549], [127.1419, 26.3543], [127.142, 26.3541], [127.1426, 26.3541], [127.1428, 26.3545], [127.1432, 26.3544], [127.1454, 26.3523], [127.1452, 26.3508], [127.1444, 26.3498], [127.1448, 26.3494], [127.1453, 26.3495], [127.1461, 26.3491], [127.1458, 26.3486], [127.1464, 26.3483], [127.1473, 26.3497], [127.1467, 26.3503], [127.1469, 26.3507], [127.1466, 26.3519], [127.1474, 26.3523], [127.1483, 26.3521], [127.1485, 26.353], [127.1491, 26.3537], [127.151, 26.3548], [127.1521, 26.355], [127.1523, 26.3549], [127.1523, 26.3544], [127.1528, 26.3546], [127.1531, 26.3543], [127.1539, 26.3553], [127.1545, 26.3552], [127.1545, 26.3557], [127.1548, 26.3555], [127.1553, 26.3559], [127.1564, 26.356], [127.1598, 26.3585], [127.1602, 26.3593], [127.1604, 26.3604], [127.1614, 26.3624], [127.1613, 26.3637], [127.1615, 26.3639], [127.161, 26.3642], [127.1597, 26.3636], [127.1591, 26.3637], [127.1573, 26.3627], [127.1558, 26.3629], [127.1553, 26.362], [127.1542, 26.3615], [127.1539, 26.361], [127.1513, 26.362], [127.1497, 26.363], [127.1495, 26.366], [127.1488, 26.3663], [127.1465, 26.3702], [127.1462, 26.3717], [127.1471, 26.372], [127.1481, 26.3731], [127.1481, 26.3734], [127.1486, 26.3736], [127.1487, 26.3759], [127.1502, 26.3774], [127.1509, 26.3777], [127.1507, 26.3791], [127.1512, 26.3799], [127.1505, 26.3815], [127.1492, 26.3812], [127.1478, 26.382], [127.1468, 26.382], [127.1467, 26.3822]]], [[[127.103, 26.3878], [127.1003, 26.3878], [127.1001, 26.3874], [127.1002, 26.3854], [127.1007, 26.3837], [127.0998, 26.382], [127.0994, 26.3819], [127.1006, 26.3818], [127.1031, 26.3829], [127.103, 26.3826], [127.1032, 26.3827], [127.1037, 26.3832], [127.1042, 26.3834], [127.105, 26.385], [127.1052, 26.386], [127.105, 26.3869], [127.1047, 26.3873], [127.103, 26.3878]]]]}, "properties": {"name": "沖縄県渡名喜村"}}, {"type": "Feature", "geometry": {"type": "Polygon", "coordinates": [[[131.2216, 25.8171], [131.2246, 25.8153], [131.2285, 25.8137], [131.2314, 25.8128], [131.2326, 25.8131], [131.2329, 25.8126], [131.2327, 25.8131], [131.2333, 25.8131], [131.2335, 25.8126], [131.2342, 25.8127], [131.2344, 25.8125], [131.235, 25.813], [131.2362, 25.813], [131.2372, 25.8133], [131.2391, 25.8131], [131.2407, 25.8133], [131.2442, 25.8139], [131.2475, 25.8152], [131.2514, 25.8161], [131.2549, 25.8165], [131.2555, 25.8167], [131.2574, 25.8177], [131.2635, 25.8235], [131.2645, 25.8252], [131.2659, 25.8266], [131.2674, 25.8303], [131.2674, 25.832], [131.2667, 25.8349], [131.2674, 25.8389], [131.2705, 25.8471], [131.2726, 25.8509], [131.2733, 25.853], [131.2731, 25.8547], [131.2712, 25.8587], [131.2659, 25.866], [131.2633, 25.8681], [131.2578, 25.8704], [131.2527, 25.8719], [131.2405, 25.8724], [131.2388, 25.8719], [131.2352, 25.8721], [131.2301, 25.871], [131.2272, 25.8701], [131.2256, 25.8702], [131.2242, 25.8691], [131.2231, 25.8686], [131.2205, 25.8666], [131.22, 25.8658], [131.2198, 25.8642], [131.2203, 25.8628], [131.2209, 25.8598], [131.2207, 25.8571], [131.2182, 25.8516], [131.2169, 25.8457], [131.2171, 25.8446], [131.2168, 25.8433], [131.2169, 25.8406], [131.2172, 25.84], [131.2176, 25.835], [131.2173, 25.8325], [131.2162, 25.8289], [131.2143, 25.8253], [131.2137, 25.8247], [131.2132, 25.8234], [131.2138, 25.8224], [131.2159, 25.8207], [131.2177, 25.8198], [131.2188, 25.8188], [131.2216, 25.8171]]]}, "properties": {"name": "沖縄県南大東村"}}, {"type": "Feature", "geometry": {"type": "MultiPolygon", "coordinates": [[[[131.2888, 25.9406], [131.2892, 25.9397], [131.291, 25.9381], [131.2922, 25.9358], [131.2944, 25.9336], [131.2992, 25.9304], [131.3054, 25.9284], [131.3055, 25.9286], [131.3074, 25.9281], [131.3121, 25.9281], [131.3186, 25.929], [131.3222, 25.9308], [131.3231, 25.9319], [131.3242, 25.9364], [131.3256, 25.9392], [131.3278, 25.9424], [131.3301, 25.9474], [131.3303, 25.9482], [131.3318, 25.9501], [131.3323, 25.9513], [131.3321, 25.9521], [131.3307, 25.9533], [131.3229, 25.956], [131.3195, 25.9563], [131.3124, 25.9556], [131.3066, 25.9556], [131.2929, 25.9587], [131.2891, 25.9602], [131.2855, 25.961], [131.2849, 25.9603], [131.2841, 25.9582], [131.2841, 25.9539], [131.285, 25.9486], [131.2858, 25.9461], [131.2873, 25.9427], [131.2883, 25.9411], [131.2888, 25.9406]]], [[[131.1878, 24.4614], [131.1899, 24.4618], [131.1921, 24.4634], [131.1947, 24.4676], [131.1951, 24.4688], [131.1949, 24.4695], [131.1938, 24.4707], [131.1922, 24.4712], [131.1872, 24.4714], [131.1828, 24.4724], [131.1809, 24.4724], [131.1806, 24.4718], [131.1808, 24.4713], [131.1843, 24.4638], [131.1853, 24.4627], [131.1878, 24.4614]]]]}, "properties": {"name": "沖縄県北大東村"}}, {"type": "Feature", "geometry": {"type": "MultiPolygon", "coordinates": [[[[127.9753, 27.0668], [127.9747, 27.0665], [127.9742, 27.0666], [127.9741, 27.0668], [127.9738, 27.0664], [127.9726, 27.0678], [127.9722, 27.0678], [127.971, 27.067], [127.9714, 27.0672], [127.9716, 27.0669], [127.9726, 27.0674], [127.9732, 27.0662], [127.9721, 27.0657], [127.9724, 27.0651], [127.972, 27.0646], [127.9696, 27.0629], [127.9695, 27.0618], [127.9683, 27.0603], [127.9685, 27.0593], [127.9665, 27.0567], [127.9627, 27.0529], [127.9542, 27.0459], [127.9521, 27.0451], [127.9512, 27.045], [127.9509, 27.0445], [127.9506, 27.0445], [127.9504, 27.044], [127.9508, 27.044], [127.9506, 27.0433], [127.9491, 27.0417], [127.9467, 27.0373], [127.9469, 27.0353], [127.9465, 27.0345], [127.9433, 27.0308], [127.9384, 27.0259], [127.9332, 27.0222], [127.9322, 27.0194], [127.9324, 27.0136], [127.9329, 27.0127], [127.9335, 27.0124], [127.9335, 27.0112], [127.9347, 27.0098], [127.9376, 27.0075], [127.9379, 27.0071], [127.9377, 27.0017], [127.9369, 26.9995], [127.9351, 26.9978], [127.9339, 26.9979], [127.9327, 26.9983], [127.9324, 26.9976], [127.9336, 26.9966], [127.9343, 26.9954], [127.9351, 26.9948], [127.936, 26.995], [127.9362, 26.9954], [127.9377, 26.9996], [127.938, 26.9997], [127.9405, 27.0049], [127.9407, 27.0057], [127.9405, 27.0095], [127.9418, 27.0154], [127.9426, 27.0168], [127.9434, 27.0161], [127.9449, 27.0174], [127.9448, 27.0176], [127.9453, 27.0181], [127.9449, 27.0184], [127.9452, 27.0188], [127.9474, 27.0202], [127.9492, 27.0204], [127.9517, 27.0214], [127.9548, 27.0222], [127.9562, 27.0223], [127.9586, 27.0212], [127.9595, 27.0212], [127.9617, 27.0221], [127.9634, 27.0219], [127.9652, 27.0236], [127.9659, 27.024], [127.9661, 27.0247], [127.9668, 27.0252], [127.9666, 27.0257], [127.9666, 27.0266], [127.9671, 27.0273], [127.9668, 27.0277], [127.9669, 27.0281], [127.9673, 27.0282], [127.9668, 27.0292], [127.9657, 27.0285], [127.9651, 27.0285], [127.9646, 27.029], [127.9649, 27.0292], [127.9642, 27.0298], [127.9638, 27.0294], [127.9635, 27.0299], [127.9633, 27.0318], [127.9637, 27.0331], [127.9649, 27.0348], [127.9665, 27.0359], [127.9677, 27.0374], [127.9688, 27.0364], [127.9689, 27.0367], [127.9712, 27.0386], [127.9709, 27.0389], [127.9717, 27.0396], [127.9715, 27.0398], [127.9784, 27.0415], [127.9797, 27.0412], [127.9805, 27.04], [127.9817, 27.0403], [127.983, 27.0401], [127.9911, 27.0441], [127.9931, 27.0482], [127.9956, 27.052], [127.9958, 27.0537], [127.9968, 27.0571], [127.9984, 27.06], [127.9988, 27.0614], [127.9975, 27.0619], [127.9971, 27.0624], [127.9967, 27.0635], [127.9966, 27.0651], [127.9973, 27.0674], [127.9977, 27.0678], [127.9984, 27.068], [127.9994, 27.0688], [127.9994, 27.0699], [128.0011, 27.0746], [128.0027, 27.0756], [128.0027, 27.0771], [128.004, 27.0787], [128.0056, 27.08], [128.0064, 27.0801], [128.0071, 27.0805], [128.0082, 27.0805], [128.0082, 27.0812], [128.0088, 27.0825], [128.0108, 27.0844], [128.0118, 27.0851], [128.0138, 27.0872], [128.0158, 27.089], [128.0172, 27.0896], [128.0183, 27.0898], [128.0202, 27.0893], [128.0217, 27.0902], [128.0223, 27.0921], [128.0222, 27.093], [128.0211, 27.0939], [128.0201, 27.0952], [128.0188, 27.0939], [128.0172, 27.0933], [128.0161, 27.0925], [128.015, 27.0923], [128.0146, 27.0927], [128.0116, 27.0915], [128.01, 27.0905], [128.0085, 27.0901], [128.0071, 27.0901], [128.0064, 27.0903], [128.0044, 27.0893], [128.0025, 27.089], [127.9997, 27.0891], [127.9976, 27.0888], [127.9959, 27.0893], [127.9955, 27.088], [127.9948, 27.0872], [127.9941, 27.0848], [127.9924, 27.0824], [127.9903, 27.0809], [127.9889, 27.0771], [127.9873, 27.0749], [127.9821, 27.0705], [127.9784, 27.0687], [127.9774, 27.0678], [127.9753, 27.0668]]], [[[127.9208, 26.9892], [127.9249, 26.993], [127.9254, 26.9946], [127.925, 26.9952], [127.9256, 26.9959], [127.9261, 26.9956], [127.9265, 26.9959], [127.9264, 26.9971], [127.9274, 26.9978], [127.9283, 26.9981], [127.9245, 27.0005], [127.924, 27.0012], [127.9237, 27.0013], [127.9232, 27.0022], [127.9229, 27.0022], [127.9229, 27.0008], [127.9225, 27.0001], [127.9211, 26.9995], [127.9206, 26.9998], [127.9187, 26.9983], [127.9166, 26.9976], [127.9153, 26.9968], [127.9144, 26.9966], [127.9139, 26.9974], [127.9136, 26.9975], [127.9133, 26.9967], [127.9135, 26.9958], [127.9127, 26.9952], [127.914, 26.9934], [127.9141, 26.9927], [127.915, 26.9918], [127.9178, 26.9905], [127.9182, 26.9901], [127.9208, 26.9892]]]]}, "properties": {"name": "沖縄県伊平屋村"}}, {"type": "Feature", "geometry": {"type": "MultiPolygon", "coordinates": [[[[126.7569, 26.3875], [126.7554, 26.387], [126.7549, 26.3873], [126.7539, 26.387], [126.7537, 26.3874], [126.7531, 26.3875], [126.7528, 26.3872], [126.7529, 26.3869], [126.7537, 26.3868], [126.7537, 26.3865], [126.7534, 26.3864], [126.7525, 26.3856], [126.7502, 26.3846], [126.7492, 26.3839], [126.7454, 26.3821], [126.7443, 26.3812], [126.7431, 26.3807], [126.7403, 26.3784], [126.7387, 26.3781], [126.7373, 26.3773], [126.7355, 26.3769], [126.7334, 26.3759], [126.7319, 26.3759], [126.7305, 26.3752], [126.7291, 26.3751], [126.7274, 26.3746], [126.7267, 26.3747], [126.7253, 26.3745], [126.7244, 26.3749], [126.7211, 26.3746], [126.7176, 26.3746], [126.7163, 26.3742], [126.7128, 26.3723], [126.7116, 26.3711], [126.7095, 26.3676], [126.709, 26.3653], [126.7096, 26.3651], [126.7093, 26.3649], [126.7088, 26.3649], [126.7088, 26.3643], [126.7092, 26.364], [126.7087, 26.3642], [126.7085, 26.3638], [126.7089, 26.3637], [126.709, 26.3632], [126.7083, 26.363], [126.7081, 26.3624], [126.7082, 26.3622], [126.7087, 26.3624], [126.7089, 26.3618], [126.7085, 26.3616], [126.7081, 26.3618], [126.7079, 26.3609], [126.708, 26.3606], [126.7083, 26.361], [126.7086, 26.3606], [126.7093, 26.3609], [126.7092, 26.3618], [126.7094, 26.3622], [126.7097, 26.3624], [126.7094, 26.3628], [126.7101, 26.3651], [126.7109, 26.3666], [126.7113, 26.367], [126.7115, 26.367], [126.7116, 26.3667], [126.7119, 26.3668], [126.7115, 26.3655], [126.7118, 26.3654], [126.7123, 26.3655], [126.7121, 26.3657], [126.7125, 26.3665], [126.7124, 26.3657], [126.7131, 26.3656], [126.713, 26.3664], [126.7142, 26.3674], [126.7142, 26.3685], [126.7153, 26.3696], [126.715, 26.3689], [126.7143, 26.3684], [126.7144, 26.3676], [126.7142, 26.3669], [126.7133, 26.3661], [126.7134, 26.3652], [126.7133, 26.365], [126.7129, 26.3652], [126.7116, 26.3644], [126.7113, 26.3631], [126.7114, 26.3625], [126.712, 26.3618], [126.7094, 26.3563], [126.7091, 26.3571], [126.7093, 26.3576], [126.7092, 26.3579], [126.7085, 26.3575], [126.708, 26.3577], [126.7081, 26.3579], [126.7078, 26.3577], [126.7079, 26.3573], [126.7082, 26.3574], [126.7085, 26.3573], [126.7085, 26.3569], [126.7088, 26.3567], [126.709, 26.356], [126.7093, 26.3559], [126.7088, 26.355], [126.709, 26.3542], [126.7106, 26.3536], [126.7116, 26.3522], [126.7114, 26.3519], [126.7121, 26.3505], [126.7127, 26.3504], [126.7133, 26.3493], [126.7142, 26.3486], [126.7147, 26.3485], [126.7151, 26.348], [126.716, 26.3479], [126.7174, 26.347], [126.7175, 26.3466], [126.719, 26.3462], [126.7193, 26.3458], [126.7207, 26.345], [126.7221, 26.3447], [126.7224, 26.3443], [126.7229, 26.3443], [126.7239, 26.3434], [126.7248, 26.3431], [126.7274, 26.3415], [126.7299, 26.3406], [126.7304, 26.3408], [126.7301, 26.3412], [126.727, 26.3424], [126.7227, 26.3449], [126.722, 26.3455], [126.7185, 26.3471], [126.716, 26.3486], [126.7147, 26.3496], [126.7143, 26.3502], [126.7141, 26.35], [126.7131, 26.3516], [126.7125, 26.3514], [126.712, 26.352], [126.711, 26.3537], [126.7106, 26.3536], [126.7135, 26.3603], [126.7143, 26.3592], [126.7148, 26.356], [126.7163, 26.3544], [126.718, 26.3529], [126.7233, 26.3498], [126.7249, 26.3479], [126.7258, 26.3476], [126.7262, 26.3472], [126.7278, 26.3452], [126.7293, 26.3442], [126.7297, 26.3444], [126.7296, 26.3447], [126.7288, 26.3449], [126.7282, 26.3459], [126.7286, 26.3458], [126.7289, 26.3461], [126.7289, 26.3455], [126.7294, 26.346], [126.7293, 26.3466], [126.7297, 26.3466], [126.7302, 26.3463], [126.7301, 26.3467], [126.729, 26.3472], [126.7278, 26.3466], [126.7277, 26.3462], [126.7268, 26.3471], [126.7276, 26.3477], [126.7276, 26.3483], [126.7272, 26.3483], [126.7268, 26.3479], [126.7271, 26.3474], [126.7268, 26.3472], [126.726, 26.3483], [126.7258, 26.348], [126.7252, 26.3481], [126.725, 26.3488], [126.7253, 26.3487], [126.7264, 26.3494], [126.7272, 26.3493], [126.7297, 26.3482], [126.7326, 26.3475], [126.7348, 26.3477], [126.7367, 26.3472], [126.7374, 26.3475], [126.7382, 26.3475], [126.7407, 26.3468], [126.7415, 26.347], [126.741, 26.3465], [126.7411, 26.3464], [126.7448, 26.3459], [126.7458, 26.3459], [126.7488, 26.3445], [126.7491, 26.345], [126.7487, 26.344], [126.7506, 26.3432], [126.7515, 26.3445], [126.7513, 26.3437], [126.7501, 26.3407], [126.7559, 26.3336], [126.7579, 26.3328], [126.7561, 26.3337], [126.7503, 26.3407], [126.7513, 26.3433], [126.7517, 26.3431], [126.7517, 26.3428], [126.7521, 26.3423], [126.7517, 26.3419], [126.7532, 26.3408], [126.7532, 26.34], [126.7535, 26.3398], [126.7541, 26.3407], [126.7545, 26.3405], [126.7548, 26.341], [126.7555, 26.3407], [126.7567, 26.3408], [126.7578, 26.3413], [126.7584, 26.3421], [126.7602, 26.3422], [126.7603, 26.3414], [126.759, 26.3409], [126.7582, 26.34], [126.756, 26.3393], [126.7552, 26.3388], [126.7552, 26.3386], [126.7561, 26.3383], [126.7562, 26.3384], [126.7565, 26.3382], [126.7564, 26.3379], [126.7575, 26.337], [126.7578, 26.3374], [126.7577, 26.3379], [126.758, 26.338], [126.7588, 26.3379], [126.7601, 26.3371], [126.7634, 26.3345], [126.763, 26.3339], [126.7621, 26.3346], [126.7617, 26.3341], [126.762, 26.3339], [126.7622, 26.334], [126.7627, 26.3336], [126.7622, 26.3329], [126.7647, 26.3308], [126.7653, 26.3312], [126.7655, 26.331], [126.766, 26.3313], [126.7667, 26.3306], [126.7662, 26.3303], [126.7664, 26.33], [126.7668, 26.3303], [126.7674, 26.3297], [126.7678, 26.3301], [126.769, 26.3286], [126.7696, 26.3265], [126.77, 26.3263], [126.7698, 26.3259], [126.7698, 26.3244], [126.7692, 26.3232], [126.768, 26.3226], [126.7706, 26.3205], [126.7711, 26.3189], [126.7751, 26.3158], [126.7759, 26.3149], [126.7758, 26.313], [126.7764, 26.3105], [126.7761, 26.3099], [126.7764, 26.309], [126.7776, 26.3084], [126.7786, 26.3067], [126.7801, 26.3058], [126.7806, 26.3051], [126.7816, 26.3048], [126.7825, 26.3049], [126.7846, 26.3039], [126.7849, 26.3034], [126.7859, 26.3029], [126.7865, 26.3019], [126.7875, 26.3015], [126.7886, 26.3018], [126.7901, 26.3009], [126.7915, 26.3006], [126.7916, 26.3001], [126.7937, 26.2997], [126.7946, 26.2992], [126.7954, 26.2983], [126.7955, 26.2975], [126.7961, 26.297], [126.7967, 26.2969], [126.7969, 26.2966], [126.7974, 26.2965], [126.7983, 26.2959], [126.7984, 26.295], [126.7988, 26.295], [126.7993, 26.2943], [126.7993, 26.2939], [126.7996, 26.2939], [126.8, 26.2936], [126.8, 26.294], [126.8012, 26.2928], [126.8019, 26.2927], [126.8033, 26.293], [126.8038, 26.2926], [126.8043, 26.2928], [126.8045, 26.2926], [126.805, 26.2929], [126.8052, 26.2925], [126.8056, 26.2928], [126.807, 26.2924], [126.8075, 26.2916], [126.8082, 26.2916], [126.8084, 26.2914], [126.8092, 26.2915], [126.8103, 26.291], [126.8108, 26.2916], [126.811, 26.2914], [126.8115, 26.2913], [126.8118, 26.2915], [126.8117, 26.2919], [126.8123, 26.2918], [126.8126, 26.292], [126.8126, 26.2925], [126.8136, 26.2937], [126.8137, 26.2943], [126.8134, 26.2952], [126.8128, 26.2951], [126.8125, 26.2954], [126.8125, 26.2964], [126.812, 26.297], [126.8112, 26.2971], [126.8104, 26.2982], [126.8107, 26.299], [126.8103, 26.3009], [126.8104, 26.3025], [126.809, 26.3035], [126.8078, 26.3037], [126.8053, 26.3058], [126.804, 26.3062], [126.8043, 26.3067], [126.8041, 26.3078], [126.8044, 26.3091], [126.8054, 26.3093], [126.8059, 26.3097], [126.8054, 26.3105], [126.8061, 26.3132], [126.8062, 26.3161], [126.8059, 26.3162], [126.8062, 26.3163], [126.807, 26.3191], [126.8067, 26.3213], [126.8043, 26.3231], [126.8044, 26.3243], [126.804, 26.3269], [126.8036, 26.3278], [126.8029, 26.3282], [126.8008, 26.3288], [126.8, 26.3293], [126.803, 26.3285], [126.8039, 26.328], [126.8044, 26.3269], [126.8049, 26.323], [126.806, 26.3221], [126.8066, 26.322], [126.8061, 26.3222], [126.8054, 26.3237], [126.8052, 26.3244], [126.8056, 26.3255], [126.8068, 26.325], [126.806, 26.3254], [126.8064, 26.3262], [126.807, 26.3259], [126.807, 26.3254], [126.807, 26.326], [126.8062, 26.3263], [126.8071, 26.3282], [126.8088, 26.3304], [126.8117, 26.3328], [126.8161, 26.3358], [126.8163, 26.3368], [126.816, 26.3375], [126.8165, 26.3387], [126.8151, 26.3391], [126.8145, 26.3389], [126.8156, 26.3382], [126.8157, 26.3371], [126.8151, 26.3367], [126.8141, 26.3377], [126.814, 26.3387], [126.8144, 26.3394], [126.8149, 26.3392], [126.8168, 26.3411], [126.8173, 26.3407], [126.8166, 26.3394], [126.8174, 26.3407], [126.8191, 26.3416], [126.823, 26.3384], [126.8225, 26.3371], [126.8204, 26.3376], [126.8201, 26.3373], [126.8202, 26.3367], [126.8223, 26.3362], [126.8238, 26.3363], [126.8241, 26.336], [126.8247, 26.3359], [126.8245, 26.3354], [126.8247, 26.3353], [126.825, 26.3354], [126.8255, 26.3352], [126.8253, 26.3355], [126.8298, 26.3365], [126.8321, 26.3364], [126.834, 26.3358], [126.8349, 26.336], [126.8349, 26.3365], [126.834, 26.3376], [126.8317, 26.3387], [126.8314, 26.3395], [126.8317, 26.3411], [126.8308, 26.3422], [126.8304, 26.3423], [126.8285, 26.3428], [126.8275, 26.3426], [126.826, 26.3411], [126.8245, 26.3403], [126.823, 26.3389], [126.82, 26.341], [126.8195, 26.3417], [126.8249, 26.3451], [126.8233, 26.3473], [126.8227, 26.3489], [126.8233, 26.3497], [126.8232, 26.3511], [126.8231, 26.3501], [126.8216, 26.3502], [126.8216, 26.3511], [126.8212, 26.3511], [126.8212, 26.3519], [126.8207, 26.3518], [126.8208, 26.3511], [126.8177, 26.351], [126.8176, 26.3527], [126.8211, 26.3529], [126.8232, 26.352], [126.8247, 26.352], [126.8246, 26.3522], [126.8232, 26.3521], [126.8211, 26.3529], [126.8173, 26.3528], [126.8162, 26.3542], [126.816, 26.3541], [126.815, 26.3551], [126.8147, 26.3555], [126.8149, 26.3557], [126.8143, 26.3563], [126.814, 26.3563], [126.8132, 26.3572], [126.8124, 26.3585], [126.812, 26.3601], [126.8113, 26.3602], [126.8115, 26.3591], [126.8108, 26.359], [126.8104, 26.3606], [126.81, 26.3609], [126.8098, 26.3607], [126.8094, 26.3609], [126.8084, 26.3609], [126.8079, 26.3603], [126.8083, 26.3601], [126.808, 26.3601], [126.8078, 26.3605], [126.8085, 26.3611], [126.8093, 26.3626], [126.8101, 26.3628], [126.8106, 26.3626], [126.8111, 26.3629], [126.8106, 26.3642], [126.8097, 26.3656], [126.809, 26.3658], [126.8088, 26.3667], [126.8089, 26.367], [126.8087, 26.3671], [126.8077, 26.3669], [126.8071, 26.3672], [126.8069, 26.3675], [126.8072, 26.3684], [126.8068, 26.369], [126.8059, 26.3692], [126.8058, 26.37], [126.8054, 26.3705], [126.8043, 26.3705], [126.8037, 26.3699], [126.8026, 26.3697], [126.8017, 26.3683], [126.8002, 26.3678], [126.7997, 26.3683], [126.7981, 26.3686], [126.7968, 26.3696], [126.7959, 26.371], [126.7957, 26.371], [126.7956, 26.3717], [126.7945, 26.3739], [126.7941, 26.3737], [126.7943, 26.374], [126.7936, 26.3745], [126.7914, 26.3799], [126.7908, 26.3802], [126.7911, 26.3793], [126.7903, 26.3796], [126.7906, 26.3801], [126.789, 26.3812], [126.789, 26.3818], [126.7882, 26.3825], [126.788, 26.3833], [126.7874, 26.384], [126.787, 26.384], [126.7861, 26.3856], [126.7849, 26.3864], [126.7846, 26.3873], [126.7841, 26.3875], [126.7833, 26.3885], [126.7822, 26.3892], [126.7811, 26.3904], [126.7785, 26.3914], [126.7765, 26.3915], [126.7758, 26.3913], [126.7741, 26.3914], [126.7734, 26.3912], [126.7711, 26.3913], [126.7693, 26.391], [126.7691, 26.3908], [126.7685, 26.3909], [126.7672, 26.3905], [126.767, 26.3902], [126.7657, 26.3903], [126.7646, 26.39], [126.7636, 26.3895], [126.7617, 26.3896], [126.7617, 26.3892], [126.7606, 26.3893], [126.7608, 26.389], [126.7604, 26.3888], [126.7599, 26.3889], [126.7597, 26.3892], [126.7587, 26.3892], [126.7578, 26.3886], [126.7569, 26.3875]]], [[[126.8326, 26.5957], [126.8302, 26.5954], [126.8282, 26.5939], [126.8278, 26.5939], [126.8273, 26.5935], [126.8269, 26.5933], [126.8266, 26.5938], [126.8253, 26.5928], [126.825, 26.5927], [126.8244, 26.5929], [126.8241, 26.5922], [126.8234, 26.5924], [126.8232, 26.5922], [126.8234, 26.592], [126.823, 26.5913], [126.8228, 26.5915], [126.8223, 26.591], [126.8226, 26.5908], [126.8224, 26.5905], [126.8229, 26.5904], [126.8224, 26.5901], [126.8224, 26.5898], [126.823, 26.5894], [126.8236, 26.5894], [126.8244, 26.589], [126.8259, 26.5892], [126.8256, 26.5888], [126.8257, 26.5887], [126.8267, 26.5889], [126.8274, 26.5896], [126.8278, 26.5894], [126.829, 26.5899], [126.8312, 26.5919], [126.8318, 26.593], [126.8327, 26.5937], [126.8329, 26.5943], [126.8327, 26.5944], [126.8326, 26.5957]]], [[[126.8556, 26.3381], [126.8553, 26.3394], [126.8545, 26.3396], [126.8549, 26.339], [126.8549, 26.3387], [126.8531, 26.3375], [126.8516, 26.3373], [126.8515, 26.337], [126.8518, 26.3366], [126.8519, 26.3371], [126.8528, 26.3371], [126.8537, 26.3376], [126.8545, 26.3377], [126.8548, 26.3381], [126.8552, 26.3379], [126.8556, 26.3381]]], [[[126.8372, 26.347], [126.8371, 26.3478], [126.8367, 26.348], [126.8362, 26.3479], [126.8363, 26.3475], [126.836, 26.347], [126.8363, 26.3465], [126.8365, 26.3464], [126.8369, 26.3466], [126.837, 26.347], [126.8372, 26.347]]], [[[126.8995, 26.3515], [126.899, 26.3523], [126.8987, 26.3523], [126.8985, 26.3519], [126.8988, 26.3508], [126.8998, 26.351], [126.9024, 26.3511], [126.9037, 26.3517], [126.9015, 26.3518], [126.8995, 26.3515]]], [[[126.8979, 26.3504], [126.8976, 26.351], [126.8959, 26.3498], [126.8957, 26.3502], [126.8936, 26.3502], [126.8921, 26.3509], [126.8914, 26.3509], [126.8906, 26.3499], [126.8876, 26.3482], [126.8864, 26.3463], [126.8846, 26.3458], [126.884, 26.3454], [126.8814, 26.3456], [126.8811, 26.3452], [126.8808, 26.3456], [126.8802, 26.3457], [126.8797, 26.3452], [126.8787, 26.3457], [126.8782, 26.3456], [126.8781, 26.3453], [126.8778, 26.3457], [126.877, 26.3458], [126.8768, 26.3453], [126.8763, 26.3452], [126.8762, 26.3458], [126.8759, 26.3459], [126.8735, 26.3457], [126.872, 26.3458], [126.8713, 26.3455], [126.8714, 26.3442], [126.872, 26.3446], [126.872, 26.3453], [126.8738, 26.345], [126.8743, 26.3454], [126.8757, 26.3455], [126.8757, 26.3451], [126.8759, 26.345], [126.8769, 26.345], [126.8773, 26.3454], [126.878, 26.345], [126.8787, 26.3454], [126.8791, 26.3453], [126.8795, 26.3449], [126.8805, 26.3453], [126.8809, 26.3448], [126.8818, 26.345], [126.8872, 26.344], [126.888, 26.3467], [126.8885, 26.3475], [126.8898, 26.3484], [126.8915, 26.3493], [126.8942, 26.3498], [126.8954, 26.3498], [126.896, 26.3495], [126.8966, 26.35], [126.8973, 26.3503], [126.898, 26.3501], [126.8979, 26.3504]]], [[[126.8398, 26.3432], [126.8379, 26.3439], [126.8378, 26.3431], [126.8369, 26.3419], [126.8367, 26.3408], [126.8369, 26.3396], [126.8367, 26.3385], [126.8367, 26.3368], [126.837, 26.3365], [126.8385, 26.3372], [126.8405, 26.3377], [126.8417, 26.3376], [126.8421, 26.3372], [126.8429, 26.3372], [126.8423, 26.3385], [126.8428, 26.3406], [126.8421, 26.3422], [126.8407, 26.3432], [126.8398, 26.3432]]], [[[126.8656, 26.34], [126.8655, 26.3405], [126.8644, 26.3409], [126.8616, 26.3399], [126.8592, 26.34], [126.8588, 26.3397], [126.8592, 26.3394], [126.8621, 26.3392], [126.8652, 26.3395], [126.8656, 26.34]]], [[[126.7085, 26.3597], [126.708, 26.36], [126.7078, 26.3594], [126.7079, 26.3586], [126.7081, 26.3591], [126.7085, 26.3593], [126.7083, 26.359], [126.7086, 26.358], [126.7088, 26.3595], [126.7085, 26.3597]]], [[[126.7318, 26.3402], [126.7312, 26.3407], [126.7305, 26.3406], [126.7305, 26.3402], [126.7343, 26.3388], [126.7338, 26.3396], [126.7324, 26.3399], [126.7322, 26.3403], [126.7318, 26.3402]]], [[[126.7377, 26.3372], [126.7371, 26.3374], [126.7389, 26.3363], [126.7391, 26.3365], [126.7382, 26.3372], [126.7377, 26.3372]]], [[[126.7404, 26.3356], [126.7404, 26.3354], [126.7416, 26.3345], [126.7419, 26.3348], [126.7411, 26.3355], [126.7404, 26.3356]]], [[[126.7452, 26.3336], [126.7447, 26.3339], [126.7443, 26.3337], [126.7453, 26.3333], [126.746, 26.3333], [126.7465, 26.3336], [126.7461, 26.3338], [126.7458, 26.3336], [126.7452, 26.3336]]], [[[126.7303, 26.3441], [126.7299, 26.3443], [126.7299, 26.3436], [126.7307, 26.3438], [126.7303, 26.3441]]], [[[128.2338, 27.8605], [128.2345, 27.8607], [128.2347, 27.8613], [128.2357, 27.8626], [128.2351, 27.8633], [128.2352, 27.8638], [128.2364, 27.8656], [128.2362, 27.8666], [128.2358, 27.8674], [128.2346, 27.8689], [128.2337, 27.869], [128.2332, 27.8699], [128.233, 27.8707], [128.2335, 27.8725], [128.2327, 27.874], [128.2276, 27.8779], [128.2272, 27.8798], [128.2277, 27.8804], [128.2269, 27.8813], [128.2266, 27.8836], [128.2255, 27.885], [128.2239, 27.8854], [128.2228, 27.8853], [128.2218, 27.8855], [128.2206, 27.8837], [128.2197, 27.883], [128.2194, 27.8811], [128.2179, 27.8799], [128.2175, 27.878], [128.2176, 27.8773], [128.2181, 27.8765], [128.2212, 27.8736], [128.2228, 27.8695], [128.2228, 27.8673], [128.2232, 27.8667], [128.2268, 27.8639], [128.2275, 27.8638], [128.2276, 27.8635], [128.2289, 27.8636], [128.2301, 27.8629], [128.2307, 27.8621], [128.2323, 27.8616], [128.2334, 27.861], [128.2338, 27.8605]]], [[[126.7503, 26.3414], [126.7505, 26.3419], [126.7503, 26.3421], [126.7499, 26.3417], [126.7503, 26.3414]]]]}, "properties": {"name": "沖縄県久米島町"}}, {"type": "Feature", "geometry": {"type": "Polygon", "coordinates": [[[127.731, 26.0982], [127.7315, 26.0981], [127.7321, 26.0985], [127.7319, 26.0983], [127.7321, 26.0982], [127.7327, 26.0987], [127.733, 26.0985], [127.733, 26.0987], [127.7334, 26.0985], [127.7344, 26.0991], [127.7349, 26.101], [127.7348, 26.1018], [127.7358, 26.1023], [127.7361, 26.1024], [127.7361, 26.1021], [127.7364, 26.1023], [127.7366, 26.103], [127.7377, 26.1042], [127.7376, 26.1054], [127.7382, 26.1067], [127.7385, 26.108], [127.7395, 26.1096], [127.7417, 26.1109], [127.7424, 26.1108], [127.7428, 26.1111], [127.7433, 26.1125], [127.743, 26.1134], [127.7431, 26.1139], [127.7444, 26.1151], [127.7447, 26.1148], [127.7447, 26.1146], [127.745, 26.1149], [127.7448, 26.1149], [127.7445, 26.1151], [127.7449, 26.1158], [127.746, 26.1167], [127.7463, 26.1164], [127.746, 26.1168], [127.748, 26.1189], [127.7491, 26.1194], [127.7495, 26.1194], [127.7494, 26.1198], [127.7501, 26.12], [127.751, 26.1201], [127.7518, 26.1207], [127.7523, 26.1206], [127.7528, 26.1198], [127.7532, 26.1206], [127.7538, 26.1207], [127.7544, 26.1199], [127.755, 26.1201], [127.7552, 26.1198], [127.7558, 26.1198], [127.7569, 26.121], [127.7571, 26.1221], [127.7581, 26.1235], [127.7596, 26.1246], [127.7603, 26.123], [127.7624, 26.1235], [127.7628, 26.1239], [127.7624, 26.1236], [127.7621, 26.1235], [127.762, 26.1238], [127.762, 26.1237], [127.7604, 26.1233], [127.76, 26.1241], [127.7616, 26.1246], [127.7618, 26.1243], [127.7617, 26.1246], [127.7623, 26.1251], [127.762, 26.1257], [127.7623, 26.1257], [127.7619, 26.1258], [127.7608, 26.1277], [127.7605, 26.1276], [127.7602, 26.1292], [127.7605, 26.1293], [127.7594, 26.1328], [127.7584, 26.1329], [127.758, 26.1318], [127.7572, 26.1316], [127.7554, 26.1321], [127.7543, 26.133], [127.7531, 26.1333], [127.7529, 26.1345], [127.7509, 26.1357], [127.751, 26.1366], [127.7499, 26.1382], [127.7496, 26.1391], [127.7488, 26.1391], [127.7472, 26.1405], [127.7468, 26.1405], [127.7466, 26.1409], [127.7456, 26.1413], [127.746, 26.1423], [127.7449, 26.1422], [127.7445, 26.1424], [127.7435, 26.1438], [127.7429, 26.144], [127.7432, 26.1445], [127.7422, 26.1444], [127.7421, 26.1449], [127.7426, 26.1452], [127.7423, 26.1461], [127.7418, 26.1465], [127.742, 26.1468], [127.7418, 26.1477], [127.7413, 26.1482], [127.7404, 26.1481], [127.7403, 26.1495], [127.7396, 26.1503], [127.74, 26.1509], [127.7394, 26.1517], [127.7378, 26.1522], [127.7373, 26.1526], [127.7364, 26.1526], [127.7357, 26.1515], [127.7342, 26.1511], [127.7309, 26.1524], [127.7305, 26.1536], [127.7309, 26.1544], [127.7303, 26.1559], [127.7299, 26.1587], [127.731, 26.1611], [127.7301, 26.1618], [127.7301, 26.1622], [127.7308, 26.1628], [127.731, 26.1634], [127.7305, 26.1636], [127.7316, 26.1663], [127.7308, 26.1666], [127.7295, 26.1684], [127.728, 26.1682], [127.7267, 26.1688], [127.7266, 26.1702], [127.7252, 26.1698], [127.7241, 26.1711], [127.7244, 26.1712], [127.7242, 26.1718], [127.7252, 26.1717], [127.7256, 26.172], [127.7255, 26.1725], [127.7244, 26.1731], [127.7251, 26.1738], [127.7259, 26.1738], [127.7262, 26.1747], [127.7255, 26.1754], [127.7257, 26.1757], [127.7252, 26.1758], [127.7256, 26.1762], [127.7242, 26.1766], [127.7213, 26.1758], [127.7207, 26.1759], [127.719, 26.1775], [127.7182, 26.1789], [127.7173, 26.1787], [127.7175, 26.1793], [127.7174, 26.1796], [127.7164, 26.1797], [127.716, 26.1802], [127.7152, 26.1805], [127.7148, 26.1804], [127.714, 26.181], [127.7136, 26.1804], [127.7138, 26.1802], [127.7134, 26.1794], [127.7118, 26.1795], [127.711, 26.178], [127.7107, 26.1763], [127.7092, 26.1757], [127.7086, 26.1757], [127.7074, 26.175], [127.7072, 26.1743], [127.7059, 26.1738], [127.7041, 26.1723], [127.7048, 26.1698], [127.7051, 26.1698], [127.7052, 26.1684], [127.7057, 26.1677], [127.7054, 26.1667], [127.7064, 26.1661], [127.707, 26.1661], [127.7072, 26.1656], [127.7061, 26.1652], [127.7066, 26.1647], [127.7064, 26.1643], [127.7053, 26.1637], [127.7041, 26.1622], [127.7027, 26.1615], [127.7027, 26.1596], [127.7024, 26.1584], [127.7014, 26.1577], [127.7005, 26.1562], [127.6995, 26.1561], [127.6987, 26.1553], [127.6983, 26.154], [127.6966, 26.1514], [127.6974, 26.1515], [127.6976, 26.1513], [127.6974, 26.151], [127.6976, 26.1502], [127.6973, 26.1499], [127.6975, 26.1496], [127.6979, 26.1494], [127.6989, 26.1498], [127.6993, 26.149], [127.6992, 26.1478], [127.6996, 26.1476], [127.6996, 26.1473], [127.7002, 26.1475], [127.7005, 26.1467], [127.7011, 26.1473], [127.7012, 26.147], [127.702, 26.1468], [127.7025, 26.1449], [127.7025, 26.1456], [127.7029, 26.1457], [127.7033, 26.1463], [127.7045, 26.1475], [127.7067, 26.1485], [127.7075, 26.1484], [127.7082, 26.148], [127.709, 26.1483], [127.7103, 26.1479], [127.7109, 26.1462], [127.7125, 26.145], [127.7126, 26.1446], [127.7135, 26.1448], [127.714, 26.1446], [127.713, 26.1434], [127.7121, 26.1412], [127.7119, 26.1396], [127.7121, 26.1388], [127.7105, 26.1377], [127.7108, 26.1364], [127.7101, 26.1348], [127.7094, 26.1345], [127.7088, 26.1345], [127.7086, 26.1341], [127.7074, 26.1342], [127.7068, 26.1337], [127.7055, 26.1336], [127.7055, 26.1333], [127.7059, 26.133], [127.7058, 26.1323], [127.7061, 26.1319], [127.7072, 26.1315], [127.7072, 26.1305], [127.7078, 26.129], [127.7082, 26.1265], [127.7105, 26.1253], [127.7111, 26.1253], [127.7119, 26.1247], [127.7116, 26.1241], [127.7124, 26.1236], [127.7122, 26.1229], [127.7126, 26.1223], [127.7132, 26.1222], [127.7117, 26.1187], [127.7124, 26.1184], [127.7129, 26.1184], [127.7129, 26.1182], [127.7135, 26.1183], [127.713, 26.1179], [127.7131, 26.1174], [127.7137, 26.1169], [127.7139, 26.1168], [127.714, 26.1171], [127.7147, 26.1166], [127.7154, 26.117], [127.716, 26.1157], [127.7156, 26.1156], [127.7162, 26.1148], [127.7159, 26.1147], [127.7158, 26.1143], [127.717, 26.1141], [127.7173, 26.1135], [127.7178, 26.1135], [127.7183, 26.1127], [127.7173, 26.1122], [127.718, 26.1116], [127.7186, 26.11], [127.7192, 26.1093], [127.7196, 26.1094], [127.7198, 26.1092], [127.7196, 26.1089], [127.7204, 26.1081], [127.7202, 26.1076], [127.7204, 26.1071], [127.7201, 26.1066], [127.7201, 26.1054], [127.7213, 26.1058], [127.7222, 26.1057], [127.7238, 26.1066], [127.7242, 26.1065], [127.7251, 26.1057], [127.7261, 26.1033], [127.7277, 26.1023], [127.7292, 26.1001], [127.7301, 26.0998], [127.7306, 26.0993], [127.7309, 26.0995], [127.731, 26.0982]]]}, "properties": {"name": "沖縄県八重瀬町"}}, {"type": "Feature", "geometry": {"type": "MultiPolygon", "coordinates": [[[[124.6938, 24.6387], [124.6956, 24.6383], [124.6956, 24.638], [124.696, 24.6381], [124.6964, 24.6379], [124.6968, 24.6381], [124.7035, 24.638], [124.7041, 24.6378], [124.7082, 24.6382], [124.709, 24.6386], [124.7094, 24.6385], [124.7098, 24.6392], [124.7137, 24.641], [124.7139, 24.6409], [124.7141, 24.6412], [124.7155, 24.642], [124.7163, 24.6422], [124.7165, 24.6429], [124.7197, 24.6454], [124.7214, 24.6435], [124.7225, 24.6436], [124.7206, 24.6455], [124.721, 24.6459], [124.7206, 24.6462], [124.7227, 24.6477], [124.7245, 24.6459], [124.7229, 24.6477], [124.724, 24.6487], [124.7242, 24.6487], [124.7243, 24.6484], [124.7247, 24.6487], [124.7271, 24.6524], [124.7279, 24.6541], [124.7277, 24.6545], [124.7282, 24.6572], [124.7282, 24.6606], [124.7271, 24.6652], [124.7263, 24.6671], [124.7255, 24.6678], [124.7232, 24.6689], [124.7219, 24.6701], [124.7193, 24.6715], [124.7168, 24.6724], [124.7096, 24.6742], [124.7104, 24.6764], [124.7097, 24.6766], [124.7087, 24.6744], [124.7085, 24.6744], [124.7087, 24.6749], [124.7065, 24.6756], [124.7066, 24.6759], [124.7063, 24.676], [124.7061, 24.6756], [124.7063, 24.6755], [124.7059, 24.6751], [124.7038, 24.6759], [124.7004, 24.6766], [124.697, 24.6769], [124.6967, 24.6773], [124.6966, 24.6769], [124.6947, 24.6767], [124.6895, 24.6748], [124.6834, 24.6739], [124.6833, 24.6734], [124.6823, 24.6729], [124.6818, 24.673], [124.6818, 24.6726], [124.6811, 24.6724], [124.6803, 24.6712], [124.6783, 24.67], [124.6753, 24.6677], [124.6732, 24.6656], [124.6715, 24.6622], [124.6712, 24.661], [124.6709, 24.6608], [124.6711, 24.6605], [124.6709, 24.6579], [124.6712, 24.6569], [124.6709, 24.6563], [124.6711, 24.6549], [124.6715, 24.6544], [124.6714, 24.654], [124.6723, 24.6511], [124.6727, 24.6512], [124.673, 24.6508], [124.6728, 24.6501], [124.6733, 24.65], [124.6729, 24.6493], [124.6732, 24.6489], [124.6731, 24.6481], [124.6738, 24.6466], [124.6741, 24.6468], [124.6742, 24.6457], [124.6751, 24.6438], [124.6772, 24.6417], [124.6809, 24.6405], [124.6855, 24.6401], [124.6865, 24.6399], [124.6869, 24.6396], [124.6873, 24.6398], [124.6875, 24.6397], [124.6875, 24.6386], [124.6891, 24.6386], [124.6899, 24.6391], [124.6906, 24.639], [124.6912, 24.6381], [124.6916, 24.6386], [124.6924, 24.6386], [124.6926, 24.6383], [124.6928, 24.6386], [124.693, 24.6383], [124.6938, 24.6387]]], [[[124.7054, 24.7448], [124.7057, 24.7448], [124.7059, 24.745], [124.7066, 24.7469], [124.7049, 24.7495], [124.7043, 24.7512], [124.7045, 24.7523], [124.7035, 24.7545], [124.7018, 24.7546], [124.7009, 24.7542], [124.7007, 24.7543], [124.6975, 24.7583], [124.6966, 24.7589], [124.694, 24.7616], [124.6929, 24.7617], [124.6877, 24.7607], [124.6868, 24.7599], [124.6821, 24.7577], [124.6819, 24.7571], [124.6832, 24.7558], [124.6864, 24.7538], [124.6909, 24.7516], [124.6947, 24.7489], [124.6968, 24.7484], [124.7005, 24.7468], [124.7025, 24.7457], [124.7028, 24.7453], [124.7035, 24.7454], [124.7054, 24.7448]]]]}, "properties": {"name": "沖縄県多良間村"}}, {"type": "Feature", "geometry": {"type": "Polygon", "coordinates": [[[122.998, 24.4752], [122.9973, 24.4744], [122.9974, 24.4742], [122.998, 24.4749], [123.0004, 24.4732], [122.9999, 24.4727], [123.0014, 24.4714], [123.0023, 24.4719], [123.0025, 24.4716], [123.0018, 24.4711], [123.002, 24.4705], [123.0013, 24.47], [123, 24.4696], [122.9993, 24.4696], [122.9993, 24.4699], [122.999, 24.4695], [122.9988, 24.4711], [122.998, 24.471], [122.9975, 24.4713], [122.9959, 24.4726], [122.9949, 24.4732], [122.9941, 24.4727], [122.9936, 24.4729], [122.9933, 24.4726], [122.9929, 24.4726], [122.9927, 24.4722], [122.9925, 24.4725], [122.992, 24.472], [122.9918, 24.4723], [122.9914, 24.4717], [122.991, 24.4717], [122.991, 24.472], [122.9906, 24.4716], [122.9903, 24.4718], [122.9903, 24.4713], [122.9899, 24.4714], [122.9898, 24.4709], [122.9892, 24.4707], [122.9889, 24.4709], [122.989, 24.4706], [122.9797, 24.4684], [122.9783, 24.4686], [122.9782, 24.4684], [122.9777, 24.4685], [122.9776, 24.4682], [122.9772, 24.4682], [122.9769, 24.4686], [122.9764, 24.4681], [122.9762, 24.4684], [122.9761, 24.468], [122.9758, 24.468], [122.9753, 24.4683], [122.9747, 24.4675], [122.9741, 24.4672], [122.974, 24.4675], [122.9736, 24.4677], [122.9735, 24.4684], [122.9725, 24.4683], [122.9724, 24.4685], [122.9707, 24.468], [122.9707, 24.4685], [122.9704, 24.4688], [122.9705, 24.4694], [122.9697, 24.4697], [122.9693, 24.4695], [122.9686, 24.4697], [122.9677, 24.4697], [122.9671, 24.4704], [122.9643, 24.4722], [122.9626, 24.4726], [122.962, 24.4721], [122.9614, 24.4721], [122.9606, 24.4715], [122.9603, 24.471], [122.9598, 24.4709], [122.9599, 24.4706], [122.9592, 24.4699], [122.9587, 24.4698], [122.9586, 24.4693], [122.9571, 24.4685], [122.9567, 24.4677], [122.9561, 24.4676], [122.9562, 24.4673], [122.9552, 24.4669], [122.9549, 24.4661], [122.9542, 24.4662], [122.9547, 24.4657], [122.9551, 24.4657], [122.9553, 24.4652], [122.9547, 24.4643], [122.9543, 24.4643], [122.9546, 24.4642], [122.9547, 24.4639], [122.9544, 24.4635], [122.9546, 24.4627], [122.9551, 24.4624], [122.955, 24.4619], [122.9543, 24.4612], [122.9542, 24.4609], [122.9527, 24.4609], [122.9523, 24.4602], [122.9506, 24.4598], [122.9496, 24.4602], [122.948, 24.4595], [122.9476, 24.4591], [122.9469, 24.4591], [122.9466, 24.4587], [122.9464, 24.4588], [122.9453, 24.4587], [122.943, 24.4581], [122.9424, 24.4571], [122.9417, 24.4569], [122.9413, 24.4564], [122.941, 24.4553], [122.9412, 24.4547], [122.9389, 24.4525], [122.9375, 24.4528], [122.9388, 24.4523], [122.9383, 24.4512], [122.9387, 24.451], [122.9398, 24.4512], [122.94, 24.4511], [122.9411, 24.4522], [122.9409, 24.4523], [122.9404, 24.4518], [122.9397, 24.4524], [122.9413, 24.4539], [122.9418, 24.4534], [122.9415, 24.4532], [122.9422, 24.4526], [122.9418, 24.4522], [122.9422, 24.4523], [122.9431, 24.4518], [122.9415, 24.4503], [122.9414, 24.4505], [122.9411, 24.4503], [122.9413, 24.4501], [122.9407, 24.4496], [122.9411, 24.4488], [122.9394, 24.4481], [122.9383, 24.4486], [122.9383, 24.4494], [122.9372, 24.4498], [122.9367, 24.4505], [122.9349, 24.4509], [122.9339, 24.4501], [122.9339, 24.4487], [122.9342, 24.4483], [122.9351, 24.448], [122.9353, 24.4476], [122.9358, 24.4474], [122.9358, 24.4471], [122.9371, 24.4466], [122.9377, 24.4467], [122.9377, 24.4463], [122.9386, 24.4454], [122.9387, 24.4455], [122.9382, 24.4464], [122.9386, 24.4468], [122.939, 24.4464], [122.9389, 24.4461], [122.9394, 24.4447], [122.9398, 24.4446], [122.9402, 24.4441], [122.9426, 24.4441], [122.944, 24.4438], [122.9455, 24.4444], [122.9481, 24.4443], [122.9497, 24.4435], [122.95, 24.4426], [122.9508, 24.4426], [122.9512, 24.4424], [122.9514, 24.4416], [122.9521, 24.4414], [122.952, 24.4411], [122.9533, 24.4411], [122.9549, 24.442], [122.9554, 24.442], [122.9562, 24.4418], [122.9565, 24.4414], [122.957, 24.4416], [122.957, 24.4413], [122.9577, 24.4414], [122.9578, 24.4411], [122.9582, 24.4413], [122.9582, 24.4409], [122.9589, 24.4409], [122.9592, 24.4406], [122.9595, 24.4408], [122.96, 24.4406], [122.9602, 24.4409], [122.9608, 24.4405], [122.9613, 24.4407], [122.9615, 24.4404], [122.9613, 24.4401], [122.962, 24.4399], [122.9624, 24.4403], [122.9628, 24.4403], [122.9635, 24.4399], [122.9636, 24.4396], [122.9642, 24.4395], [122.9646, 24.4389], [122.9644, 24.4383], [122.9647, 24.4382], [122.965, 24.4386], [122.9656, 24.4385], [122.9659, 24.4381], [122.9664, 24.4383], [122.9663, 24.4379], [122.9667, 24.4376], [122.9683, 24.4378], [122.9707, 24.4374], [122.9712, 24.4378], [122.972, 24.4376], [122.972, 24.4374], [122.9738, 24.4371], [122.9741, 24.4384], [122.9736, 24.4387], [122.9725, 24.4387], [122.9723, 24.4391], [122.9728, 24.4401], [122.9738, 24.4407], [122.9744, 24.4404], [122.975, 24.4396], [122.9753, 24.4395], [122.9753, 24.4391], [122.9748, 24.4387], [122.9749, 24.4386], [122.9779, 24.4384], [122.979, 24.4387], [122.9791, 24.4385], [122.9796, 24.4384], [122.9798, 24.4387], [122.9802, 24.4388], [122.9809, 24.4386], [122.9804, 24.4384], [122.9805, 24.4381], [122.982, 24.4382], [122.9817, 24.439], [122.9823, 24.4392], [122.9832, 24.4388], [122.9834, 24.4392], [122.9833, 24.4396], [122.9829, 24.4396], [122.9827, 24.4399], [122.9819, 24.4398], [122.9817, 24.4403], [122.9819, 24.4413], [122.9828, 24.4423], [122.9845, 24.443], [122.9856, 24.4428], [122.9863, 24.442], [122.9877, 24.4416], [122.9881, 24.4412], [122.9878, 24.4408], [122.9882, 24.4407], [122.9904, 24.4415], [122.9923, 24.4408], [122.994, 24.4406], [122.9952, 24.4401], [122.9962, 24.4401], [122.9971, 24.4398], [122.9993, 24.44], [122.9998, 24.4406], [123.001, 24.4408], [123.0016, 24.4412], [123.0023, 24.4413], [123.0044, 24.4405], [123.0054, 24.4392], [123.0064, 24.4384], [123.0068, 24.4383], [123.007, 24.4379], [123.0076, 24.4382], [123.0097, 24.4381], [123.0097, 24.437], [123.0103, 24.4372], [123.0105, 24.4367], [123.0125, 24.4378], [123.0125, 24.4383], [123.0144, 24.4407], [123.015, 24.441], [123.0168, 24.4413], [123.0175, 24.4418], [123.018, 24.4427], [123.0178, 24.4429], [123.018, 24.4432], [123.0197, 24.4438], [123.0203, 24.4457], [123.0214, 24.4466], [123.0231, 24.4467], [123.0237, 24.4474], [123.024, 24.4475], [123.024, 24.4479], [123.0249, 24.4483], [123.0252, 24.4481], [123.0251, 24.4484], [123.0263, 24.4491], [123.0273, 24.4494], [123.0278, 24.4492], [123.0278, 24.4496], [123.0281, 24.4492], [123.0281, 24.4497], [123.0282, 24.4494], [123.0289, 24.4502], [123.029, 24.4498], [123.0292, 24.4498], [123.0297, 24.4503], [123.0306, 24.4507], [123.0306, 24.451], [123.031, 24.4505], [123.0314, 24.4509], [123.0314, 24.4511], [123.0311, 24.451], [123.0313, 24.4515], [123.0318, 24.4519], [123.0322, 24.452], [123.032, 24.4524], [123.0326, 24.4525], [123.0327, 24.453], [123.0331, 24.4526], [123.0332, 24.4529], [123.034, 24.4531], [123.0338, 24.4541], [123.0342, 24.4537], [123.0345, 24.4543], [123.0341, 24.4545], [123.0344, 24.4555], [123.0342, 24.4564], [123.035, 24.4573], [123.0365, 24.4575], [123.0371, 24.4579], [123.0373, 24.4578], [123.0379, 24.4585], [123.0385, 24.4588], [123.0392, 24.4595], [123.0409, 24.46], [123.0417, 24.4597], [123.0416, 24.46], [123.0432, 24.4605], [123.0438, 24.4612], [123.0437, 24.4627], [123.043, 24.4633], [123.0431, 24.4637], [123.0419, 24.464], [123.0407, 24.4634], [123.039, 24.463], [123.0378, 24.463], [123.0356, 24.4639], [123.0336, 24.4652], [123.033, 24.465], [123.0314, 24.4657], [123.0299, 24.4667], [123.0299, 24.4669], [123.0297, 24.4671], [123.0291, 24.4673], [123.0282, 24.467], [123.0249, 24.4691], [123.0231, 24.4697], [123.0209, 24.4708], [123.0202, 24.4708], [123.0199, 24.4711], [123.0163, 24.4708], [123.016, 24.471], [123.0157, 24.4721], [123.0147, 24.4724], [123.0149, 24.4726], [123.0126, 24.4737], [123.0122, 24.4735], [123.0112, 24.4738], [123.0108, 24.4733], [123.0105, 24.4736], [123.0103, 24.4733], [123.0101, 24.4737], [123.0095, 24.4732], [123.0094, 24.4735], [123.0085, 24.4734], [123.0081, 24.4737], [123.0081, 24.4734], [123.0076, 24.4732], [123.0073, 24.4739], [123.0068, 24.4742], [123.0065, 24.4741], [123.0064, 24.4744], [123.0058, 24.4743], [123.0054, 24.474], [123.0054, 24.4742], [123.005, 24.4742], [123.0043, 24.4737], [123.0046, 24.4734], [123.0036, 24.4729], [123.0036, 24.4727], [123.0043, 24.4729], [123.0043, 24.4726], [123.0039, 24.4724], [123.0037, 24.4725], [123.0026, 24.4717], [123.0024, 24.4722], [123.0033, 24.4727], [123.0013, 24.4726], [122.998, 24.4752]]]}, "properties": {"name": "沖縄県与那国町"}}]}