{"type": "FeatureCollection", "features": [{"type": "Feature", "geometry": {"type": "MultiPolygon", "coordinates": [[[[130.431, 33.0052], [130.4356, 33.0051], [130.4386, 33.0044], [130.4403, 33.0043], [130.4449, 33.0027], [130.4459, 33.0031], [130.4482, 33.0029], [130.4492, 33.003], [130.45, 33.0035], [130.4542, 33.0036], [130.4562, 33.0041], [130.457, 33.0036], [130.4596, 33.0038], [130.4612, 33.0033], [130.4623, 33.0025], [130.4648, 33.0026], [130.4655, 33.0031], [130.4674, 33.0031], [130.4692, 33.0028], [130.4692, 33.0024], [130.4701, 33.0028], [130.4703, 33.0025], [130.4727, 33.0016], [130.4739, 33.0019], [130.4753, 33.0014], [130.476, 33.002], [130.4772, 33.0022], [130.4777, 33.002], [130.4779, 33.0029], [130.4783, 33.0028], [130.4795, 33.0034], [130.4816, 33.0027], [130.4835, 33.0026], [130.4842, 33.0016], [130.4856, 33.0028], [130.4868, 33.0025], [130.4888, 33.003], [130.4904, 33.0028], [130.4935, 33.0042], [130.4943, 33.0035], [130.4946, 33.0043], [130.4955, 33.0038], [130.496, 33.0041], [130.4956, 33.005], [130.4992, 33.0064], [130.5046, 33.0045], [130.5049, 33.0036], [130.5056, 33.0029], [130.5068, 33.0039], [130.5068, 33.0051], [130.5061, 33.0058], [130.5063, 33.0063], [130.508, 33.0065], [130.5087, 33.0075], [130.5111, 33.0069], [130.5124, 33.0072], [130.5127, 33.0076], [130.5124, 33.0088], [130.5135, 33.0101], [130.5139, 33.012], [130.5165, 33.0122], [130.5157, 33.0124], [130.5157, 33.0145], [130.515, 33.0148], [130.5144, 33.0146], [130.5134, 33.0163], [130.5127, 33.0165], [130.5131, 33.0187], [130.512, 33.0208], [130.5119, 33.022], [130.5123, 33.0227], [130.509, 33.0234], [130.5078, 33.0232], [130.5074, 33.0236], [130.5073, 33.0251], [130.506, 33.0256], [130.5043, 33.027], [130.5047, 33.0284], [130.5041, 33.0298], [130.5044, 33.0319], [130.5037, 33.0341], [130.5042, 33.0365], [130.5035, 33.0374], [130.5033, 33.0387], [130.5021, 33.0393], [130.501, 33.0413], [130.4979, 33.044], [130.4978, 33.0454], [130.495, 33.0487], [130.495, 33.0493], [130.4976, 33.0524], [130.5028, 33.0557], [130.5041, 33.058], [130.5135, 33.0618], [130.5149, 33.064], [130.5162, 33.0642], [130.5196, 33.0658], [130.5222, 33.066], [130.5226, 33.0663], [130.5239, 33.066], [130.5252, 33.0668], [130.5262, 33.0665], [130.5271, 33.0658], [130.5275, 33.066], [130.5277, 33.0656], [130.5292, 33.0654], [130.5299, 33.0644], [130.5314, 33.0638], [130.5313, 33.0646], [130.5319, 33.0651], [130.5321, 33.0669], [130.532, 33.0672], [130.5316, 33.0668], [130.5313, 33.0671], [130.532, 33.068], [130.5327, 33.068], [130.5335, 33.0691], [130.5329, 33.0697], [130.5325, 33.0694], [130.5322, 33.0699], [130.5329, 33.0702], [130.5333, 33.0731], [130.5353, 33.0739], [130.536, 33.0754], [130.5361, 33.0764], [130.5353, 33.0766], [130.5357, 33.0788], [130.5367, 33.0801], [130.5379, 33.0808], [130.5382, 33.0807], [130.5385, 33.0811], [130.5421, 33.0817], [130.5421, 33.0834], [130.5417, 33.0851], [130.5394, 33.0881], [130.539, 33.089], [130.5393, 33.09], [130.5389, 33.09], [130.5389, 33.0905], [130.5379, 33.0908], [130.5364, 33.0904], [130.5356, 33.0906], [130.5352, 33.0886], [130.5345, 33.0877], [130.5338, 33.0875], [130.5337, 33.0856], [130.5322, 33.0854], [130.531, 33.0839], [130.5298, 33.0839], [130.528, 33.0831], [130.5262, 33.0827], [130.5235, 33.0828], [130.5216, 33.0852], [130.5207, 33.0855], [130.5199, 33.0865], [130.5205, 33.0885], [130.5202, 33.0898], [130.5204, 33.0909], [130.519, 33.0919], [130.5191, 33.0925], [130.5178, 33.0941], [130.5181, 33.0947], [130.5174, 33.0964], [130.5157, 33.0974], [130.5147, 33.0973], [130.5121, 33.0984], [130.5101, 33.0986], [130.5081, 33.0981], [130.5073, 33.0969], [130.5072, 33.0955], [130.5062, 33.0949], [130.5062, 33.0932], [130.5068, 33.0918], [130.5039, 33.0909], [130.5031, 33.091], [130.5029, 33.0907], [130.5011, 33.0904], [130.501, 33.0901], [130.4996, 33.09], [130.499, 33.0891], [130.4986, 33.0893], [130.4978, 33.089], [130.4969, 33.0884], [130.4969, 33.088], [130.495, 33.0879], [130.4927, 33.0865], [130.4836, 33.085], [130.4828, 33.0852], [130.4804, 33.0876], [130.4779, 33.0868], [130.4751, 33.0887], [130.4727, 33.0883], [130.4726, 33.0886], [130.4712, 33.0889], [130.4696, 33.0883], [130.4661, 33.0877], [130.4652, 33.088], [130.4648, 33.0888], [130.4637, 33.0887], [130.4628, 33.0893], [130.4614, 33.0892], [130.4597, 33.0889], [130.4597, 33.0881], [130.4587, 33.0887], [130.4566, 33.0888], [130.4547, 33.0882], [130.4496, 33.0881], [130.4498, 33.0862], [130.4504, 33.0855], [130.4486, 33.0838], [130.4473, 33.0812], [130.4434, 33.0782], [130.4407, 33.0767], [130.4391, 33.0761], [130.4375, 33.0763], [130.4324, 33.0753], [130.4298, 33.076], [130.4283, 33.0754], [130.426, 33.0737], [130.4188, 33.0716], [130.4182, 33.0721], [130.4176, 33.0718], [130.4174, 33.0717], [130.4177, 33.0708], [130.418, 33.0708], [130.4253, 33.0529], [130.4267, 33.0524], [130.427, 33.0528], [130.427, 33.0524], [130.4283, 33.052], [130.4374, 33.0495], [130.4383, 33.0494], [130.4403, 33.0499], [130.4423, 33.0495], [130.4436, 33.0488], [130.4435, 33.0485], [130.4406, 33.0491], [130.4382, 33.0487], [130.424, 33.0521], [130.4229, 33.0519], [130.4224, 33.0512], [130.422, 33.0449], [130.4193, 33.036], [130.4331, 33.0376], [130.4389, 33.0385], [130.4389, 33.0383], [130.4395, 33.0383], [130.4412, 33.0385], [130.4417, 33.0383], [130.4416, 33.038], [130.4391, 33.0379], [130.4342, 33.0372], [130.4341, 33.0367], [130.4283, 33.0361], [130.4284, 33.0357], [130.4247, 33.0353], [130.4246, 33.035], [130.4228, 33.0348], [130.4223, 33.0351], [130.4202, 33.0348], [130.42, 33.0343], [130.4232, 33.0294], [130.4219, 33.0287], [130.415, 33.0232], [130.415, 33.0288], [130.3906, 33.029], [130.3898, 32.998], [130.3947, 32.9973], [130.4237, 33.005], [130.4276, 33.0053], [130.431, 33.0052]]], [[[130.4037, 33.0533], [130.4041, 33.0527], [130.405, 33.0525], [130.4057, 33.053], [130.4056, 33.0536], [130.4051, 33.0538], [130.4041, 33.0538], [130.4037, 33.0533]]], [[[130.3533, 33.0394], [130.3535, 33.0388], [130.3543, 33.0386], [130.3548, 33.0394], [130.3539, 33.04], [130.3533, 33.0394]]]]}, "properties": {"name": "福岡県大牟田市"}}, {"type": "Feature", "geometry": {"type": "Polygon", "coordinates": [[[130.9577, 33.857], [130.9578, 33.8556], [130.9585, 33.8543], [130.9612, 33.8548], [130.9626, 33.854], [130.9645, 33.8555], [130.9649, 33.8578], [130.966, 33.8581], [130.9662, 33.8578], [130.9665, 33.858], [130.9654, 33.8566], [130.9644, 33.8544], [130.9645, 33.8535], [130.9674, 33.8516], [130.9679, 33.8516], [130.9687, 33.851], [130.9687, 33.8497], [130.9694, 33.8495], [130.97, 33.8488], [130.972, 33.8483], [130.9756, 33.8464], [130.9763, 33.8466], [130.977, 33.8463], [130.978, 33.8454], [130.9783, 33.8425], [130.9799, 33.8404], [131.0092, 33.8418], [131.0276, 33.8826], [131.0302, 33.9749], [130.9878, 33.9752], [130.9547, 33.9637], [130.9126, 33.9044], [130.9155, 33.8939], [130.9167, 33.8927], [130.9163, 33.8911], [130.9152, 33.8897], [130.9171, 33.8889], [130.9169, 33.8884], [130.9152, 33.8884], [130.9168, 33.8864], [130.9163, 33.8857], [130.916, 33.8827], [130.9171, 33.882], [130.9194, 33.8775], [130.9208, 33.8767], [130.9207, 33.8762], [130.9225, 33.874], [130.9243, 33.8734], [130.9264, 33.8732], [130.9272, 33.8726], [130.9282, 33.8701], [130.9291, 33.8699], [130.9292, 33.8693], [130.9321, 33.8695], [130.9331, 33.869], [130.9349, 33.8693], [130.9366, 33.8685], [130.9387, 33.868], [130.9408, 33.8688], [130.942, 33.8689], [130.9444, 33.8679], [130.9453, 33.8683], [130.9476, 33.8677], [130.9477, 33.867], [130.9499, 33.864], [130.9513, 33.8632], [130.9514, 33.8619], [130.9521, 33.8612], [130.9553, 33.8591], [130.9559, 33.8589], [130.9573, 33.8597], [130.9571, 33.8576], [130.9577, 33.857]]]}, "properties": {"name": "福岡県北九州市門司区"}}, {"type": "Feature", "geometry": {"type": "MultiPolygon", "coordinates": [[[[130.6774, 33.9205], [130.6752, 33.9196], [130.6736, 33.9197], [130.6734, 33.9188], [130.6749, 33.9169], [130.6763, 33.9166], [130.6774, 33.915], [130.6771, 33.9128], [130.6777, 33.9116], [130.6768, 33.9086], [130.6751, 33.9078], [130.6754, 33.9069], [130.6773, 33.9052], [130.6784, 33.9052], [130.6796, 33.9041], [130.68, 33.9031], [130.6793, 33.9025], [130.6797, 33.9017], [130.6804, 33.9017], [130.6814, 33.9021], [130.6811, 33.9007], [130.6817, 33.9001], [130.6827, 33.9], [130.6829, 33.8994], [130.6838, 33.8995], [130.6837, 33.8984], [130.6845, 33.898], [130.6852, 33.8983], [130.6855, 33.8978], [130.684, 33.8945], [130.6853, 33.8934], [130.6827, 33.8895], [130.6819, 33.8889], [130.6826, 33.8881], [130.6837, 33.8877], [130.685, 33.8863], [130.6862, 33.8866], [130.6877, 33.8852], [130.6898, 33.8851], [130.6922, 33.884], [130.6938, 33.8848], [130.6959, 33.8848], [130.6974, 33.8857], [130.6977, 33.8868], [130.6985, 33.8878], [130.6985, 33.8886], [130.7001, 33.8885], [130.6999, 33.8873], [130.7012, 33.8846], [130.7023, 33.8844], [130.703, 33.8849], [130.7039, 33.8848], [130.7044, 33.8842], [130.7056, 33.8845], [130.7062, 33.8855], [130.7059, 33.8869], [130.7064, 33.8876], [130.7077, 33.8872], [130.7078, 33.8866], [130.7089, 33.8865], [130.7093, 33.8858], [130.711, 33.8865], [130.7113, 33.8852], [130.7118, 33.8847], [130.7127, 33.8847], [130.7131, 33.8843], [130.7138, 33.8848], [130.715, 33.8848], [130.7159, 33.8858], [130.7152, 33.8879], [130.717, 33.8887], [130.718, 33.8882], [130.7189, 33.8885], [130.7176, 33.8902], [130.7193, 33.8912], [130.7218, 33.8937], [130.7213, 33.894], [130.7219, 33.8946], [130.7207, 33.8953], [130.7223, 33.8977], [130.7225, 33.8988], [130.7259, 33.898], [130.7298, 33.8964], [130.7313, 33.8948], [130.7333, 33.8941], [130.7356, 33.8923], [130.7375, 33.8913], [130.7427, 33.8899], [130.7445, 33.8878], [130.7449, 33.888], [130.7503, 33.8758], [130.7848, 33.885], [130.7963, 33.8882], [130.8005, 33.8908], [130.803, 33.893], [130.8043, 33.8936], [130.8169, 33.9027], [130.8217, 33.9241], [130.8434, 33.932], [130.8675, 33.9417], [130.8378, 33.9663], [130.79, 33.9791], [130.7393, 34.0262], [130.7271, 34.0263], [130.7261, 34.0218], [130.7256, 34.0213], [130.7259, 34.0211], [130.7251, 34.0184], [130.7247, 34.0182], [130.7245, 34.0188], [130.7239, 34.019], [130.724, 34.0182], [130.7231, 34.018], [130.7226, 34.0184], [130.722, 34.0172], [130.7223, 34.0166], [130.7231, 34.0167], [130.7227, 34.0163], [130.7231, 34.016], [130.7229, 34.015], [130.7236, 34.0136], [130.7245, 34.0132], [130.7243, 34.0121], [130.7247, 34.0118], [130.7244, 34.0117], [130.7249, 34.0116], [130.7251, 34.011], [130.7271, 34.009], [130.729, 33.9355], [130.7286, 33.9356], [130.7287, 33.9362], [130.7281, 33.9349], [130.7266, 33.9344], [130.7223, 33.9347], [130.7211, 33.9354], [130.72, 33.9369], [130.7203, 33.9361], [130.7192, 33.9363], [130.719, 33.937], [130.7184, 33.9368], [130.7173, 33.9376], [130.7165, 33.9373], [130.715, 33.9375], [130.7142, 33.9381], [130.7138, 33.9389], [130.7098, 33.9376], [130.7083, 33.9377], [130.7075, 33.9384], [130.7076, 33.9381], [130.7066, 33.9385], [130.7061, 33.9382], [130.7038, 33.9384], [130.7025, 33.9394], [130.7022, 33.9392], [130.7025, 33.9387], [130.7011, 33.9387], [130.7002, 33.9398], [130.7, 33.9394], [130.698, 33.9381], [130.6964, 33.9382], [130.6951, 33.9377], [130.6937, 33.939], [130.6932, 33.9386], [130.6936, 33.9377], [130.6925, 33.9385], [130.6919, 33.9385], [130.6934, 33.9367], [130.6934, 33.9361], [130.6923, 33.9354], [130.6906, 33.9354], [130.6887, 33.9345], [130.6876, 33.9344], [130.686, 33.936], [130.6853, 33.9363], [130.6852, 33.936], [130.6848, 33.936], [130.6829, 33.9376], [130.6828, 33.9369], [130.6825, 33.937], [130.6824, 33.9368], [130.6827, 33.9362], [130.6817, 33.9372], [130.6817, 33.9366], [130.6813, 33.9367], [130.6825, 33.9347], [130.6816, 33.9351], [130.6818, 33.9347], [130.6815, 33.9346], [130.6822, 33.934], [130.6815, 33.9336], [130.6823, 33.9326], [130.6823, 33.9316], [130.6826, 33.9317], [130.6825, 33.9327], [130.682, 33.9332], [130.6829, 33.9338], [130.6836, 33.9329], [130.6834, 33.9324], [130.6837, 33.9331], [130.6832, 33.9336], [130.6836, 33.9339], [130.6845, 33.9334], [130.6842, 33.933], [130.6846, 33.933], [130.6846, 33.9325], [130.6846, 33.933], [130.6855, 33.9331], [130.6856, 33.9322], [130.6848, 33.9313], [130.6841, 33.932], [130.6837, 33.932], [130.684, 33.9315], [130.6852, 33.931], [130.6843, 33.9312], [130.6853, 33.9296], [130.6831, 33.9256], [130.6816, 33.9237], [130.6774, 33.9205]]], [[[130.7119, 34.0054], [130.7111, 34.0051], [130.7111, 34.0046], [130.7106, 34.0042], [130.7084, 34.0047], [130.7084, 34.0044], [130.708, 34.0042], [130.7088, 34.0038], [130.7086, 34.0035], [130.709, 34.0033], [130.7099, 34.0034], [130.7109, 34.003], [130.7125, 34.0028], [130.713, 34.0024], [130.7143, 34.0025], [130.7157, 34.0014], [130.7156, 34.0009], [130.7165, 34.001], [130.7176, 34.0006], [130.7182, 34.0016], [130.7179, 34.0023], [130.7163, 34.0029], [130.715, 34.0029], [130.7144, 34.0038], [130.7137, 34.0041], [130.7138, 34.0046], [130.7132, 34.0046], [130.7132, 34.005], [130.7126, 34.0049], [130.7119, 34.0054]]]]}, "properties": {"name": "福岡県北九州市若松区"}}, {"type": "Feature", "geometry": {"type": "Polygon", "coordinates": [[[130.8043, 33.8936], [130.8055, 33.8842], [130.8087, 33.8849], [130.8095, 33.8845], [130.8103, 33.8847], [130.8113, 33.8836], [130.8142, 33.8846], [130.8137, 33.8862], [130.8139, 33.8879], [130.8155, 33.888], [130.8184, 33.8864], [130.8194, 33.8864], [130.8213, 33.8857], [130.8227, 33.8833], [130.8222, 33.8777], [130.8229, 33.8771], [130.8245, 33.8767], [130.8262, 33.8756], [130.826, 33.8744], [130.8249, 33.8737], [130.8244, 33.8721], [130.8253, 33.8695], [130.828, 33.8697], [130.8289, 33.8702], [130.8308, 33.8702], [130.8312, 33.8706], [130.8334, 33.8709], [130.8343, 33.8706], [130.8352, 33.871], [130.8358, 33.8721], [130.8362, 33.8746], [130.8376, 33.875], [130.8381, 33.8744], [130.8395, 33.8742], [130.8401, 33.8744], [130.841, 33.8758], [130.8413, 33.8778], [130.8422, 33.8779], [130.8429, 33.884], [130.8426, 33.8846], [130.8436, 33.8891], [130.8451, 33.89], [130.8463, 33.8931], [130.8475, 33.895], [130.8499, 33.8959], [130.8504, 33.8965], [130.8488, 33.8994], [130.849, 33.9004], [130.8502, 33.9014], [130.851, 33.9048], [130.8508, 33.9054], [130.8518, 33.9088], [130.8853, 33.9235], [130.8675, 33.9417], [130.8434, 33.932], [130.8217, 33.9241], [130.8169, 33.9027], [130.8043, 33.8936]]]}, "properties": {"name": "福岡県北九州市戸畑区"}}, {"type": "Feature", "geometry": {"type": "MultiPolygon", "coordinates": [[[[130.9126, 33.9044], [130.9075, 33.9056], [130.902, 33.9087], [130.897, 33.9125], [130.8853, 33.9235], [130.8518, 33.9088], [130.8508, 33.9054], [130.851, 33.9048], [130.8502, 33.9014], [130.849, 33.9004], [130.8488, 33.8994], [130.8504, 33.8965], [130.8499, 33.8959], [130.8475, 33.895], [130.8463, 33.8931], [130.8451, 33.89], [130.8436, 33.8891], [130.8426, 33.8846], [130.8429, 33.884], [130.8422, 33.8779], [130.8413, 33.8778], [130.841, 33.8758], [130.8401, 33.8744], [130.8431, 33.8735], [130.8437, 33.8724], [130.8444, 33.8725], [130.8444, 33.8708], [130.8427, 33.8706], [130.842, 33.8699], [130.8435, 33.8691], [130.8441, 33.869], [130.8451, 33.87], [130.8474, 33.871], [130.8477, 33.8711], [130.8484, 33.87], [130.846, 33.8691], [130.8466, 33.8671], [130.8455, 33.8653], [130.8461, 33.8648], [130.8458, 33.8643], [130.8475, 33.8624], [130.847, 33.8614], [130.8478, 33.8603], [130.8481, 33.8606], [130.8493, 33.8599], [130.8494, 33.8593], [130.8492, 33.8584], [130.8479, 33.8582], [130.8471, 33.857], [130.8464, 33.8574], [130.8463, 33.8566], [130.8456, 33.8563], [130.8448, 33.8563], [130.8445, 33.8548], [130.8425, 33.8537], [130.8417, 33.8538], [130.8411, 33.8532], [130.8409, 33.8515], [130.8395, 33.8508], [130.8402, 33.8496], [130.8399, 33.8489], [130.84, 33.8464], [130.8421, 33.8428], [130.8411, 33.8407], [130.8422, 33.8399], [130.8429, 33.8398], [130.8441, 33.8404], [130.8452, 33.8404], [130.8459, 33.8392], [130.8476, 33.8397], [130.8482, 33.8394], [130.8495, 33.8396], [130.8497, 33.8403], [130.8504, 33.8409], [130.8514, 33.8409], [130.8526, 33.8424], [130.8534, 33.8422], [130.8535, 33.8419], [130.8549, 33.8434], [130.8559, 33.8433], [130.8571, 33.8439], [130.8583, 33.8459], [130.8601, 33.8453], [130.8606, 33.8454], [130.862, 33.8466], [130.8617, 33.8477], [130.8633, 33.848], [130.864, 33.8487], [130.864, 33.8502], [130.8652, 33.8498], [130.8666, 33.8487], [130.8679, 33.8488], [130.8718, 33.8473], [130.8727, 33.8478], [130.8735, 33.8486], [130.874, 33.85], [130.8739, 33.8542], [130.8745, 33.8554], [130.8763, 33.8572], [130.8762, 33.8602], [130.8748, 33.8625], [130.8754, 33.8626], [130.8757, 33.8642], [130.8763, 33.8642], [130.8765, 33.8646], [130.8861, 33.8583], [130.8862, 33.8585], [130.8872, 33.858], [130.8885, 33.8568], [130.8938, 33.8534], [130.8952, 33.8519], [130.8967, 33.8496], [130.8977, 33.8492], [130.8986, 33.8479], [130.8985, 33.8515], [130.8995, 33.8517], [130.8996, 33.8524], [130.9022, 33.8528], [130.9036, 33.8526], [130.9058, 33.8538], [130.9076, 33.8554], [130.9083, 33.8568], [130.9106, 33.8571], [130.9127, 33.8582], [130.9144, 33.8585], [130.9171, 33.8595], [130.9209, 33.8601], [130.9218, 33.8616], [130.9218, 33.863], [130.9232, 33.8648], [130.9241, 33.867], [130.9254, 33.8674], [130.9279, 33.8675], [130.9279, 33.8682], [130.929, 33.8689], [130.9292, 33.8693], [130.9291, 33.8699], [130.9282, 33.8701], [130.9272, 33.8726], [130.9264, 33.8732], [130.9243, 33.8734], [130.9225, 33.874], [130.9207, 33.8762], [130.9208, 33.8767], [130.9194, 33.8775], [130.9171, 33.882], [130.916, 33.8827], [130.9163, 33.8857], [130.9168, 33.8864], [130.9152, 33.8884], [130.9169, 33.8884], [130.9171, 33.8889], [130.9152, 33.8897], [130.9163, 33.8911], [130.9167, 33.8927], [130.9155, 33.8939], [130.9126, 33.9044]]], [[[130.8149, 34.0022], [130.8152, 34.0023], [130.8148, 34.0029], [130.8145, 34.0028], [130.8145, 34.0022], [130.8149, 34.0022]]], [[[130.8092, 34.0038], [130.8096, 34.0031], [130.8104, 34.003], [130.8101, 34.0036], [130.8092, 34.0038]]], [[[130.8135, 34.0009], [130.8131, 34.0012], [130.8117, 34.0002], [130.8109, 34.0001], [130.8103, 34.0004], [130.8095, 33.9994], [130.8099, 33.9992], [130.81, 33.9984], [130.8111, 33.9976], [130.8115, 33.9974], [130.8126, 33.998], [130.8132, 33.9977], [130.8131, 33.9968], [130.8141, 33.9964], [130.8133, 33.9957], [130.8141, 33.9959], [130.8142, 33.9956], [130.8153, 33.9954], [130.8148, 33.9944], [130.8144, 33.9946], [130.8142, 33.9943], [130.8147, 33.993], [130.8156, 33.9921], [130.8164, 33.9918], [130.8161, 33.9913], [130.8171, 33.9899], [130.8177, 33.9895], [130.8183, 33.99], [130.8184, 33.9895], [130.8185, 33.9899], [130.8188, 33.9899], [130.8192, 33.9891], [130.8209, 33.9878], [130.821, 33.9873], [130.8216, 33.9869], [130.8209, 33.9862], [130.8212, 33.9857], [130.8215, 33.9865], [130.8226, 33.9868], [130.8214, 33.9875], [130.8216, 33.9879], [130.8222, 33.988], [130.8218, 33.9885], [130.8222, 33.9891], [130.822, 33.9904], [130.8213, 33.9906], [130.8211, 33.9903], [130.8207, 33.9911], [130.821, 33.9918], [130.8191, 33.9918], [130.8187, 33.9921], [130.819, 33.9927], [130.8203, 33.9927], [130.8201, 33.9935], [130.819, 33.9938], [130.8195, 33.9946], [130.819, 33.9951], [130.8179, 33.9952], [130.8186, 33.9958], [130.8173, 33.9959], [130.8173, 33.9962], [130.8181, 33.9965], [130.8164, 33.9973], [130.8165, 33.9982], [130.8175, 33.9986], [130.8167, 33.9992], [130.816, 33.9989], [130.8156, 33.9992], [130.8156, 33.9998], [130.8162, 33.9998], [130.8164, 34.0007], [130.8154, 34.0002], [130.815, 34.0007], [130.8135, 34.0009]]], [[[130.8538, 33.9705], [130.8528, 33.971], [130.8523, 33.971], [130.8521, 33.9704], [130.8509, 33.971], [130.8502, 33.9707], [130.8497, 33.9697], [130.8484, 33.9699], [130.8483, 33.9696], [130.8488, 33.9692], [130.8504, 33.9694], [130.8511, 33.9681], [130.8528, 33.9673], [130.8522, 33.9664], [130.854, 33.966], [130.8544, 33.9652], [130.8541, 33.9658], [130.8545, 33.9662], [130.8549, 33.9659], [130.8545, 33.9665], [130.855, 33.9667], [130.8555, 33.9663], [130.8557, 33.9654], [130.8566, 33.9654], [130.8566, 33.9661], [130.8574, 33.9665], [130.8585, 33.9659], [130.8605, 33.9656], [130.8608, 33.9662], [130.859, 33.9679], [130.8573, 33.968], [130.8574, 33.9675], [130.857, 33.9673], [130.8564, 33.9679], [130.8563, 33.9685], [130.8557, 33.969], [130.8553, 33.9691], [130.8548, 33.9685], [130.854, 33.9686], [130.8538, 33.9696], [130.8543, 33.9699], [130.8538, 33.9705]]], [[[130.8462, 33.9691], [130.8455, 33.9694], [130.8451, 33.969], [130.8467, 33.9679], [130.846, 33.9688], [130.8462, 33.9691]]]]}, "properties": {"name": "福岡県北九州市小倉北区"}}, {"type": "Feature", "geometry": {"type": "MultiPolygon", "coordinates": [[[[130.9292, 33.8693], [130.929, 33.8689], [130.9279, 33.8682], [130.9279, 33.8675], [130.9254, 33.8674], [130.9241, 33.867], [130.9232, 33.8648], [130.9218, 33.863], [130.9218, 33.8616], [130.9209, 33.8601], [130.9171, 33.8595], [130.9144, 33.8585], [130.9127, 33.8582], [130.9106, 33.8571], [130.9083, 33.8568], [130.9076, 33.8554], [130.9058, 33.8538], [130.9036, 33.8526], [130.9022, 33.8528], [130.8996, 33.8524], [130.8995, 33.8517], [130.8985, 33.8515], [130.8986, 33.8479], [130.8977, 33.8492], [130.8967, 33.8496], [130.8952, 33.8519], [130.8938, 33.8534], [130.8885, 33.8568], [130.8872, 33.858], [130.8862, 33.8585], [130.8861, 33.8583], [130.8765, 33.8646], [130.8763, 33.8642], [130.8757, 33.8642], [130.8754, 33.8626], [130.8748, 33.8625], [130.8762, 33.8602], [130.8763, 33.8572], [130.8745, 33.8554], [130.8739, 33.8542], [130.874, 33.85], [130.8735, 33.8486], [130.8727, 33.8478], [130.8718, 33.8473], [130.8679, 33.8488], [130.8666, 33.8487], [130.8652, 33.8498], [130.864, 33.8502], [130.864, 33.8487], [130.8633, 33.848], [130.8617, 33.8477], [130.862, 33.8466], [130.8606, 33.8454], [130.8601, 33.8453], [130.8583, 33.8459], [130.8571, 33.8439], [130.8559, 33.8433], [130.8549, 33.8434], [130.8535, 33.8419], [130.8534, 33.8422], [130.8526, 33.8424], [130.8514, 33.8409], [130.8504, 33.8409], [130.8497, 33.8403], [130.8495, 33.8396], [130.8482, 33.8394], [130.8476, 33.8397], [130.8459, 33.8392], [130.8452, 33.8404], [130.8441, 33.8404], [130.8429, 33.8398], [130.8422, 33.8399], [130.8411, 33.8407], [130.841, 33.8402], [130.8388, 33.8385], [130.8366, 33.8382], [130.8348, 33.837], [130.8335, 33.8369], [130.8328, 33.8362], [130.8323, 33.8351], [130.8294, 33.8335], [130.8286, 33.8315], [130.8287, 33.8307], [130.8279, 33.8299], [130.8262, 33.8295], [130.8263, 33.8282], [130.8254, 33.8273], [130.8249, 33.8263], [130.824, 33.8269], [130.8229, 33.8266], [130.8211, 33.8276], [130.8204, 33.8275], [130.8195, 33.8283], [130.8183, 33.8286], [130.8163, 33.8276], [130.8147, 33.8277], [130.813, 33.8259], [130.812, 33.8256], [130.8118, 33.825], [130.8107, 33.8248], [130.8098, 33.824], [130.808, 33.8241], [130.8078, 33.8228], [130.8085, 33.8227], [130.8093, 33.8219], [130.8095, 33.8208], [130.8084, 33.819], [130.8075, 33.8189], [130.8071, 33.8183], [130.8063, 33.8184], [130.8045, 33.8175], [130.8048, 33.8166], [130.8038, 33.816], [130.804, 33.8154], [130.8036, 33.8141], [130.8024, 33.8132], [130.8019, 33.8122], [130.8014, 33.8118], [130.8018, 33.8112], [130.802, 33.8095], [130.8032, 33.8086], [130.8042, 33.8069], [130.8045, 33.8035], [130.803, 33.8027], [130.8019, 33.8006], [130.8011, 33.7981], [130.8012, 33.7953], [130.8004, 33.7937], [130.7995, 33.7919], [130.8009, 33.7899], [130.7999, 33.7883], [130.8, 33.7875], [130.7995, 33.7872], [130.7993, 33.7858], [130.7997, 33.7842], [130.8001, 33.7838], [130.8, 33.7821], [130.8005, 33.7814], [130.8007, 33.7802], [130.8013, 33.7797], [130.8011, 33.7785], [130.7993, 33.7773], [130.7994, 33.7771], [130.8002, 33.7734], [130.8009, 33.7733], [130.8022, 33.774], [130.8026, 33.7735], [130.8025, 33.7711], [130.801, 33.7687], [130.8009, 33.7666], [130.7993, 33.7651], [130.8003, 33.7643], [130.8023, 33.7606], [130.8017, 33.7575], [130.8019, 33.7556], [130.803, 33.7533], [130.8024, 33.7512], [130.8045, 33.7497], [130.8052, 33.7486], [130.8041, 33.7466], [130.8037, 33.7437], [130.8021, 33.7425], [130.802, 33.742], [130.8028, 33.7418], [130.804, 33.7421], [130.8055, 33.7384], [130.8054, 33.7367], [130.806, 33.7351], [130.8098, 33.7337], [130.8116, 33.7327], [130.8133, 33.7311], [130.8145, 33.7281], [130.8171, 33.7278], [130.8206, 33.7258], [130.8208, 33.7254], [130.8198, 33.723], [130.8211, 33.7214], [130.8219, 33.7214], [130.8235, 33.7225], [130.8269, 33.7239], [130.8318, 33.7242], [130.8376, 33.7258], [130.84, 33.7254], [130.8415, 33.7257], [130.8445, 33.7245], [130.8456, 33.7248], [130.8475, 33.7263], [130.8501, 33.7328], [130.8524, 33.7342], [130.853, 33.735], [130.855, 33.7353], [130.8556, 33.7358], [130.8632, 33.7363], [130.8674, 33.7351], [130.8679, 33.7344], [130.8693, 33.7352], [130.8705, 33.7366], [130.8719, 33.737], [130.874, 33.7393], [130.8769, 33.7399], [130.8786, 33.7419], [130.8821, 33.7441], [130.883, 33.7415], [130.8851, 33.7423], [130.8894, 33.7425], [130.8894, 33.7412], [130.8903, 33.7403], [130.8917, 33.7356], [130.8929, 33.7354], [130.8943, 33.7342], [130.895, 33.7348], [130.8953, 33.736], [130.8947, 33.7391], [130.8978, 33.7417], [130.8971, 33.7435], [130.8979, 33.7445], [130.8982, 33.7459], [130.8993, 33.7482], [130.9002, 33.7495], [130.9002, 33.75], [130.9017, 33.7515], [130.902, 33.7526], [130.9025, 33.7529], [130.904, 33.7526], [130.9032, 33.7512], [130.905, 33.7487], [130.9059, 33.748], [130.9063, 33.7461], [130.9069, 33.7456], [130.9073, 33.7458], [130.9079, 33.7472], [130.9098, 33.7487], [130.9097, 33.7504], [130.9099, 33.7516], [130.9129, 33.7566], [130.913, 33.7588], [130.9118, 33.7611], [130.9121, 33.7621], [130.9117, 33.7632], [130.9123, 33.7646], [130.9114, 33.7675], [130.9165, 33.7716], [130.9163, 33.7724], [130.9155, 33.7733], [130.9166, 33.7749], [130.9193, 33.775], [130.9202, 33.7767], [130.9227, 33.7777], [130.924, 33.7791], [130.9262, 33.7794], [130.9269, 33.7802], [130.9289, 33.7792], [130.9312, 33.7786], [130.9338, 33.7759], [130.9346, 33.7766], [130.9371, 33.7766], [130.9377, 33.7772], [130.9415, 33.7784], [130.9427, 33.7786], [130.9436, 33.7778], [130.9446, 33.7778], [130.9478, 33.779], [130.9484, 33.7802], [130.9503, 33.7804], [130.9531, 33.7823], [130.9539, 33.7834], [130.9549, 33.7851], [130.9551, 33.7872], [130.9572, 33.7896], [130.9575, 33.7908], [130.9601, 33.7906], [130.9621, 33.7925], [130.9638, 33.795], [130.965, 33.7954], [130.9669, 33.7969], [130.9677, 33.7983], [130.9708, 33.8011], [130.9714, 33.8021], [130.9815, 33.8105], [130.98, 33.8119], [130.9666, 33.8095], [130.9651, 33.8141], [130.9625, 33.8193], [130.9627, 33.8198], [130.961, 33.8218], [130.9565, 33.83], [130.9577, 33.8304], [130.9605, 33.839], [130.9636, 33.8384], [130.9633, 33.8377], [130.9702, 33.8357], [130.9717, 33.8362], [130.9722, 33.8354], [130.9762, 33.8344], [130.977, 33.836], [130.9769, 33.8373], [130.9788, 33.8375], [130.9787, 33.8392], [130.9799, 33.8404], [130.9783, 33.8425], [130.978, 33.8454], [130.977, 33.8463], [130.9763, 33.8466], [130.9756, 33.8464], [130.972, 33.8483], [130.97, 33.8488], [130.9694, 33.8495], [130.9687, 33.8497], [130.9687, 33.851], [130.9679, 33.8516], [130.9674, 33.8516], [130.9645, 33.8535], [130.9644, 33.8544], [130.9654, 33.8566], [130.9665, 33.858], [130.9662, 33.8578], [130.966, 33.8581], [130.9649, 33.8578], [130.9645, 33.8555], [130.9626, 33.854], [130.9612, 33.8548], [130.9585, 33.8543], [130.9578, 33.8556], [130.9577, 33.857], [130.9571, 33.8576], [130.9573, 33.8597], [130.9559, 33.8589], [130.9553, 33.8591], [130.9521, 33.8612], [130.9514, 33.8619], [130.9513, 33.8632], [130.9499, 33.864], [130.9477, 33.867], [130.9476, 33.8677], [130.9453, 33.8683], [130.9444, 33.8679], [130.942, 33.8689], [130.9408, 33.8688], [130.9387, 33.868], [130.9366, 33.8685], [130.9349, 33.8693], [130.9331, 33.869], [130.9321, 33.8695], [130.9292, 33.8693]]], [[[130.9772, 33.8301], [130.9765, 33.8303], [130.9744, 33.8293], [130.9728, 33.8294], [130.9708, 33.829], [130.9727, 33.8293], [130.9745, 33.8292], [130.977, 33.8274], [130.9776, 33.828], [130.9775, 33.8301], [130.9772, 33.8301]]], [[[131.0273, 33.8435], [131.0293, 33.8341], [131.0389, 33.8354], [131.0352, 33.8537], [131.0355, 33.8567], [131.0343, 33.8581], [131.0288, 33.8572], [131.029, 33.8561], [131.0301, 33.8562], [131.0324, 33.8442], [131.0273, 33.8435]]]]}, "properties": {"name": "福岡県北九州市小倉南区"}}, {"type": "Feature", "geometry": {"type": "Polygon", "coordinates": [[[130.7848, 33.885], [130.7811, 33.8783], [130.7822, 33.8778], [130.7823, 33.8783], [130.7826, 33.8782], [130.7823, 33.8777], [130.783, 33.8774], [130.7823, 33.8751], [130.7823, 33.8714], [130.7812, 33.8697], [130.7819, 33.868], [130.7825, 33.8678], [130.7822, 33.8667], [130.7801, 33.8671], [130.7794, 33.8671], [130.7794, 33.8666], [130.7799, 33.8645], [130.7807, 33.8636], [130.7813, 33.8619], [130.783, 33.8604], [130.7844, 33.8605], [130.7845, 33.8598], [130.7859, 33.8583], [130.7863, 33.8574], [130.7861, 33.8566], [130.7868, 33.8559], [130.7866, 33.8545], [130.7872, 33.8541], [130.7862, 33.8537], [130.7862, 33.8528], [130.7867, 33.8526], [130.7866, 33.8512], [130.7834, 33.8495], [130.784, 33.8482], [130.7852, 33.8468], [130.7834, 33.8438], [130.7847, 33.8428], [130.7883, 33.8414], [130.79, 33.8398], [130.7888, 33.8384], [130.7865, 33.8371], [130.7862, 33.836], [130.7848, 33.835], [130.7843, 33.8333], [130.7821, 33.8316], [130.7816, 33.8294], [130.7803, 33.8281], [130.7785, 33.8254], [130.7795, 33.824], [130.7816, 33.823], [130.7831, 33.8215], [130.7841, 33.8212], [130.7851, 33.8202], [130.7858, 33.8182], [130.7885, 33.817], [130.7893, 33.8161], [130.7896, 33.8142], [130.7891, 33.8134], [130.7895, 33.8124], [130.7873, 33.8097], [130.7896, 33.8051], [130.7876, 33.8035], [130.7875, 33.8025], [130.7901, 33.801], [130.7899, 33.8003], [130.7904, 33.7997], [130.7911, 33.8005], [130.7923, 33.8008], [130.7937, 33.8003], [130.7944, 33.8004], [130.796, 33.7999], [130.797, 33.7993], [130.7991, 33.7964], [130.8002, 33.7948], [130.8004, 33.7937], [130.8012, 33.7953], [130.8011, 33.7981], [130.8019, 33.8006], [130.803, 33.8027], [130.8045, 33.8035], [130.8042, 33.8069], [130.8032, 33.8086], [130.802, 33.8095], [130.8018, 33.8112], [130.8014, 33.8118], [130.8019, 33.8122], [130.8024, 33.8132], [130.8036, 33.8141], [130.804, 33.8154], [130.8038, 33.816], [130.8048, 33.8166], [130.8045, 33.8175], [130.8063, 33.8184], [130.8071, 33.8183], [130.8075, 33.8189], [130.8084, 33.819], [130.8095, 33.8208], [130.8093, 33.8219], [130.8085, 33.8227], [130.8078, 33.8228], [130.808, 33.8241], [130.8098, 33.824], [130.8107, 33.8248], [130.8118, 33.825], [130.812, 33.8256], [130.813, 33.8259], [130.8147, 33.8277], [130.8163, 33.8276], [130.8183, 33.8286], [130.8195, 33.8283], [130.8204, 33.8275], [130.8211, 33.8276], [130.8229, 33.8266], [130.824, 33.8269], [130.8249, 33.8263], [130.8254, 33.8273], [130.8263, 33.8282], [130.8262, 33.8295], [130.8279, 33.8299], [130.8287, 33.8307], [130.8286, 33.8315], [130.8294, 33.8335], [130.8323, 33.8351], [130.8328, 33.8362], [130.8335, 33.8369], [130.8348, 33.837], [130.8366, 33.8382], [130.8388, 33.8385], [130.841, 33.8402], [130.8411, 33.8407], [130.8421, 33.8428], [130.84, 33.8464], [130.8399, 33.8489], [130.8402, 33.8496], [130.8395, 33.8508], [130.8409, 33.8515], [130.8411, 33.8532], [130.8417, 33.8538], [130.8425, 33.8537], [130.8445, 33.8548], [130.8448, 33.8563], [130.8456, 33.8563], [130.8463, 33.8566], [130.8464, 33.8574], [130.8471, 33.857], [130.8479, 33.8582], [130.8492, 33.8584], [130.8494, 33.8593], [130.8493, 33.8599], [130.8481, 33.8606], [130.8478, 33.8603], [130.847, 33.8614], [130.8475, 33.8624], [130.8458, 33.8643], [130.8461, 33.8648], [130.8455, 33.8653], [130.8466, 33.8671], [130.846, 33.8691], [130.8484, 33.87], [130.8477, 33.8711], [130.8474, 33.871], [130.8451, 33.87], [130.8441, 33.869], [130.8435, 33.8691], [130.842, 33.8699], [130.8427, 33.8706], [130.8444, 33.8708], [130.8444, 33.8725], [130.8437, 33.8724], [130.8431, 33.8735], [130.8401, 33.8744], [130.8395, 33.8742], [130.8381, 33.8744], [130.8376, 33.875], [130.8362, 33.8746], [130.8358, 33.8721], [130.8352, 33.871], [130.8343, 33.8706], [130.8334, 33.8709], [130.8312, 33.8706], [130.8308, 33.8702], [130.8289, 33.8702], [130.828, 33.8697], [130.8253, 33.8695], [130.8244, 33.8721], [130.8249, 33.8737], [130.826, 33.8744], [130.8262, 33.8756], [130.8245, 33.8767], [130.8229, 33.8771], [130.8222, 33.8777], [130.8227, 33.8833], [130.8213, 33.8857], [130.8194, 33.8864], [130.8184, 33.8864], [130.8155, 33.888], [130.8139, 33.8879], [130.8137, 33.8862], [130.8142, 33.8846], [130.8113, 33.8836], [130.8103, 33.8847], [130.8095, 33.8845], [130.8087, 33.8849], [130.8055, 33.8842], [130.8043, 33.8936], [130.803, 33.893], [130.8005, 33.8908], [130.7963, 33.8882], [130.7848, 33.885]]]}, "properties": {"name": "福岡県北九州市八幡東区"}}, {"type": "Feature", "geometry": {"type": "Polygon", "coordinates": [[[130.6819, 33.8889], [130.6817, 33.8888], [130.6854, 33.8834], [130.6879, 33.881], [130.6882, 33.8781], [130.6903, 33.8784], [130.692, 33.8782], [130.6925, 33.8776], [130.6924, 33.8757], [130.6933, 33.8742], [130.6952, 33.8739], [130.6953, 33.8742], [130.6958, 33.8742], [130.6957, 33.8734], [130.6963, 33.8728], [130.6949, 33.8719], [130.6948, 33.8702], [130.693, 33.8693], [130.6929, 33.8685], [130.6939, 33.8672], [130.6951, 33.8673], [130.6958, 33.8662], [130.6955, 33.8648], [130.6964, 33.863], [130.6978, 33.8637], [130.6991, 33.8624], [130.6992, 33.861], [130.6999, 33.8606], [130.7001, 33.8596], [130.6995, 33.8594], [130.7004, 33.8579], [130.7003, 33.8574], [130.7025, 33.8579], [130.7032, 33.8571], [130.7039, 33.8575], [130.7045, 33.8561], [130.7056, 33.8561], [130.7055, 33.854], [130.7036, 33.854], [130.704, 33.8522], [130.7054, 33.8527], [130.7073, 33.8525], [130.7085, 33.8515], [130.7101, 33.851], [130.7106, 33.8501], [130.7113, 33.8499], [130.7113, 33.8493], [130.7128, 33.8492], [130.7131, 33.8487], [130.7128, 33.8482], [130.7139, 33.8477], [130.7133, 33.8468], [130.715, 33.8459], [130.7156, 33.8461], [130.7154, 33.8456], [130.7167, 33.8448], [130.7173, 33.845], [130.7186, 33.8445], [130.7189, 33.8419], [130.7195, 33.8415], [130.7199, 33.8404], [130.7197, 33.8384], [130.7203, 33.839], [130.7208, 33.8389], [130.7206, 33.8371], [130.721, 33.8361], [130.7206, 33.8355], [130.7183, 33.8353], [130.7182, 33.8352], [130.7188, 33.8345], [130.7211, 33.8336], [130.7217, 33.834], [130.7213, 33.8336], [130.7223, 33.8331], [130.7229, 33.8337], [130.7225, 33.8326], [130.7237, 33.8323], [130.7266, 33.8344], [130.7269, 33.8338], [130.7264, 33.8324], [130.7267, 33.8318], [130.7273, 33.832], [130.7283, 33.8329], [130.7279, 33.8322], [130.7268, 33.8315], [130.7287, 33.8306], [130.7281, 33.8296], [130.7286, 33.8294], [130.7283, 33.829], [130.7294, 33.8285], [130.7289, 33.8278], [130.7299, 33.8273], [130.7296, 33.825], [130.7301, 33.8249], [130.7311, 33.8258], [130.7315, 33.8255], [130.7311, 33.8251], [130.7313, 33.8246], [130.7332, 33.825], [130.7342, 33.824], [130.7333, 33.8229], [130.7337, 33.8229], [130.7351, 33.8221], [130.7362, 33.8225], [130.7388, 33.8209], [130.7393, 33.821], [130.7394, 33.8216], [130.7402, 33.8211], [130.7404, 33.8204], [130.7413, 33.82], [130.7422, 33.8206], [130.7428, 33.8202], [130.743, 33.8185], [130.7436, 33.8183], [130.7435, 33.8179], [130.7439, 33.8177], [130.7428, 33.8161], [130.7401, 33.8153], [130.7405, 33.8144], [130.7388, 33.814], [130.7369, 33.8144], [130.7336, 33.8132], [130.7322, 33.8132], [130.7313, 33.8126], [130.7287, 33.808], [130.7254, 33.8049], [130.7252, 33.8035], [130.7215, 33.8022], [130.7209, 33.8014], [130.7196, 33.8017], [130.7219, 33.8065], [130.7169, 33.8098], [130.7136, 33.811], [130.7154, 33.8096], [130.7161, 33.8079], [130.7168, 33.8074], [130.7162, 33.8071], [130.7164, 33.8064], [130.7133, 33.8067], [130.7126, 33.8066], [130.712, 33.806], [130.7118, 33.8062], [130.7103, 33.8059], [130.7102, 33.8053], [130.7085, 33.8045], [130.7068, 33.8043], [130.7042, 33.803], [130.7026, 33.8017], [130.7047, 33.8011], [130.7073, 33.7958], [130.7101, 33.7921], [130.7145, 33.7875], [130.7155, 33.7835], [130.7204, 33.7739], [130.7215, 33.7745], [130.7249, 33.7753], [130.728, 33.7742], [130.7296, 33.7745], [130.7318, 33.7734], [130.7327, 33.7724], [130.7342, 33.7723], [130.7347, 33.7714], [130.7358, 33.7716], [130.739, 33.7707], [130.7401, 33.7707], [130.7413, 33.7718], [130.7447, 33.7722], [130.7475, 33.7717], [130.7484, 33.7707], [130.7488, 33.771], [130.7493, 33.7706], [130.7524, 33.7698], [130.753, 33.7686], [130.7538, 33.7687], [130.7549, 33.7694], [130.7582, 33.7701], [130.7603, 33.7718], [130.7598, 33.7726], [130.7601, 33.7731], [130.7615, 33.7732], [130.7676, 33.7765], [130.7685, 33.778], [130.7668, 33.7804], [130.7668, 33.7827], [130.7688, 33.7854], [130.77, 33.786], [130.7725, 33.7862], [130.774, 33.7858], [130.781, 33.786], [130.784, 33.7853], [130.786, 33.7834], [130.788, 33.7806], [130.7896, 33.7792], [130.7909, 33.7792], [130.7933, 33.7802], [130.7948, 33.7802], [130.7959, 33.7798], [130.7968, 33.7785], [130.7992, 33.777], [130.7994, 33.7771], [130.7993, 33.7773], [130.8011, 33.7785], [130.8013, 33.7797], [130.8007, 33.7802], [130.8005, 33.7814], [130.8, 33.7821], [130.8001, 33.7838], [130.7997, 33.7842], [130.7993, 33.7858], [130.7995, 33.7872], [130.8, 33.7875], [130.7999, 33.7883], [130.8009, 33.7899], [130.7995, 33.7919], [130.8004, 33.7937], [130.8002, 33.7948], [130.7991, 33.7964], [130.797, 33.7993], [130.796, 33.7999], [130.7944, 33.8004], [130.7937, 33.8003], [130.7923, 33.8008], [130.7911, 33.8005], [130.7904, 33.7997], [130.7899, 33.8003], [130.7901, 33.801], [130.7875, 33.8025], [130.7876, 33.8035], [130.7896, 33.8051], [130.7873, 33.8097], [130.7895, 33.8124], [130.7891, 33.8134], [130.7896, 33.8142], [130.7893, 33.8161], [130.7885, 33.817], [130.7858, 33.8182], [130.7851, 33.8202], [130.7841, 33.8212], [130.7831, 33.8215], [130.7816, 33.823], [130.7795, 33.824], [130.7785, 33.8254], [130.7803, 33.8281], [130.7816, 33.8294], [130.7821, 33.8316], [130.7843, 33.8333], [130.7848, 33.835], [130.7862, 33.836], [130.7865, 33.8371], [130.7888, 33.8384], [130.79, 33.8398], [130.7883, 33.8414], [130.7847, 33.8428], [130.7834, 33.8438], [130.7852, 33.8468], [130.784, 33.8482], [130.7834, 33.8495], [130.7866, 33.8512], [130.7867, 33.8526], [130.7862, 33.8528], [130.7862, 33.8537], [130.7872, 33.8541], [130.7866, 33.8545], [130.7868, 33.8559], [130.7861, 33.8566], [130.7863, 33.8574], [130.7859, 33.8583], [130.7845, 33.8598], [130.7844, 33.8605], [130.783, 33.8604], [130.7813, 33.8619], [130.7807, 33.8636], [130.7799, 33.8645], [130.7794, 33.8666], [130.7794, 33.8671], [130.7801, 33.8671], [130.7822, 33.8667], [130.7825, 33.8678], [130.7819, 33.868], [130.7812, 33.8697], [130.7823, 33.8714], [130.7823, 33.8751], [130.783, 33.8774], [130.7823, 33.8777], [130.7826, 33.8782], [130.7823, 33.8783], [130.7822, 33.8778], [130.7811, 33.8783], [130.7848, 33.885], [130.7503, 33.8758], [130.7449, 33.888], [130.7445, 33.8878], [130.7427, 33.8899], [130.7375, 33.8913], [130.7356, 33.8923], [130.7333, 33.8941], [130.7313, 33.8948], [130.7298, 33.8964], [130.7259, 33.898], [130.7225, 33.8988], [130.7223, 33.8977], [130.7207, 33.8953], [130.7219, 33.8946], [130.7213, 33.894], [130.7218, 33.8937], [130.7193, 33.8912], [130.7176, 33.8902], [130.7189, 33.8885], [130.718, 33.8882], [130.717, 33.8887], [130.7152, 33.8879], [130.7159, 33.8858], [130.715, 33.8848], [130.7138, 33.8848], [130.7131, 33.8843], [130.7127, 33.8847], [130.7118, 33.8847], [130.7113, 33.8852], [130.711, 33.8865], [130.7093, 33.8858], [130.7089, 33.8865], [130.7078, 33.8866], [130.7077, 33.8872], [130.7064, 33.8876], [130.7059, 33.8869], [130.7062, 33.8855], [130.7056, 33.8845], [130.7044, 33.8842], [130.7039, 33.8848], [130.703, 33.8849], [130.7023, 33.8844], [130.7012, 33.8846], [130.6999, 33.8873], [130.7001, 33.8885], [130.6985, 33.8886], [130.6985, 33.8878], [130.6977, 33.8868], [130.6974, 33.8857], [130.6959, 33.8848], [130.6938, 33.8848], [130.6922, 33.884], [130.6898, 33.8851], [130.6877, 33.8852], [130.6862, 33.8866], [130.685, 33.8863], [130.6837, 33.8877], [130.6826, 33.8881], [130.6819, 33.8889]]]}, "properties": {"name": "福岡県北九州市八幡西区"}}, {"type": "Feature", "geometry": {"type": "Polygon", "coordinates": [[[130.4113, 33.6098], [130.412, 33.6095], [130.4117, 33.6088], [130.4134, 33.6079], [130.4134, 33.6073], [130.4146, 33.6071], [130.4159, 33.6058], [130.418, 33.6083], [130.4184, 33.6081], [130.419, 33.609], [130.4211, 33.6071], [130.4225, 33.6066], [130.4235, 33.6094], [130.4244, 33.6093], [130.4249, 33.6112], [130.4252, 33.6112], [130.4246, 33.6086], [130.4255, 33.6079], [130.4275, 33.6089], [130.428, 33.6081], [130.4289, 33.6087], [130.4276, 33.6103], [130.4287, 33.6112], [130.4335, 33.608], [130.4356, 33.6077], [130.4385, 33.6064], [130.4414, 33.6067], [130.4422, 33.6065], [130.4424, 33.6067], [130.4419, 33.6071], [130.4448, 33.609], [130.4411, 33.6128], [130.4502, 33.6186], [130.4499, 33.6195], [130.4516, 33.619], [130.454, 33.6251], [130.4571, 33.6242], [130.4577, 33.6252], [130.4584, 33.6254], [130.4585, 33.626], [130.458, 33.6262], [130.458, 33.6265], [130.4584, 33.6274], [130.4601, 33.6293], [130.462, 33.6292], [130.4621, 33.6298], [130.4652, 33.6306], [130.4668, 33.6306], [130.4669, 33.6318], [130.4681, 33.632], [130.4687, 33.6333], [130.4677, 33.6337], [130.4679, 33.6345], [130.4682, 33.6347], [130.4686, 33.6346], [130.4697, 33.6357], [130.4707, 33.6354], [130.4724, 33.6367], [130.4737, 33.6362], [130.4753, 33.634], [130.4773, 33.6336], [130.4769, 33.6328], [130.4785, 33.6338], [130.4788, 33.6328], [130.4796, 33.6329], [130.4797, 33.6323], [130.4811, 33.6318], [130.4809, 33.6309], [130.4825, 33.6304], [130.4823, 33.6281], [130.4854, 33.6271], [130.4865, 33.6294], [130.4882, 33.6285], [130.4915, 33.6304], [130.494, 33.6308], [130.4938, 33.6314], [130.4944, 33.6316], [130.4941, 33.6333], [130.4944, 33.6339], [130.4936, 33.6341], [130.4936, 33.6347], [130.4944, 33.6348], [130.4947, 33.6353], [130.4928, 33.6362], [130.4939, 33.6408], [130.4929, 33.6414], [130.4936, 33.6422], [130.4936, 33.6431], [130.4929, 33.6437], [130.495, 33.646], [130.4926, 33.6479], [130.4918, 33.648], [130.4909, 33.6487], [130.4904, 33.6496], [130.4894, 33.649], [130.4892, 33.6481], [130.487, 33.6474], [130.4851, 33.6493], [130.4856, 33.6508], [130.4847, 33.6515], [130.4835, 33.651], [130.483, 33.6495], [130.4819, 33.649], [130.4813, 33.6487], [130.4814, 33.6489], [130.4806, 33.6483], [130.4805, 33.6486], [130.4794, 33.6488], [130.4796, 33.65], [130.4792, 33.65], [130.4787, 33.6511], [130.4796, 33.6541], [130.4793, 33.6548], [130.4778, 33.6552], [130.4773, 33.6572], [130.4754, 33.6589], [130.4734, 33.6623], [130.4708, 33.6646], [130.4694, 33.6664], [130.4691, 33.6673], [130.471, 33.669], [130.469, 33.6715], [130.4682, 33.6719], [130.468, 33.6725], [130.4672, 33.673], [130.467, 33.6763], [130.4686, 33.6785], [130.4684, 33.6793], [130.4679, 33.6797], [130.4672, 33.6799], [130.4664, 33.6807], [130.466, 33.6826], [130.4644, 33.683], [130.4609, 33.6815], [130.4603, 33.6805], [130.4575, 33.6799], [130.457, 33.6801], [130.4557, 33.6799], [130.4549, 33.6794], [130.4539, 33.6812], [130.4542, 33.6824], [130.4528, 33.6834], [130.4528, 33.685], [130.4517, 33.6866], [130.4515, 33.6881], [130.4502, 33.6896], [130.4501, 33.6902], [130.4479, 33.6921], [130.4482, 33.6924], [130.4478, 33.6955], [130.4471, 33.6963], [130.448, 33.6978], [130.445, 33.6991], [130.4444, 33.6995], [130.4443, 33.7], [130.4417, 33.7009], [130.4415, 33.7003], [130.4422, 33.6997], [130.4419, 33.6994], [130.4414, 33.6998], [130.4409, 33.6992], [130.4405, 33.6992], [130.4402, 33.6995], [130.4404, 33.7006], [130.4392, 33.7008], [130.4386, 33.7012], [130.4388, 33.7016], [130.4399, 33.7013], [130.4397, 33.7017], [130.4374, 33.7025], [130.4366, 33.7024], [130.4349, 33.7035], [130.4342, 33.7034], [130.4341, 33.7037], [130.4336, 33.7037], [130.4338, 33.7043], [130.4332, 33.7057], [130.4301, 33.7069], [130.4305, 33.7083], [130.4286, 33.7083], [130.4288, 33.7094], [130.4285, 33.7097], [130.4279, 33.7099], [130.4277, 33.7091], [130.4267, 33.7084], [130.4263, 33.7086], [130.426, 33.7097], [130.4253, 33.71], [130.4251, 33.7092], [130.4238, 33.709], [130.4234, 33.7085], [130.423, 33.7088], [130.4243, 33.7109], [130.4181, 33.7126], [130.4174, 33.7115], [130.4172, 33.7096], [130.4168, 33.7094], [130.4172, 33.7089], [130.4168, 33.7082], [130.4163, 33.708], [130.4166, 33.7077], [130.4159, 33.7068], [130.4163, 33.7064], [130.416, 33.7055], [130.4168, 33.7048], [130.4164, 33.703], [130.411, 33.6973], [130.4081, 33.6954], [130.4072, 33.6944], [130.4073, 33.6938], [130.4037, 33.691], [130.4033, 33.6909], [130.4028, 33.6902], [130.4023, 33.6901], [130.4023, 33.6894], [130.3986, 33.6866], [130.3955, 33.6848], [130.3913, 33.6817], [130.3859, 33.6782], [130.3755, 33.6727], [130.3672, 33.6692], [130.3632, 33.6679], [130.3562, 33.6661], [130.3529, 33.6657], [130.3505, 33.6646], [130.3483, 33.6629], [130.3456, 33.6618], [130.3385, 33.6607], [130.3304, 33.6599], [130.3228, 33.6602], [130.3201, 33.6607], [130.3169, 33.6619], [130.3163, 33.6624], [130.3149, 33.6648], [130.3167, 33.6652], [130.3134, 33.6688], [130.3135, 33.6713], [130.312, 33.673], [130.3118, 33.675], [130.3107, 33.6777], [130.3087, 33.6793], [130.3078, 33.6806], [130.3068, 33.6823], [130.3062, 33.6849], [130.3044, 33.6868], [130.3044, 33.6872], [130.301, 33.6881], [130.2996, 33.6895], [130.2986, 33.689], [130.2982, 33.6894], [130.2979, 33.689], [130.2967, 33.6891], [130.2965, 33.6883], [130.2957, 33.6878], [130.2938, 33.6878], [130.2912, 33.6873], [130.2901, 33.6878], [130.2899, 33.6865], [130.2527, 33.6775], [130.2508, 33.6769], [130.3032, 33.6381], [130.3048, 33.6376], [130.385, 33.6196], [130.4049, 33.6108], [130.4079, 33.611], [130.4083, 33.6108], [130.4087, 33.6112], [130.4106, 33.6105], [130.4102, 33.6098], [130.4111, 33.6095], [130.4113, 33.6098]]]}, "properties": {"name": "福岡県福岡市東区"}}, {"type": "Feature", "geometry": {"type": "Polygon", "coordinates": [[[130.385, 33.6196], [130.399, 33.6002], [130.4017, 33.5944], [130.4025, 33.5936], [130.4072, 33.5908], [130.4089, 33.5892], [130.4097, 33.5878], [130.4097, 33.5831], [130.4123, 33.5804], [130.4142, 33.5777], [130.4156, 33.5767], [130.4239, 33.5739], [130.4263, 33.5719], [130.4281, 33.5694], [130.4317, 33.5671], [130.433, 33.5648], [130.4347, 33.5653], [130.4346, 33.5663], [130.4401, 33.5625], [130.4469, 33.5558], [130.4508, 33.5501], [130.4523, 33.5486], [130.4533, 33.5477], [130.4529, 33.5471], [130.4531, 33.5466], [130.4535, 33.5465], [130.4538, 33.5471], [130.4541, 33.547], [130.4547, 33.545], [130.4566, 33.5438], [130.4597, 33.5395], [130.4608, 33.5391], [130.4633, 33.5358], [130.4638, 33.5362], [130.464, 33.536], [130.4642, 33.5364], [130.4644, 33.5362], [130.4645, 33.5367], [130.4654, 33.5371], [130.466, 33.5377], [130.4673, 33.5366], [130.4674, 33.5374], [130.4694, 33.5379], [130.4682, 33.5389], [130.4691, 33.5398], [130.4686, 33.5409], [130.4694, 33.5416], [130.4688, 33.5422], [130.4706, 33.5429], [130.4707, 33.544], [130.4714, 33.544], [130.4684, 33.5482], [130.4692, 33.5489], [130.4695, 33.5486], [130.4709, 33.5493], [130.4708, 33.55], [130.4693, 33.5532], [130.4642, 33.5586], [130.4627, 33.5602], [130.4621, 33.5599], [130.4611, 33.561], [130.4607, 33.5608], [130.4603, 33.5611], [130.4622, 33.5621], [130.4642, 33.5625], [130.4648, 33.5636], [130.4662, 33.5631], [130.4676, 33.5615], [130.4687, 33.5591], [130.4706, 33.558], [130.471, 33.5561], [130.4725, 33.5548], [130.4731, 33.5536], [130.474, 33.5531], [130.4758, 33.5532], [130.4762, 33.5523], [130.4773, 33.5528], [130.4777, 33.5525], [130.4796, 33.5538], [130.4793, 33.5541], [130.4802, 33.5548], [130.4804, 33.5557], [130.4813, 33.5561], [130.4816, 33.557], [130.4842, 33.5579], [130.4851, 33.5585], [130.4849, 33.5594], [130.4857, 33.5603], [130.4842, 33.5621], [130.4832, 33.5623], [130.4816, 33.5649], [130.4816, 33.5661], [130.4822, 33.5674], [130.4809, 33.5679], [130.4798, 33.5672], [130.4782, 33.5671], [130.4773, 33.5674], [130.4777, 33.5705], [130.4785, 33.5711], [130.4786, 33.572], [130.4793, 33.5726], [130.4792, 33.5742], [130.4786, 33.5748], [130.4789, 33.5751], [130.4784, 33.5755], [130.4779, 33.5776], [130.4764, 33.578], [130.4752, 33.5793], [130.475, 33.5798], [130.4757, 33.5806], [130.4741, 33.5815], [130.4736, 33.5837], [130.473, 33.5834], [130.4715, 33.5848], [130.4717, 33.5852], [130.4713, 33.5852], [130.4705, 33.5861], [130.4697, 33.5862], [130.4691, 33.587], [130.4682, 33.5868], [130.4671, 33.5873], [130.466, 33.5899], [130.4637, 33.591], [130.4618, 33.5941], [130.4607, 33.5946], [130.4604, 33.5951], [130.4607, 33.5954], [130.4598, 33.5966], [130.4576, 33.597], [130.4569, 33.5964], [130.4554, 33.5963], [130.4551, 33.5974], [130.4541, 33.5981], [130.4523, 33.6006], [130.4517, 33.6012], [130.4504, 33.6014], [130.451, 33.6022], [130.4504, 33.6029], [130.4492, 33.6029], [130.4476, 33.6045], [130.4465, 33.605], [130.4454, 33.6049], [130.4441, 33.6055], [130.4439, 33.6051], [130.4435, 33.6052], [130.443, 33.6057], [130.4432, 33.6059], [130.4422, 33.6065], [130.4414, 33.6067], [130.4385, 33.6064], [130.4356, 33.6077], [130.4335, 33.608], [130.4287, 33.6112], [130.4276, 33.6103], [130.4289, 33.6087], [130.428, 33.6081], [130.4275, 33.6089], [130.4255, 33.6079], [130.4246, 33.6086], [130.4252, 33.6112], [130.4249, 33.6112], [130.4244, 33.6093], [130.4235, 33.6094], [130.4225, 33.6066], [130.4211, 33.6071], [130.419, 33.609], [130.4184, 33.6081], [130.418, 33.6083], [130.4159, 33.6058], [130.4146, 33.6071], [130.4134, 33.6073], [130.4134, 33.6079], [130.4117, 33.6088], [130.412, 33.6095], [130.4113, 33.6098], [130.4111, 33.6095], [130.4102, 33.6098], [130.4106, 33.6105], [130.4087, 33.6112], [130.4083, 33.6108], [130.4079, 33.611], [130.4049, 33.6108], [130.385, 33.6196]]]}, "properties": {"name": "福岡県福岡市博多区"}}, {"type": "Feature", "geometry": {"type": "Polygon", "coordinates": [[[130.3048, 33.6376], [130.3056, 33.6365], [130.3078, 33.6352], [130.3079, 33.6345], [130.3557, 33.5957], [130.3571, 33.5956], [130.3613, 33.5878], [130.3654, 33.5816], [130.3664, 33.5811], [130.3704, 33.5808], [130.373, 33.579], [130.3755, 33.574], [130.3761, 33.571], [130.3757, 33.5678], [130.376, 33.5664], [130.3757, 33.5645], [130.3758, 33.5638], [130.3764, 33.5637], [130.3767, 33.5633], [130.3767, 33.5625], [130.3774, 33.5623], [130.3803, 33.563], [130.3806, 33.5622], [130.3814, 33.5621], [130.3812, 33.5618], [130.3817, 33.5609], [130.3828, 33.5612], [130.3827, 33.5609], [130.384, 33.5607], [130.3851, 33.561], [130.3879, 33.5597], [130.3896, 33.5593], [130.3899, 33.5587], [130.3912, 33.5579], [130.3955, 33.5581], [130.3955, 33.5588], [130.3939, 33.5605], [130.3951, 33.5611], [130.3958, 33.561], [130.3961, 33.5618], [130.3965, 33.5616], [130.3969, 33.562], [130.3967, 33.5629], [130.3962, 33.5632], [130.3967, 33.564], [130.396, 33.565], [130.3989, 33.5664], [130.3975, 33.5683], [130.3975, 33.5692], [130.4023, 33.5723], [130.4107, 33.5744], [130.4096, 33.5753], [130.4156, 33.5767], [130.4142, 33.5777], [130.4123, 33.5804], [130.4097, 33.5831], [130.4097, 33.5878], [130.4089, 33.5892], [130.4072, 33.5908], [130.4025, 33.5936], [130.4017, 33.5944], [130.399, 33.6002], [130.385, 33.6196], [130.3048, 33.6376]]]}, "properties": {"name": "福岡県福岡市中央区"}}, {"type": "Feature", "geometry": {"type": "Polygon", "coordinates": [[[130.4156, 33.5767], [130.4096, 33.5753], [130.4107, 33.5744], [130.4023, 33.5723], [130.3975, 33.5692], [130.3975, 33.5683], [130.3989, 33.5664], [130.396, 33.565], [130.3967, 33.564], [130.3962, 33.5632], [130.3967, 33.5629], [130.3969, 33.562], [130.3965, 33.5616], [130.3961, 33.5618], [130.3958, 33.561], [130.3951, 33.5611], [130.3939, 33.5605], [130.3955, 33.5588], [130.3955, 33.5581], [130.3912, 33.5579], [130.3899, 33.5587], [130.3896, 33.5593], [130.3879, 33.5597], [130.3874, 33.5559], [130.389, 33.5496], [130.3905, 33.5463], [130.3892, 33.5449], [130.3889, 33.5434], [130.3904, 33.5421], [130.3911, 33.5401], [130.3911, 33.539], [130.3902, 33.5388], [130.3903, 33.5391], [130.3893, 33.5392], [130.3879, 33.5406], [130.3875, 33.5393], [130.3861, 33.5383], [130.3854, 33.5365], [130.3847, 33.5358], [130.3852, 33.5312], [130.3844, 33.5298], [130.3838, 33.5273], [130.3821, 33.5254], [130.3793, 33.523], [130.3777, 33.5225], [130.3772, 33.5215], [130.3767, 33.5213], [130.3759, 33.52], [130.3758, 33.5173], [130.375, 33.5168], [130.3753, 33.516], [130.3743, 33.5159], [130.3726, 33.5166], [130.3698, 33.5165], [130.3679, 33.5168], [130.3664, 33.5156], [130.3653, 33.5158], [130.3657, 33.5136], [130.3646, 33.5119], [130.3651, 33.5114], [130.3658, 33.5114], [130.3665, 33.5107], [130.3681, 33.5074], [130.3694, 33.5069], [130.3711, 33.5052], [130.3741, 33.5064], [130.3771, 33.5085], [130.3779, 33.5084], [130.38, 33.5073], [130.3808, 33.5073], [130.3811, 33.5064], [130.382, 33.5057], [130.3858, 33.5072], [130.389, 33.5071], [130.391, 33.5084], [130.3921, 33.5082], [130.3932, 33.5073], [130.3937, 33.5063], [130.3954, 33.5069], [130.396, 33.5073], [130.3963, 33.509], [130.3973, 33.51], [130.3971, 33.5115], [130.3981, 33.513], [130.3994, 33.513], [130.4001, 33.5121], [130.4011, 33.5127], [130.4013, 33.5135], [130.404, 33.5138], [130.4038, 33.5183], [130.4044, 33.519], [130.4058, 33.5195], [130.4062, 33.5211], [130.4077, 33.5215], [130.4077, 33.5218], [130.4091, 33.522], [130.4092, 33.5224], [130.4102, 33.5228], [130.4102, 33.5222], [130.4105, 33.5223], [130.4125, 33.5244], [130.4147, 33.5246], [130.4166, 33.5236], [130.4178, 33.5244], [130.4179, 33.5249], [130.419, 33.5254], [130.4201, 33.5268], [130.4199, 33.5273], [130.4241, 33.5284], [130.4251, 33.5301], [130.4268, 33.5303], [130.428, 33.5258], [130.4271, 33.5244], [130.4285, 33.5228], [130.4306, 33.5234], [130.4325, 33.5244], [130.4339, 33.5228], [130.4374, 33.5251], [130.4356, 33.5275], [130.4365, 33.5281], [130.4359, 33.5289], [130.4387, 33.5308], [130.439, 33.5305], [130.4397, 33.5309], [130.4404, 33.5303], [130.443, 33.5326], [130.4432, 33.5333], [130.4426, 33.5339], [130.4425, 33.5347], [130.4406, 33.5368], [130.4406, 33.5376], [130.4402, 33.5376], [130.4406, 33.5388], [130.44, 33.5389], [130.4402, 33.5391], [130.4393, 33.5398], [130.4403, 33.5405], [130.4396, 33.5412], [130.44, 33.5417], [130.4396, 33.5427], [130.4426, 33.5443], [130.442, 33.5448], [130.4422, 33.5467], [130.443, 33.5473], [130.4438, 33.5466], [130.4449, 33.5474], [130.4454, 33.5475], [130.4455, 33.5471], [130.4461, 33.5476], [130.4486, 33.5472], [130.4495, 33.5489], [130.4523, 33.5486], [130.4508, 33.5501], [130.4469, 33.5558], [130.4401, 33.5625], [130.4346, 33.5663], [130.4347, 33.5653], [130.433, 33.5648], [130.4317, 33.5671], [130.4281, 33.5694], [130.4263, 33.5719], [130.4239, 33.5739], [130.4156, 33.5767]]]}, "properties": {"name": "福岡県福岡市南区"}}, {"type": "Feature", "geometry": {"type": "MultiPolygon", "coordinates": [[[[130.2527, 33.6775], [130.2518, 33.6781], [130.2103, 33.6677], [130.2101, 33.6679], [130.2099, 33.6674], [130.2092, 33.6672], [130.2094, 33.6669], [130.2091, 33.6665], [130.2084, 33.6665], [130.2076, 33.667], [130.2072, 33.6665], [130.2074, 33.6661], [130.2067, 33.6658], [130.2063, 33.6639], [130.2071, 33.6596], [130.2072, 33.6568], [130.2081, 33.6548], [130.2068, 33.6528], [130.2084, 33.6547], [130.2089, 33.6547], [130.2092, 33.6536], [130.2089, 33.6521], [130.2071, 33.6523], [130.2067, 33.6495], [130.2079, 33.6494], [130.2078, 33.6483], [130.2056, 33.6464], [130.204, 33.6456], [130.2006, 33.6455], [130.2001, 33.6443], [130.2014, 33.6435], [130.2013, 33.6422], [130.1994, 33.6401], [130.1977, 33.6397], [130.1985, 33.639], [130.1991, 33.6391], [130.1997, 33.6385], [130.2006, 33.6383], [130.2008, 33.638], [130.2018, 33.6379], [130.2019, 33.6374], [130.2029, 33.6366], [130.2029, 33.6358], [130.204, 33.6344], [130.2039, 33.6316], [130.2054, 33.6314], [130.2052, 33.6303], [130.2049, 33.6301], [130.2067, 33.6285], [130.2052, 33.6261], [130.2057, 33.6242], [130.2049, 33.6227], [130.206, 33.62], [130.2056, 33.6174], [130.206, 33.6164], [130.2056, 33.6152], [130.2049, 33.6147], [130.2075, 33.6124], [130.2073, 33.6114], [130.206, 33.6096], [130.2095, 33.6071], [130.2101, 33.6062], [130.2101, 33.6052], [130.2107, 33.6047], [130.2102, 33.604], [130.2103, 33.6017], [130.2096, 33.6002], [130.2082, 33.5992], [130.2073, 33.5975], [130.2076, 33.5965], [130.2097, 33.5966], [130.2104, 33.5959], [130.2098, 33.5951], [130.2098, 33.5936], [130.2103, 33.593], [130.2104, 33.5923], [130.2117, 33.5914], [130.2114, 33.5886], [130.2132, 33.5877], [130.2136, 33.5868], [130.2145, 33.5864], [130.2146, 33.5857], [130.215, 33.586], [130.2155, 33.5855], [130.2158, 33.5856], [130.2165, 33.5837], [130.2176, 33.5831], [130.2194, 33.5807], [130.222, 33.5797], [130.2233, 33.58], [130.2246, 33.5811], [130.229, 33.5821], [130.23, 33.5803], [130.2347, 33.5815], [130.2351, 33.5807], [130.2369, 33.5812], [130.2373, 33.5803], [130.2378, 33.5804], [130.241, 33.5731], [130.2401, 33.5728], [130.241, 33.5709], [130.239, 33.5703], [130.2398, 33.5684], [130.2382, 33.568], [130.2388, 33.5671], [130.2368, 33.5664], [130.239, 33.5619], [130.238, 33.5615], [130.2392, 33.5589], [130.236, 33.5578], [130.2368, 33.5559], [130.2364, 33.5557], [130.2377, 33.5545], [130.2389, 33.5525], [130.2397, 33.5528], [130.2406, 33.5519], [130.2416, 33.5525], [130.2419, 33.5533], [130.243, 33.5536], [130.2422, 33.5555], [130.2432, 33.5558], [130.2428, 33.5567], [130.2456, 33.5578], [130.2487, 33.5575], [130.2498, 33.556], [130.2515, 33.5567], [130.2522, 33.5573], [130.2549, 33.5577], [130.2552, 33.5571], [130.2578, 33.5552], [130.2599, 33.5557], [130.2617, 33.5567], [130.2629, 33.5567], [130.2638, 33.5564], [130.2647, 33.5567], [130.2655, 33.5564], [130.2654, 33.5552], [130.2659, 33.5546], [130.2662, 33.553], [130.2668, 33.5524], [130.2666, 33.5518], [130.2661, 33.5515], [130.2661, 33.55], [130.2684, 33.5487], [130.2694, 33.5473], [130.2709, 33.5469], [130.2718, 33.546], [130.2733, 33.5459], [130.2782, 33.5433], [130.2802, 33.5429], [130.2822, 33.5435], [130.2831, 33.5423], [130.2846, 33.5419], [130.2853, 33.5412], [130.2871, 33.5408], [130.2871, 33.5399], [130.2892, 33.5385], [130.2881, 33.5364], [130.2883, 33.5354], [130.2892, 33.5346], [130.2889, 33.5333], [130.2895, 33.5321], [130.2885, 33.5302], [130.2879, 33.5277], [130.2871, 33.527], [130.2862, 33.5228], [130.2866, 33.5224], [130.2881, 33.5225], [130.2894, 33.5206], [130.2902, 33.5203], [130.2906, 33.5207], [130.291, 33.5196], [130.2917, 33.519], [130.2911, 33.5165], [130.2911, 33.5134], [130.2905, 33.5123], [130.2918, 33.5127], [130.2922, 33.5125], [130.2931, 33.5111], [130.2928, 33.5104], [130.2934, 33.5096], [130.2937, 33.5082], [130.2945, 33.5077], [130.2949, 33.5068], [130.2981, 33.5057], [130.2982, 33.5047], [130.3003, 33.5055], [130.3012, 33.5053], [130.3027, 33.506], [130.3067, 33.5056], [130.3078, 33.5053], [130.3098, 33.5062], [130.3134, 33.5069], [130.3126, 33.5091], [130.3124, 33.5122], [130.3135, 33.5138], [130.3145, 33.514], [130.3158, 33.5151], [130.3161, 33.5148], [130.3168, 33.5148], [130.3179, 33.5156], [130.3189, 33.5157], [130.3205, 33.5178], [130.3227, 33.5182], [130.3229, 33.5185], [130.3228, 33.5191], [130.3223, 33.519], [130.3223, 33.5196], [130.3216, 33.5199], [130.3222, 33.5201], [130.3224, 33.5206], [130.3221, 33.5209], [130.3229, 33.5213], [130.3219, 33.523], [130.3227, 33.5269], [130.322, 33.5306], [130.3221, 33.5356], [130.3223, 33.5368], [130.3242, 33.5407], [130.3233, 33.5483], [130.3251, 33.5535], [130.3252, 33.5574], [130.326, 33.56], [130.3267, 33.5667], [130.3266, 33.5705], [130.3274, 33.5744], [130.3281, 33.5758], [130.3296, 33.5773], [130.3355, 33.5797], [130.3388, 33.5815], [130.3424, 33.5863], [130.3423, 33.5869], [130.3435, 33.5868], [130.3436, 33.5953], [130.311, 33.6305], [130.308, 33.634], [130.3079, 33.6345], [130.3078, 33.6352], [130.3056, 33.6365], [130.3048, 33.6376], [130.3032, 33.6381], [130.2508, 33.6769], [130.2527, 33.6775]]], [[[130.229, 33.6947], [130.2283, 33.6944], [130.2282, 33.6947], [130.2275, 33.6941], [130.2269, 33.6941], [130.2267, 33.6944], [130.2262, 33.6939], [130.2249, 33.6935], [130.2242, 33.6912], [130.225, 33.6894], [130.226, 33.6887], [130.2272, 33.6866], [130.2288, 33.6863], [130.2301, 33.6846], [130.2315, 33.684], [130.2314, 33.6832], [130.2335, 33.6814], [130.2327, 33.6823], [130.2328, 33.6827], [130.2347, 33.6827], [130.2347, 33.6821], [130.2351, 33.6821], [130.2351, 33.6832], [130.2361, 33.6836], [130.2366, 33.683], [130.2376, 33.684], [130.2381, 33.6834], [130.238, 33.6827], [130.2364, 33.682], [130.238, 33.6827], [130.2382, 33.6835], [130.2374, 33.6843], [130.2379, 33.6864], [130.2375, 33.6865], [130.2379, 33.6876], [130.2379, 33.6893], [130.2374, 33.6909], [130.2362, 33.6926], [130.234, 33.6936], [130.2337, 33.6935], [130.2332, 33.694], [130.2321, 33.6937], [130.2308, 33.6942], [130.2293, 33.6942], [130.229, 33.6947]]], [[[130.0356, 33.874], [130.0351, 33.874], [130.0348, 33.8736], [130.0345, 33.8703], [130.0339, 33.8687], [130.0334, 33.8685], [130.0336, 33.868], [130.033, 33.8669], [130.0335, 33.8651], [130.0332, 33.8647], [130.0335, 33.8649], [130.0339, 33.8647], [130.0337, 33.8644], [130.0352, 33.8636], [130.0355, 33.8629], [130.036, 33.8633], [130.037, 33.8623], [130.0382, 33.8633], [130.0384, 33.863], [130.0382, 33.8626], [130.0369, 33.8618], [130.0356, 33.8626], [130.0369, 33.8616], [130.0383, 33.8626], [130.0385, 33.863], [130.0382, 33.8635], [130.0388, 33.8659], [130.0383, 33.8667], [130.0386, 33.8689], [130.0382, 33.87], [130.0369, 33.8717], [130.0372, 33.8725], [130.0368, 33.8738], [130.0366, 33.8741], [130.0361, 33.8738], [130.0356, 33.874]]]]}, "properties": {"name": "福岡県福岡市西区"}}, {"type": "Feature", "geometry": {"type": "Polygon", "coordinates": [[[130.3654, 33.5816], [130.3622, 33.575], [130.3582, 33.5748], [130.3544, 33.5641], [130.357, 33.5641], [130.3566, 33.5606], [130.3558, 33.5581], [130.3552, 33.5569], [130.3541, 33.5567], [130.3537, 33.5559], [130.3507, 33.5555], [130.3478, 33.5489], [130.3486, 33.5489], [130.3488, 33.5483], [130.3498, 33.5478], [130.3498, 33.5469], [130.3486, 33.5456], [130.3488, 33.5446], [130.3497, 33.5441], [130.3498, 33.5434], [130.354, 33.5424], [130.3561, 33.5429], [130.3559, 33.5418], [130.357, 33.5393], [130.3601, 33.5363], [130.3596, 33.5351], [130.3599, 33.5345], [130.3603, 33.5342], [130.3614, 33.5342], [130.3621, 33.5337], [130.3624, 33.5331], [130.3638, 33.5329], [130.3642, 33.5325], [130.3641, 33.5307], [130.3635, 33.5291], [130.3639, 33.5283], [130.364, 33.5251], [130.3651, 33.5246], [130.3662, 33.5232], [130.3667, 33.5212], [130.3665, 33.5198], [130.3657, 33.5194], [130.3654, 33.5181], [130.3653, 33.5158], [130.3664, 33.5156], [130.3679, 33.5168], [130.3698, 33.5165], [130.3726, 33.5166], [130.3743, 33.5159], [130.3753, 33.516], [130.375, 33.5168], [130.3758, 33.5173], [130.3759, 33.52], [130.3767, 33.5213], [130.3772, 33.5215], [130.3777, 33.5225], [130.3793, 33.523], [130.3821, 33.5254], [130.3838, 33.5273], [130.3844, 33.5298], [130.3852, 33.5312], [130.3847, 33.5358], [130.3854, 33.5365], [130.3861, 33.5383], [130.3875, 33.5393], [130.3879, 33.5406], [130.3893, 33.5392], [130.3903, 33.5391], [130.3902, 33.5388], [130.3911, 33.539], [130.3911, 33.5401], [130.3904, 33.5421], [130.3889, 33.5434], [130.3892, 33.5449], [130.3905, 33.5463], [130.389, 33.5496], [130.3874, 33.5559], [130.3879, 33.5597], [130.3851, 33.561], [130.384, 33.5607], [130.3827, 33.5609], [130.3828, 33.5612], [130.3817, 33.5609], [130.3812, 33.5618], [130.3814, 33.5621], [130.3806, 33.5622], [130.3803, 33.563], [130.3774, 33.5623], [130.3767, 33.5625], [130.3767, 33.5633], [130.3764, 33.5637], [130.3758, 33.5638], [130.3757, 33.5645], [130.376, 33.5664], [130.3757, 33.5678], [130.3761, 33.571], [130.3755, 33.574], [130.373, 33.579], [130.3704, 33.5808], [130.3664, 33.5811], [130.3654, 33.5816]]]}, "properties": {"name": "福岡県福岡市城南区"}}, {"type": "Feature", "geometry": {"type": "Polygon", "coordinates": [[[130.3079, 33.6345], [130.308, 33.634], [130.311, 33.6305], [130.3436, 33.5953], [130.3435, 33.5868], [130.3423, 33.5869], [130.3424, 33.5863], [130.3388, 33.5815], [130.3355, 33.5797], [130.3296, 33.5773], [130.3281, 33.5758], [130.3274, 33.5744], [130.3266, 33.5705], [130.3267, 33.5667], [130.326, 33.56], [130.3252, 33.5574], [130.3251, 33.5535], [130.3233, 33.5483], [130.3242, 33.5407], [130.3223, 33.5368], [130.3221, 33.5356], [130.322, 33.5306], [130.3227, 33.5269], [130.3219, 33.523], [130.3229, 33.5213], [130.3221, 33.5209], [130.3224, 33.5206], [130.3222, 33.5201], [130.3216, 33.5199], [130.3223, 33.5196], [130.3223, 33.519], [130.3228, 33.5191], [130.3229, 33.5185], [130.3227, 33.5182], [130.3205, 33.5178], [130.3189, 33.5157], [130.3179, 33.5156], [130.3168, 33.5148], [130.3161, 33.5148], [130.3158, 33.5151], [130.3145, 33.514], [130.3135, 33.5138], [130.3124, 33.5122], [130.3126, 33.5091], [130.3134, 33.5069], [130.3098, 33.5062], [130.3078, 33.5053], [130.3067, 33.5056], [130.3027, 33.506], [130.3012, 33.5053], [130.3003, 33.5055], [130.2982, 33.5047], [130.2981, 33.5057], [130.2949, 33.5068], [130.2945, 33.5077], [130.2937, 33.5082], [130.2934, 33.5096], [130.2928, 33.5104], [130.2931, 33.5111], [130.2922, 33.5125], [130.2918, 33.5127], [130.2905, 33.5123], [130.2898, 33.5116], [130.2896, 33.5107], [130.2887, 33.5099], [130.2881, 33.5103], [130.2869, 33.5105], [130.2865, 33.511], [130.2849, 33.5117], [130.2844, 33.5125], [130.2833, 33.5125], [130.2831, 33.5103], [130.2819, 33.509], [130.2815, 33.5072], [130.2791, 33.5063], [130.2781, 33.5018], [130.2759, 33.4999], [130.2758, 33.4993], [130.275, 33.4991], [130.2745, 33.4974], [130.2738, 33.4972], [130.2731, 33.4962], [130.2718, 33.4953], [130.2723, 33.4944], [130.272, 33.4928], [130.2735, 33.4923], [130.274, 33.4904], [130.275, 33.4893], [130.273, 33.4883], [130.2727, 33.4878], [130.2727, 33.4856], [130.2734, 33.4833], [130.2726, 33.4819], [130.2721, 33.4794], [130.2749, 33.4797], [130.2768, 33.479], [130.2785, 33.4769], [130.2783, 33.4761], [130.283, 33.4738], [130.2833, 33.4731], [130.2841, 33.4729], [130.2847, 33.4722], [130.286, 33.4716], [130.2881, 33.4696], [130.2908, 33.4695], [130.2925, 33.4667], [130.2949, 33.4656], [130.296, 33.4635], [130.2987, 33.4624], [130.3011, 33.4622], [130.3028, 33.4612], [130.306, 33.463], [130.3104, 33.462], [130.3114, 33.4612], [130.3126, 33.4612], [130.313, 33.4608], [130.3131, 33.4595], [130.3136, 33.4592], [130.3136, 33.4573], [130.3165, 33.4586], [130.3204, 33.4585], [130.3212, 33.4581], [130.3223, 33.4563], [130.3258, 33.4551], [130.3266, 33.4545], [130.3274, 33.4544], [130.3285, 33.4524], [130.3299, 33.4523], [130.3319, 33.4511], [130.3343, 33.4506], [130.336, 33.4482], [130.3358, 33.4468], [130.3367, 33.4452], [130.3375, 33.4449], [130.338, 33.4452], [130.3387, 33.4445], [130.3393, 33.4444], [130.3405, 33.4446], [130.3409, 33.4452], [130.3435, 33.4443], [130.3447, 33.4444], [130.3454, 33.445], [130.3458, 33.4441], [130.347, 33.4432], [130.3473, 33.4423], [130.35, 33.4391], [130.3513, 33.4388], [130.352, 33.4368], [130.3533, 33.4359], [130.3546, 33.4344], [130.3542, 33.4338], [130.3554, 33.4331], [130.3563, 33.4332], [130.3569, 33.4348], [130.3578, 33.4335], [130.3584, 33.4334], [130.3589, 33.4338], [130.3598, 33.4336], [130.3603, 33.434], [130.3633, 33.4349], [130.3652, 33.434], [130.3669, 33.4342], [130.3684, 33.435], [130.3687, 33.4365], [130.3704, 33.4337], [130.3715, 33.433], [130.3724, 33.4316], [130.3758, 33.4293], [130.3766, 33.4279], [130.3776, 33.427], [130.3777, 33.4257], [130.383, 33.4261], [130.3842, 33.4277], [130.3856, 33.4278], [130.3863, 33.4283], [130.3886, 33.4263], [130.3894, 33.426], [130.3925, 33.4261], [130.3937, 33.4268], [130.3956, 33.4269], [130.3957, 33.4273], [130.3954, 33.4278], [130.3965, 33.4283], [130.3976, 33.4311], [130.3966, 33.4312], [130.3957, 33.4322], [130.3975, 33.4329], [130.3976, 33.4331], [130.3958, 33.4354], [130.3958, 33.4382], [130.3953, 33.4391], [130.3954, 33.4396], [130.397, 33.4401], [130.3983, 33.439], [130.3995, 33.4388], [130.4035, 33.4372], [130.4042, 33.4386], [130.404, 33.439], [130.4045, 33.4404], [130.4039, 33.4414], [130.4027, 33.4421], [130.4023, 33.4433], [130.4006, 33.443], [130.3994, 33.444], [130.399, 33.4459], [130.3995, 33.4481], [130.3992, 33.4493], [130.3959, 33.4508], [130.3933, 33.4515], [130.3917, 33.4527], [130.3905, 33.4529], [130.3889, 33.4547], [130.3877, 33.4555], [130.3876, 33.457], [130.3863, 33.4591], [130.387, 33.4606], [130.3861, 33.4616], [130.386, 33.4622], [130.3869, 33.4651], [130.388, 33.4658], [130.388, 33.4663], [130.3859, 33.4691], [130.386, 33.4701], [130.3844, 33.4726], [130.384, 33.4745], [130.3828, 33.4755], [130.3827, 33.478], [130.3822, 33.4793], [130.3814, 33.4798], [130.3811, 33.4806], [130.3816, 33.4846], [130.381, 33.4866], [130.3811, 33.4889], [130.3796, 33.4924], [130.3779, 33.4948], [130.3779, 33.4981], [130.3768, 33.4991], [130.3759, 33.5005], [130.3751, 33.5007], [130.3746, 33.5015], [130.3735, 33.5022], [130.3727, 33.5035], [130.3713, 33.5042], [130.3711, 33.5052], [130.3694, 33.5069], [130.3681, 33.5074], [130.3665, 33.5107], [130.3658, 33.5114], [130.3651, 33.5114], [130.3646, 33.5119], [130.3657, 33.5136], [130.3653, 33.5158], [130.3654, 33.5181], [130.3657, 33.5194], [130.3665, 33.5198], [130.3667, 33.5212], [130.3662, 33.5232], [130.3651, 33.5246], [130.364, 33.5251], [130.3639, 33.5283], [130.3635, 33.5291], [130.3641, 33.5307], [130.3642, 33.5325], [130.3638, 33.5329], [130.3624, 33.5331], [130.3621, 33.5337], [130.3614, 33.5342], [130.3603, 33.5342], [130.3599, 33.5345], [130.3596, 33.5351], [130.3601, 33.5363], [130.357, 33.5393], [130.3559, 33.5418], [130.3561, 33.5429], [130.354, 33.5424], [130.3498, 33.5434], [130.3497, 33.5441], [130.3488, 33.5446], [130.3486, 33.5456], [130.3498, 33.5469], [130.3498, 33.5478], [130.3488, 33.5483], [130.3486, 33.5489], [130.3478, 33.5489], [130.3507, 33.5555], [130.3537, 33.5559], [130.3541, 33.5567], [130.3552, 33.5569], [130.3558, 33.5581], [130.3566, 33.5606], [130.357, 33.5641], [130.3544, 33.5641], [130.3582, 33.5748], [130.3622, 33.575], [130.3654, 33.5816], [130.3613, 33.5878], [130.3571, 33.5956], [130.3557, 33.5957], [130.3079, 33.6345]]]}, "properties": {"name": "福岡県福岡市早良区"}}, {"type": "Feature", "geometry": {"type": "Polygon", "coordinates": [[[130.4997, 33.3257], [130.4991, 33.3256], [130.496, 33.3266], [130.4906, 33.3294], [130.4897, 33.33], [130.488, 33.3322], [130.4859, 33.3327], [130.4859, 33.3333], [130.4855, 33.3332], [130.4856, 33.3327], [130.4846, 33.333], [130.4824, 33.3323], [130.478, 33.3293], [130.4767, 33.3264], [130.4789, 33.3235], [130.482, 33.321], [130.4844, 33.3201], [130.4876, 33.3199], [130.4885, 33.3185], [130.4904, 33.3168], [130.488, 33.3135], [130.4844, 33.3056], [130.4825, 33.3047], [130.4792, 33.3043], [130.4707, 33.305], [130.4707, 33.3041], [130.469, 33.3042], [130.469, 33.3051], [130.4606, 33.3048], [130.4578, 33.304], [130.4549, 33.3018], [130.4539, 33.2997], [130.4538, 33.2984], [130.4541, 33.2969], [130.4556, 33.2945], [130.4583, 33.2929], [130.4648, 33.2908], [130.468, 33.2892], [130.4685, 33.2884], [130.4684, 33.2871], [130.4676, 33.2858], [130.4664, 33.2849], [130.4615, 33.2834], [130.4576, 33.2825], [130.4563, 33.2828], [130.4552, 33.2836], [130.4534, 33.2834], [130.4495, 33.2794], [130.4483, 33.2775], [130.448, 33.2754], [130.4506, 33.2699], [130.4509, 33.2684], [130.4505, 33.2663], [130.4493, 33.2648], [130.4454, 33.2638], [130.442, 33.2642], [130.4397, 33.2657], [130.4354, 33.27], [130.4349, 33.2718], [130.4358, 33.2734], [130.4356, 33.2788], [130.4361, 33.2808], [130.4376, 33.2836], [130.4368, 33.2853], [130.4377, 33.287], [130.438, 33.2898], [130.4337, 33.2928], [130.4311, 33.2928], [130.4302, 33.2926], [130.4272, 33.291], [130.4264, 33.2902], [130.4261, 33.2893], [130.4268, 33.2874], [130.4279, 33.2868], [130.4296, 33.2867], [130.4304, 33.2851], [130.4307, 33.28], [130.4297, 33.2774], [130.4297, 33.2739], [130.4283, 33.2721], [130.4259, 33.271], [130.4244, 33.2721], [130.4212, 33.2719], [130.4187, 33.2705], [130.4169, 33.2675], [130.4168, 33.2664], [130.4179, 33.2636], [130.4196, 33.2617], [130.4156, 33.2535], [130.4129, 33.2512], [130.4103, 33.2498], [130.4075, 33.2492], [130.402, 33.2488], [130.4018, 33.2507], [130.4009, 33.2531], [130.401, 33.2569], [130.3996, 33.2591], [130.3977, 33.2599], [130.3947, 33.2606], [130.3942, 33.2606], [130.3935, 33.2598], [130.3924, 33.2601], [130.3912, 33.2597], [130.3894, 33.2581], [130.389, 33.2562], [130.3895, 33.2535], [130.3912, 33.2504], [130.3905, 33.2454], [130.3865, 33.2416], [130.3854, 33.24], [130.3879, 33.239], [130.3915, 33.2385], [130.3917, 33.2373], [130.3934, 33.2372], [130.3932, 33.2344], [130.3946, 33.2343], [130.3945, 33.2333], [130.3958, 33.2333], [130.3957, 33.2322], [130.3969, 33.2321], [130.3969, 33.2317], [130.3992, 33.2315], [130.3991, 33.2305], [130.4014, 33.2303], [130.4014, 33.2298], [130.4026, 33.23], [130.4055, 33.2299], [130.4055, 33.2309], [130.407, 33.2309], [130.407, 33.2318], [130.4101, 33.2318], [130.4101, 33.2328], [130.4122, 33.2326], [130.4123, 33.2354], [130.415, 33.2353], [130.4147, 33.2308], [130.4142, 33.2308], [130.4142, 33.2288], [130.4152, 33.228], [130.4144, 33.2273], [130.4132, 33.2275], [130.4131, 33.2267], [130.4126, 33.2268], [130.4122, 33.2263], [130.4126, 33.2246], [130.4145, 33.2253], [130.4153, 33.2246], [130.4162, 33.2248], [130.4165, 33.2253], [130.4162, 33.226], [130.4167, 33.226], [130.4172, 33.2256], [130.4177, 33.2262], [130.421, 33.2254], [130.4206, 33.2249], [130.4211, 33.2246], [130.4233, 33.224], [130.4247, 33.2285], [130.4257, 33.2302], [130.4263, 33.2301], [130.4265, 33.2304], [130.4285, 33.2298], [130.4286, 33.2302], [130.4294, 33.23], [130.4296, 33.2304], [130.4376, 33.2289], [130.4377, 33.2304], [130.4368, 33.2305], [130.4352, 33.2329], [130.4356, 33.233], [130.4353, 33.2342], [130.436, 33.2353], [130.4352, 33.2353], [130.4352, 33.2369], [130.4422, 33.2371], [130.4419, 33.2414], [130.4415, 33.2415], [130.4411, 33.2424], [130.4415, 33.2426], [130.4412, 33.2435], [130.4415, 33.2441], [130.443, 33.2445], [130.4438, 33.2453], [130.4446, 33.2447], [130.4448, 33.2438], [130.4455, 33.2441], [130.4462, 33.2433], [130.4467, 33.2432], [130.4483, 33.242], [130.4488, 33.2408], [130.4513, 33.2404], [130.452, 33.2408], [130.4527, 33.2398], [130.4554, 33.2385], [130.4559, 33.237], [130.4567, 33.2372], [130.458, 33.237], [130.4581, 33.2359], [130.4578, 33.2358], [130.4586, 33.2343], [130.4584, 33.2309], [130.4587, 33.2295], [130.4597, 33.2278], [130.4605, 33.227], [130.4609, 33.227], [130.4613, 33.2259], [130.461, 33.2255], [130.4611, 33.2243], [130.4618, 33.2243], [130.4618, 33.224], [130.4639, 33.2244], [130.4659, 33.2247], [130.4663, 33.2269], [130.4652, 33.227], [130.4652, 33.2278], [130.4663, 33.2277], [130.4663, 33.2279], [130.4658, 33.228], [130.4659, 33.2283], [130.4694, 33.2283], [130.4701, 33.2306], [130.4705, 33.2311], [130.4713, 33.2309], [130.472, 33.2334], [130.4748, 33.2327], [130.4751, 33.2342], [130.4756, 33.2348], [130.4755, 33.236], [130.476, 33.2361], [130.4764, 33.2383], [130.4754, 33.2389], [130.4756, 33.24], [130.4734, 33.2403], [130.4737, 33.2419], [130.4767, 33.2415], [130.4768, 33.2421], [130.4784, 33.2419], [130.4781, 33.2407], [130.4796, 33.2409], [130.4807, 33.24], [130.4814, 33.2401], [130.482, 33.2394], [130.482, 33.2403], [130.481, 33.2404], [130.4811, 33.2407], [130.482, 33.2404], [130.4815, 33.2412], [130.4822, 33.241], [130.4822, 33.2406], [130.4831, 33.2406], [130.4834, 33.24], [130.4835, 33.2412], [130.4838, 33.2411], [130.4838, 33.2403], [130.4849, 33.2405], [130.485, 33.2402], [130.4859, 33.2411], [130.4868, 33.2409], [130.4876, 33.2428], [130.4875, 33.2438], [130.4924, 33.2441], [130.4927, 33.2431], [130.496, 33.244], [130.4963, 33.243], [130.4977, 33.2434], [130.4969, 33.2443], [130.4968, 33.2451], [130.4979, 33.2451], [130.4992, 33.246], [130.4991, 33.2467], [130.4996, 33.2462], [130.5006, 33.2466], [130.5009, 33.2478], [130.5011, 33.2473], [130.5018, 33.2474], [130.5023, 33.2466], [130.5018, 33.2463], [130.5019, 33.2458], [130.5026, 33.246], [130.5028, 33.2454], [130.5035, 33.245], [130.5031, 33.2458], [130.5039, 33.2458], [130.5043, 33.2453], [130.5039, 33.2453], [130.5039, 33.245], [130.5051, 33.2446], [130.507, 33.248], [130.5084, 33.2469], [130.5091, 33.2537], [130.5098, 33.2537], [130.5093, 33.2542], [130.5095, 33.2552], [130.5101, 33.2551], [130.5103, 33.2544], [130.511, 33.2539], [130.512, 33.2538], [130.5121, 33.2544], [130.5134, 33.2543], [130.512, 33.2546], [130.512, 33.2549], [130.5115, 33.2551], [130.5119, 33.2555], [130.5115, 33.2558], [130.5123, 33.2564], [130.5118, 33.2567], [130.5127, 33.2574], [130.5133, 33.2569], [130.5129, 33.2566], [130.5136, 33.2561], [130.5139, 33.2564], [130.5137, 33.2569], [130.5141, 33.257], [130.5138, 33.257], [130.5139, 33.2578], [130.5137, 33.2571], [130.5132, 33.2576], [130.5126, 33.2577], [130.5126, 33.2574], [130.5123, 33.2577], [130.5125, 33.2581], [130.5121, 33.258], [130.5114, 33.259], [130.5102, 33.2597], [130.5101, 33.2591], [130.5099, 33.2591], [130.51, 33.2599], [130.5106, 33.2598], [130.5108, 33.2603], [130.5104, 33.2608], [130.5117, 33.2595], [130.512, 33.2598], [130.511, 33.2606], [130.5114, 33.261], [130.5113, 33.2605], [130.5126, 33.2598], [130.5128, 33.2602], [130.5136, 33.2596], [130.5146, 33.2595], [130.515, 33.2583], [130.5155, 33.2581], [130.5144, 33.2566], [130.5149, 33.2565], [130.5147, 33.2559], [130.5153, 33.2554], [130.5153, 33.2558], [130.5159, 33.2559], [130.5152, 33.2569], [130.5165, 33.2563], [130.517, 33.2564], [130.517, 33.2566], [130.5161, 33.2566], [130.5161, 33.2578], [130.5168, 33.2575], [130.5174, 33.2577], [130.5169, 33.2584], [130.5171, 33.2587], [130.5177, 33.259], [130.5185, 33.2588], [130.519, 33.2594], [130.5183, 33.2602], [130.5191, 33.2598], [130.5205, 33.2608], [130.5211, 33.2609], [130.5198, 33.26], [130.5201, 33.2588], [130.5195, 33.2591], [130.5211, 33.2582], [130.5219, 33.2582], [130.522, 33.2579], [130.521, 33.2571], [130.5213, 33.2564], [130.524, 33.2583], [130.5242, 33.2587], [130.5237, 33.2592], [130.5231, 33.2593], [130.5229, 33.2601], [130.5234, 33.2605], [130.5228, 33.2621], [130.5238, 33.2616], [130.5235, 33.2614], [130.524, 33.2603], [130.5234, 33.2603], [130.5243, 33.259], [130.5253, 33.2591], [130.5276, 33.2611], [130.5283, 33.2607], [130.5296, 33.2611], [130.5296, 33.2614], [130.53, 33.2616], [130.5299, 33.2623], [130.532, 33.2626], [130.5323, 33.2623], [130.5319, 33.262], [130.5311, 33.262], [130.5316, 33.2614], [130.5311, 33.2611], [130.5313, 33.2607], [130.5302, 33.2607], [130.5301, 33.2603], [130.5296, 33.2609], [130.5292, 33.2604], [130.5297, 33.2603], [130.5282, 33.2598], [130.5284, 33.2591], [130.5279, 33.2589], [130.5285, 33.2581], [130.53, 33.259], [130.5311, 33.2587], [130.531, 33.2582], [130.5323, 33.258], [130.5323, 33.2575], [130.5329, 33.2574], [130.5327, 33.2582], [130.5343, 33.2584], [130.5341, 33.2594], [130.5354, 33.2596], [130.5355, 33.2623], [130.5353, 33.262], [130.5349, 33.262], [130.5346, 33.2628], [130.5357, 33.2629], [130.5364, 33.2626], [130.5358, 33.262], [130.5361, 33.261], [130.5363, 33.261], [130.5367, 33.2625], [130.5372, 33.2625], [130.5377, 33.2618], [130.5376, 33.2616], [130.537, 33.2619], [130.5369, 33.261], [130.5389, 33.2607], [130.5389, 33.2615], [130.538, 33.2614], [130.538, 33.2622], [130.5377, 33.2624], [130.5393, 33.2634], [130.5387, 33.2628], [130.5386, 33.2621], [130.5394, 33.2616], [130.5407, 33.2618], [130.5411, 33.2614], [130.5457, 33.2602], [130.5536, 33.2628], [130.5544, 33.2621], [130.5541, 33.263], [130.5562, 33.2639], [130.5571, 33.265], [130.5602, 33.2652], [130.5598, 33.2646], [130.5608, 33.2645], [130.561, 33.2649], [130.565, 33.2658], [130.5663, 33.2664], [130.5665, 33.2695], [130.5681, 33.2735], [130.5695, 33.2744], [130.5709, 33.2746], [130.572, 33.2753], [130.576, 33.2768], [130.5768, 33.2758], [130.5799, 33.2747], [130.5809, 33.2733], [130.5826, 33.2719], [130.5825, 33.2709], [130.5811, 33.2688], [130.5814, 33.2679], [130.5825, 33.2677], [130.5852, 33.2684], [130.5865, 33.2684], [130.5884, 33.2696], [130.5922, 33.2704], [130.5934, 33.2726], [130.5957, 33.2729], [130.5982, 33.2748], [130.599, 33.2744], [130.6025, 33.2746], [130.6045, 33.2764], [130.605, 33.2775], [130.6074, 33.2803], [130.61, 33.2812], [130.6112, 33.2811], [130.6121, 33.2826], [130.6136, 33.2826], [130.6142, 33.2836], [130.6141, 33.2843], [130.6167, 33.2862], [130.6167, 33.2909], [130.6177, 33.2907], [130.619, 33.2908], [130.6193, 33.2905], [130.6206, 33.2906], [130.6211, 33.2915], [130.6218, 33.2918], [130.6225, 33.2927], [130.625, 33.2928], [130.6258, 33.2921], [130.628, 33.292], [130.6305, 33.2942], [130.6314, 33.2958], [130.6313, 33.2963], [130.6338, 33.297], [130.6344, 33.2978], [130.636, 33.2977], [130.6376, 33.299], [130.6389, 33.2986], [130.6402, 33.299], [130.642, 33.2986], [130.6437, 33.2987], [130.6448, 33.2979], [130.6476, 33.298], [130.6481, 33.2983], [130.6486, 33.298], [130.6494, 33.2985], [130.651, 33.2987], [130.6534, 33.3002], [130.6551, 33.3006], [130.657, 33.301], [130.6582, 33.3008], [130.6605, 33.3016], [130.6631, 33.3021], [130.6651, 33.3019], [130.6665, 33.3022], [130.6676, 33.3019], [130.6702, 33.3023], [130.6711, 33.3021], [130.6719, 33.3028], [130.6741, 33.3028], [130.6758, 33.3035], [130.6802, 33.3025], [130.6841, 33.303], [130.6859, 33.3025], [130.6867, 33.3036], [130.6886, 33.3039], [130.69, 33.3058], [130.6918, 33.3055], [130.6928, 33.306], [130.6952, 33.306], [130.6959, 33.3055], [130.6983, 33.3052], [130.6994, 33.3046], [130.7008, 33.3066], [130.7064, 33.3061], [130.7103, 33.305], [130.7123, 33.3052], [130.7137, 33.3042], [130.7165, 33.3042], [130.7185, 33.3034], [130.7198, 33.3035], [130.7218, 33.3029], [130.7229, 33.303], [130.7243, 33.3024], [130.7256, 33.302], [130.7287, 33.3027], [130.7257, 33.3195], [130.7257, 33.3225], [130.7267, 33.3241], [130.7258, 33.3248], [130.7237, 33.3252], [130.7234, 33.3264], [130.7239, 33.3287], [130.7244, 33.3287], [130.7243, 33.3323], [130.7245, 33.3338], [130.7248, 33.3339], [130.724, 33.3377], [130.7265, 33.3378], [130.7265, 33.3401], [130.7313, 33.3402], [130.7312, 33.3472], [130.7295, 33.347], [130.7263, 33.3472], [130.7261, 33.3482], [130.7251, 33.3487], [130.7257, 33.3497], [130.7253, 33.3502], [130.7253, 33.3512], [130.7239, 33.3507], [130.724, 33.3511], [130.7217, 33.352], [130.718, 33.3527], [130.7188, 33.3561], [130.7203, 33.356], [130.7205, 33.357], [130.7229, 33.357], [130.7229, 33.358], [130.7234, 33.3581], [130.7256, 33.3579], [130.7261, 33.3574], [130.7263, 33.3561], [130.727, 33.356], [130.727, 33.3551], [130.7278, 33.3534], [130.7273, 33.3536], [130.7277, 33.353], [130.7288, 33.3534], [130.731, 33.3532], [130.7311, 33.3541], [130.7318, 33.3541], [130.7318, 33.3548], [130.7315, 33.3548], [130.7319, 33.359], [130.7296, 33.359], [130.7296, 33.36], [130.7284, 33.36], [130.7284, 33.3613], [130.7273, 33.3613], [130.7268, 33.3606], [130.7261, 33.3606], [130.7261, 33.3601], [130.7229, 33.36], [130.7229, 33.361], [130.7195, 33.3611], [130.7195, 33.3591], [130.714, 33.3592], [130.714, 33.3602], [130.7091, 33.3602], [130.7089, 33.36], [130.7075, 33.3603], [130.7077, 33.3616], [130.7049, 33.364], [130.6988, 33.3625], [130.6982, 33.3615], [130.6959, 33.3619], [130.6914, 33.3621], [130.6819, 33.3616], [130.674, 33.3615], [130.6666, 33.3621], [130.6651, 33.3623], [130.6571, 33.3621], [130.6532, 33.3631], [130.6508, 33.3631], [130.645, 33.3612], [130.6404, 33.359], [130.6349, 33.3546], [130.6315, 33.353], [130.6291, 33.3554], [130.6291, 33.356], [130.6296, 33.3561], [130.6295, 33.357], [130.6285, 33.3569], [130.6274, 33.36], [130.628, 33.3602], [130.628, 33.3607], [130.6284, 33.361], [130.6271, 33.3624], [130.6326, 33.3627], [130.6331, 33.3634], [130.6319, 33.3632], [130.6317, 33.3644], [130.6298, 33.3648], [130.6305, 33.3663], [130.6298, 33.3664], [130.6296, 33.3669], [130.6277, 33.3667], [130.6267, 33.3676], [130.6241, 33.3676], [130.6244, 33.3682], [130.6235, 33.3687], [130.6223, 33.3677], [130.6151, 33.3675], [130.6151, 33.3665], [130.6119, 33.3665], [130.6117, 33.3655], [130.6071, 33.3656], [130.6073, 33.365], [130.6069, 33.3645], [130.6051, 33.3645], [130.6037, 33.3635], [130.6036, 33.3655], [130.6027, 33.3653], [130.6027, 33.3665], [130.6059, 33.3667], [130.606, 33.3673], [130.5874, 33.3669], [130.5783, 33.3671], [130.5777, 33.3665], [130.5774, 33.3651], [130.5791, 33.3658], [130.5789, 33.3622], [130.5779, 33.3622], [130.5771, 33.3596], [130.573, 33.3563], [130.5715, 33.354], [130.5711, 33.3541], [130.5712, 33.3555], [130.5703, 33.3552], [130.5703, 33.3543], [130.5698, 33.3543], [130.5698, 33.3552], [130.5622, 33.3553], [130.562, 33.3546], [130.5626, 33.3534], [130.5588, 33.3533], [130.5589, 33.3523], [130.5577, 33.3523], [130.5578, 33.3514], [130.5571, 33.3513], [130.5572, 33.3504], [130.5549, 33.3503], [130.5548, 33.3508], [130.5535, 33.3501], [130.5537, 33.3492], [130.5522, 33.3494], [130.55, 33.3482], [130.5502, 33.3453], [130.546, 33.3451], [130.5459, 33.3466], [130.5452, 33.3463], [130.5417, 33.3462], [130.5406, 33.3457], [130.5377, 33.3414], [130.5373, 33.3417], [130.5374, 33.3423], [130.5379, 33.3426], [130.5361, 33.3431], [130.5348, 33.3434], [130.5338, 33.3442], [130.5339, 33.3456], [130.5328, 33.3459], [130.532, 33.3445], [130.5293, 33.342], [130.527, 33.3404], [130.5255, 33.3401], [130.5191, 33.3406], [130.5149, 33.3433], [130.5118, 33.3441], [130.51, 33.3439], [130.5087, 33.3433], [130.5073, 33.3421], [130.5065, 33.3404], [130.5061, 33.3339], [130.5056, 33.3311], [130.5031, 33.3281], [130.4997, 33.3257]]]}, "properties": {"name": "福岡県久留米市"}}, {"type": "Feature", "geometry": {"type": "Polygon", "coordinates": [[[130.7994, 33.7771], [130.7992, 33.777], [130.7968, 33.7785], [130.7959, 33.7798], [130.7948, 33.7802], [130.7933, 33.7802], [130.7909, 33.7792], [130.7896, 33.7792], [130.788, 33.7806], [130.786, 33.7834], [130.784, 33.7853], [130.781, 33.786], [130.774, 33.7858], [130.7725, 33.7862], [130.77, 33.786], [130.7688, 33.7854], [130.7668, 33.7827], [130.7668, 33.7804], [130.7685, 33.778], [130.7676, 33.7765], [130.7615, 33.7732], [130.7601, 33.7731], [130.7598, 33.7726], [130.7603, 33.7718], [130.7582, 33.7701], [130.7549, 33.7694], [130.7538, 33.7687], [130.753, 33.7686], [130.7524, 33.7698], [130.7493, 33.7706], [130.7488, 33.771], [130.7484, 33.7707], [130.7475, 33.7717], [130.7447, 33.7722], [130.7413, 33.7718], [130.7401, 33.7707], [130.739, 33.7707], [130.7358, 33.7716], [130.7347, 33.7714], [130.7342, 33.7723], [130.7327, 33.7724], [130.7318, 33.7734], [130.7296, 33.7745], [130.728, 33.7742], [130.7249, 33.7753], [130.7215, 33.7745], [130.7204, 33.7739], [130.7155, 33.7835], [130.7145, 33.7875], [130.7101, 33.7921], [130.7073, 33.7958], [130.7043, 33.7948], [130.7041, 33.7931], [130.7036, 33.7925], [130.7002, 33.7911], [130.7006, 33.7901], [130.6999, 33.7899], [130.7002, 33.7884], [130.6965, 33.7872], [130.6969, 33.7869], [130.6963, 33.785], [130.6951, 33.7845], [130.6949, 33.7831], [130.6956, 33.7823], [130.6967, 33.7819], [130.6962, 33.7814], [130.6965, 33.7803], [130.6974, 33.7795], [130.6974, 33.7788], [130.6986, 33.778], [130.6987, 33.7769], [130.6998, 33.7766], [130.6999, 33.7745], [130.7007, 33.7738], [130.6989, 33.7724], [130.6993, 33.7702], [130.6987, 33.7681], [130.6971, 33.7675], [130.6965, 33.7668], [130.6953, 33.7666], [130.6929, 33.7677], [130.6918, 33.7676], [130.6914, 33.7672], [130.6917, 33.7667], [130.6913, 33.7662], [130.6893, 33.7657], [130.6877, 33.766], [130.6871, 33.7653], [130.6865, 33.765], [130.685, 33.7653], [130.6839, 33.766], [130.6827, 33.7658], [130.6809, 33.7663], [130.6804, 33.7655], [130.68, 33.7632], [130.6811, 33.7626], [130.6812, 33.7617], [130.6817, 33.761], [130.6809, 33.7598], [130.6813, 33.7585], [130.6813, 33.7567], [130.6825, 33.7554], [130.683, 33.753], [130.6841, 33.7524], [130.6855, 33.7508], [130.6854, 33.7502], [130.6839, 33.7484], [130.6858, 33.7459], [130.6862, 33.7437], [130.6873, 33.7432], [130.69, 33.7437], [130.6905, 33.745], [130.6913, 33.7458], [130.6923, 33.7458], [130.693, 33.7468], [130.694, 33.7471], [130.6958, 33.7471], [130.7003, 33.7462], [130.7016, 33.7451], [130.7032, 33.7476], [130.7053, 33.7479], [130.7045, 33.7471], [130.7052, 33.7468], [130.7032, 33.7445], [130.7044, 33.7434], [130.7081, 33.7426], [130.7086, 33.7408], [130.7105, 33.7381], [130.7139, 33.7371], [130.7149, 33.7362], [130.7152, 33.7357], [130.715, 33.7344], [130.7143, 33.7323], [130.7148, 33.7323], [130.717, 33.7314], [130.7195, 33.7292], [130.724, 33.7315], [130.7267, 33.7314], [130.7269, 33.7311], [130.7268, 33.73], [130.7274, 33.7292], [130.7252, 33.7275], [130.7252, 33.727], [130.726, 33.7261], [130.7273, 33.7254], [130.7282, 33.7253], [130.7274, 33.7241], [130.7278, 33.7239], [130.7277, 33.7237], [130.7272, 33.7238], [130.7279, 33.7224], [130.7279, 33.7207], [130.7268, 33.7182], [130.7256, 33.7181], [130.7254, 33.7173], [130.7249, 33.7172], [130.7245, 33.7164], [130.7245, 33.7158], [130.7258, 33.7147], [130.7257, 33.7131], [130.7263, 33.7126], [130.7259, 33.7118], [130.7261, 33.7103], [130.7267, 33.71], [130.7268, 33.7092], [130.7276, 33.7089], [130.7272, 33.7066], [130.7284, 33.7071], [130.7288, 33.7069], [130.7298, 33.7034], [130.7324, 33.7037], [130.7329, 33.7046], [130.7335, 33.7046], [130.7336, 33.7042], [130.7344, 33.7043], [130.7353, 33.7034], [130.7365, 33.7031], [130.7368, 33.7011], [130.739, 33.6998], [130.74, 33.7], [130.7414, 33.7007], [130.7433, 33.7009], [130.7439, 33.7019], [130.7449, 33.7033], [130.7471, 33.7047], [130.7463, 33.7073], [130.7463, 33.7083], [130.7459, 33.7086], [130.7465, 33.7092], [130.7492, 33.7109], [130.749, 33.7125], [130.7495, 33.7132], [130.7482, 33.7158], [130.7493, 33.7169], [130.7505, 33.7173], [130.7547, 33.7178], [130.7584, 33.7194], [130.7592, 33.7191], [130.7609, 33.7194], [130.7614, 33.7198], [130.7628, 33.7197], [130.7644, 33.7206], [130.7648, 33.7212], [130.7692, 33.7213], [130.773, 33.7224], [130.7742, 33.7234], [130.7741, 33.725], [130.7778, 33.7263], [130.7784, 33.7271], [130.7793, 33.7276], [130.7823, 33.7274], [130.7841, 33.7289], [130.7843, 33.7311], [130.7859, 33.7338], [130.7877, 33.7335], [130.7885, 33.7348], [130.7888, 33.7362], [130.7886, 33.7394], [130.7922, 33.7406], [130.7978, 33.7395], [130.8004, 33.741], [130.8024, 33.7416], [130.8037, 33.7416], [130.804, 33.7421], [130.8028, 33.7418], [130.802, 33.742], [130.8021, 33.7425], [130.8037, 33.7437], [130.8041, 33.7466], [130.8052, 33.7486], [130.8045, 33.7497], [130.8024, 33.7512], [130.803, 33.7533], [130.8019, 33.7556], [130.8017, 33.7575], [130.8023, 33.7606], [130.8003, 33.7643], [130.7993, 33.7651], [130.8009, 33.7666], [130.801, 33.7687], [130.8025, 33.7711], [130.8026, 33.7735], [130.8022, 33.774], [130.8009, 33.7733], [130.8002, 33.7734], [130.7994, 33.7771]]]}, "properties": {"name": "福岡県直方市"}}, {"type": "Feature", "geometry": {"type": "Polygon", "coordinates": [[[130.7272, 33.7066], [130.7268, 33.7058], [130.7268, 33.7045], [130.726, 33.7034], [130.726, 33.7022], [130.7238, 33.7004], [130.7206, 33.6997], [130.7188, 33.7009], [130.7177, 33.7006], [130.7175, 33.7009], [130.7171, 33.7008], [130.7171, 33.7014], [130.7158, 33.7012], [130.7141, 33.7017], [130.7141, 33.7014], [130.7118, 33.7008], [130.7131, 33.6984], [130.712, 33.6967], [130.7143, 33.6936], [130.7151, 33.6919], [130.7138, 33.691], [130.7133, 33.6882], [130.7129, 33.6882], [130.7107, 33.6851], [130.71, 33.6851], [130.7094, 33.6843], [130.7076, 33.6833], [130.7064, 33.6831], [130.7055, 33.6824], [130.702, 33.6822], [130.7026, 33.6829], [130.7024, 33.6833], [130.7013, 33.6837], [130.6985, 33.6855], [130.6969, 33.6858], [130.6957, 33.6857], [130.6926, 33.684], [130.6928, 33.6848], [130.6918, 33.6848], [130.6912, 33.6837], [130.6913, 33.6848], [130.6909, 33.6848], [130.6894, 33.6833], [130.6903, 33.6849], [130.6889, 33.6852], [130.6877, 33.6842], [130.6873, 33.6849], [130.6859, 33.685], [130.687, 33.6852], [130.6851, 33.6864], [130.6846, 33.6854], [130.6828, 33.6855], [130.6819, 33.6834], [130.6793, 33.6831], [130.6785, 33.6833], [130.6777, 33.683], [130.6752, 33.6866], [130.675, 33.6884], [130.6729, 33.6881], [130.6721, 33.6889], [130.672, 33.6897], [130.6713, 33.6901], [130.6715, 33.6907], [130.6709, 33.6911], [130.6707, 33.6904], [130.6706, 33.6911], [130.6703, 33.692], [130.6691, 33.6915], [130.668, 33.6905], [130.6654, 33.689], [130.6655, 33.6896], [130.665, 33.6901], [130.6653, 33.6907], [130.6648, 33.6917], [130.6614, 33.6927], [130.6608, 33.6933], [130.6601, 33.6935], [130.6593, 33.6932], [130.6591, 33.6917], [130.6567, 33.6896], [130.6567, 33.689], [130.6555, 33.6887], [130.6538, 33.6877], [130.6525, 33.6876], [130.6514, 33.687], [130.6508, 33.6873], [130.6495, 33.687], [130.6473, 33.688], [130.6458, 33.6881], [130.6453, 33.6884], [130.643, 33.6876], [130.6391, 33.6835], [130.6379, 33.6808], [130.6387, 33.6798], [130.6391, 33.6785], [130.6387, 33.6774], [130.6389, 33.6766], [130.6383, 33.6761], [130.6377, 33.6747], [130.6383, 33.6727], [130.637, 33.6717], [130.6356, 33.6723], [130.6345, 33.6719], [130.6335, 33.6693], [130.6327, 33.6685], [130.6301, 33.6669], [130.6275, 33.6659], [130.6264, 33.6672], [130.626, 33.6683], [130.6251, 33.6684], [130.6247, 33.668], [130.6239, 33.668], [130.6224, 33.6685], [130.6211, 33.6684], [130.6209, 33.6664], [130.6205, 33.6662], [130.6205, 33.6655], [130.6197, 33.6648], [130.621, 33.6634], [130.6199, 33.6618], [130.6204, 33.6603], [130.617, 33.6563], [130.616, 33.656], [130.6156, 33.6561], [130.6146, 33.6552], [130.6123, 33.6545], [130.6101, 33.6516], [130.6089, 33.6508], [130.6063, 33.6533], [130.6038, 33.6536], [130.6017, 33.6546], [130.6018, 33.6535], [130.6014, 33.6527], [130.6006, 33.6531], [130.5986, 33.6518], [130.5967, 33.6511], [130.5951, 33.6514], [130.5945, 33.6504], [130.5912, 33.6502], [130.5896, 33.6494], [130.5863, 33.6488], [130.5838, 33.6478], [130.5812, 33.6463], [130.5806, 33.6453], [130.5804, 33.6439], [130.5791, 33.6436], [130.5785, 33.6425], [130.577, 33.6417], [130.5768, 33.6403], [130.5751, 33.6381], [130.5762, 33.6377], [130.5775, 33.6379], [130.5787, 33.6365], [130.5803, 33.6357], [130.5807, 33.6349], [130.5822, 33.6341], [130.5827, 33.6332], [130.5849, 33.6329], [130.5857, 33.6322], [130.5862, 33.6295], [130.5867, 33.6293], [130.5866, 33.6273], [130.5874, 33.626], [130.5844, 33.6211], [130.5829, 33.6201], [130.585, 33.6184], [130.586, 33.6184], [130.5871, 33.619], [130.5894, 33.6186], [130.5915, 33.6191], [130.5929, 33.6178], [130.5935, 33.6176], [130.594, 33.6169], [130.5964, 33.6162], [130.5976, 33.6152], [130.5981, 33.6141], [130.599, 33.6131], [130.6003, 33.6126], [130.6002, 33.6113], [130.5979, 33.6107], [130.5973, 33.6098], [130.5939, 33.609], [130.5931, 33.6081], [130.5917, 33.6082], [130.5914, 33.6068], [130.5899, 33.6064], [130.5898, 33.6057], [130.5892, 33.6056], [130.5879, 33.6037], [130.5871, 33.6039], [130.5862, 33.6058], [130.5829, 33.6073], [130.5825, 33.6063], [130.5817, 33.6064], [130.5808, 33.6055], [130.5808, 33.6041], [130.5792, 33.6039], [130.5778, 33.6042], [130.5778, 33.6036], [130.5773, 33.6031], [130.5767, 33.6033], [130.5768, 33.6039], [130.5763, 33.6042], [130.5739, 33.6049], [130.5745, 33.6062], [130.5737, 33.6068], [130.5717, 33.6065], [130.5674, 33.6068], [130.5664, 33.6048], [130.5642, 33.6032], [130.5631, 33.603], [130.5612, 33.6006], [130.5584, 33.5998], [130.5582, 33.5985], [130.5628, 33.5937], [130.5644, 33.5928], [130.5648, 33.5919], [130.5664, 33.5909], [130.567, 33.5895], [130.5669, 33.5882], [130.5663, 33.5871], [130.567, 33.5837], [130.5682, 33.5821], [130.5684, 33.5806], [130.568, 33.5793], [130.5697, 33.5782], [130.5729, 33.577], [130.574, 33.576], [130.5737, 33.5749], [130.5752, 33.5691], [130.5749, 33.5684], [130.5768, 33.5672], [130.5776, 33.5672], [130.5794, 33.5656], [130.5811, 33.5615], [130.5805, 33.56], [130.5805, 33.5586], [130.5842, 33.5552], [130.584, 33.5548], [130.5862, 33.5526], [130.5864, 33.5518], [130.5918, 33.5486], [130.5933, 33.5473], [130.5943, 33.5476], [130.5952, 33.5475], [130.5958, 33.5458], [130.5951, 33.5448], [130.5953, 33.5433], [130.5945, 33.5424], [130.5956, 33.5396], [130.598, 33.5386], [130.5984, 33.5376], [130.5994, 33.5373], [130.6001, 33.5361], [130.6012, 33.536], [130.602, 33.5355], [130.602, 33.5346], [130.6037, 33.5336], [130.6041, 33.5326], [130.6046, 33.5323], [130.6044, 33.5313], [130.6048, 33.5307], [130.6069, 33.5296], [130.6078, 33.5295], [130.6095, 33.5274], [130.6112, 33.5271], [130.6122, 33.5253], [130.6114, 33.5237], [130.6119, 33.5227], [130.6116, 33.522], [130.6101, 33.5206], [130.6099, 33.5195], [130.611, 33.5189], [130.6114, 33.5178], [130.6123, 33.5172], [130.6179, 33.5164], [130.6182, 33.5152], [130.6191, 33.5142], [130.6188, 33.5136], [130.6191, 33.5131], [130.6211, 33.5132], [130.6202, 33.5102], [130.6203, 33.5083], [130.6219, 33.5078], [130.621, 33.5059], [130.623, 33.505], [130.6263, 33.5045], [130.6268, 33.504], [130.628, 33.5043], [130.6282, 33.5049], [130.629, 33.5052], [130.6293, 33.5063], [130.6299, 33.5064], [130.6306, 33.5059], [130.6319, 33.506], [130.6323, 33.5054], [130.6333, 33.5055], [130.6346, 33.5049], [130.6359, 33.5054], [130.6362, 33.5061], [130.6376, 33.5063], [130.638, 33.5054], [130.6396, 33.5061], [130.6397, 33.5068], [130.6406, 33.5059], [130.6409, 33.5064], [130.6415, 33.5058], [130.6435, 33.5069], [130.6454, 33.5068], [130.6466, 33.5079], [130.6471, 33.5079], [130.6483, 33.5093], [130.649, 33.5088], [130.6515, 33.509], [130.6528, 33.5108], [130.6544, 33.5108], [130.6551, 33.5102], [130.6559, 33.5104], [130.6568, 33.5102], [130.657, 33.5098], [130.6568, 33.5093], [130.6596, 33.5072], [130.6595, 33.5062], [130.6605, 33.506], [130.6603, 33.5043], [130.662, 33.5043], [130.6627, 33.5036], [130.6641, 33.5056], [130.6647, 33.5058], [130.6649, 33.5067], [130.6647, 33.5079], [130.6652, 33.5094], [130.6645, 33.5111], [130.6648, 33.5132], [130.6655, 33.5138], [130.6651, 33.5165], [130.6658, 33.5174], [130.6657, 33.5179], [130.6645, 33.5185], [130.6649, 33.5191], [130.6636, 33.5207], [130.664, 33.5216], [130.6634, 33.5227], [130.6644, 33.5238], [130.6656, 33.5243], [130.6658, 33.5256], [130.667, 33.5266], [130.667, 33.527], [130.6665, 33.5268], [130.6661, 33.5273], [130.6672, 33.5291], [130.6695, 33.5299], [130.67, 33.5295], [130.6709, 33.5299], [130.6719, 33.5294], [130.6719, 33.5298], [130.6707, 33.5309], [130.6705, 33.5326], [130.6692, 33.5342], [130.6694, 33.5347], [130.67, 33.5347], [130.6707, 33.5357], [130.671, 33.5377], [130.6707, 33.5387], [130.6723, 33.5399], [130.6733, 33.54], [130.6733, 33.5419], [130.6751, 33.5419], [130.6751, 33.5424], [130.6761, 33.5429], [130.6773, 33.5455], [130.6755, 33.5479], [130.6768, 33.5495], [130.6776, 33.5497], [130.6777, 33.5502], [130.6782, 33.5502], [130.6785, 33.5506], [130.6778, 33.5511], [130.6772, 33.5543], [130.6741, 33.5534], [130.6728, 33.5544], [130.6717, 33.554], [130.6717, 33.5533], [130.6709, 33.5527], [130.6702, 33.5527], [130.6675, 33.5509], [130.667, 33.5503], [130.666, 33.55], [130.6661, 33.5523], [130.6648, 33.5543], [130.6653, 33.555], [130.6647, 33.5559], [130.6651, 33.5575], [130.6647, 33.5587], [130.6647, 33.5602], [130.6639, 33.5609], [130.6636, 33.5629], [130.6625, 33.5647], [130.6616, 33.565], [130.6618, 33.5658], [130.6605, 33.5665], [130.6602, 33.5683], [130.661, 33.5689], [130.6622, 33.5692], [130.663, 33.5699], [130.6634, 33.571], [130.663, 33.5713], [130.6629, 33.5745], [130.6636, 33.575], [130.6645, 33.5774], [130.6653, 33.5784], [130.6655, 33.5804], [130.6668, 33.5822], [130.6664, 33.5825], [130.6661, 33.5839], [130.6674, 33.5856], [130.6654, 33.5864], [130.665, 33.5854], [130.6658, 33.585], [130.6655, 33.5844], [130.6659, 33.5841], [130.6657, 33.5838], [130.6649, 33.5844], [130.6645, 33.5843], [130.6643, 33.5831], [130.6647, 33.5827], [130.6644, 33.582], [130.6636, 33.5825], [130.6631, 33.5817], [130.6609, 33.581], [130.6596, 33.5799], [130.658, 33.5802], [130.6576, 33.581], [130.6569, 33.581], [130.6565, 33.5815], [130.6586, 33.5839], [130.6601, 33.587], [130.6552, 33.5888], [130.6539, 33.5884], [130.6532, 33.5884], [130.6534, 33.5889], [130.6516, 33.5886], [130.6499, 33.5896], [130.6497, 33.5914], [130.6504, 33.5923], [130.6515, 33.5925], [130.652, 33.5936], [130.6529, 33.5936], [130.6529, 33.5944], [130.6539, 33.5952], [130.6557, 33.596], [130.657, 33.5959], [130.6591, 33.5974], [130.6596, 33.5974], [130.6601, 33.5965], [130.6619, 33.5963], [130.6645, 33.5982], [130.6657, 33.5979], [130.6662, 33.5967], [130.6668, 33.5966], [130.67, 33.6003], [130.6743, 33.6009], [130.6769, 33.6004], [130.677, 33.599], [130.6791, 33.5982], [130.6798, 33.6025], [130.6828, 33.6024], [130.6832, 33.5996], [130.6849, 33.5975], [130.6864, 33.5972], [130.6876, 33.5964], [130.6899, 33.5968], [130.6912, 33.5956], [130.6919, 33.5971], [130.6927, 33.5967], [130.6947, 33.5979], [130.6966, 33.5977], [130.7001, 33.5996], [130.7, 33.6002], [130.6983, 33.6016], [130.6981, 33.6024], [130.6989, 33.603], [130.6985, 33.6042], [130.6971, 33.6048], [130.6982, 33.6061], [130.6988, 33.6076], [130.6995, 33.608], [130.6995, 33.6091], [130.7002, 33.6104], [130.7, 33.6131], [130.7007, 33.6149], [130.7005, 33.6154], [130.6995, 33.6157], [130.699, 33.6166], [130.6981, 33.6171], [130.6982, 33.6177], [130.6978, 33.6183], [130.6991, 33.6198], [130.6987, 33.6213], [130.6989, 33.6217], [130.701, 33.622], [130.7017, 33.6229], [130.7027, 33.6234], [130.7017, 33.6243], [130.7019, 33.6246], [130.707, 33.6233], [130.7093, 33.6207], [130.7123, 33.6191], [130.7149, 33.6158], [130.72, 33.6175], [130.7207, 33.6185], [130.7228, 33.6189], [130.7239, 33.618], [130.724, 33.6171], [130.7254, 33.6165], [130.7263, 33.6168], [130.7268, 33.6156], [130.7283, 33.6152], [130.7302, 33.614], [130.7308, 33.6138], [130.7314, 33.6143], [130.7321, 33.6136], [130.7332, 33.6137], [130.7332, 33.6131], [130.7344, 33.6133], [130.7342, 33.6137], [130.7359, 33.6142], [130.7372, 33.6131], [130.7399, 33.6126], [130.7395, 33.6114], [130.7396, 33.6097], [130.7386, 33.608], [130.739, 33.6054], [130.74, 33.6039], [130.7409, 33.6033], [130.7405, 33.6027], [130.7409, 33.6024], [130.7407, 33.6018], [130.7418, 33.5999], [130.7427, 33.5992], [130.7428, 33.5981], [130.7434, 33.5977], [130.7433, 33.5968], [130.7454, 33.5947], [130.747, 33.5944], [130.7471, 33.5937], [130.748, 33.5931], [130.7485, 33.5916], [130.7501, 33.5907], [130.7512, 33.5888], [130.7527, 33.5882], [130.7529, 33.5878], [130.7537, 33.5879], [130.7541, 33.5875], [130.7569, 33.5872], [130.7584, 33.5866], [130.7591, 33.5858], [130.7603, 33.5859], [130.7607, 33.5855], [130.7614, 33.5857], [130.7617, 33.5863], [130.762, 33.5871], [130.7617, 33.5878], [130.7627, 33.5883], [130.7631, 33.5894], [130.7649, 33.5909], [130.765, 33.5918], [130.7658, 33.5917], [130.7683, 33.5923], [130.7687, 33.5918], [130.7703, 33.5943], [130.7743, 33.5955], [130.7742, 33.596], [130.7727, 33.5975], [130.7722, 33.5989], [130.7732, 33.599], [130.7754, 33.6007], [130.7748, 33.6014], [130.7757, 33.6028], [130.7748, 33.6039], [130.775, 33.6045], [130.7747, 33.6049], [130.7749, 33.6059], [130.7759, 33.6066], [130.776, 33.607], [130.7753, 33.6095], [130.7743, 33.6095], [130.7737, 33.6103], [130.7725, 33.6104], [130.771, 33.6123], [130.7699, 33.6124], [130.7668, 33.6113], [130.7657, 33.6114], [130.7641, 33.6123], [130.7635, 33.614], [130.7628, 33.6144], [130.7618, 33.6159], [130.7618, 33.6171], [130.7613, 33.6181], [130.7598, 33.6184], [130.7594, 33.6188], [130.7596, 33.6213], [130.7589, 33.6223], [130.7575, 33.6227], [130.7574, 33.6239], [130.756, 33.6255], [130.755, 33.6282], [130.7535, 33.6297], [130.7509, 33.6311], [130.7506, 33.6325], [130.7517, 33.6362], [130.7508, 33.6362], [130.7496, 33.6381], [130.748, 33.6393], [130.7478, 33.6402], [130.7492, 33.6409], [130.7498, 33.6416], [130.7499, 33.6421], [130.7512, 33.643], [130.7518, 33.644], [130.7517, 33.6462], [130.7528, 33.6491], [130.7535, 33.6491], [130.7539, 33.6502], [130.7551, 33.6504], [130.7555, 33.65], [130.7572, 33.6503], [130.7579, 33.6513], [130.7592, 33.6517], [130.7608, 33.6542], [130.76, 33.6546], [130.7595, 33.656], [130.7582, 33.6571], [130.759, 33.6583], [130.7583, 33.6591], [130.7583, 33.6597], [130.7578, 33.6601], [130.7583, 33.6607], [130.7577, 33.6623], [130.7571, 33.6628], [130.7564, 33.664], [130.7543, 33.6653], [130.7534, 33.6666], [130.7538, 33.6676], [130.7529, 33.67], [130.7532, 33.6726], [130.7525, 33.6726], [130.7524, 33.673], [130.7513, 33.6738], [130.7514, 33.675], [130.7521, 33.6756], [130.7523, 33.6772], [130.753, 33.6776], [130.752, 33.679], [130.7519, 33.6809], [130.7551, 33.6844], [130.754, 33.6864], [130.7541, 33.6884], [130.7532, 33.6885], [130.7516, 33.6896], [130.7521, 33.6907], [130.7514, 33.6911], [130.751, 33.6919], [130.7513, 33.6923], [130.7497, 33.6935], [130.7501, 33.6943], [130.7496, 33.6946], [130.7497, 33.6952], [130.7491, 33.6961], [130.7482, 33.6962], [130.7479, 33.6967], [130.7479, 33.7002], [130.7472, 33.6995], [130.7464, 33.6995], [130.7458, 33.7007], [130.7445, 33.7007], [130.7439, 33.7019], [130.7433, 33.7009], [130.7414, 33.7007], [130.74, 33.7], [130.739, 33.6998], [130.7368, 33.7011], [130.7365, 33.7031], [130.7353, 33.7034], [130.7344, 33.7043], [130.7336, 33.7042], [130.7335, 33.7046], [130.7329, 33.7046], [130.7324, 33.7037], [130.7298, 33.7034], [130.7288, 33.7069], [130.7284, 33.7071], [130.7272, 33.7066]]]}, "properties": {"name": "福岡県飯塚市"}}, {"type": "Feature", "geometry": {"type": "Polygon", "coordinates": [[[130.7617, 33.5863], [130.7623, 33.5862], [130.7632, 33.5852], [130.7642, 33.5823], [130.767, 33.5798], [130.77, 33.5791], [130.7718, 33.5762], [130.7729, 33.5763], [130.7739, 33.5779], [130.7748, 33.5776], [130.7752, 33.5748], [130.7772, 33.574], [130.7746, 33.5719], [130.7725, 33.5716], [130.7723, 33.5713], [130.7748, 33.5716], [130.7757, 33.5708], [130.7785, 33.5702], [130.779, 33.5695], [130.779, 33.5678], [130.7794, 33.5673], [130.781, 33.5682], [130.7831, 33.5681], [130.7845, 33.5686], [130.7851, 33.5684], [130.7855, 33.569], [130.7889, 33.5706], [130.7896, 33.573], [130.7906, 33.573], [130.7927, 33.5738], [130.7935, 33.5753], [130.7929, 33.576], [130.7931, 33.5767], [130.7928, 33.577], [130.7929, 33.5779], [130.7925, 33.5785], [130.7965, 33.5805], [130.798, 33.5825], [130.798, 33.5844], [130.7973, 33.5861], [130.798, 33.587], [130.7974, 33.5878], [130.7973, 33.5886], [130.7979, 33.5902], [130.7986, 33.5907], [130.7986, 33.5926], [130.7993, 33.5933], [130.7996, 33.5952], [130.7994, 33.5966], [130.7987, 33.5978], [130.7972, 33.5978], [130.7962, 33.5992], [130.7978, 33.6015], [130.7978, 33.6039], [130.7987, 33.6042], [130.7988, 33.6056], [130.7992, 33.6061], [130.7996, 33.6062], [130.7992, 33.6078], [130.7996, 33.6079], [130.7994, 33.6102], [130.8015, 33.6117], [130.8017, 33.6123], [130.7941, 33.6165], [130.7935, 33.6179], [130.7949, 33.6232], [130.7955, 33.6233], [130.7973, 33.6243], [130.7977, 33.6235], [130.799, 33.6241], [130.8006, 33.6226], [130.8015, 33.623], [130.8016, 33.6216], [130.8053, 33.622], [130.806, 33.6215], [130.8075, 33.6216], [130.8073, 33.6211], [130.8087, 33.6209], [130.8084, 33.6205], [130.8096, 33.6194], [130.8108, 33.6197], [130.8114, 33.6194], [130.8129, 33.6178], [130.8131, 33.617], [130.815, 33.6169], [130.8159, 33.6165], [130.8167, 33.6171], [130.8174, 33.617], [130.8182, 33.6162], [130.819, 33.616], [130.8194, 33.6152], [130.8206, 33.6153], [130.8209, 33.6147], [130.8205, 33.6139], [130.8217, 33.6141], [130.8232, 33.6115], [130.8232, 33.6105], [130.824, 33.6098], [130.8258, 33.6099], [130.8261, 33.6105], [130.8289, 33.6101], [130.8304, 33.6095], [130.8317, 33.6085], [130.8315, 33.6068], [130.8322, 33.6054], [130.8338, 33.6065], [130.8341, 33.6073], [130.8351, 33.6075], [130.8367, 33.6083], [130.8369, 33.6089], [130.8384, 33.61], [130.8395, 33.6104], [130.84, 33.6127], [130.8407, 33.6131], [130.8409, 33.6138], [130.8414, 33.6139], [130.8411, 33.6146], [130.8428, 33.6154], [130.8426, 33.6162], [130.8459, 33.6175], [130.8429, 33.6237], [130.8419, 33.626], [130.8422, 33.6261], [130.8398, 33.6282], [130.839, 33.6298], [130.837, 33.6314], [130.8356, 33.6347], [130.8363, 33.6363], [130.8375, 33.6362], [130.8375, 33.6377], [130.8394, 33.6381], [130.8393, 33.6387], [130.8424, 33.6386], [130.8429, 33.6392], [130.8433, 33.6401], [130.842, 33.641], [130.842, 33.6419], [130.8426, 33.6428], [130.8421, 33.6429], [130.8423, 33.6433], [130.8433, 33.6447], [130.8419, 33.6449], [130.8387, 33.6462], [130.8375, 33.6474], [130.8367, 33.6474], [130.8362, 33.6486], [130.8351, 33.6487], [130.8339, 33.6497], [130.8339, 33.6503], [130.833, 33.6504], [130.8325, 33.6511], [130.8327, 33.6515], [130.832, 33.6519], [130.8311, 33.651], [130.831, 33.6514], [130.8316, 33.6525], [130.8307, 33.6534], [130.8298, 33.6516], [130.8283, 33.6507], [130.828, 33.6508], [130.8285, 33.6512], [130.8279, 33.6514], [130.8282, 33.6524], [130.8288, 33.6524], [130.8296, 33.653], [130.8292, 33.6542], [130.8281, 33.6543], [130.8281, 33.6558], [130.8292, 33.6573], [130.83, 33.6576], [130.8311, 33.6573], [130.8328, 33.6561], [130.835, 33.6564], [130.8369, 33.6581], [130.8369, 33.6603], [130.8341, 33.6603], [130.8301, 33.6609], [130.8289, 33.6616], [130.8276, 33.6634], [130.8262, 33.6635], [130.8246, 33.6644], [130.8248, 33.6668], [130.8254, 33.6684], [130.8242, 33.6696], [130.8242, 33.6709], [130.8249, 33.6724], [130.8248, 33.6733], [130.8264, 33.6756], [130.8268, 33.6768], [130.8265, 33.6786], [130.8272, 33.6791], [130.8268, 33.6801], [130.8277, 33.6816], [130.8274, 33.6845], [130.8266, 33.6859], [130.8271, 33.6871], [130.8257, 33.6884], [130.8263, 33.6912], [130.8276, 33.6917], [130.8287, 33.6946], [130.8277, 33.6968], [130.8257, 33.6958], [130.8229, 33.6962], [130.8217, 33.6959], [130.819, 33.6942], [130.8166, 33.6945], [130.8143, 33.6941], [130.8129, 33.6947], [130.8118, 33.6948], [130.8105, 33.6935], [130.8087, 33.6893], [130.8082, 33.69], [130.8061, 33.6904], [130.8064, 33.6894], [130.8059, 33.6882], [130.8067, 33.6856], [130.8065, 33.6848], [130.8068, 33.6831], [130.803, 33.6795], [130.8041, 33.6788], [130.8039, 33.6781], [130.8052, 33.675], [130.8056, 33.6752], [130.8072, 33.6735], [130.8076, 33.6715], [130.8058, 33.671], [130.8058, 33.6704], [130.8028, 33.6699], [130.8024, 33.6707], [130.8028, 33.6709], [130.8015, 33.6709], [130.7971, 33.6698], [130.7942, 33.6728], [130.7928, 33.6713], [130.7927, 33.6704], [130.7931, 33.67], [130.7926, 33.6693], [130.7928, 33.6676], [130.7925, 33.667], [130.7903, 33.6663], [130.7881, 33.666], [130.7873, 33.666], [130.7865, 33.6645], [130.7871, 33.664], [130.787, 33.663], [130.7873, 33.6623], [130.788, 33.6626], [130.7883, 33.6621], [130.7903, 33.6616], [130.7903, 33.6601], [130.7915, 33.66], [130.7921, 33.6588], [130.7922, 33.6583], [130.7915, 33.658], [130.793, 33.6563], [130.7922, 33.6559], [130.793, 33.6551], [130.793, 33.6542], [130.7937, 33.6536], [130.7935, 33.6507], [130.7926, 33.6507], [130.7919, 33.6513], [130.7913, 33.651], [130.7906, 33.6516], [130.7896, 33.6515], [130.7894, 33.651], [130.7886, 33.651], [130.7887, 33.6493], [130.7859, 33.6489], [130.7843, 33.6479], [130.7816, 33.6474], [130.7722, 33.6443], [130.7692, 33.643], [130.7654, 33.6424], [130.7652, 33.6415], [130.7643, 33.6414], [130.764, 33.6409], [130.7591, 33.6394], [130.755, 33.6401], [130.7534, 33.6401], [130.7498, 33.6416], [130.7492, 33.6409], [130.7478, 33.6402], [130.748, 33.6393], [130.7496, 33.6381], [130.7508, 33.6362], [130.7517, 33.6362], [130.7506, 33.6325], [130.7509, 33.6311], [130.7535, 33.6297], [130.755, 33.6282], [130.756, 33.6255], [130.7574, 33.6239], [130.7575, 33.6227], [130.7589, 33.6223], [130.7596, 33.6213], [130.7594, 33.6188], [130.7598, 33.6184], [130.7613, 33.6181], [130.7618, 33.6171], [130.7618, 33.6159], [130.7628, 33.6144], [130.7635, 33.614], [130.7641, 33.6123], [130.7657, 33.6114], [130.7668, 33.6113], [130.7699, 33.6124], [130.771, 33.6123], [130.7725, 33.6104], [130.7737, 33.6103], [130.7743, 33.6095], [130.7753, 33.6095], [130.776, 33.607], [130.7759, 33.6066], [130.7749, 33.6059], [130.7747, 33.6049], [130.775, 33.6045], [130.7748, 33.6039], [130.7757, 33.6028], [130.7748, 33.6014], [130.7754, 33.6007], [130.7732, 33.599], [130.7722, 33.5989], [130.7727, 33.5975], [130.7742, 33.596], [130.7743, 33.5955], [130.7703, 33.5943], [130.7687, 33.5918], [130.7683, 33.5923], [130.7658, 33.5917], [130.765, 33.5918], [130.7649, 33.5909], [130.7631, 33.5894], [130.7627, 33.5883], [130.7617, 33.5878], [130.762, 33.5871], [130.7617, 33.5863]]]}, "properties": {"name": "福岡県田川市"}}, {"type": "Feature", "geometry": {"type": "Polygon", "coordinates": [[[130.3875, 33.1809], [130.3881, 33.183], [130.3851, 33.1837], [130.3807, 33.1857], [130.3799, 33.1842], [130.3791, 33.1844], [130.3788, 33.1836], [130.378, 33.1839], [130.3774, 33.183], [130.377, 33.1834], [130.3775, 33.1844], [130.3767, 33.185], [130.3773, 33.1857], [130.378, 33.1854], [130.3782, 33.1858], [130.3778, 33.1861], [130.3784, 33.1868], [130.3776, 33.1873], [130.378, 33.1876], [130.377, 33.1883], [130.374, 33.1853], [130.372, 33.1865], [130.3715, 33.1853], [130.3706, 33.1853], [130.3687, 33.183], [130.3683, 33.1798], [130.3678, 33.1789], [130.3659, 33.1778], [130.3667, 33.177], [130.367, 33.1748], [130.3675, 33.1742], [130.3623, 33.1709], [130.3617, 33.1716], [130.3608, 33.171], [130.3593, 33.1727], [130.3563, 33.171], [130.3555, 33.1709], [130.3557, 33.1696], [130.3576, 33.1663], [130.3576, 33.1627], [130.3588, 33.161], [130.3608, 33.1558], [130.3628, 33.1455], [130.3658, 33.1397], [130.3663, 33.1393], [130.3673, 33.1393], [130.3693, 33.1379], [130.3747, 33.1407], [130.3737, 33.1354], [130.3753, 33.134], [130.375, 33.1332], [130.3753, 33.1311], [130.377, 33.1282], [130.3728, 33.1229], [130.3724, 33.1217], [130.3728, 33.1205], [130.3737, 33.1197], [130.3883, 33.1116], [130.3954, 33.1087], [130.3976, 33.1081], [130.3964, 33.1065], [130.3873, 33.0975], [130.3871, 33.0967], [130.3886, 33.0944], [130.4084, 33.0875], [130.4121, 33.0874], [130.4198, 33.093], [130.4228, 33.0971], [130.4249, 33.1004], [130.4296, 33.1057], [130.431, 33.1078], [130.433, 33.112], [130.4357, 33.1151], [130.4361, 33.1177], [130.4369, 33.1192], [130.443, 33.1233], [130.4439, 33.1268], [130.4462, 33.1297], [130.4465, 33.1318], [130.4477, 33.1341], [130.4495, 33.1356], [130.4529, 33.1375], [130.454, 33.1389], [130.454, 33.1406], [130.4519, 33.1438], [130.4519, 33.1456], [130.4524, 33.1465], [130.454, 33.1474], [130.458, 33.1469], [130.46, 33.1473], [130.4606, 33.1479], [130.4613, 33.1526], [130.4622, 33.1549], [130.4603, 33.1568], [130.4613, 33.1575], [130.4609, 33.1588], [130.4589, 33.1592], [130.4567, 33.1605], [130.453, 33.1617], [130.4534, 33.1619], [130.4534, 33.1631], [130.4539, 33.1631], [130.4539, 33.164], [130.4588, 33.164], [130.4589, 33.1678], [130.4651, 33.1678], [130.4651, 33.167], [130.4676, 33.167], [130.4676, 33.1667], [130.4682, 33.1666], [130.4687, 33.1676], [130.4693, 33.1676], [130.469, 33.167], [130.4693, 33.1656], [130.469, 33.165], [130.4695, 33.1649], [130.4694, 33.1646], [130.4702, 33.1648], [130.4701, 33.1666], [130.4708, 33.1673], [130.4721, 33.1676], [130.4727, 33.1677], [130.4729, 33.1674], [130.4734, 33.1655], [130.4747, 33.1657], [130.4746, 33.1666], [130.4751, 33.1671], [130.4743, 33.1679], [130.4757, 33.1692], [130.4759, 33.1704], [130.4764, 33.1706], [130.4762, 33.1711], [130.4747, 33.171], [130.4736, 33.1713], [130.4705, 33.1715], [130.4675, 33.1713], [130.4649, 33.1717], [130.465, 33.172], [130.4644, 33.1721], [130.4646, 33.1735], [130.4514, 33.174], [130.4514, 33.175], [130.4524, 33.175], [130.4522, 33.1757], [130.4527, 33.1757], [130.4529, 33.1761], [130.4537, 33.1759], [130.4544, 33.1762], [130.455, 33.1759], [130.4552, 33.1762], [130.4556, 33.1762], [130.4561, 33.1755], [130.4563, 33.1765], [130.4569, 33.1766], [130.4569, 33.1761], [130.4574, 33.176], [130.4577, 33.1765], [130.4584, 33.1765], [130.4582, 33.1775], [130.46, 33.1778], [130.4598, 33.1792], [130.4607, 33.1797], [130.4602, 33.1802], [130.4589, 33.1801], [130.4583, 33.1807], [130.4586, 33.1809], [130.4582, 33.1811], [130.4587, 33.1823], [130.4578, 33.1837], [130.457, 33.1859], [130.4528, 33.1865], [130.4456, 33.1852], [130.4456, 33.1845], [130.4443, 33.1845], [130.4443, 33.184], [130.4422, 33.1838], [130.4416, 33.1833], [130.4353, 33.1811], [130.4356, 33.1832], [130.4343, 33.1831], [130.4347, 33.1868], [130.4323, 33.1867], [130.4322, 33.1912], [130.4305, 33.1946], [130.4283, 33.1943], [130.4281, 33.1967], [130.4206, 33.1946], [130.4162, 33.1937], [130.4102, 33.1942], [130.4, 33.1942], [130.3989, 33.1934], [130.4016, 33.1928], [130.3975, 33.1889], [130.3986, 33.1881], [130.3963, 33.185], [130.3967, 33.1846], [130.3942, 33.1822], [130.3928, 33.1821], [130.3935, 33.1811], [130.3921, 33.1791], [130.3875, 33.1809]]]}, "properties": {"name": "福岡県柳川市"}}, {"type": "Feature", "geometry": {"type": "Polygon", "coordinates": [[[130.6167, 33.2862], [130.6183, 33.2853], [130.6194, 33.284], [130.6186, 33.2809], [130.6168, 33.2796], [130.6165, 33.279], [130.617, 33.2753], [130.6176, 33.275], [130.6181, 33.2735], [130.6174, 33.2712], [130.6182, 33.2698], [130.6181, 33.2691], [130.6189, 33.2691], [130.6195, 33.2682], [130.6207, 33.2677], [130.6195, 33.2674], [130.6193, 33.267], [130.6195, 33.2663], [130.6202, 33.2656], [130.6175, 33.2662], [130.6164, 33.2655], [130.6163, 33.265], [130.6165, 33.2646], [130.6205, 33.2628], [130.6199, 33.2618], [130.62, 33.2611], [130.6192, 33.2602], [130.6196, 33.2579], [130.6205, 33.2577], [130.6239, 33.2536], [130.6247, 33.2531], [130.6254, 33.2532], [130.6278, 33.2503], [130.6272, 33.2492], [130.6273, 33.2484], [130.6288, 33.2462], [130.6299, 33.2457], [130.6302, 33.2437], [130.6308, 33.2432], [130.6307, 33.2424], [130.6302, 33.242], [130.6307, 33.2401], [130.6299, 33.2392], [130.6299, 33.2378], [130.6274, 33.2369], [130.6262, 33.2374], [130.6258, 33.2367], [130.6252, 33.2369], [130.6223, 33.236], [130.6203, 33.2363], [130.6193, 33.2374], [130.6175, 33.2369], [130.6151, 33.2371], [130.6138, 33.2368], [130.6127, 33.2373], [130.6113, 33.2367], [130.6104, 33.2371], [130.6097, 33.2369], [130.608, 33.2371], [130.6071, 33.2378], [130.6071, 33.2384], [130.6059, 33.2385], [130.6053, 33.2417], [130.6046, 33.2431], [130.6036, 33.2442], [130.5986, 33.245], [130.5974, 33.2439], [130.5959, 33.2439], [130.5952, 33.2436], [130.5949, 33.2419], [130.5939, 33.2412], [130.5925, 33.2406], [130.5905, 33.2409], [130.5891, 33.2394], [130.5873, 33.239], [130.5865, 33.2379], [130.5847, 33.2373], [130.5842, 33.2376], [130.5829, 33.2376], [130.5811, 33.2365], [130.5806, 33.2365], [130.5776, 33.235], [130.577, 33.2352], [130.5754, 33.2347], [130.5747, 33.235], [130.5731, 33.2348], [130.5725, 33.2353], [130.5713, 33.2346], [130.5685, 33.2344], [130.5687, 33.234], [130.5675, 33.2334], [130.5666, 33.2337], [130.5599, 33.2321], [130.5587, 33.2323], [130.5553, 33.2319], [130.5513, 33.2326], [130.5508, 33.2306], [130.5471, 33.2307], [130.5472, 33.2299], [130.5413, 33.2317], [130.5357, 33.2341], [130.5345, 33.2343], [130.5306, 33.2344], [130.5305, 33.234], [130.5296, 33.2337], [130.5289, 33.2317], [130.5268, 33.2312], [130.5266, 33.2315], [130.5269, 33.2322], [130.525, 33.2329], [130.525, 33.234], [130.5252, 33.2343], [130.5271, 33.2346], [130.5271, 33.2348], [130.5258, 33.2347], [130.5247, 33.235], [130.5242, 33.2341], [130.5245, 33.2329], [130.5229, 33.233], [130.5222, 33.2322], [130.5212, 33.2319], [130.5208, 33.2325], [130.5203, 33.2325], [130.52, 33.2318], [130.5185, 33.2315], [130.5189, 33.231], [130.518, 33.2302], [130.5184, 33.2301], [130.5194, 33.2308], [130.5196, 33.2306], [130.5208, 33.2309], [130.524, 33.2307], [130.5254, 33.2312], [130.5265, 33.2311], [130.5276, 33.2313], [130.5278, 33.2307], [130.5269, 33.2303], [130.524, 33.2301], [130.5242, 33.2294], [130.5249, 33.2294], [130.5239, 33.2292], [130.523, 33.2275], [130.5211, 33.2266], [130.5208, 33.2268], [130.5197, 33.2264], [130.5233, 33.2255], [130.5251, 33.2259], [130.5252, 33.2264], [130.5255, 33.226], [130.5262, 33.2262], [130.5256, 33.2243], [130.5222, 33.2239], [130.522, 33.2233], [130.521, 33.2228], [130.522, 33.2216], [130.5213, 33.2211], [130.5238, 33.2183], [130.5245, 33.2184], [130.5247, 33.2176], [130.5233, 33.2176], [130.5237, 33.2163], [130.5233, 33.2162], [130.5227, 33.2168], [130.522, 33.2167], [130.5216, 33.2157], [130.52, 33.2164], [130.5203, 33.2143], [130.5192, 33.2146], [130.5192, 33.214], [130.5187, 33.2137], [130.5202, 33.2135], [130.5199, 33.2129], [130.5204, 33.2126], [130.5207, 33.2089], [130.5223, 33.2085], [130.5223, 33.2074], [130.5214, 33.2066], [130.5218, 33.206], [130.5216, 33.2056], [130.5207, 33.2053], [130.5197, 33.2034], [130.5183, 33.2029], [130.517, 33.2019], [130.5174, 33.2015], [130.5183, 33.2017], [130.5183, 33.201], [130.5192, 33.2006], [130.5219, 33.2001], [130.5227, 33.1994], [130.5217, 33.1994], [130.5216, 33.1991], [130.5229, 33.1989], [130.5259, 33.1994], [130.5262, 33.1999], [130.5277, 33.2006], [130.5289, 33.1997], [130.5306, 33.201], [130.5307, 33.2007], [130.5312, 33.2006], [130.5307, 33.2003], [130.5322, 33.2002], [130.5321, 33.1986], [130.5312, 33.1987], [130.5312, 33.1979], [130.527, 33.1982], [130.5258, 33.1963], [130.5255, 33.1945], [130.5262, 33.1916], [130.5277, 33.1904], [130.5274, 33.1898], [130.5294, 33.1891], [130.5294, 33.1887], [130.5315, 33.1887], [130.5329, 33.1879], [130.5324, 33.1873], [130.5345, 33.1843], [130.5387, 33.1848], [130.5417, 33.1846], [130.5441, 33.1834], [130.546, 33.1819], [130.5427, 33.1799], [130.5425, 33.1794], [130.5426, 33.1789], [130.5416, 33.176], [130.5418, 33.1741], [130.5408, 33.1707], [130.54, 33.1699], [130.5401, 33.1689], [130.5412, 33.1678], [130.5412, 33.1674], [130.5404, 33.1661], [130.5405, 33.1655], [130.5393, 33.165], [130.5393, 33.1635], [130.5383, 33.1618], [130.5389, 33.1609], [130.5389, 33.159], [130.5415, 33.1556], [130.5419, 33.1555], [130.5433, 33.1568], [130.5452, 33.1572], [130.5469, 33.1581], [130.5508, 33.1579], [130.5528, 33.1559], [130.5515, 33.153], [130.5515, 33.1486], [130.5506, 33.1479], [130.5498, 33.1448], [130.5501, 33.1436], [130.5512, 33.1428], [130.5515, 33.1419], [130.5528, 33.1409], [130.5532, 33.1398], [130.5539, 33.1389], [130.5539, 33.137], [130.5529, 33.1363], [130.553, 33.1347], [130.5522, 33.134], [130.5521, 33.1333], [130.5527, 33.1307], [130.5518, 33.1293], [130.5526, 33.1266], [130.5522, 33.1256], [130.554, 33.1223], [130.557, 33.1204], [130.5578, 33.1184], [130.5574, 33.1146], [130.5577, 33.1129], [130.5565, 33.1115], [130.5574, 33.1092], [130.5562, 33.1076], [130.5564, 33.1069], [130.5568, 33.1062], [130.5577, 33.1063], [130.5602, 33.1047], [130.5619, 33.1043], [130.5654, 33.1053], [130.5661, 33.1061], [130.5682, 33.1058], [130.5705, 33.1067], [130.571, 33.1072], [130.5707, 33.1087], [130.5728, 33.1106], [130.573, 33.1117], [130.5765, 33.1135], [130.5767, 33.1149], [130.5787, 33.115], [130.5803, 33.116], [130.5827, 33.1148], [130.5847, 33.1152], [130.5854, 33.1159], [130.5872, 33.1157], [130.589, 33.1153], [130.5901, 33.1139], [130.5938, 33.1139], [130.5949, 33.1134], [130.5966, 33.1142], [130.6027, 33.1147], [130.6032, 33.1136], [130.6056, 33.1122], [130.6072, 33.1103], [130.6088, 33.1101], [130.6102, 33.1093], [130.6122, 33.1093], [130.6142, 33.1086], [130.6168, 33.1092], [130.6184, 33.1101], [130.6191, 33.111], [130.6244, 33.111], [130.6279, 33.1121], [130.6296, 33.1116], [130.6318, 33.1134], [130.6337, 33.1132], [130.6353, 33.1116], [130.6371, 33.1116], [130.6376, 33.1129], [130.6397, 33.1137], [130.6404, 33.1129], [130.6415, 33.1124], [130.6458, 33.1125], [130.6455, 33.1108], [130.6466, 33.1099], [130.646, 33.1087], [130.6468, 33.1084], [130.6485, 33.1084], [130.6499, 33.109], [130.6506, 33.1104], [130.6536, 33.1099], [130.656, 33.1085], [130.6576, 33.1086], [130.66, 33.1096], [130.6581, 33.1115], [130.6573, 33.1116], [130.6565, 33.1122], [130.6548, 33.1122], [130.6545, 33.1143], [130.6551, 33.1157], [130.6571, 33.1153], [130.6594, 33.1153], [130.6594, 33.1165], [130.6603, 33.1178], [130.6596, 33.121], [130.6605, 33.1229], [130.66, 33.1248], [130.6616, 33.1268], [130.6615, 33.1296], [130.6617, 33.1302], [130.6624, 33.1301], [130.6626, 33.1313], [130.6623, 33.1319], [130.6631, 33.1345], [130.6653, 33.1363], [130.6676, 33.1368], [130.6688, 33.1387], [130.6679, 33.1414], [130.6662, 33.1437], [130.6662, 33.145], [130.6672, 33.1462], [130.6661, 33.1506], [130.6663, 33.155], [130.6674, 33.157], [130.6691, 33.1571], [130.6724, 33.1592], [130.6732, 33.1613], [130.6742, 33.162], [130.6769, 33.1629], [130.6785, 33.1639], [130.679, 33.1667], [130.6781, 33.167], [130.6779, 33.1675], [130.6788, 33.1687], [130.6794, 33.1707], [130.6802, 33.1714], [130.6836, 33.1696], [130.6852, 33.1691], [130.6856, 33.1684], [130.687, 33.1675], [130.6871, 33.1665], [130.6888, 33.1646], [130.6894, 33.1642], [130.6908, 33.1641], [130.691, 33.1625], [130.6921, 33.1618], [130.6931, 33.1599], [130.692, 33.1585], [130.6919, 33.157], [130.6911, 33.1549], [130.6914, 33.1542], [130.6911, 33.1521], [130.693, 33.151], [130.6934, 33.151], [130.6948, 33.1531], [130.6962, 33.1527], [130.6967, 33.1534], [130.6976, 33.1536], [130.6989, 33.1532], [130.7, 33.1532], [130.701, 33.1525], [130.7024, 33.1535], [130.7041, 33.1517], [130.7066, 33.1517], [130.7075, 33.1512], [130.7081, 33.1522], [130.7092, 33.1517], [130.711, 33.1537], [130.7112, 33.1549], [130.7121, 33.1553], [130.7161, 33.1546], [130.7181, 33.1534], [130.7187, 33.1524], [130.7204, 33.1529], [130.7221, 33.1518], [130.7264, 33.153], [130.7275, 33.1542], [130.73, 33.1546], [130.731, 33.1546], [130.7315, 33.1543], [130.7325, 33.1545], [130.7345, 33.1535], [130.7344, 33.1521], [130.7355, 33.1514], [130.7357, 33.1503], [130.7362, 33.1502], [130.7371, 33.149], [130.7376, 33.1476], [130.7373, 33.1459], [130.7385, 33.1456], [130.7396, 33.1447], [130.7408, 33.1447], [130.7422, 33.1431], [130.7439, 33.1434], [130.7457, 33.1429], [130.7476, 33.1408], [130.7493, 33.14], [130.7498, 33.139], [130.7519, 33.1386], [130.7539, 33.1377], [130.7543, 33.1368], [130.754, 33.136], [130.7545, 33.1354], [130.755, 33.1338], [130.7583, 33.1318], [130.7617, 33.1317], [130.7621, 33.1318], [130.7627, 33.1331], [130.7632, 33.133], [130.7641, 33.1321], [130.7638, 33.131], [130.7652, 33.1287], [130.7662, 33.1287], [130.7683, 33.1277], [130.7687, 33.1265], [130.7695, 33.1262], [130.7706, 33.1244], [130.7743, 33.125], [130.7767, 33.124], [130.7775, 33.123], [130.7784, 33.1236], [130.7792, 33.1236], [130.7797, 33.1242], [130.7807, 33.1241], [130.7813, 33.1246], [130.7838, 33.1245], [130.7863, 33.1231], [130.7869, 33.1236], [130.7894, 33.1241], [130.7915, 33.1238], [130.7927, 33.1235], [130.7929, 33.1225], [130.7941, 33.1217], [130.7955, 33.1218], [130.7969, 33.1205], [130.7992, 33.1207], [130.8003, 33.1194], [130.8038, 33.1178], [130.8041, 33.1173], [130.8057, 33.117], [130.8071, 33.116], [130.8119, 33.1166], [130.8138, 33.1148], [130.8162, 33.1139], [130.8184, 33.1145], [130.8187, 33.1134], [130.8214, 33.1106], [130.8214, 33.1088], [130.8204, 33.1077], [130.8203, 33.1066], [130.8225, 33.106], [130.8249, 33.1056], [130.8264, 33.1063], [130.8293, 33.1064], [130.8309, 33.105], [130.8322, 33.1055], [130.8333, 33.1051], [130.8349, 33.1054], [130.8363, 33.1052], [130.8368, 33.105], [130.8374, 33.1039], [130.838, 33.1039], [130.8397, 33.1041], [130.8402, 33.1048], [130.8423, 33.1052], [130.8434, 33.1065], [130.844, 33.1067], [130.8446, 33.1077], [130.8488, 33.1077], [130.8533, 33.1091], [130.8538, 33.1109], [130.8557, 33.1133], [130.8576, 33.1138], [130.8585, 33.1153], [130.8615, 33.1176], [130.8606, 33.1201], [130.8595, 33.1215], [130.861, 33.1225], [130.8629, 33.1226], [130.8632, 33.1234], [130.8642, 33.1238], [130.8649, 33.1256], [130.8661, 33.1268], [130.8668, 33.1302], [130.8675, 33.131], [130.867, 33.1337], [130.8686, 33.1355], [130.8689, 33.1365], [130.8685, 33.1376], [130.8702, 33.1413], [130.8709, 33.1419], [130.8704, 33.1446], [130.8708, 33.146], [130.8706, 33.1465], [130.8711, 33.1467], [130.8712, 33.1473], [130.8726, 33.148], [130.8735, 33.1493], [130.8744, 33.1487], [130.8756, 33.1493], [130.8769, 33.1508], [130.8777, 33.1507], [130.8781, 33.1516], [130.8793, 33.1524], [130.8795, 33.1535], [130.8788, 33.1546], [130.8792, 33.1556], [130.879, 33.1566], [130.8769, 33.1595], [130.8774, 33.1607], [130.8771, 33.1615], [130.8771, 33.1626], [130.8765, 33.1636], [130.8767, 33.1645], [130.8755, 33.1655], [130.8753, 33.1662], [130.8736, 33.1677], [130.8736, 33.1682], [130.8741, 33.1689], [130.8757, 33.1698], [130.8758, 33.1708], [130.8769, 33.1717], [130.8779, 33.172], [130.8783, 33.1729], [130.878, 33.1745], [130.8818, 33.1748], [130.8838, 33.1759], [130.8858, 33.1761], [130.8856, 33.1779], [130.8867, 33.1805], [130.8869, 33.1819], [130.8864, 33.1849], [130.8876, 33.1867], [130.8858, 33.1869], [130.8847, 33.1875], [130.8831, 33.1871], [130.8781, 33.1889], [130.8751, 33.1892], [130.8729, 33.1914], [130.871, 33.1919], [130.8699, 33.1936], [130.8692, 33.194], [130.8669, 33.1941], [130.8637, 33.1932], [130.8626, 33.1945], [130.8582, 33.1984], [130.856, 33.1986], [130.8541, 33.2001], [130.8524, 33.2006], [130.8511, 33.2017], [130.8475, 33.2031], [130.8471, 33.2041], [130.8453, 33.205], [130.8431, 33.2079], [130.8423, 33.2084], [130.8406, 33.2088], [130.8399, 33.2099], [130.8385, 33.21], [130.8363, 33.2108], [130.8364, 33.2121], [130.8377, 33.2154], [130.8387, 33.2169], [130.8402, 33.2177], [130.842, 33.2177], [130.8424, 33.2185], [130.8445, 33.2193], [130.8443, 33.2204], [130.845, 33.2211], [130.8449, 33.2228], [130.8479, 33.2238], [130.8484, 33.2231], [130.8492, 33.2231], [130.8508, 33.2237], [130.8515, 33.2246], [130.8536, 33.2254], [130.8547, 33.2266], [130.8566, 33.2263], [130.8579, 33.2257], [130.8585, 33.2263], [130.8585, 33.2276], [130.8598, 33.229], [130.8592, 33.2299], [130.8568, 33.231], [130.8548, 33.2312], [130.8535, 33.2321], [130.8485, 33.2326], [130.8474, 33.2332], [130.8442, 33.2334], [130.8427, 33.2331], [130.8407, 33.2335], [130.8371, 33.2336], [130.836, 33.234], [130.8355, 33.2335], [130.8335, 33.2343], [130.8311, 33.2338], [130.83, 33.2348], [130.8294, 33.2349], [130.8278, 33.2361], [130.8262, 33.2368], [130.8261, 33.2396], [130.8251, 33.2407], [130.8262, 33.2418], [130.8261, 33.2438], [130.8274, 33.2452], [130.8257, 33.248], [130.8245, 33.2511], [130.825, 33.2526], [130.8244, 33.2535], [130.8226, 33.254], [130.8211, 33.2556], [130.8204, 33.2572], [130.8194, 33.2579], [130.8169, 33.2577], [130.8161, 33.2566], [130.8149, 33.2566], [130.8144, 33.2567], [130.8137, 33.2578], [130.8127, 33.258], [130.8093, 33.2605], [130.8077, 33.2611], [130.8054, 33.2614], [130.8039, 33.2628], [130.8014, 33.2632], [130.8001, 33.2637], [130.7931, 33.2637], [130.7915, 33.2663], [130.7925, 33.2694], [130.7921, 33.2698], [130.7899, 33.2702], [130.7879, 33.2698], [130.7874, 33.2707], [130.7859, 33.2708], [130.785, 33.2702], [130.7829, 33.2704], [130.7823, 33.269], [130.7813, 33.2686], [130.7771, 33.2727], [130.7759, 33.2756], [130.7726, 33.2757], [130.7721, 33.2764], [130.7722, 33.2774], [130.7702, 33.2787], [130.7699, 33.2793], [130.7648, 33.2823], [130.7629, 33.2823], [130.7623, 33.2833], [130.7594, 33.2829], [130.7582, 33.2821], [130.7561, 33.2814], [130.755, 33.2822], [130.7524, 33.2829], [130.7505, 33.2814], [130.7498, 33.2814], [130.7475, 33.2804], [130.7455, 33.2801], [130.7435, 33.2807], [130.743, 33.2818], [130.7411, 33.2824], [130.7386, 33.2846], [130.7355, 33.2851], [130.7346, 33.2862], [130.7333, 33.2869], [130.7317, 33.2864], [130.7304, 33.2873], [130.7301, 33.2883], [130.73, 33.2908], [130.7307, 33.2924], [130.7275, 33.294], [130.7258, 33.2956], [130.7249, 33.2979], [130.7249, 33.2998], [130.724, 33.3017], [130.7243, 33.3024], [130.7229, 33.303], [130.7218, 33.3029], [130.7198, 33.3035], [130.7185, 33.3034], [130.7165, 33.3042], [130.7137, 33.3042], [130.7123, 33.3052], [130.7103, 33.305], [130.7064, 33.3061], [130.7008, 33.3066], [130.6994, 33.3046], [130.6983, 33.3052], [130.6959, 33.3055], [130.6952, 33.306], [130.6928, 33.306], [130.6918, 33.3055], [130.69, 33.3058], [130.6886, 33.3039], [130.6867, 33.3036], [130.6859, 33.3025], [130.6841, 33.303], [130.6802, 33.3025], [130.6758, 33.3035], [130.6741, 33.3028], [130.6719, 33.3028], [130.6711, 33.3021], [130.6702, 33.3023], [130.6676, 33.3019], [130.6665, 33.3022], [130.6651, 33.3019], [130.6631, 33.3021], [130.6605, 33.3016], [130.6582, 33.3008], [130.657, 33.301], [130.6551, 33.3006], [130.6534, 33.3002], [130.651, 33.2987], [130.6494, 33.2985], [130.6486, 33.298], [130.6481, 33.2983], [130.6476, 33.298], [130.6448, 33.2979], [130.6437, 33.2987], [130.642, 33.2986], [130.6402, 33.299], [130.6389, 33.2986], [130.6376, 33.299], [130.636, 33.2977], [130.6344, 33.2978], [130.6338, 33.297], [130.6313, 33.2963], [130.6314, 33.2958], [130.6305, 33.2942], [130.628, 33.292], [130.6258, 33.2921], [130.625, 33.2928], [130.6225, 33.2927], [130.6218, 33.2918], [130.6211, 33.2915], [130.6206, 33.2906], [130.6193, 33.2905], [130.619, 33.2908], [130.6177, 33.2907], [130.6167, 33.2909], [130.6167, 33.2862]]]}, "properties": {"name": "福岡県八女市"}}, {"type": "Feature", "geometry": {"type": "Polygon", "coordinates": [[[130.4639, 33.2244], [130.4638, 33.2233], [130.4626, 33.2222], [130.4622, 33.2224], [130.4614, 33.2219], [130.4606, 33.2205], [130.461, 33.2203], [130.4604, 33.2193], [130.4582, 33.2068], [130.4515, 33.2049], [130.4528, 33.1976], [130.453, 33.1943], [130.4544, 33.1918], [130.4562, 33.1918], [130.4597, 33.1903], [130.4581, 33.1876], [130.458, 33.1869], [130.457, 33.1859], [130.4578, 33.1837], [130.4587, 33.1823], [130.4582, 33.1811], [130.4586, 33.1809], [130.4583, 33.1807], [130.4589, 33.1801], [130.4602, 33.1802], [130.4607, 33.1797], [130.4598, 33.1792], [130.46, 33.1778], [130.4582, 33.1775], [130.4584, 33.1765], [130.4577, 33.1765], [130.4574, 33.176], [130.4569, 33.1761], [130.4569, 33.1766], [130.4563, 33.1765], [130.4561, 33.1755], [130.4556, 33.1762], [130.4552, 33.1762], [130.455, 33.1759], [130.4544, 33.1762], [130.4537, 33.1759], [130.4529, 33.1761], [130.4527, 33.1757], [130.4522, 33.1757], [130.4524, 33.175], [130.4514, 33.175], [130.4514, 33.174], [130.4646, 33.1735], [130.4644, 33.1721], [130.465, 33.172], [130.4649, 33.1717], [130.4675, 33.1713], [130.4705, 33.1715], [130.4736, 33.1713], [130.4747, 33.171], [130.4762, 33.1711], [130.4769, 33.1722], [130.4766, 33.1726], [130.4769, 33.1743], [130.4767, 33.1753], [130.4771, 33.1831], [130.4861, 33.1828], [130.4862, 33.1837], [130.4856, 33.1837], [130.4863, 33.1844], [130.4866, 33.1841], [130.4862, 33.1838], [130.4862, 33.1829], [130.4876, 33.1829], [130.4876, 33.1818], [130.4888, 33.1816], [130.4891, 33.1801], [130.4901, 33.1784], [130.4843, 33.1755], [130.4858, 33.1752], [130.4869, 33.1746], [130.4881, 33.1728], [130.4933, 33.1732], [130.4947, 33.1727], [130.4965, 33.1733], [130.4978, 33.1743], [130.498, 33.1757], [130.4994, 33.1771], [130.502, 33.1805], [130.5052, 33.1825], [130.5076, 33.1826], [130.513, 33.1813], [130.5192, 33.1822], [130.5259, 33.1815], [130.5312, 33.1835], [130.5345, 33.1843], [130.5324, 33.1873], [130.5329, 33.1879], [130.5315, 33.1887], [130.5294, 33.1887], [130.5294, 33.1891], [130.5274, 33.1898], [130.5277, 33.1904], [130.5262, 33.1916], [130.5255, 33.1945], [130.5258, 33.1963], [130.527, 33.1982], [130.5312, 33.1979], [130.5312, 33.1987], [130.5321, 33.1986], [130.5322, 33.2002], [130.5307, 33.2003], [130.5312, 33.2006], [130.5307, 33.2007], [130.5306, 33.201], [130.5289, 33.1997], [130.5277, 33.2006], [130.5262, 33.1999], [130.5259, 33.1994], [130.5229, 33.1989], [130.5216, 33.1991], [130.5217, 33.1994], [130.5227, 33.1994], [130.5219, 33.2001], [130.5192, 33.2006], [130.5183, 33.201], [130.5183, 33.2017], [130.5174, 33.2015], [130.517, 33.2019], [130.5183, 33.2029], [130.5197, 33.2034], [130.5207, 33.2053], [130.5216, 33.2056], [130.5218, 33.206], [130.5214, 33.2066], [130.5223, 33.2074], [130.5223, 33.2085], [130.5207, 33.2089], [130.5204, 33.2126], [130.5199, 33.2129], [130.5202, 33.2135], [130.5187, 33.2137], [130.5192, 33.214], [130.5192, 33.2146], [130.5203, 33.2143], [130.52, 33.2164], [130.5216, 33.2157], [130.522, 33.2167], [130.5227, 33.2168], [130.5233, 33.2162], [130.5237, 33.2163], [130.5233, 33.2176], [130.5247, 33.2176], [130.5245, 33.2184], [130.5238, 33.2183], [130.5213, 33.2211], [130.522, 33.2216], [130.521, 33.2228], [130.522, 33.2233], [130.5222, 33.2239], [130.5256, 33.2243], [130.5262, 33.2262], [130.5255, 33.226], [130.5252, 33.2264], [130.5251, 33.2259], [130.5233, 33.2255], [130.5197, 33.2264], [130.5208, 33.2268], [130.5211, 33.2266], [130.523, 33.2275], [130.5239, 33.2292], [130.5249, 33.2294], [130.5242, 33.2294], [130.524, 33.2301], [130.5193, 33.2305], [130.5196, 33.2306], [130.5194, 33.2308], [130.5184, 33.2301], [130.518, 33.2302], [130.5189, 33.231], [130.5185, 33.2315], [130.5183, 33.2333], [130.5187, 33.2342], [130.517, 33.2346], [130.5168, 33.2373], [130.5158, 33.2371], [130.5164, 33.2362], [130.5157, 33.2359], [130.5152, 33.2372], [130.5144, 33.2374], [130.5147, 33.238], [130.5164, 33.2374], [130.5158, 33.2382], [130.5166, 33.2389], [130.5158, 33.2394], [130.5152, 33.2386], [130.5149, 33.2386], [130.5152, 33.239], [130.5152, 33.2394], [130.5148, 33.2388], [130.5145, 33.2389], [130.5141, 33.2374], [130.5133, 33.2377], [130.5138, 33.2383], [130.5126, 33.2387], [130.5122, 33.2391], [130.5125, 33.2396], [130.5118, 33.2398], [130.5112, 33.2388], [130.5118, 33.2386], [130.511, 33.2377], [130.5085, 33.2387], [130.51, 33.2421], [130.5117, 33.242], [130.511, 33.2413], [130.5113, 33.2408], [130.5121, 33.2405], [130.5136, 33.2415], [130.514, 33.2411], [130.5144, 33.2415], [130.5141, 33.2422], [130.513, 33.2414], [130.5126, 33.2421], [130.5113, 33.2427], [130.5104, 33.2425], [130.5104, 33.2422], [130.5095, 33.2425], [130.5105, 33.2427], [130.5115, 33.2436], [130.511, 33.2443], [130.5098, 33.2449], [130.51, 33.2455], [130.5109, 33.2456], [130.5105, 33.245], [130.5108, 33.2449], [130.511, 33.2452], [130.512, 33.2442], [130.5123, 33.2446], [130.5115, 33.2455], [130.5115, 33.246], [130.5107, 33.2459], [130.5107, 33.247], [130.5119, 33.2465], [130.5122, 33.2474], [130.513, 33.2472], [130.5128, 33.2468], [130.5136, 33.2466], [130.513, 33.2454], [130.5132, 33.2449], [130.514, 33.246], [130.5144, 33.2459], [130.5147, 33.2464], [130.5142, 33.2468], [130.5143, 33.2471], [130.5147, 33.247], [130.5146, 33.2474], [130.5131, 33.2478], [130.5123, 33.2497], [130.513, 33.251], [130.5118, 33.251], [130.5119, 33.2526], [130.5122, 33.2525], [130.5125, 33.253], [130.5125, 33.2538], [130.512, 33.2538], [130.511, 33.2539], [130.5103, 33.2544], [130.5101, 33.2551], [130.5095, 33.2552], [130.5093, 33.2542], [130.5098, 33.2537], [130.5091, 33.2537], [130.5084, 33.2469], [130.507, 33.248], [130.5051, 33.2446], [130.5039, 33.245], [130.5039, 33.2453], [130.5043, 33.2453], [130.5039, 33.2458], [130.5031, 33.2458], [130.5035, 33.245], [130.5028, 33.2454], [130.5026, 33.246], [130.5019, 33.2458], [130.5018, 33.2463], [130.5023, 33.2466], [130.5018, 33.2474], [130.5011, 33.2473], [130.5009, 33.2478], [130.5006, 33.2466], [130.4996, 33.2462], [130.4991, 33.2467], [130.4992, 33.246], [130.4979, 33.2451], [130.4968, 33.2451], [130.4969, 33.2443], [130.4977, 33.2434], [130.4963, 33.243], [130.496, 33.244], [130.4927, 33.2431], [130.4924, 33.2441], [130.4875, 33.2438], [130.4876, 33.2428], [130.4868, 33.2409], [130.4859, 33.2411], [130.485, 33.2402], [130.4849, 33.2405], [130.4838, 33.2403], [130.4838, 33.2411], [130.4835, 33.2412], [130.4834, 33.24], [130.4831, 33.2406], [130.4822, 33.2406], [130.4822, 33.241], [130.4815, 33.2412], [130.482, 33.2404], [130.4811, 33.2407], [130.481, 33.2404], [130.482, 33.2403], [130.482, 33.2394], [130.4814, 33.2401], [130.4807, 33.24], [130.4796, 33.2409], [130.4781, 33.2407], [130.4784, 33.2419], [130.4768, 33.2421], [130.4767, 33.2415], [130.4737, 33.2419], [130.4734, 33.2403], [130.4756, 33.24], [130.4754, 33.2389], [130.4764, 33.2383], [130.476, 33.2361], [130.4755, 33.236], [130.4756, 33.2348], [130.4751, 33.2342], [130.4748, 33.2327], [130.472, 33.2334], [130.4713, 33.2309], [130.4705, 33.2311], [130.4701, 33.2306], [130.4694, 33.2283], [130.4659, 33.2283], [130.4658, 33.228], [130.4663, 33.2279], [130.4663, 33.2277], [130.4652, 33.2278], [130.4652, 33.227], [130.4663, 33.2269], [130.4659, 33.2247], [130.4639, 33.2244]]]}, "properties": {"name": "福岡県筑後市"}}, {"type": "Feature", "geometry": {"type": "Polygon", "coordinates": [[[130.3854, 33.24], [130.3833, 33.2409], [130.3785, 33.2414], [130.3773, 33.2437], [130.3761, 33.2445], [130.375, 33.2448], [130.3733, 33.2444], [130.3723, 33.2415], [130.3702, 33.2398], [130.3698, 33.2383], [130.3706, 33.2362], [130.3732, 33.2327], [130.3756, 33.2324], [130.3791, 33.2284], [130.3791, 33.2236], [130.3783, 33.2214], [130.3764, 33.22], [130.3703, 33.2186], [130.3629, 33.2156], [130.3594, 33.2121], [130.3555, 33.2093], [130.3511, 33.2087], [130.3468, 33.2092], [130.3442, 33.2089], [130.3417, 33.2077], [130.3397, 33.2054], [130.3394, 33.2022], [130.3404, 33.1887], [130.3426, 33.1883], [130.3429, 33.1876], [130.3456, 33.1852], [130.3471, 33.1833], [130.3469, 33.1817], [130.352, 33.1803], [130.3514, 33.1746], [130.3514, 33.1707], [130.3555, 33.1709], [130.3563, 33.171], [130.3593, 33.1727], [130.3608, 33.171], [130.3617, 33.1716], [130.3623, 33.1709], [130.3675, 33.1742], [130.367, 33.1748], [130.3667, 33.177], [130.3659, 33.1778], [130.3678, 33.1789], [130.3683, 33.1798], [130.3687, 33.183], [130.3706, 33.1853], [130.3715, 33.1853], [130.372, 33.1865], [130.374, 33.1853], [130.377, 33.1883], [130.378, 33.1876], [130.3776, 33.1873], [130.3784, 33.1868], [130.3778, 33.1861], [130.3782, 33.1858], [130.378, 33.1854], [130.3773, 33.1857], [130.3767, 33.185], [130.3775, 33.1844], [130.377, 33.1834], [130.3774, 33.183], [130.378, 33.1839], [130.3788, 33.1836], [130.3791, 33.1844], [130.3799, 33.1842], [130.3807, 33.1857], [130.3851, 33.1837], [130.3881, 33.183], [130.3875, 33.1809], [130.3921, 33.1791], [130.3935, 33.1811], [130.3928, 33.1821], [130.3942, 33.1822], [130.3967, 33.1846], [130.3963, 33.185], [130.3986, 33.1881], [130.3975, 33.1889], [130.4016, 33.1928], [130.3989, 33.1934], [130.4, 33.1942], [130.4102, 33.1942], [130.4162, 33.1937], [130.4206, 33.1946], [130.4202, 33.1948], [130.4213, 33.1968], [130.4219, 33.1966], [130.4225, 33.1983], [130.4219, 33.1986], [130.4222, 33.1999], [130.421, 33.1999], [130.4213, 33.2013], [130.4203, 33.2012], [130.4201, 33.2017], [130.42, 33.2013], [130.4197, 33.2014], [130.4199, 33.2023], [130.4195, 33.202], [130.4186, 33.2023], [130.4191, 33.2032], [130.4187, 33.2032], [130.419, 33.2039], [130.4196, 33.2045], [130.4201, 33.2044], [130.4204, 33.205], [130.4145, 33.2066], [130.4147, 33.207], [130.4137, 33.2077], [130.4139, 33.2081], [130.4161, 33.2074], [130.4193, 33.207], [130.4196, 33.2079], [130.4208, 33.208], [130.4209, 33.2105], [130.4201, 33.2105], [130.4203, 33.2113], [130.4191, 33.2116], [130.4198, 33.2124], [130.4196, 33.2134], [130.4207, 33.2161], [130.4211, 33.2165], [130.4218, 33.2163], [130.4224, 33.2179], [130.423, 33.2178], [130.4233, 33.2182], [130.4229, 33.2184], [130.4235, 33.2207], [130.4131, 33.2234], [130.4139, 33.2242], [130.4126, 33.2246], [130.4122, 33.2263], [130.4126, 33.2268], [130.4131, 33.2267], [130.4132, 33.2275], [130.4144, 33.2273], [130.4152, 33.228], [130.4142, 33.2288], [130.4142, 33.2308], [130.4147, 33.2308], [130.415, 33.2353], [130.4123, 33.2354], [130.4122, 33.2326], [130.4101, 33.2328], [130.4101, 33.2318], [130.407, 33.2318], [130.407, 33.2309], [130.4055, 33.2309], [130.4055, 33.2299], [130.4026, 33.23], [130.4014, 33.2298], [130.4014, 33.2303], [130.3991, 33.2305], [130.3992, 33.2315], [130.3969, 33.2317], [130.3969, 33.2321], [130.3957, 33.2322], [130.3958, 33.2333], [130.3945, 33.2333], [130.3946, 33.2343], [130.3932, 33.2344], [130.3934, 33.2372], [130.3917, 33.2373], [130.3915, 33.2385], [130.3879, 33.239], [130.3854, 33.24]]]}, "properties": {"name": "福岡県大川市"}}, {"type": "Feature", "geometry": {"type": "Polygon", "coordinates": [[[130.8943, 33.7342], [130.896, 33.7323], [130.8958, 33.7309], [130.8963, 33.729], [130.8957, 33.7275], [130.8965, 33.7269], [130.8967, 33.7255], [130.8977, 33.725], [130.9001, 33.7248], [130.9022, 33.7225], [130.9027, 33.7211], [130.904, 33.7202], [130.9054, 33.72], [130.9036, 33.7185], [130.9041, 33.7172], [130.9049, 33.7168], [130.9056, 33.7148], [130.9053, 33.7142], [130.9066, 33.7137], [130.9071, 33.7129], [130.9088, 33.7125], [130.9103, 33.7112], [130.9108, 33.7111], [130.9122, 33.7117], [130.912, 33.715], [130.913, 33.7162], [130.9124, 33.7179], [130.9133, 33.7189], [130.9138, 33.7209], [130.9163, 33.7207], [130.9177, 33.7212], [130.9183, 33.7208], [130.92, 33.7206], [130.9198, 33.7196], [130.9207, 33.7187], [130.9212, 33.7192], [130.9236, 33.7197], [130.9235, 33.7214], [130.9253, 33.7205], [130.9267, 33.7209], [130.9276, 33.7197], [130.9318, 33.7194], [130.9327, 33.7183], [130.9325, 33.7172], [130.934, 33.7157], [130.9339, 33.7153], [130.9367, 33.7145], [130.9365, 33.7137], [130.9376, 33.7129], [130.9376, 33.7116], [130.9386, 33.7112], [130.9375, 33.7095], [130.935, 33.7081], [130.934, 33.7067], [130.9343, 33.706], [130.9335, 33.705], [130.9317, 33.7039], [130.9312, 33.7012], [130.9301, 33.7001], [130.9297, 33.7004], [130.9288, 33.6999], [130.9289, 33.6987], [130.9283, 33.6986], [130.9284, 33.6977], [130.9303, 33.6951], [130.9286, 33.6942], [130.9263, 33.6918], [130.9295, 33.6918], [130.9293, 33.69], [130.9322, 33.6899], [130.9321, 33.6888], [130.9293, 33.689], [130.9291, 33.6865], [130.928, 33.6858], [130.9283, 33.6858], [130.9282, 33.6827], [130.9261, 33.6794], [130.928, 33.6779], [130.9284, 33.6772], [130.9269, 33.6753], [130.9268, 33.6743], [130.9263, 33.6741], [130.9257, 33.6728], [130.9259, 33.6722], [130.9276, 33.6722], [130.9284, 33.6727], [130.9291, 33.6726], [130.9297, 33.6718], [130.9317, 33.672], [130.933, 33.6725], [130.9341, 33.6722], [130.936, 33.6735], [130.9372, 33.6734], [130.9381, 33.6741], [130.9391, 33.6743], [130.9397, 33.6759], [130.9403, 33.676], [130.9412, 33.677], [130.9427, 33.6766], [130.9441, 33.6769], [130.946, 33.6788], [130.9487, 33.6784], [130.9503, 33.6792], [130.9536, 33.6789], [130.9556, 33.6778], [130.9578, 33.6789], [130.9583, 33.6795], [130.9583, 33.6811], [130.9589, 33.6813], [130.9598, 33.6826], [130.9597, 33.6842], [130.9606, 33.685], [130.9618, 33.6842], [130.9638, 33.6848], [130.9646, 33.686], [130.9658, 33.6868], [130.9663, 33.6866], [130.9676, 33.6874], [130.9699, 33.6869], [130.9705, 33.6882], [130.9704, 33.6894], [130.9711, 33.6886], [130.9714, 33.6886], [130.9714, 33.6897], [130.972, 33.6897], [130.9727, 33.6901], [130.9727, 33.6907], [130.9735, 33.6909], [130.9759, 33.6906], [130.9761, 33.6902], [130.9776, 33.6899], [130.9784, 33.6901], [130.9793, 33.6896], [130.9796, 33.6906], [130.9814, 33.6899], [130.9814, 33.6894], [130.9822, 33.6894], [130.9815, 33.6906], [130.9821, 33.6908], [130.9829, 33.6905], [130.9841, 33.692], [130.99, 33.6888], [130.9917, 33.6917], [130.992, 33.6916], [130.9922, 33.6928], [130.9932, 33.693], [130.994, 33.6938], [130.9942, 33.6945], [130.9949, 33.6947], [130.9969, 33.6918], [130.9984, 33.692], [131.0003, 33.6915], [130.9999, 33.6905], [131.0002, 33.6904], [131.0008, 33.6912], [131.0014, 33.6913], [131.0017, 33.6897], [131.0022, 33.6901], [131.0024, 33.6897], [131.0033, 33.6897], [131.0048, 33.6911], [131.0057, 33.6913], [131.0061, 33.691], [131.0062, 33.6906], [131.0054, 33.6904], [131.0049, 33.6893], [131.0032, 33.6891], [131.0026, 33.6879], [131.0023, 33.6884], [131.0017, 33.688], [131.0012, 33.6872], [131.0025, 33.6856], [131.0017, 33.685], [131.0024, 33.6845], [131.0042, 33.686], [131.0043, 33.6865], [131.0047, 33.6862], [131.0078, 33.688], [131.008, 33.6872], [131.0061, 33.6862], [131.0048, 33.6849], [131.004, 33.6825], [131.0047, 33.6821], [131.0069, 33.6826], [131.0088, 33.6818], [131.0075, 33.6811], [131.0074, 33.6815], [131.0067, 33.6819], [131.0058, 33.6818], [131.0057, 33.681], [131.0055, 33.6817], [131.0047, 33.6815], [131.0043, 33.681], [131.0068, 33.6803], [131.0047, 33.6786], [131.006, 33.6775], [131.0068, 33.6775], [131.0071, 33.677], [131.0102, 33.6775], [131.0103, 33.676], [131.013, 33.6777], [131.0161, 33.6788], [131.0168, 33.68], [131.0166, 33.6802], [131.0177, 33.6812], [131.0186, 33.6817], [131.0188, 33.6814], [131.0205, 33.6823], [131.0206, 33.6828], [131.0223, 33.6832], [131.0307, 33.6794], [131.0338, 33.6799], [131.0377, 33.6802], [131.0399, 33.6818], [131.0443, 33.683], [131.0457, 33.6843], [131.0467, 33.6887], [131.0443, 33.6888], [131.0416, 33.6896], [131.0388, 33.6926], [131.0381, 33.6927], [131.0387, 33.693], [131.0383, 33.694], [131.0384, 33.6946], [131.038, 33.6954], [131.0379, 33.695], [131.0372, 33.6954], [131.0378, 33.6954], [131.0372, 33.6956], [131.0363, 33.6968], [131.0355, 33.6985], [131.0357, 33.6989], [131.0361, 33.6986], [131.0362, 33.6989], [131.0347, 33.7004], [131.0348, 33.7008], [131.0357, 33.7009], [131.0349, 33.7013], [131.0369, 33.7032], [131.0337, 33.7006], [131.0337, 33.6997], [131.0334, 33.6997], [131.0332, 33.7007], [131.0346, 33.7023], [131.0335, 33.703], [131.0344, 33.7039], [131.0356, 33.7031], [131.036, 33.7035], [131.0342, 33.7047], [131.0325, 33.7034], [131.0301, 33.7062], [131.03, 33.707], [131.028, 33.7103], [131.0248, 33.718], [131.023, 33.7241], [131.0223, 33.7253], [131.022, 33.7271], [131.0225, 33.728], [131.0218, 33.7297], [131.0214, 33.7298], [131.021, 33.7309], [131.0202, 33.7316], [131.0196, 33.7316], [131.019, 33.7327], [131.0154, 33.732], [131.0144, 33.7344], [131.018, 33.7393], [131.0179, 33.7398], [131.0176, 33.7398], [131.0163, 33.7417], [131.0157, 33.7435], [131.0167, 33.7436], [131.0169, 33.743], [131.0163, 33.7426], [131.0167, 33.7418], [131.0175, 33.7414], [131.0187, 33.7416], [131.0182, 33.742], [131.0178, 33.7436], [131.0188, 33.7441], [131.0189, 33.7448], [131.0196, 33.7453], [131.019, 33.7462], [131.0191, 33.747], [131.0187, 33.747], [131.0184, 33.7475], [131.0179, 33.7472], [131.0174, 33.7475], [131.0168, 33.7499], [131.0162, 33.7508], [131.0128, 33.7513], [131.0099, 33.75], [131.0099, 33.7493], [131.0105, 33.7495], [131.0108, 33.7486], [131.0091, 33.7477], [131.0094, 33.7473], [131.0108, 33.7481], [131.0117, 33.7469], [131.0099, 33.746], [131.0105, 33.7451], [131.0087, 33.7442], [131.0072, 33.7448], [131.0068, 33.748], [131.0056, 33.7502], [131.0038, 33.7499], [131.0023, 33.7497], [130.9992, 33.7484], [130.9914, 33.7432], [130.9866, 33.7414], [130.9844, 33.7415], [130.9789, 33.7452], [130.978, 33.7454], [130.9773, 33.745], [130.9756, 33.7427], [130.974, 33.7419], [130.9703, 33.7418], [130.9702, 33.7413], [130.9695, 33.7412], [130.9696, 33.7416], [130.9693, 33.7415], [130.9645, 33.7391], [130.9571, 33.7386], [130.9572, 33.7363], [130.9575, 33.7361], [130.9556, 33.7362], [130.9532, 33.7375], [130.9532, 33.7361], [130.9493, 33.7355], [130.9481, 33.7355], [130.9481, 33.7361], [130.9454, 33.7363], [130.9454, 33.7366], [130.9441, 33.7369], [130.943, 33.7369], [130.9429, 33.7396], [130.9433, 33.7398], [130.9413, 33.7395], [130.9401, 33.7399], [130.9368, 33.74], [130.9353, 33.7396], [130.9321, 33.7403], [130.9315, 33.7411], [130.9316, 33.7444], [130.929, 33.7448], [130.928, 33.7446], [130.9241, 33.745], [130.9238, 33.7447], [130.9226, 33.7455], [130.9224, 33.746], [130.9208, 33.7463], [130.9201, 33.7472], [130.9145, 33.7478], [130.9119, 33.7498], [130.9097, 33.7504], [130.9098, 33.7487], [130.9079, 33.7472], [130.9073, 33.7458], [130.9069, 33.7456], [130.9063, 33.7461], [130.9059, 33.748], [130.905, 33.7487], [130.9032, 33.7512], [130.904, 33.7526], [130.9025, 33.7529], [130.902, 33.7526], [130.9017, 33.7515], [130.9002, 33.75], [130.9002, 33.7495], [130.8993, 33.7482], [130.8982, 33.7459], [130.8979, 33.7445], [130.8971, 33.7435], [130.8978, 33.7417], [130.8947, 33.7391], [130.8953, 33.736], [130.895, 33.7348], [130.8943, 33.7342]]]}, "properties": {"name": "福岡県行橋市"}}, {"type": "Feature", "geometry": {"type": "Polygon", "coordinates": [[[131.0924, 33.6299], [131.0886, 33.6339], [131.0866, 33.6343], [131.0865, 33.6337], [131.086, 33.6333], [131.0845, 33.6331], [131.0846, 33.6327], [131.0858, 33.6328], [131.0857, 33.6324], [131.0847, 33.6324], [131.085, 33.6319], [131.0848, 33.6313], [131.0852, 33.6311], [131.0845, 33.6303], [131.0851, 33.6294], [131.0837, 33.6276], [131.0834, 33.6267], [131.0812, 33.6255], [131.0811, 33.6261], [131.0801, 33.6256], [131.0789, 33.6258], [131.0771, 33.6241], [131.0767, 33.6241], [131.0757, 33.6232], [131.076, 33.6229], [131.0752, 33.6225], [131.0743, 33.6205], [131.073, 33.6196], [131.069, 33.6135], [131.0678, 33.6126], [131.0677, 33.6119], [131.0659, 33.6094], [131.0624, 33.6074], [131.0613, 33.6064], [131.0572, 33.6042], [131.0534, 33.6008], [131.0528, 33.5998], [131.0499, 33.5974], [131.0485, 33.5953], [131.0478, 33.5925], [131.0457, 33.5873], [131.0433, 33.585], [131.0422, 33.5847], [131.0411, 33.5808], [131.0387, 33.5778], [131.0379, 33.5759], [131.0362, 33.5743], [131.0357, 33.5731], [131.0331, 33.5711], [131.0325, 33.5688], [131.0318, 33.5675], [131.03, 33.5663], [131.029, 33.5647], [131.0272, 33.5647], [131.026, 33.5643], [131.024, 33.5641], [131.0224, 33.5631], [131.021, 33.5616], [131.0194, 33.5608], [131.0184, 33.5605], [131.0166, 33.5606], [131.0153, 33.5586], [131.0152, 33.5575], [131.0155, 33.5567], [131.0147, 33.5562], [131.0148, 33.5556], [131.0137, 33.5548], [131.0129, 33.5546], [131.0119, 33.553], [131.012, 33.5523], [131.0127, 33.5513], [131.0118, 33.5496], [131.0123, 33.5489], [131.0121, 33.5481], [131.0113, 33.5478], [131.0101, 33.5456], [131.0095, 33.5426], [131.0101, 33.5409], [131.011, 33.5404], [131.0109, 33.5399], [131.01, 33.5387], [131.0074, 33.5375], [131.0065, 33.5365], [131.0056, 33.5364], [131.004, 33.5345], [131.0027, 33.534], [131.0022, 33.5332], [131.0013, 33.533], [131.0006, 33.5333], [130.9991, 33.5327], [130.999, 33.532], [130.9973, 33.5306], [130.9967, 33.5288], [130.9943, 33.5274], [130.9935, 33.5247], [130.9901, 33.5185], [130.991, 33.5138], [130.9906, 33.5109], [130.9899, 33.5092], [130.9906, 33.5092], [130.9909, 33.5087], [130.9918, 33.5084], [130.9933, 33.5092], [130.9943, 33.5092], [130.9965, 33.5102], [130.9978, 33.5101], [131.0014, 33.5122], [131.0031, 33.5126], [131.0058, 33.5112], [131.0076, 33.5112], [131.0103, 33.5105], [131.0121, 33.5106], [131.0147, 33.5094], [131.0165, 33.5104], [131.017, 33.5116], [131.0193, 33.5128], [131.0207, 33.5127], [131.0219, 33.5134], [131.0238, 33.5138], [131.0254, 33.5133], [131.0267, 33.5146], [131.0285, 33.5184], [131.0292, 33.519], [131.0302, 33.5183], [131.0313, 33.5188], [131.0355, 33.5189], [131.0374, 33.5166], [131.0387, 33.5162], [131.0417, 33.5143], [131.042, 33.5129], [131.0438, 33.5112], [131.0441, 33.51], [131.0473, 33.511], [131.0494, 33.5102], [131.0514, 33.5101], [131.0529, 33.5078], [131.0551, 33.5085], [131.0577, 33.5087], [131.0585, 33.5091], [131.0612, 33.5092], [131.0629, 33.5103], [131.0647, 33.5101], [131.0677, 33.5091], [131.0685, 33.5099], [131.0697, 33.513], [131.0719, 33.5146], [131.0739, 33.5168], [131.0765, 33.518], [131.0788, 33.518], [131.082, 33.5187], [131.0829, 33.5202], [131.0836, 33.5206], [131.0839, 33.5211], [131.086, 33.5213], [131.0884, 33.5235], [131.0891, 33.5246], [131.0897, 33.5243], [131.0903, 33.5245], [131.0914, 33.5268], [131.0926, 33.5278], [131.0946, 33.531], [131.0932, 33.5339], [131.0936, 33.536], [131.0944, 33.5368], [131.0958, 33.5377], [131.097, 33.5373], [131.0984, 33.5384], [131.1037, 33.5407], [131.1057, 33.5433], [131.1057, 33.5438], [131.1086, 33.5436], [131.1108, 33.5447], [131.1129, 33.5476], [131.1148, 33.5526], [131.1172, 33.5561], [131.1183, 33.557], [131.1183, 33.5581], [131.1209, 33.5631], [131.1206, 33.5647], [131.1209, 33.5664], [131.1247, 33.5705], [131.1255, 33.5718], [131.1247, 33.5721], [131.125, 33.5725], [131.1278, 33.5743], [131.1276, 33.5745], [131.1288, 33.5757], [131.1306, 33.5792], [131.1315, 33.5803], [131.1328, 33.5808], [131.1353, 33.5811], [131.1412, 33.5853], [131.1447, 33.5872], [131.1475, 33.5882], [131.1506, 33.5901], [131.1502, 33.5904], [131.1524, 33.5916], [131.1556, 33.5956], [131.1553, 33.5961], [131.156, 33.5971], [131.1568, 33.6002], [131.156, 33.6009], [131.1529, 33.6024], [131.1534, 33.6035], [131.155, 33.605], [131.1572, 33.6057], [131.1576, 33.6054], [131.1587, 33.6071], [131.1606, 33.6079], [131.1609, 33.6095], [131.1631, 33.6112], [131.1641, 33.6116], [131.1654, 33.6114], [131.165, 33.6141], [131.1652, 33.6147], [131.1662, 33.6159], [131.1664, 33.6174], [131.1643, 33.6167], [131.1616, 33.6167], [131.1583, 33.6179], [131.1562, 33.6204], [131.1551, 33.6205], [131.1555, 33.6211], [131.1546, 33.621], [131.1528, 33.6222], [131.1492, 33.623], [131.1493, 33.6242], [131.1489, 33.6245], [131.1481, 33.6247], [131.1476, 33.6237], [131.147, 33.6237], [131.1468, 33.6241], [131.1446, 33.6245], [131.1448, 33.6256], [131.1424, 33.6265], [131.1426, 33.6277], [131.1408, 33.6261], [131.1417, 33.6259], [131.1424, 33.6252], [131.1401, 33.6246], [131.1398, 33.6252], [131.1404, 33.6259], [131.1399, 33.6256], [131.1393, 33.626], [131.1318, 33.6269], [131.1289, 33.6288], [131.1288, 33.6314], [131.1272, 33.6314], [131.1272, 33.6292], [131.1293, 33.6274], [131.1309, 33.6266], [131.1317, 33.6242], [131.1306, 33.6244], [131.1305, 33.6254], [131.1265, 33.6262], [131.1239, 33.6263], [131.1238, 33.6246], [131.1222, 33.6246], [131.1222, 33.6261], [131.1234, 33.6279], [131.1245, 33.6286], [131.1236, 33.6281], [131.1229, 33.6274], [131.1215, 33.6278], [131.1215, 33.6291], [131.1207, 33.6291], [131.1207, 33.6302], [131.1211, 33.6299], [131.1211, 33.6304], [131.121, 33.6302], [131.1207, 33.6304], [131.115, 33.6305], [131.1152, 33.6253], [131.1162, 33.6249], [131.1166, 33.6231], [131.1163, 33.6204], [131.1157, 33.6199], [131.1155, 33.6197], [131.1159, 33.62], [131.1166, 33.6193], [131.1159, 33.6187], [131.1154, 33.6194], [131.1158, 33.6186], [131.1141, 33.6174], [131.113, 33.6179], [131.1134, 33.6239], [131.1079, 33.6239], [131.108, 33.6212], [131.1092, 33.6166], [131.1086, 33.618], [131.1079, 33.6179], [131.1079, 33.6167], [131.1075, 33.6172], [131.1056, 33.6172], [131.1039, 33.6177], [131.102, 33.6176], [131.0999, 33.6183], [131.0976, 33.6209], [131.0976, 33.6224], [131.0972, 33.6233], [131.0954, 33.6235], [131.0942, 33.6233], [131.0938, 33.6235], [131.0942, 33.6251], [131.0952, 33.6259], [131.0942, 33.6252], [131.094, 33.6264], [131.0949, 33.6265], [131.0957, 33.6261], [131.0947, 33.6267], [131.0938, 33.6286], [131.0924, 33.6299]]]}, "properties": {"name": "福岡県豊前市"}}, {"type": "Feature", "geometry": {"type": "Polygon", "coordinates": [[[130.7188, 33.8345], [130.7164, 33.8338], [130.716, 33.8347], [130.7167, 33.8358], [130.7164, 33.8365], [130.714, 33.8379], [130.7124, 33.8374], [130.7107, 33.836], [130.7089, 33.8364], [130.7095, 33.8377], [130.7091, 33.8381], [130.7095, 33.8392], [130.7084, 33.8396], [130.7066, 33.8391], [130.7053, 33.8412], [130.7043, 33.8417], [130.7042, 33.8414], [130.7033, 33.8414], [130.703, 33.842], [130.7022, 33.8421], [130.7017, 33.842], [130.703, 33.8338], [130.7028, 33.834], [130.7014, 33.8338], [130.699, 33.8345], [130.6987, 33.8338], [130.699, 33.8321], [130.6975, 33.8318], [130.6977, 33.8316], [130.6956, 33.83], [130.6913, 33.8342], [130.689, 33.8326], [130.6874, 33.8326], [130.6867, 33.8315], [130.6856, 33.8315], [130.6851, 33.8307], [130.6848, 33.831], [130.6832, 33.8308], [130.6831, 33.8314], [130.6803, 33.8305], [130.6797, 33.8308], [130.6773, 33.8308], [130.6774, 33.8298], [130.677, 33.8292], [130.6764, 33.829], [130.6765, 33.8281], [130.6746, 33.8257], [130.6741, 33.8259], [130.6726, 33.8254], [130.6721, 33.825], [130.6713, 33.8248], [130.6708, 33.824], [130.6684, 33.8233], [130.669, 33.8207], [130.6698, 33.8195], [130.6744, 33.8216], [130.6762, 33.8182], [130.678, 33.8171], [130.6795, 33.8154], [130.6805, 33.8111], [130.6831, 33.8109], [130.686, 33.8123], [130.688, 33.8125], [130.6892, 33.812], [130.6908, 33.8107], [130.6911, 33.8086], [130.6918, 33.8075], [130.6936, 33.8063], [130.6957, 33.8059], [130.7006, 33.8068], [130.7007, 33.803], [130.7026, 33.8017], [130.7042, 33.803], [130.7068, 33.8043], [130.7085, 33.8045], [130.7102, 33.8053], [130.7103, 33.8059], [130.7118, 33.8062], [130.712, 33.806], [130.7126, 33.8066], [130.7133, 33.8067], [130.7164, 33.8064], [130.7162, 33.8071], [130.7168, 33.8074], [130.7161, 33.8079], [130.7154, 33.8096], [130.7136, 33.811], [130.7169, 33.8098], [130.7219, 33.8065], [130.7196, 33.8017], [130.7209, 33.8014], [130.7215, 33.8022], [130.7252, 33.8035], [130.7254, 33.8049], [130.7287, 33.808], [130.7313, 33.8126], [130.7322, 33.8132], [130.7336, 33.8132], [130.7369, 33.8144], [130.7388, 33.814], [130.7405, 33.8144], [130.7401, 33.8153], [130.7428, 33.8161], [130.7439, 33.8177], [130.7435, 33.8179], [130.7436, 33.8183], [130.743, 33.8185], [130.7428, 33.8202], [130.7422, 33.8206], [130.7413, 33.82], [130.7404, 33.8204], [130.7402, 33.8211], [130.7394, 33.8216], [130.7393, 33.821], [130.7388, 33.8209], [130.7362, 33.8225], [130.7351, 33.8221], [130.7337, 33.8229], [130.7333, 33.8229], [130.7342, 33.824], [130.7332, 33.825], [130.7313, 33.8246], [130.7311, 33.8251], [130.7315, 33.8255], [130.7311, 33.8258], [130.7301, 33.8249], [130.7296, 33.825], [130.7299, 33.8273], [130.7289, 33.8278], [130.7294, 33.8285], [130.7283, 33.829], [130.7286, 33.8294], [130.7281, 33.8296], [130.7287, 33.8306], [130.7268, 33.8315], [130.7279, 33.8322], [130.7283, 33.8329], [130.7273, 33.832], [130.7267, 33.8318], [130.7264, 33.8324], [130.7269, 33.8338], [130.7266, 33.8344], [130.7237, 33.8323], [130.7225, 33.8326], [130.7229, 33.8337], [130.7223, 33.8331], [130.7213, 33.8336], [130.7217, 33.834], [130.7211, 33.8336], [130.7188, 33.8345]]]}, "properties": {"name": "福岡県中間市"}}, {"type": "Feature", "geometry": {"type": "Polygon", "coordinates": [[[130.5783, 33.3671], [130.579, 33.3678], [130.579, 33.3687], [130.5778, 33.3688], [130.5784, 33.3737], [130.579, 33.3736], [130.5795, 33.3744], [130.5807, 33.3773], [130.5811, 33.3794], [130.5816, 33.3794], [130.5816, 33.3803], [130.5823, 33.3803], [130.5829, 33.3831], [130.5855, 33.3839], [130.5859, 33.3848], [130.5856, 33.3856], [130.5874, 33.3864], [130.587, 33.3882], [130.5876, 33.3886], [130.5875, 33.3891], [130.5881, 33.3896], [130.5889, 33.3912], [130.5889, 33.392], [130.5896, 33.3924], [130.5898, 33.3942], [130.5908, 33.3955], [130.5906, 33.3959], [130.5917, 33.3969], [130.5917, 33.3976], [130.5909, 33.3973], [130.5917, 33.3982], [130.5911, 33.4], [130.5914, 33.4001], [130.5913, 33.4005], [130.5909, 33.4005], [130.5911, 33.4009], [130.5914, 33.4006], [130.5916, 33.4011], [130.5923, 33.401], [130.5933, 33.4025], [130.5944, 33.4022], [130.5958, 33.4029], [130.5967, 33.4029], [130.5968, 33.4032], [130.5984, 33.4029], [130.5989, 33.4048], [130.5987, 33.4053], [130.5991, 33.4056], [130.6, 33.4098], [130.6027, 33.4104], [130.6059, 33.412], [130.6095, 33.4125], [130.6096, 33.4128], [130.6066, 33.417], [130.6069, 33.4173], [130.6051, 33.4191], [130.602, 33.4207], [130.5992, 33.4232], [130.5923, 33.4261], [130.5908, 33.4273], [130.5902, 33.4283], [130.5898, 33.4283], [130.5882, 33.4296], [130.5881, 33.4301], [130.5874, 33.4303], [130.5859, 33.43], [130.5856, 33.4307], [130.5842, 33.4314], [130.5852, 33.4319], [130.5842, 33.4334], [130.5834, 33.4331], [130.5815, 33.4356], [130.5814, 33.4361], [130.5827, 33.4371], [130.5826, 33.4373], [130.5812, 33.4363], [130.5801, 33.437], [130.5783, 33.4378], [130.5776, 33.4387], [130.5756, 33.439], [130.5759, 33.4398], [130.5723, 33.4409], [130.5727, 33.4419], [130.5721, 33.4421], [130.5716, 33.4428], [130.5689, 33.4437], [130.5693, 33.4446], [130.5665, 33.4454], [130.5657, 33.4461], [130.5667, 33.4459], [130.5669, 33.4464], [130.5659, 33.4469], [130.5663, 33.4474], [130.5669, 33.4473], [130.5664, 33.4476], [130.5665, 33.4478], [130.5658, 33.4478], [130.565, 33.4489], [130.5618, 33.4482], [130.5615, 33.4478], [130.5596, 33.4483], [130.5581, 33.4493], [130.5556, 33.4492], [130.5533, 33.4501], [130.5524, 33.4459], [130.5528, 33.4444], [130.5502, 33.4411], [130.5494, 33.4412], [130.5494, 33.4408], [130.5475, 33.4413], [130.5468, 33.4407], [130.5457, 33.4417], [130.5441, 33.4403], [130.5444, 33.44], [130.5438, 33.4392], [130.5419, 33.44], [130.5402, 33.4418], [130.5397, 33.4408], [130.5392, 33.441], [130.539, 33.4404], [130.5371, 33.4393], [130.5367, 33.4384], [130.5354, 33.4377], [130.5352, 33.4367], [130.5357, 33.436], [130.5352, 33.434], [130.536, 33.4321], [130.5374, 33.4304], [130.5369, 33.4264], [130.5394, 33.4235], [130.5393, 33.4231], [130.5407, 33.4218], [130.5412, 33.419], [130.541, 33.4139], [130.5416, 33.4071], [130.5414, 33.4], [130.5418, 33.3877], [130.5422, 33.3867], [130.5422, 33.3859], [130.5419, 33.3859], [130.5422, 33.3798], [130.542, 33.3762], [130.5423, 33.3725], [130.5417, 33.3682], [130.5411, 33.3663], [130.5406, 33.3661], [130.5406, 33.3654], [130.5402, 33.3653], [130.5404, 33.3632], [130.5397, 33.3615], [130.5397, 33.3599], [130.538, 33.3563], [130.5361, 33.3431], [130.5379, 33.3426], [130.5374, 33.3423], [130.5373, 33.3417], [130.5377, 33.3414], [130.5406, 33.3457], [130.5417, 33.3462], [130.5452, 33.3463], [130.5459, 33.3466], [130.546, 33.3451], [130.5502, 33.3453], [130.55, 33.3482], [130.5522, 33.3494], [130.5537, 33.3492], [130.5535, 33.3501], [130.5548, 33.3508], [130.5549, 33.3503], [130.5572, 33.3504], [130.5571, 33.3513], [130.5578, 33.3514], [130.5577, 33.3523], [130.5589, 33.3523], [130.5588, 33.3533], [130.5626, 33.3534], [130.562, 33.3546], [130.5622, 33.3553], [130.5698, 33.3552], [130.5698, 33.3543], [130.5703, 33.3543], [130.5703, 33.3552], [130.5712, 33.3555], [130.5711, 33.3541], [130.5715, 33.354], [130.573, 33.3563], [130.5771, 33.3596], [130.5779, 33.3622], [130.5789, 33.3622], [130.5791, 33.3658], [130.5774, 33.3651], [130.5777, 33.3665], [130.5783, 33.3671]]]}, "properties": {"name": "福岡県小郡市"}}, {"type": "Feature", "geometry": {"type": "Polygon", "coordinates": [[[130.584, 33.5548], [130.5809, 33.5539], [130.5793, 33.5529], [130.5785, 33.5509], [130.5771, 33.5493], [130.576, 33.5471], [130.5748, 33.5437], [130.5741, 33.5431], [130.5722, 33.5423], [130.5697, 33.5406], [130.5688, 33.5395], [130.568, 33.5374], [130.5675, 33.5373], [130.5659, 33.5317], [130.5654, 33.5309], [130.5644, 33.5299], [130.5634, 33.5297], [130.5622, 33.5288], [130.5606, 33.5286], [130.56, 33.5264], [130.5582, 33.5236], [130.5558, 33.5232], [130.5558, 33.5224], [130.555, 33.522], [130.5532, 33.5218], [130.5525, 33.5222], [130.5512, 33.5215], [130.5496, 33.5225], [130.5491, 33.5232], [130.547, 33.5232], [130.5471, 33.5245], [130.5468, 33.524], [130.5459, 33.5238], [130.5458, 33.5225], [130.5446, 33.5211], [130.543, 33.5221], [130.5419, 33.5216], [130.5403, 33.5167], [130.5397, 33.5159], [130.5396, 33.5147], [130.5399, 33.5141], [130.5411, 33.5135], [130.541, 33.5124], [130.5462, 33.5113], [130.5491, 33.5062], [130.5478, 33.5048], [130.5473, 33.5036], [130.5473, 33.5027], [130.5478, 33.5021], [130.5477, 33.5017], [130.5469, 33.5013], [130.547, 33.5003], [130.5463, 33.499], [130.5465, 33.4976], [130.5457, 33.4961], [130.5447, 33.4946], [130.5442, 33.495], [130.543, 33.4947], [130.5427, 33.493], [130.5415, 33.4923], [130.5428, 33.4922], [130.5429, 33.4917], [130.5413, 33.4913], [130.5409, 33.4907], [130.5365, 33.4927], [130.5366, 33.493], [130.5339, 33.4947], [130.5344, 33.4954], [130.5341, 33.4964], [130.5319, 33.497], [130.532, 33.4975], [130.5308, 33.4983], [130.5312, 33.4998], [130.5306, 33.5003], [130.5314, 33.5021], [130.5307, 33.5047], [130.5298, 33.5056], [130.5296, 33.5054], [130.5276, 33.5061], [130.5264, 33.5062], [130.5258, 33.5066], [130.5232, 33.5073], [130.5221, 33.507], [130.522, 33.5067], [130.5207, 33.5072], [130.5213, 33.5048], [130.5201, 33.5044], [130.5193, 33.5033], [130.5172, 33.5028], [130.5167, 33.5033], [130.5157, 33.5033], [130.5155, 33.503], [130.5134, 33.5039], [130.5139, 33.5037], [130.5143, 33.4997], [130.5132, 33.4998], [130.5135, 33.5], [130.5129, 33.5007], [130.5126, 33.5001], [130.513, 33.4998], [130.5122, 33.4997], [130.5122, 33.5], [130.5113, 33.5004], [130.5109, 33.4999], [130.5101, 33.4999], [130.5098, 33.5003], [130.5083, 33.5], [130.5084, 33.5022], [130.5078, 33.5025], [130.5067, 33.5025], [130.5063, 33.5034], [130.5053, 33.5042], [130.5052, 33.5054], [130.5047, 33.5056], [130.5051, 33.5059], [130.5045, 33.5059], [130.5044, 33.507], [130.504, 33.5071], [130.5046, 33.5077], [130.5044, 33.5113], [130.504, 33.5121], [130.5022, 33.5116], [130.502, 33.5091], [130.5024, 33.5089], [130.5024, 33.508], [130.5029, 33.508], [130.5032, 33.5061], [130.5026, 33.5056], [130.5026, 33.5049], [130.5015, 33.505], [130.5015, 33.5037], [130.4998, 33.5029], [130.4996, 33.5017], [130.4999, 33.5007], [130.4984, 33.5], [130.498, 33.4988], [130.4969, 33.4979], [130.4961, 33.4966], [130.4962, 33.4952], [130.4968, 33.4948], [130.4959, 33.4935], [130.4965, 33.4906], [130.4955, 33.4902], [130.4952, 33.4897], [130.4944, 33.4896], [130.4935, 33.4883], [130.4937, 33.4874], [130.4951, 33.4868], [130.4941, 33.4859], [130.4939, 33.4848], [130.4927, 33.4843], [130.4925, 33.4839], [130.4935, 33.4828], [130.4937, 33.4817], [130.4945, 33.4813], [130.4948, 33.4801], [130.4976, 33.48], [130.4977, 33.479], [130.4975, 33.4787], [130.4965, 33.4785], [130.4966, 33.4778], [130.4953, 33.4772], [130.494, 33.4742], [130.4927, 33.4736], [130.4913, 33.4716], [130.4911, 33.4708], [130.49, 33.4705], [130.4864, 33.4676], [130.4842, 33.4673], [130.4833, 33.4662], [130.483, 33.4653], [130.4821, 33.4646], [130.4809, 33.4643], [130.4792, 33.4651], [130.4789, 33.4657], [130.477, 33.4661], [130.4754, 33.4656], [130.4755, 33.4646], [130.4742, 33.4647], [130.4733, 33.4639], [130.4713, 33.4643], [130.4699, 33.4652], [130.4683, 33.4654], [130.4663, 33.4664], [130.4656, 33.4655], [130.4648, 33.4654], [130.4644, 33.4648], [130.4643, 33.4629], [130.4646, 33.462], [130.4632, 33.4619], [130.4612, 33.4611], [130.4599, 33.4599], [130.4601, 33.4589], [130.4575, 33.4575], [130.4583, 33.4567], [130.4585, 33.4558], [130.4594, 33.4553], [130.4594, 33.4548], [130.4583, 33.4544], [130.4581, 33.452], [130.4587, 33.4512], [130.4606, 33.4502], [130.4603, 33.4496], [130.4607, 33.4488], [130.46, 33.4474], [130.4613, 33.4465], [130.4614, 33.4452], [130.4598, 33.4442], [130.4598, 33.4437], [130.4593, 33.4433], [130.459, 33.4433], [130.4579, 33.442], [130.4575, 33.4423], [130.4568, 33.4419], [130.4559, 33.4397], [130.4538, 33.4377], [130.4537, 33.4361], [130.4561, 33.4362], [130.4563, 33.4344], [130.4586, 33.4296], [130.4613, 33.4284], [130.4627, 33.4281], [130.4648, 33.4291], [130.4656, 33.4298], [130.4662, 33.4314], [130.4709, 33.4335], [130.4714, 33.4343], [130.4729, 33.4347], [130.4734, 33.4357], [130.4754, 33.437], [130.4764, 33.4381], [130.4772, 33.4381], [130.4777, 33.4374], [130.4789, 33.4372], [130.479, 33.4366], [130.4799, 33.4362], [130.4824, 33.4379], [130.484, 33.4377], [130.4855, 33.438], [130.4871, 33.4391], [130.4869, 33.4398], [130.4873, 33.4403], [130.4908, 33.4399], [130.4928, 33.4421], [130.4943, 33.4423], [130.4945, 33.4437], [130.495, 33.4444], [130.4965, 33.4449], [130.4998, 33.445], [130.5015, 33.4456], [130.5036, 33.4469], [130.5044, 33.4464], [130.5057, 33.4464], [130.5059, 33.4454], [130.5074, 33.4442], [130.5094, 33.4439], [130.5098, 33.4458], [130.511, 33.4464], [130.5116, 33.4472], [130.511, 33.4486], [130.5111, 33.4492], [130.5123, 33.4495], [130.5156, 33.4479], [130.5175, 33.4456], [130.5212, 33.4461], [130.5231, 33.4458], [130.5251, 33.4442], [130.5262, 33.4442], [130.5283, 33.443], [130.5296, 33.4429], [130.5299, 33.4421], [130.5306, 33.4415], [130.5331, 33.442], [130.5346, 33.4409], [130.5346, 33.4402], [130.5355, 33.4399], [130.5364, 33.4387], [130.5371, 33.4393], [130.539, 33.4404], [130.5392, 33.441], [130.5397, 33.4408], [130.5402, 33.4418], [130.5419, 33.44], [130.5438, 33.4392], [130.5444, 33.44], [130.5441, 33.4403], [130.5457, 33.4417], [130.5468, 33.4407], [130.5475, 33.4413], [130.5494, 33.4408], [130.5494, 33.4412], [130.5502, 33.4411], [130.5528, 33.4444], [130.5524, 33.4459], [130.5533, 33.4501], [130.5556, 33.4492], [130.5581, 33.4493], [130.5596, 33.4483], [130.5615, 33.4478], [130.5618, 33.4482], [130.565, 33.4489], [130.5658, 33.4478], [130.5665, 33.4478], [130.5664, 33.4476], [130.5669, 33.4473], [130.5663, 33.4474], [130.5659, 33.4469], [130.5669, 33.4464], [130.5667, 33.4459], [130.5657, 33.4461], [130.5665, 33.4454], [130.5693, 33.4446], [130.5689, 33.4437], [130.5716, 33.4428], [130.5721, 33.4421], [130.5727, 33.4419], [130.5723, 33.4409], [130.5759, 33.4398], [130.5756, 33.439], [130.5776, 33.4387], [130.5783, 33.4378], [130.5801, 33.437], [130.5851, 33.4413], [130.5757, 33.4451], [130.5749, 33.4456], [130.5754, 33.4461], [130.5745, 33.4466], [130.5749, 33.4471], [130.574, 33.4477], [130.5738, 33.4475], [130.5731, 33.4479], [130.5732, 33.4473], [130.5728, 33.4472], [130.5718, 33.4509], [130.5705, 33.4529], [130.571, 33.4533], [130.5708, 33.4546], [130.5697, 33.4549], [130.5697, 33.4546], [130.5684, 33.4545], [130.5657, 33.4567], [130.5637, 33.4591], [130.5631, 33.4603], [130.5635, 33.4606], [130.5632, 33.4618], [130.562, 33.4631], [130.5624, 33.4636], [130.5619, 33.465], [130.5626, 33.4656], [130.5622, 33.4668], [130.5629, 33.4674], [130.5625, 33.4683], [130.5616, 33.4687], [130.5619, 33.4697], [130.5616, 33.4705], [130.5622, 33.4711], [130.5623, 33.4737], [130.561, 33.4745], [130.5615, 33.4751], [130.5612, 33.4757], [130.5629, 33.4773], [130.563, 33.4781], [130.5635, 33.4782], [130.5643, 33.4796], [130.5662, 33.4807], [130.5663, 33.4815], [130.5669, 33.4817], [130.5671, 33.4822], [130.5685, 33.4813], [130.5683, 33.4793], [130.5678, 33.4781], [130.5662, 33.4768], [130.5695, 33.4763], [130.572, 33.4741], [130.575, 33.475], [130.5744, 33.474], [130.5767, 33.4734], [130.5784, 33.4724], [130.5794, 33.4735], [130.5804, 33.4729], [130.5811, 33.4738], [130.5806, 33.4739], [130.5809, 33.4742], [130.5826, 33.4751], [130.5826, 33.4756], [130.5834, 33.4766], [130.5834, 33.4775], [130.5853, 33.4793], [130.5856, 33.4808], [130.5886, 33.4817], [130.5893, 33.4835], [130.5889, 33.485], [130.5893, 33.486], [130.5901, 33.4859], [130.5912, 33.4866], [130.5921, 33.4859], [130.5928, 33.487], [130.5945, 33.4875], [130.5955, 33.4883], [130.5988, 33.488], [130.6001, 33.4891], [130.601, 33.4889], [130.602, 33.4892], [130.6044, 33.4917], [130.607, 33.4913], [130.6083, 33.4927], [130.6104, 33.4929], [130.6105, 33.4942], [130.61, 33.4961], [130.6111, 33.4978], [130.6118, 33.4981], [130.6123, 33.4987], [130.6136, 33.4993], [130.6144, 33.5001], [130.6154, 33.4999], [130.6164, 33.5002], [130.6162, 33.5015], [130.6165, 33.5024], [130.6188, 33.5047], [130.6195, 33.5048], [130.621, 33.5059], [130.6219, 33.5078], [130.6203, 33.5083], [130.6202, 33.5102], [130.6211, 33.5132], [130.6191, 33.5131], [130.6188, 33.5136], [130.6191, 33.5142], [130.6182, 33.5152], [130.6179, 33.5164], [130.6123, 33.5172], [130.6114, 33.5178], [130.611, 33.5189], [130.6099, 33.5195], [130.6101, 33.5206], [130.6116, 33.522], [130.6119, 33.5227], [130.6114, 33.5237], [130.6122, 33.5253], [130.6112, 33.5271], [130.6095, 33.5274], [130.6078, 33.5295], [130.6069, 33.5296], [130.6048, 33.5307], [130.6044, 33.5313], [130.6046, 33.5323], [130.6041, 33.5326], [130.6037, 33.5336], [130.602, 33.5346], [130.602, 33.5355], [130.6012, 33.536], [130.6001, 33.5361], [130.5994, 33.5373], [130.5984, 33.5376], [130.598, 33.5386], [130.5956, 33.5396], [130.5945, 33.5424], [130.5953, 33.5433], [130.5951, 33.5448], [130.5958, 33.5458], [130.5952, 33.5475], [130.5943, 33.5476], [130.5933, 33.5473], [130.5918, 33.5486], [130.5864, 33.5518], [130.5862, 33.5526], [130.584, 33.5548]], [[130.5287, 33.5048], [130.5293, 33.5051], [130.5293, 33.5047], [130.5302, 33.5048], [130.5303, 33.5044], [130.529, 33.5042], [130.5285, 33.5044], [130.5287, 33.5048]]]}, "properties": {"name": "福岡県筑紫野市"}}, {"type": "Feature", "geometry": {"type": "Polygon", "coordinates": [[[130.4523, 33.5486], [130.4495, 33.5489], [130.4486, 33.5472], [130.4461, 33.5476], [130.4455, 33.5471], [130.4454, 33.5475], [130.4449, 33.5474], [130.4438, 33.5466], [130.443, 33.5473], [130.4422, 33.5467], [130.442, 33.5448], [130.4426, 33.5443], [130.4396, 33.5427], [130.44, 33.5417], [130.4396, 33.5412], [130.4403, 33.5405], [130.4393, 33.5398], [130.4402, 33.5391], [130.44, 33.5389], [130.4406, 33.5388], [130.4402, 33.5376], [130.4406, 33.5376], [130.4406, 33.5368], [130.4425, 33.5347], [130.4426, 33.5339], [130.4432, 33.5333], [130.443, 33.5326], [130.4404, 33.5303], [130.4397, 33.5309], [130.439, 33.5305], [130.4387, 33.5308], [130.4359, 33.5289], [130.4365, 33.5281], [130.4356, 33.5275], [130.4374, 33.5251], [130.4339, 33.5228], [130.4347, 33.5222], [130.4345, 33.5209], [130.4361, 33.5188], [130.4365, 33.5167], [130.4369, 33.5167], [130.4382, 33.5156], [130.4385, 33.5144], [130.4397, 33.5142], [130.4398, 33.5133], [130.4406, 33.5129], [130.4411, 33.512], [130.4419, 33.5122], [130.4422, 33.5116], [130.4442, 33.5102], [130.448, 33.5087], [130.4483, 33.506], [130.4475, 33.5054], [130.4473, 33.5047], [130.4465, 33.5045], [130.4465, 33.504], [130.4454, 33.503], [130.4463, 33.502], [130.4473, 33.502], [130.4478, 33.499], [130.4487, 33.4987], [130.4503, 33.4988], [130.4507, 33.4995], [130.4517, 33.5001], [130.4519, 33.501], [130.453, 33.5019], [130.4537, 33.501], [130.4556, 33.5008], [130.4567, 33.5025], [130.4581, 33.5028], [130.4591, 33.5026], [130.4604, 33.503], [130.4604, 33.5041], [130.4601, 33.5042], [130.4608, 33.5051], [130.4615, 33.5048], [130.4621, 33.505], [130.4624, 33.5062], [130.4679, 33.5085], [130.468, 33.5081], [130.4684, 33.5081], [130.4685, 33.5094], [130.4689, 33.5093], [130.4691, 33.5101], [130.4702, 33.5103], [130.4717, 33.5096], [130.4724, 33.5098], [130.4735, 33.5094], [130.4746, 33.5097], [130.4748, 33.5084], [130.4752, 33.5084], [130.476, 33.5094], [130.477, 33.5091], [130.4771, 33.5108], [130.4764, 33.5118], [130.4755, 33.5113], [130.4747, 33.5124], [130.4757, 33.5139], [130.4754, 33.514], [130.4749, 33.5154], [130.4768, 33.5174], [130.4772, 33.5189], [130.4777, 33.5191], [130.4779, 33.5202], [130.4773, 33.521], [130.4782, 33.5215], [130.4775, 33.5222], [130.4783, 33.5234], [130.4779, 33.5243], [130.4788, 33.5246], [130.4795, 33.5251], [130.4786, 33.5263], [130.4795, 33.5268], [130.4794, 33.5276], [130.4774, 33.5293], [130.4772, 33.5299], [130.4764, 33.5305], [130.4758, 33.53], [130.4753, 33.5304], [130.4759, 33.5309], [130.4753, 33.5315], [130.4757, 33.532], [130.4764, 33.5319], [130.4759, 33.534], [130.4771, 33.5355], [130.4746, 33.5375], [130.4749, 33.5379], [130.4733, 33.5393], [130.472, 33.5382], [130.4714, 33.5389], [130.4698, 33.5383], [130.47, 33.5377], [130.4694, 33.5379], [130.4674, 33.5374], [130.4673, 33.5366], [130.466, 33.5377], [130.4654, 33.5371], [130.4645, 33.5367], [130.4644, 33.5362], [130.4642, 33.5364], [130.464, 33.536], [130.4638, 33.5362], [130.4633, 33.5358], [130.4608, 33.5391], [130.4597, 33.5395], [130.4566, 33.5438], [130.4547, 33.545], [130.4541, 33.547], [130.4538, 33.5471], [130.4535, 33.5465], [130.4531, 33.5466], [130.4529, 33.5471], [130.4533, 33.5477], [130.4523, 33.5486]]]}, "properties": {"name": "福岡県春日市"}}, {"type": "Feature", "geometry": {"type": "Polygon", "coordinates": [[[130.4694, 33.5379], [130.47, 33.5377], [130.4698, 33.5383], [130.4714, 33.5389], [130.472, 33.5382], [130.4733, 33.5393], [130.4749, 33.5379], [130.4746, 33.5375], [130.4771, 33.5355], [130.4759, 33.534], [130.4764, 33.5319], [130.4757, 33.532], [130.4753, 33.5315], [130.4759, 33.5309], [130.4753, 33.5304], [130.4758, 33.53], [130.4764, 33.5305], [130.4772, 33.5299], [130.4774, 33.5293], [130.4794, 33.5276], [130.4795, 33.5268], [130.4786, 33.5263], [130.4795, 33.5251], [130.4788, 33.5246], [130.4779, 33.5243], [130.4783, 33.5234], [130.4775, 33.5222], [130.4782, 33.5215], [130.4773, 33.521], [130.4779, 33.5202], [130.4777, 33.5191], [130.4772, 33.5189], [130.4768, 33.5174], [130.4749, 33.5154], [130.4754, 33.514], [130.4757, 33.5139], [130.4747, 33.5124], [130.4755, 33.5113], [130.4764, 33.5118], [130.4771, 33.5108], [130.477, 33.5091], [130.476, 33.5094], [130.4752, 33.5084], [130.4748, 33.5084], [130.4746, 33.5097], [130.4735, 33.5094], [130.4724, 33.5098], [130.4717, 33.5096], [130.4702, 33.5103], [130.4691, 33.5101], [130.4689, 33.5093], [130.4685, 33.5094], [130.4684, 33.5081], [130.468, 33.5081], [130.4679, 33.5085], [130.4624, 33.5062], [130.4621, 33.505], [130.4615, 33.5048], [130.4608, 33.5051], [130.4601, 33.5042], [130.4604, 33.5041], [130.4604, 33.503], [130.4591, 33.5026], [130.4581, 33.5028], [130.4567, 33.5025], [130.4556, 33.5008], [130.4537, 33.501], [130.453, 33.5019], [130.4519, 33.501], [130.4517, 33.5001], [130.4507, 33.4995], [130.4503, 33.4988], [130.4508, 33.4984], [130.4517, 33.4963], [130.4508, 33.4955], [130.4507, 33.4951], [130.4515, 33.4946], [130.4511, 33.4925], [130.4516, 33.4921], [130.4514, 33.491], [130.4529, 33.4908], [130.4537, 33.489], [130.4526, 33.4871], [130.4525, 33.4861], [130.4521, 33.4859], [130.4529, 33.4854], [130.4535, 33.4833], [130.4528, 33.4819], [130.4543, 33.4792], [130.4556, 33.4782], [130.4556, 33.4776], [130.4562, 33.4771], [130.4561, 33.4758], [130.4553, 33.4751], [130.4541, 33.4748], [130.4547, 33.4741], [130.4547, 33.4732], [130.4557, 33.4725], [130.4553, 33.4712], [130.4559, 33.4706], [130.4571, 33.4705], [130.4582, 33.4705], [130.4583, 33.471], [130.4592, 33.4713], [130.4611, 33.4709], [130.4617, 33.4703], [130.464, 33.4695], [130.4655, 33.4698], [130.466, 33.4691], [130.4658, 33.4684], [130.4652, 33.4679], [130.4657, 33.4666], [130.4663, 33.4664], [130.4683, 33.4654], [130.4699, 33.4652], [130.4713, 33.4643], [130.4733, 33.4639], [130.4742, 33.4647], [130.4755, 33.4646], [130.4754, 33.4656], [130.477, 33.4661], [130.4789, 33.4657], [130.4792, 33.4651], [130.4809, 33.4643], [130.4821, 33.4646], [130.483, 33.4653], [130.4833, 33.4662], [130.4842, 33.4673], [130.4864, 33.4676], [130.49, 33.4705], [130.4892, 33.4714], [130.488, 33.472], [130.4886, 33.4733], [130.4882, 33.4748], [130.4868, 33.4767], [130.4866, 33.4777], [130.4873, 33.4785], [130.487, 33.4791], [130.4872, 33.4802], [130.4865, 33.4806], [130.4866, 33.481], [130.4858, 33.4817], [130.4867, 33.4835], [130.4866, 33.4846], [130.4863, 33.4848], [130.486, 33.4862], [130.4849, 33.4869], [130.4848, 33.4878], [130.4844, 33.4877], [130.4841, 33.4896], [130.4831, 33.4904], [130.4831, 33.491], [130.4835, 33.4915], [130.4839, 33.4959], [130.4845, 33.4964], [130.4838, 33.4978], [130.4845, 33.4989], [130.4843, 33.4998], [130.4862, 33.501], [130.487, 33.5008], [130.4873, 33.5019], [130.4868, 33.5032], [130.4875, 33.5036], [130.4888, 33.5036], [130.4894, 33.5046], [130.4889, 33.5058], [130.4878, 33.506], [130.4875, 33.5065], [130.4873, 33.5086], [130.4869, 33.5096], [130.486, 33.5103], [130.4863, 33.5111], [130.4856, 33.5123], [130.4864, 33.5128], [130.4862, 33.5136], [130.4877, 33.5144], [130.4875, 33.5152], [130.49, 33.5163], [130.4949, 33.5196], [130.4931, 33.5224], [130.4913, 33.5268], [130.492, 33.5275], [130.4921, 33.5283], [130.4912, 33.5289], [130.4907, 33.5283], [130.4894, 33.5305], [130.4928, 33.5323], [130.4931, 33.5328], [130.4945, 33.5328], [130.4954, 33.5325], [130.4953, 33.5321], [130.4993, 33.531], [130.5007, 33.5317], [130.502, 33.5318], [130.5038, 33.5331], [130.5052, 33.5323], [130.5064, 33.5342], [130.5072, 33.534], [130.5142, 33.5356], [130.5147, 33.5371], [130.5145, 33.538], [130.5135, 33.5382], [130.5122, 33.5398], [130.5112, 33.5404], [130.5103, 33.5409], [130.5089, 33.541], [130.5083, 33.5418], [130.5082, 33.5429], [130.5091, 33.5447], [130.5094, 33.547], [130.509, 33.5479], [130.507, 33.548], [130.5061, 33.5487], [130.505, 33.5488], [130.5039, 33.5499], [130.503, 33.5503], [130.503, 33.5515], [130.5041, 33.5526], [130.5044, 33.5536], [130.5032, 33.5563], [130.5033, 33.5575], [130.5019, 33.5591], [130.5018, 33.5599], [130.4996, 33.5606], [130.4971, 33.5604], [130.4954, 33.5594], [130.4933, 33.5589], [130.4915, 33.5601], [130.4898, 33.5594], [130.4884, 33.5593], [130.488, 33.5606], [130.4874, 33.5608], [130.4863, 33.5601], [130.4857, 33.5603], [130.4849, 33.5594], [130.4851, 33.5585], [130.4842, 33.5579], [130.4816, 33.557], [130.4813, 33.5561], [130.4804, 33.5557], [130.4802, 33.5548], [130.4793, 33.5541], [130.4796, 33.5538], [130.4777, 33.5525], [130.4773, 33.5528], [130.4762, 33.5523], [130.4758, 33.5532], [130.474, 33.5531], [130.4731, 33.5536], [130.4725, 33.5548], [130.471, 33.5561], [130.4706, 33.558], [130.4687, 33.5591], [130.4676, 33.5615], [130.4662, 33.5631], [130.4648, 33.5636], [130.4642, 33.5625], [130.4622, 33.5621], [130.4603, 33.5611], [130.4607, 33.5608], [130.4611, 33.561], [130.4621, 33.5599], [130.4627, 33.5602], [130.4642, 33.5586], [130.4693, 33.5532], [130.4708, 33.55], [130.4709, 33.5493], [130.4695, 33.5486], [130.4692, 33.5489], [130.4684, 33.5482], [130.4714, 33.544], [130.4707, 33.544], [130.4706, 33.5429], [130.4688, 33.5422], [130.4694, 33.5416], [130.4686, 33.5409], [130.4691, 33.5398], [130.4682, 33.5389], [130.4694, 33.5379]]]}, "properties": {"name": "福岡県大野城市"}}, {"type": "Feature", "geometry": {"type": "MultiPolygon", "coordinates": [[[[130.6371, 33.807], [130.6367, 33.8082], [130.6361, 33.8084], [130.6364, 33.8099], [130.6353, 33.811], [130.6354, 33.8121], [130.6361, 33.8128], [130.6358, 33.8131], [130.6346, 33.8132], [130.6346, 33.8138], [130.633, 33.8145], [130.6322, 33.8153], [130.6297, 33.8155], [130.6283, 33.8161], [130.6273, 33.8179], [130.625, 33.8194], [130.6247, 33.8204], [130.6241, 33.8209], [130.6214, 33.821], [130.6198, 33.8215], [130.6192, 33.8203], [130.6154, 33.8207], [130.6144, 33.8205], [130.6114, 33.8227], [130.6105, 33.8226], [130.6085, 33.8216], [130.6063, 33.8229], [130.6051, 33.8232], [130.6043, 33.8228], [130.6037, 33.8232], [130.6031, 33.823], [130.6027, 33.8236], [130.6003, 33.8206], [130.5995, 33.8205], [130.5975, 33.8189], [130.5932, 33.8184], [130.5919, 33.8179], [130.5906, 33.8187], [130.5905, 33.8192], [130.5896, 33.8198], [130.5891, 33.8208], [130.5885, 33.8213], [130.5884, 33.8219], [130.5875, 33.8223], [130.587, 33.8236], [130.5862, 33.824], [130.5862, 33.8271], [130.5858, 33.8285], [130.5829, 33.8292], [130.5811, 33.8312], [130.5816, 33.8319], [130.5829, 33.8321], [130.5831, 33.8326], [130.5827, 33.8337], [130.5829, 33.8354], [130.5826, 33.8363], [130.5831, 33.8371], [130.583, 33.8392], [130.582, 33.8413], [130.5807, 33.8424], [130.579, 33.8428], [130.5775, 33.8439], [130.5762, 33.844], [130.5742, 33.8451], [130.5722, 33.8454], [130.571, 33.8487], [130.5687, 33.8495], [130.5684, 33.8507], [130.5677, 33.8517], [130.568, 33.8524], [130.5673, 33.8537], [130.5674, 33.8546], [130.5682, 33.8551], [130.5695, 33.8568], [130.5699, 33.858], [130.5687, 33.8586], [130.568, 33.8593], [130.568, 33.8611], [130.5649, 33.8627], [130.5645, 33.8639], [130.5615, 33.8635], [130.5594, 33.8643], [130.5569, 33.8644], [130.5561, 33.8651], [130.5562, 33.8667], [130.5544, 33.8685], [130.5543, 33.8696], [130.5523, 33.8694], [130.5509, 33.8723], [130.5489, 33.8746], [130.5487, 33.8767], [130.5466, 33.8782], [130.5465, 33.8796], [130.5454, 33.8801], [130.5436, 33.8817], [130.5428, 33.8836], [130.5415, 33.8845], [130.5417, 33.8863], [130.5429, 33.8889], [130.5428, 33.8893], [130.5422, 33.889], [130.5418, 33.8881], [130.5402, 33.8876], [130.5297, 33.8878], [130.5262, 33.8884], [130.5251, 33.8899], [130.5245, 33.8898], [130.5241, 33.8889], [130.5244, 33.8877], [130.5266, 33.8858], [130.5274, 33.883], [130.5266, 33.8818], [130.5275, 33.883], [130.5268, 33.8854], [130.5281, 33.8852], [130.5283, 33.8843], [130.5286, 33.8846], [130.5293, 33.8845], [130.5298, 33.8835], [130.5298, 33.8832], [130.529, 33.8832], [130.5289, 33.8829], [130.5299, 33.8828], [130.5298, 33.881], [130.5287, 33.8811], [130.5287, 33.8806], [130.5294, 33.8806], [130.5293, 33.8797], [130.5299, 33.8796], [130.5297, 33.8789], [130.5288, 33.8791], [130.5286, 33.8771], [130.5272, 33.8777], [130.5296, 33.8765], [130.529, 33.8746], [130.5259, 33.8689], [130.5219, 33.8636], [130.5183, 33.8609], [130.5123, 33.8573], [130.5016, 33.8532], [130.4879, 33.851], [130.4872, 33.8513], [130.4875, 33.8516], [130.487, 33.8515], [130.487, 33.8519], [130.487, 33.8516], [130.4864, 33.8515], [130.4841, 33.8519], [130.4839, 33.8517], [130.4843, 33.8524], [130.4842, 33.8532], [130.4841, 33.8539], [130.4842, 33.8532], [130.4833, 33.8531], [130.4826, 33.8541], [130.4828, 33.8534], [130.4823, 33.8532], [130.4816, 33.8544], [130.4842, 33.8545], [130.4812, 33.8548], [130.4808, 33.8559], [130.4798, 33.8562], [130.4798, 33.8577], [130.479, 33.8582], [130.4782, 33.8577], [130.4775, 33.8578], [130.4776, 33.8574], [130.4772, 33.8567], [130.4783, 33.8549], [130.4787, 33.8528], [130.4783, 33.8518], [130.479, 33.8517], [130.4792, 33.8514], [130.482, 33.85], [130.4826, 33.8477], [130.4826, 33.8443], [130.4844, 33.8433], [130.4842, 33.8429], [130.4855, 33.8416], [130.4848, 33.841], [130.4852, 33.8404], [130.4857, 33.8403], [130.4857, 33.84], [130.4865, 33.8405], [130.4879, 33.8405], [130.488, 33.8408], [130.4872, 33.841], [130.4866, 33.8419], [130.4855, 33.842], [130.4847, 33.8437], [130.4858, 33.844], [130.4862, 33.8446], [130.4864, 33.8436], [130.487, 33.8435], [130.4874, 33.8437], [130.4885, 33.845], [130.4881, 33.8457], [130.4888, 33.8451], [130.4887, 33.8444], [130.4897, 33.8447], [130.4897, 33.8452], [130.4911, 33.845], [130.4913, 33.8444], [130.4903, 33.8438], [130.491, 33.842], [130.4899, 33.8424], [130.4898, 33.8422], [130.4909, 33.8417], [130.491, 33.8411], [130.4923, 33.8401], [130.4938, 33.8396], [130.4942, 33.8389], [130.4933, 33.8379], [130.4935, 33.8374], [130.4946, 33.8364], [130.4954, 33.8364], [130.4959, 33.8351], [130.4971, 33.834], [130.497, 33.833], [130.4975, 33.8319], [130.4996, 33.8317], [130.5003, 33.8311], [130.5, 33.8294], [130.5001, 33.8285], [130.5005, 33.8281], [130.4994, 33.8268], [130.4995, 33.8255], [130.4981, 33.8232], [130.4983, 33.8226], [130.498, 33.8214], [130.4984, 33.8211], [130.4987, 33.8197], [130.4991, 33.8194], [130.4989, 33.8182], [130.4993, 33.8182], [130.5002, 33.8172], [130.5009, 33.8153], [130.5041, 33.8136], [130.5053, 33.8123], [130.5051, 33.8116], [130.5055, 33.8103], [130.5049, 33.809], [130.5048, 33.8073], [130.5027, 33.8062], [130.5009, 33.8062], [130.4996, 33.8056], [130.4985, 33.8039], [130.4994, 33.7988], [130.4987, 33.7981], [130.4973, 33.7976], [130.4959, 33.7968], [130.4947, 33.7952], [130.4949, 33.7945], [130.4966, 33.7939], [130.4989, 33.7919], [130.4998, 33.7916], [130.5013, 33.7919], [130.503, 33.7897], [130.5054, 33.7891], [130.5068, 33.7878], [130.5079, 33.7876], [130.5092, 33.786], [130.5098, 33.7863], [130.5132, 33.7832], [130.5149, 33.7831], [130.5147, 33.7826], [130.5153, 33.7822], [130.5155, 33.7809], [130.5166, 33.7807], [130.5163, 33.7801], [130.5178, 33.7813], [130.5166, 33.779], [130.5173, 33.7789], [130.5176, 33.7777], [130.5193, 33.7772], [130.5192, 33.7765], [130.5214, 33.7749], [130.5233, 33.7773], [130.5253, 33.7787], [130.5252, 33.7796], [130.5255, 33.7795], [130.5275, 33.7808], [130.5283, 33.7809], [130.5294, 33.7803], [130.5296, 33.7796], [130.5306, 33.7789], [130.531, 33.7796], [130.5338, 33.7797], [130.5349, 33.7803], [130.5361, 33.7797], [130.5367, 33.78], [130.5377, 33.7798], [130.5378, 33.779], [130.5392, 33.7776], [130.539, 33.7769], [130.5394, 33.7761], [130.539, 33.775], [130.5391, 33.7739], [130.541, 33.7739], [130.5421, 33.7746], [130.5425, 33.7733], [130.546, 33.7714], [130.5449, 33.7704], [130.5429, 33.7701], [130.5398, 33.769], [130.5408, 33.7691], [130.5411, 33.7689], [130.5409, 33.7682], [130.5432, 33.7674], [130.5432, 33.7665], [130.5416, 33.765], [130.5422, 33.7645], [130.5434, 33.7624], [130.5446, 33.7619], [130.5439, 33.761], [130.5449, 33.7601], [130.5461, 33.7602], [130.5477, 33.7595], [130.5474, 33.7583], [130.5493, 33.7582], [130.55, 33.7577], [130.5497, 33.7572], [130.5502, 33.7551], [130.5516, 33.7534], [130.5513, 33.7515], [130.5541, 33.7502], [130.5549, 33.7505], [130.5549, 33.7513], [130.5572, 33.7525], [130.5576, 33.7536], [130.559, 33.7543], [130.5594, 33.755], [130.5605, 33.7551], [130.5611, 33.7546], [130.5619, 33.755], [130.5631, 33.7548], [130.5631, 33.7554], [130.5638, 33.756], [130.5673, 33.7549], [130.5723, 33.7556], [130.5748, 33.7566], [130.5774, 33.7557], [130.5787, 33.7563], [130.5794, 33.7562], [130.5799, 33.7567], [130.5814, 33.7569], [130.5821, 33.7561], [130.5833, 33.7559], [130.5835, 33.7565], [130.5842, 33.7563], [130.5845, 33.7566], [130.5841, 33.7593], [130.5849, 33.7602], [130.5867, 33.7607], [130.5895, 33.7602], [130.59, 33.7611], [130.5916, 33.7622], [130.5919, 33.7638], [130.5925, 33.7642], [130.5939, 33.7638], [130.5949, 33.7631], [130.5975, 33.7632], [130.5987, 33.7618], [130.6023, 33.7631], [130.6037, 33.763], [130.6055, 33.7622], [130.6042, 33.7643], [130.6039, 33.7682], [130.6032, 33.7695], [130.6005, 33.7715], [130.6015, 33.7719], [130.6054, 33.777], [130.6089, 33.7766], [130.6134, 33.7774], [130.6139, 33.7793], [130.6157, 33.782], [130.6196, 33.7831], [130.6209, 33.7827], [130.6221, 33.7819], [130.6224, 33.7812], [130.6264, 33.7813], [130.6284, 33.7807], [130.6292, 33.7808], [130.631, 33.7798], [130.6321, 33.7801], [130.6324, 33.7802], [130.6325, 33.7816], [130.6313, 33.7826], [130.6311, 33.7842], [130.6312, 33.7851], [130.6318, 33.7857], [130.6318, 33.7867], [130.635, 33.7877], [130.6348, 33.7888], [130.6337, 33.7908], [130.6356, 33.7906], [130.6365, 33.791], [130.6369, 33.7901], [130.6378, 33.7893], [130.6398, 33.7906], [130.6386, 33.7915], [130.6389, 33.7923], [130.6386, 33.7944], [130.6377, 33.7951], [130.6373, 33.7961], [130.6368, 33.7961], [130.6362, 33.7967], [130.6367, 33.7981], [130.6359, 33.7982], [130.6357, 33.7997], [130.6334, 33.8017], [130.634, 33.8029], [130.6333, 33.8032], [130.6331, 33.8041], [130.6371, 33.807]]], [[[130.4901, 33.8429], [130.4889, 33.8434], [130.4891, 33.8429], [130.49, 33.8427], [130.4901, 33.8429]]], [[[130.5025, 33.9042], [130.5012, 33.9055], [130.4999, 33.9057], [130.499, 33.9065], [130.4985, 33.9083], [130.4989, 33.9086], [130.4987, 33.9087], [130.4987, 33.9092], [130.4984, 33.9092], [130.4988, 33.9094], [130.4982, 33.9095], [130.4982, 33.9101], [130.4979, 33.91], [130.4974, 33.9104], [130.497, 33.9121], [130.4965, 33.912], [130.4963, 33.9117], [130.4961, 33.9124], [130.4956, 33.9126], [130.495, 33.9123], [130.4937, 33.9122], [130.4935, 33.9128], [130.4924, 33.9135], [130.4909, 33.9135], [130.4902, 33.9128], [130.4896, 33.9128], [130.4888, 33.9136], [130.4884, 33.9126], [130.4876, 33.9127], [130.4873, 33.9119], [130.4859, 33.9114], [130.4865, 33.9107], [130.4882, 33.9105], [130.49, 33.9083], [130.491, 33.908], [130.4908, 33.9066], [130.4922, 33.9056], [130.4919, 33.905], [130.4915, 33.9049], [130.4923, 33.9042], [130.4921, 33.9051], [130.4928, 33.9054], [130.4938, 33.9042], [130.4934, 33.9052], [130.493, 33.9053], [130.4933, 33.9055], [130.4944, 33.9054], [130.4949, 33.9047], [130.4944, 33.9046], [130.4952, 33.9048], [130.4953, 33.904], [130.4948, 33.903], [130.4951, 33.9025], [130.4948, 33.9024], [130.4953, 33.9013], [130.4951, 33.9004], [130.4957, 33.8992], [130.4952, 33.8982], [130.4959, 33.8981], [130.498, 33.8988], [130.499, 33.8979], [130.4992, 33.8963], [130.5001, 33.8959], [130.5001, 33.8956], [130.5034, 33.8946], [130.5021, 33.8951], [130.5013, 33.8956], [130.5014, 33.8959], [130.5024, 33.8965], [130.503, 33.8963], [130.5028, 33.8958], [130.504, 33.8962], [130.5039, 33.8953], [130.5041, 33.8951], [130.5046, 33.8968], [130.5052, 33.8971], [130.5072, 33.8966], [130.509, 33.8952], [130.5085, 33.897], [130.5063, 33.9013], [130.5049, 33.9022], [130.5043, 33.902], [130.5032, 33.9026], [130.5025, 33.9042]]], [[[130.4692, 33.8649], [130.4688, 33.8648], [130.4688, 33.8642], [130.4697, 33.8618], [130.4691, 33.861], [130.4682, 33.8607], [130.4686, 33.8597], [130.4697, 33.8592], [130.4706, 33.8601], [130.4719, 33.8593], [130.4726, 33.8595], [130.4732, 33.8592], [130.4741, 33.8585], [130.4733, 33.8599], [130.4739, 33.8602], [130.473, 33.8625], [130.4733, 33.8636], [130.4722, 33.8642], [130.4711, 33.8638], [130.4701, 33.8646], [130.4692, 33.8649]]], [[[130.433, 33.9151], [130.4327, 33.916], [130.4309, 33.9138], [130.4303, 33.914], [130.4298, 33.9121], [130.431, 33.9121], [130.4312, 33.9116], [130.4307, 33.9114], [130.4311, 33.9112], [130.4308, 33.9103], [130.4293, 33.9094], [130.4282, 33.9093], [130.4242, 33.9104], [130.4235, 33.9115], [130.4215, 33.9113], [130.4213, 33.9117], [130.4191, 33.9126], [130.4176, 33.9121], [130.4162, 33.9125], [130.4158, 33.912], [130.4148, 33.9127], [130.4146, 33.9111], [130.4141, 33.9114], [130.4136, 33.9114], [130.4136, 33.9112], [130.4131, 33.9115], [130.4119, 33.9109], [130.4113, 33.911], [130.4111, 33.9104], [130.4107, 33.9106], [130.4108, 33.9102], [130.4102, 33.9107], [130.4097, 33.9105], [130.4085, 33.9114], [130.408, 33.9112], [130.4085, 33.9104], [130.4078, 33.9099], [130.4081, 33.9095], [130.4079, 33.9092], [130.4068, 33.9096], [130.4062, 33.9094], [130.4069, 33.9092], [130.4062, 33.909], [130.4066, 33.9086], [130.4078, 33.9086], [130.4074, 33.9082], [130.4065, 33.9081], [130.4066, 33.9077], [130.4061, 33.9076], [130.4063, 33.9073], [130.4059, 33.9076], [130.4057, 33.9074], [130.4062, 33.907], [130.4084, 33.9063], [130.4089, 33.905], [130.4085, 33.9046], [130.4075, 33.9044], [130.4071, 33.9029], [130.4066, 33.9024], [130.4068, 33.9014], [130.4061, 33.9016], [130.4058, 33.9013], [130.4061, 33.9011], [130.4064, 33.9013], [130.4069, 33.901], [130.407, 33.9013], [130.4078, 33.9012], [130.4083, 33.9004], [130.408, 33.8998], [130.4087, 33.8993], [130.4074, 33.8999], [130.4075, 33.8987], [130.4068, 33.8988], [130.4056, 33.8981], [130.4063, 33.8975], [130.4063, 33.8966], [130.4065, 33.8968], [130.4074, 33.8962], [130.4096, 33.8957], [130.4089, 33.8948], [130.4096, 33.8944], [130.4099, 33.8938], [130.4097, 33.8935], [130.4093, 33.8936], [130.409, 33.8929], [130.4095, 33.8933], [130.4094, 33.8928], [130.4103, 33.8927], [130.412, 33.8914], [130.4131, 33.892], [130.4166, 33.891], [130.4184, 33.8901], [130.4196, 33.8886], [130.4204, 33.8884], [130.4219, 33.8889], [130.4239, 33.8878], [130.4252, 33.8876], [130.4263, 33.887], [130.4276, 33.8872], [130.4289, 33.8866], [130.4306, 33.888], [130.4311, 33.8885], [130.431, 33.8899], [130.4319, 33.8905], [130.4317, 33.8913], [130.4322, 33.8919], [130.4318, 33.8927], [130.4321, 33.8938], [130.4353, 33.894], [130.4359, 33.8945], [130.4353, 33.8941], [130.4325, 33.8939], [130.4329, 33.8949], [130.4322, 33.8951], [130.4325, 33.8959], [130.4331, 33.8957], [130.4333, 33.8964], [130.4329, 33.897], [130.4338, 33.8977], [130.4346, 33.8973], [130.4346, 33.8965], [130.4349, 33.8972], [130.4354, 33.897], [130.4364, 33.8968], [130.4363, 33.895], [130.4365, 33.8968], [130.4368, 33.8969], [130.4357, 33.897], [130.4358, 33.8972], [130.435, 33.8973], [130.4352, 33.8976], [130.4348, 33.8974], [130.4342, 33.8977], [130.4351, 33.8993], [130.4365, 33.8979], [130.4355, 33.8991], [130.4362, 33.8994], [130.4358, 33.8996], [130.4362, 33.8998], [130.4363, 33.8996], [130.4373, 33.8997], [130.438, 33.8989], [130.4373, 33.8968], [130.4382, 33.899], [130.4397, 33.8985], [130.4389, 33.8971], [130.4397, 33.8985], [130.4382, 33.899], [130.4383, 33.8993], [130.4375, 33.9], [130.4382, 33.9011], [130.4371, 33.9015], [130.4369, 33.9026], [130.4374, 33.903], [130.4386, 33.9027], [130.4396, 33.9038], [130.4389, 33.9047], [130.44, 33.9036], [130.4393, 33.9043], [130.4404, 33.9052], [130.441, 33.905], [130.4418, 33.9041], [130.4406, 33.9033], [130.442, 33.9042], [130.4437, 33.9043], [130.4433, 33.9053], [130.4424, 33.9052], [130.4421, 33.9065], [130.4429, 33.9067], [130.4434, 33.9075], [130.4442, 33.9074], [130.4443, 33.9078], [130.4447, 33.9078], [130.4444, 33.9086], [130.4448, 33.9091], [130.4457, 33.9091], [130.446, 33.9094], [130.4466, 33.9094], [130.4464, 33.9097], [130.4471, 33.9097], [130.4469, 33.9102], [130.4477, 33.9102], [130.4479, 33.9105], [130.4472, 33.9107], [130.4475, 33.911], [130.4472, 33.9111], [130.4476, 33.9111], [130.4471, 33.9113], [130.4472, 33.9118], [130.4486, 33.912], [130.4478, 33.9128], [130.448, 33.9134], [130.4473, 33.9133], [130.4465, 33.9137], [130.4466, 33.9142], [130.4461, 33.9143], [130.4459, 33.9149], [130.4457, 33.9148], [130.4454, 33.915], [130.4453, 33.9148], [130.4444, 33.9146], [130.4437, 33.9155], [130.4429, 33.915], [130.4421, 33.9154], [130.4401, 33.9148], [130.4399, 33.9153], [130.4394, 33.9149], [130.4388, 33.9157], [130.4382, 33.9158], [130.4378, 33.915], [130.4364, 33.9154], [130.4358, 33.9144], [130.4352, 33.9143], [130.4347, 33.9146], [130.4349, 33.915], [130.4346, 33.9148], [130.4346, 33.9153], [130.433, 33.9151]]], [[[130.1136, 34.2321], [130.1139, 34.2326], [130.1134, 34.2325], [130.1136, 34.2321]]], [[[130.1123, 34.2494], [130.112, 34.2502], [130.1109, 34.2493], [130.108, 34.2489], [130.1035, 34.2495], [130.1038, 34.2486], [130.102, 34.2484], [130.1023, 34.2476], [130.1016, 34.2464], [130.1012, 34.2464], [130.1003, 34.2452], [130.0988, 34.2448], [130.0992, 34.2443], [130.0983, 34.2422], [130.0994, 34.2417], [130.1006, 34.2404], [130.1017, 34.2401], [130.1026, 34.2385], [130.104, 34.2383], [130.1027, 34.2387], [130.1023, 34.2394], [130.1023, 34.2397], [130.1037, 34.2401], [130.1038, 34.2394], [130.1041, 34.2398], [130.1047, 34.2397], [130.1047, 34.2386], [130.1053, 34.2404], [130.1065, 34.2408], [130.1126, 34.2464], [130.1132, 34.248], [130.1123, 34.2494]]], [[[130.1113, 34.2324], [130.1105, 34.2322], [130.1105, 34.2311], [130.1108, 34.2311], [130.1104, 34.231], [130.1112, 34.2308], [130.1114, 34.2312], [130.1122, 34.2313], [130.1113, 34.2324]]]]}, "properties": {"name": "福岡県宗像市"}}, {"type": "Feature", "geometry": {"type": "MultiPolygon", "coordinates": [[[[130.5722, 33.5423], [130.5703, 33.5441], [130.5685, 33.5442], [130.5656, 33.5451], [130.5649, 33.5466], [130.5628, 33.5469], [130.5616, 33.5482], [130.5608, 33.5481], [130.5581, 33.5516], [130.5544, 33.5537], [130.5532, 33.5556], [130.5518, 33.5562], [130.5496, 33.5564], [130.5434, 33.5546], [130.5405, 33.5549], [130.5398, 33.5526], [130.5415, 33.5522], [130.5418, 33.5518], [130.5418, 33.5494], [130.5413, 33.5489], [130.5412, 33.5481], [130.5405, 33.5476], [130.5398, 33.548], [130.539, 33.5478], [130.5387, 33.5471], [130.5383, 33.5472], [130.5367, 33.5463], [130.5338, 33.5435], [130.5333, 33.5434], [130.5324, 33.5438], [130.5313, 33.5433], [130.5306, 33.5437], [130.5284, 33.5426], [130.5277, 33.5404], [130.5282, 33.5394], [130.5291, 33.5392], [130.5285, 33.5375], [130.5296, 33.5366], [130.5296, 33.536], [130.5279, 33.5352], [130.5262, 33.5334], [130.5248, 33.5327], [130.5242, 33.5317], [130.5227, 33.5315], [130.5222, 33.5305], [130.5195, 33.5303], [130.5185, 33.5307], [130.5183, 33.5312], [130.5171, 33.5307], [130.5163, 33.5309], [130.5158, 33.5327], [130.5144, 33.5335], [130.5142, 33.5356], [130.5072, 33.534], [130.5064, 33.5342], [130.5052, 33.5323], [130.5038, 33.5331], [130.502, 33.5318], [130.5007, 33.5317], [130.4993, 33.531], [130.4953, 33.5321], [130.4954, 33.5325], [130.4945, 33.5328], [130.4931, 33.5328], [130.4928, 33.5323], [130.4894, 33.5305], [130.4907, 33.5283], [130.4912, 33.5289], [130.4921, 33.5283], [130.492, 33.5275], [130.4913, 33.5268], [130.4931, 33.5224], [130.4949, 33.5196], [130.49, 33.5163], [130.4875, 33.5152], [130.4877, 33.5144], [130.4862, 33.5136], [130.4864, 33.5128], [130.4856, 33.5123], [130.4863, 33.5111], [130.486, 33.5103], [130.4869, 33.5096], [130.4873, 33.5086], [130.4875, 33.5065], [130.4878, 33.506], [130.4889, 33.5058], [130.4894, 33.5046], [130.4888, 33.5036], [130.4875, 33.5036], [130.4868, 33.5032], [130.4873, 33.5019], [130.487, 33.5008], [130.4862, 33.501], [130.4843, 33.4998], [130.4845, 33.4989], [130.4838, 33.4978], [130.4845, 33.4964], [130.4839, 33.4959], [130.4835, 33.4915], [130.4831, 33.491], [130.4831, 33.4904], [130.4841, 33.4896], [130.4844, 33.4877], [130.4848, 33.4878], [130.4849, 33.4869], [130.486, 33.4862], [130.4863, 33.4848], [130.4866, 33.4846], [130.4867, 33.4835], [130.4858, 33.4817], [130.4866, 33.481], [130.4865, 33.4806], [130.4872, 33.4802], [130.487, 33.4791], [130.4873, 33.4785], [130.4866, 33.4777], [130.4868, 33.4767], [130.4882, 33.4748], [130.4886, 33.4733], [130.488, 33.472], [130.4892, 33.4714], [130.49, 33.4705], [130.4911, 33.4708], [130.4913, 33.4716], [130.4927, 33.4736], [130.494, 33.4742], [130.4953, 33.4772], [130.4966, 33.4778], [130.4965, 33.4785], [130.4975, 33.4787], [130.4977, 33.479], [130.4976, 33.48], [130.4948, 33.4801], [130.4945, 33.4813], [130.4937, 33.4817], [130.4935, 33.4828], [130.4925, 33.4839], [130.4927, 33.4843], [130.4939, 33.4848], [130.4941, 33.4859], [130.4951, 33.4868], [130.4937, 33.4874], [130.4935, 33.4883], [130.4944, 33.4896], [130.4952, 33.4897], [130.4955, 33.4902], [130.4965, 33.4906], [130.4959, 33.4935], [130.4968, 33.4948], [130.4962, 33.4952], [130.4961, 33.4966], [130.4969, 33.4979], [130.498, 33.4988], [130.4984, 33.5], [130.4999, 33.5007], [130.4996, 33.5017], [130.4998, 33.5029], [130.5015, 33.5037], [130.5015, 33.505], [130.5026, 33.5049], [130.5026, 33.5056], [130.5032, 33.5061], [130.5029, 33.508], [130.5024, 33.508], [130.5024, 33.5089], [130.502, 33.5091], [130.5022, 33.5116], [130.504, 33.5121], [130.5044, 33.5113], [130.5046, 33.5077], [130.504, 33.5071], [130.5044, 33.507], [130.5045, 33.5059], [130.5051, 33.5059], [130.5047, 33.5056], [130.5052, 33.5054], [130.5053, 33.5042], [130.5063, 33.5034], [130.5067, 33.5025], [130.5078, 33.5025], [130.5084, 33.5022], [130.5083, 33.5], [130.5098, 33.5003], [130.5101, 33.4999], [130.5109, 33.4999], [130.5113, 33.5004], [130.5122, 33.5], [130.5122, 33.4997], [130.513, 33.4998], [130.5126, 33.5001], [130.5129, 33.5007], [130.5135, 33.5], [130.5132, 33.4998], [130.5143, 33.4997], [130.5139, 33.5037], [130.5134, 33.5039], [130.5155, 33.503], [130.5157, 33.5033], [130.5167, 33.5033], [130.5172, 33.5028], [130.5193, 33.5033], [130.5201, 33.5044], [130.5213, 33.5048], [130.5207, 33.5072], [130.522, 33.5067], [130.5221, 33.507], [130.5232, 33.5073], [130.5258, 33.5066], [130.5264, 33.5062], [130.5276, 33.5061], [130.5296, 33.5054], [130.5298, 33.5056], [130.5307, 33.5047], [130.5314, 33.5021], [130.5306, 33.5003], [130.5312, 33.4998], [130.5308, 33.4983], [130.532, 33.4975], [130.5319, 33.497], [130.5341, 33.4964], [130.5344, 33.4954], [130.5339, 33.4947], [130.5366, 33.493], [130.5365, 33.4927], [130.5409, 33.4907], [130.5413, 33.4913], [130.5429, 33.4917], [130.5428, 33.4922], [130.5415, 33.4923], [130.5427, 33.493], [130.543, 33.4947], [130.5442, 33.495], [130.5447, 33.4946], [130.5457, 33.4961], [130.5465, 33.4976], [130.5463, 33.499], [130.547, 33.5003], [130.5469, 33.5013], [130.5477, 33.5017], [130.5478, 33.5021], [130.5473, 33.5027], [130.5473, 33.5036], [130.5478, 33.5048], [130.5491, 33.5062], [130.5462, 33.5113], [130.541, 33.5124], [130.5411, 33.5135], [130.5399, 33.5141], [130.5396, 33.5147], [130.5397, 33.5159], [130.5403, 33.5167], [130.5419, 33.5216], [130.543, 33.5221], [130.5446, 33.5211], [130.5458, 33.5225], [130.5459, 33.5238], [130.5468, 33.524], [130.5471, 33.5245], [130.547, 33.5232], [130.5491, 33.5232], [130.5496, 33.5225], [130.5512, 33.5215], [130.5525, 33.5222], [130.5532, 33.5218], [130.555, 33.522], [130.5558, 33.5224], [130.5558, 33.5232], [130.5582, 33.5236], [130.56, 33.5264], [130.5606, 33.5286], [130.5622, 33.5288], [130.5634, 33.5297], [130.5644, 33.5299], [130.5654, 33.5309], [130.5659, 33.5317], [130.5675, 33.5373], [130.568, 33.5374], [130.5688, 33.5395], [130.5697, 33.5406], [130.5722, 33.5423]]], [[[130.5287, 33.5048], [130.5285, 33.5044], [130.529, 33.5042], [130.5303, 33.5044], [130.5302, 33.5048], [130.5293, 33.5047], [130.5293, 33.5051], [130.5287, 33.5048]]]]}, "properties": {"name": "福岡県太宰府市"}}, {"type": "Feature", "geometry": {"type": "Polygon", "coordinates": [[[130.5208, 33.7402], [130.5175, 33.7407], [130.516, 33.7405], [130.5136, 33.741], [130.5112, 33.7405], [130.5091, 33.7407], [130.5062, 33.7422], [130.5047, 33.7425], [130.4988, 33.7454], [130.497, 33.7454], [130.4948, 33.7465], [130.4938, 33.7465], [130.4913, 33.7484], [130.4895, 33.7474], [130.4867, 33.7487], [130.4873, 33.7494], [130.4864, 33.7498], [130.4858, 33.7492], [130.4828, 33.7506], [130.4832, 33.7512], [130.4819, 33.7518], [130.4817, 33.7515], [130.4807, 33.752], [130.4805, 33.7517], [130.4776, 33.7515], [130.4757, 33.7522], [130.4728, 33.7522], [130.4674, 33.7538], [130.464, 33.7458], [130.4614, 33.7407], [130.4607, 33.7406], [130.461, 33.7404], [130.4605, 33.7396], [130.4576, 33.7358], [130.457, 33.7359], [130.4562, 33.7345], [130.452, 33.7296], [130.4472, 33.7254], [130.4483, 33.7246], [130.4507, 33.7238], [130.4547, 33.7213], [130.4592, 33.7193], [130.4608, 33.7175], [130.4607, 33.7164], [130.4621, 33.7155], [130.4626, 33.714], [130.4649, 33.7128], [130.4651, 33.7123], [130.4648, 33.7121], [130.4651, 33.7115], [130.4676, 33.7096], [130.468, 33.7084], [130.4689, 33.7081], [130.4687, 33.7069], [130.468, 33.706], [130.4682, 33.7054], [130.4677, 33.7021], [130.4652, 33.7006], [130.4662, 33.7003], [130.4663, 33.6995], [130.4673, 33.6984], [130.4672, 33.698], [130.4678, 33.6977], [130.4669, 33.6953], [130.468, 33.6943], [130.4703, 33.6939], [130.4718, 33.6942], [130.4739, 33.6939], [130.4785, 33.695], [130.4818, 33.694], [130.4849, 33.6941], [130.4854, 33.6933], [130.4869, 33.6939], [130.4885, 33.6933], [130.4919, 33.6932], [130.4924, 33.6928], [130.494, 33.6932], [130.4958, 33.6954], [130.4978, 33.6966], [130.4977, 33.6975], [130.4987, 33.6986], [130.4994, 33.6988], [130.5002, 33.6973], [130.5028, 33.6971], [130.5031, 33.6943], [130.5037, 33.6938], [130.5047, 33.6937], [130.5047, 33.6927], [130.5042, 33.6924], [130.5041, 33.6914], [130.5054, 33.6904], [130.505, 33.6893], [130.5057, 33.6887], [130.5069, 33.6888], [130.5073, 33.6875], [130.5084, 33.687], [130.5092, 33.6876], [130.51, 33.6873], [130.5108, 33.6875], [130.5117, 33.6882], [130.512, 33.6891], [130.5124, 33.6885], [130.5129, 33.6884], [130.5141, 33.6895], [130.5143, 33.6902], [130.5151, 33.6903], [130.5178, 33.692], [130.5187, 33.6921], [130.5194, 33.6928], [130.5185, 33.6937], [130.5194, 33.6943], [130.5187, 33.6952], [130.5197, 33.696], [130.5206, 33.6963], [130.5203, 33.697], [130.5212, 33.6996], [130.5201, 33.7012], [130.5214, 33.7017], [130.5225, 33.7016], [130.5251, 33.7022], [130.5263, 33.7029], [130.5264, 33.7048], [130.5278, 33.7056], [130.5277, 33.7065], [130.5281, 33.7072], [130.5293, 33.7069], [130.5298, 33.7071], [130.5311, 33.7085], [130.5321, 33.7088], [130.5328, 33.7098], [130.5339, 33.7099], [130.5351, 33.7108], [130.5374, 33.7099], [130.5408, 33.7111], [130.5447, 33.7101], [130.5457, 33.7132], [130.5479, 33.7147], [130.5472, 33.7163], [130.5478, 33.7173], [130.5505, 33.7182], [130.5514, 33.7179], [130.5521, 33.7183], [130.5524, 33.7191], [130.5554, 33.7188], [130.5592, 33.7201], [130.5588, 33.7215], [130.5575, 33.7218], [130.5584, 33.723], [130.5582, 33.7236], [130.557, 33.724], [130.5567, 33.7246], [130.5548, 33.726], [130.5536, 33.728], [130.5509, 33.7289], [130.5504, 33.7294], [130.5493, 33.7295], [130.5476, 33.7307], [130.5472, 33.7308], [130.5468, 33.7317], [130.545, 33.7333], [130.5437, 33.7342], [130.5424, 33.7344], [130.5422, 33.7362], [130.541, 33.7374], [130.5408, 33.7381], [130.538, 33.7383], [130.5345, 33.7393], [130.5318, 33.7392], [130.5303, 33.7399], [130.5285, 33.7396], [130.5208, 33.7402]]]}, "properties": {"name": "福岡県古賀市"}}, {"type": "Feature", "geometry": {"type": "MultiPolygon", "coordinates": [[[[130.4792, 33.8514], [130.4798, 33.8505], [130.4795, 33.8491], [130.4799, 33.8505], [130.4815, 33.8498], [130.4816, 33.8494], [130.481, 33.8493], [130.482, 33.8491], [130.4823, 33.8475], [130.4821, 33.843], [130.4813, 33.8414], [130.4798, 33.8332], [130.4775, 33.8265], [130.4753, 33.8218], [130.472, 33.8175], [130.4723, 33.8173], [130.473, 33.8166], [130.4721, 33.8174], [130.472, 33.8171], [130.4691, 33.8142], [130.4662, 33.8121], [130.463, 33.8106], [130.4595, 33.8096], [130.4585, 33.81], [130.4585, 33.8107], [130.4579, 33.8112], [130.4578, 33.8109], [130.455, 33.8112], [130.4527, 33.8108], [130.4509, 33.8114], [130.4502, 33.8121], [130.4507, 33.8127], [130.4503, 33.8144], [130.4499, 33.8145], [130.4502, 33.8148], [130.4504, 33.8146], [130.4504, 33.8151], [130.45, 33.8163], [130.4498, 33.8167], [130.4494, 33.8163], [130.4487, 33.8166], [130.4484, 33.8169], [130.4486, 33.8175], [130.4477, 33.8166], [130.4471, 33.8166], [130.4468, 33.8161], [130.4454, 33.8163], [130.4452, 33.8158], [130.444, 33.8154], [130.4444, 33.8149], [130.444, 33.8148], [130.4449, 33.8143], [130.4454, 33.8131], [130.4465, 33.8132], [130.4472, 33.8126], [130.4468, 33.8119], [130.446, 33.8119], [130.4464, 33.8109], [130.4461, 33.8094], [130.4464, 33.8089], [130.4462, 33.8091], [130.4475, 33.8076], [130.4492, 33.8063], [130.4499, 33.8062], [130.45, 33.8039], [130.4512, 33.8025], [130.45, 33.7991], [130.4489, 33.7974], [130.4471, 33.7961], [130.4462, 33.7966], [130.4463, 33.7961], [130.4455, 33.7961], [130.4457, 33.7956], [130.4452, 33.7952], [130.4456, 33.7952], [130.4457, 33.7945], [130.4456, 33.7933], [130.4453, 33.793], [130.4459, 33.792], [130.4457, 33.791], [130.4463, 33.7904], [130.4472, 33.7904], [130.4477, 33.7894], [130.4475, 33.7884], [130.4468, 33.788], [130.4472, 33.7877], [130.447, 33.7873], [130.4474, 33.7872], [130.4472, 33.7868], [130.4474, 33.7861], [130.4477, 33.7859], [130.448, 33.7864], [130.448, 33.7859], [130.4485, 33.7862], [130.4488, 33.7855], [130.4491, 33.7857], [130.4499, 33.785], [130.4501, 33.785], [130.4506, 33.7844], [130.4513, 33.7841], [130.4516, 33.7842], [130.4509, 33.7843], [130.4503, 33.7848], [130.4518, 33.7854], [130.452, 33.7846], [130.4519, 33.7854], [130.4537, 33.7863], [130.4543, 33.786], [130.455, 33.7849], [130.4544, 33.786], [130.4562, 33.7875], [130.4585, 33.7913], [130.4595, 33.791], [130.4571, 33.787], [130.457, 33.7865], [130.4582, 33.786], [130.4574, 33.7851], [130.4554, 33.7841], [130.4574, 33.7851], [130.4598, 33.7878], [130.4607, 33.7875], [130.4611, 33.7883], [130.4636, 33.7872], [130.4656, 33.7857], [130.4661, 33.7861], [130.4657, 33.7854], [130.4691, 33.7802], [130.4706, 33.7746], [130.4728, 33.7742], [130.4706, 33.7744], [130.4711, 33.7709], [130.4705, 33.7669], [130.471, 33.7668], [130.4704, 33.7668], [130.47, 33.766], [130.4678, 33.7663], [130.4674, 33.7651], [130.4685, 33.7649], [130.468, 33.7635], [130.4697, 33.7633], [130.4694, 33.7622], [130.469, 33.7621], [130.4695, 33.7617], [130.4693, 33.7601], [130.4674, 33.7538], [130.4728, 33.7522], [130.4757, 33.7522], [130.4776, 33.7515], [130.4805, 33.7517], [130.4807, 33.752], [130.4817, 33.7515], [130.4819, 33.7518], [130.4832, 33.7512], [130.4828, 33.7506], [130.4858, 33.7492], [130.4864, 33.7498], [130.4873, 33.7494], [130.4867, 33.7487], [130.4895, 33.7474], [130.4913, 33.7484], [130.4938, 33.7465], [130.4948, 33.7465], [130.497, 33.7454], [130.4988, 33.7454], [130.5047, 33.7425], [130.5062, 33.7422], [130.5091, 33.7407], [130.5112, 33.7405], [130.5136, 33.741], [130.516, 33.7405], [130.5175, 33.7407], [130.5208, 33.7402], [130.5285, 33.7396], [130.5303, 33.7399], [130.5318, 33.7392], [130.5345, 33.7393], [130.538, 33.7383], [130.5408, 33.7381], [130.541, 33.7374], [130.5422, 33.7362], [130.5424, 33.7344], [130.5437, 33.7342], [130.545, 33.7333], [130.5468, 33.7317], [130.5472, 33.7308], [130.5476, 33.7307], [130.5485, 33.7321], [130.5487, 33.734], [130.5495, 33.7346], [130.5498, 33.7358], [130.5512, 33.7372], [130.5525, 33.7376], [130.5533, 33.7384], [130.5539, 33.7416], [130.5529, 33.7428], [130.5532, 33.7439], [130.5521, 33.7447], [130.5532, 33.7466], [130.5545, 33.7479], [130.5553, 33.75], [130.5549, 33.7505], [130.5541, 33.7502], [130.5513, 33.7515], [130.5516, 33.7534], [130.5502, 33.7551], [130.5497, 33.7572], [130.55, 33.7577], [130.5493, 33.7582], [130.5474, 33.7583], [130.5477, 33.7595], [130.5461, 33.7602], [130.5449, 33.7601], [130.5439, 33.761], [130.5446, 33.7619], [130.5434, 33.7624], [130.5422, 33.7645], [130.5416, 33.765], [130.5432, 33.7665], [130.5432, 33.7674], [130.5409, 33.7682], [130.5411, 33.7689], [130.5408, 33.7691], [130.5398, 33.769], [130.5429, 33.7701], [130.5449, 33.7704], [130.546, 33.7714], [130.5425, 33.7733], [130.5421, 33.7746], [130.541, 33.7739], [130.5391, 33.7739], [130.539, 33.775], [130.5394, 33.7761], [130.539, 33.7769], [130.5392, 33.7776], [130.5378, 33.779], [130.5377, 33.7798], [130.5367, 33.78], [130.5361, 33.7797], [130.5349, 33.7803], [130.5338, 33.7797], [130.531, 33.7796], [130.5306, 33.7789], [130.5296, 33.7796], [130.5294, 33.7803], [130.5283, 33.7809], [130.5275, 33.7808], [130.5255, 33.7795], [130.5252, 33.7796], [130.5253, 33.7787], [130.5233, 33.7773], [130.5214, 33.7749], [130.5192, 33.7765], [130.5193, 33.7772], [130.5176, 33.7777], [130.5173, 33.7789], [130.5166, 33.779], [130.5178, 33.7813], [130.5163, 33.7801], [130.5166, 33.7807], [130.5155, 33.7809], [130.5153, 33.7822], [130.5147, 33.7826], [130.5149, 33.7831], [130.5132, 33.7832], [130.5098, 33.7863], [130.5092, 33.786], [130.5079, 33.7876], [130.5068, 33.7878], [130.5054, 33.7891], [130.503, 33.7897], [130.5013, 33.7919], [130.4998, 33.7916], [130.4989, 33.7919], [130.4966, 33.7939], [130.4949, 33.7945], [130.4947, 33.7952], [130.4959, 33.7968], [130.4973, 33.7976], [130.4987, 33.7981], [130.4994, 33.7988], [130.4985, 33.8039], [130.4996, 33.8056], [130.5009, 33.8062], [130.5027, 33.8062], [130.5048, 33.8073], [130.5049, 33.809], [130.5055, 33.8103], [130.5051, 33.8116], [130.5053, 33.8123], [130.5041, 33.8136], [130.5009, 33.8153], [130.5002, 33.8172], [130.4993, 33.8182], [130.4989, 33.8182], [130.4991, 33.8194], [130.4987, 33.8197], [130.4984, 33.8211], [130.498, 33.8214], [130.4983, 33.8226], [130.4981, 33.8232], [130.4995, 33.8255], [130.4994, 33.8268], [130.5005, 33.8281], [130.5001, 33.8285], [130.5, 33.8294], [130.5003, 33.8311], [130.4996, 33.8317], [130.4975, 33.8319], [130.497, 33.833], [130.4971, 33.834], [130.4959, 33.8351], [130.4954, 33.8364], [130.4946, 33.8364], [130.4935, 33.8374], [130.4933, 33.8379], [130.4942, 33.8389], [130.4938, 33.8396], [130.4923, 33.8401], [130.491, 33.8411], [130.4909, 33.8417], [130.4898, 33.8422], [130.4899, 33.8424], [130.491, 33.842], [130.4903, 33.8438], [130.4913, 33.8444], [130.4911, 33.845], [130.4897, 33.8452], [130.4897, 33.8447], [130.4887, 33.8444], [130.4888, 33.8451], [130.4881, 33.8457], [130.4885, 33.845], [130.4874, 33.8437], [130.487, 33.8435], [130.4864, 33.8436], [130.4862, 33.8446], [130.4858, 33.844], [130.4847, 33.8437], [130.4855, 33.842], [130.4866, 33.8419], [130.4872, 33.841], [130.488, 33.8408], [130.4879, 33.8405], [130.4865, 33.8405], [130.4857, 33.84], [130.4857, 33.8403], [130.4852, 33.8404], [130.4848, 33.841], [130.4855, 33.8416], [130.4842, 33.8429], [130.4844, 33.8433], [130.4826, 33.8443], [130.4826, 33.8477], [130.482, 33.85], [130.4792, 33.8514]], [[130.4901, 33.8429], [130.49, 33.8427], [130.4891, 33.8429], [130.4889, 33.8434], [130.4901, 33.8429]]], [[[130.4424, 33.8183], [130.4422, 33.8185], [130.442, 33.8182], [130.4424, 33.8178], [130.4424, 33.8183]]]]}, "properties": {"name": "福岡県福津市"}}, {"type": "Feature", "geometry": {"type": "Polygon", "coordinates": [[[130.7243, 33.3024], [130.724, 33.3017], [130.7249, 33.2998], [130.7249, 33.2979], [130.7258, 33.2956], [130.7275, 33.294], [130.7307, 33.2924], [130.73, 33.2908], [130.7301, 33.2883], [130.7304, 33.2873], [130.7317, 33.2864], [130.7333, 33.2869], [130.7346, 33.2862], [130.7355, 33.2851], [130.7386, 33.2846], [130.7411, 33.2824], [130.743, 33.2818], [130.7435, 33.2807], [130.7455, 33.2801], [130.7475, 33.2804], [130.7498, 33.2814], [130.7505, 33.2814], [130.7524, 33.2829], [130.755, 33.2822], [130.7561, 33.2814], [130.7582, 33.2821], [130.7594, 33.2829], [130.7623, 33.2833], [130.7629, 33.2823], [130.7648, 33.2823], [130.7699, 33.2793], [130.7702, 33.2787], [130.7722, 33.2774], [130.7721, 33.2764], [130.7726, 33.2757], [130.7759, 33.2756], [130.7771, 33.2727], [130.7813, 33.2686], [130.7823, 33.269], [130.7829, 33.2704], [130.785, 33.2702], [130.7859, 33.2708], [130.7874, 33.2707], [130.7879, 33.2698], [130.7899, 33.2702], [130.7921, 33.2698], [130.7925, 33.2694], [130.7915, 33.2663], [130.7931, 33.2637], [130.8001, 33.2637], [130.8014, 33.2632], [130.8039, 33.2628], [130.8054, 33.2614], [130.8077, 33.2611], [130.8093, 33.2605], [130.8127, 33.258], [130.8137, 33.2578], [130.8144, 33.2567], [130.8149, 33.2566], [130.8161, 33.2566], [130.8169, 33.2577], [130.8194, 33.2579], [130.8204, 33.2572], [130.8211, 33.2556], [130.8226, 33.254], [130.8244, 33.2535], [130.8267, 33.255], [130.8275, 33.2565], [130.8286, 33.2575], [130.8297, 33.2579], [130.8316, 33.2579], [130.8322, 33.2581], [130.8327, 33.2587], [130.8347, 33.2577], [130.8354, 33.2569], [130.8373, 33.2581], [130.8381, 33.2582], [130.8396, 33.2576], [130.8434, 33.2573], [130.8455, 33.2579], [130.8466, 33.2586], [130.8488, 33.2611], [130.8498, 33.2607], [130.8514, 33.2606], [130.8534, 33.2623], [130.8545, 33.2627], [130.8554, 33.2628], [130.8567, 33.2621], [130.8589, 33.2619], [130.8614, 33.2621], [130.862, 33.2616], [130.8638, 33.2614], [130.8646, 33.2621], [130.8666, 33.2623], [130.8678, 33.2633], [130.868, 33.264], [130.8676, 33.2679], [130.8625, 33.2676], [130.8606, 33.2668], [130.8604, 33.2677], [130.859, 33.2685], [130.8574, 33.2705], [130.8575, 33.272], [130.8565, 33.2754], [130.8557, 33.2753], [130.8545, 33.2758], [130.8522, 33.2776], [130.8532, 33.2803], [130.8546, 33.2814], [130.8566, 33.2846], [130.8603, 33.2867], [130.8625, 33.2888], [130.8638, 33.2892], [130.8662, 33.2922], [130.8659, 33.2929], [130.8662, 33.2936], [130.8646, 33.2948], [130.8647, 33.2964], [130.8642, 33.2977], [130.8634, 33.298], [130.8618, 33.3002], [130.8611, 33.3021], [130.8622, 33.3052], [130.8615, 33.3072], [130.862, 33.3094], [130.8604, 33.31], [130.859, 33.3133], [130.859, 33.3146], [130.8582, 33.3145], [130.8575, 33.3151], [130.8578, 33.3171], [130.8571, 33.3184], [130.8562, 33.3186], [130.8564, 33.3206], [130.8551, 33.3215], [130.854, 33.3239], [130.8542, 33.3248], [130.8564, 33.3259], [130.8573, 33.327], [130.8545, 33.3298], [130.8517, 33.3353], [130.8498, 33.3375], [130.8473, 33.3386], [130.8457, 33.3386], [130.8448, 33.3382], [130.8441, 33.3375], [130.8441, 33.337], [130.8454, 33.3354], [130.8458, 33.3343], [130.8451, 33.3336], [130.8438, 33.3336], [130.8432, 33.3341], [130.8414, 33.3371], [130.8377, 33.3399], [130.8353, 33.3436], [130.8309, 33.3484], [130.8277, 33.3512], [130.8262, 33.3522], [130.8183, 33.3556], [130.8142, 33.3594], [130.8126, 33.3603], [130.8108, 33.3605], [130.8076, 33.3602], [130.8018, 33.3575], [130.7977, 33.3561], [130.7952, 33.3549], [130.7933, 33.3527], [130.7891, 33.3492], [130.7868, 33.3484], [130.7843, 33.3485], [130.7813, 33.3493], [130.7784, 33.3514], [130.7743, 33.3591], [130.7723, 33.361], [130.7681, 33.3636], [130.7677, 33.3615], [130.7666, 33.3617], [130.7664, 33.3608], [130.7641, 33.3608], [130.763, 33.3612], [130.7632, 33.3627], [130.7622, 33.3628], [130.7624, 33.3638], [130.76, 33.3642], [130.7601, 33.365], [130.7587, 33.3645], [130.7559, 33.3642], [130.7502, 33.3645], [130.749, 33.3648], [130.7484, 33.3631], [130.7471, 33.3633], [130.7465, 33.3608], [130.7443, 33.3613], [130.7398, 33.3629], [130.74, 33.3634], [130.739, 33.3638], [130.7392, 33.3642], [130.7385, 33.3646], [130.7387, 33.3648], [130.7368, 33.3684], [130.7338, 33.3697], [130.7334, 33.3714], [130.7321, 33.3732], [130.7277, 33.373], [130.7247, 33.369], [130.725, 33.3681], [130.7228, 33.3674], [130.7229, 33.361], [130.7229, 33.36], [130.7261, 33.3601], [130.7261, 33.3606], [130.7268, 33.3606], [130.7273, 33.3613], [130.7284, 33.3613], [130.7284, 33.36], [130.7296, 33.36], [130.7296, 33.359], [130.7319, 33.359], [130.7315, 33.3548], [130.7318, 33.3548], [130.7318, 33.3541], [130.7311, 33.3541], [130.731, 33.3532], [130.7288, 33.3534], [130.7277, 33.353], [130.7273, 33.3536], [130.7278, 33.3534], [130.727, 33.3551], [130.727, 33.356], [130.7263, 33.3561], [130.7261, 33.3574], [130.7256, 33.3579], [130.7234, 33.3581], [130.7229, 33.358], [130.7229, 33.357], [130.7205, 33.357], [130.7203, 33.356], [130.7188, 33.3561], [130.718, 33.3527], [130.7217, 33.352], [130.724, 33.3511], [130.7239, 33.3507], [130.7253, 33.3512], [130.7253, 33.3502], [130.7257, 33.3497], [130.7251, 33.3487], [130.7261, 33.3482], [130.7263, 33.3472], [130.7295, 33.347], [130.7312, 33.3472], [130.7313, 33.3402], [130.7265, 33.3401], [130.7265, 33.3378], [130.724, 33.3377], [130.7248, 33.3339], [130.7245, 33.3338], [130.7243, 33.3323], [130.7244, 33.3287], [130.7239, 33.3287], [130.7234, 33.3264], [130.7237, 33.3252], [130.7258, 33.3248], [130.7267, 33.3241], [130.7257, 33.3225], [130.7257, 33.3195], [130.7287, 33.3027], [130.7256, 33.302], [130.7243, 33.3024]]]}, "properties": {"name": "福岡県うきは市"}}, {"type": "Feature", "geometry": {"type": "Polygon", "coordinates": [[[130.6839, 33.7484], [130.6833, 33.7487], [130.6827, 33.7484], [130.6816, 33.7485], [130.6812, 33.7481], [130.6793, 33.7435], [130.6773, 33.7449], [130.6746, 33.7435], [130.6721, 33.7429], [130.6706, 33.7412], [130.6684, 33.7415], [130.6677, 33.7405], [130.6668, 33.7405], [130.6645, 33.7412], [130.6612, 33.7401], [130.6603, 33.7406], [130.6599, 33.74], [130.6572, 33.7397], [130.6577, 33.7405], [130.6572, 33.7412], [130.6573, 33.7417], [130.655, 33.7432], [130.6543, 33.7443], [130.6546, 33.7445], [130.6539, 33.746], [130.6547, 33.7474], [130.6529, 33.7493], [130.652, 33.7507], [130.6528, 33.7513], [130.6529, 33.7518], [130.6519, 33.7538], [130.6521, 33.755], [130.6519, 33.7564], [130.6524, 33.7569], [130.6529, 33.7566], [130.6529, 33.758], [130.6516, 33.7609], [130.6526, 33.7627], [130.6519, 33.7633], [130.6516, 33.7648], [130.6512, 33.7651], [130.6518, 33.7662], [130.6509, 33.7667], [130.6502, 33.768], [130.6505, 33.7685], [130.6499, 33.7688], [130.6501, 33.7692], [130.6492, 33.7702], [130.6508, 33.7719], [130.6505, 33.773], [130.6507, 33.7734], [130.6499, 33.7739], [130.6497, 33.7747], [130.6485, 33.7747], [130.6483, 33.7765], [130.6464, 33.7794], [130.6461, 33.7812], [130.6453, 33.7818], [130.6448, 33.7834], [130.6449, 33.785], [130.6434, 33.7871], [130.6424, 33.7877], [130.641, 33.7896], [130.6412, 33.7907], [130.6398, 33.7906], [130.6378, 33.7893], [130.6369, 33.7901], [130.6365, 33.791], [130.6356, 33.7906], [130.6337, 33.7908], [130.6348, 33.7888], [130.635, 33.7877], [130.6318, 33.7867], [130.6318, 33.7857], [130.6312, 33.7851], [130.6311, 33.7842], [130.6313, 33.7826], [130.6325, 33.7816], [130.6324, 33.7802], [130.6321, 33.7801], [130.631, 33.7798], [130.6292, 33.7808], [130.6284, 33.7807], [130.6264, 33.7813], [130.6224, 33.7812], [130.6221, 33.7819], [130.6209, 33.7827], [130.6196, 33.7831], [130.6157, 33.782], [130.6139, 33.7793], [130.6134, 33.7774], [130.6089, 33.7766], [130.6054, 33.777], [130.6015, 33.7719], [130.6005, 33.7715], [130.6032, 33.7695], [130.6039, 33.7682], [130.6042, 33.7643], [130.6055, 33.7622], [130.6037, 33.763], [130.6023, 33.7631], [130.5987, 33.7618], [130.5975, 33.7632], [130.5949, 33.7631], [130.5939, 33.7638], [130.5925, 33.7642], [130.5919, 33.7638], [130.5916, 33.7622], [130.59, 33.7611], [130.5895, 33.7602], [130.5867, 33.7607], [130.5849, 33.7602], [130.5841, 33.7593], [130.5845, 33.7566], [130.5842, 33.7563], [130.5835, 33.7565], [130.5833, 33.7559], [130.5821, 33.7561], [130.5814, 33.7569], [130.5799, 33.7567], [130.5794, 33.7562], [130.5787, 33.7563], [130.5774, 33.7557], [130.5748, 33.7566], [130.5723, 33.7556], [130.5673, 33.7549], [130.5638, 33.756], [130.5631, 33.7554], [130.5631, 33.7548], [130.5619, 33.755], [130.5611, 33.7546], [130.5605, 33.7551], [130.5594, 33.755], [130.559, 33.7543], [130.5576, 33.7536], [130.5572, 33.7525], [130.5549, 33.7513], [130.5549, 33.7505], [130.5553, 33.75], [130.5545, 33.7479], [130.5532, 33.7466], [130.5521, 33.7447], [130.5532, 33.7439], [130.5529, 33.7428], [130.5539, 33.7416], [130.5533, 33.7384], [130.5525, 33.7376], [130.5512, 33.7372], [130.5498, 33.7358], [130.5495, 33.7346], [130.5487, 33.734], [130.5485, 33.7321], [130.5476, 33.7307], [130.5493, 33.7295], [130.5504, 33.7294], [130.5509, 33.7289], [130.5536, 33.728], [130.5548, 33.726], [130.5567, 33.7246], [130.557, 33.724], [130.5582, 33.7236], [130.5584, 33.723], [130.5575, 33.7218], [130.5588, 33.7215], [130.5592, 33.7201], [130.5554, 33.7188], [130.5524, 33.7191], [130.5521, 33.7183], [130.5514, 33.7179], [130.5505, 33.7182], [130.5478, 33.7173], [130.5472, 33.7163], [130.5479, 33.7147], [130.5457, 33.7132], [130.5447, 33.7101], [130.5447, 33.7085], [130.5432, 33.7075], [130.5419, 33.7073], [130.5415, 33.7062], [130.5423, 33.7055], [130.5427, 33.7035], [130.5422, 33.7028], [130.5424, 33.7014], [130.5413, 33.7005], [130.5409, 33.6984], [130.542, 33.6964], [130.5419, 33.6948], [130.5429, 33.694], [130.5449, 33.6938], [130.5454, 33.693], [130.5438, 33.6908], [130.5443, 33.6893], [130.5421, 33.6884], [130.5417, 33.687], [130.5409, 33.6863], [130.5418, 33.6851], [130.5398, 33.6818], [130.5403, 33.6809], [130.5411, 33.6807], [130.541, 33.6796], [130.5418, 33.6798], [130.5421, 33.6794], [130.5415, 33.6762], [130.5422, 33.6754], [130.5437, 33.6749], [130.5462, 33.6757], [130.5481, 33.6748], [130.5485, 33.6741], [130.5496, 33.6733], [130.55, 33.6724], [130.5508, 33.6704], [130.5503, 33.67], [130.5513, 33.668], [130.5518, 33.6682], [130.5522, 33.6678], [130.5538, 33.668], [130.5557, 33.6667], [130.5575, 33.6673], [130.5592, 33.667], [130.5598, 33.6664], [130.5618, 33.6663], [130.5624, 33.6656], [130.5658, 33.6654], [130.5683, 33.664], [130.5707, 33.6632], [130.5711, 33.6624], [130.5728, 33.6609], [130.5733, 33.66], [130.5742, 33.6595], [130.5743, 33.6586], [130.5752, 33.658], [130.5751, 33.6559], [130.5739, 33.6542], [130.5712, 33.653], [130.5708, 33.652], [130.5689, 33.6512], [130.5675, 33.6496], [130.5674, 33.6488], [130.5659, 33.6477], [130.5662, 33.6469], [130.5681, 33.6455], [130.5693, 33.6438], [130.5713, 33.643], [130.572, 33.6418], [130.5731, 33.6414], [130.5738, 33.6394], [130.5751, 33.6381], [130.5768, 33.6403], [130.577, 33.6417], [130.5785, 33.6425], [130.5791, 33.6436], [130.5804, 33.6439], [130.5806, 33.6453], [130.5812, 33.6463], [130.5838, 33.6478], [130.5863, 33.6488], [130.5896, 33.6494], [130.5912, 33.6502], [130.5945, 33.6504], [130.5951, 33.6514], [130.5967, 33.6511], [130.5986, 33.6518], [130.6006, 33.6531], [130.6014, 33.6527], [130.6018, 33.6535], [130.6017, 33.6546], [130.6038, 33.6536], [130.6063, 33.6533], [130.6089, 33.6508], [130.6101, 33.6516], [130.6123, 33.6545], [130.6146, 33.6552], [130.6156, 33.6561], [130.616, 33.656], [130.617, 33.6563], [130.6204, 33.6603], [130.6199, 33.6618], [130.621, 33.6634], [130.6197, 33.6648], [130.6205, 33.6655], [130.6205, 33.6662], [130.6209, 33.6664], [130.6211, 33.6684], [130.6224, 33.6685], [130.6239, 33.668], [130.6247, 33.668], [130.6251, 33.6684], [130.626, 33.6683], [130.6264, 33.6672], [130.6275, 33.6659], [130.6301, 33.6669], [130.6327, 33.6685], [130.6335, 33.6693], [130.6345, 33.6719], [130.6356, 33.6723], [130.637, 33.6717], [130.6383, 33.6727], [130.6377, 33.6747], [130.6383, 33.6761], [130.6389, 33.6766], [130.6387, 33.6774], [130.6391, 33.6785], [130.6387, 33.6798], [130.6379, 33.6808], [130.6391, 33.6835], [130.643, 33.6876], [130.6453, 33.6884], [130.6458, 33.6881], [130.6473, 33.688], [130.6495, 33.687], [130.6508, 33.6873], [130.6514, 33.687], [130.6525, 33.6876], [130.6538, 33.6877], [130.6555, 33.6887], [130.6567, 33.689], [130.6567, 33.6896], [130.6591, 33.6917], [130.6593, 33.6932], [130.6601, 33.6935], [130.6608, 33.6933], [130.6614, 33.6927], [130.6648, 33.6917], [130.6653, 33.6907], [130.665, 33.6901], [130.6655, 33.6896], [130.6654, 33.689], [130.668, 33.6905], [130.6691, 33.6915], [130.6703, 33.692], [130.6706, 33.6911], [130.6706, 33.6917], [130.6715, 33.6926], [130.6717, 33.6937], [130.6727, 33.6945], [130.6727, 33.6961], [130.6733, 33.6965], [130.675, 33.6963], [130.6751, 33.6971], [130.6746, 33.6978], [130.6753, 33.6983], [130.6761, 33.6983], [130.6768, 33.6977], [130.6772, 33.6984], [130.678, 33.6981], [130.6792, 33.6991], [130.6798, 33.699], [130.6808, 33.6993], [130.6817, 33.7015], [130.6834, 33.7035], [130.6844, 33.7035], [130.6849, 33.703], [130.6851, 33.7], [130.6864, 33.6992], [130.6901, 33.6993], [130.6913, 33.6998], [130.6929, 33.6992], [130.6963, 33.6988], [130.6979, 33.6997], [130.6991, 33.7011], [130.6988, 33.7023], [130.6985, 33.7025], [130.6991, 33.7035], [130.699, 33.7039], [130.6972, 33.7041], [130.6967, 33.7049], [130.6972, 33.7069], [130.6967, 33.7087], [130.697, 33.7091], [130.6966, 33.7113], [130.6972, 33.712], [130.6968, 33.7127], [130.6978, 33.7142], [130.6971, 33.7151], [130.6962, 33.7147], [130.6959, 33.7202], [130.6968, 33.7207], [130.6969, 33.7224], [130.6988, 33.7225], [130.6996, 33.7236], [130.7005, 33.7242], [130.7009, 33.7242], [130.7014, 33.7248], [130.7023, 33.7246], [130.7029, 33.7258], [130.7039, 33.7259], [130.7074, 33.7251], [130.7077, 33.7256], [130.7081, 33.7256], [130.7107, 33.7248], [130.7108, 33.7253], [130.7116, 33.7251], [130.7122, 33.7253], [130.7121, 33.7266], [130.7103, 33.7274], [130.7106, 33.7284], [130.71, 33.731], [130.7101, 33.7312], [130.7108, 33.731], [130.7113, 33.732], [130.7119, 33.7322], [130.7122, 33.7307], [130.713, 33.7315], [130.7123, 33.7323], [130.7143, 33.7323], [130.715, 33.7344], [130.7152, 33.7357], [130.7149, 33.7362], [130.7139, 33.7371], [130.7105, 33.7381], [130.7086, 33.7408], [130.7081, 33.7426], [130.7044, 33.7434], [130.7032, 33.7445], [130.7052, 33.7468], [130.7045, 33.7471], [130.7053, 33.7479], [130.7032, 33.7476], [130.7016, 33.7451], [130.7003, 33.7462], [130.6958, 33.7471], [130.694, 33.7471], [130.693, 33.7468], [130.6923, 33.7458], [130.6913, 33.7458], [130.6905, 33.745], [130.69, 33.7437], [130.6873, 33.7432], [130.6862, 33.7437], [130.6858, 33.7459], [130.6839, 33.7484]]]}, "properties": {"name": "福岡県宮若市"}}, {"type": "Feature", "geometry": {"type": "Polygon", "coordinates": [[[130.7001, 33.5996], [130.7006, 33.5977], [130.7022, 33.5975], [130.7027, 33.5967], [130.7038, 33.5965], [130.7039, 33.5956], [130.703, 33.5949], [130.7026, 33.594], [130.7043, 33.5923], [130.7052, 33.5908], [130.7051, 33.5888], [130.7037, 33.5869], [130.7043, 33.5818], [130.7016, 33.5814], [130.7012, 33.5768], [130.7003, 33.5756], [130.7005, 33.5752], [130.6996, 33.5751], [130.6997, 33.5733], [130.7004, 33.5733], [130.7003, 33.5729], [130.6986, 33.5696], [130.6966, 33.5693], [130.6947, 33.5675], [130.6927, 33.5666], [130.6932, 33.5648], [130.6933, 33.5629], [130.693, 33.5617], [130.6941, 33.5591], [130.6914, 33.5527], [130.692, 33.5521], [130.6918, 33.5516], [130.6902, 33.5504], [130.6884, 33.5503], [130.6873, 33.5509], [130.685, 33.5501], [130.6847, 33.5497], [130.6845, 33.5488], [130.6859, 33.5479], [130.6854, 33.5464], [130.6847, 33.5458], [130.6851, 33.5451], [130.6849, 33.5445], [130.6853, 33.544], [130.6844, 33.5436], [130.6849, 33.5419], [130.6832, 33.5424], [130.6813, 33.5421], [130.6813, 33.5412], [130.6803, 33.54], [130.6804, 33.5393], [130.6789, 33.5381], [130.6796, 33.5378], [130.6805, 33.5386], [130.6808, 33.5383], [130.6806, 33.5375], [130.6796, 33.536], [130.6785, 33.5356], [130.6794, 33.5347], [130.6784, 33.5341], [130.6781, 33.5331], [130.6772, 33.5328], [130.6773, 33.5313], [130.6735, 33.5312], [130.6729, 33.5304], [130.673, 33.5295], [130.6722, 33.529], [130.6719, 33.5294], [130.6709, 33.5299], [130.67, 33.5295], [130.6695, 33.5299], [130.6672, 33.5291], [130.6661, 33.5273], [130.6665, 33.5268], [130.667, 33.527], [130.667, 33.5266], [130.6658, 33.5256], [130.6656, 33.5243], [130.6644, 33.5238], [130.6634, 33.5227], [130.664, 33.5216], [130.6636, 33.5207], [130.6649, 33.5191], [130.6645, 33.5185], [130.6657, 33.5179], [130.6658, 33.5174], [130.6651, 33.5165], [130.6655, 33.5138], [130.6648, 33.5132], [130.6645, 33.5111], [130.6652, 33.5094], [130.6647, 33.5079], [130.6649, 33.5067], [130.6647, 33.5058], [130.6641, 33.5056], [130.6627, 33.5036], [130.6641, 33.5031], [130.6664, 33.5008], [130.6673, 33.5008], [130.6675, 33.5001], [130.6685, 33.4999], [130.6691, 33.4981], [130.6721, 33.4993], [130.6738, 33.4994], [130.6752, 33.4976], [130.6767, 33.497], [130.6773, 33.4971], [130.6778, 33.4962], [130.679, 33.496], [130.6815, 33.4947], [130.6827, 33.4919], [130.6845, 33.4921], [130.6868, 33.4912], [130.6888, 33.4936], [130.6902, 33.4945], [130.6905, 33.4943], [130.6906, 33.493], [130.6918, 33.493], [130.6924, 33.4924], [130.6948, 33.4933], [130.695, 33.4928], [130.6956, 33.4928], [130.696, 33.4925], [130.696, 33.4915], [130.6971, 33.4909], [130.6973, 33.4914], [130.6991, 33.4926], [130.6998, 33.4922], [130.7012, 33.4924], [130.7028, 33.4918], [130.7056, 33.4917], [130.706, 33.492], [130.7071, 33.4914], [130.7074, 33.4915], [130.7079, 33.4904], [130.7087, 33.4903], [130.7105, 33.4914], [130.7116, 33.4907], [130.7119, 33.4886], [130.7133, 33.4887], [130.7148, 33.4875], [130.7157, 33.4873], [130.7164, 33.4857], [130.719, 33.4851], [130.7208, 33.4852], [130.7218, 33.485], [130.7228, 33.4842], [130.725, 33.4837], [130.7281, 33.484], [130.7297, 33.4847], [130.7306, 33.4846], [130.7328, 33.4856], [130.7338, 33.4854], [130.7346, 33.4859], [130.7346, 33.4865], [130.735, 33.4868], [130.7388, 33.4878], [130.7397, 33.4874], [130.7406, 33.4879], [130.7417, 33.4879], [130.7435, 33.4872], [130.745, 33.4871], [130.7463, 33.486], [130.7472, 33.4857], [130.7474, 33.4839], [130.7479, 33.4835], [130.7484, 33.4837], [130.749, 33.4853], [130.75, 33.4864], [130.7508, 33.4864], [130.753, 33.4873], [130.7542, 33.4873], [130.7549, 33.4878], [130.7567, 33.4878], [130.7573, 33.4881], [130.7609, 33.4884], [130.7623, 33.4883], [130.7638, 33.4876], [130.766, 33.4879], [130.7667, 33.4869], [130.7724, 33.485], [130.7742, 33.4838], [130.7755, 33.484], [130.7767, 33.4837], [130.7788, 33.4826], [130.7799, 33.4816], [130.7826, 33.4818], [130.7832, 33.4821], [130.7856, 33.4813], [130.7863, 33.48], [130.7874, 33.4795], [130.7881, 33.478], [130.7889, 33.4775], [130.7887, 33.4767], [130.7899, 33.473], [130.7915, 33.4711], [130.7942, 33.4725], [130.7964, 33.4724], [130.7984, 33.4717], [130.7995, 33.4721], [130.8028, 33.4719], [130.8036, 33.4724], [130.8053, 33.4718], [130.8063, 33.4719], [130.8084, 33.474], [130.8098, 33.4765], [130.8096, 33.4798], [130.8084, 33.4833], [130.8093, 33.4841], [130.8092, 33.4851], [130.8104, 33.4851], [130.811, 33.4855], [130.8113, 33.4872], [130.8135, 33.4874], [130.8141, 33.4881], [130.817, 33.4884], [130.8175, 33.4889], [130.817, 33.4922], [130.8154, 33.4922], [130.8148, 33.4929], [130.814, 33.4931], [130.8155, 33.4962], [130.8138, 33.4973], [130.8132, 33.4985], [130.8123, 33.4991], [130.8122, 33.4999], [130.8108, 33.5022], [130.8101, 33.5076], [130.8107, 33.5084], [130.81, 33.5091], [130.8101, 33.5095], [130.8101, 33.5098], [130.8084, 33.5116], [130.8059, 33.5118], [130.8041, 33.5113], [130.8046, 33.5142], [130.8038, 33.5156], [130.8042, 33.5165], [130.8037, 33.5178], [130.8044, 33.5192], [130.8037, 33.5203], [130.8042, 33.5217], [130.8038, 33.5224], [130.8042, 33.5228], [130.8042, 33.5249], [130.8048, 33.5258], [130.8046, 33.5263], [130.8048, 33.5275], [130.8064, 33.5313], [130.8052, 33.5317], [130.8049, 33.5333], [130.8063, 33.5349], [130.8067, 33.5367], [130.8058, 33.5373], [130.8045, 33.5377], [130.8036, 33.5385], [130.8035, 33.5407], [130.803, 33.5414], [130.8037, 33.5436], [130.8024, 33.5463], [130.8028, 33.5473], [130.8, 33.5491], [130.7995, 33.5501], [130.7981, 33.5506], [130.7977, 33.5521], [130.7972, 33.5523], [130.7972, 33.5528], [130.7968, 33.5533], [130.7963, 33.5531], [130.7957, 33.5535], [130.7954, 33.5545], [130.7938, 33.5552], [130.7929, 33.556], [130.7921, 33.5562], [130.7915, 33.557], [130.7917, 33.5592], [130.7921, 33.5594], [130.7923, 33.5603], [130.7918, 33.5616], [130.791, 33.5615], [130.7907, 33.562], [130.7895, 33.562], [130.7893, 33.5626], [130.7888, 33.5629], [130.7888, 33.5652], [130.7878, 33.5663], [130.7859, 33.5674], [130.7851, 33.5684], [130.7845, 33.5686], [130.7831, 33.5681], [130.781, 33.5682], [130.7794, 33.5673], [130.779, 33.5678], [130.779, 33.5695], [130.7785, 33.5702], [130.7757, 33.5708], [130.7748, 33.5716], [130.7723, 33.5713], [130.7725, 33.5716], [130.7746, 33.5719], [130.7772, 33.574], [130.7752, 33.5748], [130.7748, 33.5776], [130.7739, 33.5779], [130.7729, 33.5763], [130.7718, 33.5762], [130.77, 33.5791], [130.767, 33.5798], [130.7642, 33.5823], [130.7632, 33.5852], [130.7623, 33.5862], [130.7617, 33.5863], [130.7614, 33.5857], [130.7607, 33.5855], [130.7603, 33.5859], [130.7591, 33.5858], [130.7584, 33.5866], [130.7569, 33.5872], [130.7541, 33.5875], [130.7537, 33.5879], [130.7529, 33.5878], [130.7527, 33.5882], [130.7512, 33.5888], [130.7501, 33.5907], [130.7485, 33.5916], [130.748, 33.5931], [130.7471, 33.5937], [130.747, 33.5944], [130.7454, 33.5947], [130.7433, 33.5968], [130.7434, 33.5977], [130.7428, 33.5981], [130.7427, 33.5992], [130.7418, 33.5999], [130.7407, 33.6018], [130.7409, 33.6024], [130.7405, 33.6027], [130.7409, 33.6033], [130.74, 33.6039], [130.739, 33.6054], [130.7386, 33.608], [130.7396, 33.6097], [130.7395, 33.6114], [130.7399, 33.6126], [130.7372, 33.6131], [130.7359, 33.6142], [130.7342, 33.6137], [130.7344, 33.6133], [130.7332, 33.6131], [130.7332, 33.6137], [130.7321, 33.6136], [130.7314, 33.6143], [130.7308, 33.6138], [130.7302, 33.614], [130.7283, 33.6152], [130.7268, 33.6156], [130.7263, 33.6168], [130.7254, 33.6165], [130.724, 33.6171], [130.7239, 33.618], [130.7228, 33.6189], [130.7207, 33.6185], [130.72, 33.6175], [130.7149, 33.6158], [130.7123, 33.6191], [130.7093, 33.6207], [130.707, 33.6233], [130.7019, 33.6246], [130.7017, 33.6243], [130.7027, 33.6234], [130.7017, 33.6229], [130.701, 33.622], [130.6989, 33.6217], [130.6987, 33.6213], [130.6991, 33.6198], [130.6978, 33.6183], [130.6982, 33.6177], [130.6981, 33.6171], [130.699, 33.6166], [130.6995, 33.6157], [130.7005, 33.6154], [130.7007, 33.6149], [130.7, 33.6131], [130.7002, 33.6104], [130.6995, 33.6091], [130.6995, 33.608], [130.6988, 33.6076], [130.6982, 33.6061], [130.6971, 33.6048], [130.6985, 33.6042], [130.6989, 33.603], [130.6981, 33.6024], [130.6983, 33.6016], [130.7, 33.6002], [130.7001, 33.5996]]]}, "properties": {"name": "福岡県嘉麻市"}}, {"type": "Feature", "geometry": {"type": "MultiPolygon", "coordinates": [[[[130.7229, 33.361], [130.7228, 33.3674], [130.725, 33.3681], [130.7247, 33.369], [130.7277, 33.373], [130.7321, 33.3732], [130.7334, 33.3714], [130.7338, 33.3697], [130.7368, 33.3684], [130.7387, 33.3648], [130.7385, 33.3646], [130.7392, 33.3642], [130.739, 33.3638], [130.74, 33.3634], [130.7398, 33.3629], [130.7443, 33.3613], [130.7465, 33.3608], [130.7471, 33.3633], [130.7484, 33.3631], [130.749, 33.3648], [130.7502, 33.3645], [130.7559, 33.3642], [130.7587, 33.3645], [130.7601, 33.365], [130.76, 33.3642], [130.7624, 33.3638], [130.7622, 33.3628], [130.7632, 33.3627], [130.763, 33.3612], [130.7641, 33.3608], [130.7664, 33.3608], [130.7666, 33.3617], [130.7677, 33.3615], [130.7681, 33.3636], [130.7723, 33.361], [130.7743, 33.3591], [130.7784, 33.3514], [130.7813, 33.3493], [130.7843, 33.3485], [130.7868, 33.3484], [130.7891, 33.3492], [130.7933, 33.3527], [130.7952, 33.3549], [130.7977, 33.3561], [130.8018, 33.3575], [130.8076, 33.3602], [130.8108, 33.3605], [130.8126, 33.3603], [130.8142, 33.3594], [130.8183, 33.3556], [130.8262, 33.3522], [130.8277, 33.3512], [130.8309, 33.3484], [130.8353, 33.3436], [130.8385, 33.3449], [130.8389, 33.3454], [130.8401, 33.3458], [130.8407, 33.3466], [130.8411, 33.3466], [130.8411, 33.3472], [130.8417, 33.3474], [130.8426, 33.3488], [130.8422, 33.3502], [130.8428, 33.3508], [130.8439, 33.3514], [130.8464, 33.3516], [130.8466, 33.3521], [130.8495, 33.3532], [130.8507, 33.3545], [130.8508, 33.3551], [130.8529, 33.3567], [130.8563, 33.3584], [130.8585, 33.3609], [130.86, 33.3609], [130.8614, 33.3621], [130.8618, 33.3628], [130.8615, 33.3639], [130.8607, 33.365], [130.8606, 33.3658], [130.8597, 33.3663], [130.8602, 33.3677], [130.8596, 33.3703], [130.8603, 33.3717], [130.8597, 33.3728], [130.8604, 33.3733], [130.8603, 33.3739], [130.8593, 33.3753], [130.8599, 33.3786], [130.8603, 33.3796], [130.861, 33.38], [130.8614, 33.3816], [130.8603, 33.3822], [130.86, 33.3832], [130.8586, 33.3839], [130.859, 33.3846], [130.8601, 33.385], [130.8604, 33.3864], [130.8602, 33.3867], [130.8589, 33.3868], [130.8588, 33.3883], [130.8573, 33.3907], [130.8573, 33.3928], [130.8567, 33.3935], [130.8579, 33.3937], [130.8586, 33.3946], [130.8592, 33.3993], [130.8578, 33.4007], [130.8562, 33.4002], [130.8558, 33.4008], [130.8551, 33.4002], [130.8556, 33.4008], [130.8544, 33.4015], [130.8548, 33.4016], [130.855, 33.4013], [130.8568, 33.4007], [130.858, 33.4017], [130.8579, 33.4024], [130.8566, 33.4036], [130.8541, 33.4032], [130.8557, 33.4037], [130.8571, 33.4037], [130.8562, 33.4048], [130.8552, 33.4047], [130.8559, 33.405], [130.8555, 33.4054], [130.8534, 33.4052], [130.853, 33.4044], [130.852, 33.4041], [130.8527, 33.4046], [130.8518, 33.4047], [130.853, 33.4049], [130.8533, 33.4053], [130.852, 33.4061], [130.8535, 33.4055], [130.855, 33.4056], [130.8552, 33.4063], [130.8549, 33.407], [130.8538, 33.408], [130.8525, 33.4081], [130.8505, 33.4094], [130.8486, 33.4095], [130.8496, 33.4102], [130.8484, 33.4105], [130.8489, 33.411], [130.8483, 33.4117], [130.8485, 33.4127], [130.8495, 33.4121], [130.8493, 33.4119], [130.8498, 33.4108], [130.851, 33.4102], [130.8514, 33.4106], [130.8507, 33.412], [130.8508, 33.4143], [130.8492, 33.4142], [130.85, 33.4146], [130.8487, 33.4171], [130.8487, 33.4181], [130.8465, 33.4183], [130.8419, 33.4166], [130.839, 33.4186], [130.8373, 33.4204], [130.8362, 33.4208], [130.836, 33.4213], [130.8365, 33.4226], [130.8363, 33.4235], [130.8351, 33.4244], [130.8349, 33.427], [130.834, 33.4285], [130.8346, 33.4306], [130.8339, 33.432], [130.834, 33.4333], [130.8332, 33.434], [130.8326, 33.4353], [130.8325, 33.4364], [130.8317, 33.4364], [130.8315, 33.4368], [130.8317, 33.4373], [130.8309, 33.4387], [130.828, 33.44], [130.8282, 33.4406], [130.8278, 33.4421], [130.8284, 33.4425], [130.8289, 33.4435], [130.8286, 33.445], [130.8289, 33.4475], [130.8284, 33.448], [130.828, 33.4495], [130.8264, 33.4497], [130.8261, 33.4502], [130.8254, 33.4504], [130.8247, 33.4518], [130.824, 33.4514], [130.8235, 33.4516], [130.8221, 33.4545], [130.8207, 33.4552], [130.8204, 33.4561], [130.8188, 33.4566], [130.8183, 33.4572], [130.8169, 33.4567], [130.8145, 33.4577], [130.8124, 33.4572], [130.8119, 33.4577], [130.8107, 33.4581], [130.8085, 33.457], [130.8073, 33.4558], [130.8063, 33.4561], [130.8049, 33.4545], [130.8042, 33.4544], [130.8029, 33.4546], [130.8028, 33.4553], [130.8023, 33.4556], [130.8017, 33.4554], [130.8, 33.4565], [130.7977, 33.4571], [130.7949, 33.4565], [130.7935, 33.4547], [130.7907, 33.4537], [130.7881, 33.4543], [130.787, 33.4549], [130.7853, 33.4543], [130.7846, 33.4529], [130.7837, 33.4527], [130.7829, 33.4519], [130.7776, 33.4504], [130.7746, 33.452], [130.774, 33.452], [130.7734, 33.4525], [130.7697, 33.4527], [130.7667, 33.4536], [130.765, 33.4546], [130.7662, 33.4554], [130.7673, 33.4553], [130.7711, 33.456], [130.7748, 33.458], [130.7771, 33.4618], [130.7776, 33.462], [130.7773, 33.4642], [130.7784, 33.4645], [130.7785, 33.4655], [130.7793, 33.4669], [130.7805, 33.4681], [130.7816, 33.4684], [130.7819, 33.4691], [130.7836, 33.4694], [130.7867, 33.469], [130.7877, 33.4694], [130.7898, 33.4696], [130.7915, 33.4711], [130.7899, 33.473], [130.7887, 33.4767], [130.7889, 33.4775], [130.7881, 33.478], [130.7874, 33.4795], [130.7863, 33.48], [130.7856, 33.4813], [130.7832, 33.4821], [130.7826, 33.4818], [130.7799, 33.4816], [130.7788, 33.4826], [130.7767, 33.4837], [130.7755, 33.484], [130.7742, 33.4838], [130.7724, 33.485], [130.7667, 33.4869], [130.766, 33.4879], [130.7638, 33.4876], [130.7623, 33.4883], [130.7609, 33.4884], [130.7573, 33.4881], [130.7567, 33.4878], [130.7549, 33.4878], [130.7542, 33.4873], [130.753, 33.4873], [130.7508, 33.4864], [130.75, 33.4864], [130.749, 33.4853], [130.7484, 33.4837], [130.7479, 33.4835], [130.7474, 33.4839], [130.7472, 33.4857], [130.7463, 33.486], [130.745, 33.4871], [130.7435, 33.4872], [130.7417, 33.4879], [130.7406, 33.4879], [130.7397, 33.4874], [130.7388, 33.4878], [130.735, 33.4868], [130.7346, 33.4865], [130.7346, 33.4859], [130.7338, 33.4854], [130.7328, 33.4856], [130.7306, 33.4846], [130.7297, 33.4847], [130.7281, 33.484], [130.725, 33.4837], [130.7228, 33.4842], [130.7218, 33.485], [130.7208, 33.4852], [130.719, 33.4851], [130.7164, 33.4857], [130.7157, 33.4873], [130.7148, 33.4875], [130.7133, 33.4887], [130.7119, 33.4886], [130.7116, 33.4907], [130.7105, 33.4914], [130.7087, 33.4903], [130.7079, 33.4904], [130.7074, 33.4915], [130.7071, 33.4914], [130.706, 33.492], [130.7056, 33.4917], [130.7028, 33.4918], [130.7012, 33.4924], [130.6998, 33.4922], [130.6991, 33.4926], [130.6973, 33.4914], [130.6971, 33.4909], [130.696, 33.4915], [130.696, 33.4925], [130.6956, 33.4928], [130.695, 33.4928], [130.6948, 33.4933], [130.6924, 33.4924], [130.6918, 33.493], [130.6906, 33.493], [130.6905, 33.4943], [130.6902, 33.4945], [130.6888, 33.4936], [130.6868, 33.4912], [130.6845, 33.4921], [130.6827, 33.4919], [130.6815, 33.4947], [130.679, 33.496], [130.6778, 33.4962], [130.6773, 33.4971], [130.6767, 33.497], [130.6752, 33.4976], [130.6738, 33.4994], [130.6721, 33.4993], [130.6691, 33.4981], [130.6663, 33.4965], [130.6655, 33.4952], [130.666, 33.4944], [130.6649, 33.4942], [130.6652, 33.4931], [130.6646, 33.4926], [130.6666, 33.4911], [130.666, 33.4904], [130.6658, 33.4887], [130.6648, 33.4886], [130.6632, 33.4889], [130.6622, 33.4881], [130.6627, 33.4873], [130.6644, 33.4861], [130.665, 33.4863], [130.6659, 33.4856], [130.6656, 33.4841], [130.6646, 33.4819], [130.6645, 33.4802], [130.6631, 33.4793], [130.6629, 33.478], [130.6616, 33.4763], [130.6604, 33.4761], [130.6602, 33.4732], [130.6596, 33.473], [130.6584, 33.4736], [130.6565, 33.4728], [130.6556, 33.4705], [130.6544, 33.4699], [130.6542, 33.4678], [130.6538, 33.4673], [130.6541, 33.4661], [130.6532, 33.4652], [130.6531, 33.4637], [130.6514, 33.463], [130.6508, 33.4625], [130.65, 33.4626], [130.6493, 33.4619], [130.6486, 33.46], [130.6491, 33.4596], [130.6486, 33.4585], [130.648, 33.4581], [130.6483, 33.4575], [130.6478, 33.4559], [130.6488, 33.4545], [130.6482, 33.4541], [130.6481, 33.4534], [130.6491, 33.4521], [130.6482, 33.4506], [130.6484, 33.4497], [130.6473, 33.4481], [130.6487, 33.4472], [130.65, 33.4468], [130.6506, 33.446], [130.6527, 33.4464], [130.6537, 33.4462], [130.6541, 33.4466], [130.6547, 33.4466], [130.6546, 33.446], [130.6563, 33.4431], [130.6586, 33.442], [130.6583, 33.4417], [130.6593, 33.4412], [130.6575, 33.4387], [130.6566, 33.4392], [130.6556, 33.4379], [130.6576, 33.4369], [130.658, 33.4363], [130.6583, 33.4364], [130.6583, 33.4359], [130.6565, 33.4345], [130.6564, 33.4339], [130.6533, 33.4313], [130.6519, 33.431], [130.6516, 33.4317], [130.6511, 33.432], [130.6507, 33.4317], [130.6453, 33.4234], [130.6457, 33.4232], [130.645, 33.422], [130.645, 33.4202], [130.6423, 33.4214], [130.6414, 33.4204], [130.6416, 33.4198], [130.6405, 33.4191], [130.6377, 33.4144], [130.637, 33.4137], [130.6359, 33.4134], [130.6358, 33.413], [130.6364, 33.4126], [130.6362, 33.4117], [130.6344, 33.4116], [130.6336, 33.412], [130.6278, 33.4117], [130.6253, 33.412], [130.6243, 33.4119], [130.6239, 33.4122], [130.6167, 33.4072], [130.6178, 33.406], [130.6163, 33.4048], [130.619, 33.4021], [130.6156, 33.3997], [130.6178, 33.3973], [130.6181, 33.3974], [130.6184, 33.397], [130.618, 33.3967], [130.6172, 33.3975], [130.6169, 33.3968], [130.6202, 33.395], [130.623, 33.3949], [130.6235, 33.3943], [130.6245, 33.3944], [130.6242, 33.3937], [130.6246, 33.3927], [130.6242, 33.3919], [130.625, 33.3918], [130.6254, 33.3907], [130.6272, 33.3906], [130.6291, 33.3899], [130.6305, 33.3902], [130.6305, 33.3897], [130.6321, 33.3891], [130.6391, 33.3878], [130.6413, 33.3869], [130.6447, 33.3869], [130.6446, 33.3859], [130.6459, 33.3859], [130.6459, 33.384], [130.6472, 33.384], [130.6464, 33.3824], [130.6458, 33.3823], [130.645, 33.3803], [130.6445, 33.3803], [130.6445, 33.3779], [130.6427, 33.3779], [130.6425, 33.3762], [130.6396, 33.3729], [130.6398, 33.3714], [130.6433, 33.3722], [130.6477, 33.3723], [130.6486, 33.3729], [130.6519, 33.3734], [130.6522, 33.3738], [130.653, 33.3739], [130.6534, 33.373], [130.6544, 33.3725], [130.6547, 33.3717], [130.6545, 33.371], [130.6532, 33.3709], [130.6528, 33.3701], [130.6525, 33.3692], [130.6539, 33.3688], [130.6533, 33.3679], [130.6562, 33.3667], [130.6576, 33.3665], [130.6589, 33.3651], [130.6602, 33.3645], [130.6657, 33.3632], [130.6666, 33.3621], [130.674, 33.3615], [130.6819, 33.3616], [130.6914, 33.3621], [130.6959, 33.3619], [130.6982, 33.3615], [130.6988, 33.3625], [130.7049, 33.364], [130.7077, 33.3616], [130.7075, 33.3603], [130.7089, 33.36], [130.7091, 33.3602], [130.714, 33.3602], [130.714, 33.3592], [130.7195, 33.3591], [130.7195, 33.3611], [130.7229, 33.361]]], [[[130.6183, 33.4122], [130.6176, 33.412], [130.6185, 33.4111], [130.6197, 33.4118], [130.6184, 33.4117], [130.6183, 33.4122]]]]}, "properties": {"name": "福岡県朝倉市"}}, {"type": "Feature", "geometry": {"type": "Polygon", "coordinates": [[[130.5421, 33.0817], [130.5436, 33.0819], [130.5437, 33.0823], [130.5454, 33.0809], [130.5474, 33.0806], [130.5485, 33.0811], [130.5476, 33.0827], [130.5492, 33.0845], [130.5496, 33.0845], [130.5505, 33.0837], [130.5514, 33.0844], [130.5522, 33.0842], [130.553, 33.0844], [130.5538, 33.0839], [130.5563, 33.0859], [130.5591, 33.0857], [130.5605, 33.0862], [130.5634, 33.0863], [130.5657, 33.087], [130.5659, 33.0883], [130.5648, 33.0893], [130.5647, 33.0899], [130.5654, 33.0917], [130.5641, 33.0927], [130.5641, 33.0932], [130.5631, 33.0937], [130.5622, 33.0953], [130.5613, 33.0957], [130.5613, 33.0985], [130.5626, 33.1002], [130.5626, 33.1007], [130.5621, 33.101], [130.5625, 33.1029], [130.5618, 33.1036], [130.5619, 33.1043], [130.5602, 33.1047], [130.5577, 33.1063], [130.5568, 33.1062], [130.5564, 33.1069], [130.5562, 33.1076], [130.5574, 33.1092], [130.5565, 33.1115], [130.5577, 33.1129], [130.5574, 33.1146], [130.5578, 33.1184], [130.557, 33.1204], [130.554, 33.1223], [130.5522, 33.1256], [130.5526, 33.1266], [130.5518, 33.1293], [130.5527, 33.1307], [130.5521, 33.1333], [130.5522, 33.134], [130.553, 33.1347], [130.5529, 33.1363], [130.5539, 33.137], [130.5539, 33.1389], [130.5532, 33.1398], [130.5528, 33.1409], [130.5515, 33.1419], [130.5512, 33.1428], [130.5501, 33.1436], [130.5498, 33.1448], [130.5506, 33.1479], [130.5515, 33.1486], [130.5515, 33.153], [130.5528, 33.1559], [130.5508, 33.1579], [130.5469, 33.1581], [130.5452, 33.1572], [130.5433, 33.1568], [130.5419, 33.1555], [130.5415, 33.1556], [130.5389, 33.159], [130.5389, 33.1609], [130.5383, 33.1618], [130.5393, 33.1635], [130.5393, 33.165], [130.5405, 33.1655], [130.5404, 33.1661], [130.5412, 33.1674], [130.5412, 33.1678], [130.5401, 33.1689], [130.54, 33.1699], [130.5408, 33.1707], [130.5418, 33.1741], [130.5416, 33.176], [130.5426, 33.1789], [130.5425, 33.1794], [130.5427, 33.1799], [130.546, 33.1819], [130.5441, 33.1834], [130.5417, 33.1846], [130.5387, 33.1848], [130.5345, 33.1843], [130.5312, 33.1835], [130.5259, 33.1815], [130.5192, 33.1822], [130.513, 33.1813], [130.5076, 33.1826], [130.5052, 33.1825], [130.502, 33.1805], [130.4994, 33.1771], [130.498, 33.1757], [130.4978, 33.1743], [130.4965, 33.1733], [130.4947, 33.1727], [130.4933, 33.1732], [130.4881, 33.1728], [130.4869, 33.1746], [130.4858, 33.1752], [130.4843, 33.1755], [130.4901, 33.1784], [130.4891, 33.1801], [130.4888, 33.1816], [130.4876, 33.1818], [130.4876, 33.1829], [130.4862, 33.1829], [130.4862, 33.1838], [130.4866, 33.1841], [130.4863, 33.1844], [130.4856, 33.1837], [130.4862, 33.1837], [130.4861, 33.1828], [130.4771, 33.1831], [130.4767, 33.1753], [130.4769, 33.1743], [130.4766, 33.1726], [130.4769, 33.1722], [130.4762, 33.1711], [130.4764, 33.1706], [130.4759, 33.1704], [130.4757, 33.1692], [130.4743, 33.1679], [130.4751, 33.1671], [130.4746, 33.1666], [130.4747, 33.1657], [130.4734, 33.1655], [130.4729, 33.1674], [130.4727, 33.1677], [130.4721, 33.1676], [130.4708, 33.1673], [130.4701, 33.1666], [130.4702, 33.1648], [130.4694, 33.1646], [130.4695, 33.1649], [130.469, 33.165], [130.4693, 33.1656], [130.469, 33.167], [130.4693, 33.1676], [130.4687, 33.1676], [130.4682, 33.1666], [130.4676, 33.1667], [130.4676, 33.167], [130.4651, 33.167], [130.4651, 33.1678], [130.4589, 33.1678], [130.4588, 33.164], [130.4539, 33.164], [130.4539, 33.1631], [130.4534, 33.1631], [130.4534, 33.1619], [130.453, 33.1617], [130.4567, 33.1605], [130.4589, 33.1592], [130.4609, 33.1588], [130.4613, 33.1575], [130.4603, 33.1568], [130.4622, 33.1549], [130.4613, 33.1526], [130.4606, 33.1479], [130.46, 33.1473], [130.458, 33.1469], [130.454, 33.1474], [130.4524, 33.1465], [130.4519, 33.1456], [130.4519, 33.1438], [130.454, 33.1406], [130.454, 33.1389], [130.4529, 33.1375], [130.4495, 33.1356], [130.4477, 33.1341], [130.4465, 33.1318], [130.4462, 33.1297], [130.4439, 33.1268], [130.443, 33.1233], [130.4369, 33.1192], [130.4361, 33.1177], [130.4357, 33.1151], [130.433, 33.112], [130.431, 33.1078], [130.4296, 33.1057], [130.4249, 33.1004], [130.4228, 33.0971], [130.426, 33.0971], [130.4227, 33.093], [130.4225, 33.0931], [130.4226, 33.0929], [130.4216, 33.0917], [130.4125, 33.0842], [130.4121, 33.0835], [130.4124, 33.0822], [130.412, 33.0814], [130.4124, 33.0807], [130.4149, 33.0792], [130.415, 33.0767], [130.4173, 33.0725], [130.417, 33.0723], [130.4173, 33.0724], [130.4176, 33.0718], [130.4182, 33.0721], [130.4188, 33.0716], [130.426, 33.0737], [130.4283, 33.0754], [130.4298, 33.076], [130.4324, 33.0753], [130.4375, 33.0763], [130.4391, 33.0761], [130.4407, 33.0767], [130.4434, 33.0782], [130.4473, 33.0812], [130.4486, 33.0838], [130.4504, 33.0855], [130.4498, 33.0862], [130.4496, 33.0881], [130.4547, 33.0882], [130.4566, 33.0888], [130.4587, 33.0887], [130.4597, 33.0881], [130.4597, 33.0889], [130.4614, 33.0892], [130.4628, 33.0893], [130.4637, 33.0887], [130.4648, 33.0888], [130.4652, 33.088], [130.4661, 33.0877], [130.4696, 33.0883], [130.4712, 33.0889], [130.4726, 33.0886], [130.4727, 33.0883], [130.4751, 33.0887], [130.4779, 33.0868], [130.4804, 33.0876], [130.4828, 33.0852], [130.4836, 33.085], [130.4927, 33.0865], [130.495, 33.0879], [130.4969, 33.088], [130.4969, 33.0884], [130.4978, 33.089], [130.4986, 33.0893], [130.499, 33.0891], [130.4996, 33.09], [130.501, 33.0901], [130.5011, 33.0904], [130.5029, 33.0907], [130.5031, 33.091], [130.5039, 33.0909], [130.5068, 33.0918], [130.5062, 33.0932], [130.5062, 33.0949], [130.5072, 33.0955], [130.5073, 33.0969], [130.5081, 33.0981], [130.5101, 33.0986], [130.5121, 33.0984], [130.5147, 33.0973], [130.5157, 33.0974], [130.5174, 33.0964], [130.5181, 33.0947], [130.5178, 33.0941], [130.5191, 33.0925], [130.519, 33.0919], [130.5204, 33.0909], [130.5202, 33.0898], [130.5205, 33.0885], [130.5199, 33.0865], [130.5207, 33.0855], [130.5216, 33.0852], [130.5235, 33.0828], [130.5262, 33.0827], [130.528, 33.0831], [130.5298, 33.0839], [130.531, 33.0839], [130.5322, 33.0854], [130.5337, 33.0856], [130.5338, 33.0875], [130.5345, 33.0877], [130.5352, 33.0886], [130.5356, 33.0906], [130.5364, 33.0904], [130.5379, 33.0908], [130.5389, 33.0905], [130.5389, 33.09], [130.5393, 33.09], [130.539, 33.089], [130.5394, 33.0881], [130.5417, 33.0851], [130.5421, 33.0834], [130.5421, 33.0817]]]}, "properties": {"name": "福岡県みやま市"}}, {"type": "Feature", "geometry": {"type": "MultiPolygon", "coordinates": [[[[130.1977, 33.6397], [130.1969, 33.6393], [130.1974, 33.6391], [130.1969, 33.6392], [130.1953, 33.638], [130.1928, 33.6375], [130.1905, 33.6358], [130.1885, 33.6352], [130.1872, 33.6337], [130.1834, 33.6323], [130.1828, 33.6324], [130.1826, 33.6328], [130.1818, 33.6325], [130.182, 33.6322], [130.1827, 33.6323], [130.1832, 33.6317], [130.1825, 33.6322], [130.1819, 33.6322], [130.1817, 33.6327], [130.1816, 33.6316], [130.1813, 33.6323], [130.1803, 33.6329], [130.1794, 33.6323], [130.1783, 33.6324], [130.178, 33.6319], [130.1766, 33.6316], [130.1769, 33.631], [130.1761, 33.6301], [130.174, 33.6297], [130.1738, 33.6292], [130.1738, 33.6297], [130.171, 33.6295], [130.1684, 33.6303], [130.1676, 33.6312], [130.1678, 33.632], [130.1674, 33.6329], [130.1657, 33.6316], [130.1648, 33.6316], [130.1627, 33.6303], [130.1615, 33.6301], [130.1612, 33.6305], [130.1611, 33.6302], [130.1605, 33.6301], [130.16, 33.6305], [130.1594, 33.6295], [130.159, 33.6293], [130.1587, 33.6297], [130.1586, 33.629], [130.1572, 33.6286], [130.1561, 33.6264], [130.1564, 33.6243], [130.1561, 33.6243], [130.1564, 33.6238], [130.1559, 33.6222], [130.1554, 33.6219], [130.1548, 33.622], [130.1542, 33.6211], [130.1547, 33.62], [130.155, 33.62], [130.1546, 33.6197], [130.155, 33.6198], [130.1547, 33.6195], [130.1553, 33.6195], [130.1558, 33.6189], [130.1557, 33.6186], [130.1566, 33.6174], [130.1552, 33.6161], [130.1551, 33.6152], [130.1562, 33.6141], [130.1552, 33.6152], [130.1553, 33.616], [130.1563, 33.6168], [130.157, 33.6157], [130.1573, 33.6159], [130.1581, 33.6151], [130.1592, 33.6152], [130.1592, 33.6142], [130.1593, 33.6157], [130.16, 33.6157], [130.1605, 33.6155], [130.1599, 33.6148], [130.1606, 33.6155], [130.161, 33.6149], [130.161, 33.6145], [130.1599, 33.6145], [130.1602, 33.6141], [130.1602, 33.6144], [130.1619, 33.6146], [130.163, 33.6131], [130.1627, 33.6131], [130.1619, 33.6143], [130.1616, 33.6142], [130.1611, 33.614], [130.1616, 33.6142], [130.1618, 33.6139], [130.1622, 33.6124], [130.1615, 33.6098], [130.1587, 33.6055], [130.1569, 33.6042], [130.157, 33.6038], [130.1564, 33.6035], [130.1565, 33.603], [130.1562, 33.6026], [130.1541, 33.6013], [130.1537, 33.6004], [130.1492, 33.5969], [130.1456, 33.5946], [130.1405, 33.5924], [130.1369, 33.5914], [130.1297, 33.59], [130.1258, 33.5898], [130.1221, 33.5902], [130.1214, 33.5906], [130.1168, 33.5919], [130.1124, 33.5947], [130.109, 33.5954], [130.1085, 33.5959], [130.1085, 33.5964], [130.108, 33.5964], [130.108, 33.5969], [130.1076, 33.597], [130.1071, 33.5965], [130.1074, 33.5951], [130.1063, 33.593], [130.1062, 33.5919], [130.1065, 33.5908], [130.1076, 33.5893], [130.1067, 33.5882], [130.1079, 33.5892], [130.1086, 33.5883], [130.1078, 33.5881], [130.1086, 33.5882], [130.1091, 33.5869], [130.108, 33.5854], [130.1061, 33.5846], [130.1052, 33.5863], [130.1046, 33.5854], [130.1041, 33.5854], [130.1028, 33.5868], [130.1026, 33.588], [130.102, 33.5881], [130.1022, 33.5877], [130.0997, 33.5861], [130.0979, 33.5857], [130.0965, 33.5861], [130.0928, 33.5852], [130.0922, 33.5853], [130.0886, 33.5831], [130.0873, 33.58], [130.0881, 33.5781], [130.0893, 33.577], [130.09, 33.577], [130.0931, 33.5752], [130.0936, 33.5745], [130.0932, 33.5752], [130.094, 33.5755], [130.094, 33.5759], [130.0955, 33.5756], [130.0969, 33.5746], [130.0974, 33.5748], [130.0974, 33.5744], [130.097, 33.5744], [130.098, 33.5722], [130.098, 33.5703], [130.0985, 33.57], [130.0986, 33.5693], [130.0984, 33.5667], [130.0976, 33.5644], [130.0982, 33.564], [130.0991, 33.5645], [130.101, 33.5636], [130.1021, 33.5648], [130.104, 33.5649], [130.1049, 33.5664], [130.1066, 33.5669], [130.1071, 33.5683], [130.1084, 33.5702], [130.1115, 33.5715], [130.1151, 33.5717], [130.1172, 33.5725], [130.119, 33.5722], [130.1201, 33.5714], [130.1184, 33.5732], [130.1201, 33.5751], [130.12, 33.5742], [130.1202, 33.5744], [130.1214, 33.5741], [130.1212, 33.5736], [130.1218, 33.5735], [130.122, 33.574], [130.1231, 33.5738], [130.1229, 33.5734], [130.1231, 33.5738], [130.1249, 33.5726], [130.1246, 33.5722], [130.1253, 33.5731], [130.1284, 33.57], [130.1287, 33.5702], [130.1285, 33.5698], [130.1302, 33.5671], [130.1303, 33.5659], [130.1303, 33.567], [130.131, 33.5672], [130.131, 33.568], [130.1319, 33.5685], [130.1331, 33.5684], [130.1354, 33.5672], [130.1357, 33.5667], [130.1352, 33.5667], [130.1348, 33.5672], [130.1352, 33.5636], [130.1348, 33.5616], [130.1338, 33.5597], [130.1322, 33.5585], [130.1295, 33.5579], [130.1281, 33.5585], [130.1272, 33.559], [130.127, 33.5599], [130.1267, 33.5598], [130.1268, 33.5612], [130.1258, 33.5617], [130.1236, 33.5609], [130.1223, 33.5594], [130.1202, 33.5584], [130.1194, 33.5566], [130.1176, 33.5551], [130.1169, 33.5539], [130.1176, 33.553], [130.1174, 33.5511], [130.1169, 33.5506], [130.116, 33.5508], [130.1146, 33.5502], [130.1168, 33.5491], [130.1161, 33.5483], [130.1158, 33.5466], [130.1187, 33.5479], [130.1197, 33.5476], [130.1202, 33.5478], [130.1209, 33.5486], [130.1206, 33.549], [130.1208, 33.5501], [130.1222, 33.5514], [130.1237, 33.554], [130.129, 33.5525], [130.1251, 33.5536], [130.1257, 33.5551], [130.1261, 33.555], [130.1263, 33.5553], [130.126, 33.5551], [130.1251, 33.5555], [130.1252, 33.5563], [130.1262, 33.5568], [130.1275, 33.5567], [130.1268, 33.5558], [130.1279, 33.5556], [130.1282, 33.5561], [130.1307, 33.5554], [130.1303, 33.5541], [130.1312, 33.5563], [130.1326, 33.5558], [130.1334, 33.5561], [130.136, 33.5555], [130.1391, 33.5528], [130.1406, 33.5507], [130.1408, 33.5508], [130.1405, 33.5505], [130.1408, 33.5506], [130.1412, 33.5499], [130.142, 33.5479], [130.1426, 33.5492], [130.1434, 33.5496], [130.1432, 33.5503], [130.1436, 33.5509], [130.1448, 33.5514], [130.147, 33.5513], [130.1479, 33.5517], [130.1485, 33.5525], [130.1484, 33.5531], [130.1504, 33.5548], [130.1505, 33.5559], [130.1556, 33.56], [130.1591, 33.5608], [130.1611, 33.561], [130.1623, 33.5607], [130.1639, 33.5612], [130.1646, 33.5607], [130.1653, 33.5573], [130.1652, 33.5554], [130.1639, 33.5506], [130.163, 33.5504], [130.1634, 33.5489], [130.1629, 33.5504], [130.1598, 33.5499], [130.1591, 33.5497], [130.1623, 33.5503], [130.1626, 33.5489], [130.1618, 33.5488], [130.1616, 33.5496], [130.1611, 33.5495], [130.1613, 33.5487], [130.1593, 33.5485], [130.159, 33.5482], [130.1584, 33.549], [130.1585, 33.5496], [130.1583, 33.549], [130.1592, 33.5454], [130.159, 33.5446], [130.1586, 33.5444], [130.1581, 33.5447], [130.1551, 33.5428], [130.1545, 33.5429], [130.1543, 33.5434], [130.1542, 33.5431], [130.1539, 33.5432], [130.1539, 33.5437], [130.1536, 33.5431], [130.1542, 33.5427], [130.1547, 33.5428], [130.1549, 33.5419], [130.1545, 33.538], [130.154, 33.5371], [130.1483, 33.5364], [130.1476, 33.536], [130.1473, 33.5351], [130.1468, 33.5352], [130.1461, 33.5348], [130.1432, 33.5349], [130.1424, 33.5344], [130.1427, 33.5339], [130.1423, 33.5326], [130.1399, 33.5318], [130.1383, 33.5299], [130.1349, 33.5287], [130.1331, 33.5291], [130.1306, 33.529], [130.1288, 33.5283], [130.1292, 33.5274], [130.1285, 33.5265], [130.1245, 33.5257], [130.1251, 33.5245], [130.126, 33.5239], [130.1267, 33.5238], [130.1275, 33.5242], [130.1283, 33.5237], [130.1302, 33.5234], [130.1303, 33.522], [130.1303, 33.5231], [130.1314, 33.5231], [130.1321, 33.5228], [130.1322, 33.522], [130.1309, 33.522], [130.1328, 33.522], [130.1342, 33.5216], [130.1342, 33.5213], [130.1328, 33.5213], [130.1336, 33.5213], [130.1338, 33.5189], [130.1325, 33.5164], [130.129, 33.5119], [130.1268, 33.5101], [130.1251, 33.5104], [130.1244, 33.5094], [130.1234, 33.5089], [130.1211, 33.5085], [130.1194, 33.5078], [130.1161, 33.508], [130.115, 33.5076], [130.114, 33.5077], [130.1126, 33.5087], [130.1121, 33.5099], [130.1108, 33.5108], [130.11, 33.5107], [130.1094, 33.5094], [130.109, 33.5093], [130.107, 33.5094], [130.1058, 33.5098], [130.1043, 33.5113], [130.1047, 33.5114], [130.1042, 33.5115], [130.104, 33.5126], [130.1036, 33.5125], [130.1038, 33.5119], [130.1032, 33.5119], [130.1027, 33.5125], [130.1031, 33.5126], [130.1027, 33.5126], [130.1026, 33.5129], [130.1032, 33.5129], [130.1028, 33.5131], [130.1033, 33.5129], [130.103, 33.5133], [130.1034, 33.513], [130.1035, 33.5133], [130.1037, 33.5127], [130.1037, 33.5137], [130.1055, 33.5141], [130.1064, 33.5137], [130.1047, 33.5149], [130.1035, 33.5146], [130.1027, 33.5147], [130.1025, 33.5152], [130.1014, 33.516], [130.0998, 33.5157], [130.099, 33.515], [130.0985, 33.5136], [130.0988, 33.5128], [130.0996, 33.5131], [130.1002, 33.5123], [130.0993, 33.5101], [130.0948, 33.5071], [130.0922, 33.5059], [130.0912, 33.5056], [130.091, 33.5058], [130.091, 33.5055], [130.088, 33.5054], [130.088, 33.5069], [130.0879, 33.5053], [130.0867, 33.5054], [130.0867, 33.5059], [130.086, 33.5059], [130.086, 33.505], [130.0851, 33.505], [130.0839, 33.5063], [130.0843, 33.5072], [130.0857, 33.5069], [130.0886, 33.5079], [130.0857, 33.507], [130.0835, 33.5075], [130.083, 33.5061], [130.0802, 33.5051], [130.0802, 33.504], [130.0762, 33.5031], [130.0714, 33.5027], [130.0711, 33.503], [130.0704, 33.5023], [130.0686, 33.5016], [130.0687, 33.5019], [130.0677, 33.501], [130.0659, 33.5004], [130.0652, 33.4993], [130.0643, 33.4991], [130.0628, 33.4979], [130.0591, 33.4972], [130.0585, 33.4966], [130.049, 33.4952], [130.0476, 33.4955], [130.0475, 33.4959], [130.0462, 33.4967], [130.0449, 33.4961], [130.0443, 33.4943], [130.0454, 33.494], [130.0463, 33.493], [130.0459, 33.4937], [130.0462, 33.4938], [130.0476, 33.4935], [130.0481, 33.4927], [130.0482, 33.4912], [130.0498, 33.4908], [130.0499, 33.4894], [130.0483, 33.4868], [130.045, 33.4847], [130.0454, 33.4832], [130.044, 33.4819], [130.0435, 33.4803], [130.0423, 33.4787], [130.0423, 33.4758], [130.0417, 33.4754], [130.0413, 33.4744], [130.0417, 33.4734], [130.0409, 33.4722], [130.0407, 33.4707], [130.0395, 33.47], [130.0428, 33.4681], [130.0441, 33.4683], [130.0444, 33.4687], [130.0459, 33.468], [130.0471, 33.4683], [130.0474, 33.4687], [130.049, 33.4685], [130.051, 33.4695], [130.0518, 33.4687], [130.0528, 33.4693], [130.0539, 33.4692], [130.0543, 33.4695], [130.055, 33.4694], [130.0571, 33.4712], [130.0585, 33.4712], [130.0593, 33.4705], [130.0605, 33.4704], [130.0625, 33.4711], [130.0638, 33.471], [130.0656, 33.4719], [130.0681, 33.4725], [130.0692, 33.4715], [130.0702, 33.4713], [130.0712, 33.4703], [130.0736, 33.4693], [130.0745, 33.4694], [130.075, 33.4699], [130.0772, 33.4702], [130.0795, 33.4686], [130.083, 33.4697], [130.0837, 33.4693], [130.0848, 33.4692], [130.0858, 33.4698], [130.0863, 33.4692], [130.0874, 33.4693], [130.0898, 33.4683], [130.0918, 33.469], [130.0931, 33.4688], [130.099, 33.4697], [130.1011, 33.4708], [130.1023, 33.4722], [130.1032, 33.4759], [130.1057, 33.4761], [130.1066, 33.4777], [130.1072, 33.4778], [130.1079, 33.4776], [130.1089, 33.4761], [130.1135, 33.4751], [130.1178, 33.475], [130.1185, 33.4756], [130.1198, 33.4758], [130.1217, 33.4752], [130.1259, 33.4759], [130.1271, 33.4754], [130.1294, 33.4756], [130.1302, 33.4747], [130.1318, 33.4744], [130.1324, 33.4734], [130.1344, 33.4724], [130.1358, 33.4725], [130.1366, 33.4718], [130.1378, 33.4717], [130.1385, 33.4707], [130.1394, 33.4705], [130.1397, 33.4713], [130.1403, 33.4713], [130.1404, 33.4718], [130.1414, 33.4724], [130.1428, 33.4745], [130.1442, 33.4741], [130.1457, 33.4743], [130.148, 33.4757], [130.1487, 33.4773], [130.1496, 33.4772], [130.1507, 33.4774], [130.1516, 33.4767], [130.1523, 33.4769], [130.1536, 33.4763], [130.1565, 33.4766], [130.1578, 33.4752], [130.1586, 33.4756], [130.1593, 33.4754], [130.1613, 33.474], [130.1623, 33.4725], [130.1638, 33.4723], [130.1641, 33.4714], [130.1639, 33.4697], [130.1646, 33.469], [130.1667, 33.4685], [130.1687, 33.4671], [130.1706, 33.4675], [130.1719, 33.4669], [130.1731, 33.4672], [130.1748, 33.4671], [130.1756, 33.4653], [130.1779, 33.4665], [130.1797, 33.4661], [130.1834, 33.4667], [130.1837, 33.4671], [130.1863, 33.4682], [130.1866, 33.4688], [130.1867, 33.4708], [130.1886, 33.4708], [130.189, 33.4711], [130.1885, 33.4725], [130.189, 33.4749], [130.1898, 33.475], [130.1916, 33.4764], [130.1926, 33.476], [130.1946, 33.476], [130.1961, 33.4782], [130.1977, 33.4773], [130.1985, 33.4776], [130.199, 33.4784], [130.1982, 33.4793], [130.1981, 33.4806], [130.1988, 33.4812], [130.2019, 33.4798], [130.2027, 33.4804], [130.2038, 33.4819], [130.2046, 33.4815], [130.2058, 33.4817], [130.2101, 33.4812], [130.2102, 33.481], [130.2114, 33.4811], [130.2147, 33.4799], [130.2162, 33.48], [130.2179, 33.4791], [130.2182, 33.4784], [130.2188, 33.4782], [130.2212, 33.4778], [130.2234, 33.4784], [130.2247, 33.4776], [130.2271, 33.4769], [130.2301, 33.4784], [130.2313, 33.4783], [130.2333, 33.4791], [130.2339, 33.478], [130.2362, 33.4777], [130.2377, 33.476], [130.2372, 33.4749], [130.2376, 33.4739], [130.2383, 33.4738], [130.2423, 33.4746], [130.245, 33.4734], [130.2464, 33.4714], [130.2486, 33.4708], [130.2501, 33.47], [130.2507, 33.4705], [130.2521, 33.4707], [130.2534, 33.4716], [130.2577, 33.476], [130.2607, 33.4765], [130.2627, 33.4777], [130.2644, 33.4771], [130.265, 33.4777], [130.2662, 33.4777], [130.267, 33.4784], [130.2677, 33.4783], [130.271, 33.48], [130.2717, 33.4793], [130.2721, 33.4794], [130.2726, 33.4819], [130.2734, 33.4833], [130.2727, 33.4856], [130.2727, 33.4878], [130.273, 33.4883], [130.275, 33.4893], [130.274, 33.4904], [130.2735, 33.4923], [130.272, 33.4928], [130.2723, 33.4944], [130.2718, 33.4953], [130.2731, 33.4962], [130.2738, 33.4972], [130.2745, 33.4974], [130.275, 33.4991], [130.2758, 33.4993], [130.2759, 33.4999], [130.2781, 33.5018], [130.2791, 33.5063], [130.2815, 33.5072], [130.2819, 33.509], [130.2831, 33.5103], [130.2833, 33.5125], [130.2844, 33.5125], [130.2849, 33.5117], [130.2865, 33.511], [130.2869, 33.5105], [130.2881, 33.5103], [130.2887, 33.5099], [130.2896, 33.5107], [130.2898, 33.5116], [130.2905, 33.5123], [130.2911, 33.5134], [130.2911, 33.5165], [130.2917, 33.519], [130.291, 33.5196], [130.2906, 33.5207], [130.2902, 33.5203], [130.2894, 33.5206], [130.2881, 33.5225], [130.2866, 33.5224], [130.2862, 33.5228], [130.2871, 33.527], [130.2879, 33.5277], [130.2885, 33.5302], [130.2895, 33.5321], [130.2889, 33.5333], [130.2892, 33.5346], [130.2883, 33.5354], [130.2881, 33.5364], [130.2892, 33.5385], [130.2871, 33.5399], [130.2871, 33.5408], [130.2853, 33.5412], [130.2846, 33.5419], [130.2831, 33.5423], [130.2822, 33.5435], [130.2802, 33.5429], [130.2782, 33.5433], [130.2733, 33.5459], [130.2718, 33.546], [130.2709, 33.5469], [130.2694, 33.5473], [130.2684, 33.5487], [130.2661, 33.55], [130.2661, 33.5515], [130.2666, 33.5518], [130.2668, 33.5524], [130.2662, 33.553], [130.2659, 33.5546], [130.2654, 33.5552], [130.2655, 33.5564], [130.2647, 33.5567], [130.2638, 33.5564], [130.2629, 33.5567], [130.2617, 33.5567], [130.2599, 33.5557], [130.2578, 33.5552], [130.2552, 33.5571], [130.2549, 33.5577], [130.2522, 33.5573], [130.2515, 33.5567], [130.2498, 33.556], [130.2487, 33.5575], [130.2456, 33.5578], [130.2428, 33.5567], [130.2432, 33.5558], [130.2422, 33.5555], [130.243, 33.5536], [130.2419, 33.5533], [130.2416, 33.5525], [130.2406, 33.5519], [130.2397, 33.5528], [130.2389, 33.5525], [130.2377, 33.5545], [130.2364, 33.5557], [130.2368, 33.5559], [130.236, 33.5578], [130.2392, 33.5589], [130.238, 33.5615], [130.239, 33.5619], [130.2368, 33.5664], [130.2388, 33.5671], [130.2382, 33.568], [130.2398, 33.5684], [130.239, 33.5703], [130.241, 33.5709], [130.2401, 33.5728], [130.241, 33.5731], [130.2378, 33.5804], [130.2373, 33.5803], [130.2369, 33.5812], [130.2351, 33.5807], [130.2347, 33.5815], [130.23, 33.5803], [130.229, 33.5821], [130.2246, 33.5811], [130.2233, 33.58], [130.222, 33.5797], [130.2194, 33.5807], [130.2176, 33.5831], [130.2165, 33.5837], [130.2158, 33.5856], [130.2155, 33.5855], [130.215, 33.586], [130.2146, 33.5857], [130.2145, 33.5864], [130.2136, 33.5868], [130.2132, 33.5877], [130.2114, 33.5886], [130.2117, 33.5914], [130.2104, 33.5923], [130.2103, 33.593], [130.2098, 33.5936], [130.2098, 33.5951], [130.2104, 33.5959], [130.2097, 33.5966], [130.2076, 33.5965], [130.2073, 33.5975], [130.2082, 33.5992], [130.2096, 33.6002], [130.2103, 33.6017], [130.2102, 33.604], [130.2107, 33.6047], [130.2101, 33.6052], [130.2101, 33.6062], [130.2095, 33.6071], [130.206, 33.6096], [130.2073, 33.6114], [130.2075, 33.6124], [130.2049, 33.6147], [130.2056, 33.6152], [130.206, 33.6164], [130.2056, 33.6174], [130.206, 33.62], [130.2049, 33.6227], [130.2057, 33.6242], [130.2052, 33.6261], [130.2067, 33.6285], [130.2049, 33.6301], [130.2052, 33.6303], [130.2054, 33.6314], [130.2039, 33.6316], [130.204, 33.6344], [130.2029, 33.6358], [130.2029, 33.6366], [130.2019, 33.6374], [130.2018, 33.6379], [130.2008, 33.638], [130.2006, 33.6383], [130.1997, 33.6385], [130.1991, 33.6391], [130.1985, 33.639], [130.1977, 33.6397]]], [[[130.0702, 33.51], [130.0693, 33.5078], [130.0694, 33.5067], [130.0705, 33.5094], [130.0702, 33.51]]], [[[130.1579, 33.6081], [130.1576, 33.6081], [130.1578, 33.6078], [130.1586, 33.6078], [130.1579, 33.6081]]], [[[130.0477, 33.5757], [130.0475, 33.576], [130.0462, 33.5756], [130.0455, 33.5744], [130.045, 33.5744], [130.044, 33.5722], [130.0441, 33.5699], [130.0445, 33.569], [130.0456, 33.568], [130.0498, 33.5659], [130.0494, 33.5653], [130.0512, 33.5639], [130.0527, 33.5655], [130.0513, 33.5643], [130.051, 33.565], [130.0521, 33.566], [130.0509, 33.5651], [130.0502, 33.5657], [130.0509, 33.5663], [130.0515, 33.5661], [130.0508, 33.5666], [130.0518, 33.5675], [130.0524, 33.5671], [130.0521, 33.5674], [130.0524, 33.5676], [130.0521, 33.5674], [130.052, 33.568], [130.0535, 33.5701], [130.0544, 33.5728], [130.0538, 33.574], [130.0528, 33.5748], [130.05, 33.5758], [130.0477, 33.5757]]], [[[130.0488, 33.5851], [130.0478, 33.5851], [130.0477, 33.5843], [130.0495, 33.5843], [130.0502, 33.5845], [130.0488, 33.5851]]]]}, "properties": {"name": "福岡県糸島市"}}, {"type": "Feature", "geometry": {"type": "Polygon", "coordinates": [[[130.3711, 33.5052], [130.3713, 33.5042], [130.3727, 33.5035], [130.3735, 33.5022], [130.3746, 33.5015], [130.3751, 33.5007], [130.3759, 33.5005], [130.3768, 33.4991], [130.3779, 33.4981], [130.3779, 33.4948], [130.3796, 33.4924], [130.3811, 33.4889], [130.381, 33.4866], [130.3816, 33.4846], [130.3811, 33.4806], [130.3814, 33.4798], [130.3822, 33.4793], [130.3827, 33.478], [130.3828, 33.4755], [130.384, 33.4745], [130.3844, 33.4726], [130.386, 33.4701], [130.3859, 33.4691], [130.388, 33.4663], [130.388, 33.4658], [130.3869, 33.4651], [130.386, 33.4622], [130.3861, 33.4616], [130.387, 33.4606], [130.3863, 33.4591], [130.3876, 33.457], [130.3877, 33.4555], [130.3889, 33.4547], [130.3905, 33.4529], [130.3917, 33.4527], [130.3933, 33.4515], [130.3959, 33.4508], [130.3992, 33.4493], [130.3995, 33.4481], [130.399, 33.4459], [130.3994, 33.444], [130.4006, 33.443], [130.4023, 33.4433], [130.4027, 33.4421], [130.4039, 33.4414], [130.4045, 33.4404], [130.404, 33.439], [130.4042, 33.4386], [130.4035, 33.4372], [130.3995, 33.4388], [130.3983, 33.439], [130.397, 33.4401], [130.3954, 33.4396], [130.3953, 33.4391], [130.3958, 33.4382], [130.3958, 33.4354], [130.3976, 33.4331], [130.3975, 33.4329], [130.3957, 33.4322], [130.3966, 33.4312], [130.3976, 33.4311], [130.3965, 33.4283], [130.3954, 33.4278], [130.3957, 33.4273], [130.3967, 33.4273], [130.3977, 33.4266], [130.3981, 33.4254], [130.3988, 33.425], [130.3978, 33.423], [130.3984, 33.4219], [130.399, 33.4215], [130.401, 33.4216], [130.401, 33.4209], [130.4024, 33.4202], [130.4034, 33.4189], [130.4034, 33.4178], [130.4048, 33.4161], [130.407, 33.4156], [130.4073, 33.4143], [130.4091, 33.4132], [130.4101, 33.4133], [130.4138, 33.411], [130.4154, 33.4109], [130.4171, 33.4103], [130.4154, 33.4103], [130.4158, 33.4095], [130.4152, 33.4093], [130.4143, 33.4077], [130.4128, 33.4066], [130.4109, 33.4036], [130.4078, 33.4023], [130.4077, 33.3986], [130.4113, 33.395], [130.4131, 33.3958], [130.4139, 33.3965], [130.4144, 33.3973], [130.4139, 33.398], [130.4143, 33.3992], [130.4149, 33.3989], [130.4161, 33.3991], [130.4169, 33.4001], [130.4189, 33.4011], [130.4199, 33.4004], [130.4204, 33.3992], [130.4218, 33.3984], [130.4231, 33.398], [130.4243, 33.3982], [130.4284, 33.3968], [130.4305, 33.3972], [130.4328, 33.3987], [130.4358, 33.3986], [130.4366, 33.3994], [130.4377, 33.3996], [130.4385, 33.4005], [130.4381, 33.4028], [130.4371, 33.4047], [130.4386, 33.4055], [130.4394, 33.4063], [130.4399, 33.4082], [130.4412, 33.41], [130.4397, 33.4112], [130.441, 33.4121], [130.4418, 33.4132], [130.441, 33.4141], [130.4419, 33.4162], [130.4429, 33.416], [130.4443, 33.4165], [130.4458, 33.4174], [130.4464, 33.4185], [130.4473, 33.4185], [130.4483, 33.419], [130.4501, 33.4188], [130.4511, 33.4191], [130.4513, 33.4196], [130.4533, 33.4201], [130.4545, 33.4195], [130.4569, 33.4194], [130.4581, 33.4199], [130.4588, 33.4234], [130.4583, 33.4251], [130.4596, 33.4254], [130.4593, 33.4268], [130.4613, 33.4284], [130.4586, 33.4296], [130.4563, 33.4344], [130.4561, 33.4362], [130.4537, 33.4361], [130.4538, 33.4377], [130.4559, 33.4397], [130.4568, 33.4419], [130.4575, 33.4423], [130.4579, 33.442], [130.459, 33.4433], [130.4593, 33.4433], [130.4598, 33.4437], [130.4598, 33.4442], [130.4614, 33.4452], [130.4613, 33.4465], [130.46, 33.4474], [130.4607, 33.4488], [130.4603, 33.4496], [130.4606, 33.4502], [130.4587, 33.4512], [130.4581, 33.452], [130.4583, 33.4544], [130.4594, 33.4548], [130.4594, 33.4553], [130.4585, 33.4558], [130.4583, 33.4567], [130.4575, 33.4575], [130.4601, 33.4589], [130.4599, 33.4599], [130.4612, 33.4611], [130.4632, 33.4619], [130.4646, 33.462], [130.4643, 33.4629], [130.4644, 33.4648], [130.4648, 33.4654], [130.4656, 33.4655], [130.4663, 33.4664], [130.4657, 33.4666], [130.4652, 33.4679], [130.4658, 33.4684], [130.466, 33.4691], [130.4655, 33.4698], [130.464, 33.4695], [130.4617, 33.4703], [130.4611, 33.4709], [130.4592, 33.4713], [130.4583, 33.471], [130.4582, 33.4705], [130.4571, 33.4705], [130.4559, 33.4706], [130.4553, 33.4712], [130.4557, 33.4725], [130.4547, 33.4732], [130.4547, 33.4741], [130.4541, 33.4748], [130.4553, 33.4751], [130.4561, 33.4758], [130.4562, 33.4771], [130.4556, 33.4776], [130.4556, 33.4782], [130.4543, 33.4792], [130.4528, 33.4819], [130.4535, 33.4833], [130.4529, 33.4854], [130.4521, 33.4859], [130.4525, 33.4861], [130.4526, 33.4871], [130.4537, 33.489], [130.4529, 33.4908], [130.4514, 33.491], [130.4516, 33.4921], [130.4511, 33.4925], [130.4515, 33.4946], [130.4507, 33.4951], [130.4508, 33.4955], [130.4517, 33.4963], [130.4508, 33.4984], [130.4503, 33.4988], [130.4487, 33.4987], [130.4478, 33.499], [130.4473, 33.502], [130.4463, 33.502], [130.4454, 33.503], [130.4465, 33.504], [130.4465, 33.5045], [130.4473, 33.5047], [130.4475, 33.5054], [130.4483, 33.506], [130.448, 33.5087], [130.4442, 33.5102], [130.4422, 33.5116], [130.4419, 33.5122], [130.4411, 33.512], [130.4406, 33.5129], [130.4398, 33.5133], [130.4397, 33.5142], [130.4385, 33.5144], [130.4382, 33.5156], [130.4369, 33.5167], [130.4365, 33.5167], [130.4361, 33.5188], [130.4345, 33.5209], [130.4347, 33.5222], [130.4339, 33.5228], [130.4325, 33.5244], [130.4306, 33.5234], [130.4285, 33.5228], [130.4271, 33.5244], [130.428, 33.5258], [130.4268, 33.5303], [130.4251, 33.5301], [130.4241, 33.5284], [130.4199, 33.5273], [130.4201, 33.5268], [130.419, 33.5254], [130.4179, 33.5249], [130.4178, 33.5244], [130.4166, 33.5236], [130.4147, 33.5246], [130.4125, 33.5244], [130.4105, 33.5223], [130.4102, 33.5222], [130.4102, 33.5228], [130.4092, 33.5224], [130.4091, 33.522], [130.4077, 33.5218], [130.4077, 33.5215], [130.4062, 33.5211], [130.4058, 33.5195], [130.4044, 33.519], [130.4038, 33.5183], [130.404, 33.5138], [130.4013, 33.5135], [130.4011, 33.5127], [130.4001, 33.5121], [130.3994, 33.513], [130.3981, 33.513], [130.3971, 33.5115], [130.3973, 33.51], [130.3963, 33.509], [130.396, 33.5073], [130.3954, 33.5069], [130.3937, 33.5063], [130.3932, 33.5073], [130.3921, 33.5082], [130.391, 33.5084], [130.389, 33.5071], [130.3858, 33.5072], [130.382, 33.5057], [130.3811, 33.5064], [130.3808, 33.5073], [130.38, 33.5073], [130.3779, 33.5084], [130.3771, 33.5085], [130.3741, 33.5064], [130.3711, 33.5052]]]}, "properties": {"name": "福岡県那珂川市"}}, {"type": "Feature", "geometry": {"type": "Polygon", "coordinates": [[[130.5628, 33.5937], [130.5605, 33.5936], [130.555, 33.5914], [130.553, 33.5896], [130.55, 33.5878], [130.5484, 33.5872], [130.548, 33.5859], [130.5468, 33.585], [130.5465, 33.5836], [130.5467, 33.5832], [130.548, 33.5825], [130.5446, 33.5784], [130.5436, 33.578], [130.5429, 33.5782], [130.5413, 33.5777], [130.5393, 33.5778], [130.5388, 33.5773], [130.5362, 33.5775], [130.5323, 33.576], [130.53, 33.5759], [130.5294, 33.5756], [130.5281, 33.5755], [130.5271, 33.5764], [130.5267, 33.576], [130.5252, 33.5757], [130.5242, 33.5757], [130.5228, 33.5762], [130.5204, 33.5757], [130.5199, 33.5758], [130.5191, 33.5768], [130.5167, 33.5771], [130.516, 33.5766], [130.5161, 33.5755], [130.5124, 33.5775], [130.5119, 33.5766], [130.5104, 33.5776], [130.51, 33.5775], [130.5073, 33.5795], [130.5051, 33.5803], [130.5049, 33.5811], [130.5044, 33.5809], [130.5044, 33.5813], [130.5039, 33.5815], [130.5024, 33.5811], [130.5004, 33.5813], [130.4989, 33.5803], [130.5006, 33.5796], [130.5009, 33.5782], [130.4993, 33.5779], [130.4987, 33.5782], [130.4969, 33.5769], [130.5, 33.5735], [130.4958, 33.5726], [130.4947, 33.5732], [130.4933, 33.5746], [130.4927, 33.5735], [130.4922, 33.5735], [130.4892, 33.5706], [130.488, 33.5701], [130.4873, 33.5685], [130.4871, 33.5668], [130.4875, 33.5671], [130.4887, 33.5665], [130.4879, 33.5656], [130.4886, 33.564], [130.4879, 33.5637], [130.4879, 33.5625], [130.4873, 33.5615], [130.4861, 33.5607], [130.4863, 33.5601], [130.4874, 33.5608], [130.488, 33.5606], [130.4884, 33.5593], [130.4898, 33.5594], [130.4915, 33.5601], [130.4933, 33.5589], [130.4954, 33.5594], [130.4971, 33.5604], [130.4996, 33.5606], [130.5018, 33.5599], [130.5019, 33.5591], [130.5033, 33.5575], [130.5032, 33.5563], [130.5044, 33.5536], [130.5041, 33.5526], [130.503, 33.5515], [130.503, 33.5503], [130.5039, 33.5499], [130.505, 33.5488], [130.5061, 33.5487], [130.507, 33.548], [130.509, 33.5479], [130.5094, 33.547], [130.5091, 33.5447], [130.5082, 33.5429], [130.5083, 33.5418], [130.5089, 33.541], [130.5103, 33.5409], [130.5112, 33.5404], [130.5122, 33.5398], [130.5135, 33.5382], [130.5145, 33.538], [130.5147, 33.5371], [130.5142, 33.5356], [130.5144, 33.5335], [130.5158, 33.5327], [130.5163, 33.5309], [130.5171, 33.5307], [130.5183, 33.5312], [130.5185, 33.5307], [130.5195, 33.5303], [130.5222, 33.5305], [130.5227, 33.5315], [130.5242, 33.5317], [130.5248, 33.5327], [130.5262, 33.5334], [130.5279, 33.5352], [130.5296, 33.536], [130.5296, 33.5366], [130.5285, 33.5375], [130.5291, 33.5392], [130.5282, 33.5394], [130.5277, 33.5404], [130.5284, 33.5426], [130.5306, 33.5437], [130.5313, 33.5433], [130.5324, 33.5438], [130.5333, 33.5434], [130.5338, 33.5435], [130.5367, 33.5463], [130.5383, 33.5472], [130.5387, 33.5471], [130.539, 33.5478], [130.5398, 33.548], [130.5405, 33.5476], [130.5412, 33.5481], [130.5413, 33.5489], [130.5418, 33.5494], [130.5418, 33.5518], [130.5415, 33.5522], [130.5398, 33.5526], [130.5405, 33.5549], [130.5434, 33.5546], [130.5496, 33.5564], [130.5518, 33.5562], [130.5532, 33.5556], [130.5544, 33.5537], [130.5581, 33.5516], [130.5608, 33.5481], [130.5616, 33.5482], [130.5628, 33.5469], [130.5649, 33.5466], [130.5656, 33.5451], [130.5685, 33.5442], [130.5703, 33.5441], [130.5722, 33.5423], [130.5741, 33.5431], [130.5748, 33.5437], [130.576, 33.5471], [130.5771, 33.5493], [130.5785, 33.5509], [130.5793, 33.5529], [130.5809, 33.5539], [130.584, 33.5548], [130.5842, 33.5552], [130.5805, 33.5586], [130.5805, 33.56], [130.5811, 33.5615], [130.5794, 33.5656], [130.5776, 33.5672], [130.5768, 33.5672], [130.5749, 33.5684], [130.5752, 33.5691], [130.5737, 33.5749], [130.574, 33.576], [130.5729, 33.577], [130.5697, 33.5782], [130.568, 33.5793], [130.5684, 33.5806], [130.5682, 33.5821], [130.567, 33.5837], [130.5663, 33.5871], [130.5669, 33.5882], [130.567, 33.5895], [130.5664, 33.5909], [130.5648, 33.5919], [130.5644, 33.5928], [130.5628, 33.5937]]]}, "properties": {"name": "福岡県宇美町"}}, {"type": "Feature", "geometry": {"type": "Polygon", "coordinates": [[[130.5751, 33.6381], [130.5738, 33.6394], [130.5731, 33.6414], [130.572, 33.6418], [130.5713, 33.643], [130.5693, 33.6438], [130.5681, 33.6455], [130.5662, 33.6469], [130.5659, 33.6477], [130.5674, 33.6488], [130.5675, 33.6496], [130.5689, 33.6512], [130.5708, 33.652], [130.5712, 33.653], [130.5739, 33.6542], [130.5751, 33.6559], [130.5752, 33.658], [130.5743, 33.6586], [130.5742, 33.6595], [130.5733, 33.66], [130.5728, 33.6609], [130.5711, 33.6624], [130.5707, 33.6632], [130.5683, 33.664], [130.5658, 33.6654], [130.5624, 33.6656], [130.5612, 33.664], [130.5583, 33.6625], [130.5564, 33.6604], [130.5556, 33.6602], [130.5552, 33.6594], [130.5492, 33.6565], [130.5489, 33.6546], [130.5475, 33.6537], [130.5471, 33.6529], [130.548, 33.6509], [130.5476, 33.6472], [130.5457, 33.6462], [130.5452, 33.6462], [130.5432, 33.6445], [130.5415, 33.6444], [130.5408, 33.6449], [130.539, 33.6436], [130.5382, 33.6435], [130.5375, 33.6441], [130.5371, 33.6439], [130.5361, 33.6426], [130.536, 33.6392], [130.5341, 33.6374], [130.5319, 33.6366], [130.5306, 33.6371], [130.5291, 33.6361], [130.528, 33.6371], [130.5275, 33.6386], [130.5269, 33.6384], [130.5261, 33.6376], [130.5246, 33.6392], [130.5219, 33.6379], [130.521, 33.6381], [130.5202, 33.6377], [130.5192, 33.6384], [130.518, 33.6384], [130.5163, 33.6397], [130.5139, 33.6398], [130.5134, 33.6382], [130.5125, 33.638], [130.5116, 33.637], [130.51, 33.6382], [130.5069, 33.6383], [130.5047, 33.6367], [130.5022, 33.6363], [130.5009, 33.6355], [130.5005, 33.6357], [130.5007, 33.6354], [130.4998, 33.6348], [130.5001, 33.6355], [130.4991, 33.6347], [130.4985, 33.6349], [130.498, 33.6349], [130.4981, 33.6344], [130.4985, 33.6343], [130.4969, 33.631], [130.4964, 33.6308], [130.4961, 33.6285], [130.4966, 33.6274], [130.4982, 33.6268], [130.4993, 33.6275], [130.4996, 33.6264], [130.5001, 33.6264], [130.5002, 33.6261], [130.5, 33.6255], [130.5004, 33.625], [130.4994, 33.6246], [130.4998, 33.6228], [130.4977, 33.6225], [130.4976, 33.6219], [130.4981, 33.6212], [130.4989, 33.6209], [130.4993, 33.6203], [130.4998, 33.6174], [130.4993, 33.6159], [130.4997, 33.6153], [130.5001, 33.6148], [130.5001, 33.6135], [130.5006, 33.6127], [130.5019, 33.6121], [130.5031, 33.6125], [130.5042, 33.6124], [130.5067, 33.6111], [130.5079, 33.6096], [130.5088, 33.609], [130.5117, 33.6083], [130.5126, 33.6068], [130.5136, 33.6066], [130.5151, 33.605], [130.5163, 33.6044], [130.5157, 33.6034], [130.5189, 33.6021], [130.5216, 33.6024], [130.523, 33.6021], [130.5247, 33.6004], [130.5254, 33.6005], [130.5254, 33.601], [130.5259, 33.6011], [130.5272, 33.6008], [130.5277, 33.6002], [130.5289, 33.6002], [130.5297, 33.6008], [130.5314, 33.6004], [130.5324, 33.599], [130.5339, 33.5985], [130.5345, 33.5979], [130.5356, 33.5958], [130.5371, 33.5954], [130.5394, 33.5956], [130.5422, 33.5964], [130.5448, 33.5978], [130.5474, 33.5977], [130.5492, 33.5987], [130.5512, 33.599], [130.5537, 33.5987], [130.5545, 33.5991], [130.5584, 33.5998], [130.5612, 33.6006], [130.5631, 33.603], [130.5642, 33.6032], [130.5664, 33.6048], [130.5674, 33.6068], [130.5717, 33.6065], [130.5737, 33.6068], [130.5745, 33.6062], [130.5739, 33.6049], [130.5763, 33.6042], [130.5768, 33.6039], [130.5767, 33.6033], [130.5773, 33.6031], [130.5778, 33.6036], [130.5778, 33.6042], [130.5792, 33.6039], [130.5808, 33.6041], [130.5808, 33.6055], [130.5817, 33.6064], [130.5825, 33.6063], [130.5829, 33.6073], [130.5862, 33.6058], [130.5871, 33.6039], [130.5879, 33.6037], [130.5892, 33.6056], [130.5898, 33.6057], [130.5899, 33.6064], [130.5914, 33.6068], [130.5917, 33.6082], [130.5931, 33.6081], [130.5939, 33.609], [130.5973, 33.6098], [130.5979, 33.6107], [130.6002, 33.6113], [130.6003, 33.6126], [130.599, 33.6131], [130.5981, 33.6141], [130.5976, 33.6152], [130.5964, 33.6162], [130.594, 33.6169], [130.5935, 33.6176], [130.5929, 33.6178], [130.5915, 33.6191], [130.5894, 33.6186], [130.5871, 33.619], [130.586, 33.6184], [130.585, 33.6184], [130.5829, 33.6201], [130.5844, 33.6211], [130.5874, 33.626], [130.5866, 33.6273], [130.5867, 33.6293], [130.5862, 33.6295], [130.5857, 33.6322], [130.5849, 33.6329], [130.5827, 33.6332], [130.5822, 33.6341], [130.5807, 33.6349], [130.5803, 33.6357], [130.5787, 33.6365], [130.5775, 33.6379], [130.5762, 33.6377], [130.5751, 33.6381]]]}, "properties": {"name": "福岡県篠栗町"}}, {"type": "Feature", "geometry": {"type": "Polygon", "coordinates": [[[130.4422, 33.6065], [130.4432, 33.6059], [130.443, 33.6057], [130.4435, 33.6052], [130.4439, 33.6051], [130.4441, 33.6055], [130.4454, 33.6049], [130.4465, 33.605], [130.4476, 33.6045], [130.4492, 33.6029], [130.4504, 33.6029], [130.451, 33.6022], [130.4504, 33.6014], [130.4517, 33.6012], [130.4523, 33.6006], [130.4541, 33.5981], [130.4551, 33.5974], [130.4554, 33.5963], [130.4569, 33.5964], [130.4576, 33.597], [130.4598, 33.5966], [130.4607, 33.5954], [130.4604, 33.5951], [130.4607, 33.5946], [130.4618, 33.5941], [130.4637, 33.591], [130.466, 33.5899], [130.4671, 33.5873], [130.4682, 33.5868], [130.4691, 33.587], [130.4697, 33.5862], [130.4705, 33.5861], [130.4713, 33.5852], [130.4717, 33.5852], [130.4715, 33.5848], [130.473, 33.5834], [130.4736, 33.5837], [130.4741, 33.5815], [130.4757, 33.5806], [130.475, 33.5798], [130.4752, 33.5793], [130.4764, 33.578], [130.4779, 33.5776], [130.4784, 33.5755], [130.4789, 33.5751], [130.4786, 33.5748], [130.4792, 33.5742], [130.4793, 33.5726], [130.4786, 33.572], [130.4785, 33.5711], [130.4777, 33.5705], [130.4773, 33.5674], [130.4782, 33.5671], [130.4798, 33.5672], [130.4809, 33.5679], [130.4822, 33.5674], [130.4816, 33.5661], [130.4816, 33.5649], [130.4832, 33.5623], [130.4842, 33.5621], [130.4857, 33.5603], [130.4863, 33.5601], [130.4861, 33.5607], [130.4873, 33.5615], [130.4879, 33.5625], [130.4879, 33.5637], [130.4886, 33.564], [130.4879, 33.5656], [130.4887, 33.5665], [130.4875, 33.5671], [130.4871, 33.5668], [130.4873, 33.5685], [130.488, 33.5701], [130.4892, 33.5706], [130.4922, 33.5735], [130.4927, 33.5735], [130.4933, 33.5746], [130.4947, 33.5732], [130.4958, 33.5726], [130.5, 33.5735], [130.4969, 33.5769], [130.4987, 33.5782], [130.4993, 33.5779], [130.5009, 33.5782], [130.5006, 33.5796], [130.4989, 33.5803], [130.4969, 33.5819], [130.4959, 33.582], [130.4953, 33.583], [130.4942, 33.5835], [130.4935, 33.5843], [130.4916, 33.5854], [130.4921, 33.5868], [130.4927, 33.5869], [130.4937, 33.5881], [130.4901, 33.5903], [130.4908, 33.5912], [130.4897, 33.591], [130.4894, 33.5913], [130.4895, 33.5925], [130.4887, 33.5936], [130.4856, 33.5951], [130.4846, 33.5946], [130.4824, 33.5949], [130.4793, 33.5928], [130.4764, 33.5959], [130.4772, 33.5964], [130.4754, 33.5987], [130.4743, 33.5982], [130.4729, 33.5998], [130.4738, 33.6003], [130.4731, 33.601], [130.472, 33.6015], [130.4704, 33.6007], [130.469, 33.6022], [130.4683, 33.6017], [130.4674, 33.6019], [130.4653, 33.6038], [130.4645, 33.6036], [130.4621, 33.6054], [130.4593, 33.6089], [130.4581, 33.6098], [130.4573, 33.6096], [130.4564, 33.61], [130.4539, 33.6099], [130.4486, 33.6064], [130.4488, 33.6062], [130.448, 33.6058], [130.4473, 33.6064], [130.446, 33.606], [130.4445, 33.6075], [130.4431, 33.6066], [130.4424, 33.6067], [130.4422, 33.6065]]]}, "properties": {"name": "福岡県志免町"}}, {"type": "Feature", "geometry": {"type": "Polygon", "coordinates": [[[130.5584, 33.5998], [130.5545, 33.5991], [130.5537, 33.5987], [130.5512, 33.599], [130.5492, 33.5987], [130.5474, 33.5977], [130.5448, 33.5978], [130.5422, 33.5964], [130.5394, 33.5956], [130.5371, 33.5954], [130.5356, 33.5958], [130.5345, 33.5979], [130.5339, 33.5985], [130.5324, 33.599], [130.5314, 33.6004], [130.5297, 33.6008], [130.5289, 33.6002], [130.5277, 33.6002], [130.5272, 33.6008], [130.5259, 33.6011], [130.5254, 33.601], [130.5254, 33.6005], [130.5247, 33.6004], [130.523, 33.6021], [130.5216, 33.6024], [130.5189, 33.6021], [130.5157, 33.6034], [130.5163, 33.6044], [130.5151, 33.605], [130.5136, 33.6066], [130.5126, 33.6068], [130.5117, 33.6083], [130.5088, 33.609], [130.5079, 33.6096], [130.5067, 33.6111], [130.5042, 33.6124], [130.5031, 33.6125], [130.5019, 33.6121], [130.5006, 33.6127], [130.5001, 33.6135], [130.5001, 33.6148], [130.4997, 33.6153], [130.4989, 33.6148], [130.498, 33.615], [130.4957, 33.6145], [130.4954, 33.614], [130.4958, 33.6132], [130.4952, 33.612], [130.4924, 33.6104], [130.4893, 33.6093], [130.489, 33.6074], [130.4897, 33.6062], [130.4894, 33.6053], [130.4884, 33.6048], [130.4893, 33.6031], [130.4884, 33.6024], [130.4889, 33.6022], [130.4892, 33.6005], [130.4902, 33.5994], [130.4902, 33.5989], [130.4913, 33.5988], [130.4913, 33.5983], [130.4918, 33.5983], [130.4917, 33.5967], [130.4908, 33.5963], [130.491, 33.5957], [130.4901, 33.5951], [130.4904, 33.5945], [130.4897, 33.5941], [130.491, 33.5928], [130.4896, 33.5936], [130.4892, 33.5933], [130.4887, 33.5936], [130.4895, 33.5925], [130.4894, 33.5913], [130.4897, 33.591], [130.4908, 33.5912], [130.4901, 33.5903], [130.4937, 33.5881], [130.4927, 33.5869], [130.4921, 33.5868], [130.4916, 33.5854], [130.4935, 33.5843], [130.4942, 33.5835], [130.4953, 33.583], [130.4959, 33.582], [130.4969, 33.5819], [130.4989, 33.5803], [130.5004, 33.5813], [130.5024, 33.5811], [130.5039, 33.5815], [130.5044, 33.5813], [130.5044, 33.5809], [130.5049, 33.5811], [130.5051, 33.5803], [130.5073, 33.5795], [130.51, 33.5775], [130.5104, 33.5776], [130.5119, 33.5766], [130.5124, 33.5775], [130.5161, 33.5755], [130.516, 33.5766], [130.5167, 33.5771], [130.5191, 33.5768], [130.5199, 33.5758], [130.5204, 33.5757], [130.5228, 33.5762], [130.5242, 33.5757], [130.5252, 33.5757], [130.5267, 33.576], [130.5271, 33.5764], [130.5281, 33.5755], [130.5294, 33.5756], [130.53, 33.5759], [130.5323, 33.576], [130.5362, 33.5775], [130.5388, 33.5773], [130.5393, 33.5778], [130.5413, 33.5777], [130.5429, 33.5782], [130.5436, 33.578], [130.5446, 33.5784], [130.548, 33.5825], [130.5467, 33.5832], [130.5465, 33.5836], [130.5468, 33.585], [130.548, 33.5859], [130.5484, 33.5872], [130.55, 33.5878], [130.553, 33.5896], [130.555, 33.5914], [130.5605, 33.5936], [130.5628, 33.5937], [130.5582, 33.5985], [130.5584, 33.5998]]]}, "properties": {"name": "福岡県須恵町"}}, {"type": "Feature", "geometry": {"type": "MultiPolygon", "coordinates": [[[[130.4679, 33.6797], [130.4692, 33.6797], [130.4704, 33.6781], [130.4722, 33.6772], [130.473, 33.6772], [130.474, 33.6759], [130.4752, 33.6757], [130.4762, 33.6748], [130.4777, 33.6759], [130.4813, 33.6759], [130.4834, 33.6755], [130.4857, 33.6744], [130.4859, 33.6737], [130.487, 33.6743], [130.4881, 33.6739], [130.4885, 33.6746], [130.4897, 33.6748], [130.49, 33.6755], [130.4913, 33.6764], [130.4921, 33.6782], [130.4939, 33.6799], [130.4955, 33.6804], [130.4964, 33.682], [130.4986, 33.6816], [130.5007, 33.6828], [130.5029, 33.6828], [130.5034, 33.6832], [130.5033, 33.6842], [130.5049, 33.6845], [130.5071, 33.6837], [130.5091, 33.6845], [130.5094, 33.6847], [130.5093, 33.6853], [130.5082, 33.6864], [130.5084, 33.687], [130.5073, 33.6875], [130.5069, 33.6888], [130.5057, 33.6887], [130.505, 33.6893], [130.5054, 33.6904], [130.5041, 33.6914], [130.5042, 33.6924], [130.5047, 33.6927], [130.5047, 33.6937], [130.5037, 33.6938], [130.5031, 33.6943], [130.5028, 33.6971], [130.5002, 33.6973], [130.4994, 33.6988], [130.4987, 33.6986], [130.4977, 33.6975], [130.4978, 33.6966], [130.4958, 33.6954], [130.494, 33.6932], [130.4924, 33.6928], [130.4919, 33.6932], [130.4885, 33.6933], [130.4869, 33.6939], [130.4854, 33.6933], [130.4849, 33.6941], [130.4818, 33.694], [130.4785, 33.695], [130.4739, 33.6939], [130.4718, 33.6942], [130.4703, 33.6939], [130.468, 33.6943], [130.4669, 33.6953], [130.4678, 33.6977], [130.4672, 33.698], [130.4673, 33.6984], [130.4663, 33.6995], [130.4662, 33.7003], [130.4652, 33.7006], [130.4677, 33.7021], [130.4682, 33.7054], [130.468, 33.706], [130.4687, 33.7069], [130.4689, 33.7081], [130.468, 33.7084], [130.4676, 33.7096], [130.4651, 33.7115], [130.4648, 33.7121], [130.4651, 33.7123], [130.4649, 33.7128], [130.4626, 33.714], [130.4621, 33.7155], [130.4607, 33.7164], [130.4608, 33.7175], [130.4592, 33.7193], [130.4547, 33.7213], [130.4507, 33.7238], [130.4483, 33.7246], [130.4472, 33.7254], [130.444, 33.7227], [130.4393, 33.7204], [130.4363, 33.7183], [130.4321, 33.7163], [130.4286, 33.7152], [130.4267, 33.7154], [130.4268, 33.7162], [130.4265, 33.715], [130.4262, 33.715], [130.4262, 33.7158], [130.4268, 33.7167], [130.4262, 33.7159], [130.4261, 33.715], [130.4253, 33.7166], [130.4263, 33.7173], [130.4258, 33.718], [130.4263, 33.7173], [130.4252, 33.7166], [130.4242, 33.7171], [130.4241, 33.7175], [130.4253, 33.7182], [130.424, 33.7179], [130.4229, 33.7183], [130.4226, 33.7191], [130.4234, 33.7196], [130.4226, 33.7194], [130.4223, 33.7187], [130.4221, 33.719], [130.4216, 33.7187], [130.4216, 33.7192], [130.4209, 33.7183], [130.4212, 33.7166], [130.4209, 33.7158], [130.4204, 33.7154], [130.4203, 33.7158], [130.4201, 33.7152], [130.4192, 33.7147], [130.4188, 33.7149], [130.4187, 33.7144], [130.4175, 33.7138], [130.4182, 33.7134], [130.4181, 33.7126], [130.4243, 33.7109], [130.423, 33.7088], [130.4234, 33.7085], [130.4238, 33.709], [130.4251, 33.7092], [130.4253, 33.71], [130.426, 33.7097], [130.4263, 33.7086], [130.4267, 33.7084], [130.4277, 33.7091], [130.4279, 33.7099], [130.4285, 33.7097], [130.4288, 33.7094], [130.4286, 33.7083], [130.4305, 33.7083], [130.4301, 33.7069], [130.4332, 33.7057], [130.4338, 33.7043], [130.4336, 33.7037], [130.4341, 33.7037], [130.4342, 33.7034], [130.4349, 33.7035], [130.4366, 33.7024], [130.4374, 33.7025], [130.4397, 33.7017], [130.4399, 33.7013], [130.4388, 33.7016], [130.4386, 33.7012], [130.4392, 33.7008], [130.4404, 33.7006], [130.4402, 33.6995], [130.4405, 33.6992], [130.4409, 33.6992], [130.4414, 33.6998], [130.4419, 33.6994], [130.4422, 33.6997], [130.4415, 33.7003], [130.4417, 33.7009], [130.4443, 33.7], [130.4444, 33.6995], [130.445, 33.6991], [130.448, 33.6978], [130.4471, 33.6963], [130.4478, 33.6955], [130.4482, 33.6924], [130.4479, 33.6921], [130.4501, 33.6902], [130.4502, 33.6896], [130.4515, 33.6881], [130.4517, 33.6866], [130.4528, 33.685], [130.4528, 33.6834], [130.4542, 33.6824], [130.4539, 33.6812], [130.4549, 33.6794], [130.4557, 33.6799], [130.457, 33.6801], [130.4575, 33.6799], [130.4603, 33.6805], [130.4609, 33.6815], [130.4644, 33.683], [130.466, 33.6826], [130.4664, 33.6807], [130.4672, 33.6799], [130.4679, 33.6797]]], [[[130.3638, 33.767], [130.3627, 33.767], [130.3619, 33.7663], [130.3606, 33.7645], [130.3607, 33.7634], [130.3595, 33.7621], [130.3594, 33.7612], [130.3598, 33.7584], [130.3616, 33.7567], [130.3626, 33.7551], [130.3653, 33.7549], [130.3652, 33.7555], [130.3655, 33.7558], [130.3652, 33.7557], [130.365, 33.7567], [130.3654, 33.7569], [130.3646, 33.757], [130.3641, 33.7575], [130.3643, 33.758], [130.3648, 33.7588], [130.3655, 33.7585], [130.3651, 33.758], [130.3652, 33.7573], [130.3668, 33.7596], [130.3677, 33.7599], [130.3662, 33.7594], [130.3657, 33.7587], [130.3651, 33.7591], [130.3663, 33.7603], [130.3669, 33.7602], [130.3672, 33.761], [130.3696, 33.7601], [130.3703, 33.7605], [130.3734, 33.7597], [130.3763, 33.7598], [130.3785, 33.758], [130.38, 33.758], [130.3809, 33.7585], [130.3807, 33.7591], [130.3813, 33.7596], [130.3808, 33.7598], [130.3791, 33.7597], [130.3788, 33.7593], [130.3782, 33.7595], [130.3767, 33.7623], [130.3726, 33.7648], [130.3677, 33.7665], [130.3664, 33.7664], [130.3638, 33.767]]]]}, "properties": {"name": "福岡県新宮町"}}, {"type": "Feature", "geometry": {"type": "Polygon", "coordinates": [[[130.4944, 33.6339], [130.4944, 33.6341], [130.4971, 33.6349], [130.498, 33.635], [130.4985, 33.6349], [130.4991, 33.6347], [130.5001, 33.6355], [130.4998, 33.6348], [130.5007, 33.6354], [130.5005, 33.6357], [130.5009, 33.6355], [130.5022, 33.6363], [130.5047, 33.6367], [130.5069, 33.6383], [130.51, 33.6382], [130.5116, 33.637], [130.5125, 33.638], [130.5134, 33.6382], [130.5139, 33.6398], [130.5163, 33.6397], [130.518, 33.6384], [130.5192, 33.6384], [130.5202, 33.6377], [130.521, 33.6381], [130.5219, 33.6379], [130.5246, 33.6392], [130.5261, 33.6376], [130.5269, 33.6384], [130.5275, 33.6386], [130.528, 33.6371], [130.5291, 33.6361], [130.5306, 33.6371], [130.5319, 33.6366], [130.5341, 33.6374], [130.536, 33.6392], [130.5361, 33.6426], [130.5371, 33.6439], [130.5375, 33.6441], [130.5382, 33.6435], [130.539, 33.6436], [130.5408, 33.6449], [130.5415, 33.6444], [130.5432, 33.6445], [130.5452, 33.6462], [130.5457, 33.6462], [130.5476, 33.6472], [130.548, 33.6509], [130.5471, 33.6529], [130.5475, 33.6537], [130.5489, 33.6546], [130.5492, 33.6565], [130.5552, 33.6594], [130.5556, 33.6602], [130.5564, 33.6604], [130.5583, 33.6625], [130.5612, 33.664], [130.5624, 33.6656], [130.5618, 33.6663], [130.5598, 33.6664], [130.5592, 33.667], [130.5575, 33.6673], [130.5557, 33.6667], [130.5538, 33.668], [130.5522, 33.6678], [130.5518, 33.6682], [130.5513, 33.668], [130.5503, 33.67], [130.5508, 33.6704], [130.55, 33.6724], [130.5496, 33.6733], [130.5485, 33.6741], [130.5481, 33.6748], [130.5462, 33.6757], [130.5437, 33.6749], [130.5422, 33.6754], [130.5415, 33.6762], [130.5421, 33.6794], [130.5418, 33.6798], [130.541, 33.6796], [130.5411, 33.6807], [130.5403, 33.6809], [130.5398, 33.6818], [130.5418, 33.6851], [130.5409, 33.6863], [130.5417, 33.687], [130.5421, 33.6884], [130.5443, 33.6893], [130.5438, 33.6908], [130.5454, 33.693], [130.5449, 33.6938], [130.5429, 33.694], [130.5419, 33.6948], [130.542, 33.6964], [130.5409, 33.6984], [130.5413, 33.7005], [130.5424, 33.7014], [130.5422, 33.7028], [130.5427, 33.7035], [130.5423, 33.7055], [130.5415, 33.7062], [130.5419, 33.7073], [130.5432, 33.7075], [130.5447, 33.7085], [130.5447, 33.7101], [130.5408, 33.7111], [130.5374, 33.7099], [130.5351, 33.7108], [130.5339, 33.7099], [130.5328, 33.7098], [130.5321, 33.7088], [130.5311, 33.7085], [130.5298, 33.7071], [130.5293, 33.7069], [130.5281, 33.7072], [130.5277, 33.7065], [130.5278, 33.7056], [130.5264, 33.7048], [130.5263, 33.7029], [130.5251, 33.7022], [130.5225, 33.7016], [130.5214, 33.7017], [130.5201, 33.7012], [130.5212, 33.6996], [130.5203, 33.697], [130.5206, 33.6963], [130.5197, 33.696], [130.5187, 33.6952], [130.5194, 33.6943], [130.5185, 33.6937], [130.5194, 33.6928], [130.5187, 33.6921], [130.5178, 33.692], [130.5151, 33.6903], [130.5143, 33.6902], [130.5141, 33.6895], [130.5129, 33.6884], [130.5124, 33.6885], [130.512, 33.6891], [130.5117, 33.6882], [130.5108, 33.6875], [130.51, 33.6873], [130.5092, 33.6876], [130.5084, 33.687], [130.5082, 33.6864], [130.5093, 33.6853], [130.5094, 33.6847], [130.5091, 33.6845], [130.5071, 33.6837], [130.5049, 33.6845], [130.5033, 33.6842], [130.5034, 33.6832], [130.5029, 33.6828], [130.5007, 33.6828], [130.4986, 33.6816], [130.4964, 33.682], [130.4955, 33.6804], [130.4939, 33.6799], [130.4921, 33.6782], [130.4913, 33.6764], [130.49, 33.6755], [130.4897, 33.6748], [130.4885, 33.6746], [130.4881, 33.6739], [130.487, 33.6743], [130.4859, 33.6737], [130.4857, 33.6744], [130.4834, 33.6755], [130.4813, 33.6759], [130.4777, 33.6759], [130.4762, 33.6748], [130.4752, 33.6757], [130.474, 33.6759], [130.473, 33.6772], [130.4722, 33.6772], [130.4704, 33.6781], [130.4692, 33.6797], [130.4679, 33.6797], [130.4684, 33.6793], [130.4686, 33.6785], [130.467, 33.6763], [130.4672, 33.673], [130.468, 33.6725], [130.4682, 33.6719], [130.469, 33.6715], [130.471, 33.669], [130.4691, 33.6673], [130.4694, 33.6664], [130.4708, 33.6646], [130.4734, 33.6623], [130.4754, 33.6589], [130.4773, 33.6572], [130.4778, 33.6552], [130.4793, 33.6548], [130.4796, 33.6541], [130.4787, 33.6511], [130.4792, 33.65], [130.4796, 33.65], [130.4794, 33.6488], [130.4805, 33.6486], [130.4806, 33.6483], [130.4814, 33.6489], [130.4813, 33.6487], [130.4819, 33.649], [130.483, 33.6495], [130.4835, 33.651], [130.4847, 33.6515], [130.4856, 33.6508], [130.4851, 33.6493], [130.487, 33.6474], [130.4892, 33.6481], [130.4894, 33.649], [130.4904, 33.6496], [130.4909, 33.6487], [130.4918, 33.648], [130.4926, 33.6479], [130.495, 33.646], [130.4929, 33.6437], [130.4936, 33.6431], [130.4936, 33.6422], [130.4929, 33.6414], [130.4939, 33.6408], [130.4928, 33.6362], [130.4947, 33.6353], [130.4944, 33.6348], [130.4936, 33.6347], [130.4936, 33.6341], [130.4944, 33.6339]]]}, "properties": {"name": "福岡県久山町"}}, {"type": "Feature", "geometry": {"type": "Polygon", "coordinates": [[[130.4424, 33.6067], [130.4431, 33.6066], [130.4445, 33.6075], [130.446, 33.606], [130.4473, 33.6064], [130.448, 33.6058], [130.4488, 33.6062], [130.4486, 33.6064], [130.4539, 33.6099], [130.4564, 33.61], [130.4573, 33.6096], [130.4581, 33.6098], [130.4593, 33.6089], [130.4621, 33.6054], [130.4645, 33.6036], [130.4653, 33.6038], [130.4674, 33.6019], [130.4683, 33.6017], [130.469, 33.6022], [130.4704, 33.6007], [130.472, 33.6015], [130.4731, 33.601], [130.4738, 33.6003], [130.4729, 33.5998], [130.4743, 33.5982], [130.4754, 33.5987], [130.4772, 33.5964], [130.4764, 33.5959], [130.4793, 33.5928], [130.4824, 33.5949], [130.4846, 33.5946], [130.4856, 33.5951], [130.4887, 33.5936], [130.4892, 33.5933], [130.4896, 33.5936], [130.491, 33.5928], [130.4897, 33.5941], [130.4904, 33.5945], [130.4901, 33.5951], [130.491, 33.5957], [130.4908, 33.5963], [130.4917, 33.5967], [130.4918, 33.5983], [130.4913, 33.5983], [130.4913, 33.5988], [130.4902, 33.5989], [130.4902, 33.5994], [130.4892, 33.6005], [130.4889, 33.6022], [130.4884, 33.6024], [130.4893, 33.6031], [130.4884, 33.6048], [130.4894, 33.6053], [130.4897, 33.6062], [130.489, 33.6074], [130.4893, 33.6093], [130.4924, 33.6104], [130.4952, 33.612], [130.4958, 33.6132], [130.4954, 33.614], [130.4957, 33.6145], [130.498, 33.615], [130.4989, 33.6148], [130.4997, 33.6153], [130.4993, 33.6159], [130.4998, 33.6174], [130.4993, 33.6203], [130.4989, 33.6209], [130.4981, 33.6212], [130.4976, 33.6219], [130.4977, 33.6225], [130.4998, 33.6228], [130.4994, 33.6246], [130.5004, 33.625], [130.5, 33.6255], [130.5002, 33.6261], [130.5001, 33.6264], [130.4996, 33.6264], [130.4993, 33.6275], [130.4982, 33.6268], [130.4966, 33.6274], [130.4961, 33.6285], [130.4964, 33.6308], [130.4969, 33.631], [130.4985, 33.6343], [130.4981, 33.6344], [130.498, 33.6349], [130.4985, 33.6349], [130.498, 33.635], [130.4971, 33.6349], [130.4944, 33.6341], [130.4944, 33.6339], [130.4941, 33.6333], [130.4944, 33.6316], [130.4938, 33.6314], [130.494, 33.6308], [130.4915, 33.6304], [130.4882, 33.6285], [130.4865, 33.6294], [130.4854, 33.6271], [130.4823, 33.6281], [130.4825, 33.6304], [130.4809, 33.6309], [130.4811, 33.6318], [130.4797, 33.6323], [130.4796, 33.6329], [130.4788, 33.6328], [130.4785, 33.6338], [130.4769, 33.6328], [130.4773, 33.6336], [130.4753, 33.634], [130.4737, 33.6362], [130.4724, 33.6367], [130.4707, 33.6354], [130.4697, 33.6357], [130.4686, 33.6346], [130.4682, 33.6347], [130.4679, 33.6345], [130.4677, 33.6337], [130.4687, 33.6333], [130.4681, 33.632], [130.4669, 33.6318], [130.4668, 33.6306], [130.4652, 33.6306], [130.4621, 33.6298], [130.462, 33.6292], [130.4601, 33.6293], [130.4584, 33.6274], [130.458, 33.6265], [130.458, 33.6262], [130.4585, 33.626], [130.4584, 33.6254], [130.4577, 33.6252], [130.4571, 33.6242], [130.454, 33.6251], [130.4516, 33.619], [130.4499, 33.6195], [130.4502, 33.6186], [130.4411, 33.6128], [130.4448, 33.609], [130.4419, 33.6071], [130.4424, 33.6067]]]}, "properties": {"name": "福岡県粕屋町"}}, {"type": "Feature", "geometry": {"type": "Polygon", "coordinates": [[[130.6734, 33.9188], [130.673, 33.9186], [130.6723, 33.919], [130.6723, 33.9183], [130.6718, 33.9185], [130.6718, 33.9181], [130.6711, 33.9179], [130.6703, 33.9184], [130.6704, 33.9176], [130.6697, 33.9186], [130.668, 33.919], [130.6688, 33.9166], [130.6683, 33.9161], [130.6678, 33.9165], [130.6679, 33.9157], [130.6673, 33.915], [130.6655, 33.9146], [130.6654, 33.915], [130.6649, 33.9151], [130.665, 33.9148], [130.6647, 33.9151], [130.6643, 33.915], [130.6622, 33.9172], [130.6621, 33.9142], [130.6613, 33.9152], [130.6609, 33.9152], [130.6613, 33.9144], [130.6618, 33.9141], [130.6616, 33.9139], [130.6622, 33.9137], [130.662, 33.9133], [130.6632, 33.9116], [130.6631, 33.9113], [130.6636, 33.9117], [130.665, 33.9107], [130.6645, 33.909], [130.6634, 33.9101], [130.6643, 33.9092], [130.6636, 33.9088], [130.6623, 33.9097], [130.6619, 33.9094], [130.6629, 33.9085], [130.6617, 33.9076], [130.6595, 33.9091], [130.6607, 33.9101], [130.6593, 33.909], [130.658, 33.9098], [130.6575, 33.9096], [130.6576, 33.9093], [130.6572, 33.9096], [130.6586, 33.9083], [130.6588, 33.9085], [130.6589, 33.9077], [130.6599, 33.9074], [130.661, 33.9075], [130.6618, 33.907], [130.662, 33.9053], [130.6616, 33.9041], [130.6613, 33.9042], [130.6619, 33.9026], [130.6631, 33.9014], [130.6637, 33.9001], [130.6656, 33.8984], [130.6664, 33.8971], [130.667, 33.8969], [130.6654, 33.8956], [130.6625, 33.8984], [130.6616, 33.8988], [130.6612, 33.8985], [130.661, 33.8987], [130.6615, 33.8989], [130.6603, 33.9005], [130.6609, 33.8996], [130.6603, 33.8992], [130.6601, 33.8995], [130.6582, 33.8985], [130.6571, 33.9], [130.6584, 33.8983], [130.6564, 33.8969], [130.6551, 33.898], [130.6544, 33.8976], [130.6552, 33.8965], [130.6551, 33.8957], [130.6531, 33.8932], [130.6515, 33.8919], [130.6486, 33.8905], [130.6477, 33.8904], [130.6438, 33.8882], [130.6358, 33.8854], [130.6364, 33.8838], [130.6374, 33.8828], [130.6402, 33.8822], [130.6408, 33.8815], [130.6422, 33.8812], [130.6426, 33.8807], [130.6433, 33.8791], [130.6427, 33.8775], [130.6437, 33.8748], [130.644, 33.8748], [130.6435, 33.8741], [130.644, 33.8699], [130.6431, 33.8693], [130.6438, 33.8688], [130.6494, 33.8713], [130.6496, 33.8711], [130.6503, 33.8714], [130.6506, 33.8711], [130.6516, 33.8712], [130.6517, 33.8718], [130.6539, 33.8709], [130.658, 33.8703], [130.658, 33.8716], [130.6589, 33.8714], [130.6596, 33.8718], [130.6595, 33.8722], [130.6604, 33.8723], [130.661, 33.8714], [130.6621, 33.8716], [130.6627, 33.8723], [130.6632, 33.872], [130.6638, 33.8726], [130.6664, 33.8729], [130.6662, 33.8746], [130.6676, 33.8748], [130.6691, 33.8765], [130.6704, 33.8767], [130.6706, 33.8802], [130.6733, 33.8828], [130.6737, 33.8851], [130.675, 33.8852], [130.6747, 33.8886], [130.6767, 33.8904], [130.6799, 33.8909], [130.6817, 33.8888], [130.6819, 33.8889], [130.6827, 33.8895], [130.6853, 33.8934], [130.684, 33.8945], [130.6855, 33.8978], [130.6852, 33.8983], [130.6845, 33.898], [130.6837, 33.8984], [130.6838, 33.8995], [130.6829, 33.8994], [130.6827, 33.9], [130.6817, 33.9001], [130.6811, 33.9007], [130.6814, 33.9021], [130.6804, 33.9017], [130.6797, 33.9017], [130.6793, 33.9025], [130.68, 33.9031], [130.6796, 33.9041], [130.6784, 33.9052], [130.6773, 33.9052], [130.6754, 33.9069], [130.6751, 33.9078], [130.6768, 33.9086], [130.6777, 33.9116], [130.6771, 33.9128], [130.6774, 33.915], [130.6763, 33.9166], [130.6749, 33.9169], [130.6734, 33.9188]]]}, "properties": {"name": "福岡県芦屋町"}}, {"type": "Feature", "geometry": {"type": "Polygon", "coordinates": [[[130.6817, 33.8888], [130.6799, 33.8909], [130.6767, 33.8904], [130.6793, 33.8686], [130.6801, 33.8572], [130.6862, 33.8417], [130.6884, 33.8374], [130.6913, 33.8342], [130.6956, 33.83], [130.6977, 33.8316], [130.6975, 33.8318], [130.699, 33.8321], [130.6987, 33.8338], [130.699, 33.8345], [130.7014, 33.8338], [130.7028, 33.834], [130.703, 33.8338], [130.7017, 33.842], [130.7022, 33.8421], [130.703, 33.842], [130.7033, 33.8414], [130.7042, 33.8414], [130.7043, 33.8417], [130.7053, 33.8412], [130.7066, 33.8391], [130.7084, 33.8396], [130.7095, 33.8392], [130.7091, 33.8381], [130.7095, 33.8377], [130.7089, 33.8364], [130.7107, 33.836], [130.7124, 33.8374], [130.714, 33.8379], [130.7164, 33.8365], [130.7167, 33.8358], [130.716, 33.8347], [130.7164, 33.8338], [130.7188, 33.8345], [130.7182, 33.8352], [130.7183, 33.8353], [130.7206, 33.8355], [130.721, 33.8361], [130.7206, 33.8371], [130.7208, 33.8389], [130.7203, 33.839], [130.7197, 33.8384], [130.7199, 33.8404], [130.7195, 33.8415], [130.7189, 33.8419], [130.7186, 33.8445], [130.7173, 33.845], [130.7167, 33.8448], [130.7154, 33.8456], [130.7156, 33.8461], [130.715, 33.8459], [130.7133, 33.8468], [130.7139, 33.8477], [130.7128, 33.8482], [130.7131, 33.8487], [130.7128, 33.8492], [130.7113, 33.8493], [130.7113, 33.8499], [130.7106, 33.8501], [130.7101, 33.851], [130.7085, 33.8515], [130.7073, 33.8525], [130.7054, 33.8527], [130.704, 33.8522], [130.7036, 33.854], [130.7055, 33.854], [130.7056, 33.8561], [130.7045, 33.8561], [130.7039, 33.8575], [130.7032, 33.8571], [130.7025, 33.8579], [130.7003, 33.8574], [130.7004, 33.8579], [130.6995, 33.8594], [130.7001, 33.8596], [130.6999, 33.8606], [130.6992, 33.861], [130.6991, 33.8624], [130.6978, 33.8637], [130.6964, 33.863], [130.6955, 33.8648], [130.6958, 33.8662], [130.6951, 33.8673], [130.6939, 33.8672], [130.6929, 33.8685], [130.693, 33.8693], [130.6948, 33.8702], [130.6949, 33.8719], [130.6963, 33.8728], [130.6957, 33.8734], [130.6958, 33.8742], [130.6953, 33.8742], [130.6952, 33.8739], [130.6933, 33.8742], [130.6924, 33.8757], [130.6925, 33.8776], [130.692, 33.8782], [130.6903, 33.8784], [130.6882, 33.8781], [130.6879, 33.881], [130.6854, 33.8834], [130.6817, 33.8888]]]}, "properties": {"name": "福岡県水巻町"}}, {"type": "Feature", "geometry": {"type": "Polygon", "coordinates": [[[130.6361, 33.8128], [130.6367, 33.8131], [130.6377, 33.8135], [130.6398, 33.813], [130.641, 33.8134], [130.6424, 33.8147], [130.6423, 33.8153], [130.6427, 33.8158], [130.6425, 33.8163], [130.6431, 33.8168], [130.6432, 33.8177], [130.644, 33.8187], [130.6441, 33.8193], [130.6439, 33.8206], [130.6434, 33.821], [130.6438, 33.8224], [130.6429, 33.8248], [130.6418, 33.8257], [130.6417, 33.8269], [130.6411, 33.8272], [130.6416, 33.8276], [130.6415, 33.8283], [130.6424, 33.8302], [130.6419, 33.831], [130.6429, 33.8329], [130.6423, 33.8347], [130.6433, 33.8355], [130.6446, 33.8352], [130.6453, 33.8369], [130.6449, 33.8377], [130.6466, 33.8388], [130.6474, 33.8402], [130.6473, 33.8413], [130.6481, 33.8442], [130.649, 33.8449], [130.6521, 33.8445], [130.6529, 33.8466], [130.6526, 33.8506], [130.6513, 33.852], [130.6499, 33.8499], [130.6456, 33.8491], [130.6448, 33.8501], [130.643, 33.8506], [130.6424, 33.85], [130.6407, 33.8503], [130.6397, 33.8491], [130.6386, 33.8487], [130.6375, 33.8494], [130.6379, 33.8506], [130.639, 33.8519], [130.6391, 33.8542], [130.6401, 33.8549], [130.6406, 33.8562], [130.6418, 33.8566], [130.6426, 33.8578], [130.6424, 33.8589], [130.6436, 33.8612], [130.6431, 33.8622], [130.6437, 33.8637], [130.6443, 33.864], [130.6437, 33.8649], [130.6444, 33.8667], [130.6432, 33.8682], [130.6438, 33.8688], [130.6431, 33.8693], [130.644, 33.8699], [130.6435, 33.8741], [130.644, 33.8748], [130.6437, 33.8748], [130.6427, 33.8775], [130.6433, 33.8791], [130.6426, 33.8807], [130.6422, 33.8812], [130.6408, 33.8815], [130.6402, 33.8822], [130.6374, 33.8828], [130.6364, 33.8838], [130.6358, 33.8854], [130.6323, 33.8843], [130.6313, 33.8826], [130.6312, 33.8827], [130.6319, 33.8838], [130.632, 33.8843], [130.6318, 33.8839], [130.6311, 33.8837], [130.6196, 33.8811], [130.6016, 33.8782], [130.6013, 33.8769], [130.6003, 33.8764], [130.6, 33.8769], [130.6009, 33.8774], [130.6009, 33.8783], [130.5881, 33.8779], [130.5795, 33.8782], [130.5763, 33.8785], [130.5756, 33.8792], [130.5744, 33.8789], [130.5738, 33.8794], [130.5732, 33.8792], [130.5719, 33.8795], [130.5712, 33.88], [130.5699, 33.88], [130.5683, 33.8817], [130.5665, 33.8823], [130.5668, 33.8825], [130.5663, 33.8832], [130.5675, 33.8837], [130.5663, 33.8832], [130.5665, 33.8842], [130.566, 33.8834], [130.5656, 33.8848], [130.5666, 33.8845], [130.5655, 33.885], [130.5659, 33.8861], [130.5665, 33.8861], [130.5665, 33.8864], [130.5657, 33.8865], [130.5658, 33.888], [130.5671, 33.8879], [130.568, 33.887], [130.5671, 33.8879], [130.5657, 33.8882], [130.565, 33.89], [130.5637, 33.8911], [130.5629, 33.8902], [130.5618, 33.8899], [130.5549, 33.8906], [130.5524, 33.8897], [130.549, 33.8893], [130.547, 33.8881], [130.546, 33.8879], [130.544, 33.888], [130.5431, 33.8893], [130.5429, 33.8889], [130.5417, 33.8863], [130.5415, 33.8845], [130.5428, 33.8836], [130.5436, 33.8817], [130.5454, 33.8801], [130.5465, 33.8796], [130.5466, 33.8782], [130.5487, 33.8767], [130.5489, 33.8746], [130.5509, 33.8723], [130.5523, 33.8694], [130.5543, 33.8696], [130.5544, 33.8685], [130.5562, 33.8667], [130.5561, 33.8651], [130.5569, 33.8644], [130.5594, 33.8643], [130.5615, 33.8635], [130.5645, 33.8639], [130.5649, 33.8627], [130.568, 33.8611], [130.568, 33.8593], [130.5687, 33.8586], [130.5699, 33.858], [130.5695, 33.8568], [130.5682, 33.8551], [130.5674, 33.8546], [130.5673, 33.8537], [130.568, 33.8524], [130.5677, 33.8517], [130.5684, 33.8507], [130.5687, 33.8495], [130.571, 33.8487], [130.5722, 33.8454], [130.5742, 33.8451], [130.5762, 33.844], [130.5775, 33.8439], [130.579, 33.8428], [130.5807, 33.8424], [130.582, 33.8413], [130.583, 33.8392], [130.5831, 33.8371], [130.5826, 33.8363], [130.5829, 33.8354], [130.5827, 33.8337], [130.5831, 33.8326], [130.5829, 33.8321], [130.5816, 33.8319], [130.5811, 33.8312], [130.5829, 33.8292], [130.5858, 33.8285], [130.5862, 33.8271], [130.5862, 33.824], [130.587, 33.8236], [130.5875, 33.8223], [130.5884, 33.8219], [130.5885, 33.8213], [130.5891, 33.8208], [130.5896, 33.8198], [130.5905, 33.8192], [130.5906, 33.8187], [130.5919, 33.8179], [130.5932, 33.8184], [130.5975, 33.8189], [130.5995, 33.8205], [130.6003, 33.8206], [130.6027, 33.8236], [130.6031, 33.823], [130.6037, 33.8232], [130.6043, 33.8228], [130.6051, 33.8232], [130.6063, 33.8229], [130.6085, 33.8216], [130.6105, 33.8226], [130.6114, 33.8227], [130.6144, 33.8205], [130.6154, 33.8207], [130.6192, 33.8203], [130.6198, 33.8215], [130.6214, 33.821], [130.6241, 33.8209], [130.6247, 33.8204], [130.625, 33.8194], [130.6273, 33.8179], [130.6283, 33.8161], [130.6297, 33.8155], [130.6322, 33.8153], [130.633, 33.8145], [130.6346, 33.8138], [130.6346, 33.8132], [130.6358, 33.8131], [130.6361, 33.8128]]]}, "properties": {"name": "福岡県岡垣町"}}, {"type": "Feature", "geometry": {"type": "Polygon", "coordinates": [[[130.6913, 33.8342], [130.6884, 33.8374], [130.6862, 33.8417], [130.6801, 33.8572], [130.6793, 33.8686], [130.6767, 33.8904], [130.6747, 33.8886], [130.675, 33.8852], [130.6737, 33.8851], [130.6733, 33.8828], [130.6706, 33.8802], [130.6704, 33.8767], [130.6691, 33.8765], [130.6676, 33.8748], [130.6662, 33.8746], [130.6664, 33.8729], [130.6638, 33.8726], [130.6632, 33.872], [130.6627, 33.8723], [130.6621, 33.8716], [130.661, 33.8714], [130.6604, 33.8723], [130.6595, 33.8722], [130.6596, 33.8718], [130.6589, 33.8714], [130.658, 33.8716], [130.658, 33.8703], [130.6539, 33.8709], [130.6517, 33.8718], [130.6516, 33.8712], [130.6506, 33.8711], [130.6503, 33.8714], [130.6496, 33.8711], [130.6494, 33.8713], [130.6438, 33.8688], [130.6432, 33.8682], [130.6444, 33.8667], [130.6437, 33.8649], [130.6443, 33.864], [130.6437, 33.8637], [130.6431, 33.8622], [130.6436, 33.8612], [130.6424, 33.8589], [130.6426, 33.8578], [130.6418, 33.8566], [130.6406, 33.8562], [130.6401, 33.8549], [130.6391, 33.8542], [130.639, 33.8519], [130.6379, 33.8506], [130.6375, 33.8494], [130.6386, 33.8487], [130.6397, 33.8491], [130.6407, 33.8503], [130.6424, 33.85], [130.643, 33.8506], [130.6448, 33.8501], [130.6456, 33.8491], [130.6499, 33.8499], [130.6513, 33.852], [130.6526, 33.8506], [130.6529, 33.8466], [130.6521, 33.8445], [130.649, 33.8449], [130.6481, 33.8442], [130.6473, 33.8413], [130.6474, 33.8402], [130.6466, 33.8388], [130.6449, 33.8377], [130.6453, 33.8369], [130.6446, 33.8352], [130.6433, 33.8355], [130.6423, 33.8347], [130.6429, 33.8329], [130.6419, 33.831], [130.6424, 33.8302], [130.6415, 33.8283], [130.6416, 33.8276], [130.6411, 33.8272], [130.6417, 33.8269], [130.6418, 33.8257], [130.6429, 33.8248], [130.6438, 33.8224], [130.6434, 33.821], [130.6439, 33.8206], [130.6441, 33.8193], [130.644, 33.8187], [130.6432, 33.8177], [130.6431, 33.8168], [130.6425, 33.8163], [130.6427, 33.8158], [130.6423, 33.8153], [130.6424, 33.8147], [130.641, 33.8134], [130.6398, 33.813], [130.6377, 33.8135], [130.6367, 33.8131], [130.6364, 33.8117], [130.6373, 33.8113], [130.6377, 33.8105], [130.64, 33.8097], [130.6406, 33.8097], [130.6417, 33.8088], [130.6426, 33.8091], [130.6443, 33.8087], [130.6446, 33.8092], [130.6456, 33.8096], [130.6485, 33.8093], [130.6496, 33.8097], [130.6496, 33.8101], [130.6503, 33.8103], [130.6521, 33.8121], [130.6532, 33.814], [130.6529, 33.8148], [130.6534, 33.8152], [130.653, 33.8156], [130.6532, 33.816], [130.6539, 33.8167], [130.6551, 33.8171], [130.6576, 33.8192], [130.66, 33.8194], [130.6616, 33.8201], [130.6642, 33.8197], [130.6659, 33.8189], [130.6685, 33.819], [130.6698, 33.8195], [130.669, 33.8207], [130.6684, 33.8233], [130.6708, 33.824], [130.6713, 33.8248], [130.6721, 33.825], [130.6726, 33.8254], [130.6741, 33.8259], [130.6746, 33.8257], [130.6765, 33.8281], [130.6764, 33.829], [130.677, 33.8292], [130.6774, 33.8298], [130.6773, 33.8308], [130.6797, 33.8308], [130.6803, 33.8305], [130.6831, 33.8314], [130.6832, 33.8308], [130.6848, 33.831], [130.6851, 33.8307], [130.6856, 33.8315], [130.6867, 33.8315], [130.6874, 33.8326], [130.689, 33.8326], [130.6913, 33.8342]]]}, "properties": {"name": "福岡県遠賀町"}}, {"type": "Feature", "geometry": {"type": "Polygon", "coordinates": [[[130.7143, 33.7323], [130.7123, 33.7323], [130.713, 33.7315], [130.7122, 33.7307], [130.7119, 33.7322], [130.7113, 33.732], [130.7108, 33.731], [130.7101, 33.7312], [130.71, 33.731], [130.7106, 33.7284], [130.7103, 33.7274], [130.7121, 33.7266], [130.7122, 33.7253], [130.7116, 33.7251], [130.7108, 33.7253], [130.7107, 33.7248], [130.7081, 33.7256], [130.7077, 33.7256], [130.7074, 33.7251], [130.7039, 33.7259], [130.7029, 33.7258], [130.7023, 33.7246], [130.7014, 33.7248], [130.7009, 33.7242], [130.7005, 33.7242], [130.6996, 33.7236], [130.6988, 33.7225], [130.6969, 33.7224], [130.6968, 33.7207], [130.6959, 33.7202], [130.6962, 33.7147], [130.6971, 33.7151], [130.6978, 33.7142], [130.6968, 33.7127], [130.6972, 33.712], [130.6966, 33.7113], [130.697, 33.7091], [130.6967, 33.7087], [130.6972, 33.7069], [130.6967, 33.7049], [130.6972, 33.7041], [130.699, 33.7039], [130.6991, 33.7035], [130.6985, 33.7025], [130.6988, 33.7023], [130.6991, 33.7011], [130.6979, 33.6997], [130.6963, 33.6988], [130.6929, 33.6992], [130.6913, 33.6998], [130.6901, 33.6993], [130.6864, 33.6992], [130.6851, 33.7], [130.6849, 33.703], [130.6844, 33.7035], [130.6834, 33.7035], [130.6817, 33.7015], [130.6808, 33.6993], [130.6798, 33.699], [130.6792, 33.6991], [130.678, 33.6981], [130.6772, 33.6984], [130.6768, 33.6977], [130.6761, 33.6983], [130.6753, 33.6983], [130.6746, 33.6978], [130.6751, 33.6971], [130.675, 33.6963], [130.6733, 33.6965], [130.6727, 33.6961], [130.6727, 33.6945], [130.6717, 33.6937], [130.6715, 33.6926], [130.6706, 33.6917], [130.6706, 33.6911], [130.6707, 33.6904], [130.6709, 33.6911], [130.6715, 33.6907], [130.6713, 33.6901], [130.672, 33.6897], [130.6721, 33.6889], [130.6729, 33.6881], [130.675, 33.6884], [130.6752, 33.6866], [130.6777, 33.683], [130.6785, 33.6833], [130.6793, 33.6831], [130.6819, 33.6834], [130.6828, 33.6855], [130.6846, 33.6854], [130.6851, 33.6864], [130.687, 33.6852], [130.6859, 33.685], [130.6873, 33.6849], [130.6877, 33.6842], [130.6889, 33.6852], [130.6903, 33.6849], [130.6894, 33.6833], [130.6909, 33.6848], [130.6913, 33.6848], [130.6912, 33.6837], [130.6918, 33.6848], [130.6928, 33.6848], [130.6926, 33.684], [130.6957, 33.6857], [130.6969, 33.6858], [130.6985, 33.6855], [130.7013, 33.6837], [130.7024, 33.6833], [130.7026, 33.6829], [130.702, 33.6822], [130.7055, 33.6824], [130.7064, 33.6831], [130.7076, 33.6833], [130.7094, 33.6843], [130.71, 33.6851], [130.7107, 33.6851], [130.7129, 33.6882], [130.7133, 33.6882], [130.7138, 33.691], [130.7151, 33.6919], [130.7143, 33.6936], [130.712, 33.6967], [130.7131, 33.6984], [130.7118, 33.7008], [130.7141, 33.7014], [130.7141, 33.7017], [130.7158, 33.7012], [130.7171, 33.7014], [130.7171, 33.7008], [130.7175, 33.7009], [130.7177, 33.7006], [130.7188, 33.7009], [130.7206, 33.6997], [130.7238, 33.7004], [130.726, 33.7022], [130.726, 33.7034], [130.7268, 33.7045], [130.7268, 33.7058], [130.7272, 33.7066], [130.7276, 33.7089], [130.7268, 33.7092], [130.7267, 33.71], [130.7261, 33.7103], [130.7259, 33.7118], [130.7263, 33.7126], [130.7257, 33.7131], [130.7258, 33.7147], [130.7245, 33.7158], [130.7245, 33.7164], [130.7249, 33.7172], [130.7254, 33.7173], [130.7256, 33.7181], [130.7268, 33.7182], [130.7279, 33.7207], [130.7279, 33.7224], [130.7272, 33.7238], [130.7277, 33.7237], [130.7278, 33.7239], [130.7274, 33.7241], [130.7282, 33.7253], [130.7273, 33.7254], [130.726, 33.7261], [130.7252, 33.727], [130.7252, 33.7275], [130.7274, 33.7292], [130.7268, 33.73], [130.7269, 33.7311], [130.7267, 33.7314], [130.724, 33.7315], [130.7195, 33.7292], [130.717, 33.7314], [130.7148, 33.7323], [130.7143, 33.7323]]]}, "properties": {"name": "福岡県小竹町"}}, {"type": "Feature", "geometry": {"type": "Polygon", "coordinates": [[[130.7026, 33.8017], [130.7007, 33.803], [130.7006, 33.8068], [130.6957, 33.8059], [130.6936, 33.8063], [130.6918, 33.8075], [130.6911, 33.8086], [130.6908, 33.8107], [130.6892, 33.812], [130.688, 33.8125], [130.686, 33.8123], [130.6831, 33.8109], [130.6805, 33.8111], [130.6795, 33.8154], [130.678, 33.8171], [130.6762, 33.8182], [130.6744, 33.8216], [130.6698, 33.8195], [130.6685, 33.819], [130.6659, 33.8189], [130.6642, 33.8197], [130.6616, 33.8201], [130.66, 33.8194], [130.6576, 33.8192], [130.6551, 33.8171], [130.6539, 33.8167], [130.6532, 33.816], [130.653, 33.8156], [130.6534, 33.8152], [130.6529, 33.8148], [130.6532, 33.814], [130.6521, 33.8121], [130.6503, 33.8103], [130.6496, 33.8101], [130.6496, 33.8097], [130.6485, 33.8093], [130.6456, 33.8096], [130.6446, 33.8092], [130.6443, 33.8087], [130.6426, 33.8091], [130.6417, 33.8088], [130.6406, 33.8097], [130.64, 33.8097], [130.6377, 33.8105], [130.6373, 33.8113], [130.6364, 33.8117], [130.6367, 33.8131], [130.6361, 33.8128], [130.6354, 33.8121], [130.6353, 33.811], [130.6364, 33.8099], [130.6361, 33.8084], [130.6367, 33.8082], [130.6371, 33.807], [130.6331, 33.8041], [130.6333, 33.8032], [130.634, 33.8029], [130.6334, 33.8017], [130.6357, 33.7997], [130.6359, 33.7982], [130.6367, 33.7981], [130.6362, 33.7967], [130.6368, 33.7961], [130.6373, 33.7961], [130.6377, 33.7951], [130.6386, 33.7944], [130.6389, 33.7923], [130.6386, 33.7915], [130.6398, 33.7906], [130.6412, 33.7907], [130.641, 33.7896], [130.6424, 33.7877], [130.6434, 33.7871], [130.6449, 33.785], [130.6448, 33.7834], [130.6453, 33.7818], [130.6461, 33.7812], [130.6464, 33.7794], [130.6483, 33.7765], [130.6485, 33.7747], [130.6497, 33.7747], [130.6499, 33.7739], [130.6507, 33.7734], [130.6505, 33.773], [130.6508, 33.7719], [130.6492, 33.7702], [130.6501, 33.7692], [130.6499, 33.7688], [130.6505, 33.7685], [130.6502, 33.768], [130.6509, 33.7667], [130.6518, 33.7662], [130.6512, 33.7651], [130.6516, 33.7648], [130.6519, 33.7633], [130.6526, 33.7627], [130.6516, 33.7609], [130.6529, 33.758], [130.6529, 33.7566], [130.6524, 33.7569], [130.6519, 33.7564], [130.6521, 33.755], [130.6519, 33.7538], [130.6529, 33.7518], [130.6528, 33.7513], [130.652, 33.7507], [130.6529, 33.7493], [130.6547, 33.7474], [130.6539, 33.746], [130.6546, 33.7445], [130.6543, 33.7443], [130.655, 33.7432], [130.6573, 33.7417], [130.6572, 33.7412], [130.6577, 33.7405], [130.6572, 33.7397], [130.6599, 33.74], [130.6603, 33.7406], [130.6612, 33.7401], [130.6645, 33.7412], [130.6668, 33.7405], [130.6677, 33.7405], [130.6684, 33.7415], [130.6706, 33.7412], [130.6721, 33.7429], [130.6746, 33.7435], [130.6773, 33.7449], [130.6793, 33.7435], [130.6812, 33.7481], [130.6816, 33.7485], [130.6827, 33.7484], [130.6833, 33.7487], [130.6839, 33.7484], [130.6854, 33.7502], [130.6855, 33.7508], [130.6841, 33.7524], [130.683, 33.753], [130.6825, 33.7554], [130.6813, 33.7567], [130.6813, 33.7585], [130.6809, 33.7598], [130.6817, 33.761], [130.6812, 33.7617], [130.6811, 33.7626], [130.68, 33.7632], [130.6804, 33.7655], [130.6809, 33.7663], [130.6827, 33.7658], [130.6839, 33.766], [130.685, 33.7653], [130.6865, 33.765], [130.6871, 33.7653], [130.6877, 33.766], [130.6893, 33.7657], [130.6913, 33.7662], [130.6917, 33.7667], [130.6914, 33.7672], [130.6918, 33.7676], [130.6929, 33.7677], [130.6953, 33.7666], [130.6965, 33.7668], [130.6971, 33.7675], [130.6987, 33.7681], [130.6993, 33.7702], [130.6989, 33.7724], [130.7007, 33.7738], [130.6999, 33.7745], [130.6998, 33.7766], [130.6987, 33.7769], [130.6986, 33.778], [130.6974, 33.7788], [130.6974, 33.7795], [130.6965, 33.7803], [130.6962, 33.7814], [130.6967, 33.7819], [130.6956, 33.7823], [130.6949, 33.7831], [130.6951, 33.7845], [130.6963, 33.785], [130.6969, 33.7869], [130.6965, 33.7872], [130.7002, 33.7884], [130.6999, 33.7899], [130.7006, 33.7901], [130.7002, 33.7911], [130.7036, 33.7925], [130.7041, 33.7931], [130.7043, 33.7948], [130.7073, 33.7958], [130.7047, 33.8011], [130.7026, 33.8017]]]}, "properties": {"name": "福岡県鞍手町"}}, {"type": "Feature", "geometry": {"type": "Polygon", "coordinates": [[[130.6719, 33.5294], [130.6722, 33.529], [130.673, 33.5295], [130.6729, 33.5304], [130.6735, 33.5312], [130.6773, 33.5313], [130.6772, 33.5328], [130.6781, 33.5331], [130.6784, 33.5341], [130.6794, 33.5347], [130.6785, 33.5356], [130.6796, 33.536], [130.6806, 33.5375], [130.6808, 33.5383], [130.6805, 33.5386], [130.6796, 33.5378], [130.6789, 33.5381], [130.6804, 33.5393], [130.6803, 33.54], [130.6813, 33.5412], [130.6813, 33.5421], [130.6832, 33.5424], [130.6849, 33.5419], [130.6844, 33.5436], [130.6853, 33.544], [130.6849, 33.5445], [130.6851, 33.5451], [130.6847, 33.5458], [130.6854, 33.5464], [130.6859, 33.5479], [130.6845, 33.5488], [130.6847, 33.5497], [130.685, 33.5501], [130.6873, 33.5509], [130.6884, 33.5503], [130.6902, 33.5504], [130.6918, 33.5516], [130.692, 33.5521], [130.6914, 33.5527], [130.6941, 33.5591], [130.693, 33.5617], [130.6933, 33.5629], [130.6932, 33.5648], [130.6927, 33.5666], [130.6947, 33.5675], [130.6966, 33.5693], [130.6986, 33.5696], [130.7003, 33.5729], [130.7004, 33.5733], [130.6997, 33.5733], [130.6996, 33.5751], [130.7005, 33.5752], [130.7003, 33.5756], [130.7012, 33.5768], [130.7016, 33.5814], [130.7043, 33.5818], [130.7037, 33.5869], [130.7051, 33.5888], [130.7052, 33.5908], [130.7043, 33.5923], [130.7026, 33.594], [130.703, 33.5949], [130.7039, 33.5956], [130.7038, 33.5965], [130.7027, 33.5967], [130.7022, 33.5975], [130.7006, 33.5977], [130.7001, 33.5996], [130.6966, 33.5977], [130.6947, 33.5979], [130.6927, 33.5967], [130.6919, 33.5971], [130.6912, 33.5956], [130.6899, 33.5968], [130.6876, 33.5964], [130.6864, 33.5972], [130.6849, 33.5975], [130.6832, 33.5996], [130.6828, 33.6024], [130.6798, 33.6025], [130.6791, 33.5982], [130.677, 33.599], [130.6769, 33.6004], [130.6743, 33.6009], [130.67, 33.6003], [130.6668, 33.5966], [130.6662, 33.5967], [130.6657, 33.5979], [130.6645, 33.5982], [130.6619, 33.5963], [130.6601, 33.5965], [130.6596, 33.5974], [130.6591, 33.5974], [130.657, 33.5959], [130.6557, 33.596], [130.6539, 33.5952], [130.6529, 33.5944], [130.6529, 33.5936], [130.652, 33.5936], [130.6515, 33.5925], [130.6504, 33.5923], [130.6497, 33.5914], [130.6499, 33.5896], [130.6516, 33.5886], [130.6534, 33.5889], [130.6532, 33.5884], [130.6539, 33.5884], [130.6552, 33.5888], [130.6601, 33.587], [130.6586, 33.5839], [130.6565, 33.5815], [130.6569, 33.581], [130.6576, 33.581], [130.658, 33.5802], [130.6596, 33.5799], [130.6609, 33.581], [130.6631, 33.5817], [130.6636, 33.5825], [130.6644, 33.582], [130.6647, 33.5827], [130.6643, 33.5831], [130.6645, 33.5843], [130.6649, 33.5844], [130.6657, 33.5838], [130.6659, 33.5841], [130.6655, 33.5844], [130.6658, 33.585], [130.665, 33.5854], [130.6654, 33.5864], [130.6674, 33.5856], [130.6661, 33.5839], [130.6664, 33.5825], [130.6668, 33.5822], [130.6655, 33.5804], [130.6653, 33.5784], [130.6645, 33.5774], [130.6636, 33.575], [130.6629, 33.5745], [130.663, 33.5713], [130.6634, 33.571], [130.663, 33.5699], [130.6622, 33.5692], [130.661, 33.5689], [130.6602, 33.5683], [130.6605, 33.5665], [130.6618, 33.5658], [130.6616, 33.565], [130.6625, 33.5647], [130.6636, 33.5629], [130.6639, 33.5609], [130.6647, 33.5602], [130.6647, 33.5587], [130.6651, 33.5575], [130.6647, 33.5559], [130.6653, 33.555], [130.6648, 33.5543], [130.6661, 33.5523], [130.666, 33.55], [130.667, 33.5503], [130.6675, 33.5509], [130.6702, 33.5527], [130.6709, 33.5527], [130.6717, 33.5533], [130.6717, 33.554], [130.6728, 33.5544], [130.6741, 33.5534], [130.6772, 33.5543], [130.6778, 33.5511], [130.6785, 33.5506], [130.6782, 33.5502], [130.6777, 33.5502], [130.6776, 33.5497], [130.6768, 33.5495], [130.6755, 33.5479], [130.6773, 33.5455], [130.6761, 33.5429], [130.6751, 33.5424], [130.6751, 33.5419], [130.6733, 33.5419], [130.6733, 33.54], [130.6723, 33.5399], [130.6707, 33.5387], [130.671, 33.5377], [130.6707, 33.5357], [130.67, 33.5347], [130.6694, 33.5347], [130.6692, 33.5342], [130.6705, 33.5326], [130.6707, 33.5309], [130.6719, 33.5298], [130.6719, 33.5294]]]}, "properties": {"name": "福岡県桂川町"}}, {"type": "Feature", "geometry": {"type": "Polygon", "coordinates": [[[130.621, 33.5059], [130.6195, 33.5048], [130.6188, 33.5047], [130.6165, 33.5024], [130.6162, 33.5015], [130.6164, 33.5002], [130.6154, 33.4999], [130.6144, 33.5001], [130.6136, 33.4993], [130.6123, 33.4987], [130.6118, 33.4981], [130.6111, 33.4978], [130.61, 33.4961], [130.6105, 33.4942], [130.6104, 33.4929], [130.6083, 33.4927], [130.607, 33.4913], [130.6044, 33.4917], [130.602, 33.4892], [130.601, 33.4889], [130.6001, 33.4891], [130.5988, 33.488], [130.5955, 33.4883], [130.5945, 33.4875], [130.5928, 33.487], [130.5921, 33.4859], [130.5912, 33.4866], [130.5901, 33.4859], [130.5893, 33.486], [130.5889, 33.485], [130.5893, 33.4835], [130.5886, 33.4817], [130.5856, 33.4808], [130.5853, 33.4793], [130.5834, 33.4775], [130.5834, 33.4766], [130.5826, 33.4756], [130.5826, 33.4751], [130.5809, 33.4742], [130.5806, 33.4739], [130.5811, 33.4738], [130.5804, 33.4729], [130.5794, 33.4735], [130.5784, 33.4724], [130.5767, 33.4734], [130.5744, 33.474], [130.575, 33.475], [130.572, 33.4741], [130.5695, 33.4763], [130.5662, 33.4768], [130.5678, 33.4781], [130.5683, 33.4793], [130.5685, 33.4813], [130.5671, 33.4822], [130.5669, 33.4817], [130.5663, 33.4815], [130.5662, 33.4807], [130.5643, 33.4796], [130.5635, 33.4782], [130.563, 33.4781], [130.5629, 33.4773], [130.5612, 33.4757], [130.5615, 33.4751], [130.561, 33.4745], [130.5623, 33.4737], [130.5622, 33.4711], [130.5616, 33.4705], [130.5619, 33.4697], [130.5616, 33.4687], [130.5625, 33.4683], [130.5629, 33.4674], [130.5622, 33.4668], [130.5626, 33.4656], [130.5619, 33.465], [130.5624, 33.4636], [130.562, 33.4631], [130.5632, 33.4618], [130.5635, 33.4606], [130.5631, 33.4603], [130.5637, 33.4591], [130.5657, 33.4567], [130.5684, 33.4545], [130.5697, 33.4546], [130.5697, 33.4549], [130.5708, 33.4546], [130.571, 33.4533], [130.5705, 33.4529], [130.5718, 33.4509], [130.5728, 33.4472], [130.5732, 33.4473], [130.5731, 33.4479], [130.5738, 33.4475], [130.574, 33.4477], [130.5749, 33.4471], [130.5745, 33.4466], [130.5754, 33.4461], [130.5749, 33.4456], [130.5757, 33.4451], [130.5851, 33.4413], [130.5801, 33.437], [130.5812, 33.4363], [130.5826, 33.4373], [130.5827, 33.4371], [130.5814, 33.4361], [130.5815, 33.4356], [130.5834, 33.4331], [130.5842, 33.4334], [130.5852, 33.4319], [130.5842, 33.4314], [130.5856, 33.4307], [130.5859, 33.43], [130.5874, 33.4303], [130.5881, 33.4301], [130.5882, 33.4296], [130.5898, 33.4283], [130.5902, 33.4283], [130.5908, 33.4273], [130.5923, 33.4261], [130.5992, 33.4232], [130.602, 33.4207], [130.6051, 33.4191], [130.6069, 33.4173], [130.6066, 33.417], [130.6096, 33.4128], [130.6095, 33.4125], [130.6094, 33.4118], [130.6111, 33.412], [130.6111, 33.4114], [130.6123, 33.4111], [130.6116, 33.4129], [130.6124, 33.413], [130.6126, 33.4136], [130.6131, 33.4136], [130.6129, 33.411], [130.6138, 33.411], [130.6136, 33.4103], [130.6121, 33.409], [130.6163, 33.4048], [130.6178, 33.406], [130.6167, 33.4072], [130.6239, 33.4122], [130.6243, 33.4119], [130.6253, 33.412], [130.6278, 33.4117], [130.6336, 33.412], [130.6344, 33.4116], [130.6362, 33.4117], [130.6364, 33.4126], [130.6358, 33.413], [130.6359, 33.4134], [130.637, 33.4137], [130.6377, 33.4144], [130.6405, 33.4191], [130.6416, 33.4198], [130.6414, 33.4204], [130.6423, 33.4214], [130.645, 33.4202], [130.645, 33.422], [130.6457, 33.4232], [130.6453, 33.4234], [130.6507, 33.4317], [130.6511, 33.432], [130.6516, 33.4317], [130.6519, 33.431], [130.6533, 33.4313], [130.6564, 33.4339], [130.6565, 33.4345], [130.6583, 33.4359], [130.6583, 33.4364], [130.658, 33.4363], [130.6576, 33.4369], [130.6556, 33.4379], [130.6566, 33.4392], [130.6575, 33.4387], [130.6593, 33.4412], [130.6583, 33.4417], [130.6586, 33.442], [130.6563, 33.4431], [130.6546, 33.446], [130.6547, 33.4466], [130.6541, 33.4466], [130.6537, 33.4462], [130.6527, 33.4464], [130.6506, 33.446], [130.65, 33.4468], [130.6487, 33.4472], [130.6473, 33.4481], [130.6484, 33.4497], [130.6482, 33.4506], [130.6491, 33.4521], [130.6481, 33.4534], [130.6482, 33.4541], [130.6488, 33.4545], [130.6478, 33.4559], [130.6483, 33.4575], [130.648, 33.4581], [130.6486, 33.4585], [130.6491, 33.4596], [130.6486, 33.46], [130.6493, 33.4619], [130.65, 33.4626], [130.6508, 33.4625], [130.6514, 33.463], [130.6531, 33.4637], [130.6532, 33.4652], [130.6541, 33.4661], [130.6538, 33.4673], [130.6542, 33.4678], [130.6544, 33.4699], [130.6556, 33.4705], [130.6565, 33.4728], [130.6584, 33.4736], [130.6596, 33.473], [130.6602, 33.4732], [130.6604, 33.4761], [130.6616, 33.4763], [130.6629, 33.478], [130.6631, 33.4793], [130.6645, 33.4802], [130.6646, 33.4819], [130.6656, 33.4841], [130.6659, 33.4856], [130.665, 33.4863], [130.6644, 33.4861], [130.6627, 33.4873], [130.6622, 33.4881], [130.6632, 33.4889], [130.6648, 33.4886], [130.6658, 33.4887], [130.666, 33.4904], [130.6666, 33.4911], [130.6646, 33.4926], [130.6652, 33.4931], [130.6649, 33.4942], [130.666, 33.4944], [130.6655, 33.4952], [130.6663, 33.4965], [130.6691, 33.4981], [130.6685, 33.4999], [130.6675, 33.5001], [130.6673, 33.5008], [130.6664, 33.5008], [130.6641, 33.5031], [130.6627, 33.5036], [130.662, 33.5043], [130.6603, 33.5043], [130.6605, 33.506], [130.6595, 33.5062], [130.6596, 33.5072], [130.6568, 33.5093], [130.657, 33.5098], [130.6568, 33.5102], [130.6559, 33.5104], [130.6551, 33.5102], [130.6544, 33.5108], [130.6528, 33.5108], [130.6515, 33.509], [130.649, 33.5088], [130.6483, 33.5093], [130.6471, 33.5079], [130.6466, 33.5079], [130.6454, 33.5068], [130.6435, 33.5069], [130.6415, 33.5058], [130.6409, 33.5064], [130.6406, 33.5059], [130.6397, 33.5068], [130.6396, 33.5061], [130.638, 33.5054], [130.6376, 33.5063], [130.6362, 33.5061], [130.6359, 33.5054], [130.6346, 33.5049], [130.6333, 33.5055], [130.6323, 33.5054], [130.6319, 33.506], [130.6306, 33.5059], [130.6299, 33.5064], [130.6293, 33.5063], [130.629, 33.5052], [130.6282, 33.5049], [130.628, 33.5043], [130.6268, 33.504], [130.6263, 33.5045], [130.623, 33.505], [130.621, 33.5059]], [[130.6183, 33.4122], [130.6184, 33.4117], [130.6197, 33.4118], [130.6185, 33.4111], [130.6176, 33.412], [130.6183, 33.4122]]]}, "properties": {"name": "福岡県筑前町"}}, {"type": "Feature", "geometry": {"type": "Polygon", "coordinates": [[[130.7915, 33.4711], [130.7898, 33.4696], [130.7877, 33.4694], [130.7867, 33.469], [130.7836, 33.4694], [130.7819, 33.4691], [130.7816, 33.4684], [130.7805, 33.4681], [130.7793, 33.4669], [130.7785, 33.4655], [130.7784, 33.4645], [130.7773, 33.4642], [130.7776, 33.462], [130.7771, 33.4618], [130.7748, 33.458], [130.7711, 33.456], [130.7673, 33.4553], [130.7662, 33.4554], [130.765, 33.4546], [130.7667, 33.4536], [130.7697, 33.4527], [130.7734, 33.4525], [130.774, 33.452], [130.7746, 33.452], [130.7776, 33.4504], [130.7829, 33.4519], [130.7837, 33.4527], [130.7846, 33.4529], [130.7853, 33.4543], [130.787, 33.4549], [130.7881, 33.4543], [130.7907, 33.4537], [130.7935, 33.4547], [130.7949, 33.4565], [130.7977, 33.4571], [130.8, 33.4565], [130.8017, 33.4554], [130.8023, 33.4556], [130.8028, 33.4553], [130.8029, 33.4546], [130.8042, 33.4544], [130.8049, 33.4545], [130.8063, 33.4561], [130.8073, 33.4558], [130.8085, 33.457], [130.8107, 33.4581], [130.8119, 33.4577], [130.8124, 33.4572], [130.8145, 33.4577], [130.8169, 33.4567], [130.8183, 33.4572], [130.8188, 33.4566], [130.8204, 33.4561], [130.8207, 33.4552], [130.8221, 33.4545], [130.8235, 33.4516], [130.824, 33.4514], [130.8247, 33.4518], [130.8254, 33.4504], [130.8261, 33.4502], [130.8264, 33.4497], [130.828, 33.4495], [130.8284, 33.448], [130.8289, 33.4475], [130.8286, 33.445], [130.8289, 33.4435], [130.8284, 33.4425], [130.8278, 33.4421], [130.8282, 33.4406], [130.828, 33.44], [130.8309, 33.4387], [130.8317, 33.4373], [130.8315, 33.4368], [130.8317, 33.4364], [130.8325, 33.4364], [130.8326, 33.4353], [130.8332, 33.434], [130.834, 33.4333], [130.8339, 33.432], [130.8346, 33.4306], [130.834, 33.4285], [130.8349, 33.427], [130.8351, 33.4244], [130.8363, 33.4235], [130.8365, 33.4226], [130.836, 33.4213], [130.8362, 33.4208], [130.8373, 33.4204], [130.839, 33.4186], [130.8419, 33.4166], [130.8465, 33.4183], [130.8487, 33.4181], [130.8487, 33.4171], [130.85, 33.4146], [130.8492, 33.4142], [130.8508, 33.4143], [130.8507, 33.412], [130.8514, 33.4106], [130.851, 33.4102], [130.8498, 33.4108], [130.8493, 33.4119], [130.8495, 33.4121], [130.8485, 33.4127], [130.8483, 33.4117], [130.8489, 33.411], [130.8484, 33.4105], [130.8496, 33.4102], [130.8486, 33.4095], [130.8505, 33.4094], [130.8525, 33.4081], [130.8538, 33.408], [130.8549, 33.407], [130.8552, 33.4063], [130.855, 33.4056], [130.8535, 33.4055], [130.852, 33.4061], [130.8533, 33.4053], [130.853, 33.4049], [130.8518, 33.4047], [130.8527, 33.4046], [130.852, 33.4041], [130.853, 33.4044], [130.8534, 33.4052], [130.8555, 33.4054], [130.8559, 33.405], [130.8552, 33.4047], [130.8562, 33.4048], [130.8571, 33.4037], [130.8557, 33.4037], [130.8541, 33.4032], [130.8566, 33.4036], [130.8579, 33.4024], [130.858, 33.4017], [130.8568, 33.4007], [130.855, 33.4013], [130.8548, 33.4016], [130.8544, 33.4015], [130.8556, 33.4008], [130.8551, 33.4002], [130.8558, 33.4008], [130.8562, 33.4002], [130.8578, 33.4007], [130.8592, 33.3993], [130.8586, 33.3946], [130.8579, 33.3937], [130.8567, 33.3935], [130.8573, 33.3928], [130.8573, 33.3907], [130.8588, 33.3883], [130.8589, 33.3868], [130.8602, 33.3867], [130.8604, 33.3864], [130.8601, 33.385], [130.859, 33.3846], [130.8586, 33.3839], [130.86, 33.3832], [130.8603, 33.3822], [130.8614, 33.3816], [130.861, 33.38], [130.8603, 33.3796], [130.8599, 33.3786], [130.8593, 33.3753], [130.8603, 33.3739], [130.8614, 33.3749], [130.8625, 33.3768], [130.8644, 33.3775], [130.8673, 33.3773], [130.8684, 33.3767], [130.8749, 33.3783], [130.8771, 33.378], [130.8779, 33.3765], [130.8786, 33.3763], [130.879, 33.3781], [130.8798, 33.3789], [130.8819, 33.378], [130.8859, 33.3792], [130.8863, 33.3797], [130.8857, 33.3818], [130.886, 33.3828], [130.8855, 33.3839], [130.8858, 33.3855], [130.8847, 33.3873], [130.8845, 33.3893], [130.8853, 33.3907], [130.8865, 33.3949], [130.8867, 33.3962], [130.8862, 33.397], [130.8871, 33.3983], [130.8874, 33.4004], [130.8866, 33.4023], [130.8877, 33.4046], [130.8877, 33.4054], [130.8897, 33.4054], [130.89, 33.4059], [130.8912, 33.406], [130.8923, 33.4068], [130.8902, 33.4098], [130.8909, 33.4116], [130.8894, 33.4137], [130.8898, 33.4145], [130.8895, 33.4156], [130.8911, 33.4175], [130.8909, 33.4189], [130.8925, 33.4208], [130.8918, 33.4241], [130.892, 33.4254], [130.8911, 33.4266], [130.8911, 33.4279], [130.8916, 33.4301], [130.8924, 33.4307], [130.8924, 33.4317], [130.8945, 33.4336], [130.8972, 33.4371], [130.8971, 33.4379], [130.8976, 33.4392], [130.8974, 33.4422], [130.8982, 33.4461], [130.898, 33.447], [130.8995, 33.448], [130.9004, 33.4493], [130.9006, 33.4494], [130.8994, 33.4512], [130.8988, 33.4515], [130.8969, 33.4515], [130.8945, 33.4523], [130.8905, 33.4526], [130.8876, 33.4506], [130.8826, 33.4512], [130.8817, 33.4511], [130.8804, 33.4518], [130.8782, 33.4512], [130.8771, 33.4503], [130.8719, 33.4497], [130.8707, 33.451], [130.8689, 33.4504], [130.8643, 33.451], [130.8625, 33.4501], [130.8617, 33.4501], [130.8615, 33.4486], [130.8619, 33.4472], [130.8614, 33.4468], [130.8602, 33.4471], [130.8584, 33.4482], [130.8571, 33.4476], [130.8567, 33.447], [130.8539, 33.4472], [130.8531, 33.4478], [130.8535, 33.4486], [130.8525, 33.4503], [130.8506, 33.4501], [130.8502, 33.4522], [130.8486, 33.4538], [130.8487, 33.4549], [130.8463, 33.4572], [130.8462, 33.4583], [130.8447, 33.4599], [130.8442, 33.4624], [130.8428, 33.463], [130.8417, 33.4648], [130.8403, 33.4658], [130.8392, 33.4672], [130.8378, 33.4678], [130.8365, 33.4707], [130.8371, 33.4728], [130.838, 33.4739], [130.8397, 33.4741], [130.8406, 33.4738], [130.8419, 33.4743], [130.8476, 33.4782], [130.8477, 33.4793], [130.8456, 33.4827], [130.8446, 33.4826], [130.8432, 33.483], [130.8432, 33.4847], [130.8426, 33.4856], [130.8413, 33.4855], [130.8406, 33.4844], [130.8376, 33.4842], [130.8368, 33.4848], [130.8358, 33.485], [130.8351, 33.4854], [130.8348, 33.4862], [130.8341, 33.4865], [130.8344, 33.4871], [130.8342, 33.4874], [130.8328, 33.4869], [130.8294, 33.4882], [130.8281, 33.4877], [130.827, 33.4885], [130.8261, 33.4886], [130.8251, 33.4884], [130.8237, 33.4872], [130.8214, 33.4875], [130.8203, 33.4883], [130.8195, 33.4896], [130.8175, 33.4889], [130.817, 33.4884], [130.8141, 33.4881], [130.8135, 33.4874], [130.8113, 33.4872], [130.811, 33.4855], [130.8104, 33.4851], [130.8092, 33.4851], [130.8093, 33.4841], [130.8084, 33.4833], [130.8096, 33.4798], [130.8098, 33.4765], [130.8084, 33.474], [130.8063, 33.4719], [130.8053, 33.4718], [130.8036, 33.4724], [130.8028, 33.4719], [130.7995, 33.4721], [130.7984, 33.4717], [130.7964, 33.4724], [130.7942, 33.4725], [130.7915, 33.4711]]]}, "properties": {"name": "福岡県東峰村"}}, {"type": "Feature", "geometry": {"type": "Polygon", "coordinates": [[[130.6666, 33.3621], [130.6657, 33.3632], [130.6602, 33.3645], [130.6589, 33.3651], [130.6576, 33.3665], [130.6562, 33.3667], [130.6533, 33.3679], [130.6539, 33.3688], [130.6525, 33.3692], [130.6528, 33.3701], [130.6532, 33.3709], [130.6545, 33.371], [130.6547, 33.3717], [130.6544, 33.3725], [130.6534, 33.373], [130.653, 33.3739], [130.6522, 33.3738], [130.6519, 33.3734], [130.6486, 33.3729], [130.6477, 33.3723], [130.6433, 33.3722], [130.6398, 33.3714], [130.6396, 33.3729], [130.6425, 33.3762], [130.6427, 33.3779], [130.6445, 33.3779], [130.6445, 33.3803], [130.645, 33.3803], [130.6458, 33.3823], [130.6464, 33.3824], [130.6472, 33.384], [130.6459, 33.384], [130.6459, 33.3859], [130.6446, 33.3859], [130.6447, 33.3869], [130.6413, 33.3869], [130.6391, 33.3878], [130.6321, 33.3891], [130.6305, 33.3897], [130.6305, 33.3902], [130.6291, 33.3899], [130.6272, 33.3906], [130.6254, 33.3907], [130.625, 33.3918], [130.6242, 33.3919], [130.6246, 33.3927], [130.6242, 33.3937], [130.6245, 33.3944], [130.6235, 33.3943], [130.623, 33.3949], [130.6202, 33.395], [130.6169, 33.3968], [130.6172, 33.3975], [130.618, 33.3967], [130.6184, 33.397], [130.6181, 33.3974], [130.6178, 33.3973], [130.6156, 33.3997], [130.619, 33.4021], [130.6163, 33.4048], [130.6121, 33.409], [130.6136, 33.4103], [130.6138, 33.411], [130.6129, 33.411], [130.6131, 33.4136], [130.6126, 33.4136], [130.6124, 33.413], [130.6116, 33.4129], [130.6123, 33.4111], [130.6111, 33.4114], [130.6111, 33.412], [130.6094, 33.4118], [130.6095, 33.4125], [130.6059, 33.412], [130.6027, 33.4104], [130.6, 33.4098], [130.5991, 33.4056], [130.5987, 33.4053], [130.5989, 33.4048], [130.5984, 33.4029], [130.5968, 33.4032], [130.5967, 33.4029], [130.5958, 33.4029], [130.5944, 33.4022], [130.5933, 33.4025], [130.5923, 33.401], [130.5916, 33.4011], [130.5914, 33.4006], [130.5911, 33.4009], [130.5909, 33.4005], [130.5913, 33.4005], [130.5914, 33.4001], [130.5911, 33.4], [130.5917, 33.3982], [130.5909, 33.3973], [130.5917, 33.3976], [130.5917, 33.3969], [130.5906, 33.3959], [130.5908, 33.3955], [130.5898, 33.3942], [130.5896, 33.3924], [130.5889, 33.392], [130.5889, 33.3912], [130.5881, 33.3896], [130.5875, 33.3891], [130.5876, 33.3886], [130.587, 33.3882], [130.5874, 33.3864], [130.5856, 33.3856], [130.5859, 33.3848], [130.5855, 33.3839], [130.5829, 33.3831], [130.5823, 33.3803], [130.5816, 33.3803], [130.5816, 33.3794], [130.5811, 33.3794], [130.5807, 33.3773], [130.5795, 33.3744], [130.579, 33.3736], [130.5784, 33.3737], [130.5778, 33.3688], [130.579, 33.3687], [130.579, 33.3678], [130.5783, 33.3671], [130.5874, 33.3669], [130.606, 33.3673], [130.6059, 33.3667], [130.6027, 33.3665], [130.6027, 33.3653], [130.6036, 33.3655], [130.6037, 33.3635], [130.6051, 33.3645], [130.6069, 33.3645], [130.6073, 33.365], [130.6071, 33.3656], [130.6117, 33.3655], [130.6119, 33.3665], [130.6151, 33.3665], [130.6151, 33.3675], [130.6223, 33.3677], [130.6235, 33.3687], [130.6244, 33.3682], [130.6241, 33.3676], [130.6267, 33.3676], [130.6277, 33.3667], [130.6296, 33.3669], [130.6298, 33.3664], [130.6305, 33.3663], [130.6298, 33.3648], [130.6317, 33.3644], [130.6319, 33.3632], [130.6331, 33.3634], [130.6326, 33.3627], [130.6271, 33.3624], [130.6284, 33.361], [130.628, 33.3607], [130.628, 33.3602], [130.6274, 33.36], [130.6285, 33.3569], [130.6295, 33.357], [130.6296, 33.3561], [130.6291, 33.356], [130.6291, 33.3554], [130.6315, 33.353], [130.6349, 33.3546], [130.6404, 33.359], [130.645, 33.3612], [130.6508, 33.3631], [130.6532, 33.3631], [130.6571, 33.3621], [130.6651, 33.3623], [130.6666, 33.3621]]]}, "properties": {"name": "福岡県大刀洗町"}}, {"type": "Feature", "geometry": {"type": "Polygon", "coordinates": [[[130.4126, 33.2246], [130.4139, 33.2242], [130.4131, 33.2234], [130.4235, 33.2207], [130.4229, 33.2184], [130.4233, 33.2182], [130.423, 33.2178], [130.4224, 33.2179], [130.4218, 33.2163], [130.4211, 33.2165], [130.4207, 33.2161], [130.4196, 33.2134], [130.4198, 33.2124], [130.4191, 33.2116], [130.4203, 33.2113], [130.4201, 33.2105], [130.4209, 33.2105], [130.4208, 33.208], [130.4196, 33.2079], [130.4193, 33.207], [130.4161, 33.2074], [130.4139, 33.2081], [130.4137, 33.2077], [130.4147, 33.207], [130.4145, 33.2066], [130.4204, 33.205], [130.4201, 33.2044], [130.4196, 33.2045], [130.419, 33.2039], [130.4187, 33.2032], [130.4191, 33.2032], [130.4186, 33.2023], [130.4195, 33.202], [130.4199, 33.2023], [130.4197, 33.2014], [130.42, 33.2013], [130.4201, 33.2017], [130.4203, 33.2012], [130.4213, 33.2013], [130.421, 33.1999], [130.4222, 33.1999], [130.4219, 33.1986], [130.4225, 33.1983], [130.4219, 33.1966], [130.4213, 33.1968], [130.4202, 33.1948], [130.4206, 33.1946], [130.4281, 33.1967], [130.4283, 33.1943], [130.4305, 33.1946], [130.4322, 33.1912], [130.4323, 33.1867], [130.4347, 33.1868], [130.4343, 33.1831], [130.4356, 33.1832], [130.4353, 33.1811], [130.4416, 33.1833], [130.4422, 33.1838], [130.4443, 33.184], [130.4443, 33.1845], [130.4456, 33.1845], [130.4456, 33.1852], [130.4528, 33.1865], [130.457, 33.1859], [130.458, 33.1869], [130.4581, 33.1876], [130.4597, 33.1903], [130.4562, 33.1918], [130.4544, 33.1918], [130.453, 33.1943], [130.4528, 33.1976], [130.4515, 33.2049], [130.4582, 33.2068], [130.4604, 33.2193], [130.461, 33.2203], [130.4606, 33.2205], [130.4614, 33.2219], [130.4622, 33.2224], [130.4626, 33.2222], [130.4638, 33.2233], [130.4639, 33.2244], [130.4618, 33.224], [130.4618, 33.2243], [130.4611, 33.2243], [130.461, 33.2255], [130.4613, 33.2259], [130.4609, 33.227], [130.4605, 33.227], [130.4597, 33.2278], [130.4587, 33.2295], [130.4584, 33.2309], [130.4586, 33.2343], [130.4578, 33.2358], [130.4581, 33.2359], [130.458, 33.237], [130.4567, 33.2372], [130.4559, 33.237], [130.4554, 33.2385], [130.4527, 33.2398], [130.452, 33.2408], [130.4513, 33.2404], [130.4488, 33.2408], [130.4483, 33.242], [130.4467, 33.2432], [130.4462, 33.2433], [130.4455, 33.2441], [130.4448, 33.2438], [130.4446, 33.2447], [130.4438, 33.2453], [130.443, 33.2445], [130.4415, 33.2441], [130.4412, 33.2435], [130.4415, 33.2426], [130.4411, 33.2424], [130.4415, 33.2415], [130.4419, 33.2414], [130.4422, 33.2371], [130.4352, 33.2369], [130.4352, 33.2353], [130.436, 33.2353], [130.4353, 33.2342], [130.4356, 33.233], [130.4352, 33.2329], [130.4368, 33.2305], [130.4377, 33.2304], [130.4376, 33.2289], [130.4296, 33.2304], [130.4294, 33.23], [130.4286, 33.2302], [130.4285, 33.2298], [130.4265, 33.2304], [130.4263, 33.2301], [130.4257, 33.2302], [130.4247, 33.2285], [130.4233, 33.224], [130.4211, 33.2246], [130.4206, 33.2249], [130.421, 33.2254], [130.4177, 33.2262], [130.4172, 33.2256], [130.4167, 33.226], [130.4162, 33.226], [130.4165, 33.2253], [130.4162, 33.2248], [130.4153, 33.2246], [130.4145, 33.2253], [130.4126, 33.2246]]]}, "properties": {"name": "福岡県大木町"}}, {"type": "Feature", "geometry": {"type": "MultiPolygon", "coordinates": [[[[130.512, 33.2538], [130.5125, 33.2538], [130.5125, 33.253], [130.5122, 33.2525], [130.5119, 33.2526], [130.5118, 33.251], [130.513, 33.251], [130.5123, 33.2497], [130.5131, 33.2478], [130.5146, 33.2474], [130.5147, 33.247], [130.5143, 33.2471], [130.5142, 33.2468], [130.5147, 33.2464], [130.5144, 33.2459], [130.514, 33.246], [130.5132, 33.2449], [130.513, 33.2454], [130.5136, 33.2466], [130.5128, 33.2468], [130.513, 33.2472], [130.5122, 33.2474], [130.5119, 33.2465], [130.5107, 33.247], [130.5107, 33.2459], [130.5115, 33.246], [130.5115, 33.2455], [130.5123, 33.2446], [130.512, 33.2442], [130.511, 33.2452], [130.5108, 33.2449], [130.5105, 33.245], [130.5109, 33.2456], [130.51, 33.2455], [130.5098, 33.2449], [130.511, 33.2443], [130.5115, 33.2436], [130.5105, 33.2427], [130.5095, 33.2425], [130.5104, 33.2422], [130.5104, 33.2425], [130.5113, 33.2427], [130.5126, 33.2421], [130.513, 33.2414], [130.5141, 33.2422], [130.5144, 33.2415], [130.514, 33.2411], [130.5136, 33.2415], [130.5121, 33.2405], [130.5113, 33.2408], [130.511, 33.2413], [130.5117, 33.242], [130.51, 33.2421], [130.5085, 33.2387], [130.511, 33.2377], [130.5118, 33.2386], [130.5112, 33.2388], [130.5118, 33.2398], [130.5125, 33.2396], [130.5122, 33.2391], [130.5126, 33.2387], [130.5138, 33.2383], [130.5133, 33.2377], [130.5141, 33.2374], [130.5145, 33.2389], [130.5148, 33.2388], [130.5152, 33.2394], [130.5152, 33.239], [130.5149, 33.2386], [130.5152, 33.2386], [130.5158, 33.2394], [130.5166, 33.2389], [130.5158, 33.2382], [130.5164, 33.2374], [130.5147, 33.238], [130.5144, 33.2374], [130.5152, 33.2372], [130.5157, 33.2359], [130.5164, 33.2362], [130.5158, 33.2371], [130.5168, 33.2373], [130.517, 33.2346], [130.5187, 33.2342], [130.5183, 33.2333], [130.5185, 33.2315], [130.52, 33.2318], [130.5203, 33.2325], [130.5208, 33.2325], [130.5212, 33.2319], [130.5222, 33.2322], [130.5229, 33.233], [130.5245, 33.2329], [130.5242, 33.2341], [130.5247, 33.235], [130.5258, 33.2347], [130.5271, 33.2348], [130.5271, 33.2346], [130.5252, 33.2343], [130.525, 33.234], [130.525, 33.2329], [130.5269, 33.2322], [130.5266, 33.2315], [130.5268, 33.2312], [130.5289, 33.2317], [130.5296, 33.2337], [130.5305, 33.234], [130.5306, 33.2344], [130.5345, 33.2343], [130.5357, 33.2341], [130.5413, 33.2317], [130.5472, 33.2299], [130.5471, 33.2307], [130.5508, 33.2306], [130.5513, 33.2326], [130.5553, 33.2319], [130.5587, 33.2323], [130.5599, 33.2321], [130.5666, 33.2337], [130.5675, 33.2334], [130.5687, 33.234], [130.5685, 33.2344], [130.5713, 33.2346], [130.5725, 33.2353], [130.5731, 33.2348], [130.5747, 33.235], [130.5754, 33.2347], [130.577, 33.2352], [130.5776, 33.235], [130.5806, 33.2365], [130.5811, 33.2365], [130.5829, 33.2376], [130.5842, 33.2376], [130.5847, 33.2373], [130.5865, 33.2379], [130.5873, 33.239], [130.5891, 33.2394], [130.5905, 33.2409], [130.5925, 33.2406], [130.5939, 33.2412], [130.5949, 33.2419], [130.5952, 33.2436], [130.5959, 33.2439], [130.5974, 33.2439], [130.5986, 33.245], [130.6036, 33.2442], [130.6046, 33.2431], [130.6053, 33.2417], [130.6059, 33.2385], [130.6071, 33.2384], [130.6071, 33.2378], [130.608, 33.2371], [130.6097, 33.2369], [130.6104, 33.2371], [130.6113, 33.2367], [130.6127, 33.2373], [130.6138, 33.2368], [130.6151, 33.2371], [130.6175, 33.2369], [130.6193, 33.2374], [130.6203, 33.2363], [130.6223, 33.236], [130.6252, 33.2369], [130.6258, 33.2367], [130.6262, 33.2374], [130.6274, 33.2369], [130.6299, 33.2378], [130.6299, 33.2392], [130.6307, 33.2401], [130.6302, 33.242], [130.6307, 33.2424], [130.6308, 33.2432], [130.6302, 33.2437], [130.6299, 33.2457], [130.6288, 33.2462], [130.6273, 33.2484], [130.6272, 33.2492], [130.6278, 33.2503], [130.6254, 33.2532], [130.6247, 33.2531], [130.6239, 33.2536], [130.6205, 33.2577], [130.6196, 33.2579], [130.6192, 33.2602], [130.62, 33.2611], [130.6199, 33.2618], [130.6205, 33.2628], [130.6165, 33.2646], [130.6163, 33.265], [130.6164, 33.2655], [130.6175, 33.2662], [130.6202, 33.2656], [130.6195, 33.2663], [130.6193, 33.267], [130.6195, 33.2674], [130.6207, 33.2677], [130.6195, 33.2682], [130.6189, 33.2691], [130.6181, 33.2691], [130.6182, 33.2698], [130.6174, 33.2712], [130.6181, 33.2735], [130.6176, 33.275], [130.617, 33.2753], [130.6165, 33.279], [130.6168, 33.2796], [130.6186, 33.2809], [130.6194, 33.284], [130.6183, 33.2853], [130.6167, 33.2862], [130.6141, 33.2843], [130.6142, 33.2836], [130.6136, 33.2826], [130.6121, 33.2826], [130.6112, 33.2811], [130.61, 33.2812], [130.6074, 33.2803], [130.605, 33.2775], [130.6045, 33.2764], [130.6025, 33.2746], [130.599, 33.2744], [130.5982, 33.2748], [130.5957, 33.2729], [130.5934, 33.2726], [130.5922, 33.2704], [130.5884, 33.2696], [130.5865, 33.2684], [130.5852, 33.2684], [130.5825, 33.2677], [130.5814, 33.2679], [130.5811, 33.2688], [130.5825, 33.2709], [130.5826, 33.2719], [130.5809, 33.2733], [130.5799, 33.2747], [130.5768, 33.2758], [130.576, 33.2768], [130.572, 33.2753], [130.5709, 33.2746], [130.5695, 33.2744], [130.5681, 33.2735], [130.5665, 33.2695], [130.5663, 33.2664], [130.565, 33.2658], [130.561, 33.2649], [130.5608, 33.2645], [130.5598, 33.2646], [130.5602, 33.2652], [130.5571, 33.265], [130.5562, 33.2639], [130.5541, 33.263], [130.5544, 33.2621], [130.5536, 33.2628], [130.5457, 33.2602], [130.5411, 33.2614], [130.5407, 33.2618], [130.5394, 33.2616], [130.5386, 33.2621], [130.5387, 33.2628], [130.5393, 33.2634], [130.5377, 33.2624], [130.538, 33.2622], [130.538, 33.2614], [130.5389, 33.2615], [130.5389, 33.2607], [130.5369, 33.261], [130.537, 33.2619], [130.5376, 33.2616], [130.5377, 33.2618], [130.5372, 33.2625], [130.5367, 33.2625], [130.5363, 33.261], [130.5361, 33.261], [130.5358, 33.262], [130.5364, 33.2626], [130.5357, 33.2629], [130.5346, 33.2628], [130.5349, 33.262], [130.5353, 33.262], [130.5355, 33.2623], [130.5354, 33.2596], [130.5341, 33.2594], [130.5343, 33.2584], [130.5327, 33.2582], [130.5329, 33.2574], [130.5323, 33.2575], [130.5323, 33.258], [130.531, 33.2582], [130.5311, 33.2587], [130.53, 33.259], [130.5285, 33.2581], [130.5279, 33.2589], [130.5284, 33.2591], [130.5282, 33.2598], [130.5297, 33.2603], [130.5292, 33.2604], [130.5296, 33.2609], [130.5301, 33.2603], [130.5302, 33.2607], [130.5313, 33.2607], [130.5311, 33.2611], [130.5316, 33.2614], [130.5311, 33.262], [130.5319, 33.262], [130.5323, 33.2623], [130.532, 33.2626], [130.5299, 33.2623], [130.53, 33.2616], [130.5296, 33.2614], [130.5296, 33.2611], [130.5283, 33.2607], [130.5276, 33.2611], [130.5253, 33.2591], [130.5243, 33.259], [130.5234, 33.2603], [130.524, 33.2603], [130.5235, 33.2614], [130.5238, 33.2616], [130.5228, 33.2621], [130.5234, 33.2605], [130.5229, 33.2601], [130.5231, 33.2593], [130.5237, 33.2592], [130.5242, 33.2587], [130.524, 33.2583], [130.5213, 33.2564], [130.521, 33.2571], [130.522, 33.2579], [130.5219, 33.2582], [130.5211, 33.2582], [130.5195, 33.2591], [130.5201, 33.2588], [130.5198, 33.26], [130.5211, 33.2609], [130.5205, 33.2608], [130.5191, 33.2598], [130.5183, 33.2602], [130.519, 33.2594], [130.5185, 33.2588], [130.5177, 33.259], [130.5171, 33.2587], [130.5169, 33.2584], [130.5174, 33.2577], [130.5168, 33.2575], [130.5161, 33.2578], [130.5161, 33.2566], [130.517, 33.2566], [130.517, 33.2564], [130.5165, 33.2563], [130.5152, 33.2569], [130.5159, 33.2559], [130.5153, 33.2558], [130.5153, 33.2554], [130.5147, 33.2559], [130.5149, 33.2565], [130.5144, 33.2566], [130.5155, 33.2581], [130.515, 33.2583], [130.5146, 33.2595], [130.5136, 33.2596], [130.5128, 33.2602], [130.5126, 33.2598], [130.5113, 33.2605], [130.5114, 33.261], [130.511, 33.2606], [130.512, 33.2598], [130.5117, 33.2595], [130.5104, 33.2608], [130.5108, 33.2603], [130.5106, 33.2598], [130.51, 33.2599], [130.5099, 33.2591], [130.5101, 33.2591], [130.5102, 33.2597], [130.5114, 33.259], [130.5121, 33.258], [130.5125, 33.2581], [130.5123, 33.2577], [130.5126, 33.2574], [130.5126, 33.2577], [130.5132, 33.2576], [130.5137, 33.2571], [130.5139, 33.2578], [130.5138, 33.257], [130.5141, 33.257], [130.5137, 33.2569], [130.5139, 33.2564], [130.5136, 33.2561], [130.5129, 33.2566], [130.5133, 33.2569], [130.5127, 33.2574], [130.5118, 33.2567], [130.5123, 33.2564], [130.5115, 33.2558], [130.5119, 33.2555], [130.5115, 33.2551], [130.512, 33.2549], [130.512, 33.2546], [130.5134, 33.2543], [130.5121, 33.2544], [130.512, 33.2538]]], [[[130.5196, 33.2306], [130.5193, 33.2305], [130.524, 33.2301], [130.5269, 33.2303], [130.5278, 33.2307], [130.5276, 33.2313], [130.5265, 33.2311], [130.5254, 33.2312], [130.524, 33.2307], [130.5208, 33.2309], [130.5196, 33.2306]]]]}, "properties": {"name": "福岡県広川町"}}, {"type": "Feature", "geometry": {"type": "Polygon", "coordinates": [[[130.8219, 33.7214], [130.8248, 33.7187], [130.8251, 33.7171], [130.8261, 33.7152], [130.8268, 33.7147], [130.8265, 33.7132], [130.829, 33.7122], [130.83, 33.7115], [130.8303, 33.7097], [130.831, 33.7086], [130.8306, 33.7053], [130.8311, 33.7039], [130.8287, 33.702], [130.8277, 33.6968], [130.8287, 33.6946], [130.8276, 33.6917], [130.8263, 33.6912], [130.8257, 33.6884], [130.8271, 33.6871], [130.8266, 33.6859], [130.8274, 33.6845], [130.8277, 33.6816], [130.8268, 33.6801], [130.8272, 33.6791], [130.8265, 33.6786], [130.8268, 33.6768], [130.8264, 33.6756], [130.8248, 33.6733], [130.8249, 33.6724], [130.8242, 33.6709], [130.8242, 33.6696], [130.8254, 33.6684], [130.8248, 33.6668], [130.8246, 33.6644], [130.8262, 33.6635], [130.8276, 33.6634], [130.8289, 33.6616], [130.8301, 33.6609], [130.8341, 33.6603], [130.8369, 33.6603], [130.8369, 33.6581], [130.835, 33.6564], [130.8328, 33.6561], [130.8311, 33.6573], [130.83, 33.6576], [130.8292, 33.6573], [130.8281, 33.6558], [130.8281, 33.6543], [130.8292, 33.6542], [130.8296, 33.653], [130.8288, 33.6524], [130.8282, 33.6524], [130.8279, 33.6514], [130.8285, 33.6512], [130.828, 33.6508], [130.8283, 33.6507], [130.8298, 33.6516], [130.8307, 33.6534], [130.8316, 33.6525], [130.831, 33.6514], [130.8311, 33.651], [130.832, 33.6519], [130.8327, 33.6515], [130.8325, 33.6511], [130.833, 33.6504], [130.8339, 33.6503], [130.8339, 33.6497], [130.8351, 33.6487], [130.8362, 33.6486], [130.8367, 33.6474], [130.8375, 33.6474], [130.8387, 33.6462], [130.8419, 33.6449], [130.8433, 33.6447], [130.8449, 33.6448], [130.8477, 33.6462], [130.849, 33.6456], [130.8501, 33.6463], [130.8502, 33.6459], [130.8527, 33.6457], [130.8535, 33.646], [130.8555, 33.6457], [130.8561, 33.6461], [130.8566, 33.6465], [130.8579, 33.6465], [130.8583, 33.6475], [130.8618, 33.6442], [130.862, 33.6446], [130.8626, 33.644], [130.8648, 33.6442], [130.8673, 33.6411], [130.8679, 33.6398], [130.87, 33.6406], [130.8709, 33.6414], [130.8737, 33.6407], [130.8744, 33.6411], [130.8759, 33.6412], [130.8762, 33.6418], [130.8776, 33.6423], [130.8788, 33.6434], [130.8808, 33.6433], [130.8823, 33.6449], [130.8833, 33.645], [130.8836, 33.6469], [130.8859, 33.6508], [130.8862, 33.6519], [130.885, 33.6524], [130.8849, 33.6533], [130.8825, 33.6578], [130.886, 33.6608], [130.8865, 33.6639], [130.8886, 33.6659], [130.889, 33.6682], [130.8898, 33.6693], [130.8889, 33.6704], [130.8886, 33.6727], [130.8871, 33.6738], [130.8868, 33.6748], [130.8852, 33.6762], [130.8823, 33.6822], [130.8809, 33.6833], [130.8804, 33.6842], [130.879, 33.6844], [130.8755, 33.6888], [130.8746, 33.6911], [130.876, 33.6955], [130.8785, 33.6997], [130.8779, 33.7006], [130.8772, 33.7007], [130.8765, 33.702], [130.8752, 33.7027], [130.8741, 33.7042], [130.8726, 33.7053], [130.8716, 33.7074], [130.8722, 33.7093], [130.8706, 33.7124], [130.8695, 33.7137], [130.8692, 33.7152], [130.8709, 33.7169], [130.8698, 33.7191], [130.8691, 33.7197], [130.8697, 33.7228], [130.8693, 33.7241], [130.8697, 33.7243], [130.8689, 33.7261], [130.8688, 33.7289], [130.8676, 33.7306], [130.8679, 33.7344], [130.8674, 33.7351], [130.8632, 33.7363], [130.8556, 33.7358], [130.855, 33.7353], [130.853, 33.735], [130.8524, 33.7342], [130.8501, 33.7328], [130.8475, 33.7263], [130.8456, 33.7248], [130.8445, 33.7245], [130.8415, 33.7257], [130.84, 33.7254], [130.8376, 33.7258], [130.8318, 33.7242], [130.8269, 33.7239], [130.8235, 33.7225], [130.8219, 33.7214]]]}, "properties": {"name": "福岡県香春町"}}, {"type": "Feature", "geometry": {"type": "Polygon", "coordinates": [[[130.8175, 33.4889], [130.8195, 33.4896], [130.8203, 33.4883], [130.8214, 33.4875], [130.8237, 33.4872], [130.8251, 33.4884], [130.8261, 33.4886], [130.827, 33.4885], [130.8281, 33.4877], [130.8294, 33.4882], [130.8328, 33.4869], [130.8342, 33.4874], [130.8344, 33.4871], [130.8341, 33.4865], [130.8348, 33.4862], [130.8351, 33.4854], [130.8358, 33.485], [130.8368, 33.4848], [130.8376, 33.4842], [130.8406, 33.4844], [130.8413, 33.4855], [130.8426, 33.4856], [130.8432, 33.4847], [130.8432, 33.483], [130.8446, 33.4826], [130.8456, 33.4827], [130.8477, 33.4793], [130.8476, 33.4782], [130.8419, 33.4743], [130.8406, 33.4738], [130.8397, 33.4741], [130.838, 33.4739], [130.8371, 33.4728], [130.8365, 33.4707], [130.8378, 33.4678], [130.8392, 33.4672], [130.8403, 33.4658], [130.8417, 33.4648], [130.8428, 33.463], [130.8442, 33.4624], [130.8447, 33.4599], [130.8462, 33.4583], [130.8463, 33.4572], [130.8487, 33.4549], [130.8486, 33.4538], [130.8502, 33.4522], [130.8506, 33.4501], [130.8525, 33.4503], [130.8535, 33.4486], [130.8531, 33.4478], [130.8539, 33.4472], [130.8567, 33.447], [130.8571, 33.4476], [130.8584, 33.4482], [130.8602, 33.4471], [130.8614, 33.4468], [130.8619, 33.4472], [130.8615, 33.4486], [130.8617, 33.4501], [130.8625, 33.4501], [130.8643, 33.451], [130.8689, 33.4504], [130.8707, 33.451], [130.8719, 33.4497], [130.8771, 33.4503], [130.8782, 33.4512], [130.8804, 33.4518], [130.8817, 33.4511], [130.8826, 33.4512], [130.8876, 33.4506], [130.8905, 33.4526], [130.8945, 33.4523], [130.8969, 33.4515], [130.8988, 33.4515], [130.8994, 33.4512], [130.9006, 33.4494], [130.9004, 33.4493], [130.9047, 33.4491], [130.9066, 33.4502], [130.9078, 33.4497], [130.9089, 33.4503], [130.9102, 33.4498], [130.9126, 33.4511], [130.9161, 33.4551], [130.9196, 33.4563], [130.9224, 33.4566], [130.9242, 33.4571], [130.9274, 33.4586], [130.9286, 33.4601], [130.9296, 33.4609], [130.9305, 33.4638], [130.9305, 33.475], [130.9312, 33.4768], [130.9403, 33.4815], [130.9413, 33.4833], [130.9418, 33.4836], [130.9425, 33.4854], [130.9466, 33.4873], [130.9496, 33.4876], [130.9482, 33.4918], [130.948, 33.4938], [130.9472, 33.4954], [130.9466, 33.4957], [130.9451, 33.4952], [130.9441, 33.4955], [130.943, 33.4962], [130.9429, 33.4969], [130.9392, 33.4984], [130.9379, 33.4993], [130.9389, 33.5013], [130.9383, 33.5038], [130.939, 33.5054], [130.9384, 33.5061], [130.9399, 33.507], [130.9402, 33.5091], [130.9379, 33.512], [130.9352, 33.5133], [130.9345, 33.5151], [130.9353, 33.5169], [130.9345, 33.5183], [130.9351, 33.5197], [130.9349, 33.5205], [130.9331, 33.5223], [130.9335, 33.5234], [130.9329, 33.5247], [130.9313, 33.5256], [130.9308, 33.5291], [130.9318, 33.5311], [130.9332, 33.5328], [130.9315, 33.5342], [130.931, 33.5364], [130.9302, 33.5373], [130.93, 33.5382], [130.9267, 33.5409], [130.9258, 33.5421], [130.9253, 33.5436], [130.923, 33.5465], [130.92, 33.552], [130.9222, 33.5568], [130.9219, 33.5574], [130.9204, 33.5579], [130.9194, 33.5598], [130.9172, 33.5602], [130.9166, 33.5612], [130.9152, 33.5622], [130.9153, 33.5629], [130.9141, 33.5645], [130.9116, 33.5649], [130.9085, 33.5671], [130.9055, 33.5679], [130.9056, 33.5695], [130.9054, 33.5698], [130.9047, 33.5697], [130.9036, 33.5718], [130.9018, 33.5731], [130.9016, 33.5739], [130.9001, 33.5741], [130.8974, 33.5752], [130.8967, 33.5771], [130.8952, 33.5783], [130.8947, 33.5785], [130.8917, 33.5786], [130.8892, 33.5805], [130.8872, 33.5788], [130.8849, 33.5783], [130.8842, 33.5788], [130.8832, 33.578], [130.884, 33.577], [130.8842, 33.576], [130.8817, 33.5754], [130.8788, 33.5752], [130.8771, 33.574], [130.8763, 33.5739], [130.8758, 33.5728], [130.8746, 33.5722], [130.8743, 33.5715], [130.8731, 33.5738], [130.8711, 33.5759], [130.8716, 33.5774], [130.8708, 33.5777], [130.8702, 33.5787], [130.8702, 33.5804], [130.8689, 33.582], [130.8687, 33.584], [130.8682, 33.5844], [130.8662, 33.5831], [130.8651, 33.5819], [130.8633, 33.5812], [130.8621, 33.5811], [130.8614, 33.5811], [130.8614, 33.5817], [130.8608, 33.5819], [130.8607, 33.5826], [130.8599, 33.5825], [130.8598, 33.5827], [130.859, 33.5827], [130.8589, 33.5831], [130.8567, 33.5834], [130.8566, 33.5842], [130.8575, 33.5854], [130.8575, 33.5861], [130.8569, 33.5867], [130.8566, 33.5879], [130.8567, 33.5887], [130.8562, 33.5896], [130.8565, 33.5908], [130.8552, 33.5922], [130.8535, 33.5915], [130.8516, 33.5884], [130.8473, 33.5873], [130.8451, 33.5858], [130.8442, 33.586], [130.8443, 33.5865], [130.8431, 33.5872], [130.8425, 33.587], [130.842, 33.5877], [130.8404, 33.5877], [130.8388, 33.5883], [130.8366, 33.5903], [130.8363, 33.5911], [130.8354, 33.5912], [130.8333, 33.5903], [130.8322, 33.5904], [130.8339, 33.5873], [130.8338, 33.5862], [130.8329, 33.5841], [130.833, 33.5828], [130.8331, 33.5822], [130.8363, 33.5799], [130.8373, 33.5788], [130.8367, 33.5772], [130.8365, 33.5745], [130.8361, 33.5741], [130.8374, 33.5736], [130.8368, 33.5728], [130.8382, 33.5721], [130.8389, 33.5709], [130.8388, 33.57], [130.8395, 33.5693], [130.8389, 33.5691], [130.8381, 33.5697], [130.8373, 33.5693], [130.8363, 33.5697], [130.8356, 33.5687], [130.8332, 33.5678], [130.8324, 33.5664], [130.8318, 33.5665], [130.8317, 33.5662], [130.832, 33.5609], [130.8326, 33.56], [130.8319, 33.5586], [130.8323, 33.5577], [130.8318, 33.5569], [130.832, 33.5557], [130.8314, 33.5548], [130.8322, 33.5547], [130.8325, 33.5541], [130.8305, 33.5514], [130.8307, 33.5494], [130.8301, 33.5475], [130.8314, 33.5461], [130.8312, 33.5441], [130.8326, 33.5425], [130.8316, 33.54], [130.8322, 33.5362], [130.8319, 33.5342], [130.8311, 33.5336], [130.8316, 33.5321], [130.831, 33.53], [130.8303, 33.5293], [130.8295, 33.5292], [130.8286, 33.5274], [130.8284, 33.5262], [130.8279, 33.5259], [130.828, 33.5252], [130.8273, 33.5235], [130.8269, 33.5209], [130.8258, 33.5204], [130.8251, 33.5197], [130.8229, 33.5194], [130.8214, 33.5179], [130.8184, 33.5176], [130.8172, 33.5178], [130.8152, 33.5175], [130.8117, 33.5153], [130.811, 33.5143], [130.8108, 33.5123], [130.8111, 33.5104], [130.8101, 33.5095], [130.81, 33.5091], [130.8107, 33.5084], [130.8101, 33.5076], [130.8108, 33.5022], [130.8122, 33.4999], [130.8123, 33.4991], [130.8132, 33.4985], [130.8138, 33.4973], [130.8155, 33.4962], [130.814, 33.4931], [130.8148, 33.4929], [130.8154, 33.4922], [130.817, 33.4922], [130.8175, 33.4889]]]}, "properties": {"name": "福岡県添田町"}}, {"type": "Feature", "geometry": {"type": "Polygon", "coordinates": [[[130.7498, 33.6416], [130.7534, 33.6401], [130.755, 33.6401], [130.7591, 33.6394], [130.764, 33.6409], [130.7643, 33.6414], [130.7652, 33.6415], [130.7654, 33.6424], [130.7692, 33.643], [130.7722, 33.6443], [130.7816, 33.6474], [130.7843, 33.6479], [130.7859, 33.6489], [130.7887, 33.6493], [130.7886, 33.651], [130.7894, 33.651], [130.7896, 33.6515], [130.7906, 33.6516], [130.7913, 33.651], [130.7919, 33.6513], [130.7926, 33.6507], [130.7935, 33.6507], [130.7937, 33.6536], [130.793, 33.6542], [130.793, 33.6551], [130.7922, 33.6559], [130.793, 33.6563], [130.7915, 33.658], [130.7922, 33.6583], [130.7921, 33.6588], [130.7915, 33.66], [130.7903, 33.6601], [130.7903, 33.6616], [130.7883, 33.6621], [130.788, 33.6626], [130.7873, 33.6623], [130.787, 33.663], [130.7871, 33.664], [130.7865, 33.6645], [130.7873, 33.666], [130.7881, 33.666], [130.7846, 33.6695], [130.7847, 33.6705], [130.7838, 33.6719], [130.7828, 33.6724], [130.781, 33.6748], [130.7801, 33.6748], [130.7784, 33.6731], [130.7779, 33.6731], [130.7789, 33.6703], [130.7757, 33.6695], [130.7759, 33.669], [130.7753, 33.6688], [130.7761, 33.6665], [130.7752, 33.6662], [130.7747, 33.667], [130.773, 33.6665], [130.7725, 33.6674], [130.7688, 33.6663], [130.7684, 33.6657], [130.7675, 33.6656], [130.7664, 33.6649], [130.7659, 33.6648], [130.7659, 33.6652], [130.7651, 33.6656], [130.7637, 33.6657], [130.761, 33.6644], [130.7579, 33.6646], [130.7564, 33.664], [130.7571, 33.6628], [130.7577, 33.6623], [130.7583, 33.6607], [130.7578, 33.6601], [130.7583, 33.6597], [130.7583, 33.6591], [130.759, 33.6583], [130.7582, 33.6571], [130.7595, 33.656], [130.76, 33.6546], [130.7608, 33.6542], [130.7592, 33.6517], [130.7579, 33.6513], [130.7572, 33.6503], [130.7555, 33.65], [130.7551, 33.6504], [130.7539, 33.6502], [130.7535, 33.6491], [130.7528, 33.6491], [130.7517, 33.6462], [130.7518, 33.644], [130.7512, 33.643], [130.7499, 33.6421], [130.7498, 33.6416]]]}, "properties": {"name": "福岡県糸田町"}}, {"type": "Feature", "geometry": {"type": "Polygon", "coordinates": [[[130.7851, 33.5684], [130.7859, 33.5674], [130.7878, 33.5663], [130.7888, 33.5652], [130.7888, 33.5629], [130.7893, 33.5626], [130.7895, 33.562], [130.7907, 33.562], [130.791, 33.5615], [130.7918, 33.5616], [130.7923, 33.5603], [130.7921, 33.5594], [130.7917, 33.5592], [130.7915, 33.557], [130.7921, 33.5562], [130.7929, 33.556], [130.7938, 33.5552], [130.7954, 33.5545], [130.7957, 33.5535], [130.7963, 33.5531], [130.7968, 33.5533], [130.7972, 33.5528], [130.7972, 33.5523], [130.7977, 33.5521], [130.7981, 33.5506], [130.7995, 33.5501], [130.8, 33.5491], [130.8028, 33.5473], [130.8024, 33.5463], [130.8037, 33.5436], [130.803, 33.5414], [130.8035, 33.5407], [130.8036, 33.5385], [130.8045, 33.5377], [130.8058, 33.5373], [130.8067, 33.5367], [130.8063, 33.5349], [130.8049, 33.5333], [130.8052, 33.5317], [130.8064, 33.5313], [130.8048, 33.5275], [130.8046, 33.5263], [130.8048, 33.5258], [130.8042, 33.5249], [130.8042, 33.5228], [130.8038, 33.5224], [130.8042, 33.5217], [130.8037, 33.5203], [130.8044, 33.5192], [130.8037, 33.5178], [130.8042, 33.5165], [130.8038, 33.5156], [130.8046, 33.5142], [130.8041, 33.5113], [130.8059, 33.5118], [130.8084, 33.5116], [130.8101, 33.5098], [130.8101, 33.5095], [130.8111, 33.5104], [130.8108, 33.5123], [130.811, 33.5143], [130.8117, 33.5153], [130.8152, 33.5175], [130.8172, 33.5178], [130.8184, 33.5176], [130.8214, 33.5179], [130.8229, 33.5194], [130.8251, 33.5197], [130.8258, 33.5204], [130.8269, 33.5209], [130.8273, 33.5235], [130.828, 33.5252], [130.8279, 33.5259], [130.8284, 33.5262], [130.8286, 33.5274], [130.8295, 33.5292], [130.8303, 33.5293], [130.831, 33.53], [130.8316, 33.5321], [130.8311, 33.5336], [130.8319, 33.5342], [130.8322, 33.5362], [130.8316, 33.54], [130.8326, 33.5425], [130.8312, 33.5441], [130.8314, 33.5461], [130.8301, 33.5475], [130.8307, 33.5494], [130.8305, 33.5514], [130.8325, 33.5541], [130.8322, 33.5547], [130.8314, 33.5548], [130.832, 33.5557], [130.8318, 33.5569], [130.8323, 33.5577], [130.8319, 33.5586], [130.8326, 33.56], [130.832, 33.5609], [130.8317, 33.5662], [130.8318, 33.5665], [130.8324, 33.5664], [130.8332, 33.5678], [130.8356, 33.5687], [130.8363, 33.5697], [130.8373, 33.5693], [130.8381, 33.5697], [130.8389, 33.5691], [130.8395, 33.5693], [130.8388, 33.57], [130.8389, 33.5709], [130.8382, 33.5721], [130.8368, 33.5728], [130.8374, 33.5736], [130.8361, 33.5741], [130.8365, 33.5745], [130.8367, 33.5772], [130.8373, 33.5788], [130.8363, 33.5799], [130.8331, 33.5822], [130.833, 33.5828], [130.8329, 33.5841], [130.8338, 33.5862], [130.8339, 33.5873], [130.8322, 33.5904], [130.8333, 33.5903], [130.8354, 33.5912], [130.8363, 33.5911], [130.8373, 33.592], [130.8376, 33.5932], [130.84, 33.5946], [130.8401, 33.5959], [130.8414, 33.5982], [130.8412, 33.6001], [130.8399, 33.6012], [130.8375, 33.6008], [130.8362, 33.6011], [130.8354, 33.6021], [130.8358, 33.6038], [130.8342, 33.6046], [130.8329, 33.6045], [130.8328, 33.6053], [130.8322, 33.6054], [130.8315, 33.6068], [130.8317, 33.6085], [130.8304, 33.6095], [130.8289, 33.6101], [130.8261, 33.6105], [130.8258, 33.6099], [130.824, 33.6098], [130.8232, 33.6105], [130.8232, 33.6115], [130.8217, 33.6141], [130.8205, 33.6139], [130.8209, 33.6147], [130.8206, 33.6153], [130.8194, 33.6152], [130.819, 33.616], [130.8182, 33.6162], [130.8174, 33.617], [130.8167, 33.6171], [130.8159, 33.6165], [130.815, 33.6169], [130.8131, 33.617], [130.8129, 33.6178], [130.8114, 33.6194], [130.8108, 33.6197], [130.8096, 33.6194], [130.8084, 33.6205], [130.8087, 33.6209], [130.8073, 33.6211], [130.8075, 33.6216], [130.806, 33.6215], [130.8053, 33.622], [130.8016, 33.6216], [130.8015, 33.623], [130.8006, 33.6226], [130.799, 33.6241], [130.7977, 33.6235], [130.7973, 33.6243], [130.7955, 33.6233], [130.7949, 33.6232], [130.7935, 33.6179], [130.7941, 33.6165], [130.8017, 33.6123], [130.8015, 33.6117], [130.7994, 33.6102], [130.7996, 33.6079], [130.7992, 33.6078], [130.7996, 33.6062], [130.7992, 33.6061], [130.7988, 33.6056], [130.7987, 33.6042], [130.7978, 33.6039], [130.7978, 33.6015], [130.7962, 33.5992], [130.7972, 33.5978], [130.7987, 33.5978], [130.7994, 33.5966], [130.7996, 33.5952], [130.7993, 33.5933], [130.7986, 33.5926], [130.7986, 33.5907], [130.7979, 33.5902], [130.7973, 33.5886], [130.7974, 33.5878], [130.798, 33.587], [130.7973, 33.5861], [130.798, 33.5844], [130.798, 33.5825], [130.7965, 33.5805], [130.7925, 33.5785], [130.7929, 33.5779], [130.7928, 33.577], [130.7931, 33.5767], [130.7929, 33.576], [130.7935, 33.5753], [130.7927, 33.5738], [130.7906, 33.573], [130.7896, 33.573], [130.7889, 33.5706], [130.7855, 33.569], [130.7851, 33.5684]]]}, "properties": {"name": "福岡県川崎町"}}, {"type": "Feature", "geometry": {"type": "Polygon", "coordinates": [[[130.8322, 33.6054], [130.8328, 33.6053], [130.8329, 33.6045], [130.8342, 33.6046], [130.8358, 33.6038], [130.8354, 33.6021], [130.8362, 33.6011], [130.8375, 33.6008], [130.8399, 33.6012], [130.8412, 33.6001], [130.8414, 33.5982], [130.8401, 33.5959], [130.84, 33.5946], [130.8376, 33.5932], [130.8373, 33.592], [130.8363, 33.5911], [130.8366, 33.5903], [130.8388, 33.5883], [130.8404, 33.5877], [130.842, 33.5877], [130.8425, 33.587], [130.8431, 33.5872], [130.8443, 33.5865], [130.8442, 33.586], [130.8451, 33.5858], [130.8473, 33.5873], [130.8516, 33.5884], [130.8535, 33.5915], [130.8552, 33.5922], [130.8565, 33.5908], [130.8562, 33.5896], [130.8567, 33.5887], [130.8566, 33.5879], [130.8569, 33.5867], [130.8575, 33.5861], [130.8575, 33.5854], [130.8566, 33.5842], [130.8567, 33.5834], [130.8589, 33.5831], [130.859, 33.5827], [130.8598, 33.5827], [130.8599, 33.5825], [130.8607, 33.5826], [130.8608, 33.5819], [130.8614, 33.5817], [130.8614, 33.5811], [130.8621, 33.5811], [130.8633, 33.5812], [130.8651, 33.5819], [130.8662, 33.5831], [130.8682, 33.5844], [130.8689, 33.5867], [130.8689, 33.5883], [130.8696, 33.5893], [130.8705, 33.5898], [130.8709, 33.5918], [130.8703, 33.5923], [130.8697, 33.5945], [130.8687, 33.5951], [130.8689, 33.5959], [130.8681, 33.5964], [130.8674, 33.5986], [130.8664, 33.5993], [130.8651, 33.6012], [130.8645, 33.6029], [130.8637, 33.6036], [130.8645, 33.6046], [130.8637, 33.6054], [130.8635, 33.6063], [130.8643, 33.6067], [130.8651, 33.6079], [130.8644, 33.6086], [130.8639, 33.6115], [130.8631, 33.6123], [130.8634, 33.6141], [130.8617, 33.6161], [130.8624, 33.6176], [130.8616, 33.6182], [130.86, 33.6204], [130.8601, 33.6229], [130.8606, 33.6234], [130.8606, 33.6243], [130.8612, 33.6247], [130.8612, 33.6252], [130.8601, 33.6258], [130.859, 33.6275], [130.8594, 33.6281], [130.8595, 33.6293], [130.8591, 33.6296], [130.8596, 33.6308], [130.8591, 33.6325], [130.8596, 33.6344], [130.8594, 33.6348], [130.8588, 33.6351], [130.8589, 33.6366], [130.859, 33.637], [130.8601, 33.6374], [130.8606, 33.6388], [130.8599, 33.639], [130.8591, 33.6409], [130.8573, 33.642], [130.8576, 33.6439], [130.8568, 33.6441], [130.8563, 33.6447], [130.8561, 33.6461], [130.8555, 33.6457], [130.8535, 33.646], [130.8527, 33.6457], [130.8502, 33.6459], [130.8501, 33.6463], [130.849, 33.6456], [130.8477, 33.6462], [130.8449, 33.6448], [130.8433, 33.6447], [130.8423, 33.6433], [130.8421, 33.6429], [130.8426, 33.6428], [130.842, 33.6419], [130.842, 33.641], [130.8433, 33.6401], [130.8429, 33.6392], [130.8424, 33.6386], [130.8393, 33.6387], [130.8394, 33.6381], [130.8375, 33.6377], [130.8375, 33.6362], [130.8363, 33.6363], [130.8356, 33.6347], [130.837, 33.6314], [130.839, 33.6298], [130.8398, 33.6282], [130.8422, 33.6261], [130.8419, 33.626], [130.8429, 33.6237], [130.8459, 33.6175], [130.8426, 33.6162], [130.8428, 33.6154], [130.8411, 33.6146], [130.8414, 33.6139], [130.8409, 33.6138], [130.8407, 33.6131], [130.84, 33.6127], [130.8395, 33.6104], [130.8384, 33.61], [130.8369, 33.6089], [130.8367, 33.6083], [130.8351, 33.6075], [130.8341, 33.6073], [130.8338, 33.6065], [130.8322, 33.6054]]]}, "properties": {"name": "福岡県大任町"}}, {"type": "Feature", "geometry": {"type": "Polygon", "coordinates": [[[130.8561, 33.6461], [130.8563, 33.6447], [130.8568, 33.6441], [130.8576, 33.6439], [130.8573, 33.642], [130.8591, 33.6409], [130.8599, 33.639], [130.8606, 33.6388], [130.8601, 33.6374], [130.859, 33.637], [130.8589, 33.6366], [130.8588, 33.6351], [130.8594, 33.6348], [130.8596, 33.6344], [130.8591, 33.6325], [130.8596, 33.6308], [130.8591, 33.6296], [130.8595, 33.6293], [130.8594, 33.6281], [130.859, 33.6275], [130.8601, 33.6258], [130.8612, 33.6252], [130.8612, 33.6247], [130.8606, 33.6243], [130.8606, 33.6234], [130.8601, 33.6229], [130.86, 33.6204], [130.8616, 33.6182], [130.8624, 33.6176], [130.8617, 33.6161], [130.8634, 33.6141], [130.8631, 33.6123], [130.8639, 33.6115], [130.8644, 33.6086], [130.8651, 33.6079], [130.8643, 33.6067], [130.8635, 33.6063], [130.8637, 33.6054], [130.8645, 33.6046], [130.8637, 33.6036], [130.8645, 33.6029], [130.8651, 33.6012], [130.8664, 33.5993], [130.8674, 33.5986], [130.8681, 33.5964], [130.8689, 33.5959], [130.8687, 33.5951], [130.8697, 33.5945], [130.8703, 33.5923], [130.8709, 33.5918], [130.8705, 33.5898], [130.8696, 33.5893], [130.8689, 33.5883], [130.8689, 33.5867], [130.8682, 33.5844], [130.8687, 33.584], [130.8689, 33.582], [130.8702, 33.5804], [130.8702, 33.5787], [130.8708, 33.5777], [130.8716, 33.5774], [130.8711, 33.5759], [130.8731, 33.5738], [130.8743, 33.5715], [130.8746, 33.5722], [130.8758, 33.5728], [130.8763, 33.5739], [130.8771, 33.574], [130.8788, 33.5752], [130.8817, 33.5754], [130.8842, 33.576], [130.884, 33.577], [130.8832, 33.578], [130.8842, 33.5788], [130.8849, 33.5783], [130.8872, 33.5788], [130.8892, 33.5805], [130.8917, 33.5786], [130.8947, 33.5785], [130.8952, 33.5783], [130.8967, 33.5771], [130.8974, 33.5752], [130.9001, 33.5741], [130.9016, 33.5739], [130.9018, 33.5731], [130.9036, 33.5718], [130.9047, 33.5697], [130.9054, 33.5698], [130.9056, 33.5695], [130.9055, 33.5679], [130.9085, 33.5671], [130.9116, 33.5649], [130.9141, 33.5645], [130.9153, 33.5629], [130.9152, 33.5622], [130.9166, 33.5612], [130.9172, 33.5602], [130.9194, 33.5598], [130.9204, 33.5579], [130.9219, 33.5574], [130.9213, 33.5587], [130.9216, 33.5598], [130.9223, 33.5602], [130.9222, 33.5625], [130.9204, 33.5641], [130.9201, 33.5664], [130.9206, 33.5678], [130.9202, 33.5709], [130.922, 33.5727], [130.9219, 33.5749], [130.9202, 33.5758], [130.9193, 33.5767], [130.9203, 33.5798], [130.9176, 33.5821], [130.9166, 33.5835], [130.9141, 33.5842], [130.9143, 33.5859], [130.9129, 33.5871], [130.9116, 33.589], [130.9112, 33.5955], [130.9116, 33.5967], [130.9093, 33.5986], [130.909, 33.5994], [130.9068, 33.6003], [130.9052, 33.6023], [130.9033, 33.6027], [130.903, 33.604], [130.9032, 33.6054], [130.9042, 33.6077], [130.9034, 33.6089], [130.9016, 33.6101], [130.8985, 33.6111], [130.898, 33.6118], [130.8984, 33.6134], [130.8976, 33.6141], [130.8977, 33.615], [130.8995, 33.6181], [130.9012, 33.6193], [130.9027, 33.6213], [130.9028, 33.6225], [130.9037, 33.6238], [130.9036, 33.6248], [130.9044, 33.626], [130.9056, 33.6268], [130.9057, 33.6298], [130.9073, 33.6314], [130.9062, 33.6335], [130.9081, 33.6363], [130.9083, 33.6374], [130.9066, 33.6383], [130.9049, 33.6383], [130.9042, 33.6387], [130.9041, 33.6395], [130.9029, 33.6407], [130.9021, 33.6407], [130.901, 33.6405], [130.9002, 33.6396], [130.8978, 33.6389], [130.8947, 33.6363], [130.8934, 33.6359], [130.8932, 33.6368], [130.8922, 33.6375], [130.8916, 33.6386], [130.8916, 33.6407], [130.8902, 33.6414], [130.891, 33.6431], [130.8919, 33.6438], [130.8918, 33.6444], [130.8925, 33.6445], [130.8923, 33.645], [130.8927, 33.6454], [130.893, 33.6478], [130.8928, 33.6485], [130.8933, 33.6496], [130.8902, 33.6501], [130.8867, 33.652], [130.8862, 33.6519], [130.8859, 33.6508], [130.8836, 33.6469], [130.8833, 33.645], [130.8823, 33.6449], [130.8808, 33.6433], [130.8788, 33.6434], [130.8776, 33.6423], [130.8762, 33.6418], [130.8759, 33.6412], [130.8744, 33.6411], [130.8737, 33.6407], [130.8709, 33.6414], [130.87, 33.6406], [130.8679, 33.6398], [130.8673, 33.6411], [130.8648, 33.6442], [130.8626, 33.644], [130.862, 33.6446], [130.8618, 33.6442], [130.8583, 33.6475], [130.8579, 33.6465], [130.8566, 33.6465], [130.8561, 33.6461]]]}, "properties": {"name": "福岡県赤村"}}, {"type": "Feature", "geometry": {"type": "Polygon", "coordinates": [[[130.804, 33.7421], [130.8037, 33.7416], [130.8024, 33.7416], [130.8004, 33.741], [130.7978, 33.7395], [130.7922, 33.7406], [130.7886, 33.7394], [130.7888, 33.7362], [130.7885, 33.7348], [130.7877, 33.7335], [130.7859, 33.7338], [130.7843, 33.7311], [130.7841, 33.7289], [130.7823, 33.7274], [130.7793, 33.7276], [130.7784, 33.7271], [130.7778, 33.7263], [130.7741, 33.725], [130.7742, 33.7234], [130.773, 33.7224], [130.7692, 33.7213], [130.7648, 33.7212], [130.7644, 33.7206], [130.7628, 33.7197], [130.7614, 33.7198], [130.7609, 33.7194], [130.7592, 33.7191], [130.7584, 33.7194], [130.7547, 33.7178], [130.7505, 33.7173], [130.7493, 33.7169], [130.7482, 33.7158], [130.7495, 33.7132], [130.749, 33.7125], [130.7492, 33.7109], [130.7465, 33.7092], [130.7459, 33.7086], [130.7463, 33.7083], [130.7463, 33.7073], [130.7471, 33.7047], [130.7449, 33.7033], [130.7439, 33.7019], [130.7445, 33.7007], [130.7458, 33.7007], [130.7464, 33.6995], [130.7472, 33.6995], [130.7479, 33.7002], [130.7479, 33.6967], [130.7482, 33.6962], [130.7491, 33.6961], [130.7497, 33.6952], [130.7496, 33.6946], [130.7501, 33.6943], [130.7497, 33.6935], [130.7513, 33.6923], [130.751, 33.6919], [130.7514, 33.6911], [130.7521, 33.6907], [130.7516, 33.6896], [130.7532, 33.6885], [130.7541, 33.6884], [130.754, 33.6864], [130.7551, 33.6844], [130.7519, 33.6809], [130.752, 33.679], [130.753, 33.6776], [130.7523, 33.6772], [130.7521, 33.6756], [130.7514, 33.675], [130.7513, 33.6738], [130.7524, 33.673], [130.7525, 33.6726], [130.7532, 33.6726], [130.7529, 33.67], [130.7538, 33.6676], [130.7534, 33.6666], [130.7543, 33.6653], [130.7564, 33.664], [130.7579, 33.6646], [130.761, 33.6644], [130.7637, 33.6657], [130.7651, 33.6656], [130.7659, 33.6652], [130.7659, 33.6648], [130.7664, 33.6649], [130.7675, 33.6656], [130.7684, 33.6657], [130.7688, 33.6663], [130.7725, 33.6674], [130.773, 33.6665], [130.7747, 33.667], [130.7752, 33.6662], [130.7761, 33.6665], [130.7753, 33.6688], [130.7759, 33.669], [130.7757, 33.6695], [130.7789, 33.6703], [130.7779, 33.6731], [130.7784, 33.6731], [130.7801, 33.6748], [130.781, 33.6748], [130.7828, 33.6724], [130.7838, 33.6719], [130.7847, 33.6705], [130.7846, 33.6695], [130.7881, 33.666], [130.7903, 33.6663], [130.7925, 33.667], [130.7928, 33.6676], [130.7926, 33.6693], [130.7931, 33.67], [130.7927, 33.6704], [130.7928, 33.6713], [130.7942, 33.6728], [130.7971, 33.6698], [130.8015, 33.6709], [130.8028, 33.6709], [130.8024, 33.6707], [130.8028, 33.6699], [130.8058, 33.6704], [130.8058, 33.671], [130.8076, 33.6715], [130.8072, 33.6735], [130.8056, 33.6752], [130.8052, 33.675], [130.8039, 33.6781], [130.8041, 33.6788], [130.803, 33.6795], [130.8068, 33.6831], [130.8065, 33.6848], [130.8067, 33.6856], [130.8059, 33.6882], [130.8064, 33.6894], [130.8061, 33.6904], [130.8082, 33.69], [130.8087, 33.6893], [130.8105, 33.6935], [130.8118, 33.6948], [130.8129, 33.6947], [130.8143, 33.6941], [130.8166, 33.6945], [130.819, 33.6942], [130.8217, 33.6959], [130.8229, 33.6962], [130.8257, 33.6958], [130.8277, 33.6968], [130.8287, 33.702], [130.8311, 33.7039], [130.8306, 33.7053], [130.831, 33.7086], [130.8303, 33.7097], [130.83, 33.7115], [130.829, 33.7122], [130.8265, 33.7132], [130.8268, 33.7147], [130.8261, 33.7152], [130.8251, 33.7171], [130.8248, 33.7187], [130.8219, 33.7214], [130.8211, 33.7214], [130.8198, 33.723], [130.8208, 33.7254], [130.8206, 33.7258], [130.8171, 33.7278], [130.8145, 33.7281], [130.8133, 33.7311], [130.8116, 33.7327], [130.8098, 33.7337], [130.806, 33.7351], [130.8054, 33.7367], [130.8055, 33.7384], [130.804, 33.7421]]]}, "properties": {"name": "福岡県福智町"}}, {"type": "Feature", "geometry": {"type": "Polygon", "coordinates": [[[130.9097, 33.7504], [130.9119, 33.7498], [130.9145, 33.7478], [130.9201, 33.7472], [130.9208, 33.7463], [130.9224, 33.746], [130.9226, 33.7455], [130.9238, 33.7447], [130.9241, 33.745], [130.928, 33.7446], [130.929, 33.7448], [130.9316, 33.7444], [130.9315, 33.7411], [130.9321, 33.7403], [130.9353, 33.7396], [130.9368, 33.74], [130.9401, 33.7399], [130.9413, 33.7395], [130.9433, 33.7398], [130.9429, 33.7396], [130.943, 33.7369], [130.9441, 33.7369], [130.9454, 33.7366], [130.9454, 33.7363], [130.9481, 33.7361], [130.9481, 33.7355], [130.9493, 33.7355], [130.9532, 33.7361], [130.9532, 33.7375], [130.9556, 33.7362], [130.9575, 33.7361], [130.9572, 33.7363], [130.9571, 33.7386], [130.9645, 33.7391], [130.9693, 33.7415], [130.9696, 33.7416], [130.9695, 33.7412], [130.9702, 33.7413], [130.9703, 33.7418], [130.974, 33.7419], [130.9756, 33.7427], [130.9773, 33.745], [130.978, 33.7454], [130.9789, 33.7452], [130.9844, 33.7415], [130.9866, 33.7414], [130.9914, 33.7432], [130.9992, 33.7484], [131.0023, 33.7497], [131.0038, 33.7499], [131.0031, 33.7511], [131.004, 33.7516], [131.0043, 33.7522], [131.0008, 33.7573], [131.0178, 33.768], [131.0124, 33.7772], [131.0133, 33.7777], [131.0101, 33.7832], [131.0075, 33.7902], [131.0103, 33.7916], [131.0107, 33.7922], [131.0131, 33.7935], [131.0119, 33.7936], [131.0131, 33.7971], [131.0125, 33.7999], [131.0078, 33.8007], [131.0004, 33.8156], [130.9896, 33.8118], [130.9894, 33.8123], [130.989, 33.8122], [130.9893, 33.8122], [130.9896, 33.8118], [130.9888, 33.8115], [130.9884, 33.8123], [130.9886, 33.8117], [130.9868, 33.811], [130.9863, 33.8121], [130.9888, 33.8127], [130.9882, 33.8128], [130.9862, 33.8121], [130.9868, 33.8108], [130.9852, 33.8103], [130.9849, 33.8107], [130.9854, 33.8097], [130.984, 33.8086], [130.9835, 33.81], [130.9837, 33.8089], [130.9832, 33.8087], [130.9815, 33.8105], [130.9714, 33.8021], [130.9708, 33.8011], [130.9677, 33.7983], [130.9669, 33.7969], [130.965, 33.7954], [130.9638, 33.795], [130.9621, 33.7925], [130.9601, 33.7906], [130.9575, 33.7908], [130.9572, 33.7896], [130.9551, 33.7872], [130.9549, 33.7851], [130.9539, 33.7834], [130.9531, 33.7823], [130.9503, 33.7804], [130.9484, 33.7802], [130.9478, 33.779], [130.9446, 33.7778], [130.9436, 33.7778], [130.9427, 33.7786], [130.9415, 33.7784], [130.9377, 33.7772], [130.9371, 33.7766], [130.9346, 33.7766], [130.9338, 33.7759], [130.9312, 33.7786], [130.9289, 33.7792], [130.9269, 33.7802], [130.9262, 33.7794], [130.924, 33.7791], [130.9227, 33.7777], [130.9202, 33.7767], [130.9193, 33.775], [130.9166, 33.7749], [130.9155, 33.7733], [130.9163, 33.7724], [130.9165, 33.7716], [130.9114, 33.7675], [130.9123, 33.7646], [130.9117, 33.7632], [130.9121, 33.7621], [130.9118, 33.7611], [130.913, 33.7588], [130.9129, 33.7566], [130.9099, 33.7516], [130.9097, 33.7504]]]}, "properties": {"name": "福岡県苅田町"}}, {"type": "Feature", "geometry": {"type": "Polygon", "coordinates": [[[130.8679, 33.7344], [130.8676, 33.7306], [130.8688, 33.7289], [130.8689, 33.7261], [130.8697, 33.7243], [130.8693, 33.7241], [130.8697, 33.7228], [130.8691, 33.7197], [130.8698, 33.7191], [130.8709, 33.7169], [130.8692, 33.7152], [130.8695, 33.7137], [130.8706, 33.7124], [130.8722, 33.7093], [130.8716, 33.7074], [130.8726, 33.7053], [130.8741, 33.7042], [130.8752, 33.7027], [130.8765, 33.702], [130.8772, 33.7007], [130.8779, 33.7006], [130.8785, 33.6997], [130.876, 33.6955], [130.8746, 33.6911], [130.8755, 33.6888], [130.879, 33.6844], [130.8804, 33.6842], [130.8809, 33.6833], [130.8823, 33.6822], [130.8852, 33.6762], [130.8868, 33.6748], [130.8871, 33.6738], [130.8886, 33.6727], [130.8889, 33.6704], [130.8898, 33.6693], [130.889, 33.6682], [130.8886, 33.6659], [130.8865, 33.6639], [130.886, 33.6608], [130.8825, 33.6578], [130.8849, 33.6533], [130.885, 33.6524], [130.8862, 33.6519], [130.8867, 33.652], [130.8902, 33.6501], [130.8933, 33.6496], [130.8928, 33.6485], [130.893, 33.6478], [130.8927, 33.6454], [130.8923, 33.645], [130.8925, 33.6445], [130.8918, 33.6444], [130.8919, 33.6438], [130.891, 33.6431], [130.8902, 33.6414], [130.8916, 33.6407], [130.8916, 33.6386], [130.8922, 33.6375], [130.8932, 33.6368], [130.8934, 33.6359], [130.8947, 33.6363], [130.8978, 33.6389], [130.9002, 33.6396], [130.901, 33.6405], [130.9021, 33.6407], [130.9029, 33.6407], [130.9041, 33.6395], [130.9042, 33.6387], [130.9049, 33.6383], [130.9066, 33.6383], [130.9083, 33.6374], [130.9081, 33.6363], [130.9062, 33.6335], [130.9073, 33.6314], [130.9057, 33.6298], [130.9056, 33.6268], [130.9044, 33.626], [130.9036, 33.6248], [130.9037, 33.6238], [130.9028, 33.6225], [130.9027, 33.6213], [130.9012, 33.6193], [130.8995, 33.6181], [130.8977, 33.615], [130.8976, 33.6141], [130.8984, 33.6134], [130.898, 33.6118], [130.8985, 33.6111], [130.9016, 33.6101], [130.9034, 33.6089], [130.9042, 33.6077], [130.9032, 33.6054], [130.903, 33.604], [130.9033, 33.6027], [130.9052, 33.6023], [130.9068, 33.6003], [130.909, 33.5994], [130.9093, 33.5986], [130.9116, 33.5967], [130.9112, 33.5955], [130.9116, 33.589], [130.9129, 33.5871], [130.9143, 33.5859], [130.9141, 33.5842], [130.9166, 33.5835], [130.9176, 33.5821], [130.9203, 33.5798], [130.9193, 33.5767], [130.9202, 33.5758], [130.9219, 33.5749], [130.922, 33.5727], [130.9202, 33.5709], [130.9206, 33.5678], [130.9201, 33.5664], [130.9204, 33.5641], [130.9222, 33.5625], [130.9223, 33.5602], [130.9216, 33.5598], [130.9213, 33.5587], [130.9219, 33.5574], [130.9222, 33.5568], [130.92, 33.552], [130.923, 33.5465], [130.9253, 33.5436], [130.9258, 33.5421], [130.9267, 33.5409], [130.93, 33.5382], [130.9302, 33.5373], [130.931, 33.5364], [130.9315, 33.5342], [130.9332, 33.5328], [130.9318, 33.5311], [130.9308, 33.5291], [130.9313, 33.5256], [130.9329, 33.5247], [130.9335, 33.5234], [130.9331, 33.5223], [130.9349, 33.5205], [130.9351, 33.5197], [130.9345, 33.5183], [130.9353, 33.5169], [130.9345, 33.5151], [130.9352, 33.5133], [130.9379, 33.512], [130.9402, 33.5091], [130.9399, 33.507], [130.9384, 33.5061], [130.939, 33.5054], [130.9383, 33.5038], [130.9389, 33.5013], [130.9379, 33.4993], [130.9392, 33.4984], [130.9429, 33.4969], [130.943, 33.4962], [130.9441, 33.4955], [130.9451, 33.4952], [130.9466, 33.4957], [130.9472, 33.4954], [130.948, 33.4938], [130.9482, 33.4918], [130.9496, 33.4876], [130.9504, 33.4878], [130.9523, 33.4897], [130.9536, 33.4901], [130.956, 33.4918], [130.9571, 33.4919], [130.9581, 33.4926], [130.9597, 33.4931], [130.9612, 33.4933], [130.9617, 33.4944], [130.9614, 33.4952], [130.9627, 33.4971], [130.9628, 33.4978], [130.9641, 33.498], [130.9667, 33.5], [130.9698, 33.5007], [130.9719, 33.5046], [130.9729, 33.5055], [130.975, 33.5056], [130.977, 33.5072], [130.9802, 33.5074], [130.9816, 33.5079], [130.9803, 33.5097], [130.9781, 33.5105], [130.976, 33.5118], [130.9757, 33.5126], [130.9736, 33.5153], [130.9724, 33.5159], [130.9716, 33.5157], [130.9709, 33.5171], [130.9686, 33.519], [130.9687, 33.5199], [130.9677, 33.5215], [130.9682, 33.5241], [130.9673, 33.5245], [130.9669, 33.5255], [130.9656, 33.5269], [130.9659, 33.5287], [130.9656, 33.5309], [130.9663, 33.5322], [130.9653, 33.5345], [130.9663, 33.5377], [130.9655, 33.5394], [130.965, 33.543], [130.9664, 33.5454], [130.9692, 33.5466], [130.968, 33.5503], [130.9697, 33.5521], [130.9701, 33.5538], [130.9711, 33.5548], [130.9722, 33.5586], [130.9732, 33.56], [130.9721, 33.5606], [130.9692, 33.5612], [130.9686, 33.5618], [130.9661, 33.5625], [130.9642, 33.5636], [130.9638, 33.5643], [130.9625, 33.5647], [130.9617, 33.5656], [130.962, 33.5678], [130.9611, 33.5683], [130.9613, 33.57], [130.9606, 33.5716], [130.9615, 33.573], [130.9617, 33.5755], [130.9614, 33.5774], [130.9623, 33.5791], [130.9621, 33.581], [130.9628, 33.5825], [130.9615, 33.5839], [130.9616, 33.5852], [130.9632, 33.5871], [130.9635, 33.5881], [130.9648, 33.5895], [130.9649, 33.5916], [130.9661, 33.5942], [130.9689, 33.597], [130.9699, 33.5993], [130.9707, 33.6026], [130.9714, 33.604], [130.9712, 33.605], [130.9715, 33.6077], [130.9729, 33.6104], [130.9725, 33.6136], [130.9736, 33.6157], [130.9754, 33.6174], [130.9772, 33.6211], [130.9777, 33.623], [130.9782, 33.6234], [130.9786, 33.6261], [130.9799, 33.6272], [130.9796, 33.6292], [130.9807, 33.6301], [130.9834, 33.6303], [130.9832, 33.6325], [130.9847, 33.6335], [130.9841, 33.6365], [130.9859, 33.6367], [130.9874, 33.6379], [130.9877, 33.6387], [130.9886, 33.6394], [130.9892, 33.6393], [130.9897, 33.6397], [130.9905, 33.6417], [130.9907, 33.6441], [130.9893, 33.645], [130.9877, 33.647], [130.9878, 33.6517], [130.9887, 33.6527], [130.9891, 33.6545], [130.9916, 33.6578], [130.9915, 33.6585], [130.9898, 33.6594], [130.9895, 33.6615], [130.9905, 33.6619], [130.9904, 33.6622], [130.991, 33.6631], [130.9916, 33.6631], [130.9924, 33.664], [130.994, 33.6644], [130.9993, 33.6689], [131.0024, 33.671], [131.0055, 33.6718], [131.0081, 33.6731], [131.0097, 33.6749], [131.0103, 33.675], [131.0098, 33.6755], [131.0103, 33.676], [131.0102, 33.6775], [131.0071, 33.677], [131.0068, 33.6775], [131.006, 33.6775], [131.0047, 33.6786], [131.0068, 33.6803], [131.0043, 33.681], [131.0047, 33.6815], [131.0055, 33.6817], [131.0057, 33.681], [131.0058, 33.6818], [131.0067, 33.6819], [131.0074, 33.6815], [131.0075, 33.6811], [131.0088, 33.6818], [131.0069, 33.6826], [131.0047, 33.6821], [131.004, 33.6825], [131.0048, 33.6849], [131.0061, 33.6862], [131.008, 33.6872], [131.0078, 33.688], [131.0047, 33.6862], [131.0043, 33.6865], [131.0042, 33.686], [131.0024, 33.6845], [131.0017, 33.685], [131.0025, 33.6856], [131.0012, 33.6872], [131.0017, 33.688], [131.0023, 33.6884], [131.0026, 33.6879], [131.0032, 33.6891], [131.0049, 33.6893], [131.0054, 33.6904], [131.0062, 33.6906], [131.0061, 33.691], [131.0057, 33.6913], [131.0048, 33.6911], [131.0033, 33.6897], [131.0024, 33.6897], [131.0022, 33.6901], [131.0017, 33.6897], [131.0014, 33.6913], [131.0008, 33.6912], [131.0002, 33.6904], [130.9999, 33.6905], [131.0003, 33.6915], [130.9984, 33.692], [130.9969, 33.6918], [130.9949, 33.6947], [130.9942, 33.6945], [130.994, 33.6938], [130.9932, 33.693], [130.9922, 33.6928], [130.992, 33.6916], [130.9917, 33.6917], [130.99, 33.6888], [130.9841, 33.692], [130.9829, 33.6905], [130.9821, 33.6908], [130.9815, 33.6906], [130.9822, 33.6894], [130.9814, 33.6894], [130.9814, 33.6899], [130.9796, 33.6906], [130.9793, 33.6896], [130.9784, 33.6901], [130.9776, 33.6899], [130.9761, 33.6902], [130.9759, 33.6906], [130.9735, 33.6909], [130.9727, 33.6907], [130.9727, 33.6901], [130.972, 33.6897], [130.9714, 33.6897], [130.9714, 33.6886], [130.9711, 33.6886], [130.9704, 33.6894], [130.9705, 33.6882], [130.9699, 33.6869], [130.9676, 33.6874], [130.9663, 33.6866], [130.9658, 33.6868], [130.9646, 33.686], [130.9638, 33.6848], [130.9618, 33.6842], [130.9606, 33.685], [130.9597, 33.6842], [130.9598, 33.6826], [130.9589, 33.6813], [130.9583, 33.6811], [130.9583, 33.6795], [130.9578, 33.6789], [130.9556, 33.6778], [130.9536, 33.6789], [130.9503, 33.6792], [130.9487, 33.6784], [130.946, 33.6788], [130.9441, 33.6769], [130.9427, 33.6766], [130.9412, 33.677], [130.9403, 33.676], [130.9397, 33.6759], [130.9391, 33.6743], [130.9381, 33.6741], [130.9372, 33.6734], [130.936, 33.6735], [130.9341, 33.6722], [130.933, 33.6725], [130.9317, 33.672], [130.9297, 33.6718], [130.9291, 33.6726], [130.9284, 33.6727], [130.9276, 33.6722], [130.9259, 33.6722], [130.9257, 33.6728], [130.9263, 33.6741], [130.9268, 33.6743], [130.9269, 33.6753], [130.9284, 33.6772], [130.928, 33.6779], [130.9261, 33.6794], [130.9282, 33.6827], [130.9283, 33.6858], [130.928, 33.6858], [130.9291, 33.6865], [130.9293, 33.689], [130.9321, 33.6888], [130.9322, 33.6899], [130.9293, 33.69], [130.9295, 33.6918], [130.9263, 33.6918], [130.9286, 33.6942], [130.9303, 33.6951], [130.9284, 33.6977], [130.9283, 33.6986], [130.9289, 33.6987], [130.9288, 33.6999], [130.9297, 33.7004], [130.9301, 33.7001], [130.9312, 33.7012], [130.9317, 33.7039], [130.9335, 33.705], [130.9343, 33.706], [130.934, 33.7067], [130.935, 33.7081], [130.9375, 33.7095], [130.9386, 33.7112], [130.9376, 33.7116], [130.9376, 33.7129], [130.9365, 33.7137], [130.9367, 33.7145], [130.9339, 33.7153], [130.934, 33.7157], [130.9325, 33.7172], [130.9327, 33.7183], [130.9318, 33.7194], [130.9276, 33.7197], [130.9267, 33.7209], [130.9253, 33.7205], [130.9235, 33.7214], [130.9236, 33.7197], [130.9212, 33.7192], [130.9207, 33.7187], [130.9198, 33.7196], [130.92, 33.7206], [130.9183, 33.7208], [130.9177, 33.7212], [130.9163, 33.7207], [130.9138, 33.7209], [130.9133, 33.7189], [130.9124, 33.7179], [130.913, 33.7162], [130.912, 33.715], [130.9122, 33.7117], [130.9108, 33.7111], [130.9103, 33.7112], [130.9088, 33.7125], [130.9071, 33.7129], [130.9066, 33.7137], [130.9053, 33.7142], [130.9056, 33.7148], [130.9049, 33.7168], [130.9041, 33.7172], [130.9036, 33.7185], [130.9054, 33.72], [130.904, 33.7202], [130.9027, 33.7211], [130.9022, 33.7225], [130.9001, 33.7248], [130.8977, 33.725], [130.8967, 33.7255], [130.8965, 33.7269], [130.8957, 33.7275], [130.8963, 33.729], [130.8958, 33.7309], [130.896, 33.7323], [130.8943, 33.7342], [130.8929, 33.7354], [130.8917, 33.7356], [130.8903, 33.7403], [130.8894, 33.7412], [130.8894, 33.7425], [130.8851, 33.7423], [130.883, 33.7415], [130.8821, 33.7441], [130.8786, 33.7419], [130.8769, 33.7399], [130.874, 33.7393], [130.8719, 33.737], [130.8705, 33.7366], [130.8693, 33.7352], [130.8679, 33.7344]]]}, "properties": {"name": "福岡県みやこ町"}}, {"type": "Feature", "geometry": {"type": "Polygon", "coordinates": [[[131.156, 33.6009], [131.1573, 33.6004], [131.1568, 33.5979], [131.1596, 33.5968], [131.1613, 33.5967], [131.163, 33.596], [131.1653, 33.5956], [131.1655, 33.595], [131.1639, 33.5937], [131.1657, 33.5928], [131.1653, 33.5926], [131.1658, 33.5922], [131.1657, 33.5912], [131.1652, 33.5894], [131.1641, 33.5884], [131.1648, 33.5881], [131.1658, 33.5884], [131.1659, 33.5889], [131.1664, 33.5892], [131.1694, 33.5876], [131.1699, 33.5892], [131.1726, 33.5886], [131.1737, 33.5918], [131.1764, 33.5936], [131.1784, 33.5955], [131.1785, 33.5974], [131.1775, 33.603], [131.1783, 33.6052], [131.1774, 33.6056], [131.182, 33.6139], [131.1848, 33.6169], [131.1839, 33.6187], [131.1848, 33.6194], [131.1848, 33.6204], [131.182, 33.6208], [131.1821, 33.6212], [131.1814, 33.6213], [131.1814, 33.6216], [131.1812, 33.6209], [131.1793, 33.6211], [131.1794, 33.6219], [131.1815, 33.6222], [131.1814, 33.6219], [131.1816, 33.6222], [131.1842, 33.6218], [131.1842, 33.6216], [131.1843, 33.6223], [131.1815, 33.6227], [131.1777, 33.6223], [131.1768, 33.6195], [131.1714, 33.6197], [131.171, 33.6193], [131.1712, 33.619], [131.1706, 33.6191], [131.1698, 33.6169], [131.1685, 33.6169], [131.1686, 33.6181], [131.1669, 33.6187], [131.1664, 33.6183], [131.1664, 33.6174], [131.1662, 33.6159], [131.1652, 33.6147], [131.165, 33.6141], [131.1654, 33.6114], [131.1641, 33.6116], [131.1631, 33.6112], [131.1609, 33.6095], [131.1606, 33.6079], [131.1587, 33.6071], [131.1576, 33.6054], [131.1572, 33.6057], [131.155, 33.605], [131.1534, 33.6035], [131.1529, 33.6024], [131.156, 33.6009]]]}, "properties": {"name": "福岡県吉富町"}}, {"type": "Feature", "geometry": {"type": "Polygon", "coordinates": [[[131.0677, 33.5091], [131.0681, 33.5079], [131.0697, 33.5069], [131.0712, 33.5067], [131.0728, 33.5072], [131.0738, 33.5072], [131.0742, 33.5063], [131.0754, 33.5053], [131.0784, 33.5062], [131.0794, 33.5055], [131.0849, 33.5061], [131.0857, 33.5065], [131.0873, 33.5064], [131.0883, 33.5069], [131.0904, 33.5067], [131.0916, 33.5073], [131.0935, 33.5076], [131.0962, 33.5066], [131.0965, 33.5061], [131.0962, 33.5053], [131.0968, 33.5047], [131.0994, 33.5046], [131.1004, 33.5048], [131.1017, 33.5055], [131.1042, 33.5059], [131.1052, 33.5065], [131.1053, 33.5077], [131.1076, 33.5077], [131.1116, 33.5066], [131.1122, 33.5047], [131.1134, 33.5046], [131.1141, 33.5038], [131.1152, 33.5039], [131.1167, 33.5029], [131.1182, 33.5024], [131.1211, 33.5024], [131.1226, 33.5021], [131.1269, 33.5023], [131.1278, 33.5018], [131.13, 33.5022], [131.1298, 33.5047], [131.1316, 33.5056], [131.1336, 33.5059], [131.138, 33.505], [131.1407, 33.5051], [131.142, 33.5047], [131.1452, 33.5054], [131.146, 33.5063], [131.148, 33.5051], [131.1495, 33.5055], [131.1502, 33.5062], [131.1515, 33.5065], [131.1526, 33.5066], [131.1546, 33.506], [131.1556, 33.5079], [131.1562, 33.5081], [131.1596, 33.508], [131.163, 33.5085], [131.1636, 33.5083], [131.1654, 33.5064], [131.1694, 33.5051], [131.1706, 33.506], [131.1726, 33.506], [131.1772, 33.5072], [131.1773, 33.5082], [131.1748, 33.5123], [131.1739, 33.5129], [131.17, 33.514], [131.1689, 33.5147], [131.1681, 33.5157], [131.168, 33.5169], [131.1696, 33.5212], [131.1697, 33.5237], [131.169, 33.525], [131.1669, 33.5263], [131.1661, 33.528], [131.1667, 33.529], [131.169, 33.5307], [131.1766, 33.5345], [131.1775, 33.5354], [131.178, 33.537], [131.1793, 33.5381], [131.1806, 33.5386], [131.1862, 33.5434], [131.1881, 33.5465], [131.1888, 33.5521], [131.1907, 33.5591], [131.1898, 33.5632], [131.1872, 33.5665], [131.1755, 33.5752], [131.1729, 33.5783], [131.1725, 33.5797], [131.1722, 33.5837], [131.1726, 33.5886], [131.1699, 33.5892], [131.1694, 33.5876], [131.1664, 33.5892], [131.1659, 33.5889], [131.1658, 33.5884], [131.1648, 33.5881], [131.1641, 33.5884], [131.1652, 33.5894], [131.1657, 33.5912], [131.1658, 33.5922], [131.1653, 33.5926], [131.1657, 33.5928], [131.1639, 33.5937], [131.1655, 33.595], [131.1653, 33.5956], [131.163, 33.596], [131.1613, 33.5967], [131.1596, 33.5968], [131.1568, 33.5979], [131.1573, 33.6004], [131.156, 33.6009], [131.1568, 33.6002], [131.156, 33.5971], [131.1553, 33.5961], [131.1556, 33.5956], [131.1524, 33.5916], [131.1502, 33.5904], [131.1506, 33.5901], [131.1475, 33.5882], [131.1447, 33.5872], [131.1412, 33.5853], [131.1353, 33.5811], [131.1328, 33.5808], [131.1315, 33.5803], [131.1306, 33.5792], [131.1288, 33.5757], [131.1276, 33.5745], [131.1278, 33.5743], [131.125, 33.5725], [131.1247, 33.5721], [131.1255, 33.5718], [131.1247, 33.5705], [131.1209, 33.5664], [131.1206, 33.5647], [131.1209, 33.5631], [131.1183, 33.5581], [131.1183, 33.557], [131.1172, 33.5561], [131.1148, 33.5526], [131.1129, 33.5476], [131.1108, 33.5447], [131.1086, 33.5436], [131.1057, 33.5438], [131.1057, 33.5433], [131.1037, 33.5407], [131.0984, 33.5384], [131.097, 33.5373], [131.0958, 33.5377], [131.0944, 33.5368], [131.0936, 33.536], [131.0932, 33.5339], [131.0946, 33.531], [131.0926, 33.5278], [131.0914, 33.5268], [131.0903, 33.5245], [131.0897, 33.5243], [131.0891, 33.5246], [131.0884, 33.5235], [131.086, 33.5213], [131.0839, 33.5211], [131.0836, 33.5206], [131.0829, 33.5202], [131.082, 33.5187], [131.0788, 33.518], [131.0765, 33.518], [131.0739, 33.5168], [131.0719, 33.5146], [131.0697, 33.513], [131.0685, 33.5099], [131.0677, 33.5091]]]}, "properties": {"name": "福岡県上毛町"}}, {"type": "Feature", "geometry": {"type": "Polygon", "coordinates": [[[131.0103, 33.676], [131.0098, 33.6755], [131.0103, 33.675], [131.0097, 33.6749], [131.0081, 33.6731], [131.0055, 33.6718], [131.0024, 33.671], [130.9993, 33.6689], [130.994, 33.6644], [130.9924, 33.664], [130.9916, 33.6631], [130.991, 33.6631], [130.9904, 33.6622], [130.9905, 33.6619], [130.9895, 33.6615], [130.9898, 33.6594], [130.9915, 33.6585], [130.9916, 33.6578], [130.9891, 33.6545], [130.9887, 33.6527], [130.9878, 33.6517], [130.9877, 33.647], [130.9893, 33.645], [130.9907, 33.6441], [130.9905, 33.6417], [130.9897, 33.6397], [130.9892, 33.6393], [130.9886, 33.6394], [130.9877, 33.6387], [130.9874, 33.6379], [130.9859, 33.6367], [130.9841, 33.6365], [130.9847, 33.6335], [130.9832, 33.6325], [130.9834, 33.6303], [130.9807, 33.6301], [130.9796, 33.6292], [130.9799, 33.6272], [130.9786, 33.6261], [130.9782, 33.6234], [130.9777, 33.623], [130.9772, 33.6211], [130.9754, 33.6174], [130.9736, 33.6157], [130.9725, 33.6136], [130.9729, 33.6104], [130.9715, 33.6077], [130.9712, 33.605], [130.9714, 33.604], [130.9707, 33.6026], [130.9699, 33.5993], [130.9689, 33.597], [130.9661, 33.5942], [130.9649, 33.5916], [130.9648, 33.5895], [130.9635, 33.5881], [130.9632, 33.5871], [130.9616, 33.5852], [130.9615, 33.5839], [130.9628, 33.5825], [130.9621, 33.581], [130.9623, 33.5791], [130.9614, 33.5774], [130.9617, 33.5755], [130.9615, 33.573], [130.9606, 33.5716], [130.9613, 33.57], [130.9611, 33.5683], [130.962, 33.5678], [130.9617, 33.5656], [130.9625, 33.5647], [130.9638, 33.5643], [130.9642, 33.5636], [130.9661, 33.5625], [130.9686, 33.5618], [130.9692, 33.5612], [130.9721, 33.5606], [130.9732, 33.56], [130.9722, 33.5586], [130.9711, 33.5548], [130.9701, 33.5538], [130.9697, 33.5521], [130.968, 33.5503], [130.9692, 33.5466], [130.9664, 33.5454], [130.965, 33.543], [130.9655, 33.5394], [130.9663, 33.5377], [130.9653, 33.5345], [130.9663, 33.5322], [130.9656, 33.5309], [130.9659, 33.5287], [130.9656, 33.5269], [130.9669, 33.5255], [130.9673, 33.5245], [130.9682, 33.5241], [130.9677, 33.5215], [130.9687, 33.5199], [130.9686, 33.519], [130.9709, 33.5171], [130.9716, 33.5157], [130.9724, 33.5159], [130.9736, 33.5153], [130.9757, 33.5126], [130.976, 33.5118], [130.9781, 33.5105], [130.9803, 33.5097], [130.9816, 33.5079], [130.9833, 33.5075], [130.9854, 33.5078], [130.9865, 33.5075], [130.9883, 33.5082], [130.9888, 33.5088], [130.9899, 33.5092], [130.9906, 33.5109], [130.991, 33.5138], [130.9901, 33.5185], [130.9935, 33.5247], [130.9943, 33.5274], [130.9967, 33.5288], [130.9973, 33.5306], [130.999, 33.532], [130.9991, 33.5327], [131.0006, 33.5333], [131.0013, 33.533], [131.0022, 33.5332], [131.0027, 33.534], [131.004, 33.5345], [131.0056, 33.5364], [131.0065, 33.5365], [131.0074, 33.5375], [131.01, 33.5387], [131.0109, 33.5399], [131.011, 33.5404], [131.0101, 33.5409], [131.0095, 33.5426], [131.0101, 33.5456], [131.0113, 33.5478], [131.0121, 33.5481], [131.0123, 33.5489], [131.0118, 33.5496], [131.0127, 33.5513], [131.012, 33.5523], [131.0119, 33.553], [131.0129, 33.5546], [131.0137, 33.5548], [131.0148, 33.5556], [131.0147, 33.5562], [131.0155, 33.5567], [131.0152, 33.5575], [131.0153, 33.5586], [131.0166, 33.5606], [131.0184, 33.5605], [131.0194, 33.5608], [131.021, 33.5616], [131.0224, 33.5631], [131.024, 33.5641], [131.026, 33.5643], [131.0272, 33.5647], [131.029, 33.5647], [131.03, 33.5663], [131.0318, 33.5675], [131.0325, 33.5688], [131.0331, 33.5711], [131.0357, 33.5731], [131.0362, 33.5743], [131.0379, 33.5759], [131.0387, 33.5778], [131.0411, 33.5808], [131.0422, 33.5847], [131.0433, 33.585], [131.0457, 33.5873], [131.0478, 33.5925], [131.0485, 33.5953], [131.0499, 33.5974], [131.0528, 33.5998], [131.0534, 33.6008], [131.0572, 33.6042], [131.0613, 33.6064], [131.0624, 33.6074], [131.0659, 33.6094], [131.0677, 33.6119], [131.0678, 33.6126], [131.069, 33.6135], [131.073, 33.6196], [131.0743, 33.6205], [131.0752, 33.6225], [131.076, 33.6229], [131.0757, 33.6232], [131.0767, 33.6241], [131.0771, 33.6241], [131.0789, 33.6258], [131.0801, 33.6256], [131.0811, 33.6261], [131.0812, 33.6255], [131.0834, 33.6267], [131.0837, 33.6276], [131.0851, 33.6294], [131.0845, 33.6303], [131.0852, 33.6311], [131.0848, 33.6313], [131.085, 33.6319], [131.0847, 33.6324], [131.0857, 33.6324], [131.0858, 33.6328], [131.0846, 33.6327], [131.0845, 33.6331], [131.086, 33.6333], [131.0865, 33.6337], [131.0866, 33.6343], [131.0866, 33.6345], [131.0859, 33.6344], [131.0848, 33.6347], [131.0854, 33.6365], [131.0847, 33.6347], [131.0845, 33.6336], [131.0839, 33.6347], [131.0845, 33.6349], [131.0847, 33.6355], [131.084, 33.6348], [131.0827, 33.6356], [131.081, 33.6353], [131.0789, 33.6358], [131.0769, 33.6352], [131.0765, 33.6347], [131.0761, 33.6349], [131.0757, 33.6361], [131.0749, 33.6364], [131.0738, 33.6362], [131.0723, 33.6377], [131.0724, 33.6379], [131.0733, 33.6369], [131.075, 33.6368], [131.0765, 33.6363], [131.0796, 33.6363], [131.0824, 33.6358], [131.0837, 33.6363], [131.0839, 33.6368], [131.0811, 33.6453], [131.0815, 33.6454], [131.0809, 33.6454], [131.0814, 33.6456], [131.0811, 33.6455], [131.0804, 33.6477], [131.0725, 33.6565], [131.0717, 33.6565], [131.0685, 33.6546], [131.0687, 33.6548], [131.0683, 33.6556], [131.068, 33.6553], [131.0683, 33.6555], [131.0687, 33.6548], [131.0684, 33.6547], [131.0677, 33.6552], [131.0662, 33.6541], [131.0634, 33.6541], [131.0623, 33.6534], [131.063, 33.6541], [131.0618, 33.6545], [131.063, 33.6543], [131.0638, 33.6545], [131.0626, 33.655], [131.0636, 33.6559], [131.0644, 33.6557], [131.0663, 33.6579], [131.0658, 33.6649], [131.0635, 33.6693], [131.0628, 33.6717], [131.0617, 33.673], [131.0607, 33.6722], [131.0596, 33.6699], [131.0598, 33.6709], [131.0588, 33.6706], [131.0599, 33.6712], [131.0607, 33.673], [131.0592, 33.6731], [131.0581, 33.675], [131.0567, 33.6776], [131.0572, 33.678], [131.0565, 33.6781], [131.0562, 33.6809], [131.0557, 33.6813], [131.0549, 33.6813], [131.054, 33.682], [131.0536, 33.683], [131.0526, 33.6839], [131.052, 33.6854], [131.0504, 33.6852], [131.0497, 33.6847], [131.05, 33.6851], [131.0518, 33.6861], [131.0502, 33.6858], [131.0501, 33.6862], [131.0524, 33.6868], [131.0532, 33.6884], [131.0562, 33.6893], [131.0557, 33.6905], [131.0495, 33.6886], [131.0485, 33.6899], [131.0472, 33.6893], [131.0467, 33.6887], [131.0457, 33.6843], [131.0443, 33.683], [131.0399, 33.6818], [131.0377, 33.6802], [131.0338, 33.6799], [131.0307, 33.6794], [131.0223, 33.6832], [131.0206, 33.6828], [131.0205, 33.6823], [131.0188, 33.6814], [131.0186, 33.6817], [131.0177, 33.6812], [131.0166, 33.6802], [131.0168, 33.68], [131.0161, 33.6788], [131.013, 33.6777], [131.0103, 33.676]]]}, "properties": {"name": "福岡県築上町"}}]}