{"type": "FeatureCollection", "features": [{"type": "Feature", "geometry": {"type": "MultiPolygon", "coordinates": [[[[135.2955, 34.3999], [135.2943, 34.3992], [135.2931, 34.4005], [135.2889, 34.4035], [135.2863, 34.4011], [135.2857, 34.4016], [135.2865, 34.4008], [135.2861, 34.4001], [135.2859, 34.4005], [135.2858, 34.4002], [135.2864, 34.3998], [135.2842, 34.3978], [135.2829, 34.3986], [135.2833, 34.3983], [135.28, 34.3952], [135.2826, 34.3934], [135.2833, 34.392], [135.2837, 34.3909], [135.2828, 34.3902], [135.2813, 34.3898], [135.2854, 34.3838], [135.2861, 34.385], [135.2875, 34.3856], [135.2895, 34.3833], [135.2898, 34.3834], [135.2892, 34.3841], [135.2917, 34.3855], [135.2925, 34.3856], [135.2929, 34.3851], [135.2945, 34.3857], [135.2948, 34.3859], [135.2942, 34.3861], [135.2952, 34.3867], [135.2968, 34.3845], [135.2988, 34.3855], [135.2969, 34.3881], [135.2978, 34.3886], [135.2972, 34.3894], [135.2977, 34.3897], [135.2979, 34.3892], [135.2989, 34.3893], [135.3004, 34.39], [135.2999, 34.391], [135.298, 34.3914], [135.2974, 34.3922], [135.2976, 34.3929], [135.2983, 34.3927], [135.2986, 34.3933], [135.2963, 34.3967], [135.2951, 34.3977], [135.2967, 34.399], [135.2955, 34.3999]]], [[[135.2417, 34.4374], [135.2331, 34.4316], [135.2306, 34.4339], [135.2308, 34.4344], [135.2369, 34.4384], [135.2367, 34.4386], [135.2352, 34.4376], [135.2345, 34.4384], [135.2293, 34.4352], [135.2259, 34.4388], [135.2329, 34.4435], [135.2291, 34.4462], [135.2181, 34.4387], [135.2291, 34.4308], [135.2296, 34.4305], [135.2404, 34.4229], [135.2508, 34.4299], [135.252, 34.4299], [135.2417, 34.4374]]]]}, "properties": {"name": "大阪府田尻町"}}, {"type": "Feature", "geometry": {"type": "Polygon", "coordinates": [[[135.5286, 34.6932], [135.5347, 34.6954], [135.5341, 34.6969], [135.5357, 34.697], [135.5369, 34.7025], [135.5364, 34.7039], [135.5365, 34.7056], [135.536, 34.7063], [135.536, 34.7084], [135.5376, 34.7084], [135.5407, 34.7114], [135.5313, 34.7226], [135.5272, 34.7302], [135.5266, 34.7311], [135.5239, 34.7311], [135.522, 34.7299], [135.5229, 34.729], [135.5198, 34.7269], [135.5175, 34.7247], [135.5143, 34.7207], [135.5189, 34.7188], [135.5214, 34.7151], [135.5216, 34.7132], [135.5213, 34.7119], [135.5183, 34.7082], [135.5177, 34.7067], [135.5184, 34.7043], [135.5219, 34.6996], [135.5229, 34.6975], [135.5226, 34.6945], [135.5204, 34.6918], [135.5223, 34.691], [135.5231, 34.6911], [135.5286, 34.6932]]]}, "properties": {"name": "大阪府大阪市都島区"}}, {"type": "Feature", "geometry": {"type": "Polygon", "coordinates": [[[135.4903, 34.6968], [135.4896, 34.6994], [135.4908, 34.7027], [135.4879, 34.7023], [135.488, 34.7011], [135.4861, 34.7011], [135.4855, 34.7004], [135.4842, 34.7002], [135.4839, 34.6994], [135.4789, 34.7017], [135.474, 34.7068], [135.4739, 34.7067], [135.4621, 34.6997], [135.4645, 34.6968], [135.4634, 34.6962], [135.463, 34.6955], [135.4642, 34.6921], [135.4641, 34.691], [135.4626, 34.6889], [135.4625, 34.6872], [135.468, 34.6861], [135.4721, 34.6807], [135.4802, 34.6834], [135.481, 34.6846], [135.4869, 34.6917], [135.4912, 34.6938], [135.4903, 34.6958], [135.4903, 34.6968]]]}, "properties": {"name": "大阪府大阪市福島区"}}, {"type": "Feature", "geometry": {"type": "Polygon", "coordinates": [[[135.4621, 34.6997], [135.442, 34.6903], [135.4311, 34.6862], [135.4105, 34.6804], [135.3988, 34.676], [135.3868, 34.6723], [135.3447, 34.6216], [135.3902, 34.638], [135.3972, 34.6407], [135.4219, 34.6515], [135.4237, 34.6538], [135.4272, 34.6567], [135.431, 34.6588], [135.4378, 34.6615], [135.4401, 34.663], [135.4492, 34.6725], [135.4562, 34.6754], [135.4562, 34.6756], [135.462, 34.6776], [135.4721, 34.6807], [135.468, 34.6861], [135.4625, 34.6872], [135.4626, 34.6889], [135.4641, 34.691], [135.4642, 34.6921], [135.463, 34.6955], [135.4634, 34.6962], [135.4645, 34.6968], [135.4621, 34.6997]]]}, "properties": {"name": "大阪府大阪市此花区"}}, {"type": "Feature", "geometry": {"type": "Polygon", "coordinates": [[[135.4721, 34.6807], [135.462, 34.6776], [135.4625, 34.6766], [135.4639, 34.6754], [135.4748, 34.6669], [135.4805, 34.668], [135.4818, 34.6692], [135.4864, 34.67], [135.497, 34.669], [135.498, 34.6826], [135.4974, 34.6928], [135.4946, 34.6924], [135.4919, 34.6903], [135.4825, 34.685], [135.481, 34.6846], [135.4802, 34.6834], [135.4721, 34.6807]]]}, "properties": {"name": "大阪府大阪市西区"}}, {"type": "Feature", "geometry": {"type": "Polygon", "coordinates": [[[135.3972, 34.6407], [135.4076, 34.6427], [135.4164, 34.645], [135.4334, 34.6459], [135.4406, 34.644], [135.4433, 34.6433], [135.4487, 34.6451], [135.456, 34.6482], [135.4573, 34.6494], [135.4666, 34.6616], [135.4712, 34.6656], [135.4733, 34.6668], [135.4748, 34.6669], [135.4639, 34.6754], [135.4625, 34.6766], [135.462, 34.6776], [135.4562, 34.6756], [135.4562, 34.6754], [135.4492, 34.6725], [135.4401, 34.663], [135.4378, 34.6615], [135.431, 34.6588], [135.4272, 34.6567], [135.4237, 34.6538], [135.4219, 34.6515], [135.3972, 34.6407]]]}, "properties": {"name": "大阪府大阪市港区"}}, {"type": "Feature", "geometry": {"type": "Polygon", "coordinates": [[[135.4748, 34.6669], [135.4733, 34.6668], [135.4712, 34.6656], [135.4666, 34.6616], [135.4573, 34.6494], [135.456, 34.6482], [135.4487, 34.6451], [135.4433, 34.6433], [135.4406, 34.644], [135.4461, 34.6274], [135.4534, 34.6247], [135.4576, 34.6247], [135.4701, 34.6271], [135.4736, 34.6291], [135.4763, 34.6324], [135.4784, 34.638], [135.4792, 34.6423], [135.4789, 34.6502], [135.4813, 34.6554], [135.482, 34.6594], [135.4819, 34.6637], [135.4805, 34.668], [135.4748, 34.6669]]]}, "properties": {"name": "大阪府大阪市大正区"}}, {"type": "Feature", "geometry": {"type": "Polygon", "coordinates": [[[135.5206, 34.6744], [135.5192, 34.6661], [135.5113, 34.6667], [135.5109, 34.6624], [135.5106, 34.6583], [135.5097, 34.6538], [135.5081, 34.654], [135.5063, 34.6487], [135.5085, 34.648], [135.5174, 34.6457], [135.5212, 34.6461], [135.5241, 34.6484], [135.5256, 34.6507], [135.5303, 34.6654], [135.5332, 34.6744], [135.5284, 34.6747], [135.5208, 34.6758], [135.5206, 34.6744]]]}, "properties": {"name": "大阪府大阪市天王寺区"}}, {"type": "Feature", "geometry": {"type": "Polygon", "coordinates": [[[135.4805, 34.668], [135.4819, 34.6637], [135.482, 34.6594], [135.4813, 34.6554], [135.4847, 34.6568], [135.4853, 34.6574], [135.4857, 34.6517], [135.4875, 34.6527], [135.4884, 34.6539], [135.4903, 34.6539], [135.492, 34.6535], [135.4959, 34.6513], [135.5063, 34.6487], [135.5081, 34.654], [135.5097, 34.6538], [135.5106, 34.6583], [135.5109, 34.6624], [135.5032, 34.6632], [135.5027, 34.6637], [135.5011, 34.6631], [135.4973, 34.6684], [135.4973, 34.669], [135.497, 34.669], [135.4864, 34.67], [135.4818, 34.6692], [135.4805, 34.668]]]}, "properties": {"name": "大阪府大阪市浪速区"}}, {"type": "Feature", "geometry": {"type": "Polygon", "coordinates": [[[135.4739, 34.7067], [135.461, 34.7216], [135.4564, 34.7259], [135.4525, 34.7278], [135.4457, 34.7291], [135.446, 34.7272], [135.4482, 34.7228], [135.4481, 34.7213], [135.4468, 34.719], [135.4445, 34.7174], [135.4359, 34.7145], [135.4296, 34.7114], [135.4251, 34.706], [135.414, 34.7027], [135.4119, 34.7016], [135.4082, 34.6981], [135.3886, 34.6745], [135.4105, 34.6804], [135.4311, 34.6862], [135.442, 34.6903], [135.4621, 34.6997], [135.4739, 34.7067]]]}, "properties": {"name": "大阪府大阪市西淀川区"}}, {"type": "Feature", "geometry": {"type": "Polygon", "coordinates": [[[135.5272, 34.7302], [135.5272, 34.7324], [135.5397, 34.7327], [135.5462, 34.7346], [135.5512, 34.7367], [135.554, 34.7386], [135.5549, 34.7397], [135.5557, 34.7424], [135.5557, 34.7453], [135.5558, 34.7478], [135.5569, 34.7508], [135.558, 34.7524], [135.5598, 34.7541], [135.5562, 34.7563], [135.5557, 34.7552], [135.5539, 34.7553], [135.5534, 34.7562], [135.554, 34.7557], [135.5554, 34.7557], [135.5557, 34.7569], [135.5518, 34.7571], [135.5511, 34.7578], [135.5511, 34.7588], [135.5507, 34.7584], [135.5505, 34.7595], [135.5508, 34.7595], [135.5507, 34.76], [135.5504, 34.7599], [135.5501, 34.7615], [135.5505, 34.7608], [135.551, 34.7637], [135.5507, 34.7645], [135.549, 34.7655], [135.5511, 34.7644], [135.5512, 34.766], [135.5507, 34.7674], [135.549, 34.7686], [135.5468, 34.7682], [135.5455, 34.7687], [135.5438, 34.768], [135.5417, 34.7661], [135.5406, 34.7628], [135.5398, 34.7617], [135.5383, 34.7609], [135.5342, 34.7602], [135.5324, 34.7594], [135.5288, 34.754], [135.5287, 34.7537], [135.5299, 34.7541], [135.5308, 34.753], [135.5316, 34.7528], [135.5309, 34.7518], [135.531, 34.7511], [135.5292, 34.7504], [135.5289, 34.7495], [135.5282, 34.7489], [135.5246, 34.7481], [135.5241, 34.7483], [135.5242, 34.7486], [135.5238, 34.7484], [135.5231, 34.7489], [135.5193, 34.749], [135.5189, 34.75], [135.5168, 34.7498], [135.5139, 34.7487], [135.5088, 34.7448], [135.5065, 34.7447], [135.5049, 34.7408], [135.5054, 34.7406], [135.5044, 34.7398], [135.503, 34.7368], [135.5019, 34.7318], [135.5021, 34.7285], [135.5034, 34.7249], [135.5037, 34.72], [135.5124, 34.7202], [135.5143, 34.7207], [135.5175, 34.7247], [135.5198, 34.7269], [135.5229, 34.729], [135.522, 34.7299], [135.5239, 34.7311], [135.5266, 34.7311], [135.5272, 34.7302]]]}, "properties": {"name": "大阪府大阪市東淀川区"}}, {"type": "Feature", "geometry": {"type": "Polygon", "coordinates": [[[135.5303, 34.6654], [135.5394, 34.6656], [135.5571, 34.6643], [135.5575, 34.6682], [135.5585, 34.6682], [135.559, 34.6678], [135.5592, 34.6682], [135.562, 34.6681], [135.5621, 34.6725], [135.5625, 34.6749], [135.5633, 34.6759], [135.5629, 34.6768], [135.5633, 34.6783], [135.5582, 34.6792], [135.5542, 34.6807], [135.5416, 34.6823], [135.5401, 34.6837], [135.5405, 34.6814], [135.5339, 34.6816], [135.5342, 34.678], [135.5332, 34.6744], [135.5303, 34.6654]]]}, "properties": {"name": "大阪府大阪市東成区"}}, {"type": "Feature", "geometry": {"type": "Polygon", "coordinates": [[[135.5241, 34.6484], [135.5289, 34.6445], [135.5328, 34.6416], [135.5344, 34.6398], [135.5351, 34.6395], [135.5354, 34.6406], [135.5371, 34.6416], [135.5447, 34.6408], [135.5453, 34.6382], [135.5476, 34.6365], [135.5518, 34.6335], [135.5542, 34.6332], [135.5541, 34.6348], [135.553, 34.6348], [135.5528, 34.6358], [135.5523, 34.6358], [135.5523, 34.6368], [135.553, 34.6368], [135.553, 34.6384], [135.5539, 34.6385], [135.5539, 34.6442], [135.557, 34.6443], [135.5571, 34.6433], [135.5609, 34.6434], [135.5606, 34.6502], [135.5618, 34.6501], [135.5617, 34.653], [135.5595, 34.6531], [135.5592, 34.655], [135.5584, 34.655], [135.5584, 34.656], [135.5629, 34.6558], [135.5629, 34.6566], [135.564, 34.6566], [135.564, 34.6585], [135.5616, 34.6585], [135.5611, 34.6628], [135.559, 34.6629], [135.5591, 34.6634], [135.5571, 34.6635], [135.5571, 34.6643], [135.5394, 34.6656], [135.5303, 34.6654], [135.5256, 34.6507], [135.5241, 34.6484]]]}, "properties": {"name": "大阪府大阪市生野区"}}, {"type": "Feature", "geometry": {"type": "Polygon", "coordinates": [[[135.5407, 34.7114], [135.5433, 34.7139], [135.5468, 34.7154], [135.5604, 34.7151], [135.5632, 34.7151], [135.5633, 34.7161], [135.5627, 34.7175], [135.5676, 34.7173], [135.5659, 34.7198], [135.5653, 34.7225], [135.5641, 34.7244], [135.5628, 34.725], [135.5607, 34.7251], [135.5599, 34.726], [135.555, 34.7247], [135.5545, 34.7312], [135.5534, 34.7332], [135.5563, 34.7349], [135.5566, 34.7346], [135.5604, 34.7371], [135.5612, 34.7396], [135.5606, 34.7414], [135.5575, 34.7434], [135.5557, 34.7453], [135.5557, 34.7424], [135.5549, 34.7397], [135.554, 34.7386], [135.5512, 34.7367], [135.5462, 34.7346], [135.5397, 34.7327], [135.5272, 34.7324], [135.5272, 34.7302], [135.5313, 34.7226], [135.5407, 34.7114]]]}, "properties": {"name": "大阪府大阪市旭区"}}, {"type": "Feature", "geometry": {"type": "Polygon", "coordinates": [[[135.5347, 34.6954], [135.5355, 34.6929], [135.5344, 34.6885], [135.5339, 34.6816], [135.5405, 34.6814], [135.5401, 34.6837], [135.5416, 34.6823], [135.5542, 34.6807], [135.5582, 34.6792], [135.5633, 34.6783], [135.5637, 34.6822], [135.5646, 34.6833], [135.5641, 34.6846], [135.5649, 34.6863], [135.5645, 34.6865], [135.5651, 34.6872], [135.5672, 34.6874], [135.5653, 34.6873], [135.5668, 34.6877], [135.5651, 34.6877], [135.5638, 34.687], [135.5591, 34.6876], [135.5604, 34.7151], [135.5468, 34.7154], [135.5433, 34.7139], [135.5407, 34.7114], [135.5376, 34.7084], [135.536, 34.7084], [135.536, 34.7063], [135.5365, 34.7056], [135.5364, 34.7039], [135.5369, 34.7025], [135.5357, 34.697], [135.5341, 34.6969], [135.5347, 34.6954]]]}, "properties": {"name": "大阪府大阪市城東区"}}, {"type": "Feature", "geometry": {"type": "Polygon", "coordinates": [[[135.5085, 34.648], [135.5077, 34.645], [135.5044, 34.6384], [135.5024, 34.6355], [135.5024, 34.6348], [135.5018, 34.6347], [135.5005, 34.6317], [135.5002, 34.6301], [135.4997, 34.6304], [135.4981, 34.6285], [135.4979, 34.628], [135.4983, 34.6279], [135.4979, 34.6278], [135.4964, 34.6262], [135.4957, 34.6234], [135.4965, 34.6235], [135.4983, 34.6248], [135.4984, 34.6244], [135.4998, 34.6246], [135.5072, 34.6223], [135.5087, 34.6222], [135.5081, 34.618], [135.5083, 34.617], [135.5159, 34.6163], [135.52, 34.6238], [135.5234, 34.6316], [135.5237, 34.6379], [135.5257, 34.6374], [135.5289, 34.6445], [135.5241, 34.6484], [135.5212, 34.6461], [135.5174, 34.6457], [135.5085, 34.648]]]}, "properties": {"name": "大阪府大阪市阿倍野区"}}, {"type": "Feature", "geometry": {"type": "Polygon", "coordinates": [[[135.4957, 34.6234], [135.4956, 34.6231], [135.493, 34.6233], [135.4896, 34.6107], [135.4913, 34.6101], [135.4887, 34.6001], [135.4871, 34.5961], [135.4943, 34.5946], [135.4959, 34.594], [135.4982, 34.591], [135.4998, 34.5874], [135.5025, 34.5862], [135.5077, 34.5873], [135.5162, 34.5914], [135.5178, 34.5926], [135.5215, 34.594], [135.5229, 34.5946], [135.5224, 34.5962], [135.5227, 34.5969], [135.5224, 34.5971], [135.5229, 34.5984], [135.5226, 34.6067], [135.5227, 34.6084], [135.5238, 34.6086], [135.5238, 34.6093], [135.5137, 34.6093], [135.5141, 34.6132], [135.5159, 34.6163], [135.5083, 34.617], [135.5081, 34.618], [135.5087, 34.6222], [135.5072, 34.6223], [135.4998, 34.6246], [135.4984, 34.6244], [135.4983, 34.6248], [135.4965, 34.6235], [135.4957, 34.6234]]]}, "properties": {"name": "大阪府大阪市住吉区"}}, {"type": "Feature", "geometry": {"type": "Polygon", "coordinates": [[[135.5289, 34.6445], [135.5257, 34.6374], [135.5237, 34.6379], [135.5234, 34.6316], [135.52, 34.6238], [135.5159, 34.6163], [135.5141, 34.6132], [135.5137, 34.6093], [135.5238, 34.6093], [135.5238, 34.6086], [135.5227, 34.6084], [135.5226, 34.6067], [135.5229, 34.5984], [135.5224, 34.5971], [135.5227, 34.5969], [135.5224, 34.5962], [135.5229, 34.5946], [135.5255, 34.5959], [135.5262, 34.5948], [135.5298, 34.5947], [135.5308, 34.5891], [135.5299, 34.5947], [135.531, 34.5948], [135.5309, 34.5963], [135.5319, 34.5963], [135.5316, 34.5985], [135.5339, 34.599], [135.5438, 34.5992], [135.5443, 34.6092], [135.5407, 34.6092], [135.5406, 34.6255], [135.5436, 34.6255], [135.5436, 34.6324], [135.5476, 34.6365], [135.5453, 34.6382], [135.5447, 34.6408], [135.5371, 34.6416], [135.5354, 34.6406], [135.5351, 34.6395], [135.5344, 34.6398], [135.5328, 34.6416], [135.5289, 34.6445]]]}, "properties": {"name": "大阪府大阪市東住吉区"}}, {"type": "Feature", "geometry": {"type": "Polygon", "coordinates": [[[135.4736, 34.6291], [135.4764, 34.6272], [135.4817, 34.6246], [135.4825, 34.6218], [135.4904, 34.6233], [135.493, 34.6233], [135.4956, 34.6231], [135.4957, 34.6234], [135.4964, 34.6262], [135.4979, 34.6278], [135.4983, 34.6279], [135.4979, 34.628], [135.4981, 34.6285], [135.4997, 34.6304], [135.5002, 34.6301], [135.5005, 34.6317], [135.5018, 34.6347], [135.5024, 34.6348], [135.5024, 34.6355], [135.5044, 34.6384], [135.5077, 34.645], [135.5085, 34.648], [135.5063, 34.6487], [135.4959, 34.6513], [135.492, 34.6535], [135.4903, 34.6539], [135.4884, 34.6539], [135.4875, 34.6527], [135.4857, 34.6517], [135.4853, 34.6574], [135.4847, 34.6568], [135.4813, 34.6554], [135.4789, 34.6502], [135.4792, 34.6423], [135.4784, 34.638], [135.4763, 34.6324], [135.4736, 34.6291]]]}, "properties": {"name": "大阪府大阪市西成区"}}, {"type": "Feature", "geometry": {"type": "Polygon", "coordinates": [[[135.474, 34.7068], [135.4878, 34.7152], [135.496, 34.7195], [135.4976, 34.7198], [135.5037, 34.72], [135.5034, 34.7249], [135.5021, 34.7285], [135.5019, 34.7318], [135.503, 34.7368], [135.5044, 34.7398], [135.5054, 34.7406], [135.5049, 34.7408], [135.5065, 34.7447], [135.4993, 34.7479], [135.5, 34.749], [135.4999, 34.7498], [135.4961, 34.7508], [135.4954, 34.7512], [135.494, 34.7506], [135.4922, 34.7512], [135.4905, 34.7512], [135.4879, 34.7497], [135.4866, 34.7482], [135.4858, 34.7488], [135.4837, 34.7468], [135.484, 34.7467], [135.484, 34.7449], [135.4846, 34.7448], [135.4834, 34.7416], [135.4821, 34.7418], [135.4812, 34.7414], [135.4826, 34.7398], [135.4818, 34.7388], [135.4799, 34.7375], [135.4758, 34.7361], [135.4723, 34.7335], [135.4702, 34.7325], [135.4698, 34.7309], [135.4668, 34.7307], [135.4667, 34.7316], [135.4641, 34.7319], [135.4597, 34.7333], [135.4558, 34.7345], [135.4488, 34.7342], [135.4474, 34.7333], [135.4461, 34.7316], [135.4457, 34.7291], [135.4525, 34.7278], [135.4564, 34.7259], [135.461, 34.7216], [135.4739, 34.7067], [135.474, 34.7068]]]}, "properties": {"name": "大阪府大阪市淀川区"}}, {"type": "Feature", "geometry": {"type": "Polygon", "coordinates": [[[135.5604, 34.7151], [135.5591, 34.6876], [135.5638, 34.687], [135.5651, 34.6877], [135.5668, 34.6877], [135.5705, 34.6875], [135.5703, 34.6881], [135.5707, 34.6882], [135.5737, 34.6877], [135.5725, 34.6886], [135.5745, 34.6879], [135.5768, 34.6882], [135.5793, 34.6899], [135.5803, 34.6909], [135.5831, 34.6977], [135.5847, 34.6985], [135.5862, 34.6984], [135.5872, 34.6987], [135.5888, 34.7], [135.5903, 34.7005], [135.5903, 34.7021], [135.5929, 34.7034], [135.5949, 34.7037], [135.5904, 34.7076], [135.5925, 34.707], [135.5971, 34.7068], [135.5991, 34.7144], [135.5934, 34.7135], [135.5911, 34.7139], [135.5896, 34.7138], [135.5877, 34.7124], [135.5874, 34.7108], [135.5866, 34.7112], [135.5862, 34.7111], [135.5856, 34.7115], [135.5868, 34.7142], [135.5872, 34.7164], [135.587, 34.7188], [135.5873, 34.7194], [135.5871, 34.72], [135.5863, 34.7202], [135.587, 34.7202], [135.5866, 34.7213], [135.5839, 34.7225], [135.5836, 34.7226], [135.5835, 34.722], [135.5832, 34.7221], [135.5829, 34.7232], [135.5829, 34.7222], [135.5824, 34.7223], [135.5825, 34.7234], [135.5823, 34.7222], [135.5824, 34.722], [135.5819, 34.7218], [135.5823, 34.7219], [135.5822, 34.721], [135.5833, 34.721], [135.5834, 34.7202], [135.5842, 34.7201], [135.584, 34.7197], [135.5834, 34.7199], [135.5834, 34.7202], [135.5825, 34.7202], [135.583, 34.7197], [135.5825, 34.7197], [135.5823, 34.7202], [135.5819, 34.7185], [135.5825, 34.7194], [135.5833, 34.7194], [135.5828, 34.7193], [135.5825, 34.7185], [135.5833, 34.7183], [135.5836, 34.7187], [135.5826, 34.7174], [135.5829, 34.7172], [135.5751, 34.7173], [135.5772, 34.713], [135.5747, 34.7129], [135.5741, 34.7087], [135.5701, 34.7088], [135.57, 34.7101], [135.5693, 34.7102], [135.5695, 34.7111], [135.5687, 34.7117], [135.5692, 34.7125], [135.5676, 34.7173], [135.5627, 34.7175], [135.5633, 34.7161], [135.5632, 34.7151], [135.5604, 34.7151]]]}, "properties": {"name": "大阪府大阪市鶴見区"}}, {"type": "Feature", "geometry": {"type": "Polygon", "coordinates": [[[135.3902, 34.638], [135.389, 34.6086], [135.4005, 34.6085], [135.4465, 34.6085], [135.4682, 34.6023], [135.481, 34.5975], [135.4871, 34.5961], [135.4887, 34.6001], [135.4913, 34.6101], [135.4896, 34.6107], [135.493, 34.6233], [135.4904, 34.6233], [135.4825, 34.6218], [135.4817, 34.6246], [135.4764, 34.6272], [135.4736, 34.6291], [135.4701, 34.6271], [135.4576, 34.6247], [135.4534, 34.6247], [135.4461, 34.6274], [135.4406, 34.644], [135.4334, 34.6459], [135.4164, 34.645], [135.4076, 34.6427], [135.3972, 34.6407], [135.3902, 34.638]]]}, "properties": {"name": "大阪府大阪市住之江区"}}, {"type": "Feature", "geometry": {"type": "Polygon", "coordinates": [[[135.5476, 34.6365], [135.5436, 34.6324], [135.5436, 34.6255], [135.5406, 34.6255], [135.5407, 34.6092], [135.5443, 34.6092], [135.5438, 34.5992], [135.5437, 34.5968], [135.544, 34.5968], [135.5438, 34.5962], [135.5442, 34.5961], [135.5444, 34.5949], [135.5474, 34.5952], [135.5486, 34.5948], [135.5495, 34.5959], [135.5499, 34.5958], [135.5498, 34.5949], [135.5625, 34.5951], [135.5625, 34.5947], [135.5639, 34.5946], [135.5644, 34.5963], [135.5668, 34.5956], [135.5665, 34.5934], [135.5671, 34.5932], [135.5672, 34.5924], [135.5677, 34.5924], [135.568, 34.5915], [135.5696, 34.59], [135.5693, 34.5871], [135.571, 34.587], [135.571, 34.5897], [135.5702, 34.5915], [135.5704, 34.5928], [135.5723, 34.5922], [135.5707, 34.5929], [135.5719, 34.5931], [135.5717, 34.5939], [135.5772, 34.5928], [135.5776, 34.5939], [135.58, 34.5939], [135.5798, 34.6009], [135.5812, 34.601], [135.5812, 34.6029], [135.5836, 34.6029], [135.5836, 34.6038], [135.5848, 34.6038], [135.585, 34.6043], [135.5859, 34.6042], [135.5859, 34.6049], [135.5873, 34.6048], [135.587, 34.6094], [135.5845, 34.6094], [135.583, 34.6105], [135.5826, 34.6118], [135.5813, 34.6121], [135.5764, 34.6118], [135.5764, 34.6137], [135.5778, 34.6137], [135.5776, 34.6147], [135.5747, 34.6148], [135.5736, 34.6175], [135.5736, 34.6164], [135.5744, 34.6152], [135.5744, 34.6138], [135.5728, 34.6137], [135.5691, 34.6138], [135.5691, 34.6147], [135.5679, 34.6148], [135.5679, 34.6159], [135.5666, 34.6159], [135.5651, 34.6166], [135.5638, 34.6163], [135.5621, 34.6169], [135.5619, 34.6175], [135.5621, 34.6216], [135.5625, 34.6231], [135.5636, 34.6222], [135.5634, 34.6212], [135.5648, 34.6214], [135.5663, 34.6209], [135.5685, 34.6209], [135.5684, 34.6205], [135.5692, 34.6203], [135.5692, 34.62], [135.5729, 34.619], [135.5746, 34.6182], [135.5755, 34.6185], [135.5755, 34.6195], [135.5749, 34.6198], [135.5749, 34.6204], [135.5755, 34.6204], [135.5753, 34.6238], [135.5757, 34.6238], [135.5763, 34.6263], [135.5771, 34.6263], [135.5761, 34.6282], [135.5759, 34.6303], [135.5747, 34.6303], [135.5746, 34.6324], [135.5746, 34.634], [135.5716, 34.6339], [135.5716, 34.6344], [135.5687, 34.6343], [135.5685, 34.6383], [135.5656, 34.6382], [135.5655, 34.6409], [135.5611, 34.6408], [135.5609, 34.6434], [135.5571, 34.6433], [135.557, 34.6443], [135.5539, 34.6442], [135.5539, 34.6385], [135.553, 34.6384], [135.553, 34.6368], [135.5523, 34.6368], [135.5523, 34.6358], [135.5528, 34.6358], [135.553, 34.6348], [135.5541, 34.6348], [135.5542, 34.6332], [135.5518, 34.6335], [135.5476, 34.6365]]]}, "properties": {"name": "大阪府大阪市平野区"}}, {"type": "Feature", "geometry": {"type": "Polygon", "coordinates": [[[135.5143, 34.7207], [135.5124, 34.7202], [135.5037, 34.72], [135.4976, 34.7198], [135.496, 34.7195], [135.4878, 34.7152], [135.474, 34.7068], [135.4789, 34.7017], [135.4839, 34.6994], [135.4842, 34.7002], [135.4855, 34.7004], [135.4861, 34.7011], [135.488, 34.7011], [135.4879, 34.7023], [135.4908, 34.7027], [135.4896, 34.6994], [135.4903, 34.6968], [135.4903, 34.6958], [135.4912, 34.6938], [135.4869, 34.6917], [135.481, 34.6846], [135.4825, 34.685], [135.4919, 34.6903], [135.4946, 34.6924], [135.4974, 34.6928], [135.5006, 34.693], [135.5064, 34.6924], [135.5107, 34.6908], [135.5143, 34.6913], [135.5178, 34.6912], [135.5204, 34.6918], [135.5226, 34.6945], [135.5229, 34.6975], [135.5219, 34.6996], [135.5184, 34.7043], [135.5177, 34.7067], [135.5183, 34.7082], [135.5213, 34.7119], [135.5216, 34.7132], [135.5214, 34.7151], [135.5189, 34.7188], [135.5143, 34.7207]]]}, "properties": {"name": "大阪府大阪市北区"}}, {"type": "Feature", "geometry": {"type": "Polygon", "coordinates": [[[135.5204, 34.6918], [135.5178, 34.6912], [135.5143, 34.6913], [135.5107, 34.6908], [135.5064, 34.6924], [135.5006, 34.693], [135.4974, 34.6928], [135.498, 34.6826], [135.497, 34.669], [135.4973, 34.669], [135.4973, 34.6684], [135.5011, 34.6631], [135.5027, 34.6637], [135.5032, 34.6632], [135.5109, 34.6624], [135.5113, 34.6667], [135.5192, 34.6661], [135.5206, 34.6744], [135.5208, 34.6758], [135.5284, 34.6747], [135.5332, 34.6744], [135.5342, 34.678], [135.5339, 34.6816], [135.5344, 34.6885], [135.5355, 34.6929], [135.5347, 34.6954], [135.5286, 34.6932], [135.5231, 34.6911], [135.5223, 34.691], [135.5204, 34.6918]]]}, "properties": {"name": "大阪府大阪市中央区"}}, {"type": "Feature", "geometry": {"type": "Polygon", "coordinates": [[[135.4871, 34.5961], [135.481, 34.5975], [135.4682, 34.6023], [135.4465, 34.6085], [135.4005, 34.6085], [135.4006, 34.6021], [135.4454, 34.5842], [135.4473, 34.5685], [135.455, 34.5658], [135.4543, 34.5645], [135.46, 34.5617], [135.4618, 34.5615], [135.4616, 34.5613], [135.4634, 34.5603], [135.4616, 34.5553], [135.4598, 34.555], [135.4598, 34.5541], [135.4611, 34.5532], [135.4595, 34.5529], [135.4622, 34.5522], [135.4634, 34.5481], [135.4634, 34.5456], [135.4652, 34.5463], [135.465, 34.5471], [135.467, 34.5475], [135.4669, 34.548], [135.4681, 34.5482], [135.4681, 34.5478], [135.4687, 34.5476], [135.4685, 34.5485], [135.4668, 34.5481], [135.4666, 34.5478], [135.4663, 34.5481], [135.4673, 34.5487], [135.4666, 34.5494], [135.4667, 34.5506], [135.4661, 34.5508], [135.4663, 34.5516], [135.4679, 34.5513], [135.47, 34.5519], [135.4724, 34.552], [135.4729, 34.5515], [135.4733, 34.5516], [135.4736, 34.5531], [135.4743, 34.553], [135.4768, 34.5564], [135.4818, 34.5564], [135.4814, 34.5559], [135.4813, 34.5543], [135.4818, 34.5523], [135.4864, 34.5556], [135.4884, 34.5576], [135.4924, 34.5654], [135.5003, 34.5594], [135.5007, 34.5598], [135.5007, 34.5607], [135.5011, 34.5614], [135.5018, 34.5614], [135.5017, 34.5621], [135.4991, 34.5649], [135.4978, 34.5671], [135.4982, 34.5673], [135.498, 34.5677], [135.4985, 34.5689], [135.4963, 34.5696], [135.4951, 34.5714], [135.502, 34.5838], [135.5025, 34.5862], [135.4998, 34.5874], [135.4982, 34.591], [135.4959, 34.594], [135.4943, 34.5946], [135.4871, 34.5961]]]}, "properties": {"name": "大阪府堺市堺区"}}, {"type": "Feature", "geometry": {"type": "Polygon", "coordinates": [[[135.533, 34.5019], [135.5328, 34.5015], [135.5332, 34.5011], [135.5344, 34.5009], [135.5356, 34.5017], [135.5353, 34.5023], [135.5357, 34.5031], [135.5367, 34.5034], [135.5351, 34.5045], [135.5348, 34.5065], [135.534, 34.5075], [135.5343, 34.5076], [135.5339, 34.5081], [135.5344, 34.5081], [135.5326, 34.5146], [135.5304, 34.5196], [135.5274, 34.5249], [135.5234, 34.5294], [135.5237, 34.5296], [135.5207, 34.5334], [135.5164, 34.5404], [135.5157, 34.5411], [135.5152, 34.5411], [135.5116, 34.5462], [135.5098, 34.5478], [135.5092, 34.5478], [135.5094, 34.5473], [135.5084, 34.5482], [135.5061, 34.5502], [135.5014, 34.5468], [135.5007, 34.5454], [135.5, 34.5456], [135.4969, 34.5456], [135.4969, 34.545], [135.4945, 34.5436], [135.49, 34.5421], [135.4899, 34.5425], [135.4841, 34.5417], [135.4832, 34.5411], [135.4841, 34.5399], [135.4826, 34.5393], [135.4819, 34.54], [135.4803, 34.539], [135.4811, 34.5372], [135.48, 34.5365], [135.4802, 34.5359], [135.48, 34.5351], [135.4844, 34.5343], [135.4847, 34.534], [135.4841, 34.5339], [135.4835, 34.5326], [135.484, 34.5316], [135.4821, 34.5306], [135.4795, 34.5297], [135.4794, 34.53], [135.478, 34.5303], [135.4782, 34.5308], [135.4777, 34.5312], [135.4775, 34.531], [135.4768, 34.5322], [135.4765, 34.5318], [135.4755, 34.5322], [135.4734, 34.532], [135.4734, 34.5328], [135.4725, 34.5332], [135.4699, 34.5324], [135.4694, 34.5337], [135.4675, 34.5332], [135.4712, 34.5229], [135.4721, 34.5231], [135.473, 34.522], [135.4756, 34.5208], [135.4816, 34.5165], [135.4826, 34.5163], [135.4855, 34.5134], [135.4887, 34.5143], [135.4899, 34.5137], [135.4899, 34.512], [135.4947, 34.5105], [135.4949, 34.5118], [135.4984, 34.5095], [135.5026, 34.5059], [135.5109, 34.5062], [135.5162, 34.5059], [135.52, 34.5044], [135.5276, 34.5034], [135.5291, 34.5026], [135.5301, 34.5012], [135.533, 34.5019]]]}, "properties": {"name": "大阪府堺市中区"}}, {"type": "Feature", "geometry": {"type": "MultiPolygon", "coordinates": [[[[135.5326, 34.5146], [135.5338, 34.5149], [135.5341, 34.5134], [135.5346, 34.513], [135.5345, 34.5143], [135.534, 34.5147], [135.5342, 34.5151], [135.5342, 34.5148], [135.5345, 34.515], [135.5353, 34.5146], [135.5351, 34.514], [135.5357, 34.5143], [135.5387, 34.5122], [135.5409, 34.5113], [135.5412, 34.5121], [135.5422, 34.5117], [135.5419, 34.5114], [135.5432, 34.5098], [135.5433, 34.5109], [135.5438, 34.5105], [135.5441, 34.5113], [135.5441, 34.5149], [135.5438, 34.5159], [135.5448, 34.5162], [135.5446, 34.5168], [135.5471, 34.518], [135.5476, 34.5175], [135.5484, 34.5178], [135.5486, 34.5175], [135.5539, 34.5176], [135.5548, 34.518], [135.5535, 34.5194], [135.5533, 34.5206], [135.5548, 34.5253], [135.555, 34.5279], [135.5544, 34.5287], [135.5529, 34.5285], [135.5533, 34.5303], [135.5521, 34.5303], [135.5516, 34.5322], [135.5508, 34.5326], [135.5494, 34.5323], [135.5491, 34.5312], [135.5478, 34.5315], [135.5463, 34.531], [135.546, 34.5304], [135.5454, 34.5305], [135.5452, 34.5298], [135.5436, 34.5298], [135.5435, 34.5307], [135.5423, 34.5307], [135.5412, 34.5436], [135.5417, 34.544], [135.5416, 34.5444], [135.541, 34.5444], [135.5413, 34.5457], [135.5382, 34.5455], [135.5383, 34.5466], [135.54, 34.5465], [135.5399, 34.5476], [135.539, 34.5476], [135.5387, 34.5482], [135.5395, 34.5484], [135.5394, 34.5496], [135.5411, 34.5496], [135.5417, 34.5512], [135.5421, 34.551], [135.5419, 34.5532], [135.5409, 34.5532], [135.5408, 34.5557], [135.5419, 34.5556], [135.5419, 34.5552], [135.5429, 34.5548], [135.5445, 34.5547], [135.5445, 34.5551], [135.5452, 34.5551], [135.5452, 34.5548], [135.5468, 34.5548], [135.5466, 34.559], [135.5359, 34.558], [135.5283, 34.5593], [135.5284, 34.5568], [135.5287, 34.5568], [135.529, 34.5556], [135.5289, 34.555], [135.5283, 34.5552], [135.5283, 34.5542], [135.528, 34.5542], [135.5286, 34.5532], [135.5261, 34.5521], [135.5241, 34.5523], [135.5235, 34.5513], [135.5226, 34.5516], [135.5217, 34.5507], [135.5207, 34.5508], [135.5194, 34.5504], [135.5195, 34.5496], [135.5205, 34.5488], [135.5201, 34.5481], [135.5194, 34.548], [135.519, 34.547], [135.5125, 34.5507], [135.5118, 34.5492], [135.5114, 34.5494], [135.5084, 34.5482], [135.5094, 34.5473], [135.5092, 34.5478], [135.5098, 34.5478], [135.5116, 34.5462], [135.5152, 34.5411], [135.5157, 34.5411], [135.5164, 34.5404], [135.5207, 34.5334], [135.5237, 34.5296], [135.5234, 34.5294], [135.5274, 34.5249], [135.5304, 34.5196], [135.5326, 34.5146]]], [[[135.5418, 34.5051], [135.542, 34.506], [135.5416, 34.5061], [135.5418, 34.5051]]]]}, "properties": {"name": "大阪府堺市東区"}}, {"type": "Feature", "geometry": {"type": "Polygon", "coordinates": [[[135.4006, 34.6021], [135.402, 34.5488], [135.404, 34.548], [135.4092, 34.5459], [135.4085, 34.5448], [135.4132, 34.5431], [135.4141, 34.5449], [135.4235, 34.5448], [135.4253, 34.5476], [135.4364, 34.5426], [135.4377, 34.541], [135.4391, 34.5404], [135.4382, 34.539], [135.4419, 34.5392], [135.4453, 34.5375], [135.4453, 34.5371], [135.4461, 34.537], [135.4453, 34.5352], [135.4457, 34.5351], [135.4463, 34.5362], [135.4463, 34.5353], [135.4467, 34.5363], [135.4464, 34.5351], [135.447, 34.5349], [135.4468, 34.5341], [135.4481, 34.5341], [135.4481, 34.5334], [135.4472, 34.5323], [135.4465, 34.532], [135.446, 34.531], [135.4469, 34.5305], [135.4506, 34.5298], [135.4513, 34.5304], [135.4516, 34.5298], [135.4503, 34.5293], [135.4479, 34.5297], [135.4477, 34.5284], [135.4467, 34.528], [135.4468, 34.5271], [135.446, 34.5265], [135.4466, 34.5259], [135.448, 34.526], [135.4485, 34.5252], [135.451, 34.5254], [135.4516, 34.5249], [135.454, 34.5249], [135.4553, 34.5239], [135.4556, 34.5247], [135.4562, 34.5246], [135.4562, 34.5226], [135.4568, 34.5227], [135.4581, 34.5218], [135.4573, 34.5207], [135.4592, 34.5202], [135.46, 34.519], [135.4595, 34.5183], [135.4584, 34.5187], [135.4573, 34.5169], [135.4573, 34.5161], [135.4568, 34.5159], [135.4565, 34.5164], [135.4544, 34.5166], [135.4542, 34.5153], [135.4548, 34.5149], [135.4562, 34.5153], [135.4576, 34.5145], [135.4585, 34.5127], [135.4582, 34.5113], [135.4588, 34.5107], [135.4594, 34.5126], [135.4605, 34.5125], [135.4619, 34.511], [135.4619, 34.5094], [135.4608, 34.5077], [135.4611, 34.5076], [135.4622, 34.5084], [135.4625, 34.5075], [135.4621, 34.5064], [135.4626, 34.507], [135.4633, 34.5066], [135.463, 34.5059], [135.4634, 34.5049], [135.4628, 34.5021], [135.462, 34.5018], [135.4623, 34.5012], [135.4618, 34.5012], [135.4617, 34.5005], [135.4609, 34.5001], [135.4617, 34.4999], [135.4608, 34.4973], [135.4613, 34.496], [135.4619, 34.4981], [135.4627, 34.4984], [135.4632, 34.5001], [135.4636, 34.4981], [135.464, 34.4982], [135.4643, 34.501], [135.4638, 34.5017], [135.4638, 34.5029], [135.4646, 34.5047], [135.4652, 34.5044], [135.4662, 34.5031], [135.4649, 34.5007], [135.4653, 34.4999], [135.4665, 34.5003], [135.4665, 34.5009], [135.4674, 34.5016], [135.4683, 34.5017], [135.4699, 34.5025], [135.4706, 34.5024], [135.4707, 34.5037], [135.4713, 34.5038], [135.4722, 34.5027], [135.4733, 34.5031], [135.4734, 34.5024], [135.4739, 34.5031], [135.474, 34.5026], [135.4753, 34.503], [135.4753, 34.5039], [135.4762, 34.5033], [135.4765, 34.5024], [135.4769, 34.5024], [135.4772, 34.5033], [135.4772, 34.5029], [135.4778, 34.5029], [135.4776, 34.5024], [135.4779, 34.5025], [135.4778, 34.5041], [135.4783, 34.5043], [135.4784, 34.5035], [135.4796, 34.5029], [135.4812, 34.5033], [135.4813, 34.5037], [135.4819, 34.5034], [135.4823, 34.5045], [135.4829, 34.5041], [135.4827, 34.5047], [135.4831, 34.5058], [135.484, 34.5059], [135.4844, 34.5064], [135.4846, 34.508], [135.4854, 34.5081], [135.4857, 34.5086], [135.4858, 34.5092], [135.4852, 34.5093], [135.4857, 34.5095], [135.4851, 34.5095], [135.4857, 34.5096], [135.486, 34.5105], [135.4871, 34.5102], [135.4878, 34.5104], [135.4855, 34.5134], [135.4826, 34.5163], [135.4816, 34.5165], [135.4756, 34.5208], [135.473, 34.522], [135.4721, 34.5231], [135.4712, 34.5229], [135.4675, 34.5332], [135.4694, 34.5337], [135.4699, 34.5324], [135.4725, 34.5332], [135.4734, 34.5328], [135.4734, 34.532], [135.4755, 34.5322], [135.4765, 34.5318], [135.4768, 34.5322], [135.4775, 34.531], [135.4777, 34.5312], [135.4782, 34.5308], [135.478, 34.5303], [135.4794, 34.53], [135.4795, 34.5297], [135.4821, 34.5306], [135.484, 34.5316], [135.4835, 34.5326], [135.4841, 34.5339], [135.4847, 34.534], [135.4844, 34.5343], [135.48, 34.5351], [135.4802, 34.5359], [135.48, 34.5365], [135.4811, 34.5372], [135.4803, 34.539], [135.4819, 34.54], [135.4826, 34.5393], [135.4841, 34.5399], [135.4832, 34.5411], [135.4841, 34.5417], [135.4899, 34.5425], [135.4874, 34.5467], [135.4855, 34.5483], [135.4836, 34.5489], [135.4818, 34.5523], [135.4813, 34.5543], [135.4814, 34.5559], [135.4818, 34.5564], [135.4768, 34.5564], [135.4743, 34.553], [135.4736, 34.5531], [135.4733, 34.5516], [135.4729, 34.5515], [135.4724, 34.552], [135.47, 34.5519], [135.4679, 34.5513], [135.4663, 34.5516], [135.4661, 34.5508], [135.4667, 34.5506], [135.4666, 34.5494], [135.4673, 34.5487], [135.4663, 34.5481], [135.4666, 34.5478], [135.4668, 34.5481], [135.4685, 34.5485], [135.4687, 34.5476], [135.4681, 34.5478], [135.4681, 34.5482], [135.4669, 34.548], [135.467, 34.5475], [135.465, 34.5471], [135.4652, 34.5463], [135.4634, 34.5456], [135.4634, 34.5481], [135.4622, 34.5522], [135.4595, 34.5529], [135.4611, 34.5532], [135.4598, 34.5541], [135.4598, 34.555], [135.4616, 34.5553], [135.4634, 34.5603], [135.4616, 34.5613], [135.4618, 34.5615], [135.46, 34.5617], [135.4543, 34.5645], [135.455, 34.5658], [135.4473, 34.5685], [135.4454, 34.5842], [135.4006, 34.6021]]]}, "properties": {"name": "大阪府堺市西区"}}, {"type": "Feature", "geometry": {"type": "Polygon", "coordinates": [[[135.4855, 34.5134], [135.4878, 34.5104], [135.4871, 34.5102], [135.486, 34.5105], [135.4857, 34.5096], [135.4851, 34.5095], [135.4857, 34.5095], [135.4852, 34.5093], [135.4858, 34.5092], [135.4857, 34.5086], [135.4854, 34.5081], [135.4846, 34.508], [135.4844, 34.5064], [135.484, 34.5059], [135.4831, 34.5058], [135.4827, 34.5047], [135.4829, 34.5041], [135.4823, 34.5045], [135.4819, 34.5034], [135.4813, 34.5037], [135.4812, 34.5033], [135.4796, 34.5029], [135.4784, 34.5035], [135.4783, 34.5043], [135.4778, 34.5041], [135.4779, 34.5025], [135.4776, 34.5024], [135.4778, 34.5029], [135.4772, 34.5029], [135.4772, 34.5033], [135.4769, 34.5024], [135.4765, 34.5024], [135.4762, 34.5033], [135.4753, 34.5039], [135.4753, 34.503], [135.474, 34.5026], [135.4739, 34.5031], [135.4734, 34.5024], [135.4733, 34.5031], [135.4722, 34.5027], [135.4713, 34.5038], [135.4707, 34.5037], [135.4706, 34.5024], [135.4699, 34.5025], [135.4683, 34.5017], [135.4674, 34.5016], [135.4665, 34.5009], [135.4665, 34.5003], [135.4653, 34.4999], [135.4662, 34.4975], [135.4662, 34.4964], [135.4656, 34.4961], [135.4661, 34.4937], [135.4658, 34.4913], [135.4664, 34.4914], [135.4662, 34.489], [135.4665, 34.4828], [135.4702, 34.4834], [135.4704, 34.4811], [135.472, 34.4808], [135.4721, 34.4798], [135.4713, 34.4798], [135.4714, 34.4787], [135.471, 34.4786], [135.4718, 34.4761], [135.4746, 34.4728], [135.4754, 34.4733], [135.4783, 34.4709], [135.4773, 34.4697], [135.477, 34.47], [135.4756, 34.4695], [135.4775, 34.4662], [135.4771, 34.4661], [135.4775, 34.4654], [135.4844, 34.4612], [135.487, 34.4613], [135.4878, 34.4605], [135.4892, 34.4605], [135.4938, 34.4559], [135.4949, 34.4557], [135.4951, 34.4543], [135.497, 34.4521], [135.4978, 34.4471], [135.4985, 34.446], [135.4982, 34.4446], [135.4996, 34.4425], [135.4989, 34.4422], [135.4994, 34.4415], [135.4982, 34.4384], [135.4985, 34.4373], [135.4991, 34.437], [135.4997, 34.4359], [135.4997, 34.4346], [135.5006, 34.4337], [135.5025, 34.4339], [135.5037, 34.4331], [135.5063, 34.4339], [135.5071, 34.4338], [135.5081, 34.4331], [135.5101, 34.4324], [135.5112, 34.4314], [135.5139, 34.4312], [135.5147, 34.4308], [135.5158, 34.431], [135.5184, 34.4299], [135.519, 34.43], [135.5197, 34.4311], [135.5186, 34.4328], [135.5191, 34.4353], [135.5197, 34.437], [135.5215, 34.4381], [135.5227, 34.4408], [135.524, 34.4416], [135.526, 34.4419], [135.5268, 34.4432], [135.53, 34.4458], [135.5305, 34.4468], [135.5313, 34.4468], [135.5327, 34.4477], [135.5335, 34.4486], [135.5348, 34.4513], [135.5354, 34.4511], [135.5361, 34.453], [135.5389, 34.4548], [135.5406, 34.4564], [135.5405, 34.4568], [135.5414, 34.4576], [135.5412, 34.4588], [135.5423, 34.4591], [135.543, 34.4599], [135.5436, 34.4599], [135.5455, 34.4619], [135.5455, 34.4627], [135.5445, 34.4631], [135.5437, 34.4643], [135.5424, 34.4651], [135.5422, 34.4665], [135.5409, 34.4679], [135.5386, 34.4693], [135.5373, 34.4736], [135.5363, 34.4752], [135.5368, 34.4778], [135.5362, 34.4791], [135.5353, 34.4799], [135.5361, 34.4816], [135.5357, 34.4833], [135.5361, 34.4856], [135.5354, 34.4865], [135.5346, 34.4867], [135.5337, 34.4876], [135.5345, 34.4897], [135.534, 34.491], [135.5346, 34.4923], [135.5352, 34.493], [135.5369, 34.4936], [135.5375, 34.4946], [135.5387, 34.4954], [135.5401, 34.4987], [135.54, 34.5001], [135.5388, 34.5025], [135.5361, 34.505], [135.5344, 34.5081], [135.5339, 34.5081], [135.5343, 34.5076], [135.534, 34.5075], [135.5348, 34.5065], [135.5351, 34.5045], [135.5367, 34.5034], [135.5357, 34.5031], [135.5353, 34.5023], [135.5356, 34.5017], [135.5344, 34.5009], [135.5332, 34.5011], [135.5328, 34.5015], [135.533, 34.5019], [135.5301, 34.5012], [135.5291, 34.5026], [135.5276, 34.5034], [135.52, 34.5044], [135.5162, 34.5059], [135.5109, 34.5062], [135.5026, 34.5059], [135.4984, 34.5095], [135.4949, 34.5118], [135.4947, 34.5105], [135.4899, 34.512], [135.4899, 34.5137], [135.4887, 34.5143], [135.4855, 34.5134]]]}, "properties": {"name": "大阪府堺市南区"}}, {"type": "Feature", "geometry": {"type": "Polygon", "coordinates": [[[135.5025, 34.5862], [135.502, 34.5838], [135.4951, 34.5714], [135.4963, 34.5696], [135.4985, 34.5689], [135.498, 34.5677], [135.4982, 34.5673], [135.4978, 34.5671], [135.4991, 34.5649], [135.5017, 34.5621], [135.5018, 34.5614], [135.5011, 34.5614], [135.5007, 34.5607], [135.5007, 34.5598], [135.5003, 34.5594], [135.4924, 34.5654], [135.4884, 34.5576], [135.4864, 34.5556], [135.4818, 34.5523], [135.4836, 34.5489], [135.4855, 34.5483], [135.4874, 34.5467], [135.4899, 34.5425], [135.49, 34.5421], [135.4945, 34.5436], [135.4969, 34.545], [135.4969, 34.5456], [135.5, 34.5456], [135.5007, 34.5454], [135.5014, 34.5468], [135.5061, 34.5502], [135.5084, 34.5482], [135.5114, 34.5494], [135.5118, 34.5492], [135.5125, 34.5507], [135.519, 34.547], [135.5194, 34.548], [135.5201, 34.5481], [135.5205, 34.5488], [135.5195, 34.5496], [135.5194, 34.5504], [135.5207, 34.5508], [135.5217, 34.5507], [135.5226, 34.5516], [135.5235, 34.5513], [135.5241, 34.5523], [135.5261, 34.5521], [135.5286, 34.5532], [135.528, 34.5542], [135.5283, 34.5542], [135.5283, 34.5552], [135.5289, 34.555], [135.529, 34.5556], [135.5287, 34.5568], [135.5284, 34.5568], [135.5283, 34.5593], [135.5359, 34.558], [135.5466, 34.559], [135.5466, 34.5598], [135.5486, 34.5599], [135.5493, 34.5604], [135.5493, 34.5609], [135.5486, 34.5614], [135.5474, 34.5617], [135.548, 34.5642], [135.5492, 34.5647], [135.5483, 34.566], [135.5466, 34.5657], [135.5462, 34.5659], [135.5369, 34.5658], [135.5369, 34.5677], [135.5357, 34.5677], [135.5355, 34.5695], [135.5352, 34.5697], [135.5355, 34.5701], [135.5354, 34.5718], [135.5333, 34.5717], [135.532, 34.5725], [135.5319, 34.5737], [135.5315, 34.5738], [135.5316, 34.5745], [135.5312, 34.5747], [135.5319, 34.5754], [135.532, 34.5768], [135.5223, 34.5769], [135.5226, 34.5873], [135.521, 34.5876], [135.521, 34.589], [135.521, 34.5898], [135.5225, 34.5899], [135.5225, 34.5928], [135.5215, 34.594], [135.5178, 34.5926], [135.5162, 34.5914], [135.5077, 34.5873], [135.5025, 34.5862]]]}, "properties": {"name": "大阪府堺市北区"}}, {"type": "Feature", "geometry": {"type": "Polygon", "coordinates": [[[135.555, 34.5279], [135.5559, 34.5279], [135.5567, 34.5287], [135.5578, 34.5289], [135.558, 34.5286], [135.5586, 34.5293], [135.5592, 34.529], [135.5584, 34.5269], [135.5619, 34.5267], [135.5608, 34.5246], [135.5615, 34.5245], [135.5611, 34.5247], [135.5615, 34.5252], [135.562, 34.5251], [135.562, 34.5244], [135.5632, 34.5242], [135.5627, 34.5224], [135.5646, 34.52], [135.5639, 34.5197], [135.5631, 34.5201], [135.5637, 34.5177], [135.5659, 34.5164], [135.5664, 34.5151], [135.5659, 34.5144], [135.5665, 34.5142], [135.5668, 34.5135], [135.5682, 34.5129], [135.5709, 34.5125], [135.573, 34.5114], [135.5743, 34.5118], [135.5746, 34.5111], [135.576, 34.5106], [135.5781, 34.5107], [135.5789, 34.5115], [135.5805, 34.5112], [135.5816, 34.5103], [135.5831, 34.5105], [135.5822, 34.5112], [135.5827, 34.5127], [135.5824, 34.5148], [135.5811, 34.5178], [135.5818, 34.5185], [135.5829, 34.5188], [135.5828, 34.5194], [135.5832, 34.5186], [135.5836, 34.5191], [135.5858, 34.5193], [135.5856, 34.5217], [135.5849, 34.5221], [135.584, 34.5234], [135.5848, 34.5244], [135.5849, 34.5259], [135.5844, 34.5266], [135.5857, 34.5267], [135.585, 34.5269], [135.585, 34.5275], [135.5862, 34.5283], [135.5859, 34.5285], [135.5866, 34.5295], [135.5867, 34.5307], [135.5874, 34.5311], [135.5873, 34.5319], [135.5857, 34.5322], [135.5839, 34.5338], [135.5818, 34.5338], [135.581, 34.5351], [135.5812, 34.5354], [135.5818, 34.5343], [135.5829, 34.5344], [135.5816, 34.5353], [135.5805, 34.5377], [135.5809, 34.5379], [135.5814, 34.5369], [135.5822, 34.5375], [135.5807, 34.5383], [135.5805, 34.5389], [135.5797, 34.5393], [135.5771, 34.542], [135.5774, 34.5423], [135.5748, 34.543], [135.5742, 34.5445], [135.5754, 34.5443], [135.5757, 34.5454], [135.5739, 34.5465], [135.5738, 34.5472], [135.573, 34.547], [135.5726, 34.5463], [135.572, 34.5464], [135.5718, 34.5472], [135.5726, 34.5485], [135.57, 34.5488], [135.5701, 34.5493], [135.5677, 34.5489], [135.5675, 34.5528], [135.5683, 34.5533], [135.5688, 34.5573], [135.5684, 34.5589], [135.5672, 34.56], [135.561, 34.56], [135.5612, 34.556], [135.5613, 34.5554], [135.5618, 34.5553], [135.5614, 34.5552], [135.5614, 34.5544], [135.5589, 34.555], [135.5588, 34.554], [135.5568, 34.554], [135.5564, 34.5547], [135.5559, 34.5541], [135.5555, 34.5542], [135.5555, 34.5548], [135.5546, 34.5545], [135.5544, 34.5548], [135.5544, 34.5545], [135.5537, 34.5545], [135.5537, 34.5538], [135.5529, 34.5538], [135.553, 34.5544], [135.5526, 34.5543], [135.5529, 34.5548], [135.5514, 34.5554], [135.5516, 34.5565], [135.5493, 34.5572], [135.5485, 34.5571], [135.5478, 34.5576], [135.5477, 34.5585], [135.5486, 34.5599], [135.5466, 34.5598], [135.5466, 34.559], [135.5468, 34.5548], [135.5452, 34.5548], [135.5452, 34.5551], [135.5445, 34.5551], [135.5445, 34.5547], [135.5429, 34.5548], [135.5419, 34.5552], [135.5419, 34.5556], [135.5408, 34.5557], [135.5409, 34.5532], [135.5419, 34.5532], [135.5421, 34.551], [135.5417, 34.5512], [135.5411, 34.5496], [135.5394, 34.5496], [135.5395, 34.5484], [135.5387, 34.5482], [135.539, 34.5476], [135.5399, 34.5476], [135.54, 34.5465], [135.5383, 34.5466], [135.5382, 34.5455], [135.5413, 34.5457], [135.541, 34.5444], [135.5416, 34.5444], [135.5417, 34.544], [135.5412, 34.5436], [135.5423, 34.5307], [135.5435, 34.5307], [135.5436, 34.5298], [135.5452, 34.5298], [135.5454, 34.5305], [135.546, 34.5304], [135.5463, 34.531], [135.5478, 34.5315], [135.5491, 34.5312], [135.5494, 34.5323], [135.5508, 34.5326], [135.5516, 34.5322], [135.5521, 34.5303], [135.5533, 34.5303], [135.5529, 34.5285], [135.5544, 34.5287], [135.555, 34.5279]], [[135.5789, 34.5352], [135.5798, 34.5348], [135.5793, 34.5358], [135.5794, 34.5365], [135.5799, 34.5365], [135.5799, 34.5375], [135.579, 34.538], [135.5796, 34.5386], [135.5803, 34.5385], [135.5808, 34.535], [135.5798, 34.534], [135.5775, 34.5342], [135.5789, 34.5352]]]}, "properties": {"name": "大阪府堺市美原区"}}, {"type": "Feature", "geometry": {"type": "Polygon", "coordinates": [[[135.3698, 34.4517], [135.3706, 34.4511], [135.3711, 34.4514], [135.3723, 34.4506], [135.3726, 34.4509], [135.3721, 34.4513], [135.3725, 34.4516], [135.3799, 34.4462], [135.3797, 34.4458], [135.3819, 34.4427], [135.3797, 34.4411], [135.3795, 34.4394], [135.3781, 34.4392], [135.3778, 34.4379], [135.3788, 34.4371], [135.3803, 34.4347], [135.3819, 34.4337], [135.3816, 34.4334], [135.38, 34.4341], [135.3801, 34.4333], [135.3792, 34.4319], [135.3801, 34.4307], [135.3809, 34.4306], [135.3814, 34.4296], [135.3823, 34.4296], [135.3824, 34.43], [135.383, 34.4299], [135.3828, 34.429], [135.3821, 34.4291], [135.3816, 34.4285], [135.382, 34.4271], [135.3831, 34.4249], [135.3848, 34.4231], [135.3853, 34.421], [135.3863, 34.4206], [135.3866, 34.4196], [135.3877, 34.4186], [135.3878, 34.4177], [135.3888, 34.4174], [135.3891, 34.4179], [135.3899, 34.4179], [135.3919, 34.4199], [135.3939, 34.4173], [135.3943, 34.4161], [135.3946, 34.4162], [135.3948, 34.4158], [135.3958, 34.418], [135.3964, 34.4178], [135.3963, 34.417], [135.3985, 34.4157], [135.3984, 34.415], [135.3971, 34.4153], [135.3971, 34.4142], [135.3979, 34.4144], [135.3997, 34.4125], [135.3998, 34.4115], [135.4006, 34.411], [135.4011, 34.4124], [135.4014, 34.4125], [135.4018, 34.4118], [135.4022, 34.4119], [135.4021, 34.4123], [135.4029, 34.4125], [135.4031, 34.412], [135.4039, 34.4122], [135.4051, 34.412], [135.4057, 34.4124], [135.4057, 34.413], [135.4072, 34.4135], [135.4072, 34.4131], [135.4078, 34.4132], [135.4074, 34.4124], [135.4077, 34.4122], [135.409, 34.4138], [135.4096, 34.4132], [135.4094, 34.4125], [135.4103, 34.4118], [135.4101, 34.4102], [135.4113, 34.41], [135.4113, 34.4087], [135.4093, 34.4084], [135.409, 34.4077], [135.4081, 34.4072], [135.4077, 34.4064], [135.4068, 34.4056], [135.4051, 34.4051], [135.4052, 34.4032], [135.4041, 34.4034], [135.4042, 34.4022], [135.4046, 34.4024], [135.4044, 34.4019], [135.4048, 34.4019], [135.4052, 34.4027], [135.4057, 34.4011], [135.4064, 34.4012], [135.4068, 34.4007], [135.4066, 34.4004], [135.4058, 34.4003], [135.4058, 34.4], [135.4065, 34.4], [135.4074, 34.3992], [135.4073, 34.3989], [135.408, 34.3987], [135.4085, 34.3974], [135.4079, 34.3971], [135.4084, 34.3958], [135.4075, 34.3956], [135.408, 34.3943], [135.4086, 34.3941], [135.4084, 34.3934], [135.4101, 34.3922], [135.4102, 34.3912], [135.4107, 34.3908], [135.4102, 34.3902], [135.4103, 34.3892], [135.411, 34.3888], [135.411, 34.388], [135.4121, 34.3863], [135.4133, 34.3862], [135.414, 34.3842], [135.4159, 34.3833], [135.4159, 34.3815], [135.4167, 34.3793], [135.418, 34.3789], [135.4189, 34.3791], [135.4197, 34.3787], [135.4204, 34.3777], [135.4215, 34.3778], [135.4226, 34.3764], [135.4257, 34.3765], [135.427, 34.3744], [135.4269, 34.3729], [135.4279, 34.3706], [135.4289, 34.3696], [135.4295, 34.3647], [135.4304, 34.3631], [135.4309, 34.3611], [135.4303, 34.3585], [135.4314, 34.3569], [135.4309, 34.3556], [135.4311, 34.3542], [135.4324, 34.3529], [135.4329, 34.3499], [135.434, 34.3487], [135.4345, 34.3482], [135.4347, 34.3485], [135.4359, 34.3486], [135.4369, 34.3481], [135.4377, 34.3482], [135.4391, 34.3477], [135.4406, 34.3479], [135.4416, 34.3474], [135.4449, 34.3478], [135.4477, 34.3492], [135.4487, 34.349], [135.4508, 34.3494], [135.4519, 34.3491], [135.4533, 34.35], [135.4546, 34.3508], [135.4552, 34.352], [135.4563, 34.3522], [135.457, 34.3532], [135.4546, 34.3573], [135.4544, 34.3586], [135.4559, 34.3604], [135.4558, 34.3613], [135.4565, 34.3628], [135.4565, 34.3646], [135.456, 34.3653], [135.4564, 34.3674], [135.458, 34.3676], [135.4595, 34.3689], [135.4589, 34.3705], [135.4593, 34.3712], [135.459, 34.3731], [135.4596, 34.3746], [135.4632, 34.3753], [135.4641, 34.3765], [135.4643, 34.3776], [135.4627, 34.3814], [135.4625, 34.3826], [135.4617, 34.3829], [135.4607, 34.3843], [135.4585, 34.3841], [135.4572, 34.3854], [135.4562, 34.3856], [135.456, 34.3868], [135.4549, 34.388], [135.455, 34.3894], [135.4537, 34.3903], [135.4504, 34.3907], [135.45, 34.3917], [135.4502, 34.3931], [135.4526, 34.3953], [135.452, 34.3983], [135.4528, 34.3989], [135.4528, 34.4003], [135.4544, 34.4005], [135.4537, 34.4025], [135.4555, 34.406], [135.455, 34.4063], [135.4549, 34.4069], [135.4532, 34.4078], [135.4528, 34.4097], [135.4534, 34.4105], [135.4534, 34.4115], [135.4531, 34.4124], [135.4517, 34.4132], [135.4521, 34.4147], [135.4498, 34.4147], [135.4496, 34.4152], [135.4496, 34.416], [135.4507, 34.4163], [135.4516, 34.4174], [135.4512, 34.4193], [135.4516, 34.4205], [135.4513, 34.4224], [135.4508, 34.4226], [135.4515, 34.4238], [135.4502, 34.4251], [135.4503, 34.4259], [135.4496, 34.426], [135.448, 34.4285], [135.4487, 34.4296], [135.4482, 34.4312], [135.4487, 34.4325], [135.4475, 34.4331], [135.4474, 34.4338], [135.4461, 34.4337], [135.445, 34.4342], [135.4438, 34.4355], [135.4444, 34.4372], [135.4439, 34.4374], [135.4433, 34.439], [135.4434, 34.4399], [135.4427, 34.4408], [135.4436, 34.442], [135.4434, 34.4433], [135.4422, 34.444], [135.4429, 34.4451], [135.4417, 34.4471], [135.4423, 34.4485], [135.4417, 34.4485], [135.4418, 34.4491], [135.4408, 34.4497], [135.4409, 34.4504], [135.4401, 34.4505], [135.4404, 34.4527], [135.4419, 34.4542], [135.4419, 34.4555], [135.4412, 34.4566], [135.4423, 34.46], [135.4417, 34.461], [135.4402, 34.4618], [135.4404, 34.4624], [135.4381, 34.464], [135.438, 34.4647], [135.437, 34.4646], [135.437, 34.4651], [135.4365, 34.4651], [135.4353, 34.4661], [135.4354, 34.4669], [135.4337, 34.4669], [135.4339, 34.4671], [135.4295, 34.4703], [135.4287, 34.4696], [135.4284, 34.4686], [135.4279, 34.469], [135.4257, 34.4665], [135.4247, 34.4666], [135.4243, 34.4663], [135.4156, 34.473], [135.415, 34.4737], [135.415, 34.4741], [135.414, 34.4739], [135.4054, 34.4806], [135.4053, 34.4811], [135.4002, 34.4847], [135.3995, 34.4847], [135.3989, 34.4857], [135.3949, 34.4888], [135.3911, 34.491], [135.3858, 34.4938], [135.3819, 34.495], [135.3758, 34.4978], [135.3654, 34.5017], [135.3435, 34.4685], [135.3622, 34.4583], [135.3607, 34.4578], [135.3611, 34.4567], [135.3631, 34.4572], [135.3638, 34.4555], [135.3652, 34.4545], [135.366, 34.4546], [135.3665, 34.4542], [135.3676, 34.4527], [135.3693, 34.4512], [135.3698, 34.4517]]]}, "properties": {"name": "大阪府岸和田市"}}, {"type": "Feature", "geometry": {"type": "MultiPolygon", "coordinates": [[[[135.4879, 34.7497], [135.487, 34.7507], [135.4868, 34.7519], [135.4873, 34.7574], [135.4882, 34.7607], [135.4884, 34.7676], [135.4892, 34.7682], [135.4901, 34.7701], [135.4914, 34.77], [135.4915, 34.7709], [135.4951, 34.7711], [135.4965, 34.7715], [135.4962, 34.7723], [135.4975, 34.7726], [135.4973, 34.7742], [135.498, 34.7744], [135.4979, 34.7748], [135.4985, 34.7746], [135.4993, 34.7755], [135.4989, 34.7759], [135.5001, 34.7767], [135.4995, 34.7774], [135.4991, 34.7768], [135.4985, 34.7774], [135.4953, 34.7783], [135.4949, 34.7806], [135.4938, 34.7806], [135.4919, 34.7815], [135.4921, 34.7818], [135.4917, 34.7828], [135.4925, 34.7832], [135.492, 34.7841], [135.4924, 34.7866], [135.4937, 34.7878], [135.4937, 34.7886], [135.4928, 34.789], [135.4916, 34.7889], [135.491, 34.7893], [135.4931, 34.7904], [135.4948, 34.7922], [135.4971, 34.7926], [135.4961, 34.7957], [135.4967, 34.7959], [135.4963, 34.7966], [135.4978, 34.7972], [135.4994, 34.797], [135.5011, 34.7975], [135.5033, 34.7995], [135.505, 34.8002], [135.5039, 34.8039], [135.5037, 34.8075], [135.5049, 34.8074], [135.506, 34.809], [135.5084, 34.8107], [135.507, 34.8115], [135.5074, 34.8133], [135.5054, 34.8145], [135.5039, 34.8173], [135.4996, 34.8212], [135.498, 34.8243], [135.4974, 34.8248], [135.4965, 34.8241], [135.4958, 34.822], [135.4951, 34.8222], [135.4943, 34.8215], [135.4932, 34.8216], [135.4924, 34.8196], [135.4929, 34.8178], [135.4909, 34.8167], [135.4897, 34.8164], [135.4884, 34.8169], [135.488, 34.8167], [135.4871, 34.8177], [135.4844, 34.8169], [135.4832, 34.8173], [135.482, 34.8185], [135.4815, 34.8183], [135.4807, 34.8192], [135.4792, 34.8193], [135.4772, 34.8204], [135.4766, 34.8203], [135.4761, 34.8212], [135.47, 34.818], [135.4673, 34.8158], [135.4627, 34.8132], [135.4613, 34.8114], [135.4578, 34.8102], [135.4568, 34.809], [135.4548, 34.8084], [135.4537, 34.8072], [135.4504, 34.8073], [135.4481, 34.8084], [135.4483, 34.8072], [135.4476, 34.807], [135.4479, 34.8063], [135.4488, 34.8064], [135.4498, 34.8059], [135.4509, 34.8066], [135.4524, 34.8063], [135.4523, 34.8056], [135.4511, 34.8052], [135.4504, 34.8055], [135.4493, 34.8047], [135.4494, 34.8044], [135.4484, 34.8048], [135.4467, 34.8042], [135.4477, 34.8027], [135.4475, 34.8024], [135.4466, 34.8029], [135.4468, 34.802], [135.4479, 34.8013], [135.4476, 34.8009], [135.4481, 34.7996], [135.4443, 34.7997], [135.4445, 34.7994], [135.4436, 34.7992], [135.4433, 34.8002], [135.4424, 34.8], [135.4426, 34.7985], [135.4438, 34.797], [135.4432, 34.7963], [135.443, 34.7943], [135.4416, 34.7942], [135.4415, 34.7933], [135.4408, 34.7931], [135.4409, 34.7918], [135.4416, 34.7919], [135.4416, 34.7913], [135.4428, 34.7913], [135.4416, 34.7911], [135.4416, 34.7908], [135.4426, 34.7906], [135.4416, 34.7907], [135.4411, 34.7912], [135.4411, 34.7903], [135.4416, 34.7906], [135.4416, 34.7903], [135.4429, 34.79], [135.4429, 34.7897], [135.4423, 34.7897], [135.4423, 34.7893], [135.4422, 34.7895], [135.4414, 34.7893], [135.4414, 34.7888], [135.4423, 34.7883], [135.4433, 34.7864], [135.4427, 34.7864], [135.4428, 34.7854], [135.4422, 34.7854], [135.4422, 34.7844], [135.4439, 34.7842], [135.444, 34.7823], [135.4444, 34.7823], [135.4448, 34.7813], [135.4454, 34.7811], [135.4454, 34.7805], [135.4451, 34.7805], [135.4454, 34.7775], [135.4465, 34.7774], [135.4465, 34.7744], [135.4453, 34.7746], [135.4454, 34.7716], [135.4446, 34.7706], [135.4449, 34.7706], [135.4445, 34.7699], [135.4446, 34.7686], [135.4484, 34.7685], [135.4498, 34.7672], [135.4502, 34.766], [135.4499, 34.7648], [135.4504, 34.7618], [135.4499, 34.7603], [135.4519, 34.758], [135.4534, 34.7581], [135.4549, 34.76], [135.456, 34.7605], [135.4566, 34.7591], [135.4559, 34.7553], [135.4563, 34.7523], [135.4571, 34.7516], [135.4592, 34.7522], [135.4598, 34.7513], [135.4599, 34.7508], [135.4591, 34.7502], [135.4601, 34.7477], [135.4592, 34.7384], [135.4587, 34.7364], [135.4591, 34.7361], [135.4591, 34.7353], [135.4594, 34.7355], [135.4597, 34.7333], [135.4641, 34.7319], [135.4667, 34.7316], [135.4668, 34.7307], [135.4698, 34.7309], [135.4702, 34.7325], [135.4723, 34.7335], [135.4758, 34.7361], [135.4799, 34.7375], [135.4818, 34.7388], [135.4826, 34.7398], [135.4812, 34.7414], [135.4821, 34.7418], [135.4834, 34.7416], [135.4846, 34.7448], [135.484, 34.7449], [135.484, 34.7467], [135.4837, 34.7468], [135.4858, 34.7488], [135.4866, 34.7482], [135.4879, 34.7497]]], [[[135.4493, 34.8111], [135.4479, 34.811], [135.4474, 34.81], [135.4464, 34.8096], [135.4464, 34.8094], [135.4487, 34.8096], [135.4493, 34.8111]]]]}, "properties": {"name": "大阪府豊中市"}}, {"type": "Feature", "geometry": {"type": "Polygon", "coordinates": [[[135.4481, 34.8084], [135.4487, 34.8096], [135.4464, 34.8094], [135.4464, 34.8096], [135.4474, 34.81], [135.4479, 34.811], [135.4493, 34.8111], [135.4494, 34.8131], [135.4483, 34.8143], [135.448, 34.8162], [135.4487, 34.8164], [135.4486, 34.8168], [135.4494, 34.8174], [135.451, 34.8174], [135.4505, 34.8181], [135.4507, 34.8188], [135.4517, 34.8185], [135.4522, 34.8188], [135.4517, 34.819], [135.4513, 34.8202], [135.4517, 34.8205], [135.4517, 34.822], [135.4508, 34.8224], [135.4506, 34.8235], [135.4501, 34.8238], [135.451, 34.8293], [135.4526, 34.8307], [135.4525, 34.8315], [135.4538, 34.8336], [135.4525, 34.8354], [135.4531, 34.8365], [135.4528, 34.8382], [135.4534, 34.8384], [135.4533, 34.8388], [135.4542, 34.839], [135.4545, 34.8394], [135.4541, 34.8411], [135.4534, 34.8416], [135.4535, 34.8426], [135.4544, 34.8442], [135.456, 34.8444], [135.4589, 34.8439], [135.4598, 34.845], [135.4591, 34.8457], [135.4592, 34.8468], [135.4601, 34.8494], [135.46, 34.8503], [135.4609, 34.8511], [135.4608, 34.8516], [135.4606, 34.8517], [135.4598, 34.8507], [135.46, 34.8533], [135.4592, 34.8547], [135.4582, 34.8555], [135.4587, 34.857], [135.4585, 34.8577], [135.4594, 34.8598], [135.4593, 34.8614], [135.4563, 34.8647], [135.4531, 34.8651], [135.4496, 34.8668], [135.4487, 34.8677], [135.4492, 34.8679], [135.449, 34.8688], [135.4472, 34.8696], [135.4455, 34.8719], [135.4437, 34.8723], [135.443, 34.8737], [135.442, 34.8742], [135.4417, 34.8748], [135.4412, 34.875], [135.4381, 34.8736], [135.4391, 34.8757], [135.4384, 34.8761], [135.4383, 34.8771], [135.4373, 34.8775], [135.4371, 34.878], [135.4363, 34.876], [135.4365, 34.8749], [135.4353, 34.8737], [135.4341, 34.8711], [135.4346, 34.8701], [135.432, 34.8642], [135.4321, 34.8631], [135.4302, 34.8611], [135.4318, 34.8579], [135.4318, 34.8569], [135.4312, 34.8561], [135.4277, 34.8539], [135.4257, 34.8535], [135.4253, 34.8525], [135.4228, 34.852], [135.4212, 34.8506], [135.4206, 34.8514], [135.4177, 34.8527], [135.4168, 34.8525], [135.4206, 34.847], [135.4224, 34.8436], [135.4232, 34.8403], [135.4241, 34.8386], [135.4242, 34.837], [135.4233, 34.8337], [135.4239, 34.831], [135.4233, 34.8286], [135.4212, 34.8256], [135.417, 34.8216], [135.4158, 34.8179], [135.417, 34.8134], [135.4215, 34.8068], [135.4235, 34.8021], [135.4259, 34.8024], [135.4263, 34.8028], [135.4267, 34.8024], [135.4275, 34.8024], [135.4278, 34.803], [135.4285, 34.8028], [135.4289, 34.8034], [135.4288, 34.8015], [135.4294, 34.8014], [135.4299, 34.8001], [135.4305, 34.8], [135.4309, 34.7993], [135.4313, 34.7993], [135.4313, 34.7986], [135.4323, 34.7978], [135.4334, 34.7977], [135.4334, 34.7974], [135.4342, 34.7983], [135.4347, 34.7984], [135.4347, 34.7972], [135.4342, 34.7971], [135.4342, 34.7965], [135.436, 34.7944], [135.4398, 34.7918], [135.4409, 34.7918], [135.4408, 34.7931], [135.4415, 34.7933], [135.4416, 34.7942], [135.443, 34.7943], [135.4432, 34.7963], [135.4438, 34.797], [135.4426, 34.7985], [135.4424, 34.8], [135.4433, 34.8002], [135.4436, 34.7992], [135.4445, 34.7994], [135.4443, 34.7997], [135.4481, 34.7996], [135.4476, 34.8009], [135.4479, 34.8013], [135.4468, 34.802], [135.4466, 34.8029], [135.4475, 34.8024], [135.4477, 34.8027], [135.4467, 34.8042], [135.4484, 34.8048], [135.4494, 34.8044], [135.4493, 34.8047], [135.4504, 34.8055], [135.4511, 34.8052], [135.4523, 34.8056], [135.4524, 34.8063], [135.4509, 34.8066], [135.4498, 34.8059], [135.4488, 34.8064], [135.4479, 34.8063], [135.4476, 34.807], [135.4483, 34.8072], [135.4481, 34.8084]]]}, "properties": {"name": "大阪府池田市"}}, {"type": "Feature", "geometry": {"type": "Polygon", "coordinates": [[[135.549, 34.7686], [135.5502, 34.7689], [135.5515, 34.7685], [135.5517, 34.7687], [135.551, 34.7694], [135.5515, 34.7696], [135.5505, 34.7698], [135.5489, 34.7723], [135.5384, 34.7852], [135.5374, 34.7851], [135.5364, 34.7861], [135.5369, 34.7863], [135.5367, 34.7868], [135.5378, 34.7875], [135.5377, 34.7882], [135.5395, 34.7889], [135.539, 34.7894], [135.5398, 34.7892], [135.5403, 34.7878], [135.5413, 34.788], [135.5478, 34.7922], [135.5511, 34.7931], [135.5521, 34.7942], [135.5527, 34.7944], [135.5546, 34.7973], [135.5548, 34.7988], [135.5547, 34.8018], [135.5535, 34.803], [135.5533, 34.8037], [135.5541, 34.8044], [135.5545, 34.8057], [135.5549, 34.8056], [135.5552, 34.8048], [135.5557, 34.8061], [135.5552, 34.8063], [135.5547, 34.8073], [135.5518, 34.8082], [135.552, 34.8087], [135.5529, 34.8087], [135.5532, 34.8091], [135.5521, 34.8095], [135.5515, 34.8093], [135.5495, 34.8094], [135.547, 34.8107], [135.5443, 34.8113], [135.5425, 34.8125], [135.542, 34.8138], [135.5406, 34.8139], [135.5401, 34.8137], [135.5403, 34.8133], [135.5393, 34.8136], [135.5371, 34.8147], [135.5377, 34.8155], [135.5365, 34.8159], [135.5344, 34.8152], [135.5335, 34.8156], [135.5325, 34.8154], [135.5302, 34.8162], [135.5302, 34.8174], [135.5288, 34.8182], [135.529, 34.8187], [135.5296, 34.8188], [135.5285, 34.8204], [135.5241, 34.8238], [135.5224, 34.8245], [135.523, 34.8248], [135.5233, 34.826], [135.5241, 34.8259], [135.524, 34.8262], [135.5232, 34.8265], [135.5222, 34.8259], [135.5214, 34.8264], [135.5202, 34.8265], [135.5191, 34.826], [135.5187, 34.8278], [135.5158, 34.8283], [135.5143, 34.8271], [135.5133, 34.8271], [135.5128, 34.8265], [135.5113, 34.8271], [135.5103, 34.8287], [135.5087, 34.8288], [135.5061, 34.8306], [135.5048, 34.831], [135.5035, 34.8309], [135.5019, 34.8302], [135.5007, 34.8302], [135.5001, 34.8305], [135.4998, 34.8289], [135.5011, 34.8285], [135.501, 34.8282], [135.4975, 34.8258], [135.4974, 34.8248], [135.498, 34.8243], [135.4996, 34.8212], [135.5039, 34.8173], [135.5054, 34.8145], [135.5074, 34.8133], [135.507, 34.8115], [135.5084, 34.8107], [135.506, 34.809], [135.5049, 34.8074], [135.5037, 34.8075], [135.5039, 34.8039], [135.505, 34.8002], [135.5033, 34.7995], [135.5011, 34.7975], [135.4994, 34.797], [135.4978, 34.7972], [135.4963, 34.7966], [135.4967, 34.7959], [135.4961, 34.7957], [135.4971, 34.7926], [135.4948, 34.7922], [135.4931, 34.7904], [135.491, 34.7893], [135.4916, 34.7889], [135.4928, 34.789], [135.4937, 34.7886], [135.4937, 34.7878], [135.4924, 34.7866], [135.492, 34.7841], [135.4925, 34.7832], [135.4917, 34.7828], [135.4921, 34.7818], [135.4919, 34.7815], [135.4938, 34.7806], [135.4949, 34.7806], [135.4953, 34.7783], [135.4985, 34.7774], [135.4991, 34.7768], [135.4995, 34.7774], [135.5001, 34.7767], [135.4989, 34.7759], [135.4993, 34.7755], [135.4985, 34.7746], [135.4979, 34.7748], [135.498, 34.7744], [135.4973, 34.7742], [135.4975, 34.7726], [135.4962, 34.7723], [135.4965, 34.7715], [135.4951, 34.7711], [135.4915, 34.7709], [135.4914, 34.77], [135.4901, 34.7701], [135.4892, 34.7682], [135.4884, 34.7676], [135.4882, 34.7607], [135.4873, 34.7574], [135.4868, 34.7519], [135.487, 34.7507], [135.4879, 34.7497], [135.4905, 34.7512], [135.4922, 34.7512], [135.494, 34.7506], [135.4954, 34.7512], [135.4961, 34.7508], [135.4999, 34.7498], [135.5, 34.749], [135.4993, 34.7479], [135.5065, 34.7447], [135.5088, 34.7448], [135.5139, 34.7487], [135.5168, 34.7498], [135.5189, 34.75], [135.5193, 34.749], [135.5231, 34.7489], [135.5238, 34.7484], [135.5242, 34.7486], [135.5241, 34.7483], [135.5246, 34.7481], [135.5282, 34.7489], [135.5289, 34.7495], [135.5292, 34.7504], [135.531, 34.7511], [135.5309, 34.7518], [135.5316, 34.7528], [135.5308, 34.753], [135.5299, 34.7541], [135.5287, 34.7537], [135.5288, 34.754], [135.5324, 34.7594], [135.5342, 34.7602], [135.5383, 34.7609], [135.5398, 34.7617], [135.5406, 34.7628], [135.5417, 34.7661], [135.5438, 34.768], [135.5455, 34.7687], [135.5468, 34.7682], [135.549, 34.7686]], [[135.5466, 34.8051], [135.5457, 34.8049], [135.5452, 34.8052], [135.545, 34.8055], [135.5455, 34.8061], [135.5437, 34.8067], [135.5436, 34.8076], [135.5443, 34.808], [135.5452, 34.8078], [135.546, 34.8081], [135.5471, 34.8062], [135.5466, 34.8051]], [[135.5492, 34.7976], [135.549, 34.798], [135.5494, 34.798], [135.5492, 34.7976]]]}, "properties": {"name": "大阪府吹田市"}}, {"type": "Feature", "geometry": {"type": "MultiPolygon", "coordinates": [[[[135.4001, 34.4954], [135.4033, 34.495], [135.4043, 34.4941], [135.4054, 34.4922], [135.4056, 34.4882], [135.411, 34.4823], [135.4113, 34.4815], [135.4144, 34.4825], [135.4154, 34.4819], [135.4158, 34.4826], [135.417, 34.4825], [135.4163, 34.4833], [135.4174, 34.4847], [135.4164, 34.4855], [135.4172, 34.4863], [135.4166, 34.4868], [135.417, 34.4872], [135.4163, 34.4882], [135.4181, 34.4869], [135.4195, 34.4882], [135.42, 34.4878], [135.4203, 34.488], [135.4198, 34.4884], [135.4202, 34.4888], [135.4207, 34.4886], [135.4202, 34.4889], [135.4212, 34.4899], [135.4228, 34.4894], [135.4234, 34.4903], [135.4243, 34.4895], [135.425, 34.4904], [135.4255, 34.4901], [135.427, 34.4909], [135.4279, 34.4901], [135.4265, 34.4915], [135.4269, 34.4916], [135.4283, 34.4904], [135.4297, 34.4916], [135.4282, 34.493], [135.4277, 34.4926], [135.4276, 34.4927], [135.428, 34.4929], [135.4277, 34.4932], [135.4278, 34.4934], [135.4282, 34.493], [135.4287, 34.4934], [135.4278, 34.4941], [135.4283, 34.4942], [135.4281, 34.4946], [135.4292, 34.494], [135.4295, 34.4943], [135.4274, 34.496], [135.4272, 34.4964], [135.4277, 34.497], [135.4255, 34.4989], [135.4261, 34.4995], [135.4245, 34.5009], [135.4248, 34.5011], [135.4244, 34.5014], [135.426, 34.5024], [135.4275, 34.5043], [135.4285, 34.5037], [135.4277, 34.5044], [135.4286, 34.5038], [135.4279, 34.5046], [135.4291, 34.5054], [135.4284, 34.5046], [135.429, 34.5041], [135.4298, 34.5048], [135.4302, 34.5045], [135.4306, 34.5049], [135.431, 34.5046], [135.4314, 34.5049], [135.4311, 34.5057], [135.4318, 34.5052], [135.4302, 34.5066], [135.4313, 34.5059], [135.4304, 34.5069], [135.4322, 34.5056], [135.4306, 34.5071], [135.431, 34.5074], [135.4314, 34.5071], [135.4317, 34.5074], [135.4322, 34.5071], [135.4329, 34.5079], [135.4318, 34.5089], [135.432, 34.5091], [135.4328, 34.5093], [135.4324, 34.5088], [135.4331, 34.508], [135.4344, 34.5094], [135.4335, 34.5101], [135.4333, 34.5094], [135.4329, 34.5095], [135.4326, 34.5098], [135.4332, 34.51], [135.4326, 34.51], [135.4329, 34.5103], [135.4327, 34.5105], [135.4328, 34.511], [135.433, 34.5108], [135.4336, 34.5113], [135.4345, 34.5111], [135.4319, 34.5128], [135.4332, 34.5139], [135.4314, 34.5149], [135.432, 34.5143], [135.4318, 34.5141], [135.4308, 34.5147], [135.4308, 34.5142], [135.4305, 34.5144], [135.4299, 34.5138], [135.429, 34.5144], [135.4269, 34.5126], [135.4234, 34.5153], [135.4243, 34.5162], [135.4237, 34.5164], [135.4241, 34.5167], [135.4237, 34.5171], [135.4229, 34.5172], [135.4219, 34.518], [135.4209, 34.5181], [135.4104, 34.5229], [135.4014, 34.5277], [135.3985, 34.5259], [135.393, 34.5324], [135.378, 34.5322], [135.3654, 34.515], [135.3898, 34.499], [135.3952, 34.4966], [135.4001, 34.4954]], [[135.4327, 34.5105], [135.432, 34.5099], [135.4314, 34.5101], [135.432, 34.5093], [135.4309, 34.5103], [135.4307, 34.5101], [135.4313, 34.5092], [135.4295, 34.5106], [135.4311, 34.512], [135.4327, 34.5105]], [[135.4297, 34.5062], [135.4303, 34.5061], [135.4298, 34.5061], [135.429, 34.5055], [135.4297, 34.5062]], [[135.4272, 34.4968], [135.4273, 34.4966], [135.4263, 34.497], [135.4272, 34.4968]], [[135.4271, 34.4924], [135.4265, 34.4916], [135.4261, 34.4917], [135.4263, 34.4923], [135.4268, 34.4921], [135.4269, 34.4923], [135.4266, 34.4927], [135.4268, 34.4929], [135.4271, 34.4924]]], [[[135.4333, 34.5156], [135.4319, 34.5168], [135.4315, 34.5168], [135.4333, 34.5156]]], [[[135.4328, 34.5151], [135.4319, 34.5156], [135.4327, 34.515], [135.4328, 34.5151]]], [[[135.438, 34.5141], [135.4377, 34.5138], [135.4366, 34.514], [135.4362, 34.5136], [135.4364, 34.5146], [135.436, 34.5149], [135.4361, 34.5143], [135.4357, 34.5145], [135.4353, 34.5141], [135.4351, 34.5141], [135.4341, 34.5145], [135.4337, 34.5143], [135.4346, 34.5135], [135.4355, 34.5134], [135.4347, 34.5138], [135.4358, 34.5137], [135.4352, 34.5129], [135.436, 34.513], [135.4366, 34.5138], [135.4373, 34.5132], [135.4377, 34.5132], [135.4377, 34.5136], [135.4386, 34.513], [135.4393, 34.5132], [135.4396, 34.5126], [135.4396, 34.5134], [135.4386, 34.5142], [135.438, 34.5141]]], [[[135.4325, 34.5148], [135.4317, 34.5155], [135.4314, 34.5152], [135.4337, 34.5138], [135.4336, 34.5142], [135.4325, 34.5148]]], [[[135.4343, 34.5116], [135.4346, 34.5123], [135.4339, 34.5117], [135.4343, 34.5116]]], [[[135.4256, 34.5016], [135.4259, 34.502], [135.4253, 34.5015], [135.4256, 34.5016]]], [[[135.4274, 34.4974], [135.4279, 34.4972], [135.4271, 34.4978], [135.4274, 34.4974]]], [[[135.4275, 34.4977], [135.4281, 34.4974], [135.4273, 34.498], [135.4275, 34.4977]]]]}, "properties": {"name": "大阪府泉大津市"}}, {"type": "Feature", "geometry": {"type": "Polygon", "coordinates": [[[135.5839, 34.8321], [135.5862, 34.8318], [135.5867, 34.8314], [135.5863, 34.831], [135.5861, 34.8293], [135.5867, 34.8291], [135.5864, 34.8274], [135.5869, 34.8256], [135.5867, 34.8238], [135.588, 34.8238], [135.588, 34.8229], [135.59, 34.8228], [135.5903, 34.8218], [135.5938, 34.8217], [135.5939, 34.8207], [135.5942, 34.8207], [135.5988, 34.8207], [135.5988, 34.8187], [135.6062, 34.8185], [135.6063, 34.8166], [135.606, 34.8163], [135.6039, 34.8162], [135.6037, 34.8151], [135.6012, 34.8139], [135.5996, 34.8136], [135.5988, 34.813], [135.5989, 34.8015], [135.5984, 34.7999], [135.5974, 34.7989], [135.5977, 34.7982], [135.5986, 34.7981], [135.5986, 34.7978], [135.5986, 34.7963], [135.5981, 34.7962], [135.5981, 34.7952], [135.5987, 34.7945], [135.5988, 34.7928], [135.5981, 34.7907], [135.5987, 34.7877], [135.598, 34.7858], [135.5981, 34.7855], [135.5986, 34.7859], [135.5988, 34.7853], [135.5985, 34.7849], [135.5993, 34.7847], [135.5992, 34.7843], [135.6, 34.784], [135.5996, 34.7837], [135.6018, 34.78], [135.6024, 34.7811], [135.6104, 34.7853], [135.6119, 34.7873], [135.6142, 34.7916], [135.6143, 34.7965], [135.615, 34.7994], [135.618, 34.8018], [135.6185, 34.8037], [135.6196, 34.8051], [135.6209, 34.8059], [135.6224, 34.8077], [135.6268, 34.8106], [135.6289, 34.8115], [135.6349, 34.8126], [135.6367, 34.8132], [135.6389, 34.8144], [135.6406, 34.8164], [135.6413, 34.8185], [135.6414, 34.8218], [135.6419, 34.824], [135.6463, 34.8303], [135.6462, 34.8374], [135.6477, 34.8426], [135.6499, 34.8474], [135.6532, 34.8502], [135.6614, 34.8528], [135.6646, 34.8549], [135.6662, 34.8567], [135.6676, 34.8593], [135.6695, 34.8607], [135.6719, 34.8663], [135.671, 34.8682], [135.672, 34.8695], [135.6694, 34.8712], [135.6693, 34.8716], [135.6652, 34.8727], [135.664, 34.8728], [135.6628, 34.8722], [135.6626, 34.8733], [135.6617, 34.8734], [135.6612, 34.8753], [135.6578, 34.8732], [135.6573, 34.8721], [135.6566, 34.8722], [135.6566, 34.8725], [135.6551, 34.8725], [135.6548, 34.8731], [135.6555, 34.8737], [135.6566, 34.8738], [135.6565, 34.8745], [135.6559, 34.8745], [135.6559, 34.875], [135.6543, 34.8763], [135.6526, 34.8766], [135.6501, 34.8809], [135.6471, 34.8811], [135.645, 34.8826], [135.6449, 34.8835], [135.6455, 34.8841], [135.6448, 34.885], [135.6448, 34.8857], [135.6468, 34.8875], [135.6444, 34.8871], [135.6434, 34.8878], [135.6407, 34.8885], [135.6416, 34.8896], [135.6406, 34.8908], [135.6383, 34.8918], [135.6365, 34.891], [135.6347, 34.8923], [135.6342, 34.895], [135.6345, 34.8961], [135.6337, 34.8973], [135.6342, 34.9003], [135.6336, 34.901], [135.6336, 34.902], [135.6355, 34.9029], [135.6363, 34.9047], [135.635, 34.905], [135.6344, 34.906], [135.6347, 34.9093], [135.6334, 34.9085], [135.633, 34.9076], [135.6312, 34.9068], [135.6301, 34.9071], [135.6299, 34.9075], [135.6307, 34.9132], [135.6302, 34.9146], [135.6293, 34.915], [135.6296, 34.9165], [135.629, 34.9177], [135.6301, 34.9188], [135.6299, 34.9199], [135.6325, 34.9218], [135.6323, 34.9231], [135.6328, 34.9235], [135.631, 34.9242], [135.6285, 34.9263], [135.6295, 34.9288], [135.629, 34.9323], [135.628, 34.9338], [135.6252, 34.9344], [135.6243, 34.9352], [135.6234, 34.935], [135.6223, 34.9335], [135.6188, 34.9321], [135.6187, 34.9313], [135.6176, 34.9308], [135.617, 34.929], [135.6149, 34.9278], [135.6113, 34.9286], [135.6092, 34.9282], [135.6075, 34.9284], [135.6055, 34.9275], [135.6027, 34.9274], [135.5995, 34.9284], [135.6014, 34.9299], [135.6005, 34.9307], [135.6023, 34.9326], [135.602, 34.9335], [135.6029, 34.9341], [135.6033, 34.9351], [135.6038, 34.9352], [135.6032, 34.9358], [135.6033, 34.9361], [135.6041, 34.9365], [135.6044, 34.9361], [135.6053, 34.9363], [135.6059, 34.9351], [135.6067, 34.9363], [135.6075, 34.9365], [135.6068, 34.9378], [135.6078, 34.9382], [135.6086, 34.9399], [135.6096, 34.94], [135.6103, 34.9396], [135.6108, 34.9401], [135.6108, 34.9423], [135.6114, 34.9424], [135.613, 34.9418], [135.6112, 34.9438], [135.6124, 34.9453], [135.6138, 34.946], [135.6136, 34.9465], [135.6127, 34.9467], [135.6137, 34.9473], [135.6141, 34.948], [135.6141, 34.9503], [135.6148, 34.9504], [135.6155, 34.9514], [135.6148, 34.9523], [135.6163, 34.9527], [135.6153, 34.9538], [135.6172, 34.9558], [135.6166, 34.9577], [135.6175, 34.9574], [135.6185, 34.9579], [135.6185, 34.9596], [135.6175, 34.9614], [135.6157, 34.9628], [135.6153, 34.9639], [135.6154, 34.9661], [135.6138, 34.9673], [135.6133, 34.9712], [135.6109, 34.9711], [135.6083, 34.9698], [135.6037, 34.9713], [135.6025, 34.9711], [135.6018, 34.9706], [135.6005, 34.9706], [135.5997, 34.97], [135.5983, 34.9699], [135.5973, 34.9692], [135.5958, 34.969], [135.5949, 34.9699], [135.5934, 34.9685], [135.5923, 34.9661], [135.5911, 34.9672], [135.5891, 34.9673], [135.5884, 34.9692], [135.5872, 34.9704], [135.5861, 34.9729], [135.5856, 34.9733], [135.5857, 34.9743], [135.5844, 34.9752], [135.5848, 34.9762], [135.5835, 34.9762], [135.5826, 34.9768], [135.5804, 34.9744], [135.5792, 34.9747], [135.5782, 34.974], [135.5765, 34.9737], [135.575, 34.9719], [135.5727, 34.9713], [135.5724, 34.9699], [135.5712, 34.9697], [135.5714, 34.967], [135.5709, 34.9655], [135.5714, 34.9634], [135.5735, 34.9609], [135.5777, 34.9609], [135.5789, 34.9589], [135.5787, 34.9558], [135.5774, 34.9552], [135.5764, 34.9555], [135.5756, 34.9554], [135.5749, 34.9545], [135.5742, 34.9544], [135.5738, 34.9548], [135.573, 34.9547], [135.5718, 34.955], [135.5705, 34.9548], [135.5699, 34.9542], [135.5683, 34.9546], [135.5674, 34.9541], [135.5665, 34.9527], [135.5643, 34.9536], [135.5631, 34.9536], [135.5632, 34.9517], [135.5622, 34.9508], [135.5629, 34.9497], [135.5628, 34.949], [135.5614, 34.946], [135.5625, 34.9438], [135.5601, 34.9426], [135.5594, 34.9406], [135.557, 34.9385], [135.5586, 34.9373], [135.5573, 34.9347], [135.5581, 34.933], [135.5588, 34.9326], [135.5602, 34.935], [135.5589, 34.9357], [135.56, 34.937], [135.5621, 34.9382], [135.5623, 34.9414], [135.5634, 34.9423], [135.5649, 34.9423], [135.5651, 34.9407], [135.5661, 34.9401], [135.5656, 34.9374], [135.563, 34.9342], [135.5643, 34.9323], [135.5652, 34.9343], [135.567, 34.9356], [135.5667, 34.9367], [135.5691, 34.9368], [135.5698, 34.9376], [135.5713, 34.9383], [135.5718, 34.9391], [135.5766, 34.9387], [135.5777, 34.9378], [135.5812, 34.9371], [135.5818, 34.9357], [135.5805, 34.9302], [135.5812, 34.9287], [135.5809, 34.9279], [135.5816, 34.9277], [135.5816, 34.9272], [135.5805, 34.9245], [135.5813, 34.9225], [135.5777, 34.9207], [135.5769, 34.9199], [135.5744, 34.9188], [135.5733, 34.9168], [135.574, 34.9159], [135.574, 34.9152], [135.5754, 34.9142], [135.5766, 34.9128], [135.5761, 34.9099], [135.5749, 34.9097], [135.5744, 34.9089], [135.5748, 34.9083], [135.5741, 34.9066], [135.5755, 34.9065], [135.5752, 34.9056], [135.5738, 34.9051], [135.5733, 34.9037], [135.5715, 34.9035], [135.5709, 34.9027], [135.5693, 34.9026], [135.5658, 34.9002], [135.567, 34.8991], [135.5698, 34.8992], [135.5711, 34.8978], [135.5692, 34.896], [135.5696, 34.8925], [135.5704, 34.8912], [135.5695, 34.8892], [135.5681, 34.8886], [135.567, 34.8886], [135.5662, 34.8876], [135.5664, 34.887], [135.566, 34.8863], [135.5676, 34.8844], [135.5696, 34.8833], [135.5696, 34.8839], [135.5709, 34.883], [135.5722, 34.8814], [135.574, 34.8809], [135.5723, 34.8803], [135.5702, 34.8809], [135.5691, 34.8797], [135.5678, 34.879], [135.5671, 34.878], [135.5673, 34.8777], [135.5683, 34.8772], [135.5694, 34.8773], [135.5694, 34.8771], [135.5679, 34.877], [135.5669, 34.8779], [135.5655, 34.8773], [135.5651, 34.8767], [135.5671, 34.875], [135.5654, 34.8743], [135.5627, 34.8719], [135.5643, 34.8704], [135.5654, 34.8703], [135.5669, 34.8691], [135.5685, 34.8687], [135.5688, 34.8667], [135.5698, 34.865], [135.5692, 34.8605], [135.5681, 34.8592], [135.5668, 34.8565], [135.5692, 34.8522], [135.5692, 34.8515], [135.5703, 34.851], [135.571, 34.8494], [135.5719, 34.8486], [135.5745, 34.849], [135.5796, 34.8472], [135.5815, 34.8472], [135.5828, 34.8443], [135.5855, 34.8416], [135.5855, 34.8395], [135.5836, 34.8397], [135.5832, 34.8378], [135.5829, 34.8357], [135.5839, 34.8321]]]}, "properties": {"name": "大阪府高槻市"}}, {"type": "Feature", "geometry": {"type": "MultiPolygon", "coordinates": [[[[135.3435, 34.4685], [135.3386, 34.4714], [135.3179, 34.444], [135.3317, 34.4327], [135.3356, 34.4318], [135.3376, 34.432], [135.3397, 34.4293], [135.3444, 34.4278], [135.3435, 34.4269], [135.3447, 34.4267], [135.3453, 34.4261], [135.3459, 34.4265], [135.3457, 34.4259], [135.3478, 34.4253], [135.3484, 34.4247], [135.3488, 34.4226], [135.3501, 34.4214], [135.3536, 34.4195], [135.354, 34.4198], [135.3537, 34.4202], [135.3543, 34.4201], [135.3541, 34.4192], [135.3547, 34.4188], [135.3563, 34.42], [135.3564, 34.4202], [135.357, 34.4195], [135.3585, 34.4191], [135.3586, 34.4185], [135.3593, 34.4192], [135.3587, 34.4195], [135.3596, 34.419], [135.3603, 34.4196], [135.3609, 34.4194], [135.3605, 34.4191], [135.3613, 34.4192], [135.3612, 34.4188], [135.3603, 34.4184], [135.3613, 34.4176], [135.3615, 34.4183], [135.3632, 34.4195], [135.3636, 34.4188], [135.3629, 34.4189], [135.3627, 34.4185], [135.3636, 34.4183], [135.363, 34.4179], [135.364, 34.4178], [135.3638, 34.4171], [135.3621, 34.4176], [135.3618, 34.417], [135.3649, 34.4169], [135.3661, 34.4174], [135.3662, 34.4171], [135.3672, 34.4172], [135.369, 34.4154], [135.3697, 34.4146], [135.3692, 34.4137], [135.369, 34.4143], [135.3682, 34.4144], [135.368, 34.4159], [135.3667, 34.4167], [135.3659, 34.4168], [135.3643, 34.416], [135.363, 34.4164], [135.3621, 34.4162], [135.3633, 34.4149], [135.3642, 34.4149], [135.3641, 34.4155], [135.365, 34.4158], [135.3648, 34.4154], [135.3652, 34.4152], [135.3657, 34.4155], [135.3664, 34.4153], [135.3648, 34.4142], [135.3657, 34.4147], [135.3664, 34.4139], [135.3666, 34.4148], [135.3675, 34.4139], [135.3675, 34.4132], [135.3667, 34.4135], [135.3664, 34.413], [135.3669, 34.4125], [135.3661, 34.4129], [135.3666, 34.4125], [135.3661, 34.4127], [135.3655, 34.4123], [135.3672, 34.4111], [135.3673, 34.4103], [135.3682, 34.4092], [135.3698, 34.4092], [135.3692, 34.4096], [135.3691, 34.4102], [135.3702, 34.4095], [135.3693, 34.4103], [135.3705, 34.4096], [135.3707, 34.409], [135.3707, 34.4095], [135.3712, 34.4091], [135.3708, 34.4098], [135.3716, 34.4099], [135.3713, 34.409], [135.3719, 34.409], [135.3719, 34.4085], [135.3722, 34.4085], [135.3721, 34.4091], [135.3727, 34.4087], [135.373, 34.4079], [135.3726, 34.4073], [135.3735, 34.4073], [135.3734, 34.4069], [135.3745, 34.4057], [135.3746, 34.4047], [135.3754, 34.4037], [135.3765, 34.4035], [135.3761, 34.403], [135.3766, 34.4025], [135.376, 34.4016], [135.3769, 34.4005], [135.3765, 34.3997], [135.376, 34.3997], [135.3757, 34.4008], [135.3747, 34.4009], [135.3752, 34.4014], [135.3748, 34.4021], [135.3745, 34.4016], [135.3745, 34.4007], [135.3748, 34.4003], [135.3754, 34.4006], [135.3755, 34.4003], [135.3748, 34.3999], [135.375, 34.3994], [135.3759, 34.3991], [135.3756, 34.3999], [135.376, 34.399], [135.3763, 34.3994], [135.3769, 34.3994], [135.3768, 34.3981], [135.3762, 34.3987], [135.3762, 34.3984], [135.3756, 34.3987], [135.3766, 34.398], [135.3775, 34.3979], [135.3783, 34.3996], [135.3782, 34.4], [135.3778, 34.3997], [135.3776, 34.4008], [135.3782, 34.4002], [135.3789, 34.4], [135.3786, 34.3982], [135.3788, 34.3973], [135.3793, 34.3971], [135.3788, 34.3971], [135.3796, 34.3961], [135.3808, 34.3957], [135.3811, 34.3946], [135.3818, 34.3943], [135.381, 34.3941], [135.3815, 34.3934], [135.383, 34.3931], [135.3827, 34.3927], [135.3811, 34.3934], [135.381, 34.3929], [135.3806, 34.3924], [135.3793, 34.3914], [135.3803, 34.3906], [135.3802, 34.3895], [135.3809, 34.3895], [135.3813, 34.3889], [135.382, 34.3899], [135.3839, 34.389], [135.3833, 34.3865], [135.3838, 34.3855], [135.3845, 34.3853], [135.3875, 34.3862], [135.3881, 34.3857], [135.3872, 34.3847], [135.3869, 34.3828], [135.3862, 34.3822], [135.3856, 34.3797], [135.3863, 34.3781], [135.386, 34.3766], [135.3853, 34.3761], [135.3852, 34.3753], [135.3852, 34.3747], [135.3862, 34.3736], [135.3871, 34.3701], [135.3864, 34.3689], [135.3844, 34.3685], [135.3835, 34.3688], [135.3834, 34.3684], [135.3827, 34.3683], [135.3819, 34.3672], [135.3826, 34.3662], [135.385, 34.3657], [135.3853, 34.3648], [135.3876, 34.3618], [135.3877, 34.3591], [135.3872, 34.3584], [135.3873, 34.3575], [135.3883, 34.3556], [135.3892, 34.3543], [135.3898, 34.3522], [135.3915, 34.3512], [135.3914, 34.3484], [135.3918, 34.3476], [135.3925, 34.3473], [135.3932, 34.3479], [135.3943, 34.3475], [135.3959, 34.348], [135.3975, 34.3469], [135.3981, 34.3473], [135.4004, 34.3468], [135.4013, 34.3469], [135.4018, 34.3485], [135.4026, 34.3481], [135.4045, 34.3485], [135.405, 34.348], [135.406, 34.348], [135.4066, 34.3472], [135.4073, 34.347], [135.4081, 34.3456], [135.4087, 34.3437], [135.4086, 34.3425], [135.4091, 34.3417], [135.4123, 34.3421], [135.4151, 34.3399], [135.4163, 34.3396], [135.4177, 34.3397], [135.4189, 34.3404], [135.4215, 34.3398], [135.4236, 34.3403], [135.4248, 34.3399], [135.427, 34.3409], [135.4273, 34.3419], [135.428, 34.3424], [135.4286, 34.3435], [135.4281, 34.3443], [135.4289, 34.3455], [135.4319, 34.3474], [135.4344, 34.348], [135.434, 34.3487], [135.4329, 34.3499], [135.4324, 34.3529], [135.4311, 34.3542], [135.4309, 34.3556], [135.4314, 34.3569], [135.4303, 34.3585], [135.4309, 34.3611], [135.4304, 34.3631], [135.4295, 34.3647], [135.4289, 34.3696], [135.4279, 34.3706], [135.4269, 34.3729], [135.427, 34.3744], [135.4257, 34.3765], [135.4226, 34.3764], [135.4215, 34.3778], [135.4204, 34.3777], [135.4197, 34.3787], [135.4189, 34.3791], [135.418, 34.3789], [135.4167, 34.3793], [135.4159, 34.3815], [135.4159, 34.3833], [135.414, 34.3842], [135.4133, 34.3862], [135.4121, 34.3863], [135.411, 34.388], [135.411, 34.3888], [135.4103, 34.3892], [135.4102, 34.3902], [135.4107, 34.3908], [135.4102, 34.3912], [135.4101, 34.3922], [135.4084, 34.3934], [135.4086, 34.3941], [135.408, 34.3943], [135.4075, 34.3956], [135.4084, 34.3958], [135.4079, 34.3971], [135.4085, 34.3974], [135.408, 34.3987], [135.4073, 34.3989], [135.4074, 34.3992], [135.4065, 34.4], [135.4058, 34.4], [135.4058, 34.4003], [135.4066, 34.4004], [135.4068, 34.4007], [135.4064, 34.4012], [135.4057, 34.4011], [135.4052, 34.4027], [135.4048, 34.4019], [135.4044, 34.4019], [135.4046, 34.4024], [135.4042, 34.4022], [135.4041, 34.4034], [135.4052, 34.4032], [135.4051, 34.4051], [135.4068, 34.4056], [135.4077, 34.4064], [135.4081, 34.4072], [135.409, 34.4077], [135.4093, 34.4084], [135.4113, 34.4087], [135.4113, 34.41], [135.4101, 34.4102], [135.4103, 34.4118], [135.4094, 34.4125], [135.4096, 34.4132], [135.409, 34.4138], [135.4077, 34.4122], [135.4074, 34.4124], [135.4078, 34.4132], [135.4072, 34.4131], [135.4072, 34.4135], [135.4057, 34.413], [135.4057, 34.4124], [135.4051, 34.412], [135.4039, 34.4122], [135.4031, 34.412], [135.4029, 34.4125], [135.4021, 34.4123], [135.4022, 34.4119], [135.4018, 34.4118], [135.4014, 34.4125], [135.4011, 34.4124], [135.4006, 34.411], [135.3998, 34.4115], [135.3997, 34.4125], [135.3979, 34.4144], [135.3971, 34.4142], [135.3971, 34.4153], [135.3984, 34.415], [135.3985, 34.4157], [135.3963, 34.417], [135.3964, 34.4178], [135.3958, 34.418], [135.3948, 34.4158], [135.3946, 34.4162], [135.3943, 34.4161], [135.3939, 34.4173], [135.3919, 34.4199], [135.3899, 34.4179], [135.3891, 34.4179], [135.3888, 34.4174], [135.3878, 34.4177], [135.3877, 34.4186], [135.3866, 34.4196], [135.3863, 34.4206], [135.3853, 34.421], [135.3848, 34.4231], [135.3831, 34.4249], [135.382, 34.4271], [135.3816, 34.4285], [135.3821, 34.4291], [135.3828, 34.429], [135.383, 34.4299], [135.3824, 34.43], [135.3823, 34.4296], [135.3814, 34.4296], [135.3809, 34.4306], [135.3801, 34.4307], [135.3792, 34.4319], [135.3801, 34.4333], [135.38, 34.4341], [135.3816, 34.4334], [135.3819, 34.4337], [135.3803, 34.4347], [135.3788, 34.4371], [135.3778, 34.4379], [135.3781, 34.4392], [135.3795, 34.4394], [135.3797, 34.4411], [135.3819, 34.4427], [135.3797, 34.4458], [135.3799, 34.4462], [135.3725, 34.4516], [135.3721, 34.4513], [135.3726, 34.4509], [135.3723, 34.4506], [135.3711, 34.4514], [135.3706, 34.4511], [135.3698, 34.4517], [135.3693, 34.4512], [135.3676, 34.4527], [135.3665, 34.4542], [135.366, 34.4546], [135.3652, 34.4545], [135.3638, 34.4555], [135.3631, 34.4572], [135.3611, 34.4567], [135.3607, 34.4578], [135.3622, 34.4583], [135.3435, 34.4685]], [[135.3678, 34.4121], [135.3671, 34.4126], [135.3678, 34.4127], [135.3678, 34.4121]], [[135.3579, 34.4205], [135.3577, 34.4202], [135.3585, 34.4199], [135.3588, 34.4201], [135.359, 34.4198], [135.3595, 34.4201], [135.3596, 34.4197], [135.3584, 34.4199], [135.3581, 34.4196], [135.3576, 34.4203], [135.3579, 34.4205]], [[135.3552, 34.4205], [135.3552, 34.4198], [135.3547, 34.4204], [135.3552, 34.4205]], [[135.3549, 34.4196], [135.3545, 34.4195], [135.3544, 34.4199], [135.3548, 34.42], [135.3549, 34.4196]], [[135.3669, 34.4161], [135.367, 34.4155], [135.3657, 34.4159], [135.3669, 34.4161]]], [[[135.3599, 34.4178], [135.3596, 34.418], [135.3596, 34.4177], [135.3599, 34.4178]]], [[[135.3727, 34.4057], [135.3717, 34.4064], [135.3717, 34.4056], [135.3724, 34.4054], [135.3724, 34.4042], [135.3737, 34.4035], [135.3743, 34.4018], [135.3748, 34.4024], [135.3751, 34.402], [135.375, 34.4026], [135.3736, 34.4038], [135.3727, 34.4057]]], [[[135.3799, 34.3926], [135.3809, 34.3928], [135.3809, 34.3933], [135.3804, 34.3947], [135.3792, 34.3956], [135.3795, 34.3926], [135.3799, 34.3926]]]]}, "properties": {"name": "大阪府貝塚市"}}, {"type": "Feature", "geometry": {"type": "Polygon", "coordinates": [[[135.5557, 34.7453], [135.5575, 34.7434], [135.5606, 34.7414], [135.5612, 34.7396], [135.5604, 34.7371], [135.5566, 34.7346], [135.5563, 34.7349], [135.5534, 34.7332], [135.5545, 34.7312], [135.555, 34.7247], [135.5599, 34.726], [135.5607, 34.7251], [135.5628, 34.725], [135.5641, 34.7244], [135.5653, 34.7225], [135.5659, 34.7198], [135.5676, 34.7173], [135.5692, 34.7125], [135.5687, 34.7117], [135.5695, 34.7111], [135.5693, 34.7102], [135.57, 34.7101], [135.5701, 34.7088], [135.5741, 34.7087], [135.5747, 34.7129], [135.5772, 34.713], [135.5751, 34.7173], [135.5829, 34.7172], [135.5826, 34.7174], [135.5836, 34.7187], [135.5833, 34.7183], [135.5825, 34.7185], [135.5828, 34.7193], [135.5833, 34.7194], [135.5825, 34.7194], [135.5819, 34.7185], [135.5823, 34.7202], [135.5825, 34.7197], [135.583, 34.7197], [135.5825, 34.7202], [135.5834, 34.7202], [135.5834, 34.7199], [135.584, 34.7197], [135.5842, 34.7201], [135.5834, 34.7202], [135.5833, 34.721], [135.5822, 34.721], [135.5823, 34.7219], [135.5819, 34.7218], [135.5824, 34.722], [135.5823, 34.7222], [135.5825, 34.7234], [135.5824, 34.7223], [135.5829, 34.7222], [135.5829, 34.7232], [135.5832, 34.7221], [135.5835, 34.722], [135.5836, 34.7226], [135.5839, 34.7225], [135.5836, 34.7234], [135.5839, 34.7248], [135.5823, 34.7281], [135.5793, 34.7307], [135.5796, 34.7316], [135.5792, 34.7322], [135.5765, 34.7343], [135.5769, 34.735], [135.5759, 34.7366], [135.5761, 34.7371], [135.5749, 34.7377], [135.5708, 34.7377], [135.5714, 34.7399], [135.573, 34.7408], [135.5756, 34.7402], [135.5767, 34.7411], [135.5763, 34.7414], [135.5767, 34.7418], [135.5769, 34.7417], [135.5791, 34.7434], [135.5792, 34.7446], [135.5803, 34.7457], [135.5798, 34.7473], [135.5805, 34.7472], [135.5812, 34.7479], [135.5837, 34.7475], [135.5854, 34.7477], [135.5858, 34.7472], [135.5867, 34.7474], [135.589, 34.7469], [135.5911, 34.7478], [135.5946, 34.7457], [135.596, 34.746], [135.5987, 34.7448], [135.5999, 34.7452], [135.6044, 34.7454], [135.6068, 34.7495], [135.6063, 34.75], [135.605, 34.7506], [135.6039, 34.752], [135.604, 34.7541], [135.6049, 34.7547], [135.6045, 34.7556], [135.6031, 34.7562], [135.6025, 34.7553], [135.6014, 34.7549], [135.5992, 34.7568], [135.5982, 34.7565], [135.597, 34.7568], [135.5971, 34.7589], [135.5968, 34.7592], [135.5973, 34.7599], [135.5974, 34.7629], [135.5943, 34.7632], [135.5945, 34.7634], [135.594, 34.7632], [135.5934, 34.7643], [135.5919, 34.765], [135.5888, 34.7652], [135.5894, 34.7664], [135.5873, 34.7676], [135.5871, 34.7678], [135.5762, 34.7586], [135.5661, 34.7564], [135.5598, 34.7541], [135.558, 34.7524], [135.5569, 34.7508], [135.5558, 34.7478], [135.5557, 34.7453]]]}, "properties": {"name": "大阪府守口市"}}, {"type": "Feature", "geometry": {"type": "Polygon", "coordinates": [[[135.6142, 34.7916], [135.6195, 34.7909], [135.6227, 34.7901], [135.6265, 34.7905], [135.6309, 34.7902], [135.632, 34.7893], [135.6323, 34.7882], [135.6316, 34.7861], [135.633, 34.7852], [135.6343, 34.7855], [135.6361, 34.7851], [135.6387, 34.7853], [135.6413, 34.7861], [135.6436, 34.7857], [135.6443, 34.7839], [135.6467, 34.7843], [135.6489, 34.7834], [135.6489, 34.7823], [135.6497, 34.7817], [135.6492, 34.7808], [135.6515, 34.7758], [135.6516, 34.7732], [135.6523, 34.7735], [135.653, 34.7733], [135.6552, 34.7751], [135.6573, 34.7761], [135.659, 34.776], [135.6595, 34.775], [135.6625, 34.7762], [135.6658, 34.7765], [135.6673, 34.7762], [135.6688, 34.778], [135.6699, 34.7781], [135.6702, 34.7786], [135.6715, 34.7785], [135.6713, 34.7809], [135.6707, 34.7819], [135.6701, 34.7849], [135.6704, 34.7855], [135.6719, 34.7858], [135.6701, 34.7887], [135.6691, 34.7916], [135.6641, 34.7955], [135.6655, 34.7955], [135.6668, 34.7961], [135.6661, 34.7973], [135.6677, 34.7983], [135.67, 34.7986], [135.6699, 34.799], [135.6704, 34.7992], [135.6734, 34.7995], [135.6742, 34.8016], [135.674, 34.8018], [135.6745, 34.8021], [135.6752, 34.8015], [135.6765, 34.8034], [135.677, 34.803], [135.6767, 34.8024], [135.6772, 34.802], [135.6796, 34.8025], [135.6801, 34.8015], [135.6812, 34.8011], [135.6811, 34.8005], [135.6825, 34.7999], [135.6845, 34.8005], [135.6847, 34.8002], [135.6859, 34.8003], [135.6868, 34.7996], [135.6876, 34.7994], [135.6896, 34.7997], [135.692, 34.8007], [135.6938, 34.8004], [135.696, 34.8006], [135.6977, 34.8001], [135.6977, 34.7998], [135.6991, 34.7999], [135.7008, 34.7993], [135.7023, 34.7994], [135.7058, 34.7981], [135.7076, 34.7983], [135.7088, 34.798], [135.709, 34.7956], [135.7099, 34.7958], [135.711, 34.7948], [135.7125, 34.7947], [135.7131, 34.794], [135.7148, 34.7938], [135.7151, 34.7923], [135.7143, 34.7903], [135.7164, 34.7888], [135.7161, 34.7881], [135.7164, 34.7861], [135.7151, 34.7832], [135.7142, 34.7828], [135.7129, 34.7832], [135.7118, 34.7814], [135.7132, 34.7798], [135.7153, 34.7799], [135.7166, 34.7791], [135.7172, 34.7776], [135.719, 34.7762], [135.7201, 34.7746], [135.7223, 34.7747], [135.7251, 34.7758], [135.7271, 34.776], [135.7296, 34.7769], [135.7297, 34.7776], [135.7289, 34.778], [135.7292, 34.7792], [135.7294, 34.7796], [135.7301, 34.7796], [135.7308, 34.7811], [135.7324, 34.7811], [135.7333, 34.7824], [135.7331, 34.7833], [135.7335, 34.7837], [135.7358, 34.7844], [135.7382, 34.7872], [135.741, 34.7883], [135.7403, 34.7903], [135.7397, 34.7905], [135.7395, 34.7911], [135.7403, 34.7916], [135.7407, 34.7932], [135.7431, 34.7934], [135.7437, 34.7958], [135.7461, 34.7984], [135.7466, 34.7996], [135.7466, 34.8032], [135.746, 34.8043], [135.7441, 34.8044], [135.7434, 34.8049], [135.7414, 34.8092], [135.7375, 34.8127], [135.7363, 34.8132], [135.7362, 34.8142], [135.7367, 34.8146], [135.7353, 34.8181], [135.735, 34.8204], [135.7333, 34.8207], [135.7322, 34.8226], [135.7312, 34.8228], [135.7298, 34.8225], [135.727, 34.8238], [135.7254, 34.8231], [135.7241, 34.8232], [135.7233, 34.8249], [135.7232, 34.8268], [135.7225, 34.8274], [135.7223, 34.8281], [135.7212, 34.8287], [135.7209, 34.8295], [135.7194, 34.8297], [135.7195, 34.8312], [135.718, 34.8323], [135.7185, 34.8333], [135.7172, 34.8353], [135.7164, 34.8355], [135.716, 34.8362], [135.7156, 34.8378], [135.7145, 34.8391], [135.7135, 34.8395], [135.7133, 34.8399], [135.7122, 34.8399], [135.7114, 34.8408], [135.711, 34.8416], [135.7117, 34.8419], [135.7117, 34.8426], [135.7111, 34.844], [135.7101, 34.8441], [135.7098, 34.8446], [135.71, 34.8467], [135.7092, 34.8469], [135.7073, 34.8496], [135.7061, 34.8499], [135.7057, 34.8508], [135.7039, 34.8514], [135.7031, 34.8512], [135.7024, 34.8517], [135.7017, 34.8509], [135.7009, 34.8508], [135.7, 34.8498], [135.6983, 34.8492], [135.6976, 34.8486], [135.6946, 34.8479], [135.6946, 34.8507], [135.692, 34.8526], [135.6917, 34.8534], [135.6924, 34.8548], [135.6906, 34.8563], [135.6912, 34.8586], [135.6929, 34.8594], [135.6935, 34.86], [135.6943, 34.86], [135.6945, 34.8606], [135.6944, 34.861], [135.693, 34.8607], [135.6921, 34.8613], [135.6909, 34.8615], [135.6909, 34.8629], [135.6921, 34.865], [135.692, 34.8656], [135.6915, 34.8656], [135.6913, 34.8689], [135.6898, 34.8694], [135.6886, 34.869], [135.6881, 34.8696], [135.687, 34.8697], [135.6853, 34.8707], [135.685, 34.8713], [135.6824, 34.8722], [135.6818, 34.8751], [135.6814, 34.8752], [135.6835, 34.8774], [135.6835, 34.8781], [135.6827, 34.8789], [135.6827, 34.8795], [135.6796, 34.8812], [135.678, 34.8766], [135.6757, 34.8734], [135.672, 34.8695], [135.671, 34.8682], [135.6719, 34.8663], [135.6695, 34.8607], [135.6676, 34.8593], [135.6662, 34.8567], [135.6646, 34.8549], [135.6614, 34.8528], [135.6532, 34.8502], [135.6499, 34.8474], [135.6477, 34.8426], [135.6462, 34.8374], [135.6463, 34.8303], [135.6419, 34.824], [135.6414, 34.8218], [135.6413, 34.8185], [135.6406, 34.8164], [135.6389, 34.8144], [135.6367, 34.8132], [135.6349, 34.8126], [135.6289, 34.8115], [135.6268, 34.8106], [135.6224, 34.8077], [135.6209, 34.8059], [135.6196, 34.8051], [135.6185, 34.8037], [135.618, 34.8018], [135.615, 34.7994], [135.6143, 34.7965], [135.6142, 34.7916]]]}, "properties": {"name": "大阪府枚方市"}}, {"type": "Feature", "geometry": {"type": "MultiPolygon", "coordinates": [[[[135.5527, 34.7944], [135.5527, 34.7935], [135.5549, 34.7933], [135.5552, 34.792], [135.5559, 34.7916], [135.5587, 34.7914], [135.5591, 34.7918], [135.5591, 34.7929], [135.5616, 34.7929], [135.5615, 34.7925], [135.562, 34.793], [135.5623, 34.7925], [135.5625, 34.7927], [135.562, 34.7908], [135.5626, 34.7908], [135.5625, 34.7883], [135.5629, 34.7881], [135.5635, 34.7884], [135.5628, 34.7865], [135.5634, 34.7862], [135.5626, 34.7831], [135.5684, 34.7856], [135.5678, 34.7814], [135.5681, 34.7791], [135.5675, 34.7778], [135.5653, 34.7762], [135.5665, 34.7752], [135.5685, 34.7765], [135.5698, 34.7767], [135.5702, 34.7765], [135.571, 34.7771], [135.5722, 34.7768], [135.572, 34.7781], [135.5739, 34.7794], [135.5741, 34.7805], [135.5775, 34.7844], [135.582, 34.7867], [135.5824, 34.7866], [135.5876, 34.7916], [135.588, 34.7929], [135.5885, 34.7933], [135.5903, 34.7936], [135.5912, 34.7947], [135.5943, 34.7964], [135.5953, 34.7975], [135.5974, 34.7989], [135.5984, 34.7999], [135.5989, 34.8015], [135.5988, 34.813], [135.5996, 34.8136], [135.6012, 34.8139], [135.6037, 34.8151], [135.6039, 34.8162], [135.606, 34.8163], [135.6063, 34.8166], [135.6062, 34.8185], [135.5988, 34.8187], [135.5988, 34.8207], [135.5942, 34.8207], [135.5939, 34.8207], [135.5938, 34.8217], [135.5903, 34.8218], [135.59, 34.8228], [135.588, 34.8229], [135.588, 34.8238], [135.5867, 34.8238], [135.5869, 34.8256], [135.5864, 34.8274], [135.5867, 34.8291], [135.5861, 34.8293], [135.5863, 34.831], [135.5867, 34.8314], [135.5862, 34.8318], [135.5839, 34.8321], [135.5829, 34.8357], [135.5832, 34.8378], [135.5836, 34.8397], [135.5855, 34.8395], [135.5855, 34.8416], [135.5828, 34.8443], [135.5815, 34.8472], [135.5796, 34.8472], [135.5745, 34.849], [135.5719, 34.8486], [135.571, 34.8494], [135.5703, 34.851], [135.5692, 34.8515], [135.5692, 34.8522], [135.5668, 34.8565], [135.5681, 34.8592], [135.5692, 34.8605], [135.5698, 34.865], [135.5688, 34.8667], [135.5685, 34.8687], [135.5669, 34.8691], [135.5654, 34.8703], [135.5643, 34.8704], [135.5627, 34.8719], [135.5654, 34.8743], [135.5671, 34.875], [135.5651, 34.8767], [135.5655, 34.8773], [135.5669, 34.8779], [135.5679, 34.877], [135.5694, 34.8771], [135.5694, 34.8773], [135.5683, 34.8772], [135.5673, 34.8777], [135.5671, 34.878], [135.5678, 34.879], [135.5691, 34.8797], [135.5702, 34.8809], [135.5723, 34.8803], [135.574, 34.8809], [135.5722, 34.8814], [135.5709, 34.883], [135.5696, 34.8839], [135.5696, 34.8833], [135.5676, 34.8844], [135.566, 34.8863], [135.5664, 34.887], [135.5662, 34.8876], [135.567, 34.8886], [135.5681, 34.8886], [135.5695, 34.8892], [135.5704, 34.8912], [135.5696, 34.8925], [135.5692, 34.896], [135.5711, 34.8978], [135.5698, 34.8992], [135.567, 34.8991], [135.5658, 34.9002], [135.5693, 34.9026], [135.5709, 34.9027], [135.5715, 34.9035], [135.5733, 34.9037], [135.5738, 34.9051], [135.5752, 34.9056], [135.5755, 34.9065], [135.5741, 34.9066], [135.5748, 34.9083], [135.5744, 34.9089], [135.5749, 34.9097], [135.5761, 34.9099], [135.5766, 34.9128], [135.5754, 34.9142], [135.574, 34.9152], [135.574, 34.9159], [135.5733, 34.9168], [135.572, 34.9164], [135.5696, 34.9169], [135.5675, 34.9163], [135.5652, 34.9174], [135.5628, 34.9178], [135.5598, 34.9178], [135.5589, 34.9184], [135.558, 34.918], [135.5579, 34.9175], [135.5533, 34.9155], [135.5513, 34.9178], [135.5494, 34.9186], [135.5484, 34.9169], [135.5463, 34.9166], [135.5442, 34.9175], [135.5439, 34.9167], [135.5428, 34.9156], [135.5408, 34.9153], [135.5388, 34.918], [135.5369, 34.9188], [135.536, 34.9204], [135.5353, 34.9206], [135.5364, 34.9217], [135.538, 34.9255], [135.5341, 34.9263], [135.5335, 34.9271], [135.5311, 34.9274], [135.5304, 34.9271], [135.5279, 34.9281], [135.527, 34.9289], [135.5251, 34.9288], [135.5257, 34.9274], [135.5252, 34.9263], [135.5252, 34.9236], [135.5247, 34.922], [135.5246, 34.9197], [135.5242, 34.9192], [135.5229, 34.9189], [135.5226, 34.9173], [135.5209, 34.9164], [135.5199, 34.9151], [135.5196, 34.9142], [135.5202, 34.9133], [135.52, 34.9124], [135.517, 34.9112], [135.5168, 34.9078], [135.5161, 34.9073], [135.5178, 34.9052], [135.518, 34.9047], [135.5176, 34.9045], [135.5176, 34.904], [135.5165, 34.9029], [135.5139, 34.9028], [135.5122, 34.9016], [135.5113, 34.9003], [135.5119, 34.8987], [135.5115, 34.8981], [135.5094, 34.8972], [135.5094, 34.8985], [135.5082, 34.8987], [135.5033, 34.8959], [135.5007, 34.8958], [135.5016, 34.8938], [135.5009, 34.8903], [135.5009, 34.8881], [135.5003, 34.8877], [135.4984, 34.8843], [135.4964, 34.8833], [135.4959, 34.882], [135.4964, 34.8811], [135.4985, 34.8804], [135.4983, 34.8801], [135.4993, 34.8793], [135.4995, 34.8778], [135.4998, 34.8759], [135.5016, 34.8735], [135.5016, 34.8725], [135.5034, 34.8699], [135.5039, 34.8711], [135.5057, 34.8722], [135.5072, 34.8747], [135.5099, 34.8755], [135.5116, 34.8744], [135.5133, 34.8713], [135.513, 34.8701], [135.5117, 34.8683], [135.5126, 34.8657], [135.5142, 34.8642], [135.5158, 34.8641], [135.516, 34.8638], [135.5156, 34.8609], [135.5146, 34.8602], [135.5177, 34.8573], [135.5201, 34.8564], [135.5203, 34.8556], [135.5197, 34.8544], [135.5202, 34.8542], [135.5204, 34.8536], [135.5201, 34.852], [135.5226, 34.8519], [135.5226, 34.8477], [135.5251, 34.8477], [135.525, 34.8457], [135.5239, 34.8451], [135.5244, 34.8444], [135.5259, 34.8439], [135.5257, 34.8434], [135.5252, 34.8434], [135.5249, 34.8431], [135.5252, 34.841], [135.5239, 34.841], [135.5223, 34.8399], [135.5199, 34.8408], [135.5185, 34.8388], [135.52, 34.8388], [135.5197, 34.8377], [135.5205, 34.837], [135.5205, 34.8358], [135.5232, 34.8343], [135.5246, 34.8349], [135.5254, 34.8343], [135.526, 34.8346], [135.5264, 34.8342], [135.5253, 34.834], [135.5237, 34.8331], [135.5246, 34.8323], [135.5257, 34.8323], [135.5264, 34.831], [135.5253, 34.827], [135.524, 34.8262], [135.5241, 34.8259], [135.5233, 34.826], [135.523, 34.8248], [135.5224, 34.8245], [135.5241, 34.8238], [135.5285, 34.8204], [135.5296, 34.8188], [135.529, 34.8187], [135.5288, 34.8182], [135.5302, 34.8174], [135.5302, 34.8162], [135.5325, 34.8154], [135.5335, 34.8156], [135.5344, 34.8152], [135.5365, 34.8159], [135.5377, 34.8155], [135.5371, 34.8147], [135.5393, 34.8136], [135.5403, 34.8133], [135.5401, 34.8137], [135.5406, 34.8139], [135.542, 34.8138], [135.5425, 34.8125], [135.5443, 34.8113], [135.547, 34.8107], [135.5495, 34.8094], [135.5515, 34.8093], [135.5521, 34.8095], [135.5532, 34.8091], [135.5529, 34.8087], [135.552, 34.8087], [135.5518, 34.8082], [135.5547, 34.8073], [135.5552, 34.8063], [135.5557, 34.8061], [135.5552, 34.8048], [135.5549, 34.8056], [135.5545, 34.8057], [135.5541, 34.8044], [135.5533, 34.8037], [135.5535, 34.803], [135.5547, 34.8018], [135.5548, 34.7988], [135.5546, 34.7973], [135.5527, 34.7944]]], [[[135.5466, 34.8051], [135.5471, 34.8062], [135.546, 34.8081], [135.5452, 34.8078], [135.5443, 34.808], [135.5436, 34.8076], [135.5437, 34.8067], [135.5455, 34.8061], [135.545, 34.8055], [135.5452, 34.8052], [135.5457, 34.8049], [135.5466, 34.8051]]], [[[135.5492, 34.7976], [135.5494, 34.798], [135.549, 34.798], [135.5492, 34.7976]]]]}, "properties": {"name": "大阪府茨木市"}}, {"type": "Feature", "geometry": {"type": "Polygon", "coordinates": [[[135.5772, 34.5928], [135.5824, 34.5913], [135.5856, 34.5898], [135.5848, 34.5887], [135.5855, 34.5889], [135.586, 34.5896], [135.5874, 34.5889], [135.5866, 34.5879], [135.5867, 34.5871], [135.5874, 34.5871], [135.5873, 34.586], [135.5897, 34.5861], [135.5902, 34.5859], [135.5909, 34.5861], [135.5915, 34.5869], [135.5919, 34.5867], [135.5915, 34.585], [135.593, 34.585], [135.5935, 34.5858], [135.5963, 34.5848], [135.5967, 34.5849], [135.5967, 34.5861], [135.5991, 34.5861], [135.5991, 34.5865], [135.6014, 34.5854], [135.6014, 34.5837], [135.6041, 34.5837], [135.6052, 34.5837], [135.6052, 34.5862], [135.6064, 34.5861], [135.6063, 34.5871], [135.6075, 34.5871], [135.6075, 34.5877], [135.6086, 34.5877], [135.6087, 34.589], [135.6076, 34.589], [135.6075, 34.5901], [135.6075, 34.5914], [135.6086, 34.5914], [135.6086, 34.5919], [135.611, 34.5921], [135.6113, 34.5931], [135.6189, 34.5932], [135.6187, 34.5945], [135.6226, 34.5955], [135.6209, 34.598], [135.6207, 34.5989], [135.6213, 34.5983], [135.6234, 34.5981], [135.6236, 34.5988], [135.6243, 34.5992], [135.6242, 34.5995], [135.6315, 34.6001], [135.6316, 34.6011], [135.634, 34.6012], [135.6392, 34.601], [135.6407, 34.6004], [135.6426, 34.601], [135.6437, 34.6003], [135.6447, 34.6006], [135.6462, 34.6002], [135.6466, 34.5995], [135.6474, 34.5992], [135.6486, 34.5999], [135.6505, 34.6016], [135.6509, 34.6025], [135.6502, 34.6031], [135.6508, 34.604], [135.6506, 34.6053], [135.6511, 34.6065], [135.6519, 34.6065], [135.652, 34.6068], [135.651, 34.6068], [135.6501, 34.6078], [135.65, 34.6085], [135.6505, 34.6097], [135.6519, 34.6097], [135.6535, 34.6109], [135.6554, 34.6115], [135.6572, 34.6115], [135.657, 34.6136], [135.6579, 34.6159], [135.6574, 34.6165], [135.6584, 34.6173], [135.6599, 34.6218], [135.6592, 34.6234], [135.661, 34.6259], [135.6614, 34.6286], [135.6624, 34.6288], [135.6627, 34.6295], [135.663, 34.6331], [135.6611, 34.6348], [135.6616, 34.6356], [135.6626, 34.6354], [135.6632, 34.6362], [135.6627, 34.6365], [135.6623, 34.6381], [135.6622, 34.6401], [135.6641, 34.6423], [135.6635, 34.6434], [135.6596, 34.6442], [135.6581, 34.6453], [135.6582, 34.6458], [135.6569, 34.646], [135.6561, 34.6453], [135.6555, 34.6459], [135.6548, 34.6449], [135.6542, 34.6449], [135.6543, 34.6442], [135.6537, 34.6448], [135.6526, 34.6444], [135.648, 34.6454], [135.6477, 34.645], [135.647, 34.645], [135.6471, 34.6442], [135.6453, 34.644], [135.6452, 34.6442], [135.6441, 34.6438], [135.642, 34.6444], [135.6414, 34.6442], [135.6324, 34.6443], [135.6325, 34.6403], [135.6313, 34.6403], [135.6313, 34.6433], [135.6318, 34.6433], [135.6318, 34.6443], [135.6255, 34.6445], [135.6256, 34.6504], [135.6182, 34.6503], [135.6181, 34.648], [135.6166, 34.6483], [135.6169, 34.6502], [135.5944, 34.6506], [135.5943, 34.6446], [135.5956, 34.6446], [135.5955, 34.6416], [135.5905, 34.6416], [135.5906, 34.6408], [135.589, 34.6406], [135.5889, 34.6401], [135.588, 34.6399], [135.5862, 34.6399], [135.5854, 34.6392], [135.5876, 34.6368], [135.5867, 34.636], [135.5901, 34.6337], [135.5895, 34.633], [135.589, 34.633], [135.5888, 34.6323], [135.5746, 34.6324], [135.5747, 34.6303], [135.5759, 34.6303], [135.5761, 34.6282], [135.5771, 34.6263], [135.5763, 34.6263], [135.5757, 34.6238], [135.5753, 34.6238], [135.5755, 34.6204], [135.5749, 34.6204], [135.5749, 34.6198], [135.5755, 34.6195], [135.5755, 34.6185], [135.5746, 34.6182], [135.5729, 34.619], [135.5692, 34.62], [135.5692, 34.6203], [135.5684, 34.6205], [135.5685, 34.6209], [135.5663, 34.6209], [135.5648, 34.6214], [135.5634, 34.6212], [135.5636, 34.6222], [135.5625, 34.6231], [135.5621, 34.6216], [135.5619, 34.6175], [135.5621, 34.6169], [135.5638, 34.6163], [135.5651, 34.6166], [135.5666, 34.6159], [135.5679, 34.6159], [135.5679, 34.6148], [135.5691, 34.6147], [135.5691, 34.6138], [135.5728, 34.6137], [135.5744, 34.6138], [135.5744, 34.6152], [135.5736, 34.6164], [135.5736, 34.6175], [135.5747, 34.6148], [135.5776, 34.6147], [135.5778, 34.6137], [135.5764, 34.6137], [135.5764, 34.6118], [135.5813, 34.6121], [135.5826, 34.6118], [135.583, 34.6105], [135.5845, 34.6094], [135.587, 34.6094], [135.5873, 34.6048], [135.5859, 34.6049], [135.5859, 34.6042], [135.585, 34.6043], [135.5848, 34.6038], [135.5836, 34.6038], [135.5836, 34.6029], [135.5812, 34.6029], [135.5812, 34.601], [135.5798, 34.6009], [135.58, 34.5939], [135.5776, 34.5939], [135.5772, 34.5928]]]}, "properties": {"name": "大阪府八尾市"}}, {"type": "Feature", "geometry": {"type": "MultiPolygon", "coordinates": [[[[135.2895, 34.3833], [135.2898, 34.3818], [135.2872, 34.3804], [135.2885, 34.3788], [135.2884, 34.3793], [135.2902, 34.379], [135.2931, 34.3796], [135.2941, 34.3787], [135.2964, 34.3803], [135.2957, 34.3808], [135.2967, 34.3812], [135.2982, 34.3816], [135.2979, 34.3808], [135.3004, 34.3812], [135.3009, 34.3807], [135.3029, 34.3811], [135.3045, 34.3818], [135.3044, 34.3822], [135.3054, 34.3822], [135.3074, 34.3808], [135.3094, 34.3801], [135.3113, 34.377], [135.312, 34.3772], [135.3119, 34.3768], [135.3129, 34.3763], [135.3135, 34.3766], [135.317, 34.3715], [135.3177, 34.3715], [135.3189, 34.3701], [135.3191, 34.3692], [135.3197, 34.3692], [135.3201, 34.3687], [135.32, 34.3678], [135.3209, 34.3673], [135.3214, 34.3658], [135.3221, 34.3652], [135.3221, 34.3645], [135.3218, 34.3643], [135.3238, 34.3626], [135.3226, 34.3582], [135.3225, 34.3554], [135.3242, 34.3533], [135.3249, 34.3512], [135.3268, 34.3503], [135.3274, 34.3479], [135.3273, 34.3469], [135.3289, 34.3451], [135.3292, 34.3432], [135.3289, 34.3417], [135.3297, 34.3402], [135.3311, 34.3402], [135.3313, 34.341], [135.3328, 34.342], [135.3337, 34.3422], [135.3347, 34.3423], [135.3349, 34.3416], [135.3354, 34.3414], [135.3363, 34.3421], [135.3376, 34.341], [135.3392, 34.3414], [135.3406, 34.337], [135.339, 34.3351], [135.342, 34.3352], [135.3461, 34.3304], [135.3481, 34.3311], [135.3492, 34.3319], [135.3502, 34.3317], [135.3521, 34.3322], [135.3538, 34.3321], [135.3555, 34.3336], [135.3567, 34.3331], [135.3577, 34.3336], [135.3582, 34.3331], [135.3591, 34.3331], [135.3598, 34.3326], [135.3622, 34.3292], [135.3635, 34.3298], [135.3662, 34.3298], [135.3669, 34.3308], [135.3681, 34.3312], [135.3703, 34.3304], [135.3717, 34.3302], [135.3732, 34.3304], [135.3749, 34.3311], [135.3757, 34.331], [135.3767, 34.3302], [135.3778, 34.3302], [135.3794, 34.3287], [135.3803, 34.3286], [135.3814, 34.3292], [135.3837, 34.3296], [135.3869, 34.3292], [135.3881, 34.3328], [135.391, 34.3331], [135.3942, 34.3309], [135.3957, 34.3309], [135.3968, 34.3304], [135.3976, 34.3308], [135.3979, 34.3316], [135.3993, 34.3328], [135.4019, 34.3327], [135.4034, 34.334], [135.4055, 34.334], [135.407, 34.3363], [135.4071, 34.3389], [135.4084, 34.3403], [135.4091, 34.3417], [135.4086, 34.3425], [135.4087, 34.3437], [135.4081, 34.3456], [135.4073, 34.347], [135.4066, 34.3472], [135.406, 34.348], [135.405, 34.348], [135.4045, 34.3485], [135.4026, 34.3481], [135.4018, 34.3485], [135.4013, 34.3469], [135.4004, 34.3468], [135.3981, 34.3473], [135.3975, 34.3469], [135.3959, 34.348], [135.3943, 34.3475], [135.3932, 34.3479], [135.3925, 34.3473], [135.3918, 34.3476], [135.3914, 34.3484], [135.3915, 34.3512], [135.3898, 34.3522], [135.3892, 34.3543], [135.3883, 34.3556], [135.3862, 34.3549], [135.385, 34.3549], [135.3809, 34.356], [135.3799, 34.3585], [135.3816, 34.3618], [135.381, 34.3633], [135.3792, 34.3642], [135.3748, 34.3642], [135.3724, 34.3656], [135.3718, 34.365], [135.3717, 34.3644], [135.3704, 34.3644], [135.3691, 34.3664], [135.3672, 34.3671], [135.3673, 34.3676], [135.366, 34.368], [135.3646, 34.3675], [135.3617, 34.369], [135.3604, 34.3692], [135.3601, 34.3698], [135.3552, 34.3733], [135.3554, 34.3753], [135.3549, 34.3759], [135.3547, 34.3792], [135.3536, 34.379], [135.3525, 34.3794], [135.3522, 34.3802], [135.3518, 34.3796], [135.3511, 34.3803], [135.3494, 34.3801], [135.348, 34.3812], [135.3483, 34.3818], [135.3474, 34.3832], [135.3435, 34.3861], [135.3434, 34.3868], [135.3428, 34.3868], [135.3432, 34.388], [135.343, 34.3889], [135.3424, 34.3892], [135.3433, 34.3889], [135.3438, 34.3893], [135.3424, 34.3904], [135.3408, 34.3908], [135.3412, 34.3911], [135.3405, 34.3917], [135.3399, 34.3915], [135.3395, 34.3918], [135.3389, 34.3932], [135.3391, 34.3951], [135.3384, 34.3956], [135.3371, 34.3955], [135.3363, 34.3975], [135.3364, 34.3984], [135.3355, 34.3988], [135.3364, 34.4005], [135.3358, 34.4014], [135.3381, 34.4035], [135.3379, 34.4041], [135.3391, 34.4047], [135.3392, 34.4055], [135.338, 34.4067], [135.3387, 34.4066], [135.3391, 34.4069], [135.3401, 34.4066], [135.3405, 34.4077], [135.3417, 34.4066], [135.3436, 34.409], [135.345, 34.4079], [135.347, 34.4104], [135.3479, 34.4104], [135.3485, 34.4092], [135.3496, 34.4088], [135.3511, 34.4076], [135.3534, 34.4068], [135.3541, 34.4069], [135.3537, 34.4091], [135.3539, 34.4116], [135.355, 34.4133], [135.3548, 34.416], [135.3553, 34.4168], [135.3558, 34.417], [135.3563, 34.4167], [135.3561, 34.4173], [135.3573, 34.4182], [135.3563, 34.42], [135.3547, 34.4188], [135.3541, 34.4192], [135.3536, 34.4195], [135.3501, 34.4214], [135.3488, 34.4226], [135.3484, 34.4247], [135.3478, 34.4253], [135.3457, 34.4259], [135.3459, 34.4265], [135.3453, 34.4261], [135.3447, 34.4267], [135.3435, 34.4269], [135.3444, 34.4278], [135.3397, 34.4293], [135.3376, 34.432], [135.3356, 34.4318], [135.3317, 34.4327], [135.3307, 34.4329], [135.3249, 34.4369], [135.321, 34.433], [135.3225, 34.432], [135.3223, 34.4318], [135.3215, 34.4323], [135.3224, 34.4317], [135.3226, 34.432], [135.3249, 34.4304], [135.3245, 34.4297], [135.3261, 34.4314], [135.3283, 34.43], [135.3232, 34.4248], [135.3224, 34.4254], [135.3221, 34.4252], [135.3231, 34.4247], [135.3228, 34.4244], [135.3206, 34.4258], [135.3234, 34.4286], [135.3228, 34.4281], [135.3206, 34.4295], [135.3211, 34.4295], [135.321, 34.4297], [135.3205, 34.43], [135.3206, 34.4296], [135.3185, 34.431], [135.318, 34.4309], [135.3138, 34.4266], [135.3196, 34.4226], [135.3222, 34.4225], [135.3225, 34.4224], [135.322, 34.422], [135.3196, 34.422], [135.3154, 34.4232], [135.3166, 34.4226], [135.3195, 34.4219], [135.3198, 34.4216], [135.3193, 34.4214], [135.3197, 34.4209], [135.3187, 34.4203], [135.3174, 34.4221], [135.317, 34.4219], [135.3184, 34.4205], [135.3168, 34.4195], [135.3162, 34.4202], [135.3168, 34.4208], [135.316, 34.4203], [135.3154, 34.4211], [135.3162, 34.4218], [135.3142, 34.4202], [135.3135, 34.421], [135.3149, 34.4222], [135.3155, 34.4222], [135.3149, 34.4223], [135.3138, 34.4213], [135.3133, 34.4219], [135.313, 34.4217], [135.3137, 34.4213], [135.3134, 34.421], [135.3141, 34.4202], [135.3135, 34.4197], [135.3128, 34.4205], [135.3126, 34.4203], [135.3135, 34.4197], [135.3133, 34.4195], [135.3125, 34.4202], [135.3123, 34.4201], [135.3132, 34.4195], [135.313, 34.4192], [135.3122, 34.42], [135.312, 34.4198], [135.3129, 34.4192], [135.3127, 34.4189], [135.3117, 34.4196], [135.3126, 34.4189], [135.3124, 34.4187], [135.3115, 34.4193], [135.3124, 34.4187], [135.3121, 34.4185], [135.3113, 34.4192], [135.3121, 34.4184], [135.3119, 34.4182], [135.3111, 34.419], [135.3118, 34.4182], [135.3116, 34.4181], [135.3109, 34.4187], [135.3108, 34.4193], [135.3127, 34.4213], [135.3107, 34.4193], [135.3108, 34.4186], [135.311, 34.4184], [135.3096, 34.4171], [135.3065, 34.4194], [135.307, 34.4199], [135.3064, 34.4195], [135.3103, 34.423], [135.3022, 34.4157], [135.2946, 34.415], [135.2942, 34.4147], [135.2667, 34.4355], [135.2649, 34.4373], [135.2651, 34.4378], [135.2592, 34.4437], [135.2562, 34.4438], [135.2558, 34.4441], [135.2554, 34.4438], [135.2553, 34.4446], [135.2553, 34.4438], [135.2547, 34.4439], [135.2546, 34.4445], [135.2546, 34.4439], [135.254, 34.444], [135.254, 34.4447], [135.2539, 34.444], [135.2533, 34.444], [135.2533, 34.4445], [135.253, 34.444], [135.2531, 34.4446], [135.253, 34.444], [135.2521, 34.4441], [135.253, 34.4449], [135.2518, 34.4442], [135.2544, 34.4459], [135.2552, 34.4462], [135.2566, 34.4461], [135.2572, 34.4458], [135.2579, 34.4452], [135.2572, 34.4458], [135.2569, 34.446], [135.2563, 34.4462], [135.2557, 34.4463], [135.255, 34.4462], [135.2544, 34.4459], [135.2417, 34.4374], [135.252, 34.4299], [135.2522, 34.4309], [135.2566, 34.4338], [135.2602, 34.4353], [135.2632, 34.4373], [135.2641, 34.4368], [135.2645, 34.437], [135.2672, 34.4345], [135.2939, 34.4144], [135.2935, 34.414], [135.293, 34.4069], [135.292, 34.4068], [135.2919, 34.4063], [135.2889, 34.4035], [135.2931, 34.4005], [135.2943, 34.3992], [135.2955, 34.3999], [135.2967, 34.399], [135.2951, 34.3977], [135.2963, 34.3967], [135.2986, 34.3933], [135.2983, 34.3927], [135.2976, 34.3929], [135.2974, 34.3922], [135.298, 34.3914], [135.2999, 34.391], [135.3004, 34.39], [135.2989, 34.3893], [135.2979, 34.3892], [135.2977, 34.3897], [135.2972, 34.3894], [135.2978, 34.3886], [135.2969, 34.3881], [135.2988, 34.3855], [135.2968, 34.3845], [135.2952, 34.3867], [135.2942, 34.3861], [135.2948, 34.3859], [135.2945, 34.3857], [135.2929, 34.3851], [135.2925, 34.3856], [135.2917, 34.3855], [135.2892, 34.3841], [135.2898, 34.3834], [135.2895, 34.3833]]], [[[135.2329, 34.4435], [135.2399, 34.4385], [135.2522, 34.4466], [135.25, 34.4485], [135.2501, 34.4511], [135.2519, 34.4512], [135.2455, 34.4514], [135.2416, 34.4554], [135.2378, 34.4528], [135.2359, 34.4507], [135.2291, 34.4462], [135.2329, 34.4435]]], [[[135.3008, 34.3526], [135.3009, 34.3533], [135.2995, 34.3529], [135.2995, 34.3535], [135.2989, 34.3537], [135.2993, 34.3547], [135.2983, 34.3544], [135.2963, 34.3553], [135.2958, 34.355], [135.2958, 34.3545], [135.2979, 34.3535], [135.2983, 34.3526], [135.298, 34.3522], [135.2987, 34.3517], [135.2992, 34.352], [135.2995, 34.3515], [135.2998, 34.3518], [135.3004, 34.3513], [135.3011, 34.3515], [135.3008, 34.3526]]]]}, "properties": {"name": "大阪府泉佐野市"}}, {"type": "Feature", "geometry": {"type": "Polygon", "coordinates": [[[135.5668, 34.5135], [135.5636, 34.5132], [135.5604, 34.5119], [135.5605, 34.5091], [135.5599, 34.5078], [135.5606, 34.5067], [135.5603, 34.5051], [135.5595, 34.5044], [135.5597, 34.5014], [135.5611, 34.5011], [135.5613, 34.5003], [135.5609, 34.5], [135.561, 34.4993], [135.5604, 34.4992], [135.5607, 34.4976], [135.5596, 34.4974], [135.5599, 34.4958], [135.5605, 34.4958], [135.561, 34.4938], [135.5623, 34.493], [135.5639, 34.4932], [135.5635, 34.4911], [135.5624, 34.4918], [135.5603, 34.4918], [135.5603, 34.4907], [135.5597, 34.4905], [135.5599, 34.4902], [135.5592, 34.4905], [135.5583, 34.4897], [135.5587, 34.4886], [135.5584, 34.4876], [135.5591, 34.4866], [135.5583, 34.4867], [135.5581, 34.486], [135.5583, 34.4856], [135.5593, 34.4854], [135.5594, 34.4856], [135.5597, 34.4852], [135.5581, 34.4856], [135.5578, 34.485], [135.5583, 34.4842], [135.5586, 34.4845], [135.5596, 34.4845], [135.5604, 34.4817], [135.561, 34.4815], [135.5606, 34.4805], [135.5593, 34.4798], [135.5602, 34.4794], [135.561, 34.478], [135.5618, 34.4777], [135.5632, 34.476], [135.566, 34.4769], [135.567, 34.4776], [135.5692, 34.4766], [135.5717, 34.4763], [135.5727, 34.4758], [135.5732, 34.4762], [135.5739, 34.4759], [135.5746, 34.4762], [135.5755, 34.4753], [135.577, 34.4748], [135.5768, 34.4739], [135.5771, 34.4727], [135.5794, 34.4712], [135.5799, 34.4712], [135.5803, 34.4699], [135.5822, 34.4693], [135.5828, 34.4686], [135.5827, 34.4669], [135.5819, 34.4653], [135.5797, 34.4655], [135.5793, 34.465], [135.5782, 34.4604], [135.5784, 34.456], [135.5777, 34.4543], [135.5813, 34.4527], [135.5832, 34.4532], [135.5822, 34.4513], [135.5826, 34.4496], [135.5838, 34.4487], [135.585, 34.4486], [135.5861, 34.4481], [135.5874, 34.4483], [135.5892, 34.4471], [135.5906, 34.445], [135.5906, 34.4442], [135.5924, 34.4426], [135.5944, 34.4419], [135.5955, 34.4408], [135.5974, 34.4414], [135.5978, 34.4409], [135.6008, 34.4404], [135.6023, 34.4393], [135.6037, 34.4399], [135.6043, 34.4425], [135.6072, 34.4455], [135.6086, 34.4458], [135.6097, 34.445], [135.6112, 34.4457], [135.6124, 34.4483], [135.6139, 34.4495], [135.6148, 34.4512], [135.6162, 34.452], [135.6156, 34.4528], [135.6155, 34.4544], [135.6165, 34.4553], [135.6167, 34.4559], [135.6149, 34.4571], [135.6167, 34.4587], [135.6169, 34.4595], [135.6164, 34.4605], [135.6174, 34.4613], [135.6177, 34.4622], [135.6166, 34.4658], [135.6158, 34.4667], [135.6157, 34.4682], [135.6147, 34.4693], [135.6149, 34.472], [135.6168, 34.4744], [135.6172, 34.4782], [135.6165, 34.4783], [135.6167, 34.4789], [135.6154, 34.4801], [135.615, 34.4811], [135.6133, 34.4814], [135.6125, 34.4824], [135.613, 34.4838], [135.6125, 34.4839], [135.6125, 34.4847], [135.613, 34.4846], [135.6131, 34.4852], [135.6136, 34.4849], [135.6141, 34.4852], [135.6142, 34.4863], [135.6129, 34.4877], [135.6132, 34.4903], [135.6157, 34.4905], [135.6163, 34.4899], [135.6174, 34.4897], [135.6187, 34.4911], [135.6185, 34.4916], [135.6173, 34.4921], [135.6188, 34.492], [135.6185, 34.493], [135.6187, 34.4939], [135.6201, 34.4936], [135.6201, 34.494], [135.6206, 34.494], [135.6206, 34.4938], [135.6212, 34.4941], [135.6213, 34.4906], [135.6226, 34.4909], [135.6233, 34.4897], [135.623, 34.4889], [135.6237, 34.4887], [135.6237, 34.4882], [135.6256, 34.4882], [135.6256, 34.4878], [135.6251, 34.4876], [135.6254, 34.4862], [135.6269, 34.4862], [135.6268, 34.4902], [135.628, 34.4902], [135.6278, 34.4983], [135.6262, 34.4982], [135.626, 34.4988], [135.6257, 34.498], [135.6257, 34.4984], [135.6245, 34.4991], [135.6246, 34.5], [135.6225, 34.4997], [135.6199, 34.5046], [135.6201, 34.5054], [135.6188, 34.5056], [135.6182, 34.5066], [135.6167, 34.5072], [135.618, 34.5084], [135.618, 34.5135], [135.6199, 34.5141], [135.6205, 34.5148], [135.622, 34.517], [135.6213, 34.5189], [135.6213, 34.5207], [135.6217, 34.5212], [135.6214, 34.5226], [135.6243, 34.5227], [135.6242, 34.524], [135.6249, 34.5235], [135.6261, 34.5239], [135.6268, 34.5231], [135.6266, 34.5219], [135.6271, 34.5216], [135.627, 34.5255], [135.6265, 34.5257], [135.6173, 34.5261], [135.6158, 34.5258], [135.6122, 34.526], [135.6115, 34.5267], [135.6106, 34.5268], [135.6106, 34.5297], [135.6012, 34.5297], [135.5995, 34.5292], [135.5992, 34.5287], [135.5984, 34.5287], [135.5949, 34.5302], [135.5917, 34.5301], [135.5898, 34.5324], [135.5873, 34.5319], [135.5874, 34.5311], [135.5867, 34.5307], [135.5866, 34.5295], [135.5859, 34.5285], [135.5862, 34.5283], [135.585, 34.5275], [135.585, 34.5269], [135.5857, 34.5267], [135.5844, 34.5266], [135.5849, 34.5259], [135.5848, 34.5244], [135.584, 34.5234], [135.5849, 34.5221], [135.5856, 34.5217], [135.5858, 34.5193], [135.5836, 34.5191], [135.5832, 34.5186], [135.5828, 34.5194], [135.5829, 34.5188], [135.5818, 34.5185], [135.5811, 34.5178], [135.5824, 34.5148], [135.5827, 34.5127], [135.5822, 34.5112], [135.5831, 34.5105], [135.5816, 34.5103], [135.5805, 34.5112], [135.5789, 34.5115], [135.5781, 34.5107], [135.576, 34.5106], [135.5746, 34.5111], [135.5743, 34.5118], [135.573, 34.5114], [135.5709, 34.5125], [135.5682, 34.5129], [135.5668, 34.5135]]]}, "properties": {"name": "大阪府富田林市"}}, {"type": "Feature", "geometry": {"type": "MultiPolygon", "coordinates": [[[[135.6018, 34.78], [135.6015, 34.7789], [135.5993, 34.7769], [135.5951, 34.7737], [135.593, 34.7727], [135.5873, 34.7676], [135.5894, 34.7664], [135.5888, 34.7652], [135.5919, 34.765], [135.5934, 34.7643], [135.594, 34.7632], [135.5945, 34.7634], [135.5943, 34.7632], [135.5974, 34.7629], [135.5973, 34.7599], [135.5968, 34.7592], [135.5971, 34.7589], [135.597, 34.7568], [135.5982, 34.7565], [135.5992, 34.7568], [135.6014, 34.7549], [135.6025, 34.7553], [135.6031, 34.7562], [135.6045, 34.7556], [135.6049, 34.7547], [135.604, 34.7541], [135.6039, 34.752], [135.605, 34.7506], [135.6063, 34.75], [135.6068, 34.7495], [135.6074, 34.7497], [135.6079, 34.7466], [135.6106, 34.7475], [135.6113, 34.7455], [135.6124, 34.7443], [135.6154, 34.7441], [135.6188, 34.7444], [135.6194, 34.7441], [135.6227, 34.7376], [135.6224, 34.7374], [135.6223, 34.7357], [135.6211, 34.7348], [135.6216, 34.7341], [135.6216, 34.7319], [135.6209, 34.7289], [135.6247, 34.7286], [135.6247, 34.7291], [135.625, 34.7292], [135.6337, 34.7284], [135.6337, 34.7297], [135.633, 34.7298], [135.6327, 34.731], [135.6321, 34.7309], [135.6322, 34.732], [135.6311, 34.732], [135.631, 34.7328], [135.6307, 34.7328], [135.6301, 34.734], [135.6307, 34.7342], [135.6287, 34.7342], [135.6296, 34.7341], [135.6297, 34.7337], [135.6268, 34.734], [135.6258, 34.7337], [135.6265, 34.7342], [135.6286, 34.7342], [135.6266, 34.7344], [135.6252, 34.734], [135.6244, 34.7343], [135.6244, 34.7363], [135.626, 34.737], [135.6264, 34.7382], [135.6256, 34.7396], [135.6263, 34.74], [135.6266, 34.7413], [135.6265, 34.7451], [135.6279, 34.745], [135.6279, 34.7458], [135.629, 34.7458], [135.6291, 34.7469], [135.6303, 34.7469], [135.6304, 34.7499], [135.6367, 34.7497], [135.638, 34.7499], [135.6395, 34.7495], [135.6423, 34.7497], [135.6443, 34.7494], [135.6443, 34.7497], [135.6444, 34.7493], [135.645, 34.7493], [135.6479, 34.7496], [135.6487, 34.7493], [135.6496, 34.7494], [135.6495, 34.7489], [135.6501, 34.7491], [135.6502, 34.7497], [135.6509, 34.7499], [135.6512, 34.7492], [135.6522, 34.7488], [135.6527, 34.7475], [135.6535, 34.7477], [135.654, 34.747], [135.6551, 34.7466], [135.656, 34.7468], [135.6574, 34.7463], [135.658, 34.7466], [135.6571, 34.7468], [135.6566, 34.7484], [135.6575, 34.7491], [135.6594, 34.749], [135.6592, 34.7498], [135.6597, 34.7503], [135.659, 34.7521], [135.6594, 34.7523], [135.6598, 34.7519], [135.6604, 34.7525], [135.6583, 34.7539], [135.6582, 34.7547], [135.6588, 34.7553], [135.6583, 34.7559], [135.6581, 34.7575], [135.6593, 34.7576], [135.6585, 34.7597], [135.6607, 34.7626], [135.6607, 34.7638], [135.6617, 34.7651], [135.6618, 34.7665], [135.6623, 34.7667], [135.6618, 34.77], [135.6602, 34.7722], [135.6595, 34.775], [135.659, 34.776], [135.6573, 34.7761], [135.6552, 34.7751], [135.653, 34.7733], [135.6523, 34.7735], [135.6516, 34.7732], [135.6515, 34.7758], [135.6492, 34.7808], [135.6497, 34.7817], [135.6489, 34.7823], [135.6489, 34.7834], [135.6467, 34.7843], [135.6443, 34.7839], [135.6436, 34.7857], [135.6413, 34.7861], [135.6387, 34.7853], [135.6361, 34.7851], [135.6343, 34.7855], [135.633, 34.7852], [135.6316, 34.7861], [135.6323, 34.7882], [135.632, 34.7893], [135.6309, 34.7902], [135.6265, 34.7905], [135.6227, 34.7901], [135.6195, 34.7909], [135.6142, 34.7916], [135.6119, 34.7873], [135.6104, 34.7853], [135.6024, 34.7811], [135.6018, 34.78]]], [[[135.6621, 34.7515], [135.6625, 34.7511], [135.6622, 34.752], [135.6633, 34.753], [135.6619, 34.7525], [135.6611, 34.7527], [135.661, 34.7521], [135.6621, 34.7515]]]]}, "properties": {"name": "大阪府寝屋川市"}}, {"type": "Feature", "geometry": {"type": "Polygon", "coordinates": [[[135.5197, 34.4311], [135.5213, 34.4304], [135.5243, 34.4298], [135.5247, 34.428], [135.526, 34.4262], [135.526, 34.4255], [135.5266, 34.4249], [135.5261, 34.4239], [135.5264, 34.4234], [135.5252, 34.422], [135.526, 34.4212], [135.5259, 34.4165], [135.5268, 34.4152], [135.527, 34.4141], [135.5262, 34.4127], [135.5253, 34.4121], [135.525, 34.4098], [135.5253, 34.4084], [135.5244, 34.4073], [135.5245, 34.4066], [135.5231, 34.4056], [135.5243, 34.4037], [135.5237, 34.4034], [135.5227, 34.4016], [135.5226, 34.4], [135.5213, 34.3998], [135.5205, 34.3991], [135.5202, 34.3978], [135.5194, 34.3968], [135.5194, 34.3965], [135.5203, 34.3959], [135.5191, 34.3937], [135.5201, 34.3929], [135.5202, 34.3908], [135.5196, 34.3901], [135.5197, 34.3883], [135.517, 34.3857], [135.5166, 34.3845], [135.5151, 34.384], [135.5118, 34.3817], [135.5089, 34.3817], [135.5076, 34.3813], [135.5064, 34.3814], [135.5053, 34.382], [135.5039, 34.3818], [135.503, 34.3807], [135.503, 34.3798], [135.5005, 34.3766], [135.5006, 34.3759], [135.5001, 34.3753], [135.4984, 34.3755], [135.4973, 34.3747], [135.4946, 34.3744], [135.4933, 34.3736], [135.4911, 34.3731], [135.4906, 34.3723], [135.4909, 34.3704], [135.4897, 34.3686], [135.4898, 34.3664], [135.4893, 34.3652], [135.4877, 34.3646], [135.4852, 34.3629], [135.4875, 34.3596], [135.4876, 34.3588], [135.4897, 34.3553], [135.4904, 34.355], [135.4936, 34.3546], [135.4943, 34.3537], [135.4978, 34.3524], [135.4986, 34.3504], [135.5015, 34.3502], [135.5025, 34.3491], [135.5036, 34.3465], [135.5024, 34.3454], [135.5024, 34.3448], [135.504, 34.343], [135.5049, 34.3412], [135.5045, 34.3395], [135.5023, 34.3382], [135.5034, 34.3364], [135.5057, 34.3366], [135.5063, 34.3363], [135.5089, 34.3367], [135.5099, 34.3374], [135.5106, 34.3372], [135.5114, 34.3381], [135.5123, 34.3382], [135.5165, 34.3424], [135.5185, 34.3436], [135.5201, 34.3452], [135.5215, 34.3457], [135.523, 34.3471], [135.5232, 34.348], [135.527, 34.3513], [135.531, 34.3517], [135.5312, 34.3511], [135.5321, 34.351], [135.5332, 34.3517], [135.5345, 34.3518], [135.539, 34.3569], [135.5408, 34.3577], [135.5418, 34.3575], [135.5421, 34.3567], [135.5441, 34.3564], [135.5459, 34.3569], [135.5472, 34.3564], [135.5504, 34.3579], [135.5515, 34.3596], [135.5529, 34.3592], [135.5547, 34.3593], [135.5565, 34.3609], [135.5566, 34.3615], [135.5594, 34.3649], [135.5618, 34.3661], [135.5619, 34.3675], [135.5626, 34.3678], [135.5632, 34.3691], [135.5648, 34.3702], [135.5667, 34.3706], [135.5668, 34.3717], [135.5689, 34.3717], [135.5695, 34.3709], [135.5706, 34.3716], [135.5724, 34.372], [135.5737, 34.3737], [135.5756, 34.3741], [135.5769, 34.3762], [135.5785, 34.3759], [135.5834, 34.3771], [135.5842, 34.3761], [135.5863, 34.3754], [135.5883, 34.376], [135.5897, 34.3752], [135.5903, 34.3756], [135.5909, 34.3753], [135.5915, 34.3755], [135.5921, 34.375], [135.5935, 34.375], [135.5947, 34.3753], [135.5952, 34.3759], [135.5952, 34.3764], [135.596, 34.3773], [135.5955, 34.3782], [135.5957, 34.3791], [135.5976, 34.3803], [135.6004, 34.3803], [135.6017, 34.3797], [135.6018, 34.3788], [135.6026, 34.3779], [135.6036, 34.378], [135.6045, 34.3773], [135.6054, 34.3777], [135.6065, 34.3773], [135.6077, 34.3778], [135.6143, 34.3766], [135.6148, 34.3768], [135.6151, 34.3779], [135.616, 34.3785], [135.6176, 34.3818], [135.6178, 34.3833], [135.6186, 34.3842], [135.6192, 34.3841], [135.6197, 34.3846], [135.6224, 34.3841], [135.6256, 34.383], [135.626, 34.3838], [135.6289, 34.3835], [135.6295, 34.383], [135.6316, 34.3832], [135.6327, 34.3825], [135.6339, 34.3824], [135.6366, 34.3814], [135.6382, 34.3816], [135.6391, 34.3822], [135.6392, 34.3831], [135.6403, 34.3834], [135.6426, 34.3834], [135.6438, 34.3838], [135.6455, 34.3834], [135.6482, 34.3836], [135.65, 34.3832], [135.654, 34.3835], [135.6548, 34.384], [135.6562, 34.3861], [135.658, 34.3875], [135.6599, 34.3916], [135.6609, 34.392], [135.6615, 34.3917], [135.6628, 34.3934], [135.6634, 34.3963], [135.6624, 34.3964], [135.6616, 34.396], [135.6608, 34.3962], [135.6591, 34.3954], [135.657, 34.396], [135.6555, 34.396], [135.6558, 34.3971], [135.6567, 34.3975], [135.6562, 34.3993], [135.6549, 34.3998], [135.6547, 34.4003], [135.6536, 34.4001], [135.6516, 34.4009], [135.6502, 34.4034], [135.647, 34.4072], [135.6447, 34.4114], [135.6434, 34.4117], [135.6425, 34.4123], [135.6421, 34.4134], [135.6414, 34.4138], [135.6414, 34.4156], [135.6396, 34.418], [135.6383, 34.4191], [135.6377, 34.4192], [135.6371, 34.42], [135.6354, 34.4203], [135.6346, 34.4196], [135.6308, 34.4194], [135.628, 34.4202], [135.6269, 34.421], [135.6259, 34.421], [135.6258, 34.4218], [135.6248, 34.4229], [135.6239, 34.4238], [135.6227, 34.4243], [135.6232, 34.4244], [135.6229, 34.4252], [135.6208, 34.4257], [135.6189, 34.4282], [135.6165, 34.4293], [135.6163, 34.4299], [135.6152, 34.4307], [135.6141, 34.4311], [135.6132, 34.4304], [135.6101, 34.4302], [135.6095, 34.4314], [135.608, 34.4318], [135.6072, 34.433], [135.6047, 34.4348], [135.6045, 34.436], [135.6033, 34.4373], [135.6022, 34.4374], [135.6023, 34.4393], [135.6008, 34.4404], [135.5978, 34.4409], [135.5974, 34.4414], [135.5955, 34.4408], [135.5944, 34.4419], [135.5924, 34.4426], [135.5906, 34.4442], [135.5906, 34.445], [135.5892, 34.4471], [135.5874, 34.4483], [135.5861, 34.4481], [135.585, 34.4486], [135.5838, 34.4487], [135.5826, 34.4496], [135.5822, 34.4513], [135.5832, 34.4532], [135.5813, 34.4527], [135.5777, 34.4543], [135.5784, 34.456], [135.5782, 34.4604], [135.5793, 34.465], [135.5797, 34.4655], [135.5819, 34.4653], [135.5827, 34.4669], [135.5828, 34.4686], [135.5822, 34.4693], [135.5803, 34.4699], [135.5799, 34.4712], [135.5794, 34.4712], [135.5771, 34.4727], [135.5768, 34.4739], [135.577, 34.4748], [135.5755, 34.4753], [135.5746, 34.4762], [135.5739, 34.4759], [135.5732, 34.4762], [135.5727, 34.4758], [135.5717, 34.4763], [135.5692, 34.4766], [135.567, 34.4776], [135.566, 34.4769], [135.5632, 34.476], [135.5618, 34.4777], [135.561, 34.478], [135.5602, 34.4794], [135.5593, 34.4798], [135.5576, 34.4785], [135.5571, 34.4785], [135.5566, 34.4778], [135.5554, 34.4778], [135.5554, 34.4773], [135.5538, 34.4761], [135.5539, 34.474], [135.5531, 34.4733], [135.5534, 34.4724], [135.553, 34.4717], [135.5522, 34.4712], [135.5496, 34.4709], [135.5484, 34.4697], [135.5459, 34.4683], [135.5452, 34.4672], [135.5429, 34.467], [135.5422, 34.4665], [135.5424, 34.4651], [135.5437, 34.4643], [135.5445, 34.4631], [135.5455, 34.4627], [135.5455, 34.4619], [135.5436, 34.4599], [135.543, 34.4599], [135.5423, 34.4591], [135.5412, 34.4588], [135.5414, 34.4576], [135.5405, 34.4568], [135.5406, 34.4564], [135.5389, 34.4548], [135.5361, 34.453], [135.5354, 34.4511], [135.5348, 34.4513], [135.5335, 34.4486], [135.5327, 34.4477], [135.5313, 34.4468], [135.5305, 34.4468], [135.53, 34.4458], [135.5268, 34.4432], [135.526, 34.4419], [135.524, 34.4416], [135.5227, 34.4408], [135.5215, 34.4381], [135.5197, 34.437], [135.5191, 34.4353], [135.5186, 34.4328], [135.5197, 34.4311]]]}, "properties": {"name": "大阪府河内長野市"}}, {"type": "Feature", "geometry": {"type": "Polygon", "coordinates": [[[135.5215, 34.594], [135.5225, 34.5928], [135.5225, 34.5899], [135.521, 34.5898], [135.521, 34.589], [135.521, 34.5876], [135.5226, 34.5873], [135.5223, 34.5769], [135.532, 34.5768], [135.5319, 34.5754], [135.5312, 34.5747], [135.5316, 34.5745], [135.5315, 34.5738], [135.5319, 34.5737], [135.532, 34.5725], [135.5333, 34.5717], [135.5354, 34.5718], [135.5355, 34.5701], [135.5352, 34.5697], [135.5355, 34.5695], [135.5357, 34.5677], [135.5369, 34.5677], [135.5369, 34.5658], [135.5462, 34.5659], [135.5466, 34.5657], [135.5483, 34.566], [135.5492, 34.5647], [135.548, 34.5642], [135.5474, 34.5617], [135.5486, 34.5614], [135.5493, 34.5609], [135.5493, 34.5604], [135.5486, 34.5599], [135.5477, 34.5585], [135.5478, 34.5576], [135.5485, 34.5571], [135.5493, 34.5572], [135.5516, 34.5565], [135.5514, 34.5554], [135.5529, 34.5548], [135.5526, 34.5543], [135.553, 34.5544], [135.5529, 34.5538], [135.5537, 34.5538], [135.5537, 34.5545], [135.5544, 34.5545], [135.5544, 34.5548], [135.5546, 34.5545], [135.5555, 34.5548], [135.5555, 34.5542], [135.5559, 34.5541], [135.5564, 34.5547], [135.5568, 34.554], [135.5588, 34.554], [135.5589, 34.555], [135.5614, 34.5544], [135.5614, 34.5552], [135.5618, 34.5553], [135.5613, 34.5554], [135.5612, 34.556], [135.561, 34.56], [135.5672, 34.56], [135.5667, 34.5621], [135.5689, 34.5648], [135.5697, 34.5648], [135.5695, 34.5664], [135.569, 34.5665], [135.5686, 34.568], [135.5677, 34.5744], [135.5683, 34.5745], [135.5669, 34.5769], [135.57, 34.5769], [135.5716, 34.5779], [135.5767, 34.5775], [135.5763, 34.5782], [135.5773, 34.5794], [135.5774, 34.5809], [135.5787, 34.5811], [135.5788, 34.5821], [135.5812, 34.5821], [135.5812, 34.583], [135.5823, 34.583], [135.5823, 34.584], [135.5835, 34.584], [135.5836, 34.5847], [135.5823, 34.5854], [135.5824, 34.587], [135.5836, 34.587], [135.5836, 34.588], [135.5848, 34.588], [135.5848, 34.5887], [135.5856, 34.5898], [135.5824, 34.5913], [135.5772, 34.5928], [135.5717, 34.5939], [135.5719, 34.5931], [135.5707, 34.5929], [135.5723, 34.5922], [135.5704, 34.5928], [135.5702, 34.5915], [135.571, 34.5897], [135.571, 34.587], [135.5693, 34.5871], [135.5696, 34.59], [135.568, 34.5915], [135.5677, 34.5924], [135.5672, 34.5924], [135.5671, 34.5932], [135.5665, 34.5934], [135.5668, 34.5956], [135.5644, 34.5963], [135.5639, 34.5946], [135.5625, 34.5947], [135.5625, 34.5951], [135.5498, 34.5949], [135.5499, 34.5958], [135.5495, 34.5959], [135.5486, 34.5948], [135.5474, 34.5952], [135.5444, 34.5949], [135.5442, 34.5961], [135.5438, 34.5962], [135.544, 34.5968], [135.5437, 34.5968], [135.5438, 34.5992], [135.5339, 34.599], [135.5316, 34.5985], [135.5319, 34.5963], [135.5309, 34.5963], [135.531, 34.5948], [135.5299, 34.5947], [135.5308, 34.5891], [135.5298, 34.5947], [135.5262, 34.5948], [135.5255, 34.5959], [135.5229, 34.5946], [135.5215, 34.594]]]}, "properties": {"name": "大阪府松原市"}}, {"type": "Feature", "geometry": {"type": "Polygon", "coordinates": [[[135.5949, 34.7037], [135.5955, 34.7028], [135.5967, 34.7023], [135.5968, 34.7006], [135.6012, 34.7005], [135.6033, 34.7014], [135.6032, 34.7004], [135.6063, 34.7018], [135.6059, 34.7015], [135.606, 34.7007], [135.6072, 34.6995], [135.6077, 34.6983], [135.6093, 34.6983], [135.6094, 34.6988], [135.6097, 34.6975], [135.6123, 34.6975], [135.6129, 34.6975], [135.6131, 34.6985], [135.6136, 34.6985], [135.6136, 34.6978], [135.6141, 34.6978], [135.6139, 34.6973], [135.619, 34.6957], [135.6191, 34.6972], [135.6186, 34.6975], [135.6185, 34.6981], [135.6182, 34.698], [135.6178, 34.6984], [135.6185, 34.6985], [135.6184, 34.6998], [135.6176, 34.7002], [135.6178, 34.701], [135.626, 34.7011], [135.6274, 34.7014], [135.6272, 34.7042], [135.6273, 34.7034], [135.6288, 34.7017], [135.6334, 34.7017], [135.6341, 34.7002], [135.634, 34.6989], [135.6345, 34.6987], [135.6379, 34.6987], [135.639, 34.7006], [135.6385, 34.7022], [135.6476, 34.7023], [135.6504, 34.7019], [135.6531, 34.7027], [135.6542, 34.7021], [135.6549, 34.7024], [135.6569, 34.7018], [135.6599, 34.7015], [135.6644, 34.6995], [135.6664, 34.6996], [135.6688, 34.6992], [135.6698, 34.6993], [135.6711, 34.7002], [135.6718, 34.6995], [135.6732, 34.7001], [135.6732, 34.702], [135.6732, 34.7035], [135.6726, 34.704], [135.6735, 34.7045], [135.6735, 34.7059], [135.6748, 34.7072], [135.6743, 34.7091], [135.6748, 34.7097], [135.6743, 34.7105], [135.6753, 34.7112], [135.6743, 34.7119], [135.6743, 34.7127], [135.6736, 34.7134], [135.6734, 34.7152], [135.6728, 34.7154], [135.6727, 34.7162], [135.6684, 34.7161], [135.6684, 34.717], [135.6667, 34.7182], [135.6638, 34.719], [135.6625, 34.719], [135.6613, 34.7198], [135.6609, 34.7194], [135.6589, 34.7216], [135.6575, 34.7219], [135.6574, 34.7223], [135.6563, 34.7223], [135.6567, 34.7235], [135.6567, 34.7275], [135.6535, 34.7271], [135.6512, 34.7295], [135.6502, 34.7296], [135.6488, 34.7312], [135.6473, 34.7316], [135.6472, 34.7313], [135.6418, 34.7318], [135.6417, 34.7321], [135.641, 34.7322], [135.6404, 34.7318], [135.6322, 34.732], [135.6321, 34.7309], [135.6327, 34.731], [135.633, 34.7298], [135.6337, 34.7297], [135.6337, 34.7284], [135.625, 34.7292], [135.6247, 34.7291], [135.6247, 34.7286], [135.6209, 34.7289], [135.6212, 34.7273], [135.622, 34.7265], [135.6218, 34.726], [135.622, 34.7254], [135.6241, 34.7226], [135.624, 34.7215], [135.621, 34.7211], [135.6201, 34.7201], [135.6198, 34.7189], [135.619, 34.719], [135.617, 34.7203], [135.6161, 34.7205], [135.6147, 34.72], [135.613, 34.7202], [135.6104, 34.7216], [135.6087, 34.722], [135.6083, 34.7217], [135.6084, 34.7196], [135.6073, 34.7194], [135.6074, 34.7186], [135.6012, 34.7153], [135.5992, 34.7147], [135.5991, 34.7144], [135.5971, 34.7068], [135.5925, 34.707], [135.5904, 34.7076], [135.5949, 34.7037]]]}, "properties": {"name": "大阪府大東市"}}, {"type": "Feature", "geometry": {"type": "MultiPolygon", "coordinates": [[[[135.4542, 34.5153], [135.4546, 34.5145], [135.4536, 34.5145], [135.4534, 34.514], [135.4539, 34.5134], [135.4534, 34.5131], [135.4538, 34.5125], [135.4523, 34.5122], [135.4508, 34.5141], [135.4494, 34.5132], [135.4496, 34.5131], [135.4477, 34.5114], [135.4467, 34.5121], [135.4458, 34.5122], [135.4447, 34.5111], [135.4453, 34.5119], [135.4449, 34.5122], [135.444, 34.5115], [135.4412, 34.5135], [135.4404, 34.5129], [135.4396, 34.5134], [135.4396, 34.5126], [135.4393, 34.5132], [135.4386, 34.513], [135.4377, 34.5136], [135.4377, 34.5132], [135.4373, 34.5132], [135.4366, 34.5138], [135.436, 34.513], [135.4352, 34.5129], [135.4358, 34.5137], [135.4347, 34.5138], [135.4355, 34.5134], [135.4346, 34.5135], [135.4337, 34.5143], [135.4336, 34.5142], [135.4337, 34.5138], [135.4314, 34.5152], [135.4317, 34.5155], [135.4325, 34.5148], [135.4327, 34.515], [135.4319, 34.5156], [135.4328, 34.5151], [135.4333, 34.5156], [135.4315, 34.5168], [135.429, 34.5144], [135.4299, 34.5138], [135.4305, 34.5144], [135.4308, 34.5142], [135.4308, 34.5147], [135.4318, 34.5141], [135.432, 34.5143], [135.4314, 34.5149], [135.4332, 34.5139], [135.4319, 34.5128], [135.4345, 34.5111], [135.4336, 34.5113], [135.433, 34.5108], [135.4328, 34.511], [135.4327, 34.5105], [135.4329, 34.5103], [135.4326, 34.51], [135.4332, 34.51], [135.4326, 34.5098], [135.4329, 34.5095], [135.4333, 34.5094], [135.4335, 34.5101], [135.4344, 34.5094], [135.4331, 34.508], [135.4324, 34.5088], [135.4328, 34.5093], [135.432, 34.5091], [135.4318, 34.5089], [135.4329, 34.5079], [135.4322, 34.5071], [135.4317, 34.5074], [135.4314, 34.5071], [135.431, 34.5074], [135.4306, 34.5071], [135.4322, 34.5056], [135.4304, 34.5069], [135.4313, 34.5059], [135.4302, 34.5066], [135.4318, 34.5052], [135.4311, 34.5057], [135.4314, 34.5049], [135.431, 34.5046], [135.4306, 34.5049], [135.4302, 34.5045], [135.4298, 34.5048], [135.429, 34.5041], [135.4284, 34.5046], [135.4291, 34.5054], [135.4279, 34.5046], [135.4286, 34.5038], [135.4277, 34.5044], [135.4285, 34.5037], [135.4275, 34.5043], [135.426, 34.5024], [135.4244, 34.5014], [135.4248, 34.5011], [135.4245, 34.5009], [135.4261, 34.4995], [135.4255, 34.4989], [135.4277, 34.497], [135.4272, 34.4964], [135.4274, 34.496], [135.4295, 34.4943], [135.4292, 34.494], [135.4281, 34.4946], [135.4283, 34.4942], [135.4278, 34.4941], [135.4287, 34.4934], [135.4282, 34.493], [135.4278, 34.4934], [135.4277, 34.4932], [135.428, 34.4929], [135.4276, 34.4927], [135.4277, 34.4926], [135.4282, 34.493], [135.4297, 34.4916], [135.4283, 34.4904], [135.4269, 34.4916], [135.4265, 34.4915], [135.4279, 34.4901], [135.427, 34.4909], [135.4255, 34.4901], [135.425, 34.4904], [135.4243, 34.4895], [135.4234, 34.4903], [135.4228, 34.4894], [135.4212, 34.4899], [135.4202, 34.4889], [135.4207, 34.4886], [135.4202, 34.4888], [135.4198, 34.4884], [135.4203, 34.488], [135.42, 34.4878], [135.4195, 34.4882], [135.4181, 34.4869], [135.4163, 34.4882], [135.417, 34.4872], [135.4166, 34.4868], [135.4172, 34.4863], [135.4164, 34.4855], [135.4174, 34.4847], [135.4163, 34.4833], [135.417, 34.4825], [135.4158, 34.4826], [135.4154, 34.4819], [135.4152, 34.4815], [135.4167, 34.4808], [135.4163, 34.4804], [135.4169, 34.4799], [135.4179, 34.4797], [135.4175, 34.4786], [135.4167, 34.4788], [135.4178, 34.478], [135.4188, 34.478], [135.4186, 34.4775], [135.4169, 34.4769], [135.4171, 34.4766], [135.4156, 34.4759], [135.415, 34.4741], [135.415, 34.4737], [135.4156, 34.473], [135.4243, 34.4663], [135.4247, 34.4666], [135.4257, 34.4665], [135.4279, 34.469], [135.4284, 34.4686], [135.4287, 34.4696], [135.4295, 34.4703], [135.4339, 34.4671], [135.4337, 34.4669], [135.4354, 34.4669], [135.4353, 34.4661], [135.4365, 34.4651], [135.437, 34.4651], [135.437, 34.4646], [135.438, 34.4647], [135.4381, 34.464], [135.4404, 34.4624], [135.4402, 34.4618], [135.4417, 34.461], [135.4423, 34.46], [135.4412, 34.4566], [135.4419, 34.4555], [135.4419, 34.4542], [135.4404, 34.4527], [135.4401, 34.4505], [135.4409, 34.4504], [135.4408, 34.4497], [135.4418, 34.4491], [135.4417, 34.4485], [135.4423, 34.4485], [135.4417, 34.4471], [135.4429, 34.4451], [135.4422, 34.444], [135.4434, 34.4433], [135.4436, 34.442], [135.4427, 34.4408], [135.4434, 34.4399], [135.4433, 34.439], [135.4439, 34.4374], [135.4444, 34.4372], [135.4438, 34.4355], [135.445, 34.4342], [135.4461, 34.4337], [135.4474, 34.4338], [135.4475, 34.4331], [135.4487, 34.4325], [135.4482, 34.4312], [135.4487, 34.4296], [135.448, 34.4285], [135.4496, 34.426], [135.4503, 34.4259], [135.4502, 34.4251], [135.4515, 34.4238], [135.4508, 34.4226], [135.4513, 34.4224], [135.4516, 34.4205], [135.4512, 34.4193], [135.4516, 34.4174], [135.4507, 34.4163], [135.4496, 34.416], [135.4496, 34.4152], [135.4498, 34.4147], [135.4521, 34.4147], [135.4517, 34.4132], [135.4531, 34.4124], [135.4534, 34.4115], [135.4534, 34.4105], [135.4528, 34.4097], [135.4532, 34.4078], [135.4549, 34.4069], [135.455, 34.4063], [135.4555, 34.406], [135.4537, 34.4025], [135.4544, 34.4005], [135.4528, 34.4003], [135.4528, 34.3989], [135.452, 34.3983], [135.4526, 34.3953], [135.4502, 34.3931], [135.45, 34.3917], [135.4504, 34.3907], [135.4537, 34.3903], [135.455, 34.3894], [135.4549, 34.388], [135.456, 34.3868], [135.4562, 34.3856], [135.4572, 34.3854], [135.4585, 34.3841], [135.4607, 34.3843], [135.4617, 34.3829], [135.4625, 34.3826], [135.4627, 34.3814], [135.4643, 34.3776], [135.4641, 34.3765], [135.4632, 34.3753], [135.4596, 34.3746], [135.459, 34.3731], [135.4593, 34.3712], [135.4589, 34.3705], [135.4595, 34.3689], [135.458, 34.3676], [135.4564, 34.3674], [135.456, 34.3653], [135.4565, 34.3646], [135.4565, 34.3628], [135.4558, 34.3613], [135.4559, 34.3604], [135.4544, 34.3586], [135.4546, 34.3573], [135.457, 34.3532], [135.4563, 34.3522], [135.4552, 34.352], [135.4546, 34.3508], [135.4533, 34.35], [135.4551, 34.3491], [135.4557, 34.3476], [135.4579, 34.3472], [135.4605, 34.3477], [135.4616, 34.3475], [135.4624, 34.3476], [135.4629, 34.3484], [135.4642, 34.3482], [135.4655, 34.3473], [135.467, 34.3479], [135.4667, 34.3486], [135.4672, 34.3497], [135.4703, 34.3503], [135.4714, 34.3514], [135.4716, 34.3524], [135.4732, 34.3533], [135.4749, 34.3526], [135.4757, 34.3531], [135.4771, 34.3529], [135.4784, 34.3537], [135.4773, 34.3554], [135.4784, 34.356], [135.4792, 34.358], [135.4814, 34.359], [135.4817, 34.36], [135.4836, 34.361], [135.4847, 34.3629], [135.4852, 34.3629], [135.4877, 34.3646], [135.4893, 34.3652], [135.4898, 34.3664], [135.4897, 34.3686], [135.4909, 34.3704], [135.4906, 34.3723], [135.4911, 34.3731], [135.4933, 34.3736], [135.4946, 34.3744], [135.4973, 34.3747], [135.4984, 34.3755], [135.5001, 34.3753], [135.5006, 34.3759], [135.5005, 34.3766], [135.503, 34.3798], [135.503, 34.3807], [135.5039, 34.3818], [135.5053, 34.382], [135.5064, 34.3814], [135.5076, 34.3813], [135.5089, 34.3817], [135.5118, 34.3817], [135.5151, 34.384], [135.5166, 34.3845], [135.517, 34.3857], [135.5197, 34.3883], [135.5196, 34.3901], [135.5202, 34.3908], [135.5201, 34.3929], [135.5191, 34.3937], [135.5203, 34.3959], [135.5194, 34.3965], [135.5194, 34.3968], [135.5202, 34.3978], [135.5205, 34.3991], [135.5213, 34.3998], [135.5226, 34.4], [135.5227, 34.4016], [135.5237, 34.4034], [135.5243, 34.4037], [135.5231, 34.4056], [135.5245, 34.4066], [135.5244, 34.4073], [135.5253, 34.4084], [135.525, 34.4098], [135.5253, 34.4121], [135.5262, 34.4127], [135.527, 34.4141], [135.5268, 34.4152], [135.5259, 34.4165], [135.526, 34.4212], [135.5252, 34.422], [135.5264, 34.4234], [135.5261, 34.4239], [135.5266, 34.4249], [135.526, 34.4255], [135.526, 34.4262], [135.5247, 34.428], [135.5243, 34.4298], [135.5213, 34.4304], [135.5197, 34.4311], [135.519, 34.43], [135.5184, 34.4299], [135.5158, 34.431], [135.5147, 34.4308], [135.5139, 34.4312], [135.5112, 34.4314], [135.5101, 34.4324], [135.5081, 34.4331], [135.5071, 34.4338], [135.5063, 34.4339], [135.5037, 34.4331], [135.5025, 34.4339], [135.5006, 34.4337], [135.4997, 34.4346], [135.4997, 34.4359], [135.4991, 34.437], [135.4985, 34.4373], [135.4982, 34.4384], [135.4994, 34.4415], [135.4989, 34.4422], [135.4996, 34.4425], [135.4982, 34.4446], [135.4985, 34.446], [135.4978, 34.4471], [135.497, 34.4521], [135.4951, 34.4543], [135.4949, 34.4557], [135.4938, 34.4559], [135.4892, 34.4605], [135.4878, 34.4605], [135.487, 34.4613], [135.4844, 34.4612], [135.4775, 34.4654], [135.4771, 34.4661], [135.4775, 34.4662], [135.4756, 34.4695], [135.477, 34.47], [135.4773, 34.4697], [135.4783, 34.4709], [135.4754, 34.4733], [135.4746, 34.4728], [135.4718, 34.4761], [135.471, 34.4786], [135.4714, 34.4787], [135.4713, 34.4798], [135.4721, 34.4798], [135.472, 34.4808], [135.4704, 34.4811], [135.4702, 34.4834], [135.4665, 34.4828], [135.4662, 34.489], [135.4664, 34.4914], [135.4658, 34.4913], [135.4661, 34.4937], [135.4656, 34.4961], [135.4662, 34.4964], [135.4662, 34.4975], [135.4653, 34.4999], [135.4649, 34.5007], [135.4662, 34.5031], [135.4652, 34.5044], [135.4646, 34.5047], [135.4638, 34.5029], [135.4638, 34.5017], [135.4643, 34.501], [135.464, 34.4982], [135.4636, 34.4981], [135.4632, 34.5001], [135.4627, 34.4984], [135.4619, 34.4981], [135.4613, 34.496], [135.4608, 34.4973], [135.4617, 34.4999], [135.4609, 34.5001], [135.4617, 34.5005], [135.4618, 34.5012], [135.4623, 34.5012], [135.462, 34.5018], [135.4628, 34.5021], [135.4634, 34.5049], [135.463, 34.5059], [135.4633, 34.5066], [135.4626, 34.507], [135.4621, 34.5064], [135.4625, 34.5075], [135.4622, 34.5084], [135.4611, 34.5076], [135.4608, 34.5077], [135.4619, 34.5094], [135.4619, 34.511], [135.4605, 34.5125], [135.4594, 34.5126], [135.4588, 34.5107], [135.4582, 34.5113], [135.4585, 34.5127], [135.4576, 34.5145], [135.4562, 34.5153], [135.4548, 34.5149], [135.4542, 34.5153]], [[135.4343, 34.5116], [135.4339, 34.5117], [135.4346, 34.5123], [135.4343, 34.5116]], [[135.4256, 34.5016], [135.4253, 34.5015], [135.4259, 34.502], [135.4256, 34.5016]], [[135.4274, 34.4974], [135.4271, 34.4978], [135.4279, 34.4972], [135.4274, 34.4974]], [[135.4275, 34.4977], [135.4273, 34.498], [135.4281, 34.4974], [135.4275, 34.4977]]], [[[135.4327, 34.5105], [135.4311, 34.512], [135.4295, 34.5106], [135.4313, 34.5092], [135.4307, 34.5101], [135.4309, 34.5103], [135.432, 34.5093], [135.4314, 34.5101], [135.432, 34.5099], [135.4327, 34.5105]]], [[[135.4297, 34.5062], [135.429, 34.5055], [135.4298, 34.5061], [135.4303, 34.5061], [135.4297, 34.5062]]], [[[135.4272, 34.4968], [135.4263, 34.497], [135.4273, 34.4966], [135.4272, 34.4968]]], [[[135.4271, 34.4924], [135.4268, 34.4929], [135.4266, 34.4927], [135.4269, 34.4923], [135.4268, 34.4921], [135.4263, 34.4923], [135.4261, 34.4917], [135.4265, 34.4916], [135.4271, 34.4924]]]]}, "properties": {"name": "大阪府和泉市"}}, {"type": "Feature", "geometry": {"type": "Polygon", "coordinates": [[[135.4974, 34.8248], [135.4975, 34.8258], [135.501, 34.8282], [135.5011, 34.8285], [135.4998, 34.8289], [135.5001, 34.8305], [135.5007, 34.8302], [135.5019, 34.8302], [135.5035, 34.8309], [135.5048, 34.831], [135.5061, 34.8306], [135.5087, 34.8288], [135.5103, 34.8287], [135.5113, 34.8271], [135.5128, 34.8265], [135.5133, 34.8271], [135.5143, 34.8271], [135.5158, 34.8283], [135.5187, 34.8278], [135.5191, 34.826], [135.5202, 34.8265], [135.5214, 34.8264], [135.5222, 34.8259], [135.5232, 34.8265], [135.524, 34.8262], [135.5253, 34.827], [135.5264, 34.831], [135.5257, 34.8323], [135.5246, 34.8323], [135.5237, 34.8331], [135.5253, 34.834], [135.5264, 34.8342], [135.526, 34.8346], [135.5254, 34.8343], [135.5246, 34.8349], [135.5232, 34.8343], [135.5205, 34.8358], [135.5205, 34.837], [135.5197, 34.8377], [135.52, 34.8388], [135.5185, 34.8388], [135.5199, 34.8408], [135.5223, 34.8399], [135.5239, 34.841], [135.5252, 34.841], [135.5249, 34.8431], [135.5252, 34.8434], [135.5257, 34.8434], [135.5259, 34.8439], [135.5244, 34.8444], [135.5239, 34.8451], [135.525, 34.8457], [135.5251, 34.8477], [135.5226, 34.8477], [135.5226, 34.8519], [135.5201, 34.852], [135.5204, 34.8536], [135.5202, 34.8542], [135.5197, 34.8544], [135.5203, 34.8556], [135.5201, 34.8564], [135.5177, 34.8573], [135.5146, 34.8602], [135.5156, 34.8609], [135.516, 34.8638], [135.5158, 34.8641], [135.5142, 34.8642], [135.5126, 34.8657], [135.5117, 34.8683], [135.513, 34.8701], [135.5133, 34.8713], [135.5116, 34.8744], [135.5099, 34.8755], [135.5072, 34.8747], [135.5057, 34.8722], [135.5039, 34.8711], [135.5034, 34.8699], [135.5016, 34.8725], [135.5016, 34.8735], [135.4998, 34.8759], [135.4995, 34.8778], [135.4973, 34.8775], [135.496, 34.8787], [135.4953, 34.8785], [135.4944, 34.8798], [135.4928, 34.8785], [135.4888, 34.877], [135.4879, 34.8745], [135.4873, 34.874], [135.485, 34.8736], [135.4832, 34.8744], [135.482, 34.8745], [135.4811, 34.8768], [135.4816, 34.8778], [135.4816, 34.8811], [135.4806, 34.8842], [135.4788, 34.8849], [135.4793, 34.8862], [135.478, 34.8874], [135.4778, 34.8901], [135.4798, 34.8918], [135.48, 34.8927], [135.4817, 34.8932], [135.4829, 34.8944], [135.4844, 34.8947], [135.4857, 34.8958], [135.484, 34.897], [135.4832, 34.8984], [135.4799, 34.9001], [135.4793, 34.901], [135.4794, 34.9024], [135.4781, 34.9035], [135.4758, 34.9036], [135.476, 34.9053], [135.4747, 34.9073], [135.4728, 34.908], [135.4732, 34.909], [135.472, 34.9096], [135.4715, 34.9104], [135.4672, 34.9102], [135.4659, 34.9097], [135.4651, 34.9082], [135.4658, 34.9067], [135.4643, 34.9057], [135.4641, 34.9037], [135.4637, 34.9031], [135.4627, 34.9023], [135.4621, 34.9023], [135.4607, 34.901], [135.4597, 34.9011], [135.4589, 34.902], [135.4584, 34.902], [135.4579, 34.8977], [135.4574, 34.8968], [135.4554, 34.8969], [135.4528, 34.8951], [135.451, 34.8961], [135.4504, 34.8959], [135.4478, 34.8961], [135.4469, 34.8947], [135.4449, 34.8946], [135.4441, 34.8941], [135.4447, 34.8932], [135.4439, 34.8912], [135.4411, 34.8903], [135.4413, 34.8895], [135.4403, 34.8883], [135.4401, 34.8857], [135.439, 34.8849], [135.4391, 34.8837], [135.4376, 34.8801], [135.4377, 34.8794], [135.437, 34.8786], [135.4371, 34.878], [135.4373, 34.8775], [135.4383, 34.8771], [135.4384, 34.8761], [135.4391, 34.8757], [135.4381, 34.8736], [135.4412, 34.875], [135.4417, 34.8748], [135.442, 34.8742], [135.443, 34.8737], [135.4437, 34.8723], [135.4455, 34.8719], [135.4472, 34.8696], [135.449, 34.8688], [135.4492, 34.8679], [135.4487, 34.8677], [135.4496, 34.8668], [135.4531, 34.8651], [135.4563, 34.8647], [135.4593, 34.8614], [135.4594, 34.8598], [135.4585, 34.8577], [135.4587, 34.857], [135.4582, 34.8555], [135.4592, 34.8547], [135.46, 34.8533], [135.4598, 34.8507], [135.4606, 34.8517], [135.4608, 34.8516], [135.4609, 34.8511], [135.46, 34.8503], [135.4601, 34.8494], [135.4592, 34.8468], [135.4591, 34.8457], [135.4598, 34.845], [135.4589, 34.8439], [135.456, 34.8444], [135.4544, 34.8442], [135.4535, 34.8426], [135.4534, 34.8416], [135.4541, 34.8411], [135.4545, 34.8394], [135.4542, 34.839], [135.4533, 34.8388], [135.4534, 34.8384], [135.4528, 34.8382], [135.4531, 34.8365], [135.4525, 34.8354], [135.4538, 34.8336], [135.4525, 34.8315], [135.4526, 34.8307], [135.451, 34.8293], [135.4501, 34.8238], [135.4506, 34.8235], [135.4508, 34.8224], [135.4517, 34.822], [135.4517, 34.8205], [135.4513, 34.8202], [135.4517, 34.819], [135.4522, 34.8188], [135.4517, 34.8185], [135.4507, 34.8188], [135.4505, 34.8181], [135.451, 34.8174], [135.4494, 34.8174], [135.4486, 34.8168], [135.4487, 34.8164], [135.448, 34.8162], [135.4483, 34.8143], [135.4494, 34.8131], [135.4493, 34.8111], [135.4487, 34.8096], [135.4481, 34.8084], [135.4504, 34.8073], [135.4537, 34.8072], [135.4548, 34.8084], [135.4568, 34.809], [135.4578, 34.8102], [135.4613, 34.8114], [135.4627, 34.8132], [135.4673, 34.8158], [135.47, 34.818], [135.4761, 34.8212], [135.4766, 34.8203], [135.4772, 34.8204], [135.4792, 34.8193], [135.4807, 34.8192], [135.4815, 34.8183], [135.482, 34.8185], [135.4832, 34.8173], [135.4844, 34.8169], [135.4871, 34.8177], [135.488, 34.8167], [135.4884, 34.8169], [135.4897, 34.8164], [135.4909, 34.8167], [135.4929, 34.8178], [135.4924, 34.8196], [135.4932, 34.8216], [135.4943, 34.8215], [135.4951, 34.8222], [135.4958, 34.822], [135.4965, 34.8241], [135.4974, 34.8248]]]}, "properties": {"name": "大阪府箕面市"}}, {"type": "Feature", "geometry": {"type": "Polygon", "coordinates": [[[135.6087, 34.589], [135.6111, 34.589], [135.6111, 34.588], [135.6146, 34.5881], [135.6146, 34.585], [135.6158, 34.585], [135.6158, 34.5841], [135.6169, 34.5841], [135.6169, 34.5832], [135.6186, 34.5832], [135.6185, 34.5818], [135.6258, 34.5795], [135.6269, 34.5787], [135.6279, 34.5772], [135.6281, 34.5764], [135.6256, 34.5749], [135.6235, 34.5723], [135.6221, 34.5698], [135.6216, 34.5682], [135.6215, 34.5642], [135.6213, 34.559], [135.6225, 34.5592], [135.6222, 34.5508], [135.6227, 34.5514], [135.6243, 34.5516], [135.6241, 34.5524], [135.6238, 34.5523], [135.624, 34.5526], [135.6247, 34.5526], [135.6247, 34.5537], [135.6271, 34.5535], [135.6275, 34.5529], [135.6295, 34.5531], [135.629, 34.5526], [135.6292, 34.5518], [135.6298, 34.5518], [135.6294, 34.5525], [135.6299, 34.5534], [135.6339, 34.5567], [135.6345, 34.5568], [135.6338, 34.5556], [135.6343, 34.5556], [135.6345, 34.5561], [135.6357, 34.5561], [135.635, 34.5563], [135.6349, 34.5574], [135.6363, 34.5575], [135.6369, 34.5566], [135.6369, 34.5556], [135.636, 34.554], [135.6365, 34.5532], [135.6357, 34.5528], [135.6368, 34.5495], [135.6393, 34.5491], [135.6397, 34.5483], [135.6409, 34.5476], [135.6416, 34.5476], [135.6418, 34.548], [135.6459, 34.5477], [135.652, 34.5485], [135.6523, 34.5471], [135.6531, 34.5471], [135.6544, 34.5474], [135.6558, 34.5491], [135.6566, 34.5514], [135.657, 34.5516], [135.6571, 34.5524], [135.6566, 34.553], [135.6569, 34.5538], [135.6544, 34.5538], [135.654, 34.5542], [135.6548, 34.5549], [135.6538, 34.5554], [135.6549, 34.556], [135.6559, 34.5553], [135.6573, 34.5563], [135.6577, 34.5583], [135.6574, 34.5593], [135.658, 34.5606], [135.6572, 34.5616], [135.6568, 34.5615], [135.6572, 34.5624], [135.6583, 34.5635], [135.66, 34.564], [135.6614, 34.5654], [135.6627, 34.5654], [135.6629, 34.5664], [135.6651, 34.5679], [135.6692, 34.5698], [135.6719, 34.5699], [135.6733, 34.5708], [135.6735, 34.5719], [135.6704, 34.5755], [135.6704, 34.5766], [135.6715, 34.5773], [135.6712, 34.5782], [135.6718, 34.5793], [135.6723, 34.58], [135.6729, 34.5801], [135.674, 34.5794], [135.6754, 34.5795], [135.6775, 34.5809], [135.6803, 34.582], [135.6812, 34.5829], [135.6819, 34.585], [135.6798, 34.585], [135.6807, 34.5855], [135.6801, 34.5875], [135.678, 34.5879], [135.6772, 34.5887], [135.6772, 34.5898], [135.6779, 34.5901], [135.6789, 34.5913], [135.6785, 34.5917], [135.6774, 34.5911], [135.6782, 34.5917], [135.6776, 34.5923], [135.6783, 34.5936], [135.6764, 34.5961], [135.6764, 34.5989], [135.6755, 34.5995], [135.6763, 34.6008], [135.6755, 34.6008], [135.6755, 34.6022], [135.675, 34.6018], [135.6726, 34.6029], [135.6723, 34.6038], [135.6711, 34.604], [135.6702, 34.6029], [135.6679, 34.6029], [135.6655, 34.6021], [135.6617, 34.6016], [135.6598, 34.6019], [135.6595, 34.6024], [135.6582, 34.6024], [135.6564, 34.6031], [135.6558, 34.6039], [135.6554, 34.6033], [135.6549, 34.6036], [135.6545, 34.6032], [135.6539, 34.6033], [135.654, 34.6038], [135.6531, 34.6043], [135.6532, 34.605], [135.6529, 34.6053], [135.6528, 34.605], [135.6523, 34.606], [135.6527, 34.6064], [135.652, 34.6068], [135.6519, 34.6065], [135.6511, 34.6065], [135.6506, 34.6053], [135.6508, 34.604], [135.6502, 34.6031], [135.6509, 34.6025], [135.6505, 34.6016], [135.6486, 34.5999], [135.6474, 34.5992], [135.6466, 34.5995], [135.6462, 34.6002], [135.6447, 34.6006], [135.6437, 34.6003], [135.6426, 34.601], [135.6407, 34.6004], [135.6392, 34.601], [135.634, 34.6012], [135.6316, 34.6011], [135.6315, 34.6001], [135.6242, 34.5995], [135.6243, 34.5992], [135.6236, 34.5988], [135.6234, 34.5981], [135.6213, 34.5983], [135.6207, 34.5989], [135.6209, 34.598], [135.6226, 34.5955], [135.6187, 34.5945], [135.6189, 34.5932], [135.6113, 34.5931], [135.611, 34.5921], [135.6086, 34.5919], [135.6086, 34.5914], [135.6075, 34.5914], [135.6075, 34.5901], [135.6076, 34.589], [135.6087, 34.589]]]}, "properties": {"name": "大阪府柏原市"}}, {"type": "Feature", "geometry": {"type": "MultiPolygon", "coordinates": [[[[135.5873, 34.5319], [135.5898, 34.5324], [135.5917, 34.5301], [135.5949, 34.5302], [135.5984, 34.5287], [135.5992, 34.5287], [135.5995, 34.5292], [135.6012, 34.5297], [135.6106, 34.5297], [135.6106, 34.5268], [135.6115, 34.5267], [135.6122, 34.526], [135.6158, 34.5258], [135.6173, 34.5261], [135.6265, 34.5257], [135.627, 34.5255], [135.6286, 34.5253], [135.6281, 34.5247], [135.6289, 34.5254], [135.6289, 34.5258], [135.6284, 34.5257], [135.6287, 34.526], [135.6306, 34.5258], [135.6323, 34.5251], [135.6327, 34.5258], [135.6319, 34.5257], [135.6308, 34.5261], [135.6313, 34.5272], [135.6347, 34.5271], [135.6389, 34.5299], [135.6397, 34.5313], [135.6401, 34.5309], [135.641, 34.5309], [135.6421, 34.5304], [135.6426, 34.5304], [135.6423, 34.531], [135.6429, 34.5304], [135.6434, 34.5306], [135.6439, 34.5316], [135.645, 34.5321], [135.6454, 34.5332], [135.6469, 34.5347], [135.6484, 34.5343], [135.6501, 34.533], [135.6513, 34.5334], [135.6557, 34.5371], [135.6561, 34.5386], [135.66, 34.5414], [135.6598, 34.5423], [135.6591, 34.5429], [135.6594, 34.5441], [135.6575, 34.5431], [135.6573, 34.5424], [135.6564, 34.5417], [135.6552, 34.5419], [135.6537, 34.5414], [135.6514, 34.5423], [135.6502, 34.5434], [135.6501, 34.5445], [135.6531, 34.5471], [135.6523, 34.5471], [135.652, 34.5485], [135.6459, 34.5477], [135.6418, 34.548], [135.6416, 34.5476], [135.6409, 34.5476], [135.6397, 34.5483], [135.6393, 34.5491], [135.6368, 34.5495], [135.6357, 34.5528], [135.6365, 34.5532], [135.636, 34.554], [135.6369, 34.5556], [135.6369, 34.5566], [135.6363, 34.5575], [135.6349, 34.5574], [135.635, 34.5563], [135.6357, 34.5561], [135.6345, 34.5561], [135.6343, 34.5556], [135.6338, 34.5556], [135.6345, 34.5568], [135.6339, 34.5567], [135.6299, 34.5534], [135.6294, 34.5525], [135.6298, 34.5518], [135.6292, 34.5518], [135.629, 34.5526], [135.6295, 34.5531], [135.6275, 34.5529], [135.6271, 34.5535], [135.6247, 34.5537], [135.6247, 34.5526], [135.624, 34.5526], [135.6238, 34.5523], [135.6241, 34.5524], [135.6243, 34.5516], [135.6227, 34.5514], [135.6222, 34.5508], [135.6225, 34.5592], [135.6213, 34.559], [135.6215, 34.5642], [135.6195, 34.5639], [135.6188, 34.5633], [135.6181, 34.5638], [135.6169, 34.5637], [135.6162, 34.5626], [135.6153, 34.5626], [135.6153, 34.5631], [135.6135, 34.5644], [135.6125, 34.5644], [135.6125, 34.5648], [135.6116, 34.565], [135.6117, 34.566], [135.6095, 34.5657], [135.6082, 34.5662], [135.604, 34.5661], [135.6047, 34.5639], [135.6066, 34.5611], [135.605, 34.56], [135.6054, 34.5588], [135.605, 34.5583], [135.6026, 34.5582], [135.6033, 34.5563], [135.6025, 34.5561], [135.6015, 34.5547], [135.6016, 34.5536], [135.5992, 34.5546], [135.5987, 34.5555], [135.5987, 34.5545], [135.5973, 34.5546], [135.5955, 34.5564], [135.5968, 34.5572], [135.5963, 34.5576], [135.5963, 34.5586], [135.5959, 34.5587], [135.5968, 34.5589], [135.5961, 34.561], [135.5953, 34.5615], [135.5959, 34.5616], [135.5963, 34.5642], [135.5959, 34.5637], [135.5957, 34.564], [135.5952, 34.564], [135.5948, 34.5634], [135.5915, 34.5641], [135.5919, 34.5653], [135.5915, 34.5662], [135.5909, 34.5663], [135.5911, 34.567], [135.5907, 34.567], [135.5907, 34.5675], [135.5897, 34.5681], [135.5901, 34.5683], [135.5897, 34.5693], [135.5885, 34.5689], [135.5893, 34.568], [135.5896, 34.5681], [135.5898, 34.5675], [135.589, 34.5677], [135.5882, 34.5688], [135.5883, 34.5698], [135.5869, 34.5714], [135.5875, 34.5751], [135.5873, 34.5764], [135.5878, 34.577], [135.5862, 34.5771], [135.5861, 34.5777], [135.5853, 34.5778], [135.5852, 34.5786], [135.586, 34.579], [135.5854, 34.5792], [135.5853, 34.5818], [135.5834, 34.5811], [135.5836, 34.582], [135.5824, 34.582], [135.5824, 34.5811], [135.5812, 34.5811], [135.5812, 34.5821], [135.5788, 34.5821], [135.5787, 34.5811], [135.5774, 34.5809], [135.5773, 34.5794], [135.5763, 34.5782], [135.5767, 34.5775], [135.5716, 34.5779], [135.57, 34.5769], [135.5669, 34.5769], [135.5683, 34.5745], [135.5677, 34.5744], [135.5686, 34.568], [135.569, 34.5665], [135.5695, 34.5664], [135.5697, 34.5648], [135.5689, 34.5648], [135.5667, 34.5621], [135.5672, 34.56], [135.5684, 34.5589], [135.5688, 34.5573], [135.5683, 34.5533], [135.5675, 34.5528], [135.5677, 34.5489], [135.5701, 34.5493], [135.57, 34.5488], [135.5726, 34.5485], [135.5718, 34.5472], [135.572, 34.5464], [135.5726, 34.5463], [135.573, 34.547], [135.5738, 34.5472], [135.5739, 34.5465], [135.5757, 34.5454], [135.5754, 34.5443], [135.5742, 34.5445], [135.5748, 34.543], [135.5774, 34.5423], [135.5771, 34.542], [135.5797, 34.5393], [135.5805, 34.5389], [135.5807, 34.5383], [135.5822, 34.5375], [135.5814, 34.5369], [135.5809, 34.5379], [135.5805, 34.5377], [135.5816, 34.5353], [135.5829, 34.5344], [135.5818, 34.5343], [135.5812, 34.5354], [135.581, 34.5351], [135.5818, 34.5338], [135.5839, 34.5338], [135.5857, 34.5322], [135.5873, 34.5319]], [[135.5947, 34.5615], [135.5923, 34.5621], [135.5926, 34.5631], [135.5947, 34.5627], [135.5947, 34.5615]], [[135.5919, 34.563], [135.5907, 34.563], [135.5908, 34.5641], [135.5914, 34.5639], [135.5914, 34.5631], [135.5919, 34.563]], [[135.5958, 34.5571], [135.596, 34.5577], [135.5961, 34.5572], [135.5956, 34.5567], [135.5955, 34.5571], [135.5958, 34.5571]]], [[[135.5789, 34.5352], [135.5775, 34.5342], [135.5798, 34.534], [135.5808, 34.535], [135.5803, 34.5385], [135.5796, 34.5386], [135.579, 34.538], [135.5799, 34.5375], [135.5799, 34.5365], [135.5794, 34.5365], [135.5793, 34.5358], [135.5798, 34.5348], [135.5789, 34.5352]]]]}, "properties": {"name": "大阪府羽曳野市"}}, {"type": "Feature", "geometry": {"type": "Polygon", "coordinates": [[[135.5991, 34.7144], [135.5992, 34.7147], [135.6012, 34.7153], [135.6074, 34.7186], [135.6073, 34.7194], [135.6084, 34.7196], [135.6083, 34.7217], [135.6087, 34.722], [135.6104, 34.7216], [135.613, 34.7202], [135.6147, 34.72], [135.6161, 34.7205], [135.617, 34.7203], [135.619, 34.719], [135.6198, 34.7189], [135.6201, 34.7201], [135.621, 34.7211], [135.624, 34.7215], [135.6241, 34.7226], [135.622, 34.7254], [135.6218, 34.726], [135.622, 34.7265], [135.6212, 34.7273], [135.6209, 34.7289], [135.6216, 34.7319], [135.6216, 34.7341], [135.6211, 34.7348], [135.6223, 34.7357], [135.6224, 34.7374], [135.6227, 34.7376], [135.6194, 34.7441], [135.6188, 34.7444], [135.6154, 34.7441], [135.6124, 34.7443], [135.6113, 34.7455], [135.6106, 34.7475], [135.6079, 34.7466], [135.6074, 34.7497], [135.6068, 34.7495], [135.6044, 34.7454], [135.5999, 34.7452], [135.5987, 34.7448], [135.596, 34.746], [135.5946, 34.7457], [135.5911, 34.7478], [135.589, 34.7469], [135.5867, 34.7474], [135.5858, 34.7472], [135.5854, 34.7477], [135.5837, 34.7475], [135.5812, 34.7479], [135.5805, 34.7472], [135.5798, 34.7473], [135.5803, 34.7457], [135.5792, 34.7446], [135.5791, 34.7434], [135.5769, 34.7417], [135.5767, 34.7418], [135.5763, 34.7414], [135.5767, 34.7411], [135.5756, 34.7402], [135.573, 34.7408], [135.5714, 34.7399], [135.5708, 34.7377], [135.5749, 34.7377], [135.5761, 34.7371], [135.5759, 34.7366], [135.5769, 34.735], [135.5765, 34.7343], [135.5792, 34.7322], [135.5796, 34.7316], [135.5793, 34.7307], [135.5823, 34.7281], [135.5839, 34.7248], [135.5836, 34.7234], [135.5839, 34.7225], [135.5866, 34.7213], [135.587, 34.7202], [135.5863, 34.7202], [135.5871, 34.72], [135.5873, 34.7194], [135.587, 34.7188], [135.5872, 34.7164], [135.5868, 34.7142], [135.5856, 34.7115], [135.5862, 34.7111], [135.5866, 34.7112], [135.5874, 34.7108], [135.5877, 34.7124], [135.5896, 34.7138], [135.5911, 34.7139], [135.5934, 34.7135], [135.5991, 34.7144]]]}, "properties": {"name": "大阪府門真市"}}, {"type": "Feature", "geometry": {"type": "Polygon", "coordinates": [[[135.5598, 34.7541], [135.5661, 34.7564], [135.5762, 34.7586], [135.5871, 34.7678], [135.5873, 34.7676], [135.593, 34.7727], [135.5951, 34.7737], [135.5993, 34.7769], [135.6015, 34.7789], [135.6018, 34.78], [135.5996, 34.7837], [135.6, 34.784], [135.5992, 34.7843], [135.5993, 34.7847], [135.5985, 34.7849], [135.5988, 34.7853], [135.5986, 34.7859], [135.5981, 34.7855], [135.598, 34.7858], [135.5987, 34.7877], [135.5981, 34.7907], [135.5988, 34.7928], [135.5987, 34.7945], [135.5981, 34.7952], [135.5981, 34.7962], [135.5986, 34.7963], [135.5986, 34.7978], [135.5986, 34.7981], [135.5977, 34.7982], [135.5974, 34.7989], [135.5953, 34.7975], [135.5943, 34.7964], [135.5912, 34.7947], [135.5903, 34.7936], [135.5885, 34.7933], [135.588, 34.7929], [135.5876, 34.7916], [135.5824, 34.7866], [135.582, 34.7867], [135.5775, 34.7844], [135.5741, 34.7805], [135.5739, 34.7794], [135.572, 34.7781], [135.5722, 34.7768], [135.571, 34.7771], [135.5702, 34.7765], [135.5698, 34.7767], [135.5685, 34.7765], [135.5665, 34.7752], [135.5653, 34.7762], [135.5675, 34.7778], [135.5681, 34.7791], [135.5678, 34.7814], [135.5684, 34.7856], [135.5626, 34.7831], [135.5634, 34.7862], [135.5628, 34.7865], [135.5635, 34.7884], [135.5629, 34.7881], [135.5625, 34.7883], [135.5626, 34.7908], [135.562, 34.7908], [135.5625, 34.7927], [135.5623, 34.7925], [135.562, 34.793], [135.5615, 34.7925], [135.5616, 34.7929], [135.5591, 34.7929], [135.5591, 34.7918], [135.5587, 34.7914], [135.5559, 34.7916], [135.5552, 34.792], [135.5549, 34.7933], [135.5527, 34.7935], [135.5527, 34.7944], [135.5521, 34.7942], [135.5511, 34.7931], [135.5478, 34.7922], [135.5413, 34.788], [135.5403, 34.7878], [135.5398, 34.7892], [135.539, 34.7894], [135.5395, 34.7889], [135.5377, 34.7882], [135.5378, 34.7875], [135.5367, 34.7868], [135.5369, 34.7863], [135.5364, 34.7861], [135.5374, 34.7851], [135.5384, 34.7852], [135.5489, 34.7723], [135.5505, 34.7698], [135.5515, 34.7696], [135.551, 34.7694], [135.5517, 34.7687], [135.5515, 34.7685], [135.5502, 34.7689], [135.549, 34.7686], [135.5507, 34.7674], [135.5512, 34.766], [135.5511, 34.7644], [135.549, 34.7655], [135.5507, 34.7645], [135.551, 34.7637], [135.5505, 34.7608], [135.5501, 34.7615], [135.5504, 34.7599], [135.5507, 34.76], [135.5508, 34.7595], [135.5505, 34.7595], [135.5507, 34.7584], [135.5511, 34.7588], [135.5511, 34.7578], [135.5518, 34.7571], [135.5557, 34.7569], [135.5554, 34.7557], [135.554, 34.7557], [135.5534, 34.7562], [135.5539, 34.7553], [135.5557, 34.7552], [135.5562, 34.7563], [135.5598, 34.7541]]]}, "properties": {"name": "大阪府摂津市"}}, {"type": "Feature", "geometry": {"type": "Polygon", "coordinates": [[[135.404, 34.548], [135.393, 34.5324], [135.3985, 34.5259], [135.4014, 34.5277], [135.4104, 34.5229], [135.4209, 34.5181], [135.4219, 34.518], [135.4229, 34.5172], [135.4237, 34.5171], [135.4241, 34.5167], [135.4237, 34.5164], [135.4243, 34.5162], [135.4234, 34.5153], [135.4269, 34.5126], [135.429, 34.5144], [135.4315, 34.5168], [135.4319, 34.5168], [135.4333, 34.5156], [135.4328, 34.5151], [135.4327, 34.515], [135.4325, 34.5148], [135.4336, 34.5142], [135.4337, 34.5143], [135.4341, 34.5145], [135.4351, 34.5141], [135.4353, 34.5141], [135.4357, 34.5145], [135.4361, 34.5143], [135.436, 34.5149], [135.4364, 34.5146], [135.4362, 34.5136], [135.4366, 34.514], [135.4377, 34.5138], [135.438, 34.5141], [135.4386, 34.5142], [135.4396, 34.5134], [135.4404, 34.5129], [135.4412, 34.5135], [135.444, 34.5115], [135.4449, 34.5122], [135.4453, 34.5119], [135.4447, 34.5111], [135.4458, 34.5122], [135.4467, 34.5121], [135.4477, 34.5114], [135.4496, 34.5131], [135.4494, 34.5132], [135.4508, 34.5141], [135.4523, 34.5122], [135.4538, 34.5125], [135.4534, 34.5131], [135.4539, 34.5134], [135.4534, 34.514], [135.4536, 34.5145], [135.4546, 34.5145], [135.4542, 34.5153], [135.4544, 34.5166], [135.4565, 34.5164], [135.4568, 34.5159], [135.4573, 34.5161], [135.4573, 34.5169], [135.4584, 34.5187], [135.4595, 34.5183], [135.46, 34.519], [135.4592, 34.5202], [135.4573, 34.5207], [135.4581, 34.5218], [135.4568, 34.5227], [135.4562, 34.5226], [135.4562, 34.5246], [135.4556, 34.5247], [135.4553, 34.5239], [135.454, 34.5249], [135.4516, 34.5249], [135.451, 34.5254], [135.4485, 34.5252], [135.448, 34.526], [135.4466, 34.5259], [135.446, 34.5265], [135.4468, 34.5271], [135.4467, 34.528], [135.4477, 34.5284], [135.4479, 34.5297], [135.4503, 34.5293], [135.4516, 34.5298], [135.4513, 34.5304], [135.4506, 34.5298], [135.4469, 34.5305], [135.446, 34.531], [135.4465, 34.532], [135.4472, 34.5323], [135.4481, 34.5334], [135.4481, 34.5341], [135.4468, 34.5341], [135.447, 34.5349], [135.4464, 34.5351], [135.4467, 34.5363], [135.4463, 34.5353], [135.4463, 34.5362], [135.4457, 34.5351], [135.4453, 34.5352], [135.4461, 34.537], [135.4453, 34.5371], [135.4453, 34.5375], [135.4419, 34.5392], [135.4382, 34.539], [135.4391, 34.5404], [135.4377, 34.541], [135.4364, 34.5426], [135.4253, 34.5476], [135.4235, 34.5448], [135.4141, 34.5449], [135.4132, 34.5431], [135.4085, 34.5448], [135.4092, 34.5459], [135.404, 34.548]]]}, "properties": {"name": "大阪府高石市"}}, {"type": "Feature", "geometry": {"type": "MultiPolygon", "coordinates": [[[[135.5848, 34.5887], [135.5848, 34.588], [135.5836, 34.588], [135.5836, 34.587], [135.5824, 34.587], [135.5823, 34.5854], [135.5836, 34.5847], [135.5835, 34.584], [135.5823, 34.584], [135.5823, 34.583], [135.5812, 34.583], [135.5812, 34.5821], [135.5812, 34.5811], [135.5824, 34.5811], [135.5824, 34.582], [135.5836, 34.582], [135.5834, 34.5811], [135.5853, 34.5818], [135.5854, 34.5792], [135.586, 34.579], [135.5852, 34.5786], [135.5853, 34.5778], [135.5861, 34.5777], [135.5862, 34.5771], [135.5878, 34.577], [135.5873, 34.5764], [135.5875, 34.5751], [135.5869, 34.5714], [135.5883, 34.5698], [135.5882, 34.5688], [135.589, 34.5677], [135.5898, 34.5675], [135.5896, 34.5681], [135.5893, 34.568], [135.5885, 34.5689], [135.5897, 34.5693], [135.5901, 34.5683], [135.5897, 34.5681], [135.5907, 34.5675], [135.5907, 34.567], [135.5911, 34.567], [135.5909, 34.5663], [135.5915, 34.5662], [135.5919, 34.5653], [135.5915, 34.5641], [135.5948, 34.5634], [135.5952, 34.564], [135.5957, 34.564], [135.5959, 34.5637], [135.5963, 34.5642], [135.5959, 34.5616], [135.5953, 34.5615], [135.5961, 34.561], [135.5968, 34.5589], [135.5959, 34.5587], [135.5963, 34.5586], [135.5963, 34.5576], [135.5968, 34.5572], [135.5955, 34.5564], [135.5973, 34.5546], [135.5987, 34.5545], [135.5987, 34.5555], [135.5992, 34.5546], [135.6016, 34.5536], [135.6015, 34.5547], [135.6025, 34.5561], [135.6033, 34.5563], [135.6026, 34.5582], [135.605, 34.5583], [135.6054, 34.5588], [135.605, 34.56], [135.6066, 34.5611], [135.6047, 34.5639], [135.604, 34.5661], [135.6082, 34.5662], [135.6095, 34.5657], [135.6117, 34.566], [135.6116, 34.565], [135.6125, 34.5648], [135.6125, 34.5644], [135.6135, 34.5644], [135.6153, 34.5631], [135.6153, 34.5626], [135.6162, 34.5626], [135.6169, 34.5637], [135.6181, 34.5638], [135.6188, 34.5633], [135.6195, 34.5639], [135.6215, 34.5642], [135.6216, 34.5682], [135.6221, 34.5698], [135.6235, 34.5723], [135.6256, 34.5749], [135.6281, 34.5764], [135.6279, 34.5772], [135.6269, 34.5787], [135.6258, 34.5795], [135.6185, 34.5818], [135.6186, 34.5832], [135.6169, 34.5832], [135.6169, 34.5841], [135.6158, 34.5841], [135.6158, 34.585], [135.6146, 34.585], [135.6146, 34.5881], [135.6111, 34.588], [135.6111, 34.589], [135.6087, 34.589], [135.6086, 34.5877], [135.6075, 34.5877], [135.6075, 34.5871], [135.6063, 34.5871], [135.6064, 34.5861], [135.6052, 34.5862], [135.6052, 34.5837], [135.6041, 34.5837], [135.6014, 34.5837], [135.6014, 34.5854], [135.5991, 34.5865], [135.5991, 34.5861], [135.5967, 34.5861], [135.5967, 34.5849], [135.5963, 34.5848], [135.5935, 34.5858], [135.593, 34.585], [135.5915, 34.585], [135.5919, 34.5867], [135.5915, 34.5869], [135.5909, 34.5861], [135.5902, 34.5859], [135.5897, 34.5861], [135.5873, 34.586], [135.5874, 34.5871], [135.5867, 34.5871], [135.5866, 34.5879], [135.5874, 34.5889], [135.586, 34.5896], [135.5855, 34.5889], [135.5848, 34.5887]]], [[[135.5947, 34.5615], [135.5947, 34.5627], [135.5926, 34.5631], [135.5923, 34.5621], [135.5947, 34.5615]]], [[[135.5919, 34.563], [135.5914, 34.5631], [135.5914, 34.5639], [135.5908, 34.5641], [135.5907, 34.563], [135.5919, 34.563]]], [[[135.5958, 34.5571], [135.5955, 34.5571], [135.5956, 34.5567], [135.5961, 34.5572], [135.596, 34.5577], [135.5958, 34.5571]]]]}, "properties": {"name": "大阪府藤井寺市"}}, {"type": "Feature", "geometry": {"type": "Polygon", "coordinates": [[[135.5571, 34.6643], [135.5571, 34.6635], [135.5591, 34.6634], [135.559, 34.6629], [135.5611, 34.6628], [135.5616, 34.6585], [135.564, 34.6585], [135.564, 34.6566], [135.5629, 34.6566], [135.5629, 34.6558], [135.5584, 34.656], [135.5584, 34.655], [135.5592, 34.655], [135.5595, 34.6531], [135.5617, 34.653], [135.5618, 34.6501], [135.5606, 34.6502], [135.5609, 34.6434], [135.5611, 34.6408], [135.5655, 34.6409], [135.5656, 34.6382], [135.5685, 34.6383], [135.5687, 34.6343], [135.5716, 34.6344], [135.5716, 34.6339], [135.5746, 34.634], [135.5746, 34.6324], [135.5888, 34.6323], [135.589, 34.633], [135.5895, 34.633], [135.5901, 34.6337], [135.5867, 34.636], [135.5876, 34.6368], [135.5854, 34.6392], [135.5862, 34.6399], [135.588, 34.6399], [135.5889, 34.6401], [135.589, 34.6406], [135.5906, 34.6408], [135.5905, 34.6416], [135.5955, 34.6416], [135.5956, 34.6446], [135.5943, 34.6446], [135.5944, 34.6506], [135.6169, 34.6502], [135.6166, 34.6483], [135.6181, 34.648], [135.6182, 34.6503], [135.6256, 34.6504], [135.6255, 34.6445], [135.6318, 34.6443], [135.6318, 34.6433], [135.6313, 34.6433], [135.6313, 34.6403], [135.6325, 34.6403], [135.6324, 34.6443], [135.6414, 34.6442], [135.642, 34.6444], [135.6441, 34.6438], [135.6452, 34.6442], [135.6453, 34.644], [135.6471, 34.6442], [135.647, 34.645], [135.6477, 34.645], [135.648, 34.6454], [135.6526, 34.6444], [135.6537, 34.6448], [135.6543, 34.6442], [135.6542, 34.6449], [135.6548, 34.6449], [135.6555, 34.6459], [135.6561, 34.6453], [135.6569, 34.646], [135.6582, 34.6458], [135.6581, 34.6453], [135.6596, 34.6442], [135.6635, 34.6434], [135.6655, 34.6442], [135.6659, 34.6461], [135.6658, 34.6482], [135.6665, 34.6486], [135.6662, 34.6496], [135.6644, 34.6499], [135.6641, 34.6504], [135.6647, 34.6508], [135.6652, 34.6526], [135.6662, 34.6529], [135.6677, 34.6542], [135.6683, 34.6563], [135.6694, 34.6572], [135.6717, 34.6617], [135.6706, 34.6624], [135.6713, 34.6655], [135.671, 34.667], [135.674, 34.6696], [135.6746, 34.672], [135.6763, 34.6734], [135.6773, 34.6759], [135.6791, 34.6778], [135.6776, 34.6804], [135.6783, 34.6817], [135.6787, 34.6837], [135.6768, 34.685], [135.6764, 34.6863], [135.6753, 34.688], [135.674, 34.6884], [135.6727, 34.6923], [135.6742, 34.6981], [135.6732, 34.7001], [135.6718, 34.6995], [135.6711, 34.7002], [135.6698, 34.6993], [135.6688, 34.6992], [135.6664, 34.6996], [135.6644, 34.6995], [135.6599, 34.7015], [135.6569, 34.7018], [135.6549, 34.7024], [135.6542, 34.7021], [135.6531, 34.7027], [135.6504, 34.7019], [135.6476, 34.7023], [135.6385, 34.7022], [135.639, 34.7006], [135.6379, 34.6987], [135.6345, 34.6987], [135.634, 34.6989], [135.6341, 34.7002], [135.6334, 34.7017], [135.6288, 34.7017], [135.6273, 34.7034], [135.6272, 34.7042], [135.6274, 34.7014], [135.626, 34.7011], [135.6178, 34.701], [135.6176, 34.7002], [135.6184, 34.6998], [135.6185, 34.6985], [135.6178, 34.6984], [135.6182, 34.698], [135.6185, 34.6981], [135.6186, 34.6975], [135.6191, 34.6972], [135.619, 34.6957], [135.6139, 34.6973], [135.6141, 34.6978], [135.6136, 34.6978], [135.6136, 34.6985], [135.6131, 34.6985], [135.6129, 34.6975], [135.6123, 34.6975], [135.6097, 34.6975], [135.6094, 34.6988], [135.6093, 34.6983], [135.6077, 34.6983], [135.6072, 34.6995], [135.606, 34.7007], [135.6059, 34.7015], [135.6063, 34.7018], [135.6032, 34.7004], [135.6033, 34.7014], [135.6012, 34.7005], [135.5968, 34.7006], [135.5967, 34.7023], [135.5955, 34.7028], [135.5949, 34.7037], [135.5929, 34.7034], [135.5903, 34.7021], [135.5903, 34.7005], [135.5888, 34.7], [135.5872, 34.6987], [135.5862, 34.6984], [135.5847, 34.6985], [135.5831, 34.6977], [135.5803, 34.6909], [135.5793, 34.6899], [135.5768, 34.6882], [135.5745, 34.6879], [135.5725, 34.6886], [135.5737, 34.6877], [135.5707, 34.6882], [135.5703, 34.6881], [135.5705, 34.6875], [135.5668, 34.6877], [135.5653, 34.6873], [135.5672, 34.6874], [135.5651, 34.6872], [135.5645, 34.6865], [135.5649, 34.6863], [135.5641, 34.6846], [135.5646, 34.6833], [135.5637, 34.6822], [135.5633, 34.6783], [135.5629, 34.6768], [135.5633, 34.6759], [135.5625, 34.6749], [135.5621, 34.6725], [135.562, 34.6681], [135.5592, 34.6682], [135.559, 34.6678], [135.5585, 34.6682], [135.5575, 34.6682], [135.5571, 34.6643]]]}, "properties": {"name": "大阪府東大阪市"}}, {"type": "Feature", "geometry": {"type": "MultiPolygon", "coordinates": [[[[135.28, 34.3952], [135.2795, 34.3948], [135.2794, 34.3951], [135.2797, 34.3939], [135.2771, 34.3926], [135.2769, 34.3918], [135.2765, 34.3901], [135.277, 34.3905], [135.2771, 34.3916], [135.2778, 34.3913], [135.2771, 34.3903], [135.2778, 34.3894], [135.2776, 34.388], [135.2776, 34.3891], [135.2754, 34.3901], [135.2744, 34.3909], [135.2746, 34.3905], [135.2735, 34.3896], [135.2727, 34.3902], [135.2741, 34.3915], [135.2722, 34.3898], [135.2727, 34.3894], [135.2722, 34.3887], [135.2695, 34.3864], [135.269, 34.3866], [135.2691, 34.386], [135.2674, 34.3845], [135.267, 34.3848], [135.2673, 34.3844], [135.2648, 34.3824], [135.2639, 34.3811], [135.2633, 34.3809], [135.2631, 34.3815], [135.2631, 34.3807], [135.2627, 34.3806], [135.2602, 34.3807], [135.2588, 34.3815], [135.2596, 34.3822], [135.2587, 34.3814], [135.2584, 34.3816], [135.2582, 34.381], [135.2577, 34.3812], [135.258, 34.3808], [135.2576, 34.3805], [135.2569, 34.381], [135.2587, 34.3826], [135.2574, 34.3814], [135.2571, 34.3817], [135.252, 34.3771], [135.2495, 34.3768], [135.2505, 34.3756], [135.2536, 34.3744], [135.2531, 34.3731], [135.252, 34.3733], [135.2522, 34.3742], [135.2504, 34.3744], [135.2504, 34.3732], [135.2519, 34.373], [135.2515, 34.3715], [135.2501, 34.3716], [135.2493, 34.3687], [135.2494, 34.3645], [135.2502, 34.3628], [135.2539, 34.3595], [135.2549, 34.3591], [135.2577, 34.3587], [135.2598, 34.3569], [135.2603, 34.353], [135.2612, 34.3525], [135.2615, 34.3514], [135.2652, 34.3467], [135.2662, 34.3439], [135.2667, 34.3434], [135.2674, 34.3434], [135.2672, 34.3428], [135.2678, 34.3415], [135.2676, 34.3406], [135.2686, 34.3398], [135.2684, 34.3395], [135.2695, 34.3374], [135.2721, 34.3351], [135.2725, 34.3333], [135.2734, 34.3319], [135.277, 34.3292], [135.2798, 34.3259], [135.2807, 34.3237], [135.2807, 34.3214], [135.2826, 34.318], [135.2845, 34.3164], [135.2869, 34.3126], [135.2859, 34.3104], [135.2865, 34.3095], [135.2871, 34.3067], [135.2881, 34.3059], [135.2881, 34.3049], [135.2915, 34.2998], [135.2932, 34.2991], [135.2935, 34.3], [135.2945, 34.3], [135.2948, 34.3005], [135.2959, 34.3001], [135.2961, 34.3013], [135.2982, 34.3009], [135.2985, 34.3027], [135.3008, 34.3024], [135.3017, 34.304], [135.303, 34.3043], [135.3029, 34.3064], [135.3046, 34.3117], [135.3041, 34.3138], [135.3066, 34.3142], [135.3072, 34.3147], [135.3086, 34.314], [135.3089, 34.3135], [135.3098, 34.3134], [135.3131, 34.3142], [135.314, 34.3152], [135.3148, 34.3152], [135.3159, 34.3158], [135.3173, 34.3158], [135.3242, 34.3192], [135.3268, 34.319], [135.3288, 34.3182], [135.3301, 34.3171], [135.331, 34.3197], [135.3288, 34.3215], [135.328, 34.3239], [135.3286, 34.3239], [135.3309, 34.3254], [135.3326, 34.3257], [135.3344, 34.3255], [135.3389, 34.3292], [135.3394, 34.3323], [135.3388, 34.3339], [135.3375, 34.335], [135.339, 34.3351], [135.3406, 34.337], [135.3392, 34.3414], [135.3376, 34.341], [135.3363, 34.3421], [135.3354, 34.3414], [135.3349, 34.3416], [135.3347, 34.3423], [135.3337, 34.3422], [135.3328, 34.342], [135.3313, 34.341], [135.3311, 34.3402], [135.3297, 34.3402], [135.3289, 34.3417], [135.3292, 34.3432], [135.3289, 34.3451], [135.3273, 34.3469], [135.3274, 34.3479], [135.3268, 34.3503], [135.3249, 34.3512], [135.3242, 34.3533], [135.3225, 34.3554], [135.3226, 34.3582], [135.3238, 34.3626], [135.3218, 34.3643], [135.3221, 34.3645], [135.3221, 34.3652], [135.3214, 34.3658], [135.3209, 34.3673], [135.32, 34.3678], [135.3201, 34.3687], [135.3197, 34.3692], [135.3191, 34.3692], [135.3189, 34.3701], [135.3177, 34.3715], [135.317, 34.3715], [135.3135, 34.3766], [135.3129, 34.3763], [135.3119, 34.3768], [135.312, 34.3772], [135.3113, 34.377], [135.3094, 34.3801], [135.3074, 34.3808], [135.3054, 34.3822], [135.3044, 34.3822], [135.3045, 34.3818], [135.3029, 34.3811], [135.3009, 34.3807], [135.3004, 34.3812], [135.2979, 34.3808], [135.2982, 34.3816], [135.2967, 34.3812], [135.2957, 34.3808], [135.2964, 34.3803], [135.2941, 34.3787], [135.2931, 34.3796], [135.2902, 34.379], [135.2884, 34.3793], [135.2885, 34.3788], [135.2872, 34.3804], [135.2898, 34.3818], [135.2895, 34.3833], [135.2875, 34.3856], [135.2861, 34.385], [135.2854, 34.3838], [135.2813, 34.3898], [135.2828, 34.3902], [135.2837, 34.3909], [135.2833, 34.392], [135.2826, 34.3934], [135.28, 34.3952]], [[135.3008, 34.3526], [135.3011, 34.3515], [135.3004, 34.3513], [135.2998, 34.3518], [135.2995, 34.3515], [135.2992, 34.352], [135.2987, 34.3517], [135.298, 34.3522], [135.2983, 34.3526], [135.2979, 34.3535], [135.2958, 34.3545], [135.2958, 34.355], [135.2963, 34.3553], [135.2983, 34.3544], [135.2993, 34.3547], [135.2989, 34.3537], [135.2995, 34.3535], [135.2995, 34.3529], [135.3009, 34.3533], [135.3008, 34.3526]]], [[[135.2296, 34.4305], [135.2302, 34.4298], [135.2275, 34.428], [135.2269, 34.4284], [135.2275, 34.4278], [135.2191, 34.4222], [135.2277, 34.4135], [135.2313, 34.4159], [135.2338, 34.4185], [135.2355, 34.4197], [135.2368, 34.4183], [135.2353, 34.4173], [135.2393, 34.4199], [135.237, 34.4184], [135.2368, 34.419], [135.2365, 34.4188], [135.2356, 34.4197], [135.2404, 34.4229], [135.2296, 34.4305]]], [[[135.2181, 34.4387], [135.2079, 34.4319], [135.2046, 34.4306], [135.2009, 34.4282], [135.2027, 34.4265], [135.1982, 34.4234], [135.2027, 34.4264], [135.2089, 34.4201], [135.2061, 34.4231], [135.2215, 34.4334], [135.2257, 34.4291], [135.226, 34.4293], [135.2266, 34.4287], [135.2261, 34.4293], [135.2284, 34.4309], [135.2291, 34.4308], [135.2181, 34.4387]]]]}, "properties": {"name": "大阪府泉南市"}}, {"type": "Feature", "geometry": {"type": "Polygon", "coordinates": [[[135.6322, 34.732], [135.6404, 34.7318], [135.641, 34.7322], [135.6417, 34.7321], [135.6418, 34.7318], [135.6472, 34.7313], [135.6473, 34.7316], [135.6488, 34.7312], [135.6502, 34.7296], [135.6512, 34.7295], [135.6535, 34.7271], [135.6567, 34.7275], [135.6567, 34.7235], [135.6563, 34.7223], [135.6574, 34.7223], [135.6575, 34.7219], [135.6589, 34.7216], [135.6609, 34.7194], [135.6613, 34.7198], [135.6625, 34.719], [135.6638, 34.719], [135.6667, 34.7182], [135.6684, 34.717], [135.6684, 34.7161], [135.6727, 34.7162], [135.6728, 34.7154], [135.6734, 34.7152], [135.6736, 34.7134], [135.6743, 34.7127], [135.6743, 34.7119], [135.6753, 34.7112], [135.6743, 34.7105], [135.6748, 34.7097], [135.6743, 34.7091], [135.6748, 34.7072], [135.6735, 34.7059], [135.6735, 34.7045], [135.6726, 34.704], [135.6732, 34.7035], [135.6732, 34.702], [135.6746, 34.7023], [135.6752, 34.7028], [135.675, 34.704], [135.6755, 34.7041], [135.676, 34.7036], [135.6772, 34.7044], [135.6779, 34.7062], [135.6786, 34.7065], [135.6786, 34.707], [135.6791, 34.7072], [135.6801, 34.7092], [135.6825, 34.7112], [135.685, 34.7113], [135.6857, 34.711], [135.6866, 34.7118], [135.6876, 34.7114], [135.6889, 34.7134], [135.6899, 34.7137], [135.6909, 34.7148], [135.6909, 34.7153], [135.6927, 34.7158], [135.6938, 34.7169], [135.6952, 34.7174], [135.6953, 34.7182], [135.697, 34.7195], [135.6978, 34.7209], [135.7001, 34.7218], [135.7007, 34.7212], [135.7022, 34.7218], [135.703, 34.7229], [135.7041, 34.7236], [135.7037, 34.7248], [135.7028, 34.7249], [135.7019, 34.7283], [135.7008, 34.7299], [135.6999, 34.7333], [135.7003, 34.734], [135.7, 34.7344], [135.7005, 34.7346], [135.7004, 34.7357], [135.6993, 34.7379], [135.698, 34.7393], [135.6978, 34.7406], [135.6971, 34.7413], [135.6975, 34.7429], [135.6968, 34.7437], [135.6958, 34.7435], [135.6955, 34.7429], [135.6934, 34.7429], [135.6925, 34.7431], [135.6919, 34.7439], [135.6909, 34.7441], [135.6902, 34.7447], [135.6893, 34.7448], [135.6889, 34.7437], [135.6876, 34.7438], [135.6866, 34.7429], [135.6858, 34.7429], [135.6849, 34.7421], [135.6844, 34.7421], [135.6834, 34.7428], [135.6829, 34.7441], [135.6831, 34.7451], [135.6825, 34.7454], [135.681, 34.745], [135.6802, 34.7437], [135.6794, 34.7434], [135.6775, 34.7447], [135.6769, 34.7446], [135.6768, 34.7442], [135.6764, 34.7443], [135.6755, 34.7452], [135.6752, 34.7444], [135.6734, 34.7446], [135.6726, 34.7464], [135.672, 34.7467], [135.6709, 34.7452], [135.6682, 34.7445], [135.6681, 34.7459], [135.6658, 34.7463], [135.6645, 34.7474], [135.6644, 34.7481], [135.6631, 34.7495], [135.6618, 34.7485], [135.6597, 34.7503], [135.6592, 34.7498], [135.6594, 34.749], [135.6575, 34.7491], [135.6566, 34.7484], [135.6571, 34.7468], [135.658, 34.7466], [135.6574, 34.7463], [135.656, 34.7468], [135.6551, 34.7466], [135.654, 34.747], [135.6535, 34.7477], [135.6527, 34.7475], [135.6522, 34.7488], [135.6512, 34.7492], [135.6509, 34.7499], [135.6502, 34.7497], [135.6501, 34.7491], [135.6495, 34.7489], [135.6496, 34.7494], [135.6487, 34.7493], [135.6479, 34.7496], [135.645, 34.7493], [135.6444, 34.7493], [135.6443, 34.7497], [135.6443, 34.7494], [135.6423, 34.7497], [135.6395, 34.7495], [135.638, 34.7499], [135.6367, 34.7497], [135.6304, 34.7499], [135.6303, 34.7469], [135.6291, 34.7469], [135.629, 34.7458], [135.6279, 34.7458], [135.6279, 34.745], [135.6265, 34.7451], [135.6266, 34.7413], [135.6263, 34.74], [135.6256, 34.7396], [135.6264, 34.7382], [135.626, 34.737], [135.6244, 34.7363], [135.6244, 34.7343], [135.6252, 34.734], [135.6266, 34.7344], [135.6286, 34.7342], [135.6265, 34.7342], [135.6258, 34.7337], [135.6268, 34.734], [135.6297, 34.7337], [135.6296, 34.7341], [135.6287, 34.7342], [135.6307, 34.7342], [135.6301, 34.734], [135.6307, 34.7328], [135.631, 34.7328], [135.6311, 34.732], [135.6322, 34.732]]]}, "properties": {"name": "大阪府四條畷市"}}, {"type": "Feature", "geometry": {"type": "Polygon", "coordinates": [[[135.6595, 34.775], [135.6602, 34.7722], [135.6618, 34.77], [135.6623, 34.7667], [135.6618, 34.7665], [135.6617, 34.7651], [135.6607, 34.7638], [135.6607, 34.7626], [135.6585, 34.7597], [135.6593, 34.7576], [135.6581, 34.7575], [135.6583, 34.7559], [135.6588, 34.7553], [135.6582, 34.7547], [135.6583, 34.7539], [135.6604, 34.7525], [135.6598, 34.7519], [135.6594, 34.7523], [135.659, 34.7521], [135.6597, 34.7503], [135.6618, 34.7485], [135.6631, 34.7495], [135.6644, 34.7481], [135.6645, 34.7474], [135.6658, 34.7463], [135.6681, 34.7459], [135.6682, 34.7445], [135.6709, 34.7452], [135.672, 34.7467], [135.6726, 34.7464], [135.6734, 34.7446], [135.6752, 34.7444], [135.6755, 34.7452], [135.6764, 34.7443], [135.6768, 34.7442], [135.6769, 34.7446], [135.6775, 34.7447], [135.6794, 34.7434], [135.6802, 34.7437], [135.681, 34.745], [135.6825, 34.7454], [135.6831, 34.7451], [135.6829, 34.7441], [135.6834, 34.7428], [135.6844, 34.7421], [135.6849, 34.7421], [135.6858, 34.7429], [135.6866, 34.7429], [135.6876, 34.7438], [135.6889, 34.7437], [135.6893, 34.7448], [135.6902, 34.7447], [135.6909, 34.7441], [135.6919, 34.7439], [135.6925, 34.7431], [135.6934, 34.7429], [135.6955, 34.7429], [135.6958, 34.7435], [135.6968, 34.7437], [135.6973, 34.7443], [135.6985, 34.7445], [135.6993, 34.7455], [135.6994, 34.746], [135.6981, 34.747], [135.6976, 34.748], [135.6993, 34.7501], [135.7007, 34.7503], [135.7011, 34.7508], [135.702, 34.7507], [135.705, 34.7485], [135.7066, 34.7484], [135.7073, 34.7509], [135.7079, 34.7512], [135.7077, 34.7517], [135.71, 34.7532], [135.7099, 34.7569], [135.7088, 34.7586], [135.7098, 34.7606], [135.7083, 34.7614], [135.7087, 34.7635], [135.7099, 34.7645], [135.7089, 34.7652], [135.7084, 34.7667], [135.7089, 34.7682], [135.7086, 34.7691], [135.71, 34.7712], [135.7086, 34.772], [135.707, 34.7715], [135.7065, 34.7725], [135.7075, 34.7745], [135.7087, 34.7753], [135.7089, 34.7765], [135.7096, 34.7772], [135.7098, 34.7804], [135.7106, 34.7805], [135.7118, 34.7814], [135.7129, 34.7832], [135.7142, 34.7828], [135.7151, 34.7832], [135.7164, 34.7861], [135.7161, 34.7881], [135.7164, 34.7888], [135.7143, 34.7903], [135.7151, 34.7923], [135.7148, 34.7938], [135.7131, 34.794], [135.7125, 34.7947], [135.711, 34.7948], [135.7099, 34.7958], [135.709, 34.7956], [135.7088, 34.798], [135.7076, 34.7983], [135.7058, 34.7981], [135.7023, 34.7994], [135.7008, 34.7993], [135.6991, 34.7999], [135.6977, 34.7998], [135.6977, 34.8001], [135.696, 34.8006], [135.6938, 34.8004], [135.692, 34.8007], [135.6896, 34.7997], [135.6876, 34.7994], [135.6868, 34.7996], [135.6859, 34.8003], [135.6847, 34.8002], [135.6845, 34.8005], [135.6825, 34.7999], [135.6811, 34.8005], [135.6812, 34.8011], [135.6801, 34.8015], [135.6796, 34.8025], [135.6772, 34.802], [135.6767, 34.8024], [135.677, 34.803], [135.6765, 34.8034], [135.6752, 34.8015], [135.6745, 34.8021], [135.674, 34.8018], [135.6742, 34.8016], [135.6734, 34.7995], [135.6704, 34.7992], [135.6699, 34.799], [135.67, 34.7986], [135.6677, 34.7983], [135.6661, 34.7973], [135.6668, 34.7961], [135.6655, 34.7955], [135.6641, 34.7955], [135.6691, 34.7916], [135.6701, 34.7887], [135.6719, 34.7858], [135.6704, 34.7855], [135.6701, 34.7849], [135.6707, 34.7819], [135.6713, 34.7809], [135.6715, 34.7785], [135.6702, 34.7786], [135.6699, 34.7781], [135.6688, 34.778], [135.6673, 34.7762], [135.6658, 34.7765], [135.6625, 34.7762], [135.6595, 34.775]], [[135.6621, 34.7515], [135.661, 34.7521], [135.6611, 34.7527], [135.6619, 34.7525], [135.6633, 34.753], [135.6622, 34.752], [135.6625, 34.7511], [135.6621, 34.7515]]]}, "properties": {"name": "大阪府交野市"}}, {"type": "Feature", "geometry": {"type": "Polygon", "coordinates": [[[135.5344, 34.5081], [135.5361, 34.505], [135.5388, 34.5025], [135.54, 34.5001], [135.5401, 34.4987], [135.5387, 34.4954], [135.5375, 34.4946], [135.5369, 34.4936], [135.5352, 34.493], [135.5346, 34.4923], [135.534, 34.491], [135.5345, 34.4897], [135.5337, 34.4876], [135.5346, 34.4867], [135.5354, 34.4865], [135.5361, 34.4856], [135.5357, 34.4833], [135.5361, 34.4816], [135.5353, 34.4799], [135.5362, 34.4791], [135.5368, 34.4778], [135.5363, 34.4752], [135.5373, 34.4736], [135.5386, 34.4693], [135.5409, 34.4679], [135.5422, 34.4665], [135.5429, 34.467], [135.5452, 34.4672], [135.5459, 34.4683], [135.5484, 34.4697], [135.5496, 34.4709], [135.5522, 34.4712], [135.553, 34.4717], [135.5534, 34.4724], [135.5531, 34.4733], [135.5539, 34.474], [135.5538, 34.4761], [135.5554, 34.4773], [135.5554, 34.4778], [135.5566, 34.4778], [135.5571, 34.4785], [135.5576, 34.4785], [135.5593, 34.4798], [135.5606, 34.4805], [135.561, 34.4815], [135.5604, 34.4817], [135.5596, 34.4845], [135.5586, 34.4845], [135.5583, 34.4842], [135.5578, 34.485], [135.5581, 34.4856], [135.5597, 34.4852], [135.5594, 34.4856], [135.5593, 34.4854], [135.5583, 34.4856], [135.5581, 34.486], [135.5583, 34.4867], [135.5591, 34.4866], [135.5584, 34.4876], [135.5587, 34.4886], [135.5583, 34.4897], [135.5592, 34.4905], [135.5599, 34.4902], [135.5597, 34.4905], [135.5603, 34.4907], [135.5603, 34.4918], [135.5624, 34.4918], [135.5635, 34.4911], [135.5639, 34.4932], [135.5623, 34.493], [135.561, 34.4938], [135.5605, 34.4958], [135.5599, 34.4958], [135.5596, 34.4974], [135.5607, 34.4976], [135.5604, 34.4992], [135.561, 34.4993], [135.5609, 34.5], [135.5613, 34.5003], [135.5611, 34.5011], [135.5597, 34.5014], [135.5595, 34.5044], [135.5603, 34.5051], [135.5606, 34.5067], [135.5599, 34.5078], [135.5605, 34.5091], [135.5604, 34.5119], [135.5636, 34.5132], [135.5668, 34.5135], [135.5665, 34.5142], [135.5659, 34.5144], [135.5664, 34.5151], [135.5659, 34.5164], [135.5637, 34.5177], [135.5631, 34.5201], [135.5639, 34.5197], [135.5646, 34.52], [135.5627, 34.5224], [135.5632, 34.5242], [135.562, 34.5244], [135.562, 34.5251], [135.5615, 34.5252], [135.5611, 34.5247], [135.5615, 34.5245], [135.5608, 34.5246], [135.5619, 34.5267], [135.5584, 34.5269], [135.5592, 34.529], [135.5586, 34.5293], [135.558, 34.5286], [135.5578, 34.5289], [135.5567, 34.5287], [135.5559, 34.5279], [135.555, 34.5279], [135.5548, 34.5253], [135.5533, 34.5206], [135.5535, 34.5194], [135.5548, 34.518], [135.5539, 34.5176], [135.5486, 34.5175], [135.5484, 34.5178], [135.5476, 34.5175], [135.5471, 34.518], [135.5446, 34.5168], [135.5448, 34.5162], [135.5438, 34.5159], [135.5441, 34.5149], [135.5441, 34.5113], [135.5438, 34.5105], [135.5433, 34.5109], [135.5432, 34.5098], [135.5419, 34.5114], [135.5422, 34.5117], [135.5412, 34.5121], [135.5409, 34.5113], [135.5387, 34.5122], [135.5357, 34.5143], [135.5351, 34.514], [135.5353, 34.5146], [135.5345, 34.515], [135.5342, 34.5148], [135.5342, 34.5151], [135.534, 34.5147], [135.5345, 34.5143], [135.5346, 34.513], [135.5341, 34.5134], [135.5338, 34.5149], [135.5326, 34.5146], [135.5344, 34.5081]], [[135.5418, 34.5051], [135.5416, 34.5061], [135.542, 34.506], [135.5418, 34.5051]]]}, "properties": {"name": "大阪府大阪狭山市"}}, {"type": "Feature", "geometry": {"type": "Polygon", "coordinates": [[[135.2505, 34.3756], [135.2489, 34.3766], [135.2488, 34.377], [135.2487, 34.3758], [135.2472, 34.3749], [135.2472, 34.3738], [135.2465, 34.3732], [135.2467, 34.3729], [135.2459, 34.3719], [135.2453, 34.3718], [135.2455, 34.3715], [135.2436, 34.3691], [135.2433, 34.3693], [135.2435, 34.369], [135.243, 34.3692], [135.2432, 34.3689], [135.2421, 34.3681], [135.241, 34.3683], [135.242, 34.3676], [135.2418, 34.3674], [135.2422, 34.3676], [135.2431, 34.3667], [135.2425, 34.3664], [135.242, 34.3671], [135.2416, 34.3669], [135.241, 34.3673], [135.2411, 34.3678], [135.2409, 34.367], [135.2403, 34.3668], [135.2398, 34.366], [135.2392, 34.3664], [135.2403, 34.3674], [135.2405, 34.3689], [135.2411, 34.3694], [135.2405, 34.3689], [135.2402, 34.3674], [135.2391, 34.3664], [135.2401, 34.3657], [135.2373, 34.3635], [135.2367, 34.3636], [135.2371, 34.3632], [135.2362, 34.3623], [135.2357, 34.3624], [135.2361, 34.3623], [135.236, 34.362], [135.2339, 34.3602], [135.2343, 34.3599], [135.2338, 34.3601], [135.2342, 34.3599], [135.2332, 34.3589], [135.2332, 34.3584], [135.2329, 34.3587], [135.2327, 34.3579], [135.2322, 34.358], [135.2323, 34.3576], [135.2313, 34.3557], [135.2301, 34.3559], [135.2312, 34.3555], [135.2305, 34.3557], [135.2308, 34.3555], [135.2303, 34.3549], [135.23, 34.3551], [135.2297, 34.3548], [135.23, 34.3546], [135.2295, 34.3539], [135.2285, 34.3543], [135.2298, 34.3558], [135.2296, 34.3566], [135.2297, 34.3558], [135.2283, 34.3542], [135.2295, 34.3532], [135.2289, 34.3533], [135.2287, 34.3528], [135.228, 34.3529], [135.2284, 34.3528], [135.2284, 34.3524], [135.2264, 34.3502], [135.2215, 34.3463], [135.2179, 34.3443], [135.2161, 34.3439], [135.213, 34.344], [135.2117, 34.3436], [135.2104, 34.3437], [135.2103, 34.3439], [135.2102, 34.3436], [135.2091, 34.3434], [135.2087, 34.3442], [135.209, 34.3437], [135.2082, 34.3435], [135.2077, 34.3437], [135.2066, 34.3432], [135.2068, 34.3428], [135.2074, 34.3429], [135.2075, 34.3427], [135.2069, 34.3423], [135.206, 34.3432], [135.2062, 34.3434], [135.2089, 34.3447], [135.2064, 34.3437], [135.206, 34.3432], [135.207, 34.3419], [135.2056, 34.3429], [135.2056, 34.3422], [135.2039, 34.341], [135.2025, 34.3431], [135.2028, 34.3426], [135.1988, 34.3403], [135.1981, 34.3408], [135.1985, 34.3399], [135.1977, 34.3405], [135.1981, 34.3402], [135.1974, 34.3397], [135.195, 34.3395], [135.1935, 34.3382], [135.1939, 34.336], [135.192, 34.3353], [135.1898, 34.3325], [135.1883, 34.3319], [135.1889, 34.3305], [135.1894, 34.3302], [135.1896, 34.329], [135.192, 34.329], [135.1919, 34.3298], [135.1923, 34.3298], [135.1933, 34.3275], [135.1931, 34.3263], [135.1939, 34.325], [135.1936, 34.3228], [135.1943, 34.3225], [135.1935, 34.3213], [135.1924, 34.3214], [135.1886, 34.32], [135.189, 34.3186], [135.1906, 34.3184], [135.1916, 34.3127], [135.195, 34.3109], [135.1987, 34.3124], [135.2, 34.3119], [135.2019, 34.3124], [135.2025, 34.3118], [135.2033, 34.3089], [135.2038, 34.3086], [135.2058, 34.3087], [135.2077, 34.3094], [135.2081, 34.3081], [135.2092, 34.3081], [135.2115, 34.3064], [135.2128, 34.3064], [135.2159, 34.3051], [135.2184, 34.3052], [135.2206, 34.3046], [135.2228, 34.3033], [135.2245, 34.3017], [135.2248, 34.3009], [135.2356, 34.3036], [135.2354, 34.304], [135.2361, 34.3056], [135.2375, 34.3061], [135.2405, 34.3084], [135.2411, 34.3084], [135.2427, 34.31], [135.2435, 34.31], [135.2458, 34.3119], [135.2465, 34.3131], [135.2483, 34.3129], [135.249, 34.3144], [135.2526, 34.3146], [135.2544, 34.3157], [135.2553, 34.3154], [135.2559, 34.3157], [135.2567, 34.3154], [135.2579, 34.3156], [135.2618, 34.3124], [135.263, 34.3131], [135.2645, 34.3132], [135.267, 34.3121], [135.2712, 34.3124], [135.2722, 34.3121], [135.2784, 34.3147], [135.2799, 34.3165], [135.2818, 34.3172], [135.2826, 34.318], [135.2807, 34.3214], [135.2807, 34.3237], [135.2798, 34.3259], [135.277, 34.3292], [135.2734, 34.3319], [135.2725, 34.3333], [135.2721, 34.3351], [135.2695, 34.3374], [135.2684, 34.3395], [135.2686, 34.3398], [135.2676, 34.3406], [135.2678, 34.3415], [135.2672, 34.3428], [135.2674, 34.3434], [135.2667, 34.3434], [135.2662, 34.3439], [135.2652, 34.3467], [135.2615, 34.3514], [135.2612, 34.3525], [135.2603, 34.353], [135.2598, 34.3569], [135.2577, 34.3587], [135.2549, 34.3591], [135.2539, 34.3595], [135.2502, 34.3628], [135.2494, 34.3645], [135.2493, 34.3687], [135.2501, 34.3716], [135.2515, 34.3715], [135.2519, 34.373], [135.2504, 34.3732], [135.2504, 34.3744], [135.2522, 34.3742], [135.252, 34.3733], [135.2531, 34.3731], [135.2536, 34.3744], [135.2505, 34.3756]]]}, "properties": {"name": "大阪府阪南市"}}, {"type": "Feature", "geometry": {"type": "Polygon", "coordinates": [[[135.672, 34.8695], [135.6757, 34.8734], [135.678, 34.8766], [135.6796, 34.8812], [135.6809, 34.8851], [135.6827, 34.8879], [135.6795, 34.8898], [135.6789, 34.8915], [135.677, 34.8943], [135.6771, 34.8953], [135.6754, 34.8946], [135.6753, 34.8955], [135.6762, 34.8979], [135.6751, 34.8985], [135.6756, 34.8996], [135.6746, 34.9003], [135.6734, 34.9003], [135.6732, 34.9011], [135.6712, 34.9026], [135.6676, 34.9044], [135.6653, 34.9044], [135.6638, 34.9021], [135.6644, 34.9041], [135.6641, 34.9054], [135.6624, 34.9052], [135.6629, 34.9044], [135.6619, 34.9037], [135.6598, 34.9054], [135.6579, 34.9059], [135.6576, 34.9065], [135.6563, 34.9068], [135.6546, 34.9089], [135.6522, 34.9103], [135.6507, 34.9096], [135.6486, 34.9095], [135.6481, 34.9105], [135.6483, 34.9136], [135.6488, 34.9148], [135.6482, 34.916], [135.6483, 34.9168], [135.6527, 34.9167], [135.6535, 34.9161], [135.6534, 34.9178], [135.6517, 34.9185], [135.6507, 34.9198], [135.6503, 34.921], [135.6506, 34.9232], [135.6494, 34.9244], [135.6494, 34.925], [135.6483, 34.9261], [135.6464, 34.9265], [135.6464, 34.9274], [135.6447, 34.9277], [135.6425, 34.931], [135.6412, 34.9308], [135.6405, 34.9315], [135.6386, 34.9321], [135.6371, 34.9315], [135.6358, 34.9323], [135.6347, 34.9324], [135.6343, 34.9333], [135.6327, 34.9338], [135.6322, 34.9347], [135.6305, 34.9355], [135.6292, 34.9354], [135.628, 34.9338], [135.629, 34.9323], [135.6295, 34.9288], [135.6285, 34.9263], [135.631, 34.9242], [135.6328, 34.9235], [135.6323, 34.9231], [135.6325, 34.9218], [135.6299, 34.9199], [135.6301, 34.9188], [135.629, 34.9177], [135.6296, 34.9165], [135.6293, 34.915], [135.6302, 34.9146], [135.6307, 34.9132], [135.6299, 34.9075], [135.6301, 34.9071], [135.6312, 34.9068], [135.633, 34.9076], [135.6334, 34.9085], [135.6347, 34.9093], [135.6344, 34.906], [135.635, 34.905], [135.6363, 34.9047], [135.6355, 34.9029], [135.6336, 34.902], [135.6336, 34.901], [135.6342, 34.9003], [135.6337, 34.8973], [135.6345, 34.8961], [135.6342, 34.895], [135.6347, 34.8923], [135.6365, 34.891], [135.6383, 34.8918], [135.6406, 34.8908], [135.6416, 34.8896], [135.6407, 34.8885], [135.6434, 34.8878], [135.6444, 34.8871], [135.6468, 34.8875], [135.6448, 34.8857], [135.6448, 34.885], [135.6455, 34.8841], [135.6449, 34.8835], [135.645, 34.8826], [135.6471, 34.8811], [135.6501, 34.8809], [135.6526, 34.8766], [135.6543, 34.8763], [135.6559, 34.875], [135.6559, 34.8745], [135.6565, 34.8745], [135.6566, 34.8738], [135.6555, 34.8737], [135.6548, 34.8731], [135.6551, 34.8725], [135.6566, 34.8725], [135.6566, 34.8722], [135.6573, 34.8721], [135.6578, 34.8732], [135.6612, 34.8753], [135.6617, 34.8734], [135.6626, 34.8733], [135.6628, 34.8722], [135.664, 34.8728], [135.6652, 34.8727], [135.6693, 34.8716], [135.6694, 34.8712], [135.672, 34.8695]]]}, "properties": {"name": "大阪府島本町"}}, {"type": "Feature", "geometry": {"type": "Polygon", "coordinates": [[[135.5251, 34.9288], [135.5225, 34.9302], [135.5209, 34.9321], [135.5203, 34.934], [135.5188, 34.9338], [135.5179, 34.933], [135.5162, 34.9346], [135.5148, 34.938], [135.5153, 34.942], [135.5148, 34.9429], [135.5147, 34.9443], [135.5134, 34.9439], [135.5124, 34.9441], [135.5109, 34.9438], [135.5096, 34.9445], [135.5072, 34.9449], [135.506, 34.946], [135.5042, 34.9463], [135.5035, 34.9458], [135.502, 34.9433], [135.4995, 34.9409], [135.4966, 34.9409], [135.4936, 34.9411], [135.4921, 34.942], [135.4903, 34.942], [135.4895, 34.9441], [135.4887, 34.9449], [135.4885, 34.9464], [135.487, 34.9463], [135.4852, 34.9467], [135.4831, 34.9452], [135.4818, 34.9454], [135.4805, 34.9449], [135.4799, 34.9451], [135.4791, 34.9444], [135.4792, 34.9438], [135.4784, 34.9431], [135.4783, 34.9407], [135.4769, 34.939], [135.4769, 34.9358], [135.4753, 34.9339], [135.4754, 34.933], [135.4748, 34.9323], [135.475, 34.9305], [135.4714, 34.9294], [135.4679, 34.9292], [135.4676, 34.9294], [135.4674, 34.9289], [135.4683, 34.9271], [135.4689, 34.9267], [135.4658, 34.9247], [135.4657, 34.9227], [135.4662, 34.9215], [135.4658, 34.9198], [135.4643, 34.9193], [135.4639, 34.9186], [135.4623, 34.9181], [135.4611, 34.9184], [135.4566, 34.9181], [135.4531, 34.9194], [135.4517, 34.9207], [135.4495, 34.9195], [135.4488, 34.92], [135.4469, 34.9204], [135.4441, 34.9202], [135.4431, 34.9205], [135.4405, 34.9203], [135.4393, 34.9206], [135.4345, 34.9168], [135.4306, 34.9166], [135.4273, 34.9146], [135.4251, 34.9144], [135.4248, 34.9137], [135.424, 34.9132], [135.4232, 34.911], [135.4189, 34.9098], [135.4184, 34.9086], [135.4196, 34.9077], [135.4202, 34.9065], [135.4247, 34.9065], [135.4257, 34.9068], [135.4264, 34.9062], [135.4274, 34.9061], [135.4273, 34.9048], [135.4283, 34.9041], [135.4292, 34.9026], [135.4301, 34.9003], [135.4303, 34.8987], [135.432, 34.8952], [135.4311, 34.894], [135.4318, 34.8932], [135.4338, 34.8931], [135.435, 34.8939], [135.4354, 34.8947], [135.4373, 34.8953], [135.4382, 34.896], [135.4398, 34.8961], [135.4437, 34.8992], [135.4449, 34.8986], [135.4445, 34.8981], [135.4455, 34.8981], [135.446, 34.8972], [135.4452, 34.8965], [135.4449, 34.8946], [135.4469, 34.8947], [135.4478, 34.8961], [135.4504, 34.8959], [135.451, 34.8961], [135.4528, 34.8951], [135.4554, 34.8969], [135.4574, 34.8968], [135.4579, 34.8977], [135.4584, 34.902], [135.4589, 34.902], [135.4597, 34.9011], [135.4607, 34.901], [135.4621, 34.9023], [135.4627, 34.9023], [135.4637, 34.9031], [135.4641, 34.9037], [135.4643, 34.9057], [135.4658, 34.9067], [135.4651, 34.9082], [135.4659, 34.9097], [135.4672, 34.9102], [135.4715, 34.9104], [135.472, 34.9096], [135.4732, 34.909], [135.4728, 34.908], [135.4747, 34.9073], [135.476, 34.9053], [135.4758, 34.9036], [135.4781, 34.9035], [135.4794, 34.9024], [135.4793, 34.901], [135.4799, 34.9001], [135.4832, 34.8984], [135.484, 34.897], [135.4857, 34.8958], [135.4844, 34.8947], [135.4829, 34.8944], [135.4817, 34.8932], [135.48, 34.8927], [135.4798, 34.8918], [135.4778, 34.8901], [135.478, 34.8874], [135.4793, 34.8862], [135.4788, 34.8849], [135.4806, 34.8842], [135.4816, 34.8811], [135.4816, 34.8778], [135.4811, 34.8768], [135.482, 34.8745], [135.4832, 34.8744], [135.485, 34.8736], [135.4873, 34.874], [135.4879, 34.8745], [135.4888, 34.877], [135.4928, 34.8785], [135.4944, 34.8798], [135.4953, 34.8785], [135.496, 34.8787], [135.4973, 34.8775], [135.4995, 34.8778], [135.4993, 34.8793], [135.4983, 34.8801], [135.4985, 34.8804], [135.4964, 34.8811], [135.4959, 34.882], [135.4964, 34.8833], [135.4984, 34.8843], [135.5003, 34.8877], [135.5009, 34.8881], [135.5009, 34.8903], [135.5016, 34.8938], [135.5007, 34.8958], [135.5033, 34.8959], [135.5082, 34.8987], [135.5094, 34.8985], [135.5094, 34.8972], [135.5115, 34.8981], [135.5119, 34.8987], [135.5113, 34.9003], [135.5122, 34.9016], [135.5139, 34.9028], [135.5165, 34.9029], [135.5176, 34.904], [135.5176, 34.9045], [135.518, 34.9047], [135.5178, 34.9052], [135.5161, 34.9073], [135.5168, 34.9078], [135.517, 34.9112], [135.52, 34.9124], [135.5202, 34.9133], [135.5196, 34.9142], [135.5199, 34.9151], [135.5209, 34.9164], [135.5226, 34.9173], [135.5229, 34.9189], [135.5242, 34.9192], [135.5246, 34.9197], [135.5247, 34.922], [135.5252, 34.9236], [135.5252, 34.9263], [135.5257, 34.9274], [135.5251, 34.9288]]]}, "properties": {"name": "大阪府豊能町"}}, {"type": "Feature", "geometry": {"type": "Polygon", "coordinates": [[[135.4852, 34.9467], [135.4826, 34.9493], [135.4816, 34.9495], [135.4809, 34.9502], [135.4846, 34.9537], [135.4851, 34.9548], [135.4862, 34.9554], [135.4872, 34.957], [135.4856, 34.9574], [135.4842, 34.9597], [135.4844, 34.9605], [135.4835, 34.9605], [135.4813, 34.9623], [135.4817, 34.965], [135.482, 34.9654], [135.4836, 34.9647], [135.4852, 34.9663], [135.4874, 34.9669], [135.4875, 34.9666], [135.4857, 34.9644], [135.4854, 34.9637], [135.4859, 34.9636], [135.4868, 34.9642], [135.4882, 34.9662], [135.4882, 34.9667], [135.4895, 34.9667], [135.4903, 34.9676], [135.4882, 34.9672], [135.4874, 34.9692], [135.4875, 34.9717], [135.4867, 34.9721], [135.4875, 34.9757], [135.4863, 34.9764], [135.4854, 34.9782], [135.4843, 34.9785], [135.4843, 34.9805], [135.4833, 34.9816], [135.4838, 34.9828], [135.4874, 34.9859], [135.4924, 34.9867], [135.4925, 34.9872], [135.4937, 34.9881], [135.4928, 34.9893], [135.4907, 34.9894], [135.4891, 34.9901], [135.4873, 34.9925], [135.4831, 34.9929], [135.4827, 34.9944], [135.4815, 34.995], [135.4797, 34.9951], [135.4786, 34.9946], [135.4769, 34.9945], [135.471, 34.9948], [135.4675, 34.9971], [135.4663, 34.9971], [135.4644, 34.9987], [135.4633, 34.9989], [135.46, 35.0014], [135.4574, 35.0015], [135.4552, 35.0023], [135.4543, 35.002], [135.4525, 35.0023], [135.4519, 35.0016], [135.4501, 35.0028], [135.4491, 35.0042], [135.4469, 35.0055], [135.4449, 35.0052], [135.4429, 35.006], [135.4413, 35.0075], [135.4398, 35.0079], [135.4388, 35.0076], [135.4378, 35.0082], [135.4351, 35.0084], [135.4288, 35.0057], [135.4276, 35.0045], [135.4254, 35.004], [135.4227, 35.0017], [135.4211, 35.0024], [135.4183, 35.0028], [135.4165, 35.0059], [135.4152, 35.0068], [135.4141, 35.0085], [135.412, 35.0094], [135.4115, 35.0105], [135.4097, 35.0117], [135.4089, 35.0109], [135.4079, 35.0105], [135.4072, 35.0094], [135.4055, 35.0088], [135.4049, 35.0078], [135.4034, 35.0069], [135.3995, 35.0085], [135.3976, 35.0107], [135.3965, 35.0103], [135.3958, 35.0094], [135.394, 35.0088], [135.3905, 35.0099], [135.3893, 35.0114], [135.3854, 35.0112], [135.3845, 35.0104], [135.3816, 35.0103], [135.3816, 35.0124], [135.3807, 35.015], [135.3805, 35.0154], [135.3794, 35.0154], [135.3787, 35.0162], [135.3786, 35.0173], [135.3778, 35.018], [135.3784, 35.019], [135.3776, 35.0204], [135.38, 35.0223], [135.3795, 35.0241], [135.3799, 35.0252], [135.3819, 35.026], [135.3822, 35.0274], [135.3824, 35.0287], [135.3818, 35.03], [135.3825, 35.0313], [135.381, 35.033], [135.3809, 35.0342], [135.3801, 35.0353], [135.3809, 35.0364], [135.3806, 35.0387], [135.38, 35.0396], [135.3781, 35.0407], [135.3762, 35.044], [135.3713, 35.0453], [135.368, 35.0442], [135.3668, 35.0442], [135.3655, 35.0453], [135.3626, 35.0465], [135.3616, 35.0465], [135.3621, 35.0473], [135.3611, 35.0489], [135.3592, 35.0503], [135.3573, 35.0499], [135.3534, 35.0512], [135.3499, 35.0513], [135.3493, 35.0508], [135.3499, 35.0491], [135.349, 35.0465], [135.3477, 35.0453], [135.3465, 35.0448], [135.3435, 35.0448], [135.3429, 35.0445], [135.3424, 35.0434], [135.3416, 35.043], [135.3408, 35.0434], [135.3396, 35.043], [135.3391, 35.0437], [135.338, 35.0437], [135.3378, 35.0426], [135.3369, 35.0425], [135.3361, 35.0407], [135.3356, 35.0408], [135.3337, 35.0397], [135.3331, 35.038], [135.3325, 35.037], [135.332, 35.037], [135.3317, 35.0364], [135.3306, 35.0356], [135.3306, 35.0349], [135.331, 35.0344], [135.3336, 35.0353], [135.3352, 35.0335], [135.3366, 35.0328], [135.3366, 35.0322], [135.3382, 35.0301], [135.3381, 35.0295], [135.3398, 35.0259], [135.341, 35.0261], [135.3436, 35.0255], [135.3454, 35.0258], [135.3465, 35.0268], [135.3479, 35.0267], [135.3491, 35.027], [135.3496, 35.0259], [135.3525, 35.0256], [135.3549, 35.0246], [135.3546, 35.024], [135.3548, 35.0212], [135.3556, 35.0197], [135.355, 35.0187], [135.3559, 35.0168], [135.3552, 35.0147], [135.3555, 35.014], [135.3539, 35.0131], [135.3536, 35.0118], [135.3544, 35.0111], [135.3543, 35.0082], [135.3549, 35.0065], [135.3543, 35.0059], [135.3527, 35.006], [135.3523, 35.0057], [135.3524, 35.0052], [135.3516, 35.004], [135.3525, 35.0032], [135.3528, 35.0019], [135.3536, 35.001], [135.3525, 34.9992], [135.3536, 34.9983], [135.3529, 34.9959], [135.3529, 34.9935], [135.3534, 34.9927], [135.3537, 34.9926], [135.3539, 34.9919], [135.353, 34.9913], [135.3525, 34.9904], [135.3534, 34.9883], [135.3554, 34.9867], [135.3553, 34.9861], [135.3591, 34.9839], [135.3594, 34.9831], [135.3584, 34.9823], [135.3567, 34.9823], [135.356, 34.9818], [135.3529, 34.9817], [135.3515, 34.9797], [135.3509, 34.98], [135.3494, 34.979], [135.349, 34.976], [135.3484, 34.9757], [135.349, 34.9744], [135.3487, 34.9719], [135.3467, 34.9695], [135.3467, 34.9683], [135.3458, 34.9682], [135.3451, 34.9669], [135.3463, 34.965], [135.3472, 34.9644], [135.3476, 34.965], [135.349, 34.9653], [135.3509, 34.9627], [135.3528, 34.9629], [135.3537, 34.9627], [135.3563, 34.9602], [135.3581, 34.9571], [135.3583, 34.9556], [135.3598, 34.9542], [135.3624, 34.9548], [135.3642, 34.9561], [135.3668, 34.9556], [135.3686, 34.9559], [135.3693, 34.9554], [135.3696, 34.9541], [135.3724, 34.9537], [135.3728, 34.953], [135.3738, 34.9531], [135.3738, 34.9519], [135.3753, 34.9519], [135.3757, 34.9515], [135.3772, 34.952], [135.3784, 34.9519], [135.3799, 34.9528], [135.3799, 34.9538], [135.3812, 34.9539], [135.3818, 34.9545], [135.3832, 34.9547], [135.3843, 34.9542], [135.3855, 34.9543], [135.3863, 34.9516], [135.3873, 34.9512], [135.3879, 34.9501], [135.3879, 34.9474], [135.3872, 34.9464], [135.3875, 34.9458], [135.3884, 34.9454], [135.3886, 34.9439], [135.3903, 34.9436], [135.3932, 34.9419], [135.3949, 34.9429], [135.3958, 34.9442], [135.3962, 34.9444], [135.397, 34.9441], [135.3979, 34.9445], [135.401, 34.9443], [135.4016, 34.9438], [135.4037, 34.9435], [135.405, 34.944], [135.4059, 34.9439], [135.408, 34.9432], [135.4083, 34.9421], [135.4102, 34.9424], [135.411, 34.9433], [135.4109, 34.9437], [135.4083, 34.9453], [135.4084, 34.9455], [135.4118, 34.9438], [135.4118, 34.9422], [135.4092, 34.9417], [135.41, 34.9402], [135.4125, 34.9401], [135.4131, 34.9406], [135.4158, 34.9409], [135.4174, 34.9418], [135.4174, 34.9406], [135.4178, 34.94], [135.4176, 34.9392], [135.4169, 34.9389], [135.4169, 34.938], [135.4177, 34.9369], [135.4184, 34.934], [135.4214, 34.9339], [135.4236, 34.9347], [135.4271, 34.9374], [135.4287, 34.9366], [135.4315, 34.9371], [135.4326, 34.937], [135.4331, 34.938], [135.4357, 34.9383], [135.4367, 34.9375], [135.4388, 34.9371], [135.4418, 34.9395], [135.4431, 34.9387], [135.4437, 34.9376], [135.4446, 34.9374], [135.4444, 34.9371], [135.4462, 34.9371], [135.4455, 34.9365], [135.4471, 34.9348], [135.448, 34.9344], [135.4492, 34.9345], [135.4503, 34.9326], [135.4523, 34.9312], [135.4524, 34.9298], [135.4572, 34.9293], [135.4613, 34.9264], [135.4619, 34.9267], [135.4625, 34.9266], [135.4646, 34.9279], [135.4674, 34.9289], [135.4676, 34.9294], [135.4679, 34.9292], [135.4714, 34.9294], [135.475, 34.9305], [135.4748, 34.9323], [135.4754, 34.933], [135.4753, 34.9339], [135.4769, 34.9358], [135.4769, 34.939], [135.4783, 34.9407], [135.4784, 34.9431], [135.4792, 34.9438], [135.4791, 34.9444], [135.4799, 34.9451], [135.4805, 34.9449], [135.4818, 34.9454], [135.4831, 34.9452], [135.4852, 34.9467]]]}, "properties": {"name": "大阪府能勢町"}}, {"type": "Feature", "geometry": {"type": "Polygon", "coordinates": [[[135.415, 34.4741], [135.4156, 34.4759], [135.4171, 34.4766], [135.4169, 34.4769], [135.4186, 34.4775], [135.4188, 34.478], [135.4178, 34.478], [135.4167, 34.4788], [135.4175, 34.4786], [135.4179, 34.4797], [135.4169, 34.4799], [135.4163, 34.4804], [135.4167, 34.4808], [135.4152, 34.4815], [135.4154, 34.4819], [135.4144, 34.4825], [135.4113, 34.4815], [135.411, 34.4823], [135.4056, 34.4882], [135.4054, 34.4922], [135.4043, 34.4941], [135.4033, 34.495], [135.4001, 34.4954], [135.3952, 34.4966], [135.3898, 34.499], [135.3654, 34.515], [135.3593, 34.5173], [135.3529, 34.5064], [135.3654, 34.5017], [135.3758, 34.4978], [135.3819, 34.495], [135.3858, 34.4938], [135.3911, 34.491], [135.3949, 34.4888], [135.3989, 34.4857], [135.3995, 34.4847], [135.4002, 34.4847], [135.4053, 34.4811], [135.4054, 34.4806], [135.414, 34.4739], [135.415, 34.4741]]]}, "properties": {"name": "大阪府忠岡町"}}, {"type": "Feature", "geometry": {"type": "MultiPolygon", "coordinates": [[[[135.3563, 34.42], [135.3573, 34.4182], [135.3561, 34.4173], [135.3563, 34.4167], [135.3558, 34.417], [135.3553, 34.4168], [135.3548, 34.416], [135.355, 34.4133], [135.3539, 34.4116], [135.3537, 34.4091], [135.3541, 34.4069], [135.3534, 34.4068], [135.3511, 34.4076], [135.3496, 34.4088], [135.3485, 34.4092], [135.3479, 34.4104], [135.347, 34.4104], [135.345, 34.4079], [135.3436, 34.409], [135.3417, 34.4066], [135.3405, 34.4077], [135.3401, 34.4066], [135.3391, 34.4069], [135.3387, 34.4066], [135.338, 34.4067], [135.3392, 34.4055], [135.3391, 34.4047], [135.3379, 34.4041], [135.3381, 34.4035], [135.3358, 34.4014], [135.3364, 34.4005], [135.3355, 34.3988], [135.3364, 34.3984], [135.3363, 34.3975], [135.3371, 34.3955], [135.3384, 34.3956], [135.3391, 34.3951], [135.3389, 34.3932], [135.3395, 34.3918], [135.3399, 34.3915], [135.3405, 34.3917], [135.3412, 34.3911], [135.3408, 34.3908], [135.3424, 34.3904], [135.3438, 34.3893], [135.3433, 34.3889], [135.3424, 34.3892], [135.343, 34.3889], [135.3432, 34.388], [135.3428, 34.3868], [135.3434, 34.3868], [135.3435, 34.3861], [135.3474, 34.3832], [135.3483, 34.3818], [135.348, 34.3812], [135.3494, 34.3801], [135.3511, 34.3803], [135.3518, 34.3796], [135.3522, 34.3802], [135.3525, 34.3794], [135.3536, 34.379], [135.3547, 34.3792], [135.3549, 34.3759], [135.3554, 34.3753], [135.3552, 34.3733], [135.3601, 34.3698], [135.3604, 34.3692], [135.3617, 34.369], [135.3646, 34.3675], [135.366, 34.368], [135.3673, 34.3676], [135.3672, 34.3671], [135.3691, 34.3664], [135.3704, 34.3644], [135.3717, 34.3644], [135.3718, 34.365], [135.3724, 34.3656], [135.3748, 34.3642], [135.3792, 34.3642], [135.381, 34.3633], [135.3816, 34.3618], [135.3799, 34.3585], [135.3809, 34.356], [135.385, 34.3549], [135.3862, 34.3549], [135.3883, 34.3556], [135.3873, 34.3575], [135.3872, 34.3584], [135.3877, 34.3591], [135.3876, 34.3618], [135.3853, 34.3648], [135.385, 34.3657], [135.3826, 34.3662], [135.3819, 34.3672], [135.3827, 34.3683], [135.3834, 34.3684], [135.3835, 34.3688], [135.3844, 34.3685], [135.3864, 34.3689], [135.3871, 34.3701], [135.3862, 34.3736], [135.3852, 34.3747], [135.3852, 34.3753], [135.3853, 34.3761], [135.386, 34.3766], [135.3863, 34.3781], [135.3856, 34.3797], [135.3862, 34.3822], [135.3869, 34.3828], [135.3872, 34.3847], [135.3881, 34.3857], [135.3875, 34.3862], [135.3845, 34.3853], [135.3838, 34.3855], [135.3833, 34.3865], [135.3839, 34.389], [135.382, 34.3899], [135.3813, 34.3889], [135.3809, 34.3895], [135.3802, 34.3895], [135.3803, 34.3906], [135.3793, 34.3914], [135.3806, 34.3924], [135.381, 34.3929], [135.3811, 34.3934], [135.3827, 34.3927], [135.383, 34.3931], [135.3815, 34.3934], [135.381, 34.3941], [135.3818, 34.3943], [135.3811, 34.3946], [135.3808, 34.3957], [135.3796, 34.3961], [135.3788, 34.3971], [135.3793, 34.3971], [135.3788, 34.3973], [135.3786, 34.3982], [135.3789, 34.4], [135.3782, 34.4002], [135.3776, 34.4008], [135.3778, 34.3997], [135.3782, 34.4], [135.3783, 34.3996], [135.3775, 34.3979], [135.3766, 34.398], [135.3756, 34.3987], [135.3762, 34.3984], [135.3762, 34.3987], [135.3768, 34.3981], [135.3769, 34.3994], [135.3763, 34.3994], [135.376, 34.399], [135.3756, 34.3999], [135.3759, 34.3991], [135.375, 34.3994], [135.3748, 34.3999], [135.3755, 34.4003], [135.3754, 34.4006], [135.3748, 34.4003], [135.3745, 34.4007], [135.3745, 34.4016], [135.3748, 34.4021], [135.3752, 34.4014], [135.3747, 34.4009], [135.3757, 34.4008], [135.376, 34.3997], [135.3765, 34.3997], [135.3769, 34.4005], [135.376, 34.4016], [135.3766, 34.4025], [135.3761, 34.403], [135.3765, 34.4035], [135.3754, 34.4037], [135.3746, 34.4047], [135.3745, 34.4057], [135.3734, 34.4069], [135.3735, 34.4073], [135.3726, 34.4073], [135.373, 34.4079], [135.3727, 34.4087], [135.3721, 34.4091], [135.3722, 34.4085], [135.3719, 34.4085], [135.3719, 34.409], [135.3713, 34.409], [135.3716, 34.4099], [135.3708, 34.4098], [135.3712, 34.4091], [135.3707, 34.4095], [135.3707, 34.409], [135.3705, 34.4096], [135.3693, 34.4103], [135.3702, 34.4095], [135.3691, 34.4102], [135.3692, 34.4096], [135.3698, 34.4092], [135.3682, 34.4092], [135.3673, 34.4103], [135.3672, 34.4111], [135.3655, 34.4123], [135.3661, 34.4127], [135.3666, 34.4125], [135.3661, 34.4129], [135.3669, 34.4125], [135.3664, 34.413], [135.3667, 34.4135], [135.3675, 34.4132], [135.3675, 34.4139], [135.3666, 34.4148], [135.3664, 34.4139], [135.3657, 34.4147], [135.3648, 34.4142], [135.3664, 34.4153], [135.3657, 34.4155], [135.3652, 34.4152], [135.3648, 34.4154], [135.365, 34.4158], [135.3641, 34.4155], [135.3642, 34.4149], [135.3633, 34.4149], [135.3621, 34.4162], [135.363, 34.4164], [135.3643, 34.416], [135.3659, 34.4168], [135.3667, 34.4167], [135.368, 34.4159], [135.3682, 34.4144], [135.369, 34.4143], [135.3692, 34.4137], [135.3697, 34.4146], [135.369, 34.4154], [135.3672, 34.4172], [135.3662, 34.4171], [135.3661, 34.4174], [135.3649, 34.4169], [135.3618, 34.417], [135.3621, 34.4176], [135.3638, 34.4171], [135.364, 34.4178], [135.363, 34.4179], [135.3636, 34.4183], [135.3627, 34.4185], [135.3629, 34.4189], [135.3636, 34.4188], [135.3632, 34.4195], [135.3615, 34.4183], [135.3613, 34.4176], [135.3603, 34.4184], [135.3612, 34.4188], [135.3613, 34.4192], [135.3605, 34.4191], [135.3609, 34.4194], [135.3603, 34.4196], [135.3596, 34.419], [135.3587, 34.4195], [135.3593, 34.4192], [135.3586, 34.4185], [135.3585, 34.4191], [135.357, 34.4195], [135.3564, 34.4202], [135.3563, 34.42]], [[135.3599, 34.4178], [135.3596, 34.4177], [135.3596, 34.418], [135.3599, 34.4178]], [[135.3727, 34.4057], [135.3736, 34.4038], [135.375, 34.4026], [135.3751, 34.402], [135.3748, 34.4024], [135.3743, 34.4018], [135.3737, 34.4035], [135.3724, 34.4042], [135.3724, 34.4054], [135.3717, 34.4056], [135.3717, 34.4064], [135.3727, 34.4057]], [[135.3799, 34.3926], [135.3795, 34.3926], [135.3792, 34.3956], [135.3804, 34.3947], [135.3809, 34.3933], [135.3809, 34.3928], [135.3799, 34.3926]]], [[[135.3536, 34.4195], [135.3541, 34.4192], [135.3543, 34.4201], [135.3537, 34.4202], [135.354, 34.4198], [135.3536, 34.4195]]], [[[135.3678, 34.4121], [135.3678, 34.4127], [135.3671, 34.4126], [135.3678, 34.4121]]], [[[135.3579, 34.4205], [135.3576, 34.4203], [135.3581, 34.4196], [135.3584, 34.4199], [135.3596, 34.4197], [135.3595, 34.4201], [135.359, 34.4198], [135.3588, 34.4201], [135.3585, 34.4199], [135.3577, 34.4202], [135.3579, 34.4205]]], [[[135.3552, 34.4205], [135.3547, 34.4204], [135.3552, 34.4198], [135.3552, 34.4205]]], [[[135.3549, 34.4196], [135.3548, 34.42], [135.3544, 34.4199], [135.3545, 34.4195], [135.3549, 34.4196]]], [[[135.3669, 34.4161], [135.3657, 34.4159], [135.367, 34.4155], [135.3669, 34.4161]]]]}, "properties": {"name": "大阪府熊取町"}}, {"type": "Feature", "geometry": {"type": "Polygon", "coordinates": [[[135.1935, 34.3382], [135.1932, 34.3379], [135.1922, 34.3379], [135.1925, 34.3376], [135.1922, 34.3375], [135.1916, 34.3382], [135.1913, 34.3374], [135.1895, 34.3372], [135.1892, 34.3376], [135.1891, 34.337], [135.1872, 34.3367], [135.1869, 34.3375], [135.1868, 34.3367], [135.1831, 34.3365], [135.1831, 34.3372], [135.1827, 34.3362], [135.1821, 34.3363], [135.1822, 34.3367], [135.182, 34.3363], [135.1806, 34.3364], [135.1804, 34.3374], [135.1796, 34.3381], [135.1802, 34.3375], [135.1803, 34.3363], [135.1781, 34.3367], [135.1791, 34.3376], [135.1784, 34.3382], [135.179, 34.3376], [135.1787, 34.3374], [135.178, 34.3379], [135.1786, 34.3373], [135.1783, 34.3371], [135.1777, 34.3376], [135.1783, 34.3371], [135.1779, 34.3368], [135.1772, 34.3374], [135.1774, 34.3376], [135.1769, 34.3374], [135.1767, 34.3379], [135.1775, 34.3384], [135.1777, 34.3382], [135.1776, 34.3385], [135.1779, 34.3383], [135.1776, 34.3385], [135.1783, 34.3386], [135.1777, 34.3387], [135.1782, 34.3391], [135.179, 34.3385], [135.1783, 34.3391], [135.1802, 34.3406], [135.1834, 34.3388], [135.1823, 34.3398], [135.1802, 34.3407], [135.1763, 34.3377], [135.1736, 34.337], [135.1734, 34.3364], [135.1726, 34.3365], [135.1715, 34.3377], [135.1708, 34.3374], [135.1715, 34.3377], [135.1728, 34.3363], [135.1711, 34.3351], [135.1699, 34.3354], [135.1717, 34.3366], [135.1699, 34.3358], [135.1692, 34.3366], [135.1704, 34.3372], [135.1688, 34.3365], [135.1688, 34.3355], [135.1674, 34.3341], [135.167, 34.3343], [135.1674, 34.334], [135.167, 34.3337], [135.1666, 34.3334], [135.1663, 34.3336], [135.1666, 34.3333], [135.1662, 34.333], [135.1658, 34.3328], [135.1655, 34.3331], [135.1658, 34.3327], [135.1655, 34.3325], [135.165, 34.3322], [135.1647, 34.3325], [135.165, 34.3322], [135.1642, 34.3317], [135.1639, 34.332], [135.1641, 34.3317], [135.1635, 34.3314], [135.1631, 34.3313], [135.163, 34.3317], [135.163, 34.3314], [135.1625, 34.3312], [135.1621, 34.3314], [135.1622, 34.3312], [135.1603, 34.331], [135.1588, 34.3314], [135.1592, 34.3317], [135.1579, 34.3315], [135.1569, 34.332], [135.1553, 34.3314], [135.1534, 34.3314], [135.1526, 34.3307], [135.1527, 34.3299], [135.1512, 34.3283], [135.1508, 34.3281], [135.1507, 34.3284], [135.1504, 34.3275], [135.1492, 34.3261], [135.1473, 34.3261], [135.145, 34.3246], [135.1464, 34.3254], [135.1461, 34.3251], [135.1463, 34.3249], [135.1466, 34.3252], [135.1475, 34.324], [135.1473, 34.3237], [135.1476, 34.3239], [135.1481, 34.3233], [135.1468, 34.3228], [135.1461, 34.322], [135.1455, 34.322], [135.1454, 34.3231], [135.1458, 34.3235], [135.1453, 34.3231], [135.1454, 34.3217], [135.1433, 34.321], [135.1421, 34.321], [135.1432, 34.321], [135.1439, 34.32], [135.1437, 34.3192], [135.143, 34.3192], [135.1426, 34.3197], [135.1421, 34.3195], [135.1421, 34.319], [135.1414, 34.3183], [135.1402, 34.3177], [135.1394, 34.3187], [135.1413, 34.3196], [135.1414, 34.3203], [135.1412, 34.3197], [135.1391, 34.3186], [135.1347, 34.3192], [135.1352, 34.3203], [135.1356, 34.3203], [135.1351, 34.3205], [135.1346, 34.3193], [135.134, 34.3191], [135.13, 34.321], [135.1299, 34.3213], [135.1332, 34.323], [135.133, 34.3237], [135.1323, 34.3241], [135.1327, 34.3242], [135.1324, 34.3244], [135.1323, 34.3242], [135.1306, 34.3262], [135.1274, 34.3244], [135.1247, 34.3254], [135.1205, 34.3236], [135.121, 34.3237], [135.1211, 34.3229], [135.1214, 34.3231], [135.1216, 34.3228], [135.1212, 34.3223], [135.1229, 34.3206], [135.1227, 34.3199], [135.1223, 34.3199], [135.1212, 34.3214], [135.1213, 34.3219], [135.1201, 34.3233], [135.1204, 34.323], [135.1199, 34.323], [135.1196, 34.3225], [135.1212, 34.3196], [135.1209, 34.3195], [135.1197, 34.3221], [135.1193, 34.3218], [135.1185, 34.3225], [135.1193, 34.3217], [135.1178, 34.3216], [135.1172, 34.3222], [135.1182, 34.3227], [135.1172, 34.3223], [135.1161, 34.3228], [135.1133, 34.322], [135.1088, 34.3216], [135.1062, 34.3206], [135.1021, 34.3198], [135.1015, 34.3193], [135.1005, 34.3173], [135.0995, 34.3163], [135.0993, 34.3153], [135.0982, 34.3146], [135.0961, 34.3143], [135.0945, 34.3153], [135.092, 34.315], [135.0919, 34.3139], [135.0922, 34.3147], [135.0922, 34.3144], [135.0946, 34.3139], [135.0942, 34.3131], [135.0936, 34.3136], [135.0931, 34.3138], [135.0935, 34.3136], [135.0942, 34.313], [135.0935, 34.312], [135.0938, 34.3129], [135.0931, 34.312], [135.0931, 34.3122], [135.0928, 34.3121], [135.0918, 34.3129], [135.0917, 34.313], [135.092, 34.3133], [135.0934, 34.3136], [135.0919, 34.3133], [135.0917, 34.313], [135.0917, 34.3129], [135.097, 34.308], [135.0978, 34.3079], [135.0983, 34.309], [135.1, 34.3096], [135.1006, 34.3093], [135.1017, 34.3099], [135.1021, 34.3107], [135.1035, 34.3111], [135.1033, 34.3098], [135.1046, 34.3099], [135.1047, 34.3091], [135.106, 34.309], [135.1062, 34.3081], [135.1065, 34.306], [135.1047, 34.3045], [135.1035, 34.302], [135.1027, 34.3018], [135.1012, 34.3008], [135.1, 34.2993], [135.098, 34.2988], [135.0974, 34.2973], [135.0968, 34.2971], [135.097, 34.2958], [135.0979, 34.2958], [135.0991, 34.2947], [135.0997, 34.2928], [135.1002, 34.2924], [135.0988, 34.2911], [135.0987, 34.2891], [135.0997, 34.2888], [135.1003, 34.2875], [135.1012, 34.287], [135.1013, 34.2859], [135.1019, 34.2858], [135.1032, 34.2864], [135.1057, 34.2846], [135.1084, 34.2841], [135.1088, 34.2828], [135.108, 34.2805], [135.1071, 34.2796], [135.1071, 34.2782], [135.1077, 34.2776], [135.1082, 34.2777], [135.1083, 34.2762], [135.1101, 34.2736], [135.1098, 34.2729], [135.1112, 34.2718], [135.1117, 34.272], [135.112, 34.2736], [135.1139, 34.2744], [135.1161, 34.2739], [135.1171, 34.2731], [135.1207, 34.2738], [135.1216, 34.2749], [135.1226, 34.2747], [135.1237, 34.2764], [135.1249, 34.2766], [135.1253, 34.2772], [135.1259, 34.2774], [135.1264, 34.2766], [135.1283, 34.2764], [135.1291, 34.2759], [135.1292, 34.2747], [135.1305, 34.273], [135.1314, 34.2724], [135.1337, 34.2726], [135.1358, 34.2735], [135.137, 34.2736], [135.1381, 34.2743], [135.138, 34.2762], [135.1389, 34.2776], [135.1387, 34.2784], [135.14, 34.2801], [135.1393, 34.2806], [135.1396, 34.2817], [135.1412, 34.282], [135.1427, 34.2806], [135.1436, 34.2804], [135.147, 34.2837], [135.1483, 34.2837], [135.149, 34.283], [135.1511, 34.2823], [135.1523, 34.2821], [135.1533, 34.2824], [135.1539, 34.2812], [135.1548, 34.2813], [135.1546, 34.2804], [135.1532, 34.2793], [135.154, 34.2766], [135.1534, 34.2756], [135.1525, 34.275], [135.1536, 34.2742], [135.1578, 34.2772], [135.1592, 34.2772], [135.1602, 34.278], [135.1611, 34.2775], [135.1632, 34.2787], [135.1656, 34.2788], [135.1666, 34.2799], [135.1695, 34.2802], [135.17, 34.2799], [135.1716, 34.2807], [135.1744, 34.2799], [135.1763, 34.2799], [135.1788, 34.2789], [135.1795, 34.2791], [135.18, 34.2799], [135.1808, 34.28], [135.1837, 34.2787], [135.1846, 34.279], [135.185, 34.2813], [135.1879, 34.2833], [135.1896, 34.2828], [135.1919, 34.2865], [135.1938, 34.287], [135.1962, 34.2861], [135.1975, 34.2868], [135.1985, 34.2881], [135.1996, 34.2874], [135.2016, 34.2882], [135.2028, 34.2875], [135.2033, 34.2881], [135.2048, 34.2881], [135.2053, 34.2884], [135.2044, 34.2905], [135.2052, 34.2963], [135.2044, 34.2981], [135.2053, 34.3002], [135.2075, 34.3017], [135.2086, 34.3033], [135.2089, 34.3043], [135.2083, 34.306], [135.2087, 34.3068], [135.2081, 34.3081], [135.2077, 34.3094], [135.2058, 34.3087], [135.2038, 34.3086], [135.2033, 34.3089], [135.2025, 34.3118], [135.2019, 34.3124], [135.2, 34.3119], [135.1987, 34.3124], [135.195, 34.3109], [135.1916, 34.3127], [135.1906, 34.3184], [135.189, 34.3186], [135.1886, 34.32], [135.1924, 34.3214], [135.1935, 34.3213], [135.1943, 34.3225], [135.1936, 34.3228], [135.1939, 34.325], [135.1931, 34.3263], [135.1933, 34.3275], [135.1923, 34.3298], [135.1919, 34.3298], [135.192, 34.329], [135.1896, 34.329], [135.1894, 34.3302], [135.1889, 34.3305], [135.1883, 34.3319], [135.1898, 34.3325], [135.192, 34.3353], [135.1939, 34.336], [135.1935, 34.3382]]]}, "properties": {"name": "大阪府岬町"}}, {"type": "Feature", "geometry": {"type": "Polygon", "coordinates": [[[135.6205, 34.5148], [135.6291, 34.5149], [135.63, 34.5143], [135.6307, 34.5143], [135.6311, 34.5127], [135.6317, 34.5122], [135.6326, 34.512], [135.6338, 34.5108], [135.636, 34.51], [135.6369, 34.5085], [135.6359, 34.5071], [135.6374, 34.5073], [135.6379, 34.5081], [135.6389, 34.5063], [135.6396, 34.5063], [135.6395, 34.505], [135.6403, 34.5028], [135.6401, 34.502], [135.6409, 34.5016], [135.6417, 34.5023], [135.6408, 34.5028], [135.6417, 34.5039], [135.6438, 34.5027], [135.6418, 34.5043], [135.644, 34.5034], [135.6447, 34.5018], [135.6457, 34.5022], [135.6493, 34.5005], [135.6494, 34.4992], [135.6502, 34.4987], [135.6493, 34.4988], [135.6496, 34.4984], [135.6494, 34.4981], [135.6483, 34.4986], [135.6481, 34.4983], [135.6484, 34.4977], [135.6492, 34.498], [135.6493, 34.4971], [135.6496, 34.498], [135.6503, 34.4977], [135.6507, 34.4981], [135.651, 34.4974], [135.6514, 34.4976], [135.6511, 34.498], [135.6519, 34.4978], [135.6526, 34.4984], [135.6536, 34.4979], [135.6556, 34.4976], [135.656, 34.4979], [135.6572, 34.4974], [135.6594, 34.4985], [135.6595, 34.4991], [135.6619, 34.5011], [135.662, 34.5019], [135.664, 34.504], [135.6653, 34.5044], [135.6669, 34.504], [135.6678, 34.5049], [135.6702, 34.5059], [135.6718, 34.5054], [135.6754, 34.5058], [135.6769, 34.5069], [135.6769, 34.5077], [135.6759, 34.5084], [135.6763, 34.5093], [135.6786, 34.5098], [135.6779, 34.5109], [135.678, 34.5124], [135.6772, 34.5131], [135.6766, 34.515], [135.6773, 34.5162], [135.6769, 34.517], [135.6776, 34.5183], [135.6769, 34.5195], [135.6765, 34.5216], [135.6758, 34.5224], [135.6773, 34.5255], [135.6759, 34.5261], [135.6724, 34.5296], [135.67, 34.5307], [135.6674, 34.5308], [135.667, 34.5303], [135.6671, 34.5294], [135.6664, 34.5293], [135.664, 34.5302], [135.6633, 34.5301], [135.663, 34.5296], [135.6619, 34.5303], [135.6621, 34.5311], [135.6613, 34.5321], [135.6615, 34.5326], [135.6611, 34.5334], [135.6619, 34.536], [135.6612, 34.5374], [135.6596, 34.539], [135.66, 34.5397], [135.66, 34.5414], [135.6561, 34.5386], [135.6557, 34.5371], [135.6513, 34.5334], [135.6501, 34.533], [135.6484, 34.5343], [135.6469, 34.5347], [135.6454, 34.5332], [135.645, 34.5321], [135.6439, 34.5316], [135.6434, 34.5306], [135.6429, 34.5304], [135.6423, 34.531], [135.6426, 34.5304], [135.6421, 34.5304], [135.641, 34.5309], [135.6401, 34.5309], [135.6397, 34.5313], [135.6389, 34.5299], [135.6347, 34.5271], [135.6313, 34.5272], [135.6308, 34.5261], [135.6319, 34.5257], [135.6327, 34.5258], [135.6323, 34.5251], [135.6306, 34.5258], [135.6287, 34.526], [135.6284, 34.5257], [135.6289, 34.5258], [135.6289, 34.5254], [135.6281, 34.5247], [135.6286, 34.5253], [135.627, 34.5255], [135.6271, 34.5216], [135.6266, 34.5219], [135.6268, 34.5231], [135.6261, 34.5239], [135.6249, 34.5235], [135.6242, 34.524], [135.6243, 34.5227], [135.6214, 34.5226], [135.6217, 34.5212], [135.6213, 34.5207], [135.6213, 34.5189], [135.622, 34.517], [135.6205, 34.5148]]]}, "properties": {"name": "大阪府太子町"}}, {"type": "Feature", "geometry": {"type": "MultiPolygon", "coordinates": [[[[135.6168, 34.4744], [135.6195, 34.4748], [135.6208, 34.4755], [135.621, 34.4762], [135.6229, 34.4763], [135.6238, 34.4759], [135.6246, 34.4763], [135.6271, 34.4764], [135.6274, 34.4675], [135.633, 34.4676], [135.6338, 34.4673], [135.6344, 34.4677], [135.6355, 34.4673], [135.6369, 34.4664], [135.6375, 34.4647], [135.639, 34.4648], [135.6392, 34.4639], [135.6404, 34.4634], [135.6415, 34.4619], [135.643, 34.461], [135.6424, 34.4605], [135.6418, 34.461], [135.6413, 34.4609], [135.6423, 34.4601], [135.6433, 34.4585], [135.6435, 34.4593], [135.6448, 34.4583], [135.6445, 34.4591], [135.6459, 34.4579], [135.6468, 34.4579], [135.6467, 34.4565], [135.6463, 34.4565], [135.6463, 34.4563], [135.6473, 34.4563], [135.647, 34.4551], [135.6482, 34.4563], [135.6495, 34.4562], [135.6499, 34.4549], [135.6501, 34.456], [135.6518, 34.4553], [135.6509, 34.4561], [135.6527, 34.4563], [135.6542, 34.4561], [135.6551, 34.455], [135.6578, 34.4535], [135.6578, 34.4522], [135.6595, 34.4509], [135.6592, 34.4498], [135.6595, 34.4487], [135.6599, 34.4503], [135.6608, 34.4508], [135.6607, 34.4492], [135.661, 34.4492], [135.6607, 34.4499], [135.6612, 34.4504], [135.6614, 34.4497], [135.6637, 34.4486], [135.6654, 34.4467], [135.6667, 34.4469], [135.6681, 34.4484], [135.6676, 34.4484], [135.667, 34.4474], [135.6664, 34.4485], [135.6668, 34.4491], [135.6656, 34.4488], [135.6644, 34.4493], [135.6641, 34.4495], [135.6643, 34.4498], [135.6635, 34.45], [135.6634, 34.4505], [135.662, 34.4511], [135.6617, 34.4516], [135.662, 34.4521], [135.6615, 34.4518], [135.6608, 34.4522], [135.6615, 34.4526], [135.6605, 34.4526], [135.6607, 34.453], [135.6597, 34.4532], [135.6594, 34.4538], [135.6596, 34.4544], [135.6585, 34.4547], [135.6596, 34.4558], [135.6599, 34.4573], [135.6591, 34.4565], [135.6585, 34.4569], [135.6577, 34.4568], [135.6577, 34.4571], [135.6569, 34.457], [135.6553, 34.4579], [135.6553, 34.4588], [135.6546, 34.4589], [135.6546, 34.4594], [135.6543, 34.4594], [135.6559, 34.4614], [135.6586, 34.4611], [135.659, 34.4614], [135.6575, 34.4627], [135.656, 34.4652], [135.6573, 34.4647], [135.6572, 34.4652], [135.6578, 34.4655], [135.6584, 34.4644], [135.6591, 34.4646], [135.6586, 34.4654], [135.6603, 34.4652], [135.6601, 34.4656], [135.6621, 34.466], [135.6597, 34.4657], [135.6581, 34.4659], [135.6565, 34.4656], [135.6562, 34.4664], [135.6549, 34.466], [135.6541, 34.4666], [135.6549, 34.4671], [135.6577, 34.4667], [135.6618, 34.4672], [135.6629, 34.4676], [135.6636, 34.4675], [135.6639, 34.4666], [135.6645, 34.4663], [135.6649, 34.4669], [135.6654, 34.4666], [135.6661, 34.4669], [135.667, 34.4667], [135.667, 34.4674], [135.6681, 34.4671], [135.6666, 34.4692], [135.6702, 34.4683], [135.6718, 34.469], [135.6753, 34.4695], [135.676, 34.4689], [135.6784, 34.4685], [135.6793, 34.4675], [135.6802, 34.4673], [135.6818, 34.4652], [135.6825, 34.4634], [135.6823, 34.4676], [135.6828, 34.4682], [135.6827, 34.4693], [135.6835, 34.4708], [135.6828, 34.4712], [135.6826, 34.4717], [135.6832, 34.4723], [135.6833, 34.4763], [135.683, 34.477], [135.6819, 34.4774], [135.6812, 34.48], [135.6817, 34.4814], [135.683, 34.4816], [135.6845, 34.4825], [135.685, 34.4839], [135.6844, 34.4848], [135.6851, 34.4856], [135.6834, 34.4861], [135.6824, 34.4881], [135.6818, 34.4885], [135.6809, 34.4885], [135.6804, 34.4892], [135.6792, 34.4925], [135.6792, 34.4934], [135.6802, 34.4955], [135.6788, 34.4967], [135.6786, 34.4976], [135.6793, 34.4985], [135.6792, 34.4994], [135.6777, 34.5], [135.6761, 34.5014], [135.6739, 34.5021], [135.6731, 34.5029], [135.6754, 34.5058], [135.6718, 34.5054], [135.6702, 34.5059], [135.6678, 34.5049], [135.6669, 34.504], [135.6653, 34.5044], [135.664, 34.504], [135.662, 34.5019], [135.6619, 34.5011], [135.6595, 34.4991], [135.6594, 34.4985], [135.6572, 34.4974], [135.656, 34.4979], [135.6556, 34.4976], [135.6536, 34.4979], [135.6526, 34.4984], [135.6519, 34.4978], [135.6511, 34.498], [135.6514, 34.4976], [135.651, 34.4974], [135.6507, 34.4981], [135.6503, 34.4977], [135.6496, 34.498], [135.6493, 34.4971], [135.6492, 34.498], [135.6484, 34.4977], [135.6481, 34.4983], [135.6483, 34.4986], [135.6494, 34.4981], [135.6496, 34.4984], [135.6493, 34.4988], [135.6502, 34.4987], [135.6494, 34.4992], [135.6493, 34.5005], [135.6457, 34.5022], [135.6447, 34.5018], [135.644, 34.5034], [135.6418, 34.5043], [135.6438, 34.5027], [135.6417, 34.5039], [135.6408, 34.5028], [135.6417, 34.5023], [135.6409, 34.5016], [135.6401, 34.502], [135.6403, 34.5028], [135.6395, 34.505], [135.6396, 34.5063], [135.6389, 34.5063], [135.6379, 34.5081], [135.6374, 34.5073], [135.6359, 34.5071], [135.6369, 34.5085], [135.636, 34.51], [135.6338, 34.5108], [135.6326, 34.512], [135.6317, 34.5122], [135.6311, 34.5127], [135.6307, 34.5143], [135.63, 34.5143], [135.6291, 34.5149], [135.6205, 34.5148], [135.6199, 34.5141], [135.618, 34.5135], [135.618, 34.5084], [135.6167, 34.5072], [135.6182, 34.5066], [135.6188, 34.5056], [135.6201, 34.5054], [135.6199, 34.5046], [135.6225, 34.4997], [135.6246, 34.5], [135.6245, 34.4991], [135.6257, 34.4984], [135.6257, 34.498], [135.626, 34.4988], [135.6262, 34.4982], [135.6278, 34.4983], [135.628, 34.4902], [135.6268, 34.4902], [135.6269, 34.4862], [135.6254, 34.4862], [135.6251, 34.4876], [135.6256, 34.4878], [135.6256, 34.4882], [135.6237, 34.4882], [135.6237, 34.4887], [135.623, 34.4889], [135.6233, 34.4897], [135.6226, 34.4909], [135.6213, 34.4906], [135.6212, 34.4941], [135.6206, 34.4938], [135.6206, 34.494], [135.6201, 34.494], [135.6201, 34.4936], [135.6187, 34.4939], [135.6185, 34.493], [135.6188, 34.492], [135.6173, 34.4921], [135.6185, 34.4916], [135.6187, 34.4911], [135.6174, 34.4897], [135.6163, 34.4899], [135.6157, 34.4905], [135.6132, 34.4903], [135.6129, 34.4877], [135.6142, 34.4863], [135.6141, 34.4852], [135.6136, 34.4849], [135.6131, 34.4852], [135.613, 34.4846], [135.6125, 34.4847], [135.6125, 34.4839], [135.613, 34.4838], [135.6125, 34.4824], [135.6133, 34.4814], [135.615, 34.4811], [135.6154, 34.4801], [135.6167, 34.4789], [135.6165, 34.4783], [135.6172, 34.4782], [135.6168, 34.4744]]], [[[135.6346, 34.4654], [135.634, 34.4656], [135.6342, 34.4665], [135.6354, 34.4661], [135.6356, 34.4664], [135.634, 34.467], [135.6336, 34.4665], [135.6336, 34.4651], [135.6342, 34.4641], [135.6339, 34.4652], [135.6346, 34.4654]]], [[[135.6397, 34.4614], [135.6404, 34.4609], [135.6404, 34.4598], [135.6417, 34.4596], [135.6406, 34.4602], [135.641, 34.4609], [135.6407, 34.4614], [135.6397, 34.4614]]]]}, "properties": {"name": "大阪府河南町"}}, {"type": "Feature", "geometry": {"type": "Polygon", "coordinates": [[[135.6023, 34.4393], [135.6022, 34.4374], [135.6033, 34.4373], [135.6045, 34.436], [135.6047, 34.4348], [135.6072, 34.433], [135.608, 34.4318], [135.6095, 34.4314], [135.6101, 34.4302], [135.6132, 34.4304], [135.6141, 34.4311], [135.6152, 34.4307], [135.6163, 34.4299], [135.6165, 34.4293], [135.6189, 34.4282], [135.6208, 34.4257], [135.6229, 34.4252], [135.6232, 34.4244], [135.6227, 34.4243], [135.6239, 34.4238], [135.6248, 34.4229], [135.6258, 34.4218], [135.6259, 34.421], [135.6269, 34.421], [135.628, 34.4202], [135.6308, 34.4194], [135.6346, 34.4196], [135.6354, 34.4203], [135.6371, 34.42], [135.6377, 34.4192], [135.6383, 34.4191], [135.6396, 34.418], [135.6414, 34.4156], [135.6414, 34.4138], [135.6421, 34.4134], [135.6425, 34.4123], [135.6434, 34.4117], [135.6447, 34.4114], [135.647, 34.4072], [135.6502, 34.4034], [135.6516, 34.4009], [135.6536, 34.4001], [135.6547, 34.4003], [135.6549, 34.3998], [135.6562, 34.3993], [135.6567, 34.3975], [135.6558, 34.3971], [135.6555, 34.396], [135.657, 34.396], [135.6591, 34.3954], [135.6608, 34.3962], [135.6616, 34.396], [135.6624, 34.3964], [135.6634, 34.3963], [135.6638, 34.3971], [135.6643, 34.3973], [135.6661, 34.397], [135.6677, 34.3978], [135.6692, 34.3976], [135.6703, 34.3983], [135.6712, 34.3985], [135.6717, 34.3982], [135.6745, 34.3991], [135.6762, 34.3991], [135.6769, 34.4021], [135.6762, 34.4041], [135.6767, 34.4047], [135.676, 34.4054], [135.6782, 34.4073], [135.6796, 34.4075], [135.6803, 34.4089], [135.6789, 34.411], [135.6778, 34.4113], [135.6782, 34.413], [135.6777, 34.4139], [135.6758, 34.4137], [135.6725, 34.4125], [135.6698, 34.4132], [135.6676, 34.4146], [135.6672, 34.4155], [135.6671, 34.4181], [135.6652, 34.4205], [135.6645, 34.4242], [135.6655, 34.4254], [135.6678, 34.4268], [135.6702, 34.4272], [135.6721, 34.4258], [135.674, 34.429], [135.6768, 34.4307], [135.6773, 34.4318], [135.6788, 34.4328], [135.6815, 34.4384], [135.6808, 34.4397], [135.6807, 34.442], [135.6822, 34.444], [135.6846, 34.446], [135.6868, 34.4486], [135.6871, 34.4525], [135.6863, 34.4525], [135.6823, 34.4561], [135.683, 34.4571], [135.682, 34.4614], [135.6825, 34.4634], [135.6818, 34.4652], [135.6802, 34.4673], [135.6793, 34.4675], [135.6784, 34.4685], [135.676, 34.4689], [135.6753, 34.4695], [135.6718, 34.469], [135.6702, 34.4683], [135.6666, 34.4692], [135.6681, 34.4671], [135.667, 34.4674], [135.667, 34.4667], [135.6661, 34.4669], [135.6654, 34.4666], [135.6649, 34.4669], [135.6645, 34.4663], [135.6639, 34.4666], [135.6636, 34.4675], [135.6629, 34.4676], [135.6618, 34.4672], [135.6577, 34.4667], [135.6549, 34.4671], [135.6541, 34.4666], [135.6549, 34.466], [135.6562, 34.4664], [135.6565, 34.4656], [135.6581, 34.4659], [135.6597, 34.4657], [135.6621, 34.466], [135.6601, 34.4656], [135.6603, 34.4652], [135.6586, 34.4654], [135.6591, 34.4646], [135.6584, 34.4644], [135.6578, 34.4655], [135.6572, 34.4652], [135.6573, 34.4647], [135.656, 34.4652], [135.6575, 34.4627], [135.659, 34.4614], [135.6586, 34.4611], [135.6559, 34.4614], [135.6543, 34.4594], [135.6546, 34.4594], [135.6546, 34.4589], [135.6553, 34.4588], [135.6553, 34.4579], [135.6569, 34.457], [135.6577, 34.4571], [135.6577, 34.4568], [135.6585, 34.4569], [135.6591, 34.4565], [135.6599, 34.4573], [135.6596, 34.4558], [135.6585, 34.4547], [135.6596, 34.4544], [135.6594, 34.4538], [135.6597, 34.4532], [135.6607, 34.453], [135.6605, 34.4526], [135.6615, 34.4526], [135.6608, 34.4522], [135.6615, 34.4518], [135.662, 34.4521], [135.6617, 34.4516], [135.662, 34.4511], [135.6634, 34.4505], [135.6635, 34.45], [135.6643, 34.4498], [135.6641, 34.4495], [135.6644, 34.4493], [135.6656, 34.4488], [135.6668, 34.4491], [135.6664, 34.4485], [135.667, 34.4474], [135.6676, 34.4484], [135.6681, 34.4484], [135.6667, 34.4469], [135.6654, 34.4467], [135.6637, 34.4486], [135.6614, 34.4497], [135.6612, 34.4504], [135.6607, 34.4499], [135.661, 34.4492], [135.6607, 34.4492], [135.6608, 34.4508], [135.6599, 34.4503], [135.6595, 34.4487], [135.6592, 34.4498], [135.6595, 34.4509], [135.6578, 34.4522], [135.6578, 34.4535], [135.6551, 34.455], [135.6542, 34.4561], [135.6527, 34.4563], [135.6509, 34.4561], [135.6518, 34.4553], [135.6501, 34.456], [135.6499, 34.4549], [135.6495, 34.4562], [135.6482, 34.4563], [135.647, 34.4551], [135.6473, 34.4563], [135.6463, 34.4563], [135.6463, 34.4565], [135.6467, 34.4565], [135.6468, 34.4579], [135.6459, 34.4579], [135.6445, 34.4591], [135.6448, 34.4583], [135.6435, 34.4593], [135.6433, 34.4585], [135.6423, 34.4601], [135.6413, 34.4609], [135.6418, 34.461], [135.6424, 34.4605], [135.643, 34.461], [135.6415, 34.4619], [135.6404, 34.4634], [135.6392, 34.4639], [135.639, 34.4648], [135.6375, 34.4647], [135.6369, 34.4664], [135.6355, 34.4673], [135.6344, 34.4677], [135.6338, 34.4673], [135.633, 34.4676], [135.6274, 34.4675], [135.6271, 34.4764], [135.6246, 34.4763], [135.6238, 34.4759], [135.6229, 34.4763], [135.621, 34.4762], [135.6208, 34.4755], [135.6195, 34.4748], [135.6168, 34.4744], [135.6149, 34.472], [135.6147, 34.4693], [135.6157, 34.4682], [135.6158, 34.4667], [135.6166, 34.4658], [135.6177, 34.4622], [135.6174, 34.4613], [135.6164, 34.4605], [135.6169, 34.4595], [135.6167, 34.4587], [135.6149, 34.4571], [135.6167, 34.4559], [135.6165, 34.4553], [135.6155, 34.4544], [135.6156, 34.4528], [135.6162, 34.452], [135.6148, 34.4512], [135.6139, 34.4495], [135.6124, 34.4483], [135.6112, 34.4457], [135.6097, 34.445], [135.6086, 34.4458], [135.6072, 34.4455], [135.6043, 34.4425], [135.6037, 34.4399], [135.6023, 34.4393]], [[135.6346, 34.4654], [135.6339, 34.4652], [135.6342, 34.4641], [135.6336, 34.4651], [135.6336, 34.4665], [135.634, 34.467], [135.6356, 34.4664], [135.6354, 34.4661], [135.6342, 34.4665], [135.634, 34.4656], [135.6346, 34.4654]], [[135.6397, 34.4614], [135.6407, 34.4614], [135.641, 34.4609], [135.6406, 34.4602], [135.6417, 34.4596], [135.6404, 34.4598], [135.6404, 34.4609], [135.6397, 34.4614]]]}, "properties": {"name": "大阪府千早赤阪村"}}]}