{"type": "FeatureCollection", "features": [{"type": "Feature", "geometry": {"type": "Polygon", "coordinates": [[[138.6092, 35.6911], [138.612, 35.6928], [138.6226, 35.6925], [138.6209, 35.6951], [138.6243, 35.6987], [138.6234, 35.7004], [138.6203, 35.7027], [138.6203, 35.7044], [138.6174, 35.7066], [138.618, 35.7076], [138.6176, 35.7094], [138.6166, 35.7105], [138.6168, 35.7115], [138.6156, 35.7129], [138.616, 35.7137], [138.6214, 35.7175], [138.6204, 35.7176], [138.6186, 35.7194], [138.6166, 35.72], [138.6162, 35.7192], [138.6124, 35.7178], [138.612, 35.7188], [138.6103, 35.72], [138.6069, 35.7203], [138.6057, 35.7223], [138.6037, 35.722], [138.6004, 35.7242], [138.5953, 35.7257], [138.5937, 35.7273], [138.5971, 35.7321], [138.5982, 35.735], [138.5949, 35.7377], [138.5955, 35.7391], [138.5952, 35.7405], [138.5932, 35.7431], [138.5952, 35.7435], [138.5959, 35.7452], [138.5946, 35.7508], [138.5989, 35.7552], [138.6054, 35.7592], [138.6059, 35.7603], [138.6049, 35.7626], [138.6069, 35.7633], [138.6082, 35.7652], [138.6103, 35.7713], [138.6113, 35.7721], [138.6113, 35.7747], [138.6135, 35.7764], [138.6163, 35.7774], [138.6169, 35.78], [138.6163, 35.7825], [138.6148, 35.7835], [138.6145, 35.7875], [138.613, 35.7896], [138.6153, 35.7938], [138.6191, 35.7948], [138.6201, 35.798], [138.621, 35.7987], [138.6225, 35.7991], [138.6249, 35.7977], [138.6263, 35.7984], [138.6279, 35.8009], [138.6312, 35.8007], [138.6297, 35.804], [138.6349, 35.8035], [138.6357, 35.8047], [138.6353, 35.8064], [138.6362, 35.8077], [138.6356, 35.8093], [138.6369, 35.8129], [138.6308, 35.8155], [138.6299, 35.8172], [138.6301, 35.8186], [138.6283, 35.8211], [138.6305, 35.8212], [138.631, 35.8239], [138.6305, 35.8243], [138.6346, 35.8283], [138.6334, 35.8316], [138.6337, 35.8325], [138.6346, 35.834], [138.6362, 35.8345], [138.6356, 35.8354], [138.6363, 35.8362], [138.6357, 35.8371], [138.6366, 35.8374], [138.6365, 35.8384], [138.6381, 35.8409], [138.638, 35.8438], [138.639, 35.8467], [138.6382, 35.8495], [138.6357, 35.8524], [138.6379, 35.8531], [138.639, 35.8546], [138.6421, 35.8556], [138.6442, 35.8591], [138.6459, 35.8601], [138.6481, 35.8631], [138.6498, 35.8634], [138.6564, 35.8689], [138.6592, 35.8696], [138.6613, 35.8728], [138.6612, 35.8737], [138.6603, 35.8737], [138.6584, 35.8757], [138.6561, 35.8758], [138.6525, 35.8741], [138.6496, 35.8734], [138.6462, 35.8736], [138.6426, 35.8746], [138.64, 35.8727], [138.6359, 35.8716], [138.6345, 35.8701], [138.6283, 35.8734], [138.6246, 35.871], [138.6215, 35.8704], [138.6204, 35.8617], [138.6155, 35.859], [138.6113, 35.8603], [138.6091, 35.8597], [138.6086, 35.8582], [138.6071, 35.8569], [138.6068, 35.8544], [138.6041, 35.8515], [138.6045, 35.8504], [138.6034, 35.8482], [138.5989, 35.8482], [138.5973, 35.8473], [138.5932, 35.8479], [138.5932, 35.8468], [138.5914, 35.846], [138.5903, 35.8441], [138.5892, 35.8388], [138.5874, 35.8362], [138.5877, 35.8351], [138.5862, 35.8344], [138.5865, 35.8332], [138.5847, 35.8308], [138.5807, 35.8295], [138.5802, 35.8279], [138.5789, 35.8278], [138.5765, 35.8288], [138.5723, 35.8287], [138.5666, 35.8305], [138.565, 35.8285], [138.5564, 35.828], [138.5554, 35.8256], [138.5554, 35.8211], [138.5583, 35.817], [138.5562, 35.8144], [138.5557, 35.8119], [138.5495, 35.8072], [138.5484, 35.8047], [138.5493, 35.8025], [138.5482, 35.8004], [138.5486, 35.798], [138.5473, 35.7971], [138.5481, 35.7954], [138.5496, 35.7942], [138.5504, 35.7916], [138.5455, 35.7866], [138.5443, 35.7799], [138.5402, 35.7727], [138.5411, 35.7698], [138.5406, 35.7657], [138.5415, 35.7623], [138.5428, 35.7603], [138.5447, 35.7596], [138.5475, 35.7603], [138.5477, 35.7591], [138.5557, 35.7594], [138.5557, 35.7577], [138.5577, 35.7569], [138.5533, 35.7536], [138.5538, 35.749], [138.5562, 35.748], [138.5612, 35.7471], [138.5625, 35.7452], [138.5625, 35.744], [138.5639, 35.7431], [138.5658, 35.7402], [138.564, 35.7393], [138.5642, 35.7381], [138.563, 35.7357], [138.5618, 35.7363], [138.56, 35.7359], [138.5597, 35.7349], [138.5612, 35.7346], [138.5615, 35.7332], [138.5549, 35.7301], [138.5524, 35.7302], [138.5528, 35.7286], [138.5485, 35.7256], [138.5486, 35.7246], [138.5502, 35.7235], [138.5497, 35.7215], [138.5489, 35.7208], [138.5462, 35.7215], [138.5452, 35.7211], [138.5441, 35.7186], [138.5441, 35.7159], [138.5419, 35.7145], [138.5421, 35.7137], [138.5411, 35.7142], [138.5356, 35.7143], [138.5345, 35.7124], [138.5318, 35.7114], [138.5307, 35.7091], [138.5292, 35.7086], [138.5282, 35.7074], [138.5257, 35.7079], [138.5243, 35.7072], [138.5252, 35.7049], [138.5232, 35.7016], [138.5241, 35.6991], [138.5236, 35.6964], [138.5268, 35.6943], [138.5273, 35.6927], [138.5284, 35.6924], [138.5314, 35.6887], [138.5362, 35.6802], [138.5356, 35.68], [138.5359, 35.679], [138.5331, 35.6789], [138.5335, 35.6769], [138.5358, 35.6758], [138.5365, 35.6725], [138.5364, 35.6721], [138.534, 35.6722], [138.5338, 35.6711], [138.5331, 35.6709], [138.5334, 35.6702], [138.5325, 35.6699], [138.5333, 35.6687], [138.5324, 35.668], [138.5328, 35.6667], [138.5317, 35.6665], [138.5305, 35.6639], [138.5333, 35.6591], [138.537, 35.6574], [138.536, 35.6572], [138.5365, 35.6568], [138.5382, 35.6565], [138.5363, 35.6566], [138.5352, 35.6576], [138.5343, 35.6575], [138.5344, 35.6568], [138.5349, 35.6572], [138.536, 35.6565], [138.5359, 35.6557], [138.5372, 35.6558], [138.5367, 35.6552], [138.5386, 35.6541], [138.5361, 35.654], [138.5361, 35.6535], [138.5336, 35.6547], [138.5331, 35.6544], [138.5335, 35.6535], [138.5329, 35.6536], [138.5329, 35.6527], [138.5322, 35.6525], [138.5328, 35.6509], [138.5358, 35.6498], [138.5388, 35.6468], [138.5423, 35.6453], [138.5429, 35.6501], [138.5437, 35.6496], [138.5429, 35.6509], [138.5433, 35.6516], [138.5447, 35.6519], [138.5461, 35.6498], [138.548, 35.6485], [138.5476, 35.6475], [138.5522, 35.6468], [138.5506, 35.6449], [138.5536, 35.6443], [138.5493, 35.6408], [138.5472, 35.6427], [138.5455, 35.6424], [138.5474, 35.6388], [138.547, 35.6385], [138.5482, 35.635], [138.5477, 35.6344], [138.5498, 35.6324], [138.5511, 35.6323], [138.5513, 35.6302], [138.5532, 35.6289], [138.5523, 35.6278], [138.5501, 35.6297], [138.546, 35.6279], [138.5473, 35.6269], [138.5469, 35.6265], [138.5481, 35.6238], [138.5478, 35.6222], [138.551, 35.6223], [138.5524, 35.6215], [138.5524, 35.6203], [138.5537, 35.6203], [138.5539, 35.6172], [138.5538, 35.6089], [138.5555, 35.6049], [138.5572, 35.6047], [138.5577, 35.6058], [138.559, 35.6059], [138.5596, 35.6032], [138.5592, 35.6001], [138.5602, 35.5987], [138.5599, 35.5974], [138.5582, 35.5962], [138.5578, 35.5945], [138.556, 35.5924], [138.5596, 35.5917], [138.5604, 35.5926], [138.5626, 35.5913], [138.5628, 35.5901], [138.5625, 35.5859], [138.5598, 35.5838], [138.5597, 35.5827], [138.5606, 35.5816], [138.563, 35.5814], [138.5641, 35.5804], [138.5665, 35.5798], [138.5662, 35.5794], [138.567, 35.579], [138.5679, 35.5794], [138.5695, 35.5781], [138.5703, 35.5783], [138.5701, 35.5768], [138.5723, 35.5756], [138.572, 35.5747], [138.575, 35.5735], [138.5754, 35.5713], [138.5762, 35.5708], [138.5753, 35.5699], [138.5755, 35.568], [138.5794, 35.5627], [138.5787, 35.5616], [138.5789, 35.5591], [138.5801, 35.5582], [138.5841, 35.5578], [138.5837, 35.5516], [138.5843, 35.5509], [138.5897, 35.5512], [138.593, 35.5495], [138.5948, 35.5498], [138.5954, 35.549], [138.5965, 35.5453], [138.5965, 35.5431], [138.5952, 35.5427], [138.5941, 35.5397], [138.5899, 35.5368], [138.5893, 35.5345], [138.5899, 35.5323], [138.5888, 35.5309], [138.5889, 35.528], [138.5927, 35.5251], [138.5928, 35.5234], [138.5958, 35.5198], [138.5946, 35.5186], [138.5955, 35.5126], [138.6004, 35.5092], [138.6023, 35.5047], [138.6116, 35.5039], [138.6147, 35.502], [138.6207, 35.5023], [138.6218, 35.5036], [138.624, 35.5044], [138.6244, 35.5057], [138.6315, 35.5093], [138.6323, 35.5111], [138.6367, 35.5134], [138.6392, 35.5129], [138.6413, 35.5135], [138.6446, 35.5131], [138.6504, 35.5163], [138.6503, 35.5207], [138.6493, 35.5221], [138.6422, 35.5262], [138.64, 35.5337], [138.6389, 35.5346], [138.6364, 35.5352], [138.6319, 35.5349], [138.6309, 35.5391], [138.6253, 35.5446], [138.6219, 35.5457], [138.6208, 35.5468], [138.6181, 35.5473], [138.6161, 35.5487], [138.6185, 35.5495], [138.6195, 35.551], [138.6211, 35.5514], [138.6216, 35.5531], [138.6246, 35.557], [138.6239, 35.5576], [138.6245, 35.5616], [138.6211, 35.565], [138.6194, 35.5677], [138.6192, 35.5706], [138.6175, 35.5719], [138.6181, 35.5734], [138.6169, 35.5754], [138.6134, 35.5765], [138.6114, 35.5784], [138.6066, 35.5785], [138.6051, 35.5777], [138.6031, 35.5795], [138.5981, 35.5808], [138.5967, 35.5826], [138.5959, 35.5824], [138.5946, 35.5833], [138.5947, 35.584], [138.5932, 35.5854], [138.5928, 35.585], [138.5905, 35.5881], [138.5851, 35.5901], [138.585, 35.594], [138.5856, 35.5948], [138.5875, 35.5949], [138.5879, 35.5957], [138.591, 35.592], [138.5923, 35.5927], [138.5921, 35.5965], [138.5934, 35.5964], [138.5963, 35.5977], [138.5972, 35.5971], [138.5973, 35.5984], [138.5982, 35.5986], [138.5989, 35.6], [138.6001, 35.5998], [138.6014, 35.6013], [138.6031, 35.6014], [138.6048, 35.6028], [138.6084, 35.6034], [138.6087, 35.605], [138.607, 35.607], [138.6061, 35.6104], [138.6075, 35.614], [138.6079, 35.6176], [138.6074, 35.6182], [138.6057, 35.6168], [138.6042, 35.6165], [138.6027, 35.6182], [138.6016, 35.6175], [138.5987, 35.618], [138.5981, 35.6161], [138.5946, 35.6163], [138.5985, 35.623], [138.5973, 35.6278], [138.5988, 35.6279], [138.5975, 35.6321], [138.5986, 35.6346], [138.6005, 35.6365], [138.6068, 35.6378], [138.61, 35.6409], [138.6166, 35.6433], [138.6217, 35.6469], [138.6322, 35.6507], [138.6356, 35.6535], [138.6356, 35.654], [138.6341, 35.654], [138.6335, 35.6533], [138.6319, 35.6532], [138.6308, 35.654], [138.6305, 35.6558], [138.6312, 35.6571], [138.6295, 35.6568], [138.6222, 35.6578], [138.6229, 35.6605], [138.6278, 35.659], [138.6276, 35.6636], [138.6264, 35.6686], [138.6224, 35.6706], [138.6189, 35.677], [138.6194, 35.6809], [138.6171, 35.6825], [138.6138, 35.6873], [138.6121, 35.6878], [138.6103, 35.6906], [138.6092, 35.6911]]]}, "properties": {"name": "山梨県甲府市"}}, {"type": "Feature", "geometry": {"type": "MultiPolygon", "coordinates": [[[[138.7844, 35.4915], [138.785, 35.4894], [138.7695, 35.4816], [138.7632, 35.47], [138.7617, 35.4631], [138.7619, 35.4592], [138.7589, 35.4517], [138.7547, 35.4458], [138.7502, 35.4421], [138.7276, 35.4225], [138.7334, 35.3942], [138.7295, 35.3665], [138.7403, 35.37], [138.7472, 35.3704], [138.766, 35.3696], [138.7748, 35.3674], [138.7818, 35.3732], [138.7985, 35.3766], [138.807, 35.3761], [138.8104, 35.3754], [138.8181, 35.3766], [138.8194, 35.376], [138.8209, 35.3736], [138.8291, 35.378], [138.831, 35.3819], [138.8332, 35.3834], [138.841, 35.3863], [138.8443, 35.3868], [138.8462, 35.3885], [138.8498, 35.3902], [138.8516, 35.3905], [138.8536, 35.3887], [138.8563, 35.3883], [138.8624, 35.3901], [138.864, 35.3923], [138.8637, 35.3933], [138.8515, 35.399], [138.8285, 35.4119], [138.834, 35.4248], [138.8363, 35.4263], [138.8336, 35.4292], [138.8029, 35.4381], [138.803, 35.4425], [138.8037, 35.4426], [138.8055, 35.4402], [138.8073, 35.439], [138.8091, 35.4392], [138.8097, 35.4403], [138.8092, 35.443], [138.8105, 35.4457], [138.8102, 35.4513], [138.8095, 35.4522], [138.8099, 35.4541], [138.8087, 35.4552], [138.8073, 35.4528], [138.8065, 35.4526], [138.8065, 35.4562], [138.8064, 35.4585], [138.8127, 35.4617], [138.8128, 35.4638], [138.8145, 35.4665], [138.8144, 35.4718], [138.8157, 35.4764], [138.8174, 35.4759], [138.8184, 35.4761], [138.8205, 35.4751], [138.8231, 35.4722], [138.8272, 35.4703], [138.8293, 35.4701], [138.8317, 35.469], [138.8335, 35.4695], [138.8359, 35.4692], [138.8396, 35.4718], [138.8412, 35.4722], [138.8469, 35.4713], [138.8491, 35.4725], [138.85, 35.4739], [138.8545, 35.4754], [138.8562, 35.4782], [138.8615, 35.4788], [138.8649, 35.4805], [138.8661, 35.4851], [138.8654, 35.49], [138.8643, 35.4915], [138.8646, 35.4928], [138.858, 35.4976], [138.8569, 35.4997], [138.8572, 35.5008], [138.856, 35.5046], [138.8503, 35.5027], [138.8442, 35.5026], [138.8391, 35.501], [138.8358, 35.5018], [138.8351, 35.5073], [138.8344, 35.5079], [138.8337, 35.5111], [138.8367, 35.5143], [138.8359, 35.5149], [138.8369, 35.516], [138.8359, 35.5168], [138.8361, 35.5177], [138.8402, 35.5199], [138.8389, 35.5204], [138.8374, 35.5198], [138.8358, 35.5208], [138.8354, 35.5239], [138.8333, 35.5262], [138.8291, 35.5257], [138.8262, 35.5274], [138.8226, 35.5275], [138.8192, 35.5322], [138.8173, 35.5327], [138.8141, 35.5318], [138.8065, 35.5326], [138.8051, 35.5287], [138.8026, 35.5252], [138.7957, 35.5199], [138.794, 35.5199], [138.7921, 35.5184], [138.7903, 35.5158], [138.7872, 35.5133], [138.7867, 35.5081], [138.7805, 35.5033], [138.7805, 35.4984], [138.7821, 35.4958], [138.7824, 35.4938], [138.784, 35.493], [138.7844, 35.4915]]], [[[138.7786, 35.4928], [138.7769, 35.4925], [138.7751, 35.4941], [138.7718, 35.4937], [138.7705, 35.4924], [138.7718, 35.4914], [138.772, 35.4917], [138.7726, 35.4913], [138.7725, 35.4921], [138.774, 35.4918], [138.7739, 35.4911], [138.7711, 35.4904], [138.7716, 35.4894], [138.7694, 35.4893], [138.7689, 35.4895], [138.7698, 35.4906], [138.7707, 35.491], [138.7703, 35.4918], [138.7697, 35.4915], [138.768, 35.4887], [138.7711, 35.4885], [138.7737, 35.4864], [138.7752, 35.4862], [138.7756, 35.488], [138.7766, 35.4891], [138.7815, 35.4905], [138.7824, 35.49], [138.7826, 35.4909], [138.7839, 35.4909], [138.7836, 35.4923], [138.7814, 35.4925], [138.7805, 35.4922], [138.7807, 35.4918], [138.779, 35.4925], [138.779, 35.4935], [138.7786, 35.4928]], [[138.773, 35.4898], [138.773, 35.4903], [138.7739, 35.4903], [138.7739, 35.4898], [138.773, 35.4898]]]]}, "properties": {"name": "山梨県富士吉田市"}}, {"type": "Feature", "geometry": {"type": "MultiPolygon", "coordinates": [[[[138.8661, 35.4851], [138.8726, 35.4864], [138.8745, 35.4857], [138.8768, 35.4858], [138.8798, 35.4828], [138.8801, 35.4818], [138.881, 35.4818], [138.8827, 35.4795], [138.8846, 35.4731], [138.8844, 35.4713], [138.8826, 35.4682], [138.8902, 35.4626], [138.8914, 35.4607], [138.8923, 35.4575], [138.8945, 35.4543], [138.8961, 35.4539], [138.9013, 35.4505], [138.9027, 35.452], [138.9057, 35.4519], [138.9082, 35.4504], [138.9105, 35.4513], [138.9118, 35.453], [138.9137, 35.4526], [138.917, 35.4544], [138.9218, 35.4579], [138.924, 35.4582], [138.9271, 35.4594], [138.9278, 35.4609], [138.9266, 35.4642], [138.9265, 35.4682], [138.9282, 35.4696], [138.9291, 35.473], [138.928, 35.4759], [138.9293, 35.4784], [138.9293, 35.4845], [138.9314, 35.4868], [138.9353, 35.4889], [138.9405, 35.4941], [138.9434, 35.4949], [138.9463, 35.4944], [138.9497, 35.4962], [138.9519, 35.4962], [138.956, 35.4999], [138.9623, 35.5019], [138.9673, 35.5047], [138.9684, 35.5063], [138.9703, 35.5072], [138.9713, 35.509], [138.971, 35.5135], [138.9732, 35.5156], [138.9744, 35.5213], [138.9777, 35.5214], [138.9803, 35.5205], [138.9838, 35.5207], [138.9854, 35.5221], [138.9881, 35.5228], [138.9913, 35.5228], [138.9936, 35.5238], [138.9977, 35.524], [138.9987, 35.5265], [139.0001, 35.5275], [139.0017, 35.5275], [139.0041, 35.5285], [139.0063, 35.5282], [139.0053, 35.5311], [139.0067, 35.5327], [139.007, 35.5354], [139.0056, 35.5394], [139.0111, 35.5414], [139.0125, 35.5434], [139.0194, 35.5433], [139.0246, 35.5444], [139.0278, 35.55], [139.0274, 35.5524], [139.0233, 35.5519], [139.0185, 35.5543], [139.0188, 35.5567], [139.0173, 35.558], [139.0179, 35.5592], [139.0177, 35.5617], [139.0155, 35.5636], [139.0138, 35.564], [139.0115, 35.5664], [139.0094, 35.5668], [139.0083, 35.5681], [139.0067, 35.5682], [139.0058, 35.5691], [139.0073, 35.572], [139.0051, 35.5763], [139.0051, 35.5789], [138.9995, 35.5796], [138.9963, 35.581], [138.9957, 35.5801], [138.9913, 35.5779], [138.985, 35.579], [138.9822, 35.5757], [138.9802, 35.5757], [138.9767, 35.5746], [138.9742, 35.5753], [138.9713, 35.5728], [138.969, 35.5723], [138.9683, 35.5711], [138.9658, 35.572], [138.9636, 35.5711], [138.9621, 35.5719], [138.9584, 35.5696], [138.9565, 35.5694], [138.953, 35.5715], [138.9501, 35.5757], [138.9504, 35.5766], [138.9496, 35.5793], [138.9502, 35.5821], [138.9488, 35.5842], [138.9487, 35.5856], [138.9502, 35.5918], [138.9497, 35.5938], [138.9465, 35.5928], [138.9445, 35.5948], [138.9401, 35.6045], [138.9379, 35.6033], [138.9353, 35.6037], [138.9341, 35.6023], [138.9301, 35.6012], [138.9284, 35.5995], [138.9274, 35.5964], [138.9251, 35.5964], [138.9235, 35.5977], [138.9222, 35.5955], [138.9192, 35.5936], [138.9188, 35.5927], [138.9163, 35.5929], [138.9133, 35.5895], [138.9102, 35.589], [138.9075, 35.5876], [138.9037, 35.5884], [138.9024, 35.5874], [138.9011, 35.5844], [138.8984, 35.5823], [138.8947, 35.5828], [138.8903, 35.5814], [138.8889, 35.5802], [138.8859, 35.5798], [138.8803, 35.5745], [138.8782, 35.5745], [138.8758, 35.5764], [138.8729, 35.5757], [138.8696, 35.5763], [138.865, 35.5742], [138.8634, 35.5741], [138.8595, 35.5763], [138.8559, 35.5765], [138.8528, 35.5793], [138.8515, 35.5797], [138.849, 35.5793], [138.8377, 35.5836], [138.8343, 35.5832], [138.83, 35.5841], [138.8279, 35.5831], [138.8247, 35.583], [138.8233, 35.5818], [138.8196, 35.581], [138.8185, 35.5813], [138.8159, 35.5792], [138.813, 35.5785], [138.8107, 35.5751], [138.8027, 35.5742], [138.7999, 35.5731], [138.7992, 35.5722], [138.7991, 35.5671], [138.8, 35.5633], [138.8014, 35.5611], [138.8015, 35.5583], [138.8043, 35.5548], [138.8092, 35.5532], [138.8104, 35.5506], [138.8119, 35.5511], [138.823, 35.5495], [138.8292, 35.5497], [138.8329, 35.5483], [138.8363, 35.5495], [138.8389, 35.5496], [138.8444, 35.5465], [138.8472, 35.5458], [138.8508, 35.5412], [138.8523, 35.5407], [138.8531, 35.5389], [138.8542, 35.5386], [138.8547, 35.5393], [138.8564, 35.5388], [138.857, 35.5393], [138.8601, 35.5374], [138.8598, 35.5368], [138.8613, 35.5366], [138.8588, 35.5349], [138.859, 35.5342], [138.8617, 35.5332], [138.863, 35.5337], [138.8639, 35.5326], [138.8665, 35.5333], [138.8668, 35.5326], [138.8661, 35.532], [138.8655, 35.5326], [138.8655, 35.5314], [138.867, 35.5309], [138.8662, 35.5303], [138.8605, 35.5295], [138.8563, 35.5271], [138.8546, 35.5271], [138.8529, 35.5254], [138.8538, 35.5223], [138.8531, 35.5207], [138.8534, 35.5198], [138.854, 35.52], [138.8547, 35.5167], [138.854, 35.5123], [138.8561, 35.5088], [138.8554, 35.5072], [138.856, 35.5046], [138.8572, 35.5008], [138.8569, 35.4997], [138.858, 35.4976], [138.8646, 35.4928], [138.8643, 35.4915], [138.8654, 35.49], [138.8661, 35.4851]]], [[[138.865, 35.5308], [138.865, 35.5323], [138.8641, 35.5316], [138.8642, 35.5304], [138.865, 35.5308]]]]}, "properties": {"name": "山梨県都留市"}}, {"type": "Feature", "geometry": {"type": "MultiPolygon", "coordinates": [[[[138.6168, 35.7115], [138.6295, 35.7142], [138.6333, 35.7129], [138.6312, 35.7099], [138.6261, 35.7099], [138.6242, 35.7091], [138.6242, 35.7078], [138.6268, 35.7057], [138.6271, 35.7039], [138.6294, 35.701], [138.632, 35.6991], [138.6349, 35.6981], [138.6374, 35.6952], [138.641, 35.6931], [138.6419, 35.6912], [138.6468, 35.6892], [138.6481, 35.6893], [138.6479, 35.6879], [138.6446, 35.6866], [138.6428, 35.6848], [138.6463, 35.6821], [138.6527, 35.6811], [138.6516, 35.6789], [138.6522, 35.6782], [138.6549, 35.6808], [138.656, 35.6796], [138.6561, 35.6786], [138.6606, 35.6771], [138.6612, 35.6764], [138.6617, 35.6776], [138.668, 35.6747], [138.6717, 35.6741], [138.6657, 35.6622], [138.6677, 35.6617], [138.6714, 35.6625], [138.6794, 35.6607], [138.6821, 35.6606], [138.6866, 35.6611], [138.6952, 35.6631], [138.7078, 35.6631], [138.7085, 35.6661], [138.7073, 35.667], [138.7082, 35.6682], [138.7065, 35.6689], [138.7068, 35.6698], [138.7079, 35.6699], [138.707, 35.6707], [138.7035, 35.6712], [138.7037, 35.6722], [138.7003, 35.6728], [138.7005, 35.6753], [138.7131, 35.6842], [138.7127, 35.6845], [138.7155, 35.6856], [138.7171, 35.6895], [138.712, 35.6909], [138.7131, 35.6943], [138.7112, 35.6949], [138.7118, 35.6979], [138.7109, 35.6978], [138.7135, 35.7085], [138.711, 35.709], [138.7098, 35.7064], [138.7085, 35.707], [138.7059, 35.7072], [138.7068, 35.7088], [138.7061, 35.7094], [138.7068, 35.7109], [138.7038, 35.7111], [138.702, 35.7122], [138.706, 35.717], [138.7059, 35.7192], [138.7067, 35.7215], [138.7063, 35.7227], [138.7077, 35.7233], [138.709, 35.7253], [138.7101, 35.7258], [138.71, 35.7265], [138.7118, 35.7274], [138.7102, 35.7299], [138.7105, 35.7341], [138.7141, 35.7357], [138.7172, 35.7392], [138.7169, 35.7396], [138.7205, 35.7421], [138.7216, 35.745], [138.7208, 35.7485], [138.7219, 35.7518], [138.7246, 35.7539], [138.727, 35.7539], [138.7287, 35.7561], [138.73, 35.7557], [138.7305, 35.7569], [138.7323, 35.7574], [138.7312, 35.7586], [138.7325, 35.7594], [138.7353, 35.756], [138.7368, 35.7551], [138.7376, 35.7607], [138.7401, 35.7614], [138.7402, 35.7627], [138.7418, 35.7641], [138.7419, 35.767], [138.7432, 35.7682], [138.7438, 35.7704], [138.7431, 35.773], [138.7442, 35.7732], [138.7461, 35.7759], [138.745, 35.7763], [138.7454, 35.7773], [138.7446, 35.7783], [138.7404, 35.7776], [138.7403, 35.7783], [138.7412, 35.779], [138.741, 35.7806], [138.74, 35.7814], [138.7394, 35.7838], [138.7421, 35.7853], [138.7418, 35.7858], [138.7433, 35.7868], [138.7403, 35.7889], [138.7462, 35.7891], [138.7477, 35.7885], [138.7521, 35.7888], [138.7543, 35.7882], [138.7593, 35.7886], [138.7612, 35.7903], [138.7709, 35.7903], [138.774, 35.7888], [138.7765, 35.7866], [138.7783, 35.7861], [138.7838, 35.7857], [138.7869, 35.7869], [138.7849, 35.7888], [138.7865, 35.7905], [138.7854, 35.791], [138.7845, 35.7938], [138.786, 35.7951], [138.7846, 35.7969], [138.786, 35.798], [138.7844, 35.8039], [138.7862, 35.8084], [138.7839, 35.8096], [138.7831, 35.8115], [138.785, 35.8124], [138.7842, 35.8166], [138.7865, 35.8174], [138.7868, 35.8182], [138.7861, 35.8203], [138.7869, 35.8216], [138.7847, 35.8258], [138.7865, 35.828], [138.7866, 35.8301], [138.7877, 35.8304], [138.7879, 35.8329], [138.7892, 35.8351], [138.7922, 35.8365], [138.7968, 35.8375], [138.7969, 35.8394], [138.7991, 35.8409], [138.8009, 35.8404], [138.8026, 35.8406], [138.8033, 35.8418], [138.8028, 35.8451], [138.8038, 35.8451], [138.8054, 35.8482], [138.8045, 35.8495], [138.8043, 35.8518], [138.8054, 35.8542], [138.8081, 35.8563], [138.8097, 35.859], [138.8136, 35.8623], [138.8101, 35.866], [138.8085, 35.8698], [138.8055, 35.8697], [138.8018, 35.8705], [138.7968, 35.8723], [138.7921, 35.8755], [138.792, 35.8796], [138.7932, 35.882], [138.7918, 35.884], [138.792, 35.8868], [138.7908, 35.8921], [138.7881, 35.8941], [138.7822, 35.8971], [138.7813, 35.8988], [138.7776, 35.9002], [138.7718, 35.9004], [138.7658, 35.8989], [138.7578, 35.9025], [138.7538, 35.9027], [138.7494, 35.9017], [138.7391, 35.9058], [138.7377, 35.9057], [138.7362, 35.9043], [138.7342, 35.904], [138.7325, 35.905], [138.7284, 35.9094], [138.7244, 35.9081], [138.7214, 35.908], [138.7194, 35.9081], [138.7168, 35.9094], [138.7136, 35.9087], [138.7078, 35.91], [138.7059, 35.9065], [138.7017, 35.9034], [138.7, 35.9031], [138.6992, 35.9012], [138.6969, 35.8992], [138.6933, 35.8995], [138.692, 35.8959], [138.6885, 35.8941], [138.6857, 35.894], [138.6851, 35.8924], [138.6855, 35.8898], [138.6834, 35.8881], [138.6838, 35.8864], [138.6824, 35.8813], [138.6803, 35.8788], [138.6796, 35.8758], [138.6761, 35.8699], [138.6691, 35.8715], [138.6657, 35.8739], [138.6631, 35.8731], [138.6612, 35.8737], [138.6613, 35.8728], [138.6592, 35.8696], [138.6564, 35.8689], [138.6498, 35.8634], [138.6481, 35.8631], [138.6459, 35.8601], [138.6442, 35.8591], [138.6421, 35.8556], [138.639, 35.8546], [138.6379, 35.8531], [138.6357, 35.8524], [138.6382, 35.8495], [138.639, 35.8467], [138.638, 35.8438], [138.6381, 35.8409], [138.6365, 35.8384], [138.6366, 35.8374], [138.6357, 35.8371], [138.6363, 35.8362], [138.6356, 35.8354], [138.6362, 35.8345], [138.6346, 35.834], [138.6337, 35.8325], [138.6334, 35.8316], [138.6346, 35.8283], [138.6305, 35.8243], [138.631, 35.8239], [138.6305, 35.8212], [138.6283, 35.8211], [138.6301, 35.8186], [138.6299, 35.8172], [138.6308, 35.8155], [138.6369, 35.8129], [138.6356, 35.8093], [138.6362, 35.8077], [138.6353, 35.8064], [138.6357, 35.8047], [138.6349, 35.8035], [138.6297, 35.804], [138.6312, 35.8007], [138.6279, 35.8009], [138.6263, 35.7984], [138.6249, 35.7977], [138.6225, 35.7991], [138.621, 35.7987], [138.6201, 35.798], [138.6191, 35.7948], [138.6153, 35.7938], [138.613, 35.7896], [138.6145, 35.7875], [138.6148, 35.7835], [138.6163, 35.7825], [138.6169, 35.78], [138.6163, 35.7774], [138.6135, 35.7764], [138.6113, 35.7747], [138.6113, 35.7721], [138.6103, 35.7713], [138.6082, 35.7652], [138.6069, 35.7633], [138.6049, 35.7626], [138.6059, 35.7603], [138.6054, 35.7592], [138.5989, 35.7552], [138.5946, 35.7508], [138.5959, 35.7452], [138.5952, 35.7435], [138.5932, 35.7431], [138.5952, 35.7405], [138.5955, 35.7391], [138.5949, 35.7377], [138.5982, 35.735], [138.5971, 35.7321], [138.5937, 35.7273], [138.5953, 35.7257], [138.6004, 35.7242], [138.6037, 35.722], [138.6057, 35.7223], [138.6069, 35.7203], [138.6103, 35.72], [138.612, 35.7188], [138.6124, 35.7178], [138.6162, 35.7192], [138.6166, 35.72], [138.6186, 35.7194], [138.6204, 35.7176], [138.6214, 35.7175], [138.616, 35.7137], [138.6156, 35.7129], [138.6168, 35.7115]], [[138.6432, 35.7047], [138.6418, 35.7062], [138.6466, 35.7045], [138.6472, 35.7029], [138.6489, 35.7022], [138.6484, 35.7009], [138.649, 35.7007], [138.6478, 35.6992], [138.6451, 35.7014], [138.645, 35.702], [138.6457, 35.7018], [138.6466, 35.7024], [138.6432, 35.7047]], [[138.6315, 35.7037], [138.632, 35.7058], [138.6395, 35.6983], [138.6381, 35.6967], [138.635, 35.6998], [138.6335, 35.7027], [138.6315, 35.7037]], [[138.6477, 35.6948], [138.6491, 35.6943], [138.6484, 35.6936], [138.6484, 35.6921], [138.6474, 35.6912], [138.6443, 35.694], [138.6434, 35.6957], [138.6445, 35.6963], [138.6466, 35.6962], [138.6477, 35.6948]]], [[[138.6508, 35.6772], [138.6514, 35.6768], [138.6523, 35.6775], [138.6512, 35.678], [138.6508, 35.6772]]]]}, "properties": {"name": "山梨県山梨市"}}, {"type": "Feature", "geometry": {"type": "Polygon", "coordinates": [[[139.0051, 35.5789], [139.0141, 35.5795], [139.0153, 35.5818], [139.018, 35.5826], [139.0187, 35.5837], [139.0195, 35.5839], [139.0218, 35.5815], [139.0254, 35.5805], [139.0306, 35.5826], [139.0336, 35.5832], [139.0348, 35.5845], [139.0375, 35.5839], [139.0399, 35.5845], [139.0436, 35.5832], [139.0458, 35.5845], [139.0489, 35.5847], [139.0497, 35.5855], [139.0551, 35.5856], [139.0594, 35.585], [139.0628, 35.5833], [139.066, 35.5863], [139.0645, 35.5991], [139.0671, 35.6019], [139.0664, 35.6041], [139.064, 35.606], [139.0653, 35.6075], [139.064, 35.6109], [139.0647, 35.6119], [139.0636, 35.6124], [139.0638, 35.6153], [139.0624, 35.6167], [139.0613, 35.6162], [139.0589, 35.6169], [139.0564, 35.6165], [139.0444, 35.6118], [139.0413, 35.6133], [139.0388, 35.6128], [139.038, 35.6135], [139.035, 35.6141], [139.033, 35.6155], [139.0304, 35.6162], [139.0278, 35.6158], [139.0268, 35.6168], [139.025, 35.6166], [139.0243, 35.6174], [139.0243, 35.6182], [139.0232, 35.619], [139.0235, 35.6209], [139.0224, 35.6224], [139.0234, 35.623], [139.023, 35.625], [139.0209, 35.63], [139.0213, 35.6323], [139.0196, 35.6343], [139.0165, 35.6348], [139.0139, 35.6371], [139.0176, 35.6413], [139.0187, 35.6447], [139.0215, 35.6467], [139.0228, 35.649], [139.0227, 35.6503], [139.0246, 35.6507], [139.0253, 35.6522], [139.0253, 35.6542], [139.0223, 35.6616], [139.0224, 35.6626], [139.0203, 35.6668], [139.0123, 35.6671], [139.0089, 35.6678], [139.0059, 35.6693], [139.0001, 35.6703], [138.9985, 35.6717], [138.9974, 35.6717], [138.9958, 35.6737], [138.9939, 35.6742], [138.9928, 35.6752], [138.9946, 35.6816], [138.993, 35.6842], [138.9887, 35.6859], [138.9832, 35.6892], [138.9818, 35.6918], [138.9803, 35.6928], [138.9807, 35.697], [138.978, 35.7002], [138.9764, 35.7009], [138.9741, 35.7005], [138.9726, 35.7009], [138.9682, 35.7043], [138.9683, 35.7072], [138.9675, 35.7088], [138.9714, 35.7123], [138.9677, 35.7191], [138.9659, 35.7199], [138.966, 35.7214], [138.9612, 35.7224], [138.9561, 35.7257], [138.954, 35.7249], [138.9531, 35.7259], [138.9463, 35.7292], [138.9437, 35.734], [138.9394, 35.7346], [138.9376, 35.7368], [138.9302, 35.7372], [138.9267, 35.7382], [138.9237, 35.7407], [138.9203, 35.7398], [138.9161, 35.7395], [138.9132, 35.7416], [138.9107, 35.7408], [138.9082, 35.7418], [138.906, 35.7419], [138.9027, 35.7406], [138.9008, 35.7416], [138.8988, 35.7409], [138.8968, 35.7416], [138.8926, 35.7413], [138.8893, 35.7398], [138.8868, 35.7398], [138.8818, 35.7364], [138.8774, 35.7361], [138.8723, 35.734], [138.8683, 35.7342], [138.8636, 35.7307], [138.8595, 35.7308], [138.8597, 35.7262], [138.8584, 35.7253], [138.8584, 35.7239], [138.8572, 35.7231], [138.856, 35.7196], [138.8564, 35.7169], [138.8552, 35.7155], [138.8554, 35.7141], [138.8568, 35.713], [138.8562, 35.7098], [138.8569, 35.7058], [138.8561, 35.7051], [138.8551, 35.7017], [138.8564, 35.6992], [138.8563, 35.698], [138.8574, 35.6974], [138.8585, 35.6944], [138.8582, 35.6918], [138.8597, 35.6884], [138.8581, 35.6869], [138.8586, 35.6857], [138.8576, 35.6835], [138.8534, 35.6824], [138.8503, 35.6794], [138.8499, 35.6768], [138.8473, 35.6731], [138.8474, 35.6689], [138.8487, 35.666], [138.8485, 35.6639], [138.8505, 35.6608], [138.849, 35.6589], [138.8484, 35.6552], [138.8496, 35.6527], [138.8508, 35.6523], [138.8511, 35.6498], [138.8467, 35.646], [138.8461, 35.6419], [138.8448, 35.6405], [138.8406, 35.6403], [138.8348, 35.6356], [138.8316, 35.6351], [138.8319, 35.6332], [138.8298, 35.629], [138.8226, 35.6304], [138.8195, 35.6293], [138.8144, 35.6221], [138.8115, 35.6214], [138.8064, 35.6231], [138.8034, 35.6233], [138.8008, 35.6205], [138.7985, 35.6203], [138.7974, 35.6192], [138.7945, 35.6186], [138.794, 35.6173], [138.7907, 35.6172], [138.7877, 35.6179], [138.7856, 35.6176], [138.7816, 35.6154], [138.7795, 35.6119], [138.7792, 35.6095], [138.7762, 35.6085], [138.7757, 35.6072], [138.7762, 35.6059], [138.7754, 35.605], [138.7724, 35.6052], [138.7706, 35.6061], [138.7688, 35.6052], [138.7671, 35.6053], [138.7692, 35.6009], [138.7714, 35.5997], [138.7712, 35.5966], [138.7742, 35.593], [138.774, 35.591], [138.7727, 35.5892], [138.7727, 35.5866], [138.7787, 35.5842], [138.7852, 35.5853], [138.7859, 35.5826], [138.7888, 35.5803], [138.7868, 35.5747], [138.7934, 35.5697], [138.7961, 35.5714], [138.7992, 35.5722], [138.7999, 35.5731], [138.8027, 35.5742], [138.8107, 35.5751], [138.813, 35.5785], [138.8159, 35.5792], [138.8185, 35.5813], [138.8196, 35.581], [138.8233, 35.5818], [138.8247, 35.583], [138.8279, 35.5831], [138.83, 35.5841], [138.8343, 35.5832], [138.8377, 35.5836], [138.849, 35.5793], [138.8515, 35.5797], [138.8528, 35.5793], [138.8559, 35.5765], [138.8595, 35.5763], [138.8634, 35.5741], [138.865, 35.5742], [138.8696, 35.5763], [138.8729, 35.5757], [138.8758, 35.5764], [138.8782, 35.5745], [138.8803, 35.5745], [138.8859, 35.5798], [138.8889, 35.5802], [138.8903, 35.5814], [138.8947, 35.5828], [138.8984, 35.5823], [138.9011, 35.5844], [138.9024, 35.5874], [138.9037, 35.5884], [138.9075, 35.5876], [138.9102, 35.589], [138.9133, 35.5895], [138.9163, 35.5929], [138.9188, 35.5927], [138.9192, 35.5936], [138.9222, 35.5955], [138.9235, 35.5977], [138.9251, 35.5964], [138.9274, 35.5964], [138.9284, 35.5995], [138.9301, 35.6012], [138.9341, 35.6023], [138.9353, 35.6037], [138.9379, 35.6033], [138.9401, 35.6045], [138.9445, 35.5948], [138.9465, 35.5928], [138.9497, 35.5938], [138.9502, 35.5918], [138.9487, 35.5856], [138.9488, 35.5842], [138.9502, 35.5821], [138.9496, 35.5793], [138.9504, 35.5766], [138.9501, 35.5757], [138.953, 35.5715], [138.9565, 35.5694], [138.9584, 35.5696], [138.9621, 35.5719], [138.9636, 35.5711], [138.9658, 35.572], [138.9683, 35.5711], [138.969, 35.5723], [138.9713, 35.5728], [138.9742, 35.5753], [138.9767, 35.5746], [138.9802, 35.5757], [138.9822, 35.5757], [138.985, 35.579], [138.9913, 35.5779], [138.9957, 35.5801], [138.9963, 35.581], [138.9995, 35.5796], [139.0051, 35.5789]]]}, "properties": {"name": "山梨県大月市"}}, {"type": "Feature", "geometry": {"type": "Polygon", "coordinates": [[[138.4678, 35.6988], [138.466, 35.7039], [138.4691, 35.7106], [138.4686, 35.7122], [138.4707, 35.7134], [138.4746, 35.7186], [138.4788, 35.717], [138.48, 35.7176], [138.4809, 35.7197], [138.482, 35.7186], [138.4815, 35.7177], [138.4822, 35.7176], [138.4815, 35.7157], [138.4825, 35.7159], [138.4818, 35.7154], [138.4829, 35.714], [138.4815, 35.7134], [138.4831, 35.7139], [138.4839, 35.71], [138.4865, 35.7127], [138.4899, 35.715], [138.4923, 35.7185], [138.4957, 35.7214], [138.498, 35.7202], [138.4983, 35.7209], [138.5015, 35.7218], [138.5058, 35.7255], [138.5092, 35.7275], [138.5105, 35.7273], [138.512, 35.7297], [138.5115, 35.7308], [138.5121, 35.7315], [138.5112, 35.7326], [138.5116, 35.7357], [138.5105, 35.7381], [138.5119, 35.7408], [138.5122, 35.743], [138.5157, 35.7465], [138.5174, 35.7512], [138.5189, 35.7519], [138.5188, 35.7531], [138.5162, 35.7547], [138.5158, 35.7562], [138.5183, 35.7577], [138.5181, 35.7609], [138.5205, 35.7648], [138.5188, 35.7679], [138.5161, 35.7691], [138.5138, 35.7711], [138.5115, 35.7713], [138.5072, 35.7705], [138.5047, 35.7709], [138.5045, 35.7704], [138.5005, 35.7698], [138.4988, 35.7704], [138.4974, 35.7702], [138.4894, 35.767], [138.4873, 35.7644], [138.4876, 35.762], [138.4847, 35.7599], [138.4829, 35.7576], [138.4819, 35.7574], [138.4794, 35.755], [138.4778, 35.7547], [138.4761, 35.7528], [138.4689, 35.751], [138.4631, 35.7475], [138.457, 35.7459], [138.4565, 35.7441], [138.454, 35.7418], [138.4537, 35.7405], [138.451, 35.7386], [138.4506, 35.7369], [138.4513, 35.735], [138.4507, 35.734], [138.4435, 35.7452], [138.4409, 35.7478], [138.439, 35.7488], [138.4381, 35.7484], [138.4372, 35.7494], [138.4353, 35.7534], [138.4359, 35.7548], [138.4352, 35.7568], [138.4271, 35.7681], [138.4228, 35.7696], [138.4184, 35.7739], [138.4166, 35.7718], [138.4134, 35.7703], [138.4118, 35.7686], [138.4104, 35.7685], [138.4091, 35.7663], [138.4064, 35.7659], [138.4035, 35.7658], [138.4003, 35.773], [138.393, 35.7731], [138.3879, 35.7714], [138.3748, 35.7691], [138.3725, 35.7683], [138.3713, 35.7666], [138.3676, 35.7669], [138.3677, 35.7657], [138.3663, 35.7652], [138.3672, 35.7647], [138.3671, 35.7633], [138.3686, 35.7634], [138.369, 35.762], [138.3724, 35.7611], [138.3725, 35.7575], [138.3754, 35.7542], [138.3794, 35.7518], [138.3815, 35.7483], [138.3746, 35.751], [138.3689, 35.7514], [138.3648, 35.7498], [138.3621, 35.7503], [138.3596, 35.7492], [138.3572, 35.75], [138.3551, 35.7476], [138.3518, 35.746], [138.3432, 35.7467], [138.3443, 35.7397], [138.3428, 35.737], [138.3415, 35.7366], [138.3403, 35.7349], [138.3401, 35.7328], [138.3348, 35.7276], [138.3327, 35.7192], [138.3268, 35.7166], [138.3217, 35.7121], [138.3188, 35.7105], [138.312, 35.7098], [138.308, 35.7107], [138.307, 35.7119], [138.3048, 35.712], [138.3014, 35.713], [138.2992, 35.7128], [138.297, 35.7104], [138.3049, 35.7031], [138.3099, 35.6967], [138.3115, 35.6959], [138.3106, 35.6934], [138.3113, 35.693], [138.3116, 35.6909], [138.3151, 35.6874], [138.3167, 35.68], [138.3203, 35.6784], [138.3222, 35.6764], [138.3299, 35.6734], [138.3371, 35.672], [138.3458, 35.6734], [138.3491, 35.6749], [138.3504, 35.6745], [138.3525, 35.6749], [138.3545, 35.6769], [138.354, 35.6793], [138.3568, 35.6837], [138.3585, 35.6834], [138.3607, 35.6843], [138.3641, 35.6845], [138.369, 35.6841], [138.3719, 35.6836], [138.3801, 35.6793], [138.3797, 35.6775], [138.3874, 35.6796], [138.389, 35.676], [138.3905, 35.6744], [138.3917, 35.6739], [138.3944, 35.6742], [138.3984, 35.6717], [138.3994, 35.6716], [138.4012, 35.6734], [138.4056, 35.6731], [138.4088, 35.674], [138.4155, 35.6719], [138.4158, 35.6698], [138.4209, 35.6675], [138.4221, 35.6652], [138.4295, 35.6651], [138.4316, 35.6623], [138.442, 35.6653], [138.4476, 35.6655], [138.4514, 35.6664], [138.4553, 35.6679], [138.4592, 35.6705], [138.4648, 35.672], [138.4785, 35.6728], [138.485, 35.676], [138.4856, 35.6767], [138.4799, 35.68], [138.4729, 35.6872], [138.4689, 35.6898], [138.4722, 35.6915], [138.4678, 35.6988]]]}, "properties": {"name": "山梨県韮崎市"}}, {"type": "Feature", "geometry": {"type": "Polygon", "coordinates": [[[138.297, 35.7104], [138.2931, 35.711], [138.2884, 35.7098], [138.2845, 35.7103], [138.2822, 35.7124], [138.2776, 35.7141], [138.2713, 35.7187], [138.2676, 35.7196], [138.2648, 35.7227], [138.2635, 35.7268], [138.2621, 35.7279], [138.2593, 35.7289], [138.2565, 35.7291], [138.2546, 35.7303], [138.2494, 35.7306], [138.2455, 35.7319], [138.2416, 35.7318], [138.2405, 35.7335], [138.2344, 35.738], [138.2349, 35.7404], [138.234, 35.7426], [138.2343, 35.7455], [138.2305, 35.749], [138.2293, 35.7533], [138.2278, 35.7537], [138.2251, 35.7517], [138.2221, 35.7505], [138.2207, 35.7492], [138.2208, 35.7478], [138.2191, 35.7454], [138.2176, 35.7451], [138.2136, 35.7422], [138.2125, 35.7404], [138.2079, 35.737], [138.2069, 35.7356], [138.2046, 35.7348], [138.2029, 35.7348], [138.2003, 35.733], [138.1973, 35.727], [138.1951, 35.7258], [138.1916, 35.7251], [138.1877, 35.7229], [138.1864, 35.7219], [138.1859, 35.7201], [138.1837, 35.72], [138.182, 35.7183], [138.1802, 35.7142], [138.1808, 35.7114], [138.1818, 35.7109], [138.1825, 35.7093], [138.187, 35.7043], [138.1912, 35.702], [138.1937, 35.6971], [138.1938, 35.6883], [138.1913, 35.6855], [138.1933, 35.6808], [138.1925, 35.6788], [138.1927, 35.677], [138.1944, 35.6749], [138.1935, 35.6722], [138.1987, 35.6696], [138.2025, 35.6663], [138.2033, 35.6648], [138.2054, 35.6641], [138.2076, 35.6599], [138.2081, 35.6556], [138.211, 35.652], [138.2172, 35.6474], [138.2187, 35.6445], [138.2284, 35.646], [138.2295, 35.6486], [138.2328, 35.6487], [138.2363, 35.6506], [138.2382, 35.6501], [138.2414, 35.6504], [138.248, 35.648], [138.2502, 35.6467], [138.2546, 35.6456], [138.2611, 35.6465], [138.2692, 35.6444], [138.2744, 35.6442], [138.2758, 35.645], [138.2777, 35.6435], [138.2854, 35.6463], [138.2868, 35.6456], [138.2929, 35.6455], [138.2938, 35.6449], [138.2956, 35.6456], [138.299, 35.6448], [138.3004, 35.6438], [138.3024, 35.6442], [138.304, 35.6433], [138.3061, 35.6442], [138.3107, 35.6439], [138.3122, 35.6402], [138.3158, 35.6363], [138.3151, 35.6345], [138.3126, 35.6357], [138.3116, 35.6351], [138.3132, 35.6338], [138.3134, 35.6326], [138.3116, 35.632], [138.3117, 35.6304], [138.3133, 35.6287], [138.3128, 35.6283], [138.3136, 35.6269], [138.3148, 35.626], [138.3146, 35.6237], [138.3155, 35.6221], [138.3141, 35.618], [138.31, 35.6165], [138.3104, 35.6155], [138.312, 35.6152], [138.313, 35.6136], [138.3126, 35.6126], [138.3106, 35.6124], [138.3102, 35.6117], [138.3107, 35.6105], [138.313, 35.6086], [138.311, 35.6079], [138.3093, 35.6085], [138.3087, 35.6077], [138.3096, 35.6055], [138.3122, 35.6034], [138.3118, 35.6029], [138.3102, 35.6029], [138.3104, 35.6016], [138.3138, 35.6002], [138.314, 35.6019], [138.3153, 35.6031], [138.3173, 35.6034], [138.323, 35.608], [138.3265, 35.6085], [138.3281, 35.6098], [138.3347, 35.6044], [138.3359, 35.6042], [138.3346, 35.5986], [138.337, 35.5958], [138.3388, 35.5912], [138.3431, 35.5915], [138.3456, 35.5901], [138.3485, 35.5903], [138.351, 35.5917], [138.3537, 35.5919], [138.3556, 35.5912], [138.3567, 35.5878], [138.3627, 35.5865], [138.369, 35.5865], [138.3683, 35.5878], [138.3693, 35.5907], [138.3719, 35.5924], [138.3775, 35.5947], [138.3835, 35.591], [138.3892, 35.5914], [138.397, 35.5902], [138.4014, 35.5901], [138.4058, 35.5915], [138.4082, 35.5943], [138.4114, 35.5949], [138.4128, 35.5945], [138.4131, 35.593], [138.4139, 35.5922], [138.4126, 35.5897], [138.4132, 35.5877], [138.4168, 35.5866], [138.4191, 35.5868], [138.4202, 35.5877], [138.4215, 35.585], [138.4216, 35.5817], [138.4237, 35.5804], [138.4281, 35.5794], [138.4311, 35.5798], [138.4354, 35.5781], [138.4381, 35.5781], [138.4395, 35.5787], [138.448, 35.5798], [138.4513, 35.5811], [138.4548, 35.5813], [138.4577, 35.5803], [138.4596, 35.5784], [138.4657, 35.5781], [138.4685, 35.5763], [138.4694, 35.575], [138.4727, 35.574], [138.4736, 35.5726], [138.4748, 35.5728], [138.4746, 35.5664], [138.4762, 35.5638], [138.4779, 35.5627], [138.4817, 35.5672], [138.4925, 35.5719], [138.4958, 35.574], [138.4975, 35.5765], [138.4967, 35.5776], [138.5002, 35.5835], [138.5019, 35.5849], [138.5036, 35.5841], [138.5088, 35.5926], [138.5101, 35.5989], [138.5095, 35.6026], [138.5068, 35.6098], [138.5068, 35.6228], [138.5098, 35.6228], [138.5111, 35.6233], [138.5097, 35.6296], [138.5097, 35.6335], [138.5056, 35.6338], [138.5031, 35.6522], [138.4998, 35.6648], [138.4969, 35.6728], [138.4914, 35.6759], [138.4856, 35.6767], [138.485, 35.676], [138.4785, 35.6728], [138.4648, 35.672], [138.4592, 35.6705], [138.4553, 35.6679], [138.4514, 35.6664], [138.4476, 35.6655], [138.442, 35.6653], [138.4316, 35.6623], [138.4295, 35.6651], [138.4221, 35.6652], [138.4209, 35.6675], [138.4158, 35.6698], [138.4155, 35.6719], [138.4088, 35.674], [138.4056, 35.6731], [138.4012, 35.6734], [138.3994, 35.6716], [138.3984, 35.6717], [138.3944, 35.6742], [138.3917, 35.6739], [138.3905, 35.6744], [138.389, 35.676], [138.3874, 35.6796], [138.3797, 35.6775], [138.3801, 35.6793], [138.3719, 35.6836], [138.369, 35.6841], [138.3641, 35.6845], [138.3607, 35.6843], [138.3585, 35.6834], [138.3568, 35.6837], [138.354, 35.6793], [138.3545, 35.6769], [138.3525, 35.6749], [138.3504, 35.6745], [138.3491, 35.6749], [138.3458, 35.6734], [138.3371, 35.672], [138.3299, 35.6734], [138.3222, 35.6764], [138.3203, 35.6784], [138.3167, 35.68], [138.3151, 35.6874], [138.3116, 35.6909], [138.3113, 35.693], [138.3106, 35.6934], [138.3115, 35.6959], [138.3099, 35.6967], [138.3049, 35.7031], [138.297, 35.7104]]]}, "properties": {"name": "山梨県南アルプス市"}}, {"type": "Feature", "geometry": {"type": "Polygon", "coordinates": [[[138.6215, 35.8704], [138.6174, 35.8711], [138.6115, 35.8733], [138.6067, 35.8785], [138.6059, 35.8851], [138.6062, 35.8895], [138.6052, 35.894], [138.6079, 35.896], [138.6072, 35.8972], [138.6073, 35.8995], [138.6094, 35.9037], [138.611, 35.9048], [138.6124, 35.9095], [138.6077, 35.9082], [138.6031, 35.9096], [138.6012, 35.9114], [138.6009, 35.9136], [138.5976, 35.915], [138.5966, 35.9171], [138.594, 35.9176], [138.591, 35.9198], [138.5891, 35.9178], [138.5853, 35.9185], [138.5811, 35.9171], [138.5792, 35.913], [138.5766, 35.9114], [138.5744, 35.9123], [138.5723, 35.9122], [138.5689, 35.9141], [138.5689, 35.9149], [138.5645, 35.9173], [138.5584, 35.916], [138.5569, 35.9162], [138.5564, 35.9164], [138.557, 35.918], [138.5548, 35.9192], [138.5506, 35.9166], [138.5468, 35.9163], [138.5455, 35.9147], [138.5422, 35.9148], [138.5401, 35.9138], [138.5394, 35.9144], [138.531, 35.9158], [138.5293, 35.9146], [138.5221, 35.9186], [138.5185, 35.919], [138.514, 35.9205], [138.5126, 35.9203], [138.5107, 35.9225], [138.509, 35.9219], [138.5056, 35.9189], [138.5026, 35.9122], [138.5016, 35.9119], [138.5001, 35.9126], [138.4975, 35.9114], [138.4947, 35.9114], [138.4958, 35.9089], [138.4959, 35.905], [138.4946, 35.9021], [138.4913, 35.8986], [138.4901, 35.8964], [138.4879, 35.8962], [138.4855, 35.898], [138.4831, 35.8987], [138.4814, 35.8978], [138.4796, 35.8982], [138.4783, 35.8973], [138.4748, 35.8973], [138.4716, 35.8964], [138.4694, 35.8979], [138.4687, 35.8994], [138.4666, 35.8999], [138.4632, 35.9024], [138.4595, 35.9038], [138.4568, 35.9034], [138.456, 35.9019], [138.4564, 35.9009], [138.4553, 35.8995], [138.4541, 35.8993], [138.454, 35.9036], [138.45, 35.909], [138.4504, 35.9104], [138.4486, 35.9122], [138.4489, 35.9131], [138.4462, 35.9148], [138.4453, 35.917], [138.444, 35.918], [138.4453, 35.9188], [138.4456, 35.9202], [138.4446, 35.9225], [138.4471, 35.9235], [138.4469, 35.9249], [138.4484, 35.9251], [138.4487, 35.9281], [138.4475, 35.9293], [138.4499, 35.9312], [138.4502, 35.9323], [138.4517, 35.933], [138.4545, 35.9387], [138.4518, 35.9415], [138.4522, 35.942], [138.4498, 35.9457], [138.4465, 35.9471], [138.4439, 35.9502], [138.4422, 35.9505], [138.4369, 35.9539], [138.4288, 35.9575], [138.4199, 35.9598], [138.4176, 35.959], [138.4144, 35.9593], [138.4113, 35.9607], [138.4088, 35.9629], [138.4049, 35.9636], [138.4012, 35.9651], [138.3986, 35.9649], [138.3875, 35.9682], [138.3817, 35.9718], [138.373, 35.9718], [138.3701, 35.9709], [138.369, 35.967], [138.3644, 35.9648], [138.3618, 35.9628], [138.3608, 35.9602], [138.3615, 35.9585], [138.3596, 35.9558], [138.3597, 35.9506], [138.3568, 35.9508], [138.3524, 35.9484], [138.3451, 35.9416], [138.3457, 35.9347], [138.3442, 35.9322], [138.3423, 35.9263], [138.3388, 35.9244], [138.3373, 35.9225], [138.3369, 35.9208], [138.3354, 35.9205], [138.3313, 35.9142], [138.3305, 35.9105], [138.3264, 35.9036], [138.3232, 35.9017], [138.314, 35.8921], [138.307, 35.887], [138.3048, 35.882], [138.2962, 35.8704], [138.2923, 35.8667], [138.2902, 35.8658], [138.289, 35.8639], [138.2843, 35.8606], [138.2839, 35.8594], [138.2796, 35.8601], [138.2735, 35.8646], [138.2683, 35.8698], [138.2661, 35.8743], [138.2646, 35.8758], [138.2578, 35.8797], [138.2502, 35.8856], [138.2486, 35.886], [138.241, 35.8842], [138.2388, 35.883], [138.2328, 35.8765], [138.2298, 35.8694], [138.2268, 35.8575], [138.2235, 35.8556], [138.2221, 35.8521], [138.219, 35.8469], [138.2155, 35.8449], [138.2154, 35.8438], [138.2138, 35.8421], [138.2122, 35.8364], [138.2068, 35.8315], [138.2047, 35.8282], [138.2038, 35.8253], [138.2051, 35.8242], [138.2044, 35.8233], [138.2034, 35.8232], [138.2058, 35.8196], [138.205, 35.8187], [138.206, 35.818], [138.2056, 35.8157], [138.2018, 35.8122], [138.1988, 35.8122], [138.1972, 35.8078], [138.1954, 35.8057], [138.1947, 35.8053], [138.1936, 35.8059], [138.1931, 35.8056], [138.1933, 35.8039], [138.1916, 35.8039], [138.1902, 35.8031], [138.1864, 35.7976], [138.1861, 35.7957], [138.1855, 35.7956], [138.186, 35.7937], [138.1851, 35.7913], [138.1891, 35.788], [138.1911, 35.7845], [138.1926, 35.7837], [138.2007, 35.7808], [138.2032, 35.7811], [138.206, 35.7827], [138.2088, 35.7808], [138.2104, 35.7773], [138.2121, 35.7758], [138.2152, 35.7747], [138.2158, 35.7728], [138.2171, 35.7716], [138.2214, 35.7707], [138.2247, 35.7658], [138.228, 35.7654], [138.2289, 35.7646], [138.2326, 35.7634], [138.2368, 35.7579], [138.2345, 35.7572], [138.2293, 35.7533], [138.2305, 35.749], [138.2343, 35.7455], [138.234, 35.7426], [138.2349, 35.7404], [138.2344, 35.738], [138.2405, 35.7335], [138.2416, 35.7318], [138.2455, 35.7319], [138.2494, 35.7306], [138.2546, 35.7303], [138.2565, 35.7291], [138.2593, 35.7289], [138.2621, 35.7279], [138.2635, 35.7268], [138.2648, 35.7227], [138.2676, 35.7196], [138.2713, 35.7187], [138.2776, 35.7141], [138.2822, 35.7124], [138.2845, 35.7103], [138.2884, 35.7098], [138.2931, 35.711], [138.297, 35.7104], [138.2992, 35.7128], [138.3014, 35.713], [138.3048, 35.712], [138.307, 35.7119], [138.308, 35.7107], [138.312, 35.7098], [138.3188, 35.7105], [138.3217, 35.7121], [138.3268, 35.7166], [138.3327, 35.7192], [138.3348, 35.7276], [138.3401, 35.7328], [138.3403, 35.7349], [138.3415, 35.7366], [138.3428, 35.737], [138.3443, 35.7397], [138.3432, 35.7467], [138.3518, 35.746], [138.3551, 35.7476], [138.3572, 35.75], [138.3596, 35.7492], [138.3621, 35.7503], [138.3648, 35.7498], [138.3689, 35.7514], [138.3746, 35.751], [138.3815, 35.7483], [138.3794, 35.7518], [138.3754, 35.7542], [138.3725, 35.7575], [138.3724, 35.7611], [138.369, 35.762], [138.3686, 35.7634], [138.3671, 35.7633], [138.3672, 35.7647], [138.3663, 35.7652], [138.3677, 35.7657], [138.3676, 35.7669], [138.3713, 35.7666], [138.3725, 35.7683], [138.3748, 35.7691], [138.3879, 35.7714], [138.393, 35.7731], [138.4003, 35.773], [138.4035, 35.7658], [138.4064, 35.7659], [138.4091, 35.7663], [138.4104, 35.7685], [138.4118, 35.7686], [138.4134, 35.7703], [138.4166, 35.7718], [138.4184, 35.7739], [138.4228, 35.7696], [138.4271, 35.7681], [138.4352, 35.7568], [138.4359, 35.7548], [138.4353, 35.7534], [138.4372, 35.7494], [138.4381, 35.7484], [138.439, 35.7488], [138.4409, 35.7478], [138.4435, 35.7452], [138.4507, 35.734], [138.4513, 35.735], [138.4506, 35.7369], [138.451, 35.7386], [138.4537, 35.7405], [138.454, 35.7418], [138.4565, 35.7441], [138.457, 35.7459], [138.4631, 35.7475], [138.4689, 35.751], [138.4761, 35.7528], [138.4778, 35.7547], [138.4794, 35.755], [138.4819, 35.7574], [138.4829, 35.7576], [138.4847, 35.7599], [138.4876, 35.762], [138.4873, 35.7644], [138.4894, 35.767], [138.4974, 35.7702], [138.4988, 35.7704], [138.5005, 35.7698], [138.5025, 35.7715], [138.5036, 35.7762], [138.5054, 35.7768], [138.5115, 35.7858], [138.5141, 35.7975], [138.5118, 35.8013], [138.5124, 35.8018], [138.5189, 35.8026], [138.5204, 35.8039], [138.523, 35.8047], [138.527, 35.8072], [138.5324, 35.8052], [138.5337, 35.8038], [138.5356, 35.8033], [138.5367, 35.8023], [138.5386, 35.8018], [138.5431, 35.802], [138.5449, 35.8005], [138.5482, 35.8004], [138.5493, 35.8025], [138.5484, 35.8047], [138.5495, 35.8072], [138.5557, 35.8119], [138.5562, 35.8144], [138.5583, 35.817], [138.5554, 35.8211], [138.5554, 35.8256], [138.5564, 35.828], [138.565, 35.8285], [138.5666, 35.8305], [138.5723, 35.8287], [138.5765, 35.8288], [138.5789, 35.8278], [138.5802, 35.8279], [138.5807, 35.8295], [138.5847, 35.8308], [138.5865, 35.8332], [138.5862, 35.8344], [138.5877, 35.8351], [138.5874, 35.8362], [138.5892, 35.8388], [138.5903, 35.8441], [138.5914, 35.846], [138.5932, 35.8468], [138.5932, 35.8479], [138.5973, 35.8473], [138.5989, 35.8482], [138.6034, 35.8482], [138.6045, 35.8504], [138.6041, 35.8515], [138.6068, 35.8544], [138.6071, 35.8569], [138.6086, 35.8582], [138.6091, 35.8597], [138.6113, 35.8603], [138.6155, 35.859], [138.6204, 35.8617], [138.6215, 35.8704]]]}, "properties": {"name": "山梨県北杜市"}}, {"type": "Feature", "geometry": {"type": "Polygon", "coordinates": [[[138.5482, 35.8004], [138.5449, 35.8005], [138.5431, 35.802], [138.5386, 35.8018], [138.5367, 35.8023], [138.5356, 35.8033], [138.5337, 35.8038], [138.5324, 35.8052], [138.527, 35.8072], [138.523, 35.8047], [138.5204, 35.8039], [138.5189, 35.8026], [138.5124, 35.8018], [138.5118, 35.8013], [138.5141, 35.7975], [138.5115, 35.7858], [138.5054, 35.7768], [138.5036, 35.7762], [138.5025, 35.7715], [138.5005, 35.7698], [138.5045, 35.7704], [138.5047, 35.7709], [138.5072, 35.7705], [138.5115, 35.7713], [138.5138, 35.7711], [138.5161, 35.7691], [138.5188, 35.7679], [138.5205, 35.7648], [138.5181, 35.7609], [138.5183, 35.7577], [138.5158, 35.7562], [138.5162, 35.7547], [138.5188, 35.7531], [138.5189, 35.7519], [138.5174, 35.7512], [138.5157, 35.7465], [138.5122, 35.743], [138.5119, 35.7408], [138.5105, 35.7381], [138.5116, 35.7357], [138.5112, 35.7326], [138.5121, 35.7315], [138.5115, 35.7308], [138.512, 35.7297], [138.5105, 35.7273], [138.5092, 35.7275], [138.5058, 35.7255], [138.5015, 35.7218], [138.4983, 35.7209], [138.498, 35.7202], [138.4957, 35.7214], [138.4923, 35.7185], [138.4899, 35.715], [138.4865, 35.7127], [138.4839, 35.71], [138.4831, 35.7139], [138.4815, 35.7134], [138.4829, 35.714], [138.4818, 35.7154], [138.4825, 35.7159], [138.4815, 35.7157], [138.4822, 35.7176], [138.4815, 35.7177], [138.482, 35.7186], [138.4809, 35.7197], [138.48, 35.7176], [138.4788, 35.717], [138.4746, 35.7186], [138.4707, 35.7134], [138.4686, 35.7122], [138.4691, 35.7106], [138.466, 35.7039], [138.4678, 35.6988], [138.4722, 35.6915], [138.4689, 35.6898], [138.4729, 35.6872], [138.4799, 35.68], [138.4856, 35.6767], [138.4914, 35.6759], [138.4969, 35.6728], [138.4998, 35.6648], [138.5031, 35.6522], [138.5056, 35.6338], [138.5097, 35.6335], [138.5111, 35.6339], [138.5112, 35.633], [138.5128, 35.6332], [138.5129, 35.6327], [138.5152, 35.6328], [138.5214, 35.6311], [138.5242, 35.6311], [138.5271, 35.6289], [138.5298, 35.63], [138.5285, 35.6323], [138.5347, 35.6316], [138.5334, 35.6319], [138.5311, 35.634], [138.5278, 35.638], [138.5303, 35.6396], [138.5325, 35.642], [138.5348, 35.643], [138.5355, 35.646], [138.5374, 35.6453], [138.5382, 35.647], [138.5388, 35.6468], [138.5358, 35.6498], [138.5328, 35.6509], [138.5322, 35.6525], [138.5329, 35.6527], [138.5329, 35.6536], [138.5335, 35.6535], [138.5331, 35.6544], [138.5336, 35.6547], [138.5361, 35.6535], [138.5361, 35.654], [138.5386, 35.6541], [138.5367, 35.6552], [138.5372, 35.6558], [138.5359, 35.6557], [138.536, 35.6565], [138.5349, 35.6572], [138.5344, 35.6568], [138.5343, 35.6575], [138.5352, 35.6576], [138.5363, 35.6566], [138.5382, 35.6565], [138.5365, 35.6568], [138.536, 35.6572], [138.537, 35.6574], [138.5333, 35.6591], [138.5305, 35.6639], [138.5317, 35.6665], [138.5328, 35.6667], [138.5324, 35.668], [138.5333, 35.6687], [138.5325, 35.6699], [138.5334, 35.6702], [138.5331, 35.6709], [138.5338, 35.6711], [138.534, 35.6722], [138.5364, 35.6721], [138.5365, 35.6725], [138.5358, 35.6758], [138.5335, 35.6769], [138.5331, 35.6789], [138.5359, 35.679], [138.5356, 35.68], [138.5362, 35.6802], [138.5314, 35.6887], [138.5284, 35.6924], [138.5273, 35.6927], [138.5268, 35.6943], [138.5236, 35.6964], [138.5241, 35.6991], [138.5232, 35.7016], [138.5252, 35.7049], [138.5243, 35.7072], [138.5257, 35.7079], [138.5282, 35.7074], [138.5292, 35.7086], [138.5307, 35.7091], [138.5318, 35.7114], [138.5345, 35.7124], [138.5356, 35.7143], [138.5411, 35.7142], [138.5421, 35.7137], [138.5419, 35.7145], [138.5441, 35.7159], [138.5441, 35.7186], [138.5452, 35.7211], [138.5462, 35.7215], [138.5489, 35.7208], [138.5497, 35.7215], [138.5502, 35.7235], [138.5486, 35.7246], [138.5485, 35.7256], [138.5528, 35.7286], [138.5524, 35.7302], [138.5549, 35.7301], [138.5615, 35.7332], [138.5612, 35.7346], [138.5597, 35.7349], [138.56, 35.7359], [138.5618, 35.7363], [138.563, 35.7357], [138.5642, 35.7381], [138.564, 35.7393], [138.5658, 35.7402], [138.5639, 35.7431], [138.5625, 35.744], [138.5625, 35.7452], [138.5612, 35.7471], [138.5562, 35.748], [138.5538, 35.749], [138.5533, 35.7536], [138.5577, 35.7569], [138.5557, 35.7577], [138.5557, 35.7594], [138.5477, 35.7591], [138.5475, 35.7603], [138.5447, 35.7596], [138.5428, 35.7603], [138.5415, 35.7623], [138.5406, 35.7657], [138.5411, 35.7698], [138.5402, 35.7727], [138.5443, 35.7799], [138.5455, 35.7866], [138.5504, 35.7916], [138.5496, 35.7942], [138.5481, 35.7954], [138.5473, 35.7971], [138.5486, 35.798], [138.5482, 35.8004]]]}, "properties": {"name": "山梨県甲斐市"}}, {"type": "Feature", "geometry": {"type": "MultiPolygon", "coordinates": [[[[138.6504, 35.5163], [138.6634, 35.5177], [138.6737, 35.5205], [138.6772, 35.52], [138.6796, 35.5213], [138.6803, 35.5231], [138.6831, 35.5239], [138.6841, 35.5278], [138.6904, 35.53], [138.6931, 35.532], [138.694, 35.5337], [138.696, 35.5347], [138.6981, 35.5354], [138.7018, 35.5351], [138.7074, 35.5371], [138.7082, 35.538], [138.7148, 35.539], [138.7196, 35.5411], [138.7231, 35.5416], [138.7267, 35.5432], [138.7284, 35.5452], [138.7349, 35.5477], [138.7379, 35.5475], [138.7441, 35.5513], [138.7469, 35.5512], [138.7529, 35.5534], [138.7593, 35.5536], [138.7632, 35.556], [138.7653, 35.5592], [138.7685, 35.5605], [138.7697, 35.5607], [138.7728, 35.5588], [138.7751, 35.5595], [138.7781, 35.5595], [138.7827, 35.5582], [138.7916, 35.5605], [138.7916, 35.5629], [138.7908, 35.5643], [138.7917, 35.565], [138.7934, 35.5697], [138.7868, 35.5747], [138.7888, 35.5803], [138.7859, 35.5826], [138.7852, 35.5853], [138.7787, 35.5842], [138.7727, 35.5866], [138.7727, 35.5892], [138.774, 35.591], [138.7742, 35.593], [138.7712, 35.5966], [138.7714, 35.5997], [138.7692, 35.6009], [138.7671, 35.6053], [138.7665, 35.606], [138.7674, 35.6089], [138.7672, 35.6152], [138.7663, 35.6176], [138.7666, 35.6188], [138.7648, 35.6228], [138.7617, 35.6221], [138.7579, 35.6202], [138.7553, 35.6206], [138.7538, 35.6215], [138.753, 35.6198], [138.7513, 35.6223], [138.7515, 35.6244], [138.7506, 35.6251], [138.7487, 35.625], [138.7444, 35.6267], [138.7412, 35.6268], [138.7431, 35.6286], [138.7401, 35.631], [138.7401, 35.6319], [138.7387, 35.6334], [138.7385, 35.6362], [138.7315, 35.6371], [138.7293, 35.6385], [138.7268, 35.6366], [138.7274, 35.6391], [138.7253, 35.6401], [138.7233, 35.6393], [138.7238, 35.6383], [138.7221, 35.6394], [138.7198, 35.645], [138.7178, 35.6481], [138.7169, 35.6476], [138.7167, 35.6482], [138.716, 35.6482], [138.7167, 35.6472], [138.7168, 35.6448], [138.7204, 35.6411], [138.7198, 35.6405], [138.7185, 35.6413], [138.7175, 35.6434], [138.7109, 35.6469], [138.7118, 35.6487], [138.7098, 35.6504], [138.7109, 35.6511], [138.7133, 35.6498], [138.7133, 35.6508], [138.714, 35.6504], [138.7134, 35.6498], [138.7153, 35.6485], [138.713, 35.6527], [138.7118, 35.6525], [138.7124, 35.6533], [138.7131, 35.6526], [138.7138, 35.6528], [138.7133, 35.6546], [138.712, 35.655], [138.7125, 35.6555], [138.7134, 35.6549], [138.7142, 35.6575], [138.7145, 35.6594], [138.7139, 35.6598], [138.7148, 35.6614], [138.7143, 35.6628], [138.7078, 35.6631], [138.6952, 35.6631], [138.6866, 35.6611], [138.6821, 35.6606], [138.6794, 35.6607], [138.6714, 35.6625], [138.6677, 35.6617], [138.6657, 35.6622], [138.6717, 35.6741], [138.668, 35.6747], [138.6617, 35.6776], [138.6612, 35.6764], [138.6606, 35.6771], [138.6561, 35.6786], [138.656, 35.6796], [138.6549, 35.6808], [138.6522, 35.6782], [138.6516, 35.6789], [138.6527, 35.6811], [138.6463, 35.6821], [138.6428, 35.6848], [138.6446, 35.6866], [138.6479, 35.6879], [138.6481, 35.6893], [138.6468, 35.6892], [138.6419, 35.6912], [138.641, 35.6931], [138.6374, 35.6952], [138.6349, 35.6981], [138.632, 35.6991], [138.6294, 35.701], [138.6271, 35.7039], [138.6268, 35.7057], [138.6242, 35.7078], [138.6242, 35.7091], [138.6261, 35.7099], [138.6312, 35.7099], [138.6333, 35.7129], [138.6295, 35.7142], [138.6168, 35.7115], [138.6166, 35.7105], [138.6176, 35.7094], [138.618, 35.7076], [138.6174, 35.7066], [138.6203, 35.7044], [138.6203, 35.7027], [138.6234, 35.7004], [138.6243, 35.6987], [138.6209, 35.6951], [138.6226, 35.6925], [138.612, 35.6928], [138.6092, 35.6911], [138.6103, 35.6906], [138.6121, 35.6878], [138.6138, 35.6873], [138.6171, 35.6825], [138.6194, 35.6809], [138.6189, 35.677], [138.6224, 35.6706], [138.6264, 35.6686], [138.6276, 35.6636], [138.6278, 35.659], [138.6229, 35.6605], [138.6222, 35.6578], [138.6295, 35.6568], [138.6312, 35.6571], [138.6305, 35.6558], [138.6308, 35.654], [138.6319, 35.6532], [138.6335, 35.6533], [138.6341, 35.654], [138.6356, 35.654], [138.6356, 35.6535], [138.6322, 35.6507], [138.6217, 35.6469], [138.6166, 35.6433], [138.61, 35.6409], [138.6068, 35.6378], [138.6005, 35.6365], [138.5986, 35.6346], [138.5975, 35.6321], [138.5988, 35.6279], [138.5973, 35.6278], [138.5985, 35.623], [138.5946, 35.6163], [138.5981, 35.6161], [138.5987, 35.618], [138.6016, 35.6175], [138.6027, 35.6182], [138.6042, 35.6165], [138.6057, 35.6168], [138.6074, 35.6182], [138.6079, 35.6176], [138.6075, 35.614], [138.6061, 35.6104], [138.607, 35.607], [138.6087, 35.605], [138.6084, 35.6034], [138.6048, 35.6028], [138.6031, 35.6014], [138.6014, 35.6013], [138.6001, 35.5998], [138.5989, 35.6], [138.5982, 35.5986], [138.5973, 35.5984], [138.5972, 35.5971], [138.5963, 35.5977], [138.5934, 35.5964], [138.5921, 35.5965], [138.5923, 35.5927], [138.591, 35.592], [138.5879, 35.5957], [138.5875, 35.5949], [138.5856, 35.5948], [138.585, 35.594], [138.5851, 35.5901], [138.5905, 35.5881], [138.5928, 35.585], [138.5932, 35.5854], [138.5947, 35.584], [138.5946, 35.5833], [138.5959, 35.5824], [138.5967, 35.5826], [138.5981, 35.5808], [138.6031, 35.5795], [138.6051, 35.5777], [138.6066, 35.5785], [138.6114, 35.5784], [138.6134, 35.5765], [138.6169, 35.5754], [138.6181, 35.5734], [138.6175, 35.5719], [138.6192, 35.5706], [138.6194, 35.5677], [138.6211, 35.565], [138.6245, 35.5616], [138.6239, 35.5576], [138.6246, 35.557], [138.6216, 35.5531], [138.6211, 35.5514], [138.6195, 35.551], [138.6185, 35.5495], [138.6161, 35.5487], [138.6181, 35.5473], [138.6208, 35.5468], [138.6219, 35.5457], [138.6253, 35.5446], [138.6309, 35.5391], [138.6319, 35.5349], [138.6364, 35.5352], [138.6389, 35.5346], [138.64, 35.5337], [138.6422, 35.5262], [138.6493, 35.5221], [138.6503, 35.5207], [138.6504, 35.5163]], [[138.6508, 35.6772], [138.6512, 35.678], [138.6523, 35.6775], [138.6514, 35.6768], [138.6508, 35.6772]], [[138.7117, 35.6511], [138.7119, 35.652], [138.7127, 35.6514], [138.7122, 35.6506], [138.7117, 35.6511]]], [[[138.6432, 35.7047], [138.6466, 35.7024], [138.6457, 35.7018], [138.645, 35.702], [138.6451, 35.7014], [138.6478, 35.6992], [138.649, 35.7007], [138.6484, 35.7009], [138.6489, 35.7022], [138.6472, 35.7029], [138.6466, 35.7045], [138.6418, 35.7062], [138.6432, 35.7047]]], [[[138.6315, 35.7037], [138.6335, 35.7027], [138.635, 35.6998], [138.6381, 35.6967], [138.6395, 35.6983], [138.632, 35.7058], [138.6315, 35.7037]]], [[[138.6477, 35.6948], [138.6466, 35.6962], [138.6445, 35.6963], [138.6434, 35.6957], [138.6443, 35.694], [138.6474, 35.6912], [138.6484, 35.6921], [138.6484, 35.6936], [138.6491, 35.6943], [138.6477, 35.6948]]]]}, "properties": {"name": "山梨県笛吹市"}}, {"type": "Feature", "geometry": {"type": "Polygon", "coordinates": [[[139.0246, 35.5444], [139.0257, 35.5432], [139.0306, 35.5443], [139.0318, 35.5438], [139.0345, 35.5448], [139.0392, 35.5448], [139.041, 35.5455], [139.0456, 35.5447], [139.0569, 35.5472], [139.0593, 35.5458], [139.0633, 35.5459], [139.0655, 35.5451], [139.0727, 35.5466], [139.0784, 35.5488], [139.0851, 35.5483], [139.0887, 35.5441], [139.0906, 35.5438], [139.0937, 35.5446], [139.095, 35.5443], [139.0964, 35.5457], [139.1014, 35.546], [139.1063, 35.5487], [139.1094, 35.5494], [139.1104, 35.5491], [139.1122, 35.5499], [139.1169, 35.5551], [139.1207, 35.5559], [139.1231, 35.5577], [139.1246, 35.5603], [139.1285, 35.5628], [139.1297, 35.5659], [139.1286, 35.5681], [139.1288, 35.5701], [139.127, 35.5717], [139.1282, 35.5755], [139.1271, 35.5777], [139.1277, 35.581], [139.1241, 35.5818], [139.1245, 35.5828], [139.1264, 35.5832], [139.1267, 35.5838], [139.1238, 35.5844], [139.1223, 35.5838], [139.1223, 35.5862], [139.1214, 35.587], [139.1222, 35.589], [139.1248, 35.5921], [139.1287, 35.594], [139.1292, 35.5981], [139.1304, 35.5989], [139.1317, 35.6017], [139.1321, 35.6049], [139.1316, 35.6056], [139.1326, 35.6058], [139.1332, 35.6073], [139.1327, 35.6088], [139.1277, 35.6131], [139.133, 35.6155], [139.1345, 35.6168], [139.1325, 35.6184], [139.1299, 35.6179], [139.1305, 35.6193], [139.129, 35.6195], [139.1278, 35.6208], [139.1265, 35.621], [139.1266, 35.622], [139.1255, 35.622], [139.1264, 35.6234], [139.1257, 35.6233], [139.1253, 35.6243], [139.1235, 35.624], [139.123, 35.6261], [139.1238, 35.6277], [139.1242, 35.6308], [139.1234, 35.632], [139.124, 35.6323], [139.1233, 35.6327], [139.1243, 35.6337], [139.1239, 35.6346], [139.1252, 35.6355], [139.1257, 35.6391], [139.1272, 35.64], [139.1269, 35.6411], [139.1278, 35.6414], [139.1271, 35.6415], [139.127, 35.6422], [139.1261, 35.642], [139.1263, 35.6438], [139.1254, 35.6439], [139.1256, 35.6447], [139.1244, 35.6457], [139.1245, 35.6463], [139.1237, 35.6462], [139.1235, 35.6471], [139.1225, 35.6469], [139.1215, 35.6479], [139.1218, 35.6488], [139.1193, 35.6511], [139.1191, 35.6524], [139.1174, 35.6535], [139.117, 35.6546], [139.12, 35.6576], [139.1198, 35.6604], [139.1239, 35.663], [139.1249, 35.6653], [139.127, 35.667], [139.1299, 35.6674], [139.1307, 35.669], [139.1307, 35.6727], [139.1279, 35.676], [139.1247, 35.6777], [139.1234, 35.6774], [139.1195, 35.6802], [139.1165, 35.6837], [139.1131, 35.6846], [139.1076, 35.6903], [139.0974, 35.6926], [139.0957, 35.6911], [139.093, 35.6918], [139.0923, 35.6905], [139.0874, 35.6921], [139.0858, 35.6933], [139.0845, 35.6933], [139.0821, 35.6958], [139.0779, 35.6959], [139.076, 35.695], [139.0746, 35.6958], [139.0723, 35.6955], [139.0709, 35.6977], [139.0668, 35.6987], [139.0651, 35.6981], [139.0619, 35.7014], [139.0521, 35.705], [139.0508, 35.7078], [139.0482, 35.7084], [139.0474, 35.7095], [139.0436, 35.7096], [139.0383, 35.7119], [139.0345, 35.7153], [139.0322, 35.7163], [139.0298, 35.7165], [139.0249, 35.7198], [139.0223, 35.7224], [139.0216, 35.7264], [139.0186, 35.7299], [139.0181, 35.7313], [139.016, 35.7333], [139.015, 35.7334], [139.0119, 35.7391], [139.0094, 35.7378], [139.009, 35.7361], [139.0068, 35.7331], [139.001, 35.7277], [138.9996, 35.7242], [138.9954, 35.7213], [138.9948, 35.7189], [138.9931, 35.7182], [138.9919, 35.7166], [138.9919, 35.7137], [138.9896, 35.7136], [138.9863, 35.7146], [138.9843, 35.7134], [138.9774, 35.7143], [138.9753, 35.7131], [138.9714, 35.7123], [138.9675, 35.7088], [138.9683, 35.7072], [138.9682, 35.7043], [138.9726, 35.7009], [138.9741, 35.7005], [138.9764, 35.7009], [138.978, 35.7002], [138.9807, 35.697], [138.9803, 35.6928], [138.9818, 35.6918], [138.9832, 35.6892], [138.9887, 35.6859], [138.993, 35.6842], [138.9946, 35.6816], [138.9928, 35.6752], [138.9939, 35.6742], [138.9958, 35.6737], [138.9974, 35.6717], [138.9985, 35.6717], [139.0001, 35.6703], [139.0059, 35.6693], [139.0089, 35.6678], [139.0123, 35.6671], [139.0203, 35.6668], [139.0224, 35.6626], [139.0223, 35.6616], [139.0253, 35.6542], [139.0253, 35.6522], [139.0246, 35.6507], [139.0227, 35.6503], [139.0228, 35.649], [139.0215, 35.6467], [139.0187, 35.6447], [139.0176, 35.6413], [139.0139, 35.6371], [139.0165, 35.6348], [139.0196, 35.6343], [139.0213, 35.6323], [139.0209, 35.63], [139.023, 35.625], [139.0234, 35.623], [139.0224, 35.6224], [139.0235, 35.6209], [139.0232, 35.619], [139.0243, 35.6182], [139.0243, 35.6174], [139.025, 35.6166], [139.0268, 35.6168], [139.0278, 35.6158], [139.0304, 35.6162], [139.033, 35.6155], [139.035, 35.6141], [139.038, 35.6135], [139.0388, 35.6128], [139.0413, 35.6133], [139.0444, 35.6118], [139.0564, 35.6165], [139.0589, 35.6169], [139.0613, 35.6162], [139.0624, 35.6167], [139.0638, 35.6153], [139.0636, 35.6124], [139.0647, 35.6119], [139.064, 35.6109], [139.0653, 35.6075], [139.064, 35.606], [139.0664, 35.6041], [139.0671, 35.6019], [139.0645, 35.5991], [139.066, 35.5863], [139.0628, 35.5833], [139.0594, 35.585], [139.0551, 35.5856], [139.0497, 35.5855], [139.0489, 35.5847], [139.0458, 35.5845], [139.0436, 35.5832], [139.0399, 35.5845], [139.0375, 35.5839], [139.0348, 35.5845], [139.0336, 35.5832], [139.0306, 35.5826], [139.0254, 35.5805], [139.0218, 35.5815], [139.0195, 35.5839], [139.0187, 35.5837], [139.018, 35.5826], [139.0153, 35.5818], [139.0141, 35.5795], [139.0051, 35.5789], [139.0051, 35.5763], [139.0073, 35.572], [139.0058, 35.5691], [139.0067, 35.5682], [139.0083, 35.5681], [139.0094, 35.5668], [139.0115, 35.5664], [139.0138, 35.564], [139.0155, 35.5636], [139.0177, 35.5617], [139.0179, 35.5592], [139.0173, 35.558], [139.0188, 35.5567], [139.0185, 35.5543], [139.0233, 35.5519], [139.0274, 35.5524], [139.0278, 35.55], [139.0246, 35.5444]]]}, "properties": {"name": "山梨県上野原市"}}, {"type": "Feature", "geometry": {"type": "MultiPolygon", "coordinates": [[[[138.7078, 35.6631], [138.7143, 35.6628], [138.7148, 35.6614], [138.7139, 35.6598], [138.7145, 35.6594], [138.7142, 35.6575], [138.7134, 35.6549], [138.7125, 35.6555], [138.712, 35.655], [138.7133, 35.6546], [138.7138, 35.6528], [138.7131, 35.6526], [138.7124, 35.6533], [138.7118, 35.6525], [138.713, 35.6527], [138.7153, 35.6485], [138.7134, 35.6498], [138.714, 35.6504], [138.7133, 35.6508], [138.7133, 35.6498], [138.7109, 35.6511], [138.7098, 35.6504], [138.7118, 35.6487], [138.7109, 35.6469], [138.7175, 35.6434], [138.7185, 35.6413], [138.7198, 35.6405], [138.7204, 35.6411], [138.7168, 35.6448], [138.7167, 35.6472], [138.716, 35.6482], [138.7167, 35.6482], [138.7169, 35.6476], [138.7178, 35.6481], [138.7198, 35.645], [138.7221, 35.6394], [138.7238, 35.6383], [138.7233, 35.6393], [138.7253, 35.6401], [138.7274, 35.6391], [138.7268, 35.6366], [138.7293, 35.6385], [138.7315, 35.6371], [138.7385, 35.6362], [138.7387, 35.6334], [138.7401, 35.6319], [138.7401, 35.631], [138.7431, 35.6286], [138.7412, 35.6268], [138.7444, 35.6267], [138.7487, 35.625], [138.7506, 35.6251], [138.7515, 35.6244], [138.7513, 35.6223], [138.753, 35.6198], [138.7538, 35.6215], [138.7553, 35.6206], [138.7579, 35.6202], [138.7617, 35.6221], [138.7648, 35.6228], [138.7666, 35.6188], [138.7663, 35.6176], [138.7672, 35.6152], [138.7674, 35.6089], [138.7665, 35.606], [138.7671, 35.6053], [138.7688, 35.6052], [138.7706, 35.6061], [138.7724, 35.6052], [138.7754, 35.605], [138.7762, 35.6059], [138.7757, 35.6072], [138.7762, 35.6085], [138.7792, 35.6095], [138.7795, 35.6119], [138.7816, 35.6154], [138.7856, 35.6176], [138.7877, 35.6179], [138.7907, 35.6172], [138.794, 35.6173], [138.7945, 35.6186], [138.7974, 35.6192], [138.7985, 35.6203], [138.8008, 35.6205], [138.8034, 35.6233], [138.8064, 35.6231], [138.8115, 35.6214], [138.8144, 35.6221], [138.8195, 35.6293], [138.8226, 35.6304], [138.8298, 35.629], [138.8319, 35.6332], [138.8316, 35.6351], [138.8348, 35.6356], [138.8406, 35.6403], [138.8448, 35.6405], [138.8461, 35.6419], [138.8467, 35.646], [138.8511, 35.6498], [138.8508, 35.6523], [138.8496, 35.6527], [138.8484, 35.6552], [138.849, 35.6589], [138.8505, 35.6608], [138.8485, 35.6639], [138.8487, 35.666], [138.8474, 35.6689], [138.8473, 35.6731], [138.8499, 35.6768], [138.8503, 35.6794], [138.8534, 35.6824], [138.8576, 35.6835], [138.8586, 35.6857], [138.8581, 35.6869], [138.8597, 35.6884], [138.8582, 35.6918], [138.8585, 35.6944], [138.8574, 35.6974], [138.8563, 35.698], [138.8564, 35.6992], [138.8551, 35.7017], [138.8561, 35.7051], [138.8569, 35.7058], [138.8562, 35.7098], [138.8568, 35.713], [138.8554, 35.7141], [138.8552, 35.7155], [138.8564, 35.7169], [138.856, 35.7196], [138.8572, 35.7231], [138.8584, 35.7239], [138.8584, 35.7253], [138.8597, 35.7262], [138.8595, 35.7308], [138.8541, 35.7334], [138.8533, 35.7362], [138.8512, 35.7387], [138.8524, 35.7409], [138.8482, 35.745], [138.8457, 35.7466], [138.8453, 35.749], [138.842, 35.7497], [138.839, 35.7514], [138.8375, 35.7514], [138.8354, 35.7532], [138.8332, 35.7525], [138.8299, 35.7547], [138.8279, 35.7552], [138.8262, 35.7585], [138.819, 35.7657], [138.8185, 35.769], [138.8197, 35.7715], [138.8174, 35.7751], [138.8162, 35.7756], [138.8174, 35.7767], [138.8198, 35.777], [138.8264, 35.7774], [138.8294, 35.7769], [138.8308, 35.7775], [138.8329, 35.7767], [138.8385, 35.7767], [138.8408, 35.7777], [138.846, 35.7759], [138.8478, 35.7774], [138.8515, 35.7773], [138.8531, 35.7788], [138.8546, 35.7785], [138.8573, 35.7795], [138.8627, 35.7794], [138.8656, 35.7823], [138.868, 35.783], [138.8678, 35.7841], [138.8686, 35.7853], [138.8669, 35.7864], [138.8667, 35.7878], [138.8674, 35.7888], [138.8692, 35.7896], [138.8686, 35.7916], [138.8699, 35.7921], [138.8696, 35.7948], [138.8658, 35.7953], [138.8651, 35.7995], [138.8633, 35.7999], [138.8628, 35.8024], [138.8636, 35.8063], [138.8625, 35.8064], [138.8609, 35.8055], [138.8584, 35.8069], [138.8569, 35.8067], [138.8562, 35.8085], [138.8551, 35.8085], [138.8553, 35.8095], [138.8563, 35.81], [138.8559, 35.8109], [138.8574, 35.8108], [138.8588, 35.8122], [138.8579, 35.8136], [138.8584, 35.815], [138.8596, 35.815], [138.8599, 35.8166], [138.8578, 35.8173], [138.8589, 35.8191], [138.8563, 35.8187], [138.856, 35.8202], [138.855, 35.8202], [138.8533, 35.822], [138.8516, 35.8224], [138.8511, 35.8241], [138.8522, 35.8262], [138.8519, 35.828], [138.8529, 35.8287], [138.8586, 35.8308], [138.8594, 35.8315], [138.8611, 35.8317], [138.8602, 35.8352], [138.8653, 35.841], [138.8653, 35.8426], [138.8629, 35.8444], [138.864, 35.846], [138.8624, 35.8472], [138.8643, 35.8554], [138.8625, 35.859], [138.8608, 35.8577], [138.859, 35.8576], [138.857, 35.8603], [138.8569, 35.865], [138.8458, 35.8676], [138.8408, 35.865], [138.838, 35.8648], [138.8344, 35.8627], [138.8309, 35.8636], [138.8307, 35.8651], [138.8285, 35.8663], [138.826, 35.8659], [138.8249, 35.8663], [138.8222, 35.8653], [138.819, 35.8658], [138.8136, 35.8623], [138.8097, 35.859], [138.8081, 35.8563], [138.8054, 35.8542], [138.8043, 35.8518], [138.8045, 35.8495], [138.8054, 35.8482], [138.8038, 35.8451], [138.8028, 35.8451], [138.8033, 35.8418], [138.8026, 35.8406], [138.8009, 35.8404], [138.7991, 35.8409], [138.7969, 35.8394], [138.7968, 35.8375], [138.7922, 35.8365], [138.7892, 35.8351], [138.7879, 35.8329], [138.7877, 35.8304], [138.7866, 35.8301], [138.7865, 35.828], [138.7847, 35.8258], [138.7869, 35.8216], [138.7861, 35.8203], [138.7868, 35.8182], [138.7865, 35.8174], [138.7842, 35.8166], [138.785, 35.8124], [138.7831, 35.8115], [138.7839, 35.8096], [138.7862, 35.8084], [138.7844, 35.8039], [138.786, 35.798], [138.7846, 35.7969], [138.786, 35.7951], [138.7845, 35.7938], [138.7854, 35.791], [138.7865, 35.7905], [138.7849, 35.7888], [138.7869, 35.7869], [138.7838, 35.7857], [138.7783, 35.7861], [138.7765, 35.7866], [138.774, 35.7888], [138.7709, 35.7903], [138.7612, 35.7903], [138.7593, 35.7886], [138.7543, 35.7882], [138.7521, 35.7888], [138.7477, 35.7885], [138.7462, 35.7891], [138.7403, 35.7889], [138.7433, 35.7868], [138.7418, 35.7858], [138.7421, 35.7853], [138.7394, 35.7838], [138.74, 35.7814], [138.741, 35.7806], [138.7412, 35.779], [138.7403, 35.7783], [138.7404, 35.7776], [138.7446, 35.7783], [138.7454, 35.7773], [138.745, 35.7763], [138.7461, 35.7759], [138.7442, 35.7732], [138.7431, 35.773], [138.7438, 35.7704], [138.7432, 35.7682], [138.7419, 35.767], [138.7418, 35.7641], [138.7402, 35.7627], [138.7401, 35.7614], [138.7376, 35.7607], [138.7368, 35.7551], [138.7353, 35.756], [138.7325, 35.7594], [138.7312, 35.7586], [138.7323, 35.7574], [138.7305, 35.7569], [138.73, 35.7557], [138.7287, 35.7561], [138.727, 35.7539], [138.7246, 35.7539], [138.7219, 35.7518], [138.7208, 35.7485], [138.7216, 35.745], [138.7205, 35.7421], [138.7169, 35.7396], [138.7172, 35.7392], [138.7141, 35.7357], [138.7105, 35.7341], [138.7102, 35.7299], [138.7118, 35.7274], [138.71, 35.7265], [138.7101, 35.7258], [138.709, 35.7253], [138.7077, 35.7233], [138.7063, 35.7227], [138.7067, 35.7215], [138.7059, 35.7192], [138.706, 35.717], [138.702, 35.7122], [138.7038, 35.7111], [138.7068, 35.7109], [138.7061, 35.7094], [138.7068, 35.7088], [138.7059, 35.7072], [138.7085, 35.707], [138.7098, 35.7064], [138.711, 35.709], [138.7135, 35.7085], [138.7109, 35.6978], [138.7118, 35.6979], [138.7112, 35.6949], [138.7131, 35.6943], [138.712, 35.6909], [138.7171, 35.6895], [138.7155, 35.6856], [138.7127, 35.6845], [138.7131, 35.6842], [138.7005, 35.6753], [138.7003, 35.6728], [138.7037, 35.6722], [138.7035, 35.6712], [138.707, 35.6707], [138.7079, 35.6699], [138.7068, 35.6698], [138.7065, 35.6689], [138.7082, 35.6682], [138.7073, 35.667], [138.7085, 35.6661], [138.7078, 35.6631]]], [[[138.7117, 35.6511], [138.7122, 35.6506], [138.7127, 35.6514], [138.7119, 35.652], [138.7117, 35.6511]]]]}, "properties": {"name": "山梨県甲州市"}}, {"type": "Feature", "geometry": {"type": "Polygon", "coordinates": [[[138.5539, 35.6172], [138.5454, 35.6168], [138.5446, 35.617], [138.5435, 35.6187], [138.5354, 35.6182], [138.5333, 35.6169], [138.5352, 35.6126], [138.5346, 35.6121], [138.5346, 35.6082], [138.5319, 35.6097], [138.5314, 35.6093], [138.5283, 35.6092], [138.5264, 35.614], [138.5243, 35.6144], [138.525, 35.6115], [138.5246, 35.6106], [138.5237, 35.61], [138.5206, 35.6099], [138.5187, 35.6138], [138.5181, 35.6138], [138.5177, 35.619], [138.5159, 35.6235], [138.5111, 35.6233], [138.5098, 35.6228], [138.5068, 35.6228], [138.5068, 35.6098], [138.5095, 35.6026], [138.5101, 35.5989], [138.5088, 35.5926], [138.5036, 35.5841], [138.5019, 35.5849], [138.5002, 35.5835], [138.4967, 35.5776], [138.4975, 35.5765], [138.4958, 35.574], [138.4977, 35.5718], [138.502, 35.574], [138.5046, 35.5746], [138.5129, 35.5744], [138.5167, 35.575], [138.5201, 35.5731], [138.5198, 35.5728], [138.5231, 35.5724], [138.5241, 35.5732], [138.5253, 35.5759], [138.5244, 35.5772], [138.5338, 35.5831], [138.5366, 35.5807], [138.5398, 35.5801], [138.5388, 35.5787], [138.5401, 35.5784], [138.5417, 35.5768], [138.5431, 35.5772], [138.5442, 35.5766], [138.547, 35.5788], [138.5465, 35.578], [138.5468, 35.5746], [138.5449, 35.5732], [138.5432, 35.5708], [138.544, 35.5688], [138.5399, 35.567], [138.5393, 35.5654], [138.541, 35.563], [138.5414, 35.5608], [138.5402, 35.5594], [138.5405, 35.5574], [138.5373, 35.555], [138.5394, 35.554], [138.541, 35.5518], [138.5472, 35.5513], [138.5499, 35.5499], [138.5544, 35.5487], [138.5549, 35.548], [138.5606, 35.5463], [138.5661, 35.5469], [138.5671, 35.5453], [138.569, 35.5467], [138.5735, 35.5461], [138.5739, 35.5468], [138.5731, 35.5488], [138.5742, 35.5505], [138.5791, 35.5506], [138.5811, 35.5514], [138.5837, 35.5516], [138.5841, 35.5578], [138.5801, 35.5582], [138.5789, 35.5591], [138.5787, 35.5616], [138.5794, 35.5627], [138.5755, 35.568], [138.5753, 35.5699], [138.5762, 35.5708], [138.5754, 35.5713], [138.575, 35.5735], [138.572, 35.5747], [138.5723, 35.5756], [138.5701, 35.5768], [138.5703, 35.5783], [138.5695, 35.5781], [138.5679, 35.5794], [138.567, 35.579], [138.5662, 35.5794], [138.5665, 35.5798], [138.5641, 35.5804], [138.563, 35.5814], [138.5606, 35.5816], [138.5597, 35.5827], [138.5598, 35.5838], [138.5625, 35.5859], [138.5628, 35.5901], [138.5626, 35.5913], [138.5604, 35.5926], [138.5596, 35.5917], [138.556, 35.5924], [138.5578, 35.5945], [138.5582, 35.5962], [138.5599, 35.5974], [138.5602, 35.5987], [138.5592, 35.6001], [138.5596, 35.6032], [138.559, 35.6059], [138.5577, 35.6058], [138.5572, 35.6047], [138.5555, 35.6049], [138.5538, 35.6089], [138.5539, 35.6172]]]}, "properties": {"name": "山梨県中央市"}}, {"type": "Feature", "geometry": {"type": "Polygon", "coordinates": [[[138.5837, 35.5516], [138.5811, 35.5514], [138.5791, 35.5506], [138.5742, 35.5505], [138.5731, 35.5488], [138.5739, 35.5468], [138.5735, 35.5461], [138.569, 35.5467], [138.5671, 35.5453], [138.5661, 35.5469], [138.5606, 35.5463], [138.5549, 35.548], [138.5544, 35.5487], [138.5499, 35.5499], [138.5472, 35.5513], [138.541, 35.5518], [138.5394, 35.554], [138.5373, 35.555], [138.5405, 35.5574], [138.5402, 35.5594], [138.5414, 35.5608], [138.541, 35.563], [138.5393, 35.5654], [138.5399, 35.567], [138.544, 35.5688], [138.5432, 35.5708], [138.5449, 35.5732], [138.5468, 35.5746], [138.5465, 35.578], [138.547, 35.5788], [138.5442, 35.5766], [138.5431, 35.5772], [138.5417, 35.5768], [138.5401, 35.5784], [138.5388, 35.5787], [138.5398, 35.5801], [138.5366, 35.5807], [138.5338, 35.5831], [138.5244, 35.5772], [138.5253, 35.5759], [138.5241, 35.5732], [138.5231, 35.5724], [138.5198, 35.5728], [138.5201, 35.5731], [138.5167, 35.575], [138.5129, 35.5744], [138.5046, 35.5746], [138.502, 35.574], [138.4977, 35.5718], [138.4958, 35.574], [138.4925, 35.5719], [138.4817, 35.5672], [138.4779, 35.5627], [138.4744, 35.5533], [138.47, 35.5473], [138.4657, 35.5428], [138.4671, 35.5407], [138.4674, 35.5411], [138.4694, 35.5408], [138.4696, 35.5403], [138.4696, 35.5411], [138.4705, 35.5415], [138.4705, 35.5409], [138.4698, 35.5402], [138.4692, 35.5402], [138.4687, 35.5397], [138.4675, 35.5397], [138.467, 35.5404], [138.4659, 35.5397], [138.4665, 35.5391], [138.4672, 35.5354], [138.4656, 35.5353], [138.4642, 35.5365], [138.4597, 35.5361], [138.4585, 35.5386], [138.4533, 35.5367], [138.4514, 35.5334], [138.4508, 35.5282], [138.4518, 35.5243], [138.4533, 35.5216], [138.4555, 35.5228], [138.4595, 35.5199], [138.4651, 35.5205], [138.4684, 35.519], [138.4696, 35.5177], [138.4675, 35.516], [138.4679, 35.512], [138.4656, 35.5102], [138.464, 35.5072], [138.4591, 35.5042], [138.454, 35.5022], [138.4505, 35.5027], [138.4474, 35.5024], [138.4473, 35.4993], [138.4495, 35.4961], [138.4535, 35.4928], [138.4557, 35.4891], [138.4544, 35.4848], [138.4487, 35.4807], [138.4467, 35.4776], [138.4463, 35.4727], [138.4451, 35.4702], [138.4478, 35.4681], [138.4536, 35.4708], [138.4535, 35.4722], [138.4557, 35.4734], [138.4553, 35.4754], [138.4588, 35.4773], [138.4606, 35.4768], [138.4615, 35.4772], [138.4615, 35.4793], [138.4624, 35.4809], [138.4651, 35.4819], [138.4639, 35.4838], [138.4696, 35.4851], [138.4736, 35.4843], [138.4785, 35.4845], [138.4798, 35.4865], [138.4818, 35.4873], [138.4821, 35.489], [138.4845, 35.492], [138.4867, 35.4914], [138.4883, 35.4922], [138.4893, 35.4919], [138.4895, 35.4925], [138.4927, 35.4932], [138.4927, 35.494], [138.4952, 35.495], [138.4969, 35.4944], [138.4989, 35.4982], [138.4971, 35.5026], [138.497, 35.5063], [138.4973, 35.5068], [138.5009, 35.5066], [138.5027, 35.5091], [138.5043, 35.5088], [138.5057, 35.5101], [138.5055, 35.5093], [138.5071, 35.5102], [138.5094, 35.5103], [138.5131, 35.5091], [138.5161, 35.509], [138.5208, 35.5074], [138.5236, 35.5089], [138.5247, 35.513], [138.526, 35.5148], [138.5269, 35.5148], [138.5311, 35.5177], [138.5333, 35.5175], [138.5355, 35.5187], [138.5377, 35.5191], [138.5426, 35.5183], [138.5441, 35.5171], [138.5485, 35.5167], [138.5525, 35.5151], [138.5566, 35.5146], [138.5581, 35.5155], [138.5643, 35.5162], [138.5675, 35.5172], [138.5702, 35.5169], [138.5747, 35.5177], [138.5789, 35.5167], [138.5856, 35.5177], [138.5874, 35.5172], [138.59, 35.5175], [138.5946, 35.5186], [138.5958, 35.5198], [138.5928, 35.5234], [138.5927, 35.5251], [138.5889, 35.528], [138.5888, 35.5309], [138.5899, 35.5323], [138.5893, 35.5345], [138.5899, 35.5368], [138.5941, 35.5397], [138.5952, 35.5427], [138.5965, 35.5431], [138.5965, 35.5453], [138.5954, 35.549], [138.5948, 35.5498], [138.593, 35.5495], [138.5897, 35.5512], [138.5843, 35.5509], [138.5837, 35.5516]]]}, "properties": {"name": "山梨県市川三郷町"}}, {"type": "Feature", "geometry": {"type": "Polygon", "coordinates": [[[138.2284, 35.646], [138.2306, 35.644], [138.2323, 35.6401], [138.232, 35.6373], [138.2305, 35.6354], [138.2298, 35.6326], [138.2292, 35.6278], [138.2283, 35.627], [138.2289, 35.6252], [138.2314, 35.6246], [138.2331, 35.6229], [138.2363, 35.6221], [138.2365, 35.619], [138.234, 35.6149], [138.2359, 35.6143], [138.2364, 35.6127], [138.2352, 35.6074], [138.2358, 35.606], [138.2408, 35.6049], [138.2416, 35.5993], [138.2433, 35.5972], [138.2424, 35.5964], [138.2435, 35.5947], [138.2428, 35.594], [138.2437, 35.5928], [138.2435, 35.5914], [138.2402, 35.5878], [138.2387, 35.5839], [138.2405, 35.5828], [138.2411, 35.5804], [138.2406, 35.5759], [138.2421, 35.5726], [138.2456, 35.57], [138.2443, 35.564], [138.2459, 35.5612], [138.2504, 35.5584], [138.2521, 35.5557], [138.2566, 35.5547], [138.2596, 35.5528], [138.2601, 35.5427], [138.2577, 35.5355], [138.2583, 35.533], [138.2574, 35.5309], [138.2585, 35.5297], [138.261, 35.5295], [138.2623, 35.5274], [138.2638, 35.5268], [138.263, 35.5254], [138.2635, 35.5244], [138.2632, 35.5232], [138.269, 35.5143], [138.2664, 35.5125], [138.2618, 35.5068], [138.2602, 35.5059], [138.2589, 35.4934], [138.2599, 35.4894], [138.2587, 35.4849], [138.2579, 35.4759], [138.2556, 35.4728], [138.2553, 35.4693], [138.2527, 35.4653], [138.2458, 35.4631], [138.2438, 35.4577], [138.2443, 35.4536], [138.2466, 35.4495], [138.248, 35.4484], [138.2484, 35.4469], [138.2556, 35.4446], [138.2554, 35.4407], [138.2574, 35.4379], [138.2596, 35.4316], [138.2591, 35.4291], [138.2597, 35.4239], [138.2578, 35.4148], [138.2584, 35.4118], [138.2583, 35.4073], [138.2553, 35.4055], [138.2536, 35.4052], [138.251, 35.4026], [138.2493, 35.4023], [138.2484, 35.4006], [138.2466, 35.3999], [138.2466, 35.3974], [138.2478, 35.3951], [138.2462, 35.3928], [138.2462, 35.3912], [138.2402, 35.3882], [138.2382, 35.3851], [138.2371, 35.3845], [138.2361, 35.3813], [138.2339, 35.3792], [138.233, 35.3763], [138.2332, 35.3729], [138.2321, 35.3711], [138.2342, 35.3702], [138.2376, 35.3699], [138.243, 35.3659], [138.2444, 35.3657], [138.247, 35.3672], [138.2513, 35.3637], [138.2513, 35.3578], [138.2526, 35.3561], [138.2529, 35.3539], [138.2559, 35.3489], [138.254, 35.3455], [138.2554, 35.3415], [138.2567, 35.3409], [138.2572, 35.3388], [138.2529, 35.3345], [138.2503, 35.3339], [138.2489, 35.3316], [138.2505, 35.3312], [138.252, 35.3296], [138.2516, 35.3257], [138.2539, 35.3253], [138.2551, 35.3242], [138.2545, 35.3213], [138.255, 35.3198], [138.2577, 35.3166], [138.2598, 35.3163], [138.2614, 35.3152], [138.2647, 35.3154], [138.2661, 35.3147], [138.2704, 35.3142], [138.2749, 35.3108], [138.2765, 35.3074], [138.2819, 35.3049], [138.2857, 35.3046], [138.2898, 35.3094], [138.2938, 35.3116], [138.296, 35.3165], [138.3029, 35.3167], [138.3057, 35.318], [138.309, 35.3186], [138.3116, 35.3198], [138.3135, 35.3227], [138.3196, 35.3244], [138.3248, 35.3273], [138.3279, 35.3277], [138.3322, 35.3264], [138.3356, 35.3267], [138.3378, 35.3295], [138.3397, 35.3356], [138.3415, 35.3371], [138.343, 35.3411], [138.3419, 35.3424], [138.3415, 35.3446], [138.3424, 35.3497], [138.3453, 35.3528], [138.3478, 35.3537], [138.3505, 35.3585], [138.3536, 35.3571], [138.3558, 35.3569], [138.3571, 35.3553], [138.3622, 35.3533], [138.3656, 35.3514], [138.3682, 35.3512], [138.3715, 35.349], [138.3748, 35.3516], [138.3783, 35.3521], [138.3796, 35.3529], [138.381, 35.3528], [138.3873, 35.3552], [138.388, 35.3575], [138.3897, 35.359], [138.3899, 35.3605], [138.3919, 35.3612], [138.3925, 35.3626], [138.3923, 35.3638], [138.3935, 35.3652], [138.3944, 35.3717], [138.3951, 35.3729], [138.3951, 35.375], [138.394, 35.3777], [138.3946, 35.3827], [138.3937, 35.3885], [138.3956, 35.39], [138.3986, 35.3897], [138.3993, 35.3914], [138.4019, 35.3944], [138.4042, 35.3956], [138.4101, 35.3958], [138.4119, 35.397], [138.4174, 35.3976], [138.4177, 35.4006], [138.4203, 35.4026], [138.4202, 35.4058], [138.4193, 35.4071], [138.421, 35.4086], [138.4203, 35.4108], [138.4222, 35.4161], [138.4197, 35.4171], [138.4188, 35.4184], [138.4155, 35.4206], [138.414, 35.4204], [138.4095, 35.4217], [138.4072, 35.4231], [138.4047, 35.4263], [138.406, 35.4265], [138.4083, 35.4258], [138.4066, 35.4277], [138.4011, 35.4307], [138.397, 35.4343], [138.3952, 35.434], [138.3927, 35.4349], [138.3949, 35.4395], [138.4005, 35.4399], [138.3991, 35.4409], [138.3966, 35.4415], [138.3913, 35.4412], [138.3895, 35.4421], [138.3869, 35.4422], [138.3851, 35.4432], [138.3798, 35.4488], [138.3779, 35.4541], [138.3781, 35.4573], [138.3789, 35.4579], [138.3801, 35.461], [138.3792, 35.4667], [138.3811, 35.4696], [138.381, 35.4718], [138.3845, 35.4783], [138.3836, 35.4802], [138.3805, 35.482], [138.3768, 35.4864], [138.3714, 35.4862], [138.37, 35.4883], [138.3698, 35.4963], [138.3686, 35.4992], [138.3653, 35.5017], [138.3632, 35.5022], [138.3611, 35.5037], [138.3611, 35.5066], [138.3588, 35.5117], [138.3593, 35.5136], [138.3579, 35.5176], [138.3536, 35.5218], [138.3547, 35.5235], [138.3542, 35.5256], [138.3548, 35.5272], [138.3534, 35.531], [138.3542, 35.5338], [138.3527, 35.5356], [138.3549, 35.5376], [138.3548, 35.5391], [138.3558, 35.541], [138.3555, 35.5481], [138.3533, 35.5479], [138.3513, 35.5484], [138.3497, 35.5479], [138.3467, 35.5499], [138.3409, 35.5509], [138.3387, 35.5503], [138.3371, 35.5512], [138.334, 35.5513], [138.3325, 35.552], [138.331, 35.5506], [138.3263, 35.5488], [138.3252, 35.552], [138.3257, 35.5562], [138.3246, 35.5581], [138.3246, 35.5614], [138.322, 35.5627], [138.3209, 35.5649], [138.323, 35.5654], [138.3229, 35.5661], [138.324, 35.5665], [138.325, 35.5685], [138.326, 35.5674], [138.3266, 35.5681], [138.3289, 35.5688], [138.3282, 35.57], [138.3295, 35.5715], [138.3303, 35.5716], [138.3302, 35.5741], [138.3321, 35.5757], [138.3318, 35.5765], [138.3332, 35.578], [138.3329, 35.5794], [138.335, 35.5807], [138.3353, 35.5826], [138.3362, 35.5828], [138.3372, 35.5821], [138.3377, 35.5837], [138.3398, 35.5843], [138.3409, 35.5838], [138.3419, 35.5853], [138.3441, 35.5843], [138.3486, 35.589], [138.3485, 35.5903], [138.3456, 35.5901], [138.3431, 35.5915], [138.3388, 35.5912], [138.337, 35.5958], [138.3346, 35.5986], [138.3359, 35.6042], [138.3347, 35.6044], [138.3281, 35.6098], [138.3265, 35.6085], [138.323, 35.608], [138.3173, 35.6034], [138.3153, 35.6031], [138.314, 35.6019], [138.3138, 35.6002], [138.3104, 35.6016], [138.3102, 35.6029], [138.3118, 35.6029], [138.3122, 35.6034], [138.3096, 35.6055], [138.3087, 35.6077], [138.3093, 35.6085], [138.311, 35.6079], [138.313, 35.6086], [138.3107, 35.6105], [138.3102, 35.6117], [138.3106, 35.6124], [138.3126, 35.6126], [138.313, 35.6136], [138.312, 35.6152], [138.3104, 35.6155], [138.31, 35.6165], [138.3141, 35.618], [138.3155, 35.6221], [138.3146, 35.6237], [138.3148, 35.626], [138.3136, 35.6269], [138.3128, 35.6283], [138.3133, 35.6287], [138.3117, 35.6304], [138.3116, 35.632], [138.3134, 35.6326], [138.3132, 35.6338], [138.3116, 35.6351], [138.3126, 35.6357], [138.3151, 35.6345], [138.3158, 35.6363], [138.3122, 35.6402], [138.3107, 35.6439], [138.3061, 35.6442], [138.304, 35.6433], [138.3024, 35.6442], [138.3004, 35.6438], [138.299, 35.6448], [138.2956, 35.6456], [138.2938, 35.6449], [138.2929, 35.6455], [138.2868, 35.6456], [138.2854, 35.6463], [138.2777, 35.6435], [138.2758, 35.645], [138.2744, 35.6442], [138.2692, 35.6444], [138.2611, 35.6465], [138.2546, 35.6456], [138.2502, 35.6467], [138.248, 35.648], [138.2414, 35.6504], [138.2382, 35.6501], [138.2363, 35.6506], [138.2328, 35.6487], [138.2295, 35.6486], [138.2284, 35.646]], [[138.3556, 35.3843], [138.3574, 35.3848], [138.3579, 35.3838], [138.359, 35.3741], [138.3577, 35.3726], [138.354, 35.373], [138.3506, 35.3707], [138.35, 35.3743], [138.3528, 35.38], [138.3525, 35.3833], [138.3556, 35.3843]]]}, "properties": {"name": "山梨県早川町"}}, {"type": "Feature", "geometry": {"type": "MultiPolygon", "coordinates": [[[[138.5946, 35.5186], [138.59, 35.5175], [138.5874, 35.5172], [138.5856, 35.5177], [138.5789, 35.5167], [138.5747, 35.5177], [138.5702, 35.5169], [138.5675, 35.5172], [138.5643, 35.5162], [138.5581, 35.5155], [138.5566, 35.5146], [138.5525, 35.5151], [138.5485, 35.5167], [138.5441, 35.5171], [138.5426, 35.5183], [138.5377, 35.5191], [138.5355, 35.5187], [138.5333, 35.5175], [138.5311, 35.5177], [138.5269, 35.5148], [138.526, 35.5148], [138.5247, 35.513], [138.5236, 35.5089], [138.5208, 35.5074], [138.5161, 35.509], [138.5131, 35.5091], [138.5094, 35.5103], [138.5071, 35.5102], [138.5055, 35.5093], [138.5057, 35.5101], [138.5043, 35.5088], [138.5027, 35.5091], [138.5009, 35.5066], [138.4973, 35.5068], [138.497, 35.5063], [138.4971, 35.5026], [138.4989, 35.4982], [138.4969, 35.4944], [138.4952, 35.495], [138.4927, 35.494], [138.4927, 35.4932], [138.4895, 35.4925], [138.4893, 35.4919], [138.4883, 35.4922], [138.4867, 35.4914], [138.4845, 35.492], [138.4821, 35.489], [138.4818, 35.4873], [138.4798, 35.4865], [138.4785, 35.4845], [138.4736, 35.4843], [138.4696, 35.4851], [138.4639, 35.4838], [138.4651, 35.4819], [138.4624, 35.4809], [138.4615, 35.4793], [138.4615, 35.4772], [138.4606, 35.4768], [138.4588, 35.4773], [138.4553, 35.4754], [138.4557, 35.4734], [138.4535, 35.4722], [138.4536, 35.4708], [138.4478, 35.4681], [138.4451, 35.4702], [138.4463, 35.4727], [138.4467, 35.4776], [138.4487, 35.4807], [138.4544, 35.4848], [138.4557, 35.4891], [138.4535, 35.4928], [138.4495, 35.4961], [138.4473, 35.4993], [138.4453, 35.4981], [138.443, 35.4945], [138.4407, 35.494], [138.4367, 35.495], [138.4358, 35.4963], [138.4334, 35.4972], [138.431, 35.4956], [138.4301, 35.4958], [138.4276, 35.4998], [138.4222, 35.4994], [138.4186, 35.4981], [138.4173, 35.4959], [138.416, 35.4973], [138.4144, 35.4961], [138.4135, 35.494], [138.4077, 35.4902], [138.4062, 35.4903], [138.4038, 35.4889], [138.4006, 35.49], [138.3988, 35.4896], [138.3962, 35.4872], [138.3946, 35.4843], [138.395, 35.4832], [138.393, 35.4819], [138.3893, 35.4812], [138.3861, 35.4788], [138.3845, 35.4783], [138.381, 35.4718], [138.3811, 35.4696], [138.3792, 35.4667], [138.3801, 35.461], [138.3789, 35.4579], [138.3781, 35.4573], [138.3779, 35.4541], [138.3798, 35.4488], [138.3851, 35.4432], [138.3869, 35.4422], [138.3895, 35.4421], [138.3913, 35.4412], [138.3966, 35.4415], [138.3991, 35.4409], [138.4005, 35.4399], [138.3949, 35.4395], [138.3927, 35.4349], [138.3952, 35.434], [138.397, 35.4343], [138.4011, 35.4307], [138.4066, 35.4277], [138.4083, 35.4258], [138.406, 35.4265], [138.4047, 35.4263], [138.4072, 35.4231], [138.4095, 35.4217], [138.414, 35.4204], [138.4155, 35.4206], [138.4188, 35.4184], [138.4197, 35.4171], [138.4222, 35.4161], [138.4203, 35.4108], [138.421, 35.4086], [138.4193, 35.4071], [138.4202, 35.4058], [138.4203, 35.4026], [138.4177, 35.4006], [138.4174, 35.3976], [138.4119, 35.397], [138.4101, 35.3958], [138.4042, 35.3956], [138.4019, 35.3944], [138.3993, 35.3914], [138.3986, 35.3897], [138.3956, 35.39], [138.3937, 35.3885], [138.3946, 35.3827], [138.394, 35.3777], [138.3951, 35.375], [138.3951, 35.3729], [138.3944, 35.3717], [138.3935, 35.3652], [138.3923, 35.3638], [138.3925, 35.3626], [138.3919, 35.3612], [138.3899, 35.3605], [138.3897, 35.359], [138.388, 35.3575], [138.3873, 35.3552], [138.381, 35.3528], [138.3796, 35.3529], [138.3783, 35.3521], [138.3748, 35.3516], [138.3715, 35.349], [138.3682, 35.3512], [138.3656, 35.3514], [138.3622, 35.3533], [138.3571, 35.3553], [138.3558, 35.3569], [138.3536, 35.3571], [138.3505, 35.3585], [138.3478, 35.3537], [138.3453, 35.3528], [138.3424, 35.3497], [138.3415, 35.3446], [138.3419, 35.3424], [138.343, 35.3411], [138.3415, 35.3371], [138.3397, 35.3356], [138.3378, 35.3295], [138.3356, 35.3267], [138.3366, 35.3249], [138.3399, 35.3224], [138.3436, 35.318], [138.3466, 35.3164], [138.3513, 35.3153], [138.3525, 35.3157], [138.353, 35.3167], [138.3563, 35.3165], [138.3586, 35.3177], [138.3594, 35.3134], [138.3614, 35.3133], [138.3631, 35.3122], [138.3648, 35.3122], [138.3676, 35.3096], [138.3684, 35.3066], [138.3708, 35.3048], [138.3713, 35.3018], [138.3731, 35.2997], [138.3741, 35.2999], [138.3763, 35.298], [138.3804, 35.296], [138.3839, 35.2955], [138.3926, 35.2985], [138.394, 35.2987], [138.3952, 35.2976], [138.3971, 35.2975], [138.3993, 35.2994], [138.4019, 35.2991], [138.405, 35.3004], [138.4056, 35.3043], [138.4115, 35.3069], [138.4117, 35.3082], [138.4139, 35.3098], [138.418, 35.3095], [138.4191, 35.3084], [138.4203, 35.3082], [138.4237, 35.3097], [138.4241, 35.3114], [138.4255, 35.313], [138.4283, 35.3141], [138.4331, 35.3146], [138.4357, 35.3143], [138.4411, 35.3151], [138.443, 35.3139], [138.4445, 35.315], [138.4453, 35.3147], [138.4494, 35.3157], [138.4527, 35.308], [138.4573, 35.3092], [138.4596, 35.3081], [138.4639, 35.3086], [138.4661, 35.3083], [138.4685, 35.3095], [138.4759, 35.3093], [138.4795, 35.3113], [138.4828, 35.3177], [138.4821, 35.3229], [138.4778, 35.3272], [138.4788, 35.33], [138.4814, 35.3305], [138.482, 35.3314], [138.4817, 35.3344], [138.4801, 35.3366], [138.4795, 35.3386], [138.4797, 35.3416], [138.4814, 35.3448], [138.4841, 35.3449], [138.4871, 35.3475], [138.4897, 35.3467], [138.4932, 35.3507], [138.4942, 35.3547], [138.4961, 35.3585], [138.508, 35.3621], [138.5067, 35.3643], [138.5069, 35.3661], [138.5083, 35.3677], [138.5122, 35.3701], [138.5135, 35.3742], [138.5136, 35.3802], [138.5173, 35.3796], [138.5208, 35.3778], [138.5223, 35.3785], [138.5254, 35.3782], [138.5281, 35.379], [138.5317, 35.3845], [138.5333, 35.3851], [138.5345, 35.3864], [138.5359, 35.3898], [138.534, 35.3951], [138.5324, 35.3969], [138.5332, 35.3996], [138.5313, 35.4021], [138.5321, 35.4071], [138.5318, 35.4093], [138.5335, 35.4106], [138.5367, 35.4119], [138.5385, 35.4142], [138.5457, 35.4165], [138.5468, 35.419], [138.5479, 35.4193], [138.5494, 35.4214], [138.5531, 35.4232], [138.5568, 35.428], [138.5564, 35.429], [138.559, 35.4342], [138.5633, 35.4345], [138.566, 35.4358], [138.5704, 35.4394], [138.5772, 35.4409], [138.578, 35.4428], [138.5803, 35.444], [138.5816, 35.4455], [138.583, 35.4464], [138.5822, 35.448], [138.583, 35.4532], [138.5819, 35.4751], [138.5811, 35.4787], [138.5857, 35.4783], [138.5899, 35.4803], [138.5918, 35.4824], [138.596, 35.4834], [138.594, 35.4881], [138.5952, 35.4909], [138.5941, 35.4937], [138.5946, 35.4957], [138.5994, 35.5003], [138.6023, 35.5047], [138.6004, 35.5092], [138.5955, 35.5126], [138.5946, 35.5186]]], [[[138.3556, 35.3843], [138.3525, 35.3833], [138.3528, 35.38], [138.35, 35.3743], [138.3506, 35.3707], [138.354, 35.373], [138.3577, 35.3726], [138.359, 35.3741], [138.3579, 35.3838], [138.3574, 35.3848], [138.3556, 35.3843]]]]}, "properties": {"name": "山梨県身延町"}}, {"type": "Feature", "geometry": {"type": "Polygon", "coordinates": [[[138.3731, 35.2997], [138.3712, 35.2967], [138.3693, 35.2955], [138.3669, 35.2908], [138.3667, 35.2888], [138.3677, 35.2865], [138.3676, 35.2823], [138.3667, 35.2807], [138.3692, 35.277], [138.3671, 35.2702], [138.3693, 35.2685], [138.3736, 35.2633], [138.3745, 35.2602], [138.3761, 35.2591], [138.3782, 35.254], [138.3812, 35.2527], [138.3825, 35.2496], [138.3862, 35.2464], [138.3858, 35.2443], [138.3869, 35.2391], [138.3883, 35.2372], [138.389, 35.233], [138.3909, 35.229], [138.3919, 35.2246], [138.3908, 35.2218], [138.3908, 35.2195], [138.3916, 35.2186], [138.392, 35.2167], [138.3934, 35.2153], [138.3931, 35.2135], [138.3944, 35.2073], [138.3952, 35.2063], [138.3964, 35.2061], [138.3987, 35.2004], [138.4029, 35.2009], [138.4075, 35.203], [138.4137, 35.2011], [138.4156, 35.1996], [138.4184, 35.1994], [138.4246, 35.1904], [138.4254, 35.1875], [138.4269, 35.1857], [138.4275, 35.1827], [138.433, 35.1797], [138.4403, 35.178], [138.4412, 35.1794], [138.4495, 35.1785], [138.452, 35.1792], [138.4543, 35.1784], [138.4574, 35.1783], [138.4614, 35.1796], [138.463, 35.1786], [138.4655, 35.1779], [138.4666, 35.1781], [138.472, 35.1762], [138.4777, 35.1781], [138.4779, 35.1765], [138.4788, 35.1755], [138.4815, 35.1747], [138.482, 35.1739], [138.4843, 35.1742], [138.4872, 35.1717], [138.4876, 35.1698], [138.4916, 35.1684], [138.4923, 35.1696], [138.4957, 35.1717], [138.4965, 35.1747], [138.5001, 35.1765], [138.5012, 35.1765], [138.5041, 35.1829], [138.5062, 35.1859], [138.5116, 35.1884], [138.5136, 35.1904], [138.5142, 35.1912], [138.5141, 35.1939], [138.5158, 35.1942], [138.5153, 35.1955], [138.517, 35.1962], [138.5158, 35.1968], [138.5146, 35.1965], [138.5156, 35.1982], [138.5177, 35.1986], [138.5178, 35.1972], [138.519, 35.1977], [138.5213, 35.1972], [138.5208, 35.1985], [138.5224, 35.1992], [138.5246, 35.1989], [138.5256, 35.1979], [138.5275, 35.1983], [138.5285, 35.1975], [138.5323, 35.1996], [138.5332, 35.2008], [138.532, 35.2055], [138.533, 35.2074], [138.5275, 35.2167], [138.5323, 35.2233], [138.5304, 35.2297], [138.5297, 35.2309], [138.527, 35.2326], [138.5242, 35.2416], [138.523, 35.2488], [138.5205, 35.251], [138.5215, 35.2534], [138.5208, 35.2553], [138.5161, 35.2595], [138.516, 35.2613], [138.5144, 35.262], [138.5158, 35.267], [138.5203, 35.2708], [138.52, 35.2746], [138.5214, 35.2785], [138.5207, 35.281], [138.5218, 35.2839], [138.5205, 35.2861], [138.5204, 35.288], [138.5166, 35.2943], [138.5165, 35.2988], [138.5128, 35.3034], [138.5136, 35.305], [138.5135, 35.3074], [138.5122, 35.3134], [138.514, 35.3153], [138.5158, 35.3159], [138.5168, 35.3173], [138.5184, 35.3175], [138.5195, 35.3187], [138.5255, 35.3219], [138.527, 35.3262], [138.5308, 35.3279], [138.5333, 35.3302], [138.5351, 35.3303], [138.535, 35.3401], [138.5327, 35.3437], [138.5306, 35.3455], [138.5294, 35.3496], [138.5309, 35.3536], [138.5297, 35.3595], [138.5306, 35.3607], [138.5299, 35.3649], [138.5306, 35.376], [138.5281, 35.379], [138.5254, 35.3782], [138.5223, 35.3785], [138.5208, 35.3778], [138.5173, 35.3796], [138.5136, 35.3802], [138.5135, 35.3742], [138.5122, 35.3701], [138.5083, 35.3677], [138.5069, 35.3661], [138.5067, 35.3643], [138.508, 35.3621], [138.4961, 35.3585], [138.4942, 35.3547], [138.4932, 35.3507], [138.4897, 35.3467], [138.4871, 35.3475], [138.4841, 35.3449], [138.4814, 35.3448], [138.4797, 35.3416], [138.4795, 35.3386], [138.4801, 35.3366], [138.4817, 35.3344], [138.482, 35.3314], [138.4814, 35.3305], [138.4788, 35.33], [138.4778, 35.3272], [138.4821, 35.3229], [138.4828, 35.3177], [138.4795, 35.3113], [138.4759, 35.3093], [138.4685, 35.3095], [138.4661, 35.3083], [138.4639, 35.3086], [138.4596, 35.3081], [138.4573, 35.3092], [138.4527, 35.308], [138.4494, 35.3157], [138.4453, 35.3147], [138.4445, 35.315], [138.443, 35.3139], [138.4411, 35.3151], [138.4357, 35.3143], [138.4331, 35.3146], [138.4283, 35.3141], [138.4255, 35.313], [138.4241, 35.3114], [138.4237, 35.3097], [138.4203, 35.3082], [138.4191, 35.3084], [138.418, 35.3095], [138.4139, 35.3098], [138.4117, 35.3082], [138.4115, 35.3069], [138.4056, 35.3043], [138.405, 35.3004], [138.4019, 35.2991], [138.3993, 35.2994], [138.3971, 35.2975], [138.3952, 35.2976], [138.394, 35.2987], [138.3926, 35.2985], [138.3839, 35.2955], [138.3804, 35.296], [138.3763, 35.298], [138.3741, 35.2999], [138.3731, 35.2997]]]}, "properties": {"name": "山梨県南部町"}}, {"type": "Feature", "geometry": {"type": "Polygon", "coordinates": [[[138.3485, 35.5903], [138.3486, 35.589], [138.3441, 35.5843], [138.3419, 35.5853], [138.3409, 35.5838], [138.3398, 35.5843], [138.3377, 35.5837], [138.3372, 35.5821], [138.3362, 35.5828], [138.3353, 35.5826], [138.335, 35.5807], [138.3329, 35.5794], [138.3332, 35.578], [138.3318, 35.5765], [138.3321, 35.5757], [138.3302, 35.5741], [138.3303, 35.5716], [138.3295, 35.5715], [138.3282, 35.57], [138.3289, 35.5688], [138.3266, 35.5681], [138.326, 35.5674], [138.325, 35.5685], [138.324, 35.5665], [138.3229, 35.5661], [138.323, 35.5654], [138.3209, 35.5649], [138.322, 35.5627], [138.3246, 35.5614], [138.3246, 35.5581], [138.3257, 35.5562], [138.3252, 35.552], [138.3263, 35.5488], [138.331, 35.5506], [138.3325, 35.552], [138.334, 35.5513], [138.3371, 35.5512], [138.3387, 35.5503], [138.3409, 35.5509], [138.3467, 35.5499], [138.3497, 35.5479], [138.3513, 35.5484], [138.3533, 35.5479], [138.3555, 35.5481], [138.3558, 35.541], [138.3548, 35.5391], [138.3549, 35.5376], [138.3527, 35.5356], [138.3542, 35.5338], [138.3534, 35.531], [138.3548, 35.5272], [138.3542, 35.5256], [138.3547, 35.5235], [138.3536, 35.5218], [138.3579, 35.5176], [138.3593, 35.5136], [138.3588, 35.5117], [138.3611, 35.5066], [138.3611, 35.5037], [138.3632, 35.5022], [138.3653, 35.5017], [138.3686, 35.4992], [138.3698, 35.4963], [138.37, 35.4883], [138.3714, 35.4862], [138.3768, 35.4864], [138.3805, 35.482], [138.3836, 35.4802], [138.3845, 35.4783], [138.3861, 35.4788], [138.3893, 35.4812], [138.393, 35.4819], [138.395, 35.4832], [138.3946, 35.4843], [138.3962, 35.4872], [138.3988, 35.4896], [138.4006, 35.49], [138.4038, 35.4889], [138.4062, 35.4903], [138.4077, 35.4902], [138.4135, 35.494], [138.4144, 35.4961], [138.416, 35.4973], [138.4173, 35.4959], [138.4186, 35.4981], [138.4222, 35.4994], [138.4276, 35.4998], [138.4301, 35.4958], [138.431, 35.4956], [138.4334, 35.4972], [138.4358, 35.4963], [138.4367, 35.495], [138.4407, 35.494], [138.443, 35.4945], [138.4453, 35.4981], [138.4473, 35.4993], [138.4474, 35.5024], [138.4505, 35.5027], [138.454, 35.5022], [138.4591, 35.5042], [138.464, 35.5072], [138.4656, 35.5102], [138.4679, 35.512], [138.4675, 35.516], [138.4696, 35.5177], [138.4684, 35.519], [138.4651, 35.5205], [138.4595, 35.5199], [138.4555, 35.5228], [138.4533, 35.5216], [138.4518, 35.5243], [138.4508, 35.5282], [138.4514, 35.5334], [138.4533, 35.5367], [138.4585, 35.5386], [138.4597, 35.5361], [138.4642, 35.5365], [138.4656, 35.5353], [138.4672, 35.5354], [138.4665, 35.5391], [138.4659, 35.5397], [138.467, 35.5404], [138.4675, 35.5397], [138.4687, 35.5397], [138.4692, 35.5402], [138.4698, 35.5402], [138.4705, 35.5409], [138.4705, 35.5415], [138.4696, 35.5411], [138.4696, 35.5403], [138.4694, 35.5408], [138.4674, 35.5411], [138.4671, 35.5407], [138.4657, 35.5428], [138.47, 35.5473], [138.4744, 35.5533], [138.4779, 35.5627], [138.4762, 35.5638], [138.4746, 35.5664], [138.4748, 35.5728], [138.4736, 35.5726], [138.4727, 35.574], [138.4694, 35.575], [138.4685, 35.5763], [138.4657, 35.5781], [138.4596, 35.5784], [138.4577, 35.5803], [138.4548, 35.5813], [138.4513, 35.5811], [138.448, 35.5798], [138.4395, 35.5787], [138.4381, 35.5781], [138.4354, 35.5781], [138.4311, 35.5798], [138.4281, 35.5794], [138.4237, 35.5804], [138.4216, 35.5817], [138.4215, 35.585], [138.4202, 35.5877], [138.4191, 35.5868], [138.4168, 35.5866], [138.4132, 35.5877], [138.4126, 35.5897], [138.4139, 35.5922], [138.4131, 35.593], [138.4128, 35.5945], [138.4114, 35.5949], [138.4082, 35.5943], [138.4058, 35.5915], [138.4014, 35.5901], [138.397, 35.5902], [138.3892, 35.5914], [138.3835, 35.591], [138.3775, 35.5947], [138.3719, 35.5924], [138.3693, 35.5907], [138.3683, 35.5878], [138.369, 35.5865], [138.3627, 35.5865], [138.3567, 35.5878], [138.3556, 35.5912], [138.3537, 35.5919], [138.351, 35.5917], [138.3485, 35.5903]]]}, "properties": {"name": "山梨県富士川町"}}, {"type": "Feature", "geometry": {"type": "Polygon", "coordinates": [[[138.5388, 35.6468], [138.5382, 35.647], [138.5374, 35.6453], [138.5355, 35.646], [138.5348, 35.643], [138.5325, 35.642], [138.5303, 35.6396], [138.5278, 35.638], [138.5311, 35.634], [138.5334, 35.6319], [138.5347, 35.6316], [138.5285, 35.6323], [138.5298, 35.63], [138.5271, 35.6289], [138.5242, 35.6311], [138.5214, 35.6311], [138.5152, 35.6328], [138.5129, 35.6327], [138.5128, 35.6332], [138.5112, 35.633], [138.5111, 35.6339], [138.5097, 35.6335], [138.5097, 35.6296], [138.5111, 35.6233], [138.5159, 35.6235], [138.5177, 35.619], [138.5181, 35.6138], [138.5187, 35.6138], [138.5206, 35.6099], [138.5237, 35.61], [138.5246, 35.6106], [138.525, 35.6115], [138.5243, 35.6144], [138.5264, 35.614], [138.5283, 35.6092], [138.5314, 35.6093], [138.5319, 35.6097], [138.5346, 35.6082], [138.5346, 35.6121], [138.5352, 35.6126], [138.5333, 35.6169], [138.5354, 35.6182], [138.5435, 35.6187], [138.5446, 35.617], [138.5454, 35.6168], [138.5539, 35.6172], [138.5537, 35.6203], [138.5524, 35.6203], [138.5524, 35.6215], [138.551, 35.6223], [138.5478, 35.6222], [138.5481, 35.6238], [138.5469, 35.6265], [138.5473, 35.6269], [138.546, 35.6279], [138.5501, 35.6297], [138.5523, 35.6278], [138.5532, 35.6289], [138.5513, 35.6302], [138.5511, 35.6323], [138.5498, 35.6324], [138.5477, 35.6344], [138.5482, 35.635], [138.547, 35.6385], [138.5474, 35.6388], [138.5455, 35.6424], [138.5472, 35.6427], [138.5493, 35.6408], [138.5536, 35.6443], [138.5506, 35.6449], [138.5522, 35.6468], [138.5476, 35.6475], [138.548, 35.6485], [138.5461, 35.6498], [138.5447, 35.6519], [138.5433, 35.6516], [138.5429, 35.6509], [138.5437, 35.6496], [138.5429, 35.6501], [138.5423, 35.6453], [138.5388, 35.6468]]]}, "properties": {"name": "山梨県昭和町"}}, {"type": "Feature", "geometry": {"type": "Polygon", "coordinates": [[[138.924, 35.4582], [138.9254, 35.455], [138.9304, 35.4531], [138.9315, 35.4518], [138.9372, 35.4487], [138.9403, 35.4495], [138.9437, 35.4523], [138.9476, 35.4546], [138.9486, 35.4559], [138.953, 35.4579], [138.9544, 35.4601], [138.9569, 35.4607], [138.9588, 35.4624], [138.9612, 35.462], [138.964, 35.4624], [138.9666, 35.4639], [138.969, 35.4635], [138.9734, 35.4666], [138.9764, 35.4665], [138.9775, 35.4644], [138.9789, 35.464], [138.9816, 35.4672], [138.9848, 35.4684], [138.9864, 35.4718], [138.9887, 35.4737], [138.9925, 35.4743], [138.9954, 35.4736], [138.9984, 35.4752], [139.0044, 35.4745], [139.0083, 35.4747], [139.0147, 35.48], [139.0169, 35.479], [139.0195, 35.4793], [139.021, 35.4788], [139.0224, 35.4794], [139.0238, 35.4811], [139.0279, 35.481], [139.028, 35.4843], [139.0308, 35.4888], [139.0334, 35.4902], [139.0372, 35.4909], [139.0396, 35.4943], [139.0394, 35.495], [139.0441, 35.4994], [139.0463, 35.5098], [139.0514, 35.5105], [139.0531, 35.5087], [139.0585, 35.5082], [139.0604, 35.5073], [139.0665, 35.5094], [139.0692, 35.5112], [139.0748, 35.51], [139.0806, 35.5126], [139.0861, 35.5122], [139.0874, 35.5145], [139.0888, 35.5152], [139.0908, 35.5178], [139.091, 35.5191], [139.094, 35.5211], [139.0943, 35.5219], [139.0981, 35.5232], [139.1042, 35.5266], [139.1064, 35.5299], [139.1068, 35.5322], [139.1078, 35.5326], [139.1101, 35.5321], [139.1103, 35.5347], [139.1123, 35.5352], [139.112, 35.5366], [139.1142, 35.5388], [139.1128, 35.5399], [139.1131, 35.5407], [139.1117, 35.5447], [139.1135, 35.5477], [139.1122, 35.5499], [139.1104, 35.5491], [139.1094, 35.5494], [139.1063, 35.5487], [139.1014, 35.546], [139.0964, 35.5457], [139.095, 35.5443], [139.0937, 35.5446], [139.0906, 35.5438], [139.0887, 35.5441], [139.0851, 35.5483], [139.0784, 35.5488], [139.0727, 35.5466], [139.0655, 35.5451], [139.0633, 35.5459], [139.0593, 35.5458], [139.0569, 35.5472], [139.0456, 35.5447], [139.041, 35.5455], [139.0392, 35.5448], [139.0345, 35.5448], [139.0318, 35.5438], [139.0306, 35.5443], [139.0257, 35.5432], [139.0246, 35.5444], [139.0194, 35.5433], [139.0125, 35.5434], [139.0111, 35.5414], [139.0056, 35.5394], [139.007, 35.5354], [139.0067, 35.5327], [139.0053, 35.5311], [139.0063, 35.5282], [139.0041, 35.5285], [139.0017, 35.5275], [139.0001, 35.5275], [138.9987, 35.5265], [138.9977, 35.524], [138.9936, 35.5238], [138.9913, 35.5228], [138.9881, 35.5228], [138.9854, 35.5221], [138.9838, 35.5207], [138.9803, 35.5205], [138.9777, 35.5214], [138.9744, 35.5213], [138.9732, 35.5156], [138.971, 35.5135], [138.9713, 35.509], [138.9703, 35.5072], [138.9684, 35.5063], [138.9673, 35.5047], [138.9623, 35.5019], [138.956, 35.4999], [138.9519, 35.4962], [138.9497, 35.4962], [138.9463, 35.4944], [138.9434, 35.4949], [138.9405, 35.4941], [138.9353, 35.4889], [138.9314, 35.4868], [138.9293, 35.4845], [138.9293, 35.4784], [138.928, 35.4759], [138.9291, 35.473], [138.9282, 35.4696], [138.9265, 35.4682], [138.9266, 35.4642], [138.9278, 35.4609], [138.9271, 35.4594], [138.924, 35.4582]]]}, "properties": {"name": "山梨県道志村"}}, {"type": "Feature", "geometry": {"type": "Polygon", "coordinates": [[[138.856, 35.5046], [138.8554, 35.5072], [138.8561, 35.5088], [138.854, 35.5123], [138.8547, 35.5167], [138.854, 35.52], [138.8534, 35.5198], [138.8531, 35.5207], [138.8538, 35.5223], [138.8529, 35.5254], [138.8546, 35.5271], [138.8563, 35.5271], [138.8605, 35.5295], [138.8662, 35.5303], [138.867, 35.5309], [138.8655, 35.5314], [138.8655, 35.5326], [138.8661, 35.532], [138.8668, 35.5326], [138.8665, 35.5333], [138.8639, 35.5326], [138.863, 35.5337], [138.8617, 35.5332], [138.859, 35.5342], [138.8588, 35.5349], [138.8613, 35.5366], [138.8598, 35.5368], [138.8601, 35.5374], [138.857, 35.5393], [138.8564, 35.5388], [138.8547, 35.5393], [138.8542, 35.5386], [138.8531, 35.5389], [138.8523, 35.5407], [138.8508, 35.5412], [138.8472, 35.5458], [138.8444, 35.5465], [138.8389, 35.5496], [138.8363, 35.5495], [138.8329, 35.5483], [138.8292, 35.5497], [138.823, 35.5495], [138.8119, 35.5511], [138.8104, 35.5506], [138.8092, 35.5494], [138.8075, 35.5499], [138.8026, 35.5458], [138.8062, 35.5392], [138.8052, 35.5354], [138.8064, 35.5342], [138.8065, 35.5326], [138.8141, 35.5318], [138.8173, 35.5327], [138.8192, 35.5322], [138.8226, 35.5275], [138.8262, 35.5274], [138.8291, 35.5257], [138.8333, 35.5262], [138.8354, 35.5239], [138.8358, 35.5208], [138.8374, 35.5198], [138.8389, 35.5204], [138.8402, 35.5199], [138.8361, 35.5177], [138.8359, 35.5168], [138.8369, 35.516], [138.8359, 35.5149], [138.8367, 35.5143], [138.8337, 35.5111], [138.8344, 35.5079], [138.8351, 35.5073], [138.8358, 35.5018], [138.8391, 35.501], [138.8442, 35.5026], [138.8503, 35.5027], [138.856, 35.5046]], [[138.865, 35.5308], [138.8642, 35.5304], [138.8641, 35.5316], [138.865, 35.5323], [138.865, 35.5308]]]}, "properties": {"name": "山梨県西桂町"}}, {"type": "Feature", "geometry": {"type": "Polygon", "coordinates": [[[138.8065, 35.4562], [138.807, 35.4566], [138.8091, 35.4562], [138.8146, 35.4523], [138.8155, 35.4507], [138.8237, 35.4469], [138.8339, 35.4404], [138.8389, 35.4436], [138.8472, 35.4456], [138.847, 35.4475], [138.8482, 35.449], [138.8472, 35.4511], [138.848, 35.4517], [138.8482, 35.4533], [138.8495, 35.4539], [138.8496, 35.4566], [138.8647, 35.45], [138.8636, 35.4478], [138.8615, 35.4478], [138.8576, 35.4455], [138.8583, 35.4432], [138.8629, 35.4388], [138.8655, 35.4372], [138.8672, 35.4371], [138.8719, 35.4399], [138.8774, 35.4397], [138.8794, 35.4389], [138.8811, 35.4396], [138.8886, 35.4404], [138.8904, 35.4417], [138.8932, 35.4425], [138.8933, 35.4437], [138.895, 35.4451], [138.8954, 35.4469], [138.9013, 35.4505], [138.8961, 35.4539], [138.8945, 35.4543], [138.8923, 35.4575], [138.8914, 35.4607], [138.8902, 35.4626], [138.8826, 35.4682], [138.8844, 35.4713], [138.8846, 35.4731], [138.8827, 35.4795], [138.881, 35.4818], [138.8801, 35.4818], [138.8798, 35.4828], [138.8768, 35.4858], [138.8745, 35.4857], [138.8726, 35.4864], [138.8661, 35.4851], [138.8649, 35.4805], [138.8615, 35.4788], [138.8562, 35.4782], [138.8545, 35.4754], [138.85, 35.4739], [138.8491, 35.4725], [138.8469, 35.4713], [138.8412, 35.4722], [138.8396, 35.4718], [138.8359, 35.4692], [138.8335, 35.4695], [138.8317, 35.469], [138.8293, 35.4701], [138.8272, 35.4703], [138.8231, 35.4722], [138.8205, 35.4751], [138.8184, 35.4761], [138.8174, 35.4759], [138.8157, 35.4764], [138.8144, 35.4718], [138.8145, 35.4665], [138.8128, 35.4638], [138.8127, 35.4617], [138.8064, 35.4585], [138.8065, 35.4562]]]}, "properties": {"name": "山梨県忍野村"}}, {"type": "Feature", "geometry": {"type": "Polygon", "coordinates": [[[138.8624, 35.3901], [138.8637, 35.3899], [138.8737, 35.3818], [138.8775, 35.3844], [138.8785, 35.3858], [138.8803, 35.3855], [138.8859, 35.3865], [138.8881, 35.3861], [138.889, 35.3877], [138.8925, 35.3901], [138.8982, 35.3916], [138.9026, 35.396], [138.9089, 35.398], [138.9118, 35.3981], [138.914, 35.4], [138.9167, 35.4006], [138.9158, 35.4051], [138.918, 35.4112], [138.9255, 35.4148], [138.9273, 35.4205], [138.9288, 35.421], [138.9303, 35.4205], [138.9308, 35.4267], [138.9294, 35.4286], [138.9269, 35.4304], [138.9262, 35.4327], [138.9273, 35.4333], [138.9282, 35.4356], [138.9276, 35.4375], [138.9281, 35.4384], [138.9309, 35.44], [138.931, 35.4412], [138.9338, 35.4445], [138.9355, 35.4448], [138.9367, 35.4459], [138.9377, 35.4473], [138.9372, 35.4487], [138.9315, 35.4518], [138.9304, 35.4531], [138.9254, 35.455], [138.924, 35.4582], [138.9218, 35.4579], [138.917, 35.4544], [138.9137, 35.4526], [138.9118, 35.453], [138.9105, 35.4513], [138.9082, 35.4504], [138.9057, 35.4519], [138.9027, 35.452], [138.9013, 35.4505], [138.8954, 35.4469], [138.895, 35.4451], [138.8933, 35.4437], [138.8932, 35.4425], [138.8904, 35.4417], [138.8886, 35.4404], [138.8811, 35.4396], [138.8794, 35.4389], [138.8774, 35.4397], [138.8719, 35.4399], [138.8672, 35.4371], [138.8655, 35.4372], [138.8629, 35.4388], [138.8583, 35.4432], [138.8576, 35.4455], [138.8615, 35.4478], [138.8636, 35.4478], [138.8647, 35.45], [138.8496, 35.4566], [138.8495, 35.4539], [138.8482, 35.4533], [138.848, 35.4517], [138.8472, 35.4511], [138.8482, 35.449], [138.847, 35.4475], [138.8472, 35.4456], [138.8389, 35.4436], [138.8339, 35.4404], [138.8237, 35.4469], [138.8155, 35.4507], [138.8146, 35.4523], [138.8091, 35.4562], [138.807, 35.4566], [138.8065, 35.4562], [138.8065, 35.4526], [138.8073, 35.4528], [138.8087, 35.4552], [138.8099, 35.4541], [138.8095, 35.4522], [138.8102, 35.4513], [138.8105, 35.4457], [138.8092, 35.443], [138.8097, 35.4403], [138.8091, 35.4392], [138.8073, 35.439], [138.8055, 35.4402], [138.8037, 35.4426], [138.803, 35.4425], [138.8029, 35.4381], [138.8336, 35.4292], [138.8363, 35.4263], [138.834, 35.4248], [138.8285, 35.4119], [138.8515, 35.399], [138.8637, 35.3933], [138.864, 35.3923], [138.8624, 35.3901]]]}, "properties": {"name": "山梨県山中湖村"}}, {"type": "Feature", "geometry": {"type": "Polygon", "coordinates": [[[138.7502, 35.4421], [138.7476, 35.4453], [138.7487, 35.4493], [138.7447, 35.4578], [138.7352, 35.4624], [138.7313, 35.4634], [138.7241, 35.4637], [138.7234, 35.4646], [138.7243, 35.4712], [138.7254, 35.4724], [138.7261, 35.4757], [138.7273, 35.4763], [138.7269, 35.4778], [138.7281, 35.4781], [138.7294, 35.4826], [138.7305, 35.4828], [138.7307, 35.4834], [138.7299, 35.4835], [138.7302, 35.4852], [138.7312, 35.486], [138.7315, 35.4886], [138.7301, 35.4898], [138.7293, 35.4919], [138.7271, 35.4895], [138.7225, 35.4911], [138.7201, 35.4937], [138.718, 35.494], [138.7171, 35.4955], [138.7136, 35.4952], [138.7112, 35.4934], [138.7089, 35.4936], [138.7071, 35.4945], [138.7001, 35.4904], [138.6955, 35.4892], [138.6941, 35.4879], [138.6926, 35.488], [138.6914, 35.4873], [138.6889, 35.4879], [138.6843, 35.4867], [138.6832, 35.487], [138.6787, 35.4839], [138.6738, 35.4845], [138.668, 35.4791], [138.6646, 35.4779], [138.6548, 35.4496], [138.658, 35.4472], [138.6595, 35.445], [138.6595, 35.4429], [138.6573, 35.4363], [138.6595, 35.4312], [138.6596, 35.4277], [138.6645, 35.4238], [138.665, 35.4211], [138.6619, 35.4189], [138.6578, 35.419], [138.6549, 35.4176], [138.6513, 35.4171], [138.6503, 35.4121], [138.6511, 35.4102], [138.6509, 35.4086], [138.6498, 35.4078], [138.6478, 35.4077], [138.6431, 35.4008], [138.6401, 35.3986], [138.641, 35.3982], [138.6636, 35.3983], [138.6712, 35.3929], [138.6805, 35.3577], [138.6873, 35.3581], [138.6895, 35.3591], [138.6983, 35.3596], [138.6991, 35.3599], [138.7005, 35.3626], [138.7127, 35.3636], [138.7191, 35.3655], [138.7237, 35.3654], [138.727, 35.3639], [138.7295, 35.3665], [138.7334, 35.3942], [138.7276, 35.4225], [138.7502, 35.4421]]]}, "properties": {"name": "山梨県鳴沢村"}}, {"type": "Feature", "geometry": {"type": "MultiPolygon", "coordinates": [[[[138.6023, 35.5047], [138.5994, 35.5003], [138.5946, 35.4957], [138.5941, 35.4937], [138.5952, 35.4909], [138.594, 35.4881], [138.596, 35.4834], [138.5918, 35.4824], [138.5899, 35.4803], [138.5857, 35.4783], [138.5811, 35.4787], [138.5819, 35.4751], [138.583, 35.4532], [138.5822, 35.448], [138.583, 35.4464], [138.5816, 35.4455], [138.5853, 35.4419], [138.5854, 35.4409], [138.588, 35.4374], [138.5908, 35.4362], [138.5924, 35.4362], [138.5929, 35.4351], [138.5973, 35.433], [138.6093, 35.3932], [138.6143, 35.3938], [138.6172, 35.395], [138.619, 35.3946], [138.6401, 35.3986], [138.6431, 35.4008], [138.6478, 35.4077], [138.6498, 35.4078], [138.6509, 35.4086], [138.6511, 35.4102], [138.6503, 35.4121], [138.6513, 35.4171], [138.6549, 35.4176], [138.6578, 35.419], [138.6619, 35.4189], [138.665, 35.4211], [138.6645, 35.4238], [138.6596, 35.4277], [138.6595, 35.4312], [138.6573, 35.4363], [138.6595, 35.4429], [138.6595, 35.445], [138.658, 35.4472], [138.6548, 35.4496], [138.6646, 35.4779], [138.668, 35.4791], [138.6738, 35.4845], [138.6787, 35.4839], [138.6832, 35.487], [138.6843, 35.4867], [138.6889, 35.4879], [138.6914, 35.4873], [138.6926, 35.488], [138.6941, 35.4879], [138.6955, 35.4892], [138.7001, 35.4904], [138.7071, 35.4945], [138.7089, 35.4936], [138.7112, 35.4934], [138.7136, 35.4952], [138.7171, 35.4955], [138.718, 35.494], [138.7201, 35.4937], [138.7225, 35.4911], [138.7271, 35.4895], [138.7293, 35.4919], [138.7301, 35.4898], [138.7315, 35.4886], [138.7312, 35.486], [138.7302, 35.4852], [138.7299, 35.4835], [138.7307, 35.4834], [138.7305, 35.4828], [138.7294, 35.4826], [138.7281, 35.4781], [138.7269, 35.4778], [138.7273, 35.4763], [138.7261, 35.4757], [138.7254, 35.4724], [138.7243, 35.4712], [138.7234, 35.4646], [138.7241, 35.4637], [138.7313, 35.4634], [138.7352, 35.4624], [138.7447, 35.4578], [138.7487, 35.4493], [138.7476, 35.4453], [138.7502, 35.4421], [138.7547, 35.4458], [138.7589, 35.4517], [138.7619, 35.4592], [138.7617, 35.4631], [138.7632, 35.47], [138.7695, 35.4816], [138.785, 35.4894], [138.7844, 35.4915], [138.784, 35.493], [138.7824, 35.4938], [138.7821, 35.4958], [138.7805, 35.4984], [138.7805, 35.5033], [138.7867, 35.5081], [138.7872, 35.5133], [138.7903, 35.5158], [138.7921, 35.5184], [138.794, 35.5199], [138.7957, 35.5199], [138.8026, 35.5252], [138.8051, 35.5287], [138.8065, 35.5326], [138.8064, 35.5342], [138.8052, 35.5354], [138.8062, 35.5392], [138.8026, 35.5458], [138.8075, 35.5499], [138.8092, 35.5494], [138.8104, 35.5506], [138.8092, 35.5532], [138.8043, 35.5548], [138.8015, 35.5583], [138.8014, 35.5611], [138.8, 35.5633], [138.7991, 35.5671], [138.7992, 35.5722], [138.7961, 35.5714], [138.7934, 35.5697], [138.7917, 35.565], [138.7908, 35.5643], [138.7916, 35.5629], [138.7916, 35.5605], [138.7827, 35.5582], [138.7781, 35.5595], [138.7751, 35.5595], [138.7728, 35.5588], [138.7697, 35.5607], [138.7685, 35.5605], [138.7653, 35.5592], [138.7632, 35.556], [138.7593, 35.5536], [138.7529, 35.5534], [138.7469, 35.5512], [138.7441, 35.5513], [138.7379, 35.5475], [138.7349, 35.5477], [138.7284, 35.5452], [138.7267, 35.5432], [138.7231, 35.5416], [138.7196, 35.5411], [138.7148, 35.539], [138.7082, 35.538], [138.7074, 35.5371], [138.7018, 35.5351], [138.6981, 35.5354], [138.696, 35.5347], [138.694, 35.5337], [138.6931, 35.532], [138.6904, 35.53], [138.6841, 35.5278], [138.6831, 35.5239], [138.6803, 35.5231], [138.6796, 35.5213], [138.6772, 35.52], [138.6737, 35.5205], [138.6634, 35.5177], [138.6504, 35.5163], [138.6446, 35.5131], [138.6413, 35.5135], [138.6392, 35.5129], [138.6367, 35.5134], [138.6323, 35.5111], [138.6315, 35.5093], [138.6244, 35.5057], [138.624, 35.5044], [138.6218, 35.5036], [138.6207, 35.5023], [138.6147, 35.502], [138.6116, 35.5039], [138.6023, 35.5047]], [[138.7786, 35.4928], [138.779, 35.4935], [138.779, 35.4925], [138.7807, 35.4918], [138.7805, 35.4922], [138.7814, 35.4925], [138.7836, 35.4923], [138.7839, 35.4909], [138.7826, 35.4909], [138.7824, 35.49], [138.7815, 35.4905], [138.7766, 35.4891], [138.7756, 35.488], [138.7752, 35.4862], [138.7737, 35.4864], [138.7711, 35.4885], [138.768, 35.4887], [138.7697, 35.4915], [138.7703, 35.4918], [138.7707, 35.491], [138.7698, 35.4906], [138.7689, 35.4895], [138.7694, 35.4893], [138.7716, 35.4894], [138.7711, 35.4904], [138.7739, 35.4911], [138.774, 35.4918], [138.7725, 35.4921], [138.7726, 35.4913], [138.772, 35.4917], [138.7718, 35.4914], [138.7705, 35.4924], [138.7718, 35.4937], [138.7751, 35.4941], [138.7769, 35.4925], [138.7786, 35.4928]]], [[[138.773, 35.4898], [138.7739, 35.4898], [138.7739, 35.4903], [138.773, 35.4903], [138.773, 35.4898]]]]}, "properties": {"name": "山梨県富士河口湖町"}}, {"type": "Feature", "geometry": {"type": "Polygon", "coordinates": [[[138.9714, 35.7123], [138.9753, 35.7131], [138.9774, 35.7143], [138.9843, 35.7134], [138.9863, 35.7146], [138.9896, 35.7136], [138.9919, 35.7137], [138.9919, 35.7166], [138.9931, 35.7182], [138.9948, 35.7189], [138.9954, 35.7213], [138.9996, 35.7242], [139.001, 35.7277], [139.0068, 35.7331], [139.009, 35.7361], [139.0094, 35.7378], [139.0119, 35.7391], [139.0105, 35.7424], [139.0062, 35.7476], [139.0053, 35.7504], [139.002, 35.75], [139.0003, 35.7504], [138.9924, 35.7556], [138.9927, 35.7575], [138.991, 35.7595], [138.9893, 35.7636], [138.9863, 35.7666], [138.9848, 35.7673], [138.9837, 35.7694], [138.9736, 35.7699], [138.9722, 35.7705], [138.9637, 35.7686], [138.9619, 35.7703], [138.9588, 35.7706], [138.9572, 35.7717], [138.9557, 35.7718], [138.9497, 35.7705], [138.9483, 35.773], [138.9464, 35.7736], [138.9459, 35.7746], [138.9422, 35.7746], [138.9385, 35.7773], [138.9366, 35.7778], [138.9329, 35.7801], [138.9305, 35.779], [138.9259, 35.7751], [138.9207, 35.7748], [138.9205, 35.7732], [138.9171, 35.7718], [138.9163, 35.7695], [138.9111, 35.7688], [138.9082, 35.7665], [138.9039, 35.7667], [138.896, 35.7644], [138.8909, 35.7671], [138.8887, 35.7675], [138.8851, 35.7652], [138.8816, 35.765], [138.8796, 35.7643], [138.8764, 35.7617], [138.8746, 35.7572], [138.8748, 35.7551], [138.8705, 35.751], [138.8695, 35.7481], [138.8665, 35.7478], [138.8594, 35.7423], [138.8557, 35.741], [138.8524, 35.7409], [138.8512, 35.7387], [138.8533, 35.7362], [138.8541, 35.7334], [138.8595, 35.7308], [138.8636, 35.7307], [138.8683, 35.7342], [138.8723, 35.734], [138.8774, 35.7361], [138.8818, 35.7364], [138.8868, 35.7398], [138.8893, 35.7398], [138.8926, 35.7413], [138.8968, 35.7416], [138.8988, 35.7409], [138.9008, 35.7416], [138.9027, 35.7406], [138.906, 35.7419], [138.9082, 35.7418], [138.9107, 35.7408], [138.9132, 35.7416], [138.9161, 35.7395], [138.9203, 35.7398], [138.9237, 35.7407], [138.9267, 35.7382], [138.9302, 35.7372], [138.9376, 35.7368], [138.9394, 35.7346], [138.9437, 35.734], [138.9463, 35.7292], [138.9531, 35.7259], [138.954, 35.7249], [138.9561, 35.7257], [138.9612, 35.7224], [138.966, 35.7214], [138.9659, 35.7199], [138.9677, 35.7191], [138.9714, 35.7123]]]}, "properties": {"name": "山梨県小菅村"}}, {"type": "Feature", "geometry": {"type": "Polygon", "coordinates": [[[138.8524, 35.7409], [138.8557, 35.741], [138.8594, 35.7423], [138.8665, 35.7478], [138.8695, 35.7481], [138.8705, 35.751], [138.8748, 35.7551], [138.8746, 35.7572], [138.8764, 35.7617], [138.8796, 35.7643], [138.8816, 35.765], [138.8851, 35.7652], [138.8887, 35.7675], [138.8909, 35.7671], [138.896, 35.7644], [138.9039, 35.7667], [138.9082, 35.7665], [138.9111, 35.7688], [138.9163, 35.7695], [138.9171, 35.7718], [138.9205, 35.7732], [138.9207, 35.7748], [138.9259, 35.7751], [138.9305, 35.779], [138.9329, 35.7801], [138.9366, 35.7778], [138.9385, 35.7773], [138.9422, 35.7746], [138.9459, 35.7746], [138.9464, 35.7736], [138.9483, 35.773], [138.9497, 35.7705], [138.9557, 35.7718], [138.9572, 35.7717], [138.9588, 35.7706], [138.9619, 35.7703], [138.9637, 35.7686], [138.9722, 35.7705], [138.9736, 35.7699], [138.9837, 35.7694], [138.9837, 35.7723], [138.9852, 35.7741], [138.9867, 35.7812], [138.9845, 35.7839], [138.9847, 35.7856], [138.9814, 35.7872], [138.9794, 35.787], [138.9766, 35.7893], [138.9759, 35.792], [138.9769, 35.7922], [138.9768, 35.7931], [138.9746, 35.7949], [138.9734, 35.7976], [138.9716, 35.799], [138.9712, 35.8035], [138.9701, 35.8048], [138.9707, 35.8097], [138.9721, 35.8115], [138.9716, 35.8144], [138.9695, 35.8161], [138.9692, 35.819], [138.9704, 35.8274], [138.9698, 35.8313], [138.9644, 35.8294], [138.9621, 35.8296], [138.9615, 35.8306], [138.9595, 35.8312], [138.9583, 35.8329], [138.95, 35.8393], [138.9472, 35.8429], [138.9483, 35.8489], [138.9466, 35.8537], [138.9442, 35.8549], [138.9422, 35.8535], [138.9377, 35.8522], [138.9357, 35.8511], [138.9321, 35.8513], [138.9313, 35.85], [138.9265, 35.8489], [138.9232, 35.8505], [138.921, 35.8506], [138.9203, 35.8513], [138.9176, 35.8514], [138.915, 35.8525], [138.9112, 35.8528], [138.9094, 35.8509], [138.9055, 35.8487], [138.9032, 35.8484], [138.8986, 35.8463], [138.895, 35.8414], [138.8923, 35.8398], [138.8858, 35.8471], [138.882, 35.8474], [138.8801, 35.8468], [138.8781, 35.8476], [138.8745, 35.8511], [138.8726, 35.8547], [138.8712, 35.8553], [138.8696, 35.8572], [138.865, 35.8593], [138.8625, 35.859], [138.8643, 35.8554], [138.8624, 35.8472], [138.864, 35.846], [138.8629, 35.8444], [138.8653, 35.8426], [138.8653, 35.841], [138.8602, 35.8352], [138.8611, 35.8317], [138.8594, 35.8315], [138.8586, 35.8308], [138.8529, 35.8287], [138.8519, 35.828], [138.8522, 35.8262], [138.8511, 35.8241], [138.8516, 35.8224], [138.8533, 35.822], [138.855, 35.8202], [138.856, 35.8202], [138.8563, 35.8187], [138.8589, 35.8191], [138.8578, 35.8173], [138.8599, 35.8166], [138.8596, 35.815], [138.8584, 35.815], [138.8579, 35.8136], [138.8588, 35.8122], [138.8574, 35.8108], [138.8559, 35.8109], [138.8563, 35.81], [138.8553, 35.8095], [138.8551, 35.8085], [138.8562, 35.8085], [138.8569, 35.8067], [138.8584, 35.8069], [138.8609, 35.8055], [138.8625, 35.8064], [138.8636, 35.8063], [138.8628, 35.8024], [138.8633, 35.7999], [138.8651, 35.7995], [138.8658, 35.7953], [138.8696, 35.7948], [138.8699, 35.7921], [138.8686, 35.7916], [138.8692, 35.7896], [138.8674, 35.7888], [138.8667, 35.7878], [138.8669, 35.7864], [138.8686, 35.7853], [138.8678, 35.7841], [138.868, 35.783], [138.8656, 35.7823], [138.8627, 35.7794], [138.8573, 35.7795], [138.8546, 35.7785], [138.8531, 35.7788], [138.8515, 35.7773], [138.8478, 35.7774], [138.846, 35.7759], [138.8408, 35.7777], [138.8385, 35.7767], [138.8329, 35.7767], [138.8308, 35.7775], [138.8294, 35.7769], [138.8264, 35.7774], [138.8198, 35.777], [138.8174, 35.7767], [138.8162, 35.7756], [138.8174, 35.7751], [138.8197, 35.7715], [138.8185, 35.769], [138.819, 35.7657], [138.8262, 35.7585], [138.8279, 35.7552], [138.8299, 35.7547], [138.8332, 35.7525], [138.8354, 35.7532], [138.8375, 35.7514], [138.839, 35.7514], [138.842, 35.7497], [138.8453, 35.749], [138.8457, 35.7466], [138.8482, 35.745], [138.8524, 35.7409]]]}, "properties": {"name": "山梨県丹波山村"}}]}