{"type": "FeatureCollection", "features": [{"type": "Feature", "geometry": {"type": "Polygon", "coordinates": [[[140.1711, 35.5723], [140.1687, 35.5765], [140.1695, 35.5765], [140.1718, 35.5774], [140.1723, 35.5792], [140.1752, 35.5809], [140.1733, 35.5828], [140.1721, 35.583], [140.1726, 35.5834], [140.1684, 35.587], [140.1677, 35.589], [140.1676, 35.5912], [140.1668, 35.5927], [140.1649, 35.5933], [140.1644, 35.5941], [140.1628, 35.595], [140.1615, 35.5967], [140.1603, 35.5974], [140.1604, 35.5977], [140.159, 35.5988], [140.1573, 35.5993], [140.1556, 35.6007], [140.1548, 35.6021], [140.153, 35.6039], [140.1547, 35.6052], [140.1536, 35.6056], [140.1526, 35.6054], [140.1515, 35.6057], [140.1513, 35.6055], [140.1505, 35.6055], [140.1489, 35.6069], [140.1483, 35.6066], [140.148, 35.6069], [140.1476, 35.6076], [140.1487, 35.6091], [140.1513, 35.6088], [140.151, 35.6123], [140.1526, 35.6144], [140.1537, 35.6173], [140.1525, 35.6174], [140.1528, 35.618], [140.1514, 35.6185], [140.1518, 35.6197], [140.1515, 35.6198], [140.1509, 35.6184], [140.1494, 35.6182], [140.1489, 35.6177], [140.1475, 35.6175], [140.1449, 35.6178], [140.1434, 35.6175], [140.1404, 35.6169], [140.1345, 35.6148], [140.1335, 35.6148], [140.131, 35.6213], [140.127, 35.626], [140.1263, 35.629], [140.1246, 35.6286], [140.1248, 35.6281], [140.1254, 35.6278], [140.1252, 35.6275], [140.1241, 35.6275], [140.1237, 35.6265], [140.1239, 35.6249], [140.1236, 35.6244], [140.1224, 35.6243], [140.1204, 35.6248], [140.1206, 35.6246], [140.1196, 35.6237], [140.1192, 35.6245], [140.1179, 35.6236], [140.1175, 35.6237], [140.1176, 35.6234], [140.1164, 35.623], [140.1154, 35.6252], [140.1149, 35.6252], [140.1043, 35.6226], [140.1041, 35.6229], [140.1036, 35.6226], [140.1021, 35.6241], [140.0992, 35.6225], [140.0994, 35.6223], [140.0964, 35.6211], [140.0967, 35.6201], [140.1033, 35.6138], [140.1053, 35.6112], [140.0955, 35.6046], [140.0965, 35.6049], [140.0951, 35.604], [140.0954, 35.6045], [140.0941, 35.6037], [140.0933, 35.6037], [140.0929, 35.6042], [140.0928, 35.6038], [140.0915, 35.6055], [140.0913, 35.6053], [140.0908, 35.6057], [140.0902, 35.6063], [140.091, 35.606], [140.0879, 35.6091], [140.0883, 35.6082], [140.0872, 35.6093], [140.0878, 35.6092], [140.0871, 35.6098], [140.0868, 35.6096], [140.0858, 35.6107], [140.0865, 35.6104], [140.0844, 35.612], [140.085, 35.6119], [140.0841, 35.6127], [140.084, 35.6125], [140.0831, 35.6133], [140.0835, 35.6134], [140.083, 35.6139], [140.0793, 35.6113], [140.0797, 35.6112], [140.0793, 35.6109], [140.0792, 35.6113], [140.0779, 35.6104], [140.0792, 35.6092], [140.0794, 35.6095], [140.0806, 35.6082], [140.0803, 35.6081], [140.0818, 35.6066], [140.0815, 35.6074], [140.0831, 35.6058], [140.0818, 35.6066], [140.0841, 35.6043], [140.0842, 35.6046], [140.0845, 35.6043], [140.0844, 35.604], [140.0868, 35.6018], [140.0865, 35.6018], [140.0862, 35.6012], [140.0865, 35.6012], [140.0864, 35.601], [140.0862, 35.6012], [140.0862, 35.6007], [140.086, 35.6008], [140.0858, 35.6003], [140.0861, 35.6004], [140.086, 35.6002], [140.0858, 35.6003], [140.0856, 35.5999], [140.0858, 35.5999], [140.0854, 35.5996], [140.0857, 35.5996], [140.0844, 35.5971], [140.0846, 35.5976], [140.0839, 35.5968], [140.0822, 35.5984], [140.0801, 35.597], [140.0807, 35.597], [140.0799, 35.5965], [140.0801, 35.597], [140.0788, 35.596], [140.0796, 35.5966], [140.0793, 35.5967], [140.0822, 35.5985], [140.0805, 35.6002], [140.0792, 35.5989], [140.0804, 35.6002], [140.0696, 35.6108], [140.0678, 35.6123], [140.0663, 35.611], [140.0672, 35.6118], [140.0663, 35.6127], [140.0591, 35.6186], [140.0579, 35.6193], [140.0573, 35.619], [140.0584, 35.62], [140.0568, 35.6213], [140.0583, 35.6223], [140.0578, 35.6227], [140.0576, 35.6225], [140.0577, 35.6233], [140.0569, 35.6235], [140.0569, 35.6231], [140.0566, 35.6232], [140.0566, 35.6228], [140.0564, 35.6231], [140.0562, 35.6229], [140.057, 35.6221], [140.0573, 35.6222], [140.0566, 35.6215], [140.0553, 35.6223], [140.0533, 35.6208], [140.0514, 35.6206], [140.0511, 35.6203], [140.0512, 35.6206], [140.0533, 35.6209], [140.055, 35.6221], [140.0489, 35.6273], [140.0484, 35.6266], [140.0482, 35.6269], [140.0488, 35.6273], [140.0473, 35.6287], [140.0444, 35.63], [140.0434, 35.6291], [140.0429, 35.6281], [140.043, 35.6271], [140.0436, 35.6262], [140.0429, 35.6271], [140.0429, 35.6283], [140.0434, 35.6292], [140.0453, 35.6308], [140.0446, 35.6313], [140.0449, 35.6316], [140.0439, 35.6325], [140.0436, 35.6322], [140.0431, 35.6326], [140.0416, 35.6315], [140.043, 35.6326], [140.0401, 35.635], [140.0377, 35.6364], [140.0362, 35.6355], [140.0374, 35.6364], [140.0373, 35.6369], [140.0322, 35.6414], [140.0286, 35.6441], [140.0272, 35.643], [140.0292, 35.6446], [140.0289, 35.6448], [140.0282, 35.6443], [140.0289, 35.6448], [140.0284, 35.6452], [140.0292, 35.6459], [140.0288, 35.6462], [139.9231, 35.509], [139.9487, 35.4424], [139.9511, 35.4561], [139.9622, 35.4587], [139.9624, 35.458], [139.9628, 35.4581], [139.9627, 35.4587], [139.9634, 35.4567], [139.9631, 35.4573], [139.9627, 35.4572], [139.9632, 35.4556], [139.9632, 35.4566], [139.9647, 35.453], [139.9646, 35.4525], [139.9642, 35.4535], [139.964, 35.4535], [139.965, 35.4507], [139.9645, 35.45], [139.9567, 35.4481], [139.956, 35.4485], [139.9542, 35.4535], [139.9521, 35.453], [139.955, 35.4451], [139.9541, 35.4443], [139.9547, 35.444], [139.9545, 35.4438], [139.9557, 35.4437], [139.9563, 35.4447], [139.9573, 35.4457], [139.9573, 35.4451], [139.9577, 35.4451], [139.9578, 35.4458], [139.9583, 35.4461], [139.9584, 35.4459], [139.9614, 35.4466], [139.9617, 35.4428], [139.9622, 35.4427], [139.9619, 35.4468], [139.9677, 35.4481], [139.9698, 35.4489], [139.9677, 35.4481], [139.968, 35.446], [139.9745, 35.4485], [139.9726, 35.4517], [139.9711, 35.4561], [139.9688, 35.4568], [139.971, 35.4562], [139.97, 35.4592], [139.9678, 35.4599], [139.9699, 35.4593], [139.9694, 35.4607], [139.968, 35.4613], [139.9674, 35.4628], [139.9676, 35.4634], [139.9673, 35.4628], [139.9663, 35.4653], [139.9664, 35.4655], [139.9668, 35.4654], [139.9658, 35.4685], [139.9673, 35.4691], [139.9638, 35.4733], [139.9651, 35.472], [139.9648, 35.4726], [139.9653, 35.4722], [139.9656, 35.4718], [139.9652, 35.4718], [139.9674, 35.4692], [139.9702, 35.4702], [139.9699, 35.4706], [139.9702, 35.4702], [139.9731, 35.4713], [139.9708, 35.4739], [139.971, 35.4734], [139.9704, 35.4741], [139.9703, 35.4744], [139.9707, 35.4741], [139.9695, 35.4756], [139.9707, 35.4741], [139.9707, 35.4744], [139.971, 35.4743], [139.9714, 35.4738], [139.9709, 35.474], [139.9732, 35.4714], [139.9746, 35.4719], [139.9739, 35.4732], [139.9747, 35.472], [139.9775, 35.473], [139.9773, 35.4734], [139.9775, 35.473], [139.982, 35.4748], [139.9923, 35.4574], [139.9892, 35.4543], [139.9906, 35.4517], [139.9912, 35.4519], [139.9909, 35.4523], [139.9934, 35.4532], [139.9928, 35.4543], [139.9918, 35.4539], [139.9928, 35.4543], [139.9929, 35.4542], [139.9944, 35.4559], [139.9981, 35.4573], [139.9971, 35.459], [139.9975, 35.4592], [139.9973, 35.4595], [139.9968, 35.4593], [139.9948, 35.4594], [139.9912, 35.4655], [139.9916, 35.4656], [139.9891, 35.4699], [139.9931, 35.4721], [139.9925, 35.4743], [139.9932, 35.4722], [139.9936, 35.4724], [139.9933, 35.4734], [139.9937, 35.4724], [139.9953, 35.4706], [139.9947, 35.4724], [139.9993, 35.4659], [140.0003, 35.4666], [139.9998, 35.4671], [140, 35.4672], [140.0004, 35.4666], [140.0014, 35.4672], [140.0009, 35.4676], [140.0012, 35.4678], [140.0015, 35.4672], [140.0033, 35.4683], [140.0008, 35.4713], [140.0005, 35.4711], [140.0012, 35.4703], [140.0004, 35.4712], [140.0007, 35.4713], [139.9968, 35.4761], [139.9982, 35.4748], [140.0055, 35.4787], [140.0025, 35.4825], [140.0055, 35.4788], [140.0067, 35.4795], [140.005, 35.4809], [140.0067, 35.4795], [140.007, 35.4798], [140.0066, 35.4802], [140.0077, 35.4797], [140.0071, 35.4798], [140.0067, 35.4792], [140.0085, 35.4782], [140.009, 35.4789], [140.0086, 35.4782], [140.0099, 35.4775], [140.0102, 35.4789], [140.0105, 35.4788], [140.0101, 35.4774], [140.0109, 35.4769], [140.0114, 35.4782], [140.0111, 35.4769], [140.0118, 35.4765], [140.0123, 35.4778], [140.0119, 35.4764], [140.0127, 35.476], [140.0129, 35.4771], [140.0128, 35.476], [140.0126, 35.4759], [140.0132, 35.4751], [140.0137, 35.4753], [140.0135, 35.4757], [140.0137, 35.4754], [140.0162, 35.472], [140.0157, 35.4725], [140.0154, 35.4723], [140.016, 35.4714], [140.0215, 35.4667], [140.0227, 35.4674], [140.0215, 35.4693], [140.0206, 35.4698], [140.0183, 35.4726], [140.0199, 35.4744], [140.0181, 35.4769], [140.017, 35.4775], [140.0157, 35.4797], [140.0164, 35.4789], [140.0172, 35.4798], [140.0166, 35.48], [140.0172, 35.4798], [140.0177, 35.4805], [140.0145, 35.4824], [140.0143, 35.4822], [140.0145, 35.4824], [140.0136, 35.4827], [140.0137, 35.4828], [140.0129, 35.4833], [140.0126, 35.483], [140.013, 35.4826], [140.0121, 35.4832], [140.0125, 35.4831], [140.0128, 35.4833], [140.0115, 35.4841], [140.0124, 35.4837], [140.0132, 35.4846], [140.0121, 35.4852], [140.0122, 35.4854], [140.011, 35.4856], [140.0123, 35.4855], [140.0106, 35.4861], [140.0124, 35.4856], [140.0154, 35.4892], [140.0164, 35.4888], [140.0166, 35.4892], [140.0159, 35.4897], [140.0166, 35.4908], [140.0199, 35.4944], [140.019, 35.4948], [140.0186, 35.4943], [140.0197, 35.4956], [140.0192, 35.4948], [140.0199, 35.4945], [140.0219, 35.4968], [140.0234, 35.496], [140.0238, 35.4965], [140.0233, 35.4969], [140.0247, 35.4961], [140.0239, 35.4964], [140.0235, 35.496], [140.0259, 35.4947], [140.0266, 35.4954], [140.0277, 35.4949], [140.0287, 35.4959], [140.0282, 35.4962], [140.0286, 35.4967], [140.0284, 35.4964], [140.0288, 35.496], [140.0296, 35.497], [140.0299, 35.4969], [140.028, 35.4946], [140.033, 35.4917], [140.0343, 35.493], [140.0338, 35.4934], [140.0343, 35.4931], [140.0347, 35.4935], [140.0339, 35.4941], [140.0348, 35.4936], [140.0351, 35.4941], [140.0344, 35.4945], [140.0352, 35.4941], [140.0356, 35.4946], [140.0348, 35.4951], [140.0357, 35.4947], [140.0361, 35.4952], [140.0363, 35.4951], [140.0308, 35.4983], [140.0306, 35.4982], [140.0308, 35.4984], [140.0252, 35.5016], [140.0301, 35.5075], [140.0295, 35.5076], [140.0294, 35.5079], [140.0301, 35.5075], [140.0339, 35.5119], [140.0329, 35.5136], [140.0339, 35.5119], [140.038, 35.5096], [140.0382, 35.511], [140.0381, 35.5096], [140.0387, 35.5093], [140.0392, 35.5091], [140.0402, 35.5103], [140.0402, 35.5099], [140.0404, 35.5102], [140.0402, 35.5098], [140.0399, 35.5096], [140.0402, 35.5099], [140.04, 35.51], [140.0392, 35.5091], [140.0423, 35.5074], [140.0434, 35.5084], [140.043, 35.5087], [140.0432, 35.509], [140.0435, 35.5086], [140.0438, 35.5093], [140.0443, 35.5091], [140.0445, 35.5093], [140.0442, 35.5095], [140.0446, 35.5099], [140.0437, 35.5104], [140.0446, 35.5099], [140.0458, 35.5113], [140.0419, 35.5135], [140.0403, 35.5129], [140.0418, 35.5136], [140.0422, 35.5134], [140.0424, 35.5136], [140.0409, 35.5144], [140.0404, 35.5138], [140.0409, 35.5145], [140.0401, 35.5149], [140.0397, 35.5144], [140.0401, 35.5149], [140.0389, 35.5156], [140.0383, 35.5147], [140.0381, 35.5149], [140.0388, 35.5156], [140.0377, 35.5162], [140.0373, 35.5158], [140.0368, 35.5159], [140.0373, 35.5159], [140.0377, 35.5163], [140.0369, 35.5164], [140.0377, 35.5164], [140.05, 35.531], [140.0521, 35.5298], [140.0522, 35.5303], [140.0526, 35.53], [140.0523, 35.5297], [140.0571, 35.5269], [140.0573, 35.5272], [140.056, 35.5283], [140.0564, 35.5282], [140.0576, 35.5272], [140.0572, 35.5269], [140.0577, 35.5266], [140.0606, 35.53], [140.0589, 35.5309], [140.0592, 35.5309], [140.0588, 35.5312], [140.0587, 35.5318], [140.058, 35.5315], [140.0586, 35.5318], [140.0586, 35.5321], [140.0575, 35.5317], [140.0586, 35.5322], [140.0578, 35.5328], [140.0563, 35.5324], [140.0559, 35.5327], [140.0577, 35.5329], [140.0563, 35.5337], [140.0547, 35.5333], [140.0544, 35.5335], [140.0561, 35.5338], [140.0539, 35.535], [140.0544, 35.5357], [140.0542, 35.5358], [140.0544, 35.5357], [140.0559, 35.5374], [140.0552, 35.5378], [140.0559, 35.5374], [140.0572, 35.5389], [140.0564, 35.5393], [140.056, 35.5391], [140.0566, 35.5398], [140.0564, 35.5394], [140.0572, 35.5389], [140.0592, 35.5414], [140.0592, 35.543], [140.0589, 35.5432], [140.0583, 35.5426], [140.0582, 35.5427], [140.0602, 35.5447], [140.0604, 35.5446], [140.0592, 35.5436], [140.0592, 35.5431], [140.0602, 35.5425], [140.0616, 35.5442], [140.0613, 35.5437], [140.0617, 35.5434], [140.0618, 35.5437], [140.0617, 35.5428], [140.0626, 35.5428], [140.0625, 35.5439], [140.0626, 35.5428], [140.0645, 35.5428], [140.0672, 35.5404], [140.0656, 35.5392], [140.069, 35.5373], [140.0699, 35.538], [140.0691, 35.5388], [140.0725, 35.536], [140.0745, 35.5372], [140.0701, 35.542], [140.0684, 35.5469], [140.0723, 35.5502], [140.0739, 35.55], [140.076, 35.5487], [140.076, 35.5484], [140.0776, 35.5472], [140.0776, 35.5485], [140.0776, 35.5472], [140.0783, 35.5466], [140.0783, 35.5475], [140.0784, 35.5466], [140.0797, 35.5456], [140.08, 35.5459], [140.0798, 35.5456], [140.082, 35.5438], [140.0818, 35.5446], [140.0822, 35.5437], [140.0829, 35.5431], [140.0827, 35.5439], [140.0831, 35.543], [140.0837, 35.5426], [140.0837, 35.5431], [140.0839, 35.5425], [140.0845, 35.542], [140.0843, 35.5426], [140.0847, 35.5418], [140.0861, 35.5408], [140.0866, 35.5408], [140.0863, 35.5406], [140.0883, 35.5394], [140.0886, 35.5388], [140.0889, 35.5386], [140.0891, 35.5389], [140.0924, 35.5373], [140.0922, 35.5372], [140.0932, 35.5367], [140.0932, 35.537], [140.0932, 35.5367], [140.094, 35.5363], [140.094, 35.5367], [140.0945, 35.5365], [140.094, 35.5363], [140.0953, 35.5358], [140.0953, 35.5361], [140.0956, 35.536], [140.0953, 35.5357], [140.0961, 35.5355], [140.0967, 35.5312], [140.0957, 35.5308], [140.0959, 35.5297], [140.0975, 35.5289], [140.0978, 35.5281], [140.0979, 35.5298], [140.0974, 35.5322], [140.0978, 35.5325], [140.0971, 35.5361], [140.0978, 35.5365], [140.0975, 35.5367], [140.0997, 35.5376], [140.0994, 35.5378], [140.0996, 35.5379], [140.0997, 35.5376], [140.101, 35.5385], [140.0996, 35.54], [140.0993, 35.5399], [140.0993, 35.5403], [140.0982, 35.5415], [140.096, 35.5402], [140.0945, 35.5403], [140.0916, 35.5417], [140.0916, 35.5414], [140.0913, 35.5416], [140.0915, 35.5418], [140.0901, 35.5429], [140.0927, 35.5445], [140.0926, 35.5447], [140.0928, 35.5446], [140.0943, 35.5456], [140.0937, 35.5462], [140.0933, 35.5461], [140.0936, 35.5462], [140.0931, 35.5468], [140.0928, 35.5466], [140.0931, 35.5468], [140.0916, 35.5484], [140.088, 35.5459], [140.0869, 35.5471], [140.087, 35.5482], [140.0864, 35.5488], [140.086, 35.5485], [140.0857, 35.5488], [140.0865, 35.5493], [140.0863, 35.5495], [140.0866, 35.5494], [140.0867, 35.5498], [140.0872, 35.5498], [140.0871, 35.55], [140.0874, 35.5499], [140.0874, 35.5502], [140.0878, 35.5501], [140.0891, 35.5509], [140.0882, 35.552], [140.0923, 35.5545], [140.0988, 35.5551], [140.0991, 35.555], [140.0988, 35.5548], [140.0996, 35.5545], [140.1004, 35.5546], [140.1, 35.5543], [140.101, 35.5539], [140.1035, 35.5531], [140.1037, 35.5533], [140.1067, 35.5522], [140.1065, 35.552], [140.107, 35.5518], [140.1073, 35.552], [140.1071, 35.5518], [140.1123, 35.5499], [140.1128, 35.5486], [140.109, 35.5443], [140.1149, 35.5409], [140.1157, 35.5415], [140.1107, 35.5446], [140.1156, 35.5505], [140.1168, 35.5505], [140.1189, 35.5515], [140.1205, 35.5515], [140.1211, 35.5512], [140.1211, 35.5516], [140.1217, 35.5518], [140.1214, 35.551], [140.1211, 35.551], [140.1214, 35.5503], [140.1222, 35.5494], [140.1229, 35.5501], [140.1227, 35.5508], [140.123, 35.5508], [140.1233, 35.5504], [140.1228, 35.5486], [140.1239, 35.5481], [140.1256, 35.5488], [140.1266, 35.5489], [140.1271, 35.548], [140.1284, 35.5476], [140.1283, 35.5468], [140.1275, 35.5473], [140.127, 35.547], [140.1274, 35.5463], [140.1287, 35.5461], [140.1297, 35.5472], [140.1303, 35.5473], [140.1308, 35.5466], [140.1302, 35.5458], [140.1307, 35.5453], [140.1325, 35.5453], [140.1329, 35.5456], [140.1341, 35.5455], [140.134, 35.5445], [140.1329, 35.5442], [140.1327, 35.5445], [140.133, 35.5451], [140.1322, 35.5446], [140.1331, 35.543], [140.1341, 35.5425], [140.1354, 35.5427], [140.1384, 35.5463], [140.1353, 35.549], [140.1364, 35.5495], [140.1376, 35.5508], [140.1383, 35.5501], [140.1394, 35.5498], [140.1421, 35.5479], [140.1432, 35.5491], [140.1436, 35.5488], [140.1447, 35.5503], [140.1455, 35.5505], [140.1457, 35.5511], [140.1469, 35.5503], [140.1483, 35.5499], [140.1492, 35.55], [140.1525, 35.5515], [140.1564, 35.5521], [140.1574, 35.5532], [140.1589, 35.5533], [140.1577, 35.5554], [140.1576, 35.5571], [140.1563, 35.5577], [140.1562, 35.5582], [140.1574, 35.5597], [140.158, 35.5621], [140.1586, 35.5623], [140.1581, 35.5628], [140.1586, 35.5636], [140.1593, 35.5637], [140.1601, 35.5641], [140.1601, 35.5644], [140.1692, 35.5644], [140.1696, 35.5658], [140.1692, 35.5676], [140.1702, 35.5675], [140.1703, 35.5678], [140.1719, 35.5675], [140.1716, 35.5677], [140.172, 35.5682], [140.1727, 35.5682], [140.1724, 35.5688], [140.1736, 35.5701], [140.1722, 35.571], [140.1711, 35.5723]]]}, "properties": {"name": "千葉県千葉市中央区"}}, {"type": "Feature", "geometry": {"type": "Polygon", "coordinates": [[[140.1367, 35.6975], [140.1341, 35.6997], [140.1292, 35.6991], [140.1243, 35.699], [140.1236, 35.6992], [140.1226, 35.7017], [140.1226, 35.707], [140.1205, 35.7082], [140.1192, 35.7086], [140.1179, 35.7095], [140.1163, 35.712], [140.1157, 35.7121], [140.1154, 35.7126], [140.1142, 35.7128], [140.1139, 35.7137], [140.1132, 35.7141], [140.1102, 35.7121], [140.1104, 35.7119], [140.1098, 35.7112], [140.1091, 35.7095], [140.1074, 35.7095], [140.1067, 35.7099], [140.1052, 35.7091], [140.1033, 35.7066], [140.1029, 35.7055], [140.1013, 35.7031], [140.0983, 35.7008], [140.0978, 35.6997], [140.0971, 35.6993], [140.0965, 35.6982], [140.0943, 35.6956], [140.0938, 35.6942], [140.0941, 35.6934], [140.0933, 35.692], [140.0923, 35.6929], [140.0902, 35.6937], [140.0837, 35.6948], [140.0835, 35.6945], [140.0827, 35.6946], [140.0828, 35.6948], [140.0813, 35.6948], [140.0764, 35.6877], [140.0725, 35.6841], [140.0709, 35.6831], [140.0691, 35.6811], [140.068, 35.678], [140.0674, 35.6782], [140.0673, 35.6773], [140.0666, 35.6772], [140.0659, 35.6764], [140.0646, 35.678], [140.0639, 35.678], [140.0636, 35.6792], [140.0627, 35.6795], [140.0621, 35.6786], [140.0625, 35.6776], [140.061, 35.6761], [140.0611, 35.6765], [140.0597, 35.6772], [140.0608, 35.6788], [140.0573, 35.6799], [140.0573, 35.6788], [140.0551, 35.6773], [140.0543, 35.6755], [140.0535, 35.6759], [140.0539, 35.677], [140.0526, 35.6779], [140.0512, 35.677], [140.0509, 35.6775], [140.0498, 35.6779], [140.0502, 35.6788], [140.05, 35.679], [140.0488, 35.6779], [140.0481, 35.6764], [140.0455, 35.6769], [140.0451, 35.6776], [140.0442, 35.6766], [140.0418, 35.6778], [140.0348, 35.6694], [140.0399, 35.6663], [140.0431, 35.6632], [140.0456, 35.6615], [140.0423, 35.6592], [140.0575, 35.6502], [140.0581, 35.6521], [140.061, 35.6501], [140.0612, 35.6506], [140.0641, 35.6482], [140.0671, 35.6463], [140.0718, 35.6423], [140.0736, 35.6413], [140.0738, 35.6414], [140.0764, 35.6453], [140.077, 35.6457], [140.0773, 35.6456], [140.0773, 35.6459], [140.0784, 35.6467], [140.0797, 35.647], [140.0825, 35.6486], [140.0836, 35.6498], [140.084, 35.6513], [140.0847, 35.6512], [140.0844, 35.6508], [140.0851, 35.6506], [140.0848, 35.6502], [140.0857, 35.6502], [140.0872, 35.6495], [140.0922, 35.6534], [140.098, 35.657], [140.099, 35.6583], [140.0985, 35.6606], [140.0938, 35.6612], [140.0946, 35.6618], [140.0972, 35.6618], [140.0997, 35.663], [140.1034, 35.6634], [140.1078, 35.6636], [140.1095, 35.6632], [140.1149, 35.6632], [140.1168, 35.6657], [140.1183, 35.6693], [140.1172, 35.6699], [140.1171, 35.6697], [140.1165, 35.6703], [140.1166, 35.6708], [140.1183, 35.6713], [140.1192, 35.6721], [140.1202, 35.6749], [140.1231, 35.674], [140.1256, 35.6791], [140.1372, 35.6754], [140.137, 35.6724], [140.136, 35.6706], [140.1362, 35.6705], [140.1366, 35.6712], [140.1369, 35.6711], [140.1376, 35.6717], [140.1378, 35.6725], [140.1405, 35.6724], [140.142, 35.6713], [140.1402, 35.6729], [140.1381, 35.6732], [140.1383, 35.6754], [140.1367, 35.6802], [140.1374, 35.6805], [140.138, 35.6813], [140.1378, 35.6835], [140.1383, 35.685], [140.1393, 35.6858], [140.1396, 35.6881], [140.1419, 35.6897], [140.1428, 35.6912], [140.1454, 35.6911], [140.147, 35.6917], [140.1476, 35.6916], [140.1481, 35.6912], [140.1478, 35.6897], [140.1485, 35.6912], [140.1489, 35.6911], [140.1506, 35.6901], [140.1519, 35.6888], [140.1517, 35.6882], [140.1509, 35.6879], [140.1494, 35.6866], [140.1488, 35.6849], [140.1481, 35.6843], [140.1491, 35.6847], [140.1495, 35.6863], [140.152, 35.6878], [140.1531, 35.684], [140.1527, 35.6833], [140.1528, 35.6823], [140.1538, 35.6823], [140.1538, 35.6831], [140.1542, 35.6834], [140.1538, 35.6836], [140.153, 35.6865], [140.1531, 35.6874], [140.1527, 35.688], [140.1529, 35.6887], [140.1499, 35.6912], [140.1491, 35.6916], [140.1473, 35.692], [140.1434, 35.6919], [140.1415, 35.6926], [140.1405, 35.6934], [140.1401, 35.6947], [140.1367, 35.6975]]]}, "properties": {"name": "千葉県千葉市花見川区"}}, {"type": "Feature", "geometry": {"type": "Polygon", "coordinates": [[[140.1246, 35.6286], [140.1239, 35.6335], [140.124, 35.6384], [140.1262, 35.6396], [140.1271, 35.6416], [140.1269, 35.642], [140.1251, 35.6431], [140.1241, 35.645], [140.1242, 35.6467], [140.1251, 35.6474], [140.1277, 35.6481], [140.1282, 35.6485], [140.1283, 35.6501], [140.1294, 35.6525], [140.1288, 35.6534], [140.129, 35.6546], [140.1286, 35.6553], [140.1294, 35.6557], [140.1319, 35.655], [140.1327, 35.6554], [140.1342, 35.6555], [140.1329, 35.6555], [140.1333, 35.6564], [140.135, 35.6559], [140.1355, 35.6561], [140.1359, 35.6558], [140.1356, 35.6552], [140.1379, 35.6545], [140.1379, 35.6541], [140.1399, 35.6536], [140.1399, 35.6533], [140.141, 35.6533], [140.1412, 35.6539], [140.1468, 35.6543], [140.1503, 35.6575], [140.1499, 35.6566], [140.1525, 35.6557], [140.1523, 35.6553], [140.1538, 35.6547], [140.1537, 35.6545], [140.1559, 35.654], [140.1568, 35.6573], [140.1523, 35.6592], [140.153, 35.6602], [140.1508, 35.6622], [140.1512, 35.6639], [140.1504, 35.666], [140.1507, 35.6675], [140.152, 35.6705], [140.1516, 35.6709], [140.152, 35.6729], [140.1527, 35.6732], [140.1524, 35.6749], [140.1531, 35.6753], [140.1533, 35.676], [140.1528, 35.678], [140.1531, 35.6791], [140.1523, 35.6792], [140.1519, 35.6778], [140.1527, 35.6773], [140.1527, 35.6763], [140.1521, 35.6749], [140.1523, 35.6744], [140.1516, 35.6722], [140.1513, 35.6697], [140.1509, 35.6688], [140.1501, 35.668], [140.141, 35.6675], [140.141, 35.6689], [140.1362, 35.6705], [140.136, 35.6706], [140.137, 35.6724], [140.1372, 35.6754], [140.1256, 35.6791], [140.1231, 35.674], [140.1202, 35.6749], [140.1192, 35.6721], [140.1183, 35.6713], [140.1166, 35.6708], [140.1165, 35.6703], [140.1171, 35.6697], [140.1172, 35.6699], [140.1183, 35.6693], [140.1168, 35.6657], [140.1149, 35.6632], [140.1095, 35.6632], [140.1078, 35.6636], [140.1034, 35.6634], [140.0997, 35.663], [140.0972, 35.6618], [140.0946, 35.6618], [140.0938, 35.6612], [140.0985, 35.6606], [140.099, 35.6583], [140.098, 35.657], [140.0922, 35.6534], [140.0872, 35.6495], [140.0857, 35.6502], [140.0848, 35.6502], [140.0851, 35.6506], [140.0844, 35.6508], [140.0847, 35.6512], [140.084, 35.6513], [140.0836, 35.6498], [140.0825, 35.6486], [140.0797, 35.647], [140.0784, 35.6467], [140.0773, 35.6459], [140.0773, 35.6456], [140.077, 35.6457], [140.0764, 35.6453], [140.0738, 35.6414], [140.0774, 35.6387], [140.0778, 35.6381], [140.082, 35.6348], [140.0868, 35.6303], [140.0967, 35.6201], [140.0964, 35.6211], [140.0994, 35.6223], [140.0992, 35.6225], [140.1021, 35.6241], [140.1036, 35.6226], [140.1041, 35.6229], [140.1043, 35.6226], [140.1149, 35.6252], [140.1154, 35.6252], [140.1164, 35.623], [140.1176, 35.6234], [140.1175, 35.6237], [140.1179, 35.6236], [140.1192, 35.6245], [140.1196, 35.6237], [140.1206, 35.6246], [140.1204, 35.6248], [140.1224, 35.6243], [140.1236, 35.6244], [140.1239, 35.6249], [140.1237, 35.6265], [140.1241, 35.6275], [140.1252, 35.6275], [140.1254, 35.6278], [140.1248, 35.6281], [140.1246, 35.6286]]]}, "properties": {"name": "千葉県千葉市稲毛区"}}, {"type": "Feature", "geometry": {"type": "Polygon", "coordinates": [[[140.1752, 35.5809], [140.1763, 35.5812], [140.1769, 35.5809], [140.1777, 35.5821], [140.1794, 35.5833], [140.1791, 35.5837], [140.1832, 35.5852], [140.183, 35.5856], [140.1868, 35.5847], [140.1873, 35.5866], [140.1893, 35.5857], [140.1913, 35.5856], [140.1913, 35.5858], [140.1936, 35.5852], [140.193, 35.5833], [140.1947, 35.5828], [140.196, 35.5848], [140.2025, 35.5853], [140.2023, 35.5836], [140.2046, 35.5826], [140.2047, 35.5821], [140.204, 35.5807], [140.2023, 35.5789], [140.2019, 35.5782], [140.2019, 35.5773], [140.2007, 35.5758], [140.2021, 35.5771], [140.2025, 35.5771], [140.2023, 35.5774], [140.2028, 35.5772], [140.2069, 35.5739], [140.2102, 35.5701], [140.2096, 35.5713], [140.2101, 35.5745], [140.2121, 35.5765], [140.2142, 35.5777], [140.2158, 35.5766], [140.2165, 35.5767], [140.2173, 35.5765], [140.2178, 35.5777], [140.2185, 35.5774], [140.2192, 35.5791], [140.2199, 35.5777], [140.2209, 35.5772], [140.2237, 35.577], [140.2249, 35.5744], [140.2269, 35.5729], [140.2279, 35.5729], [140.2283, 35.5726], [140.2265, 35.5705], [140.226, 35.569], [140.2261, 35.5683], [140.2273, 35.567], [140.2304, 35.5647], [140.2331, 35.5637], [140.2373, 35.5614], [140.2386, 35.5611], [140.2399, 35.5622], [140.2402, 35.5628], [140.2401, 35.5655], [140.2406, 35.5666], [140.2409, 35.5669], [140.2414, 35.5666], [140.2423, 35.5668], [140.2421, 35.5673], [140.2443, 35.5689], [140.2537, 35.562], [140.2558, 35.5642], [140.2573, 35.563], [140.2577, 35.5621], [140.2584, 35.562], [140.2584, 35.5614], [140.2598, 35.5597], [140.2604, 35.5594], [140.2611, 35.5598], [140.263, 35.5589], [140.2661, 35.5587], [140.2661, 35.5574], [140.2664, 35.5573], [140.2668, 35.559], [140.2678, 35.5608], [140.2674, 35.5613], [140.268, 35.5624], [140.271, 35.5655], [140.271, 35.5658], [140.2695, 35.5657], [140.2692, 35.5664], [140.2696, 35.5677], [140.2707, 35.5678], [140.2703, 35.5689], [140.2707, 35.5693], [140.2714, 35.5688], [140.2734, 35.5689], [140.2748, 35.5698], [140.2749, 35.5706], [140.2754, 35.5711], [140.2779, 35.5718], [140.2795, 35.571], [140.2812, 35.5712], [140.2825, 35.5709], [140.284, 35.5715], [140.2854, 35.5714], [140.2876, 35.5709], [140.2888, 35.5701], [140.2869, 35.573], [140.2846, 35.5733], [140.2842, 35.573], [140.2842, 35.5733], [140.2837, 35.5733], [140.2832, 35.5737], [140.2816, 35.5779], [140.2802, 35.5787], [140.2801, 35.5797], [140.2809, 35.5796], [140.2803, 35.5799], [140.2799, 35.5807], [140.2788, 35.5813], [140.277, 35.5813], [140.2748, 35.5821], [140.2744, 35.5835], [140.2754, 35.5857], [140.2751, 35.5862], [140.2752, 35.587], [140.2766, 35.5862], [140.2774, 35.5862], [140.2793, 35.5867], [140.2807, 35.5874], [140.2772, 35.5863], [140.2753, 35.5873], [140.2752, 35.5876], [140.2762, 35.5882], [140.2762, 35.5887], [140.276, 35.5882], [140.2753, 35.5878], [140.2746, 35.5886], [140.2739, 35.5886], [140.2741, 35.5891], [140.2737, 35.5895], [140.2732, 35.589], [140.2726, 35.5891], [140.2704, 35.5924], [140.2681, 35.5941], [140.2645, 35.5958], [140.2629, 35.5979], [140.2639, 35.5986], [140.2627, 35.5982], [140.2611, 35.5996], [140.2616, 35.6004], [140.2607, 35.6028], [140.2611, 35.6038], [140.2619, 35.6042], [140.2623, 35.6059], [140.2639, 35.606], [140.267, 35.607], [140.2678, 35.6076], [140.2675, 35.6087], [140.2681, 35.6106], [140.2673, 35.6113], [140.267, 35.6124], [140.2675, 35.6173], [140.2657, 35.6192], [140.2657, 35.6199], [140.2646, 35.6207], [140.2648, 35.6219], [140.2665, 35.6241], [140.2661, 35.6245], [140.2664, 35.6265], [140.2653, 35.6276], [140.2648, 35.6268], [140.2637, 35.627], [140.2614, 35.6266], [140.2575, 35.6254], [140.2561, 35.6247], [140.256, 35.6244], [140.2541, 35.6251], [140.254, 35.6256], [140.2535, 35.6257], [140.253, 35.6257], [140.2526, 35.6249], [140.2507, 35.6256], [140.2495, 35.6273], [140.2484, 35.6275], [140.2487, 35.6286], [140.2453, 35.6302], [140.2429, 35.6305], [140.2433, 35.6324], [140.2422, 35.6332], [140.2411, 35.6328], [140.241, 35.632], [140.2389, 35.6308], [140.238, 35.6312], [140.2366, 35.6312], [140.2361, 35.6318], [140.2348, 35.6326], [140.2337, 35.6325], [140.2313, 35.6333], [140.2291, 35.633], [140.2284, 35.6333], [140.2281, 35.6341], [140.2271, 35.635], [140.2267, 35.6366], [140.2255, 35.6372], [140.2246, 35.637], [140.2238, 35.6365], [140.223, 35.637], [140.2229, 35.6376], [140.2221, 35.6379], [140.2229, 35.6392], [140.223, 35.6415], [140.2223, 35.6432], [140.222, 35.6432], [140.2218, 35.6455], [140.2222, 35.6465], [140.2237, 35.6478], [140.2214, 35.648], [140.2198, 35.6521], [140.2183, 35.6535], [140.2164, 35.654], [140.2158, 35.6547], [140.2132, 35.6544], [140.2118, 35.6545], [140.2103, 35.6541], [140.2066, 35.6521], [140.2057, 35.6517], [140.2049, 35.6518], [140.2048, 35.651], [140.2045, 35.651], [140.2052, 35.6486], [140.2063, 35.6477], [140.2071, 35.6461], [140.2075, 35.646], [140.2078, 35.6464], [140.2085, 35.6462], [140.2086, 35.6459], [140.2061, 35.6438], [140.2049, 35.6417], [140.1995, 35.6358], [140.195, 35.6292], [140.1949, 35.6282], [140.1942, 35.6279], [140.1934, 35.6268], [140.19, 35.6254], [140.1892, 35.6257], [140.1893, 35.6261], [140.1864, 35.6285], [140.185, 35.629], [140.1869, 35.6318], [140.186, 35.6331], [140.1881, 35.6341], [140.1903, 35.6378], [140.191, 35.6374], [140.1909, 35.6372], [140.1916, 35.6374], [140.1919, 35.6397], [140.1931, 35.6395], [140.1931, 35.6388], [140.1935, 35.6388], [140.1937, 35.6396], [140.1952, 35.6394], [140.1957, 35.6398], [140.1955, 35.6404], [140.1941, 35.6398], [140.1924, 35.6401], [140.1907, 35.6414], [140.1899, 35.6427], [140.189, 35.6431], [140.1861, 35.6421], [140.1852, 35.6443], [140.1862, 35.6461], [140.1852, 35.647], [140.1825, 35.6455], [140.1805, 35.6436], [140.1802, 35.6451], [140.1827, 35.6476], [140.183, 35.6481], [140.1826, 35.6489], [140.1806, 35.6487], [140.1794, 35.6489], [140.1795, 35.6504], [140.1776, 35.6523], [140.1761, 35.6535], [140.1742, 35.654], [140.1738, 35.6538], [140.174, 35.6508], [140.1736, 35.6495], [140.1705, 35.6454], [140.1701, 35.6458], [140.1715, 35.6475], [140.1731, 35.6503], [140.1732, 35.6517], [140.1721, 35.6523], [140.1696, 35.6507], [140.1683, 35.6491], [140.167, 35.6488], [140.1649, 35.6464], [140.1632, 35.6451], [140.1594, 35.646], [140.1575, 35.6468], [140.1553, 35.6505], [140.1559, 35.654], [140.1537, 35.6545], [140.1538, 35.6547], [140.1523, 35.6553], [140.1525, 35.6557], [140.1499, 35.6566], [140.1503, 35.6575], [140.1468, 35.6543], [140.1412, 35.6539], [140.141, 35.6533], [140.1399, 35.6533], [140.1399, 35.6536], [140.1379, 35.6541], [140.1379, 35.6545], [140.1356, 35.6552], [140.1359, 35.6558], [140.1355, 35.6561], [140.135, 35.6559], [140.1333, 35.6564], [140.1329, 35.6555], [140.1342, 35.6555], [140.1327, 35.6554], [140.1319, 35.655], [140.1294, 35.6557], [140.1286, 35.6553], [140.129, 35.6546], [140.1288, 35.6534], [140.1294, 35.6525], [140.1283, 35.6501], [140.1282, 35.6485], [140.1277, 35.6481], [140.1251, 35.6474], [140.1242, 35.6467], [140.1241, 35.645], [140.1251, 35.6431], [140.1269, 35.642], [140.1271, 35.6416], [140.1262, 35.6396], [140.124, 35.6384], [140.1239, 35.6335], [140.1246, 35.6286], [140.1263, 35.629], [140.127, 35.626], [140.131, 35.6213], [140.1335, 35.6148], [140.1345, 35.6148], [140.1404, 35.6169], [140.1434, 35.6175], [140.1449, 35.6178], [140.1475, 35.6175], [140.1489, 35.6177], [140.1494, 35.6182], [140.1509, 35.6184], [140.1515, 35.6198], [140.1518, 35.6197], [140.1514, 35.6185], [140.1528, 35.618], [140.1525, 35.6174], [140.1537, 35.6173], [140.1526, 35.6144], [140.151, 35.6123], [140.1513, 35.6088], [140.1487, 35.6091], [140.1476, 35.6076], [140.148, 35.6069], [140.1483, 35.6066], [140.1489, 35.6069], [140.1505, 35.6055], [140.1513, 35.6055], [140.1515, 35.6057], [140.1526, 35.6054], [140.1536, 35.6056], [140.1547, 35.6052], [140.153, 35.6039], [140.1548, 35.6021], [140.1556, 35.6007], [140.1573, 35.5993], [140.159, 35.5988], [140.1604, 35.5977], [140.1603, 35.5974], [140.1615, 35.5967], [140.1628, 35.595], [140.1644, 35.5941], [140.1649, 35.5933], [140.1668, 35.5927], [140.1676, 35.5912], [140.1677, 35.589], [140.1684, 35.587], [140.1726, 35.5834], [140.1721, 35.583], [140.1733, 35.5828], [140.1752, 35.5809]]]}, "properties": {"name": "千葉県千葉市若葉区"}}, {"type": "Feature", "geometry": {"type": "MultiPolygon", "coordinates": [[[[140.1421, 35.5479], [140.1467, 35.5442], [140.1523, 35.5409], [140.1567, 35.5366], [140.1579, 35.5363], [140.1588, 35.5356], [140.1601, 35.5361], [140.1621, 35.538], [140.1641, 35.5372], [140.1656, 35.5361], [140.1664, 35.537], [140.1684, 35.5361], [140.1719, 35.5359], [140.1741, 35.5347], [140.1747, 35.5333], [140.1752, 35.5331], [140.176, 35.5334], [140.176, 35.533], [140.1779, 35.533], [140.1786, 35.5326], [140.1805, 35.533], [140.1826, 35.5344], [140.1852, 35.5346], [140.1882, 35.5362], [140.1906, 35.5363], [140.1916, 35.5366], [140.1925, 35.5393], [140.1916, 35.5404], [140.1916, 35.5413], [140.1944, 35.5435], [140.2015, 35.5397], [140.2022, 35.5402], [140.202, 35.5412], [140.2035, 35.5426], [140.2061, 35.5441], [140.2066, 35.5436], [140.2072, 35.5438], [140.2083, 35.5443], [140.2081, 35.5449], [140.2084, 35.5449], [140.2106, 35.544], [140.2111, 35.5424], [140.2122, 35.5425], [140.2133, 35.5405], [140.2147, 35.5395], [140.2155, 35.5413], [140.215, 35.5427], [140.2162, 35.5457], [140.2167, 35.5459], [140.2176, 35.5456], [140.2176, 35.5438], [140.2241, 35.5427], [140.2249, 35.5424], [140.227, 35.5412], [140.2292, 35.5392], [140.2311, 35.5364], [140.232, 35.5335], [140.2308, 35.5328], [140.2297, 35.531], [140.2294, 35.5299], [140.2285, 35.5293], [140.2291, 35.5283], [140.2279, 35.5287], [140.2282, 35.528], [140.2265, 35.5279], [140.2267, 35.5273], [140.2262, 35.5272], [140.2256, 35.5261], [140.2253, 35.525], [140.2242, 35.525], [140.2222, 35.524], [140.2221, 35.5233], [140.2209, 35.5228], [140.2215, 35.5228], [140.2217, 35.5224], [140.2231, 35.5229], [140.2211, 35.522], [140.2211, 35.5217], [140.2248, 35.5219], [140.225, 35.5216], [140.2226, 35.5216], [140.2207, 35.5213], [140.2206, 35.5211], [140.2212, 35.5206], [140.223, 35.5207], [140.2243, 35.5199], [140.2244, 35.5191], [140.2249, 35.5187], [140.2223, 35.5176], [140.2261, 35.515], [140.2273, 35.5137], [140.2285, 35.5137], [140.228, 35.5126], [140.2281, 35.5118], [140.2305, 35.51], [140.2287, 35.5079], [140.2305, 35.5069], [140.2307, 35.5054], [140.232, 35.5035], [140.2384, 35.505], [140.243, 35.5054], [140.2425, 35.5039], [140.2428, 35.5035], [140.2455, 35.5032], [140.2463, 35.5035], [140.248, 35.5034], [140.2491, 35.5018], [140.2506, 35.5018], [140.2516, 35.5023], [140.2537, 35.5017], [140.2547, 35.5027], [140.2552, 35.5024], [140.2552, 35.5018], [140.2547, 35.5018], [140.2544, 35.5008], [140.2539, 35.5008], [140.2543, 35.5006], [140.2539, 35.4995], [140.2544, 35.4993], [140.2549, 35.4986], [140.2529, 35.4981], [140.2543, 35.4969], [140.2561, 35.4972], [140.2561, 35.4969], [140.2554, 35.4967], [140.2555, 35.4964], [140.2543, 35.4965], [140.2544, 35.4961], [140.2555, 35.4944], [140.2568, 35.4942], [140.2581, 35.4937], [140.2631, 35.4944], [140.2624, 35.4958], [140.263, 35.497], [140.2627, 35.4974], [140.2634, 35.4976], [140.2636, 35.4982], [140.2625, 35.4991], [140.2619, 35.4992], [140.2616, 35.4987], [140.2608, 35.4992], [140.2605, 35.5001], [140.2595, 35.501], [140.2597, 35.5018], [140.2607, 35.5026], [140.261, 35.5016], [140.2628, 35.5022], [140.265, 35.5003], [140.2669, 35.5019], [140.2708, 35.4999], [140.2715, 35.4989], [140.2701, 35.4964], [140.2699, 35.494], [140.27, 35.4936], [140.2717, 35.4936], [140.2724, 35.4942], [140.2706, 35.4962], [140.2741, 35.4995], [140.2735, 35.5009], [140.2738, 35.5013], [140.2737, 35.5025], [140.2748, 35.5044], [140.2742, 35.5079], [140.2769, 35.5118], [140.278, 35.5117], [140.2795, 35.5121], [140.2806, 35.5119], [140.2816, 35.5124], [140.2821, 35.5133], [140.2818, 35.5137], [140.283, 35.5155], [140.2829, 35.5162], [140.2836, 35.5169], [140.2835, 35.5171], [140.2843, 35.5173], [140.2846, 35.518], [140.2863, 35.519], [140.2886, 35.5194], [140.2894, 35.5178], [140.2892, 35.5162], [140.2909, 35.5155], [140.2925, 35.5154], [140.2933, 35.5156], [140.2934, 35.5161], [140.2944, 35.5163], [140.2949, 35.517], [140.2958, 35.5171], [140.2961, 35.5174], [140.2964, 35.5172], [140.2999, 35.519], [140.3008, 35.5203], [140.3004, 35.5205], [140.2993, 35.5203], [140.298, 35.5215], [140.2961, 35.5218], [140.2952, 35.5211], [140.2943, 35.5209], [140.2923, 35.5219], [140.2904, 35.522], [140.2882, 35.523], [140.2882, 35.5243], [140.2893, 35.527], [140.2888, 35.5278], [140.2912, 35.5289], [140.2923, 35.5307], [140.2929, 35.5307], [140.2929, 35.531], [140.2919, 35.5317], [140.2917, 35.5315], [140.2908, 35.5317], [140.2892, 35.533], [140.2891, 35.5343], [140.2875, 35.5359], [140.2862, 35.5387], [140.2845, 35.5399], [140.2828, 35.5405], [140.2821, 35.5413], [140.2815, 35.5415], [140.2814, 35.5413], [140.2806, 35.5434], [140.2811, 35.5453], [140.2804, 35.5468], [140.2815, 35.5476], [140.2818, 35.5489], [140.2817, 35.5499], [140.2807, 35.5507], [140.282, 35.5499], [140.2831, 35.5483], [140.2857, 35.5493], [140.292, 35.5482], [140.2921, 35.5496], [140.2912, 35.5519], [140.2914, 35.5537], [140.2911, 35.5556], [140.2917, 35.557], [140.2943, 35.5604], [140.2931, 35.5616], [140.2935, 35.5628], [140.2922, 35.5643], [140.2897, 35.566], [140.2885, 35.5664], [140.2881, 35.5679], [140.2884, 35.5697], [140.2899, 35.5694], [140.2898, 35.5698], [140.2888, 35.5701], [140.2876, 35.5709], [140.2854, 35.5714], [140.284, 35.5715], [140.2825, 35.5709], [140.2812, 35.5712], [140.2795, 35.571], [140.2779, 35.5718], [140.2754, 35.5711], [140.2749, 35.5706], [140.2748, 35.5698], [140.2734, 35.5689], [140.2714, 35.5688], [140.2707, 35.5693], [140.2703, 35.5689], [140.2707, 35.5678], [140.2696, 35.5677], [140.2692, 35.5664], [140.2695, 35.5657], [140.271, 35.5658], [140.271, 35.5655], [140.268, 35.5624], [140.2674, 35.5613], [140.2678, 35.5608], [140.2668, 35.559], [140.2664, 35.5573], [140.2661, 35.5574], [140.2661, 35.5587], [140.263, 35.5589], [140.2611, 35.5598], [140.2604, 35.5594], [140.2598, 35.5597], [140.2584, 35.5614], [140.2584, 35.562], [140.2577, 35.5621], [140.2573, 35.563], [140.2558, 35.5642], [140.2537, 35.562], [140.2443, 35.5689], [140.2421, 35.5673], [140.2423, 35.5668], [140.2414, 35.5666], [140.2409, 35.5669], [140.2406, 35.5666], [140.2401, 35.5655], [140.2402, 35.5628], [140.2399, 35.5622], [140.2386, 35.5611], [140.2373, 35.5614], [140.2331, 35.5637], [140.2304, 35.5647], [140.2273, 35.567], [140.2261, 35.5683], [140.226, 35.569], [140.2265, 35.5705], [140.2283, 35.5726], [140.2279, 35.5729], [140.2269, 35.5729], [140.2249, 35.5744], [140.2237, 35.577], [140.2209, 35.5772], [140.2199, 35.5777], [140.2192, 35.5791], [140.2185, 35.5774], [140.2178, 35.5777], [140.2173, 35.5765], [140.2165, 35.5767], [140.2158, 35.5766], [140.2142, 35.5777], [140.2121, 35.5765], [140.2101, 35.5745], [140.2096, 35.5713], [140.2102, 35.5701], [140.2069, 35.5739], [140.2028, 35.5772], [140.2023, 35.5774], [140.2025, 35.5771], [140.2021, 35.5771], [140.2007, 35.5758], [140.2019, 35.5773], [140.2019, 35.5782], [140.2023, 35.5789], [140.204, 35.5807], [140.2047, 35.5821], [140.2046, 35.5826], [140.2023, 35.5836], [140.2025, 35.5853], [140.196, 35.5848], [140.1947, 35.5828], [140.193, 35.5833], [140.1936, 35.5852], [140.1913, 35.5858], [140.1913, 35.5856], [140.1893, 35.5857], [140.1873, 35.5866], [140.1868, 35.5847], [140.183, 35.5856], [140.1832, 35.5852], [140.1791, 35.5837], [140.1794, 35.5833], [140.1777, 35.5821], [140.1769, 35.5809], [140.1763, 35.5812], [140.1752, 35.5809], [140.1723, 35.5792], [140.1718, 35.5774], [140.1695, 35.5765], [140.1687, 35.5765], [140.1711, 35.5723], [140.1722, 35.571], [140.1736, 35.5701], [140.1724, 35.5688], [140.1727, 35.5682], [140.172, 35.5682], [140.1716, 35.5677], [140.1719, 35.5675], [140.1703, 35.5678], [140.1702, 35.5675], [140.1692, 35.5676], [140.1696, 35.5658], [140.1692, 35.5644], [140.1601, 35.5644], [140.1601, 35.5641], [140.1593, 35.5637], [140.1586, 35.5636], [140.1581, 35.5628], [140.1586, 35.5623], [140.158, 35.5621], [140.1574, 35.5597], [140.1562, 35.5582], [140.1563, 35.5577], [140.1576, 35.5571], [140.1577, 35.5554], [140.1589, 35.5533], [140.1574, 35.5532], [140.1564, 35.5521], [140.1525, 35.5515], [140.1492, 35.55], [140.1483, 35.5499], [140.1469, 35.5503], [140.1457, 35.5511], [140.1455, 35.5505], [140.1447, 35.5503], [140.1436, 35.5488], [140.1432, 35.5491], [140.1421, 35.5479]]], [[[140.3028, 35.5205], [140.3032, 35.521], [140.3027, 35.5212], [140.3022, 35.5207], [140.3028, 35.5205]]]]}, "properties": {"name": "千葉県千葉市緑区"}}, {"type": "Feature", "geometry": {"type": "Polygon", "coordinates": [[[140.0967, 35.6201], [140.0868, 35.6303], [140.082, 35.6348], [140.0778, 35.6381], [140.0774, 35.6387], [140.0738, 35.6414], [140.0736, 35.6413], [140.0718, 35.6423], [140.0671, 35.6463], [140.0641, 35.6482], [140.0612, 35.6506], [140.061, 35.6501], [140.0581, 35.6521], [140.0575, 35.6502], [140.0423, 35.6592], [140.0456, 35.6615], [140.0431, 35.6632], [140.0399, 35.6663], [140.0348, 35.6694], [140.0197, 35.6527], [140.0203, 35.6522], [140.0183, 35.6507], [140.0197, 35.6518], [140.0207, 35.6506], [140.0258, 35.6473], [140.0267, 35.6464], [140.0249, 35.645], [140.0269, 35.6465], [140.0277, 35.6459], [140.0284, 35.6465], [140.0288, 35.6462], [140.0292, 35.6459], [140.0284, 35.6452], [140.0289, 35.6448], [140.0282, 35.6443], [140.0289, 35.6448], [140.0292, 35.6446], [140.0272, 35.643], [140.0286, 35.6441], [140.0322, 35.6414], [140.0373, 35.6369], [140.0374, 35.6364], [140.0362, 35.6355], [140.0377, 35.6364], [140.0401, 35.635], [140.043, 35.6326], [140.0416, 35.6315], [140.0431, 35.6326], [140.0436, 35.6322], [140.0439, 35.6325], [140.0449, 35.6316], [140.0446, 35.6313], [140.0453, 35.6308], [140.0434, 35.6292], [140.0429, 35.6283], [140.0429, 35.6271], [140.0436, 35.6262], [140.043, 35.6271], [140.0429, 35.6281], [140.0434, 35.6291], [140.0444, 35.63], [140.0473, 35.6287], [140.0488, 35.6273], [140.0482, 35.6269], [140.0484, 35.6266], [140.0489, 35.6273], [140.055, 35.6221], [140.0533, 35.6209], [140.0512, 35.6206], [140.0511, 35.6203], [140.0514, 35.6206], [140.0533, 35.6208], [140.0553, 35.6223], [140.0566, 35.6215], [140.0573, 35.6222], [140.057, 35.6221], [140.0562, 35.6229], [140.0564, 35.6231], [140.0566, 35.6228], [140.0566, 35.6232], [140.0569, 35.6231], [140.0569, 35.6235], [140.0577, 35.6233], [140.0576, 35.6225], [140.0578, 35.6227], [140.0583, 35.6223], [140.0568, 35.6213], [140.0584, 35.62], [140.0573, 35.619], [140.0579, 35.6193], [140.0591, 35.6186], [140.0663, 35.6127], [140.0672, 35.6118], [140.0663, 35.611], [140.0678, 35.6123], [140.0696, 35.6108], [140.0804, 35.6002], [140.0792, 35.5989], [140.0805, 35.6002], [140.0822, 35.5985], [140.0793, 35.5967], [140.0796, 35.5966], [140.0788, 35.596], [140.0801, 35.597], [140.0799, 35.5965], [140.0807, 35.597], [140.0801, 35.597], [140.0822, 35.5984], [140.0839, 35.5968], [140.0846, 35.5976], [140.0844, 35.5971], [140.0857, 35.5996], [140.0854, 35.5996], [140.0858, 35.5999], [140.0856, 35.5999], [140.0858, 35.6003], [140.086, 35.6002], [140.0861, 35.6004], [140.0858, 35.6003], [140.086, 35.6008], [140.0862, 35.6007], [140.0862, 35.6012], [140.0864, 35.601], [140.0865, 35.6012], [140.0862, 35.6012], [140.0865, 35.6018], [140.0868, 35.6018], [140.0844, 35.604], [140.0845, 35.6043], [140.0842, 35.6046], [140.0841, 35.6043], [140.0818, 35.6066], [140.0831, 35.6058], [140.0815, 35.6074], [140.0818, 35.6066], [140.0803, 35.6081], [140.0806, 35.6082], [140.0794, 35.6095], [140.0792, 35.6092], [140.0779, 35.6104], [140.0792, 35.6113], [140.0793, 35.6109], [140.0797, 35.6112], [140.0793, 35.6113], [140.083, 35.6139], [140.0835, 35.6134], [140.0831, 35.6133], [140.084, 35.6125], [140.0841, 35.6127], [140.085, 35.6119], [140.0844, 35.612], [140.0865, 35.6104], [140.0858, 35.6107], [140.0868, 35.6096], [140.0871, 35.6098], [140.0878, 35.6092], [140.0872, 35.6093], [140.0883, 35.6082], [140.0879, 35.6091], [140.091, 35.606], [140.0902, 35.6063], [140.0908, 35.6057], [140.0913, 35.6053], [140.0915, 35.6055], [140.0928, 35.6038], [140.0929, 35.6042], [140.0933, 35.6037], [140.0941, 35.6037], [140.0954, 35.6045], [140.0951, 35.604], [140.0965, 35.6049], [140.0955, 35.6046], [140.1053, 35.6112], [140.1033, 35.6138], [140.0967, 35.6201]]]}, "properties": {"name": "千葉県千葉市美浜区"}}, {"type": "Feature", "geometry": {"type": "Polygon", "coordinates": [[[140.8585, 35.6951], [140.8614, 35.695], [140.8618, 35.6948], [140.8618, 35.6942], [140.8625, 35.6946], [140.864, 35.694], [140.8638, 35.6934], [140.8641, 35.694], [140.8644, 35.6938], [140.8646, 35.6934], [140.8639, 35.693], [140.8644, 35.6932], [140.8651, 35.6923], [140.8659, 35.6925], [140.8657, 35.693], [140.866, 35.6932], [140.8652, 35.6936], [140.8654, 35.6952], [140.864, 35.6961], [140.863, 35.6982], [140.8627, 35.7026], [140.8635, 35.7032], [140.8635, 35.7036], [140.8641, 35.7036], [140.8641, 35.7039], [140.8636, 35.704], [140.8637, 35.7047], [140.8647, 35.7062], [140.8656, 35.7062], [140.8663, 35.7067], [140.8687, 35.7064], [140.8691, 35.7067], [140.8688, 35.7071], [140.8698, 35.708], [140.8689, 35.7087], [140.8676, 35.709], [140.8677, 35.7093], [140.8669, 35.7093], [140.866, 35.71], [140.8659, 35.7127], [140.8665, 35.7145], [140.8663, 35.7147], [140.8669, 35.7152], [140.867, 35.715], [140.8676, 35.7162], [140.8687, 35.7173], [140.8704, 35.7182], [140.8711, 35.7182], [140.8712, 35.7186], [140.8706, 35.719], [140.8709, 35.7194], [140.8701, 35.7201], [140.8706, 35.7203], [140.8699, 35.7204], [140.8701, 35.7216], [140.8697, 35.7219], [140.87, 35.722], [140.8693, 35.7222], [140.8687, 35.7229], [140.868, 35.7266], [140.8673, 35.7276], [140.8678, 35.7289], [140.8681, 35.7287], [140.8685, 35.7289], [140.8684, 35.7295], [140.8682, 35.7291], [140.8677, 35.7292], [140.868, 35.73], [140.8683, 35.7299], [140.8687, 35.7302], [140.8717, 35.7297], [140.8712, 35.7299], [140.8714, 35.7303], [140.8709, 35.7298], [140.8678, 35.7303], [140.8679, 35.7311], [140.8698, 35.7313], [140.8706, 35.7306], [140.8697, 35.7315], [140.8703, 35.7311], [140.8699, 35.7316], [140.8713, 35.7323], [140.873, 35.7325], [140.8712, 35.7323], [140.8696, 35.7316], [140.8695, 35.7318], [140.8713, 35.7326], [140.8699, 35.732], [140.8694, 35.7326], [140.8708, 35.7333], [140.8677, 35.7378], [140.8717, 35.7398], [140.8675, 35.7382], [140.8671, 35.7387], [140.8686, 35.7395], [140.8671, 35.7388], [140.8655, 35.7413], [140.864, 35.7423], [140.8621, 35.7427], [140.8626, 35.7444], [140.8613, 35.7447], [140.8608, 35.743], [140.8592, 35.7433], [140.8595, 35.7442], [140.8583, 35.7444], [140.8579, 35.7432], [140.8564, 35.7434], [140.8556, 35.743], [140.8518, 35.7379], [140.8485, 35.7379], [140.8485, 35.7382], [140.8484, 35.7379], [140.8469, 35.7378], [140.8478, 35.7381], [140.8476, 35.7382], [140.8432, 35.7372], [140.8416, 35.7365], [140.8403, 35.734], [140.8324, 35.7353], [140.8307, 35.7359], [140.8359, 35.7363], [140.8379, 35.736], [140.8395, 35.7363], [140.8399, 35.7368], [140.8408, 35.737], [140.8375, 35.7365], [140.8291, 35.7359], [140.8204, 35.7361], [140.82, 35.7353], [140.8121, 35.7382], [140.8104, 35.7391], [140.8098, 35.7391], [140.8095, 35.7395], [140.8064, 35.7414], [140.8061, 35.7412], [140.8059, 35.7413], [140.8063, 35.7415], [140.7926, 35.7505], [140.7909, 35.7531], [140.7899, 35.7539], [140.7887, 35.7544], [140.7865, 35.7545], [140.7608, 35.7691], [140.7593, 35.7698], [140.7587, 35.7694], [140.7591, 35.7698], [140.7586, 35.7694], [140.7591, 35.7701], [140.7566, 35.7713], [140.7564, 35.7717], [140.7515, 35.7746], [140.7504, 35.7737], [140.7513, 35.7747], [140.7503, 35.7754], [140.7492, 35.7743], [140.7501, 35.7755], [140.7479, 35.7768], [140.7471, 35.776], [140.7478, 35.7769], [140.7456, 35.7782], [140.745, 35.7776], [140.7455, 35.7782], [140.7443, 35.7789], [140.7437, 35.7785], [140.7442, 35.779], [140.7427, 35.7799], [140.7421, 35.7794], [140.7425, 35.78], [140.7414, 35.7807], [140.7407, 35.7805], [140.7403, 35.7808], [140.7408, 35.7808], [140.7404, 35.781], [140.7402, 35.7808], [140.7347, 35.7851], [140.7344, 35.7849], [140.7344, 35.7853], [140.7313, 35.7877], [140.7304, 35.7891], [140.7299, 35.789], [140.7281, 35.7908], [140.7266, 35.7926], [140.7268, 35.7929], [140.7263, 35.7928], [140.7267, 35.7929], [140.7256, 35.7943], [140.7253, 35.7942], [140.7256, 35.7944], [140.7249, 35.7952], [140.7243, 35.7949], [140.7249, 35.7952], [140.7234, 35.7973], [140.7229, 35.7975], [140.7219, 35.7996], [140.7215, 35.7994], [140.7219, 35.7996], [140.7202, 35.8033], [140.7201, 35.8052], [140.7198, 35.8052], [140.7197, 35.8073], [140.7191, 35.8072], [140.7197, 35.8073], [140.7191, 35.8081], [140.7187, 35.812], [140.7186, 35.8124], [140.7182, 35.8123], [140.7103, 35.8093], [140.7071, 35.8089], [140.7062, 35.8082], [140.7059, 35.8074], [140.7047, 35.8075], [140.7038, 35.8067], [140.7022, 35.8062], [140.6927, 35.8045], [140.6921, 35.8032], [140.6926, 35.8009], [140.6919, 35.8003], [140.6923, 35.7999], [140.6914, 35.7993], [140.6916, 35.7989], [140.6904, 35.7975], [140.69, 35.7962], [140.6906, 35.7943], [140.6927, 35.7944], [140.6998, 35.7929], [140.7008, 35.7917], [140.7006, 35.7894], [140.6993, 35.7856], [140.6997, 35.7851], [140.7008, 35.7855], [140.7015, 35.7854], [140.7047, 35.7835], [140.7046, 35.7812], [140.7038, 35.7788], [140.6996, 35.7742], [140.7015, 35.7708], [140.7036, 35.7707], [140.7063, 35.7717], [140.7073, 35.771], [140.7067, 35.7691], [140.7071, 35.7683], [140.7055, 35.7665], [140.7072, 35.7649], [140.7076, 35.7614], [140.7134, 35.7613], [140.7139, 35.7608], [140.7156, 35.76], [140.7161, 35.7592], [140.7174, 35.7597], [140.7176, 35.7602], [140.7176, 35.759], [140.7183, 35.7591], [140.7186, 35.7583], [140.7195, 35.7585], [140.72, 35.7592], [140.7208, 35.7587], [140.7209, 35.7582], [140.7213, 35.7583], [140.7215, 35.7589], [140.7223, 35.7588], [140.7225, 35.7591], [140.7238, 35.759], [140.7244, 35.7587], [140.7246, 35.7581], [140.7258, 35.7576], [140.7263, 35.7562], [140.7278, 35.756], [140.7276, 35.7537], [140.7267, 35.7534], [140.7268, 35.753], [140.7259, 35.7526], [140.7269, 35.7529], [140.7275, 35.7524], [140.7275, 35.7517], [140.7265, 35.7515], [140.726, 35.7494], [140.7265, 35.7477], [140.7284, 35.7476], [140.7287, 35.7472], [140.7279, 35.7463], [140.728, 35.7459], [140.7275, 35.7457], [140.7283, 35.7447], [140.7268, 35.745], [140.7251, 35.7438], [140.7251, 35.7417], [140.7239, 35.74], [140.7243, 35.7395], [140.724, 35.7389], [140.7246, 35.7389], [140.7239, 35.7387], [140.7239, 35.7384], [140.7264, 35.736], [140.7263, 35.7359], [140.7257, 35.7363], [140.7244, 35.7354], [140.7248, 35.7346], [140.7246, 35.7337], [140.7249, 35.7334], [140.7293, 35.7314], [140.7306, 35.7318], [140.7318, 35.7333], [140.7323, 35.7329], [140.7321, 35.7325], [140.7319, 35.7327], [140.7306, 35.7315], [140.7294, 35.7309], [140.7294, 35.7307], [140.7307, 35.7312], [140.7313, 35.7306], [140.7328, 35.7319], [140.7361, 35.7332], [140.7356, 35.7337], [140.7366, 35.7344], [140.7372, 35.7339], [140.7375, 35.7342], [140.7386, 35.7331], [140.7392, 35.7349], [140.7396, 35.7349], [140.74, 35.7353], [140.7403, 35.7357], [140.7398, 35.7359], [140.74, 35.7361], [140.7405, 35.7359], [140.7403, 35.7363], [140.7413, 35.7376], [140.7402, 35.7382], [140.7455, 35.7452], [140.7461, 35.7451], [140.7448, 35.7422], [140.7465, 35.7414], [140.7456, 35.7408], [140.7463, 35.7407], [140.7455, 35.7404], [140.7456, 35.7396], [140.7448, 35.7396], [140.7453, 35.7393], [140.7453, 35.7385], [140.7435, 35.738], [140.7429, 35.737], [140.7424, 35.7369], [140.7423, 35.7363], [140.7405, 35.7355], [140.7409, 35.7354], [140.7404, 35.7349], [140.7408, 35.7347], [140.7423, 35.7359], [140.7439, 35.7378], [140.745, 35.7379], [140.7451, 35.7347], [140.7438, 35.7331], [140.7442, 35.733], [140.745, 35.7341], [140.7459, 35.7334], [140.746, 35.7323], [140.7456, 35.7318], [140.7463, 35.7309], [140.7474, 35.7303], [140.7483, 35.7285], [140.7483, 35.726], [140.7477, 35.725], [140.7486, 35.7246], [140.7489, 35.7241], [140.7475, 35.7233], [140.7474, 35.7235], [140.7443, 35.723], [140.7442, 35.7222], [140.7438, 35.7226], [140.743, 35.722], [140.7432, 35.7211], [140.744, 35.7209], [140.7438, 35.7206], [140.7431, 35.7206], [140.7426, 35.7213], [140.7417, 35.7211], [140.7415, 35.7215], [140.7401, 35.7203], [140.7399, 35.7194], [140.7394, 35.719], [140.7402, 35.7183], [140.7403, 35.7178], [140.7399, 35.7177], [140.7397, 35.7166], [140.7386, 35.7161], [140.7375, 35.7124], [140.7373, 35.7123], [140.737, 35.7126], [140.7365, 35.7121], [140.7359, 35.7127], [140.736, 35.7117], [140.7351, 35.7116], [140.7343, 35.7102], [140.735, 35.7097], [140.7343, 35.7096], [140.7342, 35.7091], [140.7349, 35.7089], [140.734, 35.7054], [140.7353, 35.7052], [140.7349, 35.7047], [140.7353, 35.7041], [140.7371, 35.7051], [140.7377, 35.7049], [140.7376, 35.7042], [140.7385, 35.7047], [140.7392, 35.7045], [140.7389, 35.7035], [140.7392, 35.7028], [140.7396, 35.7027], [140.7402, 35.702], [140.7414, 35.7023], [140.7412, 35.7018], [140.7415, 35.7017], [140.7437, 35.7021], [140.7441, 35.7019], [140.7451, 35.7024], [140.7453, 35.7021], [140.7461, 35.7023], [140.7466, 35.7012], [140.7474, 35.7013], [140.7468, 35.7026], [140.7465, 35.7022], [140.7459, 35.7036], [140.7464, 35.7041], [140.7465, 35.7035], [140.747, 35.7039], [140.7473, 35.7025], [140.7478, 35.7033], [140.7469, 35.7044], [140.7474, 35.7045], [140.7485, 35.704], [140.7484, 35.7027], [140.7491, 35.7031], [140.7499, 35.7028], [140.7488, 35.7023], [140.7493, 35.7015], [140.7502, 35.7017], [140.7504, 35.7013], [140.7509, 35.7012], [140.7519, 35.7016], [140.7519, 35.7022], [140.7513, 35.7024], [140.7519, 35.7033], [140.7527, 35.7033], [140.753, 35.7029], [140.754, 35.7034], [140.7557, 35.703], [140.7558, 35.7014], [140.7564, 35.7011], [140.7584, 35.7015], [140.7586, 35.7007], [140.759, 35.7001], [140.7595, 35.7002], [140.7596, 35.6999], [140.7601, 35.6997], [140.7606, 35.6988], [140.7611, 35.6987], [140.7611, 35.6981], [140.7626, 35.6979], [140.765, 35.6985], [140.7621, 35.6981], [140.7641, 35.6985], [140.7637, 35.699], [140.7643, 35.6986], [140.7651, 35.6993], [140.7659, 35.6992], [140.7663, 35.6988], [140.7674, 35.7001], [140.7681, 35.6998], [140.7687, 35.7004], [140.7709, 35.7011], [140.7685, 35.6997], [140.7701, 35.7006], [140.7733, 35.7018], [140.7755, 35.702], [140.7789, 35.7029], [140.7814, 35.7044], [140.7818, 35.7043], [140.7832, 35.7047], [140.7934, 35.7075], [140.7879, 35.7063], [140.7859, 35.7055], [140.7858, 35.7056], [140.7854, 35.7054], [140.7815, 35.7044], [140.7875, 35.7062], [140.7917, 35.7073], [140.7934, 35.7083], [140.795, 35.7087], [140.7952, 35.7085], [140.7959, 35.709], [140.8057, 35.7115], [140.806, 35.7115], [140.8027, 35.7102], [140.8065, 35.7116], [140.8136, 35.7129], [140.8193, 35.7135], [140.8284, 35.7137], [140.8316, 35.7135], [140.8367, 35.7117], [140.8358, 35.7101], [140.8355, 35.7103], [140.8362, 35.7098], [140.8359, 35.7101], [140.8368, 35.7116], [140.8375, 35.7116], [140.8374, 35.7113], [140.8378, 35.7116], [140.8375, 35.7111], [140.8381, 35.7109], [140.8389, 35.7085], [140.8375, 35.7083], [140.8381, 35.7082], [140.8386, 35.7071], [140.8377, 35.7062], [140.837, 35.7067], [140.8376, 35.7061], [140.8364, 35.705], [140.8374, 35.7056], [140.838, 35.7053], [140.8375, 35.7051], [140.8384, 35.7049], [140.8394, 35.7052], [140.8402, 35.704], [140.8395, 35.7038], [140.8392, 35.7046], [140.8389, 35.7045], [140.8395, 35.7038], [140.839, 35.7036], [140.8385, 35.7043], [140.8389, 35.7034], [140.8394, 35.7027], [140.8396, 35.7028], [140.839, 35.7035], [140.8396, 35.7037], [140.8399, 35.7029], [140.8403, 35.703], [140.8396, 35.7037], [140.8402, 35.704], [140.841, 35.7026], [140.8395, 35.7018], [140.8399, 35.701], [140.8382, 35.7009], [140.8359, 35.7047], [140.8353, 35.7051], [140.838, 35.701], [140.8385, 35.7008], [140.8402, 35.701], [140.8438, 35.7033], [140.8452, 35.7003], [140.8468, 35.7002], [140.847, 35.6994], [140.846, 35.6996], [140.8465, 35.6993], [140.8467, 35.6988], [140.846, 35.6987], [140.8458, 35.6995], [140.8452, 35.6999], [140.8456, 35.6993], [140.8449, 35.6982], [140.8441, 35.698], [140.8439, 35.6983], [140.8418, 35.6976], [140.8439, 35.6982], [140.8441, 35.6979], [140.8457, 35.6983], [140.8456, 35.6977], [140.8458, 35.6979], [140.8466, 35.6972], [140.8471, 35.6976], [140.8472, 35.6973], [140.8473, 35.6977], [140.8482, 35.6979], [140.8482, 35.6967], [140.8487, 35.6967], [140.8505, 35.6956], [140.8505, 35.6959], [140.8487, 35.6968], [140.8487, 35.698], [140.8505, 35.6979], [140.8505, 35.6969], [140.8513, 35.6967], [140.8515, 35.6978], [140.8529, 35.6974], [140.8529, 35.6967], [140.8531, 35.6972], [140.854, 35.6969], [140.8547, 35.6965], [140.8545, 35.6964], [140.8548, 35.6965], [140.8562, 35.6956], [140.8531, 35.6965], [140.851, 35.6949], [140.8532, 35.6962], [140.8544, 35.696], [140.8578, 35.6947], [140.8585, 35.6951]]]}, "properties": {"name": "千葉県銚子市"}}, {"type": "Feature", "geometry": {"type": "Polygon", "coordinates": [[[139.9005, 35.7423], [139.9011, 35.739], [139.9008, 35.7372], [139.8973, 35.7301], [139.8973, 35.7271], [139.8978, 35.7249], [139.8992, 35.7229], [139.9039, 35.7194], [139.9066, 35.7156], [139.9084, 35.7138], [139.9136, 35.7104], [139.9154, 35.7088], [139.9187, 35.7006], [139.9188, 35.6983], [139.9147, 35.6916], [139.9067, 35.684], [139.9041, 35.6831], [139.8935, 35.6821], [139.8893, 35.6808], [139.8875, 35.6798], [139.8864, 35.6785], [139.8854, 35.6732], [139.8853, 35.6722], [139.8862, 35.671], [139.888, 35.6711], [139.8879, 35.6719], [139.8885, 35.6726], [139.893, 35.6724], [139.8933, 35.6728], [139.8936, 35.6726], [139.8933, 35.6719], [139.8951, 35.6714], [139.8949, 35.6709], [139.8976, 35.67], [139.8979, 35.6696], [139.9002, 35.6691], [139.9017, 35.668], [139.9014, 35.6664], [139.9072, 35.6629], [139.9181, 35.6556], [139.9208, 35.6605], [139.9303, 35.6665], [139.9324, 35.6667], [139.9326, 35.6664], [139.9322, 35.6663], [139.9362, 35.6667], [139.936, 35.6671], [139.9366, 35.6672], [139.9371, 35.667], [139.9375, 35.6653], [139.9372, 35.6669], [139.9383, 35.667], [139.9373, 35.6669], [139.9372, 35.6673], [139.9409, 35.6677], [139.9476, 35.6695], [139.9459, 35.6726], [139.945, 35.673], [139.9298, 35.6694], [139.9289, 35.6703], [139.9332, 35.6731], [139.9312, 35.6749], [139.9316, 35.6753], [139.9322, 35.675], [139.9333, 35.6756], [139.9357, 35.6733], [139.9362, 35.6733], [139.9363, 35.673], [139.9363, 35.6733], [139.9368, 35.6735], [139.9369, 35.6732], [139.9372, 35.6734], [139.9369, 35.6735], [139.9382, 35.6741], [139.9378, 35.6742], [139.9388, 35.6749], [139.9392, 35.6749], [139.939, 35.675], [139.9399, 35.6757], [139.94, 35.6755], [139.9403, 35.6757], [139.94, 35.6758], [139.9408, 35.6764], [139.9414, 35.6765], [139.941, 35.6765], [139.9418, 35.6771], [139.9421, 35.677], [139.9419, 35.6772], [139.9467, 35.681], [139.9532, 35.6717], [139.9544, 35.6731], [139.9547, 35.6729], [139.955, 35.6732], [139.9545, 35.6733], [139.9556, 35.6745], [139.9559, 35.6743], [139.9556, 35.6745], [139.957, 35.6761], [139.9572, 35.6759], [139.9575, 35.6761], [139.957, 35.6762], [139.9581, 35.6774], [139.9579, 35.678], [139.9583, 35.678], [139.9582, 35.6782], [139.9578, 35.678], [139.9559, 35.6822], [139.955, 35.6821], [139.9549, 35.6824], [139.9557, 35.6826], [139.9536, 35.6871], [139.9529, 35.6872], [139.9501, 35.6836], [139.9495, 35.684], [139.9498, 35.684], [139.9496, 35.6843], [139.9503, 35.6847], [139.9535, 35.6892], [139.9548, 35.6893], [139.9593, 35.6795], [139.9599, 35.6794], [139.9626, 35.6812], [139.9625, 35.6804], [139.9604, 35.6787], [139.9609, 35.6759], [139.9585, 35.6731], [139.9588, 35.673], [139.958, 35.67], [139.9586, 35.6718], [139.9636, 35.6715], [139.9627, 35.6813], [139.9631, 35.6815], [139.963, 35.682], [139.9633, 35.682], [139.9619, 35.6981], [139.961, 35.7019], [139.9598, 35.702], [139.9598, 35.7038], [139.9592, 35.7041], [139.959, 35.7037], [139.9566, 35.704], [139.9567, 35.7045], [139.9564, 35.7047], [139.9561, 35.7042], [139.9558, 35.7043], [139.9562, 35.7046], [139.956, 35.7049], [139.9555, 35.7044], [139.9551, 35.7045], [139.9554, 35.7048], [139.9546, 35.7062], [139.9531, 35.705], [139.9529, 35.7056], [139.9518, 35.7057], [139.9502, 35.7066], [139.9495, 35.7055], [139.9491, 35.7056], [139.949, 35.706], [139.9484, 35.7062], [139.949, 35.7071], [139.9484, 35.7074], [139.9487, 35.7078], [139.9481, 35.7081], [139.9477, 35.7074], [139.9471, 35.7077], [139.9466, 35.7081], [139.9469, 35.7086], [139.9456, 35.7087], [139.9459, 35.7092], [139.9453, 35.7094], [139.9439, 35.705], [139.9424, 35.7019], [139.9416, 35.7023], [139.9414, 35.7019], [139.9405, 35.7023], [139.9389, 35.7023], [139.9407, 35.7089], [139.9414, 35.71], [139.9392, 35.711], [139.9423, 35.7159], [139.9428, 35.7164], [139.9437, 35.7163], [139.9436, 35.7182], [139.9432, 35.7188], [139.9435, 35.719], [139.944, 35.7192], [139.9448, 35.7185], [139.9449, 35.7176], [139.9459, 35.7161], [139.9478, 35.7163], [139.9486, 35.7159], [139.9492, 35.716], [139.9505, 35.717], [139.9509, 35.7179], [139.952, 35.7189], [139.9543, 35.7189], [139.955, 35.7197], [139.9571, 35.7198], [139.958, 35.7221], [139.9561, 35.7226], [139.9565, 35.723], [139.9571, 35.7231], [139.9573, 35.7254], [139.9576, 35.7254], [139.9577, 35.7261], [139.9592, 35.7275], [139.9603, 35.7276], [139.9601, 35.728], [139.961, 35.7307], [139.9612, 35.7336], [139.9614, 35.7336], [139.9614, 35.7343], [139.9621, 35.7348], [139.9629, 35.7353], [139.9647, 35.735], [139.9649, 35.7352], [139.9655, 35.7351], [139.9663, 35.7345], [139.9683, 35.7341], [139.9685, 35.7336], [139.9692, 35.7339], [139.9705, 35.7328], [139.9716, 35.7323], [139.9724, 35.7325], [139.9723, 35.7329], [139.9727, 35.7331], [139.9725, 35.7334], [139.9733, 35.7337], [139.9735, 35.7352], [139.9766, 35.7353], [139.9766, 35.7355], [139.9758, 35.7353], [139.9752, 35.7359], [139.9736, 35.7393], [139.9726, 35.7397], [139.9728, 35.742], [139.9747, 35.7441], [139.9728, 35.7488], [139.973, 35.7497], [139.9717, 35.7511], [139.9753, 35.7518], [139.9748, 35.7525], [139.975, 35.7533], [139.9745, 35.7542], [139.9732, 35.754], [139.9732, 35.7546], [139.9711, 35.7546], [139.9714, 35.7556], [139.9709, 35.756], [139.9709, 35.7576], [139.9723, 35.7595], [139.9739, 35.7602], [139.9745, 35.761], [139.9743, 35.7615], [139.9748, 35.7633], [139.9742, 35.7659], [139.9751, 35.7682], [139.976, 35.7739], [139.9751, 35.7742], [139.9747, 35.7753], [139.9732, 35.7753], [139.9721, 35.7757], [139.9708, 35.7758], [139.9679, 35.7749], [139.965, 35.7749], [139.9636, 35.7743], [139.962, 35.775], [139.9578, 35.7755], [139.957, 35.775], [139.9565, 35.7738], [139.9557, 35.773], [139.9549, 35.7729], [139.9543, 35.7719], [139.9545, 35.7704], [139.9553, 35.7697], [139.9542, 35.7704], [139.9539, 35.7714], [139.9496, 35.7699], [139.9491, 35.7685], [139.9483, 35.7684], [139.9478, 35.767], [139.9484, 35.7668], [139.9486, 35.7663], [139.9504, 35.7662], [139.9516, 35.7639], [139.9518, 35.762], [139.9512, 35.7608], [139.9508, 35.7611], [139.9491, 35.7611], [139.9465, 35.7608], [139.9441, 35.7585], [139.9419, 35.7579], [139.9406, 35.7571], [139.9407, 35.7569], [139.9419, 35.7575], [139.9441, 35.7578], [139.945, 35.7569], [139.945, 35.7563], [139.9436, 35.7555], [139.9435, 35.7551], [139.9439, 35.7534], [139.9438, 35.7515], [139.9444, 35.7501], [139.9426, 35.7484], [139.9394, 35.7464], [139.9385, 35.7485], [139.9371, 35.7486], [139.9367, 35.7488], [139.9372, 35.7498], [139.9368, 35.7498], [139.9361, 35.749], [139.9333, 35.7489], [139.9312, 35.7507], [139.93, 35.7512], [139.9295, 35.7517], [139.9298, 35.7523], [139.9288, 35.7525], [139.9293, 35.7537], [139.9301, 35.7534], [139.9301, 35.7545], [139.9324, 35.7548], [139.9312, 35.758], [139.9317, 35.7587], [139.9317, 35.7599], [139.9298, 35.76], [139.9294, 35.7593], [139.9289, 35.7596], [139.9281, 35.7586], [139.9269, 35.7579], [139.9215, 35.7576], [139.9221, 35.7595], [139.9224, 35.7595], [139.9233, 35.7616], [139.9192, 35.7626], [139.9183, 35.7631], [139.9161, 35.7629], [139.9135, 35.7643], [139.9124, 35.7655], [139.9119, 35.765], [139.9105, 35.7652], [139.9099, 35.7662], [139.9087, 35.7669], [139.907, 35.7669], [139.906, 35.7674], [139.9035, 35.7649], [139.9015, 35.7587], [139.9012, 35.7564], [139.9018, 35.7557], [139.9013, 35.7551], [139.9004, 35.7547], [139.8996, 35.7531], [139.8985, 35.7536], [139.8979, 35.7535], [139.8975, 35.7525], [139.8972, 35.7527], [139.897, 35.7524], [139.8951, 35.7528], [139.896, 35.7517], [139.8941, 35.7506], [139.8921, 35.7521], [139.8901, 35.7507], [139.8924, 35.7485], [139.8983, 35.7459], [139.8992, 35.7452], [139.9001, 35.7439], [139.9005, 35.7423]]]}, "properties": {"name": "千葉県市川市"}}, {"type": "Feature", "geometry": {"type": "MultiPolygon", "coordinates": [[[[140.0288, 35.6462], [140.0284, 35.6465], [140.0277, 35.6459], [140.0269, 35.6465], [140.0249, 35.645], [140.0267, 35.6464], [140.0258, 35.6473], [140.0207, 35.6506], [140.0197, 35.6518], [140.0183, 35.6507], [140.0203, 35.6522], [140.0197, 35.6527], [140.0137, 35.6575], [140.008, 35.6589], [140.0048, 35.6564], [139.9875, 35.6541], [139.9865, 35.6601], [139.9947, 35.661], [139.9948, 35.6605], [139.9964, 35.6595], [139.9974, 35.6593], [140.0029, 35.6598], [140.0023, 35.6634], [140.0028, 35.6635], [140.0024, 35.6654], [140.002, 35.6653], [140.0019, 35.6656], [140.0047, 35.6686], [140.0019, 35.6713], [139.9985, 35.6785], [139.9974, 35.6789], [140.0022, 35.6868], [140.0045, 35.6894], [140.0087, 35.6957], [140.0095, 35.6955], [140.0135, 35.692], [140.0157, 35.6929], [140.0172, 35.694], [140.0168, 35.6934], [140.0183, 35.6924], [140.0204, 35.6915], [140.0214, 35.6917], [140.0217, 35.6914], [140.0225, 35.6916], [140.0226, 35.6921], [140.0233, 35.692], [140.0232, 35.6916], [140.0273, 35.6915], [140.0286, 35.6909], [140.0292, 35.6912], [140.031, 35.6935], [140.0314, 35.6956], [140.0328, 35.695], [140.033, 35.6944], [140.0338, 35.6943], [140.0345, 35.6944], [140.0343, 35.6951], [140.0358, 35.6961], [140.039, 35.6948], [140.0416, 35.6965], [140.042, 35.6957], [140.0429, 35.6959], [140.0429, 35.6934], [140.0434, 35.693], [140.0455, 35.6924], [140.0455, 35.6921], [140.048, 35.6918], [140.0493, 35.6912], [140.0501, 35.6916], [140.051, 35.6915], [140.0511, 35.6919], [140.0516, 35.6919], [140.0526, 35.6949], [140.0529, 35.6948], [140.0532, 35.6964], [140.0589, 35.6942], [140.0598, 35.6936], [140.0595, 35.6925], [140.06, 35.6921], [140.0587, 35.6916], [140.0604, 35.6916], [140.0614, 35.6913], [140.0611, 35.6906], [140.0601, 35.69], [140.0615, 35.6901], [140.0622, 35.691], [140.0637, 35.691], [140.0641, 35.6916], [140.0631, 35.6934], [140.0637, 35.6943], [140.0633, 35.6946], [140.0636, 35.6956], [140.0649, 35.6957], [140.065, 35.696], [140.0633, 35.6965], [140.0631, 35.6981], [140.0607, 35.698], [140.0597, 35.6993], [140.0623, 35.6998], [140.0618, 35.7048], [140.0637, 35.705], [140.0635, 35.7067], [140.0685, 35.7069], [140.0683, 35.7083], [140.0636, 35.7096], [140.0636, 35.7107], [140.0649, 35.7108], [140.0685, 35.7126], [140.0698, 35.7136], [140.0717, 35.7171], [140.0627, 35.721], [140.0646, 35.7269], [140.0665, 35.7302], [140.0679, 35.7345], [140.0658, 35.7362], [140.0655, 35.7374], [140.0659, 35.7377], [140.0658, 35.7384], [140.0684, 35.7382], [140.0686, 35.7388], [140.0671, 35.7393], [140.0672, 35.7399], [140.0668, 35.7401], [140.0652, 35.7407], [140.0646, 35.7405], [140.0647, 35.7415], [140.0642, 35.742], [140.0646, 35.7422], [140.0638, 35.7424], [140.0647, 35.7434], [140.0645, 35.7455], [140.066, 35.7484], [140.0749, 35.7495], [140.0747, 35.7507], [140.0753, 35.7508], [140.0749, 35.7515], [140.0756, 35.7535], [140.0789, 35.7545], [140.0791, 35.756], [140.0778, 35.7564], [140.0775, 35.7569], [140.0769, 35.756], [140.0756, 35.7578], [140.0759, 35.7585], [140.0746, 35.7596], [140.0742, 35.7617], [140.0815, 35.7611], [140.0825, 35.7615], [140.0841, 35.7633], [140.0847, 35.7635], [140.0867, 35.7622], [140.0859, 35.7609], [140.0861, 35.7606], [140.0869, 35.7607], [140.0874, 35.7622], [140.0891, 35.7623], [140.0868, 35.7629], [140.085, 35.7644], [140.0851, 35.7657], [140.0861, 35.7659], [140.0859, 35.7675], [140.0853, 35.7674], [140.0843, 35.7693], [140.0856, 35.7692], [140.0857, 35.7699], [140.0843, 35.7705], [140.0839, 35.7703], [140.0839, 35.7706], [140.0841, 35.7718], [140.0849, 35.7715], [140.0863, 35.7724], [140.0874, 35.7724], [140.0874, 35.7743], [140.088, 35.7753], [140.086, 35.7774], [140.0857, 35.7792], [140.0866, 35.7809], [140.0864, 35.7811], [140.0881, 35.7833], [140.0898, 35.7839], [140.0846, 35.7879], [140.084, 35.7894], [140.0827, 35.7902], [140.0826, 35.7916], [140.0786, 35.7941], [140.0728, 35.7988], [140.0726, 35.7986], [140.0721, 35.7989], [140.0712, 35.7996], [140.0707, 35.7991], [140.0702, 35.7995], [140.0692, 35.7989], [140.068, 35.7966], [140.0672, 35.7924], [140.0677, 35.79], [140.0672, 35.788], [140.0674, 35.7859], [140.0666, 35.7847], [140.0663, 35.7832], [140.0654, 35.7813], [140.0637, 35.7791], [140.0639, 35.7789], [140.0624, 35.7781], [140.0624, 35.7773], [140.0616, 35.7764], [140.0578, 35.7749], [140.0552, 35.7749], [140.0519, 35.7723], [140.0502, 35.7719], [140.0492, 35.7712], [140.0479, 35.7708], [140.0463, 35.7708], [140.0454, 35.7705], [140.0425, 35.7678], [140.0411, 35.7674], [140.0396, 35.7665], [140.0377, 35.7669], [140.0379, 35.7673], [140.0375, 35.7682], [140.0367, 35.7688], [140.0347, 35.769], [140.0323, 35.7703], [140.0317, 35.77], [140.0311, 35.7711], [140.0302, 35.7715], [140.0211, 35.7656], [140.0226, 35.7653], [140.0248, 35.7635], [140.0255, 35.7634], [140.027, 35.7648], [140.0285, 35.7648], [140.0287, 35.7641], [140.0271, 35.7636], [140.0238, 35.7614], [140.0232, 35.7597], [140.0228, 35.7599], [140.0226, 35.7616], [140.0221, 35.7619], [140.0141, 35.7607], [140.0136, 35.7593], [140.0156, 35.7585], [140.0155, 35.7578], [140.0191, 35.757], [140.0191, 35.756], [140.0126, 35.7504], [140.0087, 35.7483], [140.0079, 35.7438], [140.009, 35.7434], [140.0077, 35.7435], [140.0067, 35.7427], [140.0079, 35.7415], [140.009, 35.7416], [140.0088, 35.7409], [140.0094, 35.7403], [140.0097, 35.7388], [140.0116, 35.7399], [140.0135, 35.7403], [140.0132, 35.7397], [140.0121, 35.7393], [140.012, 35.7396], [140.0095, 35.7381], [140.0088, 35.7405], [140.0066, 35.7423], [140.0067, 35.7433], [140.0054, 35.7427], [140.003, 35.7428], [140.0006, 35.744], [139.9994, 35.7441], [139.9977, 35.7436], [139.9971, 35.743], [139.9969, 35.7432], [139.9965, 35.7431], [139.996, 35.7425], [139.9932, 35.7418], [139.9894, 35.7433], [139.9885, 35.7441], [139.9878, 35.7454], [139.9868, 35.7456], [139.9853, 35.7468], [139.9826, 35.7448], [139.985, 35.7474], [139.9829, 35.7514], [139.9831, 35.7527], [139.9804, 35.7504], [139.9794, 35.7502], [139.9792, 35.7494], [139.9728, 35.7488], [139.9747, 35.7441], [139.9728, 35.742], [139.9726, 35.7397], [139.9736, 35.7393], [139.9752, 35.7359], [139.9758, 35.7353], [139.9766, 35.7355], [139.9766, 35.7353], [139.9735, 35.7352], [139.9733, 35.7337], [139.9725, 35.7334], [139.9727, 35.7331], [139.9723, 35.7329], [139.9724, 35.7325], [139.9716, 35.7323], [139.9705, 35.7328], [139.9692, 35.7339], [139.9685, 35.7336], [139.9683, 35.7341], [139.9663, 35.7345], [139.9655, 35.7351], [139.9649, 35.7352], [139.9647, 35.735], [139.9629, 35.7353], [139.9621, 35.7348], [139.9614, 35.7343], [139.9614, 35.7336], [139.9612, 35.7336], [139.961, 35.7307], [139.9601, 35.728], [139.9603, 35.7276], [139.9592, 35.7275], [139.9577, 35.7261], [139.9576, 35.7254], [139.9573, 35.7254], [139.9571, 35.7231], [139.9565, 35.723], [139.9561, 35.7226], [139.958, 35.7221], [139.9571, 35.7198], [139.955, 35.7197], [139.9543, 35.7189], [139.952, 35.7189], [139.9509, 35.7179], [139.9505, 35.717], [139.9492, 35.716], [139.9486, 35.7159], [139.9478, 35.7163], [139.9459, 35.7161], [139.9449, 35.7176], [139.9448, 35.7185], [139.944, 35.7192], [139.9435, 35.719], [139.9432, 35.7188], [139.9436, 35.7182], [139.9437, 35.7163], [139.9428, 35.7164], [139.9423, 35.7159], [139.9392, 35.711], [139.9414, 35.71], [139.9407, 35.7089], [139.9389, 35.7023], [139.9405, 35.7023], [139.9414, 35.7019], [139.9416, 35.7023], [139.9424, 35.7019], [139.9439, 35.705], [139.9453, 35.7094], [139.9459, 35.7092], [139.9456, 35.7087], [139.9469, 35.7086], [139.9466, 35.7081], [139.9471, 35.7077], [139.9477, 35.7074], [139.9481, 35.7081], [139.9487, 35.7078], [139.9484, 35.7074], [139.949, 35.7071], [139.9484, 35.7062], [139.949, 35.706], [139.9491, 35.7056], [139.9495, 35.7055], [139.9502, 35.7066], [139.9518, 35.7057], [139.9529, 35.7056], [139.9531, 35.705], [139.9546, 35.7062], [139.9554, 35.7048], [139.9551, 35.7045], [139.9555, 35.7044], [139.956, 35.7049], [139.9562, 35.7046], [139.9558, 35.7043], [139.9561, 35.7042], [139.9564, 35.7047], [139.9567, 35.7045], [139.9566, 35.704], [139.959, 35.7037], [139.9592, 35.7041], [139.9598, 35.7038], [139.9598, 35.702], [139.961, 35.7019], [139.9619, 35.6981], [139.9633, 35.682], [139.963, 35.682], [139.9631, 35.6815], [139.9627, 35.6813], [139.9636, 35.6715], [139.9586, 35.6718], [139.958, 35.67], [139.9588, 35.673], [139.9585, 35.6731], [139.9609, 35.6759], [139.9604, 35.6787], [139.9625, 35.6804], [139.9626, 35.6812], [139.9599, 35.6794], [139.9593, 35.6795], [139.9548, 35.6893], [139.9535, 35.6892], [139.9503, 35.6847], [139.9496, 35.6843], [139.9498, 35.684], [139.9495, 35.684], [139.9501, 35.6836], [139.9529, 35.6872], [139.9536, 35.6871], [139.9557, 35.6826], [139.9549, 35.6824], [139.955, 35.6821], [139.9559, 35.6822], [139.9578, 35.678], [139.9582, 35.6782], [139.9583, 35.678], [139.9579, 35.678], [139.9581, 35.6774], [139.957, 35.6762], [139.9575, 35.6761], [139.9572, 35.6759], [139.957, 35.6761], [139.9556, 35.6745], [139.9559, 35.6743], [139.9556, 35.6745], [139.9545, 35.6733], [139.955, 35.6732], [139.9547, 35.6729], [139.9544, 35.6731], [139.9532, 35.6717], [139.9467, 35.681], [139.9419, 35.6772], [139.9421, 35.677], [139.9418, 35.6771], [139.941, 35.6765], [139.9414, 35.6765], [139.9408, 35.6764], [139.94, 35.6758], [139.9403, 35.6757], [139.94, 35.6755], [139.9399, 35.6757], [139.939, 35.675], [139.9392, 35.6749], [139.9388, 35.6749], [139.9378, 35.6742], [139.9382, 35.6741], [139.9369, 35.6735], [139.9372, 35.6734], [139.9369, 35.6732], [139.9368, 35.6735], [139.9363, 35.6733], [139.9363, 35.673], [139.9362, 35.6733], [139.9357, 35.6733], [139.9333, 35.6756], [139.9322, 35.675], [139.9316, 35.6753], [139.9312, 35.6749], [139.9332, 35.6731], [139.9289, 35.6703], [139.9298, 35.6694], [139.945, 35.673], [139.9459, 35.6726], [139.9476, 35.6695], [139.9511, 35.6653], [139.9231, 35.509], [140.0288, 35.6462]]], [[[139.9824, 35.7525], [139.978, 35.7536], [139.9777, 35.7518], [139.979, 35.7514], [139.9791, 35.7508], [139.9794, 35.7508], [139.9794, 35.7517], [139.9801, 35.7522], [139.9806, 35.7523], [139.9812, 35.7515], [139.9829, 35.7527], [139.9824, 35.7525]]], [[[139.9924, 35.7427], [139.9932, 35.7425], [139.9942, 35.743], [139.9957, 35.743], [139.9978, 35.7441], [139.9978, 35.745], [139.997, 35.7459], [139.997, 35.7466], [139.9965, 35.7474], [139.9981, 35.7487], [139.9986, 35.7486], [139.9991, 35.75], [139.9987, 35.7509], [139.9959, 35.7527], [139.9952, 35.754], [139.9943, 35.7546], [139.9942, 35.7554], [139.9938, 35.7556], [139.9915, 35.7553], [139.9895, 35.752], [139.9874, 35.7518], [139.9858, 35.7522], [139.9853, 35.7517], [139.9866, 35.7501], [139.9862, 35.7496], [139.9862, 35.7483], [139.9868, 35.7469], [139.9876, 35.7463], [139.9878, 35.7464], [139.9884, 35.7461], [139.9895, 35.7441], [139.9898, 35.7442], [139.9924, 35.7427]]]]}, "properties": {"name": "千葉県船橋市"}}, {"type": "Feature", "geometry": {"type": "Polygon", "coordinates": [[[139.8495, 34.9853], [139.8482, 34.985], [139.8481, 34.9853], [139.8492, 34.9861], [139.8481, 34.9853], [139.8474, 34.9861], [139.8418, 34.9862], [139.8418, 34.9875], [139.8421, 34.9876], [139.8418, 34.9876], [139.8418, 34.9886], [139.8421, 34.9886], [139.8418, 34.9888], [139.8431, 34.9892], [139.843, 34.9894], [139.8432, 34.9894], [139.8455, 34.9896], [139.8432, 34.9895], [139.843, 34.9894], [139.8416, 34.9918], [139.8421, 34.992], [139.8404, 34.9915], [139.8365, 34.9913], [139.8377, 34.9912], [139.8374, 34.991], [139.829, 34.9909], [139.8281, 34.9897], [139.8272, 34.9898], [139.8264, 34.9904], [139.8267, 34.9905], [139.8266, 34.9915], [139.8258, 34.9915], [139.8257, 34.9917], [139.8251, 34.9913], [139.8243, 34.9916], [139.8234, 34.991], [139.8227, 34.991], [139.8232, 34.9909], [139.8227, 34.9909], [139.8232, 34.9908], [139.8229, 34.9907], [139.8232, 34.9903], [139.8244, 34.9899], [139.8265, 34.9898], [139.8272, 34.9884], [139.8233, 34.983], [139.8234, 34.9826], [139.8242, 34.9822], [139.8242, 34.9819], [139.8226, 34.9818], [139.8238, 34.9818], [139.8238, 34.9811], [139.8218, 34.9794], [139.8216, 34.9796], [139.819, 34.9781], [139.8178, 34.9781], [139.8173, 34.9784], [139.8174, 34.9787], [139.8167, 34.9788], [139.8168, 34.9795], [139.8173, 34.9803], [139.8164, 34.9793], [139.8166, 34.9792], [139.8158, 34.9791], [139.8156, 34.9789], [139.8158, 34.9787], [139.8146, 34.9781], [139.8134, 34.9783], [139.8125, 34.9788], [139.8131, 34.9791], [139.8125, 34.9787], [139.812, 34.9789], [139.8109, 34.9782], [139.8073, 34.9768], [139.8066, 34.9769], [139.8063, 34.9775], [139.8067, 34.9776], [139.8063, 34.9776], [139.8064, 34.977], [139.8041, 34.9761], [139.8006, 34.9757], [139.797, 34.9738], [139.7965, 34.974], [139.7941, 34.9735], [139.7937, 34.974], [139.7933, 34.9739], [139.7934, 34.9743], [139.7933, 34.9739], [139.7927, 34.9739], [139.7925, 34.9746], [139.7933, 34.9747], [139.7925, 34.9746], [139.7927, 34.9738], [139.7901, 34.9731], [139.7873, 34.9728], [139.7855, 34.973], [139.7843, 34.9733], [139.7841, 34.9736], [139.7838, 34.9732], [139.7829, 34.9739], [139.7824, 34.9749], [139.7835, 34.9755], [139.7832, 34.9759], [139.7843, 34.9762], [139.783, 34.9759], [139.7818, 34.9766], [139.7818, 34.9763], [139.7803, 34.9762], [139.7799, 34.9758], [139.779, 34.9762], [139.7791, 34.9756], [139.7766, 34.9751], [139.7756, 34.9757], [139.7746, 34.9758], [139.775, 34.976], [139.7743, 34.9763], [139.774, 34.9769], [139.775, 34.9772], [139.7744, 34.9773], [139.7741, 34.9778], [139.7742, 34.9774], [139.7737, 34.9777], [139.7736, 34.9773], [139.7731, 34.9777], [139.7733, 34.9775], [139.7726, 34.9772], [139.7719, 34.9763], [139.7714, 34.9763], [139.7715, 34.9765], [139.7708, 34.9768], [139.7712, 34.9763], [139.7708, 34.9757], [139.7701, 34.9763], [139.7698, 34.9757], [139.7692, 34.9758], [139.7694, 34.9754], [139.769, 34.9764], [139.7681, 34.9757], [139.7677, 34.9758], [139.7679, 34.9756], [139.7673, 34.9757], [139.7675, 34.9756], [139.767, 34.9751], [139.7664, 34.9752], [139.7657, 34.9748], [139.7648, 34.9749], [139.7641, 34.9758], [139.7633, 34.976], [139.7631, 34.9758], [139.7627, 34.9761], [139.762, 34.9758], [139.7617, 34.976], [139.7619, 34.9762], [139.7613, 34.9764], [139.7607, 34.9763], [139.7612, 34.9762], [139.761, 34.9761], [139.7616, 34.9758], [139.7615, 34.9755], [139.7608, 34.9757], [139.76, 34.975], [139.76, 34.9746], [139.7597, 34.9746], [139.7591, 34.975], [139.7595, 34.9759], [139.7591, 34.9758], [139.759, 34.9763], [139.7586, 34.9764], [139.759, 34.9771], [139.7587, 34.9774], [139.7577, 34.9777], [139.757, 34.9774], [139.7571, 34.9779], [139.7564, 34.9777], [139.7556, 34.9781], [139.7545, 34.9778], [139.7541, 34.977], [139.7537, 34.9772], [139.7543, 34.9766], [139.7554, 34.9765], [139.7549, 34.976], [139.7546, 34.976], [139.7549, 34.9755], [139.7546, 34.9753], [139.7549, 34.975], [139.7547, 34.9747], [139.7536, 34.9749], [139.7537, 34.9745], [139.7533, 34.9743], [139.7535, 34.9735], [139.7531, 34.974], [139.7537, 34.9728], [139.7534, 34.9729], [139.7535, 34.9724], [139.7533, 34.9727], [139.7536, 34.9721], [139.7543, 34.9718], [139.7548, 34.9718], [139.7552, 34.9704], [139.755, 34.9703], [139.7554, 34.97], [139.755, 34.9697], [139.7546, 34.9698], [139.7551, 34.9697], [139.7556, 34.9696], [139.7555, 34.9692], [139.7548, 34.9694], [139.7549, 34.9689], [139.7545, 34.9691], [139.7544, 34.9696], [139.7544, 34.9691], [139.7539, 34.9693], [139.7547, 34.9685], [139.7542, 34.9685], [139.7545, 34.9683], [139.7543, 34.9682], [139.7547, 34.968], [139.7544, 34.9677], [139.7536, 34.9677], [139.7535, 34.9674], [139.7539, 34.9673], [139.7531, 34.9663], [139.7536, 34.9656], [139.7534, 34.9653], [139.7539, 34.9652], [139.7544, 34.9647], [139.7544, 34.9643], [139.7541, 34.9642], [139.7545, 34.9641], [139.7546, 34.9637], [139.7558, 34.9633], [139.756, 34.9637], [139.7562, 34.9632], [139.7577, 34.9625], [139.7573, 34.9625], [139.7578, 34.9621], [139.7572, 34.9615], [139.7577, 34.9615], [139.7589, 34.9626], [139.759, 34.9623], [139.7584, 34.962], [139.7589, 34.9617], [139.7587, 34.9613], [139.7582, 34.9614], [139.7584, 34.9617], [139.758, 34.9615], [139.7588, 34.9611], [139.7591, 34.9605], [139.7586, 34.9599], [139.7579, 34.9599], [139.7585, 34.9596], [139.7578, 34.9597], [139.759, 34.9593], [139.7599, 34.9594], [139.7609, 34.959], [139.7607, 34.9592], [139.7619, 34.9591], [139.7617, 34.9594], [139.7634, 34.9589], [139.7641, 34.9584], [139.7637, 34.9584], [139.7639, 34.9581], [139.7636, 34.9578], [139.7644, 34.9581], [139.7642, 34.9579], [139.7644, 34.9577], [139.7641, 34.9576], [139.7646, 34.9578], [139.7646, 34.9574], [139.7649, 34.9577], [139.7652, 34.9575], [139.765, 34.9579], [139.7661, 34.9578], [139.7659, 34.9581], [139.7664, 34.9581], [139.7665, 34.9583], [139.7682, 34.9575], [139.7685, 34.9577], [139.7687, 34.9573], [139.768, 34.9567], [139.7685, 34.9561], [139.7683, 34.9559], [139.7686, 34.956], [139.7684, 34.9557], [139.769, 34.9558], [139.7701, 34.9549], [139.7707, 34.955], [139.7712, 34.9547], [139.7714, 34.955], [139.7709, 34.955], [139.7715, 34.9552], [139.7717, 34.955], [139.7715, 34.9554], [139.7719, 34.9555], [139.772, 34.9552], [139.7721, 34.9555], [139.7726, 34.9554], [139.7725, 34.955], [139.772, 34.955], [139.7717, 34.9546], [139.772, 34.9549], [139.7728, 34.9548], [139.7725, 34.9551], [139.773, 34.9549], [139.7734, 34.9552], [139.7733, 34.9548], [139.7738, 34.9547], [139.7739, 34.9551], [139.7743, 34.9547], [139.7752, 34.955], [139.7749, 34.9552], [139.7751, 34.9556], [139.776, 34.9552], [139.7764, 34.9555], [139.7769, 34.9554], [139.7768, 34.9556], [139.7773, 34.9559], [139.7785, 34.9555], [139.7789, 34.956], [139.7788, 34.9556], [139.7791, 34.9558], [139.7791, 34.9561], [139.7795, 34.9561], [139.7803, 34.9557], [139.7809, 34.9548], [139.7825, 34.9546], [139.7846, 34.9539], [139.7853, 34.954], [139.7887, 34.9527], [139.7957, 34.9506], [139.8093, 34.9447], [139.8112, 34.9432], [139.8138, 34.942], [139.8165, 34.9403], [139.8216, 34.9361], [139.8265, 34.9297], [139.8271, 34.9277], [139.8267, 34.9274], [139.8286, 34.9276], [139.8272, 34.9273], [139.827, 34.9262], [139.8275, 34.9259], [139.8269, 34.926], [139.8266, 34.925], [139.8251, 34.925], [139.8269, 34.9247], [139.8264, 34.9249], [139.8274, 34.925], [139.8275, 34.9244], [139.8254, 34.924], [139.8253, 34.9247], [139.826, 34.9247], [139.825, 34.9247], [139.8254, 34.9232], [139.824, 34.9221], [139.8244, 34.9218], [139.8229, 34.9211], [139.8238, 34.9202], [139.8241, 34.9204], [139.8239, 34.92], [139.8243, 34.9202], [139.8245, 34.92], [139.8242, 34.9197], [139.8246, 34.92], [139.8245, 34.9197], [139.8247, 34.9201], [139.8241, 34.9204], [139.8239, 34.9203], [139.8232, 34.9209], [139.8241, 34.9216], [139.825, 34.9203], [139.8248, 34.9202], [139.8257, 34.9196], [139.8246, 34.9188], [139.8247, 34.9181], [139.8242, 34.9181], [139.8245, 34.9188], [139.824, 34.9194], [139.8235, 34.9195], [139.824, 34.9193], [139.8241, 34.9186], [139.8236, 34.917], [139.8229, 34.9163], [139.8233, 34.9164], [139.823, 34.9159], [139.8233, 34.916], [139.8233, 34.9158], [139.8227, 34.9154], [139.8231, 34.9155], [139.8228, 34.915], [139.8231, 34.9152], [139.8229, 34.915], [139.8233, 34.9148], [139.8228, 34.9148], [139.8225, 34.9144], [139.8233, 34.9143], [139.823, 34.914], [139.8236, 34.9142], [139.8233, 34.9138], [139.8237, 34.9139], [139.8247, 34.913], [139.825, 34.9121], [139.8242, 34.9108], [139.827, 34.9125], [139.8289, 34.9126], [139.833, 34.9107], [139.8356, 34.9108], [139.839, 34.9116], [139.8419, 34.9119], [139.8441, 34.9135], [139.8459, 34.9144], [139.8496, 34.915], [139.8502, 34.9146], [139.8523, 34.9147], [139.8547, 34.9182], [139.8563, 34.9193], [139.8566, 34.9218], [139.8579, 34.9222], [139.8591, 34.9234], [139.8599, 34.9235], [139.8619, 34.9231], [139.8632, 34.9219], [139.8648, 34.9212], [139.8655, 34.9203], [139.8671, 34.9212], [139.8685, 34.9215], [139.869, 34.9222], [139.8705, 34.922], [139.8717, 34.9231], [139.8728, 34.9232], [139.874, 34.9224], [139.8754, 34.9225], [139.8762, 34.9233], [139.878, 34.9242], [139.8782, 34.9249], [139.8824, 34.9239], [139.8827, 34.9256], [139.8846, 34.9257], [139.8854, 34.9263], [139.886, 34.9274], [139.8866, 34.927], [139.8875, 34.9285], [139.8885, 34.929], [139.8889, 34.9305], [139.891, 34.9309], [139.8915, 34.9313], [139.8918, 34.9324], [139.8936, 34.9353], [139.896, 34.9346], [139.8963, 34.9336], [139.8958, 34.9336], [139.8958, 34.9331], [139.8953, 34.9329], [139.8958, 34.9326], [139.896, 34.9314], [139.8956, 34.93], [139.8962, 34.9296], [139.8955, 34.9293], [139.8945, 34.9274], [139.8936, 34.9278], [139.8928, 34.9273], [139.894, 34.9269], [139.8947, 34.9261], [139.8943, 34.9259], [139.8934, 34.9264], [139.8928, 34.9256], [139.8932, 34.9251], [139.8938, 34.9251], [139.8957, 34.9258], [139.8959, 34.9245], [139.8965, 34.9243], [139.8978, 34.9256], [139.8969, 34.9258], [139.8966, 34.9261], [139.8973, 34.9278], [139.9004, 34.9276], [139.9013, 34.9264], [139.9018, 34.9269], [139.9015, 34.928], [139.9025, 34.9289], [139.9039, 34.9289], [139.9045, 34.9284], [139.9055, 34.9291], [139.9058, 34.9282], [139.9064, 34.9287], [139.9069, 34.9283], [139.9074, 34.9289], [139.9077, 34.9285], [139.9085, 34.9286], [139.9083, 34.928], [139.9086, 34.9278], [139.9091, 34.9284], [139.9107, 34.9288], [139.9116, 34.9282], [139.9129, 34.9291], [139.9133, 34.9282], [139.9141, 34.9284], [139.9143, 34.9278], [139.915, 34.9275], [139.9153, 34.9265], [139.9171, 34.9272], [139.9184, 34.927], [139.9193, 34.9291], [139.9207, 34.9298], [139.9209, 34.9304], [139.9228, 34.9321], [139.9231, 34.9345], [139.924, 34.9345], [139.9251, 34.9354], [139.9253, 34.9379], [139.927, 34.9404], [139.9251, 34.9418], [139.9251, 34.9425], [139.9246, 34.943], [139.9227, 34.9427], [139.9217, 34.9428], [139.9172, 34.9454], [139.9168, 34.9455], [139.9151, 34.9447], [139.9142, 34.9452], [139.9122, 34.9451], [139.9114, 34.946], [139.91, 34.9463], [139.9082, 34.9482], [139.9058, 34.9478], [139.9059, 34.949], [139.9054, 34.9498], [139.906, 34.9498], [139.9076, 34.9511], [139.9074, 34.9515], [139.9081, 34.9529], [139.9081, 34.954], [139.9078, 34.9553], [139.9074, 34.9553], [139.9067, 34.9546], [139.9061, 34.9546], [139.9045, 34.9538], [139.9038, 34.9549], [139.9033, 34.9571], [139.9026, 34.9578], [139.9034, 34.9602], [139.9025, 34.961], [139.9032, 34.9623], [139.9032, 34.9634], [139.9039, 34.9663], [139.9053, 34.9674], [139.9065, 34.9692], [139.9065, 34.9705], [139.9073, 34.9718], [139.9072, 34.9734], [139.9076, 34.9738], [139.9076, 34.9744], [139.9087, 34.9752], [139.9099, 34.9768], [139.9101, 34.9789], [139.9106, 34.9795], [139.9136, 34.9796], [139.9149, 34.9802], [139.9191, 34.9804], [139.9209, 34.9819], [139.9233, 34.9827], [139.9243, 34.9826], [139.9258, 34.9833], [139.9275, 34.9832], [139.9289, 34.9838], [139.9296, 34.9848], [139.9298, 34.9876], [139.9305, 34.9886], [139.9309, 34.99], [139.931, 34.992], [139.932, 34.9939], [139.9342, 34.9946], [139.9353, 34.9953], [139.9357, 34.9964], [139.9356, 34.9973], [139.9363, 34.998], [139.9383, 34.9987], [139.9388, 34.9996], [139.9397, 34.9999], [139.94, 35.0008], [139.9408, 35.0017], [139.9406, 35.0028], [139.942, 35.0029], [139.9427, 35.0034], [139.941, 35.0048], [139.9369, 35.0065], [139.9386, 35.0083], [139.9366, 35.0119], [139.9357, 35.0125], [139.9357, 35.0133], [139.9346, 35.0148], [139.9345, 35.0157], [139.9337, 35.016], [139.9334, 35.0167], [139.9342, 35.0182], [139.9351, 35.0189], [139.9365, 35.0223], [139.9358, 35.0227], [139.9352, 35.0236], [139.9343, 35.0241], [139.9339, 35.0258], [139.9335, 35.026], [139.9317, 35.0257], [139.9305, 35.0247], [139.9296, 35.0253], [139.9291, 35.0253], [139.9272, 35.0233], [139.9273, 35.0219], [139.9237, 35.0196], [139.9221, 35.0193], [139.9202, 35.0175], [139.9192, 35.0174], [139.9185, 35.0179], [139.9149, 35.0171], [139.9131, 35.0179], [139.9107, 35.0179], [139.9104, 35.0176], [139.9094, 35.0176], [139.9095, 35.0172], [139.9076, 35.0172], [139.9076, 35.0181], [139.9046, 35.0181], [139.9038, 35.0131], [139.9045, 35.0104], [139.904, 35.0099], [139.9031, 35.0099], [139.9027, 35.0093], [139.899, 35.0084], [139.8988, 35.009], [139.8921, 35.0087], [139.8897, 35.009], [139.8896, 35.0075], [139.8874, 35.0072], [139.8869, 35.006], [139.8843, 35.0057], [139.8837, 35.0054], [139.8827, 35.0057], [139.8834, 35.0069], [139.8831, 35.0074], [139.885, 35.0077], [139.886, 35.0091], [139.8857, 35.0095], [139.8854, 35.0093], [139.8856, 35.0103], [139.8851, 35.0105], [139.8864, 35.0127], [139.8866, 35.0159], [139.8861, 35.0185], [139.885, 35.0205], [139.8867, 35.0204], [139.8873, 35.0206], [139.8877, 35.0205], [139.888, 35.02], [139.89, 35.02], [139.8922, 35.0194], [139.8932, 35.0199], [139.8928, 35.0211], [139.8917, 35.0216], [139.8908, 35.0238], [139.8883, 35.0234], [139.8881, 35.0224], [139.887, 35.0226], [139.8836, 35.022], [139.883, 35.0224], [139.8816, 35.0224], [139.8816, 35.023], [139.8826, 35.0245], [139.8831, 35.0263], [139.8833, 35.0279], [139.8844, 35.0288], [139.8837, 35.0316], [139.8839, 35.033], [139.8846, 35.0338], [139.8841, 35.0346], [139.8841, 35.0353], [139.8826, 35.0359], [139.8819, 35.0371], [139.8819, 35.0376], [139.8828, 35.0382], [139.8832, 35.0403], [139.8837, 35.0407], [139.8821, 35.0417], [139.8817, 35.0438], [139.8808, 35.0447], [139.8817, 35.0457], [139.8816, 35.0474], [139.8833, 35.0485], [139.8834, 35.0504], [139.8826, 35.0509], [139.8824, 35.0514], [139.8834, 35.0524], [139.8833, 35.0534], [139.8847, 35.0543], [139.8834, 35.0563], [139.8814, 35.0564], [139.8804, 35.0552], [139.8805, 35.0547], [139.8793, 35.0534], [139.8787, 35.0532], [139.88, 35.0526], [139.8806, 35.0511], [139.8799, 35.0503], [139.8797, 35.0493], [139.8779, 35.0481], [139.8772, 35.0467], [139.8766, 35.0463], [139.8754, 35.0463], [139.8747, 35.0466], [139.8738, 35.0461], [139.8729, 35.0451], [139.8724, 35.0455], [139.8722, 35.045], [139.8714, 35.045], [139.8709, 35.0443], [139.8721, 35.0433], [139.8696, 35.0414], [139.8696, 35.0405], [139.8691, 35.04], [139.8677, 35.0394], [139.8666, 35.0394], [139.8659, 35.0384], [139.864, 35.038], [139.8634, 35.0386], [139.862, 35.038], [139.8612, 35.0346], [139.8608, 35.0345], [139.86, 35.0351], [139.859, 35.0353], [139.8559, 35.033], [139.8548, 35.0333], [139.8534, 35.0322], [139.8528, 35.0321], [139.85, 35.0327], [139.8489, 35.0334], [139.8482, 35.0329], [139.848, 35.0335], [139.8469, 35.0335], [139.8464, 35.0323], [139.8455, 35.0322], [139.8449, 35.0317], [139.8409, 35.0322], [139.838, 35.0323], [139.8348, 35.0332], [139.8333, 35.0323], [139.8356, 35.0312], [139.8379, 35.0289], [139.838, 35.0281], [139.838, 35.0288], [139.8383, 35.029], [139.8399, 35.0285], [139.8407, 35.0273], [139.8412, 35.0255], [139.8422, 35.0252], [139.8429, 35.0243], [139.8439, 35.0241], [139.8447, 35.0229], [139.8442, 35.0239], [139.8445, 35.0244], [139.8437, 35.0251], [139.8449, 35.0256], [139.8452, 35.0247], [139.8448, 35.0244], [139.8452, 35.0246], [139.8454, 35.0241], [139.846, 35.0243], [139.8457, 35.0252], [139.8472, 35.0255], [139.8473, 35.0259], [139.8491, 35.0254], [139.849, 35.0251], [139.8486, 35.0242], [139.8469, 35.0235], [139.8458, 35.0227], [139.8481, 35.0236], [139.8483, 35.0233], [139.8481, 35.0236], [139.8487, 35.0238], [139.8491, 35.0246], [139.8507, 35.0242], [139.8503, 35.0232], [139.8483, 35.0225], [139.8476, 35.0225], [139.8483, 35.0225], [139.8504, 35.0232], [139.851, 35.0244], [139.8525, 35.0237], [139.8536, 35.0219], [139.8526, 35.0216], [139.8538, 35.0219], [139.857, 35.014], [139.8569, 35.0113], [139.8577, 35.0101], [139.8581, 35.0102], [139.8583, 35.0107], [139.8576, 35.0106], [139.8572, 35.0116], [139.8579, 35.0109], [139.8601, 35.0112], [139.86, 35.0103], [139.858, 35.0098], [139.8585, 35.0031], [139.858, 34.9977], [139.8572, 34.9943], [139.8557, 34.9945], [139.8572, 34.9941], [139.8556, 34.9945], [139.8575, 34.9939], [139.8574, 34.9935], [139.8555, 34.994], [139.8569, 34.9936], [139.8562, 34.9917], [139.855, 34.99], [139.8535, 34.9909], [139.8546, 34.9902], [139.8538, 34.9892], [139.8542, 34.989], [139.8538, 34.9887], [139.8532, 34.9889], [139.853, 34.9886], [139.8527, 34.9888], [139.8524, 34.9885], [139.8532, 34.988], [139.8524, 34.9873], [139.8514, 34.9881], [139.8524, 34.9873], [139.852, 34.987], [139.8507, 34.9882], [139.8486, 34.9877], [139.848, 34.9878], [139.8486, 34.9876], [139.8506, 34.9882], [139.852, 34.987], [139.8515, 34.9867], [139.8512, 34.9869], [139.8501, 34.9861], [139.8499, 34.9863], [139.8506, 34.9857], [139.85, 34.9861], [139.8503, 34.9858], [139.8495, 34.9853]]]}, "properties": {"name": "千葉県館山市"}}, {"type": "Feature", "geometry": {"type": "Polygon", "coordinates": [[[139.8953, 35.3494], [139.8959, 35.3484], [139.8974, 35.3471], [139.8976, 35.3462], [139.8972, 35.3457], [139.8977, 35.3452], [139.8981, 35.343], [139.8988, 35.3416], [139.8988, 35.3406], [139.8982, 35.3396], [139.8994, 35.3391], [139.899, 35.3372], [139.8999, 35.3373], [139.9047, 35.3349], [139.9054, 35.3362], [139.9058, 35.3384], [139.9088, 35.3378], [139.9094, 35.3388], [139.9103, 35.3387], [139.9113, 35.3393], [139.9117, 35.341], [139.9125, 35.3399], [139.9136, 35.3392], [139.9136, 35.3395], [139.9127, 35.3401], [139.9133, 35.3405], [139.9138, 35.3401], [139.9142, 35.3407], [139.9155, 35.3405], [139.9171, 35.339], [139.9176, 35.3396], [139.9184, 35.3395], [139.9187, 35.3402], [139.9188, 35.3397], [139.9197, 35.3396], [139.9201, 35.3398], [139.9201, 35.3406], [139.9209, 35.3406], [139.9212, 35.3393], [139.9219, 35.3393], [139.9225, 35.3383], [139.9234, 35.3381], [139.9237, 35.3386], [139.9244, 35.3385], [139.9249, 35.3375], [139.9253, 35.3373], [139.9258, 35.3374], [139.926, 35.3379], [139.9269, 35.3377], [139.9262, 35.3387], [139.9267, 35.3393], [139.9277, 35.339], [139.9282, 35.3381], [139.9282, 35.3386], [139.9298, 35.3386], [139.9302, 35.3372], [139.9297, 35.337], [139.929, 35.3353], [139.9312, 35.3376], [139.9313, 35.3386], [139.9323, 35.3385], [139.9325, 35.3375], [139.9332, 35.3377], [139.933, 35.3372], [139.9338, 35.3369], [139.9345, 35.3375], [139.9355, 35.3371], [139.9371, 35.338], [139.9378, 35.3376], [139.9368, 35.3371], [139.9375, 35.3368], [139.9381, 35.3373], [139.9389, 35.3373], [139.9389, 35.3365], [139.9394, 35.3358], [139.9404, 35.3361], [139.9407, 35.3355], [139.9458, 35.334], [139.9462, 35.3325], [139.9474, 35.3322], [139.9473, 35.3327], [139.9484, 35.3331], [139.949, 35.333], [139.9491, 35.3321], [139.9511, 35.3309], [139.9518, 35.3302], [139.9518, 35.3297], [139.9533, 35.3297], [139.9547, 35.3308], [139.955, 35.3305], [139.9567, 35.3307], [139.958, 35.3315], [139.9612, 35.3318], [139.9629, 35.3313], [139.9645, 35.3318], [139.9653, 35.3281], [139.9661, 35.3269], [139.9676, 35.3263], [139.9691, 35.3247], [139.9724, 35.3227], [139.9736, 35.3209], [139.9738, 35.3184], [139.9756, 35.3185], [139.9773, 35.3182], [139.981, 35.3151], [139.9813, 35.3165], [139.9825, 35.3169], [139.9837, 35.3182], [139.983, 35.3189], [139.9846, 35.3198], [139.9859, 35.3196], [139.9874, 35.3181], [139.9875, 35.3175], [139.9904, 35.3197], [139.9926, 35.3174], [139.9949, 35.3169], [139.9969, 35.3155], [139.9961, 35.3168], [139.9966, 35.3175], [139.998, 35.3169], [139.9975, 35.3178], [139.998, 35.3256], [139.9984, 35.3264], [140, 35.3276], [140.0005, 35.3273], [140.0003, 35.3269], [140.0014, 35.3272], [140.001, 35.3308], [140.0012, 35.3333], [140.0015, 35.3311], [140.0049, 35.3272], [140.005, 35.3257], [140.0089, 35.3199], [140.0104, 35.3189], [140.01, 35.3184], [140.011, 35.3161], [140.0127, 35.3149], [140.0139, 35.3126], [140.0156, 35.3136], [140.0154, 35.3144], [140.0165, 35.316], [140.0161, 35.317], [140.0167, 35.3188], [140.0175, 35.3194], [140.0188, 35.3212], [140.0201, 35.3217], [140.0206, 35.3231], [140.0213, 35.324], [140.0215, 35.326], [140.0207, 35.3293], [140.022, 35.3316], [140.024, 35.3307], [140.026, 35.3303], [140.0292, 35.3304], [140.0335, 35.3335], [140.0344, 35.3332], [140.0345, 35.3337], [140.0358, 35.3339], [140.0366, 35.3351], [140.038, 35.3347], [140.0409, 35.3357], [140.0409, 35.336], [140.0416, 35.3363], [140.041, 35.3374], [140.0435, 35.3369], [140.0441, 35.3385], [140.0427, 35.3395], [140.0448, 35.3409], [140.0454, 35.3421], [140.0451, 35.3431], [140.0434, 35.3449], [140.044, 35.3457], [140.0441, 35.3472], [140.0448, 35.3474], [140.0451, 35.348], [140.0467, 35.3475], [140.0482, 35.348], [140.0482, 35.349], [140.0465, 35.3508], [140.0491, 35.3508], [140.0491, 35.3514], [140.0484, 35.3514], [140.0484, 35.352], [140.0515, 35.352], [140.0514, 35.3555], [140.0562, 35.3555], [140.0557, 35.3545], [140.0577, 35.3539], [140.0582, 35.3542], [140.0588, 35.354], [140.0594, 35.3537], [140.0604, 35.3511], [140.0611, 35.351], [140.0616, 35.352], [140.0621, 35.3515], [140.0629, 35.3519], [140.0635, 35.3517], [140.0643, 35.3509], [140.0657, 35.3505], [140.0655, 35.3499], [140.0663, 35.3495], [140.0667, 35.3489], [140.0673, 35.349], [140.0675, 35.3483], [140.0689, 35.3475], [140.0691, 35.3468], [140.07, 35.3469], [140.0707, 35.3458], [140.0713, 35.346], [140.072, 35.3455], [140.0729, 35.3459], [140.0748, 35.3452], [140.0756, 35.3458], [140.0754, 35.3466], [140.0763, 35.3465], [140.0771, 35.346], [140.0769, 35.3468], [140.078, 35.3469], [140.0793, 35.3466], [140.0792, 35.3456], [140.0811, 35.3447], [140.0814, 35.3436], [140.0818, 35.3436], [140.0814, 35.345], [140.0799, 35.3457], [140.0814, 35.3459], [140.0824, 35.3452], [140.0837, 35.3449], [140.0839, 35.344], [140.0851, 35.3431], [140.0845, 35.3426], [140.0854, 35.3421], [140.0854, 35.3404], [140.0861, 35.3404], [140.0868, 35.3416], [140.0868, 35.3409], [140.086, 35.3402], [140.0857, 35.3392], [140.086, 35.3391], [140.0865, 35.3394], [140.0867, 35.3404], [140.087, 35.3407], [140.0866, 35.3392], [140.0868, 35.3387], [140.0878, 35.3415], [140.087, 35.3378], [140.0877, 35.337], [140.0876, 35.3366], [140.0897, 35.3352], [140.0902, 35.3339], [140.092, 35.3338], [140.09, 35.3309], [140.0928, 35.3304], [140.094, 35.3287], [140.0961, 35.3281], [140.0974, 35.3269], [140.0979, 35.3272], [140.0981, 35.3289], [140.0995, 35.3284], [140.1, 35.3287], [140.1007, 35.3285], [140.1013, 35.3273], [140.1036, 35.3272], [140.1043, 35.3261], [140.1041, 35.3247], [140.1046, 35.3238], [140.1064, 35.3228], [140.1078, 35.3206], [140.1088, 35.3198], [140.1088, 35.3209], [140.1081, 35.3211], [140.1081, 35.3214], [140.1087, 35.3216], [140.1087, 35.3236], [140.1083, 35.3244], [140.1085, 35.3248], [140.1096, 35.3251], [140.1109, 35.3248], [140.1114, 35.3263], [140.1114, 35.3271], [140.112, 35.3275], [140.1129, 35.329], [140.1133, 35.3293], [140.1159, 35.329], [140.1166, 35.3301], [140.1176, 35.3296], [140.1199, 35.3318], [140.1205, 35.3328], [140.1213, 35.3332], [140.1205, 35.3345], [140.1217, 35.3355], [140.1217, 35.3374], [140.1232, 35.3381], [140.1234, 35.3389], [140.1245, 35.3389], [140.1257, 35.3407], [140.126, 35.3421], [140.1282, 35.3432], [140.1283, 35.3445], [140.1294, 35.3457], [140.1291, 35.3474], [140.1275, 35.3487], [140.1261, 35.3493], [140.1241, 35.3514], [140.1223, 35.3553], [140.1232, 35.358], [140.1231, 35.3587], [140.1192, 35.3604], [140.1185, 35.3612], [140.1196, 35.3628], [140.1194, 35.3635], [140.12, 35.3645], [140.1183, 35.3654], [140.1179, 35.3661], [140.1169, 35.3662], [140.1164, 35.3667], [140.1161, 35.368], [140.1156, 35.3686], [140.1156, 35.3704], [140.1142, 35.3711], [140.1135, 35.374], [140.1113, 35.3761], [140.1104, 35.3793], [140.1074, 35.3813], [140.1061, 35.3831], [140.1057, 35.3845], [140.1053, 35.3848], [140.1031, 35.3846], [140.103, 35.3843], [140.104, 35.3825], [140.1032, 35.382], [140.1032, 35.3812], [140.1062, 35.3789], [140.106, 35.3778], [140.104, 35.3779], [140.1023, 35.3785], [140.1021, 35.3771], [140.1029, 35.3759], [140.1027, 35.3756], [140.0997, 35.3748], [140.0966, 35.3768], [140.0946, 35.3776], [140.0927, 35.3792], [140.0909, 35.3831], [140.0922, 35.3846], [140.0925, 35.3867], [140.0937, 35.3884], [140.0931, 35.3886], [140.0924, 35.388], [140.0917, 35.3868], [140.0911, 35.3845], [140.0898, 35.3838], [140.0892, 35.383], [140.088, 35.3834], [140.0851, 35.3823], [140.0837, 35.3832], [140.0834, 35.3848], [140.083, 35.3853], [140.0821, 35.385], [140.0814, 35.3855], [140.081, 35.3853], [140.0788, 35.3857], [140.0763, 35.3853], [140.0755, 35.3857], [140.0748, 35.3849], [140.074, 35.3848], [140.0739, 35.3842], [140.0732, 35.384], [140.0729, 35.3834], [140.0698, 35.3839], [140.0653, 35.3827], [140.0644, 35.3816], [140.0629, 35.3811], [140.0609, 35.3788], [140.0597, 35.3793], [140.0593, 35.3787], [140.0571, 35.3796], [140.0575, 35.3802], [140.0559, 35.3809], [140.0556, 35.3804], [140.055, 35.3807], [140.0536, 35.3783], [140.0476, 35.3808], [140.0458, 35.3791], [140.0469, 35.3784], [140.0459, 35.3783], [140.0457, 35.3756], [140.0454, 35.3757], [140.0451, 35.3736], [140.0443, 35.3739], [140.0437, 35.3736], [140.0436, 35.3725], [140.0423, 35.3725], [140.0422, 35.3711], [140.0354, 35.3714], [140.0355, 35.3697], [140.034, 35.3663], [140.0344, 35.3639], [140.0331, 35.3628], [140.0337, 35.3628], [140.0332, 35.3619], [140.0331, 35.3604], [140.0328, 35.3608], [140.0322, 35.3609], [140.0309, 35.3604], [140.0281, 35.36], [140.0248, 35.3607], [140.0237, 35.3599], [140.0233, 35.3587], [140.0233, 35.357], [140.0252, 35.3524], [140.0233, 35.3527], [140.0223, 35.352], [140.0209, 35.3519], [140.019, 35.3527], [140.0188, 35.3522], [140.0201, 35.3509], [140.0197, 35.3503], [140.0199, 35.3497], [140.0194, 35.3501], [140.0195, 35.3504], [140.0187, 35.352], [140.0185, 35.3513], [140.0193, 35.3501], [140.0183, 35.3497], [140.016, 35.3467], [140.0169, 35.3461], [140.0165, 35.346], [140.0166, 35.3455], [140.016, 35.3445], [140.0152, 35.3441], [140.0157, 35.3439], [140.0153, 35.3437], [140.015, 35.3427], [140.0156, 35.3421], [140.0133, 35.3431], [140.0117, 35.3442], [140.0086, 35.3434], [140.008, 35.3437], [140.0052, 35.344], [140.0052, 35.3446], [140.0049, 35.3446], [140.0045, 35.3438], [140.0031, 35.3437], [140.0017, 35.3444], [140.0012, 35.3453], [140.0026, 35.3453], [140.0029, 35.3455], [140.0013, 35.3456], [140.001, 35.346], [140.0015, 35.3464], [140.0022, 35.3466], [140.0014, 35.3467], [140.0007, 35.3462], [139.9999, 35.3463], [139.9989, 35.3481], [139.9994, 35.3488], [140.0015, 35.3494], [140.0004, 35.3498], [140.0005, 35.3509], [139.9998, 35.351], [140, 35.3495], [139.9994, 35.3491], [139.999, 35.3504], [139.9987, 35.3504], [139.9988, 35.3491], [139.9984, 35.3486], [139.9974, 35.3487], [139.9974, 35.3496], [139.997, 35.3495], [139.997, 35.3488], [139.9965, 35.3488], [139.997, 35.3502], [139.9965, 35.3503], [139.9963, 35.3497], [139.9959, 35.3499], [139.9955, 35.3496], [139.996, 35.3491], [139.9959, 35.3486], [139.9951, 35.3483], [139.9947, 35.3498], [139.9958, 35.3507], [139.9973, 35.3509], [139.9995, 35.3519], [140.0003, 35.3519], [139.9998, 35.3522], [140.0007, 35.3531], [140.0005, 35.3543], [140.0012, 35.3558], [140.0013, 35.3575], [140.0031, 35.3599], [140.0026, 35.3613], [140.0016, 35.3627], [140.0003, 35.3631], [140.0001, 35.3637], [139.9988, 35.3645], [139.9988, 35.3658], [139.9982, 35.3672], [139.9985, 35.3683], [140.0015, 35.3712], [140.002, 35.3727], [140.0011, 35.3765], [140.0015, 35.3781], [140.002, 35.3789], [140.0008, 35.3786], [140.0002, 35.379], [140.0007, 35.3829], [140.0013, 35.3838], [140.0035, 35.3828], [140.0039, 35.3837], [140.0038, 35.3847], [140.0045, 35.3847], [140.0046, 35.3851], [140.0041, 35.3851], [140.0049, 35.3859], [140.0046, 35.3863], [140.0035, 35.3865], [140.0025, 35.3874], [139.9992, 35.3875], [139.9989, 35.3881], [139.9971, 35.3893], [139.9951, 35.3896], [139.9947, 35.3912], [139.9942, 35.3913], [139.9943, 35.3915], [139.993, 35.3918], [139.9929, 35.3928], [139.9922, 35.3929], [139.9921, 35.3937], [139.9932, 35.3938], [139.9941, 35.3942], [139.9975, 35.3964], [139.9998, 35.3968], [140.0017, 35.3964], [140.0066, 35.3938], [140.0069, 35.3947], [140.0078, 35.3955], [140.0077, 35.3961], [140.0084, 35.3971], [140.0081, 35.3989], [140.0104, 35.3984], [140.0112, 35.4011], [140.0106, 35.4013], [140.0115, 35.4043], [140.009, 35.405], [140.0077, 35.4051], [140.0077, 35.4049], [140.0064, 35.4052], [140.005, 35.4049], [140.0024, 35.4053], [140.0017, 35.4051], [139.9981, 35.4056], [139.9974, 35.4049], [139.9957, 35.405], [139.9947, 35.4052], [139.9948, 35.407], [139.9926, 35.407], [139.9909, 35.4075], [139.9909, 35.4084], [139.9893, 35.4082], [139.9812, 35.4093], [139.9797, 35.4092], [139.9794, 35.4079], [139.977, 35.4085], [139.9767, 35.4081], [139.9753, 35.4073], [139.9725, 35.4091], [139.9726, 35.4094], [139.9719, 35.41], [139.9711, 35.4101], [139.9722, 35.4122], [139.974, 35.4139], [139.9737, 35.4141], [139.9751, 35.4168], [139.9682, 35.42], [139.9637, 35.4196], [139.964, 35.418], [139.966, 35.4177], [139.9657, 35.417], [139.9649, 35.4172], [139.9646, 35.416], [139.9651, 35.4157], [139.9653, 35.4148], [139.9644, 35.4154], [139.9642, 35.4145], [139.9635, 35.4148], [139.9613, 35.4136], [139.9601, 35.4135], [139.9599, 35.4138], [139.9593, 35.4135], [139.9594, 35.4133], [139.9586, 35.4132], [139.9588, 35.4128], [139.9584, 35.4129], [139.9583, 35.4124], [139.958, 35.4125], [139.9578, 35.4117], [139.9574, 35.4118], [139.9565, 35.4106], [139.9557, 35.4106], [139.9557, 35.4112], [139.9553, 35.4112], [139.9547, 35.4121], [139.9533, 35.4127], [139.953, 35.4135], [139.9507, 35.4134], [139.9501, 35.4145], [139.9489, 35.4151], [139.9455, 35.416], [139.9434, 35.417], [139.9422, 35.4183], [139.9424, 35.4211], [139.9413, 35.4215], [139.9398, 35.4205], [139.9384, 35.4213], [139.9417, 35.4256], [139.9412, 35.4258], [139.9429, 35.4269], [139.9464, 35.4282], [139.9456, 35.4303], [139.9458, 35.4324], [139.9501, 35.4378], [139.9496, 35.4387], [139.9501, 35.4389], [139.9489, 35.4408], [139.9487, 35.4424], [139.9433, 35.4431], [139.943, 35.4433], [139.9429, 35.4441], [139.94, 35.4439], [139.9401, 35.4435], [139.9407, 35.4436], [139.9408, 35.4431], [139.9402, 35.4431], [139.9405, 35.443], [139.9406, 35.4426], [139.9399, 35.4425], [139.9398, 35.4431], [139.9387, 35.443], [139.9386, 35.4435], [139.938, 35.4433], [139.9381, 35.4428], [139.937, 35.4427], [139.9369, 35.4436], [139.9394, 35.4441], [139.9369, 35.4437], [139.937, 35.4421], [139.9359, 35.4419], [139.9353, 35.4413], [139.9351, 35.442], [139.9294, 35.4409], [139.9291, 35.4409], [139.9289, 35.4414], [139.9279, 35.4412], [139.928, 35.4409], [139.9288, 35.4412], [139.929, 35.4408], [139.9282, 35.4406], [139.9277, 35.44], [139.9271, 35.4402], [139.9274, 35.4407], [139.9271, 35.4402], [139.9226, 35.4391], [139.9225, 35.4393], [139.9244, 35.4398], [139.9241, 35.4408], [139.9198, 35.4399], [139.9191, 35.441], [139.9199, 35.4393], [139.9199, 35.4395], [139.9218, 35.4399], [139.9219, 35.4393], [139.9201, 35.4388], [139.9199, 35.439], [139.9201, 35.4383], [139.9197, 35.4382], [139.9195, 35.4386], [139.9184, 35.4378], [139.9181, 35.438], [139.9192, 35.4391], [139.9181, 35.4382], [139.9179, 35.4384], [139.9189, 35.4397], [139.9179, 35.439], [139.9177, 35.4391], [139.9176, 35.4394], [139.9185, 35.4404], [139.9183, 35.4405], [139.9172, 35.4394], [139.9177, 35.4375], [139.9161, 35.437], [139.9104, 35.4401], [139.884, 35.458], [139.8803, 35.4607], [139.8792, 35.4618], [139.8729, 35.4661], [139.8722, 35.4654], [139.8732, 35.4645], [139.8784, 35.461], [139.8786, 35.4612], [139.88, 35.4604], [139.9117, 35.4389], [139.9157, 35.4369], [139.9147, 35.4367], [139.9119, 35.4354], [139.9119, 35.435], [139.9116, 35.4351], [139.9095, 35.4334], [139.9079, 35.4325], [139.9072, 35.4323], [139.9061, 35.4327], [139.9032, 35.4315], [139.9012, 35.4297], [139.9007, 35.4297], [139.8972, 35.4321], [139.8968, 35.4317], [139.9011, 35.4287], [139.9009, 35.4271], [139.9022, 35.4261], [139.9019, 35.4253], [139.8999, 35.4233], [139.8997, 35.4227], [139.8996, 35.4236], [139.8973, 35.4233], [139.8973, 35.4239], [139.899, 35.4245], [139.8972, 35.4239], [139.8969, 35.4191], [139.8989, 35.419], [139.8993, 35.4184], [139.8976, 35.4164], [139.8974, 35.4152], [139.8978, 35.414], [139.8976, 35.4134], [139.8983, 35.4126], [139.8992, 35.4126], [139.9027, 35.413], [139.9033, 35.4135], [139.9049, 35.4142], [139.9031, 35.4133], [139.9023, 35.4107], [139.901, 35.4085], [139.9012, 35.4044], [139.9019, 35.4041], [139.8194, 35.4289], [139.7792, 35.4053], [139.7688, 35.3843], [139.8136, 35.3269], [139.8166, 35.3241], [139.8221, 35.3269], [139.8188, 35.3312], [139.8201, 35.3337], [139.8212, 35.3343], [139.8201, 35.3336], [139.8189, 35.3312], [139.8227, 35.3262], [139.8233, 35.3261], [139.8227, 35.3261], [139.8202, 35.3248], [139.8213, 35.3233], [139.8239, 35.3246], [139.8233, 35.3254], [139.8246, 35.3261], [139.8245, 35.3263], [139.833, 35.3304], [139.8346, 35.3315], [139.834, 35.3309], [139.8384, 35.3332], [139.8394, 35.3337], [139.8391, 35.334], [139.8396, 35.3342], [139.8417, 35.3331], [139.842, 35.3335], [139.8393, 35.335], [139.8378, 35.3368], [139.8376, 35.3366], [139.8377, 35.337], [139.8371, 35.3378], [139.8287, 35.3366], [139.8279, 35.3377], [139.8249, 35.3361], [139.8278, 35.3378], [139.8273, 35.3384], [139.827, 35.3382], [139.8274, 35.3386], [139.8272, 35.3389], [139.8265, 35.3388], [139.8269, 35.3389], [139.8245, 35.342], [139.8239, 35.3413], [139.8248, 35.3409], [139.8253, 35.34], [139.8248, 35.3408], [139.8241, 35.3409], [139.8236, 35.3416], [139.8244, 35.3421], [139.8227, 35.3442], [139.8236, 35.3451], [139.8213, 35.3459], [139.8238, 35.3453], [139.8209, 35.3464], [139.8239, 35.3454], [139.8375, 35.359], [139.847, 35.3468], [139.852, 35.3493], [139.8551, 35.3508], [139.8569, 35.3484], [139.8561, 35.3492], [139.854, 35.3481], [139.8544, 35.3475], [139.8548, 35.3476], [139.8545, 35.3474], [139.8548, 35.347], [139.8572, 35.3472], [139.8576, 35.3474], [139.8571, 35.348], [139.8586, 35.3462], [139.8604, 35.3464], [139.859, 35.3484], [139.8596, 35.3487], [139.8588, 35.3498], [139.8581, 35.3495], [139.8568, 35.3511], [139.8519, 35.3582], [139.8417, 35.3642], [139.8393, 35.3672], [139.8459, 35.3754], [139.8592, 35.3692], [139.8594, 35.3694], [139.8588, 35.3696], [139.8596, 35.3693], [139.86, 35.369], [139.8608, 35.3688], [139.8614, 35.3684], [139.8624, 35.368], [139.8633, 35.3675], [139.8624, 35.368], [139.8622, 35.3677], [139.8632, 35.367], [139.8641, 35.367], [139.8767, 35.3634], [139.8686, 35.3659], [139.8829, 35.3615], [139.8876, 35.3615], [139.8953, 35.3494]]]}, "properties": {"name": "千葉県木更津市"}}, {"type": "Feature", "geometry": {"type": "Polygon", "coordinates": [[[139.976, 35.7739], [139.9769, 35.7745], [139.981, 35.7737], [139.9835, 35.7735], [139.9842, 35.7763], [139.9729, 35.7802], [139.9725, 35.7782], [139.9686, 35.7781], [139.9683, 35.7865], [139.9714, 35.7865], [139.9714, 35.7875], [139.9763, 35.7879], [139.977, 35.7871], [139.9768, 35.7867], [139.9772, 35.7866], [139.9781, 35.788], [139.9783, 35.7878], [139.9808, 35.789], [139.9826, 35.789], [139.9834, 35.7886], [139.9847, 35.7888], [139.986, 35.7898], [139.9878, 35.7905], [139.9889, 35.7906], [139.991, 35.7901], [139.9915, 35.7891], [139.9939, 35.7882], [139.9946, 35.7874], [139.9952, 35.7876], [139.9959, 35.7874], [139.9987, 35.7891], [140.0006, 35.7909], [140.0004, 35.7912], [140.0015, 35.7923], [140.0003, 35.7927], [140.0003, 35.7943], [140.0014, 35.7947], [140.0013, 35.795], [140, 35.7958], [139.9992, 35.7969], [139.9951, 35.7981], [139.994, 35.7979], [139.9952, 35.7983], [139.9954, 35.7989], [139.997, 35.7998], [139.9977, 35.8008], [139.9967, 35.8017], [139.9979, 35.8027], [139.9977, 35.8029], [139.9985, 35.8036], [139.9977, 35.8042], [139.9956, 35.8025], [139.9959, 35.8023], [139.9953, 35.8018], [139.993, 35.8034], [139.9915, 35.8015], [139.9901, 35.8019], [139.9888, 35.8035], [139.9896, 35.8044], [139.9905, 35.8043], [139.9914, 35.8054], [139.9901, 35.8058], [139.9903, 35.806], [139.9891, 35.8069], [139.9879, 35.806], [139.9872, 35.8063], [139.9867, 35.8073], [139.9855, 35.8067], [139.9859, 35.8063], [139.9854, 35.8059], [139.9859, 35.8052], [139.9851, 35.8049], [139.9849, 35.804], [139.983, 35.8022], [139.9815, 35.8], [139.9798, 35.8004], [139.9788, 35.7982], [139.9673, 35.8027], [139.9672, 35.8042], [139.9667, 35.8046], [139.9676, 35.8045], [139.9675, 35.8079], [139.9584, 35.8092], [139.9549, 35.8145], [139.9544, 35.816], [139.9525, 35.8171], [139.9517, 35.8194], [139.9518, 35.8225], [139.9505, 35.824], [139.9492, 35.8245], [139.9496, 35.8249], [139.9487, 35.8263], [139.9505, 35.8268], [139.9506, 35.8276], [139.9498, 35.8288], [139.947, 35.8303], [139.9485, 35.831], [139.9477, 35.8314], [139.9474, 35.8313], [139.9468, 35.8318], [139.945, 35.8315], [139.9448, 35.8321], [139.944, 35.8328], [139.9426, 35.8324], [139.9409, 35.8341], [139.9409, 35.8344], [139.9416, 35.8346], [139.9414, 35.835], [139.9392, 35.8346], [139.9391, 35.8341], [139.9383, 35.834], [139.938, 35.8351], [139.9373, 35.835], [139.9359, 35.8398], [139.9342, 35.8414], [139.9311, 35.8454], [139.9292, 35.8493], [139.9282, 35.8498], [139.923, 35.8492], [139.9194, 35.8471], [139.9176, 35.8452], [139.9185, 35.8428], [139.9179, 35.8415], [139.9179, 35.8406], [139.9144, 35.8374], [139.9128, 35.8369], [139.9124, 35.8364], [139.9064, 35.8367], [139.9058, 35.8341], [139.9063, 35.834], [139.9061, 35.8331], [139.9036, 35.8335], [139.9033, 35.8325], [139.902, 35.8327], [139.9015, 35.8306], [139.8994, 35.831], [139.8993, 35.8305], [139.8988, 35.8305], [139.8989, 35.8311], [139.8983, 35.8311], [139.8983, 35.8308], [139.8975, 35.8311], [139.8975, 35.8301], [139.8987, 35.8301], [139.8986, 35.8294], [139.9, 35.829], [139.9001, 35.8285], [139.9007, 35.8285], [139.9005, 35.8275], [139.8961, 35.8276], [139.8961, 35.8281], [139.8948, 35.8282], [139.8949, 35.8292], [139.8943, 35.8292], [139.8943, 35.8302], [139.8884, 35.8305], [139.8886, 35.8233], [139.8908, 35.8202], [139.8913, 35.8177], [139.8906, 35.8116], [139.889, 35.8075], [139.8906, 35.8017], [139.8908, 35.7997], [139.8902, 35.7983], [139.8885, 35.7963], [139.8881, 35.7949], [139.8938, 35.7815], [139.8938, 35.7803], [139.8924, 35.7782], [139.8828, 35.7733], [139.881, 35.7718], [139.88, 35.7702], [139.8797, 35.7688], [139.8799, 35.7663], [139.8827, 35.762], [139.8834, 35.758], [139.8851, 35.7558], [139.8901, 35.7507], [139.8921, 35.7521], [139.8941, 35.7506], [139.896, 35.7517], [139.8951, 35.7528], [139.897, 35.7524], [139.8972, 35.7527], [139.8975, 35.7525], [139.8979, 35.7535], [139.8985, 35.7536], [139.8996, 35.7531], [139.9004, 35.7547], [139.9013, 35.7551], [139.9018, 35.7557], [139.9012, 35.7564], [139.9015, 35.7587], [139.9035, 35.7649], [139.906, 35.7674], [139.907, 35.7669], [139.9087, 35.7669], [139.9099, 35.7662], [139.9105, 35.7652], [139.9119, 35.765], [139.9124, 35.7655], [139.9135, 35.7643], [139.9161, 35.7629], [139.9183, 35.7631], [139.9192, 35.7626], [139.9233, 35.7616], [139.9224, 35.7595], [139.9221, 35.7595], [139.9215, 35.7576], [139.9269, 35.7579], [139.9281, 35.7586], [139.9289, 35.7596], [139.9294, 35.7593], [139.9298, 35.76], [139.9317, 35.7599], [139.9317, 35.7587], [139.9312, 35.758], [139.9324, 35.7548], [139.9301, 35.7545], [139.9301, 35.7534], [139.9293, 35.7537], [139.9288, 35.7525], [139.9298, 35.7523], [139.9295, 35.7517], [139.93, 35.7512], [139.9312, 35.7507], [139.9333, 35.7489], [139.9361, 35.749], [139.9368, 35.7498], [139.9372, 35.7498], [139.9367, 35.7488], [139.9371, 35.7486], [139.9385, 35.7485], [139.9394, 35.7464], [139.9426, 35.7484], [139.9444, 35.7501], [139.9438, 35.7515], [139.9439, 35.7534], [139.9435, 35.7551], [139.9436, 35.7555], [139.945, 35.7563], [139.945, 35.7569], [139.9441, 35.7578], [139.9419, 35.7575], [139.9407, 35.7569], [139.9406, 35.7571], [139.9419, 35.7579], [139.9441, 35.7585], [139.9465, 35.7608], [139.9491, 35.7611], [139.9508, 35.7611], [139.9512, 35.7608], [139.9518, 35.762], [139.9516, 35.7639], [139.9504, 35.7662], [139.9486, 35.7663], [139.9484, 35.7668], [139.9478, 35.767], [139.9483, 35.7684], [139.9491, 35.7685], [139.9496, 35.7699], [139.9539, 35.7714], [139.9542, 35.7704], [139.9553, 35.7697], [139.9545, 35.7704], [139.9543, 35.7719], [139.9549, 35.7729], [139.9557, 35.773], [139.9565, 35.7738], [139.957, 35.775], [139.9578, 35.7755], [139.962, 35.775], [139.9636, 35.7743], [139.965, 35.7749], [139.9679, 35.7749], [139.9708, 35.7758], [139.9721, 35.7757], [139.9732, 35.7753], [139.9747, 35.7753], [139.9751, 35.7742], [139.976, 35.7739]]]}, "properties": {"name": "千葉県松戸市"}}, {"type": "Feature", "geometry": {"type": "Polygon", "coordinates": [[[139.8517, 35.9369], [139.8609, 35.9324], [139.8649, 35.9289], [139.869, 35.9225], [139.8708, 35.9176], [139.8727, 35.9149], [139.8745, 35.913], [139.8759, 35.9133], [139.8787, 35.9133], [139.8906, 35.9156], [139.8929, 35.9154], [139.8933, 35.9151], [139.8998, 35.9148], [139.9011, 35.9151], [139.9011, 35.9172], [139.9018, 35.9181], [139.9027, 35.9185], [139.9042, 35.9174], [139.9068, 35.9171], [139.9069, 35.9165], [139.909, 35.9163], [139.9099, 35.9158], [139.9123, 35.9155], [139.9115, 35.9181], [139.9121, 35.9185], [139.9136, 35.9186], [139.9142, 35.9192], [139.9133, 35.9193], [139.9128, 35.9199], [139.9138, 35.9195], [139.9159, 35.9196], [139.9165, 35.9192], [139.9172, 35.9193], [139.9187, 35.9182], [139.9187, 35.9177], [139.9192, 35.9177], [139.92, 35.9169], [139.9229, 35.9165], [139.9242, 35.9166], [139.9288, 35.918], [139.9321, 35.9217], [139.9341, 35.9226], [139.9352, 35.9256], [139.9366, 35.9261], [139.9369, 35.9258], [139.9404, 35.927], [139.9401, 35.9274], [139.9423, 35.9286], [139.9418, 35.9281], [139.942, 35.9279], [139.9431, 35.9281], [139.9433, 35.9284], [139.9427, 35.9287], [139.944, 35.9292], [139.9449, 35.929], [139.9466, 35.931], [139.9489, 35.9312], [139.9512, 35.9363], [139.9513, 35.9366], [139.9501, 35.9372], [139.9437, 35.9395], [139.9401, 35.9405], [139.938, 35.9415], [139.9355, 35.9442], [139.9317, 35.9508], [139.9337, 35.9544], [139.9339, 35.9558], [139.9347, 35.9571], [139.9355, 35.9573], [139.9382, 35.9621], [139.9375, 35.9649], [139.9349, 35.9681], [139.9326, 35.9695], [139.9263, 35.9696], [139.9171, 35.9702], [139.9136, 35.9712], [139.9135, 35.971], [139.8972, 35.9782], [139.8914, 35.9834], [139.8871, 35.9867], [139.8827, 35.9923], [139.8795, 36.0043], [139.8785, 36.0077], [139.8778, 36.0089], [139.8747, 36.0123], [139.8699, 36.0164], [139.867, 36.0199], [139.8557, 36.0304], [139.8512, 36.0319], [139.8457, 36.0342], [139.8399, 36.0384], [139.8359, 36.0417], [139.8259, 36.0519], [139.8133, 36.0628], [139.8102, 36.0668], [139.8082, 36.0708], [139.8058, 36.0788], [139.8039, 36.0865], [139.8007, 36.093], [139.7984, 36.0958], [139.7906, 36.1011], [139.7869, 36.1041], [139.7842, 36.1019], [139.7792, 36.0996], [139.7784, 36.0989], [139.7767, 36.0964], [139.776, 36.0935], [139.7761, 36.0915], [139.7768, 36.0888], [139.7797, 36.0832], [139.7799, 36.0798], [139.7821, 36.0751], [139.7826, 36.0706], [139.7838, 36.0688], [139.7872, 36.0656], [139.7886, 36.0637], [139.7898, 36.0616], [139.7909, 36.0586], [139.7945, 36.0561], [139.7976, 36.0523], [139.8016, 36.0494], [139.8048, 36.0445], [139.81, 36.0413], [139.8142, 36.0382], [139.8157, 36.0362], [139.8177, 36.031], [139.8172, 36.0298], [139.8137, 36.0243], [139.8135, 36.0229], [139.8169, 36.0028], [139.8166, 36.0015], [139.8145, 35.9992], [139.8141, 35.9971], [139.8151, 35.9958], [139.8178, 35.9938], [139.8231, 35.9872], [139.8263, 35.9841], [139.8268, 35.981], [139.8251, 35.9749], [139.8255, 35.973], [139.8273, 35.9714], [139.8316, 35.9699], [139.834, 35.9683], [139.8351, 35.965], [139.8348, 35.9611], [139.838, 35.9534], [139.8476, 35.9397], [139.85, 35.9378], [139.8517, 35.9369]]]}, "properties": {"name": "千葉県野田市"}}, {"type": "Feature", "geometry": {"type": "MultiPolygon", "coordinates": [[[[140.2568, 35.4942], [140.2554, 35.4939], [140.2546, 35.4929], [140.2533, 35.4928], [140.2526, 35.4922], [140.2513, 35.4918], [140.2523, 35.4908], [140.2535, 35.4907], [140.2535, 35.4904], [140.2521, 35.4903], [140.2521, 35.4885], [140.2515, 35.4875], [140.2506, 35.4869], [140.2474, 35.4859], [140.2484, 35.4822], [140.2494, 35.4809], [140.25, 35.4808], [140.25, 35.4803], [140.2495, 35.4802], [140.2502, 35.4793], [140.2497, 35.4782], [140.2502, 35.4774], [140.2488, 35.4754], [140.2504, 35.4739], [140.2513, 35.4716], [140.2524, 35.4704], [140.2533, 35.47], [140.2538, 35.4692], [140.2533, 35.4687], [140.2529, 35.4668], [140.2511, 35.4663], [140.2498, 35.4664], [140.2492, 35.4655], [140.2485, 35.4651], [140.2485, 35.4641], [140.2496, 35.463], [140.2486, 35.4616], [140.2465, 35.46], [140.2455, 35.4602], [140.2442, 35.4594], [140.2451, 35.4584], [140.2465, 35.4582], [140.2475, 35.4573], [140.2481, 35.456], [140.2474, 35.4562], [140.2474, 35.4558], [140.2479, 35.4549], [140.2486, 35.4548], [140.2476, 35.4545], [140.2469, 35.4545], [140.2463, 35.4526], [140.2457, 35.4521], [140.2459, 35.4515], [140.2467, 35.4514], [140.2472, 35.4507], [140.2471, 35.4477], [140.2476, 35.4477], [140.2476, 35.4474], [140.2472, 35.4471], [140.2479, 35.4468], [140.2477, 35.4458], [140.2484, 35.4441], [140.2482, 35.4434], [140.2499, 35.4413], [140.2496, 35.4403], [140.2488, 35.44], [140.2487, 35.4391], [140.25, 35.4386], [140.2514, 35.4367], [140.2527, 35.4367], [140.2534, 35.4361], [140.2543, 35.436], [140.2547, 35.4347], [140.2578, 35.4332], [140.2577, 35.432], [140.2585, 35.4314], [140.2592, 35.4288], [140.2599, 35.4284], [140.26, 35.4275], [140.2608, 35.4264], [140.26, 35.4257], [140.2598, 35.425], [140.2597, 35.4244], [140.2606, 35.4242], [140.2613, 35.4234], [140.262, 35.423], [140.2628, 35.4231], [140.2639, 35.4227], [140.2641, 35.4223], [140.2621, 35.4209], [140.2617, 35.4198], [140.2609, 35.4191], [140.262, 35.418], [140.2605, 35.4162], [140.2598, 35.4162], [140.2598, 35.4158], [140.2602, 35.4156], [140.2599, 35.4153], [140.2612, 35.4139], [140.2613, 35.4123], [140.2599, 35.4111], [140.2579, 35.41], [140.2567, 35.4098], [140.2551, 35.4088], [140.2535, 35.4072], [140.2505, 35.4062], [140.2498, 35.4056], [140.2479, 35.4055], [140.2474, 35.4038], [140.2479, 35.4026], [140.249, 35.4033], [140.25, 35.403], [140.2515, 35.4035], [140.2519, 35.4041], [140.2529, 35.4043], [140.2537, 35.4039], [140.255, 35.4049], [140.2556, 35.4025], [140.2566, 35.4016], [140.256, 35.4009], [140.2543, 35.4006], [140.2542, 35.3996], [140.2553, 35.3986], [140.2573, 35.399], [140.2579, 35.3978], [140.2589, 35.3977], [140.2607, 35.3968], [140.2629, 35.399], [140.266, 35.3988], [140.2669, 35.3994], [140.2692, 35.3997], [140.2692, 35.4001], [140.2719, 35.4018], [140.2727, 35.4038], [140.274, 35.4041], [140.276, 35.4033], [140.2774, 35.4035], [140.2774, 35.4011], [140.278, 35.4004], [140.2788, 35.4001], [140.2791, 35.3989], [140.2798, 35.3987], [140.2802, 35.3965], [140.2776, 35.3951], [140.2759, 35.393], [140.2758, 35.3923], [140.2766, 35.391], [140.276, 35.3897], [140.2763, 35.3887], [140.277, 35.3883], [140.2768, 35.3862], [140.2775, 35.3861], [140.2778, 35.385], [140.2768, 35.3829], [140.2786, 35.3817], [140.2798, 35.3801], [140.2813, 35.381], [140.2834, 35.3807], [140.2838, 35.3814], [140.2847, 35.3816], [140.2872, 35.3811], [140.2889, 35.3802], [140.2912, 35.3806], [140.2914, 35.3809], [140.2963, 35.3799], [140.2971, 35.3794], [140.2987, 35.3798], [140.2999, 35.3807], [140.3022, 35.3806], [140.3028, 35.3815], [140.3036, 35.3813], [140.305, 35.3814], [140.308, 35.3822], [140.3098, 35.3836], [140.3095, 35.3844], [140.31, 35.386], [140.3114, 35.3868], [140.3113, 35.3876], [140.3119, 35.3903], [140.3123, 35.3903], [140.3123, 35.3917], [140.3139, 35.3916], [140.3145, 35.3912], [140.3152, 35.3915], [140.3161, 35.3909], [140.317, 35.3916], [140.3185, 35.3917], [140.3177, 35.3903], [140.3193, 35.3904], [140.3205, 35.3924], [140.3203, 35.3955], [140.3177, 35.3979], [140.3162, 35.4014], [140.3147, 35.4025], [140.3133, 35.4019], [140.3124, 35.402], [140.3121, 35.4029], [140.3134, 35.4047], [140.3134, 35.4053], [140.3142, 35.4058], [140.315, 35.4058], [140.3149, 35.4042], [140.3157, 35.4031], [140.3185, 35.4047], [140.319, 35.405], [140.3184, 35.4059], [140.3205, 35.4065], [140.32, 35.4072], [140.322, 35.408], [140.3228, 35.4067], [140.3232, 35.4069], [140.3257, 35.4078], [140.3247, 35.4119], [140.3251, 35.4121], [140.3252, 35.4128], [140.3239, 35.4175], [140.324, 35.4191], [140.3253, 35.4186], [140.3253, 35.4192], [140.3274, 35.4189], [140.3274, 35.4195], [140.3293, 35.419], [140.3297, 35.4198], [140.3292, 35.4199], [140.3296, 35.4206], [140.3289, 35.4206], [140.3284, 35.4197], [140.3267, 35.4202], [140.3272, 35.4213], [140.3278, 35.4213], [140.3303, 35.4209], [140.3302, 35.4206], [140.3307, 35.4205], [140.3304, 35.4197], [140.3346, 35.4187], [140.3351, 35.42], [140.3362, 35.4203], [140.3368, 35.4221], [140.3317, 35.4233], [140.3314, 35.4249], [140.3336, 35.4244], [140.3341, 35.424], [140.3344, 35.4247], [140.3355, 35.4245], [140.3355, 35.425], [140.3352, 35.4251], [140.3354, 35.4258], [140.3359, 35.4256], [140.3362, 35.4261], [140.3368, 35.4259], [140.3361, 35.4276], [140.3379, 35.4275], [140.3381, 35.4284], [140.3385, 35.4284], [140.3385, 35.429], [140.3395, 35.4288], [140.3401, 35.4262], [140.3415, 35.4258], [140.3421, 35.4284], [140.3433, 35.4284], [140.3435, 35.4288], [140.346, 35.4287], [140.3464, 35.4287], [140.3464, 35.4282], [140.3468, 35.4282], [140.3468, 35.4294], [140.3475, 35.4294], [140.3476, 35.4313], [140.348, 35.4314], [140.348, 35.4335], [140.3476, 35.4335], [140.3476, 35.4344], [140.346, 35.4344], [140.3404, 35.4361], [140.3403, 35.4373], [140.3398, 35.4373], [140.3398, 35.4376], [140.3402, 35.4376], [140.3401, 35.4391], [140.3404, 35.4391], [140.3402, 35.4424], [140.3409, 35.4423], [140.3417, 35.4418], [140.3418, 35.4427], [140.343, 35.4426], [140.3429, 35.4422], [140.344, 35.4422], [140.344, 35.4425], [140.3449, 35.4425], [140.3448, 35.4432], [140.3452, 35.4432], [140.3448, 35.4451], [140.3431, 35.4445], [140.3431, 35.445], [140.3424, 35.445], [140.3428, 35.4434], [140.3416, 35.4433], [140.3417, 35.4439], [140.3412, 35.4439], [140.3412, 35.4447], [140.3415, 35.4447], [140.3416, 35.4454], [140.3423, 35.4462], [140.3419, 35.4463], [140.3418, 35.4474], [140.3415, 35.447], [140.3411, 35.448], [140.3415, 35.4493], [140.3427, 35.4494], [140.3422, 35.4533], [140.3465, 35.4537], [140.3466, 35.4556], [140.35, 35.4554], [140.3504, 35.4615], [140.3519, 35.4615], [140.3525, 35.4625], [140.3563, 35.4626], [140.3612, 35.4661], [140.3614, 35.4669], [140.3607, 35.4716], [140.3614, 35.4727], [140.3603, 35.4743], [140.3616, 35.4747], [140.3619, 35.4741], [140.3634, 35.4738], [140.3655, 35.4741], [140.3698, 35.4739], [140.3708, 35.4732], [140.3712, 35.4732], [140.3722, 35.4703], [140.3729, 35.4706], [140.3731, 35.4693], [140.3759, 35.4692], [140.3779, 35.4684], [140.3789, 35.4718], [140.3813, 35.4754], [140.3807, 35.4756], [140.3811, 35.4764], [140.3802, 35.4768], [140.3799, 35.4765], [140.3789, 35.4767], [140.3795, 35.478], [140.3795, 35.4794], [140.3779, 35.4799], [140.3784, 35.4807], [140.3791, 35.4805], [140.3791, 35.4807], [140.378, 35.4838], [140.3785, 35.484], [140.3786, 35.4852], [140.3782, 35.4854], [140.3784, 35.4857], [140.3787, 35.4857], [140.379, 35.4876], [140.3766, 35.4887], [140.3771, 35.4897], [140.375, 35.4915], [140.3746, 35.4924], [140.3739, 35.4926], [140.3739, 35.4937], [140.3733, 35.4942], [140.3723, 35.4941], [140.3696, 35.4933], [140.3674, 35.4935], [140.3656, 35.494], [140.3647, 35.495], [140.3631, 35.495], [140.3626, 35.4943], [140.3623, 35.4951], [140.3616, 35.4955], [140.3612, 35.4948], [140.3606, 35.4957], [140.3604, 35.4953], [140.3589, 35.4954], [140.3576, 35.4945], [140.357, 35.4947], [140.3561, 35.4934], [140.355, 35.4948], [140.3555, 35.4955], [140.3544, 35.4956], [140.3536, 35.4951], [140.3536, 35.4957], [140.3528, 35.496], [140.3533, 35.496], [140.3536, 35.4964], [140.3522, 35.4969], [140.3481, 35.4857], [140.3475, 35.4852], [140.3476, 35.4849], [140.3472, 35.4848], [140.343, 35.4855], [140.3413, 35.4866], [140.3416, 35.4878], [140.3358, 35.4905], [140.3334, 35.4908], [140.3313, 35.4915], [140.3305, 35.4914], [140.3291, 35.4921], [140.326, 35.4921], [140.3229, 35.4942], [140.3233, 35.4948], [140.326, 35.4943], [140.3277, 35.4959], [140.3289, 35.4981], [140.3297, 35.4981], [140.3288, 35.5003], [140.326, 35.5014], [140.3257, 35.5009], [140.3229, 35.5012], [140.3227, 35.5007], [140.3215, 35.5009], [140.3213, 35.5005], [140.3221, 35.5004], [140.3216, 35.4992], [140.3197, 35.4994], [140.3197, 35.499], [140.3191, 35.4991], [140.3175, 35.501], [140.3171, 35.5011], [140.3168, 35.5006], [140.3158, 35.5012], [140.3158, 35.503], [140.3154, 35.5021], [140.3152, 35.5025], [140.3137, 35.5022], [140.3136, 35.5018], [140.3127, 35.5021], [140.3103, 35.5017], [140.3093, 35.502], [140.3077, 35.5015], [140.307, 35.5001], [140.3052, 35.4998], [140.3046, 35.4991], [140.3041, 35.4992], [140.3039, 35.4996], [140.3019, 35.4986], [140.3023, 35.4983], [140.301, 35.497], [140.3001, 35.4972], [140.2982, 35.4988], [140.2967, 35.4982], [140.2965, 35.4978], [140.2989, 35.4978], [140.2988, 35.4976], [140.2952, 35.4973], [140.2947, 35.497], [140.2943, 35.4971], [140.2935, 35.4964], [140.2926, 35.4968], [140.2905, 35.4964], [140.2891, 35.4971], [140.2886, 35.497], [140.2883, 35.4974], [140.286, 35.497], [140.2852, 35.4979], [140.2834, 35.4982], [140.2821, 35.4994], [140.2813, 35.4989], [140.2804, 35.4987], [140.278, 35.4962], [140.2779, 35.4951], [140.2783, 35.4951], [140.2733, 35.4938], [140.2717, 35.4936], [140.27, 35.4936], [140.2699, 35.494], [140.2701, 35.4964], [140.2715, 35.4989], [140.2708, 35.4999], [140.2669, 35.5019], [140.265, 35.5003], [140.2628, 35.5022], [140.261, 35.5016], [140.2607, 35.5026], [140.2597, 35.5018], [140.2595, 35.501], [140.2605, 35.5001], [140.2608, 35.4992], [140.2616, 35.4987], [140.2619, 35.4992], [140.2625, 35.4991], [140.2636, 35.4982], [140.2634, 35.4976], [140.2627, 35.4974], [140.263, 35.497], [140.2624, 35.4958], [140.2631, 35.4944], [140.2581, 35.4937], [140.2568, 35.4942]]], [[[140.342, 35.4405], [140.3413, 35.4405], [140.3412, 35.4394], [140.3423, 35.4394], [140.3424, 35.4405], [140.342, 35.4405]]], [[[140.3384, 35.4265], [140.3374, 35.4268], [140.3368, 35.4254], [140.3385, 35.4238], [140.3386, 35.4245], [140.3394, 35.4242], [140.3397, 35.4254], [140.3396, 35.4257], [140.3391, 35.4254], [140.3381, 35.4256], [140.3382, 35.4259], [140.3387, 35.4258], [140.3382, 35.426], [140.3384, 35.4265]]], [[[140.277, 35.4964], [140.2764, 35.4966], [140.2758, 35.4959], [140.2769, 35.496], [140.2775, 35.4951], [140.2777, 35.4952], [140.2775, 35.496], [140.278, 35.4965], [140.277, 35.4964]]]]}, "properties": {"name": "千葉県茂原市"}}, {"type": "Feature", "geometry": {"type": "Polygon", "coordinates": [[[140.3251, 35.7773], [140.3251, 35.7761], [140.3262, 35.7753], [140.3284, 35.7721], [140.3297, 35.7712], [140.33, 35.7699], [140.3294, 35.7689], [140.3308, 35.7661], [140.3338, 35.7646], [140.3371, 35.7642], [140.3382, 35.7627], [140.3394, 35.7622], [140.342, 35.7619], [140.3468, 35.7583], [140.3466, 35.7581], [140.348, 35.7568], [140.3498, 35.7559], [140.3524, 35.7541], [140.3551, 35.7513], [140.3562, 35.7472], [140.3573, 35.7447], [140.3579, 35.7443], [140.3584, 35.7447], [140.36, 35.7448], [140.362, 35.7465], [140.3627, 35.7478], [140.3633, 35.7483], [140.3643, 35.7478], [140.3655, 35.7477], [140.3656, 35.7481], [140.366, 35.7481], [140.3667, 35.7487], [140.3671, 35.7482], [140.3659, 35.7474], [140.363, 35.7477], [140.3623, 35.7462], [140.3642, 35.7459], [140.3642, 35.7456], [140.3637, 35.7459], [140.3621, 35.746], [140.3603, 35.7445], [140.3585, 35.7441], [140.3588, 35.7436], [140.3596, 35.7439], [140.3605, 35.7436], [140.3621, 35.742], [140.365, 35.7416], [140.3657, 35.7399], [140.3651, 35.7394], [140.3633, 35.7397], [140.3627, 35.7395], [140.3631, 35.7386], [140.363, 35.7378], [140.3624, 35.7371], [140.3637, 35.7355], [140.3621, 35.7328], [140.3625, 35.732], [140.368, 35.7311], [140.3678, 35.734], [140.3682, 35.7393], [140.3766, 35.7378], [140.3788, 35.7344], [140.3795, 35.7326], [140.3784, 35.7303], [140.3791, 35.7289], [140.3803, 35.7277], [140.3814, 35.7273], [140.3818, 35.7267], [140.3839, 35.7258], [140.3868, 35.7233], [140.39, 35.7262], [140.3915, 35.7271], [140.3915, 35.7276], [140.3912, 35.7275], [140.3913, 35.7277], [140.3905, 35.728], [140.3933, 35.7278], [140.3925, 35.7293], [140.3884, 35.7289], [140.3888, 35.7296], [140.3879, 35.7301], [140.3881, 35.7302], [140.3876, 35.7307], [140.3868, 35.7306], [140.387, 35.7308], [140.3853, 35.7338], [140.3851, 35.7348], [140.384, 35.7363], [140.3845, 35.7367], [140.3852, 35.738], [140.3854, 35.7393], [140.385, 35.7406], [140.3836, 35.7412], [140.3815, 35.7407], [140.3819, 35.7412], [140.3837, 35.7416], [140.3836, 35.7427], [140.3839, 35.7433], [140.384, 35.7412], [140.3851, 35.7409], [140.3867, 35.7416], [140.3881, 35.7425], [140.3885, 35.7444], [140.3887, 35.744], [140.3885, 35.7425], [140.3901, 35.742], [140.3913, 35.7411], [140.3921, 35.7411], [140.3929, 35.7415], [140.3928, 35.7411], [140.3936, 35.7403], [140.3948, 35.7411], [140.3965, 35.7408], [140.3969, 35.7422], [140.3964, 35.7434], [140.3971, 35.7425], [140.3972, 35.7417], [140.3983, 35.7413], [140.3987, 35.7418], [140.3996, 35.7419], [140.4017, 35.7409], [140.4023, 35.741], [140.4031, 35.7425], [140.4013, 35.7436], [140.4005, 35.7451], [140.4004, 35.7497], [140.4012, 35.7525], [140.4011, 35.7533], [140.3974, 35.7551], [140.3957, 35.7551], [140.395, 35.7558], [140.3943, 35.7558], [140.394, 35.7569], [140.3931, 35.7575], [140.3924, 35.7573], [140.3903, 35.7579], [140.3888, 35.7577], [140.39, 35.7581], [140.3923, 35.7575], [140.3931, 35.7578], [140.3942, 35.7571], [140.3945, 35.7561], [140.395, 35.756], [140.3958, 35.7568], [140.3968, 35.7594], [140.3969, 35.7602], [140.3963, 35.7602], [140.3967, 35.7606], [140.3965, 35.7615], [140.3983, 35.7628], [140.3996, 35.7633], [140.3998, 35.7637], [140.3977, 35.7647], [140.3972, 35.7638], [140.3968, 35.7637], [140.3972, 35.765], [140.3962, 35.7655], [140.3956, 35.7651], [140.3959, 35.7655], [140.3955, 35.7658], [140.3938, 35.7657], [140.3932, 35.7646], [140.3927, 35.7643], [140.3933, 35.7657], [140.3951, 35.7659], [140.3953, 35.7662], [140.3938, 35.7675], [140.3912, 35.7678], [140.3905, 35.767], [140.3892, 35.767], [140.3888, 35.7664], [140.389, 35.767], [140.3902, 35.7671], [140.3906, 35.7675], [140.3886, 35.7688], [140.3882, 35.7687], [140.3876, 35.7675], [140.3869, 35.7671], [140.387, 35.766], [140.3866, 35.7668], [140.3862, 35.7669], [140.3873, 35.7675], [140.388, 35.7688], [140.3887, 35.7689], [140.3892, 35.7694], [140.3889, 35.7688], [140.3902, 35.7679], [140.3909, 35.7679], [140.3912, 35.7683], [140.3939, 35.7678], [140.3941, 35.7684], [140.3949, 35.7689], [140.3948, 35.7702], [140.3955, 35.7708], [140.3961, 35.7723], [140.397, 35.7729], [140.4, 35.7738], [140.4025, 35.7751], [140.4027, 35.7755], [140.4026, 35.7772], [140.4018, 35.7789], [140.4024, 35.784], [140.4027, 35.7841], [140.4034, 35.7839], [140.4054, 35.7858], [140.4075, 35.7866], [140.4094, 35.7864], [140.4107, 35.7855], [140.412, 35.7859], [140.4135, 35.7857], [140.4153, 35.7845], [140.4181, 35.7815], [140.4171, 35.7763], [140.4184, 35.7753], [140.42, 35.7753], [140.4202, 35.7757], [140.4208, 35.7758], [140.4222, 35.7756], [140.4234, 35.7751], [140.4335, 35.7799], [140.4363, 35.7808], [140.436, 35.7822], [140.4357, 35.7821], [140.433, 35.7861], [140.4333, 35.7852], [140.4327, 35.7847], [140.4331, 35.7853], [140.4326, 35.786], [140.4363, 35.7884], [140.4391, 35.7867], [140.4395, 35.7862], [140.4407, 35.7872], [140.4416, 35.7877], [140.4421, 35.7875], [140.4429, 35.788], [140.4431, 35.793], [140.445, 35.7991], [140.4449, 35.8013], [140.4443, 35.8034], [140.4518, 35.807], [140.4503, 35.8098], [140.4515, 35.8111], [140.4608, 35.8147], [140.4618, 35.8158], [140.4652, 35.8177], [140.4664, 35.8196], [140.4679, 35.8208], [140.4659, 35.8224], [140.4654, 35.8224], [140.4549, 35.8182], [140.4558, 35.8262], [140.4695, 35.8347], [140.469, 35.8373], [140.4682, 35.8372], [140.468, 35.8378], [140.4642, 35.8379], [140.4636, 35.8403], [140.4627, 35.8412], [140.462, 35.841], [140.462, 35.8413], [140.463, 35.8421], [140.464, 35.8455], [140.4659, 35.8459], [140.4669, 35.8455], [140.4678, 35.8465], [140.4682, 35.8463], [140.4677, 35.8454], [140.4693, 35.8448], [140.4691, 35.8444], [140.4697, 35.8443], [140.4709, 35.8453], [140.4714, 35.8449], [140.4709, 35.8442], [140.4713, 35.8435], [140.4724, 35.845], [140.4726, 35.8509], [140.4719, 35.851], [140.4709, 35.8501], [140.4649, 35.8506], [140.4661, 35.852], [140.4638, 35.8536], [140.4631, 35.8552], [140.4626, 35.8578], [140.4607, 35.8594], [140.4604, 35.8601], [140.4606, 35.8627], [140.459, 35.864], [140.4569, 35.864], [140.4549, 35.8659], [140.4545, 35.8673], [140.4531, 35.8682], [140.4527, 35.869], [140.4509, 35.8701], [140.45, 35.8699], [140.4497, 35.8691], [140.4484, 35.8682], [140.4482, 35.8668], [140.4466, 35.8658], [140.4462, 35.8647], [140.4454, 35.8645], [140.4444, 35.8651], [140.4445, 35.8663], [140.4421, 35.8681], [140.4416, 35.8677], [140.4401, 35.8678], [140.4403, 35.8674], [140.44, 35.8663], [140.4396, 35.8659], [140.4392, 35.866], [140.439, 35.8655], [140.4397, 35.8652], [140.4384, 35.8634], [140.4376, 35.8636], [140.4375, 35.8634], [140.4369, 35.8634], [140.4361, 35.8637], [140.4341, 35.8639], [140.434, 35.8635], [140.4328, 35.8635], [140.4326, 35.864], [140.432, 35.8641], [140.4302, 35.8633], [140.4276, 35.8638], [140.426, 35.8627], [140.4259, 35.8623], [140.4254, 35.8626], [140.4246, 35.8616], [140.4246, 35.8609], [140.4235, 35.8606], [140.4229, 35.86], [140.4232, 35.8651], [140.4225, 35.8651], [140.4229, 35.8661], [140.4219, 35.8665], [140.4183, 35.8662], [140.4173, 35.8657], [140.4127, 35.8613], [140.4109, 35.8605], [140.4115, 35.8598], [140.4095, 35.8587], [140.4087, 35.8592], [140.4095, 35.8583], [140.4088, 35.8581], [140.4075, 35.8568], [140.4058, 35.8563], [140.4054, 35.8569], [140.4049, 35.8569], [140.4036, 35.8554], [140.4033, 35.8536], [140.3941, 35.8528], [140.3941, 35.8548], [140.3924, 35.8547], [140.3928, 35.8559], [140.3935, 35.8563], [140.395, 35.8558], [140.3952, 35.8542], [140.3981, 35.8547], [140.3985, 35.8552], [140.3942, 35.8575], [140.3947, 35.8588], [140.3964, 35.8602], [140.3974, 35.8603], [140.3974, 35.8585], [140.3968, 35.8581], [140.3977, 35.8585], [140.3979, 35.8608], [140.3973, 35.8628], [140.3978, 35.8631], [140.3986, 35.8628], [140.3991, 35.8631], [140.3994, 35.8653], [140.4007, 35.8675], [140.4, 35.8695], [140.3981, 35.8697], [140.398, 35.87], [140.3983, 35.8703], [140.3987, 35.8701], [140.3998, 35.8703], [140.4003, 35.8715], [140.3996, 35.8717], [140.4009, 35.8722], [140.4012, 35.8726], [140.4006, 35.8731], [140.4006, 35.8738], [140.3997, 35.8739], [140.4, 35.8742], [140.3999, 35.8749], [140.3991, 35.8763], [140.3964, 35.8782], [140.3946, 35.8809], [140.3947, 35.8812], [140.3934, 35.8814], [140.3919, 35.8829], [140.3927, 35.885], [140.3924, 35.8855], [140.3918, 35.8858], [140.3883, 35.8865], [140.3853, 35.8854], [140.384, 35.8899], [140.3824, 35.891], [140.3801, 35.8915], [140.3762, 35.8946], [140.3757, 35.8992], [140.3751, 35.9003], [140.3767, 35.9029], [140.3701, 35.9015], [140.3645, 35.8996], [140.3611, 35.8982], [140.3569, 35.8957], [140.3541, 35.8933], [140.3518, 35.8898], [140.3493, 35.8851], [140.3466, 35.8822], [140.3334, 35.8718], [140.326, 35.8675], [140.3214, 35.8656], [140.3169, 35.8643], [140.3056, 35.8654], [140.297, 35.8679], [140.2901, 35.871], [140.288, 35.8682], [140.2874, 35.8685], [140.285, 35.8633], [140.2837, 35.8623], [140.2808, 35.8614], [140.2811, 35.8611], [140.2808, 35.8601], [140.2814, 35.8599], [140.2811, 35.8594], [140.2822, 35.859], [140.2802, 35.8518], [140.2755, 35.852], [140.2755, 35.851], [140.2749, 35.851], [140.2749, 35.8497], [140.2735, 35.85], [140.2742, 35.8482], [140.2759, 35.8485], [140.2759, 35.8471], [140.2754, 35.8451], [140.2767, 35.8449], [140.2774, 35.8459], [140.2782, 35.8461], [140.2782, 35.8466], [140.2797, 35.8465], [140.2798, 35.8412], [140.2799, 35.8406], [140.2807, 35.8406], [140.2819, 35.8391], [140.2812, 35.8367], [140.2819, 35.8359], [140.2817, 35.8352], [140.2823, 35.8342], [140.2822, 35.8338], [140.2826, 35.8337], [140.2827, 35.8323], [140.283, 35.8324], [140.2832, 35.832], [140.2839, 35.832], [140.2837, 35.8316], [140.284, 35.8313], [140.2851, 35.8315], [140.2844, 35.8303], [140.286, 35.8288], [140.2848, 35.8278], [140.2852, 35.8274], [140.2834, 35.8259], [140.2829, 35.825], [140.2812, 35.8237], [140.2794, 35.8204], [140.2801, 35.8201], [140.2786, 35.8184], [140.2779, 35.8187], [140.2775, 35.8179], [140.2771, 35.8192], [140.2754, 35.8214], [140.2706, 35.8221], [140.268, 35.8234], [140.2672, 35.8209], [140.2664, 35.8203], [140.2663, 35.8196], [140.2652, 35.8189], [140.2656, 35.8185], [140.2653, 35.8183], [140.2649, 35.8187], [140.2588, 35.815], [140.2557, 35.8135], [140.2571, 35.8114], [140.2542, 35.8107], [140.2549, 35.8087], [140.2529, 35.8002], [140.2516, 35.7951], [140.251, 35.7912], [140.2498, 35.7892], [140.2497, 35.7873], [140.2513, 35.7834], [140.2585, 35.7795], [140.2599, 35.7782], [140.2601, 35.7764], [140.2598, 35.7715], [140.2578, 35.7646], [140.2616, 35.7601], [140.2633, 35.7548], [140.2663, 35.7554], [140.2728, 35.7555], [140.2733, 35.7553], [140.2737, 35.7548], [140.2756, 35.7558], [140.2775, 35.7577], [140.2791, 35.7574], [140.283, 35.7545], [140.2839, 35.7534], [140.2841, 35.7516], [140.2853, 35.7519], [140.2865, 35.7517], [140.287, 35.7521], [140.2887, 35.7522], [140.2911, 35.7517], [140.2898, 35.7528], [140.2897, 35.7532], [140.2913, 35.7544], [140.29, 35.7539], [140.2896, 35.7557], [140.2889, 35.7563], [140.2891, 35.7569], [140.2886, 35.7574], [140.2922, 35.7577], [140.2933, 35.7561], [140.2937, 35.755], [140.2957, 35.7542], [140.2962, 35.7544], [140.2987, 35.7527], [140.299, 35.7522], [140.2991, 35.7507], [140.3006, 35.7476], [140.3033, 35.7478], [140.3038, 35.7478], [140.3054, 35.7491], [140.3106, 35.752], [140.3138, 35.7556], [140.3136, 35.7563], [140.3142, 35.7574], [140.3127, 35.7576], [140.3123, 35.7593], [140.3132, 35.7607], [140.3125, 35.7611], [140.3135, 35.7612], [140.3137, 35.7618], [140.313, 35.7623], [140.3138, 35.7634], [140.3147, 35.7638], [140.3161, 35.7659], [140.3174, 35.7671], [140.3184, 35.7676], [140.3176, 35.7679], [140.3175, 35.7683], [140.3185, 35.7711], [140.32, 35.7735], [140.3192, 35.7746], [140.3183, 35.7742], [140.317, 35.7743], [140.3186, 35.7748], [140.3205, 35.7767], [140.3214, 35.7769], [140.3226, 35.7778], [140.3251, 35.7773]], [[140.4315, 35.7832], [140.4319, 35.7834], [140.4323, 35.7827], [140.432, 35.7825], [140.4315, 35.7832]]]}, "properties": {"name": "千葉県成田市"}}, {"type": "Feature", "geometry": {"type": "MultiPolygon", "coordinates": [[[[140.1529, 35.6887], [140.1534, 35.6885], [140.1538, 35.6889], [140.1526, 35.6895], [140.1515, 35.6907], [140.1516, 35.6914], [140.1509, 35.6913], [140.1472, 35.6929], [140.1479, 35.6946], [140.1486, 35.6954], [140.1507, 35.6964], [140.1498, 35.6966], [140.1495, 35.6962], [140.1483, 35.6964], [140.149, 35.6998], [140.1483, 35.7001], [140.1489, 35.7009], [140.1503, 35.7003], [140.15, 35.6999], [140.1515, 35.6995], [140.1591, 35.6959], [140.1588, 35.6953], [140.161, 35.6961], [140.1629, 35.6961], [140.1635, 35.6956], [140.163, 35.6947], [140.1628, 35.6935], [140.1614, 35.6925], [140.161, 35.691], [140.1614, 35.6922], [140.1624, 35.6928], [140.1631, 35.6938], [140.1634, 35.6952], [140.1657, 35.6969], [140.1656, 35.6988], [140.1677, 35.6971], [140.1693, 35.6963], [140.1688, 35.6947], [140.1692, 35.6944], [140.1703, 35.6956], [140.1727, 35.6971], [140.1744, 35.6992], [140.1751, 35.6988], [140.1763, 35.6972], [140.1767, 35.695], [140.1773, 35.6944], [140.1798, 35.695], [140.1822, 35.6962], [140.1829, 35.6971], [140.1834, 35.6988], [140.1825, 35.6989], [140.1875, 35.7009], [140.1882, 35.7007], [140.1896, 35.7021], [140.1899, 35.703], [140.1921, 35.7043], [140.1926, 35.7043], [140.193, 35.7039], [140.1925, 35.7028], [140.1936, 35.7018], [140.1944, 35.7026], [140.1947, 35.7025], [140.1948, 35.7029], [140.1953, 35.7028], [140.1963, 35.7036], [140.1983, 35.7042], [140.1983, 35.7048], [140.1992, 35.705], [140.1996, 35.7043], [140.2036, 35.7051], [140.2039, 35.7062], [140.2049, 35.7063], [140.205, 35.7073], [140.2054, 35.7065], [140.2061, 35.7068], [140.2075, 35.7064], [140.2065, 35.7064], [140.2075, 35.7045], [140.2065, 35.7023], [140.2078, 35.7029], [140.2081, 35.7024], [140.208, 35.7018], [140.2071, 35.701], [140.2082, 35.7003], [140.2088, 35.6979], [140.2047, 35.6882], [140.2042, 35.6884], [140.2036, 35.6878], [140.2027, 35.6868], [140.2025, 35.686], [140.203, 35.6841], [140.2037, 35.6839], [140.2036, 35.6834], [140.2032, 35.6836], [140.2045, 35.68], [140.2062, 35.6781], [140.21, 35.6764], [140.2091, 35.6762], [140.2079, 35.672], [140.2096, 35.6715], [140.2106, 35.6684], [140.2119, 35.6662], [140.2138, 35.6646], [140.2149, 35.6627], [140.2147, 35.6621], [140.2128, 35.6605], [140.213, 35.6573], [140.2127, 35.6572], [140.2132, 35.6566], [140.2132, 35.6544], [140.2158, 35.6547], [140.2164, 35.654], [140.2183, 35.6535], [140.2198, 35.6521], [140.2214, 35.648], [140.2237, 35.6478], [140.2222, 35.6465], [140.2218, 35.6455], [140.222, 35.6432], [140.2223, 35.6432], [140.223, 35.6415], [140.2229, 35.6392], [140.2221, 35.6379], [140.2229, 35.6376], [140.223, 35.637], [140.2238, 35.6365], [140.2246, 35.637], [140.2255, 35.6372], [140.2267, 35.6366], [140.2271, 35.635], [140.2281, 35.6341], [140.2284, 35.6333], [140.2291, 35.633], [140.2313, 35.6333], [140.2337, 35.6325], [140.2348, 35.6326], [140.2361, 35.6318], [140.2366, 35.6312], [140.238, 35.6312], [140.2389, 35.6308], [140.241, 35.632], [140.2411, 35.6328], [140.2422, 35.6332], [140.2433, 35.6324], [140.2429, 35.6305], [140.2453, 35.6302], [140.2487, 35.6286], [140.2484, 35.6275], [140.2495, 35.6273], [140.2507, 35.6256], [140.2526, 35.6249], [140.253, 35.6257], [140.2535, 35.6257], [140.254, 35.6256], [140.2541, 35.6251], [140.256, 35.6244], [140.2561, 35.6247], [140.2575, 35.6254], [140.2561, 35.6295], [140.2568, 35.6334], [140.2568, 35.6346], [140.2563, 35.6351], [140.2565, 35.6362], [140.2549, 35.6357], [140.2541, 35.637], [140.2573, 35.6382], [140.2566, 35.6394], [140.2558, 35.6388], [140.2554, 35.6393], [140.2552, 35.6409], [140.2558, 35.6412], [140.2552, 35.6416], [140.2582, 35.6447], [140.2554, 35.6452], [140.2545, 35.6439], [140.2549, 35.6431], [140.2542, 35.6433], [140.2533, 35.6425], [140.2522, 35.6422], [140.252, 35.6426], [140.2533, 35.6431], [140.2549, 35.6454], [140.2555, 35.6458], [140.2546, 35.6468], [140.252, 35.6471], [140.2511, 35.647], [140.2486, 35.6457], [140.2483, 35.6465], [140.2495, 35.6483], [140.2488, 35.65], [140.2494, 35.6504], [140.2499, 35.6522], [140.2521, 35.6523], [140.254, 35.6536], [140.2548, 35.6528], [140.254, 35.6538], [140.2546, 35.655], [140.2565, 35.6556], [140.2571, 35.6569], [140.2586, 35.658], [140.2585, 35.6613], [140.2605, 35.6609], [140.2624, 35.6596], [140.263, 35.657], [140.2622, 35.6554], [140.263, 35.6546], [140.2625, 35.6554], [140.2632, 35.6565], [140.2629, 35.6596], [140.2633, 35.6597], [140.2641, 35.6588], [140.2663, 35.6576], [140.2674, 35.6577], [140.269, 35.6565], [140.2701, 35.6561], [140.2711, 35.6562], [140.2722, 35.6551], [140.2724, 35.6557], [140.2735, 35.6554], [140.2748, 35.6541], [140.2761, 35.6535], [140.2772, 35.6517], [140.2789, 35.65], [140.282, 35.6491], [140.2801, 35.6501], [140.279, 35.6503], [140.2783, 35.6512], [140.2787, 35.6517], [140.2781, 35.6519], [140.2764, 35.6543], [140.2785, 35.6552], [140.279, 35.6557], [140.2785, 35.6561], [140.2781, 35.6552], [140.2757, 35.6544], [140.2744, 35.6551], [140.2743, 35.6559], [140.2711, 35.6568], [140.271, 35.6581], [140.2706, 35.6569], [140.2679, 35.6579], [140.2673, 35.6584], [140.2674, 35.6587], [140.2666, 35.6583], [140.2649, 35.6593], [140.2647, 35.6597], [140.2651, 35.66], [140.263, 35.6603], [140.2618, 35.6609], [140.2623, 35.6618], [140.2585, 35.6626], [140.2578, 35.6634], [140.2567, 35.6638], [140.2567, 35.6643], [140.2571, 35.6653], [140.2589, 35.6663], [140.2595, 35.6675], [140.2616, 35.6666], [140.2625, 35.6667], [140.2625, 35.6672], [140.2627, 35.6672], [140.2647, 35.667], [140.2664, 35.6662], [140.267, 35.6662], [140.2698, 35.671], [140.2698, 35.6729], [140.2715, 35.6727], [140.2706, 35.6732], [140.2697, 35.6732], [140.2687, 35.674], [140.2691, 35.6745], [140.2704, 35.6748], [140.2705, 35.6753], [140.2679, 35.6771], [140.2713, 35.6792], [140.272, 35.6802], [140.2724, 35.682], [140.2737, 35.6815], [140.2738, 35.6809], [140.2741, 35.6811], [140.2748, 35.6803], [140.2758, 35.6783], [140.2761, 35.6786], [140.2769, 35.6776], [140.2774, 35.6773], [140.2779, 35.6766], [140.2777, 35.6761], [140.2781, 35.6762], [140.2784, 35.6758], [140.2787, 35.6742], [140.2781, 35.6725], [140.2773, 35.672], [140.277, 35.6697], [140.2762, 35.6693], [140.277, 35.6694], [140.2781, 35.6687], [140.2783, 35.6683], [140.2776, 35.6674], [140.2786, 35.6684], [140.2775, 35.6694], [140.2776, 35.671], [140.2789, 35.6735], [140.2805, 35.6719], [140.2811, 35.6725], [140.2804, 35.6726], [140.2792, 35.6739], [140.2793, 35.6749], [140.2789, 35.676], [140.2797, 35.676], [140.2797, 35.6765], [140.279, 35.6764], [140.276, 35.6795], [140.279, 35.6814], [140.28, 35.6789], [140.2817, 35.6789], [140.2823, 35.6794], [140.2828, 35.6791], [140.2828, 35.6784], [140.2844, 35.6752], [140.2844, 35.6735], [140.2848, 35.6727], [140.2844, 35.6718], [140.2843, 35.6701], [140.2864, 35.6672], [140.2864, 35.6665], [140.2866, 35.6672], [140.2845, 35.6703], [140.2846, 35.6717], [140.2853, 35.6725], [140.2849, 35.6736], [140.2849, 35.6756], [140.2845, 35.6755], [140.2827, 35.6797], [140.2826, 35.6815], [140.283, 35.6832], [140.2826, 35.685], [140.2832, 35.685], [140.2832, 35.6852], [140.2824, 35.6864], [140.2809, 35.6878], [140.2799, 35.6879], [140.2838, 35.6903], [140.2859, 35.6908], [140.2863, 35.6905], [140.2872, 35.6909], [140.2872, 35.6928], [140.2878, 35.6943], [140.289, 35.6947], [140.2889, 35.6956], [140.2895, 35.6969], [140.2867, 35.6983], [140.2883, 35.6999], [140.2896, 35.6996], [140.2916, 35.7002], [140.2924, 35.7001], [140.2934, 35.699], [140.2935, 35.6976], [140.2951, 35.696], [140.2938, 35.6977], [140.2939, 35.6988], [140.2934, 35.7], [140.2969, 35.7005], [140.2981, 35.6997], [140.2978, 35.7005], [140.2984, 35.7008], [140.3002, 35.7004], [140.301, 35.6995], [140.3001, 35.7007], [140.3003, 35.7011], [140.2996, 35.7007], [140.2984, 35.7011], [140.2972, 35.7009], [140.2966, 35.7012], [140.2959, 35.7008], [140.2953, 35.7011], [140.2931, 35.7006], [140.2917, 35.701], [140.2934, 35.7023], [140.2949, 35.7041], [140.2931, 35.7023], [140.2917, 35.7014], [140.2907, 35.7014], [140.2903, 35.702], [140.2907, 35.7025], [140.2902, 35.7024], [140.2888, 35.7034], [140.2889, 35.7039], [140.2897, 35.7049], [140.2916, 35.7059], [140.2917, 35.7065], [140.2914, 35.7065], [140.2914, 35.706], [140.2899, 35.7053], [140.2892, 35.7054], [140.2877, 35.7033], [140.287, 35.7031], [140.2867, 35.7038], [140.2864, 35.7037], [140.2853, 35.7029], [140.2842, 35.7026], [140.2829, 35.7028], [140.2826, 35.7036], [140.2827, 35.7048], [140.2816, 35.7052], [140.2813, 35.7049], [140.2807, 35.7061], [140.2795, 35.7063], [140.2781, 35.7078], [140.2772, 35.7066], [140.2775, 35.7058], [140.2769, 35.706], [140.2754, 35.7048], [140.2757, 35.7038], [140.2751, 35.7036], [140.2754, 35.7034], [140.2704, 35.7015], [140.2673, 35.6997], [140.2651, 35.7001], [140.2638, 35.7016], [140.2638, 35.703], [140.2644, 35.7046], [140.2643, 35.7057], [140.2614, 35.7102], [140.2608, 35.7103], [140.2602, 35.7142], [140.2599, 35.7139], [140.2597, 35.7144], [140.2585, 35.715], [140.2587, 35.7154], [140.2582, 35.7154], [140.2567, 35.715], [140.2563, 35.7153], [140.2553, 35.7151], [140.2558, 35.7149], [140.2529, 35.714], [140.2515, 35.7163], [140.2525, 35.7185], [140.2517, 35.7203], [140.25, 35.7219], [140.2497, 35.7219], [140.2467, 35.7233], [140.2448, 35.7247], [140.2453, 35.7248], [140.2469, 35.7234], [140.2494, 35.7221], [140.2508, 35.723], [140.2511, 35.7236], [140.2514, 35.7234], [140.2538, 35.724], [140.2539, 35.7233], [140.2547, 35.7235], [140.2551, 35.7229], [140.2555, 35.7231], [140.2561, 35.7226], [140.2582, 35.7227], [140.2579, 35.7229], [140.2568, 35.7229], [140.2564, 35.7233], [140.2564, 35.7242], [140.2572, 35.725], [140.2571, 35.7256], [140.2554, 35.7255], [140.2549, 35.7258], [140.2549, 35.7263], [140.2538, 35.7267], [140.2546, 35.7284], [140.2541, 35.7296], [140.2548, 35.7293], [140.257, 35.7294], [140.2573, 35.7286], [140.258, 35.7282], [140.2593, 35.7288], [140.259, 35.7295], [140.2599, 35.7297], [140.2603, 35.7305], [140.2617, 35.7305], [140.2614, 35.7311], [140.2622, 35.7313], [140.2613, 35.7334], [140.2604, 35.7332], [140.2597, 35.7352], [140.2597, 35.7356], [140.2604, 35.7358], [140.259, 35.7398], [140.2564, 35.7396], [140.2536, 35.7404], [140.2243, 35.7572], [140.2126, 35.7649], [140.2089, 35.7663], [140.2063, 35.7665], [140.2038, 35.7645], [140.1998, 35.7601], [140.1908, 35.7466], [140.1878, 35.7456], [140.186, 35.7457], [140.179, 35.7482], [140.1739, 35.7484], [140.169, 35.7492], [140.1523, 35.7596], [140.1492, 35.7572], [140.1484, 35.757], [140.1457, 35.7549], [140.1459, 35.7546], [140.1428, 35.7549], [140.1413, 35.7542], [140.1386, 35.7541], [140.1372, 35.7522], [140.1365, 35.7519], [140.1378, 35.7505], [140.1382, 35.7516], [140.1397, 35.751], [140.1428, 35.7522], [140.1437, 35.7512], [140.1444, 35.7512], [140.1459, 35.7504], [140.1479, 35.7505], [140.148, 35.7502], [140.1481, 35.7491], [140.1474, 35.7486], [140.1465, 35.749], [140.1451, 35.748], [140.1439, 35.7478], [140.1423, 35.7469], [140.1416, 35.7456], [140.1404, 35.7448], [140.1401, 35.7442], [140.14, 35.744], [140.141, 35.7438], [140.1398, 35.7435], [140.1395, 35.7431], [140.14, 35.7413], [140.1397, 35.7408], [140.1402, 35.7406], [140.1396, 35.7405], [140.1392, 35.7398], [140.1392, 35.7382], [140.1387, 35.7377], [140.1389, 35.7375], [140.1386, 35.7364], [140.1402, 35.7329], [140.1402, 35.7298], [140.1413, 35.7284], [140.1423, 35.7253], [140.1416, 35.7252], [140.1415, 35.7242], [140.14, 35.722], [140.1378, 35.7216], [140.1361, 35.7203], [140.1344, 35.7202], [140.1332, 35.7192], [140.1326, 35.7195], [140.1319, 35.7193], [140.1319, 35.7185], [140.1306, 35.7185], [140.1277, 35.7174], [140.1261, 35.7163], [140.1271, 35.7155], [140.1324, 35.716], [140.1326, 35.7157], [140.1323, 35.7155], [140.1329, 35.7148], [140.1323, 35.7144], [140.1316, 35.7122], [140.1319, 35.712], [140.1313, 35.7113], [140.1355, 35.7069], [140.1356, 35.7063], [140.1375, 35.7033], [140.1383, 35.7028], [140.1396, 35.7026], [140.1381, 35.6996], [140.1377, 35.6994], [140.1369, 35.6998], [140.1371, 35.6989], [140.1376, 35.6988], [140.139, 35.6992], [140.1393, 35.6995], [140.1398, 35.6995], [140.1375, 35.6983], [140.1367, 35.6975], [140.1401, 35.6947], [140.1405, 35.6934], [140.1415, 35.6926], [140.1434, 35.6919], [140.1473, 35.692], [140.1491, 35.6916], [140.1499, 35.6912], [140.1529, 35.6887]], [[140.2551, 35.6418], [140.2552, 35.6431], [140.2555, 35.6429], [140.2551, 35.6418]]], [[[140.2758, 35.7053], [140.2777, 35.708], [140.2766, 35.709], [140.2753, 35.7071], [140.2745, 35.7069], [140.2741, 35.7063], [140.2758, 35.7053]]]]}, "properties": {"name": "千葉県佐倉市"}}, {"type": "Feature", "geometry": {"type": "MultiPolygon", "coordinates": [[[[140.2888, 35.5701], [140.2898, 35.5698], [140.2899, 35.5694], [140.2884, 35.5697], [140.2881, 35.5679], [140.2885, 35.5664], [140.2897, 35.566], [140.2922, 35.5643], [140.2935, 35.5628], [140.2931, 35.5616], [140.2943, 35.5604], [140.2943, 35.5593], [140.2973, 35.5591], [140.2975, 35.5577], [140.298, 35.5576], [140.3009, 35.5553], [140.3017, 35.5559], [140.3022, 35.5557], [140.303, 35.5541], [140.3037, 35.5537], [140.3048, 35.5543], [140.3062, 35.5546], [140.3082, 35.5543], [140.3085, 35.5553], [140.3117, 35.5572], [140.3133, 35.5568], [140.3145, 35.5575], [140.3146, 35.5578], [140.3139, 35.5584], [140.3151, 35.5588], [140.317, 35.5562], [140.3185, 35.5569], [140.3193, 35.5568], [140.3215, 35.558], [140.3238, 35.558], [140.3246, 35.5575], [140.3242, 35.5566], [140.3252, 35.5564], [140.3257, 35.5567], [140.3267, 35.5565], [140.327, 35.5543], [140.3255, 35.5524], [140.3237, 35.5519], [140.3242, 35.5498], [140.3253, 35.5484], [140.3275, 35.5494], [140.3286, 35.5475], [140.3296, 35.5478], [140.3306, 35.5472], [140.3303, 35.5461], [140.3294, 35.5449], [140.3301, 35.5448], [140.3311, 35.544], [140.3315, 35.545], [140.3354, 35.5401], [140.3361, 35.5384], [140.3358, 35.5381], [140.3362, 35.5371], [140.3349, 35.5353], [140.3358, 35.5344], [140.3378, 35.5364], [140.3399, 35.5354], [140.3395, 35.535], [140.3431, 35.5329], [140.3458, 35.536], [140.345, 35.5365], [140.3453, 35.5369], [140.3446, 35.5373], [140.3472, 35.5404], [140.354, 35.5366], [140.3535, 35.5362], [140.3543, 35.5358], [140.3539, 35.5353], [140.3543, 35.5351], [140.3528, 35.5334], [140.3533, 35.5331], [140.3528, 35.532], [140.3534, 35.5316], [140.3538, 35.5321], [140.3552, 35.5313], [140.3548, 35.5308], [140.3556, 35.5304], [140.3574, 35.5314], [140.3578, 35.5311], [140.3586, 35.532], [140.3611, 35.5306], [140.3607, 35.5301], [140.3612, 35.5299], [140.3605, 35.5293], [140.3607, 35.5292], [140.3587, 35.5255], [140.3566, 35.5205], [140.3601, 35.5186], [140.3591, 35.517], [140.361, 35.5162], [140.3605, 35.5152], [140.3613, 35.5149], [140.3618, 35.5158], [140.3626, 35.5154], [140.3622, 35.5147], [140.3632, 35.5151], [140.3662, 35.5146], [140.3663, 35.5151], [140.3672, 35.5151], [140.3668, 35.5147], [140.3671, 35.5147], [140.3676, 35.5151], [140.3675, 35.5144], [140.3708, 35.5141], [140.3711, 35.5145], [140.3722, 35.5147], [140.3726, 35.5146], [140.3724, 35.5141], [140.3727, 35.514], [140.3731, 35.5144], [140.3733, 35.5139], [140.3795, 35.5126], [140.3815, 35.5118], [140.3827, 35.5109], [140.3827, 35.5092], [140.3796, 35.5052], [140.3796, 35.5025], [140.3791, 35.5012], [140.3801, 35.5003], [140.3802, 35.501], [140.3806, 35.501], [140.3807, 35.5015], [140.3813, 35.5014], [140.3816, 35.5017], [140.3829, 35.5012], [140.3826, 35.5006], [140.3842, 35.5], [140.3843, 35.5003], [140.3849, 35.5], [140.3875, 35.5037], [140.3907, 35.5096], [140.3947, 35.5073], [140.4006, 35.5055], [140.401, 35.5057], [140.4045, 35.5092], [140.4056, 35.5109], [140.4046, 35.5115], [140.4062, 35.5126], [140.4069, 35.5141], [140.4104, 35.5183], [140.4071, 35.5208], [140.4047, 35.5215], [140.4038, 35.5221], [140.4026, 35.5221], [140.4016, 35.5228], [140.401, 35.5218], [140.4006, 35.522], [140.4004, 35.5218], [140.3926, 35.5264], [140.3915, 35.5267], [140.3904, 35.526], [140.3897, 35.5262], [140.3899, 35.5266], [140.3891, 35.5269], [140.3889, 35.5264], [140.3881, 35.5267], [140.3887, 35.5283], [140.3882, 35.5286], [140.3883, 35.529], [140.3905, 35.5282], [140.3918, 35.5292], [140.3912, 35.5298], [140.3919, 35.5303], [140.3935, 35.5288], [140.3932, 35.5302], [140.3926, 35.53], [140.392, 35.5306], [140.3922, 35.5309], [140.3937, 35.5303], [140.3943, 35.5311], [140.3948, 35.5309], [140.3939, 35.5302], [140.3938, 35.5298], [140.3945, 35.5299], [140.3937, 35.5287], [140.3941, 35.5286], [140.3943, 35.5289], [140.3944, 35.5285], [140.3952, 35.5282], [140.3968, 35.5304], [140.3958, 35.5312], [140.3963, 35.5316], [140.3954, 35.5324], [140.396, 35.533], [140.3956, 35.5336], [140.3966, 35.5359], [140.3985, 35.5344], [140.3979, 35.5339], [140.3976, 35.5339], [140.3963, 35.5325], [140.4003, 35.5288], [140.4018, 35.5296], [140.402, 35.53], [140.4024, 35.5297], [140.4021, 35.5294], [140.4025, 35.5292], [140.403, 35.5295], [140.4039, 35.5291], [140.4046, 35.5298], [140.4069, 35.5286], [140.4082, 35.5301], [140.4095, 35.5301], [140.4152, 35.5271], [140.4193, 35.5331], [140.4194, 35.5341], [140.4205, 35.5361], [140.4198, 35.5364], [140.4214, 35.5389], [140.4201, 35.5394], [140.4195, 35.5393], [140.4189, 35.5397], [140.4194, 35.5418], [140.4189, 35.5419], [140.4192, 35.5423], [140.4208, 35.5418], [140.4209, 35.5425], [140.4213, 35.5422], [140.4217, 35.5428], [140.4199, 35.5434], [140.4221, 35.547], [140.422, 35.5482], [140.4213, 35.5489], [140.42, 35.5492], [140.4185, 35.5505], [140.4192, 35.5515], [140.4202, 35.5507], [140.4203, 35.5516], [140.4209, 35.5523], [140.4228, 35.5515], [140.4226, 35.5512], [140.4229, 35.551], [140.425, 35.5518], [140.4275, 35.5515], [140.428, 35.5524], [140.4272, 35.5529], [140.4285, 35.5548], [140.4271, 35.5554], [140.4261, 35.5546], [140.4257, 35.5548], [140.4266, 35.5553], [140.4269, 35.556], [140.4285, 35.5576], [140.4293, 35.5576], [140.4305, 35.5572], [140.4309, 35.5575], [140.4341, 35.5567], [140.434, 35.5586], [140.4326, 35.5604], [140.434, 35.5625], [140.4346, 35.5645], [140.4357, 35.5659], [140.4358, 35.5664], [140.4351, 35.5676], [140.4324, 35.5716], [140.4321, 35.5733], [140.4315, 35.5746], [140.4316, 35.5764], [140.4312, 35.5781], [140.4306, 35.5791], [140.4295, 35.5798], [140.4286, 35.5819], [140.4271, 35.5877], [140.4275, 35.5908], [140.427, 35.591], [140.4254, 35.5958], [140.4249, 35.5956], [140.4237, 35.5966], [140.4226, 35.5964], [140.4228, 35.5959], [140.4193, 35.5949], [140.4198, 35.5936], [140.4194, 35.5934], [140.4198, 35.5926], [140.4196, 35.5922], [140.4186, 35.5926], [140.4172, 35.5912], [140.4176, 35.5908], [140.4162, 35.5897], [140.4146, 35.5874], [140.4134, 35.5882], [140.4131, 35.5879], [140.4097, 35.5881], [140.4096, 35.5892], [140.411, 35.5909], [140.4099, 35.591], [140.4087, 35.5916], [140.407, 35.5898], [140.4062, 35.5896], [140.4054, 35.5888], [140.4049, 35.5887], [140.4038, 35.5874], [140.4, 35.5892], [140.3968, 35.5868], [140.3962, 35.5861], [140.3959, 35.5852], [140.3946, 35.5859], [140.3937, 35.5854], [140.3865, 35.5908], [140.3864, 35.5914], [140.385, 35.5925], [140.3845, 35.5947], [140.385, 35.5959], [140.3847, 35.5965], [140.3858, 35.5972], [140.3866, 35.597], [140.3853, 35.5982], [140.3848, 35.5974], [140.3854, 35.5991], [140.3851, 35.5999], [140.3868, 35.6004], [140.387, 35.601], [140.3858, 35.6021], [140.3851, 35.6014], [140.384, 35.6022], [140.3846, 35.6029], [140.3842, 35.6028], [140.383, 35.6045], [140.3815, 35.6045], [140.3803, 35.6038], [140.3783, 35.6036], [140.3777, 35.6031], [140.3774, 35.6033], [140.3756, 35.6034], [140.3742, 35.6038], [140.3733, 35.6044], [140.3736, 35.6047], [140.3722, 35.6054], [140.3716, 35.6047], [140.3717, 35.6054], [140.3708, 35.6066], [140.37, 35.6058], [140.3694, 35.6043], [140.3682, 35.6038], [140.3679, 35.6032], [140.3674, 35.6034], [140.3656, 35.6025], [140.3621, 35.602], [140.3613, 35.6015], [140.3552, 35.6077], [140.3545, 35.6073], [140.3531, 35.6103], [140.3521, 35.6106], [140.3502, 35.6104], [140.3501, 35.6101], [140.35, 35.6105], [140.3495, 35.6105], [140.3497, 35.6099], [140.3501, 35.6101], [140.3513, 35.6091], [140.3512, 35.6086], [140.3508, 35.608], [140.3502, 35.6084], [140.3501, 35.6068], [140.3486, 35.607], [140.3475, 35.6055], [140.347, 35.6054], [140.3462, 35.6063], [140.3455, 35.6065], [140.3451, 35.6074], [140.3444, 35.608], [140.3431, 35.6081], [140.3419, 35.6062], [140.342, 35.6053], [140.3415, 35.6053], [140.3415, 35.6042], [140.3404, 35.6037], [140.3409, 35.6045], [140.3408, 35.6051], [140.3401, 35.6053], [140.3398, 35.6052], [140.3385, 35.6064], [140.338, 35.6063], [140.3379, 35.6059], [140.3384, 35.6047], [140.338, 35.6043], [140.3381, 35.6048], [140.3374, 35.6062], [140.3336, 35.6059], [140.3304, 35.6065], [140.3297, 35.6071], [140.3289, 35.6071], [140.3272, 35.6087], [140.3277, 35.6091], [140.3268, 35.61], [140.3254, 35.6097], [140.3258, 35.6104], [140.3262, 35.6106], [140.3276, 35.6101], [140.3272, 35.6105], [140.3276, 35.6109], [140.3273, 35.6113], [140.3289, 35.612], [140.3291, 35.6118], [140.3282, 35.6113], [140.3286, 35.6109], [140.3298, 35.6115], [140.3307, 35.6112], [140.3292, 35.6102], [140.3294, 35.6097], [140.3288, 35.6096], [140.3282, 35.6089], [140.3298, 35.6072], [140.3303, 35.6074], [140.3295, 35.6093], [140.3299, 35.61], [140.3306, 35.6106], [140.3312, 35.6094], [140.3316, 35.6095], [140.3323, 35.611], [140.333, 35.6108], [140.3338, 35.6117], [140.3336, 35.6129], [140.3318, 35.6125], [140.3311, 35.6117], [140.3309, 35.6125], [140.3349, 35.6138], [140.3356, 35.6134], [140.3358, 35.6135], [140.3352, 35.6142], [140.3356, 35.6145], [140.3362, 35.6139], [140.3365, 35.614], [140.3365, 35.6148], [140.3375, 35.6149], [140.3376, 35.6157], [140.3384, 35.6161], [140.3386, 35.6153], [140.3396, 35.6156], [140.3397, 35.6159], [140.3405, 35.6161], [140.3411, 35.6174], [140.3402, 35.6179], [140.3397, 35.6173], [140.3392, 35.6175], [140.3384, 35.617], [140.3381, 35.6174], [140.3371, 35.6171], [140.3373, 35.6176], [140.3353, 35.6195], [140.3366, 35.6198], [140.3377, 35.6195], [140.3377, 35.6199], [140.3365, 35.6202], [140.3355, 35.62], [140.334, 35.6208], [140.3342, 35.621], [140.3334, 35.6213], [140.3327, 35.6211], [140.3327, 35.6218], [140.3333, 35.6215], [140.3333, 35.6226], [140.3343, 35.6225], [140.3345, 35.6229], [140.3343, 35.6233], [140.3327, 35.6237], [140.3326, 35.6241], [140.3355, 35.6245], [140.3348, 35.6252], [140.3339, 35.6271], [140.3335, 35.6271], [140.3324, 35.6284], [140.3319, 35.6291], [140.3322, 35.6294], [140.3319, 35.6298], [140.3312, 35.6302], [140.331, 35.63], [140.329, 35.6315], [140.3257, 35.6262], [140.3234, 35.6282], [140.3226, 35.6283], [140.3223, 35.6278], [140.3204, 35.629], [140.3194, 35.6302], [140.3167, 35.631], [140.3162, 35.6302], [140.3111, 35.6276], [140.3078, 35.6247], [140.3081, 35.6244], [140.3077, 35.6234], [140.3098, 35.6221], [140.3126, 35.6217], [140.3133, 35.6188], [140.315, 35.6182], [140.3158, 35.6176], [140.3157, 35.6171], [140.3148, 35.6168], [140.313, 35.6168], [140.3133, 35.6164], [140.3129, 35.6158], [140.3118, 35.6159], [140.3117, 35.6154], [140.3107, 35.6153], [140.3093, 35.6147], [140.3085, 35.613], [140.3107, 35.6113], [140.3089, 35.6099], [140.3097, 35.6099], [140.3118, 35.6121], [140.3127, 35.6109], [140.3124, 35.6098], [140.3135, 35.6085], [140.3154, 35.608], [140.3152, 35.6075], [140.3135, 35.6071], [140.3131, 35.6065], [140.3123, 35.6063], [140.3137, 35.6063], [140.3147, 35.6039], [140.3242, 35.6091], [140.3245, 35.6093], [140.3268, 35.6089], [140.326, 35.6084], [140.3256, 35.607], [140.3263, 35.607], [140.327, 35.6065], [140.3296, 35.607], [140.3302, 35.6063], [140.3294, 35.606], [140.3291, 35.6055], [140.3262, 35.6051], [140.3231, 35.6041], [140.3213, 35.603], [140.3213, 35.6016], [140.3189, 35.602], [140.3164, 35.6009], [140.3142, 35.6008], [140.3131, 35.6012], [140.3124, 35.6012], [140.3113, 35.6018], [140.3111, 35.6015], [140.312, 35.6007], [140.3106, 35.5996], [140.31, 35.5983], [140.3083, 35.5969], [140.3082, 35.5959], [140.3056, 35.5943], [140.3083, 35.5956], [140.3108, 35.5985], [140.311, 35.5977], [140.3114, 35.5978], [140.3112, 35.5992], [140.3127, 35.6004], [140.314, 35.6001], [140.3155, 35.6002], [140.3189, 35.6013], [140.3207, 35.6008], [140.3229, 35.6011], [140.3224, 35.6001], [140.3227, 35.5978], [140.322, 35.5958], [140.3237, 35.5942], [140.3243, 35.5927], [140.3238, 35.5926], [140.3238, 35.5923], [140.3271, 35.5917], [140.3261, 35.5895], [140.3269, 35.59], [140.3273, 35.5913], [140.3289, 35.5915], [140.3295, 35.5906], [140.3293, 35.5893], [140.3299, 35.5893], [140.3316, 35.5878], [140.3324, 35.588], [140.3321, 35.589], [140.3364, 35.5904], [140.3385, 35.5866], [140.339, 35.5867], [140.3391, 35.5861], [140.3373, 35.5853], [140.3352, 35.5852], [140.332, 35.5859], [140.3299, 35.5857], [140.3219, 35.5863], [140.3193, 35.5863], [140.3168, 35.5855], [140.3165, 35.5859], [140.3157, 35.5854], [140.3159, 35.5851], [140.312, 35.5834], [140.3117, 35.5829], [140.305, 35.5788], [140.2936, 35.5731], [140.291, 35.5726], [140.2869, 35.573], [140.2888, 35.5701]], [[140.3439, 35.5364], [140.3445, 35.5361], [140.3442, 35.5356], [140.3436, 35.536], [140.3439, 35.5364]], [[140.3882, 35.5294], [140.3875, 35.5306], [140.3869, 35.5305], [140.3863, 35.531], [140.3865, 35.5319], [140.3853, 35.5316], [140.3843, 35.5336], [140.3837, 35.534], [140.3834, 35.5345], [140.3842, 35.5347], [140.384, 35.5352], [140.3852, 35.5356], [140.3852, 35.5358], [140.3877, 35.534], [140.388, 35.5343], [140.3902, 35.5323], [140.3899, 35.532], [140.3901, 35.5318], [140.3883, 35.5304], [140.3885, 35.5295], [140.3882, 35.5294]], [[140.4181, 35.5902], [140.4186, 35.5915], [140.4191, 35.5913], [140.4181, 35.5902]], [[140.3251, 35.611], [140.3238, 35.6116], [140.324, 35.6118], [140.3221, 35.6125], [140.3223, 35.613], [140.3224, 35.6132], [140.3234, 35.6134], [140.3245, 35.6144], [140.3257, 35.6131], [140.3264, 35.6136], [140.3253, 35.6146], [140.3269, 35.6155], [140.327, 35.6149], [140.3265, 35.6145], [140.327, 35.6141], [140.328, 35.6145], [140.3286, 35.6138], [140.3284, 35.6129], [140.3281, 35.6121], [140.3269, 35.6125], [140.3251, 35.611]], [[140.3249, 35.6174], [140.3229, 35.6167], [140.3225, 35.6172], [140.3222, 35.6171], [140.3225, 35.6165], [140.3216, 35.6159], [140.3218, 35.6174], [140.3234, 35.6175], [140.3229, 35.6183], [140.3239, 35.6191], [140.3242, 35.6184], [140.3249, 35.6183], [140.3243, 35.6178], [140.3249, 35.6174]]], [[[140.3283, 35.5457], [140.3294, 35.5472], [140.33, 35.5475], [140.3297, 35.5477], [140.3291, 35.5476], [140.3287, 35.5466], [140.3276, 35.5459], [140.3256, 35.5459], [140.3252, 35.5452], [140.3252, 35.546], [140.325, 35.546], [140.3247, 35.5442], [140.3276, 35.5451], [140.3283, 35.5457]]], [[[140.336, 35.6223], [140.3358, 35.6226], [140.3349, 35.6221], [140.3344, 35.621], [140.3361, 35.6215], [140.336, 35.6223]]], [[[140.3354, 35.6225], [140.3353, 35.6231], [140.3347, 35.6231], [140.3347, 35.6224], [140.3354, 35.6225]]], [[[140.3385, 35.6183], [140.3371, 35.6189], [140.3376, 35.6181], [140.3381, 35.6179], [140.3385, 35.6183]]], [[[140.3254, 35.6128], [140.324, 35.6137], [140.3237, 35.6134], [140.3252, 35.6125], [140.3254, 35.6128]]], [[[140.3246, 35.6122], [140.3231, 35.6132], [140.3225, 35.613], [140.3241, 35.612], [140.3246, 35.6122]]]]}, "properties": {"name": "千葉県東金市"}}, {"type": "Feature", "geometry": {"type": "Polygon", "coordinates": [[[140.6996, 35.7742], [140.6969, 35.7748], [140.6968, 35.775], [140.6979, 35.7761], [140.6917, 35.7813], [140.6899, 35.781], [140.6877, 35.7828], [140.6867, 35.7823], [140.6852, 35.7809], [140.6844, 35.7806], [140.6828, 35.7793], [140.6821, 35.7799], [140.6823, 35.7802], [140.682, 35.7804], [140.6818, 35.7802], [140.6813, 35.781], [140.6811, 35.7807], [140.6814, 35.7807], [140.6827, 35.7791], [140.6823, 35.7786], [140.6831, 35.7781], [140.6832, 35.7777], [140.676, 35.773], [140.6738, 35.7727], [140.6707, 35.765], [140.6622, 35.7751], [140.6583, 35.7827], [140.6587, 35.783], [140.6583, 35.7834], [140.658, 35.7832], [140.6545, 35.7892], [140.6543, 35.7915], [140.6538, 35.7913], [140.6539, 35.791], [140.6534, 35.7909], [140.6533, 35.7912], [140.6523, 35.7909], [140.6514, 35.7891], [140.6517, 35.7888], [140.6513, 35.7888], [140.6526, 35.7873], [140.6532, 35.7871], [140.6532, 35.7865], [140.6527, 35.7865], [140.6524, 35.7855], [140.6517, 35.7855], [140.652, 35.7866], [140.6515, 35.7875], [140.6485, 35.7875], [140.6462, 35.788], [140.6441, 35.7878], [140.643, 35.787], [140.6417, 35.7865], [140.6391, 35.7863], [140.639, 35.7858], [140.6374, 35.786], [140.6376, 35.787], [140.6357, 35.7876], [140.6363, 35.7883], [140.636, 35.7886], [140.6352, 35.7881], [140.6348, 35.7886], [140.6344, 35.7884], [140.6339, 35.7904], [140.6333, 35.791], [140.6326, 35.7908], [140.6317, 35.792], [140.6318, 35.7926], [140.6311, 35.793], [140.6315, 35.7942], [140.6295, 35.7948], [140.6294, 35.7944], [140.6287, 35.7945], [140.6268, 35.7938], [140.6246, 35.7939], [140.6249, 35.7936], [140.6266, 35.7916], [140.627, 35.7904], [140.6272, 35.7883], [140.6263, 35.7868], [140.6248, 35.7861], [140.6223, 35.7864], [140.6222, 35.7855], [140.6213, 35.7851], [140.6201, 35.7837], [140.6187, 35.7831], [140.6186, 35.7824], [140.6177, 35.7823], [140.618, 35.7816], [140.6179, 35.781], [140.6159, 35.7805], [140.6145, 35.7811], [140.6137, 35.7809], [140.6129, 35.7819], [140.6109, 35.7815], [140.6108, 35.782], [140.6098, 35.7819], [140.6093, 35.7815], [140.6095, 35.7811], [140.6083, 35.7806], [140.6076, 35.7788], [140.6043, 35.7773], [140.6023, 35.7748], [140.6032, 35.7737], [140.6024, 35.7733], [140.6013, 35.7742], [140.6005, 35.7741], [140.5987, 35.7782], [140.5962, 35.7816], [140.5951, 35.7801], [140.593, 35.7795], [140.5933, 35.779], [140.5908, 35.776], [140.5902, 35.7736], [140.585, 35.7722], [140.5824, 35.7698], [140.5798, 35.7688], [140.5795, 35.7677], [140.5789, 35.7672], [140.5775, 35.7671], [140.5769, 35.7674], [140.5764, 35.7671], [140.5764, 35.7654], [140.5751, 35.7664], [140.5744, 35.7678], [140.5725, 35.7679], [140.5704, 35.7649], [140.5708, 35.7632], [140.57, 35.7624], [140.5685, 35.7619], [140.5684, 35.76], [140.568, 35.759], [140.5669, 35.758], [140.5671, 35.7565], [140.566, 35.7552], [140.5676, 35.7545], [140.568, 35.7537], [140.5689, 35.7532], [140.5695, 35.752], [140.569, 35.749], [140.5695, 35.7489], [140.5704, 35.7496], [140.5703, 35.7492], [140.5706, 35.7492], [140.5703, 35.749], [140.572, 35.7467], [140.5669, 35.7435], [140.5666, 35.7437], [140.5661, 35.7433], [140.5665, 35.7429], [140.5661, 35.7426], [140.5662, 35.7424], [140.5648, 35.7414], [140.5666, 35.7397], [140.5667, 35.7387], [140.5654, 35.7386], [140.5657, 35.7367], [140.5667, 35.7368], [140.5668, 35.7359], [140.5707, 35.7362], [140.5706, 35.737], [140.5738, 35.7373], [140.5739, 35.7369], [140.5748, 35.737], [140.5753, 35.7366], [140.5758, 35.7369], [140.5754, 35.7373], [140.5759, 35.7376], [140.5755, 35.7379], [140.5765, 35.7386], [140.578, 35.7372], [140.5785, 35.7375], [140.579, 35.7369], [140.5795, 35.7372], [140.5801, 35.7366], [140.5809, 35.7366], [140.5808, 35.7361], [140.5814, 35.736], [140.5814, 35.7358], [140.5826, 35.7358], [140.5831, 35.7376], [140.5837, 35.7375], [140.584, 35.7385], [140.5834, 35.7389], [140.5842, 35.7394], [140.5856, 35.7379], [140.5858, 35.7382], [140.5867, 35.7376], [140.5876, 35.7392], [140.5905, 35.7378], [140.5904, 35.7362], [140.5908, 35.7362], [140.5927, 35.7377], [140.5927, 35.7407], [140.5934, 35.7411], [140.6005, 35.7383], [140.6042, 35.7373], [140.6046, 35.7341], [140.5993, 35.7335], [140.5985, 35.7304], [140.5981, 35.7239], [140.5988, 35.722], [140.598, 35.7222], [140.5988, 35.7206], [140.5993, 35.7171], [140.5953, 35.7173], [140.5947, 35.7176], [140.5916, 35.7182], [140.5898, 35.7181], [140.5855, 35.7169], [140.585, 35.7165], [140.5852, 35.7164], [140.5841, 35.7156], [140.5839, 35.7158], [140.5836, 35.7156], [140.5838, 35.7154], [140.583, 35.7148], [140.5783, 35.7129], [140.58, 35.7103], [140.5805, 35.7105], [140.5816, 35.7085], [140.5914, 35.7112], [140.5927, 35.708], [140.5941, 35.7084], [140.5943, 35.7078], [140.595, 35.7075], [140.5968, 35.7079], [140.5962, 35.7094], [140.5981, 35.7097], [140.5976, 35.711], [140.5995, 35.7114], [140.6008, 35.708], [140.6043, 35.7089], [140.6068, 35.7015], [140.6055, 35.6998], [140.604, 35.6997], [140.6039, 35.6991], [140.6031, 35.6989], [140.6022, 35.698], [140.6029, 35.6941], [140.6022, 35.6932], [140.6031, 35.692], [140.6052, 35.6911], [140.6101, 35.6899], [140.6108, 35.6895], [140.6102, 35.6892], [140.6108, 35.6884], [140.6105, 35.6864], [140.6096, 35.6849], [140.609, 35.682], [140.6095, 35.6801], [140.6101, 35.6802], [140.612, 35.6755], [140.6161, 35.6769], [140.6163, 35.6765], [140.6168, 35.6766], [140.6173, 35.6761], [140.6195, 35.677], [140.6201, 35.6769], [140.6225, 35.6773], [140.624, 35.6743], [140.6253, 35.6726], [140.6266, 35.6739], [140.6332, 35.6776], [140.6332, 35.6778], [140.6348, 35.6782], [140.6341, 35.6778], [140.6349, 35.6782], [140.6426, 35.6825], [140.6434, 35.6823], [140.643, 35.6826], [140.6434, 35.6823], [140.6432, 35.6827], [140.644, 35.6833], [140.6543, 35.6877], [140.6548, 35.6869], [140.6543, 35.6877], [140.6656, 35.6924], [140.6657, 35.6917], [140.6656, 35.6926], [140.6658, 35.6917], [140.666, 35.6919], [140.6666, 35.6908], [140.6661, 35.6919], [140.6696, 35.6927], [140.671, 35.6936], [140.6737, 35.6945], [140.6737, 35.695], [140.6743, 35.6947], [140.681, 35.6968], [140.6813, 35.696], [140.6815, 35.6961], [140.681, 35.6969], [140.692, 35.7], [140.6921, 35.6998], [140.6929, 35.6999], [140.693, 35.7004], [140.6933, 35.7], [140.6948, 35.7], [140.708, 35.7013], [140.7097, 35.7011], [140.711, 35.7013], [140.7124, 35.7009], [140.7138, 35.7013], [140.7159, 35.7005], [140.7176, 35.7005], [140.7209, 35.6994], [140.7232, 35.6979], [140.724, 35.696], [140.7239, 35.6934], [140.7274, 35.6937], [140.7279, 35.6901], [140.7287, 35.6897], [140.7285, 35.6875], [140.7288, 35.6897], [140.7294, 35.6895], [140.728, 35.6902], [140.7276, 35.6925], [140.7307, 35.693], [140.7308, 35.6912], [140.7308, 35.6927], [140.7309, 35.6917], [140.7311, 35.6918], [140.7313, 35.6916], [140.7314, 35.6924], [140.7321, 35.6925], [140.7312, 35.6926], [140.7312, 35.6929], [140.7329, 35.6928], [140.7329, 35.6916], [140.7337, 35.6916], [140.7338, 35.6928], [140.7363, 35.6927], [140.7362, 35.6934], [140.7354, 35.6936], [140.7343, 35.695], [140.7352, 35.6955], [140.7362, 35.6939], [140.737, 35.694], [140.7368, 35.6917], [140.7345, 35.6903], [140.7309, 35.6904], [140.7307, 35.6901], [140.7307, 35.6904], [140.7298, 35.689], [140.7286, 35.6853], [140.7288, 35.6852], [140.7297, 35.6878], [140.7308, 35.6876], [140.7301, 35.688], [140.7303, 35.6887], [140.7323, 35.6902], [140.7349, 35.6902], [140.7372, 35.6919], [140.7387, 35.6926], [140.7437, 35.6928], [140.747, 35.6935], [140.7505, 35.6933], [140.7578, 35.6961], [140.7591, 35.6963], [140.76, 35.6968], [140.76, 35.6972], [140.7611, 35.6981], [140.7611, 35.6987], [140.7606, 35.6988], [140.7601, 35.6997], [140.7596, 35.6999], [140.7595, 35.7002], [140.759, 35.7001], [140.7586, 35.7007], [140.7584, 35.7015], [140.7564, 35.7011], [140.7558, 35.7014], [140.7557, 35.703], [140.754, 35.7034], [140.753, 35.7029], [140.7527, 35.7033], [140.7519, 35.7033], [140.7513, 35.7024], [140.7519, 35.7022], [140.7519, 35.7016], [140.7509, 35.7012], [140.7504, 35.7013], [140.7502, 35.7017], [140.7493, 35.7015], [140.7488, 35.7023], [140.7499, 35.7028], [140.7491, 35.7031], [140.7484, 35.7027], [140.7485, 35.704], [140.7474, 35.7045], [140.7469, 35.7044], [140.7478, 35.7033], [140.7473, 35.7025], [140.747, 35.7039], [140.7465, 35.7035], [140.7464, 35.7041], [140.7459, 35.7036], [140.7465, 35.7022], [140.7468, 35.7026], [140.7474, 35.7013], [140.7466, 35.7012], [140.7461, 35.7023], [140.7453, 35.7021], [140.7451, 35.7024], [140.7441, 35.7019], [140.7437, 35.7021], [140.7415, 35.7017], [140.7412, 35.7018], [140.7414, 35.7023], [140.7402, 35.702], [140.7396, 35.7027], [140.7392, 35.7028], [140.7389, 35.7035], [140.7392, 35.7045], [140.7385, 35.7047], [140.7376, 35.7042], [140.7377, 35.7049], [140.7371, 35.7051], [140.7353, 35.7041], [140.7349, 35.7047], [140.7353, 35.7052], [140.734, 35.7054], [140.7349, 35.7089], [140.7342, 35.7091], [140.7343, 35.7096], [140.735, 35.7097], [140.7343, 35.7102], [140.7351, 35.7116], [140.736, 35.7117], [140.7359, 35.7127], [140.7365, 35.7121], [140.737, 35.7126], [140.7373, 35.7123], [140.7375, 35.7124], [140.7386, 35.7161], [140.7397, 35.7166], [140.7399, 35.7177], [140.7403, 35.7178], [140.7402, 35.7183], [140.7394, 35.719], [140.7399, 35.7194], [140.7401, 35.7203], [140.7415, 35.7215], [140.7417, 35.7211], [140.7426, 35.7213], [140.7431, 35.7206], [140.7438, 35.7206], [140.744, 35.7209], [140.7432, 35.7211], [140.743, 35.722], [140.7438, 35.7226], [140.7442, 35.7222], [140.7443, 35.723], [140.7474, 35.7235], [140.7475, 35.7233], [140.7489, 35.7241], [140.7486, 35.7246], [140.7477, 35.725], [140.7483, 35.726], [140.7483, 35.7285], [140.7474, 35.7303], [140.7463, 35.7309], [140.7456, 35.7318], [140.746, 35.7323], [140.7459, 35.7334], [140.745, 35.7341], [140.7442, 35.733], [140.7438, 35.7331], [140.7451, 35.7347], [140.745, 35.7379], [140.7439, 35.7378], [140.7423, 35.7359], [140.7408, 35.7347], [140.7404, 35.7349], [140.7409, 35.7354], [140.7405, 35.7355], [140.7423, 35.7363], [140.7424, 35.7369], [140.7429, 35.737], [140.7435, 35.738], [140.7453, 35.7385], [140.7453, 35.7393], [140.7448, 35.7396], [140.7456, 35.7396], [140.7455, 35.7404], [140.7463, 35.7407], [140.7456, 35.7408], [140.7465, 35.7414], [140.7448, 35.7422], [140.7461, 35.7451], [140.7455, 35.7452], [140.7402, 35.7382], [140.7413, 35.7376], [140.7403, 35.7363], [140.7405, 35.7359], [140.74, 35.7361], [140.7398, 35.7359], [140.7403, 35.7357], [140.74, 35.7353], [140.7396, 35.7349], [140.7392, 35.7349], [140.7386, 35.7331], [140.7375, 35.7342], [140.7372, 35.7339], [140.7366, 35.7344], [140.7356, 35.7337], [140.7361, 35.7332], [140.7328, 35.7319], [140.7313, 35.7306], [140.7307, 35.7312], [140.7294, 35.7307], [140.7294, 35.7309], [140.7306, 35.7315], [140.7319, 35.7327], [140.7321, 35.7325], [140.7323, 35.7329], [140.7318, 35.7333], [140.7306, 35.7318], [140.7293, 35.7314], [140.7249, 35.7334], [140.7246, 35.7337], [140.7248, 35.7346], [140.7244, 35.7354], [140.7257, 35.7363], [140.7263, 35.7359], [140.7264, 35.736], [140.7239, 35.7384], [140.7239, 35.7387], [140.7246, 35.7389], [140.724, 35.7389], [140.7243, 35.7395], [140.7239, 35.74], [140.7251, 35.7417], [140.7251, 35.7438], [140.7268, 35.745], [140.7283, 35.7447], [140.7275, 35.7457], [140.728, 35.7459], [140.7279, 35.7463], [140.7287, 35.7472], [140.7284, 35.7476], [140.7265, 35.7477], [140.726, 35.7494], [140.7265, 35.7515], [140.7275, 35.7517], [140.7275, 35.7524], [140.7269, 35.7529], [140.7259, 35.7526], [140.7268, 35.753], [140.7267, 35.7534], [140.7276, 35.7537], [140.7278, 35.756], [140.7263, 35.7562], [140.7258, 35.7576], [140.7246, 35.7581], [140.7244, 35.7587], [140.7238, 35.759], [140.7225, 35.7591], [140.7223, 35.7588], [140.7215, 35.7589], [140.7213, 35.7583], [140.7209, 35.7582], [140.7208, 35.7587], [140.72, 35.7592], [140.7195, 35.7585], [140.7186, 35.7583], [140.7183, 35.7591], [140.7176, 35.759], [140.7176, 35.7602], [140.7174, 35.7597], [140.7161, 35.7592], [140.7156, 35.76], [140.7139, 35.7608], [140.7134, 35.7613], [140.7076, 35.7614], [140.7072, 35.7649], [140.7055, 35.7665], [140.7071, 35.7683], [140.7067, 35.7691], [140.7073, 35.771], [140.7063, 35.7717], [140.7036, 35.7707], [140.7015, 35.7708], [140.6996, 35.7742]]]}, "properties": {"name": "千葉県旭市"}}, {"type": "Feature", "geometry": {"type": "Polygon", "coordinates": [[[140.0813, 35.6948], [140.0781, 35.6964], [140.077, 35.6984], [140.0773, 35.7007], [140.0775, 35.7011], [140.0789, 35.701], [140.0832, 35.702], [140.0852, 35.7039], [140.0683, 35.7083], [140.0685, 35.7069], [140.0635, 35.7067], [140.0637, 35.705], [140.0618, 35.7048], [140.0623, 35.6998], [140.0597, 35.6993], [140.0607, 35.698], [140.0631, 35.6981], [140.0633, 35.6965], [140.065, 35.696], [140.0649, 35.6957], [140.0636, 35.6956], [140.0633, 35.6946], [140.0637, 35.6943], [140.0631, 35.6934], [140.0641, 35.6916], [140.0637, 35.691], [140.0622, 35.691], [140.0615, 35.6901], [140.0601, 35.69], [140.0611, 35.6906], [140.0614, 35.6913], [140.0604, 35.6916], [140.0587, 35.6916], [140.06, 35.6921], [140.0595, 35.6925], [140.0598, 35.6936], [140.0589, 35.6942], [140.0532, 35.6964], [140.0529, 35.6948], [140.0526, 35.6949], [140.0516, 35.6919], [140.0511, 35.6919], [140.051, 35.6915], [140.0501, 35.6916], [140.0493, 35.6912], [140.048, 35.6918], [140.0455, 35.6921], [140.0455, 35.6924], [140.0434, 35.693], [140.0429, 35.6934], [140.0429, 35.6959], [140.042, 35.6957], [140.0416, 35.6965], [140.039, 35.6948], [140.0358, 35.6961], [140.0343, 35.6951], [140.0345, 35.6944], [140.0338, 35.6943], [140.033, 35.6944], [140.0328, 35.695], [140.0314, 35.6956], [140.031, 35.6935], [140.0292, 35.6912], [140.0286, 35.6909], [140.0273, 35.6915], [140.0232, 35.6916], [140.0233, 35.692], [140.0226, 35.6921], [140.0225, 35.6916], [140.0217, 35.6914], [140.0214, 35.6917], [140.0204, 35.6915], [140.0183, 35.6924], [140.0168, 35.6934], [140.0172, 35.694], [140.0157, 35.6929], [140.0135, 35.692], [140.0095, 35.6955], [140.0087, 35.6957], [140.0045, 35.6894], [140.0022, 35.6868], [139.9974, 35.6789], [139.9985, 35.6785], [140.0019, 35.6713], [140.0047, 35.6686], [140.0019, 35.6656], [140.002, 35.6653], [140.0024, 35.6654], [140.0028, 35.6635], [140.0023, 35.6634], [140.0029, 35.6598], [139.9974, 35.6593], [139.9964, 35.6595], [139.9948, 35.6605], [139.9947, 35.661], [139.9865, 35.6601], [139.9875, 35.6541], [140.0048, 35.6564], [140.008, 35.6589], [140.0137, 35.6575], [140.0197, 35.6527], [140.0348, 35.6694], [140.0418, 35.6778], [140.0442, 35.6766], [140.0451, 35.6776], [140.0455, 35.6769], [140.0481, 35.6764], [140.0488, 35.6779], [140.05, 35.679], [140.0502, 35.6788], [140.0498, 35.6779], [140.0509, 35.6775], [140.0512, 35.677], [140.0526, 35.6779], [140.0539, 35.677], [140.0535, 35.6759], [140.0543, 35.6755], [140.0551, 35.6773], [140.0573, 35.6788], [140.0573, 35.6799], [140.0608, 35.6788], [140.0597, 35.6772], [140.0611, 35.6765], [140.061, 35.6761], [140.0625, 35.6776], [140.0621, 35.6786], [140.0627, 35.6795], [140.0636, 35.6792], [140.0639, 35.678], [140.0646, 35.678], [140.0659, 35.6764], [140.0666, 35.6772], [140.0673, 35.6773], [140.0674, 35.6782], [140.068, 35.678], [140.0691, 35.6811], [140.0709, 35.6831], [140.0725, 35.6841], [140.0764, 35.6877], [140.0813, 35.6948]]]}, "properties": {"name": "千葉県習志野市"}}, {"type": "Feature", "geometry": {"type": "MultiPolygon", "coordinates": [[[[139.9977, 35.8008], [139.9993, 35.8018], [140, 35.8029], [140.0017, 35.804], [140.0047, 35.8041], [140.0051, 35.8034], [140.0066, 35.8035], [140.0095, 35.8018], [140.0126, 35.8011], [140.0153, 35.7992], [140.0196, 35.7973], [140.0199, 35.7962], [140.0196, 35.7958], [140.0155, 35.7958], [140.017, 35.7954], [140.0226, 35.796], [140.0239, 35.7972], [140.0266, 35.7982], [140.0277, 35.799], [140.0283, 35.799], [140.0281, 35.7968], [140.0271, 35.796], [140.026, 35.7937], [140.0246, 35.7919], [140.0236, 35.7917], [140.0204, 35.789], [140.0188, 35.7892], [140.0187, 35.7888], [140.0201, 35.7886], [140.0203, 35.7882], [140.0195, 35.7854], [140.0166, 35.781], [140.0188, 35.7833], [140.0205, 35.7878], [140.0248, 35.7916], [140.0247, 35.7919], [140.026, 35.7936], [140.0272, 35.7959], [140.0282, 35.7968], [140.0283, 35.7974], [140.0288, 35.7974], [140.03, 35.7988], [140.0299, 35.8002], [140.0305, 35.8013], [140.0305, 35.8023], [140.0315, 35.8036], [140.0314, 35.8049], [140.0318, 35.8054], [140.0313, 35.8066], [140.0319, 35.8094], [140.0326, 35.8118], [140.0339, 35.8139], [140.0345, 35.8161], [140.0373, 35.8176], [140.042, 35.8244], [140.0505, 35.8325], [140.0551, 35.834], [140.0554, 35.8352], [140.0559, 35.8354], [140.067, 35.8343], [140.073, 35.8323], [140.0741, 35.8315], [140.074, 35.8313], [140.0752, 35.8309], [140.0759, 35.8308], [140.0761, 35.8313], [140.0784, 35.8309], [140.0784, 35.8305], [140.0798, 35.8305], [140.0798, 35.8308], [140.0804, 35.831], [140.0821, 35.8308], [140.0824, 35.8312], [140.0835, 35.8308], [140.085, 35.832], [140.086, 35.8322], [140.086, 35.8309], [140.0867, 35.8303], [140.0872, 35.8306], [140.0885, 35.8306], [140.0908, 35.8286], [140.0913, 35.8285], [140.09, 35.8269], [140.092, 35.8258], [140.0923, 35.8261], [140.093, 35.8257], [140.0935, 35.826], [140.0941, 35.8249], [140.0964, 35.8257], [140.0957, 35.8269], [140.0991, 35.8284], [140.099, 35.8286], [140.1001, 35.8292], [140.0993, 35.8306], [140.1044, 35.834], [140.1058, 35.8343], [140.1095, 35.8339], [140.1119, 35.8432], [140.1094, 35.8437], [140.1114, 35.8477], [140.1005, 35.8515], [140.0646, 35.8555], [140.0659, 35.8539], [140.0637, 35.8529], [140.0606, 35.8521], [140.0595, 35.8531], [140.0535, 35.8541], [140.0505, 35.8552], [140.0428, 35.8596], [140.0425, 35.8593], [140.0397, 35.8594], [140.0369, 35.8578], [140.0328, 35.8565], [140.0321, 35.8566], [140.0279, 35.8599], [140.0263, 35.8609], [140.0251, 35.8612], [140.0188, 35.8612], [140.0148, 35.8617], [140.0058, 35.8612], [140.0045, 35.8631], [140.0013, 35.8655], [139.9937, 35.8679], [139.992, 35.87], [139.9923, 35.8708], [139.9913, 35.8715], [139.9906, 35.8731], [139.9923, 35.8734], [139.9922, 35.8747], [139.9935, 35.8756], [139.994, 35.8764], [139.994, 35.8771], [139.9934, 35.8765], [139.9929, 35.8767], [139.9927, 35.8765], [139.9921, 35.877], [139.9929, 35.8776], [139.9917, 35.8785], [139.9913, 35.8783], [139.9914, 35.8778], [139.9906, 35.8788], [139.9903, 35.8785], [139.9907, 35.8779], [139.9905, 35.8778], [139.9899, 35.8782], [139.9886, 35.8794], [139.9886, 35.8798], [139.9897, 35.8809], [139.9908, 35.8816], [139.992, 35.8816], [139.9919, 35.8813], [139.9928, 35.8806], [139.9918, 35.88], [139.993, 35.8792], [139.9933, 35.8793], [139.9929, 35.88], [139.9937, 35.8802], [139.9934, 35.8809], [139.9944, 35.8814], [139.9952, 35.8796], [139.995, 35.8794], [139.9959, 35.879], [139.9968, 35.8797], [139.9961, 35.8801], [139.9956, 35.8797], [139.9947, 35.8815], [139.9955, 35.8819], [139.9958, 35.8811], [139.9967, 35.8814], [139.9971, 35.8809], [139.9989, 35.8822], [139.9984, 35.883], [139.9989, 35.8836], [139.9985, 35.8838], [140.0005, 35.8844], [140.0017, 35.8841], [140.0025, 35.8854], [140.0049, 35.8856], [140.0054, 35.8868], [140.0074, 35.8863], [140.0075, 35.8858], [140.0082, 35.8856], [140.0085, 35.8847], [140.0094, 35.8847], [140.0102, 35.8851], [140.01, 35.8862], [140.0103, 35.8866], [140.0098, 35.8869], [140.012, 35.8893], [140.0128, 35.8889], [140.0135, 35.8898], [140.013, 35.8904], [140.0136, 35.891], [140.0143, 35.8909], [140.015, 35.8914], [140.0167, 35.891], [140.016, 35.8921], [140.0149, 35.8914], [140.0145, 35.8917], [140.0138, 35.8911], [140.0135, 35.8913], [140.0129, 35.8905], [140.0123, 35.8908], [140.0126, 35.8912], [140.0122, 35.8915], [140.0114, 35.8904], [140.0115, 35.8913], [140.0122, 35.8921], [140.012, 35.8926], [140.0114, 35.892], [140.0114, 35.8923], [140.011, 35.8923], [140.0113, 35.8929], [140.0117, 35.8929], [140.0116, 35.8922], [140.0128, 35.8934], [140.0133, 35.8932], [140.0143, 35.8934], [140.0154, 35.8928], [140.0159, 35.8933], [140.015, 35.8938], [140.0166, 35.8957], [140.0177, 35.893], [140.0179, 35.8932], [140.0186, 35.8898], [140.0194, 35.8881], [140.0198, 35.8881], [140.0194, 35.8892], [140.0207, 35.8907], [140.0218, 35.8901], [140.031, 35.9006], [140.0271, 35.9031], [140.0227, 35.9078], [140.0204, 35.9091], [140.0158, 35.9106], [140.0115, 35.911], [140.0015, 35.9094], [139.9982, 35.9092], [139.9958, 35.9094], [139.993, 35.9103], [139.9857, 35.915], [139.9807, 35.9195], [139.9772, 35.9218], [139.9749, 35.9231], [139.9644, 35.9274], [139.9595, 35.9311], [139.9512, 35.9363], [139.9489, 35.9312], [139.9466, 35.931], [139.9449, 35.929], [139.944, 35.9292], [139.9427, 35.9287], [139.9433, 35.9284], [139.9431, 35.9281], [139.942, 35.9279], [139.9418, 35.9281], [139.9423, 35.9286], [139.9401, 35.9274], [139.9404, 35.927], [139.9369, 35.9258], [139.9366, 35.9261], [139.9352, 35.9256], [139.9341, 35.9226], [139.9321, 35.9217], [139.9288, 35.918], [139.9242, 35.9166], [139.9229, 35.9165], [139.92, 35.9169], [139.9217, 35.9157], [139.9205, 35.914], [139.9209, 35.9142], [139.9205, 35.9118], [139.9197, 35.9104], [139.9199, 35.9079], [139.9207, 35.9067], [139.9204, 35.9051], [139.9193, 35.9035], [139.9192, 35.9025], [139.9187, 35.9022], [139.9186, 35.9006], [139.9192, 35.8997], [139.914, 35.8992], [139.9137, 35.8985], [139.9132, 35.8984], [139.914, 35.8971], [139.9146, 35.8941], [139.9152, 35.8936], [139.9163, 35.8943], [139.9183, 35.8934], [139.9187, 35.8931], [139.9189, 35.8911], [139.9203, 35.8907], [139.9213, 35.8918], [139.9215, 35.8917], [139.9209, 35.8904], [139.9211, 35.889], [139.9212, 35.8884], [139.922, 35.8885], [139.9221, 35.8882], [139.9212, 35.887], [139.9215, 35.8867], [139.9217, 35.8865], [139.9227, 35.887], [139.9236, 35.8855], [139.9261, 35.8836], [139.9266, 35.8834], [139.9269, 35.8837], [139.9276, 35.8835], [139.9287, 35.8837], [139.929, 35.8854], [139.9284, 35.8854], [139.9282, 35.8858], [139.9294, 35.8859], [139.9302, 35.8867], [139.9293, 35.887], [139.9292, 35.8874], [139.9288, 35.889], [139.9291, 35.8901], [139.9274, 35.8908], [139.9261, 35.8923], [139.9256, 35.8921], [139.9212, 35.8964], [139.9222, 35.8978], [139.919, 35.8992], [139.9193, 35.8996], [139.9227, 35.9007], [139.9298, 35.9009], [139.9298, 35.8987], [139.932, 35.8982], [139.9346, 35.893], [139.9336, 35.8901], [139.935, 35.8898], [139.9347, 35.8884], [139.9361, 35.8882], [139.9359, 35.8873], [139.9352, 35.8872], [139.9352, 35.8877], [139.9347, 35.8873], [139.9336, 35.8872], [139.9336, 35.8876], [139.9326, 35.8875], [139.9319, 35.8874], [139.9318, 35.8867], [139.9337, 35.8854], [139.9361, 35.8857], [139.9412, 35.8848], [139.9401, 35.8759], [139.9413, 35.8746], [139.9417, 35.8726], [139.9414, 35.8725], [139.9412, 35.8719], [139.9421, 35.8717], [139.9435, 35.872], [139.9444, 35.8727], [139.9444, 35.8736], [139.9458, 35.8742], [139.9504, 35.8733], [139.9504, 35.8727], [139.9501, 35.8726], [139.9494, 35.8731], [139.947, 35.8736], [139.9459, 35.8737], [139.9454, 35.8734], [139.9442, 35.8721], [139.9442, 35.8715], [139.9425, 35.8712], [139.9417, 35.8707], [139.9416, 35.869], [139.9408, 35.8676], [139.9409, 35.8685], [139.9394, 35.8697], [139.9389, 35.8696], [139.937, 35.8683], [139.9361, 35.8684], [139.9358, 35.8679], [139.9335, 35.868], [139.9331, 35.8702], [139.9312, 35.8688], [139.9277, 35.8678], [139.9266, 35.8643], [139.9251, 35.864], [139.9259, 35.8632], [139.9265, 35.8637], [139.927, 35.8638], [139.9262, 35.8628], [139.9263, 35.8623], [139.9272, 35.8619], [139.9278, 35.8622], [139.9278, 35.8613], [139.9289, 35.8608], [139.9295, 35.8613], [139.9288, 35.8622], [139.9292, 35.8639], [139.93, 35.864], [139.9298, 35.8643], [139.9303, 35.8648], [139.9349, 35.8654], [139.9367, 35.8654], [139.9416, 35.8645], [139.9426, 35.8646], [139.9429, 35.8635], [139.9432, 35.8635], [139.9435, 35.863], [139.9451, 35.863], [139.9482, 35.8595], [139.9482, 35.8586], [139.9489, 35.8582], [139.9466, 35.8579], [139.9441, 35.8572], [139.9425, 35.8581], [139.9406, 35.8566], [139.939, 35.8568], [139.938, 35.8566], [139.9381, 35.8561], [139.9389, 35.8558], [139.9386, 35.8547], [139.938, 35.8544], [139.9378, 35.8552], [139.9371, 35.8554], [139.9342, 35.8536], [139.9343, 35.851], [139.9346, 35.8507], [139.9351, 35.851], [139.9353, 35.8505], [139.9374, 35.8509], [139.9382, 35.852], [139.9392, 35.8527], [139.94, 35.8526], [139.9403, 35.8532], [139.9409, 35.8529], [139.941, 35.8517], [139.943, 35.8524], [139.9437, 35.8521], [139.9444, 35.8529], [139.9446, 35.8538], [139.9462, 35.8549], [139.9465, 35.856], [139.9476, 35.8555], [139.9478, 35.855], [139.947, 35.8548], [139.9507, 35.8514], [139.9522, 35.8515], [139.9525, 35.8479], [139.9517, 35.8428], [139.9519, 35.8416], [139.9542, 35.8389], [139.9548, 35.8372], [139.9559, 35.837], [139.9578, 35.8351], [139.9564, 35.8342], [139.9528, 35.834], [139.9522, 35.8345], [139.9519, 35.8353], [139.954, 35.8372], [139.9534, 35.8374], [139.9521, 35.8359], [139.9515, 35.8358], [139.9514, 35.8351], [139.9517, 35.8343], [139.9504, 35.8343], [139.9506, 35.8352], [139.9486, 35.8358], [139.9489, 35.8364], [139.948, 35.8368], [139.9469, 35.8363], [139.9461, 35.8363], [139.9449, 35.8372], [139.9438, 35.8365], [139.9439, 35.8354], [139.9443, 35.835], [139.9414, 35.835], [139.9416, 35.8346], [139.9409, 35.8344], [139.9409, 35.8341], [139.9426, 35.8324], [139.944, 35.8328], [139.9448, 35.8321], [139.945, 35.8315], [139.9468, 35.8318], [139.9474, 35.8313], [139.9477, 35.8314], [139.9485, 35.831], [139.947, 35.8303], [139.9498, 35.8288], [139.9506, 35.8276], [139.9505, 35.8268], [139.9487, 35.8263], [139.9496, 35.8249], [139.9492, 35.8245], [139.9505, 35.824], [139.9518, 35.8225], [139.9517, 35.8194], [139.9525, 35.8171], [139.9544, 35.816], [139.9549, 35.8145], [139.9584, 35.8092], [139.9675, 35.8079], [139.9676, 35.8045], [139.9667, 35.8046], [139.9672, 35.8042], [139.9673, 35.8027], [139.9788, 35.7982], [139.9798, 35.8004], [139.9815, 35.8], [139.983, 35.8022], [139.9849, 35.804], [139.9851, 35.8049], [139.9859, 35.8052], [139.9854, 35.8059], [139.9859, 35.8063], [139.9855, 35.8067], [139.9867, 35.8073], [139.9872, 35.8063], [139.9879, 35.806], [139.9891, 35.8069], [139.9903, 35.806], [139.9901, 35.8058], [139.9914, 35.8054], [139.9905, 35.8043], [139.9896, 35.8044], [139.9888, 35.8035], [139.9901, 35.8019], [139.9915, 35.8015], [139.993, 35.8034], [139.9953, 35.8018], [139.9959, 35.8023], [139.9956, 35.8025], [139.9977, 35.8042], [139.9985, 35.8036], [139.9977, 35.8029], [139.9979, 35.8027], [139.9967, 35.8017], [139.9977, 35.8008]], [[139.9962, 35.8839], [139.9974, 35.8836], [139.9971, 35.8831], [139.9964, 35.8832], [139.9954, 35.8821], [139.9948, 35.8824], [139.9962, 35.8839]]], [[[140.0152, 35.7821], [140.0148, 35.7821], [140.0146, 35.7817], [140.0155, 35.7814], [140.0152, 35.7821]]]]}, "properties": {"name": "千葉県柏市"}}, {"type": "Feature", "geometry": {"type": "Polygon", "coordinates": [[[140.3163, 35.1386], [140.3188, 35.1373], [140.3194, 35.1375], [140.3201, 35.1385], [140.3209, 35.1384], [140.3209, 35.1388], [140.3218, 35.1398], [140.323, 35.1391], [140.323, 35.1386], [140.3234, 35.1387], [140.3241, 35.1383], [140.3232, 35.1392], [140.323, 35.1397], [140.3233, 35.1399], [140.3241, 35.1399], [140.3242, 35.1394], [140.3248, 35.1398], [140.3252, 35.1395], [140.3249, 35.1391], [140.3255, 35.1393], [140.3258, 35.1389], [140.326, 35.1393], [140.3268, 35.1394], [140.3267, 35.1401], [140.3259, 35.1403], [140.3268, 35.1413], [140.3256, 35.1411], [140.3255, 35.1414], [140.3261, 35.1419], [140.3267, 35.1418], [140.3271, 35.143], [140.3269, 35.1442], [140.3278, 35.1458], [140.3272, 35.1453], [140.3269, 35.1455], [140.3269, 35.1452], [140.3272, 35.1453], [140.3269, 35.1441], [140.3269, 35.1427], [140.326, 35.1429], [140.3262, 35.1436], [140.3265, 35.1436], [140.3262, 35.1437], [140.3268, 35.1451], [140.3267, 35.1453], [140.3262, 35.1454], [140.3265, 35.1473], [140.3269, 35.1476], [140.3277, 35.1469], [140.3277, 35.1462], [140.3278, 35.1465], [140.3277, 35.1469], [140.3273, 35.1472], [140.3278, 35.1473], [140.3272, 35.1473], [140.3268, 35.1478], [140.3267, 35.1489], [140.3272, 35.149], [140.3267, 35.1491], [140.3268, 35.1498], [140.3264, 35.1498], [140.327, 35.1498], [140.3276, 35.1492], [140.3271, 35.1498], [140.3274, 35.1513], [140.3282, 35.1513], [140.3287, 35.152], [140.3291, 35.152], [140.3286, 35.1515], [140.3291, 35.152], [140.3294, 35.1519], [140.3307, 35.154], [140.3319, 35.1547], [140.3311, 35.1548], [140.3314, 35.1546], [140.3296, 35.1532], [140.3288, 35.1536], [140.3296, 35.1543], [140.3299, 35.1541], [140.3305, 35.1548], [140.3309, 35.1549], [140.3301, 35.1555], [140.3303, 35.1558], [140.3314, 35.1555], [140.332, 35.1564], [140.3325, 35.1562], [140.332, 35.1554], [140.3315, 35.1555], [140.3319, 35.1551], [140.3327, 35.1563], [140.3323, 35.1567], [140.3328, 35.1577], [140.3324, 35.1588], [140.3332, 35.1586], [140.3335, 35.1593], [140.3331, 35.1589], [140.3323, 35.1589], [140.3323, 35.1597], [140.3333, 35.1594], [140.3321, 35.16], [140.3326, 35.1629], [140.3345, 35.1658], [140.337, 35.1678], [140.3391, 35.1699], [140.3426, 35.1714], [140.3452, 35.1733], [140.3411, 35.1758], [140.3395, 35.1754], [140.3391, 35.1762], [140.3381, 35.1763], [140.3376, 35.177], [140.3361, 35.1769], [140.3357, 35.1776], [140.3336, 35.1769], [140.3327, 35.1773], [140.3302, 35.1753], [140.3291, 35.1755], [140.3269, 35.1746], [140.3266, 35.1745], [140.3259, 35.1752], [140.3229, 35.1741], [140.3251, 35.1753], [140.3225, 35.1749], [140.3205, 35.1756], [140.3193, 35.1752], [140.3187, 35.1741], [140.317, 35.1743], [140.3165, 35.1761], [140.3157, 35.1765], [140.3151, 35.1785], [140.3148, 35.1786], [140.3148, 35.1799], [140.3142, 35.1803], [140.3135, 35.1816], [140.3135, 35.1829], [140.3149, 35.1844], [140.3145, 35.1852], [140.3135, 35.1855], [140.3133, 35.1867], [140.3125, 35.1881], [140.3112, 35.1887], [140.311, 35.1895], [140.3095, 35.1902], [140.3088, 35.19], [140.3083, 35.1905], [140.3077, 35.1898], [140.3053, 35.1903], [140.3047, 35.1918], [140.3054, 35.1928], [140.3038, 35.1939], [140.3041, 35.1953], [140.3034, 35.1963], [140.3041, 35.1977], [140.3043, 35.2003], [140.3058, 35.2008], [140.31, 35.2], [140.3091, 35.2012], [140.3083, 35.2017], [140.3083, 35.203], [140.3077, 35.2035], [140.3082, 35.2057], [140.3078, 35.2062], [140.3085, 35.2094], [140.3106, 35.2097], [140.3111, 35.2118], [140.3119, 35.2118], [140.3128, 35.2113], [140.3136, 35.2121], [140.3143, 35.2119], [140.3158, 35.2122], [140.3163, 35.2129], [140.316, 35.2134], [140.3161, 35.2148], [140.317, 35.2151], [140.3178, 35.2157], [140.3156, 35.2173], [140.3154, 35.2178], [140.3137, 35.2177], [140.3132, 35.218], [140.3131, 35.2195], [140.3109, 35.2201], [140.3102, 35.2207], [140.31, 35.2217], [140.3082, 35.2221], [140.3071, 35.2229], [140.3066, 35.2257], [140.3052, 35.2264], [140.3041, 35.2262], [140.3033, 35.2267], [140.3013, 35.2262], [140.2997, 35.2282], [140.2995, 35.2293], [140.2983, 35.2296], [140.2975, 35.2301], [140.2951, 35.2298], [140.294, 35.2303], [140.2939, 35.2308], [140.2966, 35.2331], [140.297, 35.2342], [140.2969, 35.2375], [140.2959, 35.2385], [140.2949, 35.239], [140.2928, 35.2387], [140.291, 35.24], [140.2909, 35.2382], [140.2904, 35.2374], [140.2884, 35.2398], [140.2878, 35.2419], [140.2881, 35.243], [140.2873, 35.2436], [140.2867, 35.2446], [140.2854, 35.2441], [140.2845, 35.2444], [140.2853, 35.2433], [140.2843, 35.2422], [140.2829, 35.2428], [140.2823, 35.2424], [140.2814, 35.2427], [140.2805, 35.2415], [140.2785, 35.2406], [140.2784, 35.2397], [140.2778, 35.2394], [140.2752, 35.2392], [140.2742, 35.2395], [140.2733, 35.2374], [140.2719, 35.2357], [140.2707, 35.2349], [140.2705, 35.2342], [140.2672, 35.2341], [140.2663, 35.2337], [140.2656, 35.2343], [140.264, 35.2345], [140.2628, 35.2336], [140.2614, 35.2334], [140.2604, 35.2338], [140.2599, 35.2345], [140.2583, 35.2345], [140.2564, 35.235], [140.2557, 35.2346], [140.2547, 35.2349], [140.2541, 35.2339], [140.2535, 35.2342], [140.2516, 35.2334], [140.2524, 35.2318], [140.2541, 35.2312], [140.2554, 35.2297], [140.2558, 35.229], [140.2558, 35.2279], [140.2564, 35.2278], [140.2581, 35.2283], [140.259, 35.2279], [140.2589, 35.2258], [140.2604, 35.2242], [140.2581, 35.2225], [140.2569, 35.2228], [140.2555, 35.2223], [140.2545, 35.2227], [140.2528, 35.2211], [140.2506, 35.2213], [140.2507, 35.2193], [140.2515, 35.2183], [140.2507, 35.2172], [140.2505, 35.2164], [140.2481, 35.2144], [140.2465, 35.2149], [140.2458, 35.2145], [140.2458, 35.2107], [140.2444, 35.2096], [140.2442, 35.2068], [140.2449, 35.2059], [140.2441, 35.2046], [140.2447, 35.2038], [140.2457, 35.2036], [140.2456, 35.2028], [140.2442, 35.201], [140.2446, 35.1994], [140.2457, 35.1983], [140.2455, 35.1978], [140.2459, 35.197], [140.2449, 35.1965], [140.2458, 35.1923], [140.2452, 35.1908], [140.2439, 35.1918], [140.2428, 35.1904], [140.243, 35.1899], [140.2423, 35.189], [140.2428, 35.1876], [140.2421, 35.1864], [140.2415, 35.1863], [140.2403, 35.1836], [140.2389, 35.1829], [140.2389, 35.1811], [140.238, 35.18], [140.2372, 35.1796], [140.2362, 35.1806], [140.2347, 35.1796], [140.2337, 35.1804], [140.231, 35.1809], [140.2312, 35.1823], [140.2297, 35.183], [140.2297, 35.1838], [140.2272, 35.1864], [140.2256, 35.1869], [140.2255, 35.1875], [140.2236, 35.1872], [140.2233, 35.1864], [140.2219, 35.1868], [140.2209, 35.1853], [140.2209, 35.1837], [140.2201, 35.1825], [140.2193, 35.183], [140.218, 35.1826], [140.2169, 35.1833], [140.2149, 35.1819], [140.2133, 35.1799], [140.2123, 35.1794], [140.2116, 35.1796], [140.2098, 35.1817], [140.2087, 35.1824], [140.2073, 35.1826], [140.2061, 35.1839], [140.2053, 35.1841], [140.2031, 35.1834], [140.2019, 35.1838], [140.2005, 35.1833], [140.1993, 35.1789], [140.1977, 35.1771], [140.1943, 35.1762], [140.194, 35.1755], [140.193, 35.1759], [140.1926, 35.1755], [140.1902, 35.1758], [140.1884, 35.1755], [140.1889, 35.1748], [140.1882, 35.1744], [140.1882, 35.1707], [140.191, 35.1702], [140.1942, 35.1714], [140.1955, 35.1713], [140.1967, 35.1717], [140.1993, 35.1702], [140.2023, 35.17], [140.2032, 35.1683], [140.2042, 35.1676], [140.2045, 35.1664], [140.2051, 35.1662], [140.2051, 35.1643], [140.206, 35.1641], [140.2066, 35.1632], [140.2064, 35.1625], [140.2076, 35.1621], [140.2078, 35.1617], [140.2081, 35.1604], [140.2068, 35.1597], [140.2073, 35.158], [140.2063, 35.1563], [140.2074, 35.156], [140.2075, 35.1549], [140.2084, 35.154], [140.2097, 35.1546], [140.2116, 35.1541], [140.2133, 35.1505], [140.2136, 35.1491], [140.2124, 35.1491], [140.2123, 35.1481], [140.2134, 35.1458], [140.2144, 35.1448], [140.2152, 35.1446], [140.2149, 35.1435], [140.2162, 35.1411], [140.2153, 35.1393], [140.2142, 35.1389], [140.2141, 35.1384], [140.2131, 35.1379], [140.2121, 35.1365], [140.2104, 35.1354], [140.2104, 35.1351], [140.2112, 35.1346], [140.2129, 35.1355], [140.2137, 35.1353], [140.2143, 35.1328], [140.215, 35.1324], [140.2157, 35.1306], [140.2153, 35.1294], [140.214, 35.129], [140.2129, 35.1272], [140.2115, 35.1261], [140.2124, 35.1255], [140.2117, 35.1243], [140.2121, 35.1226], [140.2136, 35.1213], [140.2134, 35.1199], [140.2122, 35.1183], [140.211, 35.1173], [140.2118, 35.1162], [140.2118, 35.1145], [140.2137, 35.1144], [140.2159, 35.1151], [140.2174, 35.1152], [140.2193, 35.1161], [140.2198, 35.116], [140.2193, 35.1162], [140.2203, 35.1165], [140.222, 35.1164], [140.222, 35.116], [140.2205, 35.1162], [140.2205, 35.116], [140.222, 35.1159], [140.2221, 35.1164], [140.2242, 35.1161], [140.2254, 35.1155], [140.2257, 35.1148], [140.2261, 35.1154], [140.2276, 35.1161], [140.2313, 35.1151], [140.2325, 35.1152], [140.2344, 35.1165], [140.2364, 35.1168], [140.2377, 35.1184], [140.2345, 35.1199], [140.2341, 35.1211], [140.2352, 35.1212], [140.2344, 35.1212], [140.2341, 35.122], [140.2355, 35.1221], [140.2356, 35.1216], [140.2357, 35.1219], [140.2367, 35.122], [140.2367, 35.1215], [140.2357, 35.1214], [140.2355, 35.1211], [140.2357, 35.1214], [140.2368, 35.1215], [140.2366, 35.1227], [140.2387, 35.1234], [140.2392, 35.1246], [140.2403, 35.1254], [140.2423, 35.1255], [140.2428, 35.1251], [140.2427, 35.1245], [140.2441, 35.1252], [140.2451, 35.125], [140.2458, 35.1256], [140.246, 35.1268], [140.2466, 35.1276], [140.2494, 35.1287], [140.2501, 35.1285], [140.2509, 35.1297], [140.2505, 35.1293], [140.25, 35.1293], [140.2505, 35.1292], [140.2501, 35.1285], [140.2493, 35.1287], [140.2492, 35.1294], [140.2498, 35.1293], [140.2484, 35.1295], [140.2478, 35.1302], [140.2475, 35.13], [140.2473, 35.1303], [140.2471, 35.1309], [140.2476, 35.1309], [140.2478, 35.1304], [140.2475, 35.1334], [140.248, 35.133], [140.2475, 35.1334], [140.248, 35.134], [140.2493, 35.1349], [140.2506, 35.1352], [140.2517, 35.1349], [140.2513, 35.1341], [140.2519, 35.1352], [140.2518, 35.1339], [140.2521, 35.1352], [140.2525, 35.1341], [140.252, 35.1339], [140.2519, 35.1336], [140.2523, 35.1338], [140.2522, 35.1335], [140.2517, 35.1336], [140.252, 35.1335], [140.2516, 35.133], [140.2521, 35.1335], [140.2522, 35.1333], [140.2524, 35.1338], [140.253, 35.1336], [140.2525, 35.1339], [140.2531, 35.1339], [140.2545, 35.135], [140.2561, 35.1349], [140.2562, 35.1344], [140.2568, 35.1345], [140.2569, 35.1346], [140.2565, 35.1346], [140.2572, 35.135], [140.2569, 35.1352], [140.2576, 35.1354], [140.2574, 35.1358], [140.2569, 35.1356], [140.2569, 35.136], [140.2564, 35.1358], [140.2566, 35.1362], [140.2562, 35.1363], [140.2571, 35.1369], [140.2569, 35.1363], [140.2572, 35.1363], [140.2575, 35.1369], [140.257, 35.1373], [140.2577, 35.1378], [140.2601, 35.1382], [140.2615, 35.138], [140.263, 35.1369], [140.2635, 35.1359], [140.2633, 35.1355], [140.2628, 35.1355], [140.2626, 35.1351], [140.2621, 35.135], [140.2622, 35.134], [140.2627, 35.1338], [140.2632, 35.134], [140.2631, 35.1343], [140.2638, 35.135], [140.2642, 35.1347], [140.2638, 35.134], [140.2647, 35.1337], [140.2651, 35.1341], [140.266, 35.1339], [140.2662, 35.1354], [140.2667, 35.136], [140.2676, 35.1359], [140.2682, 35.1352], [140.2681, 35.135], [140.2676, 35.135], [140.2676, 35.1344], [140.2671, 35.1345], [140.2672, 35.1338], [140.2678, 35.1341], [140.2685, 35.1338], [140.2687, 35.1345], [140.2694, 35.1347], [140.2689, 35.1357], [140.2693, 35.1363], [140.269, 35.1368], [140.2694, 35.1367], [140.2697, 35.137], [140.2698, 35.1366], [140.2703, 35.1366], [140.2707, 35.1374], [140.2709, 35.1371], [140.2709, 35.1374], [140.2714, 35.1372], [140.2714, 35.1379], [140.2738, 35.1374], [140.2755, 35.1363], [140.2768, 35.1348], [140.2767, 35.1342], [140.2757, 35.133], [140.2754, 35.1332], [140.2748, 35.1325], [140.2754, 35.1332], [140.275, 35.1331], [140.2745, 35.132], [140.2739, 35.1322], [140.2739, 35.1315], [140.2746, 35.131], [140.2747, 35.1306], [140.2754, 35.1306], [140.2761, 35.1315], [140.2765, 35.1311], [140.2771, 35.1311], [140.2773, 35.1316], [140.2778, 35.1312], [140.2779, 35.1306], [140.2783, 35.1313], [140.2777, 35.1316], [140.2785, 35.1316], [140.2793, 35.1324], [140.2787, 35.1327], [140.2784, 35.1325], [140.2785, 35.1328], [140.2779, 35.133], [140.278, 35.1335], [140.2786, 35.1332], [140.2786, 35.1345], [140.2792, 35.1345], [140.2793, 35.1333], [140.279, 35.1332], [140.2801, 35.1334], [140.28, 35.1345], [140.2808, 35.1345], [140.2804, 35.1338], [140.2807, 35.1332], [140.2813, 35.1335], [140.2818, 35.1331], [140.2824, 35.1332], [140.282, 35.1343], [140.2826, 35.1335], [140.2831, 35.1341], [140.2828, 35.1333], [140.2835, 35.1333], [140.2836, 35.1326], [140.2835, 35.1333], [140.2839, 35.1335], [140.2843, 35.135], [140.285, 35.135], [140.2854, 35.1341], [140.2864, 35.1345], [140.2871, 35.1358], [140.287, 35.1364], [140.2866, 35.1366], [140.2871, 35.1371], [140.2867, 35.1375], [140.2871, 35.1372], [140.2878, 35.1372], [140.2877, 35.1375], [140.2881, 35.1373], [140.2881, 35.1366], [140.2884, 35.1373], [140.2902, 35.1365], [140.2909, 35.1375], [140.2914, 35.1374], [140.2924, 35.1381], [140.2931, 35.1381], [140.2931, 35.1383], [140.2924, 35.1384], [140.2911, 35.1382], [140.2907, 35.1391], [140.2911, 35.1393], [140.2905, 35.1394], [140.2911, 35.1401], [140.2896, 35.1398], [140.2896, 35.1401], [140.2902, 35.1404], [140.2901, 35.1408], [140.2916, 35.1407], [140.2915, 35.1412], [140.2912, 35.1413], [140.2919, 35.1419], [140.2911, 35.1415], [140.2911, 35.1418], [140.2906, 35.1417], [140.2904, 35.1422], [140.2909, 35.1425], [140.2913, 35.142], [140.2909, 35.1424], [140.2912, 35.1427], [140.2909, 35.1425], [140.29, 35.1429], [140.2906, 35.1444], [140.2913, 35.1442], [140.2913, 35.143], [140.2914, 35.1442], [140.2901, 35.1446], [140.2899, 35.1451], [140.2907, 35.1452], [140.2921, 35.1459], [140.2928, 35.1457], [140.2926, 35.1459], [140.2935, 35.1467], [140.2936, 35.1458], [140.2937, 35.146], [140.2938, 35.1457], [140.2942, 35.1459], [140.2942, 35.1456], [140.2946, 35.1459], [140.2951, 35.1455], [140.2953, 35.1463], [140.295, 35.1465], [140.2958, 35.1472], [140.2955, 35.147], [140.2955, 35.1475], [140.2959, 35.1479], [140.2964, 35.1478], [140.296, 35.148], [140.2964, 35.1481], [140.2959, 35.1483], [140.2959, 35.1489], [140.2966, 35.1487], [140.2972, 35.1491], [140.2966, 35.1488], [140.2959, 35.1489], [140.2966, 35.1499], [140.2974, 35.1492], [140.2968, 35.1499], [140.297, 35.1503], [140.2985, 35.1511], [140.2995, 35.1511], [140.2999, 35.1508], [140.3, 35.1511], [140.3018, 35.1512], [140.3028, 35.1502], [140.3045, 35.1512], [140.3081, 35.1499], [140.3089, 35.1492], [140.3111, 35.1488], [140.3097, 35.1486], [140.3104, 35.1443], [140.3101, 35.1475], [140.3105, 35.1475], [140.3101, 35.1475], [140.3099, 35.1482], [140.3112, 35.1484], [140.3125, 35.1471], [140.3127, 35.144], [140.3134, 35.1436], [140.3126, 35.1428], [140.3118, 35.1437], [140.3096, 35.1435], [140.3117, 35.1435], [140.3126, 35.1426], [140.3124, 35.1423], [140.3127, 35.1419], [140.3114, 35.1401], [140.3127, 35.1396], [140.3125, 35.1386], [140.3117, 35.1383], [140.3111, 35.1388], [140.3115, 35.1383], [140.3111, 35.138], [140.3104, 35.1383], [140.311, 35.1393], [140.3103, 35.1383], [140.3111, 35.1379], [140.3112, 35.1376], [140.3107, 35.137], [140.311, 35.1364], [140.3103, 35.1359], [140.3105, 35.1351], [140.31, 35.135], [140.3102, 35.1347], [140.311, 35.1348], [140.3111, 35.1345], [140.3118, 35.1346], [140.3115, 35.1348], [140.3117, 35.1353], [140.3122, 35.1354], [140.3124, 35.135], [140.3125, 35.1353], [140.312, 35.1356], [140.312, 35.1359], [140.3128, 35.1368], [140.3139, 35.1371], [140.3138, 35.1377], [140.3153, 35.1387], [140.3163, 35.1386]], [[140.2565, 35.2211], [140.257, 35.2213], [140.2577, 35.2207], [140.2565, 35.2211]], [[140.2625, 35.221], [140.2622, 35.2205], [140.2614, 35.2208], [140.2625, 35.221]]]}, "properties": {"name": "千葉県勝浦市"}}, {"type": "Feature", "geometry": {"type": "Polygon", "coordinates": [[[140.0227, 35.4674], [140.0247, 35.4643], [140.0266, 35.4626], [140.0289, 35.4592], [140.0298, 35.4575], [140.0302, 35.4546], [140.0343, 35.4518], [140.035, 35.4503], [140.0374, 35.4486], [140.0393, 35.4461], [140.0414, 35.4413], [140.0411, 35.4395], [140.0429, 35.4373], [140.0427, 35.4359], [140.0409, 35.4353], [140.0399, 35.434], [140.0398, 35.4332], [140.0408, 35.4293], [140.0405, 35.4288], [140.0387, 35.427], [140.0349, 35.4254], [140.0337, 35.4251], [140.0328, 35.4243], [140.0328, 35.4237], [140.0442, 35.4238], [140.0498, 35.4254], [140.0514, 35.4261], [140.0533, 35.4258], [140.0541, 35.4263], [140.0552, 35.4264], [140.0598, 35.4259], [140.0617, 35.4263], [140.0619, 35.4255], [140.0626, 35.4256], [140.0625, 35.426], [140.0633, 35.4262], [140.0631, 35.4268], [140.0765, 35.4301], [140.0803, 35.4322], [140.0819, 35.4304], [140.0822, 35.4284], [140.0832, 35.4282], [140.0841, 35.4292], [140.0842, 35.4288], [140.0862, 35.4283], [140.0877, 35.4274], [140.0877, 35.4255], [140.0865, 35.4245], [140.0887, 35.4225], [140.089, 35.4212], [140.0901, 35.4207], [140.0892, 35.4198], [140.0906, 35.4175], [140.0903, 35.4168], [140.0888, 35.417], [140.0886, 35.4162], [140.0893, 35.414], [140.0893, 35.4122], [140.0899, 35.412], [140.0904, 35.4113], [140.0911, 35.4087], [140.0915, 35.4086], [140.0924, 35.407], [140.0924, 35.4064], [140.0914, 35.4051], [140.092, 35.4039], [140.0914, 35.4029], [140.0916, 35.4026], [140.0887, 35.4011], [140.0899, 35.3994], [140.0877, 35.3978], [140.0907, 35.3962], [140.0924, 35.3958], [140.092, 35.3926], [140.0923, 35.3914], [140.0933, 35.3907], [140.0936, 35.3899], [140.0921, 35.3882], [140.0924, 35.388], [140.0931, 35.3886], [140.0937, 35.3884], [140.0925, 35.3867], [140.0922, 35.3846], [140.0909, 35.3831], [140.0927, 35.3792], [140.0946, 35.3776], [140.0966, 35.3768], [140.0997, 35.3748], [140.1027, 35.3756], [140.1029, 35.3759], [140.1021, 35.3771], [140.1023, 35.3785], [140.104, 35.3779], [140.106, 35.3778], [140.1062, 35.3789], [140.1032, 35.3812], [140.1032, 35.382], [140.104, 35.3825], [140.103, 35.3843], [140.1031, 35.3846], [140.1053, 35.3848], [140.1057, 35.3845], [140.1061, 35.3831], [140.1074, 35.3813], [140.1104, 35.3793], [140.1113, 35.3761], [140.1135, 35.374], [140.1142, 35.3711], [140.1156, 35.3704], [140.1156, 35.3686], [140.1161, 35.368], [140.1164, 35.3667], [140.1169, 35.3662], [140.1179, 35.3661], [140.1183, 35.3654], [140.12, 35.3645], [140.1194, 35.3635], [140.1196, 35.3628], [140.1185, 35.3612], [140.1192, 35.3604], [140.1231, 35.3587], [140.1232, 35.358], [140.1223, 35.3553], [140.1241, 35.3514], [140.1261, 35.3493], [140.1275, 35.3487], [140.1291, 35.3474], [140.1294, 35.3457], [140.1283, 35.3445], [140.1282, 35.3432], [140.126, 35.3421], [140.1257, 35.3407], [140.1245, 35.3389], [140.1234, 35.3389], [140.1232, 35.3381], [140.1217, 35.3374], [140.1217, 35.3355], [140.1205, 35.3345], [140.1213, 35.3332], [140.1205, 35.3328], [140.1199, 35.3318], [140.1176, 35.3296], [140.1166, 35.3301], [140.1159, 35.329], [140.1133, 35.3293], [140.1129, 35.329], [140.112, 35.3275], [140.1114, 35.3271], [140.1114, 35.3263], [140.1109, 35.3248], [140.1096, 35.3251], [140.1085, 35.3248], [140.1083, 35.3244], [140.1087, 35.3236], [140.1087, 35.3216], [140.1081, 35.3214], [140.1081, 35.3211], [140.1088, 35.3209], [140.1088, 35.3198], [140.1088, 35.3189], [140.1083, 35.3188], [140.1076, 35.3197], [140.106, 35.3202], [140.1048, 35.3199], [140.1025, 35.3206], [140.1012, 35.3214], [140.1017, 35.3175], [140.1028, 35.3172], [140.1036, 35.3161], [140.1048, 35.3158], [140.1048, 35.3144], [140.1078, 35.3126], [140.1086, 35.3129], [140.1097, 35.3141], [140.1118, 35.3141], [140.1131, 35.3136], [140.1142, 35.3139], [140.1148, 35.3146], [140.1163, 35.3149], [140.1217, 35.3138], [140.1224, 35.3119], [140.122, 35.3072], [140.1205, 35.3059], [140.1191, 35.3058], [140.1184, 35.3054], [140.1174, 35.3055], [140.1169, 35.3044], [140.1169, 35.3033], [140.1165, 35.3029], [140.1169, 35.3018], [140.1165, 35.3003], [140.1167, 35.2994], [140.1165, 35.2986], [140.1154, 35.2977], [140.116, 35.296], [140.115, 35.2943], [140.1153, 35.2919], [140.1157, 35.2913], [140.115, 35.2908], [140.1144, 35.2892], [140.1147, 35.2885], [140.1153, 35.2884], [140.1152, 35.2879], [140.1156, 35.2879], [140.1172, 35.2868], [140.1172, 35.2854], [140.1187, 35.2844], [140.1201, 35.2826], [140.1188, 35.2798], [140.1185, 35.277], [140.118, 35.2765], [140.118, 35.2759], [140.1185, 35.2752], [140.1183, 35.2735], [140.1175, 35.2734], [140.1171, 35.2728], [140.118, 35.2715], [140.1185, 35.2698], [140.1193, 35.269], [140.1193, 35.2673], [140.1199, 35.2663], [140.1184, 35.2637], [140.1184, 35.2625], [140.1187, 35.2616], [140.1196, 35.2607], [140.1203, 35.2583], [140.1201, 35.2575], [140.1205, 35.2561], [140.1199, 35.2554], [140.1216, 35.2546], [140.1226, 35.2535], [140.1225, 35.2519], [140.1229, 35.2514], [140.1225, 35.2507], [140.1228, 35.2495], [140.1223, 35.2492], [140.122, 35.2477], [140.1241, 35.2467], [140.1242, 35.2455], [140.1248, 35.2445], [140.1243, 35.2443], [140.1251, 35.2435], [140.1259, 35.244], [140.1264, 35.2438], [140.1274, 35.2442], [140.1292, 35.2431], [140.1298, 35.2433], [140.1307, 35.2424], [140.1309, 35.2409], [140.1323, 35.2401], [140.1323, 35.2393], [140.1314, 35.2385], [140.1316, 35.2379], [140.1331, 35.2368], [140.1346, 35.2365], [140.1349, 35.2365], [140.135, 35.2373], [140.1365, 35.2371], [140.1371, 35.236], [140.1372, 35.2343], [140.1387, 35.2335], [140.1389, 35.2326], [140.1398, 35.2312], [140.141, 35.231], [140.1412, 35.2313], [140.1415, 35.232], [140.1422, 35.2323], [140.143, 35.2338], [140.1436, 35.2341], [140.1452, 35.233], [140.1467, 35.2332], [140.1457, 35.2344], [140.1459, 35.2354], [140.1456, 35.236], [140.1461, 35.237], [140.1458, 35.2374], [140.147, 35.2382], [140.1474, 35.2393], [140.1492, 35.2404], [140.1494, 35.2422], [140.1508, 35.2443], [140.1505, 35.2453], [140.1522, 35.2467], [140.1511, 35.2483], [140.1515, 35.2496], [140.1522, 35.2501], [140.1532, 35.2499], [140.1539, 35.2503], [140.1549, 35.2489], [140.1561, 35.2484], [140.1561, 35.2497], [140.154, 35.2521], [140.1541, 35.2527], [140.1556, 35.252], [140.1574, 35.2505], [140.1581, 35.2505], [140.1591, 35.2513], [140.158, 35.2523], [140.1571, 35.2522], [140.1571, 35.2526], [140.1573, 35.253], [140.1587, 35.2539], [140.159, 35.2543], [140.1597, 35.2542], [140.1613, 35.2547], [140.1614, 35.2556], [140.1617, 35.2557], [140.1632, 35.2544], [140.1642, 35.254], [140.1646, 35.2553], [140.165, 35.2552], [140.165, 35.2546], [140.1662, 35.2546], [140.1662, 35.256], [140.1665, 35.2555], [140.1686, 35.2554], [140.1691, 35.2549], [140.1703, 35.2555], [140.1712, 35.2554], [140.1716, 35.2542], [140.1727, 35.2532], [140.1729, 35.2522], [140.1738, 35.2523], [140.1744, 35.2513], [140.1757, 35.2527], [140.1747, 35.254], [140.1748, 35.2552], [140.1738, 35.2563], [140.1747, 35.2576], [140.1744, 35.2585], [140.1748, 35.2588], [140.1747, 35.2592], [140.1758, 35.2597], [140.1756, 35.261], [140.1763, 35.2616], [140.1762, 35.2622], [140.1768, 35.2632], [140.1764, 35.2643], [140.1751, 35.2645], [140.1752, 35.266], [140.1758, 35.2669], [140.1759, 35.2679], [140.1763, 35.2682], [140.1762, 35.2687], [140.1774, 35.2691], [140.1776, 35.2695], [140.1778, 35.2743], [140.1782, 35.2748], [140.1787, 35.2749], [140.1797, 35.276], [140.1807, 35.2761], [140.1819, 35.2757], [140.1824, 35.275], [140.1833, 35.2746], [140.1842, 35.2749], [140.1847, 35.2767], [140.1845, 35.2773], [140.185, 35.2778], [140.1859, 35.2778], [140.187, 35.2773], [140.1876, 35.278], [140.1881, 35.278], [140.1885, 35.2778], [140.1892, 35.2766], [140.1911, 35.278], [140.1912, 35.2797], [140.192, 35.2802], [140.1932, 35.2805], [140.1934, 35.2815], [140.1942, 35.2827], [140.1961, 35.2833], [140.1968, 35.2848], [140.199, 35.2858], [140.1998, 35.2857], [140.2007, 35.2872], [140.2012, 35.287], [140.2019, 35.2872], [140.2021, 35.2866], [140.2025, 35.2869], [140.2035, 35.2899], [140.2035, 35.2915], [140.2044, 35.294], [140.2035, 35.2948], [140.2008, 35.2952], [140.1998, 35.2965], [140.1998, 35.2977], [140.199, 35.299], [140.2003, 35.2988], [140.2006, 35.3], [140.2001, 35.3], [140.1999, 35.3005], [140.2008, 35.3006], [140.2013, 35.3013], [140.1992, 35.3026], [140.1997, 35.3029], [140.1997, 35.3033], [140.198, 35.3037], [140.1981, 35.3039], [140.1988, 35.304], [140.199, 35.3048], [140.1985, 35.3054], [140.199, 35.3056], [140.199, 35.307], [140.2003, 35.307], [140.2015, 35.3061], [140.203, 35.3057], [140.2043, 35.3061], [140.2048, 35.3054], [140.2065, 35.3058], [140.2087, 35.3037], [140.2127, 35.3015], [140.2138, 35.3021], [140.2145, 35.3036], [140.2155, 35.3037], [140.2158, 35.3028], [140.2166, 35.3022], [140.2173, 35.3007], [140.219, 35.3012], [140.2194, 35.3029], [140.222, 35.3048], [140.2232, 35.3052], [140.2235, 35.306], [140.2257, 35.3067], [140.2265, 35.3055], [140.2273, 35.3054], [140.2284, 35.3041], [140.2314, 35.3034], [140.2308, 35.3057], [140.231, 35.3066], [140.229, 35.3094], [140.2273, 35.3105], [140.2266, 35.3117], [140.2275, 35.3135], [140.2268, 35.3146], [140.2261, 35.3148], [140.2255, 35.3166], [140.225, 35.3174], [140.2245, 35.3175], [140.2251, 35.3184], [140.2238, 35.32], [140.2239, 35.3221], [140.2223, 35.3231], [140.222, 35.324], [140.2203, 35.3247], [140.2203, 35.3263], [140.2209, 35.3272], [140.2206, 35.3279], [140.2192, 35.328], [140.2178, 35.329], [140.217, 35.329], [140.2167, 35.3299], [140.2127, 35.3333], [140.2133, 35.3346], [140.213, 35.3352], [140.2133, 35.3358], [140.2127, 35.337], [140.2134, 35.339], [140.2133, 35.3396], [140.2139, 35.3402], [140.2127, 35.3413], [140.2126, 35.3444], [140.209, 35.3464], [140.2093, 35.3473], [140.2089, 35.3478], [140.2087, 35.3505], [140.2084, 35.351], [140.2087, 35.3522], [140.2077, 35.3542], [140.2084, 35.3576], [140.2073, 35.3581], [140.2057, 35.3598], [140.2063, 35.3611], [140.2063, 35.3621], [140.2067, 35.3622], [140.2075, 35.3619], [140.2089, 35.3632], [140.2068, 35.3643], [140.2064, 35.3648], [140.2054, 35.3649], [140.2043, 35.3659], [140.2018, 35.3658], [140.2002, 35.3666], [140.1988, 35.3679], [140.198, 35.3698], [140.1985, 35.3717], [140.1994, 35.3726], [140.1985, 35.3748], [140.1992, 35.3751], [140.1999, 35.376], [140.1999, 35.3778], [140.2015, 35.3783], [140.203, 35.3777], [140.2048, 35.3784], [140.207, 35.3786], [140.2071, 35.3796], [140.2063, 35.3815], [140.2051, 35.382], [140.2043, 35.3829], [140.2045, 35.3836], [140.2041, 35.3843], [140.2032, 35.3846], [140.203, 35.3858], [140.2019, 35.3861], [140.2018, 35.387], [140.2012, 35.3873], [140.202, 35.3887], [140.2012, 35.3907], [140.2004, 35.3909], [140.1965, 35.3912], [140.1954, 35.392], [140.1955, 35.3927], [140.1947, 35.3931], [140.1938, 35.3946], [140.1939, 35.3962], [140.1921, 35.3972], [140.1917, 35.399], [140.1907, 35.3994], [140.1905, 35.3998], [140.1899, 35.4028], [140.1885, 35.4042], [140.1892, 35.4049], [140.1895, 35.4066], [140.1904, 35.4072], [140.1895, 35.4079], [140.1893, 35.4086], [140.188, 35.409], [140.1876, 35.4099], [140.1866, 35.41], [140.1859, 35.4104], [140.1855, 35.4101], [140.1857, 35.4111], [140.1847, 35.4114], [140.1836, 35.4125], [140.1832, 35.4151], [140.181, 35.4156], [140.1811, 35.4177], [140.1805, 35.4194], [140.1823, 35.4205], [140.1823, 35.4215], [140.1812, 35.422], [140.1804, 35.4233], [140.1778, 35.4244], [140.178, 35.4252], [140.1767, 35.4271], [140.176, 35.4272], [140.1757, 35.4282], [140.1747, 35.4288], [140.175, 35.4298], [140.1746, 35.4301], [140.1749, 35.4306], [140.174, 35.4305], [140.1738, 35.4302], [140.1735, 35.4306], [140.173, 35.4305], [140.173, 35.4313], [140.1737, 35.4317], [140.1743, 35.4329], [140.1755, 35.433], [140.176, 35.4323], [140.1766, 35.4326], [140.1772, 35.4337], [140.1793, 35.4352], [140.1811, 35.4349], [140.1818, 35.4362], [140.1822, 35.4357], [140.1832, 35.436], [140.1832, 35.4369], [140.1845, 35.4374], [140.1844, 35.4384], [140.1842, 35.4388], [140.1833, 35.4387], [140.1824, 35.4396], [140.1826, 35.4409], [140.1837, 35.4413], [140.1835, 35.4417], [140.1837, 35.4423], [140.1862, 35.4424], [140.1867, 35.4427], [140.1866, 35.4438], [140.1872, 35.4441], [140.1877, 35.4455], [140.186, 35.448], [140.1841, 35.449], [140.1819, 35.4511], [140.1803, 35.4515], [140.178, 35.4529], [140.1766, 35.4548], [140.1706, 35.4566], [140.1744, 35.4604], [140.1739, 35.4647], [140.1743, 35.4692], [140.1757, 35.4686], [140.1812, 35.4696], [140.1834, 35.4684], [140.1839, 35.469], [140.1856, 35.4682], [140.186, 35.4708], [140.1864, 35.4711], [140.1874, 35.4711], [140.1867, 35.4734], [140.1904, 35.4723], [140.1926, 35.471], [140.1931, 35.4704], [140.1932, 35.4708], [140.1942, 35.471], [140.1946, 35.4696], [140.1962, 35.4707], [140.1971, 35.4699], [140.1973, 35.4712], [140.1982, 35.4721], [140.1988, 35.4722], [140.1994, 35.4711], [140.2017, 35.4711], [140.2011, 35.4734], [140.2009, 35.4781], [140.202, 35.4783], [140.2024, 35.4788], [140.2034, 35.4781], [140.2042, 35.4779], [140.2059, 35.4783], [140.2076, 35.4797], [140.2077, 35.4802], [140.2063, 35.4831], [140.2061, 35.4847], [140.212, 35.4864], [140.2177, 35.4853], [140.2189, 35.4852], [140.2192, 35.4855], [140.2205, 35.4847], [140.2237, 35.4855], [140.2244, 35.485], [140.2274, 35.4844], [140.2283, 35.4831], [140.2298, 35.482], [140.2313, 35.482], [140.2326, 35.4808], [140.2339, 35.4813], [140.2357, 35.4809], [140.2358, 35.4806], [140.237, 35.4806], [140.238, 35.4811], [140.2384, 35.4821], [140.2389, 35.4821], [140.2391, 35.4826], [140.24, 35.4828], [140.2434, 35.4811], [140.2449, 35.4809], [140.2468, 35.4817], [140.2478, 35.4826], [140.2484, 35.4822], [140.2474, 35.4859], [140.2506, 35.4869], [140.2515, 35.4875], [140.2521, 35.4885], [140.2521, 35.4903], [140.2535, 35.4904], [140.2535, 35.4907], [140.2523, 35.4908], [140.2513, 35.4918], [140.2526, 35.4922], [140.2533, 35.4928], [140.2546, 35.4929], [140.2554, 35.4939], [140.2568, 35.4942], [140.2555, 35.4944], [140.2544, 35.4961], [140.2543, 35.4965], [140.2555, 35.4964], [140.2554, 35.4967], [140.2561, 35.4969], [140.2561, 35.4972], [140.2543, 35.4969], [140.2529, 35.4981], [140.2549, 35.4986], [140.2544, 35.4993], [140.2539, 35.4995], [140.2543, 35.5006], [140.2539, 35.5008], [140.2544, 35.5008], [140.2547, 35.5018], [140.2552, 35.5018], [140.2552, 35.5024], [140.2547, 35.5027], [140.2537, 35.5017], [140.2516, 35.5023], [140.2506, 35.5018], [140.2491, 35.5018], [140.248, 35.5034], [140.2463, 35.5035], [140.2455, 35.5032], [140.2428, 35.5035], [140.2425, 35.5039], [140.243, 35.5054], [140.2384, 35.505], [140.232, 35.5035], [140.2307, 35.5054], [140.2305, 35.5069], [140.2287, 35.5079], [140.2305, 35.51], [140.2281, 35.5118], [140.228, 35.5126], [140.2285, 35.5137], [140.2273, 35.5137], [140.2261, 35.515], [140.2223, 35.5176], [140.2249, 35.5187], [140.2244, 35.5191], [140.2243, 35.5199], [140.223, 35.5207], [140.2212, 35.5206], [140.2206, 35.5211], [140.2207, 35.5213], [140.2226, 35.5216], [140.225, 35.5216], [140.2248, 35.5219], [140.2211, 35.5217], [140.2211, 35.522], [140.2231, 35.5229], [140.2217, 35.5224], [140.2215, 35.5228], [140.2209, 35.5228], [140.2221, 35.5233], [140.2222, 35.524], [140.2242, 35.525], [140.2253, 35.525], [140.2256, 35.5261], [140.2262, 35.5272], [140.2267, 35.5273], [140.2265, 35.5279], [140.2282, 35.528], [140.2279, 35.5287], [140.2291, 35.5283], [140.2285, 35.5293], [140.2294, 35.5299], [140.2297, 35.531], [140.2308, 35.5328], [140.232, 35.5335], [140.2311, 35.5364], [140.2292, 35.5392], [140.227, 35.5412], [140.2249, 35.5424], [140.2241, 35.5427], [140.2176, 35.5438], [140.2176, 35.5456], [140.2167, 35.5459], [140.2162, 35.5457], [140.215, 35.5427], [140.2155, 35.5413], [140.2147, 35.5395], [140.2133, 35.5405], [140.2122, 35.5425], [140.2111, 35.5424], [140.2106, 35.544], [140.2084, 35.5449], [140.2081, 35.5449], [140.2083, 35.5443], [140.2072, 35.5438], [140.2066, 35.5436], [140.2061, 35.5441], [140.2035, 35.5426], [140.202, 35.5412], [140.2022, 35.5402], [140.2015, 35.5397], [140.1944, 35.5435], [140.1916, 35.5413], [140.1916, 35.5404], [140.1925, 35.5393], [140.1916, 35.5366], [140.1906, 35.5363], [140.1882, 35.5362], [140.1852, 35.5346], [140.1826, 35.5344], [140.1805, 35.533], [140.1786, 35.5326], [140.1779, 35.533], [140.176, 35.533], [140.176, 35.5334], [140.1752, 35.5331], [140.1747, 35.5333], [140.1741, 35.5347], [140.1719, 35.5359], [140.1684, 35.5361], [140.1664, 35.537], [140.1656, 35.5361], [140.1641, 35.5372], [140.1621, 35.538], [140.1601, 35.5361], [140.1588, 35.5356], [140.1579, 35.5363], [140.1567, 35.5366], [140.1523, 35.5409], [140.1467, 35.5442], [140.1421, 35.5479], [140.1394, 35.5498], [140.1383, 35.5501], [140.1376, 35.5508], [140.1364, 35.5495], [140.1353, 35.549], [140.1384, 35.5463], [140.1354, 35.5427], [140.1341, 35.5425], [140.1331, 35.543], [140.1322, 35.5446], [140.133, 35.5451], [140.1327, 35.5445], [140.1329, 35.5442], [140.134, 35.5445], [140.1341, 35.5455], [140.1329, 35.5456], [140.1325, 35.5453], [140.1307, 35.5453], [140.1302, 35.5458], [140.1308, 35.5466], [140.1303, 35.5473], [140.1297, 35.5472], [140.1287, 35.5461], [140.1274, 35.5463], [140.127, 35.547], [140.1275, 35.5473], [140.1283, 35.5468], [140.1284, 35.5476], [140.1271, 35.548], [140.1266, 35.5489], [140.1256, 35.5488], [140.1239, 35.5481], [140.1228, 35.5486], [140.1233, 35.5504], [140.123, 35.5508], [140.1227, 35.5508], [140.1229, 35.5501], [140.1222, 35.5494], [140.1214, 35.5503], [140.1211, 35.551], [140.1214, 35.551], [140.1217, 35.5518], [140.1211, 35.5516], [140.1211, 35.5512], [140.1205, 35.5515], [140.1189, 35.5515], [140.1168, 35.5505], [140.1156, 35.5505], [140.1107, 35.5446], [140.1157, 35.5415], [140.1149, 35.5409], [140.109, 35.5443], [140.1128, 35.5486], [140.1123, 35.5499], [140.1071, 35.5518], [140.1073, 35.552], [140.107, 35.5518], [140.1065, 35.552], [140.1067, 35.5522], [140.1037, 35.5533], [140.1035, 35.5531], [140.101, 35.5539], [140.1, 35.5543], [140.1004, 35.5546], [140.0996, 35.5545], [140.0988, 35.5548], [140.0991, 35.555], [140.0988, 35.5551], [140.0923, 35.5545], [140.0882, 35.552], [140.0891, 35.5509], [140.0878, 35.5501], [140.0874, 35.5502], [140.0874, 35.5499], [140.0871, 35.55], [140.0872, 35.5498], [140.0867, 35.5498], [140.0866, 35.5494], [140.0863, 35.5495], [140.0865, 35.5493], [140.0857, 35.5488], [140.086, 35.5485], [140.0864, 35.5488], [140.087, 35.5482], [140.0869, 35.5471], [140.088, 35.5459], [140.0916, 35.5484], [140.0931, 35.5468], [140.0928, 35.5466], [140.0931, 35.5468], [140.0936, 35.5462], [140.0933, 35.5461], [140.0937, 35.5462], [140.0943, 35.5456], [140.0928, 35.5446], [140.0926, 35.5447], [140.0927, 35.5445], [140.0901, 35.5429], [140.0915, 35.5418], [140.0913, 35.5416], [140.0916, 35.5414], [140.0916, 35.5417], [140.0945, 35.5403], [140.096, 35.5402], [140.0982, 35.5415], [140.0993, 35.5403], [140.0993, 35.5399], [140.0996, 35.54], [140.101, 35.5385], [140.0997, 35.5376], [140.0996, 35.5379], [140.0994, 35.5378], [140.0997, 35.5376], [140.0975, 35.5367], [140.0978, 35.5365], [140.0971, 35.5361], [140.0978, 35.5325], [140.0974, 35.5322], [140.0979, 35.5298], [140.0978, 35.5281], [140.0975, 35.5289], [140.0959, 35.5297], [140.0957, 35.5308], [140.0967, 35.5312], [140.0961, 35.5355], [140.0953, 35.5357], [140.0956, 35.536], [140.0953, 35.5361], [140.0953, 35.5358], [140.094, 35.5363], [140.0945, 35.5365], [140.094, 35.5367], [140.094, 35.5363], [140.0932, 35.5367], [140.0932, 35.537], [140.0932, 35.5367], [140.0922, 35.5372], [140.0924, 35.5373], [140.0891, 35.5389], [140.0889, 35.5386], [140.0886, 35.5388], [140.0883, 35.5394], [140.0863, 35.5406], [140.0866, 35.5408], [140.0861, 35.5408], [140.0847, 35.5418], [140.0843, 35.5426], [140.0845, 35.542], [140.0839, 35.5425], [140.0837, 35.5431], [140.0837, 35.5426], [140.0831, 35.543], [140.0827, 35.5439], [140.0829, 35.5431], [140.0822, 35.5437], [140.0818, 35.5446], [140.082, 35.5438], [140.0798, 35.5456], [140.08, 35.5459], [140.0797, 35.5456], [140.0784, 35.5466], [140.0783, 35.5475], [140.0783, 35.5466], [140.0776, 35.5472], [140.0776, 35.5485], [140.0776, 35.5472], [140.076, 35.5484], [140.076, 35.5487], [140.0739, 35.55], [140.0723, 35.5502], [140.0684, 35.5469], [140.0701, 35.542], [140.0745, 35.5372], [140.0725, 35.536], [140.0691, 35.5388], [140.0699, 35.538], [140.069, 35.5373], [140.0656, 35.5392], [140.0672, 35.5404], [140.0645, 35.5428], [140.0626, 35.5428], [140.0625, 35.5439], [140.0626, 35.5428], [140.0617, 35.5428], [140.0618, 35.5437], [140.0617, 35.5434], [140.0613, 35.5437], [140.0616, 35.5442], [140.0602, 35.5425], [140.0592, 35.5431], [140.0592, 35.5436], [140.0604, 35.5446], [140.0602, 35.5447], [140.0582, 35.5427], [140.0583, 35.5426], [140.0589, 35.5432], [140.0592, 35.543], [140.0592, 35.5414], [140.0572, 35.5389], [140.0564, 35.5394], [140.0566, 35.5398], [140.056, 35.5391], [140.0564, 35.5393], [140.0572, 35.5389], [140.0559, 35.5374], [140.0552, 35.5378], [140.0559, 35.5374], [140.0544, 35.5357], [140.0542, 35.5358], [140.0544, 35.5357], [140.0539, 35.535], [140.0561, 35.5338], [140.0544, 35.5335], [140.0547, 35.5333], [140.0563, 35.5337], [140.0577, 35.5329], [140.0559, 35.5327], [140.0563, 35.5324], [140.0578, 35.5328], [140.0586, 35.5322], [140.0575, 35.5317], [140.0586, 35.5321], [140.0586, 35.5318], [140.058, 35.5315], [140.0587, 35.5318], [140.0588, 35.5312], [140.0592, 35.5309], [140.0589, 35.5309], [140.0606, 35.53], [140.0577, 35.5266], [140.0572, 35.5269], [140.0576, 35.5272], [140.0564, 35.5282], [140.056, 35.5283], [140.0573, 35.5272], [140.0571, 35.5269], [140.0523, 35.5297], [140.0526, 35.53], [140.0522, 35.5303], [140.0521, 35.5298], [140.05, 35.531], [140.0377, 35.5164], [140.0369, 35.5164], [140.0377, 35.5163], [140.0373, 35.5159], [140.0368, 35.5159], [140.0373, 35.5158], [140.0377, 35.5162], [140.0388, 35.5156], [140.0381, 35.5149], [140.0383, 35.5147], [140.0389, 35.5156], [140.0401, 35.5149], [140.0397, 35.5144], [140.0401, 35.5149], [140.0409, 35.5145], [140.0404, 35.5138], [140.0409, 35.5144], [140.0424, 35.5136], [140.0422, 35.5134], [140.0418, 35.5136], [140.0403, 35.5129], [140.0419, 35.5135], [140.0458, 35.5113], [140.0446, 35.5099], [140.0437, 35.5104], [140.0446, 35.5099], [140.0442, 35.5095], [140.0445, 35.5093], [140.0443, 35.5091], [140.0438, 35.5093], [140.0435, 35.5086], [140.0432, 35.509], [140.043, 35.5087], [140.0434, 35.5084], [140.0423, 35.5074], [140.0392, 35.5091], [140.04, 35.51], [140.0402, 35.5099], [140.0399, 35.5096], [140.0402, 35.5098], [140.0404, 35.5102], [140.0402, 35.5099], [140.0402, 35.5103], [140.0392, 35.5091], [140.0387, 35.5093], [140.0381, 35.5096], [140.0382, 35.511], [140.038, 35.5096], [140.0339, 35.5119], [140.0329, 35.5136], [140.0339, 35.5119], [140.0301, 35.5075], [140.0294, 35.5079], [140.0295, 35.5076], [140.0301, 35.5075], [140.0252, 35.5016], [140.0308, 35.4984], [140.0306, 35.4982], [140.0308, 35.4983], [140.0363, 35.4951], [140.0361, 35.4952], [140.0357, 35.4947], [140.0348, 35.4951], [140.0356, 35.4946], [140.0352, 35.4941], [140.0344, 35.4945], [140.0351, 35.4941], [140.0348, 35.4936], [140.0339, 35.4941], [140.0347, 35.4935], [140.0343, 35.4931], [140.0338, 35.4934], [140.0343, 35.493], [140.033, 35.4917], [140.028, 35.4946], [140.0299, 35.4969], [140.0296, 35.497], [140.0288, 35.496], [140.0284, 35.4964], [140.0286, 35.4967], [140.0282, 35.4962], [140.0287, 35.4959], [140.0277, 35.4949], [140.0266, 35.4954], [140.0259, 35.4947], [140.0235, 35.496], [140.0239, 35.4964], [140.0247, 35.4961], [140.0233, 35.4969], [140.0238, 35.4965], [140.0234, 35.496], [140.0219, 35.4968], [140.0199, 35.4945], [140.0192, 35.4948], [140.0197, 35.4956], [140.0186, 35.4943], [140.019, 35.4948], [140.0199, 35.4944], [140.0166, 35.4908], [140.0159, 35.4897], [140.0166, 35.4892], [140.0164, 35.4888], [140.0154, 35.4892], [140.0124, 35.4856], [140.0106, 35.4861], [140.0123, 35.4855], [140.011, 35.4856], [140.0122, 35.4854], [140.0121, 35.4852], [140.0132, 35.4846], [140.0124, 35.4837], [140.0115, 35.4841], [140.0128, 35.4833], [140.0125, 35.4831], [140.0121, 35.4832], [140.013, 35.4826], [140.0126, 35.483], [140.0129, 35.4833], [140.0137, 35.4828], [140.0136, 35.4827], [140.0145, 35.4824], [140.0143, 35.4822], [140.0145, 35.4824], [140.0177, 35.4805], [140.0172, 35.4798], [140.0166, 35.48], [140.0172, 35.4798], [140.0164, 35.4789], [140.0157, 35.4797], [140.017, 35.4775], [140.0181, 35.4769], [140.0199, 35.4744], [140.0183, 35.4726], [140.0206, 35.4698], [140.0215, 35.4693], [140.0227, 35.4674]]]}, "properties": {"name": "千葉県市原市"}}, {"type": "Feature", "geometry": {"type": "Polygon", "coordinates": [[[139.9414, 35.835], [139.9443, 35.835], [139.9439, 35.8354], [139.9438, 35.8365], [139.9449, 35.8372], [139.9461, 35.8363], [139.9469, 35.8363], [139.948, 35.8368], [139.9489, 35.8364], [139.9486, 35.8358], [139.9506, 35.8352], [139.9504, 35.8343], [139.9517, 35.8343], [139.9514, 35.8351], [139.9515, 35.8358], [139.9521, 35.8359], [139.9534, 35.8374], [139.954, 35.8372], [139.9519, 35.8353], [139.9522, 35.8345], [139.9528, 35.834], [139.9564, 35.8342], [139.9578, 35.8351], [139.9559, 35.837], [139.9548, 35.8372], [139.9542, 35.8389], [139.9519, 35.8416], [139.9517, 35.8428], [139.9525, 35.8479], [139.9522, 35.8515], [139.9507, 35.8514], [139.947, 35.8548], [139.9478, 35.855], [139.9476, 35.8555], [139.9465, 35.856], [139.9462, 35.8549], [139.9446, 35.8538], [139.9444, 35.8529], [139.9437, 35.8521], [139.943, 35.8524], [139.941, 35.8517], [139.9409, 35.8529], [139.9403, 35.8532], [139.94, 35.8526], [139.9392, 35.8527], [139.9382, 35.852], [139.9374, 35.8509], [139.9353, 35.8505], [139.9351, 35.851], [139.9346, 35.8507], [139.9343, 35.851], [139.9342, 35.8536], [139.9371, 35.8554], [139.9378, 35.8552], [139.938, 35.8544], [139.9386, 35.8547], [139.9389, 35.8558], [139.9381, 35.8561], [139.938, 35.8566], [139.939, 35.8568], [139.9406, 35.8566], [139.9425, 35.8581], [139.9441, 35.8572], [139.9466, 35.8579], [139.9489, 35.8582], [139.9482, 35.8586], [139.9482, 35.8595], [139.9451, 35.863], [139.9435, 35.863], [139.9432, 35.8635], [139.9429, 35.8635], [139.9426, 35.8646], [139.9416, 35.8645], [139.9367, 35.8654], [139.9349, 35.8654], [139.9303, 35.8648], [139.9298, 35.8643], [139.93, 35.864], [139.9292, 35.8639], [139.9288, 35.8622], [139.9295, 35.8613], [139.9289, 35.8608], [139.9278, 35.8613], [139.9278, 35.8622], [139.9272, 35.8619], [139.9263, 35.8623], [139.9262, 35.8628], [139.927, 35.8638], [139.9265, 35.8637], [139.9259, 35.8632], [139.9251, 35.864], [139.9266, 35.8643], [139.9277, 35.8678], [139.9312, 35.8688], [139.9331, 35.8702], [139.9335, 35.868], [139.9358, 35.8679], [139.9361, 35.8684], [139.937, 35.8683], [139.9389, 35.8696], [139.9394, 35.8697], [139.9409, 35.8685], [139.9408, 35.8676], [139.9416, 35.869], [139.9417, 35.8707], [139.9425, 35.8712], [139.9442, 35.8715], [139.9442, 35.8721], [139.9454, 35.8734], [139.9459, 35.8737], [139.947, 35.8736], [139.9494, 35.8731], [139.9501, 35.8726], [139.9504, 35.8727], [139.9504, 35.8733], [139.9458, 35.8742], [139.9444, 35.8736], [139.9444, 35.8727], [139.9435, 35.872], [139.9421, 35.8717], [139.9412, 35.8719], [139.9414, 35.8725], [139.9417, 35.8726], [139.9413, 35.8746], [139.9401, 35.8759], [139.9412, 35.8848], [139.9361, 35.8857], [139.9337, 35.8854], [139.9318, 35.8867], [139.9319, 35.8874], [139.9326, 35.8875], [139.9336, 35.8876], [139.9336, 35.8872], [139.9347, 35.8873], [139.9352, 35.8877], [139.9352, 35.8872], [139.9359, 35.8873], [139.9361, 35.8882], [139.9347, 35.8884], [139.935, 35.8898], [139.9336, 35.8901], [139.9346, 35.893], [139.932, 35.8982], [139.9298, 35.8987], [139.9298, 35.9009], [139.9227, 35.9007], [139.9193, 35.8996], [139.919, 35.8992], [139.9222, 35.8978], [139.9212, 35.8964], [139.9256, 35.8921], [139.9261, 35.8923], [139.9274, 35.8908], [139.9291, 35.8901], [139.9288, 35.889], [139.9292, 35.8874], [139.9293, 35.887], [139.9302, 35.8867], [139.9294, 35.8859], [139.9282, 35.8858], [139.9284, 35.8854], [139.929, 35.8854], [139.9287, 35.8837], [139.9276, 35.8835], [139.9269, 35.8837], [139.9266, 35.8834], [139.9261, 35.8836], [139.9236, 35.8855], [139.9227, 35.887], [139.9217, 35.8865], [139.9215, 35.8867], [139.9212, 35.887], [139.9221, 35.8882], [139.922, 35.8885], [139.9212, 35.8884], [139.9211, 35.889], [139.9209, 35.8904], [139.9215, 35.8917], [139.9213, 35.8918], [139.9203, 35.8907], [139.9189, 35.8911], [139.9187, 35.8931], [139.9183, 35.8934], [139.9163, 35.8943], [139.9152, 35.8936], [139.9146, 35.8941], [139.914, 35.8971], [139.9132, 35.8984], [139.9137, 35.8985], [139.914, 35.8992], [139.9192, 35.8997], [139.9186, 35.9006], [139.9187, 35.9022], [139.9192, 35.9025], [139.9193, 35.9035], [139.9204, 35.9051], [139.9207, 35.9067], [139.9199, 35.9079], [139.9197, 35.9104], [139.9205, 35.9118], [139.9209, 35.9142], [139.9205, 35.914], [139.9217, 35.9157], [139.92, 35.9169], [139.9192, 35.9177], [139.9187, 35.9177], [139.9187, 35.9182], [139.9172, 35.9193], [139.9165, 35.9192], [139.9159, 35.9196], [139.9138, 35.9195], [139.9128, 35.9199], [139.9133, 35.9193], [139.9142, 35.9192], [139.9136, 35.9186], [139.9121, 35.9185], [139.9115, 35.9181], [139.9123, 35.9155], [139.9099, 35.9158], [139.909, 35.9163], [139.9069, 35.9165], [139.9068, 35.9171], [139.9042, 35.9174], [139.9027, 35.9185], [139.9018, 35.9181], [139.9011, 35.9172], [139.9011, 35.9151], [139.8998, 35.9148], [139.8933, 35.9151], [139.8929, 35.9154], [139.8906, 35.9156], [139.8787, 35.9133], [139.8759, 35.9133], [139.8745, 35.913], [139.8762, 35.9114], [139.8783, 35.9085], [139.8807, 35.9043], [139.8841, 35.9008], [139.8897, 35.893], [139.8927, 35.8859], [139.8944, 35.8772], [139.897, 35.873], [139.9, 35.865], [139.8999, 35.8628], [139.8977, 35.859], [139.8958, 35.8528], [139.8925, 35.8489], [139.8898, 35.8436], [139.8894, 35.8409], [139.8898, 35.8365], [139.8886, 35.8334], [139.8884, 35.8305], [139.8943, 35.8302], [139.8943, 35.8292], [139.8949, 35.8292], [139.8948, 35.8282], [139.8961, 35.8281], [139.8961, 35.8276], [139.9005, 35.8275], [139.9007, 35.8285], [139.9001, 35.8285], [139.9, 35.829], [139.8986, 35.8294], [139.8987, 35.8301], [139.8975, 35.8301], [139.8975, 35.8311], [139.8983, 35.8308], [139.8983, 35.8311], [139.8989, 35.8311], [139.8988, 35.8305], [139.8993, 35.8305], [139.8994, 35.831], [139.9015, 35.8306], [139.902, 35.8327], [139.9033, 35.8325], [139.9036, 35.8335], [139.9061, 35.8331], [139.9063, 35.834], [139.9058, 35.8341], [139.9064, 35.8367], [139.9124, 35.8364], [139.9128, 35.8369], [139.9144, 35.8374], [139.9179, 35.8406], [139.9179, 35.8415], [139.9185, 35.8428], [139.9176, 35.8452], [139.9194, 35.8471], [139.923, 35.8492], [139.9282, 35.8498], [139.9292, 35.8493], [139.9311, 35.8454], [139.9342, 35.8414], [139.9359, 35.8398], [139.9373, 35.835], [139.938, 35.8351], [139.9383, 35.834], [139.9391, 35.8341], [139.9392, 35.8346], [139.9414, 35.835]]]}, "properties": {"name": "千葉県流山市"}}, {"type": "Feature", "geometry": {"type": "Polygon", "coordinates": [[[140.1367, 35.6975], [140.1375, 35.6983], [140.1398, 35.6995], [140.1393, 35.6995], [140.139, 35.6992], [140.1376, 35.6988], [140.1371, 35.6989], [140.1369, 35.6998], [140.1377, 35.6994], [140.1381, 35.6996], [140.1396, 35.7026], [140.1383, 35.7028], [140.1375, 35.7033], [140.1356, 35.7063], [140.1355, 35.7069], [140.1313, 35.7113], [140.1319, 35.712], [140.1316, 35.7122], [140.1323, 35.7144], [140.1329, 35.7148], [140.1323, 35.7155], [140.1326, 35.7157], [140.1324, 35.716], [140.1271, 35.7155], [140.1261, 35.7163], [140.1277, 35.7174], [140.1306, 35.7185], [140.1319, 35.7185], [140.1319, 35.7193], [140.1326, 35.7195], [140.1332, 35.7192], [140.1344, 35.7202], [140.1361, 35.7203], [140.1378, 35.7216], [140.14, 35.722], [140.1415, 35.7242], [140.1416, 35.7252], [140.1423, 35.7253], [140.1413, 35.7284], [140.1402, 35.7298], [140.1402, 35.7329], [140.1386, 35.7364], [140.1389, 35.7375], [140.1387, 35.7377], [140.1392, 35.7382], [140.1392, 35.7398], [140.1396, 35.7405], [140.1402, 35.7406], [140.1397, 35.7408], [140.14, 35.7413], [140.1395, 35.7431], [140.1398, 35.7435], [140.141, 35.7438], [140.14, 35.744], [140.1401, 35.7442], [140.1404, 35.7448], [140.1416, 35.7456], [140.1423, 35.7469], [140.1439, 35.7478], [140.1451, 35.748], [140.1465, 35.749], [140.1474, 35.7486], [140.1481, 35.7491], [140.148, 35.7502], [140.1479, 35.7505], [140.1459, 35.7504], [140.1444, 35.7512], [140.1437, 35.7512], [140.1428, 35.7522], [140.1397, 35.751], [140.1382, 35.7516], [140.1378, 35.7505], [140.1365, 35.7519], [140.1372, 35.7522], [140.1386, 35.7541], [140.1413, 35.7542], [140.1428, 35.7549], [140.1459, 35.7546], [140.1457, 35.7549], [140.1484, 35.757], [140.1492, 35.7572], [140.1523, 35.7596], [140.1482, 35.7638], [140.145, 35.7637], [140.1465, 35.7651], [140.1399, 35.7661], [140.1386, 35.7667], [140.1329, 35.773], [140.1318, 35.7737], [140.1287, 35.7745], [140.129, 35.7753], [140.1287, 35.7754], [140.1286, 35.775], [140.1193, 35.7776], [140.1193, 35.7786], [140.1184, 35.7788], [140.1178, 35.7785], [140.116, 35.7789], [140.1162, 35.7797], [140.1115, 35.781], [140.109, 35.7804], [140.1074, 35.7808], [140.1057, 35.7799], [140.1036, 35.7798], [140.0968, 35.7829], [140.0946, 35.7836], [140.0898, 35.7839], [140.0881, 35.7833], [140.0864, 35.7811], [140.0866, 35.7809], [140.0857, 35.7792], [140.086, 35.7774], [140.088, 35.7753], [140.0874, 35.7743], [140.0874, 35.7724], [140.0863, 35.7724], [140.0849, 35.7715], [140.0841, 35.7718], [140.0839, 35.7706], [140.0839, 35.7703], [140.0843, 35.7705], [140.0857, 35.7699], [140.0856, 35.7692], [140.0843, 35.7693], [140.0853, 35.7674], [140.0859, 35.7675], [140.0861, 35.7659], [140.0851, 35.7657], [140.085, 35.7644], [140.0868, 35.7629], [140.0891, 35.7623], [140.0874, 35.7622], [140.0869, 35.7607], [140.0861, 35.7606], [140.0859, 35.7609], [140.0867, 35.7622], [140.0847, 35.7635], [140.0841, 35.7633], [140.0825, 35.7615], [140.0815, 35.7611], [140.0742, 35.7617], [140.0746, 35.7596], [140.0759, 35.7585], [140.0756, 35.7578], [140.0769, 35.756], [140.0775, 35.7569], [140.0778, 35.7564], [140.0791, 35.756], [140.0789, 35.7545], [140.0756, 35.7535], [140.0749, 35.7515], [140.0753, 35.7508], [140.0747, 35.7507], [140.0749, 35.7495], [140.066, 35.7484], [140.0645, 35.7455], [140.0647, 35.7434], [140.0638, 35.7424], [140.0646, 35.7422], [140.0642, 35.742], [140.0647, 35.7415], [140.0646, 35.7405], [140.0652, 35.7407], [140.0668, 35.7401], [140.0672, 35.7399], [140.0671, 35.7393], [140.0686, 35.7388], [140.0684, 35.7382], [140.0658, 35.7384], [140.0659, 35.7377], [140.0655, 35.7374], [140.0658, 35.7362], [140.0679, 35.7345], [140.0665, 35.7302], [140.0646, 35.7269], [140.0627, 35.721], [140.0717, 35.7171], [140.0698, 35.7136], [140.0685, 35.7126], [140.0649, 35.7108], [140.0636, 35.7107], [140.0636, 35.7096], [140.0683, 35.7083], [140.0852, 35.7039], [140.0832, 35.702], [140.0789, 35.701], [140.0775, 35.7011], [140.0773, 35.7007], [140.077, 35.6984], [140.0781, 35.6964], [140.0813, 35.6948], [140.0828, 35.6948], [140.0827, 35.6946], [140.0835, 35.6945], [140.0837, 35.6948], [140.0902, 35.6937], [140.0923, 35.6929], [140.0933, 35.692], [140.0941, 35.6934], [140.0938, 35.6942], [140.0943, 35.6956], [140.0965, 35.6982], [140.0971, 35.6993], [140.0978, 35.6997], [140.0983, 35.7008], [140.1013, 35.7031], [140.1029, 35.7055], [140.1033, 35.7066], [140.1052, 35.7091], [140.1067, 35.7099], [140.1074, 35.7095], [140.1091, 35.7095], [140.1098, 35.7112], [140.1104, 35.7119], [140.1102, 35.7121], [140.1132, 35.7141], [140.1139, 35.7137], [140.1142, 35.7128], [140.1154, 35.7126], [140.1157, 35.7121], [140.1163, 35.712], [140.1179, 35.7095], [140.1192, 35.7086], [140.1205, 35.7082], [140.1226, 35.707], [140.1226, 35.7017], [140.1236, 35.6992], [140.1243, 35.699], [140.1292, 35.6991], [140.1341, 35.6997], [140.1367, 35.6975]]]}, "properties": {"name": "千葉県八千代市"}}, {"type": "Feature", "geometry": {"type": "MultiPolygon", "coordinates": [[[[140.1114, 35.8477], [140.115, 35.8473], [140.1175, 35.85], [140.1178, 35.8499], [140.1164, 35.8475], [140.1191, 35.843], [140.1194, 35.8434], [140.1199, 35.8431], [140.1223, 35.8459], [140.1283, 35.8425], [140.1283, 35.8421], [140.1301, 35.8409], [140.1312, 35.8411], [140.1324, 35.8406], [140.1339, 35.841], [140.1352, 35.8423], [140.137, 35.8434], [140.1382, 35.8438], [140.1405, 35.8436], [140.1414, 35.8437], [140.1413, 35.8439], [140.143, 35.8446], [140.1455, 35.8462], [140.1407, 35.8526], [140.1333, 35.8601], [140.1283, 35.8689], [140.1263, 35.8716], [140.1245, 35.8729], [140.1141, 35.8753], [140.1101, 35.8769], [140.0988, 35.8823], [140.0959, 35.8832], [140.0917, 35.8839], [140.088, 35.8839], [140.0829, 35.8814], [140.0771, 35.8778], [140.0742, 35.8767], [140.0682, 35.8803], [140.0637, 35.8838], [140.0616, 35.8862], [140.0608, 35.8878], [140.0588, 35.8893], [140.0557, 35.8907], [140.0527, 35.8914], [140.0483, 35.8918], [140.0447, 35.893], [140.0436, 35.8935], [140.0387, 35.8971], [140.031, 35.9006], [140.0218, 35.8901], [140.0207, 35.8907], [140.0194, 35.8892], [140.0198, 35.8881], [140.0194, 35.8881], [140.0186, 35.8898], [140.0179, 35.8932], [140.0177, 35.893], [140.0166, 35.8957], [140.015, 35.8938], [140.0159, 35.8933], [140.0154, 35.8928], [140.0143, 35.8934], [140.0133, 35.8932], [140.0128, 35.8934], [140.0116, 35.8922], [140.0117, 35.8929], [140.0113, 35.8929], [140.011, 35.8923], [140.0114, 35.8923], [140.0114, 35.892], [140.012, 35.8926], [140.0122, 35.8921], [140.0115, 35.8913], [140.0114, 35.8904], [140.0122, 35.8915], [140.0126, 35.8912], [140.0123, 35.8908], [140.0129, 35.8905], [140.0135, 35.8913], [140.0138, 35.8911], [140.0145, 35.8917], [140.0149, 35.8914], [140.016, 35.8921], [140.0167, 35.891], [140.015, 35.8914], [140.0143, 35.8909], [140.0136, 35.891], [140.013, 35.8904], [140.0135, 35.8898], [140.0128, 35.8889], [140.012, 35.8893], [140.0098, 35.8869], [140.0103, 35.8866], [140.01, 35.8862], [140.0102, 35.8851], [140.0094, 35.8847], [140.0085, 35.8847], [140.0082, 35.8856], [140.0075, 35.8858], [140.0074, 35.8863], [140.0054, 35.8868], [140.0049, 35.8856], [140.0025, 35.8854], [140.0017, 35.8841], [140.0005, 35.8844], [139.9985, 35.8838], [139.9989, 35.8836], [139.9984, 35.883], [139.9989, 35.8822], [139.9971, 35.8809], [139.9967, 35.8814], [139.9958, 35.8811], [139.9955, 35.8819], [139.9947, 35.8815], [139.9956, 35.8797], [139.9961, 35.8801], [139.9968, 35.8797], [139.9959, 35.879], [139.995, 35.8794], [139.9952, 35.8796], [139.9944, 35.8814], [139.9934, 35.8809], [139.9937, 35.8802], [139.9929, 35.88], [139.9933, 35.8793], [139.993, 35.8792], [139.9918, 35.88], [139.9928, 35.8806], [139.9919, 35.8813], [139.992, 35.8816], [139.9908, 35.8816], [139.9897, 35.8809], [139.9886, 35.8798], [139.9886, 35.8794], [139.9899, 35.8782], [139.9905, 35.8778], [139.9907, 35.8779], [139.9903, 35.8785], [139.9906, 35.8788], [139.9914, 35.8778], [139.9913, 35.8783], [139.9917, 35.8785], [139.9929, 35.8776], [139.9921, 35.877], [139.9927, 35.8765], [139.9929, 35.8767], [139.9934, 35.8765], [139.994, 35.8771], [139.994, 35.8764], [139.9935, 35.8756], [139.9922, 35.8747], [139.9923, 35.8734], [139.9906, 35.8731], [139.9913, 35.8715], [139.9923, 35.8708], [139.992, 35.87], [139.9937, 35.8679], [140.0013, 35.8655], [140.0045, 35.8631], [140.0058, 35.8612], [140.0148, 35.8617], [140.0188, 35.8612], [140.0251, 35.8612], [140.0263, 35.8609], [140.0279, 35.8599], [140.0321, 35.8566], [140.0328, 35.8565], [140.0369, 35.8578], [140.0397, 35.8594], [140.0425, 35.8593], [140.0428, 35.8596], [140.0505, 35.8552], [140.0535, 35.8541], [140.0595, 35.8531], [140.0606, 35.8521], [140.0637, 35.8529], [140.0659, 35.8539], [140.0646, 35.8555], [140.1005, 35.8515], [140.1114, 35.8477]]], [[[139.9962, 35.8839], [139.9948, 35.8824], [139.9954, 35.8821], [139.9964, 35.8832], [139.9971, 35.8831], [139.9974, 35.8836], [139.9962, 35.8839]]]]}, "properties": {"name": "千葉県我孫子市"}}, {"type": "Feature", "geometry": {"type": "MultiPolygon", "coordinates": [[[[140.1882, 35.1707], [140.1873, 35.1691], [140.1864, 35.1688], [140.1865, 35.1697], [140.1859, 35.1706], [140.1845, 35.1707], [140.1835, 35.1697], [140.1828, 35.17], [140.1823, 35.1697], [140.1817, 35.1688], [140.1807, 35.169], [140.1796, 35.1679], [140.1791, 35.1677], [140.1793, 35.1665], [140.1787, 35.1664], [140.178, 35.1658], [140.1762, 35.1668], [140.1751, 35.1664], [140.1749, 35.1657], [140.174, 35.1655], [140.1727, 35.1669], [140.1711, 35.1693], [140.1713, 35.1701], [140.1686, 35.1704], [140.1668, 35.1693], [140.165, 35.1714], [140.1623, 35.1731], [140.1614, 35.1743], [140.1618, 35.1755], [140.1636, 35.1766], [140.1637, 35.1772], [140.1619, 35.1786], [140.1617, 35.1803], [140.1613, 35.1806], [140.1611, 35.1815], [140.1593, 35.1814], [140.1574, 35.1823], [140.1553, 35.1811], [140.1541, 35.1813], [140.1536, 35.1815], [140.1529, 35.1827], [140.1518, 35.183], [140.1515, 35.1837], [140.1505, 35.1839], [140.1509, 35.1853], [140.1506, 35.186], [140.1496, 35.1864], [140.1483, 35.1865], [140.146, 35.1854], [140.145, 35.1865], [140.145, 35.1873], [140.1432, 35.1887], [140.142, 35.1903], [140.1401, 35.1905], [140.139, 35.1912], [140.1375, 35.1902], [140.1355, 35.1904], [140.1347, 35.191], [140.134, 35.1906], [140.1336, 35.1899], [140.1331, 35.1904], [140.132, 35.1902], [140.1327, 35.1898], [140.1299, 35.1884], [140.1279, 35.1891], [140.1268, 35.1889], [140.1254, 35.1898], [140.1232, 35.1895], [140.121, 35.1909], [140.12, 35.1903], [140.1199, 35.1889], [140.1186, 35.1877], [140.1184, 35.1851], [140.1174, 35.1848], [140.1167, 35.1839], [140.1163, 35.182], [140.1157, 35.1822], [140.1148, 35.1806], [140.1137, 35.18], [140.1121, 35.1804], [140.1102, 35.1795], [140.109, 35.1807], [140.1079, 35.1803], [140.1071, 35.1804], [140.1065, 35.1799], [140.1047, 35.1803], [140.1046, 35.1812], [140.1037, 35.1817], [140.1017, 35.1807], [140.1007, 35.181], [140.0998, 35.1806], [140.0989, 35.1799], [140.0988, 35.1786], [140.0978, 35.1787], [140.0967, 35.1778], [140.0967, 35.1765], [140.0961, 35.1753], [140.0962, 35.1739], [140.0957, 35.173], [140.096, 35.1718], [140.0956, 35.1705], [140.0941, 35.1698], [140.0922, 35.1694], [140.0909, 35.1681], [140.089, 35.1695], [140.088, 35.1697], [140.0862, 35.1711], [140.0857, 35.171], [140.0843, 35.172], [140.0837, 35.1716], [140.0827, 35.1716], [140.0812, 35.1726], [140.0804, 35.1724], [140.0796, 35.1728], [140.0782, 35.173], [140.0781, 35.1741], [140.076, 35.1752], [140.0758, 35.1756], [140.0752, 35.1753], [140.0751, 35.1747], [140.0743, 35.1744], [140.0732, 35.1745], [140.0719, 35.1737], [140.0704, 35.1741], [140.0697, 35.1737], [140.0697, 35.1728], [140.0682, 35.1719], [140.068, 35.1713], [140.0663, 35.17], [140.0656, 35.1699], [140.0649, 35.1679], [140.0642, 35.168], [140.0632, 35.1675], [140.0624, 35.1659], [140.0604, 35.1656], [140.0592, 35.1661], [140.0583, 35.1662], [140.0573, 35.1655], [140.0562, 35.166], [140.0543, 35.1653], [140.0541, 35.1631], [140.0537, 35.1625], [140.0515, 35.1614], [140.051, 35.1616], [140.0499, 35.1605], [140.0467, 35.1607], [140.0464, 35.1613], [140.044, 35.162], [140.0428, 35.1618], [140.0408, 35.1593], [140.0392, 35.159], [140.0382, 35.1594], [140.0377, 35.1586], [140.0365, 35.1592], [140.0346, 35.159], [140.0341, 35.1593], [140.0331, 35.1594], [140.033, 35.1606], [140.0315, 35.1618], [140.0308, 35.1644], [140.0294, 35.1643], [140.0288, 35.164], [140.0281, 35.1628], [140.0256, 35.1619], [140.0217, 35.1599], [140.0199, 35.1567], [140.0181, 35.1555], [140.0166, 35.1548], [140.0158, 35.1548], [140.0149, 35.1537], [140.0134, 35.1545], [140.0103, 35.1552], [140.0089, 35.1565], [140.008, 35.1557], [140.006, 35.1554], [140.0055, 35.1546], [140.0038, 35.1541], [140.0014, 35.1549], [140.0009, 35.156], [139.9975, 35.1552], [139.993, 35.1555], [139.9914, 35.1553], [139.989, 35.1544], [139.9852, 35.1538], [139.9828, 35.1538], [139.9817, 35.1533], [139.9806, 35.1535], [139.9791, 35.1531], [139.9774, 35.1532], [139.9762, 35.1528], [139.9725, 35.1526], [139.9719, 35.1516], [139.9701, 35.1522], [139.9694, 35.1522], [139.9666, 35.1534], [139.9648, 35.1534], [139.9643, 35.1543], [139.9636, 35.1544], [139.9632, 35.1549], [139.957, 35.1538], [139.9558, 35.1519], [139.9539, 35.1524], [139.9529, 35.1537], [139.9516, 35.1537], [139.9483, 35.1515], [139.9463, 35.1527], [139.9438, 35.1517], [139.9423, 35.1503], [139.942, 35.1491], [139.9425, 35.1477], [139.94, 35.1476], [139.9391, 35.1472], [139.9389, 35.1466], [139.938, 35.1461], [139.9358, 35.1465], [139.9344, 35.1476], [139.9322, 35.148], [139.9317, 35.1478], [139.9306, 35.1466], [139.9308, 35.1462], [139.9305, 35.145], [139.9311, 35.1443], [139.9308, 35.1424], [139.9317, 35.1409], [139.9315, 35.1401], [139.9318, 35.1393], [139.9326, 35.139], [139.9321, 35.1367], [139.9312, 35.1364], [139.9304, 35.1351], [139.9312, 35.133], [139.9304, 35.1324], [139.9307, 35.1309], [139.9306, 35.1299], [139.9312, 35.1287], [139.9328, 35.1283], [139.9333, 35.1275], [139.9337, 35.1248], [139.9348, 35.1239], [139.9363, 35.122], [139.9385, 35.1218], [139.9395, 35.1224], [139.9416, 35.1228], [139.9431, 35.1225], [139.9477, 35.124], [139.9498, 35.1241], [139.9498, 35.1224], [139.9516, 35.1193], [139.9553, 35.1184], [139.957, 35.1172], [139.958, 35.116], [139.9586, 35.1124], [139.9608, 35.1124], [139.9636, 35.1114], [139.9657, 35.1125], [139.9674, 35.1127], [139.9686, 35.1114], [139.9696, 35.1123], [139.9706, 35.1125], [139.9716, 35.1139], [139.9722, 35.1126], [139.972, 35.1117], [139.9727, 35.1111], [139.9729, 35.1102], [139.9754, 35.109], [139.9764, 35.109], [139.9783, 35.1085], [139.979, 35.1104], [139.9788, 35.1124], [139.9791, 35.1137], [139.9806, 35.1149], [139.9854, 35.1166], [139.9892, 35.1163], [139.9903, 35.1157], [139.9912, 35.1162], [139.9921, 35.1162], [139.9927, 35.1158], [139.994, 35.1156], [139.9972, 35.1158], [139.9981, 35.114], [139.9968, 35.1117], [139.9958, 35.1102], [139.9948, 35.1096], [139.9943, 35.1085], [139.9951, 35.1067], [139.9944, 35.1057], [139.995, 35.1045], [139.9948, 35.1036], [139.9953, 35.103], [139.9966, 35.103], [139.9979, 35.1025], [139.9993, 35.1015], [139.9985, 35.0993], [139.9989, 35.0979], [139.9981, 35.097], [139.9972, 35.0968], [139.9964, 35.0962], [139.9966, 35.093], [139.9974, 35.0935], [139.9999, 35.0933], [140.0008, 35.0944], [140.006, 35.0955], [140.0067, 35.0961], [140.0077, 35.0964], [140.0113, 35.0933], [140.0135, 35.0923], [140.0145, 35.0922], [140.0167, 35.09], [140.0179, 35.0898], [140.0187, 35.089], [140.0202, 35.0884], [140.0204, 35.0878], [140.0199, 35.0878], [140.02, 35.0867], [140.0196, 35.0862], [140.0195, 35.0824], [140.0222, 35.0812], [140.0254, 35.0813], [140.0253, 35.0802], [140.0258, 35.0789], [140.0257, 35.0778], [140.0263, 35.0771], [140.0273, 35.0767], [140.0293, 35.074], [140.03, 35.0703], [140.0298, 35.0695], [140.0302, 35.0689], [140.0292, 35.0677], [140.0298, 35.0666], [140.0298, 35.0656], [140.0307, 35.0647], [140.0307, 35.0636], [140.0323, 35.0634], [140.0336, 35.0645], [140.0342, 35.0644], [140.0347, 35.0636], [140.0353, 35.0635], [140.0357, 35.0619], [140.0347, 35.06], [140.0337, 35.0598], [140.0333, 35.0602], [140.0321, 35.059], [140.0324, 35.0569], [140.0322, 35.0562], [140.0353, 35.0552], [140.0356, 35.0548], [140.0361, 35.0552], [140.038, 35.052], [140.0421, 35.0532], [140.0429, 35.0538], [140.0487, 35.0555], [140.051, 35.0573], [140.0523, 35.0576], [140.0528, 35.0575], [140.0528, 35.0579], [140.0534, 35.0582], [140.0541, 35.058], [140.0541, 35.0583], [140.0556, 35.0585], [140.0572, 35.0579], [140.0579, 35.0582], [140.0582, 35.058], [140.058, 35.0582], [140.0584, 35.0588], [140.0597, 35.0594], [140.0606, 35.0593], [140.0604, 35.0588], [140.0605, 35.0587], [140.0605, 35.059], [140.0607, 35.0589], [140.061, 35.0583], [140.0615, 35.0579], [140.061, 35.0589], [140.0627, 35.059], [140.0624, 35.058], [140.0612, 35.0573], [140.0625, 35.0575], [140.0627, 35.0587], [140.0641, 35.0588], [140.0643, 35.0593], [140.0648, 35.0593], [140.0652, 35.0584], [140.0651, 35.0589], [140.0654, 35.0587], [140.0656, 35.0592], [140.0656, 35.0584], [140.0659, 35.0588], [140.0658, 35.0593], [140.0664, 35.0593], [140.066, 35.0583], [140.0665, 35.0587], [140.0666, 35.0584], [140.0669, 35.0586], [140.0666, 35.0582], [140.0671, 35.0586], [140.0667, 35.058], [140.0671, 35.0583], [140.0669, 35.0579], [140.0675, 35.0582], [140.0675, 35.0577], [140.0676, 35.058], [140.0682, 35.0576], [140.0688, 35.058], [140.0688, 35.0583], [140.0689, 35.0582], [140.0694, 35.0585], [140.0696, 35.0583], [140.0698, 35.0586], [140.07, 35.0577], [140.0708, 35.0582], [140.0702, 35.0574], [140.0707, 35.0575], [140.0708, 35.0573], [140.0714, 35.0576], [140.0712, 35.0572], [140.0718, 35.0573], [140.0715, 35.0571], [140.0719, 35.0573], [140.0719, 35.057], [140.0721, 35.0575], [140.0721, 35.057], [140.0725, 35.0569], [140.0726, 35.0571], [140.0728, 35.0568], [140.0724, 35.0567], [140.0725, 35.0561], [140.0736, 35.056], [140.0738, 35.0565], [140.074, 35.0561], [140.0739, 35.0576], [140.0744, 35.0568], [140.0753, 35.0577], [140.0745, 35.0574], [140.0752, 35.0577], [140.0747, 35.058], [140.0748, 35.0585], [140.0736, 35.0583], [140.0731, 35.0589], [140.0746, 35.059], [140.0749, 35.0594], [140.0753, 35.059], [140.0753, 35.0597], [140.0758, 35.0597], [140.0759, 35.0608], [140.0751, 35.0606], [140.075, 35.061], [140.0756, 35.0609], [140.0764, 35.0612], [140.075, 35.0611], [140.0752, 35.0615], [140.0758, 35.0613], [140.0761, 35.0615], [140.0758, 35.0617], [140.076, 35.0621], [140.0754, 35.0619], [140.0758, 35.0621], [140.0753, 35.0624], [140.0753, 35.0627], [140.0758, 35.063], [140.0763, 35.0629], [140.0757, 35.0632], [140.077, 35.0628], [140.0791, 35.0632], [140.0792, 35.0628], [140.0779, 35.0623], [140.0794, 35.0628], [140.0793, 35.0622], [140.0799, 35.0624], [140.0801, 35.0618], [140.0803, 35.0624], [140.0806, 35.0621], [140.0813, 35.0628], [140.0816, 35.0627], [140.0828, 35.0631], [140.0832, 35.0629], [140.0833, 35.0636], [140.083, 35.0633], [140.0829, 35.064], [140.0825, 35.0638], [140.0824, 35.0642], [140.0827, 35.0644], [140.081, 35.0646], [140.0822, 35.0653], [140.0817, 35.0661], [140.0821, 35.0666], [140.0813, 35.0665], [140.0811, 35.0669], [140.0807, 35.0667], [140.0805, 35.0669], [140.0798, 35.0665], [140.0784, 35.0672], [140.0795, 35.0684], [140.0796, 35.0681], [140.0807, 35.0681], [140.0812, 35.0684], [140.0812, 35.069], [140.083, 35.0689], [140.0824, 35.069], [140.0824, 35.0694], [140.083, 35.0696], [140.083, 35.0686], [140.0834, 35.0693], [140.0846, 35.0696], [140.0842, 35.07], [140.0846, 35.0701], [140.0847, 35.0719], [140.0852, 35.072], [140.0847, 35.0724], [140.0847, 35.0731], [140.0852, 35.0732], [140.0849, 35.0731], [140.0849, 35.0736], [140.0854, 35.0736], [140.0852, 35.0738], [140.0856, 35.074], [140.0872, 35.0732], [140.0884, 35.0732], [140.0888, 35.0727], [140.0891, 35.0728], [140.0887, 35.0729], [140.0888, 35.0732], [140.0893, 35.0733], [140.0901, 35.0731], [140.09, 35.0734], [140.0903, 35.0735], [140.0911, 35.073], [140.0908, 35.0737], [140.091, 35.0739], [140.0915, 35.0737], [140.0912, 35.0739], [140.0915, 35.0739], [140.0916, 35.0743], [140.0921, 35.0741], [140.092, 35.0744], [140.0923, 35.074], [140.0929, 35.074], [140.0926, 35.0746], [140.0931, 35.0746], [140.0928, 35.0748], [140.093, 35.0748], [140.0937, 35.0744], [140.0942, 35.0744], [140.0941, 35.0748], [140.0944, 35.0745], [140.0943, 35.075], [140.0947, 35.0748], [140.0942, 35.0756], [140.0946, 35.076], [140.0949, 35.0758], [140.0956, 35.0759], [140.0961, 35.0755], [140.0968, 35.0758], [140.0969, 35.0751], [140.0974, 35.0752], [140.0981, 35.0746], [140.0981, 35.0749], [140.0987, 35.0744], [140.0988, 35.0752], [140.0981, 35.0759], [140.0986, 35.0759], [140.0983, 35.0761], [140.099, 35.0762], [140.099, 35.0765], [140.0995, 35.0763], [140.0996, 35.0765], [140.099, 35.0768], [140.0992, 35.0769], [140.1003, 35.0764], [140.1023, 35.0765], [140.1024, 35.0773], [140.102, 35.0766], [140.1007, 35.0765], [140.1011, 35.0771], [140.1016, 35.0771], [140.1023, 35.0775], [140.102, 35.078], [140.1024, 35.0778], [140.1025, 35.0785], [140.0995, 35.0797], [140.0992, 35.0819], [140.0995, 35.0825], [140.0981, 35.0836], [140.0982, 35.085], [140.0988, 35.0859], [140.1002, 35.0863], [140.1016, 35.0871], [140.1015, 35.0879], [140.0998, 35.089], [140.0999, 35.0893], [140.1007, 35.0899], [140.1013, 35.091], [140.1021, 35.0913], [140.1026, 35.0908], [140.1029, 35.091], [140.1029, 35.0906], [140.1044, 35.091], [140.1069, 35.0905], [140.1071, 35.0907], [140.1068, 35.0908], [140.1085, 35.0914], [140.1091, 35.0905], [140.1099, 35.0904], [140.1105, 35.0907], [140.1097, 35.0913], [140.1086, 35.0914], [140.109, 35.093], [140.1097, 35.0927], [140.1102, 35.0928], [140.1099, 35.0931], [140.1091, 35.093], [140.11, 35.094], [140.1092, 35.0935], [140.1088, 35.0928], [140.1082, 35.0929], [140.1085, 35.0928], [140.1082, 35.0918], [140.1065, 35.0909], [140.1048, 35.0911], [140.105, 35.0922], [140.1055, 35.092], [140.1053, 35.0923], [140.1069, 35.0934], [140.1073, 35.093], [140.1078, 35.0934], [140.1071, 35.094], [140.1072, 35.0944], [140.1062, 35.0949], [140.1061, 35.0953], [140.1063, 35.0954], [140.1058, 35.0956], [140.1057, 35.0968], [140.107, 35.0967], [140.1069, 35.0956], [140.1076, 35.0942], [140.1081, 35.094], [140.1076, 35.0943], [140.1069, 35.0957], [140.1072, 35.0962], [140.107, 35.0957], [140.1077, 35.0944], [140.1071, 35.0956], [140.1073, 35.0963], [140.107, 35.0967], [140.1053, 35.0968], [140.1051, 35.0974], [140.1081, 35.0978], [140.1086, 35.0987], [140.1079, 35.098], [140.1075, 35.0981], [140.1075, 35.0979], [140.1066, 35.0977], [140.1064, 35.0983], [140.1072, 35.0985], [140.1056, 35.0982], [140.1054, 35.0987], [140.1073, 35.0989], [140.1076, 35.0985], [140.1075, 35.099], [140.1051, 35.0988], [140.1045, 35.099], [140.1053, 35.1003], [140.1054, 35.1019], [140.1065, 35.1037], [140.1079, 35.1057], [140.1108, 35.1084], [140.117, 35.113], [140.1223, 35.1162], [140.133, 35.1212], [140.1349, 35.1215], [140.1355, 35.1212], [140.1359, 35.1214], [140.1362, 35.1209], [140.1363, 35.1213], [140.1368, 35.121], [140.1371, 35.1212], [140.1373, 35.1209], [140.1369, 35.1204], [140.1374, 35.1205], [140.1376, 35.12], [140.1379, 35.1205], [140.1379, 35.1198], [140.1385, 35.1203], [140.1386, 35.1192], [140.1393, 35.1189], [140.1395, 35.1192], [140.1393, 35.1188], [140.1396, 35.1191], [140.1398, 35.1187], [140.1408, 35.1185], [140.1408, 35.1183], [140.1412, 35.1184], [140.1412, 35.1182], [140.1419, 35.1183], [140.1419, 35.1188], [140.1426, 35.1183], [140.1423, 35.1191], [140.143, 35.1192], [140.1436, 35.1188], [140.1435, 35.1186], [140.1437, 35.1187], [140.1448, 35.1182], [140.1442, 35.1178], [140.1433, 35.1181], [140.1433, 35.1184], [140.1429, 35.1176], [140.1433, 35.118], [140.1453, 35.1169], [140.1458, 35.1176], [140.1462, 35.1176], [140.1456, 35.1164], [140.1463, 35.1168], [140.1465, 35.1163], [140.1468, 35.1166], [140.1472, 35.1164], [140.1482, 35.1168], [140.1483, 35.1165], [140.1487, 35.1168], [140.1485, 35.1162], [140.1491, 35.117], [140.1488, 35.1162], [140.1493, 35.1162], [140.1491, 35.1156], [140.1495, 35.1159], [140.1495, 35.1156], [140.1499, 35.1159], [140.1499, 35.1155], [140.1507, 35.1167], [140.1513, 35.1163], [140.1516, 35.1166], [140.1515, 35.1161], [140.1521, 35.1165], [140.1524, 35.1162], [140.1527, 35.1171], [140.153, 35.1171], [140.153, 35.1175], [140.1534, 35.1174], [140.1533, 35.118], [140.1525, 35.1177], [140.1529, 35.1188], [140.1523, 35.1189], [140.1529, 35.1198], [140.152, 35.1203], [140.1527, 35.1203], [140.1536, 35.1213], [140.1554, 35.1215], [140.1559, 35.1197], [140.1563, 35.1203], [140.1566, 35.12], [140.1577, 35.1206], [140.1578, 35.1215], [140.1587, 35.1211], [140.1578, 35.1202], [140.1583, 35.12], [140.1583, 35.1196], [140.1588, 35.1198], [140.1587, 35.119], [140.1594, 35.1201], [140.1598, 35.1196], [140.1599, 35.1201], [140.1604, 35.1199], [140.1595, 35.1204], [140.1598, 35.1205], [140.1592, 35.121], [140.1579, 35.1216], [140.1589, 35.1225], [140.1593, 35.1221], [140.1596, 35.1224], [140.1592, 35.1227], [140.1599, 35.1231], [140.1602, 35.1233], [140.1602, 35.1228], [140.164, 35.1233], [140.1641, 35.1225], [140.1627, 35.1224], [140.162, 35.1227], [140.1616, 35.1226], [140.1617, 35.1219], [140.1602, 35.1216], [140.1601, 35.1213], [140.1608, 35.1215], [140.1607, 35.121], [140.1609, 35.1215], [140.1624, 35.1221], [140.1648, 35.1223], [140.1647, 35.1227], [140.167, 35.1234], [140.1673, 35.1228], [140.1676, 35.1231], [140.1699, 35.1223], [140.1707, 35.1214], [140.1704, 35.1208], [140.1692, 35.1198], [140.1691, 35.1191], [140.1697, 35.1196], [140.1703, 35.1193], [140.1713, 35.1195], [140.1717, 35.1191], [140.1713, 35.1192], [140.1715, 35.1185], [140.1719, 35.1184], [140.1724, 35.1188], [140.1726, 35.1186], [140.173, 35.1187], [140.1738, 35.1193], [140.1732, 35.1187], [140.1728, 35.1185], [140.1734, 35.1179], [140.1735, 35.1187], [140.1747, 35.1196], [140.1749, 35.12], [140.1751, 35.1201], [140.175, 35.1197], [140.1753, 35.1201], [140.1752, 35.1197], [140.1757, 35.1198], [140.176, 35.1201], [140.1757, 35.1204], [140.1763, 35.1203], [140.1767, 35.1205], [140.1765, 35.121], [140.1773, 35.1208], [140.178, 35.1214], [140.1779, 35.1209], [140.1783, 35.1208], [140.1775, 35.1203], [140.1775, 35.1198], [140.1781, 35.1201], [140.1774, 35.1195], [140.1778, 35.1197], [140.1781, 35.1195], [140.178, 35.1188], [140.1788, 35.1193], [140.1782, 35.1187], [140.1781, 35.1178], [140.1786, 35.1176], [140.1792, 35.1178], [140.179, 35.1181], [140.1793, 35.1183], [140.1795, 35.1182], [140.18, 35.1188], [140.1796, 35.1192], [140.1801, 35.119], [140.1807, 35.1195], [140.1811, 35.119], [140.1804, 35.1188], [140.1807, 35.1188], [140.1805, 35.1182], [140.1813, 35.1185], [140.1807, 35.1174], [140.1815, 35.1176], [140.1815, 35.1172], [140.1824, 35.1176], [140.1819, 35.117], [140.1827, 35.1175], [140.1824, 35.1171], [140.183, 35.1172], [140.1828, 35.1168], [140.1835, 35.1167], [140.1837, 35.117], [140.1832, 35.1174], [140.1837, 35.1176], [140.184, 35.1174], [140.1839, 35.118], [140.1846, 35.1183], [140.1841, 35.1182], [140.1842, 35.1186], [140.1837, 35.1186], [140.184, 35.1189], [140.1836, 35.1191], [140.1837, 35.1195], [140.1841, 35.1195], [140.1844, 35.119], [140.1849, 35.1194], [140.1851, 35.1189], [140.1855, 35.1191], [140.1855, 35.1194], [140.1852, 35.1194], [140.1857, 35.1197], [140.1853, 35.1196], [140.1854, 35.12], [140.1845, 35.1207], [140.1852, 35.1206], [140.1857, 35.121], [140.1857, 35.1215], [140.1852, 35.1213], [140.1859, 35.122], [140.1858, 35.1226], [140.1863, 35.1226], [140.1869, 35.1233], [140.1862, 35.1227], [140.1856, 35.1227], [140.1856, 35.1234], [140.1854, 35.1237], [140.1848, 35.1236], [140.1851, 35.124], [140.1847, 35.1242], [140.187, 35.1256], [140.1865, 35.1251], [140.1869, 35.125], [140.1872, 35.1255], [140.1875, 35.1252], [140.1878, 35.1257], [140.1881, 35.1253], [140.1883, 35.1258], [140.1892, 35.1255], [140.1901, 35.1262], [140.1899, 35.1268], [140.1912, 35.1271], [140.1936, 35.126], [140.1938, 35.1256], [140.1935, 35.1251], [140.1939, 35.1256], [140.1942, 35.125], [140.1933, 35.1247], [140.1935, 35.1241], [140.1942, 35.1241], [140.1947, 35.1232], [140.1942, 35.1227], [140.1954, 35.1228], [140.1953, 35.1222], [140.1955, 35.1229], [140.1968, 35.1232], [140.1981, 35.1227], [140.1983, 35.1222], [140.1975, 35.1217], [140.1955, 35.1215], [140.1953, 35.122], [140.1955, 35.1213], [140.1943, 35.1212], [140.1953, 35.1211], [140.1952, 35.1206], [140.1953, 35.121], [140.1971, 35.1205], [140.1963, 35.1196], [140.1967, 35.1192], [140.1971, 35.1193], [140.1972, 35.1187], [140.1958, 35.1182], [140.1949, 35.119], [140.1954, 35.1197], [140.1944, 35.1193], [140.1935, 35.1203], [140.1933, 35.1201], [140.1939, 35.1195], [140.1936, 35.1193], [140.1943, 35.1191], [140.1941, 35.1187], [140.1947, 35.1187], [140.1941, 35.1184], [140.195, 35.1185], [140.1944, 35.1179], [140.1944, 35.1173], [140.1955, 35.1166], [140.1946, 35.1168], [140.1938, 35.1163], [140.1935, 35.1156], [140.1939, 35.1156], [140.1935, 35.1152], [140.1942, 35.1154], [140.1944, 35.1152], [140.1939, 35.1147], [140.1947, 35.115], [140.1949, 35.1144], [140.1956, 35.1146], [140.1947, 35.1139], [140.1951, 35.1137], [140.1961, 35.1145], [140.1959, 35.1142], [140.1961, 35.114], [140.1966, 35.1143], [140.1964, 35.114], [140.1967, 35.114], [140.1968, 35.1131], [140.1974, 35.1133], [140.197, 35.1128], [140.1977, 35.1131], [140.1976, 35.1127], [140.1984, 35.1133], [140.1981, 35.1121], [140.1995, 35.1131], [140.1999, 35.1124], [140.1997, 35.1114], [140.1984, 35.11], [140.1996, 35.1103], [140.1983, 35.1096], [140.1992, 35.1098], [140.1981, 35.1091], [140.1985, 35.109], [140.2003, 35.1098], [140.2006, 35.1098], [140.2003, 35.1096], [140.2005, 35.1096], [140.2004, 35.1092], [140.2014, 35.1096], [140.2023, 35.1095], [140.2019, 35.1093], [140.2026, 35.1095], [140.2023, 35.1091], [140.203, 35.1095], [140.2028, 35.1092], [140.2031, 35.1095], [140.2031, 35.1091], [140.204, 35.1095], [140.2035, 35.1098], [140.2037, 35.11], [140.204, 35.1097], [140.2052, 35.1098], [140.2052, 35.1106], [140.2049, 35.1109], [140.2051, 35.1114], [140.2055, 35.1102], [140.2061, 35.1104], [140.2063, 35.1108], [140.206, 35.1111], [140.2064, 35.1113], [140.2061, 35.1113], [140.2061, 35.1117], [140.2072, 35.112], [140.2067, 35.1121], [140.207, 35.1122], [140.2068, 35.1127], [140.208, 35.1128], [140.2079, 35.1134], [140.2083, 35.1132], [140.2087, 35.1136], [140.2084, 35.1128], [140.2088, 35.1127], [140.2085, 35.1123], [140.2089, 35.1121], [140.2095, 35.1125], [140.2092, 35.1127], [140.2098, 35.1133], [140.2106, 35.1134], [140.2112, 35.1138], [140.2112, 35.1143], [140.2118, 35.1145], [140.2118, 35.1162], [140.211, 35.1173], [140.2122, 35.1183], [140.2134, 35.1199], [140.2136, 35.1213], [140.2121, 35.1226], [140.2117, 35.1243], [140.2124, 35.1255], [140.2115, 35.1261], [140.2129, 35.1272], [140.214, 35.129], [140.2153, 35.1294], [140.2157, 35.1306], [140.215, 35.1324], [140.2143, 35.1328], [140.2137, 35.1353], [140.2129, 35.1355], [140.2112, 35.1346], [140.2104, 35.1351], [140.2104, 35.1354], [140.2121, 35.1365], [140.2131, 35.1379], [140.2141, 35.1384], [140.2142, 35.1389], [140.2153, 35.1393], [140.2162, 35.1411], [140.2149, 35.1435], [140.2152, 35.1446], [140.2144, 35.1448], [140.2134, 35.1458], [140.2123, 35.1481], [140.2124, 35.1491], [140.2136, 35.1491], [140.2133, 35.1505], [140.2116, 35.1541], [140.2097, 35.1546], [140.2084, 35.154], [140.2075, 35.1549], [140.2074, 35.156], [140.2063, 35.1563], [140.2073, 35.158], [140.2068, 35.1597], [140.2081, 35.1604], [140.2078, 35.1617], [140.2076, 35.1621], [140.2064, 35.1625], [140.2066, 35.1632], [140.206, 35.1641], [140.2051, 35.1643], [140.2051, 35.1662], [140.2045, 35.1664], [140.2042, 35.1676], [140.2032, 35.1683], [140.2023, 35.17], [140.1993, 35.1702], [140.1967, 35.1717], [140.1955, 35.1713], [140.1942, 35.1714], [140.191, 35.1702], [140.1882, 35.1707]]], [[[140.1034, 35.078], [140.1035, 35.0782], [140.1029, 35.0781], [140.1027, 35.0772], [140.1038, 35.0768], [140.1042, 35.0763], [140.1029, 35.0767], [140.1027, 35.0765], [140.1029, 35.0764], [140.1026, 35.0764], [140.1028, 35.0759], [140.1041, 35.0759], [140.1044, 35.0755], [140.1048, 35.0756], [140.1048, 35.0758], [140.105, 35.0756], [140.1054, 35.0758], [140.1061, 35.0751], [140.1066, 35.0753], [140.1061, 35.0759], [140.1054, 35.0758], [140.1057, 35.0764], [140.1054, 35.0772], [140.1034, 35.078]]]]}, "properties": {"name": "千葉県鴨川市"}}, {"type": "Feature", "geometry": {"type": "Polygon", "coordinates": [[[139.9728, 35.7488], [139.9792, 35.7494], [139.9794, 35.7502], [139.9804, 35.7504], [139.9831, 35.7527], [139.9829, 35.7514], [139.985, 35.7474], [139.9826, 35.7448], [139.9853, 35.7468], [139.9868, 35.7456], [139.9878, 35.7454], [139.9885, 35.7441], [139.9894, 35.7433], [139.9932, 35.7418], [139.996, 35.7425], [139.9965, 35.7431], [139.9969, 35.7432], [139.9971, 35.743], [139.9977, 35.7436], [139.9994, 35.7441], [140.0006, 35.744], [140.003, 35.7428], [140.0054, 35.7427], [140.0067, 35.7433], [140.0066, 35.7423], [140.0088, 35.7405], [140.0095, 35.7381], [140.012, 35.7396], [140.0121, 35.7393], [140.0132, 35.7397], [140.0135, 35.7403], [140.0116, 35.7399], [140.0097, 35.7388], [140.0094, 35.7403], [140.0088, 35.7409], [140.009, 35.7416], [140.0079, 35.7415], [140.0067, 35.7427], [140.0077, 35.7435], [140.009, 35.7434], [140.0079, 35.7438], [140.0087, 35.7483], [140.0126, 35.7504], [140.0191, 35.756], [140.0191, 35.757], [140.0155, 35.7578], [140.0156, 35.7585], [140.0136, 35.7593], [140.0141, 35.7607], [140.0221, 35.7619], [140.0226, 35.7616], [140.0228, 35.7599], [140.0232, 35.7597], [140.0238, 35.7614], [140.0271, 35.7636], [140.0287, 35.7641], [140.0285, 35.7648], [140.027, 35.7648], [140.0255, 35.7634], [140.0248, 35.7635], [140.0226, 35.7653], [140.0211, 35.7656], [140.0207, 35.7655], [140.0165, 35.7668], [140.0152, 35.7679], [140.0163, 35.7714], [140.0185, 35.7745], [140.0204, 35.774], [140.0213, 35.7751], [140.028, 35.7806], [140.0218, 35.7808], [140.0192, 35.7834], [140.0188, 35.7833], [140.0166, 35.781], [140.0195, 35.7854], [140.0203, 35.7882], [140.0201, 35.7886], [140.0187, 35.7888], [140.0188, 35.7892], [140.0204, 35.789], [140.0236, 35.7917], [140.0246, 35.7919], [140.026, 35.7937], [140.0271, 35.796], [140.0281, 35.7968], [140.0283, 35.799], [140.0277, 35.799], [140.0266, 35.7982], [140.0239, 35.7972], [140.0226, 35.796], [140.017, 35.7954], [140.0155, 35.7958], [140.0196, 35.7958], [140.0199, 35.7962], [140.0196, 35.7973], [140.0153, 35.7992], [140.0126, 35.8011], [140.0095, 35.8018], [140.0066, 35.8035], [140.0051, 35.8034], [140.0047, 35.8041], [140.0017, 35.804], [140, 35.8029], [139.9993, 35.8018], [139.9977, 35.8008], [139.997, 35.7998], [139.9954, 35.7989], [139.9952, 35.7983], [139.994, 35.7979], [139.9951, 35.7981], [139.9992, 35.7969], [140, 35.7958], [140.0013, 35.795], [140.0014, 35.7947], [140.0003, 35.7943], [140.0003, 35.7927], [140.0015, 35.7923], [140.0004, 35.7912], [140.0006, 35.7909], [139.9987, 35.7891], [139.9959, 35.7874], [139.9952, 35.7876], [139.9946, 35.7874], [139.9939, 35.7882], [139.9915, 35.7891], [139.991, 35.7901], [139.9889, 35.7906], [139.9878, 35.7905], [139.986, 35.7898], [139.9847, 35.7888], [139.9834, 35.7886], [139.9826, 35.789], [139.9808, 35.789], [139.9783, 35.7878], [139.9781, 35.788], [139.9772, 35.7866], [139.9768, 35.7867], [139.977, 35.7871], [139.9763, 35.7879], [139.9714, 35.7875], [139.9714, 35.7865], [139.9683, 35.7865], [139.9686, 35.7781], [139.9725, 35.7782], [139.9729, 35.7802], [139.9842, 35.7763], [139.9835, 35.7735], [139.981, 35.7737], [139.9769, 35.7745], [139.976, 35.7739], [139.9751, 35.7682], [139.9742, 35.7659], [139.9748, 35.7633], [139.9743, 35.7615], [139.9745, 35.761], [139.9739, 35.7602], [139.9723, 35.7595], [139.9709, 35.7576], [139.9709, 35.756], [139.9714, 35.7556], [139.9711, 35.7546], [139.9732, 35.7546], [139.9732, 35.754], [139.9745, 35.7542], [139.975, 35.7533], [139.9748, 35.7525], [139.9753, 35.7518], [139.9717, 35.7511], [139.973, 35.7497], [139.9728, 35.7488]], [[139.9824, 35.7525], [139.9829, 35.7527], [139.9812, 35.7515], [139.9806, 35.7523], [139.9801, 35.7522], [139.9794, 35.7517], [139.9794, 35.7508], [139.9791, 35.7508], [139.979, 35.7514], [139.9777, 35.7518], [139.978, 35.7536], [139.9824, 35.7525]], [[139.9924, 35.7427], [139.9898, 35.7442], [139.9895, 35.7441], [139.9884, 35.7461], [139.9878, 35.7464], [139.9876, 35.7463], [139.9868, 35.7469], [139.9862, 35.7483], [139.9862, 35.7496], [139.9866, 35.7501], [139.9853, 35.7517], [139.9858, 35.7522], [139.9874, 35.7518], [139.9895, 35.752], [139.9915, 35.7553], [139.9938, 35.7556], [139.9942, 35.7554], [139.9943, 35.7546], [139.9952, 35.754], [139.9959, 35.7527], [139.9987, 35.7509], [139.9991, 35.75], [139.9986, 35.7486], [139.9981, 35.7487], [139.9965, 35.7474], [139.997, 35.7466], [139.997, 35.7459], [139.9978, 35.745], [139.9978, 35.7441], [139.9957, 35.743], [139.9942, 35.743], [139.9932, 35.7425], [139.9924, 35.7427]], [[140.0152, 35.7821], [140.0155, 35.7814], [140.0146, 35.7817], [140.0148, 35.7821], [140.0152, 35.7821]]]}, "properties": {"name": "千葉県鎌ケ谷市"}}, {"type": "Feature", "geometry": {"type": "MultiPolygon", "coordinates": [[[[139.852, 35.3493], [139.8552, 35.345], [139.8582, 35.3425], [139.8581, 35.3419], [139.8591, 35.3415], [139.8606, 35.3416], [139.8607, 35.3421], [139.8602, 35.3439], [139.8607, 35.3437], [139.8615, 35.3407], [139.8619, 35.3406], [139.8618, 35.3404], [139.8611, 35.3406], [139.8609, 35.3397], [139.8615, 35.3396], [139.8612, 35.3386], [139.8641, 35.338], [139.8645, 35.3387], [139.865, 35.3378], [139.8655, 35.3379], [139.8656, 35.3364], [139.8645, 35.3343], [139.8644, 35.3328], [139.8651, 35.3312], [139.8658, 35.3307], [139.8672, 35.3303], [139.8679, 35.3296], [139.87, 35.3298], [139.8714, 35.3288], [139.8726, 35.3286], [139.8732, 35.3274], [139.8756, 35.3264], [139.8755, 35.3254], [139.8775, 35.3242], [139.8797, 35.3213], [139.8807, 35.3211], [139.8812, 35.3204], [139.8825, 35.32], [139.8848, 35.3152], [139.8872, 35.3123], [139.8877, 35.3077], [139.8885, 35.3053], [139.8881, 35.3044], [139.8886, 35.3036], [139.8883, 35.3024], [139.8899, 35.3029], [139.8902, 35.3014], [139.8921, 35.3013], [139.8938, 35.3002], [139.8963, 35.2999], [139.8973, 35.3004], [139.898, 35.3002], [139.8987, 35.2991], [139.9003, 35.2987], [139.9004, 35.2955], [139.9024, 35.2949], [139.9023, 35.2942], [139.9027, 35.2932], [139.902, 35.2919], [139.9021, 35.2905], [139.904, 35.2891], [139.9054, 35.2895], [139.9061, 35.289], [139.9071, 35.2891], [139.9075, 35.2885], [139.909, 35.2886], [139.9112, 35.288], [139.9114, 35.2852], [139.9108, 35.2846], [139.9104, 35.2832], [139.9104, 35.2817], [139.9117, 35.2811], [139.9123, 35.2802], [139.9124, 35.2787], [139.9131, 35.278], [139.9136, 35.277], [139.9148, 35.2776], [139.9151, 35.276], [139.9155, 35.276], [139.9153, 35.2772], [139.9156, 35.2773], [139.916, 35.2773], [139.9162, 35.2765], [139.9167, 35.2762], [139.916, 35.2726], [139.9189, 35.2707], [139.9226, 35.2708], [139.9247, 35.2685], [139.9277, 35.2683], [139.9326, 35.2652], [139.9335, 35.2653], [139.9355, 35.2663], [139.936, 35.266], [139.9366, 35.2654], [139.9364, 35.2645], [139.937, 35.2631], [139.9367, 35.2614], [139.937, 35.2613], [139.9404, 35.2621], [139.9416, 35.262], [139.944, 35.2633], [139.9448, 35.2633], [139.9458, 35.2616], [139.9457, 35.2608], [139.9464, 35.2602], [139.9485, 35.26], [139.9497, 35.2595], [139.9503, 35.2595], [139.9509, 35.2605], [139.9523, 35.2602], [139.9523, 35.2595], [139.954, 35.2586], [139.954, 35.2574], [139.956, 35.257], [139.9562, 35.2573], [139.9563, 35.2556], [139.9555, 35.2546], [139.9555, 35.2532], [139.9508, 35.2529], [139.949, 35.2521], [139.9487, 35.2514], [139.9491, 35.2461], [139.9519, 35.2464], [139.9514, 35.244], [139.9519, 35.2411], [139.9533, 35.2405], [139.9546, 35.2417], [139.9555, 35.2421], [139.9559, 35.2419], [139.9562, 35.2425], [139.9576, 35.2427], [139.958, 35.2435], [139.9588, 35.2432], [139.9608, 35.2442], [139.9654, 35.2415], [139.9667, 35.2395], [139.9684, 35.24], [139.9688, 35.2398], [139.9695, 35.2399], [139.9701, 35.2386], [139.9713, 35.2383], [139.9731, 35.24], [139.9755, 35.2414], [139.9761, 35.2422], [139.9761, 35.2432], [139.9758, 35.2434], [139.9743, 35.2442], [139.9728, 35.2446], [139.9734, 35.2455], [139.9737, 35.2457], [139.9754, 35.2455], [139.9765, 35.246], [139.9781, 35.244], [139.9776, 35.2412], [139.977, 35.2405], [139.9769, 35.2389], [139.9778, 35.2371], [139.9774, 35.2353], [139.9782, 35.2349], [139.9778, 35.2341], [139.9779, 35.2334], [139.9793, 35.2316], [139.9791, 35.229], [139.9802, 35.2281], [139.9802, 35.2274], [139.9784, 35.2263], [139.9776, 35.2254], [139.9773, 35.2235], [139.9779, 35.2231], [139.9784, 35.2218], [139.9796, 35.2204], [139.9794, 35.2197], [139.9796, 35.2171], [139.984, 35.2152], [139.9845, 35.2138], [139.9835, 35.2123], [139.9827, 35.2102], [139.9844, 35.2085], [139.9848, 35.2076], [139.9863, 35.2069], [139.9866, 35.2058], [139.9863, 35.2041], [139.9886, 35.2019], [139.9886, 35.2015], [139.9899, 35.2006], [139.9908, 35.2005], [139.9915, 35.1999], [139.9912, 35.1993], [139.9925, 35.1983], [139.9928, 35.1967], [139.9958, 35.1959], [139.9963, 35.1942], [139.997, 35.1938], [139.9974, 35.1919], [139.9971, 35.1874], [139.9964, 35.1866], [139.9958, 35.1863], [139.996, 35.1856], [139.9957, 35.1841], [139.9962, 35.1836], [139.9962, 35.1824], [139.996, 35.1804], [139.9966, 35.1797], [139.999, 35.1785], [139.9995, 35.1765], [139.9987, 35.1756], [139.9991, 35.1739], [140.0011, 35.172], [140.0007, 35.1707], [139.9995, 35.1691], [139.9995, 35.1683], [139.9984, 35.1676], [139.9987, 35.1665], [139.9993, 35.1661], [139.9994, 35.1648], [139.998, 35.1628], [139.9977, 35.1614], [139.998, 35.1606], [139.9977, 35.1604], [139.9959, 35.1606], [139.9934, 35.1599], [139.9928, 35.1593], [139.9928, 35.1583], [139.9935, 35.1572], [139.993, 35.1555], [139.9975, 35.1552], [140.0009, 35.156], [140.0014, 35.1549], [140.0038, 35.1541], [140.0055, 35.1546], [140.006, 35.1554], [140.008, 35.1557], [140.0089, 35.1565], [140.0103, 35.1552], [140.0134, 35.1545], [140.0149, 35.1537], [140.0158, 35.1548], [140.0166, 35.1548], [140.0181, 35.1555], [140.0199, 35.1567], [140.0217, 35.1599], [140.0256, 35.1619], [140.0281, 35.1628], [140.0288, 35.164], [140.0294, 35.1643], [140.0308, 35.1644], [140.0315, 35.1618], [140.033, 35.1606], [140.0331, 35.1594], [140.0341, 35.1593], [140.0346, 35.159], [140.0365, 35.1592], [140.0377, 35.1586], [140.0382, 35.1594], [140.0392, 35.159], [140.0408, 35.1593], [140.0428, 35.1618], [140.044, 35.162], [140.0464, 35.1613], [140.0467, 35.1607], [140.0499, 35.1605], [140.051, 35.1616], [140.0515, 35.1614], [140.0537, 35.1625], [140.0541, 35.1631], [140.0543, 35.1653], [140.0562, 35.166], [140.0573, 35.1655], [140.0583, 35.1662], [140.0592, 35.1661], [140.0604, 35.1656], [140.0624, 35.1659], [140.0632, 35.1675], [140.0642, 35.168], [140.0649, 35.1679], [140.0656, 35.1699], [140.0663, 35.17], [140.068, 35.1713], [140.0682, 35.1719], [140.0697, 35.1728], [140.0697, 35.1737], [140.0704, 35.1741], [140.0719, 35.1737], [140.0732, 35.1745], [140.0743, 35.1744], [140.0751, 35.1747], [140.0752, 35.1753], [140.0758, 35.1756], [140.076, 35.1752], [140.0781, 35.1741], [140.0782, 35.173], [140.0796, 35.1728], [140.0804, 35.1724], [140.0812, 35.1726], [140.0827, 35.1716], [140.0837, 35.1716], [140.0843, 35.172], [140.0857, 35.171], [140.0862, 35.1711], [140.088, 35.1697], [140.089, 35.1695], [140.0909, 35.1681], [140.0922, 35.1694], [140.0941, 35.1698], [140.0956, 35.1705], [140.096, 35.1718], [140.0957, 35.173], [140.0962, 35.1739], [140.0961, 35.1753], [140.0967, 35.1765], [140.0967, 35.1778], [140.0978, 35.1787], [140.0988, 35.1786], [140.0989, 35.1799], [140.0998, 35.1806], [140.1007, 35.181], [140.1017, 35.1807], [140.1037, 35.1817], [140.1046, 35.1812], [140.1047, 35.1803], [140.1065, 35.1799], [140.1071, 35.1804], [140.1079, 35.1803], [140.109, 35.1807], [140.1102, 35.1795], [140.1121, 35.1804], [140.1137, 35.18], [140.1148, 35.1806], [140.1157, 35.1822], [140.1163, 35.182], [140.1167, 35.1839], [140.1174, 35.1848], [140.1184, 35.1851], [140.1186, 35.1877], [140.1199, 35.1889], [140.12, 35.1903], [140.121, 35.1909], [140.1232, 35.1895], [140.1254, 35.1898], [140.1268, 35.1889], [140.1279, 35.1891], [140.1299, 35.1884], [140.1327, 35.1898], [140.132, 35.1902], [140.1331, 35.1904], [140.1336, 35.1899], [140.134, 35.1906], [140.1347, 35.191], [140.1355, 35.1904], [140.1375, 35.1902], [140.139, 35.1912], [140.1401, 35.1905], [140.142, 35.1903], [140.1432, 35.1887], [140.145, 35.1873], [140.145, 35.1865], [140.146, 35.1854], [140.1483, 35.1865], [140.1496, 35.1864], [140.1506, 35.186], [140.1509, 35.1853], [140.1505, 35.1839], [140.1515, 35.1837], [140.1518, 35.183], [140.1529, 35.1827], [140.1536, 35.1815], [140.1541, 35.1813], [140.1553, 35.1811], [140.1574, 35.1823], [140.1593, 35.1814], [140.1611, 35.1815], [140.1619, 35.1831], [140.1614, 35.1849], [140.1597, 35.1873], [140.16, 35.1895], [140.1587, 35.1906], [140.1586, 35.1915], [140.1577, 35.192], [140.1574, 35.1927], [140.1551, 35.1953], [140.1557, 35.1959], [140.1556, 35.1968], [140.1565, 35.1982], [140.1552, 35.199], [140.1543, 35.1983], [140.1533, 35.1996], [140.1528, 35.2017], [140.153, 35.2036], [140.1518, 35.2042], [140.1524, 35.2066], [140.1514, 35.2071], [140.15, 35.2068], [140.1487, 35.2075], [140.1483, 35.2121], [140.1463, 35.2144], [140.1461, 35.2156], [140.1436, 35.2177], [140.1434, 35.2184], [140.144, 35.2194], [140.1433, 35.2205], [140.1432, 35.2219], [140.1427, 35.2229], [140.142, 35.2229], [140.141, 35.2244], [140.1401, 35.2246], [140.1393, 35.2259], [140.1393, 35.2273], [140.139, 35.2279], [140.1404, 35.2282], [140.1416, 35.229], [140.1416, 35.2306], [140.1412, 35.2313], [140.141, 35.231], [140.1398, 35.2312], [140.1389, 35.2326], [140.1387, 35.2335], [140.1372, 35.2343], [140.1371, 35.236], [140.1365, 35.2371], [140.135, 35.2373], [140.1349, 35.2365], [140.1346, 35.2365], [140.1331, 35.2368], [140.1316, 35.2379], [140.1314, 35.2385], [140.1323, 35.2393], [140.1323, 35.2401], [140.1309, 35.2409], [140.1307, 35.2424], [140.1298, 35.2433], [140.1292, 35.2431], [140.1274, 35.2442], [140.1264, 35.2438], [140.1259, 35.244], [140.1251, 35.2435], [140.1243, 35.2443], [140.1248, 35.2445], [140.1242, 35.2455], [140.1241, 35.2467], [140.122, 35.2477], [140.1223, 35.2492], [140.1228, 35.2495], [140.1225, 35.2507], [140.1229, 35.2514], [140.1225, 35.2519], [140.1226, 35.2535], [140.1216, 35.2546], [140.1199, 35.2554], [140.1205, 35.2561], [140.1201, 35.2575], [140.1203, 35.2583], [140.1196, 35.2607], [140.1187, 35.2616], [140.1184, 35.2625], [140.1184, 35.2637], [140.1199, 35.2663], [140.1193, 35.2673], [140.1193, 35.269], [140.1185, 35.2698], [140.118, 35.2715], [140.1171, 35.2728], [140.1175, 35.2734], [140.1183, 35.2735], [140.1185, 35.2752], [140.118, 35.2759], [140.118, 35.2765], [140.1185, 35.277], [140.1188, 35.2798], [140.1201, 35.2826], [140.1187, 35.2844], [140.1172, 35.2854], [140.1172, 35.2868], [140.1156, 35.2879], [140.1152, 35.2879], [140.1153, 35.2884], [140.1147, 35.2885], [140.1144, 35.2892], [140.115, 35.2908], [140.1157, 35.2913], [140.1153, 35.2919], [140.115, 35.2943], [140.116, 35.296], [140.1154, 35.2977], [140.1165, 35.2986], [140.1167, 35.2994], [140.1165, 35.3003], [140.1169, 35.3018], [140.1165, 35.3029], [140.1169, 35.3033], [140.1169, 35.3044], [140.1174, 35.3055], [140.1184, 35.3054], [140.1191, 35.3058], [140.1205, 35.3059], [140.122, 35.3072], [140.1224, 35.3119], [140.1217, 35.3138], [140.1163, 35.3149], [140.1148, 35.3146], [140.1142, 35.3139], [140.1131, 35.3136], [140.1118, 35.3141], [140.1097, 35.3141], [140.1086, 35.3129], [140.1078, 35.3126], [140.1048, 35.3144], [140.1048, 35.3158], [140.1036, 35.3161], [140.1028, 35.3172], [140.1017, 35.3175], [140.1012, 35.3214], [140.1025, 35.3206], [140.1048, 35.3199], [140.106, 35.3202], [140.1076, 35.3197], [140.1083, 35.3188], [140.1088, 35.3189], [140.1088, 35.3198], [140.1078, 35.3206], [140.1064, 35.3228], [140.1046, 35.3238], [140.1041, 35.3247], [140.1043, 35.3261], [140.1036, 35.3272], [140.1013, 35.3273], [140.1007, 35.3285], [140.1, 35.3287], [140.0995, 35.3284], [140.0981, 35.3289], [140.0979, 35.3272], [140.0974, 35.3269], [140.0961, 35.3281], [140.094, 35.3287], [140.0928, 35.3304], [140.09, 35.3309], [140.092, 35.3338], [140.0902, 35.3339], [140.0897, 35.3352], [140.0876, 35.3366], [140.0877, 35.337], [140.087, 35.3378], [140.0878, 35.3415], [140.0868, 35.3387], [140.0866, 35.3392], [140.087, 35.3407], [140.0867, 35.3404], [140.0865, 35.3394], [140.086, 35.3391], [140.0857, 35.3392], [140.086, 35.3402], [140.0868, 35.3409], [140.0868, 35.3416], [140.0861, 35.3404], [140.0854, 35.3404], [140.0854, 35.3421], [140.0845, 35.3426], [140.0851, 35.3431], [140.0839, 35.344], [140.0837, 35.3449], [140.0824, 35.3452], [140.0814, 35.3459], [140.0799, 35.3457], [140.0814, 35.345], [140.0818, 35.3436], [140.0814, 35.3436], [140.0811, 35.3447], [140.0792, 35.3456], [140.0793, 35.3466], [140.078, 35.3469], [140.0769, 35.3468], [140.0771, 35.346], [140.0763, 35.3465], [140.0754, 35.3466], [140.0756, 35.3458], [140.0748, 35.3452], [140.0729, 35.3459], [140.072, 35.3455], [140.0713, 35.346], [140.0707, 35.3458], [140.07, 35.3469], [140.0691, 35.3468], [140.0689, 35.3475], [140.0675, 35.3483], [140.0673, 35.349], [140.0667, 35.3489], [140.0663, 35.3495], [140.0655, 35.3499], [140.0657, 35.3505], [140.0643, 35.3509], [140.0635, 35.3517], [140.0629, 35.3519], [140.0621, 35.3515], [140.0616, 35.352], [140.0611, 35.351], [140.0604, 35.3511], [140.0594, 35.3537], [140.0588, 35.354], [140.0582, 35.3542], [140.0577, 35.3539], [140.0557, 35.3545], [140.0562, 35.3555], [140.0514, 35.3555], [140.0515, 35.352], [140.0484, 35.352], [140.0484, 35.3514], [140.0491, 35.3514], [140.0491, 35.3508], [140.0465, 35.3508], [140.0482, 35.349], [140.0482, 35.348], [140.0467, 35.3475], [140.0451, 35.348], [140.0448, 35.3474], [140.0441, 35.3472], [140.044, 35.3457], [140.0434, 35.3449], [140.0451, 35.3431], [140.0454, 35.3421], [140.0448, 35.3409], [140.0427, 35.3395], [140.0441, 35.3385], [140.0435, 35.3369], [140.041, 35.3374], [140.0416, 35.3363], [140.0409, 35.336], [140.0409, 35.3357], [140.038, 35.3347], [140.0366, 35.3351], [140.0358, 35.3339], [140.0345, 35.3337], [140.0344, 35.3332], [140.0335, 35.3335], [140.0292, 35.3304], [140.026, 35.3303], [140.024, 35.3307], [140.022, 35.3316], [140.0207, 35.3293], [140.0215, 35.326], [140.0213, 35.324], [140.0206, 35.3231], [140.0201, 35.3217], [140.0188, 35.3212], [140.0175, 35.3194], [140.0167, 35.3188], [140.0161, 35.317], [140.0165, 35.316], [140.0154, 35.3144], [140.0156, 35.3136], [140.0139, 35.3126], [140.0127, 35.3149], [140.011, 35.3161], [140.01, 35.3184], [140.0104, 35.3189], [140.0089, 35.3199], [140.005, 35.3257], [140.0049, 35.3272], [140.0015, 35.3311], [140.0012, 35.3333], [140.001, 35.3308], [140.0014, 35.3272], [140.0003, 35.3269], [140.0005, 35.3273], [140, 35.3276], [139.9984, 35.3264], [139.998, 35.3256], [139.9975, 35.3178], [139.998, 35.3169], [139.9966, 35.3175], [139.9961, 35.3168], [139.9969, 35.3155], [139.9949, 35.3169], [139.9926, 35.3174], [139.9904, 35.3197], [139.9875, 35.3175], [139.9874, 35.3181], [139.9859, 35.3196], [139.9846, 35.3198], [139.983, 35.3189], [139.9837, 35.3182], [139.9825, 35.3169], [139.9813, 35.3165], [139.981, 35.3151], [139.9773, 35.3182], [139.9756, 35.3185], [139.9738, 35.3184], [139.9736, 35.3209], [139.9724, 35.3227], [139.9691, 35.3247], [139.9676, 35.3263], [139.9661, 35.3269], [139.9653, 35.3281], [139.9645, 35.3318], [139.9629, 35.3313], [139.9612, 35.3318], [139.958, 35.3315], [139.9567, 35.3307], [139.955, 35.3305], [139.9547, 35.3308], [139.9533, 35.3297], [139.9518, 35.3297], [139.9518, 35.3302], [139.9511, 35.3309], [139.9491, 35.3321], [139.949, 35.333], [139.9484, 35.3331], [139.9473, 35.3327], [139.9474, 35.3322], [139.9462, 35.3325], [139.9458, 35.334], [139.9407, 35.3355], [139.9404, 35.3361], [139.9394, 35.3358], [139.9389, 35.3365], [139.9389, 35.3373], [139.9381, 35.3373], [139.9375, 35.3368], [139.9368, 35.3371], [139.9378, 35.3376], [139.9371, 35.338], [139.9355, 35.3371], [139.9345, 35.3375], [139.9338, 35.3369], [139.933, 35.3372], [139.9332, 35.3377], [139.9325, 35.3375], [139.9323, 35.3385], [139.9313, 35.3386], [139.9312, 35.3376], [139.929, 35.3353], [139.9297, 35.337], [139.9302, 35.3372], [139.9298, 35.3386], [139.9282, 35.3386], [139.9282, 35.3381], [139.9277, 35.339], [139.9267, 35.3393], [139.9262, 35.3387], [139.9269, 35.3377], [139.926, 35.3379], [139.9258, 35.3374], [139.9253, 35.3373], [139.9249, 35.3375], [139.9244, 35.3385], [139.9237, 35.3386], [139.9234, 35.3381], [139.9225, 35.3383], [139.9219, 35.3393], [139.9212, 35.3393], [139.9209, 35.3406], [139.9201, 35.3406], [139.9201, 35.3398], [139.9197, 35.3396], [139.9188, 35.3397], [139.9187, 35.3402], [139.9184, 35.3395], [139.9176, 35.3396], [139.9171, 35.339], [139.9155, 35.3405], [139.9142, 35.3407], [139.9138, 35.3401], [139.9133, 35.3405], [139.9127, 35.3401], [139.9136, 35.3395], [139.9136, 35.3392], [139.9125, 35.3399], [139.9117, 35.341], [139.9113, 35.3393], [139.9103, 35.3387], [139.9094, 35.3388], [139.9088, 35.3378], [139.9058, 35.3384], [139.9054, 35.3362], [139.9047, 35.3349], [139.8999, 35.3373], [139.899, 35.3372], [139.8994, 35.3391], [139.8982, 35.3396], [139.8988, 35.3406], [139.8988, 35.3416], [139.8981, 35.343], [139.8977, 35.3452], [139.8972, 35.3457], [139.8976, 35.3462], [139.8974, 35.3471], [139.8959, 35.3484], [139.8953, 35.3494], [139.8876, 35.3615], [139.8829, 35.3615], [139.8686, 35.3659], [139.8767, 35.3634], [139.8641, 35.367], [139.8632, 35.367], [139.8622, 35.3677], [139.8624, 35.368], [139.8633, 35.3675], [139.8624, 35.368], [139.8614, 35.3684], [139.8608, 35.3688], [139.86, 35.369], [139.8596, 35.3693], [139.8588, 35.3696], [139.8594, 35.3694], [139.8592, 35.3692], [139.8459, 35.3754], [139.8393, 35.3672], [139.8417, 35.3642], [139.8519, 35.3582], [139.8568, 35.3511], [139.8581, 35.3495], [139.8588, 35.3498], [139.8596, 35.3487], [139.859, 35.3484], [139.8604, 35.3464], [139.8586, 35.3462], [139.8571, 35.348], [139.8576, 35.3474], [139.8572, 35.3472], [139.8548, 35.347], [139.8545, 35.3474], [139.8548, 35.3476], [139.8544, 35.3475], [139.854, 35.3481], [139.8561, 35.3492], [139.8569, 35.3484], [139.8551, 35.3508], [139.852, 35.3493]]], [[[139.8572, 35.3421], [139.8561, 35.3425], [139.8559, 35.3419], [139.8554, 35.3421], [139.8541, 35.3411], [139.8556, 35.3409], [139.8554, 35.3401], [139.8566, 35.34], [139.8572, 35.3421]]], [[[139.8593, 35.3411], [139.8584, 35.3415], [139.8583, 35.3412], [139.8591, 35.3407], [139.8593, 35.3411]]], [[[139.8586, 35.3395], [139.8588, 35.3403], [139.858, 35.3404], [139.8579, 35.3398], [139.8581, 35.3395], [139.8586, 35.3395]]]]}, "properties": {"name": "千葉県君津市"}}, {"type": "Feature", "geometry": {"type": "Polygon", "coordinates": [[[139.8166, 35.3241], [139.821, 35.3183], [139.8206, 35.3181], [139.8197, 35.3187], [139.8183, 35.3206], [139.8158, 35.32], [139.8161, 35.3192], [139.816, 35.3196], [139.8182, 35.3201], [139.8185, 35.3196], [139.818, 35.3193], [139.8186, 35.3194], [139.819, 35.319], [139.8172, 35.3186], [139.8163, 35.3186], [139.8162, 35.3189], [139.8163, 35.3186], [139.8173, 35.3183], [139.8172, 35.3179], [139.8173, 35.3182], [139.8193, 35.3178], [139.8199, 35.3167], [139.8186, 35.3162], [139.8182, 35.3169], [139.8184, 35.3162], [139.8166, 35.3158], [139.8162, 35.3159], [139.816, 35.3164], [139.8157, 35.3164], [139.816, 35.3156], [139.8142, 35.3152], [139.8138, 35.3152], [139.8136, 35.3163], [139.8151, 35.3176], [139.8154, 35.3174], [139.8151, 35.3176], [139.8156, 35.3181], [139.8147, 35.3187], [139.8128, 35.3174], [139.8133, 35.3161], [139.806, 35.3145], [139.7964, 35.314], [139.7849, 35.3143], [139.7825, 35.3146], [139.7764, 35.3165], [139.7724, 35.3162], [139.7709, 35.3154], [139.7708, 35.3148], [139.7685, 35.3158], [139.7675, 35.3156], [139.7673, 35.3152], [139.7681, 35.3143], [139.7708, 35.3142], [139.7714, 35.3153], [139.7721, 35.3159], [139.7751, 35.3163], [139.7768, 35.3163], [139.7831, 35.314], [139.7839, 35.3134], [139.7834, 35.3138], [139.7838, 35.3128], [139.7848, 35.3125], [139.7925, 35.3111], [139.8126, 35.3061], [139.8165, 35.3049], [139.8168, 35.3047], [139.8163, 35.3037], [139.8192, 35.3028], [139.82, 35.302], [139.8192, 35.3028], [139.8197, 35.3038], [139.8215, 35.3032], [139.8212, 35.3025], [139.8215, 35.3024], [139.8218, 35.303], [139.8236, 35.3025], [139.8233, 35.3019], [139.8237, 35.3024], [139.8261, 35.3016], [139.8258, 35.301], [139.8253, 35.3011], [139.8258, 35.3009], [139.8255, 35.3002], [139.8245, 35.3002], [139.8258, 35.3], [139.8256, 35.3002], [139.8258, 35.3007], [139.8263, 35.3008], [139.8279, 35.3003], [139.8277, 35.3001], [139.8283, 35.3005], [139.8386, 35.2961], [139.842, 35.2942], [139.8468, 35.2909], [139.8498, 35.2882], [139.8498, 35.2879], [139.8508, 35.2874], [139.851, 35.2866], [139.852, 35.2861], [139.8528, 35.2846], [139.8528, 35.2837], [139.8532, 35.2833], [139.8532, 35.2825], [139.8523, 35.2824], [139.8534, 35.2825], [139.8534, 35.2822], [139.8516, 35.2821], [139.8524, 35.2821], [139.8524, 35.2806], [139.8519, 35.2798], [139.8524, 35.2796], [139.8505, 35.2795], [139.8489, 35.2783], [139.8501, 35.2791], [139.8507, 35.2789], [139.8501, 35.2792], [139.8505, 35.2795], [139.8524, 35.2796], [139.852, 35.2786], [139.8511, 35.2789], [139.852, 35.2786], [139.8518, 35.278], [139.8511, 35.2782], [139.8509, 35.278], [139.8516, 35.2777], [139.8511, 35.2771], [139.8506, 35.2774], [139.8511, 35.2771], [139.8504, 35.2764], [139.848, 35.2781], [139.8476, 35.279], [139.8476, 35.2785], [139.8469, 35.2782], [139.8476, 35.2783], [139.8482, 35.2773], [139.848, 35.277], [139.8489, 35.2742], [139.8486, 35.273], [139.8466, 35.2717], [139.847, 35.2717], [139.8498, 35.2695], [139.8573, 35.263], [139.864, 35.2548], [139.8642, 35.2544], [139.8636, 35.2539], [139.8639, 35.2539], [139.866, 35.2506], [139.8657, 35.2505], [139.8661, 35.2504], [139.867, 35.2484], [139.8673, 35.2476], [139.8669, 35.2474], [139.8673, 35.2474], [139.8688, 35.2432], [139.8695, 35.2393], [139.8694, 35.2376], [139.8699, 35.2362], [139.8698, 35.2344], [139.8709, 35.2298], [139.8706, 35.2282], [139.869, 35.2282], [139.8694, 35.2281], [139.8693, 35.2239], [139.8683, 35.2216], [139.8667, 35.2194], [139.8653, 35.2185], [139.8646, 35.2189], [139.8654, 35.2185], [139.8635, 35.2176], [139.8631, 35.2184], [139.8619, 35.2175], [139.8596, 35.2168], [139.8583, 35.2157], [139.8574, 35.2154], [139.8569, 35.2157], [139.855, 35.2145], [139.8502, 35.2133], [139.8481, 35.213], [139.8475, 35.2119], [139.8467, 35.2117], [139.8458, 35.2106], [139.8455, 35.2106], [139.844, 35.2098], [139.8438, 35.2099], [139.844, 35.2097], [139.8454, 35.2105], [139.8453, 35.2096], [139.8446, 35.2089], [139.8432, 35.2084], [139.8435, 35.2098], [139.8431, 35.2086], [139.8425, 35.2081], [139.8425, 35.2087], [139.8425, 35.2083], [139.8396, 35.207], [139.8372, 35.2065], [139.8347, 35.2045], [139.8343, 35.2044], [139.8339, 35.2048], [139.8335, 35.2046], [139.8335, 35.205], [139.8324, 35.204], [139.8308, 35.2035], [139.8308, 35.203], [139.8303, 35.2029], [139.83, 35.2031], [139.8301, 35.2028], [139.8305, 35.2028], [139.8307, 35.2024], [139.8295, 35.2003], [139.8286, 35.2004], [139.8291, 35.2002], [139.8289, 35.1997], [139.8287, 35.2], [139.8274, 35.2], [139.8271, 35.1997], [139.8286, 35.1999], [139.8281, 35.1991], [139.8266, 35.1982], [139.826, 35.1985], [139.8269, 35.1995], [139.8267, 35.1997], [139.8268, 35.1994], [139.826, 35.1985], [139.8248, 35.1982], [139.824, 35.1975], [139.8244, 35.1976], [139.8244, 35.197], [139.8235, 35.1973], [139.8242, 35.1964], [139.8235, 35.1958], [139.8229, 35.1958], [139.8227, 35.1949], [139.8217, 35.1942], [139.8222, 35.1934], [139.8222, 35.1925], [139.8215, 35.1922], [139.8211, 35.1914], [139.8191, 35.1899], [139.819, 35.1891], [139.8185, 35.1885], [139.8188, 35.1884], [139.8182, 35.1882], [139.8186, 35.1882], [139.8184, 35.1878], [139.8187, 35.1879], [139.8183, 35.1876], [139.8187, 35.1876], [139.8182, 35.1871], [139.8188, 35.1873], [139.8191, 35.1861], [139.8184, 35.1858], [139.8181, 35.1862], [139.8177, 35.1859], [139.8176, 35.1849], [139.818, 35.1844], [139.8186, 35.1842], [139.818, 35.1827], [139.8184, 35.1826], [139.8181, 35.1824], [139.8184, 35.1819], [139.8191, 35.1821], [139.8192, 35.1812], [139.8181, 35.1809], [139.817, 35.1811], [139.8173, 35.1807], [139.8171, 35.1806], [139.8178, 35.1803], [139.8178, 35.1798], [139.8182, 35.18], [139.8185, 35.1796], [139.8178, 35.1792], [139.8185, 35.1787], [139.818, 35.1783], [139.8177, 35.1787], [139.8176, 35.1783], [139.8171, 35.1782], [139.8174, 35.178], [139.817, 35.1773], [139.8162, 35.177], [139.8164, 35.1765], [139.8162, 35.1762], [139.8168, 35.176], [139.8168, 35.1755], [139.8171, 35.1757], [139.8182, 35.1753], [139.8181, 35.1742], [139.8188, 35.1739], [139.8181, 35.1726], [139.8173, 35.173], [139.816, 35.1723], [139.817, 35.171], [139.8175, 35.171], [139.8174, 35.1708], [139.8175, 35.1709], [139.8186, 35.17], [139.8182, 35.1694], [139.8177, 35.1693], [139.816, 35.1706], [139.817, 35.1696], [139.8167, 35.1689], [139.8183, 35.1677], [139.8191, 35.1679], [139.8204, 35.1673], [139.8212, 35.1666], [139.821, 35.1664], [139.8219, 35.1665], [139.8219, 35.1663], [139.8215, 35.1663], [139.821, 35.1658], [139.8206, 35.1644], [139.821, 35.1658], [139.8214, 35.1662], [139.822, 35.1662], [139.8221, 35.1656], [139.8215, 35.1655], [139.8221, 35.1655], [139.8224, 35.1647], [139.822, 35.1639], [139.8213, 35.1642], [139.8206, 35.1639], [139.8213, 35.1642], [139.8218, 35.1639], [139.8214, 35.1634], [139.8206, 35.1636], [139.8207, 35.1633], [139.8201, 35.1631], [139.8199, 35.1632], [139.8202, 35.1636], [139.8202, 35.1637], [139.8199, 35.1641], [139.8202, 35.1636], [139.8198, 35.1632], [139.8198, 35.1629], [139.8198, 35.164], [139.8195, 35.1627], [139.8197, 35.162], [139.8189, 35.1617], [139.8193, 35.1615], [139.8192, 35.1608], [139.8188, 35.1607], [139.8195, 35.1605], [139.8197, 35.16], [139.8192, 35.1599], [139.8194, 35.1587], [139.8185, 35.1579], [139.8188, 35.1581], [139.8188, 35.1574], [139.8183, 35.1567], [139.819, 35.1559], [139.8183, 35.1557], [139.8179, 35.1552], [139.821, 35.1552], [139.825, 35.1572], [139.8268, 35.1573], [139.8294, 35.1587], [139.8304, 35.1587], [139.8319, 35.1592], [139.8338, 35.1593], [139.8364, 35.1598], [139.8381, 35.1593], [139.8409, 35.1604], [139.8441, 35.1605], [139.8455, 35.1611], [139.8464, 35.162], [139.8516, 35.1623], [139.8528, 35.1641], [139.8554, 35.1642], [139.858, 35.1634], [139.8584, 35.1628], [139.8592, 35.1626], [139.8591, 35.1617], [139.8596, 35.1612], [139.8614, 35.1613], [139.8623, 35.1608], [139.8628, 35.1609], [139.863, 35.1614], [139.8636, 35.1613], [139.8644, 35.1617], [139.8652, 35.1614], [139.8653, 35.1604], [139.8676, 35.1604], [139.8689, 35.1588], [139.8706, 35.1591], [139.8712, 35.1587], [139.8708, 35.1581], [139.8708, 35.1566], [139.8713, 35.1564], [139.8722, 35.1565], [139.8732, 35.1553], [139.8738, 35.1554], [139.8755, 35.1579], [139.877, 35.1569], [139.878, 35.1571], [139.8788, 35.1579], [139.8795, 35.1579], [139.8802, 35.1574], [139.8812, 35.1575], [139.8827, 35.1569], [139.8836, 35.1574], [139.8846, 35.1576], [139.8873, 35.1597], [139.8882, 35.159], [139.8886, 35.1584], [139.8893, 35.1584], [139.8902, 35.1578], [139.8917, 35.1577], [139.8924, 35.1583], [139.8936, 35.1586], [139.8946, 35.1576], [139.8941, 35.1568], [139.8946, 35.1559], [139.8962, 35.1553], [139.8971, 35.1557], [139.8972, 35.1561], [139.8999, 35.1561], [139.9011, 35.1554], [139.9021, 35.1536], [139.9022, 35.1509], [139.9029, 35.1507], [139.9039, 35.1511], [139.9059, 35.1509], [139.9052, 35.1491], [139.9055, 35.1479], [139.9094, 35.1451], [139.9104, 35.1426], [139.9112, 35.1425], [139.913, 35.1394], [139.9137, 35.1392], [139.9147, 35.14], [139.9154, 35.14], [139.9157, 35.1407], [139.9169, 35.1409], [139.9176, 35.1414], [139.9202, 35.1404], [139.9213, 35.1407], [139.9229, 35.1405], [139.9236, 35.1403], [139.9246, 35.1394], [139.9251, 35.1398], [139.9257, 35.1396], [139.9262, 35.1402], [139.9268, 35.1403], [139.9271, 35.1398], [139.9287, 35.1402], [139.9295, 35.1399], [139.9297, 35.1395], [139.9318, 35.1393], [139.9315, 35.1401], [139.9317, 35.1409], [139.9308, 35.1424], [139.9311, 35.1443], [139.9305, 35.145], [139.9308, 35.1462], [139.9306, 35.1466], [139.9317, 35.1478], [139.9322, 35.148], [139.9344, 35.1476], [139.9358, 35.1465], [139.938, 35.1461], [139.9389, 35.1466], [139.9391, 35.1472], [139.94, 35.1476], [139.9425, 35.1477], [139.942, 35.1491], [139.9423, 35.1503], [139.9438, 35.1517], [139.9463, 35.1527], [139.9483, 35.1515], [139.9516, 35.1537], [139.9529, 35.1537], [139.9539, 35.1524], [139.9558, 35.1519], [139.957, 35.1538], [139.9632, 35.1549], [139.9636, 35.1544], [139.9643, 35.1543], [139.9648, 35.1534], [139.9666, 35.1534], [139.9694, 35.1522], [139.9701, 35.1522], [139.9719, 35.1516], [139.9725, 35.1526], [139.9762, 35.1528], [139.9774, 35.1532], [139.9791, 35.1531], [139.9806, 35.1535], [139.9817, 35.1533], [139.9828, 35.1538], [139.9852, 35.1538], [139.989, 35.1544], [139.9914, 35.1553], [139.993, 35.1555], [139.9935, 35.1572], [139.9928, 35.1583], [139.9928, 35.1593], [139.9934, 35.1599], [139.9959, 35.1606], [139.9977, 35.1604], [139.998, 35.1606], [139.9977, 35.1614], [139.998, 35.1628], [139.9994, 35.1648], [139.9993, 35.1661], [139.9987, 35.1665], [139.9984, 35.1676], [139.9995, 35.1683], [139.9995, 35.1691], [140.0007, 35.1707], [140.0011, 35.172], [139.9991, 35.1739], [139.9987, 35.1756], [139.9995, 35.1765], [139.999, 35.1785], [139.9966, 35.1797], [139.996, 35.1804], [139.9962, 35.1824], [139.9962, 35.1836], [139.9957, 35.1841], [139.996, 35.1856], [139.9958, 35.1863], [139.9964, 35.1866], [139.9971, 35.1874], [139.9974, 35.1919], [139.997, 35.1938], [139.9963, 35.1942], [139.9958, 35.1959], [139.9928, 35.1967], [139.9925, 35.1983], [139.9912, 35.1993], [139.9915, 35.1999], [139.9908, 35.2005], [139.9899, 35.2006], [139.9886, 35.2015], [139.9886, 35.2019], [139.9863, 35.2041], [139.9866, 35.2058], [139.9863, 35.2069], [139.9848, 35.2076], [139.9844, 35.2085], [139.9827, 35.2102], [139.9835, 35.2123], [139.9845, 35.2138], [139.984, 35.2152], [139.9796, 35.2171], [139.9794, 35.2197], [139.9796, 35.2204], [139.9784, 35.2218], [139.9779, 35.2231], [139.9773, 35.2235], [139.9776, 35.2254], [139.9784, 35.2263], [139.9802, 35.2274], [139.9802, 35.2281], [139.9791, 35.229], [139.9793, 35.2316], [139.9779, 35.2334], [139.9778, 35.2341], [139.9782, 35.2349], [139.9774, 35.2353], [139.9778, 35.2371], [139.9769, 35.2389], [139.977, 35.2405], [139.9776, 35.2412], [139.9781, 35.244], [139.9765, 35.246], [139.9754, 35.2455], [139.9737, 35.2457], [139.9734, 35.2455], [139.9728, 35.2446], [139.9743, 35.2442], [139.9758, 35.2434], [139.9761, 35.2432], [139.9761, 35.2422], [139.9755, 35.2414], [139.9731, 35.24], [139.9713, 35.2383], [139.9701, 35.2386], [139.9695, 35.2399], [139.9688, 35.2398], [139.9684, 35.24], [139.9667, 35.2395], [139.9654, 35.2415], [139.9608, 35.2442], [139.9588, 35.2432], [139.958, 35.2435], [139.9576, 35.2427], [139.9562, 35.2425], [139.9559, 35.2419], [139.9555, 35.2421], [139.9546, 35.2417], [139.9533, 35.2405], [139.9519, 35.2411], [139.9514, 35.244], [139.9519, 35.2464], [139.9491, 35.2461], [139.9487, 35.2514], [139.949, 35.2521], [139.9508, 35.2529], [139.9555, 35.2532], [139.9555, 35.2546], [139.9563, 35.2556], [139.9562, 35.2573], [139.956, 35.257], [139.954, 35.2574], [139.954, 35.2586], [139.9523, 35.2595], [139.9523, 35.2602], [139.9509, 35.2605], [139.9503, 35.2595], [139.9497, 35.2595], [139.9485, 35.26], [139.9464, 35.2602], [139.9457, 35.2608], [139.9458, 35.2616], [139.9448, 35.2633], [139.944, 35.2633], [139.9416, 35.262], [139.9404, 35.2621], [139.937, 35.2613], [139.9367, 35.2614], [139.937, 35.2631], [139.9364, 35.2645], [139.9366, 35.2654], [139.936, 35.266], [139.9355, 35.2663], [139.9335, 35.2653], [139.9326, 35.2652], [139.9277, 35.2683], [139.9247, 35.2685], [139.9226, 35.2708], [139.9189, 35.2707], [139.916, 35.2726], [139.9167, 35.2762], [139.9162, 35.2765], [139.916, 35.2773], [139.9156, 35.2773], [139.9153, 35.2772], [139.9155, 35.276], [139.9151, 35.276], [139.9148, 35.2776], [139.9136, 35.277], [139.9131, 35.278], [139.9124, 35.2787], [139.9123, 35.2802], [139.9117, 35.2811], [139.9104, 35.2817], [139.9104, 35.2832], [139.9108, 35.2846], [139.9114, 35.2852], [139.9112, 35.288], [139.909, 35.2886], [139.9075, 35.2885], [139.9071, 35.2891], [139.9061, 35.289], [139.9054, 35.2895], [139.904, 35.2891], [139.9021, 35.2905], [139.902, 35.2919], [139.9027, 35.2932], [139.9023, 35.2942], [139.9024, 35.2949], [139.9004, 35.2955], [139.9003, 35.2987], [139.8987, 35.2991], [139.898, 35.3002], [139.8973, 35.3004], [139.8963, 35.2999], [139.8938, 35.3002], [139.8921, 35.3013], [139.8902, 35.3014], [139.8899, 35.3029], [139.8883, 35.3024], [139.8886, 35.3036], [139.8881, 35.3044], [139.8885, 35.3053], [139.8877, 35.3077], [139.8872, 35.3123], [139.8848, 35.3152], [139.8825, 35.32], [139.8812, 35.3204], [139.8807, 35.3211], [139.8797, 35.3213], [139.8775, 35.3242], [139.8755, 35.3254], [139.8756, 35.3264], [139.8732, 35.3274], [139.8726, 35.3286], [139.8714, 35.3288], [139.87, 35.3298], [139.8679, 35.3296], [139.8672, 35.3303], [139.8658, 35.3307], [139.8651, 35.3312], [139.8644, 35.3328], [139.8645, 35.3343], [139.8656, 35.3364], [139.8655, 35.3379], [139.865, 35.3378], [139.8645, 35.3387], [139.8641, 35.338], [139.8612, 35.3386], [139.8615, 35.3396], [139.8609, 35.3397], [139.8611, 35.3406], [139.8618, 35.3404], [139.8619, 35.3406], [139.8615, 35.3407], [139.8607, 35.3437], [139.8602, 35.3439], [139.8607, 35.3421], [139.8606, 35.3416], [139.8591, 35.3415], [139.8581, 35.3419], [139.8582, 35.3425], [139.8552, 35.345], [139.852, 35.3493], [139.847, 35.3468], [139.8375, 35.359], [139.8239, 35.3454], [139.8209, 35.3464], [139.8238, 35.3453], [139.8213, 35.3459], [139.8236, 35.3451], [139.8227, 35.3442], [139.8244, 35.3421], [139.8236, 35.3416], [139.8241, 35.3409], [139.8248, 35.3408], [139.8253, 35.34], [139.8248, 35.3409], [139.8239, 35.3413], [139.8245, 35.342], [139.8269, 35.3389], [139.8265, 35.3388], [139.8272, 35.3389], [139.8274, 35.3386], [139.827, 35.3382], [139.8273, 35.3384], [139.8278, 35.3378], [139.8249, 35.3361], [139.8279, 35.3377], [139.8287, 35.3366], [139.8371, 35.3378], [139.8377, 35.337], [139.8376, 35.3366], [139.8378, 35.3368], [139.8393, 35.335], [139.842, 35.3335], [139.8417, 35.3331], [139.8396, 35.3342], [139.8391, 35.334], [139.8394, 35.3337], [139.8384, 35.3332], [139.834, 35.3309], [139.8346, 35.3315], [139.833, 35.3304], [139.8245, 35.3263], [139.8246, 35.3261], [139.8233, 35.3254], [139.8239, 35.3246], [139.8213, 35.3233], [139.8202, 35.3248], [139.8227, 35.3261], [139.8233, 35.3261], [139.8227, 35.3262], [139.8189, 35.3312], [139.8201, 35.3336], [139.8212, 35.3343], [139.8201, 35.3337], [139.8188, 35.3312], [139.8221, 35.3269], [139.8166, 35.3241]], [[139.8572, 35.3421], [139.8566, 35.34], [139.8554, 35.3401], [139.8556, 35.3409], [139.8541, 35.3411], [139.8554, 35.3421], [139.8559, 35.3419], [139.8561, 35.3425], [139.8572, 35.3421]], [[139.8593, 35.3411], [139.8591, 35.3407], [139.8583, 35.3412], [139.8584, 35.3415], [139.8593, 35.3411]], [[139.8586, 35.3395], [139.8581, 35.3395], [139.8579, 35.3398], [139.858, 35.3404], [139.8588, 35.3403], [139.8586, 35.3395]]]}, "properties": {"name": "千葉県富津市"}}, {"type": "Feature", "geometry": {"type": "Polygon", "coordinates": [[[139.8862, 35.671], [139.8872, 35.6678], [139.8871, 35.6561], [139.8861, 35.6516], [139.8836, 35.6457], [139.8848, 35.6444], [139.8784, 35.6408], [139.8761, 35.6391], [139.8768, 35.6388], [139.8751, 35.6375], [139.8734, 35.6347], [139.8731, 35.6349], [139.873, 35.6347], [139.8734, 35.6346], [139.8729, 35.6339], [139.8726, 35.6342], [139.8725, 35.6339], [139.8729, 35.6338], [139.8724, 35.633], [139.8725, 35.6255], [139.8883, 35.6219], [139.8928, 35.6256], [139.8935, 35.6249], [139.8962, 35.6174], [139.8976, 35.6167], [139.9058, 35.6214], [139.9061, 35.6213], [139.9053, 35.6219], [139.9069, 35.6231], [139.8994, 35.6291], [139.8989, 35.6293], [139.8993, 35.6289], [139.8986, 35.6284], [139.8985, 35.6289], [139.8982, 35.6288], [139.8985, 35.629], [139.8982, 35.6288], [139.8976, 35.6293], [139.898, 35.6297], [139.8974, 35.6294], [139.8979, 35.6299], [139.8985, 35.6296], [139.8979, 35.6299], [139.8985, 35.6305], [139.8938, 35.6343], [139.8945, 35.6348], [139.8992, 35.6311], [139.9001, 35.6317], [139.9008, 35.6311], [139.9004, 35.6308], [139.9015, 35.6299], [139.9054, 35.6327], [139.9069, 35.6313], [139.9047, 35.6295], [139.9047, 35.6286], [139.9101, 35.6243], [139.9105, 35.6247], [139.9394, 35.6405], [139.9395, 35.6411], [139.9368, 35.6433], [139.9181, 35.6556], [139.9072, 35.6629], [139.9014, 35.6664], [139.9017, 35.668], [139.9002, 35.6691], [139.8979, 35.6696], [139.8976, 35.67], [139.8949, 35.6709], [139.8951, 35.6714], [139.8933, 35.6719], [139.8936, 35.6726], [139.8933, 35.6728], [139.893, 35.6724], [139.8885, 35.6726], [139.8879, 35.6719], [139.888, 35.6711], [139.8862, 35.671]]]}, "properties": {"name": "千葉県浦安市"}}, {"type": "Feature", "geometry": {"type": "Polygon", "coordinates": [[[140.1362, 35.6705], [140.141, 35.6689], [140.141, 35.6675], [140.1501, 35.668], [140.1509, 35.6688], [140.1513, 35.6697], [140.1516, 35.6722], [140.1523, 35.6744], [140.1521, 35.6749], [140.1527, 35.6763], [140.1527, 35.6773], [140.1519, 35.6778], [140.1523, 35.6792], [140.1531, 35.6791], [140.1528, 35.678], [140.1533, 35.676], [140.1531, 35.6753], [140.1524, 35.6749], [140.1527, 35.6732], [140.152, 35.6729], [140.1516, 35.6709], [140.152, 35.6705], [140.1507, 35.6675], [140.1504, 35.666], [140.1512, 35.6639], [140.1508, 35.6622], [140.153, 35.6602], [140.1523, 35.6592], [140.1568, 35.6573], [140.1559, 35.654], [140.1553, 35.6505], [140.1575, 35.6468], [140.1594, 35.646], [140.1632, 35.6451], [140.1649, 35.6464], [140.167, 35.6488], [140.1683, 35.6491], [140.1696, 35.6507], [140.1721, 35.6523], [140.1732, 35.6517], [140.1731, 35.6503], [140.1715, 35.6475], [140.1701, 35.6458], [140.1705, 35.6454], [140.1736, 35.6495], [140.174, 35.6508], [140.1738, 35.6538], [140.1742, 35.654], [140.1761, 35.6535], [140.1776, 35.6523], [140.1795, 35.6504], [140.1794, 35.6489], [140.1806, 35.6487], [140.1826, 35.6489], [140.183, 35.6481], [140.1827, 35.6476], [140.1802, 35.6451], [140.1805, 35.6436], [140.1825, 35.6455], [140.1852, 35.647], [140.1862, 35.6461], [140.1852, 35.6443], [140.1861, 35.6421], [140.189, 35.6431], [140.1899, 35.6427], [140.1907, 35.6414], [140.1924, 35.6401], [140.1941, 35.6398], [140.1955, 35.6404], [140.1957, 35.6398], [140.1952, 35.6394], [140.1937, 35.6396], [140.1935, 35.6388], [140.1931, 35.6388], [140.1931, 35.6395], [140.1919, 35.6397], [140.1916, 35.6374], [140.1909, 35.6372], [140.191, 35.6374], [140.1903, 35.6378], [140.1881, 35.6341], [140.186, 35.6331], [140.1869, 35.6318], [140.185, 35.629], [140.1864, 35.6285], [140.1893, 35.6261], [140.1892, 35.6257], [140.19, 35.6254], [140.1934, 35.6268], [140.1942, 35.6279], [140.1949, 35.6282], [140.195, 35.6292], [140.1995, 35.6358], [140.2049, 35.6417], [140.2061, 35.6438], [140.2086, 35.6459], [140.2085, 35.6462], [140.2078, 35.6464], [140.2075, 35.646], [140.2071, 35.6461], [140.2063, 35.6477], [140.2052, 35.6486], [140.2045, 35.651], [140.2048, 35.651], [140.2049, 35.6518], [140.2057, 35.6517], [140.2066, 35.6521], [140.2103, 35.6541], [140.2118, 35.6545], [140.2132, 35.6544], [140.2132, 35.6566], [140.2127, 35.6572], [140.213, 35.6573], [140.2128, 35.6605], [140.2147, 35.6621], [140.2149, 35.6627], [140.2138, 35.6646], [140.2119, 35.6662], [140.2106, 35.6684], [140.2096, 35.6715], [140.2079, 35.672], [140.2091, 35.6762], [140.21, 35.6764], [140.2062, 35.6781], [140.2045, 35.68], [140.2032, 35.6836], [140.2036, 35.6834], [140.2037, 35.6839], [140.203, 35.6841], [140.2025, 35.686], [140.2027, 35.6868], [140.2036, 35.6878], [140.2042, 35.6884], [140.2047, 35.6882], [140.2088, 35.6979], [140.2082, 35.7003], [140.2071, 35.701], [140.208, 35.7018], [140.2081, 35.7024], [140.2078, 35.7029], [140.2065, 35.7023], [140.2075, 35.7045], [140.2065, 35.7064], [140.2075, 35.7064], [140.2061, 35.7068], [140.2054, 35.7065], [140.205, 35.7073], [140.2049, 35.7063], [140.2039, 35.7062], [140.2036, 35.7051], [140.1996, 35.7043], [140.1992, 35.705], [140.1983, 35.7048], [140.1983, 35.7042], [140.1963, 35.7036], [140.1953, 35.7028], [140.1948, 35.7029], [140.1947, 35.7025], [140.1944, 35.7026], [140.1936, 35.7018], [140.1925, 35.7028], [140.193, 35.7039], [140.1926, 35.7043], [140.1921, 35.7043], [140.1899, 35.703], [140.1896, 35.7021], [140.1882, 35.7007], [140.1875, 35.7009], [140.1825, 35.6989], [140.1834, 35.6988], [140.1829, 35.6971], [140.1822, 35.6962], [140.1798, 35.695], [140.1773, 35.6944], [140.1767, 35.695], [140.1763, 35.6972], [140.1751, 35.6988], [140.1744, 35.6992], [140.1727, 35.6971], [140.1703, 35.6956], [140.1692, 35.6944], [140.1688, 35.6947], [140.1693, 35.6963], [140.1677, 35.6971], [140.1656, 35.6988], [140.1657, 35.6969], [140.1634, 35.6952], [140.1631, 35.6938], [140.1624, 35.6928], [140.1614, 35.6922], [140.161, 35.691], [140.1614, 35.6925], [140.1628, 35.6935], [140.163, 35.6947], [140.1635, 35.6956], [140.1629, 35.6961], [140.161, 35.6961], [140.1588, 35.6953], [140.1591, 35.6959], [140.1515, 35.6995], [140.15, 35.6999], [140.1503, 35.7003], [140.1489, 35.7009], [140.1483, 35.7001], [140.149, 35.6998], [140.1483, 35.6964], [140.1495, 35.6962], [140.1498, 35.6966], [140.1507, 35.6964], [140.1486, 35.6954], [140.1479, 35.6946], [140.1472, 35.6929], [140.1509, 35.6913], [140.1516, 35.6914], [140.1515, 35.6907], [140.1526, 35.6895], [140.1538, 35.6889], [140.1534, 35.6885], [140.1529, 35.6887], [140.1527, 35.688], [140.1531, 35.6874], [140.153, 35.6865], [140.1538, 35.6836], [140.1542, 35.6834], [140.1538, 35.6831], [140.1538, 35.6823], [140.1528, 35.6823], [140.1527, 35.6833], [140.1531, 35.684], [140.152, 35.6878], [140.1495, 35.6863], [140.1491, 35.6847], [140.1481, 35.6843], [140.1488, 35.6849], [140.1494, 35.6866], [140.1509, 35.6879], [140.1517, 35.6882], [140.1519, 35.6888], [140.1506, 35.6901], [140.1489, 35.6911], [140.1485, 35.6912], [140.1478, 35.6897], [140.1481, 35.6912], [140.1476, 35.6916], [140.147, 35.6917], [140.1454, 35.6911], [140.1428, 35.6912], [140.1419, 35.6897], [140.1396, 35.6881], [140.1393, 35.6858], [140.1383, 35.685], [140.1378, 35.6835], [140.138, 35.6813], [140.1374, 35.6805], [140.1367, 35.6802], [140.1383, 35.6754], [140.1381, 35.6732], [140.1402, 35.6729], [140.142, 35.6713], [140.1405, 35.6724], [140.1378, 35.6725], [140.1376, 35.6717], [140.1369, 35.6711], [140.1366, 35.6712], [140.1362, 35.6705]]]}, "properties": {"name": "千葉県四街道市"}}, {"type": "Feature", "geometry": {"type": "Polygon", "coordinates": [[[139.9487, 35.4424], [139.9489, 35.4408], [139.9501, 35.4389], [139.9496, 35.4387], [139.9501, 35.4378], [139.9458, 35.4324], [139.9456, 35.4303], [139.9464, 35.4282], [139.9429, 35.4269], [139.9412, 35.4258], [139.9417, 35.4256], [139.9384, 35.4213], [139.9398, 35.4205], [139.9413, 35.4215], [139.9424, 35.4211], [139.9422, 35.4183], [139.9434, 35.417], [139.9455, 35.416], [139.9489, 35.4151], [139.9501, 35.4145], [139.9507, 35.4134], [139.953, 35.4135], [139.9533, 35.4127], [139.9547, 35.4121], [139.9553, 35.4112], [139.9557, 35.4112], [139.9557, 35.4106], [139.9565, 35.4106], [139.9574, 35.4118], [139.9578, 35.4117], [139.958, 35.4125], [139.9583, 35.4124], [139.9584, 35.4129], [139.9588, 35.4128], [139.9586, 35.4132], [139.9594, 35.4133], [139.9593, 35.4135], [139.9599, 35.4138], [139.9601, 35.4135], [139.9613, 35.4136], [139.9635, 35.4148], [139.9642, 35.4145], [139.9644, 35.4154], [139.9653, 35.4148], [139.9651, 35.4157], [139.9646, 35.416], [139.9649, 35.4172], [139.9657, 35.417], [139.966, 35.4177], [139.964, 35.418], [139.9637, 35.4196], [139.9682, 35.42], [139.9751, 35.4168], [139.9737, 35.4141], [139.974, 35.4139], [139.9722, 35.4122], [139.9711, 35.4101], [139.9719, 35.41], [139.9726, 35.4094], [139.9725, 35.4091], [139.9753, 35.4073], [139.9767, 35.4081], [139.977, 35.4085], [139.9794, 35.4079], [139.9797, 35.4092], [139.9812, 35.4093], [139.9893, 35.4082], [139.9909, 35.4084], [139.9909, 35.4075], [139.9926, 35.407], [139.9948, 35.407], [139.9947, 35.4052], [139.9957, 35.405], [139.9974, 35.4049], [139.9981, 35.4056], [140.0017, 35.4051], [140.0024, 35.4053], [140.005, 35.4049], [140.0064, 35.4052], [140.0077, 35.4049], [140.0077, 35.4051], [140.009, 35.405], [140.0115, 35.4043], [140.0106, 35.4013], [140.0112, 35.4011], [140.0104, 35.3984], [140.0081, 35.3989], [140.0084, 35.3971], [140.0077, 35.3961], [140.0078, 35.3955], [140.0069, 35.3947], [140.0066, 35.3938], [140.0017, 35.3964], [139.9998, 35.3968], [139.9975, 35.3964], [139.9941, 35.3942], [139.9932, 35.3938], [139.9921, 35.3937], [139.9922, 35.3929], [139.9929, 35.3928], [139.993, 35.3918], [139.9943, 35.3915], [139.9942, 35.3913], [139.9947, 35.3912], [139.9951, 35.3896], [139.9971, 35.3893], [139.9989, 35.3881], [139.9992, 35.3875], [140.0025, 35.3874], [140.0035, 35.3865], [140.0046, 35.3863], [140.0049, 35.3859], [140.0041, 35.3851], [140.0046, 35.3851], [140.0045, 35.3847], [140.0038, 35.3847], [140.0039, 35.3837], [140.0035, 35.3828], [140.0013, 35.3838], [140.0007, 35.3829], [140.0002, 35.379], [140.0008, 35.3786], [140.002, 35.3789], [140.0015, 35.3781], [140.0011, 35.3765], [140.002, 35.3727], [140.0015, 35.3712], [139.9985, 35.3683], [139.9982, 35.3672], [139.9988, 35.3658], [139.9988, 35.3645], [140.0001, 35.3637], [140.0003, 35.3631], [140.0016, 35.3627], [140.0026, 35.3613], [140.0031, 35.3599], [140.0013, 35.3575], [140.0012, 35.3558], [140.0005, 35.3543], [140.0007, 35.3531], [139.9998, 35.3522], [140.0003, 35.3519], [139.9995, 35.3519], [139.9973, 35.3509], [139.9958, 35.3507], [139.9947, 35.3498], [139.9951, 35.3483], [139.9959, 35.3486], [139.996, 35.3491], [139.9955, 35.3496], [139.9959, 35.3499], [139.9963, 35.3497], [139.9965, 35.3503], [139.997, 35.3502], [139.9965, 35.3488], [139.997, 35.3488], [139.997, 35.3495], [139.9974, 35.3496], [139.9974, 35.3487], [139.9984, 35.3486], [139.9988, 35.3491], [139.9987, 35.3504], [139.999, 35.3504], [139.9994, 35.3491], [140, 35.3495], [139.9998, 35.351], [140.0005, 35.3509], [140.0004, 35.3498], [140.0015, 35.3494], [139.9994, 35.3488], [139.9989, 35.3481], [139.9999, 35.3463], [140.0007, 35.3462], [140.0014, 35.3467], [140.0022, 35.3466], [140.0015, 35.3464], [140.001, 35.346], [140.0013, 35.3456], [140.0029, 35.3455], [140.0026, 35.3453], [140.0012, 35.3453], [140.0017, 35.3444], [140.0031, 35.3437], [140.0045, 35.3438], [140.0049, 35.3446], [140.0052, 35.3446], [140.0052, 35.344], [140.008, 35.3437], [140.0086, 35.3434], [140.0117, 35.3442], [140.0133, 35.3431], [140.0156, 35.3421], [140.015, 35.3427], [140.0153, 35.3437], [140.0157, 35.3439], [140.0152, 35.3441], [140.016, 35.3445], [140.0166, 35.3455], [140.0165, 35.346], [140.0169, 35.3461], [140.016, 35.3467], [140.0183, 35.3497], [140.0193, 35.3501], [140.0185, 35.3513], [140.0187, 35.352], [140.0195, 35.3504], [140.0194, 35.3501], [140.0199, 35.3497], [140.0197, 35.3503], [140.0201, 35.3509], [140.0188, 35.3522], [140.019, 35.3527], [140.0209, 35.3519], [140.0223, 35.352], [140.0233, 35.3527], [140.0252, 35.3524], [140.0233, 35.357], [140.0233, 35.3587], [140.0237, 35.3599], [140.0248, 35.3607], [140.0281, 35.36], [140.0309, 35.3604], [140.0322, 35.3609], [140.0328, 35.3608], [140.0331, 35.3604], [140.0332, 35.3619], [140.0337, 35.3628], [140.0331, 35.3628], [140.0344, 35.3639], [140.034, 35.3663], [140.0355, 35.3697], [140.0354, 35.3714], [140.0422, 35.3711], [140.0423, 35.3725], [140.0436, 35.3725], [140.0437, 35.3736], [140.0443, 35.3739], [140.0451, 35.3736], [140.0454, 35.3757], [140.0457, 35.3756], [140.0459, 35.3783], [140.0469, 35.3784], [140.0458, 35.3791], [140.0476, 35.3808], [140.0536, 35.3783], [140.055, 35.3807], [140.0556, 35.3804], [140.0559, 35.3809], [140.0575, 35.3802], [140.0571, 35.3796], [140.0593, 35.3787], [140.0597, 35.3793], [140.0609, 35.3788], [140.0629, 35.3811], [140.0644, 35.3816], [140.0653, 35.3827], [140.0698, 35.3839], [140.0729, 35.3834], [140.0732, 35.384], [140.0739, 35.3842], [140.074, 35.3848], [140.0748, 35.3849], [140.0755, 35.3857], [140.0763, 35.3853], [140.0788, 35.3857], [140.081, 35.3853], [140.0814, 35.3855], [140.0821, 35.385], [140.083, 35.3853], [140.0834, 35.3848], [140.0837, 35.3832], [140.0851, 35.3823], [140.088, 35.3834], [140.0892, 35.383], [140.0898, 35.3838], [140.0911, 35.3845], [140.0917, 35.3868], [140.0924, 35.388], [140.0921, 35.3882], [140.0936, 35.3899], [140.0933, 35.3907], [140.0923, 35.3914], [140.092, 35.3926], [140.0924, 35.3958], [140.0907, 35.3962], [140.0877, 35.3978], [140.0899, 35.3994], [140.0887, 35.4011], [140.0916, 35.4026], [140.0914, 35.4029], [140.092, 35.4039], [140.0914, 35.4051], [140.0924, 35.4064], [140.0924, 35.407], [140.0915, 35.4086], [140.0911, 35.4087], [140.0904, 35.4113], [140.0899, 35.412], [140.0893, 35.4122], [140.0893, 35.414], [140.0886, 35.4162], [140.0888, 35.417], [140.0903, 35.4168], [140.0906, 35.4175], [140.0892, 35.4198], [140.0901, 35.4207], [140.089, 35.4212], [140.0887, 35.4225], [140.0865, 35.4245], [140.0877, 35.4255], [140.0877, 35.4274], [140.0862, 35.4283], [140.0842, 35.4288], [140.0841, 35.4292], [140.0832, 35.4282], [140.0822, 35.4284], [140.0819, 35.4304], [140.0803, 35.4322], [140.0765, 35.4301], [140.0631, 35.4268], [140.0633, 35.4262], [140.0625, 35.426], [140.0626, 35.4256], [140.0619, 35.4255], [140.0617, 35.4263], [140.0598, 35.4259], [140.0552, 35.4264], [140.0541, 35.4263], [140.0533, 35.4258], [140.0514, 35.4261], [140.0498, 35.4254], [140.0442, 35.4238], [140.0328, 35.4237], [140.0328, 35.4243], [140.0337, 35.4251], [140.0349, 35.4254], [140.0387, 35.427], [140.0405, 35.4288], [140.0408, 35.4293], [140.0398, 35.4332], [140.0399, 35.434], [140.0409, 35.4353], [140.0427, 35.4359], [140.0429, 35.4373], [140.0411, 35.4395], [140.0414, 35.4413], [140.0393, 35.4461], [140.0374, 35.4486], [140.035, 35.4503], [140.0343, 35.4518], [140.0302, 35.4546], [140.0298, 35.4575], [140.0289, 35.4592], [140.0266, 35.4626], [140.0247, 35.4643], [140.0227, 35.4674], [140.0215, 35.4667], [140.016, 35.4714], [140.0154, 35.4723], [140.0157, 35.4725], [140.0162, 35.472], [140.0137, 35.4754], [140.0135, 35.4757], [140.0137, 35.4753], [140.0132, 35.4751], [140.0126, 35.4759], [140.0128, 35.476], [140.0129, 35.4771], [140.0127, 35.476], [140.0119, 35.4764], [140.0123, 35.4778], [140.0118, 35.4765], [140.0111, 35.4769], [140.0114, 35.4782], [140.0109, 35.4769], [140.0101, 35.4774], [140.0105, 35.4788], [140.0102, 35.4789], [140.0099, 35.4775], [140.0086, 35.4782], [140.009, 35.4789], [140.0085, 35.4782], [140.0067, 35.4792], [140.0071, 35.4798], [140.0077, 35.4797], [140.0066, 35.4802], [140.007, 35.4798], [140.0067, 35.4795], [140.005, 35.4809], [140.0067, 35.4795], [140.0055, 35.4788], [140.0025, 35.4825], [140.0055, 35.4787], [139.9982, 35.4748], [139.9968, 35.4761], [140.0007, 35.4713], [140.0004, 35.4712], [140.0012, 35.4703], [140.0005, 35.4711], [140.0008, 35.4713], [140.0033, 35.4683], [140.0015, 35.4672], [140.0012, 35.4678], [140.0009, 35.4676], [140.0014, 35.4672], [140.0004, 35.4666], [140, 35.4672], [139.9998, 35.4671], [140.0003, 35.4666], [139.9993, 35.4659], [139.9947, 35.4724], [139.9953, 35.4706], [139.9937, 35.4724], [139.9933, 35.4734], [139.9936, 35.4724], [139.9932, 35.4722], [139.9925, 35.4743], [139.9931, 35.4721], [139.9891, 35.4699], [139.9916, 35.4656], [139.9912, 35.4655], [139.9948, 35.4594], [139.9968, 35.4593], [139.9973, 35.4595], [139.9975, 35.4592], [139.9971, 35.459], [139.9981, 35.4573], [139.9944, 35.4559], [139.9929, 35.4542], [139.9928, 35.4543], [139.9918, 35.4539], [139.9928, 35.4543], [139.9934, 35.4532], [139.9909, 35.4523], [139.9912, 35.4519], [139.9906, 35.4517], [139.9892, 35.4543], [139.9923, 35.4574], [139.982, 35.4748], [139.9775, 35.473], [139.9773, 35.4734], [139.9775, 35.473], [139.9747, 35.472], [139.9739, 35.4732], [139.9746, 35.4719], [139.9732, 35.4714], [139.9709, 35.474], [139.9714, 35.4738], [139.971, 35.4743], [139.9707, 35.4744], [139.9707, 35.4741], [139.9695, 35.4756], [139.9707, 35.4741], [139.9703, 35.4744], [139.9704, 35.4741], [139.971, 35.4734], [139.9708, 35.4739], [139.9731, 35.4713], [139.9702, 35.4702], [139.9699, 35.4706], [139.9702, 35.4702], [139.9674, 35.4692], [139.9652, 35.4718], [139.9656, 35.4718], [139.9653, 35.4722], [139.9648, 35.4726], [139.9651, 35.472], [139.9638, 35.4733], [139.9673, 35.4691], [139.9658, 35.4685], [139.9668, 35.4654], [139.9664, 35.4655], [139.9663, 35.4653], [139.9673, 35.4628], [139.9676, 35.4634], [139.9674, 35.4628], [139.968, 35.4613], [139.9694, 35.4607], [139.9699, 35.4593], [139.9678, 35.4599], [139.97, 35.4592], [139.971, 35.4562], [139.9688, 35.4568], [139.9711, 35.4561], [139.9726, 35.4517], [139.9745, 35.4485], [139.968, 35.446], [139.9677, 35.4481], [139.9698, 35.4489], [139.9677, 35.4481], [139.9619, 35.4468], [139.9622, 35.4427], [139.9617, 35.4428], [139.9614, 35.4466], [139.9584, 35.4459], [139.9583, 35.4461], [139.9578, 35.4458], [139.9577, 35.4451], [139.9573, 35.4451], [139.9573, 35.4457], [139.9563, 35.4447], [139.9557, 35.4437], [139.9545, 35.4438], [139.9547, 35.444], [139.9541, 35.4443], [139.955, 35.4451], [139.9521, 35.453], [139.9542, 35.4535], [139.956, 35.4485], [139.9567, 35.4481], [139.9645, 35.45], [139.965, 35.4507], [139.964, 35.4535], [139.9642, 35.4535], [139.9646, 35.4525], [139.9647, 35.453], [139.9632, 35.4566], [139.9632, 35.4556], [139.9627, 35.4572], [139.9631, 35.4573], [139.9634, 35.4567], [139.9627, 35.4587], [139.9628, 35.4581], [139.9624, 35.458], [139.9622, 35.4587], [139.9511, 35.4561], [139.9487, 35.4424]]]}, "properties": {"name": "千葉県袖ケ浦市"}}, {"type": "Feature", "geometry": {"type": "MultiPolygon", "coordinates": [[[[140.2869, 35.573], [140.291, 35.5726], [140.2936, 35.5731], [140.305, 35.5788], [140.3117, 35.5829], [140.312, 35.5834], [140.3159, 35.5851], [140.3157, 35.5854], [140.3165, 35.5859], [140.3168, 35.5855], [140.3193, 35.5863], [140.3219, 35.5863], [140.3299, 35.5857], [140.332, 35.5859], [140.3352, 35.5852], [140.3373, 35.5853], [140.3391, 35.5861], [140.339, 35.5867], [140.3385, 35.5866], [140.3364, 35.5904], [140.3321, 35.589], [140.3324, 35.588], [140.3316, 35.5878], [140.3299, 35.5893], [140.3293, 35.5893], [140.3295, 35.5906], [140.3289, 35.5915], [140.3273, 35.5913], [140.3269, 35.59], [140.3261, 35.5895], [140.3271, 35.5917], [140.3238, 35.5923], [140.3238, 35.5926], [140.3243, 35.5927], [140.3237, 35.5942], [140.322, 35.5958], [140.3227, 35.5978], [140.3224, 35.6001], [140.3229, 35.6011], [140.3207, 35.6008], [140.3189, 35.6013], [140.3155, 35.6002], [140.314, 35.6001], [140.3127, 35.6004], [140.3112, 35.5992], [140.3114, 35.5978], [140.311, 35.5977], [140.3108, 35.5985], [140.3083, 35.5956], [140.3056, 35.5943], [140.3082, 35.5959], [140.3083, 35.5969], [140.31, 35.5983], [140.3106, 35.5996], [140.312, 35.6007], [140.3111, 35.6015], [140.3113, 35.6018], [140.3124, 35.6012], [140.3131, 35.6012], [140.3142, 35.6008], [140.3164, 35.6009], [140.3189, 35.602], [140.3213, 35.6016], [140.3213, 35.603], [140.3231, 35.6041], [140.3262, 35.6051], [140.3291, 35.6055], [140.3294, 35.606], [140.3302, 35.6063], [140.3296, 35.607], [140.327, 35.6065], [140.3263, 35.607], [140.3256, 35.607], [140.3242, 35.6071], [140.3242, 35.6091], [140.3147, 35.6039], [140.3137, 35.6063], [140.3123, 35.6063], [140.3131, 35.6065], [140.3135, 35.6071], [140.3152, 35.6075], [140.3154, 35.608], [140.3135, 35.6085], [140.3124, 35.6098], [140.3127, 35.6109], [140.3118, 35.6121], [140.3097, 35.6099], [140.3089, 35.6099], [140.3107, 35.6113], [140.3085, 35.613], [140.3093, 35.6147], [140.3107, 35.6153], [140.3117, 35.6154], [140.3118, 35.6159], [140.3129, 35.6158], [140.3133, 35.6164], [140.313, 35.6168], [140.3148, 35.6168], [140.3157, 35.6171], [140.3158, 35.6176], [140.315, 35.6182], [140.3133, 35.6188], [140.3126, 35.6217], [140.3098, 35.6221], [140.3077, 35.6234], [140.3081, 35.6244], [140.3078, 35.6247], [140.3111, 35.6276], [140.3162, 35.6302], [140.3167, 35.631], [140.3194, 35.6302], [140.3204, 35.629], [140.3223, 35.6278], [140.3226, 35.6283], [140.3234, 35.6282], [140.3257, 35.6262], [140.329, 35.6315], [140.3292, 35.6332], [140.324, 35.6362], [140.3242, 35.6365], [140.3229, 35.6377], [140.3213, 35.6399], [140.3235, 35.6404], [140.3235, 35.6429], [140.3259, 35.6433], [140.3259, 35.6443], [140.3242, 35.6436], [140.3242, 35.644], [140.325, 35.6442], [140.3237, 35.6448], [140.3233, 35.6458], [140.3204, 35.6473], [140.3199, 35.6469], [140.3202, 35.6484], [140.3208, 35.6488], [140.3207, 35.6491], [140.3214, 35.6494], [140.323, 35.6494], [140.3242, 35.6487], [140.3244, 35.6505], [140.3251, 35.6514], [140.3248, 35.6493], [140.3255, 35.6491], [140.3253, 35.6489], [140.3263, 35.6487], [140.3274, 35.649], [140.3276, 35.6496], [140.328, 35.6495], [140.3282, 35.6509], [140.3259, 35.6523], [140.3278, 35.6539], [140.3271, 35.6544], [140.3274, 35.6563], [140.3269, 35.6562], [140.3268, 35.6566], [140.3274, 35.6566], [140.3274, 35.6569], [140.3264, 35.6572], [140.3264, 35.6578], [140.3268, 35.6573], [140.3278, 35.6573], [140.3304, 35.6556], [140.3306, 35.6566], [140.3313, 35.6568], [140.3324, 35.6588], [140.3328, 35.659], [140.3327, 35.6575], [140.3332, 35.6575], [140.3332, 35.6585], [140.3335, 35.6585], [140.3336, 35.6592], [140.3334, 35.6592], [140.3331, 35.6599], [140.334, 35.66], [140.334, 35.6608], [140.3342, 35.6601], [140.3347, 35.66], [140.3347, 35.6592], [140.3355, 35.6592], [140.3356, 35.658], [140.336, 35.6578], [140.3366, 35.6588], [140.336, 35.6588], [140.336, 35.6607], [140.3369, 35.6607], [140.3369, 35.66], [140.3388, 35.66], [140.3384, 35.6607], [140.3402, 35.6608], [140.3404, 35.6602], [140.3445, 35.6603], [140.3443, 35.6596], [140.3449, 35.6592], [140.3453, 35.6596], [140.3458, 35.6594], [140.3458, 35.6602], [140.3477, 35.6602], [140.3507, 35.6591], [140.3509, 35.6589], [140.3499, 35.658], [140.3505, 35.6582], [140.3507, 35.6579], [140.3515, 35.6584], [140.3519, 35.6579], [140.3512, 35.6574], [140.3516, 35.657], [140.3523, 35.6574], [140.3533, 35.6563], [140.3543, 35.6568], [140.3537, 35.6633], [140.349, 35.6638], [140.3488, 35.6652], [140.3454, 35.6654], [140.3443, 35.6652], [140.3414, 35.6641], [140.3402, 35.664], [140.3386, 35.6645], [140.3363, 35.6636], [140.3377, 35.6648], [140.3397, 35.6649], [140.3397, 35.6654], [140.3404, 35.6651], [140.3405, 35.6661], [140.3399, 35.6661], [140.3398, 35.6668], [140.3408, 35.6671], [140.3407, 35.6677], [140.341, 35.6678], [140.3404, 35.6685], [140.3434, 35.6698], [140.3461, 35.6714], [140.3475, 35.6715], [140.3475, 35.6721], [140.3486, 35.6723], [140.3487, 35.6714], [140.3492, 35.6714], [140.3495, 35.6722], [140.3493, 35.6732], [140.3485, 35.6751], [140.3469, 35.6765], [140.3474, 35.6768], [140.3311, 35.6824], [140.3311, 35.6828], [140.3304, 35.6828], [140.3305, 35.6825], [140.3298, 35.6827], [140.3298, 35.6831], [140.3295, 35.6828], [140.3277, 35.6834], [140.3267, 35.6839], [140.3265, 35.6851], [140.3254, 35.6861], [140.3224, 35.6871], [140.322, 35.6868], [140.3215, 35.687], [140.3215, 35.6884], [140.32, 35.6902], [140.3192, 35.692], [140.3182, 35.6928], [140.3193, 35.6923], [140.3192, 35.6946], [140.3184, 35.6948], [140.3175, 35.6959], [140.3166, 35.6961], [140.3175, 35.6961], [140.3179, 35.6969], [140.3182, 35.6988], [140.3191, 35.6991], [140.3199, 35.6999], [140.3198, 35.7009], [140.3205, 35.7015], [140.3208, 35.7027], [140.3216, 35.7031], [140.3218, 35.7061], [140.3215, 35.7071], [140.3213, 35.7073], [140.3202, 35.7066], [140.3211, 35.7074], [140.3202, 35.7086], [140.3177, 35.7076], [140.3178, 35.7072], [140.3173, 35.7075], [140.3167, 35.7072], [140.3162, 35.7067], [140.317, 35.7057], [140.3171, 35.7037], [140.3165, 35.706], [140.3159, 35.7068], [140.3146, 35.7067], [140.3123, 35.7058], [140.3121, 35.7055], [140.3127, 35.7051], [140.3127, 35.7045], [140.3125, 35.7052], [140.3112, 35.7056], [140.3098, 35.7042], [140.3107, 35.7057], [140.31, 35.7068], [140.31, 35.7096], [140.3096, 35.7105], [140.3096, 35.712], [140.309, 35.7133], [140.308, 35.713], [140.3079, 35.7123], [140.3073, 35.7116], [140.3077, 35.7129], [140.3073, 35.7132], [140.3055, 35.7127], [140.3047, 35.7121], [140.3043, 35.7112], [140.3054, 35.7083], [140.3046, 35.7092], [140.304, 35.7117], [140.3027, 35.7115], [140.3025, 35.7106], [140.3016, 35.7099], [140.3024, 35.7117], [140.3039, 35.7119], [140.3052, 35.7129], [140.3023, 35.7153], [140.3013, 35.7163], [140.3003, 35.7148], [140.2987, 35.7136], [140.2969, 35.713], [140.2959, 35.7121], [140.2941, 35.7091], [140.2926, 35.7083], [140.2911, 35.7079], [140.2914, 35.7065], [140.2917, 35.7065], [140.2916, 35.7059], [140.2897, 35.7049], [140.2889, 35.7039], [140.2888, 35.7034], [140.2902, 35.7024], [140.2907, 35.7025], [140.2903, 35.702], [140.2907, 35.7014], [140.2917, 35.7014], [140.2931, 35.7023], [140.2949, 35.7041], [140.2934, 35.7023], [140.2917, 35.701], [140.2931, 35.7006], [140.2953, 35.7011], [140.2959, 35.7008], [140.2966, 35.7012], [140.2972, 35.7009], [140.2984, 35.7011], [140.2996, 35.7007], [140.3003, 35.7011], [140.3001, 35.7007], [140.301, 35.6995], [140.3002, 35.7004], [140.2984, 35.7008], [140.2978, 35.7005], [140.2981, 35.6997], [140.2969, 35.7005], [140.2934, 35.7], [140.2939, 35.6988], [140.2938, 35.6977], [140.2951, 35.696], [140.2935, 35.6976], [140.2934, 35.699], [140.2924, 35.7001], [140.2916, 35.7002], [140.2896, 35.6996], [140.2883, 35.6999], [140.2867, 35.6983], [140.2895, 35.6969], [140.2889, 35.6956], [140.289, 35.6947], [140.2878, 35.6943], [140.2872, 35.6928], [140.2872, 35.6909], [140.2863, 35.6905], [140.2859, 35.6908], [140.2838, 35.6903], [140.2799, 35.6879], [140.2809, 35.6878], [140.2824, 35.6864], [140.2832, 35.6852], [140.2832, 35.685], [140.2826, 35.685], [140.283, 35.6832], [140.2826, 35.6815], [140.2827, 35.6797], [140.2845, 35.6755], [140.2849, 35.6756], [140.2849, 35.6736], [140.2853, 35.6725], [140.2846, 35.6717], [140.2845, 35.6703], [140.2866, 35.6672], [140.2864, 35.6665], [140.2864, 35.6672], [140.2843, 35.6701], [140.2844, 35.6718], [140.2848, 35.6727], [140.2844, 35.6735], [140.2844, 35.6752], [140.2828, 35.6784], [140.2828, 35.6791], [140.2823, 35.6794], [140.2817, 35.6789], [140.28, 35.6789], [140.279, 35.6814], [140.276, 35.6795], [140.279, 35.6764], [140.2797, 35.6765], [140.2797, 35.676], [140.2789, 35.676], [140.2793, 35.6749], [140.2792, 35.6739], [140.2804, 35.6726], [140.2811, 35.6725], [140.2805, 35.6719], [140.2789, 35.6735], [140.2776, 35.671], [140.2775, 35.6694], [140.2786, 35.6684], [140.2776, 35.6674], [140.2783, 35.6683], [140.2781, 35.6687], [140.277, 35.6694], [140.2762, 35.6693], [140.277, 35.6697], [140.2773, 35.672], [140.2781, 35.6725], [140.2787, 35.6742], [140.2784, 35.6758], [140.2781, 35.6762], [140.2777, 35.6761], [140.2779, 35.6766], [140.2774, 35.6773], [140.2769, 35.6776], [140.2761, 35.6786], [140.2758, 35.6783], [140.2748, 35.6803], [140.2741, 35.6811], [140.2738, 35.6809], [140.2737, 35.6815], [140.2724, 35.682], [140.272, 35.6802], [140.2713, 35.6792], [140.2679, 35.6771], [140.2705, 35.6753], [140.2704, 35.6748], [140.2691, 35.6745], [140.2687, 35.674], [140.2697, 35.6732], [140.2706, 35.6732], [140.2715, 35.6727], [140.2698, 35.6729], [140.2698, 35.671], [140.267, 35.6662], [140.2664, 35.6662], [140.2647, 35.667], [140.2627, 35.6672], [140.2625, 35.6672], [140.2625, 35.6667], [140.2616, 35.6666], [140.2595, 35.6675], [140.2589, 35.6663], [140.2571, 35.6653], [140.2567, 35.6643], [140.2567, 35.6638], [140.2578, 35.6634], [140.2585, 35.6626], [140.2623, 35.6618], [140.2618, 35.6609], [140.263, 35.6603], [140.2651, 35.66], [140.2647, 35.6597], [140.2649, 35.6593], [140.2666, 35.6583], [140.2674, 35.6587], [140.2673, 35.6584], [140.2679, 35.6579], [140.2706, 35.6569], [140.271, 35.6581], [140.2711, 35.6568], [140.2743, 35.6559], [140.2744, 35.6551], [140.2757, 35.6544], [140.2781, 35.6552], [140.2785, 35.6561], [140.279, 35.6557], [140.2785, 35.6552], [140.2764, 35.6543], [140.2781, 35.6519], [140.2787, 35.6517], [140.2783, 35.6512], [140.279, 35.6503], [140.2801, 35.6501], [140.282, 35.6491], [140.2789, 35.65], [140.2772, 35.6517], [140.2761, 35.6535], [140.2748, 35.6541], [140.2735, 35.6554], [140.2724, 35.6557], [140.2722, 35.6551], [140.2711, 35.6562], [140.2701, 35.6561], [140.269, 35.6565], [140.2674, 35.6577], [140.2663, 35.6576], [140.2641, 35.6588], [140.2633, 35.6597], [140.2629, 35.6596], [140.2632, 35.6565], [140.2625, 35.6554], [140.263, 35.6546], [140.2622, 35.6554], [140.263, 35.657], [140.2624, 35.6596], [140.2605, 35.6609], [140.2585, 35.6613], [140.2586, 35.658], [140.2571, 35.6569], [140.2565, 35.6556], [140.2546, 35.655], [140.254, 35.6538], [140.2548, 35.6528], [140.254, 35.6536], [140.2521, 35.6523], [140.2499, 35.6522], [140.2494, 35.6504], [140.2488, 35.65], [140.2495, 35.6483], [140.2483, 35.6465], [140.2486, 35.6457], [140.2511, 35.647], [140.252, 35.6471], [140.2546, 35.6468], [140.2555, 35.6458], [140.2549, 35.6454], [140.2533, 35.6431], [140.252, 35.6426], [140.2522, 35.6422], [140.2533, 35.6425], [140.2542, 35.6433], [140.2549, 35.6431], [140.2545, 35.6439], [140.2554, 35.6452], [140.2582, 35.6447], [140.2552, 35.6416], [140.2558, 35.6412], [140.2552, 35.6409], [140.2554, 35.6393], [140.2558, 35.6388], [140.2566, 35.6394], [140.2573, 35.6382], [140.2541, 35.637], [140.2549, 35.6357], [140.2565, 35.6362], [140.2563, 35.6351], [140.2568, 35.6346], [140.2568, 35.6334], [140.2561, 35.6295], [140.2575, 35.6254], [140.2614, 35.6266], [140.2637, 35.627], [140.2648, 35.6268], [140.2653, 35.6276], [140.2664, 35.6265], [140.2661, 35.6245], [140.2665, 35.6241], [140.2648, 35.6219], [140.2646, 35.6207], [140.2657, 35.6199], [140.2657, 35.6192], [140.2675, 35.6173], [140.267, 35.6124], [140.2673, 35.6113], [140.2681, 35.6106], [140.2675, 35.6087], [140.2678, 35.6076], [140.267, 35.607], [140.2639, 35.606], [140.2623, 35.6059], [140.2619, 35.6042], [140.2611, 35.6038], [140.2607, 35.6028], [140.2616, 35.6004], [140.2611, 35.5996], [140.2627, 35.5982], [140.2639, 35.5986], [140.2629, 35.5979], [140.2645, 35.5958], [140.2681, 35.5941], [140.2704, 35.5924], [140.2726, 35.5891], [140.2732, 35.589], [140.2737, 35.5895], [140.2741, 35.5891], [140.2739, 35.5886], [140.2746, 35.5886], [140.2753, 35.5878], [140.276, 35.5882], [140.2762, 35.5887], [140.2762, 35.5882], [140.2752, 35.5876], [140.2753, 35.5873], [140.2772, 35.5863], [140.2807, 35.5874], [140.2793, 35.5867], [140.2774, 35.5862], [140.2766, 35.5862], [140.2752, 35.587], [140.2751, 35.5862], [140.2754, 35.5857], [140.2744, 35.5835], [140.2748, 35.5821], [140.277, 35.5813], [140.2788, 35.5813], [140.2799, 35.5807], [140.2803, 35.5799], [140.2809, 35.5796], [140.2801, 35.5797], [140.2802, 35.5787], [140.2816, 35.5779], [140.2832, 35.5737], [140.2837, 35.5733], [140.2842, 35.5733], [140.2842, 35.573], [140.2846, 35.5733], [140.2869, 35.573]]], [[[140.2551, 35.6418], [140.2555, 35.6429], [140.2552, 35.6431], [140.2551, 35.6418]]], [[[140.3288, 35.6864], [140.3283, 35.6868], [140.3275, 35.6858], [140.3266, 35.6855], [140.3267, 35.6853], [140.3279, 35.6857], [140.3283, 35.6864], [140.3288, 35.6864]]], [[[140.3405, 35.6587], [140.3407, 35.659], [140.3402, 35.6589], [140.3405, 35.6587]]], [[[140.3271, 35.6521], [140.3273, 35.6523], [140.3268, 35.6523], [140.3271, 35.6521]]]]}, "properties": {"name": "千葉県八街市"}}, {"type": "Feature", "geometry": {"type": "Polygon", "coordinates": [[[140.2529, 35.8002], [140.2513, 35.8003], [140.2518, 35.8074], [140.2515, 35.811], [140.2501, 35.8172], [140.2503, 35.8211], [140.2462, 35.8206], [140.2451, 35.8211], [140.2442, 35.8199], [140.2437, 35.8202], [140.2432, 35.8195], [140.2426, 35.8193], [140.2433, 35.8181], [140.2436, 35.8182], [140.2442, 35.8177], [140.2429, 35.8159], [140.2401, 35.8208], [140.2381, 35.8202], [140.2372, 35.8208], [140.2409, 35.8243], [140.2424, 35.8244], [140.2436, 35.8253], [140.2431, 35.826], [140.2451, 35.8271], [140.2444, 35.828], [140.243, 35.8272], [140.2413, 35.8292], [140.2412, 35.8297], [140.2381, 35.83], [140.2336, 35.832], [140.2327, 35.8334], [140.2323, 35.8347], [140.2329, 35.8388], [140.232, 35.8412], [140.2203, 35.8397], [140.2139, 35.8393], [140.2117, 35.8385], [140.207, 35.8352], [140.1998, 35.8346], [140.1943, 35.836], [140.188, 35.8384], [140.1815, 35.8417], [140.1763, 35.8433], [140.1684, 35.8452], [140.1659, 35.8443], [140.1572, 35.8424], [140.155, 35.8423], [140.1494, 35.843], [140.1462, 35.845], [140.1455, 35.8462], [140.143, 35.8446], [140.1413, 35.8439], [140.1414, 35.8437], [140.1405, 35.8436], [140.1382, 35.8438], [140.137, 35.8434], [140.1352, 35.8423], [140.1339, 35.841], [140.1324, 35.8406], [140.1312, 35.8411], [140.1301, 35.8409], [140.1283, 35.8421], [140.1283, 35.8425], [140.1223, 35.8459], [140.1199, 35.8431], [140.1194, 35.8434], [140.1191, 35.843], [140.1164, 35.8475], [140.1178, 35.8499], [140.1175, 35.85], [140.115, 35.8473], [140.1114, 35.8477], [140.1094, 35.8437], [140.1119, 35.8432], [140.1095, 35.8339], [140.1058, 35.8343], [140.1044, 35.834], [140.0993, 35.8306], [140.1001, 35.8292], [140.099, 35.8286], [140.0991, 35.8284], [140.0957, 35.8269], [140.0964, 35.8257], [140.0941, 35.8249], [140.0935, 35.826], [140.093, 35.8257], [140.0936, 35.8247], [140.093, 35.8245], [140.0934, 35.8236], [140.0941, 35.8236], [140.0939, 35.823], [140.093, 35.8222], [140.0921, 35.8198], [140.0906, 35.819], [140.0907, 35.8188], [140.0875, 35.8161], [140.0881, 35.8155], [140.0885, 35.8125], [140.093, 35.8096], [140.0978, 35.8094], [140.1003, 35.8088], [140.0997, 35.8078], [140.0988, 35.8089], [140.099, 35.8077], [140.1013, 35.8072], [140.1028, 35.8063], [140.103, 35.8055], [140.1008, 35.8042], [140.1012, 35.8044], [140.1029, 35.8034], [140.1071, 35.8054], [140.1111, 35.7994], [140.1067, 35.7977], [140.1041, 35.7962], [140.1047, 35.7956], [140.1027, 35.7943], [140.1035, 35.7922], [140.0984, 35.7856], [140.0968, 35.7829], [140.1036, 35.7798], [140.1057, 35.7799], [140.1074, 35.7808], [140.109, 35.7804], [140.1115, 35.781], [140.1162, 35.7797], [140.116, 35.7789], [140.1178, 35.7785], [140.1184, 35.7788], [140.1193, 35.7786], [140.1193, 35.7776], [140.1286, 35.775], [140.1287, 35.7754], [140.129, 35.7753], [140.1287, 35.7745], [140.1318, 35.7737], [140.1329, 35.773], [140.1386, 35.7667], [140.1399, 35.7661], [140.1465, 35.7651], [140.145, 35.7637], [140.1482, 35.7638], [140.1523, 35.7596], [140.169, 35.7492], [140.1739, 35.7484], [140.179, 35.7482], [140.186, 35.7457], [140.1878, 35.7456], [140.1908, 35.7466], [140.1998, 35.7601], [140.2038, 35.7645], [140.2063, 35.7665], [140.2089, 35.7663], [140.2126, 35.7649], [140.2243, 35.7572], [140.2536, 35.7404], [140.2564, 35.7396], [140.259, 35.7398], [140.2629, 35.7412], [140.2644, 35.7427], [140.2651, 35.7441], [140.2655, 35.7474], [140.2633, 35.7548], [140.2616, 35.7601], [140.2578, 35.7646], [140.2598, 35.7715], [140.2601, 35.7764], [140.2599, 35.7782], [140.2585, 35.7795], [140.2513, 35.7834], [140.2497, 35.7873], [140.2498, 35.7892], [140.251, 35.7912], [140.2516, 35.7951], [140.2529, 35.8002]], [[140.2483, 35.8194], [140.2472, 35.8178], [140.2451, 35.8188], [140.2457, 35.8197], [140.2483, 35.8194]]]}, "properties": {"name": "千葉県印西市"}}, {"type": "Feature", "geometry": {"type": "Polygon", "coordinates": [[[140.0898, 35.7839], [140.0946, 35.7836], [140.0968, 35.7829], [140.0984, 35.7856], [140.1035, 35.7922], [140.1027, 35.7943], [140.1047, 35.7956], [140.1041, 35.7962], [140.1067, 35.7977], [140.1111, 35.7994], [140.1071, 35.8054], [140.1029, 35.8034], [140.1012, 35.8044], [140.1008, 35.8042], [140.103, 35.8055], [140.1028, 35.8063], [140.1013, 35.8072], [140.099, 35.8077], [140.0988, 35.8089], [140.0997, 35.8078], [140.1003, 35.8088], [140.0978, 35.8094], [140.093, 35.8096], [140.0885, 35.8125], [140.0881, 35.8155], [140.0875, 35.8161], [140.0907, 35.8188], [140.0906, 35.819], [140.0921, 35.8198], [140.093, 35.8222], [140.0939, 35.823], [140.0941, 35.8236], [140.0934, 35.8236], [140.093, 35.8245], [140.0936, 35.8247], [140.093, 35.8257], [140.0923, 35.8261], [140.092, 35.8258], [140.09, 35.8269], [140.0913, 35.8285], [140.0908, 35.8286], [140.0885, 35.8306], [140.0872, 35.8306], [140.0867, 35.8303], [140.086, 35.8309], [140.086, 35.8322], [140.085, 35.832], [140.0835, 35.8308], [140.0824, 35.8312], [140.0821, 35.8308], [140.0804, 35.831], [140.0798, 35.8308], [140.0798, 35.8305], [140.0784, 35.8305], [140.0784, 35.8309], [140.0761, 35.8313], [140.0759, 35.8308], [140.0752, 35.8309], [140.074, 35.8313], [140.0741, 35.8315], [140.073, 35.8323], [140.067, 35.8343], [140.0559, 35.8354], [140.0554, 35.8352], [140.0551, 35.834], [140.0505, 35.8325], [140.042, 35.8244], [140.0373, 35.8176], [140.0345, 35.8161], [140.0339, 35.8139], [140.0326, 35.8118], [140.0319, 35.8094], [140.0313, 35.8066], [140.0318, 35.8054], [140.0314, 35.8049], [140.0315, 35.8036], [140.0305, 35.8023], [140.0305, 35.8013], [140.0299, 35.8002], [140.03, 35.7988], [140.0288, 35.7974], [140.0283, 35.7974], [140.0282, 35.7968], [140.0272, 35.7959], [140.026, 35.7936], [140.0247, 35.7919], [140.0248, 35.7916], [140.0205, 35.7878], [140.0188, 35.7833], [140.0192, 35.7834], [140.0218, 35.7808], [140.028, 35.7806], [140.0213, 35.7751], [140.0204, 35.774], [140.0185, 35.7745], [140.0163, 35.7714], [140.0152, 35.7679], [140.0165, 35.7668], [140.0207, 35.7655], [140.0211, 35.7656], [140.0302, 35.7715], [140.0311, 35.7711], [140.0317, 35.77], [140.0323, 35.7703], [140.0347, 35.769], [140.0367, 35.7688], [140.0375, 35.7682], [140.0379, 35.7673], [140.0377, 35.7669], [140.0396, 35.7665], [140.0411, 35.7674], [140.0425, 35.7678], [140.0454, 35.7705], [140.0463, 35.7708], [140.0479, 35.7708], [140.0492, 35.7712], [140.0502, 35.7719], [140.0519, 35.7723], [140.0552, 35.7749], [140.0578, 35.7749], [140.0616, 35.7764], [140.0624, 35.7773], [140.0624, 35.7781], [140.0639, 35.7789], [140.0637, 35.7791], [140.0654, 35.7813], [140.0663, 35.7832], [140.0666, 35.7847], [140.0674, 35.7859], [140.0672, 35.788], [140.0677, 35.79], [140.0672, 35.7924], [140.068, 35.7966], [140.0692, 35.7989], [140.0702, 35.7995], [140.0707, 35.7991], [140.0712, 35.7996], [140.0721, 35.7989], [140.0726, 35.7986], [140.0728, 35.7988], [140.0786, 35.7941], [140.0826, 35.7916], [140.0827, 35.7902], [140.084, 35.7894], [140.0846, 35.7879], [140.0898, 35.7839]]]}, "properties": {"name": "千葉県白井市"}}, {"type": "Feature", "geometry": {"type": "Polygon", "coordinates": [[[140.3033, 35.7478], [140.3026, 35.747], [140.3016, 35.7466], [140.3057, 35.7409], [140.3058, 35.7398], [140.3052, 35.7392], [140.3058, 35.739], [140.3073, 35.7398], [140.3095, 35.7403], [140.3101, 35.7397], [140.3102, 35.739], [140.3094, 35.7397], [140.3074, 35.7395], [140.3059, 35.7384], [140.3021, 35.7385], [140.3018, 35.7382], [140.302, 35.7375], [140.3009, 35.7373], [140.3016, 35.7388], [140.301, 35.7394], [140.3005, 35.7385], [140.2995, 35.738], [140.3002, 35.7389], [140.3002, 35.7395], [140.2992, 35.74], [140.2983, 35.7398], [140.2976, 35.7387], [140.2967, 35.7393], [140.2937, 35.7365], [140.2916, 35.7354], [140.2895, 35.7319], [140.2886, 35.7316], [140.2882, 35.7308], [140.2885, 35.7304], [140.289, 35.7306], [140.2899, 35.7298], [140.2929, 35.7298], [140.2929, 35.7265], [140.2936, 35.7251], [140.2943, 35.7247], [140.2954, 35.722], [140.2962, 35.7221], [140.2965, 35.7213], [140.2978, 35.7217], [140.2967, 35.7205], [140.2965, 35.7198], [140.2981, 35.7187], [140.3005, 35.7181], [140.3022, 35.7161], [140.3025, 35.7155], [140.3023, 35.7153], [140.3052, 35.7129], [140.3039, 35.7119], [140.3024, 35.7117], [140.3016, 35.7099], [140.3025, 35.7106], [140.3027, 35.7115], [140.304, 35.7117], [140.3046, 35.7092], [140.3054, 35.7083], [140.3043, 35.7112], [140.3047, 35.7121], [140.3055, 35.7127], [140.3073, 35.7132], [140.3077, 35.7129], [140.3073, 35.7116], [140.3079, 35.7123], [140.308, 35.713], [140.309, 35.7133], [140.3096, 35.712], [140.3096, 35.7105], [140.31, 35.7096], [140.31, 35.7068], [140.3107, 35.7057], [140.3098, 35.7042], [140.3112, 35.7056], [140.3125, 35.7052], [140.3127, 35.7045], [140.3127, 35.7051], [140.3121, 35.7055], [140.3123, 35.7058], [140.3146, 35.7067], [140.3159, 35.7068], [140.3165, 35.706], [140.3171, 35.7037], [140.317, 35.7057], [140.3162, 35.7067], [140.3167, 35.7072], [140.3173, 35.7075], [140.3178, 35.7072], [140.3177, 35.7076], [140.3202, 35.7086], [140.3211, 35.7074], [140.3202, 35.7066], [140.3213, 35.7073], [140.3215, 35.7071], [140.3218, 35.7061], [140.3216, 35.7031], [140.3208, 35.7027], [140.3205, 35.7015], [140.3198, 35.7009], [140.3199, 35.6999], [140.3191, 35.6991], [140.3182, 35.6988], [140.3179, 35.6969], [140.3175, 35.6961], [140.3166, 35.6961], [140.3175, 35.6959], [140.3184, 35.6948], [140.3192, 35.6946], [140.3193, 35.6923], [140.3182, 35.6928], [140.3192, 35.692], [140.32, 35.6902], [140.3215, 35.6884], [140.3215, 35.687], [140.322, 35.6868], [140.3224, 35.6871], [140.3254, 35.6861], [140.3265, 35.6851], [140.3267, 35.6839], [140.3277, 35.6834], [140.3295, 35.6828], [140.3298, 35.6831], [140.3298, 35.6827], [140.3305, 35.6825], [140.3304, 35.6828], [140.3311, 35.6828], [140.3311, 35.6824], [140.3474, 35.6768], [140.3495, 35.6797], [140.3525, 35.6818], [140.3513, 35.6827], [140.3534, 35.684], [140.354, 35.6832], [140.3571, 35.685], [140.3605, 35.6862], [140.3607, 35.6867], [140.3609, 35.6861], [140.3648, 35.6837], [140.3661, 35.6834], [140.3669, 35.6849], [140.3677, 35.6855], [140.3669, 35.6875], [140.368, 35.6889], [140.3683, 35.6884], [140.3674, 35.6872], [140.3682, 35.6855], [140.3695, 35.6859], [140.369, 35.6853], [140.3718, 35.6828], [140.3727, 35.6815], [140.3738, 35.6808], [140.3715, 35.679], [140.372, 35.6784], [140.3777, 35.6827], [140.3798, 35.6818], [140.3802, 35.6807], [140.3813, 35.6801], [140.3817, 35.6793], [140.3825, 35.6794], [140.3834, 35.6808], [140.3881, 35.6775], [140.3899, 35.6756], [140.3908, 35.6765], [140.3919, 35.6762], [140.3922, 35.6771], [140.3933, 35.6776], [140.3988, 35.6784], [140.3998, 35.6803], [140.4018, 35.6832], [140.4, 35.6856], [140.4011, 35.6877], [140.4016, 35.6882], [140.4031, 35.6883], [140.404, 35.6888], [140.4054, 35.6889], [140.4057, 35.6894], [140.4044, 35.6919], [140.4036, 35.6909], [140.4027, 35.6905], [140.4023, 35.6907], [140.4017, 35.6902], [140.4002, 35.691], [140.3996, 35.6901], [140.3978, 35.6907], [140.3976, 35.6903], [140.3969, 35.6906], [140.397, 35.6912], [140.396, 35.6913], [140.3943, 35.692], [140.3944, 35.6915], [140.3939, 35.6916], [140.3939, 35.6911], [140.3935, 35.6912], [140.3926, 35.6901], [140.3938, 35.6892], [140.3939, 35.6884], [140.393, 35.687], [140.3936, 35.6883], [140.3936, 35.6892], [140.3929, 35.6895], [140.3924, 35.6892], [140.3924, 35.69], [140.3898, 35.6904], [140.3895, 35.6901], [140.3886, 35.6903], [140.3887, 35.6899], [140.3875, 35.6897], [140.3874, 35.6893], [140.3852, 35.6897], [140.3855, 35.6905], [140.3835, 35.6912], [140.384, 35.6916], [140.3816, 35.6937], [140.3807, 35.6934], [140.3801, 35.6923], [140.3788, 35.6909], [140.3791, 35.6918], [140.38, 35.6925], [140.3803, 35.6934], [140.3779, 35.6947], [140.3756, 35.6977], [140.3736, 35.6994], [140.3721, 35.6971], [140.3715, 35.6976], [140.3705, 35.6971], [140.3696, 35.6971], [140.3706, 35.6973], [140.3716, 35.6977], [140.3721, 35.6977], [140.3732, 35.6996], [140.3733, 35.7004], [140.3723, 35.701], [140.3713, 35.7024], [140.3734, 35.7007], [140.3772, 35.702], [140.3801, 35.7023], [140.3813, 35.7033], [140.3825, 35.7036], [140.3836, 35.7071], [140.383, 35.7085], [140.3823, 35.7084], [140.3818, 35.7076], [140.3821, 35.7089], [140.3842, 35.7093], [140.3851, 35.7119], [140.3861, 35.713], [140.3839, 35.7142], [140.3791, 35.7143], [140.3776, 35.7159], [140.3756, 35.7202], [140.3773, 35.7221], [140.3778, 35.7236], [140.3774, 35.7248], [140.3751, 35.724], [140.371, 35.7231], [140.3682, 35.7249], [140.366, 35.7257], [140.3665, 35.7284], [140.368, 35.7303], [140.368, 35.7311], [140.3625, 35.732], [140.3621, 35.7328], [140.3637, 35.7355], [140.3624, 35.7371], [140.363, 35.7378], [140.3631, 35.7386], [140.3627, 35.7395], [140.3633, 35.7397], [140.3651, 35.7394], [140.3657, 35.7399], [140.365, 35.7416], [140.3621, 35.742], [140.3605, 35.7436], [140.3596, 35.7439], [140.3588, 35.7436], [140.3585, 35.7441], [140.3603, 35.7445], [140.3621, 35.746], [140.3637, 35.7459], [140.3642, 35.7456], [140.3642, 35.7459], [140.3623, 35.7462], [140.363, 35.7477], [140.3659, 35.7474], [140.3671, 35.7482], [140.3667, 35.7487], [140.366, 35.7481], [140.3656, 35.7481], [140.3655, 35.7477], [140.3643, 35.7478], [140.3633, 35.7483], [140.3627, 35.7478], [140.362, 35.7465], [140.36, 35.7448], [140.3584, 35.7447], [140.3579, 35.7443], [140.3573, 35.7447], [140.3562, 35.7472], [140.3551, 35.7513], [140.3524, 35.7541], [140.3498, 35.7559], [140.348, 35.7568], [140.3466, 35.7581], [140.3468, 35.7583], [140.342, 35.7619], [140.3394, 35.7622], [140.3382, 35.7627], [140.3371, 35.7642], [140.3338, 35.7646], [140.3308, 35.7661], [140.3294, 35.7689], [140.33, 35.7699], [140.3297, 35.7712], [140.3284, 35.7721], [140.3262, 35.7753], [140.3251, 35.7761], [140.3251, 35.7773], [140.3226, 35.7778], [140.3214, 35.7769], [140.3205, 35.7767], [140.3186, 35.7748], [140.317, 35.7743], [140.3183, 35.7742], [140.3192, 35.7746], [140.32, 35.7735], [140.3185, 35.7711], [140.3175, 35.7683], [140.3176, 35.7679], [140.3184, 35.7676], [140.3174, 35.7671], [140.3161, 35.7659], [140.3147, 35.7638], [140.3138, 35.7634], [140.313, 35.7623], [140.3137, 35.7618], [140.3135, 35.7612], [140.3125, 35.7611], [140.3132, 35.7607], [140.3123, 35.7593], [140.3127, 35.7576], [140.3142, 35.7574], [140.3136, 35.7563], [140.3138, 35.7556], [140.3106, 35.752], [140.3054, 35.7491], [140.3038, 35.7478], [140.3033, 35.7478]], [[140.3288, 35.6864], [140.3283, 35.6864], [140.3279, 35.6857], [140.3267, 35.6853], [140.3266, 35.6855], [140.3275, 35.6858], [140.3283, 35.6868], [140.3288, 35.6864]]]}, "properties": {"name": "千葉県富里市"}}, {"type": "Feature", "geometry": {"type": "Polygon", "coordinates": [[[139.8242, 34.9108], [139.8246, 34.9108], [139.8244, 34.9105], [139.8249, 34.9104], [139.8253, 34.9099], [139.8262, 34.91], [139.8272, 34.9095], [139.828, 34.9097], [139.8277, 34.9092], [139.8283, 34.9092], [139.8281, 34.9089], [139.8294, 34.9083], [139.8304, 34.9083], [139.8327, 34.9072], [139.8335, 34.9074], [139.8355, 34.9067], [139.8366, 34.9056], [139.8374, 34.9041], [139.8371, 34.9032], [139.8359, 34.9026], [139.8378, 34.9031], [139.8374, 34.9032], [139.8375, 34.9038], [139.8388, 34.9045], [139.8402, 34.9044], [139.841, 34.9037], [139.8413, 34.904], [139.8418, 34.9039], [139.8416, 34.9036], [139.8421, 34.9038], [139.8416, 34.9033], [139.8422, 34.9037], [139.843, 34.9035], [139.8433, 34.9026], [139.8439, 34.9022], [139.8465, 34.9031], [139.8469, 34.9037], [139.8474, 34.9037], [139.8468, 34.904], [139.8472, 34.9042], [139.8474, 34.9042], [139.8474, 34.9039], [139.8475, 34.9042], [139.8479, 34.904], [139.8476, 34.9037], [139.8481, 34.904], [139.8479, 34.9037], [139.8483, 34.9037], [139.8497, 34.9041], [139.8513, 34.9042], [139.8536, 34.9049], [139.8553, 34.9051], [139.8569, 34.9058], [139.8575, 34.9055], [139.8572, 34.9051], [139.8576, 34.9054], [139.8573, 34.905], [139.8578, 34.9051], [139.8578, 34.9048], [139.8591, 34.9056], [139.8588, 34.9053], [139.8591, 34.9052], [139.8598, 34.9059], [139.8604, 34.906], [139.8602, 34.9056], [139.8609, 34.9061], [139.8617, 34.9062], [139.8612, 34.9058], [139.8644, 34.9064], [139.8647, 34.9069], [139.8652, 34.9069], [139.8673, 34.9065], [139.8673, 34.906], [139.8674, 34.9064], [139.8679, 34.9064], [139.868, 34.9058], [139.8691, 34.9056], [139.8683, 34.9054], [139.8684, 34.9052], [139.8694, 34.9047], [139.8692, 34.9044], [139.8699, 34.9035], [139.8708, 34.9035], [139.8705, 34.9033], [139.8708, 34.9032], [139.8712, 34.9035], [139.8708, 34.9036], [139.871, 34.904], [139.8716, 34.9038], [139.8719, 34.9035], [139.8718, 34.9033], [139.8713, 34.9034], [139.8717, 34.9031], [139.8715, 34.9029], [139.8723, 34.9034], [139.8744, 34.9036], [139.8752, 34.9033], [139.8752, 34.9037], [139.8758, 34.9038], [139.8753, 34.9042], [139.8759, 34.9042], [139.8759, 34.9039], [139.8762, 34.904], [139.8768, 34.9034], [139.8771, 34.9036], [139.8783, 34.9033], [139.8787, 34.9037], [139.8788, 34.9034], [139.8795, 34.9036], [139.8806, 34.9029], [139.8812, 34.9033], [139.8808, 34.9033], [139.8809, 34.9037], [139.8814, 34.9033], [139.8818, 34.9034], [139.8814, 34.9037], [139.8828, 34.9035], [139.8825, 34.9032], [139.8831, 34.9032], [139.8833, 34.9026], [139.8837, 34.9029], [139.8834, 34.9031], [139.8842, 34.9031], [139.8836, 34.9033], [139.8842, 34.9034], [139.8851, 34.9034], [139.8846, 34.903], [139.8853, 34.9027], [139.8877, 34.9035], [139.8878, 34.903], [139.8865, 34.9028], [139.8869, 34.9024], [139.8864, 34.9022], [139.8868, 34.9021], [139.8874, 34.9002], [139.8869, 34.9002], [139.8865, 34.8997], [139.8871, 34.9], [139.887, 34.8994], [139.8874, 34.8995], [139.8875, 34.8991], [139.8878, 34.8996], [139.8873, 34.8998], [139.8886, 34.8994], [139.889, 34.9004], [139.8892, 34.9002], [139.8894, 34.9004], [139.8895, 34.8999], [139.8897, 34.9006], [139.8905, 34.9012], [139.8904, 34.9016], [139.8909, 34.9021], [139.8904, 34.9029], [139.8908, 34.9031], [139.8907, 34.9035], [139.8909, 34.9033], [139.8903, 34.9037], [139.8904, 34.9032], [139.89, 34.9031], [139.8901, 34.9038], [139.8898, 34.904], [139.8902, 34.9039], [139.8898, 34.9041], [139.8898, 34.9044], [139.8912, 34.9037], [139.8921, 34.9036], [139.8925, 34.9039], [139.8924, 34.9036], [139.8934, 34.9036], [139.8932, 34.904], [139.8936, 34.9041], [139.8931, 34.9044], [139.8932, 34.9049], [139.8926, 34.9049], [139.8927, 34.9058], [139.8933, 34.9057], [139.8934, 34.9058], [139.8935, 34.9054], [139.8934, 34.9057], [139.8934, 34.9058], [139.8942, 34.9056], [139.8944, 34.9061], [139.8943, 34.9057], [139.8951, 34.9052], [139.8951, 34.9048], [139.8952, 34.9051], [139.8956, 34.9046], [139.8955, 34.905], [139.8958, 34.9051], [139.8962, 34.9047], [139.8972, 34.905], [139.8972, 34.9046], [139.8981, 34.9044], [139.8978, 34.9053], [139.8981, 34.9054], [139.8978, 34.9053], [139.8976, 34.9057], [139.8984, 34.906], [139.8984, 34.9054], [139.901, 34.9044], [139.9013, 34.904], [139.9022, 34.9041], [139.9026, 34.9039], [139.9031, 34.9041], [139.9026, 34.9043], [139.9025, 34.9049], [139.903, 34.9045], [139.9035, 34.9047], [139.9046, 34.9045], [139.9055, 34.905], [139.9054, 34.9043], [139.9064, 34.9042], [139.909, 34.9049], [139.9092, 34.9053], [139.9084, 34.9051], [139.9089, 34.9062], [139.9082, 34.9059], [139.908, 34.9064], [139.9085, 34.9063], [139.9086, 34.9064], [139.9083, 34.9064], [139.9084, 34.9068], [139.909, 34.9073], [139.9101, 34.9073], [139.9103, 34.9076], [139.9106, 34.9073], [139.9113, 34.9077], [139.9116, 34.9073], [139.9108, 34.9072], [139.9113, 34.9069], [139.9129, 34.9063], [139.9134, 34.9066], [139.9147, 34.9058], [139.916, 34.9058], [139.9162, 34.9062], [139.9164, 34.9059], [139.9172, 34.9061], [139.9174, 34.9058], [139.918, 34.906], [139.9184, 34.9068], [139.9185, 34.9064], [139.9188, 34.9066], [139.9199, 34.9061], [139.9202, 34.9063], [139.9194, 34.9067], [139.9215, 34.9062], [139.9192, 34.9073], [139.9214, 34.9066], [139.922, 34.9067], [139.9208, 34.9072], [139.9214, 34.9075], [139.9213, 34.9082], [139.92, 34.9087], [139.9191, 34.9087], [139.9188, 34.9097], [139.9194, 34.9103], [139.9201, 34.9099], [139.9209, 34.9102], [139.9203, 34.9104], [139.9208, 34.9104], [139.9212, 34.9098], [139.9212, 34.9103], [139.9208, 34.9105], [139.9226, 34.9105], [139.9224, 34.9097], [139.9228, 34.9099], [139.9229, 34.9103], [139.9229, 34.9097], [139.9233, 34.91], [139.9241, 34.91], [139.9237, 34.9098], [139.9266, 34.9099], [139.9258, 34.9095], [139.9261, 34.9093], [139.927, 34.9094], [139.9264, 34.9097], [139.9278, 34.91], [139.9282, 34.9093], [139.9279, 34.9099], [139.9286, 34.9102], [139.9285, 34.9105], [139.9269, 34.9108], [139.9269, 34.9112], [139.926, 34.9114], [139.9264, 34.9112], [139.9263, 34.9104], [139.924, 34.9108], [139.9239, 34.9111], [139.9255, 34.9113], [139.9239, 34.9112], [139.9238, 34.9119], [139.9283, 34.9122], [139.9284, 34.9119], [139.9284, 34.9123], [139.9294, 34.9123], [139.9294, 34.9126], [139.9299, 34.9126], [139.9306, 34.9124], [139.9309, 34.9129], [139.9313, 34.9128], [139.9316, 34.9133], [139.9318, 34.9132], [139.9322, 34.9141], [139.9326, 34.9139], [139.9324, 34.9142], [139.9326, 34.9145], [139.9329, 34.9143], [139.933, 34.9146], [139.9333, 34.9145], [139.9334, 34.9149], [139.9334, 34.9145], [139.9338, 34.9144], [139.9343, 34.9149], [139.9342, 34.9143], [139.9345, 34.9147], [139.9347, 34.9144], [139.935, 34.9146], [139.9349, 34.9149], [139.9355, 34.9149], [139.9349, 34.9142], [139.9357, 34.9144], [139.936, 34.9151], [139.9356, 34.9149], [139.9361, 34.9152], [139.9355, 34.9154], [139.9363, 34.9157], [139.9362, 34.916], [139.9367, 34.9159], [139.9369, 34.9167], [139.9372, 34.9158], [139.9375, 34.9165], [139.9376, 34.916], [139.9383, 34.9163], [139.9381, 34.9166], [139.9383, 34.9165], [139.9387, 34.9169], [139.9391, 34.9168], [139.9389, 34.9165], [139.9394, 34.9166], [139.9395, 34.9172], [139.9397, 34.917], [139.9403, 34.9173], [139.9407, 34.917], [139.9412, 34.9172], [139.9415, 34.9178], [139.9419, 34.9175], [139.9421, 34.9177], [139.9419, 34.918], [139.9417, 34.9178], [139.9418, 34.918], [139.942, 34.9182], [139.9416, 34.9182], [139.942, 34.9185], [139.9417, 34.9185], [139.943, 34.9199], [139.9423, 34.9196], [139.943, 34.9202], [139.9423, 34.9199], [139.9429, 34.921], [139.9425, 34.9211], [139.9428, 34.921], [139.9422, 34.9206], [139.9424, 34.9217], [139.942, 34.922], [139.9431, 34.9238], [139.9442, 34.9244], [139.944, 34.9241], [139.9445, 34.924], [139.945, 34.9242], [139.9454, 34.9239], [139.9458, 34.9241], [139.9462, 34.924], [139.9457, 34.9243], [139.9461, 34.9245], [139.9455, 34.9247], [139.9463, 34.9245], [139.946, 34.9247], [139.9466, 34.9247], [139.9461, 34.925], [139.9468, 34.9249], [139.9464, 34.9251], [139.947, 34.9251], [139.9466, 34.9254], [139.9483, 34.9264], [139.9475, 34.9262], [139.948, 34.9266], [139.9477, 34.9269], [139.9481, 34.9274], [139.9479, 34.9276], [139.9485, 34.9275], [139.9479, 34.9276], [139.9479, 34.9282], [139.9484, 34.9281], [139.9489, 34.9272], [139.9496, 34.9288], [139.9503, 34.9285], [139.9516, 34.929], [139.9515, 34.9288], [139.9518, 34.9288], [139.9531, 34.9297], [139.9537, 34.9297], [139.9541, 34.9302], [139.9539, 34.9304], [139.9542, 34.9302], [139.9541, 34.9305], [139.9553, 34.9316], [139.9554, 34.9322], [139.9561, 34.9328], [139.9553, 34.9322], [139.9546, 34.9314], [139.9545, 34.9322], [139.9546, 34.9314], [139.9536, 34.9308], [139.9533, 34.931], [139.9541, 34.932], [139.9533, 34.9313], [139.9531, 34.9317], [139.9536, 34.9323], [139.9539, 34.9321], [139.9544, 34.9323], [139.9536, 34.9326], [139.9543, 34.933], [139.9541, 34.9336], [139.9549, 34.9338], [139.9551, 34.9334], [139.955, 34.9341], [139.9557, 34.934], [139.9559, 34.9345], [139.9559, 34.9341], [139.9568, 34.9356], [139.9567, 34.9353], [139.9575, 34.9357], [139.9571, 34.9359], [139.9573, 34.9361], [139.9567, 34.9362], [139.9569, 34.9365], [139.9579, 34.936], [139.9586, 34.9368], [139.9588, 34.9366], [139.9587, 34.937], [139.9598, 34.9369], [139.9599, 34.9373], [139.9602, 34.9372], [139.9601, 34.9374], [139.9607, 34.9375], [139.9611, 34.9384], [139.9603, 34.9381], [139.9598, 34.9382], [139.9598, 34.9383], [139.9602, 34.9384], [139.96, 34.9384], [139.9602, 34.9386], [139.9606, 34.9387], [139.9608, 34.939], [139.9606, 34.9388], [139.9602, 34.939], [139.9606, 34.9395], [139.9609, 34.9391], [139.9613, 34.939], [139.961, 34.9392], [139.9613, 34.9396], [139.9618, 34.9393], [139.9612, 34.9401], [139.9622, 34.9398], [139.9621, 34.9395], [139.9625, 34.9401], [139.9614, 34.9406], [139.9614, 34.9411], [139.9619, 34.9411], [139.962, 34.9408], [139.9622, 34.9413], [139.9624, 34.9411], [139.963, 34.9417], [139.9629, 34.9422], [139.9633, 34.9421], [139.964, 34.9428], [139.9642, 34.9426], [139.9646, 34.9429], [139.964, 34.9428], [139.9639, 34.9431], [139.9634, 34.9432], [139.9632, 34.9438], [139.9639, 34.9439], [139.9632, 34.944], [139.9631, 34.9442], [139.9633, 34.9445], [139.9632, 34.9442], [139.964, 34.9443], [139.9643, 34.945], [139.9647, 34.9449], [139.965, 34.9452], [139.9651, 34.9454], [139.9648, 34.9452], [139.9651, 34.9458], [139.9643, 34.9456], [139.9644, 34.9462], [139.9637, 34.9459], [139.9636, 34.9462], [139.964, 34.9463], [139.964, 34.9467], [139.9644, 34.9467], [139.9641, 34.9463], [139.9646, 34.9463], [139.9644, 34.9468], [139.9647, 34.9467], [139.9648, 34.9475], [139.9652, 34.9477], [139.9648, 34.9477], [139.9651, 34.9483], [139.9646, 34.9484], [139.9654, 34.9489], [139.965, 34.9487], [139.9652, 34.9493], [139.9646, 34.9494], [139.965, 34.9496], [139.9644, 34.9496], [139.9655, 34.9499], [139.9643, 34.9497], [139.9647, 34.9502], [139.9639, 34.9498], [139.9637, 34.9501], [139.9647, 34.9505], [139.9643, 34.9506], [139.9649, 34.951], [139.9645, 34.9513], [139.9648, 34.9518], [139.9651, 34.9512], [139.9659, 34.9516], [139.9659, 34.9519], [139.9654, 34.9518], [139.9657, 34.952], [139.9654, 34.9524], [139.9663, 34.9532], [139.9664, 34.9538], [139.9658, 34.9545], [139.9661, 34.9548], [139.9659, 34.9549], [139.9658, 34.9545], [139.9657, 34.9548], [139.9654, 34.9547], [139.9646, 34.956], [139.9645, 34.9567], [139.9648, 34.9571], [139.9644, 34.9567], [139.9644, 34.9563], [139.9648, 34.9554], [139.9645, 34.9553], [139.9648, 34.9554], [139.9658, 34.9532], [139.965, 34.9524], [139.9644, 34.9528], [139.9648, 34.9532], [139.9643, 34.9528], [139.9641, 34.953], [139.9643, 34.9532], [139.964, 34.954], [139.9646, 34.9546], [139.9636, 34.9544], [139.9627, 34.9552], [139.9627, 34.9562], [139.9638, 34.9563], [139.9637, 34.9568], [139.9627, 34.9567], [139.9624, 34.9587], [139.9632, 34.9588], [139.9632, 34.9592], [139.9622, 34.9591], [139.9623, 34.9596], [139.963, 34.9596], [139.963, 34.9602], [139.9623, 34.9602], [139.9621, 34.9606], [139.9621, 34.9614], [139.9636, 34.9614], [139.9639, 34.9583], [139.9645, 34.9576], [139.9639, 34.9583], [139.9637, 34.9617], [139.9617, 34.9618], [139.961, 34.9625], [139.9604, 34.9654], [139.9608, 34.9681], [139.9619, 34.9711], [139.964, 34.9736], [139.9649, 34.9752], [139.9663, 34.9768], [139.9683, 34.9776], [139.9669, 34.9793], [139.9672, 34.9814], [139.9683, 34.9825], [139.9693, 34.9827], [139.9691, 34.9831], [139.9699, 34.9835], [139.9702, 34.9846], [139.9707, 34.9845], [139.9702, 34.9848], [139.9708, 34.9857], [139.9713, 34.9856], [139.9709, 34.9858], [139.9708, 34.9862], [139.9714, 34.986], [139.9714, 34.9865], [139.9718, 34.9865], [139.9719, 34.9857], [139.9715, 34.9856], [139.972, 34.9857], [139.972, 34.9864], [139.9725, 34.9863], [139.9717, 34.9876], [139.9716, 34.9887], [139.9717, 34.9908], [139.9728, 34.9957], [139.9726, 34.996], [139.9733, 34.9973], [139.9732, 34.9966], [139.9735, 34.997], [139.9746, 35.0004], [139.9771, 35.0053], [139.9797, 35.0095], [139.9845, 35.0149], [139.9897, 35.0197], [139.9933, 35.0238], [139.9996, 35.0291], [140.0049, 35.0322], [140.0061, 35.0323], [140.0073, 35.0339], [140.0086, 35.0348], [140.0098, 35.0351], [140.0109, 35.035], [140.0117, 35.0332], [140.0125, 35.033], [140.0117, 35.0334], [140.0114, 35.0341], [140.0123, 35.0344], [140.0114, 35.0342], [140.0112, 35.0347], [140.0114, 35.035], [140.0122, 35.0352], [140.0114, 35.0351], [140.0119, 35.036], [140.0122, 35.036], [140.0123, 35.0355], [140.0122, 35.0364], [140.0128, 35.0355], [140.0125, 35.0352], [140.0131, 35.0353], [140.0128, 35.0354], [140.0128, 35.0357], [140.0132, 35.0358], [140.0132, 35.0361], [140.013, 35.0359], [140.0127, 35.0361], [140.0129, 35.0364], [140.0149, 35.036], [140.0148, 35.0355], [140.0139, 35.0356], [140.0139, 35.0359], [140.0138, 35.0357], [140.0135, 35.0357], [140.014, 35.0356], [140.0137, 35.035], [140.0138, 35.0347], [140.0139, 35.0353], [140.015, 35.0351], [140.016, 35.0355], [140.016, 35.0351], [140.0173, 35.0357], [140.0171, 35.0362], [140.018, 35.0362], [140.0179, 35.0359], [140.0175, 35.0357], [140.0177, 35.0356], [140.018, 35.036], [140.0181, 35.0355], [140.0179, 35.0354], [140.0141, 35.0342], [140.0139, 35.0345], [140.0141, 35.0342], [140.0134, 35.0338], [140.0179, 35.0354], [140.0181, 35.0355], [140.0181, 35.0362], [140.0179, 35.0365], [140.0185, 35.0366], [140.0192, 35.0373], [140.021, 35.0399], [140.0254, 35.0444], [140.03, 35.0476], [140.038, 35.052], [140.0361, 35.0552], [140.0356, 35.0548], [140.0353, 35.0552], [140.0322, 35.0562], [140.0324, 35.0569], [140.0321, 35.059], [140.0333, 35.0602], [140.0337, 35.0598], [140.0347, 35.06], [140.0357, 35.0619], [140.0353, 35.0635], [140.0347, 35.0636], [140.0342, 35.0644], [140.0336, 35.0645], [140.0323, 35.0634], [140.0307, 35.0636], [140.0307, 35.0647], [140.0298, 35.0656], [140.0298, 35.0666], [140.0292, 35.0677], [140.0302, 35.0689], [140.0298, 35.0695], [140.03, 35.0703], [140.0293, 35.074], [140.0273, 35.0767], [140.0263, 35.0771], [140.0257, 35.0778], [140.0258, 35.0789], [140.0253, 35.0802], [140.0254, 35.0813], [140.0222, 35.0812], [140.0195, 35.0824], [140.0196, 35.0862], [140.02, 35.0867], [140.0199, 35.0878], [140.0204, 35.0878], [140.0202, 35.0884], [140.0187, 35.089], [140.0179, 35.0898], [140.0167, 35.09], [140.0145, 35.0922], [140.0135, 35.0923], [140.0113, 35.0933], [140.0077, 35.0964], [140.0067, 35.0961], [140.006, 35.0955], [140.0008, 35.0944], [139.9999, 35.0933], [139.9974, 35.0935], [139.9966, 35.093], [139.9964, 35.0962], [139.9972, 35.0968], [139.9981, 35.097], [139.9989, 35.0979], [139.9985, 35.0993], [139.9993, 35.1015], [139.9979, 35.1025], [139.9966, 35.103], [139.9953, 35.103], [139.9948, 35.1036], [139.995, 35.1045], [139.9944, 35.1057], [139.9951, 35.1067], [139.9943, 35.1085], [139.9948, 35.1096], [139.9958, 35.1102], [139.9968, 35.1117], [139.9981, 35.114], [139.9972, 35.1158], [139.994, 35.1156], [139.9927, 35.1158], [139.9921, 35.1162], [139.9912, 35.1162], [139.9903, 35.1157], [139.9892, 35.1163], [139.9854, 35.1166], [139.9806, 35.1149], [139.9791, 35.1137], [139.9788, 35.1124], [139.979, 35.1104], [139.9783, 35.1085], [139.9764, 35.109], [139.9754, 35.109], [139.9729, 35.1102], [139.9727, 35.1111], [139.972, 35.1117], [139.9722, 35.1126], [139.9716, 35.1139], [139.9706, 35.1125], [139.9696, 35.1123], [139.9686, 35.1114], [139.9674, 35.1127], [139.9657, 35.1125], [139.9636, 35.1114], [139.9608, 35.1124], [139.9586, 35.1124], [139.958, 35.116], [139.957, 35.1172], [139.9553, 35.1184], [139.9516, 35.1193], [139.9498, 35.1224], [139.9498, 35.1241], [139.9477, 35.124], [139.9431, 35.1225], [139.9416, 35.1228], [139.9395, 35.1224], [139.9385, 35.1218], [139.9363, 35.122], [139.9348, 35.1239], [139.9337, 35.1248], [139.9333, 35.1275], [139.9328, 35.1283], [139.9312, 35.1287], [139.9305, 35.1287], [139.9296, 35.1281], [139.9276, 35.1279], [139.9261, 35.1268], [139.9249, 35.1238], [139.9241, 35.1232], [139.9236, 35.1222], [139.924, 35.1207], [139.9236, 35.1201], [139.9244, 35.1194], [139.9238, 35.1179], [139.9216, 35.1164], [139.9185, 35.1128], [139.9154, 35.1136], [139.9146, 35.114], [139.9142, 35.1147], [139.9136, 35.1148], [139.9125, 35.1143], [139.9086, 35.1141], [139.9063, 35.1135], [139.906, 35.1138], [139.9005, 35.114], [139.8987, 35.113], [139.8975, 35.1131], [139.8964, 35.112], [139.895, 35.1119], [139.8944, 35.1113], [139.8925, 35.1116], [139.891, 35.1108], [139.8905, 35.1102], [139.8892, 35.1098], [139.885, 35.1095], [139.8824, 35.1099], [139.8803, 35.109], [139.8781, 35.1095], [139.8774, 35.109], [139.8764, 35.109], [139.8718, 35.1099], [139.8706, 35.1109], [139.8688, 35.1113], [139.8682, 35.1108], [139.8677, 35.1091], [139.8667, 35.1092], [139.8647, 35.1079], [139.8632, 35.1083], [139.8622, 35.1075], [139.8614, 35.1074], [139.86, 35.1079], [139.8554, 35.108], [139.8548, 35.107], [139.854, 35.107], [139.8534, 35.1059], [139.8525, 35.1059], [139.8514, 35.107], [139.8501, 35.1068], [139.8507, 35.1059], [139.8504, 35.105], [139.8479, 35.1033], [139.848, 35.1018], [139.8471, 35.101], [139.8452, 35.101], [139.8448, 35.1002], [139.8443, 35.1002], [139.8434, 35.1004], [139.8424, 35.102], [139.8414, 35.1016], [139.8385, 35.1023], [139.8376, 35.1015], [139.8365, 35.1011], [139.8356, 35.0998], [139.8369, 35.0991], [139.8368, 35.0988], [139.8371, 35.0989], [139.8377, 35.0977], [139.8379, 35.0979], [139.8382, 35.0977], [139.8413, 35.0915], [139.8423, 35.0871], [139.8418, 35.0829], [139.8398, 35.0829], [139.8411, 35.0827], [139.8405, 35.0817], [139.8393, 35.0822], [139.8392, 35.083], [139.8393, 35.0819], [139.8383, 35.0801], [139.8376, 35.0802], [139.838, 35.0801], [139.8385, 35.0787], [139.838, 35.0786], [139.8378, 35.0789], [139.8376, 35.0788], [139.8377, 35.0782], [139.8369, 35.0785], [139.8371, 35.08], [139.8369, 35.0804], [139.8368, 35.0786], [139.8345, 35.078], [139.8317, 35.0764], [139.8282, 35.0757], [139.8272, 35.0751], [139.8269, 35.0743], [139.8251, 35.0739], [139.8248, 35.0735], [139.8232, 35.0732], [139.8219, 35.0724], [139.8211, 35.0722], [139.8215, 35.072], [139.8211, 35.0714], [139.8216, 35.0707], [139.8215, 35.0701], [139.8221, 35.0699], [139.8222, 35.0695], [139.8213, 35.0691], [139.8212, 35.0684], [139.8206, 35.0684], [139.8207, 35.0681], [139.8212, 35.0682], [139.8214, 35.0678], [139.8204, 35.067], [139.8202, 35.0676], [139.8204, 35.0664], [139.8191, 35.066], [139.8196, 35.0652], [139.8233, 35.0643], [139.8236, 35.0638], [139.8229, 35.0637], [139.8238, 35.0638], [139.8248, 35.0623], [139.8263, 35.0597], [139.8268, 35.0574], [139.8275, 35.0563], [139.8278, 35.0542], [139.8274, 35.0538], [139.8278, 35.0531], [139.8275, 35.0522], [139.8285, 35.0523], [139.8289, 35.0519], [139.8297, 35.0524], [139.8307, 35.0524], [139.8321, 35.051], [139.8323, 35.05], [139.8321, 35.0496], [139.8315, 35.0498], [139.8322, 35.0488], [139.8317, 35.0485], [139.8314, 35.0488], [139.8307, 35.0494], [139.8309, 35.0499], [139.8306, 35.0494], [139.8313, 35.0488], [139.8306, 35.0483], [139.8325, 35.0482], [139.8329, 35.0464], [139.8325, 35.0453], [139.8318, 35.044], [139.8303, 35.0446], [139.8318, 35.044], [139.8298, 35.0411], [139.8284, 35.0401], [139.8288, 35.0407], [139.8284, 35.0406], [139.8283, 35.04], [139.8266, 35.0387], [139.8247, 35.0378], [139.8243, 35.0377], [139.8234, 35.0397], [139.8221, 35.0402], [139.8231, 35.0397], [139.824, 35.0378], [139.8231, 35.0375], [139.8222, 35.0382], [139.8226, 35.0391], [139.8222, 35.0392], [139.8218, 35.0383], [139.8203, 35.0388], [139.8206, 35.0399], [139.8218, 35.0408], [139.8206, 35.0399], [139.8199, 35.0384], [139.8188, 35.0386], [139.8157, 35.0432], [139.815, 35.0427], [139.8146, 35.0428], [139.8142, 35.0422], [139.8135, 35.0424], [139.8116, 35.0399], [139.8116, 35.0396], [139.8107, 35.0392], [139.8106, 35.0379], [139.8102, 35.0374], [139.8151, 35.0364], [139.8157, 35.0357], [139.8154, 35.0355], [139.8158, 35.0355], [139.8159, 35.0352], [139.8162, 35.0351], [139.8168, 35.0356], [139.8177, 35.0353], [139.819, 35.0341], [139.8187, 35.0338], [139.819, 35.0335], [139.8211, 35.0326], [139.8233, 35.0321], [139.8247, 35.0312], [139.8257, 35.0314], [139.8258, 35.0322], [139.8262, 35.0325], [139.8271, 35.0326], [139.8271, 35.0323], [139.8271, 35.0329], [139.829, 35.0329], [139.8298, 35.0327], [139.8297, 35.0325], [139.83, 35.0329], [139.8333, 35.0323], [139.8348, 35.0332], [139.838, 35.0323], [139.8409, 35.0322], [139.8449, 35.0317], [139.8455, 35.0322], [139.8464, 35.0323], [139.8469, 35.0335], [139.848, 35.0335], [139.8482, 35.0329], [139.8489, 35.0334], [139.85, 35.0327], [139.8528, 35.0321], [139.8534, 35.0322], [139.8548, 35.0333], [139.8559, 35.033], [139.859, 35.0353], [139.86, 35.0351], [139.8608, 35.0345], [139.8612, 35.0346], [139.862, 35.038], [139.8634, 35.0386], [139.864, 35.038], [139.8659, 35.0384], [139.8666, 35.0394], [139.8677, 35.0394], [139.8691, 35.04], [139.8696, 35.0405], [139.8696, 35.0414], [139.8721, 35.0433], [139.8709, 35.0443], [139.8714, 35.045], [139.8722, 35.045], [139.8724, 35.0455], [139.8729, 35.0451], [139.8738, 35.0461], [139.8747, 35.0466], [139.8754, 35.0463], [139.8766, 35.0463], [139.8772, 35.0467], [139.8779, 35.0481], [139.8797, 35.0493], [139.8799, 35.0503], [139.8806, 35.0511], [139.88, 35.0526], [139.8787, 35.0532], [139.8793, 35.0534], [139.8805, 35.0547], [139.8804, 35.0552], [139.8814, 35.0564], [139.8834, 35.0563], [139.8847, 35.0543], [139.8833, 35.0534], [139.8834, 35.0524], [139.8824, 35.0514], [139.8826, 35.0509], [139.8834, 35.0504], [139.8833, 35.0485], [139.8816, 35.0474], [139.8817, 35.0457], [139.8808, 35.0447], [139.8817, 35.0438], [139.8821, 35.0417], [139.8837, 35.0407], [139.8832, 35.0403], [139.8828, 35.0382], [139.8819, 35.0376], [139.8819, 35.0371], [139.8826, 35.0359], [139.8841, 35.0353], [139.8841, 35.0346], [139.8846, 35.0338], [139.8839, 35.033], [139.8837, 35.0316], [139.8844, 35.0288], [139.8833, 35.0279], [139.8831, 35.0263], [139.8826, 35.0245], [139.8816, 35.023], [139.8816, 35.0224], [139.883, 35.0224], [139.8836, 35.022], [139.887, 35.0226], [139.8881, 35.0224], [139.8883, 35.0234], [139.8908, 35.0238], [139.8917, 35.0216], [139.8928, 35.0211], [139.8932, 35.0199], [139.8922, 35.0194], [139.89, 35.02], [139.888, 35.02], [139.8877, 35.0205], [139.8873, 35.0206], [139.8867, 35.0204], [139.885, 35.0205], [139.8861, 35.0185], [139.8866, 35.0159], [139.8864, 35.0127], [139.8851, 35.0105], [139.8856, 35.0103], [139.8854, 35.0093], [139.8857, 35.0095], [139.886, 35.0091], [139.885, 35.0077], [139.8831, 35.0074], [139.8834, 35.0069], [139.8827, 35.0057], [139.8837, 35.0054], [139.8843, 35.0057], [139.8869, 35.006], [139.8874, 35.0072], [139.8896, 35.0075], [139.8897, 35.009], [139.8921, 35.0087], [139.8988, 35.009], [139.899, 35.0084], [139.9027, 35.0093], [139.9031, 35.0099], [139.904, 35.0099], [139.9045, 35.0104], [139.9038, 35.0131], [139.9046, 35.0181], [139.9076, 35.0181], [139.9076, 35.0172], [139.9095, 35.0172], [139.9094, 35.0176], [139.9104, 35.0176], [139.9107, 35.0179], [139.9131, 35.0179], [139.9149, 35.0171], [139.9185, 35.0179], [139.9192, 35.0174], [139.9202, 35.0175], [139.9221, 35.0193], [139.9237, 35.0196], [139.9273, 35.0219], [139.9272, 35.0233], [139.9291, 35.0253], [139.9296, 35.0253], [139.9305, 35.0247], [139.9317, 35.0257], [139.9335, 35.026], [139.9339, 35.0258], [139.9343, 35.0241], [139.9352, 35.0236], [139.9358, 35.0227], [139.9365, 35.0223], [139.9351, 35.0189], [139.9342, 35.0182], [139.9334, 35.0167], [139.9337, 35.016], [139.9345, 35.0157], [139.9346, 35.0148], [139.9357, 35.0133], [139.9357, 35.0125], [139.9366, 35.0119], [139.9386, 35.0083], [139.9369, 35.0065], [139.941, 35.0048], [139.9427, 35.0034], [139.942, 35.0029], [139.9406, 35.0028], [139.9408, 35.0017], [139.94, 35.0008], [139.9397, 34.9999], [139.9388, 34.9996], [139.9383, 34.9987], [139.9363, 34.998], [139.9356, 34.9973], [139.9357, 34.9964], [139.9353, 34.9953], [139.9342, 34.9946], [139.932, 34.9939], [139.931, 34.992], [139.9309, 34.99], [139.9305, 34.9886], [139.9298, 34.9876], [139.9296, 34.9848], [139.9289, 34.9838], [139.9275, 34.9832], [139.9258, 34.9833], [139.9243, 34.9826], [139.9233, 34.9827], [139.9209, 34.9819], [139.9191, 34.9804], [139.9149, 34.9802], [139.9136, 34.9796], [139.9106, 34.9795], [139.9101, 34.9789], [139.9099, 34.9768], [139.9087, 34.9752], [139.9076, 34.9744], [139.9076, 34.9738], [139.9072, 34.9734], [139.9073, 34.9718], [139.9065, 34.9705], [139.9065, 34.9692], [139.9053, 34.9674], [139.9039, 34.9663], [139.9032, 34.9634], [139.9032, 34.9623], [139.9025, 34.961], [139.9034, 34.9602], [139.9026, 34.9578], [139.9033, 34.9571], [139.9038, 34.9549], [139.9045, 34.9538], [139.9061, 34.9546], [139.9067, 34.9546], [139.9074, 34.9553], [139.9078, 34.9553], [139.9081, 34.954], [139.9081, 34.9529], [139.9074, 34.9515], [139.9076, 34.9511], [139.906, 34.9498], [139.9054, 34.9498], [139.9059, 34.949], [139.9058, 34.9478], [139.9082, 34.9482], [139.91, 34.9463], [139.9114, 34.946], [139.9122, 34.9451], [139.9142, 34.9452], [139.9151, 34.9447], [139.9168, 34.9455], [139.9172, 34.9454], [139.9217, 34.9428], [139.9227, 34.9427], [139.9246, 34.943], [139.9251, 34.9425], [139.9251, 34.9418], [139.927, 34.9404], [139.9253, 34.9379], [139.9251, 34.9354], [139.924, 34.9345], [139.9231, 34.9345], [139.9228, 34.9321], [139.9209, 34.9304], [139.9207, 34.9298], [139.9193, 34.9291], [139.9184, 34.927], [139.9171, 34.9272], [139.9153, 34.9265], [139.915, 34.9275], [139.9143, 34.9278], [139.9141, 34.9284], [139.9133, 34.9282], [139.9129, 34.9291], [139.9116, 34.9282], [139.9107, 34.9288], [139.9091, 34.9284], [139.9086, 34.9278], [139.9083, 34.928], [139.9085, 34.9286], [139.9077, 34.9285], [139.9074, 34.9289], [139.9069, 34.9283], [139.9064, 34.9287], [139.9058, 34.9282], [139.9055, 34.9291], [139.9045, 34.9284], [139.9039, 34.9289], [139.9025, 34.9289], [139.9015, 34.928], [139.9018, 34.9269], [139.9013, 34.9264], [139.9004, 34.9276], [139.8973, 34.9278], [139.8966, 34.9261], [139.8969, 34.9258], [139.8978, 34.9256], [139.8965, 34.9243], [139.8959, 34.9245], [139.8957, 34.9258], [139.8938, 34.9251], [139.8932, 34.9251], [139.8928, 34.9256], [139.8934, 34.9264], [139.8943, 34.9259], [139.8947, 34.9261], [139.894, 34.9269], [139.8928, 34.9273], [139.8936, 34.9278], [139.8945, 34.9274], [139.8955, 34.9293], [139.8962, 34.9296], [139.8956, 34.93], [139.896, 34.9314], [139.8958, 34.9326], [139.8953, 34.9329], [139.8958, 34.9331], [139.8958, 34.9336], [139.8963, 34.9336], [139.896, 34.9346], [139.8936, 34.9353], [139.8918, 34.9324], [139.8915, 34.9313], [139.891, 34.9309], [139.8889, 34.9305], [139.8885, 34.929], [139.8875, 34.9285], [139.8866, 34.927], [139.886, 34.9274], [139.8854, 34.9263], [139.8846, 34.9257], [139.8827, 34.9256], [139.8824, 34.9239], [139.8782, 34.9249], [139.878, 34.9242], [139.8762, 34.9233], [139.8754, 34.9225], [139.874, 34.9224], [139.8728, 34.9232], [139.8717, 34.9231], [139.8705, 34.922], [139.869, 34.9222], [139.8685, 34.9215], [139.8671, 34.9212], [139.8655, 34.9203], [139.8648, 34.9212], [139.8632, 34.9219], [139.8619, 34.9231], [139.8599, 34.9235], [139.8591, 34.9234], [139.8579, 34.9222], [139.8566, 34.9218], [139.8563, 34.9193], [139.8547, 34.9182], [139.8523, 34.9147], [139.8502, 34.9146], [139.8496, 34.915], [139.8459, 34.9144], [139.8441, 34.9135], [139.8419, 34.9119], [139.839, 34.9116], [139.8356, 34.9108], [139.833, 34.9107], [139.8289, 34.9126], [139.827, 34.9125], [139.8242, 34.9108]]]}, "properties": {"name": "千葉県南房総市"}}, {"type": "Feature", "geometry": {"type": "MultiPolygon", "coordinates": [[[[140.566, 35.7552], [140.5647, 35.7559], [140.5601, 35.7545], [140.5597, 35.7547], [140.5581, 35.7541], [140.5581, 35.7534], [140.5568, 35.754], [140.5543, 35.7568], [140.5522, 35.7578], [140.5506, 35.7613], [140.5488, 35.7605], [140.548, 35.7585], [140.5471, 35.758], [140.5462, 35.7583], [140.5458, 35.7577], [140.545, 35.7579], [140.5442, 35.7576], [140.5435, 35.7584], [140.5429, 35.7576], [140.5408, 35.7577], [140.5403, 35.7571], [140.5369, 35.7571], [140.5362, 35.7567], [140.5355, 35.7579], [140.5349, 35.7581], [140.5353, 35.7586], [140.5333, 35.7592], [140.5313, 35.7621], [140.5309, 35.7619], [140.5311, 35.7615], [140.5305, 35.7612], [140.53, 35.7592], [140.5294, 35.7586], [140.5297, 35.7572], [140.5291, 35.7549], [140.5287, 35.7544], [140.5272, 35.7548], [140.5269, 35.7537], [140.5252, 35.7546], [140.5244, 35.7547], [140.5239, 35.7555], [140.5233, 35.7554], [140.5225, 35.7546], [140.5225, 35.7536], [140.5208, 35.7543], [140.5191, 35.7561], [140.5166, 35.7607], [140.516, 35.761], [140.5095, 35.761], [140.5044, 35.7596], [140.5052, 35.7578], [140.5051, 35.755], [140.5067, 35.7541], [140.5071, 35.7535], [140.5066, 35.7514], [140.5071, 35.7513], [140.5029, 35.7423], [140.5022, 35.739], [140.5022, 35.7365], [140.5023, 35.7357], [140.5029, 35.7356], [140.5029, 35.7353], [140.5024, 35.7353], [140.5028, 35.7348], [140.5006, 35.7331], [140.5003, 35.7334], [140.4999, 35.7331], [140.4989, 35.7338], [140.4959, 35.7321], [140.4907, 35.7271], [140.4885, 35.7262], [140.4876, 35.7252], [140.4865, 35.7247], [140.4863, 35.7231], [140.4866, 35.7212], [140.4871, 35.7189], [140.4923, 35.7139], [140.4924, 35.7135], [140.494, 35.7127], [140.494, 35.7131], [140.4952, 35.713], [140.4949, 35.7118], [140.4955, 35.7114], [140.5001, 35.71], [140.5005, 35.7087], [140.5015, 35.7078], [140.5027, 35.7058], [140.5007, 35.7033], [140.501, 35.7015], [140.5002, 35.7008], [140.5, 35.6997], [140.5009, 35.6988], [140.4995, 35.6982], [140.4998, 35.6978], [140.4992, 35.6975], [140.5016, 35.694], [140.501, 35.6937], [140.5013, 35.6933], [140.5019, 35.6936], [140.5016, 35.6919], [140.501, 35.6912], [140.5015, 35.6908], [140.5032, 35.6905], [140.5039, 35.6898], [140.5036, 35.6893], [140.5042, 35.689], [140.5039, 35.6886], [140.5045, 35.6883], [140.5039, 35.6874], [140.5048, 35.6866], [140.5043, 35.6859], [140.5093, 35.6842], [140.5095, 35.6847], [140.5101, 35.6844], [140.5104, 35.6849], [140.5112, 35.6846], [140.5122, 35.6849], [140.5126, 35.6838], [140.5141, 35.6834], [140.5145, 35.6836], [140.5148, 35.6833], [140.5144, 35.683], [140.5152, 35.6814], [140.5137, 35.6812], [140.516, 35.6784], [140.5137, 35.6778], [140.5126, 35.6769], [140.5131, 35.6764], [140.5137, 35.6767], [140.5142, 35.6754], [140.5139, 35.675], [140.5144, 35.6747], [140.5151, 35.6747], [140.5161, 35.6735], [140.5182, 35.6736], [140.5178, 35.674], [140.5181, 35.6743], [140.5184, 35.6739], [140.5198, 35.6749], [140.5197, 35.6757], [140.5204, 35.6766], [140.5242, 35.6791], [140.5238, 35.68], [140.5255, 35.6806], [140.5264, 35.6783], [140.5278, 35.6774], [140.5287, 35.6761], [140.5325, 35.6737], [140.5327, 35.6733], [140.5309, 35.6728], [140.532, 35.6708], [140.5329, 35.6711], [140.5339, 35.6697], [140.5346, 35.67], [140.5351, 35.6693], [140.5362, 35.6699], [140.5373, 35.669], [140.5381, 35.6697], [140.5397, 35.6676], [140.5384, 35.667], [140.5388, 35.6663], [140.5397, 35.6666], [140.5399, 35.6663], [140.5406, 35.6665], [140.5409, 35.6663], [140.5415, 35.6652], [140.5394, 35.6634], [140.5369, 35.6623], [140.5374, 35.6614], [140.5328, 35.6594], [140.533, 35.6592], [140.5298, 35.6571], [140.5309, 35.656], [140.5318, 35.6566], [140.5324, 35.656], [140.5315, 35.6554], [140.5335, 35.6535], [140.5339, 35.6512], [140.5374, 35.6483], [140.5443, 35.6394], [140.546, 35.6384], [140.5465, 35.639], [140.5469, 35.6385], [140.5478, 35.6391], [140.5502, 35.6366], [140.55, 35.6364], [140.5514, 35.6355], [140.5517, 35.6357], [140.5534, 35.6337], [140.5596, 35.628], [140.5766, 35.64], [140.5894, 35.6484], [140.6009, 35.6569], [140.6123, 35.6648], [140.6253, 35.6726], [140.624, 35.6743], [140.6225, 35.6773], [140.6201, 35.6769], [140.6195, 35.677], [140.6173, 35.6761], [140.6168, 35.6766], [140.6163, 35.6765], [140.6161, 35.6769], [140.612, 35.6755], [140.6101, 35.6802], [140.6095, 35.6801], [140.609, 35.682], [140.6096, 35.6849], [140.6105, 35.6864], [140.6108, 35.6884], [140.6102, 35.6892], [140.6108, 35.6895], [140.6101, 35.6899], [140.6052, 35.6911], [140.6031, 35.692], [140.6022, 35.6932], [140.6029, 35.6941], [140.6022, 35.698], [140.6031, 35.6989], [140.6039, 35.6991], [140.604, 35.6997], [140.6055, 35.6998], [140.6068, 35.7015], [140.6043, 35.7089], [140.6008, 35.708], [140.5995, 35.7114], [140.5976, 35.711], [140.5981, 35.7097], [140.5962, 35.7094], [140.5968, 35.7079], [140.595, 35.7075], [140.5943, 35.7078], [140.5941, 35.7084], [140.5927, 35.708], [140.5914, 35.7112], [140.5816, 35.7085], [140.5805, 35.7105], [140.58, 35.7103], [140.5783, 35.7129], [140.583, 35.7148], [140.5838, 35.7154], [140.5836, 35.7156], [140.5839, 35.7158], [140.5841, 35.7156], [140.5852, 35.7164], [140.585, 35.7165], [140.5855, 35.7169], [140.5898, 35.7181], [140.5916, 35.7182], [140.5947, 35.7176], [140.5953, 35.7173], [140.5993, 35.7171], [140.5988, 35.7206], [140.598, 35.7222], [140.5988, 35.722], [140.5981, 35.7239], [140.5985, 35.7304], [140.5993, 35.7335], [140.6046, 35.7341], [140.6042, 35.7373], [140.6005, 35.7383], [140.5934, 35.7411], [140.5927, 35.7407], [140.5927, 35.7377], [140.5908, 35.7362], [140.5904, 35.7362], [140.5905, 35.7378], [140.5876, 35.7392], [140.5867, 35.7376], [140.5858, 35.7382], [140.5856, 35.7379], [140.5842, 35.7394], [140.5834, 35.7389], [140.584, 35.7385], [140.5837, 35.7375], [140.5831, 35.7376], [140.5826, 35.7358], [140.5814, 35.7358], [140.5814, 35.736], [140.5808, 35.7361], [140.5809, 35.7366], [140.5801, 35.7366], [140.5795, 35.7372], [140.579, 35.7369], [140.5785, 35.7375], [140.578, 35.7372], [140.5765, 35.7386], [140.5755, 35.7379], [140.5759, 35.7376], [140.5754, 35.7373], [140.5758, 35.7369], [140.5753, 35.7366], [140.5748, 35.737], [140.5739, 35.7369], [140.5738, 35.7373], [140.5706, 35.737], [140.5707, 35.7362], [140.5668, 35.7359], [140.5667, 35.7368], [140.5657, 35.7367], [140.5654, 35.7386], [140.5667, 35.7387], [140.5666, 35.7397], [140.5648, 35.7414], [140.5662, 35.7424], [140.5661, 35.7426], [140.5665, 35.7429], [140.5661, 35.7433], [140.5666, 35.7437], [140.5669, 35.7435], [140.572, 35.7467], [140.5703, 35.749], [140.5706, 35.7492], [140.5703, 35.7492], [140.5704, 35.7496], [140.5695, 35.7489], [140.569, 35.749], [140.5695, 35.752], [140.5689, 35.7532], [140.568, 35.7537], [140.5676, 35.7545], [140.566, 35.7552]]], [[[140.5191, 35.6731], [140.5185, 35.6737], [140.5165, 35.6726], [140.5173, 35.6721], [140.5184, 35.6727], [140.5184, 35.673], [140.5186, 35.6728], [140.5191, 35.6731]]]]}, "properties": {"name": "千葉県匝瑳市"}}, {"type": "Feature", "geometry": {"type": "Polygon", "coordinates": [[[140.4518, 35.807], [140.4592, 35.8017], [140.4607, 35.8026], [140.4614, 35.8016], [140.462, 35.8013], [140.4618, 35.8007], [140.4622, 35.8011], [140.4643, 35.8009], [140.4664, 35.7991], [140.4682, 35.7982], [140.468, 35.7978], [140.4687, 35.7976], [140.4684, 35.7972], [140.4686, 35.7967], [140.4679, 35.7963], [140.4674, 35.7934], [140.4658, 35.7918], [140.4658, 35.7914], [140.4672, 35.7922], [140.469, 35.7923], [140.471, 35.7914], [140.4744, 35.7906], [140.4783, 35.7903], [140.4799, 35.7905], [140.4802, 35.79], [140.4811, 35.7906], [140.4841, 35.7936], [140.4841, 35.7948], [140.485, 35.7966], [140.4847, 35.7976], [140.4875, 35.7979], [140.4952, 35.8021], [140.4964, 35.8021], [140.498, 35.7992], [140.5005, 35.7973], [140.5018, 35.7976], [140.5025, 35.7963], [140.5022, 35.7949], [140.503, 35.7922], [140.503, 35.7907], [140.5029, 35.7903], [140.5021, 35.7904], [140.5016, 35.7898], [140.5011, 35.7898], [140.5009, 35.7884], [140.5022, 35.7881], [140.5025, 35.789], [140.5036, 35.7888], [140.5037, 35.7894], [140.5049, 35.7891], [140.5051, 35.7894], [140.5052, 35.7886], [140.504, 35.7864], [140.5043, 35.786], [140.5058, 35.7861], [140.5059, 35.7852], [140.5057, 35.7849], [140.5047, 35.7847], [140.5044, 35.7837], [140.5064, 35.7835], [140.5072, 35.7831], [140.5082, 35.7841], [140.5106, 35.7848], [140.5114, 35.783], [140.511, 35.7808], [140.5124, 35.7801], [140.5132, 35.781], [140.5161, 35.7823], [140.5172, 35.7825], [140.5185, 35.7824], [140.52, 35.7816], [140.5216, 35.7794], [140.5226, 35.7797], [140.5229, 35.7792], [140.5233, 35.7793], [140.5248, 35.7811], [140.5243, 35.7795], [140.5245, 35.7792], [140.5255, 35.7792], [140.5259, 35.7787], [140.5269, 35.7783], [140.5281, 35.7792], [140.5285, 35.7792], [140.528, 35.7782], [140.5284, 35.7767], [140.5308, 35.777], [140.5327, 35.7758], [140.5332, 35.7751], [140.5349, 35.7749], [140.5357, 35.7744], [140.5369, 35.7746], [140.5385, 35.7737], [140.541, 35.7743], [140.543, 35.7754], [140.5434, 35.7745], [140.5429, 35.7729], [140.5434, 35.772], [140.5433, 35.7701], [140.5449, 35.77], [140.5461, 35.7704], [140.5478, 35.7701], [140.5465, 35.7694], [140.5462, 35.7688], [140.5465, 35.7654], [140.5481, 35.763], [140.5506, 35.7613], [140.5522, 35.7578], [140.5543, 35.7568], [140.5568, 35.754], [140.5581, 35.7534], [140.5581, 35.7541], [140.5597, 35.7547], [140.5601, 35.7545], [140.5647, 35.7559], [140.566, 35.7552], [140.5671, 35.7565], [140.5669, 35.758], [140.568, 35.759], [140.5684, 35.76], [140.5685, 35.7619], [140.57, 35.7624], [140.5708, 35.7632], [140.5704, 35.7649], [140.5725, 35.7679], [140.5744, 35.7678], [140.5751, 35.7664], [140.5764, 35.7654], [140.5764, 35.7671], [140.5769, 35.7674], [140.5775, 35.7671], [140.5789, 35.7672], [140.5795, 35.7677], [140.5798, 35.7688], [140.5824, 35.7698], [140.585, 35.7722], [140.5902, 35.7736], [140.5908, 35.776], [140.5933, 35.779], [140.593, 35.7795], [140.5951, 35.7801], [140.5962, 35.7816], [140.5987, 35.7782], [140.6005, 35.7741], [140.6013, 35.7742], [140.6024, 35.7733], [140.6032, 35.7737], [140.6023, 35.7748], [140.6043, 35.7773], [140.6076, 35.7788], [140.6083, 35.7806], [140.6095, 35.7811], [140.6093, 35.7815], [140.6098, 35.7819], [140.6108, 35.782], [140.6109, 35.7815], [140.6129, 35.7819], [140.6137, 35.7809], [140.6145, 35.7811], [140.6159, 35.7805], [140.6179, 35.781], [140.618, 35.7816], [140.6177, 35.7823], [140.6186, 35.7824], [140.6187, 35.7831], [140.6201, 35.7837], [140.6213, 35.7851], [140.6222, 35.7855], [140.6223, 35.7864], [140.6248, 35.7861], [140.6263, 35.7868], [140.6272, 35.7883], [140.627, 35.7904], [140.6266, 35.7916], [140.6249, 35.7936], [140.6236, 35.7937], [140.6234, 35.7941], [140.6246, 35.7939], [140.624, 35.796], [140.6238, 35.7965], [140.6231, 35.7965], [140.6229, 35.7973], [140.6232, 35.7981], [140.6247, 35.7998], [140.6242, 35.8], [140.6241, 35.8003], [140.6284, 35.8012], [140.6283, 35.8015], [140.6317, 35.8023], [140.6315, 35.8027], [140.6333, 35.8028], [140.6341, 35.8039], [140.6345, 35.8086], [140.6351, 35.8085], [140.6374, 35.8098], [140.6376, 35.8096], [140.6382, 35.8099], [140.6397, 35.8114], [140.6405, 35.8111], [140.6408, 35.8102], [140.6418, 35.8099], [140.6425, 35.8101], [140.6436, 35.8113], [140.6434, 35.8119], [140.6441, 35.8128], [140.6437, 35.8129], [140.6442, 35.8134], [140.6432, 35.8162], [140.6437, 35.8173], [140.6432, 35.8183], [140.6436, 35.8194], [140.6421, 35.8213], [140.6424, 35.8221], [140.6418, 35.8241], [140.6419, 35.8254], [140.6422, 35.8255], [140.6421, 35.8268], [140.6444, 35.8264], [140.6444, 35.8257], [140.6466, 35.8257], [140.6476, 35.8261], [140.6474, 35.8247], [140.6482, 35.826], [140.6506, 35.8272], [140.6499, 35.828], [140.6507, 35.8295], [140.6505, 35.8319], [140.651, 35.8325], [140.6517, 35.8351], [140.6491, 35.8353], [140.6483, 35.8364], [140.6486, 35.8374], [140.6478, 35.8374], [140.6482, 35.8395], [140.6488, 35.8398], [140.6469, 35.8454], [140.6452, 35.8457], [140.6447, 35.8464], [140.6471, 35.8547], [140.6472, 35.8552], [140.6423, 35.856], [140.6312, 35.8587], [140.6286, 35.8647], [140.6216, 35.8739], [140.617, 35.8811], [140.6122, 35.8908], [140.6084, 35.8955], [140.6022, 35.8993], [140.5994, 35.9034], [140.5957, 35.9038], [140.5864, 35.9068], [140.5863, 35.9072], [140.5894, 35.9082], [140.5878, 35.9106], [140.585, 35.9093], [140.5839, 35.911], [140.5846, 35.9113], [140.5819, 35.9158], [140.5804, 35.9176], [140.5792, 35.9185], [140.5761, 35.9202], [140.5721, 35.9216], [140.5724, 35.922], [140.5714, 35.9228], [140.559, 35.9297], [140.5349, 35.9403], [140.5327, 35.942], [140.5287, 35.9464], [140.5242, 35.9504], [140.5137, 35.9566], [140.5104, 35.9581], [140.5047, 35.952], [140.4998, 35.9444], [140.4979, 35.9376], [140.4975, 35.9344], [140.495, 35.9306], [140.4945, 35.9302], [140.4937, 35.9303], [140.4906, 35.9321], [140.4896, 35.9321], [140.4882, 35.931], [140.4871, 35.9287], [140.4868, 35.9266], [140.4871, 35.9245], [140.4895, 35.9203], [140.4903, 35.9177], [140.4907, 35.915], [140.4922, 35.9137], [140.4951, 35.9127], [140.4962, 35.9114], [140.4963, 35.9107], [140.5018, 35.9068], [140.5003, 35.9047], [140.4844, 35.9102], [140.4786, 35.9134], [140.4753, 35.917], [140.4675, 35.9221], [140.4614, 35.9248], [140.4595, 35.9261], [140.4583, 35.9264], [140.4573, 35.9265], [140.4483, 35.9151], [140.443, 35.9135], [140.4385, 35.9127], [140.4352, 35.9117], [140.4362, 35.9094], [140.4374, 35.9082], [140.4358, 35.9064], [140.4338, 35.9054], [140.4341, 35.9048], [140.4317, 35.9036], [140.4306, 35.9039], [140.4301, 35.9023], [140.4289, 35.9017], [140.4292, 35.9017], [140.4264, 35.894], [140.426, 35.8903], [140.425, 35.8882], [140.4255, 35.8882], [140.4269, 35.8865], [140.427, 35.8856], [140.4277, 35.885], [140.4283, 35.8836], [140.4277, 35.8835], [140.4274, 35.8838], [140.4268, 35.8827], [140.4273, 35.8802], [140.4281, 35.8787], [140.4273, 35.8772], [140.4257, 35.8756], [140.425, 35.8755], [140.4249, 35.8732], [140.4268, 35.8724], [140.4289, 35.8722], [140.4296, 35.8723], [140.4306, 35.8735], [140.4313, 35.8737], [140.4322, 35.873], [140.4348, 35.8724], [140.4349, 35.8713], [140.4392, 35.8706], [140.4394, 35.8714], [140.4397, 35.8713], [140.4399, 35.8701], [140.4396, 35.8679], [140.4401, 35.8678], [140.4416, 35.8677], [140.4421, 35.8681], [140.4445, 35.8663], [140.4444, 35.8651], [140.4454, 35.8645], [140.4462, 35.8647], [140.4466, 35.8658], [140.4482, 35.8668], [140.4484, 35.8682], [140.4497, 35.8691], [140.45, 35.8699], [140.4509, 35.8701], [140.4527, 35.869], [140.4531, 35.8682], [140.4545, 35.8673], [140.4549, 35.8659], [140.4569, 35.864], [140.459, 35.864], [140.4606, 35.8627], [140.4604, 35.8601], [140.4607, 35.8594], [140.4626, 35.8578], [140.4631, 35.8552], [140.4638, 35.8536], [140.4661, 35.852], [140.4649, 35.8506], [140.4709, 35.8501], [140.4719, 35.851], [140.4726, 35.8509], [140.4724, 35.845], [140.4713, 35.8435], [140.4709, 35.8442], [140.4714, 35.8449], [140.4709, 35.8453], [140.4697, 35.8443], [140.4691, 35.8444], [140.4693, 35.8448], [140.4677, 35.8454], [140.4682, 35.8463], [140.4678, 35.8465], [140.4669, 35.8455], [140.4659, 35.8459], [140.464, 35.8455], [140.463, 35.8421], [140.462, 35.8413], [140.462, 35.841], [140.4627, 35.8412], [140.4636, 35.8403], [140.4642, 35.8379], [140.468, 35.8378], [140.4682, 35.8372], [140.469, 35.8373], [140.4695, 35.8347], [140.4558, 35.8262], [140.4549, 35.8182], [140.4654, 35.8224], [140.4659, 35.8224], [140.4679, 35.8208], [140.4664, 35.8196], [140.4652, 35.8177], [140.4618, 35.8158], [140.4608, 35.8147], [140.4515, 35.8111], [140.4503, 35.8098], [140.4518, 35.807]]]}, "properties": {"name": "千葉県香取市"}}, {"type": "Feature", "geometry": {"type": "MultiPolygon", "coordinates": [[[[140.3242, 35.6091], [140.3242, 35.6071], [140.3256, 35.607], [140.326, 35.6084], [140.3268, 35.6089], [140.3245, 35.6093], [140.3242, 35.6091]]], [[[140.4351, 35.5676], [140.436, 35.5695], [140.4366, 35.5692], [140.4361, 35.5695], [140.4364, 35.5701], [140.4374, 35.569], [140.4393, 35.5689], [140.4398, 35.5701], [140.4399, 35.5692], [140.4392, 35.5685], [140.4397, 35.5681], [140.4416, 35.5667], [140.4424, 35.5674], [140.4472, 35.5639], [140.4484, 35.5648], [140.4494, 35.5642], [140.449, 35.5635], [140.4505, 35.5622], [140.4514, 35.5629], [140.4527, 35.5616], [140.4517, 35.5608], [140.4532, 35.5596], [140.4528, 35.5592], [140.4533, 35.5591], [140.4543, 35.5604], [140.4571, 35.5581], [140.4562, 35.5574], [140.4581, 35.5558], [140.4589, 35.5565], [140.4608, 35.5549], [140.46, 35.5542], [140.463, 35.552], [140.4627, 35.5516], [140.4697, 35.5477], [140.4738, 35.5534], [140.4749, 35.5543], [140.4752, 35.5552], [140.4744, 35.5553], [140.4758, 35.5556], [140.478, 35.5581], [140.4782, 35.5589], [140.4793, 35.5594], [140.4806, 35.561], [140.4861, 35.5664], [140.4943, 35.5756], [140.495, 35.5754], [140.4911, 35.577], [140.4897, 35.5787], [140.4899, 35.579], [140.491, 35.5773], [140.4925, 35.5764], [140.4931, 35.5765], [140.495, 35.5759], [140.4947, 35.576], [140.4949, 35.5763], [140.4965, 35.5776], [140.4976, 35.578], [140.5067, 35.5866], [140.5254, 35.6025], [140.5188, 35.6086], [140.5187, 35.6091], [140.5177, 35.6098], [140.5184, 35.6108], [140.5177, 35.6111], [140.5156, 35.611], [140.5127, 35.6126], [140.5129, 35.6128], [140.5112, 35.6143], [140.5106, 35.6137], [140.5092, 35.6164], [140.5065, 35.6169], [140.4965, 35.6103], [140.493, 35.613], [140.4939, 35.6141], [140.4933, 35.6146], [140.4912, 35.6161], [140.4904, 35.6153], [140.4902, 35.6155], [140.4909, 35.6163], [140.4903, 35.6168], [140.491, 35.6173], [140.4903, 35.618], [140.4921, 35.6191], [140.4913, 35.6201], [140.4923, 35.6206], [140.4919, 35.6211], [140.4923, 35.6213], [140.4921, 35.6217], [140.4932, 35.623], [140.4934, 35.6227], [140.4962, 35.6244], [140.4965, 35.624], [140.4982, 35.6248], [140.4994, 35.624], [140.5, 35.6241], [140.4997, 35.6243], [140.5005, 35.625], [140.5013, 35.6245], [140.5017, 35.6246], [140.5001, 35.6267], [140.5007, 35.6276], [140.5003, 35.6283], [140.5011, 35.6287], [140.4986, 35.6313], [140.4998, 35.6326], [140.4995, 35.6331], [140.5005, 35.6337], [140.4986, 35.6349], [140.4984, 35.6346], [140.4978, 35.6352], [140.4953, 35.6366], [140.4907, 35.6328], [140.4905, 35.633], [140.4876, 35.6308], [140.4891, 35.6304], [140.4883, 35.6296], [140.4875, 35.6301], [140.4868, 35.6294], [140.4861, 35.6299], [140.4865, 35.6302], [140.4825, 35.6332], [140.4821, 35.6329], [140.4813, 35.6334], [140.482, 35.634], [140.4807, 35.6353], [140.4771, 35.637], [140.4754, 35.6372], [140.475, 35.6368], [140.4735, 35.6377], [140.4743, 35.6386], [140.4663, 35.6438], [140.4752, 35.6512], [140.4788, 35.6532], [140.4785, 35.6536], [140.479, 35.6539], [140.4759, 35.6577], [140.474, 35.6578], [140.4738, 35.6573], [140.4735, 35.6578], [140.4731, 35.6577], [140.4733, 35.6575], [140.4721, 35.6569], [140.472, 35.6571], [140.4705, 35.6565], [140.4664, 35.6597], [140.4597, 35.6625], [140.4576, 35.6642], [140.4566, 35.6645], [140.4554, 35.6642], [140.454, 35.6646], [140.4536, 35.6657], [140.4527, 35.666], [140.452, 35.665], [140.4507, 35.666], [140.45, 35.6657], [140.4501, 35.6649], [140.4489, 35.664], [140.4494, 35.663], [140.4477, 35.6627], [140.4462, 35.6617], [140.445, 35.6623], [140.4439, 35.6616], [140.4432, 35.66], [140.4416, 35.6587], [140.4394, 35.6622], [140.4389, 35.6649], [140.4385, 35.6649], [140.4385, 35.6659], [140.4381, 35.6659], [140.4383, 35.6665], [140.4365, 35.6665], [140.4355, 35.667], [140.4359, 35.6682], [140.4359, 35.6689], [140.4356, 35.669], [140.4362, 35.6704], [140.4357, 35.6721], [140.4363, 35.6723], [140.4344, 35.6736], [140.4332, 35.6748], [140.4323, 35.6769], [140.4316, 35.6765], [140.4311, 35.6769], [140.4303, 35.6768], [140.4302, 35.6774], [140.4306, 35.6776], [140.4292, 35.6786], [140.4293, 35.6789], [140.4285, 35.6788], [140.4283, 35.6797], [140.4281, 35.6797], [140.4279, 35.6784], [140.4274, 35.6792], [140.4259, 35.6793], [140.4256, 35.6803], [140.4236, 35.6806], [140.4228, 35.6789], [140.4202, 35.678], [140.4192, 35.678], [140.419, 35.6785], [140.4186, 35.6782], [140.4168, 35.6795], [140.4154, 35.6787], [140.4152, 35.6778], [140.4131, 35.6756], [140.413, 35.6749], [140.4099, 35.6746], [140.409, 35.6751], [140.4088, 35.6747], [140.4077, 35.6755], [140.4072, 35.6774], [140.4044, 35.6785], [140.4021, 35.6789], [140.3998, 35.6803], [140.3988, 35.6784], [140.3933, 35.6776], [140.3922, 35.6771], [140.3919, 35.6762], [140.3908, 35.6765], [140.3899, 35.6756], [140.3881, 35.6775], [140.3834, 35.6808], [140.3825, 35.6794], [140.3817, 35.6793], [140.3813, 35.6801], [140.3802, 35.6807], [140.3798, 35.6818], [140.3777, 35.6827], [140.372, 35.6784], [140.3715, 35.679], [140.3738, 35.6808], [140.3727, 35.6815], [140.3718, 35.6828], [140.369, 35.6853], [140.3695, 35.6859], [140.3682, 35.6855], [140.3674, 35.6872], [140.3683, 35.6884], [140.368, 35.6889], [140.3669, 35.6875], [140.3677, 35.6855], [140.3669, 35.6849], [140.3661, 35.6834], [140.3648, 35.6837], [140.3609, 35.6861], [140.3607, 35.6867], [140.3605, 35.6862], [140.3571, 35.685], [140.354, 35.6832], [140.3534, 35.684], [140.3513, 35.6827], [140.3525, 35.6818], [140.3495, 35.6797], [140.3474, 35.6768], [140.3469, 35.6765], [140.3485, 35.6751], [140.3493, 35.6732], [140.3495, 35.6722], [140.3492, 35.6714], [140.3487, 35.6714], [140.3486, 35.6723], [140.3475, 35.6721], [140.3475, 35.6715], [140.3461, 35.6714], [140.3434, 35.6698], [140.3404, 35.6685], [140.341, 35.6678], [140.3407, 35.6677], [140.3408, 35.6671], [140.3398, 35.6668], [140.3399, 35.6661], [140.3405, 35.6661], [140.3404, 35.6651], [140.3397, 35.6654], [140.3397, 35.6649], [140.3377, 35.6648], [140.3363, 35.6636], [140.3386, 35.6645], [140.3402, 35.664], [140.3414, 35.6641], [140.3443, 35.6652], [140.3454, 35.6654], [140.3488, 35.6652], [140.349, 35.6638], [140.3537, 35.6633], [140.3543, 35.6568], [140.3533, 35.6563], [140.3523, 35.6574], [140.3516, 35.657], [140.3512, 35.6574], [140.3519, 35.6579], [140.3515, 35.6584], [140.3507, 35.6579], [140.3505, 35.6582], [140.3499, 35.658], [140.3509, 35.6589], [140.3507, 35.6591], [140.3477, 35.6602], [140.3458, 35.6602], [140.3458, 35.6594], [140.3453, 35.6596], [140.3449, 35.6592], [140.3443, 35.6596], [140.3445, 35.6603], [140.3404, 35.6602], [140.3402, 35.6608], [140.3384, 35.6607], [140.3388, 35.66], [140.3369, 35.66], [140.3369, 35.6607], [140.336, 35.6607], [140.336, 35.6588], [140.3366, 35.6588], [140.336, 35.6578], [140.3356, 35.658], [140.3355, 35.6592], [140.3347, 35.6592], [140.3347, 35.66], [140.3342, 35.6601], [140.334, 35.6608], [140.334, 35.66], [140.3331, 35.6599], [140.3334, 35.6592], [140.3336, 35.6592], [140.3335, 35.6585], [140.3332, 35.6585], [140.3332, 35.6575], [140.3327, 35.6575], [140.3328, 35.659], [140.3324, 35.6588], [140.3313, 35.6568], [140.3306, 35.6566], [140.3304, 35.6556], [140.3278, 35.6573], [140.3268, 35.6573], [140.3264, 35.6578], [140.3264, 35.6572], [140.3274, 35.6569], [140.3274, 35.6566], [140.3268, 35.6566], [140.3269, 35.6562], [140.3274, 35.6563], [140.3271, 35.6544], [140.3278, 35.6539], [140.3259, 35.6523], [140.3282, 35.6509], [140.328, 35.6495], [140.3276, 35.6496], [140.3274, 35.649], [140.3263, 35.6487], [140.3253, 35.6489], [140.3255, 35.6491], [140.3248, 35.6493], [140.3251, 35.6514], [140.3244, 35.6505], [140.3242, 35.6487], [140.323, 35.6494], [140.3214, 35.6494], [140.3207, 35.6491], [140.3208, 35.6488], [140.3202, 35.6484], [140.3199, 35.6469], [140.3204, 35.6473], [140.3233, 35.6458], [140.3237, 35.6448], [140.325, 35.6442], [140.3242, 35.644], [140.3242, 35.6436], [140.3259, 35.6443], [140.3259, 35.6433], [140.3235, 35.6429], [140.3235, 35.6404], [140.3213, 35.6399], [140.3229, 35.6377], [140.3242, 35.6365], [140.324, 35.6362], [140.3292, 35.6332], [140.329, 35.6315], [140.331, 35.63], [140.3312, 35.6302], [140.3319, 35.6298], [140.3322, 35.6294], [140.3319, 35.6291], [140.3324, 35.6284], [140.3335, 35.6271], [140.3339, 35.6271], [140.3348, 35.6252], [140.3355, 35.6245], [140.3326, 35.6241], [140.3327, 35.6237], [140.3343, 35.6233], [140.3345, 35.6229], [140.3343, 35.6225], [140.3333, 35.6226], [140.3333, 35.6215], [140.3327, 35.6218], [140.3327, 35.6211], [140.3334, 35.6213], [140.3342, 35.621], [140.334, 35.6208], [140.3355, 35.62], [140.3365, 35.6202], [140.3377, 35.6199], [140.3377, 35.6195], [140.3366, 35.6198], [140.3353, 35.6195], [140.3373, 35.6176], [140.3371, 35.6171], [140.3381, 35.6174], [140.3384, 35.617], [140.3392, 35.6175], [140.3397, 35.6173], [140.3402, 35.6179], [140.3411, 35.6174], [140.3405, 35.6161], [140.3397, 35.6159], [140.3396, 35.6156], [140.3386, 35.6153], [140.3384, 35.6161], [140.3376, 35.6157], [140.3375, 35.6149], [140.3365, 35.6148], [140.3365, 35.614], [140.3362, 35.6139], [140.3356, 35.6145], [140.3352, 35.6142], [140.3358, 35.6135], [140.3356, 35.6134], [140.3349, 35.6138], [140.3309, 35.6125], [140.3311, 35.6117], [140.3318, 35.6125], [140.3336, 35.6129], [140.3338, 35.6117], [140.333, 35.6108], [140.3323, 35.611], [140.3316, 35.6095], [140.3312, 35.6094], [140.3306, 35.6106], [140.3299, 35.61], [140.3295, 35.6093], [140.3303, 35.6074], [140.3298, 35.6072], [140.3282, 35.6089], [140.3288, 35.6096], [140.3294, 35.6097], [140.3292, 35.6102], [140.3307, 35.6112], [140.3298, 35.6115], [140.3286, 35.6109], [140.3282, 35.6113], [140.3291, 35.6118], [140.3289, 35.612], [140.3273, 35.6113], [140.3276, 35.6109], [140.3272, 35.6105], [140.3276, 35.6101], [140.3262, 35.6106], [140.3258, 35.6104], [140.3254, 35.6097], [140.3268, 35.61], [140.3277, 35.6091], [140.3272, 35.6087], [140.3289, 35.6071], [140.3297, 35.6071], [140.3304, 35.6065], [140.3336, 35.6059], [140.3374, 35.6062], [140.3381, 35.6048], [140.338, 35.6043], [140.3384, 35.6047], [140.3379, 35.6059], [140.338, 35.6063], [140.3385, 35.6064], [140.3398, 35.6052], [140.3401, 35.6053], [140.3408, 35.6051], [140.3409, 35.6045], [140.3404, 35.6037], [140.3415, 35.6042], [140.3415, 35.6053], [140.342, 35.6053], [140.3419, 35.6062], [140.3431, 35.6081], [140.3444, 35.608], [140.3451, 35.6074], [140.3455, 35.6065], [140.3462, 35.6063], [140.347, 35.6054], [140.3475, 35.6055], [140.3486, 35.607], [140.3501, 35.6068], [140.3502, 35.6084], [140.3508, 35.608], [140.3512, 35.6086], [140.3513, 35.6091], [140.3501, 35.6101], [140.3497, 35.6099], [140.3495, 35.6105], [140.35, 35.6105], [140.3501, 35.6101], [140.3502, 35.6104], [140.3521, 35.6106], [140.3531, 35.6103], [140.3545, 35.6073], [140.3552, 35.6077], [140.3613, 35.6015], [140.3621, 35.602], [140.3656, 35.6025], [140.3674, 35.6034], [140.3679, 35.6032], [140.3682, 35.6038], [140.3694, 35.6043], [140.37, 35.6058], [140.3708, 35.6066], [140.3717, 35.6054], [140.3716, 35.6047], [140.3722, 35.6054], [140.3736, 35.6047], [140.3733, 35.6044], [140.3742, 35.6038], [140.3756, 35.6034], [140.3774, 35.6033], [140.3777, 35.6031], [140.3783, 35.6036], [140.3803, 35.6038], [140.3815, 35.6045], [140.383, 35.6045], [140.3842, 35.6028], [140.3846, 35.6029], [140.384, 35.6022], [140.3851, 35.6014], [140.3858, 35.6021], [140.387, 35.601], [140.3868, 35.6004], [140.3851, 35.5999], [140.3854, 35.5991], [140.3848, 35.5974], [140.3853, 35.5982], [140.3866, 35.597], [140.3858, 35.5972], [140.3847, 35.5965], [140.385, 35.5959], [140.3845, 35.5947], [140.385, 35.5925], [140.3864, 35.5914], [140.3865, 35.5908], [140.3937, 35.5854], [140.3946, 35.5859], [140.3959, 35.5852], [140.3962, 35.5861], [140.3968, 35.5868], [140.4, 35.5892], [140.4038, 35.5874], [140.4049, 35.5887], [140.4054, 35.5888], [140.4062, 35.5896], [140.407, 35.5898], [140.4087, 35.5916], [140.4099, 35.591], [140.411, 35.5909], [140.4096, 35.5892], [140.4097, 35.5881], [140.4131, 35.5879], [140.4134, 35.5882], [140.4146, 35.5874], [140.4162, 35.5897], [140.4176, 35.5908], [140.4172, 35.5912], [140.4186, 35.5926], [140.4196, 35.5922], [140.4198, 35.5926], [140.4194, 35.5934], [140.4198, 35.5936], [140.4193, 35.5949], [140.4228, 35.5959], [140.4226, 35.5964], [140.4237, 35.5966], [140.4249, 35.5956], [140.4254, 35.5958], [140.427, 35.591], [140.4275, 35.5908], [140.4271, 35.5877], [140.4286, 35.5819], [140.4295, 35.5798], [140.4306, 35.5791], [140.4312, 35.5781], [140.4316, 35.5764], [140.4315, 35.5746], [140.4321, 35.5733], [140.4324, 35.5716], [140.4351, 35.5676]], [[140.336, 35.6223], [140.3361, 35.6215], [140.3344, 35.621], [140.3349, 35.6221], [140.3358, 35.6226], [140.336, 35.6223]], [[140.3354, 35.6225], [140.3347, 35.6224], [140.3347, 35.6231], [140.3353, 35.6231], [140.3354, 35.6225]], [[140.3385, 35.6183], [140.3381, 35.6179], [140.3376, 35.6181], [140.3371, 35.6189], [140.3385, 35.6183]], [[140.3405, 35.6587], [140.3402, 35.6589], [140.3407, 35.659], [140.3405, 35.6587]], [[140.3271, 35.6521], [140.3268, 35.6523], [140.3273, 35.6523], [140.3271, 35.6521]]], [[[140.4181, 35.5902], [140.4191, 35.5913], [140.4186, 35.5915], [140.4181, 35.5902]]], [[[140.3251, 35.611], [140.3269, 35.6125], [140.3281, 35.6121], [140.3284, 35.6129], [140.3286, 35.6138], [140.328, 35.6145], [140.327, 35.6141], [140.3265, 35.6145], [140.327, 35.6149], [140.3269, 35.6155], [140.3253, 35.6146], [140.3264, 35.6136], [140.3257, 35.6131], [140.3245, 35.6144], [140.3234, 35.6134], [140.3224, 35.6132], [140.3223, 35.613], [140.3221, 35.6125], [140.324, 35.6118], [140.3238, 35.6116], [140.3251, 35.611]], [[140.3254, 35.6128], [140.3252, 35.6125], [140.3237, 35.6134], [140.324, 35.6137], [140.3254, 35.6128]], [[140.3246, 35.6122], [140.3241, 35.612], [140.3225, 35.613], [140.3231, 35.6132], [140.3246, 35.6122]]], [[[140.3249, 35.6174], [140.3243, 35.6178], [140.3249, 35.6183], [140.3242, 35.6184], [140.3239, 35.6191], [140.3229, 35.6183], [140.3234, 35.6175], [140.3218, 35.6174], [140.3216, 35.6159], [140.3225, 35.6165], [140.3222, 35.6171], [140.3225, 35.6172], [140.3229, 35.6167], [140.3249, 35.6174]]], [[[140.4487, 35.5637], [140.4488, 35.5641], [140.4482, 35.5642], [140.4481, 35.5638], [140.4487, 35.5637]]], [[[140.4361, 35.5645], [140.4356, 35.5641], [140.435, 35.5644], [140.4347, 35.5637], [140.435, 35.5634], [140.4354, 35.5637], [140.4357, 35.5634], [140.4361, 35.5645]]]]}, "properties": {"name": "千葉県山武市"}}, {"type": "Feature", "geometry": {"type": "Polygon", "coordinates": [[[140.317, 35.2151], [140.3187, 35.214], [140.3199, 35.2147], [140.3229, 35.214], [140.3236, 35.2169], [140.323, 35.218], [140.3235, 35.22], [140.325, 35.2199], [140.3258, 35.2203], [140.3281, 35.218], [140.3298, 35.2198], [140.3293, 35.2206], [140.3295, 35.2213], [140.3291, 35.2217], [140.3296, 35.2227], [140.3295, 35.2232], [140.3305, 35.224], [140.331, 35.2239], [140.3316, 35.2241], [140.3328, 35.223], [140.3338, 35.2212], [140.3354, 35.2211], [140.3364, 35.2198], [140.3367, 35.2186], [140.3364, 35.2179], [140.3381, 35.2154], [140.3392, 35.2149], [140.3405, 35.215], [140.3411, 35.2139], [140.342, 35.2144], [140.3427, 35.2141], [140.343, 35.2157], [140.3435, 35.2159], [140.3436, 35.2163], [140.3447, 35.2161], [140.3452, 35.2166], [140.3463, 35.2165], [140.3471, 35.2171], [140.3478, 35.217], [140.3479, 35.2177], [140.3487, 35.2175], [140.3508, 35.2186], [140.3516, 35.2181], [140.3525, 35.2169], [140.3547, 35.2168], [140.3547, 35.2155], [140.356, 35.2156], [140.3569, 35.2152], [140.3573, 35.2153], [140.3573, 35.2172], [140.3577, 35.2179], [140.3604, 35.2177], [140.3629, 35.2182], [140.3633, 35.2144], [140.363, 35.2133], [140.3625, 35.2129], [140.3627, 35.2123], [140.3623, 35.2115], [140.364, 35.2118], [140.3647, 35.2111], [140.3643, 35.2102], [140.3649, 35.2095], [140.3637, 35.2084], [140.364, 35.2082], [140.3638, 35.2078], [140.3624, 35.208], [140.3617, 35.2077], [140.3609, 35.2066], [140.3602, 35.2043], [140.3609, 35.2026], [140.3618, 35.2019], [140.3635, 35.2013], [140.3646, 35.2019], [140.3649, 35.2014], [140.3668, 35.2015], [140.3677, 35.2005], [140.3681, 35.1983], [140.3695, 35.1989], [140.3699, 35.1985], [140.3704, 35.1989], [140.3721, 35.1989], [140.3731, 35.1977], [140.3732, 35.197], [140.3725, 35.1955], [140.3727, 35.1946], [140.373, 35.1946], [140.3743, 35.1957], [140.375, 35.1973], [140.3765, 35.1974], [140.3768, 35.1977], [140.3773, 35.1974], [140.3778, 35.1976], [140.3789, 35.1965], [140.3799, 35.1966], [140.3806, 35.1958], [140.3814, 35.1958], [140.3828, 35.1932], [140.3835, 35.1932], [140.3835, 35.1928], [140.3851, 35.1927], [140.3862, 35.1952], [140.3877, 35.1965], [140.388, 35.1972], [140.3886, 35.1974], [140.3885, 35.1981], [140.3893, 35.1994], [140.3906, 35.2001], [140.3915, 35.2011], [140.3926, 35.2012], [140.3932, 35.2017], [140.3928, 35.2017], [140.3938, 35.2021], [140.3936, 35.2026], [140.3941, 35.2027], [140.394, 35.2029], [140.3936, 35.2027], [140.3931, 35.2029], [140.3926, 35.204], [140.3925, 35.2053], [140.3929, 35.2034], [140.3934, 35.2028], [140.3929, 35.2036], [140.3923, 35.2064], [140.3926, 35.2073], [140.3933, 35.2075], [140.3929, 35.2074], [140.3931, 35.2076], [140.3927, 35.2079], [140.3934, 35.2089], [140.3926, 35.2081], [140.3921, 35.2086], [140.3922, 35.2091], [140.3929, 35.209], [140.3919, 35.2092], [140.392, 35.2095], [140.3926, 35.2095], [140.392, 35.2095], [140.392, 35.2107], [140.3935, 35.2116], [140.3945, 35.2128], [140.3952, 35.2132], [140.3954, 35.2145], [140.3951, 35.2151], [140.3956, 35.218], [140.3976, 35.2206], [140.3973, 35.2217], [140.3976, 35.2218], [140.3971, 35.2219], [140.397, 35.2223], [140.3975, 35.2237], [140.3997, 35.2254], [140.4005, 35.2274], [140.4006, 35.2284], [140.3998, 35.2293], [140.4, 35.2295], [140.3994, 35.2293], [140.3992, 35.2297], [140.4001, 35.231], [140.3997, 35.2314], [140.3998, 35.232], [140.4004, 35.232], [140.4007, 35.2331], [140.4005, 35.2321], [140.4, 35.2318], [140.4005, 35.2319], [140.4009, 35.2333], [140.4021, 35.2334], [140.4028, 35.2348], [140.4042, 35.236], [140.4039, 35.2359], [140.4026, 35.2347], [140.4028, 35.235], [140.405, 35.2369], [140.4052, 35.239], [140.406, 35.24], [140.4054, 35.2406], [140.4049, 35.2431], [140.404, 35.2438], [140.4048, 35.2434], [140.4052, 35.2426], [140.4048, 35.2434], [140.4039, 35.2443], [140.4042, 35.2454], [140.4037, 35.2462], [140.4043, 35.2465], [140.4039, 35.2468], [140.4045, 35.247], [140.4048, 35.2481], [140.4042, 35.2488], [140.4042, 35.2492], [140.4049, 35.2482], [140.4048, 35.2477], [140.4049, 35.2482], [140.4043, 35.2494], [140.4057, 35.2497], [140.4066, 35.2494], [140.407, 35.2497], [140.407, 35.2504], [140.4062, 35.2512], [140.4069, 35.2523], [140.4066, 35.2534], [140.4071, 35.2562], [140.4065, 35.2532], [140.4068, 35.2561], [140.4064, 35.2534], [140.4068, 35.2522], [140.4062, 35.2514], [140.4055, 35.2517], [140.4059, 35.2521], [140.4056, 35.2523], [140.4053, 35.2519], [140.4044, 35.2525], [140.404, 35.2521], [140.4032, 35.2525], [140.4033, 35.2528], [140.4031, 35.2525], [140.4026, 35.2526], [140.4021, 35.2533], [140.4024, 35.2535], [140.4019, 35.2532], [140.4009, 35.2545], [140.4019, 35.255], [140.4028, 35.2537], [140.4049, 35.2527], [140.4059, 35.2531], [140.4034, 35.2542], [140.4022, 35.2558], [140.4034, 35.2564], [140.4051, 35.2556], [140.4061, 35.2558], [140.4012, 35.2582], [140.3988, 35.2575], [140.399, 35.2581], [140.3988, 35.2585], [140.4006, 35.259], [140.3999, 35.2589], [140.3996, 35.2595], [140.3992, 35.2675], [140.4015, 35.2768], [140.4032, 35.2819], [140.4037, 35.2852], [140.4053, 35.2889], [140.4071, 35.2917], [140.4078, 35.2942], [140.4083, 35.2948], [140.4093, 35.2944], [140.4084, 35.2948], [140.4093, 35.2959], [140.4101, 35.2954], [140.4094, 35.2959], [140.4096, 35.2966], [140.4131, 35.3025], [140.4147, 35.3041], [140.4146, 35.3053], [140.415, 35.3056], [140.4146, 35.3072], [140.4149, 35.3091], [140.4142, 35.3095], [140.4139, 35.3102], [140.4133, 35.3142], [140.412, 35.3151], [140.4112, 35.3163], [140.4113, 35.3169], [140.41, 35.3191], [140.4105, 35.3199], [140.4098, 35.32], [140.4096, 35.3196], [140.4091, 35.32], [140.4083, 35.3221], [140.4078, 35.322], [140.4072, 35.323], [140.4071, 35.3234], [140.4076, 35.3236], [140.4074, 35.3241], [140.4072, 35.3237], [140.4072, 35.324], [140.4066, 35.3244], [140.4065, 35.3248], [140.4071, 35.3244], [140.4064, 35.325], [140.4056, 35.3253], [140.4055, 35.3266], [140.4048, 35.3266], [140.4042, 35.327], [140.404, 35.328], [140.4033, 35.3285], [140.4037, 35.3308], [140.4035, 35.3311], [140.403, 35.3285], [140.4018, 35.3287], [140.4018, 35.3292], [140.4014, 35.3292], [140.4015, 35.3301], [140.4023, 35.3299], [140.4028, 35.3301], [140.4015, 35.3301], [140.4023, 35.3301], [140.4015, 35.3303], [140.4016, 35.3305], [140.4013, 35.3298], [140.4013, 35.3286], [140.4009, 35.3282], [140.3999, 35.3286], [140.401, 35.3297], [140.4006, 35.3296], [140.4008, 35.3303], [140.4006, 35.3301], [140.3998, 35.3306], [140.4003, 35.3302], [140.4002, 35.3299], [140.3993, 35.3296], [140.3979, 35.3299], [140.3969, 35.3295], [140.3965, 35.33], [140.3928, 35.3314], [140.3916, 35.333], [140.3903, 35.333], [140.3892, 35.3342], [140.3876, 35.3348], [140.3862, 35.3333], [140.3861, 35.3317], [140.387, 35.3297], [140.386, 35.3295], [140.3815, 35.3303], [140.377, 35.3299], [140.3762, 35.3303], [140.3737, 35.3286], [140.373, 35.3286], [140.3722, 35.3289], [140.3717, 35.3295], [140.3715, 35.3304], [140.3722, 35.332], [140.3708, 35.3343], [140.3715, 35.3348], [140.3713, 35.3352], [140.3717, 35.3355], [140.3713, 35.3363], [140.3731, 35.3381], [140.3734, 35.339], [140.3747, 35.3412], [140.3743, 35.3426], [140.3735, 35.3426], [140.3733, 35.3433], [140.3725, 35.343], [140.3716, 35.3432], [140.3716, 35.3421], [140.3721, 35.3418], [140.3718, 35.3414], [140.37, 35.342], [140.3691, 35.3412], [140.3688, 35.343], [140.3674, 35.3428], [140.3664, 35.342], [140.3657, 35.3421], [140.3655, 35.3433], [140.3646, 35.3431], [140.3636, 35.3441], [140.3618, 35.3426], [140.361, 35.3433], [140.3601, 35.3434], [140.3588, 35.343], [140.3575, 35.3431], [140.3567, 35.3448], [140.3545, 35.344], [140.3543, 35.3449], [140.3536, 35.3451], [140.3533, 35.3457], [140.3524, 35.3456], [140.3518, 35.3459], [140.3515, 35.3457], [140.3514, 35.3444], [140.3495, 35.3454], [140.349, 35.3461], [140.348, 35.3459], [140.3478, 35.3449], [140.3474, 35.3447], [140.3469, 35.3456], [140.3455, 35.3453], [140.345, 35.346], [140.3428, 35.3455], [140.3423, 35.3448], [140.3419, 35.3454], [140.3412, 35.3453], [140.3395, 35.3434], [140.339, 35.3436], [140.3382, 35.3433], [140.3379, 35.3424], [140.3371, 35.3421], [140.336, 35.3428], [140.3352, 35.3427], [140.3348, 35.3438], [140.3336, 35.3442], [140.333, 35.344], [140.3328, 35.3429], [140.332, 35.3424], [140.3306, 35.3436], [140.3299, 35.3435], [140.3293, 35.343], [140.3288, 35.3431], [140.328, 35.3442], [140.3272, 35.3436], [140.3265, 35.3436], [140.3249, 35.3453], [140.3232, 35.3447], [140.3225, 35.3456], [140.3212, 35.346], [140.3199, 35.3455], [140.3182, 35.3457], [140.3178, 35.3442], [140.3165, 35.3442], [140.3161, 35.3445], [140.3152, 35.3444], [140.3152, 35.3435], [140.3145, 35.3433], [140.3144, 35.3427], [140.3139, 35.3424], [140.3139, 35.342], [140.3134, 35.3418], [140.3132, 35.3412], [140.3125, 35.3415], [140.312, 35.3411], [140.3105, 35.3414], [140.3085, 35.3401], [140.3085, 35.3391], [140.3077, 35.3386], [140.3072, 35.3386], [140.307, 35.3376], [140.3063, 35.3374], [140.3058, 35.3368], [140.3051, 35.3371], [140.3051, 35.3376], [140.3043, 35.3385], [140.3034, 35.3386], [140.3017, 35.3375], [140.301, 35.3378], [140.3007, 35.3372], [140.3001, 35.3369], [140.2994, 35.3359], [140.2984, 35.3356], [140.2961, 35.3357], [140.2955, 35.3354], [140.2952, 35.3345], [140.2942, 35.3334], [140.2936, 35.3303], [140.2917, 35.3296], [140.2918, 35.3254], [140.2913, 35.3246], [140.2903, 35.3245], [140.2892, 35.3216], [140.2876, 35.3205], [140.2863, 35.3209], [140.2848, 35.3189], [140.2843, 35.3189], [140.2837, 35.3199], [140.2822, 35.3189], [140.2816, 35.3198], [140.2802, 35.3201], [140.2795, 35.3189], [140.2786, 35.3189], [140.2781, 35.3193], [140.2777, 35.3192], [140.2754, 35.3171], [140.2755, 35.3162], [140.2742, 35.3165], [140.2728, 35.3154], [140.2724, 35.3144], [140.2715, 35.3138], [140.2713, 35.3131], [140.2714, 35.3115], [140.273, 35.3089], [140.276, 35.3071], [140.2754, 35.3055], [140.2741, 35.3045], [140.274, 35.303], [140.2756, 35.3011], [140.2764, 35.2991], [140.277, 35.2986], [140.2763, 35.2955], [140.2739, 35.2931], [140.2731, 35.2918], [140.2719, 35.2914], [140.2712, 35.2916], [140.2708, 35.2912], [140.2702, 35.2886], [140.269, 35.2881], [140.2665, 35.2881], [140.2662, 35.2837], [140.2632, 35.2841], [140.262, 35.2838], [140.2602, 35.2841], [140.2577, 35.2833], [140.2569, 35.2825], [140.2558, 35.2824], [140.2553, 35.2827], [140.2546, 35.2825], [140.2547, 35.2814], [140.2554, 35.2808], [140.2547, 35.2799], [140.254, 35.2798], [140.2562, 35.2763], [140.2563, 35.275], [140.2573, 35.2743], [140.2573, 35.273], [140.2584, 35.2726], [140.2591, 35.2719], [140.2601, 35.272], [140.2604, 35.2717], [140.265, 35.271], [140.2673, 35.2692], [140.2686, 35.2692], [140.2709, 35.2703], [140.2713, 35.2697], [140.2717, 35.2703], [140.2721, 35.2703], [140.272, 35.2693], [140.2731, 35.2688], [140.2728, 35.2681], [140.277, 35.2669], [140.2771, 35.2656], [140.2777, 35.2657], [140.2788, 35.2648], [140.2781, 35.2628], [140.2793, 35.2611], [140.2817, 35.2594], [140.2834, 35.2579], [140.2841, 35.2568], [140.2848, 35.2564], [140.2853, 35.2566], [140.2862, 35.2556], [140.2842, 35.2532], [140.2823, 35.2518], [140.2819, 35.2507], [140.2812, 35.2505], [140.2805, 35.2507], [140.2807, 35.2493], [140.2814, 35.2492], [140.2815, 35.2479], [140.2824, 35.2476], [140.2834, 35.2451], [140.2827, 35.2445], [140.282, 35.243], [140.2814, 35.2427], [140.2823, 35.2424], [140.2829, 35.2428], [140.2843, 35.2422], [140.2853, 35.2433], [140.2845, 35.2444], [140.2854, 35.2441], [140.2867, 35.2446], [140.2873, 35.2436], [140.2881, 35.243], [140.2878, 35.2419], [140.2884, 35.2398], [140.2904, 35.2374], [140.2909, 35.2382], [140.291, 35.24], [140.2928, 35.2387], [140.2949, 35.239], [140.2959, 35.2385], [140.2969, 35.2375], [140.297, 35.2342], [140.2966, 35.2331], [140.2939, 35.2308], [140.294, 35.2303], [140.2951, 35.2298], [140.2975, 35.2301], [140.2983, 35.2296], [140.2995, 35.2293], [140.2997, 35.2282], [140.3013, 35.2262], [140.3033, 35.2267], [140.3041, 35.2262], [140.3052, 35.2264], [140.3066, 35.2257], [140.3071, 35.2229], [140.3082, 35.2221], [140.31, 35.2217], [140.3102, 35.2207], [140.3109, 35.2201], [140.3131, 35.2195], [140.3132, 35.218], [140.3137, 35.2177], [140.3154, 35.2178], [140.3156, 35.2173], [140.3178, 35.2157], [140.317, 35.2151]]]}, "properties": {"name": "千葉県いすみ市"}}, {"type": "Feature", "geometry": {"type": "MultiPolygon", "coordinates": [[[[140.2717, 35.4936], [140.2733, 35.4938], [140.2783, 35.4951], [140.2779, 35.4951], [140.278, 35.4962], [140.2804, 35.4987], [140.2813, 35.4989], [140.2821, 35.4994], [140.2834, 35.4982], [140.2852, 35.4979], [140.286, 35.497], [140.2883, 35.4974], [140.2886, 35.497], [140.2891, 35.4971], [140.2905, 35.4964], [140.2926, 35.4968], [140.2935, 35.4964], [140.2943, 35.4971], [140.2947, 35.497], [140.2952, 35.4973], [140.2988, 35.4976], [140.2989, 35.4978], [140.2965, 35.4978], [140.2967, 35.4982], [140.2982, 35.4988], [140.3001, 35.4972], [140.301, 35.497], [140.3023, 35.4983], [140.3019, 35.4986], [140.3039, 35.4996], [140.3041, 35.4992], [140.3046, 35.4991], [140.3052, 35.4998], [140.307, 35.5001], [140.3077, 35.5015], [140.3093, 35.502], [140.3103, 35.5017], [140.3127, 35.5021], [140.3136, 35.5018], [140.3137, 35.5022], [140.3152, 35.5025], [140.3154, 35.5021], [140.3158, 35.503], [140.3158, 35.5012], [140.3168, 35.5006], [140.3171, 35.5011], [140.3175, 35.501], [140.3191, 35.4991], [140.3197, 35.499], [140.3197, 35.4994], [140.3216, 35.4992], [140.3221, 35.5004], [140.3213, 35.5005], [140.3215, 35.5009], [140.3227, 35.5007], [140.3229, 35.5012], [140.3257, 35.5009], [140.326, 35.5014], [140.3288, 35.5003], [140.3297, 35.4981], [140.3289, 35.4981], [140.3277, 35.4959], [140.326, 35.4943], [140.3233, 35.4948], [140.3229, 35.4942], [140.326, 35.4921], [140.3291, 35.4921], [140.3305, 35.4914], [140.3313, 35.4915], [140.3334, 35.4908], [140.3358, 35.4905], [140.3416, 35.4878], [140.3413, 35.4866], [140.343, 35.4855], [140.3472, 35.4848], [140.3476, 35.4849], [140.3475, 35.4852], [140.3481, 35.4857], [140.3522, 35.4969], [140.3536, 35.4964], [140.3533, 35.496], [140.3528, 35.496], [140.3536, 35.4957], [140.3536, 35.4951], [140.3544, 35.4956], [140.3555, 35.4955], [140.355, 35.4948], [140.3561, 35.4934], [140.357, 35.4947], [140.3576, 35.4945], [140.3589, 35.4954], [140.3604, 35.4953], [140.3606, 35.4957], [140.3612, 35.4948], [140.3616, 35.4955], [140.3623, 35.4951], [140.3626, 35.4943], [140.3631, 35.495], [140.3647, 35.495], [140.3656, 35.494], [140.3674, 35.4935], [140.3696, 35.4933], [140.3723, 35.4941], [140.3733, 35.4942], [140.3739, 35.4937], [140.3739, 35.4926], [140.3746, 35.4924], [140.375, 35.4915], [140.3771, 35.4897], [140.3766, 35.4887], [140.379, 35.4876], [140.3787, 35.4857], [140.3784, 35.4857], [140.3782, 35.4854], [140.3786, 35.4852], [140.3785, 35.484], [140.378, 35.4838], [140.3791, 35.4807], [140.3791, 35.4805], [140.3784, 35.4807], [140.3779, 35.4799], [140.3795, 35.4794], [140.3795, 35.478], [140.3789, 35.4767], [140.3799, 35.4765], [140.3802, 35.4768], [140.3811, 35.4764], [140.3807, 35.4756], [140.3813, 35.4754], [140.382, 35.4769], [140.3834, 35.4765], [140.3835, 35.4768], [140.4013, 35.4745], [140.4058, 35.4734], [140.4126, 35.4724], [140.4158, 35.4717], [140.4185, 35.477], [140.4195, 35.4767], [140.4186, 35.4771], [140.4193, 35.477], [140.4187, 35.4773], [140.4202, 35.4805], [140.4267, 35.4922], [140.4297, 35.4969], [140.4299, 35.4968], [140.4298, 35.4971], [140.4305, 35.4981], [140.4255, 35.5002], [140.4241, 35.5005], [140.4225, 35.5013], [140.4235, 35.5045], [140.4224, 35.5047], [140.4152, 35.5045], [140.4045, 35.5092], [140.401, 35.5057], [140.4006, 35.5055], [140.3947, 35.5073], [140.3907, 35.5096], [140.3875, 35.5037], [140.3849, 35.5], [140.3843, 35.5003], [140.3842, 35.5], [140.3826, 35.5006], [140.3829, 35.5012], [140.3816, 35.5017], [140.3813, 35.5014], [140.3807, 35.5015], [140.3806, 35.501], [140.3802, 35.501], [140.3801, 35.5003], [140.3791, 35.5012], [140.3796, 35.5025], [140.3796, 35.5052], [140.3827, 35.5092], [140.3827, 35.5109], [140.3815, 35.5118], [140.3795, 35.5126], [140.3733, 35.5139], [140.3731, 35.5144], [140.3727, 35.514], [140.3724, 35.5141], [140.3726, 35.5146], [140.3722, 35.5147], [140.3711, 35.5145], [140.3708, 35.5141], [140.3675, 35.5144], [140.3676, 35.5151], [140.3671, 35.5147], [140.3668, 35.5147], [140.3672, 35.5151], [140.3663, 35.5151], [140.3662, 35.5146], [140.3632, 35.5151], [140.3622, 35.5147], [140.3626, 35.5154], [140.3618, 35.5158], [140.3613, 35.5149], [140.3605, 35.5152], [140.361, 35.5162], [140.3591, 35.517], [140.3601, 35.5186], [140.3566, 35.5205], [140.3587, 35.5255], [140.3607, 35.5292], [140.3605, 35.5293], [140.3612, 35.5299], [140.3607, 35.5301], [140.3611, 35.5306], [140.3586, 35.532], [140.3578, 35.5311], [140.3574, 35.5314], [140.3556, 35.5304], [140.3548, 35.5308], [140.3552, 35.5313], [140.3538, 35.5321], [140.3534, 35.5316], [140.3528, 35.532], [140.3533, 35.5331], [140.3528, 35.5334], [140.3543, 35.5351], [140.3539, 35.5353], [140.3543, 35.5358], [140.3535, 35.5362], [140.354, 35.5366], [140.3472, 35.5404], [140.3446, 35.5373], [140.3453, 35.5369], [140.345, 35.5365], [140.3458, 35.536], [140.3431, 35.5329], [140.3395, 35.535], [140.3399, 35.5354], [140.3378, 35.5364], [140.3358, 35.5344], [140.3349, 35.5353], [140.3362, 35.5371], [140.3358, 35.5381], [140.3361, 35.5384], [140.3354, 35.5401], [140.3315, 35.545], [140.3311, 35.544], [140.3301, 35.5448], [140.3294, 35.5449], [140.3303, 35.5461], [140.3306, 35.5472], [140.3296, 35.5478], [140.3286, 35.5475], [140.3275, 35.5494], [140.3253, 35.5484], [140.3242, 35.5498], [140.3237, 35.5519], [140.3255, 35.5524], [140.327, 35.5543], [140.3267, 35.5565], [140.3257, 35.5567], [140.3252, 35.5564], [140.3242, 35.5566], [140.3246, 35.5575], [140.3238, 35.558], [140.3215, 35.558], [140.3193, 35.5568], [140.3185, 35.5569], [140.317, 35.5562], [140.3151, 35.5588], [140.3139, 35.5584], [140.3146, 35.5578], [140.3145, 35.5575], [140.3133, 35.5568], [140.3117, 35.5572], [140.3085, 35.5553], [140.3082, 35.5543], [140.3062, 35.5546], [140.3048, 35.5543], [140.3037, 35.5537], [140.303, 35.5541], [140.3022, 35.5557], [140.3017, 35.5559], [140.3009, 35.5553], [140.298, 35.5576], [140.2975, 35.5577], [140.2973, 35.5591], [140.2943, 35.5593], [140.2943, 35.5604], [140.2917, 35.557], [140.2911, 35.5556], [140.2914, 35.5537], [140.2912, 35.5519], [140.2921, 35.5496], [140.292, 35.5482], [140.2857, 35.5493], [140.2831, 35.5483], [140.282, 35.5499], [140.2807, 35.5507], [140.2817, 35.5499], [140.2818, 35.5489], [140.2815, 35.5476], [140.2804, 35.5468], [140.2811, 35.5453], [140.2806, 35.5434], [140.2814, 35.5413], [140.2815, 35.5415], [140.2821, 35.5413], [140.2828, 35.5405], [140.2845, 35.5399], [140.2862, 35.5387], [140.2875, 35.5359], [140.2891, 35.5343], [140.2892, 35.533], [140.2908, 35.5317], [140.2917, 35.5315], [140.2919, 35.5317], [140.2929, 35.531], [140.2929, 35.5307], [140.2923, 35.5307], [140.2912, 35.5289], [140.2888, 35.5278], [140.2893, 35.527], [140.2882, 35.5243], [140.2882, 35.523], [140.2904, 35.522], [140.2923, 35.5219], [140.2943, 35.5209], [140.2952, 35.5211], [140.2961, 35.5218], [140.298, 35.5215], [140.2993, 35.5203], [140.3004, 35.5205], [140.3008, 35.5203], [140.2999, 35.519], [140.2964, 35.5172], [140.2961, 35.5174], [140.2958, 35.5171], [140.2949, 35.517], [140.2944, 35.5163], [140.2934, 35.5161], [140.2933, 35.5156], [140.2925, 35.5154], [140.2909, 35.5155], [140.2892, 35.5162], [140.2894, 35.5178], [140.2886, 35.5194], [140.2863, 35.519], [140.2846, 35.518], [140.2843, 35.5173], [140.2835, 35.5171], [140.2836, 35.5169], [140.2829, 35.5162], [140.283, 35.5155], [140.2818, 35.5137], [140.2821, 35.5133], [140.2816, 35.5124], [140.2806, 35.5119], [140.2795, 35.5121], [140.278, 35.5117], [140.2769, 35.5118], [140.2742, 35.5079], [140.2748, 35.5044], [140.2737, 35.5025], [140.2738, 35.5013], [140.2735, 35.5009], [140.2741, 35.4995], [140.2706, 35.4962], [140.2724, 35.4942], [140.2717, 35.4936]], [[140.3028, 35.5205], [140.3022, 35.5207], [140.3027, 35.5212], [140.3032, 35.521], [140.3028, 35.5205]], [[140.277, 35.4964], [140.278, 35.4965], [140.2775, 35.496], [140.2777, 35.4952], [140.2775, 35.4951], [140.2769, 35.496], [140.2758, 35.4959], [140.2764, 35.4966], [140.277, 35.4964]], [[140.3283, 35.5457], [140.3276, 35.5451], [140.3247, 35.5442], [140.325, 35.546], [140.3252, 35.546], [140.3252, 35.5452], [140.3256, 35.5459], [140.3276, 35.5459], [140.3287, 35.5466], [140.3291, 35.5476], [140.3297, 35.5477], [140.33, 35.5475], [140.3294, 35.5472], [140.3283, 35.5457]]], [[[140.3439, 35.5364], [140.3436, 35.536], [140.3442, 35.5356], [140.3445, 35.5361], [140.3439, 35.5364]]]]}, "properties": {"name": "千葉県大網白里市"}}, {"type": "Feature", "geometry": {"type": "Polygon", "coordinates": [[[140.2633, 35.7548], [140.2655, 35.7474], [140.2651, 35.7441], [140.2644, 35.7427], [140.2629, 35.7412], [140.259, 35.7398], [140.2604, 35.7358], [140.2597, 35.7356], [140.2597, 35.7352], [140.2604, 35.7332], [140.2613, 35.7334], [140.2622, 35.7313], [140.2614, 35.7311], [140.2617, 35.7305], [140.2603, 35.7305], [140.2599, 35.7297], [140.259, 35.7295], [140.2593, 35.7288], [140.258, 35.7282], [140.2573, 35.7286], [140.257, 35.7294], [140.2548, 35.7293], [140.2541, 35.7296], [140.2546, 35.7284], [140.2538, 35.7267], [140.2549, 35.7263], [140.2549, 35.7258], [140.2554, 35.7255], [140.2571, 35.7256], [140.2572, 35.725], [140.2564, 35.7242], [140.2564, 35.7233], [140.2568, 35.7229], [140.2579, 35.7229], [140.2582, 35.7227], [140.2561, 35.7226], [140.2555, 35.7231], [140.2551, 35.7229], [140.2547, 35.7235], [140.2539, 35.7233], [140.2538, 35.724], [140.2514, 35.7234], [140.2511, 35.7236], [140.2508, 35.723], [140.2494, 35.7221], [140.2469, 35.7234], [140.2453, 35.7248], [140.2448, 35.7247], [140.2467, 35.7233], [140.2497, 35.7219], [140.25, 35.7219], [140.2517, 35.7203], [140.2525, 35.7185], [140.2515, 35.7163], [140.2529, 35.714], [140.2558, 35.7149], [140.2553, 35.7151], [140.2563, 35.7153], [140.2567, 35.715], [140.2582, 35.7154], [140.2587, 35.7154], [140.2585, 35.715], [140.2597, 35.7144], [140.2599, 35.7139], [140.2602, 35.7142], [140.2608, 35.7103], [140.2614, 35.7102], [140.2643, 35.7057], [140.2644, 35.7046], [140.2638, 35.703], [140.2638, 35.7016], [140.2651, 35.7001], [140.2673, 35.6997], [140.2704, 35.7015], [140.2754, 35.7034], [140.2751, 35.7036], [140.2757, 35.7038], [140.2754, 35.7048], [140.2769, 35.706], [140.2775, 35.7058], [140.2772, 35.7066], [140.2781, 35.7078], [140.2795, 35.7063], [140.2807, 35.7061], [140.2813, 35.7049], [140.2816, 35.7052], [140.2827, 35.7048], [140.2826, 35.7036], [140.2829, 35.7028], [140.2842, 35.7026], [140.2853, 35.7029], [140.2864, 35.7037], [140.2867, 35.7038], [140.287, 35.7031], [140.2877, 35.7033], [140.2892, 35.7054], [140.2899, 35.7053], [140.2914, 35.706], [140.2914, 35.7065], [140.2911, 35.7079], [140.2926, 35.7083], [140.2941, 35.7091], [140.2959, 35.7121], [140.2969, 35.713], [140.2987, 35.7136], [140.3003, 35.7148], [140.3013, 35.7163], [140.3023, 35.7153], [140.3025, 35.7155], [140.3022, 35.7161], [140.3005, 35.7181], [140.2981, 35.7187], [140.2965, 35.7198], [140.2967, 35.7205], [140.2978, 35.7217], [140.2965, 35.7213], [140.2962, 35.7221], [140.2954, 35.722], [140.2943, 35.7247], [140.2936, 35.7251], [140.2929, 35.7265], [140.2929, 35.7298], [140.2899, 35.7298], [140.289, 35.7306], [140.2885, 35.7304], [140.2882, 35.7308], [140.2886, 35.7316], [140.2895, 35.7319], [140.2916, 35.7354], [140.2937, 35.7365], [140.2967, 35.7393], [140.2976, 35.7387], [140.2983, 35.7398], [140.2992, 35.74], [140.3002, 35.7395], [140.3002, 35.7389], [140.2995, 35.738], [140.3005, 35.7385], [140.301, 35.7394], [140.3016, 35.7388], [140.3009, 35.7373], [140.302, 35.7375], [140.3018, 35.7382], [140.3021, 35.7385], [140.3059, 35.7384], [140.3074, 35.7395], [140.3094, 35.7397], [140.3102, 35.739], [140.3101, 35.7397], [140.3095, 35.7403], [140.3073, 35.7398], [140.3058, 35.739], [140.3052, 35.7392], [140.3058, 35.7398], [140.3057, 35.7409], [140.3016, 35.7466], [140.3026, 35.747], [140.3033, 35.7478], [140.3006, 35.7476], [140.2991, 35.7507], [140.299, 35.7522], [140.2987, 35.7527], [140.2962, 35.7544], [140.2957, 35.7542], [140.2937, 35.755], [140.2933, 35.7561], [140.2922, 35.7577], [140.2886, 35.7574], [140.2891, 35.7569], [140.2889, 35.7563], [140.2896, 35.7557], [140.29, 35.7539], [140.2913, 35.7544], [140.2897, 35.7532], [140.2898, 35.7528], [140.2911, 35.7517], [140.2887, 35.7522], [140.287, 35.7521], [140.2865, 35.7517], [140.2853, 35.7519], [140.2841, 35.7516], [140.2839, 35.7534], [140.283, 35.7545], [140.2791, 35.7574], [140.2775, 35.7577], [140.2756, 35.7558], [140.2737, 35.7548], [140.2733, 35.7553], [140.2728, 35.7555], [140.2663, 35.7554], [140.2633, 35.7548]], [[140.2758, 35.7053], [140.2741, 35.7063], [140.2745, 35.7069], [140.2753, 35.7071], [140.2766, 35.709], [140.2777, 35.708], [140.2758, 35.7053]]]}, "properties": {"name": "千葉県酒々井町"}}, {"type": "Feature", "geometry": {"type": "MultiPolygon", "coordinates": [[[[140.2901, 35.871], [140.2844, 35.8737], [140.2818, 35.8742], [140.2792, 35.8742], [140.2756, 35.8735], [140.2675, 35.8703], [140.2619, 35.8672], [140.2569, 35.8639], [140.2469, 35.858], [140.2424, 35.8557], [140.2392, 35.8545], [140.2346, 35.8544], [140.228, 35.8557], [140.2253, 35.8567], [140.2178, 35.8609], [140.2153, 35.8617], [140.2123, 35.8621], [140.2085, 35.862], [140.2057, 35.8615], [140.1984, 35.8589], [140.1891, 35.8529], [140.1862, 35.8514], [140.1811, 35.8503], [140.1734, 35.8477], [140.1684, 35.8452], [140.1763, 35.8433], [140.1815, 35.8417], [140.188, 35.8384], [140.1943, 35.836], [140.1998, 35.8346], [140.207, 35.8352], [140.2117, 35.8385], [140.2139, 35.8393], [140.2203, 35.8397], [140.232, 35.8412], [140.2329, 35.8388], [140.2323, 35.8347], [140.2327, 35.8334], [140.2336, 35.832], [140.2381, 35.83], [140.2412, 35.8297], [140.2413, 35.8292], [140.243, 35.8272], [140.2444, 35.828], [140.2451, 35.8271], [140.2431, 35.826], [140.2436, 35.8253], [140.2424, 35.8244], [140.2409, 35.8243], [140.2372, 35.8208], [140.2381, 35.8202], [140.2401, 35.8208], [140.2429, 35.8159], [140.2442, 35.8177], [140.2436, 35.8182], [140.2433, 35.8181], [140.2426, 35.8193], [140.2432, 35.8195], [140.2437, 35.8202], [140.2442, 35.8199], [140.2451, 35.8211], [140.2462, 35.8206], [140.2503, 35.8211], [140.2501, 35.8172], [140.2515, 35.811], [140.2518, 35.8074], [140.2513, 35.8003], [140.2529, 35.8002], [140.2549, 35.8087], [140.2542, 35.8107], [140.2571, 35.8114], [140.2557, 35.8135], [140.2588, 35.815], [140.2649, 35.8187], [140.2653, 35.8183], [140.2656, 35.8185], [140.2652, 35.8189], [140.2663, 35.8196], [140.2664, 35.8203], [140.2672, 35.8209], [140.268, 35.8234], [140.2706, 35.8221], [140.2754, 35.8214], [140.2771, 35.8192], [140.2775, 35.8179], [140.2779, 35.8187], [140.2786, 35.8184], [140.2801, 35.8201], [140.2794, 35.8204], [140.2812, 35.8237], [140.2829, 35.825], [140.2834, 35.8259], [140.2852, 35.8274], [140.2848, 35.8278], [140.286, 35.8288], [140.2844, 35.8303], [140.2851, 35.8315], [140.284, 35.8313], [140.2837, 35.8316], [140.2839, 35.832], [140.2832, 35.832], [140.283, 35.8324], [140.2827, 35.8323], [140.2826, 35.8337], [140.2822, 35.8338], [140.2823, 35.8342], [140.2817, 35.8352], [140.2819, 35.8359], [140.2812, 35.8367], [140.2819, 35.8391], [140.2807, 35.8406], [140.2799, 35.8406], [140.2798, 35.8412], [140.2797, 35.8465], [140.2782, 35.8466], [140.2782, 35.8461], [140.2774, 35.8459], [140.2767, 35.8449], [140.2754, 35.8451], [140.2759, 35.8471], [140.2759, 35.8485], [140.2742, 35.8482], [140.2735, 35.85], [140.2749, 35.8497], [140.2749, 35.851], [140.2755, 35.851], [140.2755, 35.852], [140.2802, 35.8518], [140.2822, 35.859], [140.2811, 35.8594], [140.2814, 35.8599], [140.2808, 35.8601], [140.2811, 35.8611], [140.2808, 35.8614], [140.2837, 35.8623], [140.285, 35.8633], [140.2874, 35.8685], [140.288, 35.8682], [140.2901, 35.871]]], [[[140.2483, 35.8194], [140.2457, 35.8197], [140.2451, 35.8188], [140.2472, 35.8178], [140.2483, 35.8194]]]]}, "properties": {"name": "千葉県栄町"}}, {"type": "Feature", "geometry": {"type": "Polygon", "coordinates": [[[140.4401, 35.8678], [140.4396, 35.8679], [140.4399, 35.8701], [140.4397, 35.8713], [140.4394, 35.8714], [140.4392, 35.8706], [140.4349, 35.8713], [140.4348, 35.8724], [140.4322, 35.873], [140.4313, 35.8737], [140.4306, 35.8735], [140.4296, 35.8723], [140.4289, 35.8722], [140.4268, 35.8724], [140.4249, 35.8732], [140.425, 35.8755], [140.4257, 35.8756], [140.4273, 35.8772], [140.4281, 35.8787], [140.4273, 35.8802], [140.4268, 35.8827], [140.4274, 35.8838], [140.4277, 35.8835], [140.4283, 35.8836], [140.4277, 35.885], [140.427, 35.8856], [140.4269, 35.8865], [140.4255, 35.8882], [140.425, 35.8882], [140.426, 35.8903], [140.4264, 35.894], [140.4292, 35.9017], [140.4289, 35.9017], [140.4301, 35.9023], [140.4306, 35.9039], [140.4317, 35.9036], [140.4341, 35.9048], [140.4338, 35.9054], [140.4358, 35.9064], [140.4374, 35.9082], [140.4362, 35.9094], [140.4352, 35.9117], [140.4311, 35.9105], [140.4246, 35.907], [140.4201, 35.9065], [140.4164, 35.9066], [140.4078, 35.9091], [140.4033, 35.9099], [140.3924, 35.9084], [140.3767, 35.9029], [140.3751, 35.9003], [140.3757, 35.8992], [140.3762, 35.8946], [140.3801, 35.8915], [140.3824, 35.891], [140.384, 35.8899], [140.3853, 35.8854], [140.3883, 35.8865], [140.3918, 35.8858], [140.3924, 35.8855], [140.3927, 35.885], [140.3919, 35.8829], [140.3934, 35.8814], [140.3947, 35.8812], [140.3946, 35.8809], [140.3964, 35.8782], [140.3991, 35.8763], [140.3999, 35.8749], [140.4, 35.8742], [140.3997, 35.8739], [140.4006, 35.8738], [140.4006, 35.8731], [140.4012, 35.8726], [140.4009, 35.8722], [140.3996, 35.8717], [140.4003, 35.8715], [140.3998, 35.8703], [140.3987, 35.8701], [140.3983, 35.8703], [140.398, 35.87], [140.3981, 35.8697], [140.4, 35.8695], [140.4007, 35.8675], [140.3994, 35.8653], [140.3991, 35.8631], [140.3986, 35.8628], [140.3978, 35.8631], [140.3973, 35.8628], [140.3979, 35.8608], [140.3977, 35.8585], [140.3968, 35.8581], [140.3974, 35.8585], [140.3974, 35.8603], [140.3964, 35.8602], [140.3947, 35.8588], [140.3942, 35.8575], [140.3985, 35.8552], [140.3981, 35.8547], [140.3952, 35.8542], [140.395, 35.8558], [140.3935, 35.8563], [140.3928, 35.8559], [140.3924, 35.8547], [140.3941, 35.8548], [140.3941, 35.8528], [140.4033, 35.8536], [140.4036, 35.8554], [140.4049, 35.8569], [140.4054, 35.8569], [140.4058, 35.8563], [140.4075, 35.8568], [140.4088, 35.8581], [140.4095, 35.8583], [140.4087, 35.8592], [140.4095, 35.8587], [140.4115, 35.8598], [140.4109, 35.8605], [140.4127, 35.8613], [140.4173, 35.8657], [140.4183, 35.8662], [140.4219, 35.8665], [140.4229, 35.8661], [140.4225, 35.8651], [140.4232, 35.8651], [140.4229, 35.86], [140.4235, 35.8606], [140.4246, 35.8609], [140.4246, 35.8616], [140.4254, 35.8626], [140.4259, 35.8623], [140.426, 35.8627], [140.4276, 35.8638], [140.4302, 35.8633], [140.432, 35.8641], [140.4326, 35.864], [140.4328, 35.8635], [140.434, 35.8635], [140.4341, 35.8639], [140.4361, 35.8637], [140.4369, 35.8634], [140.4375, 35.8634], [140.4376, 35.8636], [140.4384, 35.8634], [140.4397, 35.8652], [140.439, 35.8655], [140.4392, 35.866], [140.4396, 35.8659], [140.44, 35.8663], [140.4403, 35.8674], [140.4401, 35.8678]]]}, "properties": {"name": "千葉県神崎町"}}, {"type": "Feature", "geometry": {"type": "MultiPolygon", "coordinates": [[[[140.4027, 35.7755], [140.4037, 35.7751], [140.4052, 35.7739], [140.4046, 35.7738], [140.4043, 35.773], [140.4052, 35.7719], [140.4058, 35.772], [140.4056, 35.7716], [140.4065, 35.7704], [140.4074, 35.771], [140.4074, 35.7705], [140.4077, 35.7703], [140.409, 35.7708], [140.4099, 35.7704], [140.4103, 35.7712], [140.4095, 35.7715], [140.4104, 35.7716], [140.4105, 35.7724], [140.4088, 35.7726], [140.4122, 35.773], [140.4131, 35.7739], [140.4138, 35.7732], [140.4151, 35.7738], [140.4165, 35.7732], [140.4212, 35.7735], [140.4241, 35.7702], [140.4249, 35.7702], [140.425, 35.7705], [140.4253, 35.7705], [140.4238, 35.7643], [140.4239, 35.7628], [140.4232, 35.7605], [140.4243, 35.758], [140.4247, 35.7544], [140.4254, 35.7533], [140.427, 35.7527], [140.4283, 35.7514], [140.4298, 35.7465], [140.4322, 35.743], [140.4326, 35.7394], [140.4345, 35.7379], [140.4345, 35.7371], [140.4356, 35.7354], [140.4354, 35.7333], [140.4361, 35.7312], [140.4354, 35.7292], [140.4329, 35.7249], [140.4319, 35.7238], [140.4299, 35.7231], [140.4294, 35.7217], [140.4313, 35.719], [140.4326, 35.718], [140.4354, 35.7179], [140.437, 35.7183], [140.4378, 35.7182], [140.44, 35.7162], [140.4418, 35.7151], [140.4434, 35.7126], [140.4442, 35.7126], [140.4455, 35.7132], [140.4478, 35.7129], [140.448, 35.7105], [140.4474, 35.7098], [140.4474, 35.7089], [140.4482, 35.7079], [140.4492, 35.7076], [140.4495, 35.7064], [140.4506, 35.7056], [140.4523, 35.7063], [140.4533, 35.7064], [140.454, 35.7061], [140.4537, 35.7054], [140.454, 35.7032], [140.4536, 35.702], [140.4543, 35.7013], [140.4542, 35.7003], [140.4549, 35.6991], [140.455, 35.6986], [140.4561, 35.6984], [140.4561, 35.6976], [140.4566, 35.6973], [140.4594, 35.6972], [140.46, 35.6968], [140.4597, 35.6961], [140.4601, 35.6958], [140.4598, 35.6938], [140.4605, 35.6913], [140.4601, 35.6913], [140.4602, 35.691], [140.4657, 35.6919], [140.4673, 35.6915], [140.4667, 35.6936], [140.4689, 35.7005], [140.4711, 35.7042], [140.4746, 35.7089], [140.4758, 35.7113], [140.4792, 35.715], [140.4802, 35.7153], [140.4812, 35.717], [140.4814, 35.7177], [140.4801, 35.7194], [140.481, 35.7199], [140.481, 35.7209], [140.4806, 35.7212], [140.4804, 35.7222], [140.4835, 35.7216], [140.4835, 35.7213], [140.4866, 35.7212], [140.4863, 35.7231], [140.4865, 35.7247], [140.4876, 35.7252], [140.4885, 35.7262], [140.4907, 35.7271], [140.4959, 35.7321], [140.4989, 35.7338], [140.4999, 35.7331], [140.5003, 35.7334], [140.5006, 35.7331], [140.5028, 35.7348], [140.5024, 35.7353], [140.5029, 35.7353], [140.5029, 35.7356], [140.5023, 35.7357], [140.5022, 35.7365], [140.5022, 35.739], [140.5029, 35.7423], [140.5071, 35.7513], [140.5066, 35.7514], [140.5071, 35.7535], [140.5067, 35.7541], [140.5051, 35.755], [140.5052, 35.7578], [140.5044, 35.7596], [140.5095, 35.761], [140.516, 35.761], [140.5166, 35.7607], [140.5191, 35.7561], [140.5208, 35.7543], [140.5225, 35.7536], [140.5225, 35.7546], [140.5233, 35.7554], [140.5239, 35.7555], [140.5244, 35.7547], [140.5252, 35.7546], [140.5269, 35.7537], [140.5272, 35.7548], [140.5287, 35.7544], [140.5291, 35.7549], [140.5297, 35.7572], [140.5294, 35.7586], [140.53, 35.7592], [140.5305, 35.7612], [140.5311, 35.7615], [140.5309, 35.7619], [140.5313, 35.7621], [140.5333, 35.7592], [140.5353, 35.7586], [140.5349, 35.7581], [140.5355, 35.7579], [140.5362, 35.7567], [140.5369, 35.7571], [140.5403, 35.7571], [140.5408, 35.7577], [140.5429, 35.7576], [140.5435, 35.7584], [140.5442, 35.7576], [140.545, 35.7579], [140.5458, 35.7577], [140.5462, 35.7583], [140.5471, 35.758], [140.548, 35.7585], [140.5488, 35.7605], [140.5506, 35.7613], [140.5481, 35.763], [140.5465, 35.7654], [140.5462, 35.7688], [140.5465, 35.7694], [140.5478, 35.7701], [140.5461, 35.7704], [140.5449, 35.77], [140.5433, 35.7701], [140.5434, 35.772], [140.5429, 35.7729], [140.5434, 35.7745], [140.543, 35.7754], [140.541, 35.7743], [140.5385, 35.7737], [140.5369, 35.7746], [140.5357, 35.7744], [140.5349, 35.7749], [140.5332, 35.7751], [140.5327, 35.7758], [140.5308, 35.777], [140.5284, 35.7767], [140.528, 35.7782], [140.5285, 35.7792], [140.5281, 35.7792], [140.5269, 35.7783], [140.5259, 35.7787], [140.5255, 35.7792], [140.5245, 35.7792], [140.5243, 35.7795], [140.5248, 35.7811], [140.5233, 35.7793], [140.5229, 35.7792], [140.5226, 35.7797], [140.5216, 35.7794], [140.52, 35.7816], [140.5185, 35.7824], [140.5172, 35.7825], [140.5161, 35.7823], [140.5132, 35.781], [140.5124, 35.7801], [140.511, 35.7808], [140.5114, 35.783], [140.5106, 35.7848], [140.5082, 35.7841], [140.5072, 35.7831], [140.5064, 35.7835], [140.5044, 35.7837], [140.5047, 35.7847], [140.5057, 35.7849], [140.5059, 35.7852], [140.5058, 35.7861], [140.5043, 35.786], [140.504, 35.7864], [140.5052, 35.7886], [140.5051, 35.7894], [140.5049, 35.7891], [140.5037, 35.7894], [140.5036, 35.7888], [140.5025, 35.789], [140.5022, 35.7881], [140.5009, 35.7884], [140.5011, 35.7898], [140.5016, 35.7898], [140.5021, 35.7904], [140.5029, 35.7903], [140.503, 35.7907], [140.503, 35.7922], [140.5022, 35.7949], [140.5025, 35.7963], [140.5018, 35.7976], [140.5005, 35.7973], [140.498, 35.7992], [140.4964, 35.8021], [140.4952, 35.8021], [140.4875, 35.7979], [140.4847, 35.7976], [140.485, 35.7966], [140.4841, 35.7948], [140.4841, 35.7936], [140.4811, 35.7906], [140.4802, 35.79], [140.4799, 35.7905], [140.4783, 35.7903], [140.4744, 35.7906], [140.471, 35.7914], [140.469, 35.7923], [140.4672, 35.7922], [140.4658, 35.7914], [140.4658, 35.7918], [140.4674, 35.7934], [140.4679, 35.7963], [140.4686, 35.7967], [140.4684, 35.7972], [140.4687, 35.7976], [140.468, 35.7978], [140.4682, 35.7982], [140.4664, 35.7991], [140.4643, 35.8009], [140.4622, 35.8011], [140.4618, 35.8007], [140.462, 35.8013], [140.4614, 35.8016], [140.4607, 35.8026], [140.4592, 35.8017], [140.4518, 35.807], [140.4443, 35.8034], [140.4449, 35.8013], [140.445, 35.7991], [140.4431, 35.793], [140.4429, 35.788], [140.4421, 35.7875], [140.4416, 35.7877], [140.4407, 35.7872], [140.4395, 35.7862], [140.4391, 35.7867], [140.4363, 35.7884], [140.4326, 35.786], [140.4331, 35.7853], [140.4327, 35.7847], [140.4333, 35.7852], [140.433, 35.7861], [140.4357, 35.7821], [140.436, 35.7822], [140.4363, 35.7808], [140.4335, 35.7799], [140.4234, 35.7751], [140.4222, 35.7756], [140.4208, 35.7758], [140.4202, 35.7757], [140.42, 35.7753], [140.4184, 35.7753], [140.4171, 35.7763], [140.4181, 35.7815], [140.4153, 35.7845], [140.4135, 35.7857], [140.412, 35.7859], [140.4107, 35.7855], [140.4094, 35.7864], [140.4075, 35.7866], [140.4054, 35.7858], [140.4034, 35.7839], [140.4027, 35.7841], [140.4024, 35.784], [140.4018, 35.7789], [140.4026, 35.7772], [140.4027, 35.7755]]], [[[140.4315, 35.7832], [140.432, 35.7825], [140.4323, 35.7827], [140.4319, 35.7834], [140.4315, 35.7832]]]]}, "properties": {"name": "千葉県多古町"}}, {"type": "Feature", "geometry": {"type": "Polygon", "coordinates": [[[140.7187, 35.812], [140.7233, 35.8123], [140.7181, 35.8248], [140.7154, 35.8284], [140.71, 35.8338], [140.7066, 35.8363], [140.7004, 35.8403], [140.689, 35.8466], [140.6787, 35.8503], [140.6664, 35.8533], [140.6471, 35.8547], [140.6447, 35.8464], [140.6452, 35.8457], [140.6469, 35.8454], [140.6488, 35.8398], [140.6482, 35.8395], [140.6478, 35.8374], [140.6486, 35.8374], [140.6483, 35.8364], [140.6491, 35.8353], [140.6517, 35.8351], [140.651, 35.8325], [140.6505, 35.8319], [140.6507, 35.8295], [140.6499, 35.828], [140.6506, 35.8272], [140.6482, 35.826], [140.6474, 35.8247], [140.6476, 35.8261], [140.6466, 35.8257], [140.6444, 35.8257], [140.6444, 35.8264], [140.6421, 35.8268], [140.6422, 35.8255], [140.6419, 35.8254], [140.6418, 35.8241], [140.6424, 35.8221], [140.6421, 35.8213], [140.6436, 35.8194], [140.6432, 35.8183], [140.6437, 35.8173], [140.6432, 35.8162], [140.6442, 35.8134], [140.6437, 35.8129], [140.6441, 35.8128], [140.6434, 35.8119], [140.6436, 35.8113], [140.6425, 35.8101], [140.6418, 35.8099], [140.6408, 35.8102], [140.6405, 35.8111], [140.6397, 35.8114], [140.6382, 35.8099], [140.6376, 35.8096], [140.6374, 35.8098], [140.6351, 35.8085], [140.6345, 35.8086], [140.6341, 35.8039], [140.6333, 35.8028], [140.6315, 35.8027], [140.6317, 35.8023], [140.6283, 35.8015], [140.6284, 35.8012], [140.6241, 35.8003], [140.6242, 35.8], [140.6247, 35.7998], [140.6232, 35.7981], [140.6229, 35.7973], [140.6231, 35.7965], [140.6238, 35.7965], [140.624, 35.796], [140.6246, 35.7939], [140.6234, 35.7941], [140.6236, 35.7937], [140.6249, 35.7936], [140.6246, 35.7939], [140.6268, 35.7938], [140.6287, 35.7945], [140.6294, 35.7944], [140.6295, 35.7948], [140.6315, 35.7942], [140.6311, 35.793], [140.6318, 35.7926], [140.6317, 35.792], [140.6326, 35.7908], [140.6333, 35.791], [140.6339, 35.7904], [140.6344, 35.7884], [140.6348, 35.7886], [140.6352, 35.7881], [140.636, 35.7886], [140.6363, 35.7883], [140.6357, 35.7876], [140.6376, 35.787], [140.6374, 35.786], [140.639, 35.7858], [140.6391, 35.7863], [140.6417, 35.7865], [140.643, 35.787], [140.6441, 35.7878], [140.6462, 35.788], [140.6485, 35.7875], [140.6515, 35.7875], [140.652, 35.7866], [140.6517, 35.7855], [140.6524, 35.7855], [140.6527, 35.7865], [140.6532, 35.7865], [140.6532, 35.7871], [140.6526, 35.7873], [140.6513, 35.7888], [140.6517, 35.7888], [140.6514, 35.7891], [140.6523, 35.7909], [140.6533, 35.7912], [140.6534, 35.7909], [140.6539, 35.791], [140.6538, 35.7913], [140.6543, 35.7915], [140.6545, 35.7892], [140.658, 35.7832], [140.6583, 35.7834], [140.6587, 35.783], [140.6583, 35.7827], [140.6622, 35.7751], [140.6707, 35.765], [140.6738, 35.7727], [140.676, 35.773], [140.6832, 35.7777], [140.6831, 35.7781], [140.6823, 35.7786], [140.6827, 35.7791], [140.6814, 35.7807], [140.6811, 35.7807], [140.6813, 35.781], [140.6818, 35.7802], [140.682, 35.7804], [140.6823, 35.7802], [140.6821, 35.7799], [140.6828, 35.7793], [140.6844, 35.7806], [140.6852, 35.7809], [140.6867, 35.7823], [140.6877, 35.7828], [140.6899, 35.781], [140.6917, 35.7813], [140.6979, 35.7761], [140.6968, 35.775], [140.6969, 35.7748], [140.6996, 35.7742], [140.7038, 35.7788], [140.7046, 35.7812], [140.7047, 35.7835], [140.7015, 35.7854], [140.7008, 35.7855], [140.6997, 35.7851], [140.6993, 35.7856], [140.7006, 35.7894], [140.7008, 35.7917], [140.6998, 35.7929], [140.6927, 35.7944], [140.6906, 35.7943], [140.69, 35.7962], [140.6904, 35.7975], [140.6916, 35.7989], [140.6914, 35.7993], [140.6923, 35.7999], [140.6919, 35.8003], [140.6926, 35.8009], [140.6921, 35.8032], [140.6927, 35.8045], [140.7022, 35.8062], [140.7038, 35.8067], [140.7047, 35.8075], [140.7059, 35.8074], [140.7062, 35.8082], [140.7071, 35.8089], [140.7103, 35.8093], [140.7182, 35.8123], [140.7186, 35.8124], [140.7187, 35.812]]]}, "properties": {"name": "千葉県東庄町"}}, {"type": "Feature", "geometry": {"type": "MultiPolygon", "coordinates": [[[[140.4045, 35.5092], [140.4152, 35.5045], [140.4224, 35.5047], [140.4235, 35.5045], [140.4225, 35.5013], [140.4241, 35.5005], [140.4255, 35.5002], [140.4305, 35.4981], [140.4312, 35.4985], [140.4419, 35.5149], [140.4452, 35.5192], [140.4492, 35.5238], [140.4511, 35.5245], [140.4522, 35.5254], [140.4519, 35.5263], [140.4522, 35.527], [140.4536, 35.5286], [140.4551, 35.5292], [140.4549, 35.53], [140.4562, 35.5315], [140.4577, 35.5327], [140.4601, 35.5314], [140.4606, 35.5314], [140.4597, 35.5317], [140.4602, 35.533], [140.4618, 35.5343], [140.4631, 35.5349], [140.4638, 35.535], [140.4636, 35.5348], [140.4639, 35.535], [140.4646, 35.5348], [140.4647, 35.5343], [140.4644, 35.5342], [140.4666, 35.5345], [140.4648, 35.5343], [140.4647, 35.5348], [140.4659, 35.5358], [140.4653, 35.5363], [140.4661, 35.5371], [140.4668, 35.5369], [140.4675, 35.5326], [140.4678, 35.5326], [140.4669, 35.5372], [140.4658, 35.5372], [140.4661, 35.5375], [140.4655, 35.5371], [140.4649, 35.5379], [140.4649, 35.5387], [140.4659, 35.541], [140.4686, 35.545], [140.4689, 35.5466], [140.4697, 35.5477], [140.4627, 35.5516], [140.463, 35.552], [140.46, 35.5542], [140.4608, 35.5549], [140.4589, 35.5565], [140.4581, 35.5558], [140.4562, 35.5574], [140.4571, 35.5581], [140.4543, 35.5604], [140.4533, 35.5591], [140.4528, 35.5592], [140.4532, 35.5596], [140.4517, 35.5608], [140.4527, 35.5616], [140.4514, 35.5629], [140.4505, 35.5622], [140.449, 35.5635], [140.4494, 35.5642], [140.4484, 35.5648], [140.4472, 35.5639], [140.4424, 35.5674], [140.4416, 35.5667], [140.4397, 35.5681], [140.4392, 35.5685], [140.4399, 35.5692], [140.4398, 35.5701], [140.4393, 35.5689], [140.4374, 35.569], [140.4364, 35.5701], [140.4361, 35.5695], [140.4366, 35.5692], [140.436, 35.5695], [140.4351, 35.5676], [140.4358, 35.5664], [140.4357, 35.5659], [140.4346, 35.5645], [140.434, 35.5625], [140.4326, 35.5604], [140.434, 35.5586], [140.4341, 35.5567], [140.4309, 35.5575], [140.4305, 35.5572], [140.4293, 35.5576], [140.4285, 35.5576], [140.4269, 35.556], [140.4266, 35.5553], [140.4257, 35.5548], [140.4261, 35.5546], [140.4271, 35.5554], [140.4285, 35.5548], [140.4272, 35.5529], [140.428, 35.5524], [140.4275, 35.5515], [140.425, 35.5518], [140.4229, 35.551], [140.4226, 35.5512], [140.4228, 35.5515], [140.4209, 35.5523], [140.4203, 35.5516], [140.4202, 35.5507], [140.4192, 35.5515], [140.4185, 35.5505], [140.42, 35.5492], [140.4213, 35.5489], [140.422, 35.5482], [140.4221, 35.547], [140.4199, 35.5434], [140.4217, 35.5428], [140.4213, 35.5422], [140.4209, 35.5425], [140.4208, 35.5418], [140.4192, 35.5423], [140.4189, 35.5419], [140.4194, 35.5418], [140.4189, 35.5397], [140.4195, 35.5393], [140.4201, 35.5394], [140.4214, 35.5389], [140.4198, 35.5364], [140.4205, 35.5361], [140.4194, 35.5341], [140.4193, 35.5331], [140.4152, 35.5271], [140.4095, 35.5301], [140.4082, 35.5301], [140.4069, 35.5286], [140.4046, 35.5298], [140.4039, 35.5291], [140.403, 35.5295], [140.4025, 35.5292], [140.4021, 35.5294], [140.4024, 35.5297], [140.402, 35.53], [140.4018, 35.5296], [140.4003, 35.5288], [140.3963, 35.5325], [140.3976, 35.5339], [140.3979, 35.5339], [140.3985, 35.5344], [140.3966, 35.5359], [140.3956, 35.5336], [140.396, 35.533], [140.3954, 35.5324], [140.3963, 35.5316], [140.3958, 35.5312], [140.3968, 35.5304], [140.3952, 35.5282], [140.3944, 35.5285], [140.3943, 35.5289], [140.3941, 35.5286], [140.3937, 35.5287], [140.3945, 35.5299], [140.3938, 35.5298], [140.3939, 35.5302], [140.3948, 35.5309], [140.3943, 35.5311], [140.3937, 35.5303], [140.3922, 35.5309], [140.392, 35.5306], [140.3926, 35.53], [140.3932, 35.5302], [140.3935, 35.5288], [140.3919, 35.5303], [140.3912, 35.5298], [140.3918, 35.5292], [140.3905, 35.5282], [140.3883, 35.529], [140.3882, 35.5286], [140.3887, 35.5283], [140.3881, 35.5267], [140.3889, 35.5264], [140.3891, 35.5269], [140.3899, 35.5266], [140.3897, 35.5262], [140.3904, 35.526], [140.3915, 35.5267], [140.3926, 35.5264], [140.4004, 35.5218], [140.4006, 35.522], [140.401, 35.5218], [140.4016, 35.5228], [140.4026, 35.5221], [140.4038, 35.5221], [140.4047, 35.5215], [140.4071, 35.5208], [140.4104, 35.5183], [140.4069, 35.5141], [140.4062, 35.5126], [140.4046, 35.5115], [140.4056, 35.5109], [140.4045, 35.5092]], [[140.4487, 35.5637], [140.4481, 35.5638], [140.4482, 35.5642], [140.4488, 35.5641], [140.4487, 35.5637]], [[140.4361, 35.5645], [140.4357, 35.5634], [140.4354, 35.5637], [140.435, 35.5634], [140.4347, 35.5637], [140.435, 35.5644], [140.4356, 35.5641], [140.4361, 35.5645]]], [[[140.3882, 35.5294], [140.3885, 35.5295], [140.3883, 35.5304], [140.3901, 35.5318], [140.3899, 35.532], [140.3902, 35.5323], [140.388, 35.5343], [140.3877, 35.534], [140.3852, 35.5358], [140.3852, 35.5356], [140.384, 35.5352], [140.3842, 35.5347], [140.3834, 35.5345], [140.3837, 35.534], [140.3843, 35.5336], [140.3853, 35.5316], [140.3865, 35.5319], [140.3863, 35.531], [140.3869, 35.5305], [140.3875, 35.5306], [140.3882, 35.5294]]]]}, "properties": {"name": "千葉県九十九里町"}}, {"type": "Feature", "geometry": {"type": "Polygon", "coordinates": [[[140.368, 35.7311], [140.368, 35.7303], [140.3665, 35.7284], [140.366, 35.7257], [140.3682, 35.7249], [140.371, 35.7231], [140.3751, 35.724], [140.3774, 35.7248], [140.3778, 35.7236], [140.3773, 35.7221], [140.3756, 35.7202], [140.3776, 35.7159], [140.3791, 35.7143], [140.3839, 35.7142], [140.3861, 35.713], [140.3851, 35.7119], [140.3842, 35.7093], [140.3821, 35.7089], [140.3818, 35.7076], [140.3823, 35.7084], [140.383, 35.7085], [140.3836, 35.7071], [140.3825, 35.7036], [140.3813, 35.7033], [140.3801, 35.7023], [140.3772, 35.702], [140.3734, 35.7007], [140.3713, 35.7024], [140.3723, 35.701], [140.3733, 35.7004], [140.3732, 35.6996], [140.3721, 35.6977], [140.3716, 35.6977], [140.3706, 35.6973], [140.3696, 35.6971], [140.3705, 35.6971], [140.3715, 35.6976], [140.3721, 35.6971], [140.3736, 35.6994], [140.3756, 35.6977], [140.3779, 35.6947], [140.3803, 35.6934], [140.38, 35.6925], [140.3791, 35.6918], [140.3788, 35.6909], [140.3801, 35.6923], [140.3807, 35.6934], [140.3816, 35.6937], [140.384, 35.6916], [140.3835, 35.6912], [140.3855, 35.6905], [140.3852, 35.6897], [140.3874, 35.6893], [140.3875, 35.6897], [140.3887, 35.6899], [140.3886, 35.6903], [140.3895, 35.6901], [140.3898, 35.6904], [140.3924, 35.69], [140.3924, 35.6892], [140.3929, 35.6895], [140.3936, 35.6892], [140.3936, 35.6883], [140.393, 35.687], [140.3939, 35.6884], [140.3938, 35.6892], [140.3926, 35.6901], [140.3935, 35.6912], [140.3939, 35.6911], [140.3939, 35.6916], [140.3944, 35.6915], [140.3943, 35.692], [140.396, 35.6913], [140.397, 35.6912], [140.3969, 35.6906], [140.3976, 35.6903], [140.3978, 35.6907], [140.3996, 35.6901], [140.4002, 35.691], [140.4017, 35.6902], [140.4023, 35.6907], [140.4027, 35.6905], [140.4036, 35.6909], [140.4044, 35.6919], [140.4057, 35.6894], [140.4054, 35.6889], [140.404, 35.6888], [140.4031, 35.6883], [140.4016, 35.6882], [140.4011, 35.6877], [140.4, 35.6856], [140.4018, 35.6832], [140.3998, 35.6803], [140.4021, 35.6789], [140.4044, 35.6785], [140.4072, 35.6774], [140.4077, 35.6755], [140.4088, 35.6747], [140.409, 35.6751], [140.4099, 35.6746], [140.413, 35.6749], [140.4131, 35.6756], [140.4152, 35.6778], [140.4154, 35.6787], [140.4168, 35.6795], [140.4172, 35.6797], [140.4163, 35.6805], [140.417, 35.682], [140.419, 35.6823], [140.4195, 35.6839], [140.4201, 35.6841], [140.4222, 35.684], [140.422, 35.6844], [140.4227, 35.6854], [140.4231, 35.6852], [140.4236, 35.6858], [140.4273, 35.6871], [140.4284, 35.6886], [140.4333, 35.6894], [140.4351, 35.6927], [140.439, 35.6936], [140.4465, 35.698], [140.4514, 35.6966], [140.4517, 35.6975], [140.4528, 35.6984], [140.4537, 35.699], [140.4542, 35.6987], [140.4549, 35.6991], [140.4542, 35.7003], [140.4543, 35.7013], [140.4536, 35.702], [140.454, 35.7032], [140.4537, 35.7054], [140.454, 35.7061], [140.4533, 35.7064], [140.4523, 35.7063], [140.4506, 35.7056], [140.4495, 35.7064], [140.4492, 35.7076], [140.4482, 35.7079], [140.4474, 35.7089], [140.4474, 35.7098], [140.448, 35.7105], [140.4478, 35.7129], [140.4455, 35.7132], [140.4442, 35.7126], [140.4434, 35.7126], [140.4418, 35.7151], [140.44, 35.7162], [140.4378, 35.7182], [140.437, 35.7183], [140.4354, 35.7179], [140.4326, 35.718], [140.4313, 35.719], [140.4294, 35.7217], [140.4299, 35.7231], [140.4319, 35.7238], [140.4329, 35.7249], [140.4354, 35.7292], [140.4361, 35.7312], [140.4354, 35.7333], [140.4356, 35.7354], [140.4345, 35.7371], [140.4345, 35.7379], [140.4326, 35.7394], [140.4322, 35.743], [140.4298, 35.7465], [140.4283, 35.7514], [140.427, 35.7527], [140.4254, 35.7533], [140.4247, 35.7544], [140.4243, 35.758], [140.4232, 35.7605], [140.4239, 35.7628], [140.4238, 35.7643], [140.4253, 35.7705], [140.425, 35.7705], [140.4249, 35.7702], [140.4241, 35.7702], [140.4212, 35.7735], [140.4165, 35.7732], [140.4151, 35.7738], [140.4138, 35.7732], [140.4131, 35.7739], [140.4122, 35.773], [140.4088, 35.7726], [140.4105, 35.7724], [140.4104, 35.7716], [140.4095, 35.7715], [140.4103, 35.7712], [140.4099, 35.7704], [140.409, 35.7708], [140.4077, 35.7703], [140.4074, 35.7705], [140.4074, 35.771], [140.4065, 35.7704], [140.4056, 35.7716], [140.4058, 35.772], [140.4052, 35.7719], [140.4043, 35.773], [140.4046, 35.7738], [140.4052, 35.7739], [140.4037, 35.7751], [140.4027, 35.7755], [140.4025, 35.7751], [140.4, 35.7738], [140.397, 35.7729], [140.3961, 35.7723], [140.3955, 35.7708], [140.3948, 35.7702], [140.3949, 35.7689], [140.3941, 35.7684], [140.3939, 35.7678], [140.3912, 35.7683], [140.3909, 35.7679], [140.3902, 35.7679], [140.3889, 35.7688], [140.3892, 35.7694], [140.3887, 35.7689], [140.388, 35.7688], [140.3873, 35.7675], [140.3862, 35.7669], [140.3866, 35.7668], [140.387, 35.766], [140.3869, 35.7671], [140.3876, 35.7675], [140.3882, 35.7687], [140.3886, 35.7688], [140.3906, 35.7675], [140.3902, 35.7671], [140.389, 35.767], [140.3888, 35.7664], [140.3892, 35.767], [140.3905, 35.767], [140.3912, 35.7678], [140.3938, 35.7675], [140.3953, 35.7662], [140.3951, 35.7659], [140.3933, 35.7657], [140.3927, 35.7643], [140.3932, 35.7646], [140.3938, 35.7657], [140.3955, 35.7658], [140.3959, 35.7655], [140.3956, 35.7651], [140.3962, 35.7655], [140.3972, 35.765], [140.3968, 35.7637], [140.3972, 35.7638], [140.3977, 35.7647], [140.3998, 35.7637], [140.3996, 35.7633], [140.3983, 35.7628], [140.3965, 35.7615], [140.3967, 35.7606], [140.3963, 35.7602], [140.3969, 35.7602], [140.3968, 35.7594], [140.3958, 35.7568], [140.395, 35.756], [140.3945, 35.7561], [140.3942, 35.7571], [140.3931, 35.7578], [140.3923, 35.7575], [140.39, 35.7581], [140.3888, 35.7577], [140.3903, 35.7579], [140.3924, 35.7573], [140.3931, 35.7575], [140.394, 35.7569], [140.3943, 35.7558], [140.395, 35.7558], [140.3957, 35.7551], [140.3974, 35.7551], [140.4011, 35.7533], [140.4012, 35.7525], [140.4004, 35.7497], [140.4005, 35.7451], [140.4013, 35.7436], [140.4031, 35.7425], [140.4023, 35.741], [140.4017, 35.7409], [140.3996, 35.7419], [140.3987, 35.7418], [140.3983, 35.7413], [140.3972, 35.7417], [140.3971, 35.7425], [140.3964, 35.7434], [140.3969, 35.7422], [140.3965, 35.7408], [140.3948, 35.7411], [140.3936, 35.7403], [140.3928, 35.7411], [140.3929, 35.7415], [140.3921, 35.7411], [140.3913, 35.7411], [140.3901, 35.742], [140.3885, 35.7425], [140.3887, 35.744], [140.3885, 35.7444], [140.3881, 35.7425], [140.3867, 35.7416], [140.3851, 35.7409], [140.384, 35.7412], [140.3839, 35.7433], [140.3836, 35.7427], [140.3837, 35.7416], [140.3819, 35.7412], [140.3815, 35.7407], [140.3836, 35.7412], [140.385, 35.7406], [140.3854, 35.7393], [140.3852, 35.738], [140.3845, 35.7367], [140.384, 35.7363], [140.3851, 35.7348], [140.3853, 35.7338], [140.387, 35.7308], [140.3868, 35.7306], [140.3876, 35.7307], [140.3881, 35.7302], [140.3879, 35.7301], [140.3888, 35.7296], [140.3884, 35.7289], [140.3925, 35.7293], [140.3933, 35.7278], [140.3905, 35.728], [140.3913, 35.7277], [140.3912, 35.7275], [140.3915, 35.7276], [140.3915, 35.7271], [140.39, 35.7262], [140.3868, 35.7233], [140.3839, 35.7258], [140.3818, 35.7267], [140.3814, 35.7273], [140.3803, 35.7277], [140.3791, 35.7289], [140.3784, 35.7303], [140.3795, 35.7326], [140.3788, 35.7344], [140.3766, 35.7378], [140.3682, 35.7393], [140.3678, 35.734], [140.368, 35.7311]]]}, "properties": {"name": "千葉県芝山町"}}, {"type": "Feature", "geometry": {"type": "Polygon", "coordinates": [[[140.4866, 35.7212], [140.4835, 35.7213], [140.4835, 35.7216], [140.4804, 35.7222], [140.4806, 35.7212], [140.481, 35.7209], [140.481, 35.7199], [140.4801, 35.7194], [140.4814, 35.7177], [140.4812, 35.717], [140.4802, 35.7153], [140.4792, 35.715], [140.4758, 35.7113], [140.4746, 35.7089], [140.4711, 35.7042], [140.4689, 35.7005], [140.4667, 35.6936], [140.4673, 35.6915], [140.4657, 35.6919], [140.4602, 35.691], [140.4601, 35.6913], [140.4605, 35.6913], [140.4598, 35.6938], [140.4601, 35.6958], [140.4597, 35.6961], [140.46, 35.6968], [140.4594, 35.6972], [140.4566, 35.6973], [140.4561, 35.6976], [140.4561, 35.6984], [140.455, 35.6986], [140.4549, 35.6991], [140.4542, 35.6987], [140.4537, 35.699], [140.4528, 35.6984], [140.4517, 35.6975], [140.4514, 35.6966], [140.4465, 35.698], [140.439, 35.6936], [140.4351, 35.6927], [140.4333, 35.6894], [140.4284, 35.6886], [140.4273, 35.6871], [140.4236, 35.6858], [140.4231, 35.6852], [140.4227, 35.6854], [140.422, 35.6844], [140.4222, 35.684], [140.4201, 35.6841], [140.4195, 35.6839], [140.419, 35.6823], [140.417, 35.682], [140.4163, 35.6805], [140.4172, 35.6797], [140.4168, 35.6795], [140.4186, 35.6782], [140.419, 35.6785], [140.4192, 35.678], [140.4202, 35.678], [140.4228, 35.6789], [140.4236, 35.6806], [140.4256, 35.6803], [140.4259, 35.6793], [140.4274, 35.6792], [140.4279, 35.6784], [140.4281, 35.6797], [140.4283, 35.6797], [140.4285, 35.6788], [140.4293, 35.6789], [140.4292, 35.6786], [140.4306, 35.6776], [140.4302, 35.6774], [140.4303, 35.6768], [140.4311, 35.6769], [140.4316, 35.6765], [140.4323, 35.6769], [140.4332, 35.6748], [140.4344, 35.6736], [140.4363, 35.6723], [140.4357, 35.6721], [140.4362, 35.6704], [140.4356, 35.669], [140.4359, 35.6689], [140.4359, 35.6682], [140.4355, 35.667], [140.4365, 35.6665], [140.4383, 35.6665], [140.4381, 35.6659], [140.4385, 35.6659], [140.4385, 35.6649], [140.4389, 35.6649], [140.4394, 35.6622], [140.4416, 35.6587], [140.4432, 35.66], [140.4439, 35.6616], [140.445, 35.6623], [140.4462, 35.6617], [140.4477, 35.6627], [140.4494, 35.663], [140.4489, 35.664], [140.4501, 35.6649], [140.45, 35.6657], [140.4507, 35.666], [140.452, 35.665], [140.4527, 35.666], [140.4536, 35.6657], [140.454, 35.6646], [140.4554, 35.6642], [140.4566, 35.6645], [140.4576, 35.6642], [140.4597, 35.6625], [140.4664, 35.6597], [140.4705, 35.6565], [140.472, 35.6571], [140.4721, 35.6569], [140.4733, 35.6575], [140.4731, 35.6577], [140.4735, 35.6578], [140.4738, 35.6573], [140.474, 35.6578], [140.4759, 35.6577], [140.479, 35.6539], [140.4785, 35.6536], [140.4788, 35.6532], [140.4752, 35.6512], [140.4663, 35.6438], [140.4743, 35.6386], [140.4735, 35.6377], [140.475, 35.6368], [140.4754, 35.6372], [140.4771, 35.637], [140.4807, 35.6353], [140.482, 35.634], [140.4813, 35.6334], [140.4821, 35.6329], [140.4825, 35.6332], [140.4865, 35.6302], [140.4861, 35.6299], [140.4868, 35.6294], [140.4875, 35.6301], [140.4883, 35.6296], [140.4891, 35.6304], [140.4876, 35.6308], [140.4905, 35.633], [140.4907, 35.6328], [140.4953, 35.6366], [140.4978, 35.6352], [140.4984, 35.6346], [140.4986, 35.6349], [140.5005, 35.6337], [140.4995, 35.6331], [140.4998, 35.6326], [140.4986, 35.6313], [140.5011, 35.6287], [140.5003, 35.6283], [140.5007, 35.6276], [140.5001, 35.6267], [140.5017, 35.6246], [140.5013, 35.6245], [140.5005, 35.625], [140.4997, 35.6243], [140.5, 35.6241], [140.4994, 35.624], [140.4982, 35.6248], [140.4965, 35.624], [140.4962, 35.6244], [140.4934, 35.6227], [140.4932, 35.623], [140.4921, 35.6217], [140.4923, 35.6213], [140.4919, 35.6211], [140.4923, 35.6206], [140.4913, 35.6201], [140.4921, 35.6191], [140.4903, 35.618], [140.491, 35.6173], [140.4903, 35.6168], [140.4909, 35.6163], [140.4902, 35.6155], [140.4904, 35.6153], [140.4912, 35.6161], [140.4933, 35.6146], [140.4939, 35.6141], [140.493, 35.613], [140.4965, 35.6103], [140.5065, 35.6169], [140.5092, 35.6164], [140.5106, 35.6137], [140.5112, 35.6143], [140.5129, 35.6128], [140.5127, 35.6126], [140.5156, 35.611], [140.5177, 35.6111], [140.5184, 35.6108], [140.5177, 35.6098], [140.5187, 35.6091], [140.5188, 35.6086], [140.5254, 35.6025], [140.5341, 35.6086], [140.5354, 35.6075], [140.5338, 35.6089], [140.5339, 35.6092], [140.5351, 35.6089], [140.5351, 35.6093], [140.5376, 35.6116], [140.5423, 35.6154], [140.5504, 35.6212], [140.5544, 35.6245], [140.5571, 35.6261], [140.5596, 35.628], [140.5534, 35.6337], [140.5517, 35.6357], [140.5514, 35.6355], [140.55, 35.6364], [140.5502, 35.6366], [140.5478, 35.6391], [140.5469, 35.6385], [140.5465, 35.639], [140.546, 35.6384], [140.5443, 35.6394], [140.5374, 35.6483], [140.5339, 35.6512], [140.5335, 35.6535], [140.5315, 35.6554], [140.5324, 35.656], [140.5318, 35.6566], [140.5309, 35.656], [140.5298, 35.6571], [140.533, 35.6592], [140.5328, 35.6594], [140.5374, 35.6614], [140.5369, 35.6623], [140.5394, 35.6634], [140.5415, 35.6652], [140.5409, 35.6663], [140.5406, 35.6665], [140.5399, 35.6663], [140.5397, 35.6666], [140.5388, 35.6663], [140.5384, 35.667], [140.5397, 35.6676], [140.5381, 35.6697], [140.5373, 35.669], [140.5362, 35.6699], [140.5351, 35.6693], [140.5346, 35.67], [140.5339, 35.6697], [140.5329, 35.6711], [140.532, 35.6708], [140.5309, 35.6728], [140.5327, 35.6733], [140.5325, 35.6737], [140.5287, 35.6761], [140.5278, 35.6774], [140.5264, 35.6783], [140.5255, 35.6806], [140.5238, 35.68], [140.5242, 35.6791], [140.5204, 35.6766], [140.5197, 35.6757], [140.5198, 35.6749], [140.5184, 35.6739], [140.5181, 35.6743], [140.5178, 35.674], [140.5182, 35.6736], [140.5161, 35.6735], [140.5151, 35.6747], [140.5144, 35.6747], [140.5139, 35.675], [140.5142, 35.6754], [140.5137, 35.6767], [140.5131, 35.6764], [140.5126, 35.6769], [140.5137, 35.6778], [140.516, 35.6784], [140.5137, 35.6812], [140.5152, 35.6814], [140.5144, 35.683], [140.5148, 35.6833], [140.5145, 35.6836], [140.5141, 35.6834], [140.5126, 35.6838], [140.5122, 35.6849], [140.5112, 35.6846], [140.5104, 35.6849], [140.5101, 35.6844], [140.5095, 35.6847], [140.5093, 35.6842], [140.5043, 35.6859], [140.5048, 35.6866], [140.5039, 35.6874], [140.5045, 35.6883], [140.5039, 35.6886], [140.5042, 35.689], [140.5036, 35.6893], [140.5039, 35.6898], [140.5032, 35.6905], [140.5015, 35.6908], [140.501, 35.6912], [140.5016, 35.6919], [140.5019, 35.6936], [140.5013, 35.6933], [140.501, 35.6937], [140.5016, 35.694], [140.4992, 35.6975], [140.4998, 35.6978], [140.4995, 35.6982], [140.5009, 35.6988], [140.5, 35.6997], [140.5002, 35.7008], [140.501, 35.7015], [140.5007, 35.7033], [140.5027, 35.7058], [140.5015, 35.7078], [140.5005, 35.7087], [140.5001, 35.71], [140.4955, 35.7114], [140.4949, 35.7118], [140.4952, 35.713], [140.494, 35.7131], [140.494, 35.7127], [140.4924, 35.7135], [140.4923, 35.7139], [140.4871, 35.7189], [140.4866, 35.7212]], [[140.5191, 35.6731], [140.5186, 35.6728], [140.5184, 35.673], [140.5184, 35.6727], [140.5173, 35.6721], [140.5165, 35.6726], [140.5185, 35.6737], [140.5191, 35.6731]]]}, "properties": {"name": "千葉県横芝光町"}}, {"type": "Feature", "geometry": {"type": "MultiPolygon", "coordinates": [[[[140.3979, 35.3299], [140.3967, 35.3309], [140.3956, 35.3333], [140.3929, 35.3461], [140.393, 35.348], [140.3926, 35.349], [140.3927, 35.3509], [140.3923, 35.3523], [140.3916, 35.3637], [140.3917, 35.3819], [140.3897, 35.3845], [140.388, 35.3854], [140.3883, 35.3865], [140.3875, 35.3866], [140.3872, 35.3856], [140.3866, 35.3857], [140.3869, 35.3867], [140.3865, 35.3871], [140.3868, 35.3871], [140.3871, 35.3877], [140.3885, 35.3877], [140.3886, 35.388], [140.388, 35.3905], [140.3866, 35.3903], [140.3864, 35.3914], [140.3849, 35.3913], [140.3849, 35.3903], [140.3837, 35.3903], [140.3837, 35.3894], [140.3824, 35.3887], [140.3823, 35.3881], [140.3813, 35.3877], [140.3808, 35.388], [140.3802, 35.3876], [140.3789, 35.3875], [140.3788, 35.3885], [140.3761, 35.3884], [140.3763, 35.3899], [140.3747, 35.3902], [140.3742, 35.3896], [140.3695, 35.3898], [140.3703, 35.3886], [140.3654, 35.3894], [140.3649, 35.3875], [140.3653, 35.3873], [140.3642, 35.3858], [140.3604, 35.3861], [140.3596, 35.3847], [140.3581, 35.3848], [140.3581, 35.3832], [140.3573, 35.3824], [140.3575, 35.3817], [140.3562, 35.3819], [140.3522, 35.3808], [140.3509, 35.3811], [140.3499, 35.3799], [140.3487, 35.3793], [140.3475, 35.3773], [140.3459, 35.377], [140.3448, 35.3785], [140.3443, 35.3786], [140.3428, 35.3768], [140.3418, 35.3768], [140.3415, 35.3755], [140.3406, 35.3749], [140.3401, 35.3737], [140.3402, 35.3726], [140.3407, 35.372], [140.3419, 35.3722], [140.3422, 35.373], [140.3459, 35.3722], [140.3461, 35.3721], [140.3455, 35.3706], [140.348, 35.3705], [140.3474, 35.37], [140.3481, 35.369], [140.3478, 35.3685], [140.3482, 35.368], [140.3479, 35.3678], [140.3474, 35.368], [140.3472, 35.3672], [140.3477, 35.3653], [140.3473, 35.3652], [140.3469, 35.3662], [140.3463, 35.3662], [140.3464, 35.3668], [140.3457, 35.367], [140.3463, 35.3675], [140.3464, 35.3681], [140.3449, 35.3663], [140.3451, 35.3659], [140.3456, 35.3657], [140.3462, 35.3645], [140.3454, 35.3634], [140.3442, 35.3632], [140.344, 35.3614], [140.3432, 35.3611], [140.3427, 35.3601], [140.3419, 35.3599], [140.342, 35.3594], [140.3426, 35.3593], [140.3415, 35.357], [140.3415, 35.3541], [140.3444, 35.3532], [140.344, 35.3501], [140.3431, 35.3489], [140.3434, 35.3484], [140.3433, 35.3475], [140.3419, 35.3454], [140.3423, 35.3448], [140.3428, 35.3455], [140.345, 35.346], [140.3455, 35.3453], [140.3469, 35.3456], [140.3474, 35.3447], [140.3478, 35.3449], [140.348, 35.3459], [140.349, 35.3461], [140.3495, 35.3454], [140.3514, 35.3444], [140.3515, 35.3457], [140.3518, 35.3459], [140.3524, 35.3456], [140.3533, 35.3457], [140.3536, 35.3451], [140.3543, 35.3449], [140.3545, 35.344], [140.3567, 35.3448], [140.3575, 35.3431], [140.3588, 35.343], [140.3601, 35.3434], [140.361, 35.3433], [140.3618, 35.3426], [140.3636, 35.3441], [140.3646, 35.3431], [140.3655, 35.3433], [140.3657, 35.3421], [140.3664, 35.342], [140.3674, 35.3428], [140.3688, 35.343], [140.3691, 35.3412], [140.37, 35.342], [140.3718, 35.3414], [140.3721, 35.3418], [140.3716, 35.3421], [140.3716, 35.3432], [140.3725, 35.343], [140.3733, 35.3433], [140.3735, 35.3426], [140.3743, 35.3426], [140.3747, 35.3412], [140.3734, 35.339], [140.3731, 35.3381], [140.3713, 35.3363], [140.3717, 35.3355], [140.3713, 35.3352], [140.3715, 35.3348], [140.3708, 35.3343], [140.3722, 35.332], [140.3715, 35.3304], [140.3717, 35.3295], [140.3722, 35.3289], [140.373, 35.3286], [140.3737, 35.3286], [140.3762, 35.3303], [140.377, 35.3299], [140.3815, 35.3303], [140.386, 35.3295], [140.387, 35.3297], [140.3861, 35.3317], [140.3862, 35.3333], [140.3876, 35.3348], [140.3892, 35.3342], [140.3903, 35.333], [140.3916, 35.333], [140.3928, 35.3314], [140.3965, 35.33], [140.3969, 35.3295], [140.3979, 35.3299]]], [[[140.3657, 35.3895], [140.3652, 35.3897], [140.3652, 35.3894], [140.3657, 35.3895]]], [[[140.3797, 35.3877], [140.3799, 35.3881], [140.3792, 35.3879], [140.3797, 35.3877]]], [[[140.3846, 35.3904], [140.3846, 35.3906], [140.3841, 35.3906], [140.3846, 35.3904]]]]}, "properties": {"name": "千葉県一宮町"}}, {"type": "Feature", "geometry": {"type": "MultiPolygon", "coordinates": [[[[140.3185, 35.4047], [140.3196, 35.4039], [140.3204, 35.4044], [140.3234, 35.4019], [140.3261, 35.403], [140.3232, 35.4069], [140.3228, 35.4067], [140.322, 35.408], [140.32, 35.4072], [140.3205, 35.4065], [140.3184, 35.4059], [140.319, 35.405], [140.3185, 35.4047]]], [[[140.308, 35.3822], [140.3088, 35.3812], [140.3094, 35.381], [140.3089, 35.38], [140.3075, 35.3792], [140.3072, 35.3797], [140.3064, 35.3792], [140.3049, 35.3798], [140.3044, 35.3797], [140.3066, 35.3786], [140.3059, 35.3773], [140.3059, 35.3764], [140.3071, 35.3747], [140.3082, 35.3712], [140.31, 35.3695], [140.3096, 35.3682], [140.3106, 35.3678], [140.3095, 35.3669], [140.3096, 35.3658], [140.308, 35.3657], [140.3065, 35.3648], [140.3069, 35.3628], [140.3049, 35.3616], [140.3005, 35.363], [140.2999, 35.3634], [140.2954, 35.3619], [140.2942, 35.3622], [140.2924, 35.3611], [140.2917, 35.3614], [140.2905, 35.3605], [140.2896, 35.3605], [140.288, 35.3614], [140.2868, 35.3609], [140.286, 35.361], [140.2848, 35.36], [140.2837, 35.3607], [140.2832, 35.3606], [140.2804, 35.3595], [140.2798, 35.3584], [140.2786, 35.3582], [140.278, 35.3582], [140.2776, 35.359], [140.2765, 35.3585], [140.275, 35.3588], [140.2743, 35.3592], [140.2743, 35.36], [140.2731, 35.3601], [140.2721, 35.3585], [140.2721, 35.3568], [140.2717, 35.3565], [140.2703, 35.3566], [140.2697, 35.3562], [140.2676, 35.3533], [140.2674, 35.3511], [140.2651, 35.3498], [140.2653, 35.3491], [140.2648, 35.3481], [140.2641, 35.3473], [140.2627, 35.3465], [140.2618, 35.3443], [140.2609, 35.3432], [140.26, 35.3429], [140.2596, 35.3414], [140.2575, 35.3391], [140.2565, 35.3384], [140.2543, 35.3393], [140.254, 35.3389], [140.2534, 35.339], [140.2531, 35.3374], [140.2522, 35.3371], [140.252, 35.3361], [140.2525, 35.3353], [140.2526, 35.3339], [140.252, 35.3309], [140.2529, 35.3288], [140.2513, 35.3247], [140.2509, 35.3225], [140.2511, 35.3202], [140.2517, 35.3198], [140.253, 35.3172], [140.255, 35.318], [140.2558, 35.3189], [140.2566, 35.3189], [140.2575, 35.3179], [140.2592, 35.3182], [140.2596, 35.3167], [140.2603, 35.317], [140.2606, 35.3166], [140.2611, 35.3165], [140.2618, 35.3145], [140.2634, 35.3128], [140.2644, 35.313], [140.2641, 35.3139], [140.2643, 35.3145], [140.2661, 35.3148], [140.2665, 35.3152], [140.2677, 35.3155], [140.2694, 35.3154], [140.2696, 35.3143], [140.2713, 35.3131], [140.2715, 35.3138], [140.2724, 35.3144], [140.2728, 35.3154], [140.2742, 35.3165], [140.2755, 35.3162], [140.2754, 35.3171], [140.2777, 35.3192], [140.2781, 35.3193], [140.2786, 35.3189], [140.2795, 35.3189], [140.2802, 35.3201], [140.2816, 35.3198], [140.2822, 35.3189], [140.2837, 35.3199], [140.2843, 35.3189], [140.2848, 35.3189], [140.2863, 35.3209], [140.2876, 35.3205], [140.2892, 35.3216], [140.2903, 35.3245], [140.2913, 35.3246], [140.2918, 35.3254], [140.2917, 35.3296], [140.2936, 35.3303], [140.2942, 35.3334], [140.2952, 35.3345], [140.2955, 35.3354], [140.2961, 35.3357], [140.2984, 35.3356], [140.2994, 35.3359], [140.3001, 35.3369], [140.3007, 35.3372], [140.301, 35.3378], [140.3017, 35.3375], [140.3034, 35.3386], [140.3043, 35.3385], [140.3051, 35.3376], [140.3051, 35.3371], [140.3058, 35.3368], [140.3063, 35.3374], [140.307, 35.3376], [140.3072, 35.3386], [140.3077, 35.3386], [140.3085, 35.3391], [140.3085, 35.3401], [140.3105, 35.3414], [140.312, 35.3411], [140.3125, 35.3415], [140.3132, 35.3412], [140.3134, 35.3418], [140.3139, 35.342], [140.3139, 35.3424], [140.3144, 35.3427], [140.3145, 35.3433], [140.3152, 35.3435], [140.3152, 35.3444], [140.3161, 35.3445], [140.3165, 35.3442], [140.3178, 35.3442], [140.3182, 35.3457], [140.3199, 35.3455], [140.3212, 35.346], [140.3225, 35.3456], [140.3232, 35.3447], [140.3249, 35.3453], [140.3265, 35.3436], [140.3272, 35.3436], [140.328, 35.3442], [140.3288, 35.3431], [140.3293, 35.343], [140.3299, 35.3435], [140.3306, 35.3436], [140.332, 35.3424], [140.3328, 35.3429], [140.333, 35.344], [140.3336, 35.3442], [140.3348, 35.3438], [140.3352, 35.3427], [140.336, 35.3428], [140.3371, 35.3421], [140.3379, 35.3424], [140.3382, 35.3433], [140.339, 35.3436], [140.3395, 35.3434], [140.3412, 35.3453], [140.3419, 35.3454], [140.3433, 35.3475], [140.3434, 35.3484], [140.3431, 35.3489], [140.344, 35.3501], [140.3444, 35.3532], [140.3415, 35.3541], [140.3415, 35.357], [140.3426, 35.3593], [140.342, 35.3594], [140.3419, 35.3599], [140.3427, 35.3601], [140.3432, 35.3611], [140.344, 35.3614], [140.3442, 35.3632], [140.3454, 35.3634], [140.3462, 35.3645], [140.3456, 35.3657], [140.3451, 35.3659], [140.3449, 35.3663], [140.3464, 35.3681], [140.3463, 35.3675], [140.3457, 35.367], [140.3464, 35.3668], [140.3463, 35.3662], [140.3469, 35.3662], [140.3473, 35.3652], [140.3477, 35.3653], [140.3472, 35.3672], [140.3474, 35.368], [140.3479, 35.3678], [140.3482, 35.368], [140.3478, 35.3685], [140.3481, 35.369], [140.3474, 35.37], [140.348, 35.3705], [140.3455, 35.3706], [140.3461, 35.3721], [140.3459, 35.3722], [140.3422, 35.373], [140.3419, 35.3722], [140.3407, 35.372], [140.3402, 35.3726], [140.3401, 35.3737], [140.3406, 35.3749], [140.3415, 35.3755], [140.3418, 35.3768], [140.3428, 35.3768], [140.3443, 35.3786], [140.3448, 35.3785], [140.3459, 35.377], [140.3475, 35.3773], [140.3487, 35.3793], [140.3499, 35.3799], [140.3509, 35.3811], [140.3446, 35.3851], [140.3415, 35.3865], [140.3419, 35.3877], [140.3417, 35.3884], [140.3431, 35.3891], [140.3432, 35.39], [140.3426, 35.3911], [140.3405, 35.3922], [140.3397, 35.3921], [140.3388, 35.3915], [140.3374, 35.3895], [140.3353, 35.3899], [140.3338, 35.3896], [140.3331, 35.3891], [140.3324, 35.3875], [140.3256, 35.3893], [140.3232, 35.391], [140.3214, 35.3915], [140.3205, 35.3924], [140.3193, 35.3904], [140.3177, 35.3903], [140.3185, 35.3917], [140.317, 35.3916], [140.3161, 35.3909], [140.3152, 35.3915], [140.3145, 35.3912], [140.3139, 35.3916], [140.3123, 35.3917], [140.3123, 35.3903], [140.3119, 35.3903], [140.3113, 35.3876], [140.3114, 35.3868], [140.31, 35.386], [140.3095, 35.3844], [140.3098, 35.3836], [140.308, 35.3822]]]]}, "properties": {"name": "千葉県睦沢町"}}, {"type": "Feature", "geometry": {"type": "Polygon", "coordinates": [[[140.3232, 35.4069], [140.3261, 35.403], [140.3234, 35.4019], [140.3204, 35.4044], [140.3196, 35.4039], [140.3185, 35.4047], [140.3157, 35.4031], [140.3149, 35.4042], [140.315, 35.4058], [140.3142, 35.4058], [140.3134, 35.4053], [140.3134, 35.4047], [140.3121, 35.4029], [140.3124, 35.402], [140.3133, 35.4019], [140.3147, 35.4025], [140.3162, 35.4014], [140.3177, 35.3979], [140.3203, 35.3955], [140.3205, 35.3924], [140.3214, 35.3915], [140.3232, 35.391], [140.3256, 35.3893], [140.3324, 35.3875], [140.3331, 35.3891], [140.3338, 35.3896], [140.3353, 35.3899], [140.3374, 35.3895], [140.3388, 35.3915], [140.3397, 35.3921], [140.3405, 35.3922], [140.3426, 35.3911], [140.3432, 35.39], [140.3431, 35.3891], [140.3417, 35.3884], [140.3419, 35.3877], [140.3415, 35.3865], [140.3446, 35.3851], [140.3509, 35.3811], [140.3522, 35.3808], [140.3562, 35.3819], [140.3575, 35.3817], [140.3573, 35.3824], [140.3581, 35.3832], [140.3581, 35.3848], [140.3596, 35.3847], [140.3604, 35.3861], [140.3642, 35.3858], [140.3653, 35.3873], [140.3649, 35.3875], [140.3654, 35.3894], [140.3703, 35.3886], [140.3695, 35.3898], [140.3742, 35.3896], [140.3747, 35.3902], [140.3763, 35.3899], [140.3761, 35.3884], [140.3788, 35.3885], [140.3789, 35.3875], [140.3802, 35.3876], [140.3808, 35.388], [140.3813, 35.3877], [140.3823, 35.3881], [140.3824, 35.3887], [140.3837, 35.3894], [140.3837, 35.3903], [140.3849, 35.3903], [140.3849, 35.3913], [140.3864, 35.3914], [140.3866, 35.3903], [140.388, 35.3905], [140.3886, 35.388], [140.3885, 35.3877], [140.3871, 35.3877], [140.3868, 35.3871], [140.3865, 35.3871], [140.3869, 35.3867], [140.3866, 35.3857], [140.3872, 35.3856], [140.3875, 35.3866], [140.3883, 35.3865], [140.388, 35.3854], [140.3897, 35.3845], [140.3917, 35.3819], [140.3917, 35.3822], [140.3928, 35.3822], [140.3917, 35.3823], [140.3916, 35.3871], [140.3918, 35.3885], [140.3921, 35.3886], [140.3917, 35.3887], [140.3919, 35.3923], [140.3927, 35.3925], [140.3929, 35.3942], [140.3925, 35.3941], [140.3923, 35.3944], [140.3928, 35.4003], [140.3956, 35.4132], [140.3952, 35.4134], [140.3956, 35.4135], [140.397, 35.4188], [140.3801, 35.4215], [140.3802, 35.4218], [140.3766, 35.4233], [140.3748, 35.4236], [140.3744, 35.4239], [140.3747, 35.4257], [140.3736, 35.426], [140.3732, 35.4268], [140.3735, 35.4275], [140.374, 35.4275], [140.3747, 35.4307], [140.3681, 35.4315], [140.3681, 35.4306], [140.3678, 35.4306], [140.3679, 35.4316], [140.3647, 35.4318], [140.3645, 35.4335], [140.3625, 35.4338], [140.3624, 35.4333], [140.3609, 35.4336], [140.3606, 35.4333], [140.3606, 35.4336], [140.3599, 35.4338], [140.3581, 35.4338], [140.3581, 35.4347], [140.3571, 35.4347], [140.3571, 35.4337], [140.3554, 35.4339], [140.3554, 35.4347], [140.3528, 35.4346], [140.3529, 35.4337], [140.348, 35.4335], [140.348, 35.4314], [140.3476, 35.4313], [140.3475, 35.4294], [140.3468, 35.4294], [140.3468, 35.4282], [140.3464, 35.4282], [140.3464, 35.4287], [140.346, 35.4287], [140.3435, 35.4288], [140.3433, 35.4284], [140.3421, 35.4284], [140.3415, 35.4258], [140.3401, 35.4262], [140.3395, 35.4288], [140.3385, 35.429], [140.3385, 35.4284], [140.3381, 35.4284], [140.3379, 35.4275], [140.3361, 35.4276], [140.3368, 35.4259], [140.3362, 35.4261], [140.3359, 35.4256], [140.3354, 35.4258], [140.3352, 35.4251], [140.3355, 35.425], [140.3355, 35.4245], [140.3344, 35.4247], [140.3341, 35.424], [140.3336, 35.4244], [140.3314, 35.4249], [140.3317, 35.4233], [140.3368, 35.4221], [140.3362, 35.4203], [140.3351, 35.42], [140.3346, 35.4187], [140.3304, 35.4197], [140.3307, 35.4205], [140.3302, 35.4206], [140.3303, 35.4209], [140.3278, 35.4213], [140.3272, 35.4213], [140.3267, 35.4202], [140.3284, 35.4197], [140.3289, 35.4206], [140.3296, 35.4206], [140.3292, 35.4199], [140.3297, 35.4198], [140.3293, 35.419], [140.3274, 35.4195], [140.3274, 35.4189], [140.3253, 35.4192], [140.3253, 35.4186], [140.324, 35.4191], [140.3239, 35.4175], [140.3252, 35.4128], [140.3251, 35.4121], [140.3247, 35.4119], [140.3257, 35.4078], [140.3232, 35.4069]], [[140.3384, 35.4265], [140.3382, 35.426], [140.3387, 35.4258], [140.3382, 35.4259], [140.3381, 35.4256], [140.3391, 35.4254], [140.3396, 35.4257], [140.3397, 35.4254], [140.3394, 35.4242], [140.3386, 35.4245], [140.3385, 35.4238], [140.3368, 35.4254], [140.3374, 35.4268], [140.3384, 35.4265]], [[140.3657, 35.3895], [140.3652, 35.3894], [140.3652, 35.3897], [140.3657, 35.3895]], [[140.3797, 35.3877], [140.3792, 35.3879], [140.3799, 35.3881], [140.3797, 35.3877]], [[140.3846, 35.3904], [140.3841, 35.3906], [140.3846, 35.3906], [140.3846, 35.3904]], [[140.3666, 35.4244], [140.3674, 35.4247], [140.3683, 35.4246], [140.3679, 35.4227], [140.3666, 35.4228], [140.3666, 35.4221], [140.3656, 35.4222], [140.3658, 35.4245], [140.3666, 35.4244]]]}, "properties": {"name": "千葉県長生村"}}, {"type": "Feature", "geometry": {"type": "MultiPolygon", "coordinates": [[[[140.348, 35.4335], [140.3529, 35.4337], [140.3528, 35.4346], [140.3554, 35.4347], [140.3554, 35.4339], [140.3571, 35.4337], [140.3571, 35.4347], [140.3581, 35.4347], [140.3581, 35.4338], [140.3599, 35.4338], [140.3606, 35.4336], [140.3606, 35.4333], [140.3609, 35.4336], [140.3624, 35.4333], [140.3625, 35.4338], [140.3645, 35.4335], [140.3647, 35.4318], [140.3679, 35.4316], [140.3678, 35.4306], [140.3681, 35.4306], [140.3681, 35.4315], [140.3747, 35.4307], [140.374, 35.4275], [140.3735, 35.4275], [140.3732, 35.4268], [140.3736, 35.426], [140.3747, 35.4257], [140.3744, 35.4239], [140.3748, 35.4236], [140.3766, 35.4233], [140.3802, 35.4218], [140.3801, 35.4215], [140.397, 35.4188], [140.3977, 35.4207], [140.3982, 35.4241], [140.4011, 35.4332], [140.4022, 35.4384], [140.4042, 35.4432], [140.4057, 35.449], [140.4071, 35.4491], [140.4056, 35.4492], [140.4068, 35.4502], [140.4094, 35.4572], [140.4158, 35.4717], [140.4126, 35.4724], [140.4058, 35.4734], [140.4013, 35.4745], [140.3835, 35.4768], [140.3834, 35.4765], [140.382, 35.4769], [140.3813, 35.4754], [140.3789, 35.4718], [140.3779, 35.4684], [140.3759, 35.4692], [140.3731, 35.4693], [140.3729, 35.4706], [140.3722, 35.4703], [140.3712, 35.4732], [140.3708, 35.4732], [140.3698, 35.4739], [140.3655, 35.4741], [140.3634, 35.4738], [140.3619, 35.4741], [140.3616, 35.4747], [140.3603, 35.4743], [140.3614, 35.4727], [140.3607, 35.4716], [140.3614, 35.4669], [140.3612, 35.4661], [140.3563, 35.4626], [140.3525, 35.4625], [140.3519, 35.4615], [140.3504, 35.4615], [140.35, 35.4554], [140.3466, 35.4556], [140.3465, 35.4537], [140.3422, 35.4533], [140.3427, 35.4494], [140.3415, 35.4493], [140.3411, 35.448], [140.3415, 35.447], [140.3418, 35.4474], [140.3419, 35.4463], [140.3423, 35.4462], [140.3416, 35.4454], [140.3415, 35.4447], [140.3412, 35.4447], [140.3412, 35.4439], [140.3417, 35.4439], [140.3416, 35.4433], [140.3428, 35.4434], [140.3424, 35.445], [140.3431, 35.445], [140.3431, 35.4445], [140.3448, 35.4451], [140.3452, 35.4432], [140.3448, 35.4432], [140.3449, 35.4425], [140.344, 35.4425], [140.344, 35.4422], [140.3429, 35.4422], [140.343, 35.4426], [140.3418, 35.4427], [140.3417, 35.4418], [140.3409, 35.4423], [140.3402, 35.4424], [140.3404, 35.4391], [140.3401, 35.4391], [140.3402, 35.4376], [140.3398, 35.4376], [140.3398, 35.4373], [140.3403, 35.4373], [140.3404, 35.4361], [140.346, 35.4344], [140.3476, 35.4344], [140.3476, 35.4335], [140.348, 35.4335]], [[140.342, 35.4405], [140.3424, 35.4405], [140.3423, 35.4394], [140.3412, 35.4394], [140.3413, 35.4405], [140.342, 35.4405]]], [[[140.3666, 35.4244], [140.3658, 35.4245], [140.3656, 35.4222], [140.3666, 35.4221], [140.3666, 35.4228], [140.3679, 35.4227], [140.3683, 35.4246], [140.3674, 35.4247], [140.3666, 35.4244]]]]}, "properties": {"name": "千葉県白子町"}}, {"type": "Feature", "geometry": {"type": "Polygon", "coordinates": [[[140.2484, 35.4822], [140.2478, 35.4826], [140.2468, 35.4817], [140.2449, 35.4809], [140.2434, 35.4811], [140.24, 35.4828], [140.2391, 35.4826], [140.2389, 35.4821], [140.2384, 35.4821], [140.238, 35.4811], [140.237, 35.4806], [140.2358, 35.4806], [140.2357, 35.4809], [140.2339, 35.4813], [140.2326, 35.4808], [140.2313, 35.482], [140.2298, 35.482], [140.2283, 35.4831], [140.2274, 35.4844], [140.2244, 35.485], [140.2237, 35.4855], [140.2205, 35.4847], [140.2192, 35.4855], [140.2189, 35.4852], [140.2177, 35.4853], [140.212, 35.4864], [140.2061, 35.4847], [140.2063, 35.4831], [140.2077, 35.4802], [140.2076, 35.4797], [140.2059, 35.4783], [140.2042, 35.4779], [140.2034, 35.4781], [140.2024, 35.4788], [140.202, 35.4783], [140.2009, 35.4781], [140.2011, 35.4734], [140.2017, 35.4711], [140.1994, 35.4711], [140.1988, 35.4722], [140.1982, 35.4721], [140.1973, 35.4712], [140.1971, 35.4699], [140.1962, 35.4707], [140.1946, 35.4696], [140.1942, 35.471], [140.1932, 35.4708], [140.1931, 35.4704], [140.1926, 35.471], [140.1904, 35.4723], [140.1867, 35.4734], [140.1874, 35.4711], [140.1864, 35.4711], [140.186, 35.4708], [140.1856, 35.4682], [140.1839, 35.469], [140.1834, 35.4684], [140.1812, 35.4696], [140.1757, 35.4686], [140.1743, 35.4692], [140.1739, 35.4647], [140.1744, 35.4604], [140.1706, 35.4566], [140.1766, 35.4548], [140.178, 35.4529], [140.1803, 35.4515], [140.1819, 35.4511], [140.1841, 35.449], [140.186, 35.448], [140.1877, 35.4455], [140.1872, 35.4441], [140.1866, 35.4438], [140.1867, 35.4427], [140.1862, 35.4424], [140.1837, 35.4423], [140.1835, 35.4417], [140.1837, 35.4413], [140.1826, 35.4409], [140.1824, 35.4396], [140.1833, 35.4387], [140.1842, 35.4388], [140.1844, 35.4384], [140.1845, 35.4374], [140.1832, 35.4369], [140.1832, 35.436], [140.1822, 35.4357], [140.1818, 35.4362], [140.1811, 35.4349], [140.1793, 35.4352], [140.1772, 35.4337], [140.1766, 35.4326], [140.176, 35.4323], [140.1755, 35.433], [140.1743, 35.4329], [140.1737, 35.4317], [140.173, 35.4313], [140.173, 35.4305], [140.1735, 35.4306], [140.1738, 35.4302], [140.174, 35.4305], [140.1749, 35.4306], [140.1746, 35.4301], [140.175, 35.4298], [140.1747, 35.4288], [140.1757, 35.4282], [140.176, 35.4272], [140.1767, 35.4271], [140.178, 35.4252], [140.1778, 35.4244], [140.1804, 35.4233], [140.1812, 35.422], [140.1823, 35.4215], [140.1823, 35.4205], [140.1805, 35.4194], [140.1811, 35.4177], [140.181, 35.4156], [140.1832, 35.4151], [140.1836, 35.4125], [140.1847, 35.4114], [140.1857, 35.4111], [140.1855, 35.4101], [140.1859, 35.4104], [140.1866, 35.41], [140.1876, 35.4099], [140.188, 35.409], [140.1893, 35.4086], [140.1895, 35.4079], [140.1904, 35.4072], [140.1895, 35.4066], [140.1892, 35.4049], [140.1885, 35.4042], [140.1899, 35.4028], [140.1905, 35.3998], [140.1907, 35.3994], [140.1917, 35.399], [140.1921, 35.3972], [140.1939, 35.3962], [140.1938, 35.3946], [140.1947, 35.3931], [140.1955, 35.3927], [140.1954, 35.392], [140.1965, 35.3912], [140.2004, 35.3909], [140.1994, 35.3918], [140.1994, 35.3921], [140.199, 35.3925], [140.1992, 35.3933], [140.1971, 35.396], [140.1975, 35.3965], [140.1974, 35.3981], [140.1996, 35.4011], [140.1999, 35.4025], [140.2007, 35.4032], [140.2012, 35.4042], [140.2036, 35.4046], [140.2049, 35.4058], [140.2056, 35.4044], [140.2055, 35.4037], [140.2063, 35.4024], [140.2081, 35.403], [140.2105, 35.4029], [140.212, 35.4057], [140.2128, 35.4057], [140.2127, 35.4063], [140.2139, 35.4092], [140.2139, 35.4099], [140.2124, 35.4106], [140.212, 35.4124], [140.2133, 35.4127], [140.2139, 35.4135], [140.2136, 35.4149], [140.2142, 35.4167], [140.2155, 35.4188], [140.2166, 35.4189], [140.2174, 35.4195], [140.2183, 35.4195], [140.2191, 35.42], [140.2211, 35.4194], [140.222, 35.4201], [140.2229, 35.4201], [140.2235, 35.4204], [140.2259, 35.4193], [140.2269, 35.4192], [140.2288, 35.4199], [140.2294, 35.4207], [140.2305, 35.4208], [140.2314, 35.4219], [140.2329, 35.4222], [140.2336, 35.423], [140.2354, 35.4235], [140.236, 35.424], [140.2357, 35.4244], [140.236, 35.4247], [140.2365, 35.4245], [140.2371, 35.4249], [140.238, 35.425], [140.2379, 35.4257], [140.2389, 35.4265], [140.2394, 35.4263], [140.2399, 35.4266], [140.2408, 35.4263], [140.242, 35.4268], [140.2429, 35.4266], [140.2432, 35.4268], [140.2428, 35.4272], [140.2433, 35.4275], [140.2452, 35.4271], [140.2504, 35.4274], [140.2525, 35.4271], [140.2562, 35.4276], [140.2589, 35.4269], [140.2594, 35.4251], [140.2598, 35.425], [140.26, 35.4257], [140.2608, 35.4264], [140.26, 35.4275], [140.2599, 35.4284], [140.2592, 35.4288], [140.2585, 35.4314], [140.2577, 35.432], [140.2578, 35.4332], [140.2547, 35.4347], [140.2543, 35.436], [140.2534, 35.4361], [140.2527, 35.4367], [140.2514, 35.4367], [140.25, 35.4386], [140.2487, 35.4391], [140.2488, 35.44], [140.2496, 35.4403], [140.2499, 35.4413], [140.2482, 35.4434], [140.2484, 35.4441], [140.2477, 35.4458], [140.2479, 35.4468], [140.2472, 35.4471], [140.2476, 35.4474], [140.2476, 35.4477], [140.2471, 35.4477], [140.2472, 35.4507], [140.2467, 35.4514], [140.2459, 35.4515], [140.2457, 35.4521], [140.2463, 35.4526], [140.2469, 35.4545], [140.2476, 35.4545], [140.2486, 35.4548], [140.2479, 35.4549], [140.2474, 35.4558], [140.2474, 35.4562], [140.2481, 35.456], [140.2475, 35.4573], [140.2465, 35.4582], [140.2451, 35.4584], [140.2442, 35.4594], [140.2455, 35.4602], [140.2465, 35.46], [140.2486, 35.4616], [140.2496, 35.463], [140.2485, 35.4641], [140.2485, 35.4651], [140.2492, 35.4655], [140.2498, 35.4664], [140.2511, 35.4663], [140.2529, 35.4668], [140.2533, 35.4687], [140.2538, 35.4692], [140.2533, 35.47], [140.2524, 35.4704], [140.2513, 35.4716], [140.2504, 35.4739], [140.2488, 35.4754], [140.2502, 35.4774], [140.2497, 35.4782], [140.2502, 35.4793], [140.2495, 35.4802], [140.25, 35.4803], [140.25, 35.4808], [140.2494, 35.4809], [140.2484, 35.4822]]]}, "properties": {"name": "千葉県長柄町"}}, {"type": "Feature", "geometry": {"type": "Polygon", "coordinates": [[[140.2598, 35.425], [140.2594, 35.4251], [140.2589, 35.4269], [140.2562, 35.4276], [140.2525, 35.4271], [140.2504, 35.4274], [140.2452, 35.4271], [140.2433, 35.4275], [140.2428, 35.4272], [140.2432, 35.4268], [140.2429, 35.4266], [140.242, 35.4268], [140.2408, 35.4263], [140.2399, 35.4266], [140.2394, 35.4263], [140.2389, 35.4265], [140.2379, 35.4257], [140.238, 35.425], [140.2371, 35.4249], [140.2365, 35.4245], [140.236, 35.4247], [140.2357, 35.4244], [140.236, 35.424], [140.2354, 35.4235], [140.2336, 35.423], [140.2329, 35.4222], [140.2314, 35.4219], [140.2305, 35.4208], [140.2294, 35.4207], [140.2288, 35.4199], [140.2269, 35.4192], [140.2259, 35.4193], [140.2235, 35.4204], [140.2229, 35.4201], [140.222, 35.4201], [140.2211, 35.4194], [140.2191, 35.42], [140.2183, 35.4195], [140.2174, 35.4195], [140.2166, 35.4189], [140.2155, 35.4188], [140.2142, 35.4167], [140.2136, 35.4149], [140.2139, 35.4135], [140.2133, 35.4127], [140.212, 35.4124], [140.2124, 35.4106], [140.2139, 35.4099], [140.2139, 35.4092], [140.2127, 35.4063], [140.2128, 35.4057], [140.212, 35.4057], [140.2105, 35.4029], [140.2081, 35.403], [140.2063, 35.4024], [140.2055, 35.4037], [140.2056, 35.4044], [140.2049, 35.4058], [140.2036, 35.4046], [140.2012, 35.4042], [140.2007, 35.4032], [140.1999, 35.4025], [140.1996, 35.4011], [140.1974, 35.3981], [140.1975, 35.3965], [140.1971, 35.396], [140.1992, 35.3933], [140.199, 35.3925], [140.1994, 35.3921], [140.1994, 35.3918], [140.2004, 35.3909], [140.2012, 35.3907], [140.202, 35.3887], [140.2012, 35.3873], [140.2018, 35.387], [140.2019, 35.3861], [140.203, 35.3858], [140.2032, 35.3846], [140.2041, 35.3843], [140.2045, 35.3836], [140.2043, 35.3829], [140.2051, 35.382], [140.2063, 35.3815], [140.2071, 35.3796], [140.207, 35.3786], [140.2048, 35.3784], [140.203, 35.3777], [140.2015, 35.3783], [140.1999, 35.3778], [140.1999, 35.376], [140.1992, 35.3751], [140.1985, 35.3748], [140.1994, 35.3726], [140.1985, 35.3717], [140.198, 35.3698], [140.1988, 35.3679], [140.2002, 35.3666], [140.2018, 35.3658], [140.2043, 35.3659], [140.2054, 35.3649], [140.2064, 35.3648], [140.2068, 35.3643], [140.2089, 35.3632], [140.2075, 35.3619], [140.2067, 35.3622], [140.2063, 35.3621], [140.2063, 35.3611], [140.2057, 35.3598], [140.2073, 35.3581], [140.2084, 35.3576], [140.2077, 35.3542], [140.2087, 35.3522], [140.2084, 35.351], [140.2087, 35.3505], [140.2089, 35.3478], [140.2093, 35.3473], [140.209, 35.3464], [140.2126, 35.3444], [140.2127, 35.3413], [140.2139, 35.3402], [140.2133, 35.3396], [140.2134, 35.339], [140.2127, 35.337], [140.2133, 35.3358], [140.213, 35.3352], [140.2133, 35.3346], [140.2127, 35.3333], [140.2167, 35.3299], [140.217, 35.329], [140.2178, 35.329], [140.2192, 35.328], [140.2206, 35.3279], [140.2209, 35.3272], [140.2203, 35.3263], [140.2203, 35.3247], [140.222, 35.324], [140.2223, 35.3231], [140.2239, 35.3221], [140.2238, 35.32], [140.2251, 35.3184], [140.2245, 35.3175], [140.225, 35.3174], [140.2255, 35.3166], [140.2277, 35.3177], [140.2301, 35.3196], [140.2312, 35.3219], [140.2328, 35.3225], [140.2328, 35.3232], [140.2341, 35.3234], [140.2352, 35.3231], [140.2378, 35.3249], [140.2405, 35.324], [140.243, 35.326], [140.2444, 35.3261], [140.2451, 35.3273], [140.2463, 35.3268], [140.2474, 35.3259], [140.248, 35.3262], [140.2513, 35.3247], [140.2529, 35.3288], [140.252, 35.3309], [140.2526, 35.3339], [140.2525, 35.3353], [140.252, 35.3361], [140.2522, 35.3371], [140.2531, 35.3374], [140.2534, 35.339], [140.254, 35.3389], [140.2543, 35.3393], [140.2565, 35.3384], [140.2575, 35.3391], [140.2596, 35.3414], [140.26, 35.3429], [140.2609, 35.3432], [140.2618, 35.3443], [140.2627, 35.3465], [140.2641, 35.3473], [140.2648, 35.3481], [140.2653, 35.3491], [140.2651, 35.3498], [140.2674, 35.3511], [140.2676, 35.3533], [140.2697, 35.3562], [140.2703, 35.3566], [140.2717, 35.3565], [140.2721, 35.3568], [140.2721, 35.3585], [140.2731, 35.3601], [140.2743, 35.36], [140.2743, 35.3592], [140.275, 35.3588], [140.2765, 35.3585], [140.2776, 35.359], [140.278, 35.3582], [140.2786, 35.3582], [140.2798, 35.3584], [140.2804, 35.3595], [140.2832, 35.3606], [140.2837, 35.3607], [140.2848, 35.36], [140.286, 35.361], [140.2868, 35.3609], [140.288, 35.3614], [140.2896, 35.3605], [140.2905, 35.3605], [140.2917, 35.3614], [140.2924, 35.3611], [140.2942, 35.3622], [140.2954, 35.3619], [140.2999, 35.3634], [140.3005, 35.363], [140.3049, 35.3616], [140.3069, 35.3628], [140.3065, 35.3648], [140.308, 35.3657], [140.3096, 35.3658], [140.3095, 35.3669], [140.3106, 35.3678], [140.3096, 35.3682], [140.31, 35.3695], [140.3082, 35.3712], [140.3071, 35.3747], [140.3059, 35.3764], [140.3059, 35.3773], [140.3066, 35.3786], [140.3044, 35.3797], [140.3049, 35.3798], [140.3064, 35.3792], [140.3072, 35.3797], [140.3075, 35.3792], [140.3089, 35.38], [140.3094, 35.381], [140.3088, 35.3812], [140.308, 35.3822], [140.305, 35.3814], [140.3036, 35.3813], [140.3028, 35.3815], [140.3022, 35.3806], [140.2999, 35.3807], [140.2987, 35.3798], [140.2971, 35.3794], [140.2963, 35.3799], [140.2914, 35.3809], [140.2912, 35.3806], [140.2889, 35.3802], [140.2872, 35.3811], [140.2847, 35.3816], [140.2838, 35.3814], [140.2834, 35.3807], [140.2813, 35.381], [140.2798, 35.3801], [140.2786, 35.3817], [140.2768, 35.3829], [140.2778, 35.385], [140.2775, 35.3861], [140.2768, 35.3862], [140.277, 35.3883], [140.2763, 35.3887], [140.276, 35.3897], [140.2766, 35.391], [140.2758, 35.3923], [140.2759, 35.393], [140.2776, 35.3951], [140.2802, 35.3965], [140.2798, 35.3987], [140.2791, 35.3989], [140.2788, 35.4001], [140.278, 35.4004], [140.2774, 35.4011], [140.2774, 35.4035], [140.276, 35.4033], [140.274, 35.4041], [140.2727, 35.4038], [140.2719, 35.4018], [140.2692, 35.4001], [140.2692, 35.3997], [140.2669, 35.3994], [140.266, 35.3988], [140.2629, 35.399], [140.2607, 35.3968], [140.2589, 35.3977], [140.2579, 35.3978], [140.2573, 35.399], [140.2553, 35.3986], [140.2542, 35.3996], [140.2543, 35.4006], [140.256, 35.4009], [140.2566, 35.4016], [140.2556, 35.4025], [140.255, 35.4049], [140.2537, 35.4039], [140.2529, 35.4043], [140.2519, 35.4041], [140.2515, 35.4035], [140.25, 35.403], [140.249, 35.4033], [140.2479, 35.4026], [140.2474, 35.4038], [140.2479, 35.4055], [140.2498, 35.4056], [140.2505, 35.4062], [140.2535, 35.4072], [140.2551, 35.4088], [140.2567, 35.4098], [140.2579, 35.41], [140.2599, 35.4111], [140.2613, 35.4123], [140.2612, 35.4139], [140.2599, 35.4153], [140.2602, 35.4156], [140.2598, 35.4158], [140.2598, 35.4162], [140.2605, 35.4162], [140.262, 35.418], [140.2609, 35.4191], [140.2617, 35.4198], [140.2621, 35.4209], [140.2641, 35.4223], [140.2639, 35.4227], [140.2628, 35.4231], [140.262, 35.423], [140.2613, 35.4234], [140.2606, 35.4242], [140.2597, 35.4244], [140.2598, 35.425]]]}, "properties": {"name": "千葉県長南町"}}, {"type": "Feature", "geometry": {"type": "MultiPolygon", "coordinates": [[[[140.2814, 35.2427], [140.282, 35.243], [140.2827, 35.2445], [140.2834, 35.2451], [140.2824, 35.2476], [140.2815, 35.2479], [140.2814, 35.2492], [140.2807, 35.2493], [140.2805, 35.2507], [140.2812, 35.2505], [140.2819, 35.2507], [140.2823, 35.2518], [140.2842, 35.2532], [140.2862, 35.2556], [140.2853, 35.2566], [140.2848, 35.2564], [140.2841, 35.2568], [140.2834, 35.2579], [140.2817, 35.2594], [140.2793, 35.2611], [140.2781, 35.2628], [140.2788, 35.2648], [140.2777, 35.2657], [140.2771, 35.2656], [140.277, 35.2669], [140.2728, 35.2681], [140.2731, 35.2688], [140.272, 35.2693], [140.2721, 35.2703], [140.2717, 35.2703], [140.2713, 35.2697], [140.2709, 35.2703], [140.2686, 35.2692], [140.2673, 35.2692], [140.265, 35.271], [140.2604, 35.2717], [140.2601, 35.272], [140.2591, 35.2719], [140.2584, 35.2726], [140.2573, 35.273], [140.2573, 35.2743], [140.2563, 35.275], [140.2562, 35.2763], [140.254, 35.2798], [140.2547, 35.2799], [140.2554, 35.2808], [140.2547, 35.2814], [140.2546, 35.2825], [140.2553, 35.2827], [140.2558, 35.2824], [140.2569, 35.2825], [140.2577, 35.2833], [140.2602, 35.2841], [140.262, 35.2838], [140.2632, 35.2841], [140.2662, 35.2837], [140.2665, 35.2881], [140.269, 35.2881], [140.2702, 35.2886], [140.2708, 35.2912], [140.2712, 35.2916], [140.2719, 35.2914], [140.2731, 35.2918], [140.2739, 35.2931], [140.2763, 35.2955], [140.277, 35.2986], [140.2764, 35.2991], [140.2756, 35.3011], [140.274, 35.303], [140.2741, 35.3045], [140.2754, 35.3055], [140.276, 35.3071], [140.273, 35.3089], [140.2714, 35.3115], [140.2713, 35.3131], [140.2696, 35.3143], [140.2694, 35.3154], [140.2677, 35.3155], [140.2665, 35.3152], [140.2661, 35.3148], [140.2643, 35.3145], [140.2641, 35.3139], [140.2644, 35.313], [140.2634, 35.3128], [140.2618, 35.3145], [140.2611, 35.3165], [140.2606, 35.3166], [140.2603, 35.317], [140.2596, 35.3167], [140.2592, 35.3182], [140.2575, 35.3179], [140.2566, 35.3189], [140.2558, 35.3189], [140.255, 35.318], [140.253, 35.3172], [140.2517, 35.3198], [140.2511, 35.3202], [140.2509, 35.3225], [140.2513, 35.3247], [140.248, 35.3262], [140.2474, 35.3259], [140.2463, 35.3268], [140.2451, 35.3273], [140.2444, 35.3261], [140.243, 35.326], [140.2405, 35.324], [140.2378, 35.3249], [140.2352, 35.3231], [140.2341, 35.3234], [140.2328, 35.3232], [140.2328, 35.3225], [140.2312, 35.3219], [140.2301, 35.3196], [140.2277, 35.3177], [140.2255, 35.3166], [140.2261, 35.3148], [140.2268, 35.3146], [140.2275, 35.3135], [140.2266, 35.3117], [140.2273, 35.3105], [140.229, 35.3094], [140.231, 35.3066], [140.2308, 35.3057], [140.2314, 35.3034], [140.2284, 35.3041], [140.2273, 35.3054], [140.2265, 35.3055], [140.2257, 35.3067], [140.2235, 35.306], [140.2232, 35.3052], [140.222, 35.3048], [140.2194, 35.3029], [140.219, 35.3012], [140.2173, 35.3007], [140.2166, 35.3022], [140.2158, 35.3028], [140.2155, 35.3037], [140.2145, 35.3036], [140.2138, 35.3021], [140.2127, 35.3015], [140.2087, 35.3037], [140.2065, 35.3058], [140.2048, 35.3054], [140.2043, 35.3061], [140.203, 35.3057], [140.2015, 35.3061], [140.2003, 35.307], [140.199, 35.307], [140.199, 35.3056], [140.1985, 35.3054], [140.199, 35.3048], [140.1988, 35.304], [140.1981, 35.3039], [140.198, 35.3037], [140.1997, 35.3033], [140.1997, 35.3029], [140.1992, 35.3026], [140.2013, 35.3013], [140.2008, 35.3006], [140.1999, 35.3005], [140.2001, 35.3], [140.2006, 35.3], [140.2003, 35.2988], [140.199, 35.299], [140.1998, 35.2977], [140.1998, 35.2965], [140.2008, 35.2952], [140.2035, 35.2948], [140.2044, 35.294], [140.2035, 35.2915], [140.2035, 35.2899], [140.2025, 35.2869], [140.2021, 35.2866], [140.2019, 35.2872], [140.2012, 35.287], [140.2007, 35.2872], [140.1998, 35.2857], [140.199, 35.2858], [140.1968, 35.2848], [140.1961, 35.2833], [140.1942, 35.2827], [140.1934, 35.2815], [140.1932, 35.2805], [140.192, 35.2802], [140.1912, 35.2797], [140.1911, 35.278], [140.1892, 35.2766], [140.1885, 35.2778], [140.1881, 35.278], [140.1876, 35.278], [140.187, 35.2773], [140.1859, 35.2778], [140.185, 35.2778], [140.1845, 35.2773], [140.1847, 35.2767], [140.1842, 35.2749], [140.1833, 35.2746], [140.1824, 35.275], [140.1819, 35.2757], [140.1807, 35.2761], [140.1797, 35.276], [140.1787, 35.2749], [140.1782, 35.2748], [140.1778, 35.2743], [140.1776, 35.2695], [140.1774, 35.2691], [140.1762, 35.2687], [140.1763, 35.2682], [140.1759, 35.2679], [140.1758, 35.2669], [140.1752, 35.266], [140.1751, 35.2645], [140.1764, 35.2643], [140.1768, 35.2632], [140.1762, 35.2622], [140.1763, 35.2616], [140.1756, 35.261], [140.1758, 35.2597], [140.1747, 35.2592], [140.1748, 35.2588], [140.1744, 35.2585], [140.1747, 35.2576], [140.1738, 35.2563], [140.1748, 35.2552], [140.1747, 35.254], [140.1757, 35.2527], [140.1744, 35.2513], [140.1738, 35.2523], [140.1729, 35.2522], [140.1727, 35.2532], [140.1716, 35.2542], [140.1712, 35.2554], [140.1703, 35.2555], [140.1691, 35.2549], [140.1686, 35.2554], [140.1665, 35.2555], [140.1662, 35.256], [140.1662, 35.2546], [140.165, 35.2546], [140.165, 35.2552], [140.1646, 35.2553], [140.1642, 35.254], [140.1632, 35.2544], [140.1617, 35.2557], [140.1614, 35.2556], [140.1613, 35.2547], [140.1597, 35.2542], [140.159, 35.2543], [140.1587, 35.2539], [140.1573, 35.253], [140.1571, 35.2526], [140.1571, 35.2522], [140.158, 35.2523], [140.1591, 35.2513], [140.1581, 35.2505], [140.1574, 35.2505], [140.1556, 35.252], [140.1541, 35.2527], [140.154, 35.2521], [140.1561, 35.2497], [140.1561, 35.2484], [140.1549, 35.2489], [140.1539, 35.2503], [140.1532, 35.2499], [140.1522, 35.2501], [140.1515, 35.2496], [140.1511, 35.2483], [140.1522, 35.2467], [140.1505, 35.2453], [140.1508, 35.2443], [140.1494, 35.2422], [140.1492, 35.2404], [140.1474, 35.2393], [140.147, 35.2382], [140.1458, 35.2374], [140.1461, 35.237], [140.1456, 35.236], [140.1459, 35.2354], [140.1457, 35.2344], [140.1467, 35.2332], [140.1452, 35.233], [140.1436, 35.2341], [140.143, 35.2338], [140.1422, 35.2323], [140.1415, 35.232], [140.1412, 35.2313], [140.1416, 35.2306], [140.1416, 35.229], [140.1404, 35.2282], [140.139, 35.2279], [140.1393, 35.2273], [140.1393, 35.2259], [140.1401, 35.2246], [140.141, 35.2244], [140.142, 35.2229], [140.1427, 35.2229], [140.1432, 35.2219], [140.1433, 35.2205], [140.144, 35.2194], [140.1434, 35.2184], [140.1436, 35.2177], [140.1461, 35.2156], [140.1463, 35.2144], [140.1483, 35.2121], [140.1487, 35.2075], [140.15, 35.2068], [140.1514, 35.2071], [140.1524, 35.2066], [140.1518, 35.2042], [140.153, 35.2036], [140.1528, 35.2017], [140.1533, 35.1996], [140.1543, 35.1983], [140.1552, 35.199], [140.1565, 35.1982], [140.1556, 35.1968], [140.1557, 35.1959], [140.1551, 35.1953], [140.1574, 35.1927], [140.1577, 35.192], [140.1586, 35.1915], [140.1587, 35.1906], [140.16, 35.1895], [140.1597, 35.1873], [140.1614, 35.1849], [140.1619, 35.1831], [140.1611, 35.1815], [140.1613, 35.1806], [140.1617, 35.1803], [140.1619, 35.1786], [140.1637, 35.1772], [140.1636, 35.1766], [140.1618, 35.1755], [140.1614, 35.1743], [140.1623, 35.1731], [140.165, 35.1714], [140.1668, 35.1693], [140.1686, 35.1704], [140.1713, 35.1701], [140.1711, 35.1693], [140.1727, 35.1669], [140.174, 35.1655], [140.1749, 35.1657], [140.1751, 35.1664], [140.1762, 35.1668], [140.178, 35.1658], [140.1787, 35.1664], [140.1793, 35.1665], [140.1791, 35.1677], [140.1796, 35.1679], [140.1807, 35.169], [140.1817, 35.1688], [140.1823, 35.1697], [140.1828, 35.17], [140.1835, 35.1697], [140.1845, 35.1707], [140.1859, 35.1706], [140.1865, 35.1697], [140.1864, 35.1688], [140.1873, 35.1691], [140.1882, 35.1707], [140.1882, 35.1744], [140.1889, 35.1748], [140.1884, 35.1755], [140.1902, 35.1758], [140.1926, 35.1755], [140.193, 35.1759], [140.194, 35.1755], [140.1943, 35.1762], [140.1977, 35.1771], [140.1993, 35.1789], [140.2005, 35.1833], [140.2019, 35.1838], [140.2031, 35.1834], [140.2053, 35.1841], [140.2061, 35.1839], [140.2073, 35.1826], [140.2087, 35.1824], [140.2098, 35.1817], [140.2116, 35.1796], [140.2123, 35.1794], [140.2133, 35.1799], [140.2149, 35.1819], [140.2169, 35.1833], [140.218, 35.1826], [140.2193, 35.183], [140.2201, 35.1825], [140.2209, 35.1837], [140.2209, 35.1853], [140.2219, 35.1868], [140.2233, 35.1864], [140.2236, 35.1872], [140.2255, 35.1875], [140.2256, 35.1869], [140.2272, 35.1864], [140.2297, 35.1838], [140.2297, 35.183], [140.2312, 35.1823], [140.231, 35.1809], [140.2337, 35.1804], [140.2347, 35.1796], [140.2362, 35.1806], [140.2372, 35.1796], [140.238, 35.18], [140.2389, 35.1811], [140.2389, 35.1829], [140.2403, 35.1836], [140.2415, 35.1863], [140.2421, 35.1864], [140.2428, 35.1876], [140.2423, 35.189], [140.243, 35.1899], [140.2428, 35.1904], [140.2439, 35.1918], [140.2452, 35.1908], [140.2458, 35.1923], [140.2449, 35.1965], [140.2459, 35.197], [140.2455, 35.1978], [140.2457, 35.1983], [140.2446, 35.1994], [140.2442, 35.201], [140.2456, 35.2028], [140.2457, 35.2036], [140.2447, 35.2038], [140.2441, 35.2046], [140.2449, 35.2059], [140.2442, 35.2068], [140.2444, 35.2096], [140.2458, 35.2107], [140.2458, 35.2145], [140.2465, 35.2149], [140.2481, 35.2144], [140.2505, 35.2164], [140.2507, 35.2172], [140.2515, 35.2183], [140.2507, 35.2193], [140.2506, 35.2213], [140.2528, 35.2211], [140.2545, 35.2227], [140.2555, 35.2223], [140.2569, 35.2228], [140.2581, 35.2225], [140.2604, 35.2242], [140.2589, 35.2258], [140.259, 35.2279], [140.2581, 35.2283], [140.2564, 35.2278], [140.2558, 35.2279], [140.2558, 35.229], [140.2554, 35.2297], [140.2541, 35.2312], [140.2524, 35.2318], [140.2516, 35.2334], [140.2535, 35.2342], [140.2541, 35.2339], [140.2547, 35.2349], [140.2557, 35.2346], [140.2564, 35.235], [140.2583, 35.2345], [140.2599, 35.2345], [140.2604, 35.2338], [140.2614, 35.2334], [140.2628, 35.2336], [140.264, 35.2345], [140.2656, 35.2343], [140.2663, 35.2337], [140.2672, 35.2341], [140.2705, 35.2342], [140.2707, 35.2349], [140.2719, 35.2357], [140.2733, 35.2374], [140.2742, 35.2395], [140.2752, 35.2392], [140.2778, 35.2394], [140.2784, 35.2397], [140.2785, 35.2406], [140.2805, 35.2415], [140.2814, 35.2427]]], [[[140.2565, 35.2211], [140.2577, 35.2207], [140.257, 35.2213], [140.2565, 35.2211]]], [[[140.2625, 35.221], [140.2614, 35.2208], [140.2622, 35.2205], [140.2625, 35.221]]]]}, "properties": {"name": "千葉県大多喜町"}}, {"type": "Feature", "geometry": {"type": "Polygon", "coordinates": [[[140.3452, 35.1733], [140.3467, 35.1761], [140.3478, 35.1766], [140.348, 35.1775], [140.3492, 35.1784], [140.3491, 35.1789], [140.3498, 35.1797], [140.3492, 35.1802], [140.3501, 35.181], [140.353, 35.182], [140.3588, 35.1822], [140.362, 35.182], [140.3649, 35.181], [140.3642, 35.1795], [140.3659, 35.1789], [140.3662, 35.1791], [140.3662, 35.1793], [140.3658, 35.179], [140.3644, 35.1796], [140.3648, 35.1804], [140.3657, 35.1801], [140.3655, 35.1797], [140.3658, 35.18], [140.3664, 35.1798], [140.3662, 35.1795], [140.3664, 35.1798], [140.3677, 35.1791], [140.3669, 35.1786], [140.3667, 35.1789], [140.3668, 35.1786], [140.3663, 35.1784], [140.3661, 35.1787], [140.3663, 35.1784], [140.3658, 35.1783], [140.3661, 35.1783], [140.3705, 35.1794], [140.3718, 35.1789], [140.372, 35.1792], [140.3721, 35.179], [140.3737, 35.1795], [140.3741, 35.179], [140.3752, 35.1803], [140.3763, 35.1804], [140.3772, 35.1811], [140.3775, 35.1814], [140.3771, 35.1821], [140.3783, 35.1838], [140.3798, 35.1847], [140.3811, 35.1849], [140.3809, 35.1852], [140.3817, 35.1858], [140.3819, 35.1869], [140.3821, 35.1868], [140.3828, 35.1877], [140.3832, 35.1878], [140.3842, 35.1873], [140.3844, 35.1875], [140.3843, 35.1882], [140.3849, 35.1898], [140.3846, 35.1917], [140.3851, 35.1927], [140.3835, 35.1928], [140.3835, 35.1932], [140.3828, 35.1932], [140.3814, 35.1958], [140.3806, 35.1958], [140.3799, 35.1966], [140.3789, 35.1965], [140.3778, 35.1976], [140.3773, 35.1974], [140.3768, 35.1977], [140.3765, 35.1974], [140.375, 35.1973], [140.3743, 35.1957], [140.373, 35.1946], [140.3727, 35.1946], [140.3725, 35.1955], [140.3732, 35.197], [140.3731, 35.1977], [140.3721, 35.1989], [140.3704, 35.1989], [140.3699, 35.1985], [140.3695, 35.1989], [140.3681, 35.1983], [140.3677, 35.2005], [140.3668, 35.2015], [140.3649, 35.2014], [140.3646, 35.2019], [140.3635, 35.2013], [140.3618, 35.2019], [140.3609, 35.2026], [140.3602, 35.2043], [140.3609, 35.2066], [140.3617, 35.2077], [140.3624, 35.208], [140.3638, 35.2078], [140.364, 35.2082], [140.3637, 35.2084], [140.3649, 35.2095], [140.3643, 35.2102], [140.3647, 35.2111], [140.364, 35.2118], [140.3623, 35.2115], [140.3627, 35.2123], [140.3625, 35.2129], [140.363, 35.2133], [140.3633, 35.2144], [140.3629, 35.2182], [140.3604, 35.2177], [140.3577, 35.2179], [140.3573, 35.2172], [140.3573, 35.2153], [140.3569, 35.2152], [140.356, 35.2156], [140.3547, 35.2155], [140.3547, 35.2168], [140.3525, 35.2169], [140.3516, 35.2181], [140.3508, 35.2186], [140.3487, 35.2175], [140.3479, 35.2177], [140.3478, 35.217], [140.3471, 35.2171], [140.3463, 35.2165], [140.3452, 35.2166], [140.3447, 35.2161], [140.3436, 35.2163], [140.3435, 35.2159], [140.343, 35.2157], [140.3427, 35.2141], [140.342, 35.2144], [140.3411, 35.2139], [140.3405, 35.215], [140.3392, 35.2149], [140.3381, 35.2154], [140.3364, 35.2179], [140.3367, 35.2186], [140.3364, 35.2198], [140.3354, 35.2211], [140.3338, 35.2212], [140.3328, 35.223], [140.3316, 35.2241], [140.331, 35.2239], [140.3305, 35.224], [140.3295, 35.2232], [140.3296, 35.2227], [140.3291, 35.2217], [140.3295, 35.2213], [140.3293, 35.2206], [140.3298, 35.2198], [140.3281, 35.218], [140.3258, 35.2203], [140.325, 35.2199], [140.3235, 35.22], [140.323, 35.218], [140.3236, 35.2169], [140.3229, 35.214], [140.3199, 35.2147], [140.3187, 35.214], [140.317, 35.2151], [140.3161, 35.2148], [140.316, 35.2134], [140.3163, 35.2129], [140.3158, 35.2122], [140.3143, 35.2119], [140.3136, 35.2121], [140.3128, 35.2113], [140.3119, 35.2118], [140.3111, 35.2118], [140.3106, 35.2097], [140.3085, 35.2094], [140.3078, 35.2062], [140.3082, 35.2057], [140.3077, 35.2035], [140.3083, 35.203], [140.3083, 35.2017], [140.3091, 35.2012], [140.31, 35.2], [140.3058, 35.2008], [140.3043, 35.2003], [140.3041, 35.1977], [140.3034, 35.1963], [140.3041, 35.1953], [140.3038, 35.1939], [140.3054, 35.1928], [140.3047, 35.1918], [140.3053, 35.1903], [140.3077, 35.1898], [140.3083, 35.1905], [140.3088, 35.19], [140.3095, 35.1902], [140.311, 35.1895], [140.3112, 35.1887], [140.3125, 35.1881], [140.3133, 35.1867], [140.3135, 35.1855], [140.3145, 35.1852], [140.3149, 35.1844], [140.3135, 35.1829], [140.3135, 35.1816], [140.3142, 35.1803], [140.3148, 35.1799], [140.3148, 35.1786], [140.3151, 35.1785], [140.3157, 35.1765], [140.3165, 35.1761], [140.317, 35.1743], [140.3187, 35.1741], [140.3193, 35.1752], [140.3205, 35.1756], [140.3225, 35.1749], [140.3251, 35.1753], [140.3229, 35.1741], [140.3259, 35.1752], [140.3266, 35.1745], [140.3269, 35.1746], [140.3291, 35.1755], [140.3302, 35.1753], [140.3327, 35.1773], [140.3336, 35.1769], [140.3357, 35.1776], [140.3361, 35.1769], [140.3376, 35.177], [140.3381, 35.1763], [140.3391, 35.1762], [140.3395, 35.1754], [140.3411, 35.1758], [140.3452, 35.1733]]]}, "properties": {"name": "千葉県御宿町"}}, {"type": "Feature", "geometry": {"type": "MultiPolygon", "coordinates": [[[[139.9318, 35.1393], [139.9297, 35.1395], [139.9295, 35.1399], [139.9287, 35.1402], [139.9271, 35.1398], [139.9268, 35.1403], [139.9262, 35.1402], [139.9257, 35.1396], [139.9251, 35.1398], [139.9246, 35.1394], [139.9236, 35.1403], [139.9229, 35.1405], [139.9213, 35.1407], [139.9202, 35.1404], [139.9176, 35.1414], [139.9169, 35.1409], [139.9157, 35.1407], [139.9154, 35.14], [139.9147, 35.14], [139.9137, 35.1392], [139.913, 35.1394], [139.9112, 35.1425], [139.9104, 35.1426], [139.9094, 35.1451], [139.9055, 35.1479], [139.9052, 35.1491], [139.9059, 35.1509], [139.9039, 35.1511], [139.9029, 35.1507], [139.9022, 35.1509], [139.9021, 35.1536], [139.9011, 35.1554], [139.8999, 35.1561], [139.8972, 35.1561], [139.8971, 35.1557], [139.8962, 35.1553], [139.8946, 35.1559], [139.8941, 35.1568], [139.8946, 35.1576], [139.8936, 35.1586], [139.8924, 35.1583], [139.8917, 35.1577], [139.8902, 35.1578], [139.8893, 35.1584], [139.8886, 35.1584], [139.8882, 35.159], [139.8873, 35.1597], [139.8846, 35.1576], [139.8836, 35.1574], [139.8827, 35.1569], [139.8812, 35.1575], [139.8802, 35.1574], [139.8795, 35.1579], [139.8788, 35.1579], [139.878, 35.1571], [139.877, 35.1569], [139.8755, 35.1579], [139.8738, 35.1554], [139.8732, 35.1553], [139.8722, 35.1565], [139.8713, 35.1564], [139.8708, 35.1566], [139.8708, 35.1581], [139.8712, 35.1587], [139.8706, 35.1591], [139.8689, 35.1588], [139.8676, 35.1604], [139.8653, 35.1604], [139.8652, 35.1614], [139.8644, 35.1617], [139.8636, 35.1613], [139.863, 35.1614], [139.8628, 35.1609], [139.8623, 35.1608], [139.8614, 35.1613], [139.8596, 35.1612], [139.8591, 35.1617], [139.8592, 35.1626], [139.8584, 35.1628], [139.858, 35.1634], [139.8554, 35.1642], [139.8528, 35.1641], [139.8516, 35.1623], [139.8464, 35.162], [139.8455, 35.1611], [139.8441, 35.1605], [139.8409, 35.1604], [139.8381, 35.1593], [139.8364, 35.1598], [139.8338, 35.1593], [139.8319, 35.1592], [139.8304, 35.1587], [139.8294, 35.1587], [139.8268, 35.1573], [139.825, 35.1572], [139.821, 35.1552], [139.8179, 35.1552], [139.8185, 35.155], [139.8179, 35.1548], [139.8181, 35.1546], [139.8187, 35.1543], [139.8202, 35.1542], [139.8211, 35.1538], [139.821, 35.1536], [139.8235, 35.1533], [139.8238, 35.1531], [139.8235, 35.153], [139.8256, 35.1529], [139.8263, 35.1523], [139.8277, 35.152], [139.8287, 35.1511], [139.8307, 35.1479], [139.8307, 35.1471], [139.8303, 35.1464], [139.8299, 35.1468], [139.8304, 35.1463], [139.83, 35.1455], [139.8321, 35.1443], [139.8336, 35.1426], [139.8347, 35.1425], [139.8338, 35.1423], [139.8361, 35.1393], [139.8371, 35.1371], [139.8374, 35.1357], [139.8369, 35.1353], [139.8375, 35.1347], [139.837, 35.1346], [139.8367, 35.1352], [139.8363, 35.1353], [139.8364, 35.1337], [139.8361, 35.1336], [139.8358, 35.1331], [139.836, 35.1319], [139.8362, 35.1324], [139.8359, 35.1331], [139.8361, 35.1335], [139.8369, 35.1338], [139.8371, 35.1333], [139.8373, 35.1337], [139.838, 35.1338], [139.8382, 35.1329], [139.8368, 35.133], [139.8384, 35.1329], [139.8382, 35.1316], [139.837, 35.1315], [139.837, 35.131], [139.8393, 35.131], [139.8392, 35.1299], [139.8386, 35.1299], [139.839, 35.1298], [139.8389, 35.1294], [139.8384, 35.1295], [139.8384, 35.1299], [139.8383, 35.1295], [139.8365, 35.1297], [139.8356, 35.1307], [139.8351, 35.1307], [139.8357, 35.1293], [139.8355, 35.1273], [139.8365, 35.1271], [139.8356, 35.127], [139.8364, 35.1267], [139.8363, 35.1256], [139.8351, 35.1241], [139.8336, 35.1238], [139.8335, 35.1234], [139.8328, 35.1238], [139.8321, 35.1236], [139.8314, 35.1245], [139.8307, 35.1244], [139.8307, 35.1237], [139.832, 35.1236], [139.8311, 35.1232], [139.8313, 35.1228], [139.8318, 35.1228], [139.8317, 35.1221], [139.8311, 35.1221], [139.8311, 35.1215], [139.8312, 35.1221], [139.8319, 35.122], [139.8319, 35.1216], [139.8314, 35.1215], [139.8319, 35.1212], [139.8316, 35.1197], [139.8309, 35.1191], [139.8304, 35.1195], [139.83, 35.1192], [139.8303, 35.1189], [139.8294, 35.1183], [139.8289, 35.1186], [139.8296, 35.1193], [139.8288, 35.1187], [139.8285, 35.1188], [139.8282, 35.1186], [139.8274, 35.1189], [139.8282, 35.1185], [139.8279, 35.1183], [139.8285, 35.1182], [139.8281, 35.1162], [139.8256, 35.1138], [139.8247, 35.1138], [139.8246, 35.1141], [139.8242, 35.1139], [139.8251, 35.1135], [139.8255, 35.1125], [139.8263, 35.1118], [139.8264, 35.1109], [139.826, 35.1105], [139.8266, 35.1109], [139.8264, 35.1118], [139.8256, 35.1125], [139.826, 35.113], [139.8271, 35.1123], [139.8272, 35.1116], [139.8269, 35.111], [139.8281, 35.1111], [139.8282, 35.1107], [139.8272, 35.1107], [139.8272, 35.1104], [139.8282, 35.1104], [139.8278, 35.1094], [139.827, 35.1095], [139.827, 35.11], [139.827, 35.1095], [139.8258, 35.1095], [139.8259, 35.1101], [139.8256, 35.1103], [139.8257, 35.1095], [139.8263, 35.1086], [139.8262, 35.1077], [139.8252, 35.1074], [139.8245, 35.1075], [139.8241, 35.108], [139.8238, 35.1078], [139.8243, 35.1067], [139.8251, 35.1069], [139.8255, 35.1065], [139.8252, 35.106], [139.8274, 35.1064], [139.8273, 35.106], [139.8277, 35.106], [139.8277, 35.1057], [139.8273, 35.1056], [139.8277, 35.1057], [139.8278, 35.1052], [139.827, 35.1044], [139.8262, 35.1043], [139.8263, 35.104], [139.8275, 35.1044], [139.8276, 35.1041], [139.8274, 35.1038], [139.8261, 35.1032], [139.8259, 35.1028], [139.8264, 35.1029], [139.8264, 35.1025], [139.8249, 35.1022], [139.8242, 35.101], [139.8251, 35.1011], [139.8251, 35.1007], [139.8254, 35.1008], [139.8258, 35.1014], [139.8277, 35.1015], [139.8278, 35.1019], [139.8288, 35.1024], [139.8298, 35.1022], [139.8299, 35.1017], [139.8284, 35.1014], [139.8286, 35.1011], [139.8279, 35.1006], [139.8271, 35.1003], [139.8269, 35.1005], [139.827, 35.1002], [139.8278, 35.1002], [139.8276, 35.0999], [139.8306, 35.1], [139.8328, 35.1005], [139.833, 35.1001], [139.8331, 35.1003], [139.8356, 35.0998], [139.8365, 35.1011], [139.8376, 35.1015], [139.8385, 35.1023], [139.8414, 35.1016], [139.8424, 35.102], [139.8434, 35.1004], [139.8443, 35.1002], [139.8448, 35.1002], [139.8452, 35.101], [139.8471, 35.101], [139.848, 35.1018], [139.8479, 35.1033], [139.8504, 35.105], [139.8507, 35.1059], [139.8501, 35.1068], [139.8514, 35.107], [139.8525, 35.1059], [139.8534, 35.1059], [139.854, 35.107], [139.8548, 35.107], [139.8554, 35.108], [139.86, 35.1079], [139.8614, 35.1074], [139.8622, 35.1075], [139.8632, 35.1083], [139.8647, 35.1079], [139.8667, 35.1092], [139.8677, 35.1091], [139.8682, 35.1108], [139.8688, 35.1113], [139.8706, 35.1109], [139.8718, 35.1099], [139.8764, 35.109], [139.8774, 35.109], [139.8781, 35.1095], [139.8803, 35.109], [139.8824, 35.1099], [139.885, 35.1095], [139.8892, 35.1098], [139.8905, 35.1102], [139.891, 35.1108], [139.8925, 35.1116], [139.8944, 35.1113], [139.895, 35.1119], [139.8964, 35.112], [139.8975, 35.1131], [139.8987, 35.113], [139.9005, 35.114], [139.906, 35.1138], [139.9063, 35.1135], [139.9086, 35.1141], [139.9125, 35.1143], [139.9136, 35.1148], [139.9142, 35.1147], [139.9146, 35.114], [139.9154, 35.1136], [139.9185, 35.1128], [139.9216, 35.1164], [139.9238, 35.1179], [139.9244, 35.1194], [139.9236, 35.1201], [139.924, 35.1207], [139.9236, 35.1222], [139.9241, 35.1232], [139.9249, 35.1238], [139.9261, 35.1268], [139.9276, 35.1279], [139.9296, 35.1281], [139.9305, 35.1287], [139.9312, 35.1287], [139.9306, 35.1299], [139.9307, 35.1309], [139.9304, 35.1324], [139.9312, 35.133], [139.9304, 35.1351], [139.9312, 35.1364], [139.9321, 35.1367], [139.9326, 35.139], [139.9318, 35.1393]]], [[[139.8152, 35.1115], [139.8146, 35.1114], [139.8135, 35.1108], [139.8134, 35.1091], [139.8146, 35.1093], [139.815, 35.1086], [139.815, 35.108], [139.8155, 35.1077], [139.8169, 35.1084], [139.8163, 35.1084], [139.8156, 35.1089], [139.8155, 35.1102], [139.8158, 35.1109], [139.8153, 35.1108], [139.8152, 35.1115]]], [[[139.8233, 35.1148], [139.8226, 35.1146], [139.8235, 35.1138], [139.8233, 35.1148]]]]}, "properties": {"name": "千葉県鋸南町"}}]}