{"type": "FeatureCollection", "features": [{"type": "Feature", "geometry": {"type": "MultiPolygon", "coordinates": [[[[141.9705, 39.6514], [141.9701, 39.6518], [141.9698, 39.6529], [141.97, 39.6533], [141.9706, 39.6533], [141.9708, 39.6534], [141.9702, 39.6535], [141.9701, 39.6542], [141.9714, 39.6541], [141.9708, 39.6547], [141.9709, 39.655], [141.972, 39.6549], [141.9725, 39.6551], [141.9724, 39.6555], [141.9729, 39.6558], [141.9731, 39.6566], [141.9737, 39.6565], [141.9743, 39.657], [141.9741, 39.6573], [141.9744, 39.6572], [141.9742, 39.6577], [141.9738, 39.6578], [141.974, 39.6579], [141.9739, 39.6582], [141.973, 39.6584], [141.9729, 39.6591], [141.9722, 39.6595], [141.9723, 39.6599], [141.9721, 39.6599], [141.9717, 39.6605], [141.9719, 39.6606], [141.9713, 39.6609], [141.9714, 39.6617], [141.9724, 39.6623], [141.9727, 39.662], [141.9731, 39.662], [141.9727, 39.6623], [141.9729, 39.6626], [141.9735, 39.6627], [141.9738, 39.663], [141.9741, 39.6629], [141.974, 39.6627], [141.9742, 39.6627], [141.9746, 39.6631], [141.9745, 39.663], [141.9747, 39.6633], [141.9745, 39.6632], [141.9747, 39.6636], [141.9747, 39.6638], [141.975, 39.6641], [141.9748, 39.6643], [141.9755, 39.6646], [141.9757, 39.6644], [141.9762, 39.6647], [141.9762, 39.6648], [141.9757, 39.6647], [141.9753, 39.6648], [141.9747, 39.6653], [141.9746, 39.6657], [141.9752, 39.6666], [141.9747, 39.6672], [141.9748, 39.6682], [141.9765, 39.6706], [141.9782, 39.6721], [141.9793, 39.6723], [141.9804, 39.6727], [141.9807, 39.6727], [141.9806, 39.6724], [141.981, 39.6722], [141.9814, 39.6728], [141.9819, 39.6728], [141.9822, 39.673], [141.9819, 39.6731], [141.9822, 39.6733], [141.9818, 39.6737], [141.981, 39.6729], [141.98, 39.6733], [141.9805, 39.6738], [141.9811, 39.6736], [141.9804, 39.6742], [141.9809, 39.675], [141.9806, 39.675], [141.9807, 39.6753], [141.9804, 39.6755], [141.9808, 39.6761], [141.9816, 39.6761], [141.9822, 39.6765], [141.9818, 39.6765], [141.9825, 39.6773], [141.982, 39.6777], [141.9823, 39.6787], [141.9829, 39.679], [141.9838, 39.6792], [141.9838, 39.6796], [141.9835, 39.6798], [141.9837, 39.68], [141.9833, 39.6799], [141.9832, 39.6808], [141.9838, 39.6813], [141.9844, 39.6813], [141.9848, 39.6815], [141.9846, 39.6818], [141.9846, 39.6821], [141.9854, 39.6822], [141.9849, 39.6825], [141.9856, 39.6824], [141.9862, 39.6826], [141.9863, 39.683], [141.9862, 39.6835], [141.9859, 39.6838], [141.9862, 39.6842], [141.9859, 39.6845], [141.9862, 39.6847], [141.9863, 39.6853], [141.9859, 39.6857], [141.9852, 39.6857], [141.9856, 39.6864], [141.9865, 39.6865], [141.9865, 39.6869], [141.9863, 39.6873], [141.9861, 39.687], [141.9856, 39.6871], [141.9855, 39.6868], [141.9853, 39.6869], [141.9853, 39.6874], [141.9841, 39.6872], [141.9842, 39.6877], [141.984, 39.6879], [141.9835, 39.6874], [141.9835, 39.688], [141.9833, 39.6881], [141.9831, 39.6879], [141.9831, 39.6881], [141.9829, 39.6882], [141.9822, 39.6875], [141.9823, 39.6872], [141.9817, 39.6874], [141.9816, 39.6872], [141.9812, 39.6875], [141.9809, 39.6871], [141.9807, 39.6875], [141.9806, 39.687], [141.9801, 39.687], [141.9795, 39.6874], [141.9797, 39.6879], [141.9796, 39.6881], [141.9787, 39.6875], [141.9786, 39.6868], [141.9777, 39.6865], [141.9771, 39.6864], [141.9765, 39.6865], [141.9762, 39.6866], [141.9763, 39.6868], [141.9761, 39.6866], [141.9756, 39.6868], [141.9753, 39.6866], [141.9748, 39.687], [141.9745, 39.6875], [141.9747, 39.6879], [141.9739, 39.688], [141.9741, 39.6885], [141.9738, 39.6885], [141.9734, 39.6896], [141.9733, 39.6895], [141.9736, 39.6883], [141.9731, 39.6874], [141.9724, 39.6874], [141.9722, 39.6878], [141.9722, 39.6888], [141.9728, 39.6889], [141.97, 39.6887], [141.9708, 39.6887], [141.9708, 39.6877], [141.9695, 39.6872], [141.969, 39.6872], [141.9683, 39.6876], [141.968, 39.6884], [141.968, 39.6887], [141.9685, 39.6893], [141.968, 39.6892], [141.9682, 39.6896], [141.9674, 39.6895], [141.9671, 39.6901], [141.967, 39.6906], [141.9672, 39.6909], [141.968, 39.6905], [141.968, 39.6907], [141.9672, 39.691], [141.9673, 39.6912], [141.9676, 39.6911], [141.9675, 39.6913], [141.9681, 39.691], [141.9682, 39.6911], [141.968, 39.6911], [141.968, 39.6914], [141.9685, 39.6919], [141.9694, 39.6918], [141.9699, 39.6922], [141.9703, 39.6921], [141.9702, 39.6924], [141.9724, 39.694], [141.9723, 39.6953], [141.9728, 39.6958], [141.9727, 39.6967], [141.9735, 39.6975], [141.9738, 39.6973], [141.9741, 39.6974], [141.9739, 39.6979], [141.973, 39.6981], [141.9722, 39.6991], [141.972, 39.7006], [141.9726, 39.7016], [141.9729, 39.7017], [141.9728, 39.7018], [141.9729, 39.702], [141.9732, 39.702], [141.9748, 39.7017], [141.9745, 39.7024], [141.9747, 39.7031], [141.9749, 39.7032], [141.9748, 39.7038], [141.9751, 39.705], [141.976, 39.7066], [141.9767, 39.7069], [141.977, 39.7067], [141.9775, 39.7067], [141.978, 39.7062], [141.9787, 39.7061], [141.9787, 39.7059], [141.979, 39.7057], [141.9796, 39.706], [141.9801, 39.7058], [141.9808, 39.7059], [141.9809, 39.7061], [141.9805, 39.7063], [141.9797, 39.7065], [141.9802, 39.7069], [141.9809, 39.707], [141.981, 39.7074], [141.9819, 39.7077], [141.982, 39.708], [141.9828, 39.7082], [141.9826, 39.7085], [141.9828, 39.7089], [141.9834, 39.7093], [141.984, 39.7094], [141.9838, 39.7096], [141.9842, 39.7099], [141.9849, 39.71], [141.9852, 39.7097], [141.986, 39.7097], [141.9866, 39.71], [141.9863, 39.7102], [141.9855, 39.7101], [141.9852, 39.7102], [141.9855, 39.7122], [141.9864, 39.7131], [141.9866, 39.7129], [141.9876, 39.7126], [141.9878, 39.7127], [141.9879, 39.713], [141.9878, 39.7133], [141.9876, 39.7133], [141.9876, 39.7138], [141.9873, 39.7138], [141.987, 39.7133], [141.9864, 39.7132], [141.9863, 39.7134], [141.9864, 39.7139], [141.9858, 39.7137], [141.9855, 39.7142], [141.9849, 39.7144], [141.9848, 39.7147], [141.9855, 39.7149], [141.9857, 39.7151], [141.9852, 39.7151], [141.9845, 39.7156], [141.9836, 39.7154], [141.9833, 39.7156], [141.9834, 39.7159], [141.983, 39.716], [141.9826, 39.7165], [141.9824, 39.7173], [141.983, 39.7195], [141.9834, 39.7196], [141.983, 39.7198], [141.9842, 39.7204], [141.9837, 39.7207], [141.9839, 39.7214], [141.9843, 39.7216], [141.9843, 39.7225], [141.9848, 39.7226], [141.9856, 39.7223], [141.9861, 39.7225], [141.986, 39.7227], [141.9869, 39.7229], [141.9879, 39.7233], [141.9871, 39.7236], [141.9861, 39.723], [141.986, 39.7232], [141.9853, 39.723], [141.9844, 39.7233], [141.9841, 39.7241], [141.9847, 39.7247], [141.9842, 39.7247], [141.9841, 39.7248], [141.9843, 39.7249], [141.9839, 39.7249], [141.9837, 39.7253], [141.9845, 39.7259], [141.9842, 39.726], [141.9834, 39.7258], [141.9833, 39.7262], [141.9831, 39.7262], [141.9833, 39.7263], [141.983, 39.7263], [141.9828, 39.7264], [141.983, 39.7266], [141.9823, 39.7266], [141.982, 39.727], [141.9814, 39.727], [141.9804, 39.7266], [141.9803, 39.7271], [141.9798, 39.7267], [141.9796, 39.7269], [141.9792, 39.7266], [141.9789, 39.7266], [141.9789, 39.7269], [141.9784, 39.7267], [141.978, 39.7262], [141.9772, 39.7262], [141.9767, 39.7264], [141.9767, 39.7267], [141.9754, 39.7267], [141.975, 39.727], [141.9749, 39.7277], [141.9743, 39.7276], [141.9741, 39.7275], [141.9743, 39.7279], [141.9732, 39.7278], [141.9728, 39.7284], [141.9725, 39.7284], [141.9725, 39.7286], [141.9721, 39.7286], [141.9717, 39.7288], [141.9711, 39.7296], [141.9713, 39.73], [141.9721, 39.7299], [141.9713, 39.73], [141.9716, 39.731], [141.9735, 39.7306], [141.9746, 39.7315], [141.975, 39.7315], [141.9746, 39.7316], [141.9737, 39.7308], [141.9732, 39.7311], [141.9733, 39.7312], [141.9718, 39.7318], [141.9731, 39.7336], [141.974, 39.7332], [141.9741, 39.7336], [141.9745, 39.7336], [141.9745, 39.7334], [141.9757, 39.7329], [141.9758, 39.733], [141.975, 39.7334], [141.9747, 39.7354], [141.9771, 39.7356], [141.9774, 39.7354], [141.9779, 39.7328], [141.9764, 39.7326], [141.976, 39.7319], [141.9759, 39.7312], [141.976, 39.7311], [141.9761, 39.7319], [141.9766, 39.7325], [141.9783, 39.7328], [141.9783, 39.7324], [141.9789, 39.7326], [141.9791, 39.7325], [141.9792, 39.7326], [141.9794, 39.7325], [141.9798, 39.733], [141.9796, 39.7332], [141.9805, 39.7331], [141.9805, 39.733], [141.9811, 39.7334], [141.9812, 39.7336], [141.981, 39.7342], [141.9813, 39.7345], [141.9833, 39.7346], [141.9839, 39.7342], [141.9843, 39.7341], [141.9848, 39.7342], [141.9849, 39.7344], [141.9854, 39.7346], [141.9854, 39.7349], [141.9847, 39.7348], [141.9845, 39.735], [141.9841, 39.7349], [141.9842, 39.7354], [141.9838, 39.7354], [141.9833, 39.7357], [141.9831, 39.7369], [141.9835, 39.7372], [141.9839, 39.7372], [141.9845, 39.7374], [141.9851, 39.7373], [141.9851, 39.7376], [141.9861, 39.7378], [141.9862, 39.7382], [141.9858, 39.7387], [141.9862, 39.7393], [141.9866, 39.7394], [141.9865, 39.7396], [141.9868, 39.7397], [141.9864, 39.7401], [141.9865, 39.7414], [141.9873, 39.7433], [141.9886, 39.7454], [141.9894, 39.7463], [141.991, 39.7473], [141.9916, 39.7476], [141.9922, 39.7477], [141.993, 39.7475], [141.9933, 39.7471], [141.9937, 39.747], [141.9939, 39.7473], [141.9945, 39.7475], [141.9947, 39.7483], [141.995, 39.7484], [141.9963, 39.7487], [141.9967, 39.7486], [141.9968, 39.7489], [141.9994, 39.7493], [141.9997, 39.7501], [142.0002, 39.7506], [142.0008, 39.7506], [142.0019, 39.7503], [142.0024, 39.7503], [142.0027, 39.7499], [142.003, 39.7507], [142.0034, 39.7507], [142.0035, 39.7504], [142.004, 39.7507], [142.0035, 39.7508], [142.0038, 39.7511], [142.0037, 39.7515], [142.0039, 39.7517], [142.0035, 39.7516], [142.0033, 39.7519], [142.0036, 39.7526], [142.0029, 39.7524], [142.0029, 39.7527], [142.0027, 39.7524], [142.0023, 39.7522], [142.0016, 39.7515], [142.001, 39.7514], [141.9998, 39.7518], [141.9994, 39.7521], [141.9994, 39.7523], [142.0003, 39.7528], [142.0003, 39.7531], [141.9983, 39.7529], [141.998, 39.7527], [141.9978, 39.7519], [141.9968, 39.752], [141.9974, 39.7519], [141.9974, 39.7512], [141.9969, 39.7511], [141.9968, 39.7515], [141.9968, 39.7511], [141.9961, 39.7511], [141.9948, 39.7514], [141.9941, 39.7518], [141.9936, 39.7523], [141.992, 39.753], [141.9913, 39.7536], [141.9908, 39.755], [141.9899, 39.7555], [141.9894, 39.7564], [141.9889, 39.7583], [141.9884, 39.7621], [141.9889, 39.7631], [141.9896, 39.7631], [141.9899, 39.7633], [141.9893, 39.7637], [141.9891, 39.7641], [141.9895, 39.7661], [141.99, 39.7673], [141.9913, 39.7685], [141.9917, 39.7692], [141.993, 39.7695], [141.9933, 39.7699], [141.9945, 39.7706], [141.9947, 39.7709], [141.9955, 39.7715], [141.996, 39.7716], [141.9962, 39.7711], [141.9964, 39.7711], [141.9965, 39.7723], [141.9976, 39.773], [141.9992, 39.7736], [141.9998, 39.7736], [142.0002, 39.7733], [142.0004, 39.7737], [142.0013, 39.7742], [142.0017, 39.7743], [142.0025, 39.7742], [142.0028, 39.7744], [142.0031, 39.7744], [142.0034, 39.7747], [142.004, 39.7747], [142.0043, 39.7757], [142.0046, 39.7755], [142.0048, 39.7755], [142.0049, 39.776], [142.004, 39.7761], [142.0036, 39.7764], [142.0038, 39.7768], [142.0032, 39.7766], [142.0031, 39.777], [142.0026, 39.7771], [142.0024, 39.7774], [142.0028, 39.7779], [142.0026, 39.7781], [142.0008, 39.7781], [142.0003, 39.7784], [141.9999, 39.7785], [141.9998, 39.7788], [141.9993, 39.7784], [141.998, 39.7781], [141.9967, 39.778], [141.9959, 39.7782], [141.995, 39.779], [141.9949, 39.7801], [141.9947, 39.7804], [141.9946, 39.7811], [141.9937, 39.7811], [141.9931, 39.7814], [141.9914, 39.7838], [141.9908, 39.7837], [141.991, 39.7841], [141.9904, 39.7841], [141.9906, 39.7848], [141.9914, 39.7858], [141.9911, 39.7861], [141.9899, 39.7858], [141.9892, 39.7862], [141.9894, 39.7871], [141.9891, 39.7875], [141.9894, 39.7875], [141.9896, 39.7879], [141.9889, 39.7878], [141.9886, 39.7875], [141.9879, 39.7876], [141.9875, 39.7877], [141.9876, 39.788], [141.9874, 39.7882], [141.9871, 39.7882], [141.9867, 39.7879], [141.9865, 39.788], [141.9858, 39.788], [141.986, 39.7883], [141.9857, 39.7885], [141.9854, 39.7885], [141.9854, 39.7881], [141.9841, 39.7885], [141.9836, 39.7889], [141.9837, 39.7893], [141.9847, 39.7895], [141.9849, 39.7897], [141.985, 39.7905], [141.9844, 39.7909], [141.9844, 39.7916], [141.9847, 39.7918], [141.9853, 39.7917], [141.9852, 39.792], [141.9861, 39.792], [141.9864, 39.7922], [141.9864, 39.7925], [141.9869, 39.7927], [141.987, 39.7935], [141.9864, 39.7944], [141.9872, 39.7943], [141.9875, 39.7944], [141.9866, 39.7947], [141.9869, 39.7949], [141.9862, 39.7949], [141.9859, 39.7953], [141.9861, 39.7955], [141.9872, 39.7957], [141.9872, 39.7962], [141.9862, 39.7968], [141.9879, 39.797], [141.9887, 39.7975], [141.9887, 39.7981], [141.9885, 39.7983], [141.9875, 39.7985], [141.9872, 39.7988], [141.9872, 39.7999], [141.9867, 39.7997], [141.9862, 39.7997], [141.9845, 39.7992], [141.9842, 39.7994], [141.9842, 39.7998], [141.9846, 39.8003], [141.9857, 39.8008], [141.9858, 39.801], [141.9838, 39.8026], [141.9833, 39.8035], [141.9836, 39.8041], [141.984, 39.8041], [141.985, 39.8049], [141.9842, 39.8052], [141.9839, 39.8061], [141.9833, 39.8065], [141.9841, 39.8081], [141.9843, 39.8088], [141.9842, 39.8095], [141.9846, 39.8101], [141.9854, 39.8104], [141.9857, 39.8108], [141.9862, 39.8107], [141.9864, 39.811], [141.9852, 39.8116], [141.9847, 39.8116], [141.9853, 39.8118], [141.9853, 39.812], [141.9843, 39.8117], [141.984, 39.8118], [141.9837, 39.813], [141.9835, 39.8127], [141.9835, 39.812], [141.9822, 39.8122], [141.9805, 39.8121], [141.9804, 39.8124], [141.9819, 39.8127], [141.9812, 39.8127], [141.9804, 39.8129], [141.9822, 39.8129], [141.983, 39.8121], [141.9834, 39.812], [141.9833, 39.8128], [141.9842, 39.8142], [141.9858, 39.8145], [141.9859, 39.8143], [141.9863, 39.8143], [141.9867, 39.8141], [141.9876, 39.8145], [141.9888, 39.8145], [141.9888, 39.8148], [141.9884, 39.8148], [141.9879, 39.8151], [141.9876, 39.8161], [141.9886, 39.8168], [141.9894, 39.8166], [141.9898, 39.8168], [141.9899, 39.817], [141.9903, 39.8171], [141.9902, 39.8173], [141.9899, 39.8173], [141.9895, 39.8176], [141.9896, 39.8188], [141.9903, 39.8198], [141.9913, 39.8203], [141.9914, 39.8206], [141.9912, 39.8208], [141.99, 39.8209], [141.9902, 39.8216], [141.99, 39.8222], [141.9894, 39.8226], [141.9893, 39.823], [141.9888, 39.823], [141.9886, 39.8235], [141.9879, 39.8238], [141.9874, 39.8245], [141.9875, 39.8246], [141.9873, 39.8247], [141.9873, 39.8252], [141.9875, 39.8256], [141.9882, 39.8259], [141.9885, 39.8269], [141.9881, 39.8274], [141.9885, 39.8277], [141.9875, 39.8277], [141.9867, 39.8283], [141.9859, 39.8295], [141.9865, 39.8299], [141.9863, 39.8303], [141.9859, 39.8305], [141.9852, 39.8305], [141.9851, 39.8301], [141.9846, 39.83], [141.9845, 39.8304], [141.9844, 39.8299], [141.984, 39.8297], [141.9833, 39.8297], [141.9811, 39.8284], [141.9803, 39.8284], [141.9797, 39.8286], [141.9789, 39.8291], [141.9785, 39.8298], [141.9784, 39.8304], [141.9782, 39.8306], [141.978, 39.8315], [141.9795, 39.8317], [141.9795, 39.8309], [141.9797, 39.8308], [141.98, 39.8311], [141.9797, 39.8318], [141.9806, 39.8321], [141.9805, 39.8323], [141.9799, 39.8325], [141.9804, 39.8327], [141.9804, 39.8329], [141.9794, 39.833], [141.9795, 39.8331], [141.9799, 39.8331], [141.98, 39.8333], [141.9803, 39.8332], [141.9804, 39.8335], [141.9807, 39.8336], [141.9802, 39.8337], [141.9805, 39.834], [141.9798, 39.8342], [141.9798, 39.8344], [141.9795, 39.8344], [141.9795, 39.8349], [141.9791, 39.8349], [141.9791, 39.8351], [141.9796, 39.8351], [141.9791, 39.8354], [141.9791, 39.8356], [141.9795, 39.8356], [141.9798, 39.8358], [141.9801, 39.8356], [141.9802, 39.8361], [141.9808, 39.8363], [141.9806, 39.8365], [141.9813, 39.8365], [141.9816, 39.8369], [141.9811, 39.8371], [141.9812, 39.8373], [141.981, 39.8374], [141.9803, 39.8368], [141.9803, 39.8371], [141.9801, 39.8371], [141.9804, 39.8376], [141.9798, 39.8374], [141.9794, 39.8379], [141.9794, 39.838], [141.9799, 39.8381], [141.9797, 39.8382], [141.9801, 39.8385], [141.9798, 39.8386], [141.98, 39.8389], [141.9806, 39.8389], [141.9803, 39.8392], [141.9808, 39.8393], [141.9807, 39.8395], [141.9811, 39.8397], [141.9813, 39.8401], [141.9806, 39.8405], [141.9793, 39.8404], [141.9791, 39.8408], [141.9788, 39.8409], [141.9788, 39.8411], [141.9784, 39.841], [141.9784, 39.8412], [141.9776, 39.8414], [141.9781, 39.8419], [141.9766, 39.8419], [141.9763, 39.8424], [141.9764, 39.8435], [141.9772, 39.8437], [141.9772, 39.8439], [141.9774, 39.8439], [141.9771, 39.8442], [141.9774, 39.8447], [141.9782, 39.8448], [141.9781, 39.845], [141.9784, 39.8452], [141.9779, 39.8452], [141.9781, 39.8454], [141.9778, 39.8456], [141.977, 39.8451], [141.9766, 39.8454], [141.9767, 39.8457], [141.977, 39.8456], [141.9768, 39.8458], [141.9764, 39.8456], [141.9762, 39.8459], [141.9756, 39.8457], [141.975, 39.847], [141.9745, 39.8475], [141.974, 39.8487], [141.9743, 39.8507], [141.9745, 39.851], [141.9755, 39.8513], [141.9758, 39.8516], [141.9773, 39.8515], [141.9768, 39.8513], [141.9769, 39.8512], [141.9782, 39.8515], [141.9785, 39.8518], [141.9783, 39.8521], [141.9773, 39.8523], [141.9762, 39.8519], [141.9761, 39.8516], [141.9756, 39.8518], [141.9761, 39.853], [141.9771, 39.8528], [141.9779, 39.8529], [141.9782, 39.8533], [141.9784, 39.854], [141.978, 39.8543], [141.9768, 39.8544], [141.9762, 39.8547], [141.9759, 39.8556], [141.976, 39.856], [141.9779, 39.856], [141.9781, 39.8564], [141.9774, 39.8567], [141.9765, 39.8567], [141.9764, 39.8572], [141.9759, 39.8572], [141.9761, 39.8577], [141.9764, 39.8577], [141.9766, 39.8575], [141.9768, 39.8575], [141.977, 39.8578], [141.9768, 39.8581], [141.9774, 39.8581], [141.9774, 39.8583], [141.9766, 39.8584], [141.9753, 39.8587], [141.9751, 39.8589], [141.9751, 39.8597], [141.9781, 39.8614], [141.9776, 39.8622], [141.9776, 39.8632], [141.9788, 39.8642], [141.9788, 39.8647], [141.979, 39.8645], [141.979, 39.8646], [141.9789, 39.8655], [141.9787, 39.8655], [141.9786, 39.8651], [141.9785, 39.8654], [141.978, 39.8653], [141.9785, 39.8657], [141.9782, 39.8664], [141.9778, 39.8666], [141.9772, 39.8666], [141.977, 39.8674], [141.9767, 39.8677], [141.9766, 39.8682], [141.9762, 39.8685], [141.9765, 39.8687], [141.9766, 39.87], [141.9771, 39.8707], [141.9767, 39.8722], [141.975, 39.8738], [141.9747, 39.8738], [141.9742, 39.8743], [141.974, 39.8749], [141.9745, 39.8751], [141.9747, 39.8756], [141.974, 39.8762], [141.9734, 39.8764], [141.9736, 39.8785], [141.9732, 39.8786], [141.9729, 39.8795], [141.9717, 39.8797], [141.9714, 39.8802], [141.9711, 39.8812], [141.972, 39.8814], [141.9717, 39.882], [141.971, 39.8821], [141.9712, 39.8824], [141.9718, 39.8826], [141.972, 39.883], [141.9717, 39.8831], [141.9715, 39.8833], [141.9711, 39.8847], [141.97, 39.8853], [141.9697, 39.8852], [141.9697, 39.8855], [141.9689, 39.8849], [141.9686, 39.885], [141.9679, 39.8848], [141.9661, 39.885], [141.9647, 39.8849], [141.9627, 39.8854], [141.9615, 39.8863], [141.9603, 39.8869], [141.9597, 39.8878], [141.9587, 39.8885], [141.9583, 39.8884], [141.958, 39.8892], [141.9577, 39.8896], [141.9574, 39.8895], [141.9567, 39.8902], [141.9561, 39.8903], [141.9551, 39.8912], [141.9547, 39.8921], [141.9549, 39.8938], [141.9545, 39.8943], [141.9539, 39.8945], [141.9532, 39.8952], [141.953, 39.8958], [141.9534, 39.8972], [141.9529, 39.8979], [141.9525, 39.8982], [141.9524, 39.8997], [141.952, 39.9001], [141.9518, 39.9009], [141.9514, 39.9011], [141.9514, 39.9018], [141.9517, 39.9023], [141.9513, 39.9028], [141.951, 39.9036], [141.9496, 39.9056], [141.9495, 39.9074], [141.9499, 39.9084], [141.9495, 39.909], [141.9494, 39.9096], [141.9488, 39.9101], [141.9488, 39.9104], [141.9485, 39.9102], [141.9481, 39.9104], [141.9472, 39.9114], [141.9473, 39.9119], [141.9482, 39.9124], [141.9489, 39.9125], [141.949, 39.9132], [141.9483, 39.913], [141.9466, 39.9148], [141.9453, 39.9154], [141.9453, 39.9155], [141.9451, 39.9156], [141.9434, 39.9175], [141.9448, 39.9155], [141.9465, 39.9148], [141.9479, 39.9133], [141.9471, 39.9129], [141.9456, 39.9145], [141.9434, 39.9156], [141.9438, 39.9159], [141.9433, 39.9156], [141.9422, 39.9157], [141.9412, 39.9167], [141.941, 39.9172], [141.9414, 39.9174], [141.941, 39.9173], [141.9401, 39.9192], [141.9403, 39.9202], [141.9411, 39.9221], [141.9408, 39.9229], [141.9412, 39.9235], [141.9419, 39.9235], [141.9423, 39.9237], [141.9428, 39.9249], [141.9435, 39.9252], [141.9433, 39.9258], [141.9425, 39.9257], [141.9421, 39.9258], [141.942, 39.9262], [141.9416, 39.9263], [141.9416, 39.926], [141.9411, 39.9257], [141.9404, 39.9261], [141.9402, 39.9264], [141.9404, 39.9278], [141.941, 39.9282], [141.9417, 39.928], [141.9423, 39.9281], [141.9433, 39.9288], [141.9433, 39.9291], [141.9429, 39.9292], [141.9431, 39.9299], [141.9426, 39.9298], [141.9428, 39.93], [141.9426, 39.9307], [141.9423, 39.9308], [141.9425, 39.931], [141.942, 39.9308], [141.9424, 39.9313], [141.9422, 39.9315], [141.9416, 39.9313], [141.9416, 39.931], [141.9408, 39.931], [141.9407, 39.9312], [141.9408, 39.9317], [141.9406, 39.931], [141.9398, 39.931], [141.9389, 39.9315], [141.9383, 39.9323], [141.9384, 39.9334], [141.939, 39.9339], [141.9395, 39.9334], [141.94, 39.9336], [141.941, 39.9326], [141.9411, 39.9327], [141.9402, 39.9336], [141.9403, 39.9339], [141.9407, 39.9341], [141.9408, 39.9337], [141.9416, 39.9337], [141.9414, 39.9338], [141.9417, 39.934], [141.9414, 39.934], [141.9412, 39.9342], [141.9422, 39.9353], [141.9422, 39.936], [141.942, 39.9363], [141.9424, 39.9364], [141.9423, 39.9374], [141.9418, 39.9375], [141.9419, 39.9378], [141.9414, 39.9377], [141.9412, 39.9379], [141.9414, 39.9382], [141.9411, 39.9383], [141.941, 39.9386], [141.9412, 39.939], [141.9409, 39.9384], [141.9399, 39.9387], [141.9398, 39.9393], [141.9412, 39.9397], [141.9413, 39.9399], [141.9417, 39.9399], [141.9418, 39.9401], [141.942, 39.94], [141.9425, 39.94], [141.9425, 39.9403], [141.9429, 39.9402], [141.9428, 39.9404], [141.9432, 39.9404], [141.9433, 39.9406], [141.9435, 39.9406], [141.9437, 39.9411], [141.9437, 39.9423], [141.9437, 39.9425], [141.9433, 39.9425], [141.9435, 39.9427], [141.9431, 39.9428], [141.9433, 39.9429], [141.943, 39.9432], [141.9431, 39.9437], [141.9436, 39.9441], [141.9446, 39.9452], [141.9459, 39.946], [141.9465, 39.9457], [141.9471, 39.9458], [141.9473, 39.9457], [141.948, 39.946], [141.9485, 39.9456], [141.9485, 39.9461], [141.9488, 39.9462], [141.9496, 39.9457], [141.9499, 39.9458], [141.9507, 39.9456], [141.9514, 39.9459], [141.9513, 39.9462], [141.9517, 39.9463], [141.9518, 39.9465], [141.9524, 39.9465], [141.9524, 39.9461], [141.953, 39.9459], [141.9552, 39.9456], [141.9554, 39.9449], [141.9552, 39.9447], [141.9552, 39.9443], [141.9566, 39.9441], [141.9572, 39.9444], [141.9572, 39.9446], [141.9564, 39.945], [141.9565, 39.9452], [141.9571, 39.9452], [141.9573, 39.9458], [141.9575, 39.9457], [141.958, 39.9462], [141.9584, 39.9462], [141.9588, 39.9458], [141.9587, 39.9451], [141.9596, 39.9451], [141.9606, 39.9447], [141.9609, 39.945], [141.9612, 39.945], [141.9616, 39.9452], [141.9616, 39.9456], [141.9621, 39.9456], [141.962, 39.9461], [141.9604, 39.9463], [141.9613, 39.9467], [141.9618, 39.9474], [141.9612, 39.9474], [141.9603, 39.947], [141.9603, 39.9478], [141.9598, 39.9479], [141.9597, 39.9477], [141.9593, 39.9478], [141.9585, 39.9487], [141.958, 39.9491], [141.9577, 39.9496], [141.9578, 39.9503], [141.9582, 39.951], [141.9587, 39.9514], [141.9592, 39.9515], [141.9596, 39.9515], [141.9595, 39.9511], [141.959, 39.9508], [141.9596, 39.951], [141.9607, 39.9507], [141.9612, 39.9513], [141.9604, 39.9513], [141.9603, 39.9516], [141.9612, 39.9519], [141.9615, 39.9517], [141.962, 39.9518], [141.962, 39.952], [141.9623, 39.9521], [141.9625, 39.9525], [141.9623, 39.9527], [141.9619, 39.9526], [141.9622, 39.9529], [141.9641, 39.9533], [141.9637, 39.9537], [141.9632, 39.9534], [141.9628, 39.9536], [141.962, 39.9534], [141.9619, 39.9536], [141.9612, 39.9529], [141.961, 39.9534], [141.9608, 39.9529], [141.9595, 39.9528], [141.959, 39.9535], [141.9578, 39.9537], [141.9572, 39.9543], [141.957, 39.9549], [141.9572, 39.9552], [141.9578, 39.9555], [141.958, 39.956], [141.9586, 39.956], [141.9593, 39.9567], [141.9593, 39.9572], [141.959, 39.9576], [141.9574, 39.9574], [141.9574, 39.9575], [141.9582, 39.9578], [141.9583, 39.9581], [141.958, 39.9582], [141.9565, 39.958], [141.9559, 39.9587], [141.9558, 39.96], [141.9561, 39.9621], [141.9559, 39.9625], [141.9561, 39.9626], [141.9559, 39.9629], [141.9563, 39.9631], [141.9566, 39.9629], [141.9567, 39.963], [141.9565, 39.9631], [141.9566, 39.9633], [141.9564, 39.9637], [141.9558, 39.9634], [141.9554, 39.9637], [141.9554, 39.9657], [141.9551, 39.966], [141.9553, 39.9666], [141.9555, 39.9668], [141.9555, 39.9671], [141.9559, 39.9674], [141.9558, 39.9675], [141.9552, 39.9675], [141.9554, 39.9678], [141.9562, 39.9679], [141.9567, 39.9683], [141.9565, 39.9685], [141.9555, 39.9685], [141.956, 39.9688], [141.9556, 39.9691], [141.9558, 39.9693], [141.9557, 39.9698], [141.9546, 39.9699], [141.9544, 39.9708], [141.9546, 39.971], [141.9542, 39.9715], [141.9548, 39.9725], [141.9554, 39.9726], [141.9557, 39.9728], [141.9548, 39.9732], [141.955, 39.9734], [141.9548, 39.9736], [141.955, 39.9738], [141.9546, 39.9745], [141.9546, 39.975], [141.9549, 39.9753], [141.9556, 39.9754], [141.9553, 39.9756], [141.9548, 39.9756], [141.9545, 39.976], [141.9547, 39.9771], [141.955, 39.9771], [141.9548, 39.9774], [141.9548, 39.9778], [141.9558, 39.9782], [141.9556, 39.978], [141.955, 39.9777], [141.9559, 39.9776], [141.9572, 39.9781], [141.9569, 39.9785], [141.956, 39.9784], [141.9564, 39.9786], [141.9565, 39.979], [141.957, 39.9792], [141.9568, 39.9799], [141.9554, 39.98], [141.9553, 39.9802], [141.9557, 39.9804], [141.9557, 39.9807], [141.9561, 39.9808], [141.9557, 39.9808], [141.9557, 39.9811], [141.9559, 39.9813], [141.9556, 39.9814], [141.9564, 39.9816], [141.9561, 39.9818], [141.9551, 39.9815], [141.9558, 39.9819], [141.9557, 39.9823], [141.956, 39.9828], [141.9557, 39.9831], [141.9551, 39.9829], [141.9549, 39.9831], [141.9545, 39.9831], [141.9544, 39.9832], [141.9554, 39.9833], [141.9563, 39.9839], [141.9555, 39.9839], [141.9555, 39.9846], [141.9553, 39.9849], [141.9547, 39.9844], [141.9546, 39.9848], [141.955, 39.9852], [141.9548, 39.9854], [141.9543, 39.9852], [141.9536, 39.9858], [141.9522, 39.985], [141.9519, 39.9851], [141.9528, 39.9856], [141.9524, 39.9857], [141.9537, 39.9865], [141.9537, 39.9871], [141.9542, 39.9871], [141.9541, 39.9873], [141.9535, 39.9873], [141.9532, 39.9872], [141.9531, 39.987], [141.9527, 39.9868], [141.9519, 39.987], [141.9518, 39.9866], [141.9515, 39.9864], [141.9516, 39.9869], [141.9511, 39.987], [141.9513, 39.9873], [141.9508, 39.9873], [141.9507, 39.9876], [141.9508, 39.988], [141.9512, 39.9882], [141.9512, 39.9886], [141.9515, 39.9887], [141.9511, 39.9888], [141.9501, 39.9887], [141.9508, 39.9896], [141.9507, 39.9898], [141.9503, 39.9897], [141.9504, 39.9901], [141.9502, 39.9907], [141.9495, 39.9905], [141.9492, 39.9901], [141.9492, 39.9896], [141.9488, 39.9892], [141.9486, 39.9892], [141.9477, 39.99], [141.948, 39.9902], [141.9475, 39.9905], [141.9478, 39.991], [141.9475, 39.9919], [141.9471, 39.992], [141.9469, 39.9923], [141.9471, 39.9928], [141.9468, 39.9931], [141.9469, 39.9935], [141.9467, 39.9937], [141.946, 39.9935], [141.946, 39.994], [141.9455, 39.9937], [141.9454, 39.9944], [141.9451, 39.9941], [141.9449, 39.9946], [141.9444, 39.9946], [141.9451, 39.9949], [141.9453, 39.9955], [141.9451, 39.9962], [141.9453, 39.9968], [141.9451, 39.9974], [141.944, 39.9976], [141.945, 39.9978], [141.9449, 39.9981], [141.9451, 39.9983], [141.9448, 39.9986], [141.9445, 39.9986], [141.944, 39.9981], [141.9438, 39.9976], [141.9437, 39.9982], [141.9431, 39.9981], [141.9433, 39.9985], [141.9426, 39.9987], [141.9425, 39.999], [141.9421, 39.9992], [141.942, 39.9987], [141.9416, 39.9989], [141.9414, 39.9992], [141.9412, 39.9988], [141.9411, 39.9991], [141.9408, 39.9993], [141.9405, 39.9989], [141.9402, 39.9992], [141.9396, 39.9993], [141.9396, 39.9996], [141.9401, 40], [141.9397, 39.9999], [141.9398, 40.0001], [141.9403, 40.0004], [141.9406, 40.001], [141.9408, 40.0011], [141.9404, 40.0015], [141.9405, 40.0019], [141.9402, 40.0022], [141.9399, 40.0019], [141.9396, 40.0019], [141.9389, 40.0023], [141.9389, 40.0026], [141.9384, 40.003], [141.9377, 40.0028], [141.9382, 40.0032], [141.938, 40.0035], [141.9372, 40.0029], [141.9368, 40.003], [141.9369, 40.0034], [141.9373, 40.0036], [141.9369, 40.0036], [141.9369, 40.004], [141.9371, 40.0044], [141.9376, 40.0046], [141.9376, 40.0057], [141.9375, 40.0061], [141.9371, 40.0061], [141.9371, 40.0065], [141.9366, 40.0067], [141.9365, 40.0071], [141.9365, 40.0082], [141.9361, 40.0084], [141.9365, 40.0087], [141.9366, 40.009], [141.9362, 40.0097], [141.936, 40.0096], [141.9358, 40.009], [141.9353, 40.0097], [141.9347, 40.01], [141.9343, 40.01], [141.9341, 40.0095], [141.933, 40.0105], [141.9323, 40.0104], [141.932, 40.0107], [141.9313, 40.0103], [141.9308, 40.0103], [141.9297, 40.0084], [141.9293, 40.0084], [141.9284, 40.0086], [141.9281, 40.0089], [141.9288, 40.0098], [141.9287, 40.0101], [141.9281, 40.0099], [141.9274, 40.0092], [141.9267, 40.0095], [141.9273, 40.0097], [141.927, 40.0097], [141.9267, 40.01], [141.9261, 40.0095], [141.9258, 40.0096], [141.9256, 40.0093], [141.9253, 40.0094], [141.9249, 40.0092], [141.9254, 40.0087], [141.9246, 40.0082], [141.9244, 40.0079], [141.9232, 40.0075], [141.9222, 40.0078], [141.9211, 40.0083], [141.9208, 40.0082], [141.9207, 40.008], [141.9197, 40.0079], [141.9187, 40.008], [141.9172, 40.0079], [141.9148, 40.0083], [141.9124, 40.0094], [141.912, 40.01], [141.9122, 40.0101], [141.9119, 40.0101], [141.9115, 40.0104], [141.9114, 40.011], [141.9109, 40.0108], [141.9107, 40.0105], [141.9104, 40.0106], [141.9101, 40.0103], [141.9094, 40.0106], [141.9087, 40.01], [141.9082, 40.0104], [141.9078, 40.0104], [141.9088, 40.0099], [141.9077, 40.009], [141.9073, 40.0092], [141.9078, 40.0098], [141.9072, 40.0094], [141.9068, 40.0094], [141.907, 40.0095], [141.9064, 40.0098], [141.9062, 40.0096], [141.9063, 40.0098], [141.9058, 40.0101], [141.9064, 40.0106], [141.9068, 40.0107], [141.9064, 40.0108], [141.9058, 40.0101], [141.9049, 40.0107], [141.9048, 40.0117], [141.9035, 40.0129], [141.9035, 40.0133], [141.9037, 40.0139], [141.9035, 40.014], [141.9035, 40.0145], [141.9031, 40.0146], [141.9033, 40.0148], [141.903, 40.0149], [141.9027, 40.0146], [141.9021, 40.0146], [141.9018, 40.0144], [141.9013, 40.0143], [141.9, 40.0153], [141.8992, 40.0168], [141.9005, 40.0184], [141.9012, 40.0187], [141.901, 40.0191], [141.9, 40.0198], [141.8997, 40.0199], [141.8991, 40.0196], [141.8982, 40.0204], [141.898, 40.0212], [141.8973, 40.0219], [141.8973, 40.0221], [141.8975, 40.0223], [141.897, 40.0224], [141.8974, 40.0226], [141.8973, 40.0229], [141.8978, 40.023], [141.8973, 40.0241], [141.8969, 40.0243], [141.8967, 40.0242], [141.8959, 40.0244], [141.8959, 40.0249], [141.8954, 40.0248], [141.8955, 40.025], [141.8963, 40.0254], [141.8963, 40.0257], [141.8957, 40.0259], [141.8953, 40.0256], [141.8949, 40.0258], [141.8948, 40.0262], [141.8952, 40.0263], [141.8949, 40.0265], [141.8947, 40.0264], [141.8937, 40.0275], [141.8931, 40.0274], [141.893, 40.0275], [141.8933, 40.0275], [141.8934, 40.0278], [141.8929, 40.0277], [141.8931, 40.028], [141.8926, 40.0281], [141.8921, 40.0286], [141.8919, 40.0286], [141.8919, 40.0282], [141.8912, 40.0286], [141.8913, 40.0289], [141.8909, 40.0287], [141.8903, 40.029], [141.8901, 40.0293], [141.8903, 40.0295], [141.8903, 40.0299], [141.8904, 40.0301], [141.8907, 40.03], [141.8905, 40.0304], [141.8902, 40.0303], [141.8904, 40.0306], [141.8901, 40.0305], [141.8896, 40.0309], [141.8897, 40.0303], [141.8894, 40.0303], [141.8891, 40.0306], [141.8887, 40.0305], [141.8884, 40.031], [141.887, 40.0314], [141.8868, 40.0317], [141.8871, 40.032], [141.887, 40.0323], [141.8868, 40.0325], [141.887, 40.0329], [141.8867, 40.0332], [141.8863, 40.0332], [141.8858, 40.0334], [141.8858, 40.0333], [141.8856, 40.0331], [141.8849, 40.0336], [141.8856, 40.0342], [141.8851, 40.034], [141.8847, 40.034], [141.8848, 40.0343], [141.8853, 40.0345], [141.8848, 40.0348], [141.8851, 40.0349], [141.8849, 40.0351], [141.8852, 40.0354], [141.8849, 40.0355], [141.8843, 40.0353], [141.8852, 40.0358], [141.885, 40.036], [141.8853, 40.0364], [141.8849, 40.0363], [141.8848, 40.0365], [141.8845, 40.0364], [141.8845, 40.0367], [141.8842, 40.0363], [141.8837, 40.0364], [141.8839, 40.0369], [141.8837, 40.0367], [141.8837, 40.0369], [141.8834, 40.0368], [141.8836, 40.0371], [141.8836, 40.0375], [141.8831, 40.0372], [141.8827, 40.0376], [141.8827, 40.0379], [141.883, 40.038], [141.8831, 40.0382], [141.8829, 40.0383], [141.8828, 40.0386], [141.8833, 40.0388], [141.8833, 40.0393], [141.8831, 40.0396], [141.8822, 40.0395], [141.8825, 40.0398], [141.8824, 40.04], [141.8816, 40.0399], [141.8823, 40.0404], [141.882, 40.0404], [141.882, 40.0408], [141.8815, 40.0408], [141.8816, 40.0412], [141.8826, 40.0412], [141.8827, 40.0416], [141.8822, 40.0418], [141.8817, 40.0415], [141.8813, 40.0417], [141.8819, 40.0426], [141.8809, 40.0426], [141.8816, 40.043], [141.8811, 40.0436], [141.8806, 40.0433], [141.8807, 40.0442], [141.8804, 40.0442], [141.8802, 40.0435], [141.8797, 40.0443], [141.8792, 40.044], [141.8789, 40.0441], [141.8791, 40.0448], [141.8794, 40.0451], [141.8796, 40.0449], [141.8797, 40.045], [141.8799, 40.0455], [141.8793, 40.0453], [141.8792, 40.0458], [141.8786, 40.0456], [141.8782, 40.0457], [141.8784, 40.0471], [141.8788, 40.0473], [141.8786, 40.0475], [141.8784, 40.0474], [141.8781, 40.0477], [141.8776, 40.0474], [141.8771, 40.0479], [141.8767, 40.0478], [141.8767, 40.0481], [141.8775, 40.0485], [141.8775, 40.0486], [141.877, 40.0486], [141.8767, 40.0484], [141.8766, 40.0487], [141.8763, 40.0487], [141.8769, 40.0496], [141.8765, 40.0495], [141.8767, 40.0494], [141.8763, 40.049], [141.876, 40.0489], [141.8759, 40.0491], [141.8758, 40.0489], [141.8758, 40.0491], [141.8749, 40.0486], [141.8748, 40.0489], [141.8745, 40.0486], [141.8745, 40.0487], [141.8741, 40.0487], [141.8741, 40.0489], [141.8732, 40.0485], [141.8733, 40.0487], [141.8727, 40.0483], [141.8717, 40.0484], [141.8716, 40.0486], [141.8714, 40.0484], [141.8712, 40.0484], [141.8706, 40.0487], [141.8712, 40.0484], [141.8707, 40.0485], [141.8703, 40.0489], [141.8703, 40.0493], [141.8708, 40.0495], [141.8703, 40.0493], [141.8701, 40.05], [141.871, 40.0499], [141.8711, 40.0501], [141.8709, 40.0503], [141.8705, 40.0502], [141.8705, 40.0507], [141.87, 40.0502], [141.8695, 40.0507], [141.8701, 40.0515], [141.8694, 40.051], [141.8689, 40.0509], [141.869, 40.0512], [141.8686, 40.0509], [141.8682, 40.051], [141.8679, 40.0515], [141.8684, 40.0517], [141.8689, 40.0522], [141.8691, 40.0522], [141.8691, 40.0527], [141.8694, 40.0532], [141.8701, 40.0535], [141.8699, 40.0539], [141.8694, 40.0537], [141.8692, 40.0533], [141.8687, 40.0533], [141.8686, 40.0534], [141.8678, 40.053], [141.8677, 40.0531], [141.8675, 40.0529], [141.8672, 40.053], [141.8669, 40.0529], [141.8669, 40.0527], [141.866, 40.0519], [141.8653, 40.0517], [141.8646, 40.0517], [141.8647, 40.0515], [141.8643, 40.0515], [141.8639, 40.051], [141.8633, 40.0514], [141.8634, 40.0518], [141.8638, 40.052], [141.8632, 40.0518], [141.8622, 40.0524], [141.8614, 40.0524], [141.8618, 40.053], [141.8615, 40.0535], [141.8617, 40.053], [141.8614, 40.0525], [141.8596, 40.0534], [141.8599, 40.0538], [141.8606, 40.054], [141.8619, 40.0539], [141.8605, 40.054], [141.8599, 40.0539], [141.8593, 40.0533], [141.8582, 40.0535], [141.8575, 40.0541], [141.8572, 40.054], [141.8572, 40.0542], [141.8564, 40.0542], [141.8562, 40.0546], [141.8566, 40.0547], [141.8567, 40.0549], [141.8564, 40.0549], [141.856, 40.0546], [141.8556, 40.0549], [141.8564, 40.0553], [141.855, 40.0554], [141.8555, 40.0559], [141.8546, 40.0556], [141.8546, 40.0559], [141.8542, 40.0557], [141.854, 40.056], [141.8536, 40.0557], [141.853, 40.0556], [141.8527, 40.0562], [141.853, 40.0556], [141.8523, 40.0554], [141.8516, 40.0553], [141.8509, 40.0556], [141.8501, 40.0566], [141.85, 40.0563], [141.8499, 40.0564], [141.8501, 40.0567], [141.8492, 40.0588], [141.8495, 40.0593], [141.8491, 40.0595], [141.849, 40.0598], [141.8494, 40.0602], [141.8488, 40.06], [141.8486, 40.0607], [141.8489, 40.0611], [141.8485, 40.0608], [141.8481, 40.0609], [141.8481, 40.0612], [141.8479, 40.0613], [141.8478, 40.0611], [141.8475, 40.0613], [141.8474, 40.0611], [141.8469, 40.0614], [141.8472, 40.0615], [141.8464, 40.0617], [141.8461, 40.0619], [141.8456, 40.0624], [141.8457, 40.0627], [141.8454, 40.0627], [141.8453, 40.0629], [141.846, 40.063], [141.8455, 40.0636], [141.8451, 40.0635], [141.8453, 40.0641], [141.845, 40.0643], [141.8453, 40.0644], [141.8448, 40.0646], [141.8445, 40.0645], [141.8439, 40.0652], [141.8436, 40.0652], [141.8433, 40.0655], [141.8437, 40.066], [141.8435, 40.0661], [141.8432, 40.0659], [141.8428, 40.0664], [141.8432, 40.0666], [141.843, 40.0669], [141.8425, 40.0668], [141.8423, 40.0676], [141.8415, 40.0676], [141.8413, 40.0684], [141.8415, 40.0681], [141.8417, 40.0683], [141.8414, 40.0685], [141.8408, 40.0684], [141.8411, 40.0686], [141.8409, 40.0688], [141.8406, 40.0686], [141.8407, 40.0693], [141.8404, 40.0693], [141.8404, 40.0695], [141.8397, 40.0698], [141.8387, 40.07], [141.8389, 40.0704], [141.8384, 40.0705], [141.8385, 40.0708], [141.8381, 40.0711], [141.8377, 40.0711], [141.8373, 40.0714], [141.8372, 40.0713], [141.8369, 40.0714], [141.8356, 40.0727], [141.8354, 40.0731], [141.835, 40.0731], [141.835, 40.0733], [141.8344, 40.0736], [141.8333, 40.0748], [141.8329, 40.0776], [141.8333, 40.0786], [141.8327, 40.0798], [141.8322, 40.0801], [141.8329, 40.0805], [141.8321, 40.0802], [141.8318, 40.0806], [141.8324, 40.0807], [141.8323, 40.0807], [141.8318, 40.0807], [141.8316, 40.0806], [141.8303, 40.0818], [141.829, 40.0865], [141.8292, 40.0887], [141.8298, 40.0895], [141.8305, 40.0896], [141.8311, 40.091], [141.8313, 40.0917], [141.8306, 40.0934], [141.8297, 40.094], [141.829, 40.0952], [141.8279, 40.096], [141.8271, 40.0971], [141.8264, 40.0991], [141.8264, 40.1023], [141.8276, 40.1084], [141.8287, 40.1118], [141.8306, 40.1156], [141.831, 40.1159], [141.8326, 40.1143], [141.8311, 40.1159], [141.8316, 40.1163], [141.8326, 40.1154], [141.8338, 40.1162], [141.8344, 40.1159], [141.8331, 40.1169], [141.8339, 40.1173], [141.8353, 40.1175], [141.8365, 40.1165], [141.836, 40.1155], [141.8366, 40.1166], [141.8357, 40.1175], [141.8358, 40.1178], [141.8355, 40.118], [141.8358, 40.1185], [141.8352, 40.1194], [141.835, 40.1202], [141.8354, 40.1222], [141.8358, 40.1228], [141.836, 40.1235], [141.8382, 40.1259], [141.8379, 40.1262], [141.8381, 40.1264], [141.8382, 40.1261], [141.8384, 40.1261], [141.8397, 40.1274], [141.8404, 40.1287], [141.842, 40.1303], [141.8455, 40.1333], [141.8477, 40.1344], [141.8492, 40.1349], [141.8519, 40.1352], [141.8523, 40.1347], [141.8522, 40.1342], [141.8538, 40.1337], [141.8537, 40.1334], [141.8549, 40.133], [141.8551, 40.1333], [141.8569, 40.1328], [141.8572, 40.1322], [141.8556, 40.1318], [141.8544, 40.1313], [141.8545, 40.1312], [141.8557, 40.1318], [141.8572, 40.1321], [141.8586, 40.1318], [141.859, 40.1312], [141.86, 40.1318], [141.8612, 40.1321], [141.8623, 40.1321], [141.863, 40.1316], [141.8633, 40.1316], [141.8637, 40.1324], [141.8647, 40.1327], [141.8654, 40.1326], [141.8656, 40.1323], [141.8661, 40.1328], [141.8658, 40.133], [141.866, 40.1335], [141.8675, 40.1343], [141.8684, 40.1345], [141.8704, 40.1345], [141.8716, 40.1352], [141.8721, 40.1359], [141.8722, 40.1366], [141.8726, 40.1368], [141.8728, 40.1373], [141.8731, 40.1374], [141.8729, 40.1378], [141.8731, 40.139], [141.8734, 40.1392], [141.8732, 40.1394], [141.8734, 40.1397], [141.8755, 40.1423], [141.8765, 40.1426], [141.876, 40.143], [141.8762, 40.1431], [141.8762, 40.1433], [141.8766, 40.1434], [141.8768, 40.1439], [141.8764, 40.1441], [141.8754, 40.1439], [141.8749, 40.1445], [141.8744, 40.1447], [141.8737, 40.1445], [141.8729, 40.1453], [141.8726, 40.1461], [141.8711, 40.1478], [141.8707, 40.1485], [141.8707, 40.1497], [141.8701, 40.1499], [141.8699, 40.1501], [141.8697, 40.1513], [141.8701, 40.1517], [141.8702, 40.152], [141.8699, 40.1524], [141.8693, 40.1526], [141.8686, 40.1523], [141.8684, 40.1524], [141.868, 40.1523], [141.8669, 40.1534], [141.8669, 40.1543], [141.866, 40.1541], [141.8649, 40.1546], [141.8647, 40.1551], [141.8649, 40.1561], [141.8646, 40.1568], [141.8639, 40.1568], [141.8627, 40.1579], [141.8622, 40.1586], [141.8628, 40.1597], [141.8634, 40.1596], [141.863, 40.16], [141.863, 40.1603], [141.8637, 40.1605], [141.8639, 40.1608], [141.8635, 40.1609], [141.8638, 40.1611], [141.8633, 40.1612], [141.8625, 40.1607], [141.862, 40.1609], [141.8615, 40.1613], [141.8614, 40.1612], [141.8614, 40.1609], [141.8602, 40.1614], [141.8602, 40.1627], [141.8608, 40.1632], [141.861, 40.1637], [141.8603, 40.1637], [141.8602, 40.1643], [141.8599, 40.1642], [141.8595, 40.164], [141.8591, 40.1645], [141.8585, 40.1647], [141.8583, 40.1649], [141.8581, 40.1649], [141.858, 40.1656], [141.8575, 40.1655], [141.8575, 40.1657], [141.8571, 40.1657], [141.8545, 40.1671], [141.8544, 40.1675], [141.8532, 40.1679], [141.8525, 40.1687], [141.8522, 40.1686], [141.8523, 40.1692], [141.8492, 40.1692], [141.8485, 40.1697], [141.8492, 40.1692], [141.8522, 40.1692], [141.8521, 40.1685], [141.8487, 40.1684], [141.8486, 40.168], [141.8468, 40.1685], [141.8465, 40.1689], [141.8464, 40.1699], [141.8466, 40.1701], [141.8462, 40.1701], [141.8463, 40.1703], [141.8461, 40.1702], [141.8463, 40.1704], [141.8459, 40.1703], [141.8461, 40.1705], [141.8457, 40.1704], [141.8448, 40.1708], [141.8438, 40.1716], [141.8441, 40.1719], [141.8437, 40.1716], [141.8414, 40.1722], [141.838, 40.1745], [141.8378, 40.1748], [141.8367, 40.1753], [141.8358, 40.1761], [141.836, 40.1765], [141.8502, 40.1767], [141.8492, 40.2189], [141.8349, 40.219], [141.8345, 40.2191], [141.8349, 40.2192], [141.8346, 40.2193], [141.8334, 40.2193], [141.8336, 40.2196], [141.8333, 40.2198], [141.8337, 40.2202], [141.8331, 40.2204], [141.8331, 40.2206], [141.8338, 40.2209], [141.8327, 40.2208], [141.8328, 40.2211], [141.8335, 40.2212], [141.8335, 40.2214], [141.832, 40.2217], [141.8315, 40.2222], [141.8311, 40.2231], [141.8314, 40.2236], [141.832, 40.224], [141.8314, 40.2251], [141.8317, 40.2255], [141.8307, 40.2264], [141.8303, 40.2276], [141.8306, 40.2287], [141.8313, 40.2291], [141.8313, 40.2298], [141.8309, 40.2308], [141.8312, 40.2321], [141.8318, 40.2332], [141.8322, 40.2335], [141.8319, 40.234], [141.8318, 40.2349], [141.831, 40.2362], [141.8304, 40.2377], [141.8299, 40.2382], [141.8298, 40.239], [141.8292, 40.2399], [141.8273, 40.2408], [141.8263, 40.2417], [141.8263, 40.2421], [141.8268, 40.2422], [141.827, 40.2421], [141.8268, 40.2423], [141.8263, 40.2421], [141.8265, 40.2431], [141.8264, 40.2433], [141.8266, 40.2434], [141.8253, 40.2441], [141.8248, 40.245], [141.8239, 40.2453], [141.8227, 40.2462], [141.8229, 40.2468], [141.8225, 40.247], [141.8225, 40.2477], [141.824, 40.2481], [141.8235, 40.2481], [141.8238, 40.2483], [141.8235, 40.2484], [141.8238, 40.2486], [141.8233, 40.2487], [141.8234, 40.2488], [141.8244, 40.2489], [141.8247, 40.2491], [141.8244, 40.2493], [141.8237, 40.2491], [141.8233, 40.2493], [141.8235, 40.2497], [141.824, 40.2497], [141.8245, 40.2499], [141.8243, 40.2501], [141.8237, 40.2502], [141.8243, 40.2505], [141.8243, 40.2507], [141.8233, 40.2508], [141.8233, 40.2511], [141.8241, 40.2512], [141.8229, 40.2515], [141.8233, 40.2518], [141.8235, 40.2516], [141.8241, 40.2523], [141.8233, 40.252], [141.8236, 40.2523], [141.8231, 40.2521], [141.8224, 40.2524], [141.8235, 40.2533], [141.8224, 40.2534], [141.8217, 40.2537], [141.8217, 40.2535], [141.8212, 40.2536], [141.8208, 40.2541], [141.8209, 40.2545], [141.8212, 40.2544], [141.822, 40.2549], [141.8208, 40.2548], [141.8206, 40.2553], [141.8206, 40.2555], [141.8204, 40.2556], [141.8206, 40.2558], [141.821, 40.2559], [141.8205, 40.2559], [141.8212, 40.256], [141.821, 40.2561], [141.8203, 40.256], [141.8203, 40.2562], [141.8206, 40.2563], [141.8202, 40.2562], [141.8201, 40.2566], [141.8205, 40.2567], [141.8202, 40.2568], [141.8205, 40.2569], [141.8204, 40.257], [141.8208, 40.2569], [141.821, 40.257], [141.8207, 40.2571], [141.8211, 40.2573], [141.8206, 40.2572], [141.8205, 40.2574], [141.8211, 40.2575], [141.8207, 40.2575], [141.8207, 40.2576], [141.8198, 40.2575], [141.8206, 40.2578], [141.8204, 40.2579], [141.8212, 40.258], [141.821, 40.2581], [141.8202, 40.2581], [141.8196, 40.2583], [141.8208, 40.2583], [141.8212, 40.2585], [141.821, 40.2587], [141.8212, 40.2588], [141.8196, 40.2588], [141.8207, 40.2594], [141.8196, 40.2594], [141.8189, 40.2592], [141.8182, 40.2596], [141.8191, 40.2599], [141.8185, 40.26], [141.8188, 40.2604], [141.8202, 40.2608], [141.8204, 40.261], [141.8194, 40.2613], [141.8197, 40.2614], [141.8193, 40.2615], [141.8183, 40.2616], [141.8184, 40.2618], [141.8195, 40.2618], [141.8193, 40.2619], [141.8196, 40.2621], [141.8204, 40.2622], [141.8195, 40.2634], [141.8186, 40.2631], [141.8198, 40.2637], [141.8196, 40.2642], [141.8192, 40.2644], [141.8187, 40.2643], [141.8185, 40.2637], [141.8186, 40.2645], [141.818, 40.2644], [141.8181, 40.2646], [141.8174, 40.2646], [141.818, 40.265], [141.8171, 40.2654], [141.818, 40.2655], [141.8181, 40.2654], [141.8178, 40.2652], [141.8185, 40.2652], [141.8188, 40.265], [141.8191, 40.2652], [141.819, 40.2656], [141.8189, 40.2657], [141.8187, 40.2655], [141.8187, 40.2657], [141.8185, 40.2658], [141.8186, 40.2659], [141.8184, 40.266], [141.8181, 40.2659], [141.8183, 40.2662], [141.8176, 40.2663], [141.8172, 40.2657], [141.817, 40.2663], [141.8166, 40.2661], [141.8166, 40.2663], [141.8164, 40.2661], [141.8162, 40.2664], [141.8146, 40.2665], [141.8143, 40.2667], [141.8144, 40.2669], [141.8164, 40.2675], [141.8161, 40.2682], [141.8163, 40.2685], [141.8162, 40.2687], [141.8156, 40.2685], [141.8153, 40.2679], [141.8153, 40.2682], [141.8148, 40.2682], [141.8154, 40.2685], [141.8149, 40.2686], [141.815, 40.2687], [141.8156, 40.2687], [141.8162, 40.269], [141.8162, 40.2695], [141.8157, 40.2693], [141.8163, 40.2699], [141.8154, 40.2702], [141.8153, 40.27], [141.8152, 40.2703], [141.8165, 40.2702], [141.8166, 40.2707], [141.8163, 40.271], [141.8164, 40.2715], [141.8161, 40.2716], [141.8161, 40.2719], [141.8157, 40.2722], [141.8155, 40.2722], [141.8155, 40.2724], [141.8149, 40.2724], [141.8151, 40.2726], [141.8147, 40.2729], [141.8149, 40.2729], [141.8147, 40.2731], [141.8144, 40.2731], [141.8143, 40.2734], [141.8138, 40.2734], [141.8142, 40.2736], [141.8139, 40.2739], [141.8134, 40.2739], [141.8131, 40.2735], [141.8129, 40.2738], [141.8131, 40.274], [141.8123, 40.2747], [141.8121, 40.2749], [141.8116, 40.2748], [141.8117, 40.275], [141.8112, 40.275], [141.8118, 40.2752], [141.812, 40.2755], [141.8111, 40.2758], [141.8116, 40.2758], [141.8119, 40.2762], [141.8113, 40.2763], [141.811, 40.2761], [141.8107, 40.2765], [141.8098, 40.2763], [141.8098, 40.2765], [141.8105, 40.2766], [141.8098, 40.2766], [141.8098, 40.2769], [141.8107, 40.2768], [141.8105, 40.277], [141.8107, 40.2772], [141.811, 40.277], [141.811, 40.2773], [141.8105, 40.2773], [141.8106, 40.2776], [141.8111, 40.2775], [141.8112, 40.2777], [141.8105, 40.2778], [141.8104, 40.278], [141.8098, 40.2775], [141.8097, 40.2777], [141.8101, 40.278], [141.81, 40.2783], [141.8098, 40.2783], [141.8096, 40.2785], [141.8098, 40.2788], [141.8094, 40.279], [141.8092, 40.2784], [141.809, 40.2789], [141.8091, 40.2793], [141.8088, 40.2794], [141.8089, 40.2797], [141.8083, 40.28], [141.8082, 40.2802], [141.8083, 40.2806], [141.8085, 40.2807], [141.8084, 40.2813], [141.8073, 40.2819], [141.8076, 40.2818], [141.8082, 40.282], [141.808, 40.2826], [141.8074, 40.2829], [141.807, 40.2821], [141.8069, 40.2826], [141.8068, 40.2825], [141.8065, 40.2825], [141.8056, 40.2831], [141.8069, 40.2832], [141.8069, 40.2833], [141.8054, 40.2833], [141.806, 40.2837], [141.8068, 40.2838], [141.8064, 40.284], [141.8068, 40.2842], [141.8061, 40.2846], [141.806, 40.2852], [141.8057, 40.2849], [141.8056, 40.2852], [141.8048, 40.2853], [141.805, 40.2859], [141.8037, 40.2867], [141.8025, 40.287], [141.8024, 40.2872], [141.8025, 40.2874], [141.8021, 40.2874], [141.802, 40.2877], [141.8021, 40.2879], [141.8018, 40.2879], [141.8018, 40.2882], [141.8003, 40.2884], [141.8001, 40.2887], [141.8004, 40.2888], [141.8002, 40.2891], [141.8008, 40.2891], [141.801, 40.2896], [141.8007, 40.2897], [141.8005, 40.2894], [141.8001, 40.2895], [141.8003, 40.2898], [141.7999, 40.29], [141.7999, 40.2902], [141.7997, 40.2897], [141.7993, 40.29], [141.799, 40.2899], [141.7987, 40.2906], [141.7982, 40.2907], [141.7985, 40.2909], [141.7992, 40.2908], [141.7996, 40.2909], [141.7991, 40.291], [141.7994, 40.2913], [141.7989, 40.2916], [141.7991, 40.292], [141.7983, 40.292], [141.7979, 40.2922], [141.7985, 40.2921], [141.7984, 40.2923], [141.7986, 40.2924], [141.7984, 40.2925], [141.7986, 40.2928], [141.7981, 40.2933], [141.7983, 40.2935], [141.7979, 40.2935], [141.7978, 40.2938], [141.7976, 40.2935], [141.797, 40.2935], [141.7965, 40.294], [141.796, 40.2942], [141.7959, 40.2945], [141.7954, 40.2946], [141.7955, 40.2949], [141.7953, 40.2952], [141.7944, 40.2955], [141.7942, 40.2958], [141.7941, 40.2964], [141.7946, 40.2963], [141.7948, 40.2961], [141.7949, 40.2965], [141.7953, 40.2966], [141.7954, 40.2967], [141.7958, 40.2967], [141.7958, 40.297], [141.7955, 40.2972], [141.7951, 40.2981], [141.7944, 40.299], [141.7938, 40.2991], [141.7939, 40.2986], [141.7934, 40.2992], [141.7937, 40.2994], [141.7938, 40.2993], [141.7937, 40.2996], [141.7931, 40.2995], [141.7931, 40.2998], [141.7934, 40.2999], [141.7931, 40.3007], [141.7923, 40.3004], [141.7913, 40.301], [141.7917, 40.3011], [141.7916, 40.3014], [141.7919, 40.3017], [141.7913, 40.3025], [141.7913, 40.3021], [141.7908, 40.3021], [141.7908, 40.3028], [141.7904, 40.3036], [141.7902, 40.3038], [141.7898, 40.3038], [141.7895, 40.3041], [141.7895, 40.3043], [141.79, 40.3045], [141.79, 40.3049], [141.7895, 40.305], [141.7893, 40.3055], [141.7894, 40.3058], [141.7891, 40.3067], [141.7888, 40.3067], [141.7887, 40.307], [141.7883, 40.3072], [141.7884, 40.3077], [141.7879, 40.3083], [141.7884, 40.3083], [141.7885, 40.3086], [141.7884, 40.3089], [141.7882, 40.3091], [141.7879, 40.3089], [141.7879, 40.3092], [141.7874, 40.309], [141.7875, 40.3094], [141.7879, 40.3095], [141.7878, 40.3098], [141.787, 40.3101], [141.7868, 40.3104], [141.7865, 40.3103], [141.7863, 40.311], [141.7856, 40.311], [141.785, 40.3115], [141.7851, 40.3117], [141.7854, 40.3118], [141.7854, 40.3115], [141.7857, 40.3114], [141.7857, 40.3117], [141.7855, 40.3118], [141.7857, 40.3125], [141.7865, 40.3128], [141.7858, 40.3135], [141.7857, 40.3142], [141.7852, 40.3146], [141.7847, 40.3147], [141.7847, 40.3153], [141.7832, 40.3159], [141.7829, 40.3158], [141.7828, 40.3154], [141.7824, 40.3149], [141.781, 40.3146], [141.7803, 40.3147], [141.7803, 40.3148], [141.7811, 40.3147], [141.7822, 40.3149], [141.7826, 40.3155], [141.781, 40.3157], [141.7803, 40.3159], [141.7802, 40.3163], [141.7806, 40.3163], [141.7803, 40.3167], [141.7805, 40.3168], [141.7801, 40.3176], [141.7799, 40.3185], [141.7795, 40.3187], [141.7784, 40.3186], [141.7766, 40.3192], [141.7762, 40.3198], [141.7757, 40.3199], [141.7743, 40.3213], [141.7741, 40.3228], [141.7733, 40.3228], [141.7741, 40.3229], [141.774, 40.3267], [141.772, 40.3299], [141.7711, 40.332], [141.7706, 40.332], [141.7705, 40.3318], [141.77, 40.3317], [141.77, 40.3318], [141.771, 40.3322], [141.7708, 40.3333], [141.7713, 40.335], [141.7711, 40.3357], [141.7707, 40.3361], [141.7704, 40.3362], [141.7709, 40.3379], [141.7709, 40.3403], [141.7717, 40.3415], [141.7725, 40.3417], [141.773, 40.3424], [141.7727, 40.3421], [141.7723, 40.3421], [141.7725, 40.3425], [141.7729, 40.3424], [141.7725, 40.3426], [141.772, 40.3443], [141.7717, 40.3447], [141.7714, 40.3448], [141.7715, 40.3452], [141.7692, 40.3475], [141.7696, 40.347], [141.7694, 40.3469], [141.7696, 40.347], [141.7706, 40.346], [141.7695, 40.3454], [141.7685, 40.3465], [141.7692, 40.3468], [141.769, 40.3468], [141.7669, 40.3457], [141.766, 40.3459], [141.7651, 40.3464], [141.7635, 40.348], [141.7633, 40.348], [141.7636, 40.348], [141.7641, 40.3475], [141.764, 40.3479], [141.7642, 40.3489], [141.765, 40.349], [141.7654, 40.3496], [141.7652, 40.3499], [141.7656, 40.35], [141.7648, 40.351], [141.7657, 40.3515], [141.7673, 40.35], [141.7666, 40.3492], [141.7672, 40.3498], [141.7679, 40.3501], [141.7686, 40.3494], [141.7688, 40.3495], [141.7659, 40.3521], [141.7637, 40.3514], [141.7633, 40.3514], [141.7628, 40.3518], [141.7625, 40.3517], [141.7603, 40.3531], [141.7573, 40.3539], [141.7569, 40.3535], [141.7571, 40.354], [141.7549, 40.3557], [141.754, 40.3583], [141.7538, 40.3602], [141.7542, 40.3621], [141.755, 40.3631], [141.7553, 40.364], [141.7553, 40.3669], [141.7549, 40.368], [141.7533, 40.3695], [141.7534, 40.3698], [141.7527, 40.3707], [141.7532, 40.3699], [141.7528, 40.3697], [141.7523, 40.3702], [141.7525, 40.3704], [141.7521, 40.3705], [141.7517, 40.3715], [141.7515, 40.3713], [141.7507, 40.3709], [141.7515, 40.3713], [141.7516, 40.3716], [141.751, 40.3728], [141.7477, 40.3761], [141.7467, 40.3767], [141.7422, 40.3788], [141.7411, 40.3794], [141.7404, 40.3804], [141.7406, 40.3813], [141.7403, 40.3821], [141.7389, 40.3838], [141.737, 40.3847], [141.735, 40.3847], [141.7336, 40.3852], [141.7329, 40.3857], [141.7334, 40.3861], [141.733, 40.3859], [141.7322, 40.3865], [141.7328, 40.3869], [141.7337, 40.3861], [141.7327, 40.3871], [141.7319, 40.3867], [141.73, 40.3885], [141.7292, 40.3888], [141.7285, 40.3887], [141.7291, 40.389], [141.7297, 40.3888], [141.7282, 40.3909], [141.7282, 40.3916], [141.7287, 40.3927], [141.7273, 40.3937], [141.7267, 40.3939], [141.7265, 40.394], [141.727, 40.3944], [141.7265, 40.3941], [141.7261, 40.3949], [141.7264, 40.395], [141.7272, 40.3945], [141.7264, 40.3951], [141.726, 40.3949], [141.7258, 40.395], [141.7247, 40.3959], [141.7243, 40.397], [141.7232, 40.3982], [141.7232, 40.3985], [141.7224, 40.3981], [141.7217, 40.3983], [141.7204, 40.4006], [141.7196, 40.4004], [141.7209, 40.4007], [141.7209, 40.4009], [141.7208, 40.4007], [141.7203, 40.4007], [141.7197, 40.401], [141.7196, 40.4015], [141.7199, 40.4018], [141.72, 40.4026], [141.7207, 40.4027], [141.721, 40.403], [141.7216, 40.403], [141.7218, 40.4027], [141.7221, 40.4027], [141.7224, 40.4029], [141.7224, 40.4032], [141.723, 40.4032], [141.723, 40.4026], [141.7234, 40.4025], [141.7234, 40.4035], [141.723, 40.4035], [141.723, 40.4038], [141.7211, 40.4038], [141.7211, 40.4044], [141.7221, 40.4045], [141.7203, 40.4044], [141.7202, 40.4055], [141.7206, 40.4061], [141.721, 40.4061], [141.7222, 40.4057], [141.7211, 40.4062], [141.7211, 40.4068], [141.7216, 40.4069], [141.7207, 40.4069], [141.7206, 40.4084], [141.722, 40.4083], [141.7221, 40.4068], [141.722, 40.4068], [141.723, 40.4069], [141.7233, 40.4052], [141.7231, 40.4069], [141.7224, 40.408], [141.7223, 40.4086], [141.7207, 40.4088], [141.7202, 40.4101], [141.7193, 40.4113], [141.7195, 40.4119], [141.7188, 40.4131], [141.7183, 40.4129], [141.7158, 40.4173], [141.713, 40.4202], [141.711, 40.4211], [141.7079, 40.422], [141.7071, 40.4216], [141.7069, 40.4205], [141.707, 40.4218], [141.7059, 40.422], [141.7047, 40.4228], [141.7023, 40.4266], [141.7016, 40.4305], [141.7018, 40.4314], [141.7016, 40.4316], [141.7021, 40.4318], [141.7015, 40.4323], [141.701, 40.4323], [141.6998, 40.433], [141.6971, 40.4334], [141.6965, 40.4337], [141.6944, 40.4349], [141.6937, 40.4355], [141.6929, 40.4371], [141.6909, 40.439], [141.6902, 40.4402], [141.6901, 40.4399], [141.69, 40.4398], [141.6894, 40.4397], [141.6887, 40.4398], [141.6895, 40.4397], [141.6901, 40.4399], [141.6901, 40.4405], [141.6892, 40.4418], [141.6896, 40.4419], [141.6897, 40.4437], [141.6896, 40.4433], [141.6889, 40.4429], [141.6888, 40.4435], [141.6891, 40.4435], [141.6889, 40.4435], [141.6889, 40.444], [141.6894, 40.4438], [141.6893, 40.4435], [141.6894, 40.4438], [141.689, 40.444], [141.6881, 40.445], [141.686, 40.4465], [141.685, 40.448], [141.6832, 40.4491], [141.6828, 40.4497], [141.6826, 40.4505], [141.6809, 40.4497], [141.6802, 40.4496], [141.6795, 40.4497], [141.6789, 40.4494], [141.6776, 40.4495], [141.676, 40.4487], [141.6757, 40.4482], [141.676, 40.4479], [141.6758, 40.4474], [141.6754, 40.4471], [141.6743, 40.4468], [141.6739, 40.4463], [141.6739, 40.4448], [141.6744, 40.4439], [141.6744, 40.4433], [141.6726, 40.4423], [141.672, 40.4406], [141.6716, 40.44], [141.6706, 40.4393], [141.67, 40.4381], [141.6701, 40.4379], [141.6699, 40.4375], [141.6676, 40.436], [141.6667, 40.4359], [141.6608, 40.4339], [141.661, 40.4325], [141.6603, 40.4315], [141.6571, 40.43], [141.6557, 40.4297], [141.6553, 40.4294], [141.6552, 40.4288], [141.6548, 40.4285], [141.6527, 40.4278], [141.6518, 40.428], [141.6507, 40.4279], [141.6495, 40.4282], [141.6483, 40.4282], [141.6478, 40.4286], [141.6475, 40.4284], [141.6471, 40.4285], [141.6452, 40.4273], [141.6442, 40.4263], [141.6422, 40.4253], [141.642, 40.4245], [141.6407, 40.424], [141.6399, 40.4231], [141.6368, 40.4226], [141.6365, 40.4223], [141.6354, 40.4218], [141.6331, 40.4213], [141.6311, 40.4201], [141.6308, 40.4202], [141.6301, 40.4209], [141.6296, 40.421], [141.6285, 40.4206], [141.6278, 40.4208], [141.6269, 40.4206], [141.6248, 40.4207], [141.6243, 40.4209], [141.6218, 40.4207], [141.6206, 40.421], [141.6196, 40.4209], [141.618, 40.4204], [141.6163, 40.4204], [141.6143, 40.4193], [141.614, 40.4183], [141.613, 40.4175], [141.6133, 40.4165], [141.6128, 40.4158], [141.6108, 40.4154], [141.6094, 40.4155], [141.606, 40.4142], [141.6045, 40.4146], [141.6036, 40.4144], [141.6021, 40.4145], [141.601, 40.4142], [141.5992, 40.4135], [141.5975, 40.4133], [141.5947, 40.4122], [141.5933, 40.4108], [141.593, 40.4096], [141.5916, 40.4094], [141.5912, 40.4091], [141.5909, 40.4087], [141.5909, 40.4079], [141.5901, 40.4069], [141.5896, 40.4068], [141.5883, 40.4067], [141.5867, 40.407], [141.5856, 40.4052], [141.5855, 40.4044], [141.5857, 40.4026], [141.5853, 40.4016], [141.5839, 40.4], [141.5833, 40.3996], [141.5821, 40.3992], [141.5814, 40.3986], [141.5817, 40.3969], [141.5813, 40.3951], [141.5816, 40.3937], [141.5812, 40.3921], [141.5831, 40.3914], [141.5847, 40.3895], [141.5842, 40.3877], [141.5832, 40.3855], [141.5826, 40.3848], [141.5833, 40.383], [141.5837, 40.3824], [141.5865, 40.3806], [141.586, 40.3784], [141.5838, 40.3776], [141.5813, 40.3764], [141.581, 40.3761], [141.581, 40.3756], [141.5815, 40.3739], [141.5782, 40.3721], [141.5781, 40.3718], [141.5773, 40.3712], [141.5769, 40.3708], [141.5754, 40.3702], [141.5724, 40.3695], [141.5719, 40.3686], [141.5723, 40.3672], [141.5719, 40.366], [141.5696, 40.3655], [141.568, 40.3638], [141.5644, 40.3622], [141.5638, 40.3616], [141.5622, 40.3611], [141.5607, 40.3607], [141.5583, 40.3608], [141.5576, 40.3612], [141.5564, 40.3614], [141.5554, 40.361], [141.5547, 40.3605], [141.5531, 40.3597], [141.551, 40.3582], [141.5503, 40.3575], [141.5495, 40.356], [141.549, 40.3555], [141.548, 40.3552], [141.5476, 40.3548], [141.5471, 40.3536], [141.5455, 40.3513], [141.5446, 40.3509], [141.5432, 40.3514], [141.5429, 40.3511], [141.5434, 40.3507], [141.5433, 40.3505], [141.5425, 40.3502], [141.5418, 40.3494], [141.5405, 40.3489], [141.5398, 40.3483], [141.5371, 40.3473], [141.5358, 40.3473], [141.536, 40.3487], [141.5347, 40.349], [141.5341, 40.3497], [141.5337, 40.3507], [141.5326, 40.3512], [141.5323, 40.3516], [141.5317, 40.3517], [141.5314, 40.351], [141.5309, 40.3509], [141.5306, 40.3503], [141.5293, 40.3502], [141.5286, 40.3497], [141.5274, 40.3497], [141.5269, 40.3501], [141.5259, 40.35], [141.5253, 40.3501], [141.5246, 40.3505], [141.5242, 40.3511], [141.5238, 40.3515], [141.5217, 40.3515], [141.5209, 40.3518], [141.5205, 40.3517], [141.5189, 40.3516], [141.5181, 40.3518], [141.5173, 40.3523], [141.5166, 40.353], [141.5151, 40.3537], [141.515, 40.354], [141.5138, 40.3551], [141.5128, 40.3563], [141.5122, 40.3568], [141.5114, 40.3584], [141.5101, 40.3588], [141.5092, 40.3596], [141.5087, 40.3606], [141.5078, 40.3614], [141.5079, 40.3624], [141.5077, 40.3629], [141.5066, 40.363], [141.5059, 40.3629], [141.5043, 40.3638], [141.5036, 40.3639], [141.5017, 40.3629], [141.5003, 40.3626], [141.4994, 40.3621], [141.4989, 40.3622], [141.4977, 40.3635], [141.4969, 40.3636], [141.4968, 40.3641], [141.4971, 40.3661], [141.4966, 40.3675], [141.4953, 40.3681], [141.4946, 40.3686], [141.4932, 40.3692], [141.4901, 40.3714], [141.4891, 40.3716], [141.4882, 40.3723], [141.4874, 40.3723], [141.4862, 40.3718], [141.4856, 40.3719], [141.4851, 40.3724], [141.4849, 40.3734], [141.4843, 40.3738], [141.4833, 40.3752], [141.483, 40.3753], [141.4825, 40.375], [141.4814, 40.3748], [141.4807, 40.3749], [141.4803, 40.3762], [141.48, 40.3764], [141.4791, 40.3765], [141.4782, 40.3763], [141.4775, 40.3759], [141.4768, 40.3758], [141.4753, 40.3765], [141.4728, 40.377], [141.472, 40.3765], [141.4718, 40.3761], [141.4714, 40.3761], [141.4685, 40.377], [141.4674, 40.377], [141.4662, 40.3772], [141.4648, 40.3765], [141.4634, 40.3752], [141.4626, 40.3748], [141.4615, 40.3748], [141.4604, 40.3751], [141.4572, 40.3747], [141.4564, 40.3744], [141.4547, 40.3731], [141.4538, 40.373], [141.4522, 40.3733], [141.4514, 40.3733], [141.4506, 40.3736], [141.4481, 40.3734], [141.4472, 40.374], [141.4458, 40.3741], [141.4448, 40.3751], [141.4435, 40.3757], [141.4418, 40.376], [141.4401, 40.3748], [141.4393, 40.374], [141.438, 40.3736], [141.4374, 40.3739], [141.4355, 40.3742], [141.4341, 40.374], [141.434, 40.3737], [141.4343, 40.3728], [141.4337, 40.3713], [141.4324, 40.3692], [141.432, 40.3677], [141.4316, 40.3674], [141.431, 40.3676], [141.4294, 40.3676], [141.4293, 40.3664], [141.4273, 40.3651], [141.4272, 40.3635], [141.4269, 40.3631], [141.4274, 40.3621], [141.4274, 40.3618], [141.4253, 40.3611], [141.4233, 40.3611], [141.4233, 40.3618], [141.4227, 40.3627], [141.423, 40.3634], [141.4204, 40.3636], [141.4193, 40.3634], [141.4157, 40.3616], [141.414, 40.3604], [141.4128, 40.3598], [141.4117, 40.3596], [141.4109, 40.3589], [141.4097, 40.3585], [141.4089, 40.3578], [141.4072, 40.357], [141.4063, 40.3579], [141.4055, 40.3595], [141.4055, 40.361], [141.4042, 40.3613], [141.4043, 40.3619], [141.404, 40.3629], [141.4034, 40.3637], [141.4031, 40.3646], [141.4026, 40.3649], [141.4016, 40.3662], [141.4007, 40.3667], [141.3982, 40.3671], [141.3979, 40.3673], [141.3975, 40.3672], [141.3965, 40.3666], [141.3956, 40.3654], [141.3939, 40.3641], [141.394, 40.3631], [141.3931, 40.3617], [141.393, 40.3608], [141.3928, 40.3607], [141.3921, 40.3607], [141.3904, 40.3601], [141.3899, 40.3598], [141.3892, 40.3592], [141.3892, 40.3588], [141.3886, 40.3579], [141.3886, 40.3575], [141.3889, 40.357], [141.3895, 40.3566], [141.3895, 40.3553], [141.39, 40.3545], [141.3901, 40.3536], [141.3898, 40.3529], [141.3889, 40.3516], [141.3882, 40.3509], [141.3866, 40.3495], [141.3846, 40.3483], [141.3841, 40.3476], [141.3834, 40.347], [141.3815, 40.344], [141.3818, 40.3428], [141.381, 40.3418], [141.3797, 40.3413], [141.3787, 40.3407], [141.3771, 40.3392], [141.3769, 40.3389], [141.3766, 40.3395], [141.3769, 40.3409], [141.3767, 40.3413], [141.3756, 40.3422], [141.3744, 40.3429], [141.3735, 40.3429], [141.3729, 40.3425], [141.3719, 40.3407], [141.371, 40.3398], [141.3703, 40.3386], [141.3651, 40.3369], [141.3631, 40.336], [141.3627, 40.3356], [141.3622, 40.3356], [141.3619, 40.3353], [141.3606, 40.3351], [141.3604, 40.3348], [141.3591, 40.3342], [141.3569, 40.3339], [141.3563, 40.3333], [141.354, 40.3322], [141.3534, 40.3314], [141.353, 40.3312], [141.352, 40.3309], [141.3512, 40.3311], [141.3506, 40.3309], [141.3508, 40.3318], [141.3506, 40.3329], [141.3509, 40.3344], [141.3508, 40.3348], [141.349, 40.3352], [141.3475, 40.3347], [141.3468, 40.3354], [141.3458, 40.3355], [141.3456, 40.3356], [141.3472, 40.3371], [141.3483, 40.3387], [141.3472, 40.3399], [141.3456, 40.3409], [141.344, 40.3415], [141.3423, 40.3416], [141.3404, 40.3422], [141.3397, 40.342], [141.3392, 40.342], [141.3378, 40.3428], [141.3376, 40.3435], [141.3365, 40.3447], [141.3353, 40.3447], [141.3337, 40.3456], [141.3342, 40.3465], [141.3346, 40.3486], [141.3351, 40.3493], [141.3357, 40.3496], [141.3366, 40.3505], [141.3363, 40.3509], [141.3363, 40.3512], [141.3367, 40.3516], [141.3366, 40.3528], [141.3363, 40.3536], [141.337, 40.3554], [141.3367, 40.3561], [141.337, 40.3568], [141.3361, 40.3576], [141.3359, 40.3595], [141.3362, 40.3601], [141.3361, 40.3603], [141.3354, 40.3605], [141.3344, 40.361], [141.3339, 40.3618], [141.3329, 40.3614], [141.3318, 40.3618], [141.3305, 40.3616], [141.3298, 40.3619], [141.3296, 40.3625], [141.3294, 40.3626], [141.3281, 40.3629], [141.328, 40.364], [141.327, 40.3654], [141.3266, 40.3656], [141.3252, 40.3655], [141.3249, 40.3657], [141.3246, 40.367], [141.3249, 40.3684], [141.3246, 40.3696], [141.3244, 40.3699], [141.3233, 40.3703], [141.3203, 40.3701], [141.3201, 40.3704], [141.3205, 40.3711], [141.3194, 40.3713], [141.3177, 40.3719], [141.3172, 40.3724], [141.317, 40.3728], [141.3158, 40.3727], [141.3149, 40.3714], [141.3144, 40.371], [141.3144, 40.3701], [141.3141, 40.3697], [141.3136, 40.3692], [141.3126, 40.3691], [141.3122, 40.3683], [141.311, 40.3676], [141.3104, 40.367], [141.3087, 40.3665], [141.3073, 40.3664], [141.306, 40.3657], [141.3033, 40.3663], [141.3016, 40.3661], [141.3005, 40.3657], [141.2989, 40.3659], [141.298, 40.3657], [141.2972, 40.3655], [141.2967, 40.3649], [141.2959, 40.3646], [141.2951, 40.3639], [141.2935, 40.3632], [141.2935, 40.3629], [141.2947, 40.3626], [141.2954, 40.3621], [141.2958, 40.3613], [141.2958, 40.3604], [141.2952, 40.3596], [141.2931, 40.359], [141.2919, 40.358], [141.2918, 40.3574], [141.293, 40.3539], [141.2928, 40.3528], [141.292, 40.3514], [141.2911, 40.3506], [141.2888, 40.3493], [141.2814, 40.3466], [141.2807, 40.3456], [141.2798, 40.345], [141.2773, 40.3442], [141.2758, 40.3445], [141.2698, 40.3475], [141.2678, 40.3491], [141.2667, 40.3496], [141.2646, 40.3501], [141.2631, 40.3498], [141.2621, 40.3493], [141.2605, 40.3478], [141.2596, 40.3458], [141.2596, 40.3446], [141.2599, 40.3441], [141.261, 40.3435], [141.2606, 40.3425], [141.2598, 40.3419], [141.2586, 40.3418], [141.2577, 40.3419], [141.2571, 40.3416], [141.2555, 40.3417], [141.2543, 40.342], [141.2534, 40.3421], [141.25, 40.3412], [141.2487, 40.3413], [141.2473, 40.3406], [141.2456, 40.3384], [141.2433, 40.3363], [141.2399, 40.3351], [141.2396, 40.3348], [141.2385, 40.3344], [141.2368, 40.3322], [141.2359, 40.3316], [141.2355, 40.3311], [141.2327, 40.33], [141.2325, 40.3296], [141.2325, 40.3285], [141.2323, 40.3283], [141.2314, 40.328], [141.2296, 40.328], [141.2283, 40.3277], [141.2276, 40.3277], [141.2267, 40.328], [141.2264, 40.3279], [141.2254, 40.3267], [141.2254, 40.3255], [141.2241, 40.3247], [141.2239, 40.3236], [141.2236, 40.3229], [141.2224, 40.3217], [141.2213, 40.3202], [141.2202, 40.3196], [141.2188, 40.3183], [141.2186, 40.3171], [141.2189, 40.3156], [141.2184, 40.3153], [141.216, 40.3145], [141.2127, 40.3143], [141.2106, 40.3138], [141.209, 40.314], [141.2069, 40.3123], [141.2051, 40.3124], [141.203, 40.3115], [141.2016, 40.31], [141.2004, 40.3095], [141.1998, 40.3088], [141.199, 40.3083], [141.1983, 40.3082], [141.1977, 40.3077], [141.1949, 40.3079], [141.1941, 40.3078], [141.1937, 40.3074], [141.1933, 40.3074], [141.1911, 40.3079], [141.1891, 40.3073], [141.1873, 40.3078], [141.1867, 40.3076], [141.1854, 40.3076], [141.1834, 40.3082], [141.1825, 40.3087], [141.1816, 40.3088], [141.1803, 40.3086], [141.1794, 40.309], [141.1787, 40.3096], [141.1782, 40.3096], [141.1775, 40.3098], [141.1758, 40.3096], [141.1744, 40.3098], [141.1738, 40.3097], [141.173, 40.3101], [141.1721, 40.3098], [141.1718, 40.3089], [141.1711, 40.3086], [141.1702, 40.3079], [141.1693, 40.3075], [141.169, 40.3065], [141.166, 40.3065], [141.1643, 40.3061], [141.1621, 40.3059], [141.1613, 40.3058], [141.1609, 40.3055], [141.1602, 40.3054], [141.1579, 40.3041], [141.1541, 40.3011], [141.1534, 40.3012], [141.1527, 40.3008], [141.1515, 40.3006], [141.1493, 40.3005], [141.1479, 40.3002], [141.1463, 40.3004], [141.1452, 40.2995], [141.1444, 40.2995], [141.1434, 40.2998], [141.143, 40.2997], [141.1425, 40.2999], [141.1418, 40.2999], [141.1412, 40.3], [141.1409, 40.3], [141.1394, 40.3005], [141.1387, 40.3005], [141.1368, 40.2994], [141.1364, 40.2987], [141.1365, 40.298], [141.1351, 40.2954], [141.1348, 40.295], [141.1335, 40.2943], [141.1311, 40.2943], [141.1293, 40.2938], [141.1281, 40.2933], [141.1274, 40.2932], [141.1262, 40.2922], [141.125, 40.292], [141.1241, 40.2913], [141.1223, 40.291], [141.1219, 40.2906], [141.12, 40.2902], [141.1194, 40.2896], [141.1188, 40.288], [141.1183, 40.2876], [141.1162, 40.2864], [141.1135, 40.2858], [141.1108, 40.2832], [141.1084, 40.2822], [141.1037, 40.2805], [141.103, 40.2805], [141.1002, 40.2809], [141.0998, 40.2807], [141.0996, 40.2802], [141.1105, 40.2611], [141.1105, 40.2608], [141.1102, 40.2607], [141.1084, 40.2605], [141.108, 40.2598], [141.1069, 40.2591], [141.1063, 40.2583], [141.1057, 40.2581], [141.1051, 40.2572], [141.1041, 40.2566], [141.1041, 40.2558], [141.0999, 40.2551], [141.0975, 40.2549], [141.097, 40.2547], [141.0951, 40.2551], [141.0943, 40.255], [141.093, 40.2544], [141.0923, 40.2538], [141.0906, 40.2528], [141.0902, 40.2522], [141.0898, 40.2521], [141.0873, 40.2518], [141.0859, 40.2518], [141.0849, 40.2523], [141.0836, 40.2532], [141.0832, 40.2534], [141.0804, 40.2528], [141.0788, 40.2522], [141.0779, 40.2523], [141.0768, 40.2526], [141.0762, 40.2524], [141.0713, 40.2494], [141.0695, 40.2489], [141.0673, 40.2469], [141.0657, 40.2457], [141.064, 40.2422], [141.0616, 40.2405], [141.0606, 40.2395], [141.0596, 40.2381], [141.0552, 40.2369], [141.0522, 40.237], [141.0503, 40.2365], [141.0484, 40.2367], [141.0464, 40.2372], [141.0448, 40.2369], [141.0424, 40.237], [141.0417, 40.2368], [141.0416, 40.2366], [141.0415, 40.2343], [141.0404, 40.234], [141.0385, 40.233], [141.0371, 40.2326], [141.0354, 40.2316], [141.0333, 40.2296], [141.0324, 40.2293], [141.0312, 40.2292], [141.0298, 40.2276], [141.0285, 40.227], [141.0269, 40.2266], [141.0258, 40.2242], [141.0261, 40.222], [141.0257, 40.2217], [141.0239, 40.2214], [141.0223, 40.2204], [141.0166, 40.2199], [141.0158, 40.2194], [141.0157, 40.2182], [141.0143, 40.2182], [141.013, 40.2178], [141.0123, 40.2178], [141.0117, 40.2179], [141.0106, 40.2189], [141.0099, 40.2191], [141.0089, 40.2189], [141.0059, 40.2181], [141.0026, 40.2204], [141.0019, 40.2206], [141.001, 40.2205], [140.9975, 40.2193], [140.9965, 40.2192], [140.9933, 40.2209], [140.9925, 40.2215], [140.9915, 40.2227], [140.9911, 40.2228], [140.9881, 40.2221], [140.9863, 40.2211], [140.984, 40.2208], [140.9804, 40.2197], [140.9796, 40.2197], [140.9789, 40.2202], [140.9785, 40.2207], [140.978, 40.2226], [140.9776, 40.2228], [140.9766, 40.2229], [140.976, 40.2234], [140.9759, 40.2237], [140.9764, 40.2249], [140.976, 40.2258], [140.9749, 40.2262], [140.9734, 40.2263], [140.9722, 40.2268], [140.9695, 40.2263], [140.9686, 40.2266], [140.9695, 40.2286], [140.9694, 40.2295], [140.9687, 40.2309], [140.9687, 40.2328], [140.9683, 40.2334], [140.9671, 40.2342], [140.9661, 40.2352], [140.967, 40.2357], [140.9674, 40.2362], [140.9671, 40.2379], [140.9656, 40.2394], [140.9638, 40.2405], [140.9628, 40.2408], [140.9595, 40.2414], [140.9583, 40.242], [140.9573, 40.2432], [140.9562, 40.2437], [140.955, 40.2449], [140.9552, 40.2461], [140.955, 40.2477], [140.9527, 40.2471], [140.9512, 40.2469], [140.9469, 40.2469], [140.9444, 40.2461], [140.9436, 40.2451], [140.9432, 40.2433], [140.9405, 40.2408], [140.9402, 40.2403], [140.9413, 40.2367], [140.9412, 40.2342], [140.9408, 40.2325], [140.942, 40.2306], [140.9424, 40.2295], [140.9422, 40.2286], [140.9417, 40.2276], [140.9407, 40.2269], [140.939, 40.2273], [140.937, 40.2273], [140.9359, 40.2269], [140.9342, 40.2261], [140.9306, 40.2265], [140.9284, 40.2262], [140.9258, 40.2261], [140.9244, 40.2259], [140.9215, 40.2251], [140.9194, 40.2239], [140.918, 40.2235], [140.9156, 40.2238], [140.9107, 40.2232], [140.9092, 40.2236], [140.9055, 40.2223], [140.9049, 40.2216], [140.9043, 40.2186], [140.9038, 40.2178], [140.9019, 40.2164], [140.8994, 40.216], [140.898, 40.2155], [140.8958, 40.2139], [140.8958, 40.2137], [140.8962, 40.2134], [140.898, 40.2126], [140.8985, 40.2119], [140.8986, 40.2108], [140.8983, 40.209], [140.8986, 40.2082], [140.8977, 40.2079], [140.8964, 40.2071], [140.8956, 40.2056], [140.8933, 40.2039], [140.892, 40.2022], [140.8909, 40.2016], [140.8904, 40.2011], [140.8897, 40.2009], [140.8894, 40.2006], [140.8894, 40.1994], [140.8901, 40.1982], [140.8912, 40.1971], [140.8915, 40.195], [140.892, 40.194], [140.8919, 40.193], [140.8926, 40.1925], [140.8803, 40.1836], [140.8788, 40.1828], [140.8775, 40.181], [140.8763, 40.1806], [140.8751, 40.1796], [140.8732, 40.179], [140.8724, 40.1782], [140.8692, 40.178], [140.8669, 40.1771], [140.8635, 40.1749], [140.861, 40.1737], [140.8603, 40.1731], [140.8593, 40.1713], [140.8594, 40.1708], [140.8598, 40.1703], [140.8601, 40.1689], [140.8616, 40.1677], [140.8617, 40.1657], [140.8636, 40.1639], [140.8655, 40.1632], [140.8667, 40.1625], [140.8679, 40.1605], [140.8688, 40.1596], [140.8698, 40.1596], [140.8752, 40.1608], [140.8757, 40.1608], [140.8777, 40.1602], [140.8798, 40.1599], [140.8807, 40.16], [140.881, 40.16], [140.8826, 40.1588], [140.8833, 40.1576], [140.8833, 40.1573], [140.8824, 40.1565], [140.8822, 40.1561], [140.8828, 40.1551], [140.8831, 40.1536], [140.8823, 40.151], [140.8809, 40.1498], [140.8794, 40.149], [140.8789, 40.148], [140.8783, 40.1476], [140.877, 40.146], [140.8765, 40.1446], [140.8746, 40.1432], [140.8743, 40.1421], [140.8744, 40.1412], [140.8743, 40.1401], [140.8748, 40.1395], [140.8747, 40.1393], [140.8716, 40.1376], [140.8708, 40.137], [140.8691, 40.135], [140.8687, 40.1339], [140.8669, 40.1323], [140.8673, 40.1305], [140.8687, 40.1292], [140.8692, 40.128], [140.8713, 40.1259], [140.8717, 40.125], [140.8728, 40.1241], [140.8734, 40.1231], [140.8741, 40.1223], [140.8734, 40.1211], [140.8724, 40.1199], [140.8713, 40.1181], [140.8711, 40.1176], [140.8713, 40.1167], [140.8715, 40.1166], [140.8742, 40.1158], [140.8782, 40.1151], [140.8803, 40.1143], [140.881, 40.1138], [140.8806, 40.1131], [140.8806, 40.1123], [140.8792, 40.1109], [140.8793, 40.1083], [140.8797, 40.1069], [140.8794, 40.1056], [140.8781, 40.1052], [140.8774, 40.1052], [140.8774, 40.1041], [140.8769, 40.1021], [140.8773, 40.1004], [140.8769, 40.0996], [140.8772, 40.098], [140.8764, 40.0974], [140.8755, 40.0963], [140.8752, 40.0946], [140.8739, 40.094], [140.8732, 40.0932], [140.8722, 40.0915], [140.8713, 40.091], [140.8702, 40.0909], [140.8683, 40.0899], [140.8667, 40.0884], [140.8653, 40.0866], [140.8641, 40.0856], [140.8628, 40.0849], [140.8617, 40.0849], [140.861, 40.0852], [140.8598, 40.0861], [140.8582, 40.0862], [140.8573, 40.0861], [140.8545, 40.0849], [140.8542, 40.0844], [140.8541, 40.0821], [140.8537, 40.0817], [140.8515, 40.0812], [140.8518, 40.0798], [140.8514, 40.0781], [140.8486, 40.0768], [140.8469, 40.0755], [140.8456, 40.0754], [140.8445, 40.0747], [140.8444, 40.073], [140.8455, 40.0701], [140.8461, 40.0691], [140.8463, 40.0676], [140.8469, 40.0667], [140.8474, 40.065], [140.8487, 40.063], [140.8504, 40.0621], [140.8511, 40.0613], [140.8507, 40.0604], [140.8507, 40.0596], [140.8501, 40.0583], [140.8503, 40.0578], [140.8513, 40.0568], [140.8511, 40.0549], [140.8512, 40.0534], [140.8522, 40.0525], [140.8524, 40.0509], [140.8536, 40.0498], [140.8554, 40.0466], [140.8556, 40.0442], [140.8547, 40.043], [140.8545, 40.0425], [140.8547, 40.0415], [140.8547, 40.04], [140.8553, 40.0384], [140.8553, 40.0375], [140.8544, 40.036], [140.8525, 40.0346], [140.8522, 40.0338], [140.8511, 40.0328], [140.8504, 40.0315], [140.8518, 40.0294], [140.8516, 40.0291], [140.8508, 40.0286], [140.8523, 40.0266], [140.8518, 40.0255], [140.8526, 40.0249], [140.8545, 40.0242], [140.8556, 40.0222], [140.8551, 40.0215], [140.854, 40.021], [140.8534, 40.0205], [140.8531, 40.0187], [140.8532, 40.0182], [140.8539, 40.0172], [140.8547, 40.0164], [140.8556, 40.0159], [140.8559, 40.0155], [140.8554, 40.0139], [140.854, 40.0133], [140.8537, 40.0125], [140.8522, 40.012], [140.8518, 40.0118], [140.8508, 40.0104], [140.8495, 40.0091], [140.8489, 40.0079], [140.8489, 40.0069], [140.8491, 40.0055], [140.8484, 40.0037], [140.8487, 40.003], [140.8497, 40.0021], [140.8508, 39.9996], [140.8509, 39.9988], [140.8505, 39.9957], [140.8508, 39.9938], [140.8494, 39.9893], [140.8481, 39.9879], [140.8483, 39.9865], [140.8467, 39.9762], [140.8463, 39.9755], [140.8454, 39.9751], [140.8453, 39.9749], [140.8463, 39.9734], [140.846, 39.972], [140.8476, 39.9697], [140.8471, 39.9676], [140.847, 39.966], [140.8474, 39.965], [140.8484, 39.9632], [140.8487, 39.9618], [140.8478, 39.9592], [140.8479, 39.9587], [140.8482, 39.9583], [140.85, 39.9582], [140.8512, 39.9576], [140.852, 39.9574], [140.8531, 39.9574], [140.8543, 39.9566], [140.8547, 39.9558], [140.8549, 39.9548], [140.8565, 39.9537], [140.8575, 39.9526], [140.8561, 39.9517], [140.8558, 39.9512], [140.8565, 39.9497], [140.856, 39.9479], [140.8561, 39.9474], [140.857, 39.9446], [140.8566, 39.9439], [140.8552, 39.9425], [140.8532, 39.9415], [140.8535, 39.9402], [140.853, 39.9397], [140.8533, 39.9383], [140.853, 39.937], [140.8523, 39.936], [140.8528, 39.9346], [140.8572, 39.9308], [140.8576, 39.9301], [140.8576, 39.929], [140.8572, 39.9278], [140.8559, 39.9258], [140.856, 39.9244], [140.8547, 39.9233], [140.8588, 39.9202], [140.8628, 39.9176], [140.8644, 39.917], [140.865, 39.9166], [140.8655, 39.9161], [140.8659, 39.9149], [140.8669, 39.9132], [140.8681, 39.9118], [140.8682, 39.9106], [140.868, 39.9093], [140.8684, 39.9078], [140.8679, 39.9035], [140.868, 39.9022], [140.8673, 39.9013], [140.8672, 39.9008], [140.8678, 39.8998], [140.8702, 39.8984], [140.8718, 39.8968], [140.8727, 39.8962], [140.8767, 39.8907], [140.8779, 39.8899], [140.8776, 39.8887], [140.8776, 39.8881], [140.8784, 39.8871], [140.8789, 39.8859], [140.8791, 39.8844], [140.8797, 39.883], [140.8798, 39.8823], [140.8797, 39.881], [140.879, 39.8796], [140.8788, 39.8779], [140.879, 39.8733], [140.8776, 39.874], [140.8735, 39.873], [140.8713, 39.8714], [140.8705, 39.8711], [140.8688, 39.871], [140.8663, 39.8716], [140.8632, 39.8713], [140.859, 39.8703], [140.8583, 39.8703], [140.8576, 39.8699], [140.8569, 39.8691], [140.8563, 39.8673], [140.8552, 39.8669], [140.8537, 39.8659], [140.853, 39.8659], [140.8492, 39.8675], [140.8476, 39.8679], [140.847, 39.8685], [140.8454, 39.8693], [140.8447, 39.8705], [140.8432, 39.8713], [140.843, 39.8714], [140.8432, 39.8717], [140.8447, 39.8729], [140.8446, 39.8734], [140.8442, 39.8736], [140.8418, 39.8746], [140.8404, 39.8749], [140.8388, 39.8755], [140.8379, 39.8758], [140.8372, 39.8757], [140.8353, 39.8748], [140.8338, 39.8749], [140.8323, 39.8753], [140.8321, 39.8756], [140.8328, 39.8768], [140.8342, 39.8779], [140.835, 39.879], [140.8349, 39.8797], [140.8341, 39.881], [140.8331, 39.8818], [140.8327, 39.8823], [140.8318, 39.8823], [140.8302, 39.882], [140.8295, 39.8821], [140.8286, 39.8832], [140.8284, 39.8849], [140.8272, 39.8854], [140.8261, 39.8862], [140.8255, 39.8863], [140.8237, 39.8857], [140.8237, 39.8843], [140.8232, 39.8834], [140.822, 39.8826], [140.8199, 39.8826], [140.8194, 39.8823], [140.8185, 39.882], [140.8179, 39.8821], [140.8171, 39.8825], [140.8166, 39.8824], [140.8162, 39.8817], [140.8158, 39.8808], [140.816, 39.8797], [140.8154, 39.8793], [140.8125, 39.8791], [140.8072, 39.8793], [140.8003, 39.8813], [140.7995, 39.8817], [140.7985, 39.8811], [140.7976, 39.881], [140.7963, 39.8777], [140.7953, 39.8772], [140.7928, 39.8751], [140.7918, 39.8745], [140.7912, 39.8744], [140.7897, 39.8745], [140.7885, 39.8743], [140.7867, 39.8734], [140.7862, 39.8728], [140.7861, 39.872], [140.7846, 39.8715], [140.784, 39.8691], [140.7822, 39.8677], [140.7827, 39.8658], [140.7827, 39.8632], [140.7834, 39.862], [140.783, 39.8609], [140.7831, 39.8606], [140.7838, 39.8603], [140.7849, 39.8603], [140.7873, 39.8593], [140.7876, 39.8591], [140.7875, 39.8588], [140.7869, 39.8583], [140.7839, 39.8565], [140.7839, 39.8562], [140.7859, 39.8547], [140.7869, 39.8535], [140.7885, 39.8524], [140.7887, 39.8509], [140.7891, 39.85], [140.7891, 39.8491], [140.7877, 39.8468], [140.7867, 39.8438], [140.7863, 39.8431], [140.785, 39.8422], [140.786, 39.8407], [140.7863, 39.8398], [140.7863, 39.8389], [140.7858, 39.8377], [140.7861, 39.8348], [140.7858, 39.8343], [140.7847, 39.8334], [140.7841, 39.8324], [140.7831, 39.8316], [140.7832, 39.8289], [140.7834, 39.8284], [140.7846, 39.8276], [140.7883, 39.8265], [140.7875, 39.8258], [140.787, 39.825], [140.7868, 39.8234], [140.7886, 39.8233], [140.7919, 39.8218], [140.7934, 39.8216], [140.7948, 39.8211], [140.7966, 39.8198], [140.7977, 39.8195], [140.7984, 39.819], [140.7987, 39.8184], [140.7988, 39.8174], [140.7992, 39.8169], [140.8016, 39.8165], [140.8038, 39.8152], [140.8047, 39.8153], [140.8056, 39.816], [140.807, 39.8162], [140.8085, 39.8167], [140.8094, 39.8177], [140.8104, 39.8182], [140.8112, 39.8184], [140.812, 39.8184], [140.8126, 39.8181], [140.8156, 39.816], [140.8159, 39.816], [140.8181, 39.8166], [140.8198, 39.8162], [140.822, 39.8151], [140.8227, 39.8145], [140.8231, 39.8139], [140.8244, 39.8104], [140.8251, 39.8097], [140.827, 39.8096], [140.8285, 39.8101], [140.8292, 39.8093], [140.8323, 39.807], [140.8348, 39.8067], [140.8382, 39.8051], [140.8397, 39.8054], [140.8411, 39.8052], [140.8422, 39.804], [140.8422, 39.8032], [140.8434, 39.8025], [140.8439, 39.8006], [140.8455, 39.8001], [140.8476, 39.7974], [140.8473, 39.797], [140.8476, 39.7953], [140.8473, 39.7945], [140.8478, 39.7934], [140.847, 39.7924], [140.8459, 39.7919], [140.8439, 39.7914], [140.8405, 39.789], [140.8393, 39.7878], [140.8389, 39.7871], [140.8388, 39.7865], [140.8383, 39.7862], [140.8368, 39.7844], [140.8369, 39.7836], [140.8349, 39.7821], [140.8346, 39.781], [140.8306, 39.7789], [140.8276, 39.776], [140.8263, 39.7752], [140.8256, 39.7744], [140.8228, 39.7746], [140.8221, 39.7744], [140.8194, 39.7718], [140.819, 39.7702], [140.8179, 39.7678], [140.8172, 39.7667], [140.8162, 39.7657], [140.8167, 39.7642], [140.8159, 39.7628], [140.8152, 39.7622], [140.8132, 39.7613], [140.8111, 39.7597], [140.8106, 39.7595], [140.8086, 39.7595], [140.8054, 39.7565], [140.8054, 39.7563], [140.8068, 39.7538], [140.807, 39.7531], [140.8061, 39.7489], [140.8059, 39.7473], [140.8056, 39.7467], [140.8039, 39.745], [140.8015, 39.7438], [140.7991, 39.742], [140.7981, 39.7417], [140.7972, 39.7412], [140.7889, 39.7385], [140.7872, 39.7381], [140.7854, 39.7379], [140.7833, 39.7383], [140.7808, 39.738], [140.7806, 39.7374], [140.7798, 39.7367], [140.7747, 39.7346], [140.775, 39.7329], [140.7771, 39.733], [140.7786, 39.7329], [140.7798, 39.732], [140.7814, 39.7314], [140.7821, 39.7313], [140.7827, 39.7301], [140.7841, 39.7289], [140.7833, 39.7278], [140.7835, 39.7275], [140.7831, 39.7269], [140.7833, 39.7256], [140.7838, 39.7254], [140.7859, 39.7251], [140.7863, 39.7243], [140.787, 39.724], [140.7872, 39.7234], [140.7884, 39.7234], [140.789, 39.7231], [140.789, 39.7228], [140.788, 39.7215], [140.7882, 39.7204], [140.7882, 39.7197], [140.7895, 39.7191], [140.7897, 39.7186], [140.7896, 39.7178], [140.79, 39.7174], [140.7903, 39.716], [140.7921, 39.7155], [140.7923, 39.714], [140.7937, 39.7127], [140.7936, 39.7119], [140.794, 39.7113], [140.7941, 39.7101], [140.7944, 39.7094], [140.7956, 39.7097], [140.7969, 39.7103], [140.7994, 39.7108], [140.7999, 39.7109], [140.8011, 39.7105], [140.8018, 39.7108], [140.8034, 39.7107], [140.804, 39.7108], [140.8055, 39.7108], [140.8067, 39.7103], [140.8082, 39.709], [140.8098, 39.7081], [140.8103, 39.7071], [140.8105, 39.7058], [140.8092, 39.7037], [140.8091, 39.7026], [140.8088, 39.7019], [140.8099, 39.7014], [140.8102, 39.6996], [140.8099, 39.6983], [140.81, 39.6981], [140.8107, 39.6979], [140.811, 39.6975], [140.8113, 39.6957], [140.8129, 39.6938], [140.8143, 39.6932], [140.8155, 39.6923], [140.8157, 39.6919], [140.8156, 39.691], [140.8167, 39.6907], [140.8198, 39.6893], [140.8203, 39.6889], [140.8211, 39.6878], [140.8223, 39.688], [140.8222, 39.6866], [140.8205, 39.6854], [140.819, 39.6836], [140.8193, 39.6826], [140.8192, 39.6822], [140.8183, 39.6799], [140.8185, 39.6797], [140.8197, 39.6793], [140.8196, 39.6784], [140.8202, 39.6779], [140.8203, 39.6774], [140.8196, 39.6759], [140.8195, 39.6749], [140.8206, 39.6743], [140.8219, 39.6732], [140.8214, 39.6722], [140.8215, 39.6704], [140.8222, 39.67], [140.8226, 39.6689], [140.8223, 39.6678], [140.8229, 39.6655], [140.8222, 39.6644], [140.8215, 39.6619], [140.8213, 39.6607], [140.8215, 39.6593], [140.8207, 39.6583], [140.8211, 39.6566], [140.8207, 39.6545], [140.8202, 39.6535], [140.8202, 39.6528], [140.8217, 39.6511], [140.8221, 39.6499], [140.8215, 39.6494], [140.8197, 39.6486], [140.8187, 39.6474], [140.8182, 39.647], [140.8153, 39.6462], [140.8156, 39.645], [140.8154, 39.644], [140.8135, 39.6416], [140.8134, 39.6404], [140.8126, 39.6394], [140.8116, 39.6367], [140.8094, 39.6341], [140.807, 39.6324], [140.8069, 39.6316], [140.8072, 39.6302], [140.8079, 39.629], [140.8085, 39.6274], [140.808, 39.626], [140.8083, 39.6243], [140.8076, 39.6237], [140.8065, 39.6237], [140.806, 39.6232], [140.805, 39.6221], [140.8044, 39.6209], [140.8036, 39.6202], [140.8025, 39.6188], [140.8038, 39.6167], [140.8042, 39.6155], [140.8047, 39.6135], [140.8047, 39.6122], [140.8045, 39.6118], [140.8037, 39.6114], [140.8037, 39.6102], [140.8011, 39.6072], [140.7996, 39.606], [140.798, 39.6051], [140.7972, 39.6034], [140.7965, 39.6028], [140.7954, 39.6029], [140.7944, 39.6028], [140.7915, 39.6034], [140.7901, 39.6034], [140.7879, 39.6032], [140.7855, 39.6038], [140.7823, 39.6041], [140.7819, 39.6022], [140.7815, 39.6017], [140.7793, 39.6001], [140.7788, 39.5983], [140.7786, 39.5958], [140.7791, 39.5951], [140.7792, 39.5936], [140.7805, 39.5919], [140.7806, 39.5904], [140.7801, 39.5902], [140.7783, 39.5902], [140.7757, 39.591], [140.774, 39.5909], [140.7718, 39.5901], [140.77, 39.5885], [140.7664, 39.5885], [140.7639, 39.5877], [140.7634, 39.5872], [140.7621, 39.5849], [140.7624, 39.5834], [140.762, 39.5826], [140.7605, 39.5811], [140.7591, 39.5788], [140.7577, 39.577], [140.7568, 39.5764], [140.7564, 39.5759], [140.7554, 39.5727], [140.7551, 39.5723], [140.7544, 39.5718], [140.7545, 39.5712], [140.7541, 39.5706], [140.7514, 39.5705], [140.7472, 39.5691], [140.7455, 39.5681], [140.744, 39.5669], [140.7425, 39.5665], [140.7414, 39.566], [140.7411, 39.5656], [140.7401, 39.5654], [140.7387, 39.5653], [140.738, 39.5651], [140.7364, 39.565], [140.7318, 39.5659], [140.7307, 39.5659], [140.7302, 39.5658], [140.7297, 39.5652], [140.7281, 39.5605], [140.7271, 39.5586], [140.7275, 39.5559], [140.728, 39.5552], [140.7294, 39.5542], [140.729, 39.5533], [140.7294, 39.5529], [140.7331, 39.5505], [140.7364, 39.5491], [140.7376, 39.548], [140.7396, 39.5468], [140.7403, 39.5453], [140.7402, 39.5446], [140.7394, 39.5442], [140.7393, 39.5439], [140.7393, 39.5433], [140.7398, 39.5418], [140.7396, 39.5405], [140.7407, 39.5385], [140.7413, 39.5362], [140.7403, 39.5343], [140.7392, 39.5334], [140.7387, 39.5322], [140.7388, 39.5301], [140.738, 39.5261], [140.7381, 39.5252], [140.7379, 39.5242], [140.7382, 39.5232], [140.7379, 39.5225], [140.737, 39.5217], [140.7365, 39.5215], [140.7336, 39.5216], [140.7322, 39.5224], [140.7315, 39.5224], [140.7305, 39.5216], [140.7293, 39.5211], [140.7282, 39.5204], [140.7275, 39.5201], [140.7263, 39.52], [140.7254, 39.519], [140.7247, 39.5186], [140.7247, 39.5171], [140.7238, 39.5161], [140.7238, 39.5152], [140.7236, 39.5148], [140.7228, 39.5142], [140.7211, 39.514], [140.7243, 39.5111], [140.7241, 39.5104], [140.7234, 39.509], [140.7237, 39.508], [140.7237, 39.5064], [140.7234, 39.5055], [140.7238, 39.5047], [140.7237, 39.5043], [140.7227, 39.5041], [140.7204, 39.5048], [140.7198, 39.5048], [140.7174, 39.5017], [140.7136, 39.4991], [140.7138, 39.4961], [140.7136, 39.4953], [140.7131, 39.4942], [140.7152, 39.4926], [140.716, 39.4913], [140.7169, 39.4889], [140.7178, 39.4884], [140.7185, 39.4876], [140.7188, 39.4867], [140.719, 39.4848], [140.7203, 39.4845], [140.7214, 39.4835], [140.7227, 39.4831], [140.7232, 39.482], [140.7244, 39.4807], [140.7213, 39.4786], [140.7193, 39.4789], [140.7164, 39.4786], [140.7148, 39.4774], [140.7136, 39.4773], [140.7128, 39.477], [140.712, 39.4758], [140.7091, 39.4753], [140.7067, 39.4742], [140.706, 39.4735], [140.7056, 39.4722], [140.7039, 39.4712], [140.7035, 39.4707], [140.7018, 39.4703], [140.6999, 39.469], [140.6987, 39.4684], [140.6981, 39.4679], [140.6975, 39.4671], [140.6968, 39.4665], [140.6956, 39.4662], [140.6927, 39.4658], [140.6909, 39.4651], [140.6895, 39.4649], [140.6893, 39.4639], [140.6882, 39.4625], [140.6874, 39.4604], [140.6852, 39.4593], [140.6845, 39.4582], [140.6835, 39.4572], [140.6828, 39.4571], [140.6825, 39.4575], [140.6819, 39.4573], [140.6819, 39.4566], [140.6808, 39.4547], [140.6809, 39.4531], [140.6788, 39.452], [140.6781, 39.4503], [140.678, 39.4494], [140.6777, 39.4489], [140.6769, 39.4485], [140.6767, 39.4478], [140.6776, 39.4452], [140.6784, 39.4451], [140.6792, 39.4448], [140.6802, 39.4438], [140.6803, 39.443], [140.6813, 39.4426], [140.6823, 39.4419], [140.6829, 39.4412], [140.6844, 39.4385], [140.6855, 39.4374], [140.6858, 39.4355], [140.6863, 39.4342], [140.6862, 39.4328], [140.6857, 39.4316], [140.6857, 39.4304], [140.6848, 39.4291], [140.6846, 39.4279], [140.6839, 39.4268], [140.6841, 39.4259], [140.685, 39.4251], [140.685, 39.4245], [140.6836, 39.4225], [140.6833, 39.4218], [140.682, 39.4208], [140.6808, 39.418], [140.6795, 39.417], [140.6792, 39.4171], [140.679, 39.4179], [140.6769, 39.419], [140.6763, 39.4187], [140.6757, 39.4176], [140.675, 39.417], [140.6731, 39.4169], [140.6716, 39.4175], [140.6707, 39.4177], [140.6698, 39.4176], [140.668, 39.4167], [140.6669, 39.4165], [140.6635, 39.415], [140.6606, 39.4145], [140.6584, 39.4151], [140.6573, 39.4118], [140.6574, 39.4111], [140.6592, 39.4092], [140.6615, 39.4085], [140.6629, 39.4083], [140.6628, 39.4074], [140.6619, 39.4056], [140.6622, 39.405], [140.6635, 39.404], [140.6635, 39.4037], [140.663, 39.4029], [140.6621, 39.4024], [140.6617, 39.4018], [140.659, 39.4005], [140.658, 39.3995], [140.6579, 39.3992], [140.6581, 39.3979], [140.6572, 39.3973], [140.6569, 39.3959], [140.6559, 39.3951], [140.6558, 39.3943], [140.6554, 39.3941], [140.6545, 39.3941], [140.6531, 39.3912], [140.6534, 39.3908], [140.6555, 39.3895], [140.6561, 39.3892], [140.6569, 39.3891], [140.6579, 39.3886], [140.6585, 39.3875], [140.6595, 39.3871], [140.6606, 39.386], [140.6628, 39.3861], [140.6635, 39.3857], [140.6649, 39.3854], [140.6652, 39.3852], [140.6654, 39.3844], [140.6659, 39.3841], [140.669, 39.384], [140.6695, 39.3842], [140.6701, 39.385], [140.6705, 39.3853], [140.6726, 39.3852], [140.6743, 39.3858], [140.6749, 39.3859], [140.6756, 39.3856], [140.677, 39.3841], [140.6788, 39.3832], [140.679, 39.382], [140.6799, 39.3815], [140.679, 39.3802], [140.679, 39.3796], [140.6785, 39.3789], [140.6792, 39.378], [140.6791, 39.3773], [140.6782, 39.3762], [140.678, 39.3756], [140.6781, 39.3742], [140.6787, 39.3736], [140.6775, 39.3728], [140.6769, 39.3717], [140.676, 39.3713], [140.6755, 39.3692], [140.6756, 39.3685], [140.6764, 39.3682], [140.6766, 39.3673], [140.6773, 39.3664], [140.6778, 39.3663], [140.6789, 39.3663], [140.6797, 39.3652], [140.6816, 39.3644], [140.6822, 39.3624], [140.6826, 39.3619], [140.6853, 39.3615], [140.6871, 39.3599], [140.6882, 39.3593], [140.6926, 39.3584], [140.6927, 39.358], [140.6906, 39.3554], [140.6903, 39.3537], [140.6897, 39.3529], [140.6893, 39.352], [140.6882, 39.3515], [140.6879, 39.3511], [140.6879, 39.3507], [140.6884, 39.3497], [140.6882, 39.3483], [140.6883, 39.3476], [140.6895, 39.3469], [140.6901, 39.3462], [140.6925, 39.3445], [140.6943, 39.3447], [140.6952, 39.3453], [140.6962, 39.3452], [140.6972, 39.3452], [140.7004, 39.3436], [140.7019, 39.3438], [140.7033, 39.3434], [140.7039, 39.3428], [140.7034, 39.3404], [140.705, 39.3401], [140.7057, 39.3395], [140.7062, 39.3383], [140.7059, 39.3372], [140.7062, 39.3356], [140.7068, 39.3349], [140.7074, 39.3347], [140.708, 39.3347], [140.7082, 39.3344], [140.7084, 39.3328], [140.7093, 39.33], [140.7084, 39.3298], [140.7058, 39.3296], [140.7037, 39.3287], [140.7004, 39.3288], [140.6985, 39.3284], [140.6989, 39.3272], [140.6985, 39.326], [140.6976, 39.3247], [140.6975, 39.324], [140.698, 39.3236], [140.6975, 39.322], [140.6964, 39.3211], [140.6941, 39.3197], [140.6942, 39.3184], [140.6939, 39.3174], [140.6927, 39.3157], [140.6926, 39.3139], [140.6927, 39.3135], [140.6931, 39.3133], [140.6949, 39.3129], [140.6956, 39.3126], [140.6971, 39.3103], [140.6958, 39.3074], [140.6952, 39.3069], [140.6949, 39.3062], [140.694, 39.3056], [140.6937, 39.3046], [140.6933, 39.3044], [140.693, 39.3038], [140.6928, 39.303], [140.6934, 39.3], [140.6961, 39.3005], [140.6987, 39.2996], [140.7001, 39.3002], [140.7018, 39.2999], [140.7021, 39.3], [140.7033, 39.3016], [140.7039, 39.3019], [140.7043, 39.3017], [140.7052, 39.3001], [140.7073, 39.2988], [140.7081, 39.2981], [140.7084, 39.2971], [140.7101, 39.2965], [140.7107, 39.2961], [140.7111, 39.296], [140.7117, 39.2965], [140.712, 39.2966], [140.7148, 39.2966], [140.7153, 39.2963], [140.7155, 39.2958], [140.7171, 39.2965], [140.7173, 39.2964], [140.7185, 39.2952], [140.7188, 39.2941], [140.7183, 39.291], [140.7175, 39.2907], [140.7162, 39.2896], [140.7169, 39.2893], [140.717, 39.2875], [140.7175, 39.287], [140.7171, 39.2857], [140.7177, 39.2848], [140.7176, 39.2834], [140.7169, 39.2818], [140.7177, 39.2807], [140.7176, 39.2801], [140.7166, 39.2778], [140.7172, 39.2772], [140.7181, 39.2767], [140.7178, 39.2753], [140.7181, 39.2748], [140.7186, 39.2745], [140.7178, 39.2735], [140.7178, 39.2727], [140.719, 39.2721], [140.7204, 39.2719], [140.7231, 39.2722], [140.7243, 39.2706], [140.7247, 39.2703], [140.7252, 39.2702], [140.7279, 39.2703], [140.7281, 39.2694], [140.7313, 39.2676], [140.7324, 39.2674], [140.7329, 39.2665], [140.7349, 39.2664], [140.7363, 39.2667], [140.7366, 39.2666], [140.7378, 39.2655], [140.739, 39.2639], [140.74, 39.2632], [140.7422, 39.2626], [140.7436, 39.2619], [140.745, 39.2619], [140.7457, 39.2616], [140.7465, 39.2619], [140.7473, 39.2627], [140.7487, 39.2627], [140.7501, 39.2629], [140.7514, 39.2628], [140.7512, 39.262], [140.7509, 39.2615], [140.7519, 39.2598], [140.7527, 39.2596], [140.7531, 39.2589], [140.7535, 39.2576], [140.7546, 39.2573], [140.7551, 39.257], [140.7568, 39.2548], [140.7579, 39.2544], [140.7594, 39.2543], [140.7615, 39.2549], [140.7621, 39.2544], [140.7625, 39.2536], [140.7643, 39.2535], [140.7647, 39.253], [140.7656, 39.2517], [140.7662, 39.2512], [140.7666, 39.2512], [140.7688, 39.2526], [140.7692, 39.2519], [140.7693, 39.251], [140.7703, 39.249], [140.7709, 39.2486], [140.7722, 39.2469], [140.7745, 39.2455], [140.7759, 39.2443], [140.7766, 39.2423], [140.7771, 39.2417], [140.7789, 39.2413], [140.78, 39.2405], [140.7813, 39.24], [140.7846, 39.2392], [140.7879, 39.2388], [140.7886, 39.2385], [140.7883, 39.2375], [140.787, 39.2363], [140.7865, 39.2349], [140.7859, 39.2343], [140.7864, 39.2335], [140.7861, 39.2306], [140.7872, 39.229], [140.7876, 39.2268], [140.786, 39.2264], [140.7844, 39.2255], [140.7831, 39.2255], [140.7814, 39.225], [140.7803, 39.2243], [140.7786, 39.2241], [140.777, 39.2236], [140.7754, 39.2236], [140.774, 39.2233], [140.7708, 39.2237], [140.77, 39.2236], [140.7692, 39.2222], [140.7694, 39.2212], [140.7692, 39.2197], [140.7688, 39.2193], [140.7682, 39.219], [140.7671, 39.2191], [140.7661, 39.2188], [140.7657, 39.2162], [140.7649, 39.2151], [140.7638, 39.2145], [140.7633, 39.2137], [140.7626, 39.2132], [140.7627, 39.2126], [140.7631, 39.2121], [140.7633, 39.2116], [140.7648, 39.2107], [140.7655, 39.2093], [140.7665, 39.2085], [140.7669, 39.2062], [140.7675, 39.205], [140.7674, 39.2043], [140.7666, 39.2034], [140.7664, 39.2027], [140.7668, 39.2017], [140.7665, 39.2001], [140.7662, 39.1996], [140.7648, 39.1986], [140.7647, 39.1983], [140.7648, 39.1978], [140.7694, 39.195], [140.7712, 39.1935], [140.7726, 39.1941], [140.7737, 39.1943], [140.7778, 39.1948], [140.779, 39.1946], [140.781, 39.1921], [140.7824, 39.1916], [140.7836, 39.1914], [140.7862, 39.1903], [140.7875, 39.1891], [140.7886, 39.1886], [140.7899, 39.1887], [140.7915, 39.1893], [140.7957, 39.1903], [140.7967, 39.1903], [140.7985, 39.1893], [140.7991, 39.1886], [140.7997, 39.1882], [140.8003, 39.1873], [140.801, 39.1868], [140.8016, 39.1859], [140.8038, 39.1842], [140.8044, 39.1837], [140.8058, 39.1833], [140.8068, 39.1823], [140.8083, 39.1802], [140.8076, 39.1793], [140.8078, 39.1783], [140.8069, 39.1782], [140.8055, 39.1772], [140.8031, 39.1762], [140.7998, 39.1752], [140.7987, 39.1754], [140.7975, 39.1764], [140.7965, 39.1767], [140.7961, 39.1766], [140.7926, 39.1741], [140.7902, 39.1737], [140.7897, 39.1735], [140.7888, 39.1727], [140.7881, 39.1724], [140.7882, 39.1719], [140.7877, 39.1706], [140.7857, 39.1672], [140.7844, 39.1663], [140.7838, 39.1653], [140.7807, 39.1665], [140.7797, 39.1671], [140.7787, 39.1687], [140.7767, 39.1684], [140.7752, 39.1676], [140.7743, 39.1675], [140.7735, 39.1655], [140.7727, 39.1648], [140.7717, 39.163], [140.7709, 39.1607], [140.771, 39.1594], [140.7676, 39.1562], [140.7664, 39.1554], [140.7662, 39.1549], [140.7667, 39.1544], [140.766, 39.1537], [140.7659, 39.1526], [140.764, 39.1509], [140.7634, 39.1496], [140.7621, 39.1488], [140.7612, 39.1477], [140.76, 39.1467], [140.7593, 39.1442], [140.7585, 39.1438], [140.7559, 39.1437], [140.7528, 39.1427], [140.7515, 39.1414], [140.7497, 39.1408], [140.7494, 39.1394], [140.7495, 39.1388], [140.7489, 39.1382], [140.749, 39.138], [140.7495, 39.1379], [140.7499, 39.1372], [140.7503, 39.1361], [140.7504, 39.1348], [140.7511, 39.1341], [140.7511, 39.1335], [140.7515, 39.1332], [140.7521, 39.133], [140.7529, 39.1332], [140.7541, 39.1331], [140.7557, 39.1327], [140.7571, 39.133], [140.7588, 39.133], [140.7607, 39.1298], [140.7622, 39.1291], [140.7631, 39.1284], [140.7676, 39.1267], [140.7685, 39.1258], [140.7699, 39.1251], [140.7706, 39.1243], [140.7668, 39.1204], [140.7646, 39.1199], [140.7623, 39.1186], [140.7606, 39.1183], [140.7574, 39.1187], [140.756, 39.1187], [140.7562, 39.1167], [140.7561, 39.1162], [140.7566, 39.1138], [140.7567, 39.1124], [140.7604, 39.1122], [140.7607, 39.1121], [140.7617, 39.111], [140.7619, 39.1097], [140.7631, 39.1091], [140.7633, 39.1088], [140.7629, 39.1085], [140.7627, 39.1078], [140.7622, 39.1074], [140.7624, 39.1064], [140.7614, 39.1062], [140.7611, 39.1059], [140.7605, 39.1053], [140.7603, 39.1043], [140.7593, 39.1034], [140.7594, 39.1027], [140.7584, 39.1], [140.7582, 39.0996], [140.7573, 39.0989], [140.7562, 39.0972], [140.7564, 39.0954], [140.7573, 39.094], [140.7559, 39.0922], [140.7536, 39.0912], [140.7533, 39.0909], [140.7528, 39.0895], [140.753, 39.0862], [140.7556, 39.0855], [140.7574, 39.0855], [140.7582, 39.0854], [140.7588, 39.0847], [140.7592, 39.0833], [140.7609, 39.0828], [140.7622, 39.0818], [140.763, 39.0807], [140.7632, 39.0805], [140.7637, 39.0805], [140.7653, 39.0812], [140.7662, 39.0812], [140.7669, 39.0808], [140.7677, 39.0797], [140.7703, 39.0789], [140.772, 39.0788], [140.7744, 39.0794], [140.775, 39.0799], [140.7757, 39.0809], [140.7772, 39.0816], [140.7775, 39.0822], [140.7783, 39.0822], [140.7819, 39.0816], [140.7829, 39.0795], [140.7833, 39.0791], [140.7839, 39.079], [140.7855, 39.0793], [140.7875, 39.0786], [140.7894, 39.0785], [140.7909, 39.0783], [140.7915, 39.0781], [140.7929, 39.0774], [140.7948, 39.077], [140.7962, 39.0777], [140.7978, 39.0777], [140.7994, 39.0768], [140.8003, 39.0768], [140.8011, 39.0776], [140.8019, 39.0778], [140.8017, 39.0767], [140.8018, 39.0763], [140.8009, 39.0741], [140.8019, 39.0741], [140.8024, 39.0739], [140.8037, 39.0727], [140.8039, 39.0722], [140.8039, 39.0716], [140.8043, 39.0707], [140.8034, 39.0699], [140.8033, 39.069], [140.8038, 39.0672], [140.8033, 39.0669], [140.8021, 39.0667], [140.8018, 39.0656], [140.8005, 39.0648], [140.7992, 39.0633], [140.7993, 39.0621], [140.799, 39.0613], [140.7994, 39.0606], [140.8, 39.06], [140.8007, 39.0598], [140.8025, 39.0587], [140.8032, 39.0586], [140.804, 39.0581], [140.8051, 39.0578], [140.8067, 39.0583], [140.8098, 39.0579], [140.8103, 39.0573], [140.809, 39.0566], [140.807, 39.055], [140.806, 39.0548], [140.8053, 39.0533], [140.8045, 39.053], [140.8045, 39.0526], [140.8049, 39.0523], [140.8042, 39.0516], [140.8036, 39.0506], [140.8033, 39.0504], [140.8007, 39.0496], [140.8009, 39.0485], [140.8009, 39.0481], [140.8002, 39.0471], [140.7991, 39.0464], [140.7991, 39.0444], [140.7979, 39.0441], [140.7966, 39.043], [140.7952, 39.0426], [140.7945, 39.0421], [140.7934, 39.0418], [140.7941, 39.0401], [140.7952, 39.0385], [140.7951, 39.0378], [140.7953, 39.0375], [140.796, 39.0365], [140.7958, 39.0356], [140.7954, 39.0351], [140.7945, 39.0341], [140.7931, 39.0333], [140.7929, 39.0318], [140.7946, 39.0309], [140.795, 39.0301], [140.7951, 39.0295], [140.7945, 39.0288], [140.7933, 39.0285], [140.7925, 39.028], [140.792, 39.0267], [140.7908, 39.0252], [140.7905, 39.0238], [140.7855, 39.0215], [140.785, 39.0202], [140.784, 39.0189], [140.7834, 39.0167], [140.7815, 39.0154], [140.7798, 39.0148], [140.7797, 39.0142], [140.7803, 39.013], [140.7786, 39.0082], [140.7763, 39.0069], [140.7741, 39.0052], [140.7685, 39.0035], [140.7688, 39.0024], [140.7685, 39.0012], [140.7669, 39.0008], [140.7648, 39.0006], [140.7641, 39.0002], [140.7646, 38.9993], [140.7644, 38.997], [140.7645, 38.9965], [140.7672, 38.9957], [140.7677, 38.9953], [140.7678, 38.9949], [140.767, 38.9927], [140.767, 38.9918], [140.7649, 38.9907], [140.7639, 38.9893], [140.764, 38.9884], [140.7649, 38.9874], [140.7646, 38.9858], [140.7647, 38.9853], [140.765, 38.9849], [140.7686, 38.9824], [140.7693, 38.9793], [140.7703, 38.9759], [140.7728, 38.974], [140.7744, 38.9715], [140.7749, 38.9705], [140.7746, 38.9689], [140.7735, 38.9682], [140.773, 38.9672], [140.7721, 38.9669], [140.7721, 38.9665], [140.7714, 38.9659], [140.7718, 38.9649], [140.7734, 38.9623], [140.7748, 38.9607], [140.7747, 38.9602], [140.774, 38.9594], [140.7737, 38.9582], [140.7751, 38.9583], [140.7756, 38.9584], [140.7771, 38.9596], [140.7808, 38.9585], [140.7824, 38.9586], [140.7834, 38.9593], [140.784, 38.9594], [140.7856, 38.9602], [140.7863, 38.9607], [140.7892, 38.9613], [140.7901, 38.9619], [140.7922, 38.9628], [140.7937, 38.964], [140.7987, 38.9628], [140.8001, 38.962], [140.8008, 38.9619], [140.8053, 38.9634], [140.8065, 38.9631], [140.8074, 38.963], [140.8095, 38.9634], [140.8109, 38.9643], [140.8127, 38.9641], [140.8141, 38.9643], [140.8154, 38.9643], [140.8187, 38.9639], [140.8205, 38.9639], [140.8213, 38.9637], [140.8225, 38.9639], [140.8241, 38.9644], [140.8248, 38.9643], [140.8256, 38.9633], [140.8307, 38.9609], [140.8319, 38.9601], [140.8323, 38.9595], [140.8338, 38.9588], [140.8365, 38.9583], [140.8373, 38.9579], [140.8379, 38.9571], [140.8381, 38.9554], [140.8407, 38.9507], [140.842, 38.9497], [140.8434, 38.9489], [140.8484, 38.9476], [140.8492, 38.9472], [140.8504, 38.9457], [140.8524, 38.9455], [140.8541, 38.9445], [140.8546, 38.9438], [140.8554, 38.9435], [140.8573, 38.9433], [140.8591, 38.9423], [140.8611, 38.9419], [140.8625, 38.942], [140.8635, 38.9419], [140.8644, 38.9418], [140.865, 38.9415], [140.8662, 38.9396], [140.8687, 38.9385], [140.8713, 38.936], [140.8729, 38.9349], [140.8741, 38.9331], [140.8738, 38.9327], [140.8737, 38.9322], [140.8755, 38.9311], [140.8773, 38.9307], [140.878, 38.9305], [140.8784, 38.9301], [140.8786, 38.93], [140.8788, 38.9303], [140.8793, 38.9303], [140.8811, 38.9298], [140.8812, 38.9296], [140.8813, 38.9282], [140.8816, 38.9279], [140.8833, 38.928], [140.8835, 38.9277], [140.8848, 38.9274], [140.8855, 38.9278], [140.8857, 38.9282], [140.8868, 38.9289], [140.8873, 38.9289], [140.889, 38.9283], [140.8897, 38.9284], [140.891, 38.9279], [140.8929, 38.9278], [140.894, 38.9275], [140.8962, 38.9279], [140.898, 38.928], [140.9001, 38.9291], [140.9009, 38.9287], [140.9013, 38.9287], [140.9038, 38.9291], [140.9048, 38.9286], [140.9052, 38.9286], [140.9063, 38.9277], [140.9067, 38.9275], [140.9072, 38.9274], [140.9087, 38.9277], [140.9106, 38.9271], [140.9121, 38.9261], [140.9122, 38.9255], [140.9129, 38.9251], [140.9125, 38.9244], [140.9126, 38.9235], [140.9135, 38.9224], [140.9129, 38.9206], [140.9131, 38.9204], [140.9148, 38.9205], [140.9151, 38.9202], [140.9143, 38.9168], [140.9154, 38.917], [140.9157, 38.9165], [140.9163, 38.9162], [140.9169, 38.9165], [140.9204, 38.9164], [140.9207, 38.916], [140.9208, 38.9153], [140.9214, 38.9146], [140.922, 38.9144], [140.9221, 38.9146], [140.922, 38.9162], [140.9223, 38.9168], [140.9222, 38.9186], [140.9232, 38.9189], [140.9235, 38.9197], [140.9246, 38.9208], [140.9257, 38.9213], [140.9265, 38.9214], [140.9279, 38.9209], [140.9315, 38.9203], [140.9311, 38.9196], [140.9313, 38.9189], [140.9309, 38.9177], [140.932, 38.917], [140.9325, 38.9163], [140.9334, 38.9165], [140.934, 38.9164], [140.9342, 38.9161], [140.9341, 38.9155], [140.9348, 38.915], [140.9378, 38.9149], [140.9382, 38.9152], [140.9384, 38.9159], [140.9396, 38.9163], [140.9407, 38.9157], [140.9427, 38.9154], [140.9435, 38.915], [140.945, 38.9131], [140.9445, 38.9126], [140.9443, 38.9122], [140.9459, 38.9113], [140.9468, 38.9103], [140.9471, 38.9103], [140.9484, 38.9107], [140.9495, 38.9113], [140.9507, 38.9096], [140.9512, 38.9095], [140.9546, 38.9098], [140.9569, 38.9085], [140.9576, 38.9083], [140.9581, 38.9077], [140.959, 38.9073], [140.96, 38.9064], [140.9616, 38.9058], [140.9615, 38.9042], [140.9617, 38.9037], [140.9619, 38.9025], [140.9623, 38.9023], [140.9638, 38.9023], [140.9647, 38.9021], [140.9658, 38.9011], [140.9661, 38.9006], [140.966, 38.8988], [140.9662, 38.8982], [140.969, 38.8957], [140.9709, 38.8947], [140.9709, 38.8931], [140.9712, 38.8922], [140.9723, 38.8914], [140.9726, 38.8907], [140.9716, 38.8896], [140.9713, 38.8884], [140.9703, 38.8881], [140.9716, 38.8873], [140.9723, 38.8874], [140.9733, 38.887], [140.9745, 38.8871], [140.9753, 38.8859], [140.9764, 38.8857], [140.9771, 38.8858], [140.9775, 38.8855], [140.9778, 38.885], [140.9777, 38.8838], [140.9799, 38.8838], [140.9806, 38.8832], [140.9807, 38.8814], [140.9841, 38.88], [140.9841, 38.8798], [140.9836, 38.8795], [140.9826, 38.8793], [140.9824, 38.8788], [140.9835, 38.8778], [140.9844, 38.8761], [140.9854, 38.8754], [140.9884, 38.875], [140.9893, 38.8743], [140.9897, 38.8743], [140.9909, 38.8749], [140.9916, 38.8751], [140.9918, 38.8758], [140.9941, 38.877], [140.9944, 38.8787], [140.995, 38.8798], [140.9958, 38.8807], [140.9985, 38.8808], [141, 38.8815], [141.0012, 38.8815], [141.0024, 38.8811], [141.0027, 38.8802], [141.003, 38.8797], [141.0041, 38.8789], [141.005, 38.8787], [141.0055, 38.8787], [141.0065, 38.8792], [141.0077, 38.8807], [141.0086, 38.8808], [141.009, 38.8814], [141.0099, 38.8817], [141.0112, 38.8806], [141.0135, 38.8809], [141.0141, 38.8821], [141.0167, 38.8847], [141.019, 38.8853], [141.0205, 38.8863], [141.0209, 38.8865], [141.0215, 38.8862], [141.0213, 38.8852], [141.0214, 38.8837], [141.0208, 38.8836], [141.0207, 38.8833], [141.0214, 38.883], [141.0222, 38.8813], [141.0225, 38.8811], [141.0235, 38.8809], [141.0241, 38.8811], [141.0244, 38.8816], [141.0243, 38.8822], [141.025, 38.883], [141.0254, 38.8831], [141.0262, 38.8828], [141.0275, 38.8834], [141.0282, 38.8835], [141.03, 38.8833], [141.0306, 38.8826], [141.0314, 38.881], [141.0328, 38.8802], [141.033, 38.8789], [141.0326, 38.878], [141.0346, 38.8773], [141.0355, 38.8775], [141.0368, 38.8768], [141.0372, 38.8767], [141.0389, 38.8768], [141.0399, 38.8774], [141.0429, 38.8766], [141.0434, 38.8766], [141.0444, 38.878], [141.0458, 38.8789], [141.0458, 38.8791], [141.0453, 38.8794], [141.0455, 38.88], [141.0458, 38.8802], [141.0466, 38.8803], [141.0473, 38.8812], [141.0487, 38.8811], [141.049, 38.8817], [141.0495, 38.8817], [141.05, 38.8825], [141.0509, 38.8827], [141.0519, 38.8833], [141.0532, 38.8824], [141.0538, 38.8817], [141.0546, 38.8823], [141.0551, 38.8819], [141.0566, 38.8822], [141.0575, 38.8819], [141.0586, 38.8825], [141.0606, 38.8831], [141.0608, 38.8833], [141.0608, 38.8838], [141.0615, 38.8838], [141.065, 38.8825], [141.066, 38.8828], [141.0668, 38.8822], [141.069, 38.8814], [141.0712, 38.882], [141.0723, 38.8813], [141.0729, 38.8804], [141.0735, 38.88], [141.074, 38.8797], [141.075, 38.8796], [141.0789, 38.8813], [141.081, 38.8814], [141.0816, 38.8819], [141.0818, 38.8826], [141.0849, 38.8837], [141.0867, 38.8836], [141.0888, 38.8837], [141.0893, 38.8843], [141.0893, 38.8849], [141.0905, 38.8857], [141.0916, 38.8874], [141.0922, 38.8878], [141.0932, 38.8878], [141.0944, 38.8875], [141.0949, 38.8865], [141.0964, 38.8862], [141.0975, 38.8855], [141.0981, 38.8853], [141.0985, 38.8848], [141.0995, 38.8851], [141.1008, 38.8851], [141.1017, 38.8847], [141.1023, 38.885], [141.1029, 38.8849], [141.1028, 38.8847], [141.1025, 38.8843], [141.1026, 38.8841], [141.1032, 38.8837], [141.1025, 38.8819], [141.1028, 38.8806], [141.1033, 38.8802], [141.1047, 38.8798], [141.105, 38.8792], [141.1064, 38.8785], [141.1073, 38.8776], [141.1079, 38.8777], [141.1087, 38.8784], [141.1092, 38.8786], [141.1104, 38.8787], [141.1112, 38.8786], [141.1118, 38.8783], [141.1138, 38.8781], [141.1145, 38.8793], [141.1161, 38.8793], [141.1168, 38.8807], [141.1181, 38.8807], [141.1183, 38.8806], [141.1183, 38.8802], [141.1189, 38.88], [141.1213, 38.8803], [141.123, 38.8801], [141.1239, 38.8806], [141.1248, 38.88], [141.1249, 38.8796], [141.1255, 38.8794], [141.1261, 38.8794], [141.1267, 38.8799], [141.1271, 38.8796], [141.1273, 38.8795], [141.1286, 38.8796], [141.1295, 38.8795], [141.1312, 38.8786], [141.133, 38.8782], [141.1337, 38.8777], [141.1345, 38.8775], [141.1354, 38.8768], [141.1382, 38.8771], [141.1398, 38.8776], [141.1412, 38.8743], [141.143, 38.8724], [141.1434, 38.8703], [141.145, 38.8698], [141.146, 38.8691], [141.1456, 38.8684], [141.146, 38.8663], [141.1455, 38.8658], [141.1454, 38.8645], [141.1457, 38.8632], [141.1466, 38.8628], [141.1469, 38.8598], [141.1455, 38.8583], [141.146, 38.8577], [141.1464, 38.8559], [141.1451, 38.8551], [141.1445, 38.8544], [141.1442, 38.8544], [141.144, 38.8541], [141.1431, 38.8536], [141.1405, 38.8511], [141.1396, 38.8506], [141.1396, 38.8501], [141.1382, 38.8483], [141.1381, 38.8475], [141.1376, 38.8474], [141.1351, 38.8461], [141.1331, 38.8454], [141.1323, 38.8449], [141.1303, 38.8422], [141.1301, 38.8401], [141.1295, 38.8395], [141.1267, 38.8379], [141.1253, 38.8367], [141.1222, 38.8359], [141.1213, 38.8354], [141.1204, 38.8351], [141.1183, 38.8358], [141.1163, 38.8362], [141.115, 38.8368], [141.1125, 38.8376], [141.109, 38.8373], [141.1063, 38.838], [141.1047, 38.8374], [141.1046, 38.8347], [141.1032, 38.8331], [141.1034, 38.8325], [141.1027, 38.8308], [141.1034, 38.8294], [141.1034, 38.8286], [141.1038, 38.8284], [141.1048, 38.8283], [141.1037, 38.8264], [141.1046, 38.8259], [141.1044, 38.825], [141.1047, 38.8245], [141.1044, 38.8238], [141.1046, 38.8231], [141.1053, 38.823], [141.1064, 38.8241], [141.1073, 38.8248], [141.1086, 38.8252], [141.1095, 38.825], [141.1113, 38.8241], [141.1119, 38.8236], [141.1123, 38.8237], [141.1137, 38.8235], [141.1147, 38.8229], [141.1155, 38.8227], [141.1167, 38.8233], [141.1171, 38.8239], [141.117, 38.8246], [141.1178, 38.8252], [141.121, 38.8262], [141.1218, 38.8258], [141.123, 38.8257], [141.1238, 38.8254], [141.1241, 38.824], [141.1247, 38.8236], [141.1249, 38.8231], [141.1253, 38.823], [141.1256, 38.8224], [141.1261, 38.8219], [141.1261, 38.8216], [141.1255, 38.8208], [141.125, 38.8204], [141.1245, 38.8203], [141.1239, 38.8198], [141.1236, 38.819], [141.1237, 38.8186], [141.1235, 38.8183], [141.1239, 38.8173], [141.1234, 38.8169], [141.1234, 38.8166], [141.1245, 38.8163], [141.1261, 38.817], [141.127, 38.8161], [141.1279, 38.8161], [141.129, 38.8158], [141.1291, 38.8155], [141.1289, 38.8149], [141.1295, 38.8145], [141.1294, 38.814], [141.1299, 38.8129], [141.1301, 38.8129], [141.1313, 38.8133], [141.1342, 38.8124], [141.1347, 38.8125], [141.1365, 38.8133], [141.1372, 38.8139], [141.1381, 38.8143], [141.1386, 38.8142], [141.1401, 38.8146], [141.1401, 38.814], [141.1426, 38.8123], [141.141, 38.8088], [141.1409, 38.8076], [141.1402, 38.8066], [141.1403, 38.8064], [141.1402, 38.8062], [141.1403, 38.8052], [141.1407, 38.8047], [141.1413, 38.8033], [141.141, 38.8013], [141.1411, 38.8], [141.1408, 38.7977], [141.1404, 38.7964], [141.1406, 38.7955], [141.1395, 38.795], [141.1393, 38.793], [141.1382, 38.791], [141.1407, 38.7898], [141.1399, 38.7888], [141.1416, 38.7879], [141.1429, 38.7869], [141.1461, 38.7852], [141.1461, 38.7846], [141.1475, 38.7844], [141.1477, 38.7848], [141.1472, 38.7856], [141.1478, 38.7862], [141.1491, 38.7859], [141.1491, 38.7861], [141.1502, 38.7859], [141.1513, 38.7857], [141.1527, 38.7847], [141.1576, 38.7831], [141.1574, 38.7828], [141.1591, 38.7828], [141.1604, 38.7818], [141.1609, 38.7817], [141.1625, 38.7822], [141.1635, 38.7822], [141.1637, 38.7821], [141.1642, 38.7813], [141.1656, 38.7808], [141.1662, 38.7799], [141.1675, 38.7787], [141.1674, 38.7778], [141.1678, 38.7774], [141.1689, 38.7776], [141.1707, 38.7793], [141.1714, 38.7791], [141.1725, 38.7785], [141.1729, 38.7784], [141.1731, 38.7789], [141.1732, 38.7811], [141.1734, 38.7814], [141.1758, 38.7812], [141.1786, 38.7822], [141.1795, 38.7828], [141.1799, 38.7839], [141.1806, 38.7848], [141.1825, 38.7827], [141.1845, 38.7815], [141.1864, 38.7797], [141.1876, 38.7794], [141.1885, 38.7788], [141.1896, 38.7785], [141.1907, 38.7776], [141.1915, 38.7773], [141.1953, 38.7769], [141.1961, 38.7761], [141.1971, 38.7755], [141.1978, 38.7737], [141.1988, 38.7733], [141.1999, 38.7724], [141.2008, 38.7713], [141.2016, 38.771], [141.2023, 38.7703], [141.2027, 38.7701], [141.2032, 38.7699], [141.2049, 38.77], [141.2059, 38.7696], [141.2061, 38.7694], [141.206, 38.7685], [141.2069, 38.7676], [141.2074, 38.766], [141.2072, 38.762], [141.2081, 38.7615], [141.2084, 38.7611], [141.2076, 38.7599], [141.2072, 38.7587], [141.2073, 38.757], [141.2085, 38.756], [141.2091, 38.7543], [141.21, 38.7539], [141.2111, 38.7536], [141.2143, 38.7505], [141.2152, 38.7492], [141.2177, 38.7493], [141.2184, 38.7491], [141.219, 38.7486], [141.2246, 38.7483], [141.2324, 38.7475], [141.2331, 38.7476], [141.237, 38.749], [141.2367, 38.7511], [141.2288, 38.7505], [141.2286, 38.7525], [141.2287, 38.7526], [141.2313, 38.7528], [141.2311, 38.7542], [141.2356, 38.7565], [141.2359, 38.7565], [141.2362, 38.7554], [141.2409, 38.7557], [141.2412, 38.7567], [141.2409, 38.7578], [141.2472, 38.7584], [141.2467, 38.7601], [141.2531, 38.7608], [141.2531, 38.7603], [141.2535, 38.7598], [141.2541, 38.7595], [141.2543, 38.7595], [141.2568, 38.7614], [141.2574, 38.7614], [141.2572, 38.7616], [141.2574, 38.7618], [141.2564, 38.7637], [141.2566, 38.7646], [141.2558, 38.7656], [141.2556, 38.767], [141.256, 38.7676], [141.2558, 38.7682], [141.2558, 38.7706], [141.2562, 38.772], [141.2569, 38.7724], [141.2572, 38.7731], [141.258, 38.774], [141.2583, 38.7749], [141.2582, 38.7763], [141.2584, 38.7765], [141.262, 38.7797], [141.2636, 38.7802], [141.2625, 38.782], [141.2627, 38.7841], [141.2636, 38.7864], [141.2636, 38.7869], [141.2629, 38.7877], [141.2643, 38.7884], [141.2646, 38.788], [141.2654, 38.788], [141.2668, 38.7874], [141.2687, 38.7883], [141.2689, 38.791], [141.2681, 38.7922], [141.2685, 38.7935], [141.27, 38.794], [141.271, 38.795], [141.2719, 38.7966], [141.2725, 38.797], [141.2731, 38.797], [141.2728, 38.7964], [141.2733, 38.7961], [141.274, 38.7964], [141.2745, 38.7963], [141.2748, 38.7957], [141.2743, 38.7947], [141.2745, 38.7944], [141.2752, 38.7942], [141.2767, 38.7942], [141.2781, 38.7939], [141.2789, 38.7933], [141.28, 38.7927], [141.2804, 38.7928], [141.2806, 38.7935], [141.2819, 38.7939], [141.282, 38.7941], [141.2816, 38.7951], [141.2818, 38.7954], [141.2831, 38.796], [141.2839, 38.7974], [141.2854, 38.7978], [141.286, 38.7977], [141.2868, 38.7972], [141.2906, 38.7962], [141.2923, 38.7964], [141.2941, 38.7948], [141.2969, 38.7936], [141.2995, 38.7935], [141.3003, 38.7937], [141.3021, 38.7933], [141.3033, 38.7932], [141.3039, 38.7932], [141.3046, 38.7936], [141.3048, 38.7943], [141.3045, 38.7965], [141.304, 38.7979], [141.3025, 38.7984], [141.3019, 38.7989], [141.3018, 38.7992], [141.3026, 38.7997], [141.3022, 38.8004], [141.3023, 38.8005], [141.3031, 38.8008], [141.303, 38.8014], [141.3033, 38.8018], [141.3032, 38.8023], [141.3024, 38.8033], [141.3024, 38.8038], [141.3031, 38.8042], [141.3029, 38.8052], [141.3041, 38.8057], [141.3049, 38.8065], [141.3051, 38.8071], [141.3058, 38.8081], [141.3071, 38.8087], [141.3073, 38.8089], [141.3071, 38.8094], [141.3065, 38.8098], [141.3067, 38.8102], [141.3063, 38.8106], [141.3074, 38.8116], [141.3071, 38.812], [141.3071, 38.8125], [141.3074, 38.8127], [141.3076, 38.8134], [141.3076, 38.8146], [141.3073, 38.8151], [141.3079, 38.8166], [141.3075, 38.8174], [141.3073, 38.818], [141.3064, 38.8192], [141.3066, 38.8194], [141.3093, 38.821], [141.3087, 38.8216], [141.3087, 38.8221], [141.3111, 38.8226], [141.313, 38.8224], [141.3144, 38.8227], [141.3151, 38.8232], [141.3156, 38.8233], [141.3166, 38.8233], [141.3173, 38.8231], [141.3182, 38.8213], [141.32, 38.8196], [141.3202, 38.8186], [141.3209, 38.8185], [141.3222, 38.8176], [141.323, 38.8175], [141.3237, 38.8173], [141.3242, 38.8157], [141.3246, 38.8154], [141.325, 38.8151], [141.3282, 38.8144], [141.3285, 38.8137], [141.3311, 38.8129], [141.3321, 38.8121], [141.3324, 38.8113], [141.3322, 38.8096], [141.3332, 38.8092], [141.3336, 38.8089], [141.3336, 38.8085], [141.3334, 38.8081], [141.3339, 38.8072], [141.3348, 38.807], [141.3372, 38.807], [141.3376, 38.8069], [141.3378, 38.8062], [141.3388, 38.8062], [141.3398, 38.8066], [141.341, 38.8065], [141.3413, 38.8066], [141.3416, 38.8072], [141.341, 38.8076], [141.341, 38.8084], [141.3411, 38.8087], [141.3417, 38.809], [141.3425, 38.8092], [141.3441, 38.8088], [141.3452, 38.8092], [141.3457, 38.8096], [141.3463, 38.8096], [141.3481, 38.8104], [141.3494, 38.8119], [141.3501, 38.8126], [141.3513, 38.8123], [141.3523, 38.8127], [141.3528, 38.8127], [141.3533, 38.8125], [141.3535, 38.8116], [141.3539, 38.8114], [141.3552, 38.8112], [141.3558, 38.8109], [141.3581, 38.8111], [141.3595, 38.8108], [141.3598, 38.8106], [141.3597, 38.8092], [141.36, 38.809], [141.361, 38.809], [141.3619, 38.8082], [141.3627, 38.8082], [141.3633, 38.8085], [141.3645, 38.8085], [141.3651, 38.8092], [141.3659, 38.8095], [141.3666, 38.8089], [141.368, 38.8088], [141.3687, 38.8079], [141.3701, 38.8078], [141.371, 38.8075], [141.3718, 38.806], [141.3725, 38.8052], [141.3721, 38.8045], [141.3727, 38.8039], [141.3751, 38.8027], [141.3754, 38.801], [141.376, 38.8002], [141.377, 38.7994], [141.3771, 38.7987], [141.3777, 38.7974], [141.3793, 38.7957], [141.3814, 38.797], [141.3821, 38.7979], [141.3837, 38.799], [141.3845, 38.7991], [141.3853, 38.7989], [141.3867, 38.8001], [141.388, 38.8001], [141.3885, 38.7999], [141.3896, 38.7984], [141.3903, 38.7982], [141.391, 38.7994], [141.3925, 38.7995], [141.3932, 38.8], [141.3937, 38.8001], [141.3941, 38.7998], [141.3945, 38.7989], [141.3958, 38.7985], [141.3964, 38.7967], [141.3972, 38.796], [141.3975, 38.7952], [141.3982, 38.7924], [141.3965, 38.7905], [141.3965, 38.7903], [141.398, 38.7896], [141.4008, 38.7895], [141.4052, 38.7888], [141.4067, 38.7881], [141.4077, 38.7871], [141.4096, 38.7868], [141.4103, 38.7862], [141.4107, 38.7857], [141.4112, 38.7859], [141.4116, 38.7864], [141.4121, 38.7865], [141.4145, 38.7865], [141.415, 38.7864], [141.4152, 38.7862], [141.4145, 38.7852], [141.4144, 38.7846], [141.4146, 38.7845], [141.4156, 38.7848], [141.4158, 38.7846], [141.4158, 38.7833], [141.4152, 38.7816], [141.4156, 38.7796], [141.4142, 38.7782], [141.4134, 38.7768], [141.4127, 38.776], [141.4118, 38.7744], [141.4098, 38.7732], [141.4096, 38.7727], [141.4098, 38.7722], [141.4108, 38.771], [141.4109, 38.7706], [141.4108, 38.7702], [141.4096, 38.769], [141.4094, 38.7683], [141.4093, 38.7674], [141.4109, 38.7681], [141.414, 38.7681], [141.4145, 38.7683], [141.4174, 38.771], [141.421, 38.7711], [141.4224, 38.7715], [141.4229, 38.7719], [141.423, 38.7722], [141.4228, 38.7732], [141.423, 38.7738], [141.4228, 38.7746], [141.4221, 38.7753], [141.4219, 38.7761], [141.4222, 38.7767], [141.4213, 38.7772], [141.421, 38.7776], [141.4211, 38.7797], [141.4232, 38.7806], [141.424, 38.7808], [141.425, 38.7813], [141.4265, 38.7809], [141.4278, 38.7812], [141.4287, 38.7811], [141.4298, 38.7812], [141.4301, 38.7816], [141.4296, 38.7821], [141.4296, 38.7825], [141.4302, 38.7831], [141.4332, 38.7829], [141.4346, 38.7825], [141.435, 38.7826], [141.4357, 38.7833], [141.435, 38.7856], [141.4351, 38.7869], [141.4355, 38.7876], [141.4347, 38.7881], [141.434, 38.7899], [141.433, 38.7908], [141.4326, 38.7919], [141.4332, 38.7926], [141.4326, 38.7942], [141.4328, 38.7952], [141.4337, 38.7964], [141.4334, 38.7979], [141.4335, 38.7983], [141.4345, 38.799], [141.4347, 38.7996], [141.4353, 38.8], [141.4366, 38.8018], [141.4363, 38.8025], [141.4366, 38.8036], [141.4361, 38.8047], [141.4363, 38.8056], [141.436, 38.8061], [141.4346, 38.8063], [141.4341, 38.8072], [141.4331, 38.8076], [141.4323, 38.8073], [141.4319, 38.8069], [141.4312, 38.8066], [141.431, 38.8069], [141.431, 38.8079], [141.4302, 38.8087], [141.4303, 38.8094], [141.4294, 38.8099], [141.4292, 38.8103], [141.4318, 38.8123], [141.4323, 38.8121], [141.4327, 38.8113], [141.4338, 38.8112], [141.4346, 38.8114], [141.4379, 38.8129], [141.4396, 38.8123], [141.4411, 38.8114], [141.4435, 38.8116], [141.4442, 38.8113], [141.445, 38.8113], [141.4464, 38.8106], [141.4474, 38.8112], [141.4486, 38.8114], [141.4497, 38.8113], [141.4514, 38.812], [141.4533, 38.8116], [141.4543, 38.811], [141.4555, 38.8116], [141.4572, 38.8128], [141.4586, 38.8141], [141.4585, 38.8146], [141.4587, 38.8152], [141.4548, 38.8163], [141.4539, 38.817], [141.453, 38.8183], [141.4531, 38.8191], [141.4536, 38.8198], [141.454, 38.8207], [141.4543, 38.8224], [141.4543, 38.8226], [141.4533, 38.8234], [141.4536, 38.8241], [141.4536, 38.8248], [141.4526, 38.8258], [141.4525, 38.827], [141.4516, 38.8284], [141.4515, 38.8301], [141.4517, 38.8308], [141.4509, 38.8315], [141.4504, 38.8327], [141.4507, 38.8334], [141.4502, 38.8346], [141.4504, 38.8356], [141.45, 38.8366], [141.4501, 38.8381], [141.4506, 38.8387], [141.4521, 38.8415], [141.4531, 38.8428], [141.4534, 38.8451], [141.4544, 38.8472], [141.4559, 38.8484], [141.456, 38.8487], [141.457, 38.8497], [141.4585, 38.8509], [141.4608, 38.852], [141.4634, 38.8528], [141.4637, 38.853], [141.4661, 38.8561], [141.4662, 38.8566], [141.466, 38.857], [141.4647, 38.8581], [141.4619, 38.8587], [141.4609, 38.8592], [141.4562, 38.8601], [141.4553, 38.8606], [141.4539, 38.8618], [141.4531, 38.862], [141.4523, 38.862], [141.4532, 38.8628], [141.4541, 38.8656], [141.453, 38.8666], [141.4523, 38.8699], [141.451, 38.8716], [141.4507, 38.8761], [141.4534, 38.8788], [141.455, 38.8797], [141.457, 38.8805], [141.4586, 38.8814], [141.46, 38.8824], [141.461, 38.8835], [141.4635, 38.8844], [141.4654, 38.8848], [141.4659, 38.8856], [141.4663, 38.887], [141.4672, 38.8881], [141.4658, 38.8907], [141.4655, 38.8917], [141.4655, 38.8925], [141.4664, 38.894], [141.4681, 38.8948], [141.4704, 38.895], [141.4716, 38.8968], [141.4723, 38.8975], [141.474, 38.8981], [141.4755, 38.8992], [141.4767, 38.8992], [141.4782, 38.8998], [141.4801, 38.9018], [141.4807, 38.902], [141.4829, 38.9024], [141.4846, 38.9044], [141.489, 38.907], [141.4892, 38.9083], [141.4901, 38.9106], [141.4914, 38.9121], [141.4918, 38.9131], [141.4922, 38.9145], [141.4912, 38.9153], [141.4904, 38.9168], [141.489, 38.9175], [141.491, 38.9191], [141.4911, 38.9196], [141.491, 38.9205], [141.4916, 38.9213], [141.4916, 38.9218], [141.4911, 38.923], [141.4896, 38.9241], [141.4894, 38.9254], [141.4885, 38.9261], [141.488, 38.9269], [141.4874, 38.9287], [141.4869, 38.9291], [141.4867, 38.9296], [141.4858, 38.9301], [141.4862, 38.9309], [141.4861, 38.9313], [141.4852, 38.9322], [141.4854, 38.9328], [141.4858, 38.9333], [141.4854, 38.9338], [141.4855, 38.9348], [141.4852, 38.9358], [141.4859, 38.9362], [141.4858, 38.9366], [141.4866, 38.9373], [141.4872, 38.9381], [141.4868, 38.9386], [141.4875, 38.9394], [141.4875, 38.9398], [141.4889, 38.9405], [141.4887, 38.9413], [141.49, 38.9427], [141.4906, 38.9438], [141.491, 38.944], [141.4907, 38.9443], [141.4907, 38.9449], [141.4908, 38.9452], [141.4907, 38.9454], [141.4911, 38.9457], [141.4911, 38.9462], [141.4913, 38.9464], [141.4913, 38.9478], [141.4915, 38.9486], [141.491, 38.9494], [141.4904, 38.95], [141.4902, 38.9506], [141.4923, 38.953], [141.4937, 38.9541], [141.4943, 38.9549], [141.4923, 38.957], [141.4905, 38.957], [141.4901, 38.9573], [141.4904, 38.9582], [141.4898, 38.959], [141.4896, 38.9598], [141.4891, 38.9604], [141.4901, 38.9619], [141.4903, 38.9633], [141.4901, 38.9644], [141.4892, 38.965], [141.489, 38.9656], [141.4892, 38.9685], [141.4887, 38.9692], [141.4862, 38.9713], [141.4856, 38.9744], [141.4844, 38.977], [141.4838, 38.9776], [141.4838, 38.978], [141.4848, 38.98], [141.4857, 38.9821], [141.4841, 38.9848], [141.484, 38.9853], [141.4863, 38.9884], [141.486, 38.9903], [141.4868, 38.9909], [141.4872, 38.9939], [141.4889, 38.995], [141.4895, 38.9966], [141.49, 38.9971], [141.4902, 38.998], [141.4916, 38.9984], [141.4923, 38.9989], [141.4929, 38.999], [141.4942, 38.9988], [141.4952, 38.9988], [141.4963, 38.9984], [141.4972, 38.9987], [141.4989, 38.9987], [141.4995, 38.9991], [141.5005, 38.9992], [141.5015, 38.9998], [141.5028, 39.0002], [141.5036, 38.9999], [141.5049, 39.0001], [141.5066, 38.9998], [141.5086, 39.0029], [141.5091, 39.0029], [141.5097, 39.0026], [141.5121, 39.0021], [141.514, 39.0022], [141.516, 39.0018], [141.5175, 39.0018], [141.5186, 39.0011], [141.5175, 39], [141.5166, 38.9987], [141.5166, 38.9981], [141.5174, 38.997], [141.5189, 38.9956], [141.5192, 38.995], [141.5208, 38.994], [141.522, 38.9924], [141.522, 38.9921], [141.5227, 38.9914], [141.5234, 38.9913], [141.5253, 38.9914], [141.5259, 38.9916], [141.5282, 38.993], [141.5311, 38.994], [141.5322, 38.9942], [141.5329, 38.9946], [141.5356, 38.995], [141.5366, 38.9954], [141.5372, 38.9954], [141.5393, 38.9947], [141.5407, 38.9947], [141.5427, 38.9956], [141.5442, 38.9953], [141.546, 38.996], [141.5474, 38.9961], [141.5483, 38.9963], [141.549, 38.9959], [141.5503, 38.9954], [141.5511, 38.9954], [141.5523, 38.995], [141.5541, 38.9949], [141.5555, 38.9952], [141.5561, 38.9961], [141.5587, 38.9951], [141.5595, 38.9942], [141.5599, 38.994], [141.5603, 38.9939], [141.5637, 38.9946], [141.5672, 38.996], [141.568, 38.9953], [141.569, 38.9949], [141.5693, 38.9937], [141.5702, 38.9929], [141.5707, 38.9921], [141.5709, 38.9911], [141.5714, 38.9906], [141.572, 38.9897], [141.5739, 38.9879], [141.5741, 38.9875], [141.5747, 38.9871], [141.5758, 38.9868], [141.58, 38.9868], [141.5804, 38.987], [141.5811, 38.9876], [141.5827, 38.9882], [141.5833, 38.9887], [141.5868, 38.9887], [141.588, 38.9884], [141.5904, 38.9873], [141.5915, 38.9872], [141.5923, 38.9868], [141.5937, 38.9866], [141.5951, 38.987], [141.5961, 38.9866], [141.5969, 38.9866], [141.5975, 38.9863], [141.5991, 38.9865], [141.5999, 38.9864], [141.6023, 38.9861], [141.6031, 38.9857], [141.6045, 38.9854], [141.6053, 38.9848], [141.6055, 38.9841], [141.6068, 38.9835], [141.6075, 38.9827], [141.6088, 38.9821], [141.609, 38.9815], [141.6102, 38.981], [141.612, 38.9794], [141.6131, 38.9794], [141.6141, 38.9779], [141.6156, 38.9774], [141.6161, 38.9774], [141.617, 38.9768], [141.6174, 38.9759], [141.618, 38.9757], [141.6189, 38.9749], [141.619, 38.9742], [141.6205, 38.9738], [141.622, 38.9726], [141.6235, 38.9722], [141.6244, 38.9712], [141.6254, 38.9712], [141.628, 38.9702], [141.6294, 38.9702], [141.6317, 38.9707], [141.6315, 38.9713], [141.632, 38.972], [141.6328, 38.9719], [141.6334, 38.9722], [141.6336, 38.9719], [141.634, 38.9723], [141.6332, 38.9729], [141.6333, 38.9739], [141.6325, 38.9746], [141.6317, 38.9748], [141.6321, 38.975], [141.6327, 38.9749], [141.6326, 38.9755], [141.6328, 38.9756], [141.6319, 38.9753], [141.632, 38.9751], [141.6317, 38.9748], [141.6305, 38.9752], [141.6306, 38.9765], [141.6302, 38.9765], [141.6298, 38.9769], [141.6286, 38.9771], [141.6281, 38.9778], [141.6276, 38.9781], [141.6276, 38.9787], [141.6272, 38.9792], [141.6287, 38.9798], [141.6289, 38.9802], [141.6284, 38.981], [141.6288, 38.9801], [141.6287, 38.9798], [141.6275, 38.9794], [141.6272, 38.9801], [141.6269, 38.98], [141.6273, 38.9801], [141.627, 38.9807], [141.6271, 38.9811], [141.6264, 38.9814], [141.6261, 38.9811], [141.6258, 38.9812], [141.6254, 38.9816], [141.6259, 38.9817], [141.6259, 38.9819], [141.6253, 38.9816], [141.6251, 38.9831], [141.6257, 38.9829], [141.626, 38.9834], [141.6257, 38.983], [141.6251, 38.9831], [141.6251, 38.9837], [141.6256, 38.9842], [141.6251, 38.9846], [141.6261, 38.9851], [141.6255, 38.9848], [141.6252, 38.9851], [141.625, 38.985], [141.6248, 38.9855], [141.625, 38.9859], [141.6257, 38.9865], [141.6255, 38.9867], [141.6256, 38.9869], [141.6269, 38.9878], [141.6269, 38.988], [141.6276, 38.9881], [141.6277, 38.9884], [141.6281, 38.9886], [141.6283, 38.9884], [141.6287, 38.9883], [141.6285, 38.9888], [141.628, 38.9889], [141.6279, 38.9891], [141.6284, 38.9891], [141.6281, 38.9893], [141.6283, 38.9894], [141.629, 38.9896], [141.6293, 38.9895], [141.6291, 38.9897], [141.6286, 38.9898], [141.629, 38.9899], [141.6288, 38.99], [141.629, 38.9901], [141.6288, 38.9902], [141.6289, 38.9904], [141.6283, 38.9907], [141.6289, 38.9909], [141.629, 38.9912], [141.6284, 38.9913], [141.6289, 38.9931], [141.6298, 38.9936], [141.6288, 38.9932], [141.6287, 38.9924], [141.6283, 38.9925], [141.628, 38.9919], [141.6265, 38.9916], [141.6264, 38.9909], [141.6253, 38.991], [141.6253, 38.9909], [141.6256, 38.9908], [141.6255, 38.9907], [141.6243, 38.9911], [141.6244, 38.9913], [141.6252, 38.9909], [141.6253, 38.9911], [141.6246, 38.9914], [141.6247, 38.9915], [141.6245, 38.9918], [141.6246, 38.9915], [141.6242, 38.9913], [141.6238, 38.9921], [141.6242, 38.9922], [141.6244, 38.9919], [141.6242, 38.9922], [141.6233, 38.992], [141.6232, 38.9921], [141.6241, 38.9924], [141.6238, 38.993], [141.6229, 38.9928], [141.622, 38.9939], [141.6281, 38.9951], [141.629, 38.9943], [141.6252, 38.998], [141.626, 38.9983], [141.6263, 39.0003], [141.6257, 39.0006], [141.6262, 39.0013], [141.627, 39.002], [141.629, 39.0031], [141.6333, 39.0049], [141.6356, 39.0057], [141.6378, 39.0061], [141.6439, 39.0067], [141.644, 39.007], [141.6448, 39.0072], [141.6451, 39.0078], [141.6452, 39.0077], [141.6448, 39.0071], [141.6441, 39.0068], [141.6458, 39.0068], [141.6479, 39.0064], [141.6479, 39.0062], [141.6483, 39.0057], [141.6481, 39.0048], [141.6477, 39.0046], [141.647, 39.0047], [141.6476, 39.0046], [141.6478, 39.0046], [141.6481, 39.0047], [141.6484, 39.0056], [141.6489, 39.0055], [141.6483, 39.0057], [141.648, 39.0062], [141.6481, 39.0066], [141.6484, 39.0066], [141.6484, 39.0067], [141.6491, 39.0066], [141.6489, 39.0061], [141.6491, 39.0067], [141.6497, 39.0066], [141.6497, 39.0064], [141.6498, 39.0065], [141.6498, 39.0064], [141.6498, 39.0065], [141.6504, 39.0064], [141.6503, 39.0062], [141.6504, 39.0064], [141.6516, 39.0061], [141.6571, 39.0061], [141.6582, 39.0055], [141.6577, 39.0048], [141.6578, 39.0043], [141.6577, 39.0041], [141.6579, 39.0043], [141.6578, 39.0048], [141.6582, 39.0054], [141.6591, 39.0048], [141.6595, 39.0042], [141.6592, 39.0039], [141.6589, 39.004], [141.6581, 39.0035], [141.6575, 39.0037], [141.6585, 39.0032], [141.6588, 39.0025], [141.6586, 39.0022], [141.6586, 39.0018], [141.6582, 39.0013], [141.6572, 39.0009], [141.6572, 39.0004], [141.6577, 39.0002], [141.6587, 39.0003], [141.6598, 39.0007], [141.6604, 39.0013], [141.6605, 39.0021], [141.6612, 39.0023], [141.6613, 39.0021], [141.6614, 39.0023], [141.6616, 39.0021], [141.6621, 39.0023], [141.6621, 39.0027], [141.6627, 39.0032], [141.6628, 39.0037], [141.6631, 39.0039], [141.6633, 39.0042], [141.6645, 39.0042], [141.6644, 39.0048], [141.6654, 39.0054], [141.6655, 39.0053], [141.666, 39.0054], [141.6662, 39.0049], [141.6668, 39.0046], [141.6662, 39.0049], [141.666, 39.0055], [141.6666, 39.0056], [141.6666, 39.0057], [141.6667, 39.0058], [141.6699, 39.0053], [141.6728, 39.004], [141.675, 39.0026], [141.6757, 39.0018], [141.6787, 39], [141.6784, 38.9994], [141.6786, 38.9998], [141.6794, 38.9993], [141.6796, 38.9995], [141.6795, 38.9993], [141.6802, 38.9988], [141.6801, 38.9985], [141.6804, 38.9989], [141.6812, 38.9983], [141.6794, 38.9942], [141.6788, 38.994], [141.6788, 38.9939], [141.6786, 38.994], [141.6789, 38.9944], [141.6787, 38.9944], [141.6785, 38.994], [141.6787, 38.9939], [141.6786, 38.9937], [141.678, 38.9934], [141.6764, 38.9932], [141.676, 38.9936], [141.6751, 38.9936], [141.6741, 38.9934], [141.6736, 38.9934], [141.6731, 38.9926], [141.6727, 38.9924], [141.6724, 38.9909], [141.6718, 38.9898], [141.6714, 38.9895], [141.6708, 38.9896], [141.67, 38.9892], [141.6693, 38.9893], [141.6693, 38.9895], [141.6692, 38.9893], [141.6681, 38.9893], [141.6676, 38.9891], [141.6675, 38.9886], [141.6668, 38.9874], [141.667, 38.9866], [141.668, 38.9857], [141.6684, 38.985], [141.6683, 38.9847], [141.6679, 38.9843], [141.6682, 38.9834], [141.6679, 38.9829], [141.6671, 38.9829], [141.6669, 38.9833], [141.6671, 38.9826], [141.6662, 38.9822], [141.6657, 38.9815], [141.6658, 38.9814], [141.6662, 38.9815], [141.6662, 38.9814], [141.6667, 38.9812], [141.6679, 38.9803], [141.6682, 38.9791], [141.6685, 38.9785], [141.6689, 38.9782], [141.6688, 38.9779], [141.6679, 38.9772], [141.6677, 38.9768], [141.6679, 38.9763], [141.6685, 38.9758], [141.6685, 38.9753], [141.6682, 38.9747], [141.6686, 38.9746], [141.669, 38.975], [141.6688, 38.9753], [141.6691, 38.9756], [141.6705, 38.9756], [141.6708, 38.9753], [141.6717, 38.9749], [141.6722, 38.9745], [141.6722, 38.9742], [141.6716, 38.9737], [141.6719, 38.973], [141.6748, 38.9724], [141.6763, 38.9723], [141.6769, 38.9722], [141.6773, 38.9718], [141.6774, 38.9717], [141.677, 38.9714], [141.6774, 38.9716], [141.6776, 38.9714], [141.6775, 38.9708], [141.6772, 38.9706], [141.6771, 38.9707], [141.6768, 38.9704], [141.6762, 38.9708], [141.6769, 38.9702], [141.6767, 38.9699], [141.6763, 38.9695], [141.6763, 38.9689], [141.6771, 38.9688], [141.6774, 38.9685], [141.6778, 38.9687], [141.6774, 38.9689], [141.6785, 38.9693], [141.6797, 38.9691], [141.6815, 38.9694], [141.6826, 38.9692], [141.6844, 38.9685], [141.6852, 38.9678], [141.6854, 38.9673], [141.6849, 38.9666], [141.6848, 38.9659], [141.6861, 38.9657], [141.6863, 38.9655], [141.6861, 38.9654], [141.6866, 38.9653], [141.6867, 38.9654], [141.6872, 38.9652], [141.6879, 38.9652], [141.6884, 38.9647], [141.6889, 38.9639], [141.6887, 38.9633], [141.6877, 38.9627], [141.6876, 38.9624], [141.6872, 38.9621], [141.6872, 38.9619], [141.6879, 38.962], [141.6879, 38.961], [141.6875, 38.9608], [141.6866, 38.9607], [141.6863, 38.9603], [141.6874, 38.9603], [141.6876, 38.96], [141.688, 38.9599], [141.6882, 38.9597], [141.688, 38.9595], [141.6883, 38.9594], [141.688, 38.9591], [141.6883, 38.9592], [141.6882, 38.959], [141.6885, 38.9589], [141.6886, 38.9582], [141.6883, 38.9574], [141.6879, 38.9571], [141.6874, 38.9571], [141.6868, 38.9574], [141.6868, 38.9577], [141.6867, 38.9574], [141.6873, 38.9571], [141.6869, 38.9571], [141.687, 38.9569], [141.6868, 38.9568], [141.6871, 38.9568], [141.6871, 38.9564], [141.6866, 38.9564], [141.6872, 38.956], [141.6877, 38.9559], [141.6881, 38.9566], [141.6884, 38.9566], [141.6888, 38.9562], [141.6892, 38.9562], [141.6887, 38.954], [141.6892, 38.956], [141.6899, 38.9562], [141.6898, 38.957], [141.691, 38.9569], [141.6907, 38.9559], [141.6919, 38.9557], [141.6912, 38.9534], [141.6922, 38.9531], [141.6918, 38.9524], [141.6923, 38.9523], [141.6919, 38.9515], [141.6909, 38.9507], [141.69, 38.9504], [141.6899, 38.9509], [141.69, 38.9503], [141.6889, 38.9501], [141.689, 38.9499], [141.6886, 38.9496], [141.6887, 38.9492], [141.6884, 38.949], [141.6887, 38.949], [141.6887, 38.9488], [141.6889, 38.9486], [141.6886, 38.9483], [141.6889, 38.948], [141.6888, 38.9477], [141.6885, 38.9475], [141.6888, 38.9474], [141.6886, 38.9472], [141.6889, 38.9472], [141.689, 38.9469], [141.6887, 38.9468], [141.6895, 38.947], [141.6899, 38.9469], [141.6905, 38.947], [141.6902, 38.9465], [141.6909, 38.9467], [141.6917, 38.9461], [141.6915, 38.9459], [141.6924, 38.9456], [141.6924, 38.9458], [141.6927, 38.9458], [141.6933, 38.9461], [141.6926, 38.9462], [141.6929, 38.9464], [141.6933, 38.9464], [141.6933, 38.9467], [141.6947, 38.9473], [141.6958, 38.9474], [141.6961, 38.947], [141.6967, 38.9467], [141.6967, 38.9465], [141.6969, 38.9465], [141.6973, 38.9462], [141.6983, 38.9452], [141.6984, 38.9449], [141.6982, 38.9442], [141.6969, 38.9437], [141.6958, 38.9435], [141.6965, 38.9434], [141.6957, 38.943], [141.6962, 38.9431], [141.696, 38.9426], [141.6965, 38.9425], [141.6961, 38.9424], [141.6967, 38.9423], [141.6969, 38.942], [141.6961, 38.9416], [141.6968, 38.9414], [141.6991, 38.9418], [141.7001, 38.9419], [141.7004, 38.9418], [141.7011, 38.9413], [141.7013, 38.9408], [141.7008, 38.9404], [141.6998, 38.9402], [141.7001, 38.94], [141.6998, 38.9397], [141.6993, 38.9396], [141.6994, 38.9395], [141.6991, 38.9394], [141.6995, 38.9392], [141.6992, 38.939], [141.6999, 38.9388], [141.6999, 38.9386], [141.702, 38.9384], [141.7017, 38.9384], [141.7017, 38.9382], [141.7027, 38.9381], [141.704, 38.9383], [141.7033, 38.9385], [141.705, 38.9388], [141.7045, 38.9389], [141.7052, 38.9389], [141.7043, 38.9392], [141.7052, 38.9392], [141.7049, 38.9393], [141.7059, 38.9394], [141.7059, 38.9395], [141.7055, 38.9397], [141.7056, 38.9401], [141.7067, 38.9405], [141.7072, 38.941], [141.7068, 38.9414], [141.7052, 38.9413], [141.704, 38.9425], [141.7037, 38.9437], [141.7043, 38.9451], [141.7049, 38.9453], [141.7054, 38.945], [141.7064, 38.9448], [141.7062, 38.9445], [141.7064, 38.9448], [141.7075, 38.9448], [141.7091, 38.9453], [141.7102, 38.945], [141.71, 38.9453], [141.7105, 38.9452], [141.7104, 38.9455], [141.7108, 38.9453], [141.7113, 38.9453], [141.7117, 38.9454], [141.7114, 38.9459], [141.7138, 38.9457], [141.7138, 38.9459], [141.7145, 38.9461], [141.7139, 38.9464], [141.7145, 38.9465], [141.7138, 38.9466], [141.7142, 38.9467], [141.7135, 38.947], [141.7137, 38.9477], [141.7141, 38.9475], [141.7146, 38.9475], [141.7151, 38.9473], [141.7152, 38.9475], [141.7158, 38.9476], [141.7156, 38.948], [141.7148, 38.948], [141.7146, 38.9483], [141.7148, 38.9486], [141.7144, 38.9488], [141.7146, 38.9491], [141.714, 38.9491], [141.7137, 38.9494], [141.712, 38.9502], [141.7121, 38.9507], [141.7127, 38.9507], [141.7131, 38.9512], [141.7147, 38.951], [141.7144, 38.9513], [141.7153, 38.9517], [141.7157, 38.9516], [141.716, 38.951], [141.7163, 38.9509], [141.7168, 38.9512], [141.7177, 38.9514], [141.7173, 38.9516], [141.7183, 38.9525], [141.72, 38.9525], [141.7206, 38.9524], [141.7214, 38.9511], [141.7228, 38.9501], [141.7232, 38.9503], [141.7232, 38.9507], [141.7237, 38.9507], [141.7237, 38.9509], [141.7231, 38.951], [141.7232, 38.9512], [141.7242, 38.9522], [141.7244, 38.9522], [141.7256, 38.9515], [141.7251, 38.952], [141.7251, 38.9523], [141.7254, 38.9523], [141.7258, 38.9516], [141.726, 38.9515], [141.7261, 38.9518], [141.7263, 38.9514], [141.7275, 38.9515], [141.7277, 38.9518], [141.7274, 38.9521], [141.7281, 38.9521], [141.7284, 38.9524], [141.7279, 38.9531], [141.7275, 38.9531], [141.7274, 38.9533], [141.7257, 38.9532], [141.7257, 38.9536], [141.7261, 38.9537], [141.7259, 38.9538], [141.7267, 38.9537], [141.727, 38.954], [141.7258, 38.9541], [141.7256, 38.9544], [141.7274, 38.9544], [141.7271, 38.9545], [141.7274, 38.9546], [141.7271, 38.9547], [141.7275, 38.9548], [141.7272, 38.955], [141.7279, 38.9551], [141.7277, 38.9552], [141.7277, 38.9556], [141.7272, 38.9556], [141.727, 38.9554], [141.7265, 38.9556], [141.7262, 38.9555], [141.7263, 38.9557], [141.726, 38.9558], [141.7258, 38.9557], [141.7255, 38.956], [141.7253, 38.9556], [141.7251, 38.9556], [141.725, 38.9563], [141.7247, 38.9562], [141.7246, 38.9563], [141.7248, 38.9565], [141.7241, 38.9563], [141.7246, 38.9567], [141.724, 38.9565], [141.7236, 38.9569], [141.7237, 38.9575], [141.724, 38.9576], [141.7241, 38.9579], [141.7243, 38.9578], [141.7241, 38.958], [141.7243, 38.9581], [141.7249, 38.9581], [141.7247, 38.9586], [141.7249, 38.9587], [141.7244, 38.9591], [141.7247, 38.9597], [141.7232, 38.9601], [141.7229, 38.9607], [141.7235, 38.9607], [141.723, 38.961], [141.7235, 38.9611], [141.7236, 38.9615], [141.7231, 38.9619], [141.7239, 38.9623], [141.724, 38.9625], [141.7237, 38.9626], [141.7239, 38.9627], [141.7236, 38.9628], [141.7236, 38.9627], [141.7231, 38.9628], [141.7229, 38.9631], [141.7231, 38.9634], [141.7229, 38.9635], [141.7229, 38.9634], [141.7217, 38.9639], [141.7217, 38.9641], [141.7203, 38.9648], [141.7197, 38.9648], [141.7197, 38.9643], [141.7194, 38.9641], [141.7193, 38.9645], [141.7188, 38.9645], [141.7188, 38.9642], [141.7185, 38.9644], [141.7177, 38.9645], [141.7176, 38.9647], [141.7178, 38.9648], [141.7175, 38.9649], [141.7178, 38.9653], [141.717, 38.9659], [141.7169, 38.9663], [141.7178, 38.9665], [141.7174, 38.9668], [141.7179, 38.9668], [141.7178, 38.9671], [141.7182, 38.9672], [141.7175, 38.9673], [141.7179, 38.9675], [141.7177, 38.9678], [141.7171, 38.9676], [141.7172, 38.9671], [141.7167, 38.9671], [141.7165, 38.9677], [141.7158, 38.9668], [141.715, 38.9669], [141.7152, 38.9671], [141.7149, 38.9672], [141.7141, 38.9673], [141.7138, 38.9678], [141.7129, 38.9682], [141.7123, 38.9681], [141.7108, 38.9673], [141.7107, 38.9673], [141.7106, 38.9675], [141.7105, 38.9672], [141.7101, 38.9674], [141.7104, 38.9676], [141.71, 38.9676], [141.7102, 38.9677], [141.7099, 38.9679], [141.7096, 38.9677], [141.7098, 38.9675], [141.709, 38.9676], [141.7087, 38.9673], [141.708, 38.9677], [141.7078, 38.9676], [141.7075, 38.9677], [141.7073, 38.967], [141.7049, 38.9671], [141.7068, 38.967], [141.7067, 38.9657], [141.7052, 38.9657], [141.7051, 38.9653], [141.7042, 38.9653], [141.7042, 38.9662], [141.7044, 38.9664], [141.7041, 38.9662], [141.7041, 38.9648], [141.7037, 38.9648], [141.7019, 38.9654], [141.6999, 38.9664], [141.6992, 38.9669], [141.6992, 38.967], [141.699, 38.967], [141.699, 38.9672], [141.6984, 38.9671], [141.6973, 38.9684], [141.6965, 38.9701], [141.6963, 38.9711], [141.6965, 38.9719], [141.6966, 38.9721], [141.6975, 38.9722], [141.6976, 38.9724], [141.6981, 38.9722], [141.6981, 38.9724], [141.6987, 38.9725], [141.6985, 38.9727], [141.6975, 38.9726], [141.6974, 38.9728], [141.6979, 38.973], [141.6981, 38.9732], [141.6973, 38.9736], [141.6974, 38.9741], [141.6985, 38.9742], [141.6984, 38.9743], [141.698, 38.9744], [141.6989, 38.9748], [141.6983, 38.9751], [141.6985, 38.9762], [141.6989, 38.9766], [141.6994, 38.9768], [141.7003, 38.9765], [141.7008, 38.9765], [141.7016, 38.9775], [141.7025, 38.9778], [141.7028, 38.9778], [141.7036, 38.9769], [141.7044, 38.9767], [141.7039, 38.977], [141.7041, 38.9772], [141.7034, 38.9777], [141.7044, 38.9784], [141.7047, 38.9783], [141.7047, 38.9785], [141.7057, 38.9788], [141.7062, 38.9785], [141.7063, 38.9787], [141.7069, 38.9788], [141.7082, 38.9781], [141.7093, 38.978], [141.7088, 38.9783], [141.7085, 38.9782], [141.7087, 38.9785], [141.7091, 38.9783], [141.7088, 38.9788], [141.7095, 38.9785], [141.7091, 38.979], [141.7081, 38.9794], [141.7082, 38.9795], [141.7086, 38.9793], [141.7091, 38.9793], [141.7084, 38.9795], [141.7087, 38.9798], [141.7089, 38.9797], [141.7091, 38.9798], [141.7084, 38.9801], [141.7081, 38.9808], [141.7086, 38.9814], [141.7092, 38.9814], [141.7089, 38.9816], [141.7085, 38.9815], [141.7081, 38.9818], [141.7079, 38.9828], [141.7086, 38.9836], [141.7091, 38.984], [141.7097, 38.9838], [141.709, 38.9841], [141.7094, 38.9844], [141.7102, 38.9846], [141.711, 38.9845], [141.7112, 38.9842], [141.7105, 38.9836], [141.7111, 38.984], [141.7114, 38.9843], [141.7119, 38.9845], [141.7125, 38.9844], [141.713, 38.9835], [141.7137, 38.9833], [141.7137, 38.9829], [141.7141, 38.9826], [141.7139, 38.9824], [141.7144, 38.9819], [141.715, 38.9817], [141.715, 38.9814], [141.7154, 38.9811], [141.7159, 38.9812], [141.7159, 38.9816], [141.7166, 38.9816], [141.7166, 38.9818], [141.7169, 38.9817], [141.7174, 38.982], [141.7168, 38.9823], [141.7176, 38.9822], [141.7169, 38.9827], [141.7169, 38.9834], [141.7166, 38.9834], [141.7164, 38.9837], [141.7168, 38.984], [141.7163, 38.9842], [141.7162, 38.9846], [141.7158, 38.9846], [141.7145, 38.9852], [141.7146, 38.9854], [141.714, 38.9854], [141.7138, 38.9864], [141.714, 38.9865], [141.7135, 38.9872], [141.7139, 38.9874], [141.7137, 38.9884], [141.7139, 38.9889], [141.7141, 38.9889], [141.7144, 38.9893], [141.7136, 38.9894], [141.714, 38.9902], [141.7136, 38.9907], [141.7125, 38.9909], [141.7123, 38.9912], [141.7124, 38.9919], [141.7126, 38.9921], [141.7131, 38.9921], [141.713, 38.9924], [141.7128, 38.9926], [141.7126, 38.9925], [141.7124, 38.9928], [141.711, 38.9937], [141.7106, 38.9941], [141.711, 38.9953], [141.7108, 38.9954], [141.7119, 38.9954], [141.7112, 38.9955], [141.7112, 38.9965], [141.7119, 38.9969], [141.7117, 38.9971], [141.7125, 38.9975], [141.7137, 38.9978], [141.7166, 38.998], [141.7165, 38.9957], [141.7169, 38.9954], [141.7166, 38.9957], [141.7166, 38.9965], [141.7186, 38.9964], [141.7186, 38.9969], [141.72, 38.997], [141.7207, 38.9967], [141.721, 38.996], [141.7214, 38.9961], [141.7215, 38.9952], [141.7169, 38.9947], [141.7217, 38.9951], [141.7219, 38.9947], [141.7218, 38.9944], [141.7222, 38.9943], [141.7227, 38.9936], [141.723, 38.9925], [141.7237, 38.9916], [141.7236, 38.9903], [141.7229, 38.9899], [141.7224, 38.9899], [141.7223, 38.9897], [141.7225, 38.9891], [141.7224, 38.988], [141.7228, 38.9879], [141.7229, 38.9886], [141.7232, 38.9886], [141.7233, 38.9888], [141.7243, 38.9886], [141.7242, 38.9891], [141.7249, 38.9896], [141.7259, 38.9896], [141.7265, 38.9892], [141.7268, 38.9892], [141.7268, 38.9894], [141.7274, 38.9892], [141.7269, 38.99], [141.7272, 38.99], [141.727, 38.9904], [141.7276, 38.9901], [141.7274, 38.9903], [141.7276, 38.9905], [141.7272, 38.9908], [141.7275, 38.991], [141.7273, 38.9911], [141.7277, 38.9914], [141.7281, 38.9913], [141.7287, 38.991], [141.7286, 38.9909], [141.7291, 38.9905], [141.7291, 38.9902], [141.7286, 38.9902], [141.728, 38.9898], [141.7287, 38.99], [141.7295, 38.9897], [141.7295, 38.9894], [141.7303, 38.9893], [141.7306, 38.9896], [141.73, 38.9897], [141.7301, 38.9901], [141.7304, 38.9902], [141.7307, 38.9901], [141.7313, 38.9903], [141.7319, 38.9901], [141.7318, 38.9898], [141.7323, 38.9898], [141.7322, 38.9894], [141.7324, 38.9894], [141.7323, 38.9891], [141.7329, 38.9886], [141.7323, 38.9881], [141.7327, 38.988], [141.7326, 38.9878], [141.7331, 38.9878], [141.7335, 38.9884], [141.7339, 38.9884], [141.7344, 38.9884], [141.7351, 38.9879], [141.7355, 38.9878], [141.736, 38.9884], [141.7368, 38.9884], [141.7368, 38.9881], [141.7372, 38.9879], [141.7369, 38.9881], [141.737, 38.989], [141.7384, 38.9888], [141.7384, 38.9886], [141.739, 38.9885], [141.7389, 38.988], [141.7397, 38.9881], [141.7398, 38.9878], [141.7397, 38.9876], [141.7402, 38.9876], [141.7403, 38.9871], [141.7404, 38.9873], [141.7406, 38.9872], [141.7402, 38.9862], [141.7406, 38.9863], [141.7411, 38.9859], [141.7411, 38.9856], [141.7413, 38.9855], [141.7407, 38.9852], [141.7407, 38.9848], [141.7412, 38.9847], [141.7415, 38.985], [141.7416, 38.9854], [141.7415, 38.9855], [141.742, 38.9859], [141.7422, 38.987], [141.7427, 38.9875], [141.7427, 38.9876], [141.7433, 38.9878], [141.7434, 38.988], [141.7434, 38.9899], [141.7443, 38.9901], [141.7441, 38.9911], [141.7633, 39.0209], [141.763, 39.0211], [141.7634, 39.0211], [141.763, 39.0214], [141.7634, 39.0219], [141.7638, 39.022], [141.7637, 39.0223], [141.764, 39.0225], [141.764, 39.0229], [141.7642, 39.0231], [141.7636, 39.0234], [141.7634, 39.0231], [141.7626, 39.0231], [141.7625, 39.0234], [141.7627, 39.0235], [141.7622, 39.0235], [141.762, 39.0237], [141.7619, 39.0244], [141.7625, 39.0249], [141.763, 39.025], [141.7635, 39.0249], [141.764, 39.0252], [141.764, 39.0259], [141.7643, 39.026], [141.7644, 39.0262], [141.7642, 39.0262], [141.764, 39.0263], [141.7642, 39.0267], [141.7646, 39.0267], [141.7647, 39.0265], [141.7652, 39.0267], [141.7648, 39.0267], [141.7651, 39.0268], [141.7648, 39.0269], [141.7649, 39.027], [141.7652, 39.027], [141.7653, 39.0272], [141.7651, 39.0273], [141.7652, 39.0275], [141.765, 39.0274], [141.7647, 39.0276], [141.7645, 39.0284], [141.7648, 39.0288], [141.7657, 39.0289], [141.7661, 39.0287], [141.7658, 39.0294], [141.7658, 39.0298], [141.7654, 39.0301], [141.7658, 39.0306], [141.7662, 39.0306], [141.766, 39.0308], [141.7663, 39.0308], [141.7664, 39.031], [141.7662, 39.031], [141.7664, 39.0311], [141.7663, 39.0315], [141.7665, 39.0317], [141.767, 39.0316], [141.767, 39.031], [141.7674, 39.0307], [141.7675, 39.0308], [141.7676, 39.0305], [141.7683, 39.0307], [141.7678, 39.0314], [141.7678, 39.0317], [141.768, 39.0318], [141.7677, 39.0318], [141.7676, 39.0327], [141.7681, 39.0331], [141.768, 39.0336], [141.7684, 39.0334], [141.7685, 39.0336], [141.7695, 39.0337], [141.7686, 39.0336], [141.7682, 39.0341], [141.7687, 39.0346], [141.7683, 39.0351], [141.7688, 39.0346], [141.7698, 39.0348], [141.7705, 39.0344], [141.7706, 39.0342], [141.7712, 39.0339], [141.771, 39.0336], [141.771, 39.0334], [141.7714, 39.0335], [141.7724, 39.033], [141.7724, 39.0323], [141.773, 39.0319], [141.7739, 39.0317], [141.7745, 39.0312], [141.775, 39.0311], [141.7752, 39.0309], [141.7748, 39.0299], [141.7751, 39.03], [141.7752, 39.0297], [141.7755, 39.0297], [141.7755, 39.0295], [141.7757, 39.0295], [141.7757, 39.0297], [141.7764, 39.0294], [141.777, 39.0288], [141.7771, 39.0283], [141.7772, 39.0286], [141.7777, 39.0286], [141.7778, 39.0284], [141.7781, 39.0287], [141.7789, 39.0283], [141.7791, 39.028], [141.7791, 39.0282], [141.7794, 39.0279], [141.7795, 39.0281], [141.7802, 39.028], [141.7797, 39.0275], [141.7805, 39.0273], [141.7807, 39.0273], [141.781, 39.0276], [141.7812, 39.0281], [141.7815, 39.028], [141.7819, 39.0273], [141.7822, 39.0273], [141.783, 39.028], [141.7836, 39.028], [141.7835, 39.0282], [141.7839, 39.0284], [141.7836, 39.0288], [141.783, 39.0288], [141.7829, 39.0292], [141.783, 39.0294], [141.7833, 39.0294], [141.7833, 39.0295], [141.7832, 39.0299], [141.7828, 39.0299], [141.783, 39.0303], [141.7835, 39.0302], [141.7835, 39.0306], [141.7837, 39.0302], [141.7838, 39.0309], [141.7834, 39.0307], [141.7838, 39.0311], [141.7836, 39.031], [141.7839, 39.0315], [141.7838, 39.032], [141.784, 39.0319], [141.7841, 39.0323], [141.7842, 39.0325], [141.7843, 39.0324], [141.7844, 39.0326], [141.7855, 39.0332], [141.7857, 39.0329], [141.7858, 39.0331], [141.7862, 39.0331], [141.7863, 39.0327], [141.7864, 39.0331], [141.7865, 39.0327], [141.7867, 39.0327], [141.7874, 39.0342], [141.7881, 39.0344], [141.7894, 39.0343], [141.7894, 39.0334], [141.7897, 39.0332], [141.79, 39.0333], [141.7901, 39.0338], [141.7903, 39.0337], [141.7905, 39.0341], [141.7903, 39.0342], [141.7903, 39.0347], [141.7907, 39.0346], [141.7909, 39.0349], [141.7905, 39.0357], [141.7907, 39.0359], [141.7912, 39.0358], [141.791, 39.0363], [141.7913, 39.0366], [141.791, 39.0368], [141.7913, 39.0369], [141.791, 39.0371], [141.7913, 39.0376], [141.7917, 39.0377], [141.7917, 39.0379], [141.7915, 39.0379], [141.7917, 39.0384], [141.7925, 39.0388], [141.7939, 39.0385], [141.7934, 39.0386], [141.7944, 39.0409], [141.7936, 39.0406], [141.7931, 39.0412], [141.7943, 39.0418], [141.7947, 39.0415], [141.7946, 39.0412], [141.7953, 39.0418], [141.7955, 39.0417], [141.7952, 39.0415], [141.7956, 39.0413], [141.7953, 39.041], [141.7956, 39.0409], [141.7956, 39.0411], [141.796, 39.0409], [141.7965, 39.0403], [141.7961, 39.041], [141.7961, 39.0412], [141.796, 39.0414], [141.7961, 39.0411], [141.7955, 39.0419], [141.7951, 39.0421], [141.796, 39.0427], [141.7961, 39.0434], [141.7965, 39.0434], [141.7965, 39.0427], [141.7966, 39.0427], [141.7965, 39.0432], [141.7975, 39.0431], [141.7977, 39.0428], [141.7969, 39.0426], [141.7973, 39.0426], [141.7979, 39.0416], [141.7982, 39.0417], [141.7984, 39.0411], [141.7982, 39.0411], [141.7981, 39.0403], [141.7973, 39.0393], [141.7961, 39.0397], [141.7977, 39.039], [141.7977, 39.0387], [141.7969, 39.038], [141.7966, 39.038], [141.7969, 39.0379], [141.7965, 39.0375], [141.7962, 39.0371], [141.7959, 39.0371], [141.7961, 39.0366], [141.7957, 39.036], [141.7955, 39.0361], [141.7957, 39.0359], [141.7949, 39.0348], [141.7952, 39.0344], [141.795, 39.0341], [141.7949, 39.0343], [141.795, 39.034], [141.7952, 39.0342], [141.7955, 39.034], [141.7956, 39.0333], [141.7951, 39.0331], [141.7947, 39.0324], [141.794, 39.0317], [141.794, 39.0314], [141.7943, 39.0314], [141.794, 39.0313], [141.7943, 39.0312], [141.7939, 39.0307], [141.7939, 39.0305], [141.7941, 39.0307], [141.7943, 39.0306], [141.7943, 39.0303], [141.7941, 39.0302], [141.7944, 39.0295], [141.7949, 39.0298], [141.7954, 39.0295], [141.7953, 39.0289], [141.7956, 39.0286], [141.7954, 39.0283], [141.7956, 39.0282], [141.7955, 39.0276], [141.7959, 39.0276], [141.7958, 39.0272], [141.7962, 39.0271], [141.7964, 39.0265], [141.7961, 39.0261], [141.7963, 39.0262], [141.7964, 39.0261], [141.7969, 39.0261], [141.7968, 39.0255], [141.7975, 39.025], [141.7977, 39.025], [141.7975, 39.0256], [141.7978, 39.0256], [141.7981, 39.0259], [141.7984, 39.0259], [141.7984, 39.0256], [141.7986, 39.0254], [141.7989, 39.0255], [141.799, 39.0253], [141.7987, 39.0248], [141.7989, 39.0247], [141.7986, 39.0245], [141.7988, 39.0244], [141.7993, 39.0244], [141.7991, 39.0248], [141.7993, 39.0249], [141.7997, 39.0243], [141.8, 39.0247], [141.8001, 39.024], [141.8009, 39.0238], [141.8011, 39.024], [141.801, 39.0244], [141.8014, 39.0242], [141.8017, 39.0243], [141.8017, 39.0246], [141.8021, 39.0247], [141.8023, 39.0255], [141.8021, 39.0258], [141.8023, 39.0261], [141.8027, 39.0263], [141.8034, 39.0262], [141.8036, 39.0261], [141.8033, 39.0259], [141.8042, 39.0257], [141.8041, 39.0263], [141.8046, 39.0265], [141.8048, 39.0264], [141.8049, 39.0269], [141.8056, 39.027], [141.8059, 39.0269], [141.8059, 39.0264], [141.8062, 39.0263], [141.8063, 39.0265], [141.8077, 39.0259], [141.808, 39.0261], [141.8083, 39.026], [141.8082, 39.0262], [141.8087, 39.0264], [141.8088, 39.0259], [141.809, 39.0258], [141.8088, 39.0264], [141.8098, 39.0264], [141.812, 39.025], [141.8124, 39.0249], [141.8125, 39.0244], [141.8128, 39.0243], [141.8133, 39.0244], [141.8133, 39.0239], [141.8136, 39.0236], [141.8139, 39.0237], [141.8138, 39.0238], [141.814, 39.0241], [141.8142, 39.0241], [141.8143, 39.0239], [141.8148, 39.0241], [141.8148, 39.0244], [141.815, 39.0244], [141.8151, 39.024], [141.8157, 39.0239], [141.8155, 39.0243], [141.8162, 39.0241], [141.8161, 39.0249], [141.8166, 39.0249], [141.8171, 39.0247], [141.8172, 39.0244], [141.8169, 39.0234], [141.8171, 39.023], [141.817, 39.023], [141.8173, 39.0226], [141.8177, 39.0226], [141.8179, 39.0232], [141.818, 39.0225], [141.8183, 39.0223], [141.8184, 39.0231], [141.8194, 39.0233], [141.8195, 39.0237], [141.8193, 39.0238], [141.8199, 39.0243], [141.8205, 39.0242], [141.8206, 39.0239], [141.821, 39.0241], [141.8209, 39.0244], [141.8212, 39.024], [141.8216, 39.0241], [141.8215, 39.0245], [141.821, 39.0246], [141.8214, 39.0249], [141.8212, 39.025], [141.8217, 39.025], [141.8213, 39.0254], [141.8215, 39.0257], [141.8218, 39.0259], [141.8222, 39.0259], [141.8227, 39.0257], [141.823, 39.0259], [141.823, 39.0255], [141.8232, 39.0255], [141.8231, 39.026], [141.8234, 39.0262], [141.8241, 39.0262], [141.8239, 39.0263], [141.824, 39.0265], [141.825, 39.0271], [141.8259, 39.0266], [141.8262, 39.0268], [141.8263, 39.0266], [141.8261, 39.0264], [141.8265, 39.0265], [141.8267, 39.0264], [141.8265, 39.0262], [141.827, 39.0262], [141.8269, 39.026], [141.8274, 39.0257], [141.8279, 39.0258], [141.8283, 39.0262], [141.8281, 39.0257], [141.8284, 39.0254], [141.8297, 39.0256], [141.8289, 39.0253], [141.8296, 39.0254], [141.8296, 39.0252], [141.8302, 39.0256], [141.8301, 39.0252], [141.8307, 39.0251], [141.8312, 39.0253], [141.8313, 39.0249], [141.8321, 39.0251], [141.8323, 39.0249], [141.8326, 39.0252], [141.834, 39.025], [141.8352, 39.0251], [141.8361, 39.0248], [141.8359, 39.0247], [141.8386, 39.0253], [141.8381, 39.0256], [141.8382, 39.026], [141.8388, 39.0262], [141.8391, 39.026], [141.8395, 39.0261], [141.8394, 39.0259], [141.84, 39.0259], [141.8397, 39.0257], [141.8405, 39.0258], [141.8403, 39.0256], [141.8406, 39.0256], [141.8402, 39.0253], [141.8405, 39.0254], [141.8411, 39.0252], [141.8417, 39.0256], [141.8418, 39.0266], [141.8429, 39.0267], [141.8434, 39.0264], [141.8433, 39.0262], [141.8436, 39.0261], [141.8442, 39.0262], [141.8461, 39.0261], [141.847, 39.0262], [141.8477, 39.0264], [141.848, 39.0268], [141.8484, 39.0266], [141.8499, 39.0274], [141.85, 39.0276], [141.8492, 39.0276], [141.8498, 39.0279], [141.8498, 39.028], [141.8492, 39.0283], [141.8495, 39.0286], [141.8509, 39.0284], [141.8513, 39.0285], [141.851, 39.0287], [141.8513, 39.0289], [141.8517, 39.0287], [141.8522, 39.029], [141.8524, 39.0288], [141.852, 39.0285], [141.8521, 39.0284], [141.8531, 39.0292], [141.852, 39.03], [141.8515, 39.0296], [141.8512, 39.0297], [141.8511, 39.0299], [141.8514, 39.0304], [141.8504, 39.0304], [141.8498, 39.0312], [141.8499, 39.0314], [141.8511, 39.0316], [141.8513, 39.032], [141.8511, 39.0321], [141.85, 39.0318], [141.8501, 39.0322], [141.8508, 39.0326], [141.8509, 39.0327], [141.8502, 39.0326], [141.8501, 39.033], [141.8507, 39.0331], [141.8508, 39.0333], [141.8498, 39.0335], [141.85, 39.0337], [141.8498, 39.0337], [141.8497, 39.0342], [141.849, 39.0354], [141.8485, 39.0355], [141.8484, 39.0357], [141.8497, 39.0362], [141.8498, 39.0368], [141.8485, 39.0376], [141.8482, 39.0375], [141.8479, 39.0379], [141.848, 39.038], [141.8479, 39.0381], [141.8476, 39.038], [141.8477, 39.0383], [141.8474, 39.0385], [141.8472, 39.0383], [141.8469, 39.0385], [141.8466, 39.0382], [141.8464, 39.0385], [141.8461, 39.0383], [141.8462, 39.0385], [141.846, 39.0387], [141.8457, 39.038], [141.8456, 39.0386], [141.8453, 39.0382], [141.8452, 39.0384], [141.8444, 39.0384], [141.8452, 39.039], [141.8451, 39.0392], [141.844, 39.039], [141.8448, 39.0394], [141.8447, 39.0395], [141.845, 39.0397], [141.8442, 39.0399], [141.8432, 39.0393], [141.8438, 39.0403], [141.8429, 39.0397], [141.8429, 39.0404], [141.8426, 39.0405], [141.8428, 39.0409], [141.8421, 39.0406], [141.8418, 39.0402], [141.8417, 39.0403], [141.8403, 39.0402], [141.8404, 39.0403], [141.8403, 39.0404], [141.8396, 39.0404], [141.8398, 39.0407], [141.8395, 39.0409], [141.8398, 39.0409], [141.8396, 39.0415], [141.8378, 39.0412], [141.8385, 39.0416], [141.8376, 39.0416], [141.8375, 39.042], [141.8377, 39.0421], [141.8373, 39.0423], [141.8371, 39.0421], [141.8372, 39.0416], [141.8366, 39.0419], [141.8366, 39.0422], [141.836, 39.0421], [141.8361, 39.0424], [141.8355, 39.0428], [141.8361, 39.0426], [141.8358, 39.0429], [141.8351, 39.0429], [141.8331, 39.0422], [141.833, 39.0424], [141.8334, 39.0427], [141.8337, 39.0434], [141.8329, 39.0438], [141.832, 39.0434], [141.8326, 39.0439], [141.8325, 39.0441], [141.832, 39.044], [141.8321, 39.0438], [141.8316, 39.0441], [141.8307, 39.0443], [141.8306, 39.0442], [141.8299, 39.0447], [141.8288, 39.0449], [141.8275, 39.0446], [141.8273, 39.0447], [141.8279, 39.045], [141.8275, 39.0451], [141.8268, 39.0449], [141.8268, 39.0451], [141.8267, 39.045], [141.8261, 39.0453], [141.8261, 39.0455], [141.8265, 39.0454], [141.8269, 39.0458], [141.8262, 39.0459], [141.826, 39.0457], [141.8256, 39.0456], [141.8247, 39.0462], [141.8243, 39.0459], [141.8244, 39.0463], [141.8236, 39.0462], [141.8229, 39.0467], [141.8229, 39.0469], [141.8233, 39.0469], [141.8235, 39.0473], [141.8217, 39.0474], [141.8201, 39.0484], [141.8198, 39.0487], [141.8199, 39.0489], [141.8196, 39.0488], [141.8193, 39.0493], [141.8192, 39.0492], [141.8188, 39.0493], [141.8185, 39.0491], [141.8179, 39.0494], [141.8172, 39.05], [141.8178, 39.0502], [141.8172, 39.05], [141.8166, 39.0514], [141.8172, 39.0516], [141.8166, 39.0514], [141.8162, 39.0519], [141.8162, 39.052], [141.8169, 39.0524], [141.8173, 39.0518], [141.8175, 39.052], [141.8172, 39.052], [141.8168, 39.0526], [141.8176, 39.0537], [141.8175, 39.0541], [141.8171, 39.0542], [141.8172, 39.0548], [141.817, 39.0543], [141.8162, 39.0541], [141.8157, 39.0542], [141.8156, 39.0547], [141.8152, 39.0547], [141.8154, 39.0554], [141.8151, 39.055], [141.8144, 39.055], [141.8139, 39.0554], [141.8137, 39.056], [141.8153, 39.0561], [141.8165, 39.0555], [141.8154, 39.0561], [141.8137, 39.056], [141.8138, 39.0572], [141.8151, 39.0586], [141.8152, 39.059], [141.8158, 39.0593], [141.816, 39.0589], [141.8162, 39.0591], [141.8171, 39.0589], [141.8169, 39.0591], [141.8172, 39.0593], [141.8175, 39.059], [141.8179, 39.0592], [141.8181, 39.0591], [141.8181, 39.0592], [141.8184, 39.059], [141.8183, 39.0592], [141.819, 39.0588], [141.8188, 39.0595], [141.8191, 39.0597], [141.8197, 39.0593], [141.82, 39.0594], [141.8206, 39.059], [141.8212, 39.0589], [141.8214, 39.059], [141.8223, 39.0591], [141.8228, 39.0583], [141.8236, 39.0578], [141.8246, 39.0583], [141.8247, 39.0586], [141.825, 39.0587], [141.8256, 39.0583], [141.8255, 39.0588], [141.8259, 39.0591], [141.8258, 39.0593], [141.8261, 39.0592], [141.8263, 39.0596], [141.8266, 39.0597], [141.8273, 39.0587], [141.8276, 39.0588], [141.828, 39.0585], [141.8281, 39.059], [141.8285, 39.0584], [141.829, 39.0586], [141.8289, 39.0584], [141.8294, 39.0585], [141.8292, 39.0582], [141.8299, 39.0587], [141.8304, 39.0587], [141.8308, 39.0587], [141.8307, 39.0584], [141.831, 39.0583], [141.8313, 39.0585], [141.8312, 39.0589], [141.831, 39.0589], [141.8311, 39.0591], [141.8314, 39.0592], [141.8316, 39.059], [141.8315, 39.0591], [141.8324, 39.0594], [141.8334, 39.0594], [141.834, 39.0598], [141.8341, 39.0604], [141.8349, 39.0603], [141.8347, 39.0601], [141.8349, 39.06], [141.8368, 39.0604], [141.8379, 39.0607], [141.8381, 39.0609], [141.8384, 39.0607], [141.8389, 39.0608], [141.8388, 39.0605], [141.8393, 39.0607], [141.8392, 39.0604], [141.8398, 39.0605], [141.8406, 39.0604], [141.841, 39.0599], [141.8414, 39.0598], [141.8415, 39.0596], [141.8419, 39.0598], [141.842, 39.0595], [141.8433, 39.0594], [141.8434, 39.0598], [141.8442, 39.0597], [141.8442, 39.0595], [141.845, 39.0598], [141.8447, 39.0595], [141.8448, 39.0595], [141.8454, 39.0598], [141.8453, 39.0596], [141.8457, 39.0596], [141.846, 39.0598], [141.846, 39.0594], [141.8461, 39.0594], [141.8464, 39.0598], [141.8463, 39.0593], [141.8466, 39.0591], [141.8468, 39.0594], [141.8469, 39.0592], [141.8474, 39.0593], [141.8471, 39.0588], [141.8476, 39.0587], [141.8478, 39.0592], [141.8482, 39.0589], [141.8479, 39.0585], [141.8482, 39.0589], [141.8483, 39.0584], [141.8489, 39.0584], [141.8489, 39.0583], [141.8491, 39.0583], [141.8497, 39.0579], [141.8499, 39.0581], [141.8493, 39.0587], [141.8495, 39.0588], [141.85, 39.0588], [141.8502, 39.0591], [141.8506, 39.0589], [141.8509, 39.0585], [141.8517, 39.0587], [141.8518, 39.0586], [141.8515, 39.0583], [141.8519, 39.0581], [141.8527, 39.0584], [141.8527, 39.0587], [141.852, 39.0588], [141.852, 39.0589], [141.8526, 39.0596], [141.8533, 39.0596], [141.8534, 39.0591], [141.8535, 39.0591], [141.8541, 39.0602], [141.8544, 39.0602], [141.8544, 39.06], [141.8547, 39.06], [141.855, 39.0597], [141.8554, 39.06], [141.8555, 39.0596], [141.8558, 39.0599], [141.8557, 39.0602], [141.8551, 39.0602], [141.855, 39.0605], [141.8554, 39.0609], [141.8565, 39.0611], [141.8565, 39.0613], [141.8569, 39.0613], [141.8571, 39.0612], [141.8589, 39.0619], [141.8593, 39.0618], [141.8595, 39.0613], [141.8593, 39.0607], [141.8598, 39.0603], [141.8598, 39.06], [141.8611, 39.0603], [141.8613, 39.0605], [141.8615, 39.0614], [141.8618, 39.0615], [141.8623, 39.0611], [141.8621, 39.0607], [141.8622, 39.0606], [141.8628, 39.0606], [141.8635, 39.0608], [141.8641, 39.0606], [141.864, 39.0599], [141.8638, 39.06], [141.8636, 39.0598], [141.8638, 39.0596], [141.8635, 39.0591], [141.864, 39.0593], [141.8658, 39.0595], [141.8668, 39.0603], [141.8671, 39.061], [141.8679, 39.061], [141.867, 39.0614], [141.8672, 39.0618], [141.8679, 39.0621], [141.8678, 39.0622], [141.8682, 39.0626], [141.8688, 39.0629], [141.8692, 39.0634], [141.8693, 39.0629], [141.8694, 39.0633], [141.8699, 39.0633], [141.8702, 39.0631], [141.8704, 39.0628], [141.8708, 39.0629], [141.871, 39.0626], [141.8714, 39.0627], [141.8725, 39.0629], [141.873, 39.0634], [141.8747, 39.0636], [141.8758, 39.0648], [141.8758, 39.065], [141.8752, 39.0648], [141.8752, 39.0651], [141.8744, 39.0647], [141.8736, 39.0647], [141.8733, 39.065], [141.8736, 39.0653], [141.8732, 39.0652], [141.8733, 39.0654], [141.8727, 39.0656], [141.8725, 39.0659], [141.8718, 39.0658], [141.8714, 39.0661], [141.8714, 39.0663], [141.8718, 39.0666], [141.8716, 39.0667], [141.872, 39.0669], [141.872, 39.0674], [141.8724, 39.0675], [141.8727, 39.0679], [141.8727, 39.0681], [141.8721, 39.0679], [141.8721, 39.0687], [141.8724, 39.0687], [141.8728, 39.0692], [141.8723, 39.069], [141.8717, 39.0695], [141.8714, 39.0693], [141.8713, 39.0701], [141.8716, 39.0703], [141.8714, 39.0704], [141.8718, 39.0713], [141.871, 39.071], [141.8709, 39.0715], [141.8704, 39.0712], [141.8704, 39.0708], [141.8701, 39.0711], [141.8705, 39.072], [141.8698, 39.072], [141.8698, 39.0723], [141.8696, 39.0722], [141.8682, 39.0724], [141.8677, 39.072], [141.8677, 39.0715], [141.8673, 39.0719], [141.8667, 39.071], [141.8666, 39.0715], [141.8663, 39.0712], [141.8662, 39.0712], [141.8662, 39.0708], [141.866, 39.0706], [141.8652, 39.0708], [141.8651, 39.0711], [141.8642, 39.0711], [141.8644, 39.0717], [141.8635, 39.071], [141.8633, 39.0714], [141.8629, 39.0713], [141.863, 39.0716], [141.8614, 39.0706], [141.8613, 39.0708], [141.8616, 39.0713], [141.8613, 39.0717], [141.8611, 39.0716], [141.8601, 39.0717], [141.8596, 39.0719], [141.8583, 39.071], [141.8579, 39.0712], [141.8571, 39.071], [141.8569, 39.0711], [141.857, 39.0713], [141.8575, 39.0716], [141.8576, 39.072], [141.857, 39.0719], [141.8567, 39.0716], [141.8564, 39.0716], [141.8559, 39.0719], [141.8558, 39.072], [141.8565, 39.0729], [141.8561, 39.0732], [141.8556, 39.0731], [141.8555, 39.0734], [141.854, 39.0734], [141.8533, 39.0737], [141.8524, 39.0735], [141.8514, 39.0735], [141.8499, 39.0732], [141.8483, 39.0737], [141.8476, 39.0738], [141.8478, 39.0739], [141.8469, 39.0746], [141.8464, 39.0746], [141.8467, 39.0749], [141.8456, 39.0751], [141.8458, 39.0754], [141.8452, 39.0755], [141.8451, 39.0759], [141.8445, 39.0765], [141.8438, 39.0765], [141.8435, 39.0762], [141.8427, 39.076], [141.8416, 39.0764], [141.841, 39.076], [141.8412, 39.0754], [141.841, 39.0754], [141.8412, 39.0754], [141.8413, 39.0749], [141.8406, 39.0745], [141.8389, 39.0739], [141.8375, 39.0741], [141.8367, 39.0745], [141.8364, 39.0742], [141.8361, 39.0742], [141.8358, 39.0735], [141.8353, 39.0734], [141.835, 39.0734], [141.8346, 39.074], [141.8347, 39.0747], [141.8345, 39.0749], [141.8329, 39.0751], [141.8333, 39.0757], [141.8331, 39.0758], [141.8329, 39.0754], [141.8319, 39.0749], [141.8315, 39.0749], [141.8314, 39.0751], [141.8302, 39.0755], [141.8289, 39.0753], [141.8286, 39.0754], [141.8277, 39.075], [141.8272, 39.0752], [141.8265, 39.0752], [141.8254, 39.0747], [141.8245, 39.0748], [141.8231, 39.0755], [141.8229, 39.0762], [141.8223, 39.0765], [141.822, 39.0764], [141.8215, 39.0769], [141.8213, 39.0777], [141.8219, 39.0779], [141.8222, 39.0776], [141.8222, 39.0777], [141.8217, 39.078], [141.8219, 39.0782], [141.8219, 39.0786], [141.8223, 39.0788], [141.8219, 39.0789], [141.8223, 39.0791], [141.8221, 39.0793], [141.8223, 39.0793], [141.822, 39.0798], [141.8218, 39.0798], [141.8217, 39.08], [141.8221, 39.0802], [141.8212, 39.0803], [141.8209, 39.0809], [141.8214, 39.0813], [141.821, 39.0816], [141.8211, 39.0819], [141.8207, 39.0819], [141.8209, 39.0825], [141.8207, 39.0825], [141.8204, 39.083], [141.8207, 39.0833], [141.8212, 39.0832], [141.8215, 39.0834], [141.8217, 39.0831], [141.822, 39.0833], [141.822, 39.0836], [141.8224, 39.0837], [141.8224, 39.0839], [141.8236, 39.0841], [141.8237, 39.0844], [141.8234, 39.0844], [141.8238, 39.0847], [141.8233, 39.0849], [141.824, 39.085], [141.8242, 39.0858], [141.8236, 39.086], [141.8241, 39.086], [141.824, 39.0862], [141.8242, 39.0863], [141.8236, 39.0864], [141.8231, 39.0866], [141.8225, 39.0866], [141.8224, 39.0863], [141.822, 39.0863], [141.8215, 39.0861], [141.8212, 39.0857], [141.8204, 39.0856], [141.8194, 39.0861], [141.819, 39.0865], [141.819, 39.0867], [141.8187, 39.0867], [141.8182, 39.0871], [141.818, 39.0868], [141.8165, 39.0859], [141.8158, 39.0858], [141.8152, 39.0859], [141.8137, 39.0867], [141.8128, 39.0879], [141.8134, 39.087], [141.8125, 39.0864], [141.8114, 39.0872], [141.8119, 39.0874], [141.811, 39.0883], [141.8113, 39.0884], [141.8106, 39.088], [141.8103, 39.0884], [141.8104, 39.0885], [141.81, 39.0885], [141.8095, 39.0889], [141.809, 39.0898], [141.8086, 39.0918], [141.8093, 39.0929], [141.8096, 39.0932], [141.8125, 39.0934], [141.8129, 39.0935], [141.8131, 39.0941], [141.8136, 39.0944], [141.8149, 39.0942], [141.8151, 39.0945], [141.816, 39.0947], [141.8154, 39.0949], [141.8153, 39.0953], [141.8149, 39.0955], [141.8149, 39.0968], [141.8141, 39.0973], [141.8138, 39.0978], [141.814, 39.0982], [141.8133, 39.0983], [141.8131, 39.0987], [141.8133, 39.099], [141.8129, 39.099], [141.8128, 39.0992], [141.8124, 39.0993], [141.8125, 39.0998], [141.8122, 39.1002], [141.8128, 39.1003], [141.8128, 39.1007], [141.8111, 39.1015], [141.8107, 39.1019], [141.8104, 39.1019], [141.8095, 39.1026], [141.8095, 39.1031], [141.8104, 39.1033], [141.8106, 39.1038], [141.8114, 39.104], [141.8121, 39.1038], [141.8123, 39.104], [141.8125, 39.1038], [141.8126, 39.1041], [141.8129, 39.1042], [141.8127, 39.1044], [141.8132, 39.1045], [141.8136, 39.1051], [141.8139, 39.105], [141.8141, 39.1053], [141.814, 39.1055], [141.8142, 39.1062], [141.8144, 39.1061], [141.8146, 39.1063], [141.8151, 39.1061], [141.815, 39.1062], [141.8153, 39.1062], [141.815, 39.1065], [141.8148, 39.1063], [141.8148, 39.1065], [141.8143, 39.1068], [141.8145, 39.1069], [141.8143, 39.1071], [141.8145, 39.1076], [141.8136, 39.1077], [141.8137, 39.1079], [141.8134, 39.1079], [141.8133, 39.1082], [141.8133, 39.1078], [141.8128, 39.107], [141.812, 39.1071], [141.8115, 39.1074], [141.8113, 39.1078], [141.8104, 39.1079], [141.8103, 39.109], [141.8105, 39.1101], [141.8107, 39.1107], [141.811, 39.1108], [141.811, 39.1115], [141.8126, 39.113], [141.8148, 39.1145], [141.816, 39.1149], [141.8167, 39.1149], [141.8169, 39.1144], [141.8172, 39.1144], [141.8171, 39.1139], [141.8173, 39.1144], [141.8196, 39.1141], [141.8194, 39.1137], [141.8196, 39.1136], [141.8197, 39.1141], [141.8207, 39.1138], [141.8208, 39.1136], [141.821, 39.1136], [141.8213, 39.1127], [141.8208, 39.1125], [141.82, 39.1125], [141.8209, 39.1124], [141.8217, 39.1128], [141.8221, 39.1122], [141.8232, 39.112], [141.8235, 39.1121], [141.824, 39.112], [141.8248, 39.1113], [141.8254, 39.1104], [141.8272, 39.1101], [141.8278, 39.1097], [141.8278, 39.1094], [141.8292, 39.1092], [141.8299, 39.1088], [141.83, 39.1083], [141.8298, 39.1082], [141.83, 39.108], [141.8298, 39.1079], [141.8301, 39.1078], [141.8299, 39.1075], [141.8302, 39.1075], [141.8299, 39.1072], [141.8301, 39.1071], [141.83, 39.1069], [141.8303, 39.1066], [141.8307, 39.1065], [141.8306, 39.1064], [141.8307, 39.1065], [141.8308, 39.1062], [141.8312, 39.1062], [141.8311, 39.1059], [141.8314, 39.1057], [141.8326, 39.1059], [141.8329, 39.1058], [141.8332, 39.1054], [141.8331, 39.1051], [141.8332, 39.105], [141.833, 39.1047], [141.8333, 39.1047], [141.8335, 39.1043], [141.8347, 39.1042], [141.8361, 39.1046], [141.8361, 39.1044], [141.8364, 39.1043], [141.8377, 39.1043], [141.8377, 39.1041], [141.8384, 39.104], [141.8391, 39.1036], [141.8396, 39.1037], [141.8401, 39.1035], [141.8403, 39.1037], [141.842, 39.1035], [141.8425, 39.1037], [141.8426, 39.1036], [141.8429, 39.1038], [141.8439, 39.1037], [141.8476, 39.1043], [141.8478, 39.1041], [141.8485, 39.1041], [141.8488, 39.1039], [141.8488, 39.1038], [141.8493, 39.1038], [141.8489, 39.1036], [141.8492, 39.1034], [141.8496, 39.1036], [141.8497, 39.1038], [141.8495, 39.1038], [141.8497, 39.104], [141.8504, 39.1041], [141.8504, 39.1044], [141.8507, 39.1042], [141.8511, 39.1045], [141.851, 39.1044], [141.8513, 39.1043], [141.8513, 39.1047], [141.8518, 39.1048], [141.852, 39.1045], [141.8522, 39.1049], [141.8537, 39.1049], [141.854, 39.1048], [141.8545, 39.1043], [141.8554, 39.1045], [141.8555, 39.1047], [141.8575, 39.1046], [141.8581, 39.1044], [141.8581, 39.1042], [141.8583, 39.1041], [141.8588, 39.103], [141.8586, 39.1035], [141.8598, 39.104], [141.8604, 39.1039], [141.8613, 39.1029], [141.8612, 39.1024], [141.8602, 39.1023], [141.8592, 39.1025], [141.8598, 39.1023], [141.8599, 39.1019], [141.8609, 39.1021], [141.8616, 39.0994], [141.8621, 39.0995], [141.8623, 39.0989], [141.8619, 39.098], [141.861, 39.0979], [141.862, 39.0979], [141.862, 39.0976], [141.8625, 39.097], [141.8622, 39.0966], [141.8619, 39.0967], [141.8609, 39.0966], [141.8607, 39.0963], [141.8608, 39.0962], [141.8623, 39.0963], [141.8626, 39.0966], [141.8629, 39.0965], [141.8637, 39.0968], [141.8639, 39.0965], [141.8641, 39.0967], [141.8648, 39.0968], [141.8655, 39.0967], [141.8663, 39.0971], [141.8669, 39.0971], [141.8675, 39.0975], [141.8682, 39.0973], [141.8682, 39.097], [141.8687, 39.0969], [141.8687, 39.0965], [141.869, 39.0967], [141.8699, 39.0967], [141.8706, 39.0963], [141.8706, 39.0959], [141.871, 39.0958], [141.8717, 39.096], [141.8723, 39.0952], [141.8738, 39.0943], [141.8736, 39.0941], [141.8741, 39.0931], [141.8746, 39.0931], [141.8749, 39.0933], [141.8754, 39.0931], [141.8752, 39.0926], [141.8759, 39.0923], [141.8774, 39.0932], [141.8779, 39.0929], [141.878, 39.0921], [141.8785, 39.0918], [141.8783, 39.0917], [141.8781, 39.091], [141.8789, 39.0905], [141.8783, 39.0899], [141.8783, 39.0895], [141.8787, 39.0893], [141.8784, 39.089], [141.8782, 39.0881], [141.8785, 39.088], [141.8788, 39.0871], [141.8784, 39.0866], [141.8787, 39.0856], [141.8786, 39.085], [141.8796, 39.0848], [141.8807, 39.0841], [141.8814, 39.0843], [141.8823, 39.0849], [141.8827, 39.0863], [141.883, 39.0867], [141.8826, 39.0871], [141.8828, 39.088], [141.882, 39.0887], [141.8835, 39.09], [141.8857, 39.0897], [141.8856, 39.0901], [141.8863, 39.0904], [141.8889, 39.0892], [141.89, 39.0891], [141.8899, 39.0896], [141.8903, 39.0899], [141.8905, 39.0902], [141.8898, 39.0908], [141.8912, 39.0906], [141.8908, 39.091], [141.8908, 39.0914], [141.8912, 39.0915], [141.8905, 39.092], [141.8902, 39.0926], [141.8908, 39.093], [141.8914, 39.0929], [141.8924, 39.0934], [141.8917, 39.0939], [141.8916, 39.0945], [141.8917, 39.0953], [141.8922, 39.0959], [141.894, 39.0965], [141.8955, 39.0966], [141.8961, 39.0964], [141.8966, 39.0965], [141.8967, 39.096], [141.8973, 39.0961], [141.8975, 39.0966], [141.8974, 39.0972], [141.898, 39.097], [141.8995, 39.0971], [141.8992, 39.098], [141.8997, 39.0984], [141.901, 39.0984], [141.9019, 39.0986], [141.9016, 39.0988], [141.9015, 39.0992], [141.9019, 39.1006], [141.9027, 39.101], [141.9036, 39.1008], [141.9038, 39.1011], [141.9042, 39.1014], [141.9062, 39.1015], [141.906, 39.1016], [141.9066, 39.102], [141.9068, 39.1018], [141.9077, 39.1022], [141.9074, 39.1025], [141.9083, 39.103], [141.9087, 39.1027], [141.9105, 39.1028], [141.9121, 39.1039], [141.913, 39.1042], [141.9128, 39.1045], [141.9131, 39.1051], [141.914, 39.1054], [141.9148, 39.1044], [141.9156, 39.1043], [141.9164, 39.1046], [141.9165, 39.1043], [141.9176, 39.1045], [141.9177, 39.1049], [141.9192, 39.104], [141.9198, 39.1041], [141.9197, 39.1045], [141.9208, 39.104], [141.9213, 39.1044], [141.9216, 39.1051], [141.9209, 39.1055], [141.9203, 39.1053], [141.9198, 39.1055], [141.9192, 39.1053], [141.919, 39.1055], [141.9184, 39.1057], [141.9184, 39.1059], [141.9192, 39.1063], [141.9194, 39.1071], [141.9191, 39.1074], [141.9177, 39.1072], [141.9168, 39.1069], [141.9158, 39.1069], [141.9158, 39.1071], [141.9129, 39.1075], [141.9124, 39.1082], [141.9128, 39.1093], [141.912, 39.1094], [141.9112, 39.1094], [141.9096, 39.1085], [141.9088, 39.1093], [141.909, 39.1097], [141.9087, 39.1099], [141.9088, 39.1104], [141.9094, 39.1103], [141.9095, 39.1106], [141.909, 39.1109], [141.9089, 39.1111], [141.9094, 39.1114], [141.9086, 39.1118], [141.9086, 39.111], [141.9082, 39.1117], [141.9074, 39.1122], [141.9055, 39.1125], [141.9055, 39.1128], [141.9059, 39.113], [141.9056, 39.1139], [141.906, 39.1145], [141.9053, 39.1145], [141.9052, 39.115], [141.9055, 39.1151], [141.9058, 39.1166], [141.9054, 39.1169], [141.905, 39.1169], [141.9049, 39.1174], [141.9042, 39.117], [141.9042, 39.1177], [141.9034, 39.118], [141.9027, 39.1175], [141.9029, 39.1179], [141.9027, 39.1179], [141.9019, 39.1175], [141.9013, 39.1177], [141.9012, 39.1182], [141.9018, 39.1186], [141.9025, 39.1195], [141.9017, 39.1195], [141.9005, 39.1188], [141.9002, 39.1189], [141.9007, 39.1196], [141.9006, 39.1201], [141.8999, 39.1195], [141.8997, 39.1199], [141.8987, 39.1199], [141.8971, 39.1194], [141.8971, 39.1184], [141.8964, 39.1184], [141.8959, 39.1181], [141.8959, 39.1178], [141.8955, 39.1177], [141.8952, 39.1181], [141.8945, 39.1184], [141.8944, 39.1181], [141.8937, 39.118], [141.8934, 39.1181], [141.893, 39.118], [141.8924, 39.1173], [141.8914, 39.1165], [141.891, 39.1168], [141.891, 39.1172], [141.8904, 39.1171], [141.8897, 39.1167], [141.8895, 39.117], [141.8897, 39.1174], [141.889, 39.117], [141.8892, 39.1164], [141.8884, 39.116], [141.8877, 39.116], [141.8875, 39.1165], [141.887, 39.1162], [141.8854, 39.1156], [141.8844, 39.1161], [141.8846, 39.1163], [141.8843, 39.1167], [141.8839, 39.1167], [141.8833, 39.1164], [141.8833, 39.1167], [141.883, 39.1166], [141.8828, 39.1165], [141.8829, 39.1162], [141.8824, 39.1162], [141.8817, 39.1164], [141.8793, 39.1164], [141.879, 39.1166], [141.8783, 39.1168], [141.8781, 39.1165], [141.8779, 39.1166], [141.8781, 39.1169], [141.8775, 39.1167], [141.8769, 39.1161], [141.8767, 39.1161], [141.8769, 39.1166], [141.8767, 39.1168], [141.876, 39.1166], [141.8745, 39.1155], [141.874, 39.1156], [141.8736, 39.116], [141.8742, 39.1166], [141.874, 39.1169], [141.8736, 39.117], [141.8728, 39.1166], [141.8721, 39.1173], [141.8733, 39.1199], [141.8739, 39.1202], [141.874, 39.1205], [141.8736, 39.1204], [141.8734, 39.121], [141.8748, 39.1219], [141.8748, 39.1225], [141.8732, 39.1216], [141.8736, 39.1224], [141.8726, 39.1221], [141.8715, 39.1212], [141.8713, 39.1208], [141.871, 39.1207], [141.8705, 39.1209], [141.8708, 39.1216], [141.8703, 39.1216], [141.87, 39.1218], [141.8706, 39.1227], [141.87, 39.1226], [141.8701, 39.1232], [141.8707, 39.1236], [141.8702, 39.1236], [141.8701, 39.1237], [141.8704, 39.1239], [141.8701, 39.124], [141.8707, 39.124], [141.8708, 39.1243], [141.8702, 39.1242], [141.8703, 39.1245], [141.8714, 39.1249], [141.8728, 39.126], [141.872, 39.1261], [141.8733, 39.1268], [141.8734, 39.1271], [141.8732, 39.1271], [141.8727, 39.1268], [141.8723, 39.1271], [141.8732, 39.1276], [141.8736, 39.1276], [141.8741, 39.1282], [141.8732, 39.1284], [141.8736, 39.1286], [141.8734, 39.1288], [141.8734, 39.1291], [141.8729, 39.1288], [141.8728, 39.129], [141.8723, 39.129], [141.8721, 39.1293], [141.8726, 39.1293], [141.8729, 39.1296], [141.8722, 39.1298], [141.8719, 39.13], [141.873, 39.1302], [141.8727, 39.1306], [141.8721, 39.1308], [141.872, 39.1306], [141.8716, 39.1307], [141.8717, 39.1311], [141.8714, 39.131], [141.8707, 39.1304], [141.871, 39.131], [141.8708, 39.1312], [141.8702, 39.1306], [141.8696, 39.1307], [141.8706, 39.1315], [141.8706, 39.1318], [141.8703, 39.1319], [141.8698, 39.1312], [141.8697, 39.1312], [141.8698, 39.1317], [141.8696, 39.1319], [141.8687, 39.132], [141.8683, 39.1319], [141.8683, 39.1321], [141.8674, 39.1322], [141.8673, 39.1324], [141.8675, 39.1329], [141.8667, 39.1328], [141.8667, 39.1334], [141.8656, 39.1332], [141.8652, 39.1328], [141.865, 39.1329], [141.8651, 39.1331], [141.8641, 39.1335], [141.8636, 39.1332], [141.8636, 39.1334], [141.863, 39.1332], [141.8634, 39.1337], [141.8628, 39.1335], [141.8629, 39.1337], [141.862, 39.134], [141.8615, 39.1336], [141.8608, 39.134], [141.8599, 39.134], [141.8597, 39.1342], [141.8601, 39.1344], [141.8599, 39.1345], [141.8594, 39.1345], [141.8591, 39.1342], [141.859, 39.1345], [141.8592, 39.1348], [141.859, 39.1349], [141.8583, 39.1348], [141.8583, 39.1353], [141.8574, 39.1348], [141.8577, 39.1354], [141.8567, 39.1349], [141.8568, 39.1355], [141.8558, 39.1349], [141.8558, 39.1353], [141.8551, 39.135], [141.8549, 39.1351], [141.8553, 39.1356], [141.8545, 39.1353], [141.8543, 39.1354], [141.8544, 39.1358], [141.8539, 39.1356], [141.8536, 39.1359], [141.8532, 39.1358], [141.853, 39.136], [141.8527, 39.1359], [141.8528, 39.136], [141.8524, 39.136], [141.8521, 39.1363], [141.8525, 39.1366], [141.8524, 39.137], [141.8519, 39.1368], [141.852, 39.1371], [141.8516, 39.1369], [141.8516, 39.1377], [141.8511, 39.1381], [141.8502, 39.1376], [141.85, 39.1377], [141.8509, 39.1384], [141.8494, 39.138], [141.8493, 39.1383], [141.85, 39.1386], [141.8504, 39.1391], [141.85, 39.1393], [141.8494, 39.1391], [141.8499, 39.1396], [141.8499, 39.14], [141.8491, 39.1399], [141.849, 39.1401], [141.8492, 39.1402], [141.8492, 39.1404], [141.8488, 39.1404], [141.849, 39.1408], [141.8485, 39.1413], [141.8486, 39.1416], [141.8473, 39.1412], [141.847, 39.1417], [141.8467, 39.1417], [141.8466, 39.1419], [141.8457, 39.1422], [141.8457, 39.1424], [141.8439, 39.1431], [141.8434, 39.1431], [141.8406, 39.1435], [141.8403, 39.144], [141.84, 39.144], [141.8397, 39.1443], [141.8401, 39.1445], [141.84, 39.1446], [141.8396, 39.1446], [141.8393, 39.1449], [141.8381, 39.1445], [141.8374, 39.1447], [141.837, 39.1454], [141.8369, 39.146], [141.8371, 39.1475], [141.8375, 39.148], [141.84, 39.1491], [141.8404, 39.1507], [141.8411, 39.1515], [141.8415, 39.1525], [141.8443, 39.1547], [141.8464, 39.1558], [141.8465, 39.1556], [141.8465, 39.1558], [141.8469, 39.1559], [141.8469, 39.1557], [141.847, 39.1557], [141.847, 39.1559], [141.8481, 39.1562], [141.848, 39.1564], [141.8483, 39.1566], [141.85, 39.157], [141.8514, 39.1565], [141.8521, 39.1564], [141.8527, 39.1566], [141.8536, 39.1573], [141.855, 39.1575], [141.8573, 39.1566], [141.8583, 39.1564], [141.861, 39.1551], [141.859, 39.1561], [141.8593, 39.1565], [141.8603, 39.1567], [141.8613, 39.1562], [141.8611, 39.1559], [141.8616, 39.1557], [141.8621, 39.155], [141.8612, 39.1548], [141.8621, 39.155], [141.8626, 39.1549], [141.8631, 39.1544], [141.8632, 39.154], [141.8637, 39.1537], [141.8644, 39.1537], [141.8654, 39.1534], [141.8664, 39.1537], [141.8676, 39.1535], [141.8685, 39.1537], [141.8689, 39.1535], [141.8689, 39.1537], [141.8703, 39.1535], [141.8704, 39.1537], [141.871, 39.1538], [141.8709, 39.1535], [141.8712, 39.1535], [141.8726, 39.1539], [141.8725, 39.1534], [141.8738, 39.1537], [141.8745, 39.1542], [141.8754, 39.1545], [141.8761, 39.1553], [141.8773, 39.1556], [141.8784, 39.1556], [141.8788, 39.1554], [141.881, 39.1555], [141.8819, 39.1546], [141.8856, 39.1556], [141.887, 39.1557], [141.8876, 39.156], [141.8872, 39.1567], [141.8874, 39.1574], [141.8875, 39.157], [141.8879, 39.1569], [141.8888, 39.157], [141.8888, 39.1574], [141.8906, 39.1575], [141.8907, 39.1577], [141.8895, 39.1576], [141.8908, 39.158], [141.8912, 39.1584], [141.8912, 39.1589], [141.8927, 39.1592], [141.8928, 39.1595], [141.8927, 39.1602], [141.8931, 39.1605], [141.8943, 39.1603], [141.8949, 39.1604], [141.8953, 39.1608], [141.8951, 39.1604], [141.8955, 39.1599], [141.8965, 39.1607], [141.8966, 39.1612], [141.8976, 39.1614], [141.8974, 39.1618], [141.897, 39.1618], [141.897, 39.1621], [141.8964, 39.1613], [141.8961, 39.1615], [141.8961, 39.1618], [141.8959, 39.162], [141.8955, 39.1619], [141.8954, 39.1622], [141.8958, 39.1626], [141.8957, 39.1628], [141.8964, 39.163], [141.8969, 39.1629], [141.8974, 39.1632], [141.8973, 39.1638], [141.9, 39.1647], [141.9044, 39.1673], [141.9042, 39.1679], [141.9048, 39.1679], [141.9058, 39.1684], [141.9056, 39.1689], [141.9066, 39.1691], [141.907, 39.1695], [141.9078, 39.1697], [141.9085, 39.1695], [141.9088, 39.17], [141.91, 39.1703], [141.912, 39.1716], [141.9123, 39.1721], [141.9127, 39.1715], [141.9137, 39.1716], [141.9145, 39.172], [141.9146, 39.1722], [141.9149, 39.1721], [141.9171, 39.1731], [141.9171, 39.1734], [141.916, 39.1733], [141.9166, 39.1738], [141.9162, 39.1738], [141.916, 39.1741], [141.9168, 39.1743], [141.9174, 39.1749], [141.9179, 39.1748], [141.9176, 39.1751], [141.9178, 39.1754], [141.9189, 39.1749], [141.9195, 39.175], [141.9194, 39.1755], [141.9197, 39.1758], [141.9194, 39.176], [141.9194, 39.1763], [141.9206, 39.1764], [141.9208, 39.1765], [141.9204, 39.1766], [141.9205, 39.1769], [141.9215, 39.1773], [141.9216, 39.1778], [141.9221, 39.178], [141.9213, 39.178], [141.921, 39.1782], [141.9212, 39.1784], [141.9208, 39.1785], [141.9208, 39.1791], [141.9206, 39.1793], [141.9205, 39.18], [141.9211, 39.1803], [141.9211, 39.1809], [141.9225, 39.1811], [141.9215, 39.1814], [141.9208, 39.1821], [141.9209, 39.1825], [141.9216, 39.1825], [141.9224, 39.1828], [141.9225, 39.183], [141.922, 39.1833], [141.9224, 39.1835], [141.9228, 39.1835], [141.9225, 39.1838], [141.9229, 39.1841], [141.9221, 39.1848], [141.9215, 39.1852], [141.921, 39.1852], [141.92, 39.1859], [141.9194, 39.1857], [141.9188, 39.1862], [141.9188, 39.1856], [141.9181, 39.1855], [141.917, 39.186], [141.9163, 39.186], [141.916, 39.1865], [141.9152, 39.1866], [141.9146, 39.186], [141.9146, 39.1857], [141.9143, 39.1857], [141.914, 39.1853], [141.913, 39.1854], [141.9126, 39.1858], [141.9112, 39.1862], [141.9104, 39.1861], [141.9101, 39.1858], [141.9092, 39.186], [141.9076, 39.1859], [141.9075, 39.1856], [141.907, 39.1855], [141.9069, 39.1852], [141.9061, 39.1855], [141.9056, 39.1854], [141.9055, 39.185], [141.9053, 39.1849], [141.9042, 39.1848], [141.9036, 39.1844], [141.9033, 39.1846], [141.9031, 39.1841], [141.902, 39.1836], [141.9003, 39.184], [141.9005, 39.1848], [141.8998, 39.1845], [141.8988, 39.1847], [141.8983, 39.1845], [141.8978, 39.185], [141.8975, 39.1851], [141.8972, 39.185], [141.8971, 39.1847], [141.8967, 39.1847], [141.8965, 39.1844], [141.8956, 39.1844], [141.8953, 39.1849], [141.895, 39.1846], [141.8945, 39.1846], [141.8943, 39.1845], [141.8946, 39.1836], [141.8945, 39.1833], [141.8939, 39.1831], [141.8944, 39.1833], [141.8946, 39.183], [141.8949, 39.1828], [141.8945, 39.1824], [141.8929, 39.182], [141.8932, 39.1816], [141.893, 39.1813], [141.8913, 39.1813], [141.8912, 39.1803], [141.8914, 39.18], [141.8913, 39.179], [141.8913, 39.18], [141.8911, 39.1803], [141.8913, 39.1813], [141.8906, 39.1814], [141.8901, 39.182], [141.8898, 39.182], [141.8897, 39.1827], [141.8899, 39.1829], [141.889, 39.1832], [141.8892, 39.1842], [141.8887, 39.1843], [141.8886, 39.1845], [141.8885, 39.1845], [141.8882, 39.1847], [141.8879, 39.1845], [141.8878, 39.1848], [141.8875, 39.1846], [141.8871, 39.1848], [141.8868, 39.1847], [141.8865, 39.1854], [141.8859, 39.1855], [141.8853, 39.1853], [141.8847, 39.1857], [141.883, 39.1851], [141.8826, 39.1855], [141.882, 39.1852], [141.8814, 39.1858], [141.8816, 39.1862], [141.8813, 39.1868], [141.8817, 39.1871], [141.8813, 39.1874], [141.8813, 39.1877], [141.8827, 39.1884], [141.8821, 39.1882], [141.882, 39.1885], [141.8817, 39.1884], [141.8816, 39.1886], [141.881, 39.1886], [141.881, 39.1889], [141.8816, 39.1894], [141.8807, 39.1894], [141.8806, 39.1901], [141.8798, 39.19], [141.8806, 39.1907], [141.8805, 39.1908], [141.8802, 39.1907], [141.8806, 39.191], [141.8803, 39.1911], [141.8803, 39.1913], [141.88, 39.1909], [141.8798, 39.1909], [141.8797, 39.1913], [141.8791, 39.1909], [141.8785, 39.1909], [141.8783, 39.1912], [141.8778, 39.1913], [141.8779, 39.1917], [141.8777, 39.1919], [141.8768, 39.192], [141.8768, 39.1923], [141.8765, 39.1921], [141.8754, 39.1923], [141.8742, 39.1918], [141.8738, 39.1918], [141.8737, 39.1919], [141.8735, 39.1918], [141.8733, 39.1921], [141.8714, 39.1912], [141.8709, 39.1912], [141.8708, 39.1914], [141.8704, 39.1913], [141.8703, 39.1916], [141.8694, 39.1912], [141.8682, 39.1911], [141.867, 39.1917], [141.864, 39.1915], [141.8621, 39.191], [141.8605, 39.1914], [141.8623, 39.1911], [141.8642, 39.1916], [141.8666, 39.1918], [141.8656, 39.1936], [141.8664, 39.1945], [141.8667, 39.1945], [141.8676, 39.1955], [141.8682, 39.1955], [141.8686, 39.1958], [141.8691, 39.1967], [141.87, 39.1968], [141.8705, 39.1967], [141.8715, 39.1971], [141.8718, 39.1969], [141.8726, 39.1975], [141.8726, 39.198], [141.8714, 39.198], [141.8706, 39.1985], [141.8712, 39.1991], [141.8707, 39.199], [141.8709, 39.1996], [141.8702, 39.1997], [141.8696, 39.2002], [141.8697, 39.201], [141.8695, 39.2009], [141.8694, 39.2004], [141.8691, 39.2001], [141.8677, 39.2], [141.8677, 39.1996], [141.8663, 39.1994], [141.8647, 39.2016], [141.8637, 39.2018], [141.8632, 39.2023], [141.8631, 39.2024], [141.8633, 39.2026], [141.8649, 39.2019], [141.8642, 39.2026], [141.8644, 39.2032], [141.8652, 39.2041], [141.8667, 39.2042], [141.8678, 39.205], [141.8666, 39.2043], [141.8653, 39.2041], [141.8654, 39.2045], [141.8657, 39.2045], [141.8664, 39.2057], [141.8687, 39.2071], [141.8699, 39.2068], [141.8704, 39.207], [141.8713, 39.2071], [141.8724, 39.2068], [141.8719, 39.2059], [141.8704, 39.2066], [141.8692, 39.2059], [141.8685, 39.2052], [141.8692, 39.2058], [141.8704, 39.2065], [141.872, 39.2058], [141.8726, 39.2066], [141.8729, 39.2068], [141.8734, 39.2066], [141.8734, 39.206], [141.8737, 39.2061], [141.8739, 39.2059], [141.8743, 39.206], [141.8749, 39.2058], [141.8758, 39.2049], [141.8768, 39.2049], [141.8774, 39.2047], [141.8776, 39.2046], [141.8776, 39.2042], [141.8788, 39.2042], [141.8792, 39.2041], [141.8793, 39.2035], [141.8797, 39.2037], [141.8799, 39.2033], [141.8812, 39.203], [141.8812, 39.2024], [141.8814, 39.2028], [141.8814, 39.2024], [141.882, 39.2026], [141.8827, 39.2026], [141.8831, 39.2022], [141.8835, 39.2022], [141.8839, 39.2018], [141.8852, 39.2022], [141.8858, 39.2021], [141.8863, 39.2015], [141.8864, 39.2007], [141.8869, 39.2002], [141.8869, 39.2], [141.8871, 39.2], [141.8868, 39.1997], [141.8868, 39.1993], [141.8871, 39.1995], [141.8883, 39.1984], [141.8887, 39.1983], [141.889, 39.1984], [141.8891, 39.1978], [141.8896, 39.1979], [141.8897, 39.1977], [141.8906, 39.1984], [141.8908, 39.198], [141.8911, 39.1983], [141.8913, 39.1983], [141.8922, 39.1993], [141.8934, 39.1999], [141.8935, 39.201], [141.8927, 39.2004], [141.8927, 39.2008], [141.8921, 39.2006], [141.8919, 39.2011], [141.8923, 39.2013], [141.8922, 39.2017], [141.8913, 39.2023], [141.8921, 39.2024], [141.8921, 39.2028], [141.8929, 39.2026], [141.8931, 39.2028], [141.8929, 39.2031], [141.8932, 39.2033], [141.8931, 39.2036], [141.8935, 39.2042], [141.8929, 39.2045], [141.8912, 39.2045], [141.891, 39.2047], [141.8913, 39.2052], [141.8908, 39.2054], [141.8912, 39.2062], [141.8906, 39.2063], [141.8906, 39.2067], [141.8898, 39.207], [141.8895, 39.2069], [141.8891, 39.2074], [141.8871, 39.2079], [141.8873, 39.2081], [141.8871, 39.2082], [141.8871, 39.2086], [141.8877, 39.2091], [141.8876, 39.2092], [141.8883, 39.2095], [141.8889, 39.209], [141.8888, 39.2084], [141.889, 39.209], [141.8894, 39.2092], [141.8895, 39.209], [141.8899, 39.2091], [141.8901, 39.209], [141.8908, 39.2095], [141.8919, 39.2094], [141.8922, 39.2087], [141.8926, 39.2085], [141.8927, 39.2087], [141.8932, 39.2087], [141.8934, 39.2091], [141.8941, 39.2086], [141.8937, 39.209], [141.8945, 39.2091], [141.8951, 39.2093], [141.8952, 39.2095], [141.8961, 39.2091], [141.8957, 39.2083], [141.8943, 39.2084], [141.8961, 39.2082], [141.8965, 39.2077], [141.8972, 39.2076], [141.8983, 39.2077], [141.8987, 39.2075], [141.8988, 39.207], [141.8983, 39.2065], [141.8986, 39.2059], [141.8989, 39.2061], [141.8991, 39.2059], [141.8996, 39.206], [141.9, 39.2066], [141.9004, 39.2065], [141.9009, 39.2066], [141.9014, 39.2064], [141.9013, 39.206], [141.9014, 39.2059], [141.9011, 39.2057], [141.9015, 39.2056], [141.9018, 39.205], [141.9021, 39.2051], [141.9023, 39.2049], [141.9026, 39.2051], [141.9028, 39.205], [141.9037, 39.2058], [141.9035, 39.2051], [141.9038, 39.2054], [141.9043, 39.2051], [141.9045, 39.2053], [141.9042, 39.2054], [141.9043, 39.2057], [141.9047, 39.2062], [141.9045, 39.2067], [141.9048, 39.207], [141.9062, 39.2074], [141.9075, 39.2074], [141.9088, 39.2079], [141.9091, 39.2078], [141.9091, 39.2088], [141.9092, 39.2092], [141.9096, 39.2094], [141.9101, 39.2092], [141.9105, 39.2099], [141.9127, 39.2104], [141.9127, 39.2109], [141.9131, 39.2113], [141.9137, 39.2122], [141.9159, 39.2137], [141.9192, 39.2148], [141.9208, 39.2156], [141.9213, 39.2154], [141.9229, 39.2154], [141.9231, 39.2151], [141.9233, 39.2153], [141.9239, 39.2153], [141.9242, 39.215], [141.9243, 39.2145], [141.9248, 39.2146], [141.9252, 39.2152], [141.9261, 39.2152], [141.9262, 39.2151], [141.9264, 39.2152], [141.9266, 39.215], [141.9269, 39.2153], [141.9269, 39.2155], [141.9274, 39.2155], [141.9271, 39.2159], [141.9275, 39.2164], [141.9277, 39.2164], [141.9278, 39.2167], [141.9275, 39.2167], [141.928, 39.2177], [141.9275, 39.2178], [141.928, 39.2183], [141.9274, 39.2185], [141.9263, 39.2183], [141.9266, 39.2187], [141.9263, 39.2189], [141.9258, 39.2186], [141.9256, 39.2189], [141.9251, 39.2189], [141.925, 39.2191], [141.9255, 39.2199], [141.9252, 39.2199], [141.925, 39.2198], [141.9247, 39.22], [141.9242, 39.2198], [141.9235, 39.2199], [141.9233, 39.2202], [141.9233, 39.2206], [141.9237, 39.2209], [141.9238, 39.2213], [141.9243, 39.2214], [141.9245, 39.2211], [141.9244, 39.2214], [141.9239, 39.2214], [141.9237, 39.2218], [141.9239, 39.2222], [141.9245, 39.2226], [141.9249, 39.2226], [141.9252, 39.2224], [141.9257, 39.2223], [141.9263, 39.2219], [141.9263, 39.2216], [141.9269, 39.2219], [141.927, 39.2212], [141.9275, 39.2213], [141.9279, 39.2217], [141.9285, 39.2218], [141.9286, 39.222], [141.9289, 39.2219], [141.929, 39.2221], [141.9295, 39.2222], [141.9298, 39.2219], [141.9298, 39.2216], [141.9302, 39.2217], [141.9302, 39.2214], [141.931, 39.2215], [141.9315, 39.222], [141.9319, 39.2226], [141.9331, 39.2231], [141.9331, 39.2227], [141.9337, 39.223], [141.9339, 39.2227], [141.9344, 39.2224], [141.9347, 39.2224], [141.9347, 39.2221], [141.9352, 39.2222], [141.935, 39.222], [141.9353, 39.2221], [141.9351, 39.2219], [141.9352, 39.2218], [141.9357, 39.2223], [141.9358, 39.2227], [141.9362, 39.2231], [141.9364, 39.223], [141.9368, 39.2237], [141.9379, 39.2236], [141.9387, 39.2232], [141.9389, 39.2226], [141.9396, 39.222], [141.9397, 39.2216], [141.9403, 39.2213], [141.9405, 39.2206], [141.9411, 39.2205], [141.941, 39.22], [141.9413, 39.2202], [141.9414, 39.2198], [141.9424, 39.2192], [141.9424, 39.2185], [141.9426, 39.2182], [141.9429, 39.2183], [141.943, 39.2176], [141.9436, 39.2179], [141.9442, 39.218], [141.9445, 39.2172], [141.9448, 39.2177], [141.9451, 39.2177], [141.9456, 39.2168], [141.9461, 39.2176], [141.947, 39.2179], [141.9473, 39.2177], [141.9474, 39.217], [141.9477, 39.2177], [141.9485, 39.218], [141.9484, 39.2187], [141.9487, 39.2192], [141.9489, 39.2194], [141.9496, 39.2195], [141.9502, 39.2203], [141.9508, 39.2205], [141.9513, 39.2211], [141.9536, 39.2219], [141.9545, 39.2224], [141.9556, 39.2223], [141.9554, 39.2218], [141.9556, 39.2218], [141.9561, 39.2225], [141.9558, 39.2224], [141.9556, 39.2227], [141.955, 39.2227], [141.9548, 39.223], [141.9546, 39.2228], [141.9542, 39.2231], [141.954, 39.224], [141.9549, 39.2243], [141.955, 39.2246], [141.9533, 39.2244], [141.9528, 39.2248], [141.9521, 39.225], [141.9517, 39.2248], [141.9512, 39.2249], [141.9508, 39.2252], [141.9507, 39.2258], [141.9505, 39.2258], [141.9503, 39.2261], [141.9513, 39.2269], [141.9506, 39.227], [141.9502, 39.2275], [141.9498, 39.2273], [141.9493, 39.2276], [141.9496, 39.2294], [141.95, 39.2294], [141.9501, 39.2297], [141.9497, 39.2296], [141.9495, 39.2298], [141.9495, 39.2302], [141.9492, 39.2308], [141.9494, 39.2317], [141.9493, 39.2318], [141.949, 39.2317], [141.9492, 39.2325], [141.9488, 39.2329], [141.9485, 39.2337], [141.949, 39.234], [141.9493, 39.234], [141.9492, 39.2342], [141.9497, 39.2345], [141.9499, 39.2353], [141.9492, 39.2351], [141.9495, 39.2357], [141.9489, 39.2356], [141.9487, 39.2358], [141.9485, 39.2362], [141.9487, 39.2367], [141.9481, 39.2373], [141.9479, 39.2373], [141.9479, 39.237], [141.9474, 39.2365], [141.9472, 39.2366], [141.947, 39.2369], [141.9468, 39.2368], [141.9462, 39.2375], [141.9461, 39.2371], [141.9458, 39.2371], [141.9453, 39.2371], [141.9446, 39.2378], [141.9444, 39.2378], [141.9443, 39.2375], [141.9441, 39.2375], [141.9438, 39.2372], [141.9435, 39.2372], [141.9431, 39.2376], [141.943, 39.2378], [141.9433, 39.2379], [141.9436, 39.2385], [141.9433, 39.2393], [141.9438, 39.2393], [141.9439, 39.2396], [141.9444, 39.2395], [141.9448, 39.2401], [141.9451, 39.24], [141.9453, 39.2401], [141.9448, 39.2407], [141.9443, 39.2408], [141.9441, 39.241], [141.9441, 39.2415], [141.9444, 39.242], [141.9449, 39.2424], [141.9456, 39.2423], [141.9456, 39.2427], [141.946, 39.2428], [141.9462, 39.2425], [141.9467, 39.2426], [141.9475, 39.2424], [141.9478, 39.2417], [141.9481, 39.2418], [141.9481, 39.2416], [141.9485, 39.2417], [141.9485, 39.2413], [141.9488, 39.2413], [141.9489, 39.2415], [141.9492, 39.2416], [141.9493, 39.2421], [141.9495, 39.242], [141.9497, 39.2422], [141.9502, 39.2432], [141.9508, 39.2434], [141.9507, 39.2437], [141.9503, 39.2437], [141.9506, 39.2441], [141.9517, 39.2444], [141.9516, 39.2442], [141.952, 39.2442], [141.9533, 39.2446], [141.9541, 39.2447], [141.955, 39.2439], [141.9552, 39.2442], [141.9555, 39.2441], [141.9561, 39.2445], [141.9566, 39.2444], [141.9569, 39.244], [141.9569, 39.2433], [141.9572, 39.244], [141.9576, 39.2438], [141.9579, 39.2443], [141.958, 39.244], [141.9585, 39.2446], [141.9585, 39.2451], [141.9581, 39.245], [141.9589, 39.2458], [141.9586, 39.246], [141.9583, 39.246], [141.9591, 39.2462], [141.9592, 39.2464], [141.959, 39.2465], [141.9603, 39.2473], [141.961, 39.2472], [141.961, 39.2468], [141.9617, 39.2461], [141.9624, 39.246], [141.9626, 39.2463], [141.9625, 39.2471], [141.9629, 39.2474], [141.9636, 39.2474], [141.9644, 39.2465], [141.9642, 39.246], [141.9643, 39.2457], [141.9659, 39.2463], [141.9653, 39.2456], [141.9655, 39.2454], [141.9658, 39.2458], [141.9661, 39.2454], [141.9666, 39.2456], [141.9667, 39.2465], [141.9665, 39.2467], [141.9668, 39.247], [141.9671, 39.2467], [141.9671, 39.2471], [141.9673, 39.2473], [141.9678, 39.2474], [141.9683, 39.2471], [141.9685, 39.2472], [141.9689, 39.2471], [141.9692, 39.2477], [141.9703, 39.2476], [141.9704, 39.2474], [141.971, 39.2475], [141.9705, 39.2492], [141.9701, 39.2494], [141.9705, 39.2496], [141.9702, 39.2501], [141.9704, 39.2503], [141.9709, 39.2504], [141.9707, 39.2509], [141.9703, 39.2509], [141.9705, 39.2506], [141.9704, 39.2505], [141.97, 39.2509], [141.9694, 39.2509], [141.9689, 39.2514], [141.9687, 39.2512], [141.9683, 39.2516], [141.9681, 39.2512], [141.9682, 39.2509], [141.9669, 39.2504], [141.9661, 39.2504], [141.9661, 39.2511], [141.9659, 39.2515], [141.9655, 39.2506], [141.9652, 39.2505], [141.9646, 39.251], [141.9642, 39.2504], [141.9637, 39.2505], [141.9636, 39.2508], [141.9613, 39.2503], [141.9607, 39.2503], [141.9606, 39.2507], [141.9608, 39.2507], [141.9609, 39.251], [141.9604, 39.2511], [141.9602, 39.2506], [141.9597, 39.2508], [141.959, 39.2505], [141.9581, 39.2501], [141.958, 39.2497], [141.9576, 39.2497], [141.9574, 39.2502], [141.9569, 39.2502], [141.9574, 39.2496], [141.9574, 39.2493], [141.9571, 39.2492], [141.9567, 39.2495], [141.9569, 39.2489], [141.9565, 39.2487], [141.9563, 39.2488], [141.9557, 39.2485], [141.9545, 39.2485], [141.9542, 39.2488], [141.9542, 39.2494], [141.9536, 39.2496], [141.9533, 39.2491], [141.9528, 39.2487], [141.9519, 39.2489], [141.9512, 39.2487], [141.9508, 39.249], [141.9506, 39.249], [141.9506, 39.2493], [141.9503, 39.2491], [141.9502, 39.2485], [141.9495, 39.2484], [141.9495, 39.2482], [141.9488, 39.248], [141.9478, 39.2479], [141.9471, 39.2475], [141.9463, 39.2473], [141.9458, 39.2469], [141.9447, 39.247], [141.9445, 39.2472], [141.9445, 39.2475], [141.944, 39.2478], [141.9436, 39.2472], [141.9432, 39.247], [141.9431, 39.2471], [141.9431, 39.2468], [141.9427, 39.2464], [141.9423, 39.2464], [141.9418, 39.2465], [141.9418, 39.2471], [141.9414, 39.2475], [141.9411, 39.2472], [141.9404, 39.2474], [141.9404, 39.2481], [141.9402, 39.248], [141.9393, 39.2484], [141.9388, 39.2482], [141.9386, 39.2484], [141.9384, 39.2484], [141.9382, 39.2482], [141.9386, 39.247], [141.9386, 39.2458], [141.939, 39.2455], [141.9387, 39.2452], [141.9389, 39.2451], [141.9385, 39.2451], [141.9391, 39.2448], [141.9384, 39.244], [141.938, 39.2438], [141.9372, 39.2441], [141.936, 39.2442], [141.9361, 39.2444], [141.9357, 39.2442], [141.9355, 39.2446], [141.9355, 39.2442], [141.9349, 39.244], [141.935, 39.2436], [141.9349, 39.2433], [141.9342, 39.2428], [141.9337, 39.2428], [141.9338, 39.2424], [141.9335, 39.2421], [141.933, 39.2419], [141.9324, 39.242], [141.9318, 39.2423], [141.9315, 39.2427], [141.9317, 39.2432], [141.9314, 39.2437], [141.9314, 39.2447], [141.9309, 39.245], [141.9308, 39.2454], [141.9304, 39.2455], [141.9302, 39.2454], [141.9303, 39.2456], [141.93, 39.2459], [141.9297, 39.2458], [141.9296, 39.2455], [141.9293, 39.2457], [141.9289, 39.246], [141.9291, 39.2462], [141.929, 39.2465], [141.9283, 39.2463], [141.9277, 39.2457], [141.9275, 39.2453], [141.9267, 39.2448], [141.927, 39.2443], [141.9268, 39.244], [141.9264, 39.2441], [141.9262, 39.244], [141.9264, 39.2437], [141.9262, 39.2436], [141.9262, 39.2433], [141.9258, 39.243], [141.9254, 39.243], [141.9253, 39.2429], [141.9253, 39.2423], [141.9255, 39.242], [141.9254, 39.2415], [141.9253, 39.2414], [141.9251, 39.2414], [141.9252, 39.2412], [141.9248, 39.2407], [141.9244, 39.2406], [141.9243, 39.24], [141.9221, 39.2394], [141.9205, 39.2397], [141.922, 39.2394], [141.9218, 39.2391], [141.9221, 39.2394], [141.924, 39.2399], [141.9241, 39.2397], [141.9237, 39.2396], [141.9243, 39.2388], [141.9232, 39.2381], [141.923, 39.2385], [141.9221, 39.2382], [141.9219, 39.2386], [141.9223, 39.2379], [141.9221, 39.2377], [141.9219, 39.238], [141.9212, 39.2378], [141.9213, 39.2376], [141.921, 39.2376], [141.92, 39.2376], [141.9202, 39.238], [141.9197, 39.2392], [141.9201, 39.2393], [141.9194, 39.2391], [141.9193, 39.2393], [141.9192, 39.239], [141.9186, 39.2389], [141.9183, 39.24], [141.918, 39.2406], [141.9175, 39.2407], [141.9172, 39.2406], [141.917, 39.2409], [141.917, 39.2407], [141.9168, 39.2407], [141.9165, 39.2402], [141.9153, 39.2395], [141.9144, 39.2398], [141.9135, 39.2405], [141.9133, 39.2408], [141.9133, 39.243], [141.9142, 39.244], [141.9141, 39.244], [141.9142, 39.2444], [141.9139, 39.2444], [141.9135, 39.2451], [141.9139, 39.2454], [141.9139, 39.2458], [141.915, 39.2464], [141.9153, 39.2469], [141.9152, 39.2472], [141.9146, 39.2466], [141.9149, 39.2475], [141.9145, 39.2469], [141.9143, 39.2475], [141.914, 39.2476], [141.9139, 39.2478], [141.9136, 39.2479], [141.9139, 39.2481], [141.9134, 39.2484], [141.9132, 39.2481], [141.9126, 39.2481], [141.912, 39.2475], [141.9112, 39.2474], [141.9109, 39.2477], [141.9103, 39.2475], [141.9102, 39.2476], [141.9102, 39.2474], [141.9099, 39.2475], [141.9098, 39.2473], [141.9096, 39.2475], [141.9094, 39.2473], [141.9092, 39.2474], [141.9091, 39.2471], [141.9083, 39.2468], [141.9074, 39.2469], [141.9066, 39.2473], [141.9068, 39.249], [141.9065, 39.2488], [141.9059, 39.249], [141.9066, 39.2491], [141.9066, 39.2494], [141.9061, 39.2497], [141.9059, 39.2495], [141.9059, 39.2499], [141.9056, 39.2499], [141.9057, 39.2501], [141.905, 39.2508], [141.9053, 39.2503], [141.905, 39.2503], [141.9048, 39.2502], [141.905, 39.2497], [141.9047, 39.2494], [141.9038, 39.2493], [141.9032, 39.2498], [141.9026, 39.2498], [141.9026, 39.2496], [141.9022, 39.2496], [141.9021, 39.2493], [141.9018, 39.2493], [141.9016, 39.2488], [141.9013, 39.2485], [141.9014, 39.2483], [141.901, 39.2481], [141.8994, 39.248], [141.8985, 39.2484], [141.8983, 39.2487], [141.8977, 39.2488], [141.8976, 39.2487], [141.8975, 39.2488], [141.8971, 39.2487], [141.8955, 39.2479], [141.8959, 39.2472], [141.8944, 39.2477], [141.8941, 39.2475], [141.8939, 39.2476], [141.894, 39.2475], [141.8937, 39.2472], [141.8931, 39.2475], [141.8935, 39.2472], [141.8925, 39.2464], [141.8913, 39.2468], [141.892, 39.2475], [141.8926, 39.2475], [141.8919, 39.2476], [141.8911, 39.2468], [141.8908, 39.2468], [141.8911, 39.2471], [141.8904, 39.2476], [141.8902, 39.2475], [141.8897, 39.2479], [141.8898, 39.2479], [141.8895, 39.2483], [141.8908, 39.2484], [141.8912, 39.2482], [141.8909, 39.2484], [141.8899, 39.2484], [141.8898, 39.2486], [141.889, 39.2484], [141.8893, 39.2486], [141.8932, 39.2487], [141.8959, 39.2499], [141.8962, 39.2492], [141.8964, 39.2492], [141.896, 39.2499], [141.9026, 39.2529], [141.9007, 39.2557], [141.9009, 39.2556], [141.901, 39.2558], [141.9015, 39.2556], [141.9016, 39.2558], [141.9022, 39.2557], [141.9023, 39.256], [141.9028, 39.2561], [141.9024, 39.2566], [141.903, 39.2564], [141.9138, 39.2664], [141.9137, 39.2668], [141.9138, 39.2666], [141.9139, 39.2668], [141.9136, 39.2673], [141.9135, 39.2681], [141.9135, 39.2682], [141.914, 39.2683], [141.9139, 39.2685], [141.9134, 39.2687], [141.9136, 39.2688], [141.9139, 39.2687], [141.9133, 39.2696], [141.9135, 39.2697], [141.9137, 39.2696], [141.9137, 39.2698], [141.9138, 39.2696], [141.9139, 39.2702], [141.9141, 39.27], [141.914, 39.2707], [141.9145, 39.2706], [141.9146, 39.2712], [141.9151, 39.2714], [141.9159, 39.2714], [141.9163, 39.2712], [141.9167, 39.2703], [141.9162, 39.2693], [141.9172, 39.2673], [141.9158, 39.2669], [141.9154, 39.2667], [141.9155, 39.2666], [141.9194, 39.2678], [141.9193, 39.2682], [141.9197, 39.2681], [141.9197, 39.2684], [141.9202, 39.2684], [141.9204, 39.2688], [141.9206, 39.2688], [141.921, 39.2686], [141.921, 39.2683], [141.9217, 39.2677], [141.9219, 39.2678], [141.9221, 39.2675], [141.9225, 39.2674], [141.9221, 39.2659], [141.9223, 39.2655], [141.9226, 39.2653], [141.923, 39.2655], [141.9229, 39.2661], [141.9226, 39.2663], [141.9228, 39.2666], [141.9243, 39.2663], [141.9259, 39.2668], [141.9266, 39.2665], [141.9267, 39.2668], [141.9276, 39.267], [141.9275, 39.2671], [141.9278, 39.2675], [141.9283, 39.2674], [141.9284, 39.2677], [141.9288, 39.2679], [141.9285, 39.2681], [141.9285, 39.2684], [141.9283, 39.2685], [141.9281, 39.2693], [141.9291, 39.2699], [141.9293, 39.2699], [141.9292, 39.2702], [141.9295, 39.2705], [141.9292, 39.2708], [141.9293, 39.271], [141.929, 39.2717], [141.9286, 39.2717], [141.9282, 39.272], [141.928, 39.2718], [141.9276, 39.2722], [141.9275, 39.2718], [141.9272, 39.2718], [141.9265, 39.2723], [141.9264, 39.2729], [141.9261, 39.2731], [141.9256, 39.274], [141.9257, 39.2743], [141.9261, 39.2744], [141.9253, 39.2753], [141.9256, 39.2754], [141.9258, 39.2752], [141.9256, 39.2763], [141.9259, 39.276], [141.926, 39.2762], [141.9255, 39.2772], [141.9249, 39.2774], [141.9247, 39.2773], [141.9248, 39.277], [141.9243, 39.2776], [141.9241, 39.2776], [141.924, 39.2779], [141.9234, 39.2777], [141.9236, 39.2784], [141.9228, 39.2785], [141.9223, 39.2783], [141.9223, 39.2785], [141.9217, 39.2785], [141.9214, 39.2789], [141.9215, 39.2793], [141.9208, 39.2794], [141.9203, 39.2799], [141.9192, 39.2802], [141.9203, 39.28], [141.9208, 39.2795], [141.9212, 39.2793], [141.9216, 39.2802], [141.9229, 39.2808], [141.9233, 39.2808], [141.9235, 39.281], [141.9236, 39.2806], [141.9239, 39.2805], [141.9241, 39.2809], [141.9243, 39.2809], [141.9246, 39.2807], [141.9247, 39.2808], [141.9247, 39.2805], [141.925, 39.2804], [141.9252, 39.2807], [141.9253, 39.2815], [141.9254, 39.2814], [141.9261, 39.2818], [141.9267, 39.2815], [141.9267, 39.2819], [141.9265, 39.2821], [141.9263, 39.282], [141.9262, 39.2822], [141.9263, 39.2825], [141.926, 39.2827], [141.9258, 39.2825], [141.9256, 39.2826], [141.9258, 39.2828], [141.9255, 39.2831], [141.9256, 39.2831], [141.926, 39.2839], [141.9265, 39.2838], [141.9266, 39.2843], [141.9264, 39.2846], [141.9261, 39.2842], [141.9256, 39.2844], [141.9256, 39.2848], [141.926, 39.2849], [141.9257, 39.2855], [141.9251, 39.286], [141.9249, 39.2857], [141.9243, 39.2857], [141.9237, 39.2863], [141.9237, 39.286], [141.9233, 39.2857], [141.9222, 39.286], [141.9216, 39.2863], [141.9209, 39.2862], [141.9207, 39.2867], [141.9209, 39.287], [141.9207, 39.2872], [141.9199, 39.2863], [141.9188, 39.286], [141.9185, 39.2866], [141.9182, 39.2868], [141.9182, 39.2863], [141.918, 39.2864], [141.918, 39.2862], [141.9176, 39.286], [141.9168, 39.2857], [141.9165, 39.2857], [141.9159, 39.2859], [141.9157, 39.2862], [141.9156, 39.2869], [141.916, 39.2878], [141.9158, 39.2883], [141.9149, 39.2893], [141.9147, 39.2893], [141.9143, 39.2889], [141.9139, 39.2898], [141.9134, 39.2897], [141.9132, 39.29], [141.9127, 39.2897], [141.9122, 39.2899], [141.9119, 39.2897], [141.9118, 39.2893], [141.9112, 39.2893], [141.9105, 39.2889], [141.9102, 39.2892], [141.9095, 39.2894], [141.9099, 39.2897], [141.9095, 39.29], [141.9095, 39.2903], [141.9092, 39.2902], [141.9092, 39.2908], [141.9086, 39.2905], [141.9083, 39.2902], [141.9078, 39.2905], [141.9079, 39.2908], [141.9071, 39.2908], [141.9065, 39.2905], [141.9063, 39.2909], [141.9059, 39.2909], [141.9058, 39.2913], [141.9054, 39.2914], [141.9052, 39.2913], [141.9053, 39.2911], [141.9048, 39.291], [141.9048, 39.2908], [141.9048, 39.291], [141.904, 39.2916], [141.9039, 39.2923], [141.9034, 39.2925], [141.9023, 39.2924], [141.902, 39.2921], [141.9011, 39.292], [141.902, 39.2922], [141.9023, 39.2924], [141.9024, 39.2924], [141.9034, 39.2925], [141.9041, 39.2923], [141.9042, 39.2927], [141.9049, 39.2928], [141.9049, 39.2931], [141.9053, 39.2931], [141.9053, 39.2933], [141.9058, 39.2933], [141.906, 39.2931], [141.9062, 39.2935], [141.9065, 39.2934], [141.9065, 39.294], [141.9069, 39.2939], [141.9071, 39.2937], [141.9073, 39.2938], [141.907, 39.2942], [141.9076, 39.2941], [141.9078, 39.2949], [141.9085, 39.295], [141.9091, 39.2948], [141.909, 39.2951], [141.9093, 39.2951], [141.9092, 39.2955], [141.909, 39.2957], [141.9088, 39.2956], [141.9083, 39.2959], [141.9083, 39.2963], [141.908, 39.2964], [141.9077, 39.2962], [141.9077, 39.2965], [141.9074, 39.2968], [141.9072, 39.2963], [141.9071, 39.297], [141.907, 39.2968], [141.9065, 39.2973], [141.9064, 39.2971], [141.9061, 39.2972], [141.9059, 39.2975], [141.9055, 39.2972], [141.9053, 39.2975], [141.9049, 39.2974], [141.9043, 39.2977], [141.9039, 39.2976], [141.9025, 39.2985], [141.9021, 39.2985], [141.902, 39.2988], [141.9018, 39.2989], [141.9005, 39.299], [141.9002, 39.2988], [141.8996, 39.2989], [141.8987, 39.2994], [141.8984, 39.2999], [141.8981, 39.2996], [141.8978, 39.2996], [141.8971, 39.2991], [141.8962, 39.2992], [141.8957, 39.2997], [141.8948, 39.2994], [141.8942, 39.2997], [141.8937, 39.3003], [141.8934, 39.3008], [141.8934, 39.3013], [141.893, 39.3016], [141.893, 39.3013], [141.8923, 39.3009], [141.8917, 39.3009], [141.8911, 39.3012], [141.8907, 39.3008], [141.8902, 39.3007], [141.8894, 39.3007], [141.8893, 39.3009], [141.889, 39.3007], [141.8882, 39.3008], [141.8877, 39.3012], [141.8878, 39.3013], [141.8876, 39.3012], [141.8874, 39.3014], [141.8875, 39.3015], [141.8873, 39.3016], [141.8869, 39.3022], [141.8873, 39.3026], [141.8872, 39.3032], [141.8873, 39.3034], [141.8878, 39.3035], [141.8882, 39.3038], [141.8884, 39.3037], [141.8884, 39.3042], [141.8893, 39.3048], [141.8903, 39.305], [141.8906, 39.3047], [141.8915, 39.3051], [141.8914, 39.3053], [141.892, 39.3061], [141.8915, 39.3055], [141.8902, 39.3058], [141.8906, 39.3077], [141.891, 39.3081], [141.8909, 39.3083], [141.8921, 39.3083], [141.8918, 39.308], [141.8919, 39.3073], [141.8923, 39.3067], [141.8922, 39.3065], [141.8924, 39.3066], [141.8944, 39.3059], [141.8944, 39.3058], [141.8947, 39.3063], [141.8951, 39.3063], [141.8962, 39.307], [141.897, 39.3068], [141.8971, 39.3065], [141.8967, 39.306], [141.8965, 39.3053], [141.8968, 39.3048], [141.896, 39.3036], [141.897, 39.3049], [141.8974, 39.3049], [141.8978, 39.3053], [141.8977, 39.3056], [141.8982, 39.3057], [141.8982, 39.3061], [141.8984, 39.3063], [141.8982, 39.3066], [141.8984, 39.3067], [141.8992, 39.3065], [141.8991, 39.3066], [141.9011, 39.3077], [141.9015, 39.3077], [141.9021, 39.3074], [141.9026, 39.3075], [141.9028, 39.3077], [141.9026, 39.3079], [141.9027, 39.3082], [141.9033, 39.3083], [141.9035, 39.3088], [141.9041, 39.309], [141.9046, 39.3089], [141.905, 39.3087], [141.9053, 39.3088], [141.9053, 39.3085], [141.9058, 39.3084], [141.9066, 39.3079], [141.9058, 39.3085], [141.9057, 39.3093], [141.9069, 39.3095], [141.907, 39.3093], [141.9082, 39.3087], [141.9076, 39.3073], [141.9063, 39.3074], [141.9076, 39.3072], [141.9077, 39.3062], [141.9084, 39.3055], [141.9088, 39.3053], [141.9089, 39.3055], [141.9094, 39.3056], [141.9094, 39.3053], [141.9096, 39.3053], [141.9102, 39.3047], [141.9104, 39.3057], [141.9109, 39.3057], [141.9111, 39.3054], [141.9114, 39.3057], [141.9119, 39.305], [141.9126, 39.3053], [141.9131, 39.3046], [141.9135, 39.305], [141.9141, 39.3048], [141.9136, 39.3054], [141.9137, 39.3057], [141.9139, 39.3055], [141.9147, 39.3059], [141.9148, 39.3057], [141.9154, 39.3062], [141.9158, 39.3057], [141.9159, 39.305], [141.9161, 39.3051], [141.9163, 39.3049], [141.9165, 39.3041], [141.9168, 39.3041], [141.9167, 39.3038], [141.9171, 39.3036], [141.917, 39.3033], [141.9172, 39.3033], [141.9175, 39.3037], [141.9174, 39.3031], [141.9176, 39.303], [141.9187, 39.3036], [141.9186, 39.3039], [141.9182, 39.304], [141.918, 39.3042], [141.9172, 39.3046], [141.9173, 39.3048], [141.9177, 39.3049], [141.9182, 39.3046], [141.9187, 39.3048], [141.9184, 39.3048], [141.9187, 39.305], [141.9183, 39.3055], [141.9177, 39.306], [141.9182, 39.3063], [141.9189, 39.306], [141.9191, 39.3062], [141.9196, 39.3059], [141.92, 39.306], [141.9199, 39.3064], [141.9194, 39.3067], [141.9198, 39.3067], [141.9195, 39.3072], [141.92, 39.308], [141.9202, 39.3079], [141.9204, 39.308], [141.9202, 39.3085], [141.9203, 39.3089], [141.9213, 39.3091], [141.9217, 39.31], [141.924, 39.3097], [141.9243, 39.3095], [141.9246, 39.3098], [141.9264, 39.31], [141.927, 39.3098], [141.9275, 39.3093], [141.9279, 39.3094], [141.9279, 39.3089], [141.9282, 39.3086], [141.929, 39.3096], [141.9295, 39.3095], [141.9298, 39.3098], [141.9304, 39.3101], [141.9313, 39.3102], [141.9315, 39.3099], [141.9321, 39.3102], [141.9326, 39.3102], [141.9342, 39.3098], [141.9349, 39.3094], [141.9353, 39.3087], [141.9364, 39.3081], [141.9367, 39.3083], [141.9367, 39.3086], [141.9372, 39.3085], [141.9375, 39.3089], [141.9387, 39.3087], [141.9395, 39.3092], [141.9407, 39.3095], [141.9405, 39.3096], [141.941, 39.3109], [141.9407, 39.3113], [141.941, 39.3125], [141.942, 39.3132], [141.9425, 39.3132], [141.9439, 39.3136], [141.9444, 39.3133], [141.9449, 39.3135], [141.9451, 39.3141], [141.9445, 39.3151], [141.9457, 39.3159], [141.947, 39.316], [141.9474, 39.3158], [141.9469, 39.3155], [141.9469, 39.3151], [141.9461, 39.3151], [141.9461, 39.3149], [141.9477, 39.315], [141.9486, 39.3146], [141.9489, 39.3148], [141.9495, 39.3148], [141.9505, 39.3142], [141.9523, 39.3134], [141.955, 39.3133], [141.956, 39.314], [141.9565, 39.3141], [141.9565, 39.3151], [141.9569, 39.3152], [141.9568, 39.3155], [141.9562, 39.316], [141.9563, 39.3164], [141.9569, 39.3168], [141.9574, 39.3165], [141.9574, 39.3168], [141.9579, 39.3169], [141.9591, 39.3164], [141.9594, 39.3161], [141.9604, 39.316], [141.9608, 39.3157], [141.9616, 39.316], [141.962, 39.316], [141.9622, 39.3158], [141.9621, 39.3156], [141.9626, 39.3151], [141.9637, 39.3151], [141.9645, 39.3142], [141.9672, 39.3138], [141.9681, 39.3134], [141.9684, 39.313], [141.9689, 39.3132], [141.97, 39.3129], [141.9703, 39.3131], [141.971, 39.313], [141.971, 39.3131], [141.9704, 39.3133], [141.9707, 39.3137], [141.9706, 39.3143], [141.9715, 39.3156], [141.9716, 39.3164], [141.9713, 39.3171], [141.9714, 39.3174], [141.972, 39.3178], [141.9727, 39.318], [141.973, 39.318], [141.9733, 39.3176], [141.9737, 39.3176], [141.9738, 39.3186], [141.9743, 39.3189], [141.975, 39.319], [141.9752, 39.3187], [141.9755, 39.3189], [141.9759, 39.3186], [141.9767, 39.3187], [141.9765, 39.3191], [141.9766, 39.3196], [141.9768, 39.3198], [141.9773, 39.3196], [141.9769, 39.3204], [141.9771, 39.3208], [141.9757, 39.3213], [141.9761, 39.3216], [141.9764, 39.3222], [141.9761, 39.3229], [141.9764, 39.3231], [141.976, 39.3232], [141.9757, 39.3239], [141.9753, 39.3235], [141.9746, 39.3236], [141.9744, 39.3238], [141.9745, 39.324], [141.9735, 39.3249], [141.9748, 39.3257], [141.9749, 39.326], [141.9746, 39.3262], [141.9754, 39.3267], [141.9751, 39.3267], [141.9748, 39.3273], [141.9757, 39.3279], [141.9758, 39.3291], [141.9767, 39.3288], [141.9773, 39.3292], [141.9779, 39.3292], [141.9783, 39.3306], [141.9782, 39.3311], [141.9785, 39.3313], [141.9793, 39.3314], [141.9803, 39.3324], [141.9804, 39.333], [141.9796, 39.3327], [141.9789, 39.3333], [141.9807, 39.3346], [141.9808, 39.3354], [141.9812, 39.3359], [141.9803, 39.3363], [141.9802, 39.3364], [141.981, 39.337], [141.9812, 39.3367], [141.9815, 39.3367], [141.9815, 39.3373], [141.9822, 39.3379], [141.9827, 39.3393], [141.9836, 39.3402], [141.9837, 39.3401], [141.9833, 39.3396], [141.9835, 39.3393], [141.9838, 39.3393], [141.9841, 39.3395], [141.9846, 39.3406], [141.9848, 39.3405], [141.9849, 39.3397], [141.9853, 39.3397], [141.9861, 39.3402], [141.9886, 39.3421], [141.9887, 39.3426], [141.9884, 39.3429], [141.988, 39.343], [141.9879, 39.3433], [141.9886, 39.3434], [141.9889, 39.343], [141.9893, 39.343], [141.9897, 39.3434], [141.9903, 39.3451], [141.9909, 39.345], [141.9909, 39.3457], [141.9913, 39.3458], [141.9915, 39.346], [141.9917, 39.3459], [141.9922, 39.3468], [141.9927, 39.3469], [141.993, 39.3471], [141.9927, 39.3465], [141.993, 39.3464], [141.9939, 39.347], [141.9957, 39.3488], [141.9956, 39.349], [141.9951, 39.3491], [141.9958, 39.349], [141.996, 39.3492], [141.9967, 39.3506], [141.9965, 39.3511], [141.9959, 39.3505], [141.9959, 39.3509], [141.9953, 39.3506], [141.9947, 39.3507], [141.9941, 39.3503], [141.9934, 39.3501], [141.9933, 39.3494], [141.993, 39.3493], [141.9925, 39.3495], [141.9919, 39.3495], [141.9916, 39.3492], [141.991, 39.3493], [141.9904, 39.349], [141.9899, 39.349], [141.9898, 39.3493], [141.989, 39.3487], [141.9891, 39.3492], [141.9888, 39.3492], [141.9879, 39.3488], [141.9869, 39.3475], [141.9863, 39.3479], [141.9863, 39.3477], [141.9861, 39.3475], [141.9858, 39.3476], [141.9855, 39.3474], [141.9854, 39.3477], [141.9845, 39.3469], [141.9845, 39.3472], [141.9843, 39.347], [141.9846, 39.3476], [141.9845, 39.348], [141.9835, 39.3468], [141.9828, 39.3469], [141.9826, 39.3463], [141.9824, 39.3466], [141.9813, 39.3458], [141.9815, 39.3458], [141.9815, 39.3455], [141.9819, 39.3453], [141.981, 39.345], [141.9811, 39.3446], [141.9802, 39.3444], [141.979, 39.3432], [141.9793, 39.3432], [141.9795, 39.343], [141.9793, 39.3425], [141.9791, 39.3421], [141.9779, 39.3414], [141.9783, 39.3413], [141.9775, 39.3402], [141.9778, 39.3402], [141.9778, 39.3399], [141.9779, 39.3399], [141.9777, 39.3394], [141.9773, 39.3392], [141.9772, 39.3388], [141.9765, 39.3384], [141.9764, 39.3381], [141.9763, 39.3383], [141.9761, 39.3381], [141.9759, 39.3375], [141.9753, 39.3373], [141.9746, 39.3377], [141.9742, 39.3376], [141.974, 39.3378], [141.9734, 39.3377], [141.9732, 39.3378], [141.9727, 39.3373], [141.9722, 39.3374], [141.9719, 39.3372], [141.9718, 39.3377], [141.9715, 39.3372], [141.9713, 39.3375], [141.971, 39.3373], [141.9713, 39.3377], [141.9708, 39.3373], [141.971, 39.3381], [141.9702, 39.3375], [141.9705, 39.3373], [141.9703, 39.337], [141.9705, 39.3363], [141.9696, 39.3358], [141.9694, 39.3364], [141.969, 39.336], [141.969, 39.3367], [141.9686, 39.3364], [141.9684, 39.3364], [141.9686, 39.3371], [141.9681, 39.337], [141.9683, 39.3373], [141.9678, 39.3369], [141.9677, 39.3371], [141.9675, 39.337], [141.9674, 39.3371], [141.9672, 39.3369], [141.9671, 39.3373], [141.967, 39.3371], [141.9668, 39.3373], [141.9661, 39.337], [141.9663, 39.3374], [141.9662, 39.3376], [141.9655, 39.3373], [141.9651, 39.3369], [141.9649, 39.3371], [141.9643, 39.337], [141.9642, 39.3372], [141.9637, 39.337], [141.964, 39.3374], [141.9638, 39.3377], [141.9633, 39.337], [141.9631, 39.3369], [141.9628, 39.3373], [141.9624, 39.3372], [141.9627, 39.3377], [141.962, 39.3371], [141.9608, 39.3366], [141.96, 39.3365], [141.9589, 39.3368], [141.9587, 39.3367], [141.9581, 39.3374], [141.958, 39.3379], [141.9591, 39.3391], [141.9591, 39.3392], [141.9589, 39.3392], [141.959, 39.3393], [141.9603, 39.3402], [141.9596, 39.3401], [141.9606, 39.3407], [141.9596, 39.3404], [141.9597, 39.3407], [141.9588, 39.3401], [141.9589, 39.3403], [141.9585, 39.3403], [141.9576, 39.3397], [141.9571, 39.3405], [141.9568, 39.3405], [141.9561, 39.3401], [141.9562, 39.3404], [141.9558, 39.3406], [141.9557, 39.3404], [141.9549, 39.3401], [141.9542, 39.3395], [141.9543, 39.3393], [141.9542, 39.3392], [141.9537, 39.3394], [141.9532, 39.3392], [141.953, 39.339], [141.9531, 39.3386], [141.9526, 39.3381], [141.9519, 39.3375], [141.9514, 39.3375], [141.9518, 39.3361], [141.9512, 39.3355], [141.9501, 39.3353], [141.9499, 39.3355], [141.9494, 39.3357], [141.9495, 39.3359], [141.949, 39.336], [141.9493, 39.3362], [141.9488, 39.3361], [141.9484, 39.3365], [141.9477, 39.3359], [141.9477, 39.3357], [141.947, 39.3346], [141.9452, 39.3339], [141.9447, 39.3329], [141.9451, 39.3314], [141.944, 39.3307], [141.9451, 39.3313], [141.9455, 39.3308], [141.9454, 39.3303], [141.945, 39.33], [141.9448, 39.33], [141.9449, 39.3299], [141.9441, 39.3294], [141.9438, 39.3297], [141.9441, 39.3293], [141.9438, 39.3292], [141.9423, 39.329], [141.9394, 39.329], [141.9391, 39.3291], [141.9391, 39.3293], [141.9386, 39.3292], [141.9384, 39.3297], [141.9375, 39.3295], [141.9371, 39.33], [141.9366, 39.3301], [141.936, 39.33], [141.9353, 39.3301], [141.9353, 39.3302], [141.9349, 39.3302], [141.9344, 39.3308], [141.9339, 39.3309], [141.9338, 39.3312], [141.934, 39.3317], [141.9337, 39.3318], [141.9337, 39.3319], [141.9333, 39.3323], [141.9325, 39.3324], [141.9314, 39.3322], [141.9303, 39.3319], [141.9296, 39.3324], [141.9289, 39.3323], [141.9289, 39.3326], [141.9287, 39.3323], [141.928, 39.3322], [141.927, 39.3325], [141.9261, 39.3331], [141.9256, 39.333], [141.9252, 39.3333], [141.9251, 39.3332], [141.9253, 39.3331], [141.9247, 39.3331], [141.9243, 39.3329], [141.923, 39.3329], [141.9231, 39.3326], [141.9226, 39.3322], [141.9217, 39.3318], [141.9211, 39.3311], [141.9208, 39.331], [141.9206, 39.3311], [141.9203, 39.3307], [141.9189, 39.3301], [141.9184, 39.3294], [141.9184, 39.3291], [141.9187, 39.3291], [141.9189, 39.3286], [141.9181, 39.3276], [141.9174, 39.3276], [141.9166, 39.3271], [141.9166, 39.3268], [141.915, 39.3265], [141.9164, 39.3267], [141.9167, 39.326], [141.9163, 39.3243], [141.9152, 39.3241], [141.9152, 39.3239], [141.9151, 39.3241], [141.9145, 39.3239], [141.9139, 39.3239], [141.9121, 39.3244], [141.9123, 39.3256], [141.912, 39.3257], [141.912, 39.326], [141.9141, 39.3264], [141.9121, 39.3261], [141.9114, 39.3263], [141.9116, 39.3265], [141.9112, 39.3266], [141.9112, 39.3269], [141.9116, 39.3272], [141.9111, 39.3277], [141.9113, 39.3279], [141.9111, 39.3279], [141.9113, 39.3281], [141.9112, 39.3285], [141.9114, 39.3287], [141.9112, 39.3289], [141.9115, 39.3287], [141.9112, 39.329], [141.9108, 39.3287], [141.9096, 39.3284], [141.9091, 39.3276], [141.9066, 39.3275], [141.9058, 39.3279], [141.9052, 39.3287], [141.9057, 39.3279], [141.9065, 39.3274], [141.9055, 39.3265], [141.905, 39.3268], [141.905, 39.3272], [141.905, 39.3267], [141.9055, 39.3265], [141.9051, 39.3262], [141.9043, 39.3265], [141.9039, 39.3265], [141.9046, 39.3273], [141.9042, 39.3269], [141.904, 39.327], [141.9036, 39.3268], [141.9023, 39.3277], [141.9009, 39.3292], [141.8996, 39.3313], [141.8987, 39.3347], [141.8985, 39.3363], [141.8986, 39.3375], [141.8981, 39.3383], [141.8975, 39.3381], [141.898, 39.3375], [141.8977, 39.3369], [141.8976, 39.3362], [141.8968, 39.3362], [141.8969, 39.3384], [141.897, 39.3382], [141.8972, 39.3385], [141.8969, 39.3388], [141.8973, 39.3388], [141.8977, 39.3384], [141.8995, 39.3385], [141.9001, 39.3388], [141.9003, 39.3396], [141.9012, 39.3398], [141.9015, 39.3397], [141.9022, 39.3403], [141.9027, 39.3403], [141.9029, 39.3402], [141.9033, 39.3406], [141.9042, 39.3409], [141.9043, 39.3407], [141.9042, 39.3409], [141.9044, 39.3409], [141.9064, 39.3407], [141.9072, 39.3412], [141.9076, 39.3412], [141.9073, 39.342], [141.9075, 39.3427], [141.9076, 39.3429], [141.9078, 39.3428], [141.9077, 39.343], [141.908, 39.3429], [141.9089, 39.3439], [141.9086, 39.344], [141.9097, 39.3443], [141.9108, 39.3442], [141.9107, 39.3431], [141.9109, 39.3432], [141.9108, 39.3443], [141.9121, 39.3442], [141.9127, 39.3447], [141.9129, 39.3446], [141.9152, 39.3456], [141.9153, 39.3468], [141.9155, 39.3469], [141.9153, 39.3472], [141.9153, 39.3475], [141.9148, 39.3475], [141.9143, 39.3479], [141.9145, 39.3487], [141.9143, 39.3481], [141.9135, 39.3482], [141.9131, 39.3484], [141.9126, 39.3499], [141.9131, 39.3503], [141.9128, 39.3509], [141.9126, 39.3511], [141.9128, 39.3505], [141.9125, 39.3504], [141.9107, 39.3522], [141.9113, 39.3525], [141.9124, 39.3514], [141.9112, 39.3527], [141.9102, 39.3525], [141.9096, 39.3532], [141.9088, 39.3537], [141.908, 39.3549], [141.9104, 39.3551], [141.9103, 39.3566], [141.9094, 39.3602], [141.9098, 39.3604], [141.9108, 39.359], [141.9114, 39.3564], [141.9122, 39.3547], [141.9169, 39.3517], [141.9191, 39.353], [141.9199, 39.3529], [141.9232, 39.3519], [141.92, 39.353], [141.9191, 39.3531], [141.9169, 39.3518], [141.9151, 39.3529], [141.9162, 39.3539], [141.9147, 39.3548], [141.916, 39.3561], [141.9181, 39.3547], [141.9193, 39.3554], [141.9258, 39.3532], [141.9254, 39.3523], [141.9259, 39.3532], [141.9292, 39.3521], [141.9282, 39.3524], [141.9284, 39.3532], [141.9302, 39.3531], [141.93, 39.3524], [141.9295, 39.352], [141.93, 39.3524], [141.9306, 39.3523], [141.9306, 39.3524], [141.9318, 39.3521], [141.9318, 39.3519], [141.9322, 39.3528], [141.9324, 39.3527], [141.932, 39.3519], [141.9322, 39.3519], [141.9333, 39.3514], [141.933, 39.3509], [141.9332, 39.3512], [141.9336, 39.3511], [141.9334, 39.3508], [141.933, 39.3508], [141.9331, 39.3505], [141.9331, 39.3507], [141.9334, 39.3508], [141.9336, 39.3505], [141.9335, 39.3504], [141.9333, 39.3505], [141.9335, 39.3503], [141.9316, 39.3479], [141.9314, 39.3481], [141.931, 39.3478], [141.9314, 39.3477], [141.9316, 39.3478], [141.9342, 39.351], [141.9352, 39.351], [141.9359, 39.3504], [141.9366, 39.3505], [141.9373, 39.3498], [141.938, 39.3495], [141.9389, 39.3483], [141.9393, 39.3483], [141.9405, 39.3492], [141.9406, 39.3491], [141.941, 39.3492], [141.9415, 39.3503], [141.942, 39.3508], [141.9427, 39.3509], [141.9435, 39.3506], [141.9442, 39.3508], [141.9458, 39.3504], [141.946, 39.3507], [141.9464, 39.3507], [141.9463, 39.3509], [141.9472, 39.3516], [141.9474, 39.3514], [141.9482, 39.3516], [141.9497, 39.3528], [141.9498, 39.3526], [141.9503, 39.3527], [141.9505, 39.3532], [141.951, 39.3528], [141.9519, 39.3531], [141.9524, 39.3538], [141.9525, 39.3536], [141.9531, 39.3539], [141.953, 39.3541], [141.9534, 39.3541], [141.9544, 39.3547], [141.9545, 39.3545], [141.9548, 39.3547], [141.9546, 39.3544], [141.9548, 39.3545], [141.9554, 39.3552], [141.9554, 39.3553], [141.9556, 39.3554], [141.9555, 39.3556], [141.9568, 39.3556], [141.9574, 39.356], [141.9578, 39.3582], [141.9579, 39.3584], [141.958, 39.3582], [141.9583, 39.3584], [141.9587, 39.3592], [141.958, 39.3595], [141.9581, 39.3599], [141.9578, 39.3597], [141.9574, 39.36], [141.9573, 39.3603], [141.9566, 39.3609], [141.9564, 39.3609], [141.9565, 39.361], [141.9563, 39.3611], [141.9561, 39.3608], [141.9557, 39.3608], [141.9561, 39.3612], [141.9559, 39.3612], [141.9558, 39.361], [141.9555, 39.3614], [141.9558, 39.3614], [141.9559, 39.3617], [141.9557, 39.3619], [141.9561, 39.362], [141.9556, 39.3624], [141.9565, 39.3622], [141.9566, 39.3624], [141.9567, 39.3622], [141.957, 39.3627], [141.957, 39.3625], [141.9575, 39.3627], [141.9576, 39.363], [141.9584, 39.3633], [141.9591, 39.3639], [141.959, 39.3645], [141.9598, 39.3645], [141.9605, 39.3652], [141.9602, 39.3652], [141.9608, 39.3659], [141.9609, 39.3657], [141.9618, 39.3659], [141.9625, 39.3668], [141.9627, 39.3666], [141.963, 39.3668], [141.9639, 39.3679], [141.9644, 39.3678], [141.9649, 39.3681], [141.965, 39.3685], [141.9644, 39.3685], [141.9635, 39.3691], [141.9639, 39.3693], [141.9651, 39.3693], [141.9657, 39.3699], [141.9657, 39.3703], [141.9653, 39.3707], [141.9654, 39.3708], [141.9646, 39.371], [141.9644, 39.3712], [141.9656, 39.3711], [141.9659, 39.3712], [141.9652, 39.3716], [141.9645, 39.3717], [141.9649, 39.3718], [141.9645, 39.3719], [141.9646, 39.372], [141.9665, 39.3718], [141.9669, 39.3724], [141.9669, 39.3728], [141.9673, 39.3728], [141.9678, 39.3732], [141.9676, 39.3735], [141.9678, 39.3739], [141.9676, 39.3746], [141.9674, 39.3745], [141.9674, 39.3749], [141.9668, 39.3753], [141.967, 39.3748], [141.9668, 39.3747], [141.9664, 39.3753], [141.966, 39.3754], [141.9661, 39.3756], [141.966, 39.3755], [141.966, 39.3758], [141.9657, 39.3761], [141.966, 39.3761], [141.9658, 39.3765], [141.9661, 39.377], [141.9657, 39.3773], [141.9663, 39.3772], [141.9665, 39.3779], [141.9662, 39.3778], [141.9652, 39.3779], [141.9653, 39.3782], [141.9649, 39.3782], [141.9648, 39.3786], [141.9643, 39.3788], [141.9641, 39.3784], [141.9635, 39.3782], [141.9628, 39.3783], [141.9627, 39.3781], [141.9629, 39.3779], [141.9624, 39.3778], [141.9622, 39.3773], [141.9619, 39.3772], [141.9615, 39.3771], [141.9612, 39.3773], [141.96, 39.3768], [141.9595, 39.3771], [141.9593, 39.3772], [141.9585, 39.3762], [141.9577, 39.3763], [141.9576, 39.3764], [141.9566, 39.376], [141.9565, 39.3762], [141.9567, 39.3766], [141.9565, 39.3763], [141.9564, 39.3767], [141.9561, 39.3765], [141.956, 39.3766], [141.9553, 39.3756], [141.9556, 39.3751], [141.9559, 39.375], [141.9558, 39.3747], [141.9553, 39.3743], [141.9548, 39.3742], [141.9547, 39.3743], [141.9542, 39.3734], [141.9538, 39.3731], [141.9531, 39.3729], [141.953, 39.3731], [141.953, 39.3728], [141.9518, 39.3733], [141.9502, 39.3738], [141.9516, 39.3733], [141.9516, 39.3732], [141.9526, 39.3728], [141.953, 39.3724], [141.9527, 39.3719], [141.9504, 39.3713], [141.9503, 39.3711], [141.9492, 39.3709], [141.9488, 39.371], [141.9502, 39.3726], [141.95, 39.3727], [141.9501, 39.3728], [141.95, 39.3727], [141.9486, 39.371], [141.9485, 39.371], [141.9483, 39.3708], [141.948, 39.3708], [141.9479, 39.3707], [141.9479, 39.3708], [141.9474, 39.3709], [141.9471, 39.3707], [141.9473, 39.3709], [141.9483, 39.3708], [141.9484, 39.371], [141.9464, 39.3716], [141.9464, 39.3715], [141.946, 39.3714], [141.9455, 39.3711], [141.9459, 39.3715], [141.9463, 39.3715], [141.9462, 39.3717], [141.9458, 39.3719], [141.9455, 39.3719], [141.9454, 39.3719], [141.9449, 39.3715], [141.9452, 39.3719], [141.9454, 39.372], [141.9455, 39.3719], [141.9456, 39.372], [141.944, 39.3732], [141.9435, 39.3738], [141.9433, 39.3742], [141.9446, 39.3748], [141.9443, 39.3747], [141.9439, 39.3753], [141.9447, 39.3757], [141.9452, 39.3751], [141.9448, 39.3749], [141.9453, 39.3751], [141.9451, 39.3754], [141.9458, 39.3757], [141.9469, 39.3748], [141.947, 39.3749], [141.9458, 39.3758], [141.9451, 39.377], [141.9436, 39.3764], [141.9436, 39.3766], [141.9434, 39.3764], [141.9435, 39.3767], [141.9431, 39.3768], [141.9427, 39.3771], [141.9413, 39.3789], [141.9412, 39.3791], [141.9415, 39.3795], [141.9414, 39.3796], [141.941, 39.3795], [141.9408, 39.3798], [141.9412, 39.3801], [141.9408, 39.3802], [141.9409, 39.3803], [141.9401, 39.3801], [141.9402, 39.3803], [141.94, 39.3802], [141.9399, 39.3804], [141.9398, 39.3803], [141.9396, 39.3804], [141.9387, 39.382], [141.9382, 39.3835], [141.9375, 39.3833], [141.9382, 39.3837], [141.9378, 39.3851], [141.9391, 39.3872], [141.9397, 39.3874], [141.9396, 39.3875], [141.9399, 39.3879], [141.9411, 39.3881], [141.9422, 39.3885], [141.9426, 39.3881], [141.9422, 39.3877], [141.9427, 39.3881], [141.9424, 39.3885], [141.9427, 39.3885], [141.9429, 39.3888], [141.9431, 39.3888], [141.9435, 39.3892], [141.9436, 39.3894], [141.9439, 39.3895], [141.9441, 39.39], [141.9439, 39.39], [141.9438, 39.3901], [141.943, 39.39], [141.9443, 39.3907], [141.9446, 39.3916], [141.9448, 39.3912], [141.9451, 39.3918], [141.9458, 39.3918], [141.9462, 39.3922], [141.9463, 39.3918], [141.9467, 39.3922], [141.947, 39.3922], [141.9469, 39.3924], [141.9468, 39.3923], [141.9467, 39.3925], [141.9465, 39.3925], [141.9471, 39.3931], [141.9463, 39.3931], [141.9459, 39.3929], [141.9458, 39.3931], [141.9461, 39.3937], [141.9462, 39.3937], [141.9462, 39.394], [141.9459, 39.3943], [141.9462, 39.394], [141.9463, 39.3937], [141.9467, 39.3937], [141.9471, 39.3939], [141.9473, 39.3943], [141.9478, 39.3941], [141.9486, 39.3946], [141.9484, 39.3946], [141.9486, 39.3948], [141.9487, 39.3947], [141.9489, 39.3948], [141.9493, 39.3948], [141.9489, 39.3951], [141.9492, 39.3954], [141.9496, 39.3955], [141.9496, 39.3952], [141.95, 39.3954], [141.95, 39.3956], [141.9498, 39.3955], [141.95, 39.396], [141.9506, 39.3959], [141.9507, 39.3956], [141.951, 39.3957], [141.9513, 39.3961], [141.9502, 39.3969], [141.9515, 39.3968], [141.952, 39.397], [141.9519, 39.3973], [141.9522, 39.3971], [141.9522, 39.3975], [141.9518, 39.3977], [141.9524, 39.3975], [141.9523, 39.3978], [141.9526, 39.3979], [141.9523, 39.3981], [141.9524, 39.3983], [141.953, 39.3986], [141.9526, 39.3989], [141.9532, 39.3989], [141.9533, 39.3993], [141.953, 39.3993], [141.9536, 39.4], [141.9541, 39.4004], [141.9545, 39.4003], [141.9545, 39.4005], [141.9547, 39.4003], [141.9548, 39.4006], [141.9549, 39.4003], [141.9554, 39.4003], [141.9557, 39.4006], [141.9561, 39.4004], [141.9564, 39.4005], [141.9563, 39.4012], [141.956, 39.4011], [141.9559, 39.4012], [141.9561, 39.4016], [141.9559, 39.4017], [141.9557, 39.4014], [141.9555, 39.4016], [141.956, 39.4018], [141.9559, 39.4021], [141.9565, 39.402], [141.9569, 39.4022], [141.9572, 39.4021], [141.9574, 39.4022], [141.9574, 39.4026], [141.9568, 39.4026], [141.9567, 39.403], [141.9563, 39.403], [141.9565, 39.4032], [141.9562, 39.4032], [141.9565, 39.4034], [141.9575, 39.4035], [141.9573, 39.4042], [141.9575, 39.4046], [141.9573, 39.4047], [141.9576, 39.4049], [141.9577, 39.4059], [141.9578, 39.4058], [141.9581, 39.4059], [141.9583, 39.4056], [141.9593, 39.4056], [141.9587, 39.406], [141.9598, 39.4061], [141.9606, 39.4065], [141.9609, 39.407], [141.9607, 39.4071], [141.961, 39.4078], [141.9612, 39.4079], [141.9612, 39.4078], [141.9621, 39.4089], [141.9625, 39.4093], [141.9629, 39.4094], [141.9631, 39.4096], [141.9632, 39.41], [141.9629, 39.4101], [141.963, 39.4104], [141.9628, 39.4106], [141.9632, 39.4112], [141.9627, 39.4114], [141.9635, 39.4114], [141.9635, 39.4116], [141.9632, 39.4115], [141.9632, 39.4121], [141.9635, 39.4122], [141.9637, 39.4122], [141.9639, 39.4128], [141.9646, 39.4128], [141.9649, 39.4131], [141.9651, 39.413], [141.9654, 39.4136], [141.9657, 39.4137], [141.9658, 39.4135], [141.9667, 39.4141], [141.9666, 39.4143], [141.9673, 39.4149], [141.9676, 39.4155], [141.968, 39.4156], [141.9687, 39.4168], [141.9689, 39.4167], [141.9691, 39.4163], [141.9693, 39.4171], [141.9699, 39.4173], [141.9705, 39.4187], [141.9728, 39.4196], [141.9728, 39.4201], [141.9725, 39.421], [141.9728, 39.4222], [141.9743, 39.4224], [141.9755, 39.4222], [141.9755, 39.4223], [141.9742, 39.4225], [141.9741, 39.4237], [141.9752, 39.4242], [141.9741, 39.4237], [141.9739, 39.4249], [141.9743, 39.4249], [141.9738, 39.4249], [141.9738, 39.4259], [141.9742, 39.4264], [141.974, 39.4265], [141.9744, 39.4269], [141.9748, 39.4266], [141.9756, 39.4271], [141.9757, 39.4267], [141.9757, 39.4271], [141.9775, 39.4271], [141.9783, 39.4274], [141.9802, 39.4271], [141.9823, 39.4261], [141.9824, 39.4253], [141.9796, 39.4245], [141.9794, 39.4232], [141.9796, 39.4238], [141.982, 39.4244], [141.9833, 39.4214], [141.9838, 39.421], [141.9851, 39.4178], [141.9853, 39.4178], [141.9854, 39.4174], [141.9853, 39.4169], [141.9849, 39.4165], [141.9839, 39.4162], [141.9833, 39.4161], [141.9829, 39.4168], [141.983, 39.4164], [141.9816, 39.415], [141.9818, 39.4146], [141.9815, 39.4138], [141.9817, 39.4129], [141.9812, 39.412], [141.9811, 39.4109], [141.9802, 39.4104], [141.9797, 39.4106], [141.98, 39.41], [141.981, 39.4096], [141.9819, 39.4089], [141.9823, 39.4089], [141.9824, 39.4086], [141.983, 39.4087], [141.983, 39.4083], [141.9833, 39.4085], [141.984, 39.4084], [141.9848, 39.4088], [141.9859, 39.4085], [141.9863, 39.4089], [141.988, 39.4088], [141.9895, 39.4093], [141.9897, 39.4093], [141.9896, 39.4091], [141.9903, 39.4091], [141.9907, 39.4088], [141.9911, 39.4089], [141.9912, 39.4088], [141.9916, 39.4091], [141.9931, 39.4092], [141.9933, 39.409], [141.9937, 39.409], [141.994, 39.4095], [141.995, 39.4095], [141.9953, 39.4098], [141.9959, 39.4098], [141.9963, 39.4096], [141.9967, 39.4098], [141.9971, 39.4105], [141.997, 39.4108], [141.9966, 39.4108], [141.9968, 39.4115], [141.9981, 39.4122], [141.9986, 39.412], [141.9988, 39.4117], [141.9995, 39.4114], [141.9997, 39.4113], [141.9999, 39.4115], [142.0003, 39.4111], [142.0003, 39.4114], [142.0006, 39.4114], [142.0011, 39.4112], [142.0012, 39.4109], [142.0022, 39.4114], [142.0024, 39.4111], [142.0028, 39.4112], [142.0031, 39.411], [142.0034, 39.4111], [142.0036, 39.4106], [142.0048, 39.4107], [142.0052, 39.4105], [142.0058, 39.4108], [142.0053, 39.4114], [142.0054, 39.4117], [142.0053, 39.4123], [142.0061, 39.4137], [142.0059, 39.4143], [142.0065, 39.4149], [142.0077, 39.4155], [142.0086, 39.4156], [142.009, 39.4153], [142.0093, 39.4155], [142.0098, 39.4151], [142.0099, 39.4146], [142.0098, 39.4143], [142.01, 39.4142], [142.0103, 39.4144], [142.0102, 39.4152], [142.0106, 39.4154], [142.0106, 39.4157], [142.0111, 39.4156], [142.0113, 39.4159], [142.0111, 39.4162], [142.0113, 39.4165], [142.0108, 39.4172], [142.0093, 39.4179], [142.0094, 39.4182], [142.0099, 39.4181], [142.0099, 39.4183], [142.0094, 39.4185], [142.0093, 39.4188], [142.0084, 39.4187], [142.008, 39.419], [142.0074, 39.4201], [142.0075, 39.4204], [142.0068, 39.4214], [142.0073, 39.4223], [142.0078, 39.4225], [142.0078, 39.4228], [142.0081, 39.4233], [142.0078, 39.4243], [142.0083, 39.4251], [142.0094, 39.4258], [142.0111, 39.4264], [142.0118, 39.4266], [142.0119, 39.4253], [142.0129, 39.4248], [142.0119, 39.4253], [142.0118, 39.4266], [142.0127, 39.4267], [142.0135, 39.4265], [142.0136, 39.4263], [142.014, 39.4262], [142.0143, 39.426], [142.0142, 39.4257], [142.0145, 39.4259], [142.0148, 39.4256], [142.0144, 39.4253], [142.0144, 39.4252], [142.0148, 39.4254], [142.0149, 39.4251], [142.0152, 39.4256], [142.0154, 39.4255], [142.0156, 39.4247], [142.0166, 39.4249], [142.0168, 39.4246], [142.0175, 39.4246], [142.0177, 39.4244], [142.0181, 39.4244], [142.0183, 39.4241], [142.0181, 39.4239], [142.0183, 39.4236], [142.0181, 39.4233], [142.0187, 39.4229], [142.0185, 39.4224], [142.0191, 39.4224], [142.019, 39.4221], [142.0193, 39.4219], [142.0194, 39.4213], [142.0199, 39.421], [142.0199, 39.4206], [142.021, 39.4209], [142.0215, 39.4209], [142.0214, 39.4205], [142.0218, 39.4207], [142.022, 39.4205], [142.0223, 39.4206], [142.022, 39.4203], [142.0223, 39.4202], [142.0219, 39.4196], [142.0223, 39.4192], [142.0221, 39.4187], [142.0225, 39.4191], [142.0226, 39.4187], [142.0222, 39.4184], [142.0224, 39.4182], [142.0221, 39.4179], [142.0223, 39.4176], [142.0229, 39.4178], [142.0224, 39.4174], [142.0227, 39.4174], [142.0229, 39.4176], [142.0231, 39.4173], [142.0235, 39.4172], [142.0241, 39.4178], [142.0242, 39.4176], [142.0245, 39.4178], [142.0246, 39.4175], [142.0243, 39.417], [142.0245, 39.4168], [142.0246, 39.4172], [142.0251, 39.4173], [142.0249, 39.4172], [142.0249, 39.4169], [142.0255, 39.4163], [142.0252, 39.4163], [142.0252, 39.4162], [142.0262, 39.416], [142.027, 39.4163], [142.0282, 39.4156], [142.0284, 39.4157], [142.0283, 39.4158], [142.0292, 39.4158], [142.0297, 39.4161], [142.0295, 39.4158], [142.0297, 39.4157], [142.0308, 39.4164], [142.0306, 39.4159], [142.0307, 39.4158], [142.0316, 39.4165], [142.0313, 39.4159], [142.0315, 39.4158], [142.0319, 39.4161], [142.0319, 39.4165], [142.0317, 39.4167], [142.0311, 39.4169], [142.0317, 39.4172], [142.0321, 39.4171], [142.0322, 39.4175], [142.0326, 39.417], [142.0331, 39.4173], [142.0329, 39.4177], [142.0318, 39.4179], [142.0337, 39.418], [142.0355, 39.4184], [142.0361, 39.4186], [142.0364, 39.4194], [142.036, 39.4196], [142.0358, 39.4205], [142.0362, 39.4207], [142.0363, 39.4212], [142.0366, 39.4213], [142.0364, 39.4216], [142.0371, 39.4219], [142.0374, 39.4215], [142.038, 39.4214], [142.0387, 39.4223], [142.0383, 39.4229], [142.0374, 39.4232], [142.0384, 39.4244], [142.0377, 39.4247], [142.0377, 39.4248], [142.0384, 39.425], [142.0393, 39.4246], [142.0399, 39.4246], [142.0412, 39.4258], [142.0421, 39.4257], [142.0423, 39.4252], [142.0427, 39.4256], [142.0435, 39.4256], [142.0436, 39.425], [142.0443, 39.4253], [142.0446, 39.4263], [142.0443, 39.4267], [142.0439, 39.4268], [142.0439, 39.4275], [142.0429, 39.4274], [142.0425, 39.428], [142.0419, 39.4278], [142.0414, 39.4279], [142.0421, 39.4288], [142.0421, 39.4294], [142.0419, 39.4297], [142.042, 39.4299], [142.0413, 39.4301], [142.0412, 39.4303], [142.042, 39.4313], [142.0427, 39.4316], [142.0431, 39.433], [142.0426, 39.4331], [142.0415, 39.4329], [142.042, 39.4334], [142.0417, 39.4339], [142.0412, 39.4336], [142.041, 39.4339], [142.0407, 39.4338], [142.0406, 39.4336], [142.0397, 39.4338], [142.0398, 39.4343], [142.0396, 39.4346], [142.0401, 39.4348], [142.0405, 39.4354], [142.0404, 39.4357], [142.04, 39.4355], [142.0401, 39.4358], [142.0398, 39.4356], [142.04, 39.4361], [142.0375, 39.4356], [142.0387, 39.4364], [142.0386, 39.4365], [142.0384, 39.4364], [142.0385, 39.4369], [142.038, 39.4364], [142.0383, 39.4372], [142.0393, 39.4375], [142.04, 39.4381], [142.04, 39.4383], [142.039, 39.4386], [142.04, 39.4386], [142.0405, 39.4388], [142.0394, 39.4398], [142.0397, 39.4399], [142.0395, 39.4403], [142.0401, 39.4397], [142.0415, 39.4391], [142.0417, 39.4392], [142.0416, 39.4396], [142.0425, 39.4398], [142.0431, 39.4407], [142.0428, 39.4409], [142.0428, 39.4412], [142.0425, 39.4416], [142.042, 39.4417], [142.0411, 39.4421], [142.0412, 39.4423], [142.0421, 39.4422], [142.0425, 39.4423], [142.0424, 39.4428], [142.0408, 39.4425], [142.0403, 39.4426], [142.04, 39.4429], [142.039, 39.4426], [142.038, 39.4426], [142.039, 39.4431], [142.0389, 39.4433], [142.0394, 39.4434], [142.0389, 39.4437], [142.0394, 39.4438], [142.0393, 39.4441], [142.0398, 39.4439], [142.04, 39.4441], [142.0397, 39.4446], [142.0392, 39.4444], [142.0385, 39.445], [142.0379, 39.4452], [142.038, 39.4456], [142.0391, 39.4453], [142.0393, 39.4453], [142.0393, 39.4457], [142.0386, 39.446], [142.0384, 39.4463], [142.0385, 39.4467], [142.039, 39.4472], [142.0398, 39.4474], [142.0402, 39.4469], [142.0414, 39.4467], [142.0418, 39.4473], [142.0426, 39.4478], [142.0428, 39.4484], [142.0434, 39.4484], [142.0436, 39.4488], [142.0435, 39.4489], [142.0439, 39.4493], [142.0453, 39.4495], [142.0459, 39.4498], [142.0466, 39.4494], [142.0466, 39.4499], [142.0475, 39.4499], [142.0491, 39.4507], [142.0489, 39.4512], [142.0483, 39.4513], [142.0483, 39.452], [142.0478, 39.4523], [142.0481, 39.4532], [142.0488, 39.4539], [142.0486, 39.454], [142.048, 39.4541], [142.0483, 39.456], [142.0482, 39.4571], [142.0514, 39.4594], [142.0518, 39.46], [142.0534, 39.4608], [142.0536, 39.4611], [142.0541, 39.461], [142.0541, 39.4612], [142.0545, 39.4615], [142.0541, 39.4618], [142.0543, 39.4631], [142.0552, 39.4638], [142.0559, 39.4646], [142.0563, 39.4643], [142.0568, 39.4643], [142.0562, 39.4648], [142.0566, 39.4651], [142.0574, 39.4651], [142.0573, 39.4647], [142.0576, 39.4648], [142.0584, 39.4645], [142.0588, 39.4646], [142.0589, 39.4648], [142.0594, 39.4648], [142.0588, 39.465], [142.0588, 39.4648], [142.0585, 39.465], [142.0578, 39.4653], [142.0582, 39.4654], [142.0583, 39.4657], [142.0592, 39.4659], [142.0595, 39.4663], [142.0594, 39.4664], [142.0587, 39.4663], [142.0577, 39.4667], [142.0581, 39.4671], [142.0582, 39.4675], [142.0587, 39.4675], [142.059, 39.4677], [142.0585, 39.468], [142.0593, 39.4681], [142.0595, 39.4684], [142.0596, 39.4682], [142.0599, 39.4682], [142.0602, 39.4686], [142.0602, 39.4689], [142.0598, 39.469], [142.06, 39.4695], [142.0596, 39.4695], [142.0595, 39.4697], [142.0587, 39.4702], [142.0588, 39.4704], [142.0594, 39.4703], [142.0595, 39.4705], [142.06, 39.4705], [142.0614, 39.4714], [142.0613, 39.4717], [142.0609, 39.4719], [142.0597, 39.4715], [142.0598, 39.4718], [142.0595, 39.4719], [142.0581, 39.4715], [142.058, 39.4719], [142.0584, 39.472], [142.0583, 39.4723], [142.0592, 39.4723], [142.0595, 39.4729], [142.0589, 39.4728], [142.0583, 39.4731], [142.0573, 39.4728], [142.0567, 39.4735], [142.0568, 39.4739], [142.0562, 39.474], [142.055, 39.4746], [142.0545, 39.4758], [142.0539, 39.4757], [142.0538, 39.4746], [142.0533, 39.4742], [142.0528, 39.4742], [142.0527, 39.4746], [142.0529, 39.4749], [142.0526, 39.4756], [142.0528, 39.4759], [142.0524, 39.4763], [142.0528, 39.4765], [142.0524, 39.477], [142.0527, 39.4772], [142.0523, 39.4773], [142.0518, 39.477], [142.0517, 39.4772], [142.0513, 39.4772], [142.0515, 39.4774], [142.0507, 39.4775], [142.0503, 39.4781], [142.0504, 39.4785], [142.0499, 39.4788], [142.0497, 39.4791], [142.0499, 39.4794], [142.0491, 39.48], [142.0494, 39.4808], [142.0506, 39.4811], [142.0505, 39.4814], [142.0514, 39.4812], [142.0514, 39.4815], [142.0508, 39.4819], [142.0515, 39.4825], [142.0513, 39.483], [142.0515, 39.4841], [142.051, 39.4846], [142.0506, 39.4846], [142.0503, 39.4848], [142.0498, 39.4845], [142.0493, 39.4839], [142.0492, 39.4834], [142.0486, 39.4829], [142.0485, 39.4825], [142.0481, 39.4823], [142.0465, 39.4825], [142.0454, 39.4831], [142.0449, 39.4828], [142.0445, 39.4829], [142.0442, 39.4827], [142.0438, 39.4829], [142.0434, 39.4828], [142.0427, 39.4832], [142.0419, 39.4833], [142.0415, 39.4829], [142.041, 39.4829], [142.0406, 39.483], [142.0401, 39.4818], [142.0392, 39.4814], [142.039, 39.4815], [142.039, 39.4819], [142.0387, 39.4821], [142.0378, 39.482], [142.0362, 39.4823], [142.0361, 39.4825], [142.0365, 39.4831], [142.0362, 39.4835], [142.0359, 39.4835], [142.0349, 39.4824], [142.0345, 39.4822], [142.0339, 39.4814], [142.0335, 39.4813], [142.0332, 39.481], [142.0332, 39.4807], [142.0325, 39.48], [142.0323, 39.479], [142.032, 39.479], [142.0316, 39.4783], [142.0297, 39.4771], [142.0291, 39.477], [142.0285, 39.4772], [142.028, 39.4771], [142.0278, 39.4768], [142.0284, 39.4767], [142.0284, 39.4765], [142.0286, 39.4763], [142.0283, 39.4759], [142.028, 39.476], [142.0274, 39.4757], [142.026, 39.4755], [142.0256, 39.4748], [142.026, 39.4734], [142.0259, 39.4731], [142.0256, 39.4731], [142.0251, 39.4733], [142.0242, 39.4726], [142.0224, 39.4723], [142.0216, 39.4718], [142.0209, 39.4711], [142.02, 39.4709], [142.0196, 39.4705], [142.0191, 39.4705], [142.0187, 39.4702], [142.0183, 39.4703], [142.018, 39.47], [142.0175, 39.4701], [142.0154, 39.4682], [142.0142, 39.4678], [142.0137, 39.4674], [142.0133, 39.4674], [142.0131, 39.4676], [142.0124, 39.4674], [142.0113, 39.466], [142.0088, 39.465], [142.0086, 39.4633], [142.005, 39.4598], [142.0049, 39.4593], [142.0041, 39.4585], [142.0036, 39.457], [142.0026, 39.4558], [142.0028, 39.4557], [142.0029, 39.4552], [142.0017, 39.455], [142.0018, 39.4547], [142.0018, 39.455], [142.0023, 39.455], [142.0027, 39.4542], [142.0031, 39.4542], [142.0031, 39.4537], [142.0029, 39.4527], [142.0017, 39.4525], [142.0017, 39.4522], [142.0018, 39.4525], [142.0024, 39.4526], [142.0025, 39.4522], [142.0029, 39.4522], [142.0031, 39.4516], [142.0029, 39.451], [142.0033, 39.451], [142.0031, 39.4501], [142.0034, 39.449], [142.0028, 39.4487], [142.0034, 39.449], [142.0041, 39.4481], [142.0048, 39.4461], [142.0046, 39.4461], [142.0048, 39.4453], [142.0045, 39.4452], [142.0042, 39.4459], [142.0043, 39.446], [142.0041, 39.4459], [142.0038, 39.4465], [142.003, 39.4463], [142.0038, 39.4464], [142.0041, 39.4459], [142.0025, 39.4455], [142.002, 39.4461], [142.0023, 39.4463], [142.0015, 39.4472], [142.0021, 39.4476], [142.0015, 39.4472], [142.0014, 39.4475], [142.0008, 39.4475], [142, 39.4483], [141.9988, 39.4489], [141.9983, 39.4497], [141.9963, 39.4509], [141.9957, 39.452], [141.9953, 39.4522], [141.9949, 39.4527], [141.9948, 39.4521], [141.9941, 39.4517], [141.9939, 39.4519], [141.9934, 39.4513], [141.9925, 39.4511], [141.992, 39.4503], [141.9906, 39.4501], [141.9903, 39.4504], [141.9892, 39.4506], [141.9888, 39.4498], [141.9892, 39.4495], [141.9892, 39.4492], [141.9889, 39.4487], [141.989, 39.4484], [141.9887, 39.4482], [141.9881, 39.4483], [141.9877, 39.4488], [141.987, 39.4488], [141.9866, 39.4486], [141.9865, 39.4479], [141.9862, 39.4478], [141.9867, 39.4476], [141.9865, 39.4469], [141.9852, 39.4456], [141.9845, 39.4454], [141.9832, 39.4436], [141.9828, 39.4427], [141.9824, 39.4425], [141.9826, 39.4422], [141.9824, 39.4419], [141.9812, 39.4414], [141.9797, 39.44], [141.9798, 39.4398], [141.98, 39.4398], [141.9801, 39.44], [141.9803, 39.4398], [141.9801, 39.4392], [141.9799, 39.4392], [141.9797, 39.4396], [141.9799, 39.4392], [141.98, 39.4392], [141.9801, 39.4387], [141.9797, 39.4387], [141.9794, 39.4391], [141.9779, 39.4391], [141.9742, 39.4396], [141.9733, 39.44], [141.973, 39.4404], [141.9724, 39.4414], [141.9728, 39.4432], [141.9722, 39.4438], [141.9718, 39.4448], [141.9725, 39.4455], [141.9723, 39.446], [141.972, 39.4461], [141.9719, 39.4469], [141.9715, 39.4477], [141.9717, 39.448], [141.9713, 39.4486], [141.9718, 39.4494], [141.9715, 39.4494], [141.971, 39.4489], [141.9703, 39.4495], [141.97, 39.4495], [141.9698, 39.4493], [141.9691, 39.4491], [141.9688, 39.4484], [141.968, 39.4483], [141.9678, 39.4477], [141.9656, 39.4479], [141.9644, 39.4481], [141.9646, 39.4483], [141.9644, 39.4482], [141.9641, 39.4483], [141.963, 39.449], [141.9624, 39.4497], [141.9632, 39.4501], [141.9625, 39.4519], [141.9637, 39.4522], [141.9633, 39.4535], [141.9637, 39.4522], [141.9625, 39.4519], [141.9621, 39.4532], [141.9623, 39.4534], [141.9618, 39.4531], [141.9615, 39.4542], [141.9621, 39.4543], [141.9627, 39.4536], [141.962, 39.4544], [141.9619, 39.455], [141.9613, 39.4549], [141.9613, 39.4552], [141.9603, 39.4548], [141.9571, 39.4568], [141.9579, 39.4578], [141.958, 39.4577], [141.9583, 39.4579], [141.9588, 39.4575], [141.9589, 39.4576], [141.9589, 39.4573], [141.959, 39.4576], [141.9595, 39.4576], [141.9597, 39.458], [141.9603, 39.4582], [141.9615, 39.4581], [141.9617, 39.4583], [141.9615, 39.4587], [141.9619, 39.4595], [141.9611, 39.4597], [141.9615, 39.4606], [141.9602, 39.4614], [141.9615, 39.4606], [141.9611, 39.4597], [141.9591, 39.4603], [141.9589, 39.4598], [141.9572, 39.4603], [141.9569, 39.461], [141.959, 39.4616], [141.9591, 39.4614], [141.9597, 39.4612], [141.9591, 39.4614], [141.9578, 39.4645], [141.9582, 39.4658], [141.9578, 39.4646], [141.9576, 39.4644], [141.9588, 39.4618], [141.9569, 39.4611], [141.9545, 39.4661], [141.9543, 39.4672], [141.955, 39.4679], [141.9542, 39.4672], [141.9543, 39.4661], [141.9542, 39.4661], [141.9542, 39.4667], [141.9535, 39.4666], [141.9535, 39.4669], [141.9537, 39.4669], [141.954, 39.4697], [141.9551, 39.4697], [141.955, 39.4683], [141.9552, 39.4683], [141.9554, 39.4709], [141.9551, 39.4709], [141.9551, 39.4699], [141.954, 39.4699], [141.9544, 39.4719], [141.9547, 39.4722], [141.9554, 39.4719], [141.9554, 39.4711], [141.9555, 39.4719], [141.9557, 39.4721], [141.9554, 39.472], [141.9544, 39.4722], [141.9549, 39.4732], [141.9547, 39.4733], [141.9547, 39.4735], [141.955, 39.4742], [141.9553, 39.4742], [141.9558, 39.4752], [141.9568, 39.4757], [141.9571, 39.4755], [141.957, 39.4756], [141.9571, 39.4756], [141.9572, 39.4758], [141.9578, 39.4761], [141.9605, 39.4759], [141.9628, 39.4768], [141.9633, 39.4769], [141.9636, 39.4766], [141.9635, 39.477], [141.9646, 39.4773], [141.9653, 39.477], [141.9652, 39.4768], [141.9653, 39.4765], [141.9652, 39.4768], [141.9654, 39.4769], [141.9655, 39.4765], [141.9663, 39.4766], [141.9665, 39.4765], [141.9666, 39.4765], [141.9663, 39.4766], [141.9678, 39.4773], [141.9675, 39.4774], [141.9678, 39.4776], [141.9675, 39.4774], [141.9673, 39.4776], [141.9675, 39.4778], [141.9673, 39.4777], [141.967, 39.478], [141.9676, 39.4788], [141.9678, 39.4787], [141.9685, 39.4795], [141.9681, 39.4799], [141.9684, 39.48], [141.9691, 39.4793], [141.9685, 39.48], [141.9693, 39.4804], [141.9699, 39.4798], [141.9696, 39.4802], [141.9714, 39.4812], [141.9717, 39.4808], [141.9711, 39.4815], [141.9713, 39.4816], [141.9719, 39.4809], [141.9715, 39.4814], [141.9728, 39.4822], [141.9735, 39.4824], [141.9736, 39.4822], [141.9736, 39.4825], [141.9753, 39.4827], [141.9753, 39.4824], [141.9737, 39.482], [141.9738, 39.4818], [141.9776, 39.4818], [141.9776, 39.4821], [141.9763, 39.4825], [141.9762, 39.4828], [141.9777, 39.4829], [141.9801, 39.4825], [141.9797, 39.4815], [141.9813, 39.4805], [141.9803, 39.48], [141.9792, 39.4807], [141.9787, 39.4805], [141.9792, 39.4806], [141.9803, 39.4799], [141.9813, 39.4805], [141.9833, 39.4806], [141.9838, 39.4808], [141.984, 39.4804], [141.9838, 39.4808], [141.9847, 39.4816], [141.9848, 39.4819], [141.9852, 39.4823], [141.9864, 39.4824], [141.9865, 39.4821], [141.9864, 39.4824], [141.9877, 39.4828], [141.9879, 39.4823], [141.9864, 39.4819], [141.988, 39.4822], [141.9877, 39.4829], [141.9882, 39.4827], [141.9885, 39.4832], [141.991, 39.4838], [141.9911, 39.4833], [141.9924, 39.4836], [141.9946, 39.4825], [141.9956, 39.4818], [141.998, 39.4811], [141.9984, 39.4807], [142.0007, 39.4793], [142.0018, 39.4792], [142.0022, 39.4789], [142.0035, 39.4793], [142.0044, 39.4792], [142.005, 39.4795], [142.0056, 39.4795], [142.0064, 39.4787], [142.0065, 39.4779], [142.0078, 39.4772], [142.0085, 39.4766], [142.0082, 39.4761], [142.0085, 39.4757], [142.0091, 39.4761], [142.0109, 39.4766], [142.011, 39.4769], [142.0105, 39.4771], [142.0111, 39.4776], [142.011, 39.4779], [142.0105, 39.4781], [142.0113, 39.4782], [142.0117, 39.479], [142.0117, 39.4794], [142.0123, 39.4799], [142.0122, 39.4801], [142.0113, 39.4802], [142.0116, 39.4805], [142.0113, 39.4807], [142.0113, 39.4812], [142.0115, 39.4816], [142.011, 39.4825], [142.0112, 39.483], [142.0109, 39.4833], [142.0112, 39.4837], [142.0106, 39.4844], [142.0109, 39.4851], [142.0107, 39.4853], [142.0105, 39.4867], [142.0098, 39.4873], [142.0093, 39.4882], [142.0094, 39.4893], [142.0098, 39.4895], [142.0096, 39.4898], [142.0098, 39.49], [142.011, 39.4897], [142.0112, 39.4901], [142.0111, 39.4903], [142.0108, 39.4903], [142.0107, 39.4907], [142.0105, 39.4905], [142.0102, 39.4908], [142.01, 39.4905], [142.0097, 39.4906], [142.0094, 39.4913], [142.009, 39.4918], [142.0094, 39.4921], [142.0094, 39.4924], [142.0091, 39.4927], [142.0095, 39.4935], [142.0091, 39.4949], [142.0093, 39.4955], [142.0097, 39.496], [142.0102, 39.4964], [142.0107, 39.4965], [142.0106, 39.4969], [142.0114, 39.4968], [142.0113, 39.4971], [142.0118, 39.4974], [142.0119, 39.4977], [142.0126, 39.4978], [142.0119, 39.4988], [142.0111, 39.4994], [142.0111, 39.4997], [142.0109, 39.4996], [142.0108, 39.4998], [142.0107, 39.4996], [142.0105, 39.4996], [142.0103, 39.5003], [142.0111, 39.5014], [142.0116, 39.5017], [142.0128, 39.5019], [142.0134, 39.5017], [142.0147, 39.5011], [142.0155, 39.5012], [142.0158, 39.5011], [142.017, 39.5017], [142.0176, 39.5009], [142.0183, 39.5009], [142.0187, 39.5007], [142.0185, 39.4999], [142.0193, 39.4995], [142.0201, 39.4995], [142.0197, 39.4998], [142.0202, 39.4999], [142.0201, 39.5001], [142.0213, 39.5], [142.0215, 39.5001], [142.0211, 39.5007], [142.0215, 39.5004], [142.0216, 39.5007], [142.022, 39.5005], [142.0222, 39.5008], [142.022, 39.5012], [142.0215, 39.5014], [142.0213, 39.5012], [142.0204, 39.5012], [142.0199, 39.5016], [142.0198, 39.5022], [142.0209, 39.5023], [142.0211, 39.5026], [142.0219, 39.5024], [142.0219, 39.5028], [142.0225, 39.5033], [142.0231, 39.5028], [142.0235, 39.5029], [142.0237, 39.5039], [142.0243, 39.5036], [142.0246, 39.5043], [142.0248, 39.5043], [142.0252, 39.5047], [142.025, 39.505], [142.0253, 39.5051], [142.0256, 39.5054], [142.0259, 39.5051], [142.0263, 39.5057], [142.0262, 39.5061], [142.0258, 39.5065], [142.025, 39.5066], [142.0249, 39.5071], [142.0251, 39.5076], [142.0255, 39.5079], [142.026, 39.5079], [142.0265, 39.5084], [142.0268, 39.5082], [142.0271, 39.5083], [142.0275, 39.5088], [142.0279, 39.5086], [142.0283, 39.5087], [142.0288, 39.5087], [142.0289, 39.51], [142.0285, 39.51], [142.0279, 39.5097], [142.0276, 39.5099], [142.0276, 39.5101], [142.0279, 39.5103], [142.0282, 39.511], [142.0291, 39.5119], [142.0289, 39.5126], [142.0295, 39.5128], [142.0294, 39.5134], [142.029, 39.5137], [142.0297, 39.5145], [142.0293, 39.516], [142.0295, 39.5168], [142.0299, 39.5168], [142.0298, 39.5172], [142.0301, 39.5176], [142.0303, 39.5175], [142.0305, 39.518], [142.0306, 39.5187], [142.0303, 39.5188], [142.0314, 39.5194], [142.0317, 39.5198], [142.0315, 39.52], [142.031, 39.5201], [142.0297, 39.5212], [142.0295, 39.5215], [142.0299, 39.5217], [142.0294, 39.5215], [142.0291, 39.5219], [142.0291, 39.5224], [142.0285, 39.5225], [142.0291, 39.5225], [142.0293, 39.5233], [142.03, 39.5237], [142.0301, 39.5243], [142.0299, 39.5247], [142.0314, 39.5252], [142.0319, 39.5249], [142.0318, 39.5253], [142.0321, 39.5255], [142.0323, 39.5254], [142.032, 39.526], [142.0325, 39.5267], [142.0324, 39.5269], [142.033, 39.5283], [142.0333, 39.5283], [142.033, 39.5284], [142.0333, 39.5285], [142.0333, 39.529], [142.0342, 39.5285], [142.0348, 39.5286], [142.0348, 39.5287], [142.0342, 39.5286], [142.0334, 39.5291], [142.0338, 39.5298], [142.0341, 39.53], [142.0345, 39.5298], [142.0345, 39.5291], [142.0346, 39.5298], [142.0341, 39.5301], [142.0356, 39.5308], [142.0362, 39.5309], [142.0368, 39.5313], [142.0376, 39.5315], [142.0384, 39.5315], [142.0395, 39.531], [142.0408, 39.5306], [142.0412, 39.5309], [142.0428, 39.5313], [142.0439, 39.5315], [142.0447, 39.5314], [142.0481, 39.5289], [142.0493, 39.5276], [142.0499, 39.5266], [142.0508, 39.5261], [142.0519, 39.5259], [142.0519, 39.5253], [142.0524, 39.5253], [142.0533, 39.5246], [142.0538, 39.5245], [142.0539, 39.5243], [142.0545, 39.5243], [142.0547, 39.5238], [142.0543, 39.5235], [142.0549, 39.5235], [142.0546, 39.5232], [142.0549, 39.5231], [142.0547, 39.5228], [142.055, 39.5223], [142.0559, 39.5219], [142.0566, 39.5222], [142.057, 39.5226], [142.0579, 39.5226], [142.0583, 39.5228], [142.0585, 39.5233], [142.0591, 39.5233], [142.0597, 39.5241], [142.0605, 39.5242], [142.0606, 39.5245], [142.0615, 39.5248], [142.0614, 39.5253], [142.0623, 39.5257], [142.0626, 39.526], [142.0616, 39.5262], [142.0616, 39.526], [142.061, 39.5259], [142.0605, 39.526], [142.0597, 39.5259], [142.0589, 39.5264], [142.0594, 39.5269], [142.0593, 39.5271], [142.0589, 39.527], [142.0589, 39.5271], [142.0592, 39.5273], [142.0586, 39.5272], [142.0584, 39.5273], [142.0581, 39.5272], [142.058, 39.5275], [142.0578, 39.5275], [142.0581, 39.5278], [142.0577, 39.5278], [142.0575, 39.528], [142.0571, 39.528], [142.057, 39.5285], [142.0558, 39.5281], [142.0557, 39.5282], [142.056, 39.5285], [142.0557, 39.5287], [142.0561, 39.5289], [142.0559, 39.529], [142.0549, 39.529], [142.0543, 39.5285], [142.0534, 39.5289], [142.0531, 39.5293], [142.0534, 39.5295], [142.0528, 39.5297], [142.0524, 39.5297], [142.0523, 39.53], [142.0526, 39.5301], [142.054, 39.5302], [142.0548, 39.5308], [142.053, 39.5312], [142.0527, 39.5317], [142.0524, 39.5318], [142.0525, 39.5322], [142.0519, 39.5323], [142.0521, 39.5328], [142.0525, 39.5331], [142.053, 39.5331], [142.0538, 39.5324], [142.0545, 39.5322], [142.0549, 39.5323], [142.055, 39.5325], [142.0554, 39.5325], [142.0556, 39.5329], [142.0565, 39.5323], [142.0577, 39.5326], [142.058, 39.5322], [142.0587, 39.5321], [142.059, 39.5324], [142.0589, 39.5338], [142.0596, 39.5335], [142.0598, 39.534], [142.0612, 39.5337], [142.0614, 39.534], [142.0619, 39.5335], [142.0633, 39.5336], [142.0631, 39.534], [142.0637, 39.5339], [142.0641, 39.5341], [142.0642, 39.5348], [142.0646, 39.5344], [142.0646, 39.5338], [142.0649, 39.5334], [142.0655, 39.5334], [142.0658, 39.534], [142.0658, 39.5346], [142.0655, 39.5347], [142.0654, 39.5354], [142.065, 39.5356], [142.0659, 39.5361], [142.0646, 39.5363], [142.0655, 39.5369], [142.0653, 39.5373], [142.0661, 39.5374], [142.066, 39.5376], [142.0669, 39.5377], [142.0672, 39.5379], [142.0669, 39.5381], [142.0656, 39.5383], [142.0666, 39.5388], [142.0668, 39.5391], [142.0665, 39.5398], [142.0656, 39.5406], [142.0676, 39.5405], [142.068, 39.5402], [142.0685, 39.5406], [142.0687, 39.541], [142.0692, 39.5407], [142.0697, 39.5408], [142.0698, 39.5412], [142.0695, 39.5416], [142.0699, 39.5417], [142.069, 39.5423], [142.07, 39.5424], [142.0705, 39.5419], [142.0709, 39.5422], [142.0705, 39.5425], [142.0693, 39.5426], [142.07, 39.5434], [142.0698, 39.5436], [142.0693, 39.5436], [142.0695, 39.544], [142.0704, 39.5439], [142.0716, 39.5448], [142.0721, 39.5455], [142.0717, 39.5456], [142.0717, 39.5458], [142.0725, 39.5468], [142.0722, 39.5471], [142.0724, 39.548], [142.0717, 39.5484], [142.0699, 39.5479], [142.0697, 39.5468], [142.0692, 39.5462], [142.0695, 39.547], [142.0694, 39.548], [142.0701, 39.5489], [142.0707, 39.549], [142.0706, 39.5493], [142.0698, 39.5497], [142.0702, 39.5498], [142.0698, 39.5502], [142.0701, 39.5503], [142.0694, 39.5506], [142.0699, 39.5514], [142.0696, 39.5515], [142.0693, 39.5513], [142.069, 39.5518], [142.0697, 39.5525], [142.0701, 39.5532], [142.0691, 39.5534], [142.0687, 39.553], [142.0678, 39.5534], [142.0683, 39.5544], [142.0695, 39.5539], [142.0699, 39.5539], [142.0701, 39.5542], [142.0696, 39.5547], [142.069, 39.5548], [142.0688, 39.5557], [142.0677, 39.5562], [142.0686, 39.5564], [142.0692, 39.5569], [142.0691, 39.5572], [142.0684, 39.5572], [142.0689, 39.5577], [142.0684, 39.5582], [142.0696, 39.5583], [142.0699, 39.559], [142.0697, 39.5593], [142.0688, 39.5595], [142.0692, 39.5596], [142.0693, 39.5598], [142.0692, 39.56], [142.0686, 39.5601], [142.069, 39.5604], [142.069, 39.5606], [142.068, 39.5607], [142.0686, 39.561], [142.0685, 39.5612], [142.0681, 39.5612], [142.0679, 39.5625], [142.0674, 39.5628], [142.0667, 39.5629], [142.0659, 39.5623], [142.0657, 39.5634], [142.0654, 39.5635], [142.0649, 39.5632], [142.0645, 39.5635], [142.0642, 39.5633], [142.0648, 39.5626], [142.0646, 39.5623], [142.064, 39.5626], [142.0638, 39.5626], [142.0639, 39.5622], [142.0634, 39.5625], [142.0626, 39.5626], [142.0606, 39.5621], [142.0584, 39.5605], [142.0576, 39.5607], [142.0573, 39.5611], [142.0571, 39.5618], [142.0572, 39.5622], [142.0581, 39.5629], [142.059, 39.5629], [142.0591, 39.5637], [142.0591, 39.5639], [142.0588, 39.5639], [142.0582, 39.5632], [142.0589, 39.5643], [142.0589, 39.5646], [142.0586, 39.5648], [142.0587, 39.5652], [142.0578, 39.5658], [142.057, 39.5653], [142.0573, 39.5659], [142.057, 39.5657], [142.0563, 39.5661], [142.0564, 39.5665], [142.0561, 39.5672], [142.0567, 39.5673], [142.0564, 39.5677], [142.0559, 39.5677], [142.056, 39.5679], [142.0557, 39.5681], [142.0559, 39.5686], [142.0564, 39.5684], [142.0571, 39.5684], [142.0581, 39.5695], [142.0579, 39.5697], [142.0575, 39.5696], [142.0573, 39.5699], [142.0577, 39.5704], [142.0585, 39.5705], [142.0585, 39.5708], [142.0582, 39.571], [142.0569, 39.5702], [142.0558, 39.5706], [142.0561, 39.5708], [142.0562, 39.5712], [142.0567, 39.5711], [142.0573, 39.5712], [142.0585, 39.5721], [142.0584, 39.5724], [142.0576, 39.5725], [142.0575, 39.5727], [142.0577, 39.5729], [142.0584, 39.5728], [142.0585, 39.5732], [142.0582, 39.5735], [142.0559, 39.5727], [142.0564, 39.5733], [142.0564, 39.5736], [142.0571, 39.5738], [142.0574, 39.5743], [142.0564, 39.5747], [142.0546, 39.5748], [142.0546, 39.5745], [142.0538, 39.5747], [142.0529, 39.5729], [142.0529, 39.5744], [142.0526, 39.5747], [142.052, 39.5741], [142.0518, 39.573], [142.0516, 39.5732], [142.0515, 39.5736], [142.0509, 39.5735], [142.0503, 39.5732], [142.0502, 39.5733], [142.0505, 39.5747], [142.0499, 39.575], [142.0496, 39.575], [142.0494, 39.5754], [142.049, 39.575], [142.0494, 39.5746], [142.0486, 39.5746], [142.0484, 39.5748], [142.0478, 39.5743], [142.0476, 39.5746], [142.0475, 39.5744], [142.0458, 39.5735], [142.0453, 39.5737], [142.045, 39.5736], [142.0446, 39.5733], [142.0445, 39.573], [142.0441, 39.573], [142.0436, 39.5736], [142.0429, 39.574], [142.0423, 39.574], [142.042, 39.5736], [142.041, 39.5739], [142.0402, 39.574], [142.0397, 39.5738], [142.0393, 39.5732], [142.0383, 39.5728], [142.0382, 39.5731], [142.0378, 39.5733], [142.0379, 39.573], [142.037, 39.5725], [142.0365, 39.5728], [142.0367, 39.5736], [142.0366, 39.5737], [142.0373, 39.5743], [142.0378, 39.574], [142.0382, 39.5741], [142.038, 39.5754], [142.0383, 39.576], [142.0375, 39.576], [142.0362, 39.5753], [142.0369, 39.5759], [142.0365, 39.5759], [142.0371, 39.5766], [142.0368, 39.5769], [142.0364, 39.5767], [142.0366, 39.5771], [142.0362, 39.5772], [142.0361, 39.5766], [142.0359, 39.5769], [142.0355, 39.5767], [142.0354, 39.5769], [142.0352, 39.5767], [142.0347, 39.5767], [142.0352, 39.5759], [142.0352, 39.5753], [142.0342, 39.5747], [142.034, 39.5748], [142.0341, 39.5743], [142.0335, 39.5741], [142.0329, 39.574], [142.0321, 39.5742], [142.0311, 39.575], [142.0291, 39.5752], [142.0289, 39.5755], [142.0294, 39.5759], [142.0293, 39.576], [142.0289, 39.5757], [142.0285, 39.5757], [142.0285, 39.5753], [142.0283, 39.5752], [142.0285, 39.575], [142.0282, 39.5748], [142.0278, 39.5748], [142.0274, 39.5751], [142.0285, 39.5759], [142.029, 39.5765], [142.0298, 39.5764], [142.0301, 39.5761], [142.0302, 39.5761], [142.0298, 39.577], [142.0289, 39.5769], [142.0286, 39.5766], [142.0282, 39.5769], [142.0281, 39.5775], [142.0273, 39.5776], [142.0271, 39.5777], [142.0266, 39.5783], [142.0264, 39.5791], [142.0267, 39.5798], [142.0271, 39.58], [142.0271, 39.5803], [142.0278, 39.5812], [142.0286, 39.5817], [142.0294, 39.5826], [142.0297, 39.5827], [142.0295, 39.5828], [142.0295, 39.5835], [142.029, 39.584], [142.029, 39.5845], [142.0294, 39.5853], [142.03, 39.5857], [142.0298, 39.5867], [142.0302, 39.5871], [142.0309, 39.5873], [142.0309, 39.5875], [142.0318, 39.5879], [142.0323, 39.5889], [142.0304, 39.5896], [142.0296, 39.5903], [142.0295, 39.5914], [142.0299, 39.5921], [142.0312, 39.5931], [142.0305, 39.5935], [142.03, 39.594], [142.0298, 39.595], [142.0303, 39.5958], [142.0309, 39.5964], [142.0335, 39.598], [142.0341, 39.5982], [142.034, 39.5985], [142.0337, 39.5984], [142.0331, 39.5984], [142.0315, 39.5979], [142.0302, 39.5982], [142.0289, 39.5987], [142.0278, 39.6], [142.0275, 39.5991], [142.027, 39.5987], [142.0274, 39.5991], [142.0277, 39.6], [142.0265, 39.6017], [142.0255, 39.6041], [142.0261, 39.6066], [142.0258, 39.6068], [142.0258, 39.607], [142.0262, 39.6078], [142.0269, 39.6082], [142.0276, 39.6084], [142.0278, 39.6088], [142.0282, 39.609], [142.0294, 39.6091], [142.0298, 39.6087], [142.0303, 39.6085], [142.0308, 39.6087], [142.0303, 39.6092], [142.0309, 39.6089], [142.0308, 39.6093], [142.0313, 39.6089], [142.0317, 39.6091], [142.0313, 39.6092], [142.0314, 39.6093], [142.0323, 39.6094], [142.0324, 39.6093], [142.0328, 39.6094], [142.0326, 39.6092], [142.033, 39.6091], [142.0341, 39.6094], [142.0344, 39.6097], [142.0333, 39.6098], [142.0331, 39.6099], [142.0333, 39.6101], [142.0325, 39.6101], [142.0324, 39.61], [142.0314, 39.6103], [142.0311, 39.6111], [142.0313, 39.6115], [142.0309, 39.6114], [142.031, 39.6117], [142.0307, 39.6118], [142.031, 39.6123], [142.0303, 39.6123], [142.0307, 39.6125], [142.0306, 39.6127], [142.031, 39.6132], [142.0305, 39.613], [142.031, 39.614], [142.0305, 39.6136], [142.0303, 39.6138], [142.0297, 39.6135], [142.0291, 39.6131], [142.0284, 39.613], [142.0283, 39.6135], [142.0279, 39.6129], [142.0275, 39.6127], [142.0277, 39.6131], [142.0275, 39.6133], [142.028, 39.6138], [142.0277, 39.6142], [142.0267, 39.6138], [142.0265, 39.6129], [142.026, 39.6128], [142.0258, 39.6131], [142.0257, 39.6128], [142.0252, 39.6128], [142.025, 39.6129], [142.025, 39.6131], [142.0244, 39.613], [142.0234, 39.6136], [142.0229, 39.6149], [142.0237, 39.6153], [142.0232, 39.6156], [142.0227, 39.6155], [142.0225, 39.6159], [142.0225, 39.6162], [142.0232, 39.6167], [142.0237, 39.6168], [142.0237, 39.6171], [142.0235, 39.617], [142.023, 39.6172], [142.0227, 39.6179], [142.0236, 39.618], [142.0238, 39.6184], [142.0241, 39.6184], [142.0237, 39.619], [142.0238, 39.6193], [142.0243, 39.6193], [142.0241, 39.6198], [142.0235, 39.6198], [142.0232, 39.6202], [142.0238, 39.6203], [142.0239, 39.6207], [142.0238, 39.6212], [142.0236, 39.6211], [142.0241, 39.6222], [142.0237, 39.6222], [142.0236, 39.6226], [142.0244, 39.6232], [142.0246, 39.6236], [142.0244, 39.624], [142.0237, 39.6236], [142.0233, 39.6237], [142.023, 39.6252], [142.0224, 39.6254], [142.0218, 39.6251], [142.0214, 39.6258], [142.0217, 39.6262], [142.0225, 39.6265], [142.0229, 39.6262], [142.0238, 39.6261], [142.024, 39.6264], [142.0245, 39.6265], [142.0247, 39.627], [142.0239, 39.6269], [142.0239, 39.627], [142.0245, 39.6271], [142.0247, 39.6276], [142.0252, 39.6278], [142.0249, 39.628], [142.0244, 39.6279], [142.0242, 39.6283], [142.0232, 39.6282], [142.0231, 39.6288], [142.0236, 39.6289], [142.0233, 39.6291], [142.0227, 39.629], [142.0224, 39.6296], [142.0227, 39.6298], [142.0236, 39.6297], [142.0237, 39.63], [142.0249, 39.6299], [142.0253, 39.6301], [142.0264, 39.6302], [142.0279, 39.631], [142.0282, 39.6313], [142.0282, 39.632], [142.0278, 39.6323], [142.0267, 39.6322], [142.0266, 39.6326], [142.026, 39.6326], [142.0254, 39.6333], [142.0253, 39.6336], [142.026, 39.6341], [142.0248, 39.634], [142.0257, 39.6343], [142.0258, 39.6347], [142.024, 39.6345], [142.024, 39.6349], [142.0242, 39.635], [142.0231, 39.6353], [142.023, 39.636], [142.0235, 39.6364], [142.0239, 39.6363], [142.0245, 39.6364], [142.0242, 39.6366], [142.0248, 39.6365], [142.0248, 39.637], [142.0258, 39.637], [142.0261, 39.6364], [142.0264, 39.6366], [142.0269, 39.6364], [142.027, 39.6369], [142.0273, 39.6366], [142.028, 39.6367], [142.0285, 39.6366], [142.0288, 39.6369], [142.0276, 39.6374], [142.0269, 39.6374], [142.0268, 39.6378], [142.0265, 39.6378], [142.0266, 39.638], [142.027, 39.6382], [142.0268, 39.6393], [142.0266, 39.6391], [142.0265, 39.6393], [142.0255, 39.6391], [142.0252, 39.6393], [142.0255, 39.6395], [142.025, 39.6397], [142.025, 39.6399], [142.0263, 39.64], [142.0264, 39.6403], [142.0262, 39.6404], [142.0262, 39.6408], [142.0252, 39.6408], [142.0247, 39.6406], [142.0245, 39.6409], [142.0248, 39.6411], [142.0246, 39.6413], [142.0247, 39.6414], [142.0256, 39.6415], [142.0261, 39.6418], [142.0261, 39.6421], [142.0265, 39.6419], [142.0268, 39.6427], [142.0274, 39.6425], [142.0278, 39.6428], [142.0277, 39.643], [142.0269, 39.6429], [142.0267, 39.6434], [142.0257, 39.6433], [142.0256, 39.6435], [142.0244, 39.6437], [142.0264, 39.644], [142.0267, 39.6445], [142.0264, 39.6445], [142.0267, 39.6448], [142.027, 39.6447], [142.0273, 39.6453], [142.0277, 39.6453], [142.028, 39.6455], [142.0277, 39.647], [142.0273, 39.647], [142.0271, 39.6474], [142.027, 39.6476], [142.0274, 39.6477], [142.0273, 39.6479], [142.027, 39.6479], [142.0267, 39.6476], [142.0262, 39.6477], [142.0259, 39.6481], [142.0255, 39.6477], [142.0254, 39.648], [142.0248, 39.6477], [142.0247, 39.6484], [142.0243, 39.6484], [142.0243, 39.6487], [142.0239, 39.6487], [142.0241, 39.649], [142.0247, 39.649], [142.0246, 39.6492], [142.0242, 39.6491], [142.0248, 39.6499], [142.0263, 39.6506], [142.0264, 39.6511], [142.0258, 39.6507], [142.0257, 39.6508], [142.0257, 39.6513], [142.0248, 39.651], [142.0246, 39.6512], [142.025, 39.6515], [142.0244, 39.6512], [142.0248, 39.6518], [142.0243, 39.6518], [142.0242, 39.6514], [142.0239, 39.6513], [142.0238, 39.6517], [142.0235, 39.6514], [142.0235, 39.6521], [142.0232, 39.6523], [142.0228, 39.6522], [142.0226, 39.6523], [142.0226, 39.6527], [142.0232, 39.653], [142.0236, 39.6529], [142.0241, 39.6533], [142.0241, 39.653], [142.0243, 39.6531], [142.0243, 39.6539], [142.0248, 39.6536], [142.0249, 39.6533], [142.0253, 39.6533], [142.0252, 39.6541], [142.0255, 39.6542], [142.0257, 39.6537], [142.0262, 39.6541], [142.0262, 39.6544], [142.0268, 39.6547], [142.0266, 39.6547], [142.0267, 39.6549], [142.0264, 39.6549], [142.0264, 39.6554], [142.0261, 39.6552], [142.0258, 39.6555], [142.0253, 39.6553], [142.0248, 39.6553], [142.0247, 39.6552], [142.0246, 39.6553], [142.0242, 39.6551], [142.024, 39.6552], [142.0242, 39.6554], [142.0239, 39.6554], [142.0245, 39.6558], [142.0243, 39.6561], [142.024, 39.6559], [142.0239, 39.656], [142.0236, 39.6559], [142.0235, 39.6561], [142.0229, 39.6557], [142.0228, 39.6558], [142.0229, 39.6559], [142.0226, 39.656], [142.0224, 39.6555], [142.0227, 39.6551], [142.0221, 39.6547], [142.0215, 39.655], [142.0216, 39.6557], [142.0212, 39.6559], [142.0206, 39.6556], [142.0206, 39.6558], [142.0201, 39.6557], [142.0199, 39.6556], [142.0189, 39.6554], [142.0189, 39.6551], [142.0184, 39.6549], [142.0179, 39.655], [142.0182, 39.6554], [142.0175, 39.6556], [142.0167, 39.6553], [142.0165, 39.6553], [142.0165, 39.6555], [142.016, 39.6554], [142.0161, 39.655], [142.0172, 39.6549], [142.0173, 39.6548], [142.0171, 39.6547], [142.0159, 39.6548], [142.0159, 39.6546], [142.0154, 39.6543], [142.016, 39.6544], [142.0161, 39.6542], [142.0156, 39.6537], [142.016, 39.6536], [142.0155, 39.653], [142.0154, 39.6525], [142.015, 39.6524], [142.0149, 39.6527], [142.0144, 39.6526], [142.0143, 39.6519], [142.0147, 39.6518], [142.0135, 39.6516], [142.013, 39.6511], [142.0128, 39.6514], [142.0126, 39.6504], [142.0129, 39.6504], [142.0129, 39.65], [142.0131, 39.6498], [142.0124, 39.6484], [142.0115, 39.6477], [142.0112, 39.6477], [142.0105, 39.6481], [142.0099, 39.6478], [142.0095, 39.6469], [142.0091, 39.6466], [142.0097, 39.6465], [142.0095, 39.646], [142.0084, 39.6452], [142.0078, 39.6452], [142.0071, 39.6451], [142.0062, 39.6435], [142.0063, 39.6433], [142.0058, 39.6432], [142.0062, 39.643], [142.0065, 39.6424], [142.007, 39.6422], [142.0068, 39.6414], [142.0063, 39.6412], [142.0054, 39.6412], [142.0044, 39.641], [142.004, 39.6406], [142.0042, 39.6403], [142.0048, 39.6403], [142.0049, 39.6401], [142.0045, 39.6396], [142.0047, 39.6391], [142.005, 39.639], [142.0049, 39.6386], [142.004, 39.6381], [142.0037, 39.6384], [142.0032, 39.6381], [142.0033, 39.6379], [142.0021, 39.6378], [142.0021, 39.6377], [142.0025, 39.6375], [142.0022, 39.6366], [142.0019, 39.6366], [142.0022, 39.6365], [142.0021, 39.636], [142.0007, 39.6358], [142.001, 39.6354], [142.0007, 39.6347], [141.9992, 39.634], [141.9985, 39.6331], [141.998, 39.6331], [141.9982, 39.6329], [141.998, 39.6328], [141.9979, 39.632], [141.9973, 39.6316], [141.9966, 39.6306], [141.9961, 39.6305], [141.9956, 39.6295], [141.9942, 39.6279], [141.9941, 39.6276], [141.993, 39.6269], [141.9928, 39.6262], [141.9923, 39.6257], [141.9923, 39.6252], [141.9918, 39.6251], [141.9916, 39.6247], [141.9916, 39.6242], [141.991, 39.6232], [141.9901, 39.6227], [141.9899, 39.622], [141.9895, 39.6215], [141.9891, 39.6215], [141.9892, 39.6212], [141.9884, 39.6203], [141.9874, 39.6181], [141.9866, 39.6174], [141.9861, 39.6172], [141.9858, 39.6168], [141.9849, 39.6165], [141.9845, 39.6166], [141.9848, 39.6163], [141.9843, 39.6156], [141.9845, 39.6153], [141.9836, 39.6147], [141.9825, 39.6144], [141.9809, 39.6145], [141.9804, 39.6143], [141.9803, 39.6139], [141.98, 39.6139], [141.9801, 39.6137], [141.9795, 39.6136], [141.9792, 39.6137], [141.9793, 39.6134], [141.9786, 39.6132], [141.9788, 39.613], [141.9786, 39.6129], [141.9777, 39.6126], [141.9771, 39.613], [141.9767, 39.6125], [141.9768, 39.612], [141.9778, 39.6117], [141.9779, 39.6111], [141.9777, 39.6105], [141.9773, 39.6107], [141.9777, 39.6105], [141.9762, 39.6092], [141.9753, 39.6081], [141.9756, 39.6077], [141.9747, 39.6077], [141.9741, 39.6071], [141.9737, 39.6069], [141.9728, 39.607], [141.972, 39.6063], [141.9717, 39.6056], [141.9718, 39.6053], [141.9715, 39.605], [141.9712, 39.6043], [141.9703, 39.6035], [141.9706, 39.6031], [141.9705, 39.6025], [141.9697, 39.6022], [141.9688, 39.6021], [141.9679, 39.6014], [141.9678, 39.6012], [141.9683, 39.6011], [141.9685, 39.6007], [141.9675, 39.5994], [141.9678, 39.5987], [141.9677, 39.5982], [141.9667, 39.5976], [141.9662, 39.5969], [141.965, 39.5959], [141.9645, 39.5958], [141.965, 39.5959], [141.9652, 39.5955], [141.9649, 39.595], [141.965, 39.5949], [141.9647, 39.5949], [141.9646, 39.5947], [141.9646, 39.5941], [141.9641, 39.5937], [141.9626, 39.5931], [141.9617, 39.593], [141.9626, 39.593], [141.9631, 39.5921], [141.962, 39.5914], [141.9611, 39.5912], [141.961, 39.5893], [141.9601, 39.5885], [141.9595, 39.5882], [141.9591, 39.5883], [141.9595, 39.5882], [141.9589, 39.5874], [141.9591, 39.5873], [141.959, 39.5866], [141.9583, 39.5861], [141.9564, 39.5857], [141.9531, 39.5859], [141.952, 39.5862], [141.9498, 39.5873], [141.9487, 39.5886], [141.948, 39.5887], [141.948, 39.5888], [141.947, 39.5889], [141.947, 39.5891], [141.9467, 39.5892], [141.947, 39.59], [141.9477, 39.5911], [141.9478, 39.5918], [141.9475, 39.5923], [141.9472, 39.5925], [141.9458, 39.594], [141.9453, 39.5948], [141.9452, 39.596], [141.9449, 39.5961], [141.9448, 39.5975], [141.9452, 39.5975], [141.945, 39.5977], [141.945, 39.5988], [141.9455, 39.5991], [141.9469, 39.5994], [141.9535, 39.5951], [141.981, 39.6255], [141.9916, 39.6446], [141.9822, 39.6487], [141.9822, 39.6488], [141.9818, 39.6491], [141.9813, 39.6492], [141.9808, 39.6488], [141.9802, 39.6489], [141.9798, 39.6495], [141.9802, 39.6497], [141.9799, 39.6498], [141.98, 39.6501], [141.9804, 39.6503], [141.9792, 39.6508], [141.979, 39.6519], [141.9792, 39.6524], [141.9786, 39.6528], [141.9787, 39.653], [141.9793, 39.653], [141.9791, 39.6528], [141.9803, 39.6524], [141.981, 39.6518], [141.9817, 39.6518], [141.9816, 39.6517], [141.9821, 39.6512], [141.9826, 39.6511], [141.9825, 39.6509], [141.9829, 39.6506], [141.9836, 39.6503], [141.9836, 39.6501], [141.9839, 39.6501], [141.9837, 39.6499], [141.984, 39.6499], [141.984, 39.6498], [141.985, 39.6497], [141.9848, 39.65], [141.985, 39.6501], [141.985, 39.6502], [141.9846, 39.6503], [141.9848, 39.6506], [141.9855, 39.6508], [141.9851, 39.651], [141.9848, 39.6509], [141.9846, 39.651], [141.9846, 39.6509], [141.9838, 39.6508], [141.9831, 39.6513], [141.9832, 39.6516], [141.9827, 39.6515], [141.9826, 39.6519], [141.983, 39.6524], [141.9823, 39.6523], [141.982, 39.653], [141.9818, 39.653], [141.9818, 39.6525], [141.9811, 39.6523], [141.9803, 39.6526], [141.9802, 39.6531], [141.9806, 39.6533], [141.9805, 39.6534], [141.9802, 39.6534], [141.98, 39.6529], [141.9801, 39.6528], [141.9797, 39.6527], [141.9795, 39.6529], [141.9796, 39.6532], [141.9795, 39.6534], [141.9789, 39.6531], [141.9776, 39.6532], [141.976, 39.6529], [141.976, 39.6525], [141.9755, 39.6523], [141.9747, 39.652], [141.9736, 39.652], [141.9726, 39.6528], [141.9736, 39.652], [141.9737, 39.6517], [141.9734, 39.6514], [141.9726, 39.6513], [141.9725, 39.6516], [141.9724, 39.6513], [141.9721, 39.6511], [141.9712, 39.6509], [141.9713, 39.6511], [141.9705, 39.6514]]], [[[141.9586, 39.2434], [141.9586, 39.2441], [141.9582, 39.244], [141.958, 39.2437], [141.9584, 39.2433], [141.9586, 39.2434]]], [[[141.9289, 39.2169], [141.9294, 39.2173], [141.9285, 39.217], [141.9289, 39.2169]]], [[[141.9529, 39.2434], [141.9534, 39.2436], [141.9533, 39.244], [141.953, 39.2439], [141.9527, 39.2434], [141.9529, 39.2434]]], [[[141.9681, 39.2447], [141.969, 39.2451], [141.9683, 39.2453], [141.9681, 39.2457], [141.9677, 39.2453], [141.9678, 39.2448], [141.9681, 39.2447]]], [[[141.9144, 39.2499], [141.9142, 39.2501], [141.9141, 39.2495], [141.9138, 39.2495], [141.9142, 39.2489], [141.9145, 39.2495], [141.9144, 39.2499]]], [[[141.9536, 39.243], [141.9537, 39.2435], [141.9535, 39.2437], [141.9534, 39.2433], [141.9536, 39.243]]], [[[141.9531, 39.2361], [141.953, 39.2363], [141.9526, 39.2362], [141.9531, 39.2361]]], [[[141.9582, 39.2243], [141.9579, 39.2245], [141.9577, 39.2241], [141.9583, 39.2239], [141.9586, 39.2243], [141.9582, 39.2243]]], [[[141.9581, 39.2227], [141.9584, 39.223], [141.9579, 39.2231], [141.9578, 39.2229], [141.9581, 39.2227]]], [[[141.9349, 39.2213], [141.9349, 39.2217], [141.9346, 39.2217], [141.9342, 39.2207], [141.9347, 39.2208], [141.9349, 39.2213]]], [[[141.9374, 39.2489], [141.9376, 39.2491], [141.9376, 39.2497], [141.9374, 39.2499], [141.9371, 39.2499], [141.9369, 39.2498], [141.9371, 39.2494], [141.9369, 39.2491], [141.9374, 39.2489]]], [[[141.949, 39.2374], [141.9489, 39.2381], [141.9487, 39.2377], [141.949, 39.2374]]], [[[141.9263, 39.1854], [141.9265, 39.1855], [141.9263, 39.1858], [141.9263, 39.1854]]], [[[141.8864, 39.1861], [141.8867, 39.1868], [141.8864, 39.1867], [141.8859, 39.1862], [141.8864, 39.1861]]], [[[141.9237, 39.1854], [141.9237, 39.1859], [141.9233, 39.1864], [141.9232, 39.1858], [141.9237, 39.1854]]], [[[141.9275, 39.2148], [141.9274, 39.215], [141.9268, 39.2148], [141.9275, 39.2148]]], [[[141.9264, 39.2144], [141.9266, 39.2149], [141.9262, 39.2147], [141.9264, 39.2144]]], [[[141.9281, 39.2141], [141.9281, 39.2143], [141.9277, 39.2144], [141.9278, 39.2137], [141.9284, 39.2139], [141.9284, 39.2141], [141.9281, 39.2141]]], [[[141.9251, 39.1865], [141.9244, 39.1865], [141.9241, 39.1857], [141.9242, 39.1853], [141.9247, 39.1858], [141.9254, 39.1858], [141.9251, 39.1865]]], [[[141.9897, 39.3087], [141.9895, 39.3088], [141.9893, 39.3087], [141.9893, 39.3079], [141.9902, 39.3087], [141.9897, 39.3087]]], [[[141.9916, 39.3449], [141.9911, 39.3448], [141.9906, 39.3443], [141.9916, 39.3449]]], [[[141.9921, 39.3435], [141.9928, 39.344], [141.9918, 39.3437], [141.9921, 39.3435]]], [[[141.9802, 39.3316], [141.9812, 39.3323], [141.9813, 39.3326], [141.9811, 39.3327], [141.9818, 39.333], [141.9817, 39.3334], [141.9813, 39.3334], [141.9808, 39.333], [141.9802, 39.332], [141.9801, 39.3317], [141.9802, 39.3316]]], [[[141.9791, 39.3306], [141.9795, 39.3311], [141.979, 39.3309], [141.9787, 39.3305], [141.9788, 39.3309], [141.9786, 39.3309], [141.9782, 39.3296], [141.9791, 39.3306]]], [[[141.9886, 39.305], [141.9894, 39.3053], [141.9896, 39.306], [141.9886, 39.3057], [141.9884, 39.3051], [141.9886, 39.305]]], [[[141.9919, 39.3447], [141.9923, 39.3451], [141.9923, 39.3454], [141.992, 39.3451], [141.9919, 39.3447]]], [[[141.9818, 39.3091], [141.9817, 39.3093], [141.9814, 39.3092], [141.981, 39.3086], [141.9805, 39.3084], [141.9799, 39.3077], [141.9793, 39.3076], [141.979, 39.3072], [141.9777, 39.3079], [141.977, 39.3075], [141.9767, 39.3069], [141.9759, 39.3074], [141.9756, 39.307], [141.9759, 39.3069], [141.9759, 39.3064], [141.9771, 39.3059], [141.9787, 39.3047], [141.9788, 39.3045], [141.9786, 39.3043], [141.9788, 39.3041], [141.9794, 39.3042], [141.9791, 39.3047], [141.9803, 39.3049], [141.9815, 39.3054], [141.9825, 39.3052], [141.9828, 39.3046], [141.9827, 39.3041], [141.9831, 39.3041], [141.9832, 39.3039], [141.9835, 39.3041], [141.9838, 39.3039], [141.9837, 39.303], [141.9839, 39.3027], [141.9846, 39.3031], [141.985, 39.3036], [141.9849, 39.3041], [141.9846, 39.3045], [141.9849, 39.305], [141.9864, 39.3053], [141.987, 39.3051], [141.9877, 39.3052], [141.9883, 39.3056], [141.9877, 39.306], [141.9866, 39.3064], [141.9862, 39.3068], [141.9861, 39.3072], [141.9856, 39.3071], [141.9852, 39.3072], [141.9847, 39.3069], [141.9845, 39.3075], [141.984, 39.3076], [141.9837, 39.3075], [141.9836, 39.3068], [141.9828, 39.3068], [141.9824, 39.3073], [141.9824, 39.308], [141.9821, 39.3078], [141.9811, 39.3078], [141.9815, 39.3081], [141.9816, 39.309], [141.9818, 39.3091]]], [[[142.0053, 39.4063], [142.006, 39.4066], [142.0059, 39.4072], [142.0049, 39.4066], [142.0049, 39.4064], [142.0053, 39.4063]]], [[[142.0043, 39.4096], [142.0044, 39.4099], [142.0048, 39.41], [142.0046, 39.4104], [142.0037, 39.4101], [142.0038, 39.4097], [142.0043, 39.4096]]], [[[142.0013, 39.4102], [142.0018, 39.4104], [142.0018, 39.4106], [142.0009, 39.4109], [142.001, 39.4103], [142.0013, 39.4102]]], [[[141.9791, 39.4102], [141.9787, 39.4104], [141.9784, 39.4102], [141.9782, 39.4102], [141.9775, 39.4096], [141.9775, 39.4092], [141.9788, 39.4086], [141.9794, 39.409], [141.9801, 39.4087], [141.9794, 39.4099], [141.9791, 39.4102]]], [[[142.0005, 39.407], [142, 39.4072], [141.9985, 39.4067], [141.9983, 39.4062], [141.9985, 39.4052], [141.9979, 39.4047], [141.9979, 39.4038], [141.9976, 39.4037], [141.9976, 39.4034], [141.9973, 39.4031], [141.9963, 39.4029], [141.9951, 39.4021], [141.9939, 39.4008], [141.9938, 39.4004], [141.9948, 39.3998], [141.9973, 39.3995], [141.9992, 39.4008], [141.9999, 39.4024], [141.9997, 39.4025], [141.9999, 39.4029], [141.9992, 39.4031], [141.9982, 39.4029], [141.9992, 39.4034], [141.9999, 39.4041], [141.9997, 39.4043], [142.0001, 39.4043], [142.0006, 39.4048], [142.0004, 39.4049], [142, 39.4048], [142.0001, 39.405], [142.0007, 39.4052], [142.0008, 39.4057], [142.0007, 39.4064], [142.0001, 39.407], [142.0005, 39.407]]], [[[141.9902, 39.4083], [141.9908, 39.4086], [141.9902, 39.4084], [141.9902, 39.4083]]], [[[142.044, 39.4481], [142.0442, 39.4484], [142.0439, 39.4487], [142.0434, 39.4482], [142.044, 39.4481]]], [[[142.0378, 39.4199], [142.0366, 39.4198], [142.0365, 39.4185], [142.0367, 39.4183], [142.0376, 39.4184], [142.0374, 39.4189], [142.0376, 39.4192], [142.0379, 39.4192], [142.0384, 39.4188], [142.039, 39.4192], [142.039, 39.4196], [142.0392, 39.4197], [142.039, 39.4199], [142.0386, 39.4199], [142.0384, 39.4196], [142.0378, 39.4199]]], [[[142.0601, 39.4646], [142.0609, 39.465], [142.0599, 39.465], [142.0597, 39.4648], [142.0601, 39.4646]]], [[[142.0529, 39.4808], [142.0523, 39.4813], [142.0518, 39.4814], [142.0521, 39.4809], [142.0525, 39.4808], [142.0525, 39.4806], [142.0529, 39.4808]]], [[[142.0341, 39.4178], [142.0333, 39.4179], [142.0332, 39.4177], [142.0335, 39.4174], [142.0341, 39.4176], [142.0341, 39.4178]]], [[[142.0121, 39.4145], [142.0112, 39.4152], [142.0109, 39.4144], [142.0117, 39.4134], [142.0119, 39.4135], [142.0121, 39.4138], [142.0122, 39.4145], [142.0121, 39.4145]]], [[[142.0069, 39.4112], [142.0066, 39.4113], [142.0063, 39.411], [142.0066, 39.4107], [142.0072, 39.4107], [142.0072, 39.4112], [142.0069, 39.4112]]], [[[142.0553, 39.461], [142.0557, 39.4613], [142.0557, 39.4618], [142.0549, 39.4613], [142.0553, 39.461]]], [[[142.0577, 39.461], [142.0578, 39.4614], [142.0573, 39.4612], [142.0577, 39.461]]], [[[142.0477, 39.4498], [142.0469, 39.4497], [142.0482, 39.4492], [142.0492, 39.4497], [142.0489, 39.4498], [142.0477, 39.4498]]], [[[142.0116, 39.4869], [142.012, 39.4872], [142.0117, 39.4875], [142.0111, 39.4874], [142.0116, 39.4869]]], [[[142.0133, 39.4865], [142.0138, 39.4866], [142.0137, 39.487], [142.013, 39.4869], [142.013, 39.4867], [142.0133, 39.4865]]]]}, "properties": {"name": "岩手県"}}]}